filename	read_id	run_id	channel	mux	start_time	duration	template_start	template_duration	sequence_length_template	mean_qscore_template	barcode	alignment_genome	alignment_genome_start	alignment_genome_end	alignment_strand_start	alignment_strand_end	alignment_direction	alignment_length	alignment_num_aligned	alignment_num_correct	alignment_num_insertions	alignment_num_deletions	alignment_num_substitutions	alignment_mapq	alignment_strand_coverage	alignment_identity	alignment_accuracy	alignment_bed_hits
PBG05018_fed47a06_f5857de2_15.pod5	5a34ec03-7fff-4c56-b542-dabfbe380f93	f5857de27f3551c19729b88685e2f7dc6b1955db	1955	3	9461.76	125.031	9461.92	124.87	42325	19.0623	unclassified	chr1	10000	28018	2733	20756	+	18125	17916	17810	107	102	106	14	0.425824	0.994084	0.982621	0
PBG05018_fed47a06_f5857de2_17.pod5	e46f3a76-e31a-4532-bc99-4110f0c1b4b9	f5857de27f3551c19729b88685e2f7dc6b1955db	1031	4	15497.5	113.893	15497.6	113.736	39482	27.4688	unclassified	chr1	10000	46689	2787	39476	+	36814	36564	36442	125	125	122	60	0.929259	0.996663	0.989895	0
PBG05018_fed47a06_f5857de2_23.pod5	156d1a1a-2609-45fa-ad77-39b7101b479f	f5857de27f3551c19729b88685e2f7dc6b1955db	2717	3	21590.9	8.3244	21590.9	8.3224	3909	24.097	unclassified	chr1	10000	13273	508	3901	+	3416	3250	3192	143	23	58	1	0.867997	0.982154	0.934426	0
PBG05018_fed47a06_f5857de2_24.pod5	4c81ff0b-210a-4a30-9842-2e479a990821	f5857de27f3551c19729b88685e2f7dc6b1955db	851	1	23531.3	62.9198	23531.3	62.9178	20893	15.7768	unclassified	chr1	10000	28500	2425	20881	+	18647	18309	18055	147	191	254	6	0.883358	0.986127	0.968252	0
PBG05018_fed47a06_f5857de2_48.pod5	e99a503c-a7fd-4f86-bdef-1814ebb87d49	f5857de27f3551c19729b88685e2f7dc6b1955db	2559	2	53144.4	22.664	53144.4	22.662	10339	26.1703	unclassified	chr1	10000	19557	607	10339	+	9765	9524	9447	208	33	77	60	0.94129	0.991915	0.967435	0
PBG05018_fed47a06_f5857de2_51.pod5	27f51679-87fd-419d-b4f4-ce471a82a8bb	f5857de27f3551c19729b88685e2f7dc6b1955db	1801	1	58869.4	57.4098	58869.4	57.4078	24821	11.324	unclassified	chr1	10000	30266	4418	24812	+	21058	19602	18771	792	664	831	43	0.821643	0.957606	0.891395	0
PBG05018_fed47a06_f5857de2_100.pod5	01ff4ae4-5c48-4945-8ddd-d7f763127ed8	f5857de27f3551c19729b88685e2f7dc6b1955db	2050	3	139233	127.957	139234	127.841	48075	29.5741	unclassified	chr1	10000	54275	3601	48068	+	44532	44210	43951	257	65	259	29	0.924951	0.994142	0.986953	0
PBG05018_fed47a06_f5857de2_73.pod5	0fc39adb-131b-4bbf-8ed7-cf82ecb6c2dd	f5857de27f3551c19729b88685e2f7dc6b1955db	1753	3	77865.3	196.261	77865.4	196.164	93067	19.8334	unclassified	chr1	10000	66829	3387	60398	+	57259	56581	56243	430	248	338	60	0.61258	0.994026	0.982256	0
PBG05018_fed47a06_f5857de2_75.pod5	4b8d4c86-7153-4a56-8300-5e9e580ee7eb	f5857de27f3551c19729b88685e2f7dc6b1955db	2764	3	93952.8	58.0556	93953	57.8988	21303	25.4746	unclassified	chr1	10000	27436	3696	21303	+	17667	17376	17276	231	60	100	51	0.826503	0.994245	0.977868	0
PBG05018_fed47a06_f5857de2_80.pod5	e01b6b36-9580-486b-b518-28022be7b9b7	f5857de27f3551c19729b88685e2f7dc6b1955db	804	1	100758	107.078	100758	106.978	45071	18.3947	unclassified	chr1	10000	32864	67	23010	+	23085	22722	22526	221	142	196	1	0.509041	0.991374	0.975785	0
PBG05018_fed47a06_f5857de2_84.pod5	b158e9f5-8e8f-4da1-9ce1-1372cff385fd	f5857de27f3551c19729b88685e2f7dc6b1955db	777	1	108270	94.5096	108270	94.5076	38261	24.342	unclassified	chr1	10000	44212	3777	38254	+	34550	34139	33955	338	73	184	60	0.9011	0.99461	0.982779	0
PBG05018_fed47a06_f5857de2_90.pod5	56edc1b8-819d-4146-9f65-00bdad0b2445	f5857de27f3551c19729b88685e2f7dc6b1955db	1763	4	117016	45.147	117016	45.145	15921	21.9439	unclassified	chr1	10000	24026	1827	15921	+	14183	13937	13804	157	89	133	60	0.885246	0.990457	0.973278	0
PBG05018_fed47a06_f5857de2_28.pod5	44534fea-840b-4578-9663-193a5198aa19	f5857de27f3551c19729b88685e2f7dc6b1955db	888	3	27645.6	53.5508	27645.8	53.43	20802	24.8272	unclassified	chr1	10000	28126	2563	20802	-	18282	18083	17938	156	43	145	60	0.876791	0.991981	0.981184	0
PBG05018_fed47a06_f5857de2_28.pod5	ed225ad7-aa06-40c5-b60d-aa71cbe85cd1	f5857de27f3551c19729b88685e2f7dc6b1955db	928	2	27943.1	86.9384	27943.1	86.9364	31850	16.3436	unclassified	chr1	10000	39287	2516	31825	-	29425	29171	29039	138	116	132	60	0.92022	0.995475	0.986882	0
PBG05018_fed47a06_f5857de2_34.pod5	0e6ef4c6-32ad-4b73-a14f-adf2b9e102bf	f5857de27f3551c19729b88685e2f7dc6b1955db	2181	2	33795.7	66.4918	33795.7	66.4898	24707	26.1416	unclassified	chr1	10000	31153	3397	24707	-	21354	21109	21016	201	44	93	53	0.862509	0.995594	0.984172	0
PBG05018_fed47a06_f5857de2_113.pod5	34f78dbc-db85-4f3d-af50-9e5bf6d81942	f5857de27f3551c19729b88685e2f7dc6b1955db	336	4	191795	30.427	191795	30.425	8879	11.6867	unclassified	chr1	10000	13933	4862	8846	-	4022	3895	3823	89	38	72	1	0.448699	0.981515	0.950522	0
PBG05018_fed47a06_f5857de2_130.pod5	5fc94b34-5fde-45b9-a817-f638a323fbe3	f5857de27f3551c19729b88685e2f7dc6b1955db	1003	3	254688	54.0104	254688	53.8968	19900	19.9853	unclassified	chr1	10000	28517	1244	19900	-	18725	18448	18314	208	69	134	60	0.937487	0.992736	0.978051	0
PBG05018_fed47a06_f5857de2_36.pod5	fb3e6e6f-5c25-449b-a74a-7b3eb503bf56	f5857de27f3551c19729b88685e2f7dc6b1955db	237	2	36862.7	88.2296	36862.8	88.0728	35127	23.9712	unclassified	chr1	10001	41978	3036	35121	+	32225	31837	31555	248	140	282	60	0.9134	0.991142	0.979209	0
PBG05018_fed47a06_f5857de2_10.pod5	9338d7c0-f286-4d2b-a301-8b4a0f04e1a4	f5857de27f3551c19729b88685e2f7dc6b1955db	2363	2	10173.2	16.9748	10173.3	16.8636	5025	14.1379	unclassified	chr1	10171	14151	482	5025	-	4580	3943	3893	600	37	50	1	0.90408	0.987319	0.85	0
PBG05018_fed47a06_f5857de2_24.pod5	f4a820ea-5231-4847-bac6-528625df3e49	f5857de27f3551c19729b88685e2f7dc6b1955db	851	1	23447.1	84.1352	23447.3	84.006	25944	16.3031	unclassified	chr1	10319	28500	7702	25944	-	18353	18070	17925	172	111	145	13	0.70313	0.991976	0.97668	0
PBG05018_fed47a06_f5857de2_17.pod5	b9191bfd-41a0-4a92-a8ff-77f0a766a712	f5857de27f3551c19729b88685e2f7dc6b1955db	1031	4	15611.5	82.6052	15611.6	82.5228	36332	24.3345	unclassified	chr1	10376	46689	0	36332	-	36451	36194	36037	138	119	157	60	1	0.995662	0.988642	0
PBG05018_fed47a06_f5857de2_84.pod5	750242e5-46a9-4635-9d9b-dd6c788f07fa	f5857de27f3551c19729b88685e2f7dc6b1955db	1836	4	108248	32.4404	108248	32.3388	14694	22.2825	unclassified	chr1	10382	24959	0	14694	-	14769	14502	14383	192	75	119	60	1	0.991794	0.973864	0
PBG05018_fed47a06_f5857de2_9.pod5	a9952f42-e65b-47e3-8ee6-8dd0bdb9bf7b	f5857de27f3551c19729b88685e2f7dc6b1955db	320	2	9421.76	51.2396	9421.88	51.1236	16008	27.8394	unclassified	chr1	10448	26293	6	16008	-	16023	15824	15747	178	21	77	60	0.999625	0.995134	0.982775	0
PBG05018_fed47a06_f5857de2_7.pod5	284bc420-e296-49b4-9a8f-cd6dddf61990	f5857de27f3551c19729b88685e2f7dc6b1955db	642	2	7298.2	1.0048	7298.21	1.0028	372	32.5423	unclassified	chr1	10536	10877	0	372	-	372	341	339	31	0	2	24	1	0.994135	0.91129	0
PBG05018_fed47a06_f5857de2_21.pod5	3e7f4f3c-f31e-47c5-b190-f7ef44381c89	f5857de27f3551c19729b88685e2f7dc6b1955db	2109	1	20155.3	21.296	20155.4	21.2016	7865	17.4169	unclassified	chr1	10627	17001	1503	7865	-	6395	6341	6237	21	33	104	1	0.8089	0.983599	0.975293	0
PBG05018_fed47a06_f5857de2_7.pod5	05c95fc5-1ca3-402b-92c5-37bd73588c3f	f5857de27f3551c19729b88685e2f7dc6b1955db	642	2	7297.8	0.4066	7297.8	0.4046	171	24.852	unclassified	chr1	10879	11048	2	171	-	169	169	167	0	0	2	0	0.988304	0.988166	0.988166	0
PBG05018_fed47a06_f5857de2_47.pod5	9cdc67c7-408a-4aa8-ae29-33dd85d2d1a9	f5857de27f3551c19729b88685e2f7dc6b1955db	1778	3	51767.9	0.5342	51767.9	0.5322	190	18.0119	unclassified	chr1	11030	11218	0	190	+	191	187	185	3	1	2	1	1	0.989305	0.968586	0
PBG05018_fed47a06_f5857de2_47.pod5	e46a51ac-1069-4269-827c-cd5024896119	f5857de27f3551c19729b88685e2f7dc6b1955db	1778	3	51768.5	0.417	51768.5	0.415	173	19.3331	unclassified	chr1	11220	11393	0	171	+	173	171	169	0	2	2	0	0.988439	0.988304	0.976879	0
PBG05018_fed47a06_f5857de2_44.pod5	6fcea23e-a41c-4aeb-9e07-a48cac39f01f	f5857de27f3551c19729b88685e2f7dc6b1955db	430	3	46512.1	1.0304	46512.2	0.9264	413	22.8041	unclassified	chr1	11238	11640	0	402	+	402	402	397	0	0	5	0	0.973366	0.987562	0.987562	0
PBG05018_fed47a06_f5857de2_13.pod5	1289457e-6acd-41df-8e5f-2eec76443987	f5857de27f3551c19729b88685e2f7dc6b1955db	1699	3	13184.7	25.6724	13184.9	25.5156	9891	28.7752	unclassified	chr1	11350	21234	0	9884	+	9894	9874	9828	10	10	46	23	0.999292	0.995341	0.993329	0
PBG05018_fed47a06_f5857de2_2.pod5	985c16eb-589c-4234-96b6-a9ae0f33bba9	f5857de27f3551c19729b88685e2f7dc6b1955db	1411	1	3075.78	0.3086	3075.78	0.3066	104	20.9952	unclassified	chr1	11616	11719	2	101	+	103	99	98	0	4	1	0	0.951923	0.989899	0.951456	0
PBG05018_fed47a06_f5857de2_40.pod5	823edb8c-3987-48d4-aec6-a3bed5b759d5	f5857de27f3551c19729b88685e2f7dc6b1955db	2015	1	42450.7	32.6804	42450.8	32.5836	12090	25.4635	unclassified	chr1	11973	21973	2096	12090	+	10010	9984	9940	10	16	44	29	0.826634	0.995593	0.993007	0
PBG05018_fed47a06_f5857de2_94.pod5	4a8752d7-7c8b-4a76-964a-e6a4ffa87d47	f5857de27f3551c19729b88685e2f7dc6b1955db	2286	3	127350	1.3916	127350	1.278	506	23.0456	unclassified	chr1	12139	12644	0	506	+	506	505	503	1	0	2	0	1	0.99604	0.994071	0
PBG05018_fed47a06_f5857de2_70.pod5	b02bbb6b-fa30-484b-a8be-cb3331cea4ea	f5857de27f3551c19729b88685e2f7dc6b1955db	606	1	88950.1	0.4832	88950.3	0.3096	135	23.9032	unclassified	chr1	12530	12665	0	135	+	135	135	135	0	0	0	0	1	1	1	0
PBG05018_fed47a06_f5857de2_88.pod5	1fcfa23c-2aa1-4832-ab68-62a533b89f4c	f5857de27f3551c19729b88685e2f7dc6b1955db	123	2	113446	20.8316	113446	20.7012	7473	28.1123	unclassified	chr1	13286	20746	0	7468	+	7475	7453	7414	15	7	39	2	0.999331	0.994767	0.991839	0
PBG05018_fed47a06_f5857de2_107.pod5	9995e8bc-9c13-4376-b249-df8410476851	f5857de27f3551c19729b88685e2f7dc6b1955db	2038	3	171476	37.9028	171476	37.9008	10427	23.8583	unclassified	chr1	13461	23875	32	10427	+	10440	10369	10318	26	45	51	60	0.996931	0.995081	0.988314	0
PBG05018_fed47a06_f5857de2_99.pod5	b66ed90b-d0b4-42fe-963d-542f9b1b482b	f5857de27f3551c19729b88685e2f7dc6b1955db	1802	4	141199	13.0614	141199	13.0594	5248	15.7725	unclassified	chr1	13510	18762	25	5242	+	5309	5160	5078	57	92	82	2	0.994093	0.984109	0.956489	0
PBG05018_fed47a06_f5857de2_30.pod5	94d30935-679d-418a-847b-ab3410ab7d05	f5857de27f3551c19729b88685e2f7dc6b1955db	1075	3	29030	1.6168	29030	1.6148	618	10.2483	unclassified	chr1	13616	14201	35	605	+	600	555	521	15	30	34	1	0.92233	0.938739	0.868333	0
PBG05018_fed47a06_f5857de2_3.pod5	baf4a543-5d43-4fd8-b4e9-542f649f29f8	f5857de27f3551c19729b88685e2f7dc6b1955db	444	3	3257.06	17.5256	3257.18	17.4036	6554	25.6186	unclassified	chr1	13859	20404	0	6547	+	6561	6531	6493	16	14	38	20	0.998932	0.994182	0.989636	0
PBG05018_fed47a06_f5857de2_11.pod5	2cb704b6-f33f-4a9a-a70a-a542c40522eb	f5857de27f3551c19729b88685e2f7dc6b1955db	2709	2	11028	41.8556	11028.1	41.7096	14716	25.2441	unclassified	chr1	14099	28804	0	14711	+	14734	14682	14625	29	23	57	60	0.99966	0.996118	0.992602	0
PBG05018_fed47a06_f5857de2_14.pod5	42a355a7-5c90-4642-8a57-87e8ddb87dfb	f5857de27f3551c19729b88685e2f7dc6b1955db	2444	4	14046.7	15.8072	14046.8	15.6312	6172	22.5131	unclassified	chr1	14227	20402	0	6172	-	6199	6148	6106	24	27	42	17	1	0.993169	0.984998	0
PBG05018_fed47a06_f5857de2_4.pod5	e5ea5224-655b-4bbd-8a52-2fb8c4b88fd2	f5857de27f3551c19729b88685e2f7dc6b1955db	2921	2	4412.97	1.0352	4413.27	0.7416	287	15.5302	unclassified	chr1	14576	14846	0	275	+	275	270	264	5	0	6	10	0.958188	0.977778	0.96	0
PBG05018_fed47a06_f5857de2_65.pod5	e164e679-7373-482f-8aa2-e567fb3dc16d	f5857de27f3551c19729b88685e2f7dc6b1955db	60	4	82021.7	1.6316	82021.8	1.5216	573	22.9566	unclassified	chr1	14637	15198	11	573	-	562	561	553	1	0	8	49	0.980803	0.98574	0.983986	0
PBG05018_fed47a06_f5857de2_65.pod5	5238f16c-1138-4c94-b7ee-49a37bf0e6e1	f5857de27f3551c19729b88685e2f7dc6b1955db	60	4	82023.5	2.0528	82023.6	1.9008	570	23.2699	unclassified	chr1	14638	15198	0	558	+	560	558	552	0	2	6	53	0.978947	0.989247	0.985714	0
PBG05018_fed47a06_f5857de2_95.pod5	d98d4eab-af65-41bc-b975-e2974016c764	f5857de27f3551c19729b88685e2f7dc6b1955db	396	4	131195	16.1388	131195	16.1368	5926	16.022	unclassified	chr1	14761	20710	0	5923	+	6002	5870	5763	53	79	107	49	0.999494	0.981772	0.96018	0
PBG05018_fed47a06_f5857de2_65.pod5	1d1cd632-19f5-4dd4-bb58-7459e45a018d	f5857de27f3551c19729b88685e2f7dc6b1955db	847	3	81441	7.0952	81441.2	6.9432	2521	27.9051	unclassified	chr1	15032	17556	0	2521	-	2526	2519	2501	2	5	18	19	1	0.992854	0.990103	0
PBG05018_fed47a06_f5857de2_14.pod5	70b5f477-d7fe-4910-bd55-355f9d680dfd	f5857de27f3551c19729b88685e2f7dc6b1955db	2400	3	13769.9	17.0108	13770	16.8672	6669	22.9002	unclassified	chr1	15094	21760	8	6669	-	6679	6648	6609	13	18	39	60	0.9988	0.994134	0.989519	0
PBG05018_fed47a06_f5857de2_98.pod5	8c13926b-351b-450a-85f4-2286cb58ee22	f5857de27f3551c19729b88685e2f7dc6b1955db	236	4	138676	0.3626	138676	0.3606	110	13.1025	unclassified	chr1	15118	15221	8	110	-	103	102	100	0	1	2	0	0.927273	0.980392	0.970874	0
PBG05018_fed47a06_f5857de2_71.pod5	7f5cd68c-9f59-4aa8-8a84-410094d3779a	f5857de27f3551c19729b88685e2f7dc6b1955db	2532	1	89358.6	14.906	89358.8	14.754	5524	25.4296	unclassified	chr1	15264	20787	6	5524	-	5526	5515	5486	3	8	29	52	0.998914	0.994742	0.992761	0
PBG05018_fed47a06_f5857de2_38.pod5	e388f282-6c37-42f0-afe4-3615310d2cf2	f5857de27f3551c19729b88685e2f7dc6b1955db	2449	4	39815.7	21.698	39815.8	21.5556	8171	29.6355	unclassified	chr1	15402	23570	0	8167	+	8176	8159	8120	8	9	39	27	0.99951	0.99522	0.993151	0
PBG05018_fed47a06_f5857de2_12.pod5	1bc3700c-c6fd-407c-8e68-968d6b6a7eb6	f5857de27f3551c19729b88685e2f7dc6b1955db	2457	1	12255.9	25.301	12255.9	25.299	9410	26.2209	unclassified	chr1	16068	25450	29	9404	+	9391	9366	9311	9	16	55	29	0.996281	0.994128	0.991481	0
PBG05018_fed47a06_f5857de2_40.pod5	81cb480b-c31a-49be-a957-22dc088857f7	f5857de27f3551c19729b88685e2f7dc6b1955db	2096	3	41911	12.0824	41911.2	11.9112	4111	29.4593	unclassified	chr1	16068	20168	9	4111	-	4104	4098	4080	4	2	18	55	0.997811	0.995608	0.994152	0
PBG05018_fed47a06_f5857de2_82.pod5	2ad8b758-04c7-405b-a852-2ea72b775908	f5857de27f3551c19729b88685e2f7dc6b1955db	2532	1	104928	15.794	104929	15.6804	5859	25.9755	unclassified	chr1	16114	21978	0	5859	-	5865	5858	5838	1	6	20	52	1	0.996586	0.995396	0
PBG05018_fed47a06_f5857de2_80.pod5	c9897bd3-6c35-4292-9ae8-57af166af6b7	f5857de27f3551c19729b88685e2f7dc6b1955db	804	1	100594	17.4748	100594	17.4728	6399	12.1362	unclassified	chr1	16159	22396	5	6254	-	6380	6106	5923	143	131	183	19	0.976559	0.970029	0.92837	0
PBG05018_fed47a06_f5857de2_11.pod5	b466eac9-d3c3-4c20-bc74-fc0c91bf6cc3	f5857de27f3551c19729b88685e2f7dc6b1955db	1043	1	10681.2	36.1484	10681.4	36.0348	12861	27.4363	unclassified	chr1	16193	25918	0	9720	+	9728	9717	9688	3	8	29	23	0.755773	0.997016	0.995888	0
PBG05018_fed47a06_f5857de2_11.pod5	ea7ee0a5-47b3-4577-9e5e-f3b9ff783c31	f5857de27f3551c19729b88685e2f7dc6b1955db	1043	1	10719.2	32.048	10719.3	31.9752	12861	27.0922	unclassified	chr1	16193	25918	9	9726	-	9732	9710	9683	7	15	27	25	0.75554	0.997219	0.994965	0
PBG05018_fed47a06_f5857de2_95.pod5	7878088d-6059-4289-977c-4b239714f282	f5857de27f3551c19729b88685e2f7dc6b1955db	400	4	130599	13.6692	130599	13.6672	5182	27.1974	unclassified	chr1	16280	21408	24	5150	-	5134	5120	5102	6	8	18	26	0.989193	0.996484	0.993767	0
PBG05018_fed47a06_f5857de2_83.pod5	0b7a628a-0e2f-4262-89fb-0a5d22cae47e	f5857de27f3551c19729b88685e2f7dc6b1955db	1189	3	106256	7.652	106256	7.4016	2971	31.8281	unclassified	chr1	16365	19329	7	2971	-	2964	2964	2953	0	0	11	60	0.997644	0.996289	0.996289	0
PBG05018_fed47a06_f5857de2_6.pod5	34fef93c-70ca-4903-9fcd-fb6b95dca191	f5857de27f3551c19729b88685e2f7dc6b1955db	1082	3	6285.77	5.3036	6285.9	5.1684	2032	32.4409	unclassified	chr1	16940	18966	0	2025	+	2026	2025	2023	0	1	2	59	0.996555	0.999012	0.998519	0
PBG05018_fed47a06_f5857de2_53.pod5	ab50786c-be8f-4978-9c11-c7818994645f	f5857de27f3551c19729b88685e2f7dc6b1955db	2270	1	61565	0.626	61565	0.624	253	26.2236	unclassified	chr1	16964	17185	0	221	-	221	221	220	0	0	1	0	0.873518	0.995475	0.995475	0
PBG05018_fed47a06_f5857de2_117.pod5	6b1ebd97-07b7-4b51-ab33-02e7691d6917	f5857de27f3551c19729b88685e2f7dc6b1955db	1568	2	205464	7.4652	205464	7.4632	2469	22.8584	unclassified	chr1	17084	19492	48	2460	+	2415	2405	2395	7	3	10	29	0.976914	0.995842	0.991718	0
PBG05018_fed47a06_f5857de2_12.pod5	44109806-58df-4266-9bf0-b60351468507	f5857de27f3551c19729b88685e2f7dc6b1955db	1524	3	12153.8	2.5352	12153.9	2.3544	717	30.8397	unclassified	chr1	17117	17830	4	717	-	713	713	708	0	0	5	51	0.994421	0.992987	0.992987	0
PBG05018_fed47a06_f5857de2_4.pod5	8d3e8d73-6f1c-4b2d-972e-f14501789092	f5857de27f3551c19729b88685e2f7dc6b1955db	965	4	4944.66	16.6772	4944.79	16.548	6290	22.1013	unclassified	chr1	17139	23434	2	6290	-	6306	6277	6255	11	18	22	36	0.999682	0.996495	0.991912	0
PBG05018_fed47a06_f5857de2_92.pod5	5fe7d437-f344-4eba-857b-e022574bbff1	f5857de27f3551c19729b88685e2f7dc6b1955db	811	1	123735	25.9212	123735	25.9192	9858	24.505	unclassified	chr1	17177	27002	8	9848	-	9844	9821	9783	19	4	38	9	0.998174	0.996131	0.993803	0
PBG05018_fed47a06_f5857de2_21.pod5	92c0f516-d1b9-4b58-bd14-ebfc4a5efbf4	f5857de27f3551c19729b88685e2f7dc6b1955db	1134	4	20365.3	2.1164	20365.5	1.9836	745	20.5052	unclassified	chr1	17291	18036	0	745	-	745	745	743	0	0	2	60	1	0.997315	0.997315	0
PBG05018_fed47a06_f5857de2_50.pod5	5663e753-3207-470e-a742-60b2e685b994	f5857de27f3551c19729b88685e2f7dc6b1955db	2937	4	57951.3	1.5812	57951.4	1.4124	494	27.6724	unclassified	chr1	17375	17856	3	484	+	482	480	473	1	1	7	1	0.973684	0.985417	0.981328	0
PBG05018_fed47a06_f5857de2_30.pod5	7891e1f5-52bb-43da-b92e-6758506a570f	f5857de27f3551c19729b88685e2f7dc6b1955db	788	1	28936.1	0.5126	28936.1	0.5106	206	16.5912	unclassified	chr1	17392	17602	0	205	+	211	204	202	1	6	2	16	0.995146	0.990196	0.957346	0
PBG05018_fed47a06_f5857de2_36.pod5	992153d2-aa71-4836-a132-9c47b8410a23	f5857de27f3551c19729b88685e2f7dc6b1955db	2450	2	36865.8	7.9916	36866	7.8636	1938	31.5452	unclassified	chr1	17481	19418	0	1938	-	1938	1937	1931	1	0	6	1	1	0.996902	0.996388	0
PBG05018_fed47a06_f5857de2_53.pod5	cc8d3c30-2e92-418b-846e-69b6241522b6	f5857de27f3551c19729b88685e2f7dc6b1955db	893	3	62335.6	3.6984	62335.6	3.6964	1212	13.1119	unclassified	chr1	17737	18760	181	1205	+	1024	1023	1023	1	0	0	4	0.844885	1	0.999023	0
PBG05018_fed47a06_f5857de2_88.pod5	c0c35258-bbeb-42b3-b200-394bd76a515b	f5857de27f3551c19729b88685e2f7dc6b1955db	774	3	113217	0.5958	113217	0.5938	203	23.3793	unclassified	chr1	17823	17979	9	165	-	156	156	156	0	0	0	0	0.768473	1	1	0
PBG05018_fed47a06_f5857de2_76.pod5	29628359-3afc-401b-829e-b1ebc04eee96	f5857de27f3551c19729b88685e2f7dc6b1955db	2085	2	95453	2.1796	95453	2.1776	886	28.2713	unclassified	chr1	17900	18746	37	881	+	846	844	843	0	2	1	25	0.952596	0.998815	0.996454	0
PBG05018_fed47a06_f5857de2_61.pod5	4dadc41f-9dc5-4a84-ad9e-8af6e0cc1cfa	f5857de27f3551c19729b88685e2f7dc6b1955db	1682	3	75950.7	17.012	75950.8	16.9248	4984	7.04376	unclassified	chr1	18764	21737	355	4984	-	4630	2972	2935	1657	1	37	11	0.928772	0.98755	0.633909	0
PBG05018_fed47a06_f5857de2_47.pod5	0abd0650-895c-4ed4-98a6-b50eb42d310a	f5857de27f3551c19729b88685e2f7dc6b1955db	619	3	51759.5	0.7724	51759.7	0.6324	283	19.7516	unclassified	chr1	19092	19370	5	283	-	278	278	276	0	0	2	0	0.982332	0.992806	0.992806	0
PBG05018_fed47a06_f5857de2_53.pod5	6a742d81-54b9-412d-a655-ce5c7292e183	f5857de27f3551c19729b88685e2f7dc6b1955db	2441	4	61817.2	12.8168	61817.3	12.6912	4752	36.6753	unclassified	chr1	19216	23960	0	4747	+	4749	4742	4689	5	2	53	32	0.998948	0.988823	0.987366	0
PBG05018_fed47a06_f5857de2_96.pod5	b69987d0-9bf8-458a-9563-1bc6308e27d7	f5857de27f3551c19729b88685e2f7dc6b1955db	205	3	135053	19.4762	135053	19.4742	6697	26.6036	unclassified	chr1	20309	26982	10	6668	-	6675	6656	6643	2	17	13	6	0.994177	0.998047	0.995206	0
PBG05018_fed47a06_f5857de2_80.pod5	aac740ef-e463-434e-8867-67411bb55e86	f5857de27f3551c19729b88685e2f7dc6b1955db	2915	3	100617	22.6448	100617	22.5336	8343	27.8996	unclassified	chr1	21705	30035	0	8337	+	8341	8326	8278	11	4	48	7	0.999281	0.994235	0.992447	0
PBG05018_fed47a06_f5857de2_100.pod5	a47ef24a-6a4c-4225-8cfb-7fda7f67299f	f5857de27f3551c19729b88685e2f7dc6b1955db	684	3	144705	10.16	144705	10.0224	3876	26.5301	unclassified	chr1	22260	26126	6	3876	-	3872	3864	3857	6	2	7	0	0.998452	0.998188	0.996126	0
PBG05018_fed47a06_f5857de2_42.pod5	a71041d4-a585-4ccf-8e1d-1c7e9c30bdf2	f5857de27f3551c19729b88685e2f7dc6b1955db	351	3	43571.4	23.0542	43571.4	23.0522	5694	14.8696	unclassified	chr1	22276	27965	38	5686	+	5738	5599	5463	49	90	136	1	0.991921	0.97571	0.952074	0
PBG05018_fed47a06_f5857de2_45.pod5	6abb10dd-21a5-43ee-b861-934af9205a01	f5857de27f3551c19729b88685e2f7dc6b1955db	911	3	48379.9	17.7308	48380	17.622	6418	25.4953	unclassified	chr1	22469	28882	8	6418	-	6430	6393	6364	17	20	29	1	0.998753	0.995464	0.989736	0
PBG05018_fed47a06_f5857de2_32.pod5	7b2fd0a6-d348-45ed-a472-3804b17ea137	f5857de27f3551c19729b88685e2f7dc6b1955db	1024	1	31455.3	12.0164	31455.5	11.8404	4708	28.2065	unclassified	chr1	22560	27262	5	4708	-	4708	4697	4626	6	5	71	9	0.998938	0.984884	0.982583	0
PBG05018_fed47a06_f5857de2_6.pod5	25433dd0-1625-4dd4-bdaf-2568512ce68e	f5857de27f3551c19729b88685e2f7dc6b1955db	2363	2	7031.81	14.8844	7031.97	14.73	5613	25.6156	unclassified	chr1	23184	28792	8	5613	-	5615	5598	5535	7	10	63	0	0.998575	0.988746	0.985752	0
PBG05018_fed47a06_f5857de2_61.pod5	61cd4cf0-fa56-4af4-9ade-0fbe93d6cacd	f5857de27f3551c19729b88685e2f7dc6b1955db	900	3	75916.3	2.6372	75916.4	2.4972	985	20.2395	unclassified	chr1	23815	24321	475	980	-	506	505	505	0	1	0	0	0.51269	1	0.998024	0
PBG05018_fed47a06_f5857de2_4.pod5	62f6c15c-c670-4bdc-b372-66a35c691bf3	f5857de27f3551c19729b88685e2f7dc6b1955db	1937	2	5050.07	0.9824	5050.2	0.8544	331	27.6645	unclassified	chr1	23951	24275	10	331	-	324	321	321	0	3	0	0	0.969788	1	0.990741	0
PBG05018_fed47a06_f5857de2_61.pod5	354d0428-dff7-4ad5-ac36-ac2220de1f53	f5857de27f3551c19729b88685e2f7dc6b1955db	1620	1	76330.9	8.7272	76331	8.5944	3149	27.9392	unclassified	chr1	24244	27389	9	3149	-	3146	3139	3108	1	6	31	0	0.997142	0.990124	0.987921	0
PBG05018_fed47a06_f5857de2_104.pod5	2192522a-456e-4aff-8741-07eb7a4d7aed	f5857de27f3551c19729b88685e2f7dc6b1955db	1568	2	159282	11.7068	159283	11.532	4433	28.1786	unclassified	chr1	24305	28726	5	4433	-	4428	4421	4401	7	0	20	5	0.998872	0.995476	0.993902	0
PBG05018_fed47a06_f5857de2_104.pod5	22dc90d9-469e-4e31-9c3f-195715c44553	f5857de27f3551c19729b88685e2f7dc6b1955db	1568	2	159295	14.6744	159295	14.4936	4423	27.0273	unclassified	chr1	24306	28726	0	4416	+	4423	4413	4393	3	7	20	6	0.998417	0.995468	0.993217	0
PBG05018_fed47a06_f5857de2_19.pod5	0b98e570-213e-40fb-a761-9bd3d57a9e9b	f5857de27f3551c19729b88685e2f7dc6b1955db	1887	2	18232.6	1.298	18232.7	1.206	593	21.3595	unclassified	chr1	24384	24963	13	593	-	581	578	577	2	1	1	37	0.978078	0.99827	0.993115	0
PBG05018_fed47a06_f5857de2_28.pod5	511d34ab-9431-43f5-9e47-70483ce95c0a	f5857de27f3551c19729b88685e2f7dc6b1955db	883	2	27482	13.3104	27482	13.3084	5064	9.28821	unclassified	chr1	24585	29735	30	5048	+	5319	4849	4532	169	301	317	1	0.990916	0.934626	0.85204	0
PBG05018_fed47a06_f5857de2_9.pod5	5b0a2c2c-a9ac-48a4-824b-7de6763f3f82	f5857de27f3551c19729b88685e2f7dc6b1955db	2179	3	9057.26	4.8056	9057.56	4.5072	1045	21.8228	unclassified	chr1	24786	25823	3	1044	+	1044	1034	1022	7	3	12	0	0.996172	0.988395	0.978927	0
PBG05018_fed47a06_f5857de2_64.pod5	edbe9d04-d997-4fe6-87c7-f8ddad45b27f	f5857de27f3551c19729b88685e2f7dc6b1955db	2227	4	80703.6	2.252	80703.7	2.1576	862	20.0176	unclassified	chr1	25399	26248	13	862	-	850	848	838	1	1	10	0	0.984919	0.988208	0.985882	0
PBG05018_fed47a06_f5857de2_14.pod5	8bd28f5f-e942-4d03-8532-16eb0783a5c7	f5857de27f3551c19729b88685e2f7dc6b1955db	1367	3	14220.1	3.5878	14220.1	3.5858	807	25.4305	unclassified	chr1	25546	26318	33	806	+	774	771	770	2	1	1	0	0.957869	0.998703	0.994832	0
PBG05018_fed47a06_f5857de2_11.pod5	28f346d8-e9b7-41a7-afd6-f3b8e62a0c26	f5857de27f3551c19729b88685e2f7dc6b1955db	902	3	11170.4	3.4928	11170.5	3.3912	1058	16.0019	unclassified	chr1	25614	26669	4	1058	-	1063	1046	1023	8	9	23	0	0.996219	0.978011	0.962371	0
PBG05018_fed47a06_f5857de2_13.pod5	e253f1e9-7c1a-4ef8-9da9-6e47f73a4327	f5857de27f3551c19729b88685e2f7dc6b1955db	1693	4	12850.2	0.5934	12850.3	0.5914	278	26.1075	unclassified	chr1	26701	26933	37	269	+	232	232	229	0	0	3	0	0.834532	0.987069	0.987069	0
PBG05018_fed47a06_f5857de2_96.pod5	5bf673bc-6b30-4aeb-bc11-2cf370d75203	f5857de27f3551c19729b88685e2f7dc6b1955db	1409	3	135519	1.1228	135519	0.9684	376	26.4148	unclassified	chr1	27055	27420	0	365	+	365	365	365	0	0	0	0	0.970745	1	1	0
PBG05018_fed47a06_f5857de2_50.pod5	2f4f4fb4-8143-4024-bec1-58c0b938db5a	f5857de27f3551c19729b88685e2f7dc6b1955db	841	2	57149.6	2.7166	57149.6	2.7146	1230	23.9604	unclassified	chr1	27897	29123	0	1230	+	1230	1226	1226	4	0	0	0	1	1	0.996748	0
PBG05018_fed47a06_f5857de2_102.pod5	89311e0f-821d-41c7-a2cf-889ea0c4d742	f5857de27f3551c19729b88685e2f7dc6b1955db	804	1	152602	1.25	152602	1.0152	457	15.1701	unclassified	chr1	27919	28344	0	426	+	428	423	416	3	2	7	0	0.932166	0.983452	0.971963	0
PBG05018_fed47a06_f5857de2_7.pod5	5d67e963-bd40-4d0c-b0f9-08b0893df44e	f5857de27f3551c19729b88685e2f7dc6b1955db	391	3	7266.75	1.5788	7266.87	1.4604	567	23.3533	unclassified	chr1	28783	29338	0	556	+	556	555	550	1	0	5	52	0.9806	0.990991	0.989209	0
PBG05018_fed47a06_f5857de2_10.pod5	f427d3a0-80d0-4a3f-a1e1-ed183c44c970	f5857de27f3551c19729b88685e2f7dc6b1955db	390	3	9732.08	1.2848	9732.08	1.2828	432	25.4076	unclassified	chr1	29034	29418	11	395	-	384	384	384	0	0	0	11	0.888889	1	1	0
PBG05018_fed47a06_f5857de2_10.pod5	134f60ff-1463-4600-8a91-32f9874d7d63	f5857de27f3551c19729b88685e2f7dc6b1955db	390	3	9733.38	1.034	9733.54	0.8676	392	19.4572	unclassified	chr1	29035	29417	0	382	+	383	381	381	1	1	0	11	0.97449	1	0.994778	0
PBG05018_fed47a06_f5857de2_50.pod5	87dc4315-c331-4295-b202-6cc3757dff92	f5857de27f3551c19729b88685e2f7dc6b1955db	841	2	57152.3	1.2084	57152.3	1.2064	551	25.0103	unclassified	chr1	29130	29665	0	539	+	540	534	533	5	1	1	3	0.978221	0.998127	0.987037	0
PBG05018_fed47a06_f5857de2_81.pod5	94845e86-c703-4dac-94bf-4f8516db6b09	f5857de27f3551c19729b88685e2f7dc6b1955db	366	2	102704	1.2956	102704	0.9996	309	23.0362	unclassified	chr1	29216	29511	14	309	-	295	295	294	0	0	1	0	0.954693	0.99661	0.99661	0
PBG05018_fed47a06_f5857de2_93.pod5	054554f2-c7fa-431e-a5a1-780691d0fa3a	f5857de27f3551c19729b88685e2f7dc6b1955db	1694	1	125120	0.728	125121	0.612	271	19.6988	unclassified	chr1	29509	29771	0	262	+	262	262	262	0	0	0	0	0.96679	1	1	0
PBG05018_fed47a06_f5857de2_50.pod5	620f94d1-86de-4f03-bbef-f1fc95e2bf5e	f5857de27f3551c19729b88685e2f7dc6b1955db	35	1	58287.5	0.7592	58287.6	0.6492	239	22.1988	unclassified	chr1	30763	30992	12	239	-	229	227	227	0	2	0	1	0.949791	1	0.991266	0
PBG05018_fed47a06_f5857de2_89.pod5	c5f09b1c-91fd-4bc7-8b93-d8c990830af1	f5857de27f3551c19729b88685e2f7dc6b1955db	2629	2	115926	4.1348	115926	3.9756	1241	31.5255	unclassified	chr1	30763	31993	10	1241	-	1231	1230	1228	1	0	2	1	0.991942	0.998374	0.997563	0
PBG05018_fed47a06_f5857de2_50.pod5	66315477-be27-4b5f-a49e-b5635ff82240	f5857de27f3551c19729b88685e2f7dc6b1955db	35	1	58286.1	0.6872	58286.2	0.5928	237	22.4651	unclassified	chr1	30764	30992	0	228	+	228	228	227	0	0	1	1	0.962025	0.995614	0.995614	0
PBG05018_fed47a06_f5857de2_33.pod5	8d2d9fa3-628a-4801-aab9-1e91f6f0c8b9	f5857de27f3551c19729b88685e2f7dc6b1955db	2264	1	33078.8	5.0564	33078.9	4.9392	2074	24.4385	unclassified	chr1	30778	32840	0	2065	+	2066	2061	2058	4	1	3	1	0.995661	0.998544	0.996128	0
PBG05018_fed47a06_f5857de2_96.pod5	8d0be268-a585-49c2-b7f8-b456e62b15e9	f5857de27f3551c19729b88685e2f7dc6b1955db	2807	4	133659	0.619	133659	0.617	204	15.6076	unclassified	chr1	32250	32414	26	190	+	164	164	162	0	0	2	0	0.803922	0.987805	0.987805	0
PBG05018_fed47a06_f5857de2_17.pod5	87e53786-5870-4569-a69c-7901cdd56c0d	f5857de27f3551c19729b88685e2f7dc6b1955db	2794	3	15537.7	1.918	15537.7	1.916	665	25.2646	unclassified	chr1	33598	34224	14	640	-	626	626	626	0	0	0	0	0.941353	1	1	0
PBG05018_fed47a06_f5857de2_88.pod5	0fa1b379-7bf8-45e5-9857-28c5f3093c89	f5857de27f3551c19729b88685e2f7dc6b1955db	2958	3	114137	7.9976	114138	7.686	2521	25.7258	unclassified	chr1	33799	36308	9	2514	+	2509	2505	2493	0	4	12	0	0.993653	0.99521	0.993623	0
PBG05018_fed47a06_f5857de2_19.pod5	1fe578ff-3f06-4f10-8ab4-ce1121422d35	f5857de27f3551c19729b88685e2f7dc6b1955db	1254	3	17776.1	6.6068	17776.2	6.5028	2625	25.9134	unclassified	chr1	34044	35141	786	1872	-	1097	1086	1066	0	11	20	0	0.413714	0.981584	0.971741	0
PBG05018_fed47a06_f5857de2_58.pod5	d5c36e62-50de-4074-bfc1-12e98a8d681a	f5857de27f3551c19729b88685e2f7dc6b1955db	1798	1	74731.9	2.6554	74731.9	2.6534	1141	17.9492	unclassified	chr1	34044	34817	336	1109	-	779	767	740	6	6	27	0	0.677476	0.964798	0.949936	0
PBG05018_fed47a06_f5857de2_20.pod5	88f8a1f7-055d-4390-b020-274d08d80383	f5857de27f3551c19729b88685e2f7dc6b1955db	1150	3	18893.1	10.676	18893.3	10.5492	3813	22.9408	unclassified	chr1	34098	37900	10	3813	-	3811	3794	3787	9	8	7	0	0.997377	0.998155	0.993702	0
PBG05018_fed47a06_f5857de2_110.pod5	8fc77e83-5b1d-4f57-9d5c-b3f13823eeb5	f5857de27f3551c19729b88685e2f7dc6b1955db	2395	1	179629	14.732	179630	14.58	4055	25.9432	unclassified	chr1	34189	38233	0	4053	+	4059	4038	4021	15	6	17	1	0.999507	0.99579	0.990638	0
PBG05018_fed47a06_f5857de2_70.pod5	77a4104f-094c-4562-b936-00a4b14f489f	f5857de27f3551c19729b88685e2f7dc6b1955db	1668	2	88859.6	0.9272	88859.8	0.7608	319	22.5412	unclassified	chr1	34418	34727	10	319	-	309	309	306	0	0	3	0	0.968652	0.990291	0.990291	0
PBG05018_fed47a06_f5857de2_92.pod5	495ce358-11e6-453e-a957-e2720ca84086	f5857de27f3551c19729b88685e2f7dc6b1955db	2028	3	121684	6.7904	121684	6.6912	2802	28.4228	unclassified	chr1	34747	37541	0	2794	+	2797	2791	2791	3	3	0	0	0.997145	1	0.997855	0
PBG05018_fed47a06_f5857de2_80.pod5	5d72d1c4-23c2-492c-b054-8cce348b2c3b	f5857de27f3551c19729b88685e2f7dc6b1955db	600	3	101061	2.7128	101061	2.5992	1098	24.5317	unclassified	chr1	35656	36751	3	1098	-	1098	1092	1087	3	3	5	0	0.997268	0.995421	0.989982	0
PBG05018_fed47a06_f5857de2_91.pod5	1dcf33b0-c608-4efe-8a4c-d2aa5ee78a33	f5857de27f3551c19729b88685e2f7dc6b1955db	1141	2	120500	2.6912	120500	2.5944	1087	25.0893	unclassified	chr1	36220	37296	0	1078	+	1079	1075	1074	3	1	1	0	0.99172	0.99907	0.995366	0
PBG05018_fed47a06_f5857de2_79.pod5	ad826383-281d-4350-a617-95a2a258b643	f5857de27f3551c19729b88685e2f7dc6b1955db	1791	2	99919.7	0.386	99919.8	0.27	82	10.506	unclassified	chr1	36523	36595	10	82	-	72	72	72	0	0	0	0	0.878049	1	1	0
PBG05018_fed47a06_f5857de2_15.pod5	705cf9b0-8e54-4405-91f1-97ba6c6ba08c	f5857de27f3551c19729b88685e2f7dc6b1955db	873	3	3396.76	156.558	3396.87	156.448	64573	22.1318	unclassified	chr1	36714	69192	32203	64573	-	32873	31975	31790	395	503	185	1	0.501293	0.994214	0.967055	0
PBG05018_fed47a06_f5857de2_67.pod5	dad9d459-9c80-4a34-9c4b-44fe8233ba25	f5857de27f3551c19729b88685e2f7dc6b1955db	45	2	84241.2	2.8184	84241.4	2.652	1066	25.0024	unclassified	chr1	36975	38029	0	1056	+	1056	1054	1054	2	0	0	0	0.990619	1	0.998106	0
PBG05018_fed47a06_f5857de2_13.pod5	627e69d0-b723-4703-8ea2-a054c9ac96e7	f5857de27f3551c19729b88685e2f7dc6b1955db	781	3	12602.1	1.2368	12602.2	1.0992	397	28.2918	unclassified	chr1	37070	37456	11	397	-	386	386	386	0	0	0	0	0.972292	1	1	0
PBG05018_fed47a06_f5857de2_105.pod5	6eaf54c4-7893-4832-a109-f7b5f181c437	f5857de27f3551c19729b88685e2f7dc6b1955db	2379	1	163615	2.1128	163616	1.9224	729	28.9237	unclassified	chr1	37094	37823	0	729	-	729	729	729	0	0	0	0	1	1	1	0
PBG05018_fed47a06_f5857de2_19.pod5	5c0df53a-1e2f-45bc-a00a-ab13f6ba0b2d	f5857de27f3551c19729b88685e2f7dc6b1955db	1122	3	17584.1	0.7712	17584.3	0.6288	230	21.7879	unclassified	chr1	37102	37321	11	230	-	219	219	218	0	0	1	0	0.952174	0.995434	0.995434	0
PBG05018_fed47a06_f5857de2_70.pod5	4074901a-79a0-4b06-9248-870f0fdab788	f5857de27f3551c19729b88685e2f7dc6b1955db	2059	2	88229.5	0.8012	88229.6	0.6552	241	22.2872	unclassified	chr1	39391	39621	0	230	+	230	230	228	0	0	2	0	0.954357	0.991304	0.991304	0
PBG05018_fed47a06_f5857de2_48.pod5	39ca26de-4603-461f-927c-bfa3f956279a	f5857de27f3551c19729b88685e2f7dc6b1955db	1095	3	53241.4	1.4984	53241.5	1.392	474	28.0871	unclassified	chr1	40286	40753	10	474	-	467	464	464	0	3	0	1	0.978903	1	0.993576	0
PBG05018_fed47a06_f5857de2_12.pod5	50fe95f6-a3eb-44b5-86c9-9e9e2b81bf40	f5857de27f3551c19729b88685e2f7dc6b1955db	805	3	11768.7	0.2512	11768.7	0.2492	130	28.0991	unclassified	chr1	41055	41184	0	129	+	129	129	129	0	0	0	0	0.992308	1	1	0
PBG05018_fed47a06_f5857de2_108.pod5	cdf198bf-0c52-4eb6-ab82-5d421ba8f5b1	f5857de27f3551c19729b88685e2f7dc6b1955db	1279	4	173758	1.9672	173758	1.9652	775	19.1946	unclassified	chr1	41165	41580	322	739	-	417	415	414	2	0	1	0	0.538065	0.99759	0.992806	0
PBG05018_fed47a06_f5857de2_31.pod5	5240740b-e450-4b91-beee-2f36e2b622ab	f5857de27f3551c19729b88685e2f7dc6b1955db	2921	3	30475.9	0.2608	30475.9	0.2588	98	12.3267	unclassified	chr1	41219	41310	7	98	-	92	90	90	1	1	0	0	0.928571	1	0.978261	0
PBG05018_fed47a06_f5857de2_2.pod5	64b41b50-159d-41b1-abef-cad9ea4685fe	f5857de27f3551c19729b88685e2f7dc6b1955db	2815	4	2833.58	0.5504	2833.69	0.4464	175	20.037	unclassified	chr1	42727	42899	0	169	+	173	168	165	1	4	3	0	0.965714	0.982143	0.953757	0
PBG05018_fed47a06_f5857de2_63.pod5	7f5b31b0-b178-4298-bdbb-5898e8e1c658	f5857de27f3551c19729b88685e2f7dc6b1955db	2817	1	78936.9	0.6044	78937	0.4692	193	13.8092	unclassified	chr1	45168	45353	12	193	-	187	179	177	2	6	2	0	0.937824	0.988827	0.946524	0
PBG05018_fed47a06_f5857de2_16.pod5	5880c4fb-08e8-4a4c-a37d-c3b1e52610e9	f5857de27f3551c19729b88685e2f7dc6b1955db	294	3	14701.2	15.5516	14701.4	15.4284	6371	29.5982	unclassified	chr1	48156	54538	0	6364	+	6384	6362	6334	2	20	28	25	0.998901	0.995599	0.992168	0
PBG05018_fed47a06_f5857de2_66.pod5	8c6e9e8c-13be-42d4-b3fc-dc84946ac5ed	f5857de27f3551c19729b88685e2f7dc6b1955db	1253	3	83088.5	51.5808	83088.5	51.5788	20659	30.1147	unclassified	chr1	48763	69478	9	20630	-	21098	20238	20121	383	477	117	6	0.998161	0.994219	0.953692	0
PBG05018_fed47a06_f5857de2_64.pod5	f2066ebd-9208-4bde-8468-752dbfbe984d	f5857de27f3551c19729b88685e2f7dc6b1955db	1694	3	80519.3	0.4832	80519.4	0.3624	161	21.2317	unclassified	chr1	49991	50139	13	161	-	148	148	148	0	0	0	0	0.919255	1	1	0
PBG05018_fed47a06_f5857de2_7.pod5	41eea29b-899b-4f59-8b05-1a3eda0b07d6	f5857de27f3551c19729b88685e2f7dc6b1955db	322	3	7171.46	1.4336	7171.62	1.266	426	16.7367	unclassified	chr1	51056	51246	236	426	-	190	190	189	0	0	1	0	0.446009	0.994737	0.994737	0
PBG05018_fed47a06_f5857de2_75.pod5	f8defd53-53d0-4556-b5e6-618ef75d3f24	f5857de27f3551c19729b88685e2f7dc6b1955db	844	3	94663.4	0.8684	94663.5	0.7668	345	30.8796	unclassified	chr1	53353	53686	12	345	-	333	333	333	0	0	0	0	0.965217	1	1	0
PBG05018_fed47a06_f5857de2_85.pod5	c94f9363-82ff-4f8a-9d72-f79b99b9dc36	f5857de27f3551c19729b88685e2f7dc6b1955db	812	2	109191	12.146	109191	11.9988	5252	24.0263	unclassified	chr1	53383	57758	0	4428	+	4435	4368	4326	60	7	42	1	0.843107	0.990385	0.975423	0
PBG05018_fed47a06_f5857de2_57.pod5	a6aee199-bd8f-407b-ae60-010440a2c4e7	f5857de27f3551c19729b88685e2f7dc6b1955db	2455	3	70213.3	18.1868	70213.4	18.0828	6810	22.6796	unclassified	chr1	56445	63252	5	6810	-	6828	6784	6733	21	23	51	22	0.999266	0.992482	0.986087	0
PBG05018_fed47a06_f5857de2_110.pod5	06baa24d-a73b-4ae1-a974-bb4581a94af6	f5857de27f3551c19729b88685e2f7dc6b1955db	2291	4	180912	12.17	180912	12.0516	4846	23.1706	unclassified	chr1	56491	61339	7	4846	-	4857	4830	4801	9	18	29	6	0.998555	0.993996	0.98847	0
PBG05018_fed47a06_f5857de2_81.pod5	0ef82307-29f2-449b-9d8f-c058d2833c11	f5857de27f3551c19729b88685e2f7dc6b1955db	1821	2	103072	21.1064	103072	20.952	7105	21.8325	unclassified	chr1	57039	64142	0	7101	+	7129	7075	7026	26	28	49	18	0.999437	0.993074	0.985552	0
PBG05018_fed47a06_f5857de2_44.pod5	bc8bd2b6-08b5-43a5-a1e7-7a09b2b413fc	f5857de27f3551c19729b88685e2f7dc6b1955db	942	3	47053.2	10.0024	47053.2	10.0004	3756	25.9916	unclassified	chr1	58370	62086	31	3748	+	3720	3713	3688	4	3	25	18	0.989617	0.993267	0.991398	0
PBG05018_fed47a06_f5857de2_61.pod5	8e6f86c7-67fc-4a36-8ef2-9e4e457f7785	f5857de27f3551c19729b88685e2f7dc6b1955db	347	4	76198.2	28.334	76198.3	28.23	12667	19.4036	unclassified	chr1	60421	66197	0	5783	+	5786	5773	5740	10	3	33	10	0.456541	0.994284	0.99205	0
PBG05018_fed47a06_f5857de2_43.pod5	8784e6fc-9a4d-4ef0-9d0c-0d7746413fbb	f5857de27f3551c19729b88685e2f7dc6b1955db	840	2	45745.3	9.0812	45745.5	8.9352	3468	26.1671	unclassified	chr1	60531	63991	7	3468	-	3469	3452	3428	9	8	24	12	0.997982	0.993048	0.988181	0
PBG05018_fed47a06_f5857de2_80.pod5	6e6254f8-61ef-4af7-adc5-a5d6409fa9ce	f5857de27f3551c19729b88685e2f7dc6b1955db	1630	2	101505	9.2618	101505	9.2598	3016	14.841	unclassified	chr1	64552	67260	3	2995	-	3047	2653	2581	339	55	72	19	0.992042	0.972861	0.847063	0
PBG05018_fed47a06_f5857de2_17.pod5	45608677-1c00-4c82-9be2-b66f4e5f828c	f5857de27f3551c19729b88685e2f7dc6b1955db	2584	1	15905.6	5.7104	15905.7	5.5392	2229	26.223	unclassified	chr1	64757	66672	9	2229	-	2223	1912	1898	308	3	14	60	0.995962	0.992678	0.853801	0
PBG05018_fed47a06_f5857de2_43.pod5	a4cc12be-5651-4317-a351-3193acf2ac97	f5857de27f3551c19729b88685e2f7dc6b1955db	528	1	45418.4	9.1796	45418.5	9.0396	2649	34.191	unclassified	chr1	65422	67755	0	2641	+	2644	2330	2311	311	3	19	48	0.99698	0.991845	0.874054	0
PBG05018_fed47a06_f5857de2_0.pod5	075472eb-e0e3-4b60-9e64-c11b0ec17211	f5857de27f3551c19729b88685e2f7dc6b1955db	787	4	475.886	1.0832	475.99	0.9792	391	26.2023	unclassified	chr1	67715	68093	13	391	-	378	378	378	0	0	0	0	0.966752	1	1	0
PBG05018_fed47a06_f5857de2_64.pod5	5660d0f3-dbfe-473e-9925-0d4fb5898e85	f5857de27f3551c19729b88685e2f7dc6b1955db	1807	2	79808.6	0.7184	79808.7	0.6168	301	23.457	unclassified	chr1	67957	68245	13	301	-	288	288	288	0	0	0	0	0.956811	1	1	0
PBG05018_fed47a06_f5857de2_31.pod5	b4934389-ccd5-4ab0-bb3c-5e9cdb89545c	f5857de27f3551c19729b88685e2f7dc6b1955db	1811	3	29887.7	1.4156	29887.9	1.278	532	29.6153	unclassified	chr1	71200	71725	9	532	-	525	523	523	0	2	0	0	0.983083	1	0.99619	0
PBG05018_fed47a06_f5857de2_6.pod5	33b2c367-19af-4298-b7ba-f7be162a898a	f5857de27f3551c19729b88685e2f7dc6b1955db	807	1	6764.15	0.5014	6764.15	0.4994	120	21.0017	unclassified	chr1	72360	72480	0	120	-	120	120	120	0	0	0	0	1	1	1	0
PBG05018_fed47a06_f5857de2_49.pod5	0d09ee2c-a26b-42d8-a061-fca488bb0180	f5857de27f3551c19729b88685e2f7dc6b1955db	2616	1	55034.7	0.28	55034.7	0.278	123	19.7215	unclassified	chr1	82324	82447	0	123	-	123	123	123	0	0	0	0	1	1	1	0
PBG05018_fed47a06_f5857de2_1.pod5	0a7ad976-a137-4bcc-9f70-721d2502bcca	f5857de27f3551c19729b88685e2f7dc6b1955db	479	3	1726.06	0.7856	1726.19	0.6624	263	26.3293	unclassified	chr1	82349	82602	10	263	-	253	253	253	0	0	0	0	0.961977	1	1	0
PBG05018_fed47a06_f5857de2_14.pod5	66ccc20d-7265-4a10-86cf-557f5b423299	f5857de27f3551c19729b88685e2f7dc6b1955db	1382	2	13599.1	0.7614	13599.2	0.7594	194	20.8163	unclassified	chr1	84909	85048	14	153	-	139	139	139	0	0	0	0	0.716495	1	1	0
PBG05018_fed47a06_f5857de2_43.pod5	58d06194-0478-48fc-94e4-cb8cd25b406c	f5857de27f3551c19729b88685e2f7dc6b1955db	46	1	46123.5	0.3548	46123.6	0.2364	94	15.8038	unclassified	chr1	87453	87547	0	94	-	94	94	94	0	0	0	0	1	1	1	0
PBG05018_fed47a06_f5857de2_65.pod5	5f9dd668-81b0-4ca2-a018-f0c1b63086bb	f5857de27f3551c19729b88685e2f7dc6b1955db	2489	4	81386.2	0.7196	81386.2	0.7176	286	23.1037	unclassified	chr1	93641	93923	4	286	-	282	282	281	0	0	1	0	0.986014	0.996454	0.996454	0
PBG05018_fed47a06_f5857de2_63.pod5	8201bd6c-0dcc-4f47-8ad7-4d7e0f18f863	f5857de27f3551c19729b88685e2f7dc6b1955db	1938	2	79177.1	0.9896	79177.2	0.8304	317	10.8416	unclassified	chr1	94572	94886	6	308	+	318	298	287	4	16	11	1	0.952681	0.963087	0.902516	0
PBG05018_fed47a06_f5857de2_11.pod5	bba372e6-f73f-4fcd-9231-5d540f553c8c	f5857de27f3551c19729b88685e2f7dc6b1955db	1271	1	11247.5	9.9764	11247.7	9.7788	4119	28.7237	unclassified	chr1	95077	99099	114	4119	-	4024	4003	3953	2	19	50	33	0.972323	0.987509	0.982356	0
PBG05018_fed47a06_f5857de2_75.pod5	9176f8e9-9e33-4121-b1f8-9f1dedd24a31	f5857de27f3551c19729b88685e2f7dc6b1955db	2153	2	94301.9	11.468	94301.9	11.466	4465	27.0746	unclassified	chr1	95191	99618	37	4458	+	4434	4414	4350	7	13	64	55	0.990146	0.985501	0.981055	0
PBG05018_fed47a06_f5857de2_65.pod5	b5f3d9b6-7910-4160-8c96-b3e60e0bebb0	f5857de27f3551c19729b88685e2f7dc6b1955db	2489	4	81381.9	0.7248	81381.9	0.7228	279	21.5896	unclassified	chr1	95340	95613	6	279	-	273	273	273	0	0	0	0	0.978495	1	1	0
PBG05018_fed47a06_f5857de2_65.pod5	a5d396f4-ed1b-41d6-914f-4b7e0c9cb952	f5857de27f3551c19729b88685e2f7dc6b1955db	2489	4	81380.2	0.3438	81380.2	0.3418	131	26.6152	unclassified	chr1	96160	96290	1	131	-	130	130	130	0	0	0	10	0.992366	1	1	0
PBG05018_fed47a06_f5857de2_65.pod5	d5818cf1-f25f-4e73-ba0c-ccdfc98f3f0e	f5857de27f3551c19729b88685e2f7dc6b1955db	2489	4	81375.2	0.4424	81375.2	0.4404	86	13.0533	unclassified	chr1	97975	98060	1	86	-	85	85	85	0	0	0	0	0.988372	1	1	0
PBG05018_fed47a06_f5857de2_20.pod5	3b30ff15-45e6-419e-9174-0e4c97ce0c80	f5857de27f3551c19729b88685e2f7dc6b1955db	1863	2	19262.4	51.38	19262.6	51.1968	21854	23.7819	unclassified	chr1	98250	120025	0	21854	+	21893	21736	21644	118	39	92	36	1	0.995767	0.988626	0
PBG05018_fed47a06_f5857de2_89.pod5	90b291e3-7512-4968-834d-5d97a0119e87	f5857de27f3551c19729b88685e2f7dc6b1955db	283	4	116226	4.8584	116226	4.8564	1876	34.7016	unclassified	chr1	98719	100560	0	1844	-	1847	1838	1830	6	3	8	1	0.982942	0.995647	0.990796	0
PBG05018_fed47a06_f5857de2_42.pod5	2c8d203e-b5db-45b7-ae21-1f9eb13fdfe6	f5857de27f3551c19729b88685e2f7dc6b1955db	174	4	44331.4	1.1696	44331.4	1.1676	395	28.514	unclassified	chr1	99022	99392	0	362	-	371	361	354	1	9	7	1	0.916456	0.980609	0.954178	0
PBG05018_fed47a06_f5857de2_56.pod5	4318bbfb-5e46-4d69-b6a1-d7b3dfd8af3f	f5857de27f3551c19729b88685e2f7dc6b1955db	841	1	69073.4	0.8142	69073.4	0.8122	338	30.4897	unclassified	chr1	100707	101045	0	338	+	338	338	337	0	0	1	13	1	0.997041	0.997041	0
PBG05018_fed47a06_f5857de2_84.pod5	1be2a149-d416-4ab5-ba66-7073cf065a9c	f5857de27f3551c19729b88685e2f7dc6b1955db	2045	2	107984	43.0328	107984	42.8796	17966	28.4088	unclassified	chr1	101078	119025	0	17961	+	17980	17928	17861	33	19	67	47	0.999722	0.996263	0.993382	0
PBG05018_fed47a06_f5857de2_10.pod5	c9e595be-8721-4d99-8ce9-b7f8a5a43ae5	f5857de27f3551c19729b88685e2f7dc6b1955db	2831	3	10147.5	10.1024	10147.6	9.9816	3268	27.2914	unclassified	chr1	102956	106220	1	3261	+	3267	3257	3219	3	7	38	14	0.997552	0.988333	0.985308	0
PBG05018_fed47a06_f5857de2_34.pod5	9ddaee44-87e2-45a2-a5f9-6826e3d08901	f5857de27f3551c19729b88685e2f7dc6b1955db	646	1	34117.4	0.4356	34117.4	0.4336	168	22.3453	unclassified	chr1	103519	103685	2	168	-	166	166	166	0	0	0	0	0.988095	1	1	0
PBG05018_fed47a06_f5857de2_36.pod5	9677aedf-06c0-4422-835b-d4d901ea4e5a	f5857de27f3551c19729b88685e2f7dc6b1955db	818	3	36772.2	4.3544	36772.3	4.2084	1739	26.7461	unclassified	chr1	103994	105716	0	1733	+	1733	1722	1711	11	0	11	7	0.99655	0.993612	0.987305	0
PBG05018_fed47a06_f5857de2_67.pod5	102e66e5-fe38-48fe-84e1-b95ba420f95f	f5857de27f3551c19729b88685e2f7dc6b1955db	1145	1	84880.3	26.69	84880.4	26.5812	10404	27.4335	unclassified	chr1	104291	114697	0	10404	-	10422	10388	10342	16	18	46	52	1	0.995572	0.992324	0
PBG05018_fed47a06_f5857de2_28.pod5	3b4421a0-a691-484d-ad9f-643e7cd4eac8	f5857de27f3551c19729b88685e2f7dc6b1955db	938	2	28193	14.9948	28193.3	14.736	4751	33.3549	unclassified	chr1	104467	109203	0	4742	+	4742	4736	4709	6	0	27	15	0.998106	0.994299	0.993041	0
PBG05018_fed47a06_f5857de2_22.pod5	13aff3b4-8c8f-49fc-b483-921a26f20d83	f5857de27f3551c19729b88685e2f7dc6b1955db	299	4	20630.2	0.4404	20630.2	0.4384	175	33.8157	unclassified	chr1	104977	105149	0	173	+	173	172	171	1	0	1	0	0.988571	0.994186	0.988439	0
PBG05018_fed47a06_f5857de2_63.pod5	bab353e4-9bc1-4737-833a-280887f129c1	f5857de27f3551c19729b88685e2f7dc6b1955db	507	3	78588.5	18.8528	78588.7	18.7272	7344	28.9124	unclassified	chr1	105875	113218	0	7344	+	7351	7336	7316	8	7	20	49	1	0.997274	0.995239	0
PBG05018_fed47a06_f5857de2_10.pod5	c2d0de57-8995-4e4b-b69f-46c6fc8b3160	f5857de27f3551c19729b88685e2f7dc6b1955db	2364	3	10053.5	20.8364	10053.7	20.6988	7478	31.1619	unclassified	chr1	105979	113451	0	7472	+	7483	7461	7440	11	11	21	59	0.999198	0.997185	0.994254	0
PBG05018_fed47a06_f5857de2_101.pod5	6613f1b7-17c7-44a6-8ee3-75ff441aff19	f5857de27f3551c19729b88685e2f7dc6b1955db	1923	4	146716	9.1304	146716	8.9232	3455	25.9584	unclassified	chr1	106920	110374	7	3455	-	3459	3443	3420	5	11	23	21	0.997974	0.99332	0.988725	0
PBG05018_fed47a06_f5857de2_71.pod5	5b5502c7-3d1a-42dc-82f6-1f0b3fec9eb9	f5857de27f3551c19729b88685e2f7dc6b1955db	1782	4	89072.9	8.1932	89073	8.0868	3185	30.5173	unclassified	chr1	107073	110244	7	3185	-	3179	3170	3164	8	1	6	37	0.997802	0.998107	0.995282	0
PBG05018_fed47a06_f5857de2_44.pod5	08650044-715e-4b0f-8e63-823b8522ad28	f5857de27f3551c19729b88685e2f7dc6b1955db	2220	3	46896.7	29.3468	46896.8	29.2284	10893	31.9156	unclassified	chr1	107301	115345	9	8057	-	8049	8043	8029	5	1	14	35	0.738823	0.998259	0.997515	0
PBG05018_fed47a06_f5857de2_37.pod5	7aaba91f-3b0e-4e51-aba4-f5c23d5e0573	f5857de27f3551c19729b88685e2f7dc6b1955db	1756	3	37840.8	3.2492	37840.9	3.1548	1128	24.8993	unclassified	chr1	107353	108471	0	1119	+	1119	1118	1113	1	0	5	26	0.992021	0.995528	0.994638	0
PBG05018_fed47a06_f5857de2_1.pod5	e8243114-29c0-46e0-8648-ec2ec1f1c90c	f5857de27f3551c19729b88685e2f7dc6b1955db	1111	1	1895.19	5.7284	1895.3	5.6124	2348	32.0531	unclassified	chr1	107403	109735	9	2348	-	2339	2332	2323	7	0	9	60	0.996167	0.996141	0.993159	0
PBG05018_fed47a06_f5857de2_1.pod5	906f33ee-76bb-41ad-b6ed-a43195ed041b	f5857de27f3551c19729b88685e2f7dc6b1955db	1111	1	1888.49	6.6896	1888.59	6.5928	2341	26.3771	unclassified	chr1	107404	109736	0	2336	+	2338	2330	2321	6	2	9	60	0.997864	0.996137	0.992729	0
PBG05018_fed47a06_f5857de2_37.pod5	c3e11c27-ee9a-4266-9e73-5052587d5808	f5857de27f3551c19729b88685e2f7dc6b1955db	1756	3	37820.3	2.1452	37820.5	1.9956	895	21.0892	unclassified	chr1	107573	108471	3	895	-	898	892	885	0	6	7	33	0.996648	0.992152	0.985523	0
PBG05018_fed47a06_f5857de2_69.pod5	ca38c5eb-f732-46f3-b56f-658544e95cac	f5857de27f3551c19729b88685e2f7dc6b1955db	2946	4	87364.4	8.6168	87364.5	8.52	3009	23.2665	unclassified	chr1	107808	110810	1	3009	+	3012	2998	2991	10	4	7	51	0.999668	0.997665	0.993028	0
PBG05018_fed47a06_f5857de2_69.pod5	21108695-c12a-406e-8caf-8c46c7f7c474	f5857de27f3551c19729b88685e2f7dc6b1955db	2946	4	87340.9	23.0738	87340.9	23.0718	7166	29.5495	unclassified	chr1	107808	114929	7	7139	-	7134	7119	7104	13	2	15	60	0.995255	0.997893	0.995795	0
PBG05018_fed47a06_f5857de2_16.pod5	ff184e1e-7fa8-4907-97ba-96e00d0f37dc	f5857de27f3551c19729b88685e2f7dc6b1955db	1284	2	14902.4	5.012	14902.5	4.9056	2197	25.418	unclassified	chr1	107907	109836	269	2197	-	1929	1928	1921	0	1	7	30	0.87756	0.996369	0.995853	0
PBG05018_fed47a06_f5857de2_24.pod5	e47d68bd-ccef-4feb-a7a5-ed84f153af4d	f5857de27f3551c19729b88685e2f7dc6b1955db	2345	2	23572.7	6.14	23572.9	5.9856	2295	27.1631	unclassified	chr1	108292	110576	0	2289	+	2292	2281	2276	8	3	5	45	0.997386	0.997808	0.993019	0
PBG05018_fed47a06_f5857de2_0.pod5	e1ac9058-a9d6-4257-abff-f2360a46a48e	f5857de27f3551c19729b88685e2f7dc6b1955db	2619	2	1123.03	11.492	1123.16	11.3604	3842	32.1782	unclassified	chr1	108417	112245	6	3842	-	3837	3827	3822	9	1	5	60	0.998438	0.998693	0.996091	0
PBG05018_fed47a06_f5857de2_90.pod5	51dae83a-a5d0-478d-8a1c-9406ecf2e25a	f5857de27f3551c19729b88685e2f7dc6b1955db	1923	4	118273	7.1492	118273	7.0176	2827	25.3875	unclassified	chr1	108636	111452	7	2827	-	2825	2811	2803	9	5	8	38	0.997524	0.997154	0.992212	0
PBG05018_fed47a06_f5857de2_54.pod5	7a4ce517-7c1e-4a30-affb-82ab1aab6b3d	f5857de27f3551c19729b88685e2f7dc6b1955db	1220	1	62857.1	1.5776	62857.2	1.506	601	32.1666	unclassified	chr1	109307	109901	0	591	+	595	590	586	1	4	4	5	0.983361	0.99322	0.984874	0
PBG05018_fed47a06_f5857de2_88.pod5	4eb8ac9b-a0c1-4003-b668-2d531cffd66c	f5857de27f3551c19729b88685e2f7dc6b1955db	2606	1	114145	11.7536	114145	11.58	4322	29.4709	unclassified	chr1	109491	113804	9	4322	-	4318	4308	4302	5	5	6	60	0.997918	0.998607	0.996295	0
PBG05018_fed47a06_f5857de2_79.pod5	8db4df9e-0141-4d70-9477-596fa16284fe	f5857de27f3551c19729b88685e2f7dc6b1955db	406	2	100034	3.6108	100034	3.6088	1362	14.1846	unclassified	chr1	110127	111471	3	1330	-	1349	1322	1292	5	22	30	31	0.974302	0.977307	0.957747	0
PBG05018_fed47a06_f5857de2_77.pod5	b293618a-5c45-4028-812b-b948848e5cfc	f5857de27f3551c19729b88685e2f7dc6b1955db	287	3	96177.9	45.5984	96178	45.492	18137	29.5631	unclassified	chr1	110582	127830	890	18137	+	17258	17237	17188	10	11	49	1	0.950929	0.997157	0.995944	0
PBG05018_fed47a06_f5857de2_23.pod5	6f0b3c12-4b98-413f-9ece-0d8a454b38b1	f5857de27f3551c19729b88685e2f7dc6b1955db	338	2	21747.6	35.12	21747.6	35.118	12099	13.8211	unclassified	chr1	110677	121602	1153	12064	-	10933	10903	10861	8	22	42	30	0.90181	0.996148	0.993414	0
PBG05018_fed47a06_f5857de2_53.pod5	77add2af-575a-49ec-a290-89a8cd1762ac	f5857de27f3551c19729b88685e2f7dc6b1955db	1847	4	62217.5	24.584	62217.6	24.4272	9650	31.532	unclassified	chr1	111853	121497	0	9645	+	9649	9640	9620	5	4	20	60	0.999482	0.997925	0.996994	0
PBG05018_fed47a06_f5857de2_24.pod5	dd44e8c4-8595-4448-ba66-70ca46a65735	f5857de27f3551c19729b88685e2f7dc6b1955db	2590	4	23285.9	4.0196	23286	3.8832	1655	26.6871	unclassified	chr1	112112	113765	0	1649	+	1653	1649	1645	0	4	4	20	0.996375	0.997574	0.99516	0
PBG05018_fed47a06_f5857de2_24.pod5	0f1c230e-8e95-4b96-9418-ce21e143737a	f5857de27f3551c19729b88685e2f7dc6b1955db	2590	4	23280	5.5304	23280.1	5.412	1659	27.5177	unclassified	chr1	112112	113765	6	1659	-	1653	1653	1650	0	0	3	19	0.996383	0.998185	0.998185	0
PBG05018_fed47a06_f5857de2_82.pod5	ba139f37-e25b-4428-b4c3-c4ef0e0b3d20	f5857de27f3551c19729b88685e2f7dc6b1955db	1059	2	104749	30.7016	104749	30.552	11009	27.6162	unclassified	chr1	112292	123292	0	11002	+	11010	10992	10966	10	8	26	60	0.999364	0.997635	0.996004	0
PBG05018_fed47a06_f5857de2_64.pod5	2f31bc6c-9182-4b3a-9e7d-85b2a9f1bbdd	f5857de27f3551c19729b88685e2f7dc6b1955db	540	4	80922.2	6.7748	80922.2	6.7728	2821	20.5518	unclassified	chr1	112515	115313	33	2815	+	2808	2772	2761	10	26	11	60	0.986175	0.996032	0.983262	0
PBG05018_fed47a06_f5857de2_64.pod5	320e1222-c266-4a4f-8a41-846eceb521c6	f5857de27f3551c19729b88685e2f7dc6b1955db	540	4	80914.7	7.5596	80914.8	7.4196	2804	29.1319	unclassified	chr1	112515	115312	9	2804	-	2798	2794	2790	1	3	4	60	0.99679	0.998568	0.997141	0
PBG05018_fed47a06_f5857de2_5.pod5	e8439a3d-037d-4a74-88dd-522f3dbc2919	f5857de27f3551c19729b88685e2f7dc6b1955db	332	3	5445.62	3.1436	5445.74	3.0264	1143	29.2172	unclassified	chr1	112664	113806	0	1143	-	1143	1142	1142	1	0	0	45	1	1	0.999125	0
PBG05018_fed47a06_f5857de2_3.pod5	4f7ed5b5-82b6-43e6-a33a-751f620d5790	f5857de27f3551c19729b88685e2f7dc6b1955db	2334	4	3626.61	57.7112	3626.72	57.5952	22736	28.8678	unclassified	chr1	112709	135430	0	22736	+	22762	22695	22632	41	26	63	60	1	0.997224	0.994289	0
PBG05018_fed47a06_f5857de2_3.pod5	c19bf4d9-8597-411f-afc6-e9d2682ba864	f5857de27f3551c19729b88685e2f7dc6b1955db	2334	4	3684.56	65.6876	3684.71	65.538	24804	26.0807	unclassified	chr1	112709	137286	9	24633	-	24700	24501	24413	123	76	88	60	0.992743	0.996408	0.988381	0
PBG05018_fed47a06_f5857de2_36.pod5	ffbdab4f-0050-4d37-b4b0-7ddfa2825328	f5857de27f3551c19729b88685e2f7dc6b1955db	1165	3	36104.4	6.3566	36104.4	6.3546	2474	9.96383	unclassified	chr1	112781	115265	36	2474	+	2551	2371	2225	67	113	146	10	0.985449	0.938423	0.872207	0
PBG05018_fed47a06_f5857de2_98.pod5	eb132820-d4b9-46dc-8d58-ed1ce26c43ab	f5857de27f3551c19729b88685e2f7dc6b1955db	1224	2	138742	3.1436	138742	2.9796	1001	18.7485	unclassified	chr1	113080	113589	491	1001	-	510	509	509	1	0	0	36	0.50949	1	0.998039	0
PBG05018_fed47a06_f5857de2_32.pod5	354cc1e4-13ba-4d14-bb68-9b2604d43fe0	f5857de27f3551c19729b88685e2f7dc6b1955db	2714	2	32013.4	16.0712	32013.6	15.876	5665	25.9004	unclassified	chr1	113134	118789	0	5659	+	5660	5654	5643	5	1	11	58	0.998941	0.998055	0.996996	0
PBG05018_fed47a06_f5857de2_75.pod5	c6d40e93-6b73-4652-868b-b3278141e4ed	f5857de27f3551c19729b88685e2f7dc6b1955db	2431	2	94049.6	0.7544	94049.7	0.6432	264	24.2721	unclassified	chr1	113269	113521	0	252	+	252	252	252	0	0	0	15	0.954545	1	1	0
PBG05018_fed47a06_f5857de2_91.pod5	0d899be3-b4ba-4d25-bc46-ead1499a499f	f5857de27f3551c19729b88685e2f7dc6b1955db	2119	2	119636	73.6718	119636	73.6698	26490	27.8983	unclassified	chr1	113308	139641	25	26482	+	26508	26282	26181	175	51	101	60	0.998754	0.996157	0.987664	0
PBG05018_fed47a06_f5857de2_91.pod5	41caf833-1503-4351-ad3f-aacb70b59bb1	f5857de27f3551c19729b88685e2f7dc6b1955db	2119	2	119710	61.4832	119710	61.4812	26468	25.5771	unclassified	chr1	113308	139641	8	26432	-	26508	26249	26130	175	84	119	60	0.998338	0.995466	0.98574	0
PBG05018_fed47a06_f5857de2_84.pod5	ad04c637-8677-4303-9c99-b7bc2b748e98	f5857de27f3551c19729b88685e2f7dc6b1955db	840	2	107107	9.296	107107	9.174	3980	30.5559	unclassified	chr1	113668	117646	1	3974	+	3981	3970	3962	3	8	8	60	0.998241	0.997985	0.995227	0
PBG05018_fed47a06_f5857de2_17.pod5	f8d7c2e5-d5eb-46a8-a0b3-ac9fae6fd282	f5857de27f3551c19729b88685e2f7dc6b1955db	1663	3	15532.1	20.0912	15532.2	19.9788	7889	28.839	unclassified	chr1	113748	121631	0	7882	+	7890	7875	7861	7	8	14	56	0.999113	0.998222	0.996324	0
PBG05018_fed47a06_f5857de2_17.pod5	7b9551cd-e507-4b73-aaf2-6131cc1f7e45	f5857de27f3551c19729b88685e2f7dc6b1955db	1663	3	15552.2	18.3272	15552.3	18.2664	7878	21.2907	unclassified	chr1	113748	121630	6	7878	-	7902	7852	7812	20	30	40	60	0.999238	0.994906	0.988611	0
PBG05018_fed47a06_f5857de2_79.pod5	6f35eed3-4a0f-49e8-80e2-28b39bd0a633	f5857de27f3551c19729b88685e2f7dc6b1955db	1364	3	99897.9	23.1092	99898.1	22.8996	6591	26.3194	unclassified	chr1	114217	120802	4	6591	-	6591	6581	6567	6	4	14	53	0.999393	0.997873	0.996359	0
PBG05018_fed47a06_f5857de2_70.pod5	a2cb1f52-9b94-49bf-bd45-51da55a4bda5	f5857de27f3551c19729b88685e2f7dc6b1955db	2855	2	88461	31.4372	88461.2	31.3116	12821	26.9541	unclassified	chr1	114457	127259	13	12821	-	12821	12789	12758	19	13	31	60	0.998986	0.997576	0.995086	0
PBG05018_fed47a06_f5857de2_87.pod5	bcab36ad-6199-4cb2-8d2b-f473ca23af9b	f5857de27f3551c19729b88685e2f7dc6b1955db	149	4	110802	4.2966	110802	4.2946	1479	23.6551	unclassified	chr1	114670	116101	46	1479	+	1433	1431	1426	2	0	5	50	0.968898	0.996506	0.995115	0
PBG05018_fed47a06_f5857de2_84.pod5	253c3280-27f7-4282-8e0b-4bec9189402e	f5857de27f3551c19729b88685e2f7dc6b1955db	1516	3	108496	1.8788	108496	1.7436	838	23.5232	unclassified	chr1	115649	116484	0	838	+	838	835	833	3	0	2	60	1	0.997605	0.994033	0
PBG05018_fed47a06_f5857de2_84.pod5	16f7f93a-a6ec-4334-8648-514ea94ab37f	f5857de27f3551c19729b88685e2f7dc6b1955db	1516	3	108498	39.9296	108498	39.78	16142	28.8965	unclassified	chr1	115649	131795	6	16142	-	16157	16125	16082	11	21	43	60	0.999628	0.997333	0.995358	0
PBG05018_fed47a06_f5857de2_18.pod5	09197ca3-fb5f-42b6-93ba-0895e92f0246	f5857de27f3551c19729b88685e2f7dc6b1955db	2555	2	17104.7	1.982	17104.9	1.83	808	26.786	unclassified	chr1	115759	116545	0	780	+	786	780	778	0	6	2	39	0.965347	0.997436	0.989822	0
PBG05018_fed47a06_f5857de2_43.pod5	5499aae7-dc89-46b2-ab74-e93c99a864d1	f5857de27f3551c19729b88685e2f7dc6b1955db	2288	1	44786.9	8.0924	44787.1	7.9248	3000	28.0367	unclassified	chr1	115915	118914	6	3000	-	3000	2993	2990	1	6	3	27	0.998	0.998998	0.996667	0
PBG05018_fed47a06_f5857de2_75.pod5	1488066c-5171-4763-afbf-e9b7cf698165	f5857de27f3551c19729b88685e2f7dc6b1955db	48	2	93953.9	6.3536	93954	6.246	2506	31.9443	unclassified	chr1	116044	118545	0	2499	+	2503	2497	2495	2	4	2	11	0.997207	0.999199	0.996804	0
PBG05018_fed47a06_f5857de2_62.pod5	bde56ed1-5d67-4829-8927-3fecb5a8b45a	f5857de27f3551c19729b88685e2f7dc6b1955db	2430	4	77232.6	0.582	77232.6	0.58	253	17.4144	unclassified	chr1	116084	116336	3	253	-	252	250	248	0	2	2	0	0.988142	0.992	0.984127	0
PBG05018_fed47a06_f5857de2_30.pod5	a3958ec6-ef61-42ff-8e71-19d618acebc7	f5857de27f3551c19729b88685e2f7dc6b1955db	2802	2	28545.5	1.9324	28545.5	1.9304	875	18.4499	unclassified	chr1	117447	118280	0	845	-	847	831	820	14	2	11	0	0.965714	0.986763	0.968123	0
PBG05018_fed47a06_f5857de2_83.pod5	8dadd776-c436-4282-89ca-63c78a9dc31a	f5857de27f3551c19729b88685e2f7dc6b1955db	896	2	106108	40.8914	106108	40.8894	15982	28.6816	unclassified	chr1	117635	133565	45	15973	+	15945	15913	15863	15	17	50	60	0.996621	0.996858	0.994857	0
PBG05018_fed47a06_f5857de2_31.pod5	d6b1e1d0-7283-466f-aca8-05d38f80eb8e	f5857de27f3551c19729b88685e2f7dc6b1955db	2813	2	30786	19.508	30786.1	19.4148	7932	27.765	unclassified	chr1	117640	125571	1	7923	+	7937	7916	7902	6	15	14	60	0.998739	0.998231	0.99559	0
PBG05018_fed47a06_f5857de2_31.pod5	f861f187-7716-496b-8a35-b542e6865a03	f5857de27f3551c19729b88685e2f7dc6b1955db	2813	2	30766	19.97	30766.2	19.8516	7940	26.2882	unclassified	chr1	117640	125571	5	7940	-	7948	7918	7903	17	13	15	60	0.99937	0.998106	0.994338	0
PBG05018_fed47a06_f5857de2_81.pod5	0aafcb66-018c-4dfe-92b5-d7e5fdf22ad4	f5857de27f3551c19729b88685e2f7dc6b1955db	1152	2	102657	4.4764	102657	4.4744	1895	19.0441	unclassified	chr1	117646	119503	40	1885	+	1864	1838	1825	7	19	13	17	0.973615	0.992927	0.979077	0
PBG05018_fed47a06_f5857de2_88.pod5	f291bdde-cd7a-4556-b585-4cd12f34bb29	f5857de27f3551c19729b88685e2f7dc6b1955db	1295	2	114262	26.2182	114262	26.2162	10549	29.8319	unclassified	chr1	117669	128185	6	10518	-	10524	10504	10487	8	12	17	60	0.996493	0.998382	0.996484	0
PBG05018_fed47a06_f5857de2_70.pod5	c419e241-7955-445d-8a30-e88b2b25fce8	f5857de27f3551c19729b88685e2f7dc6b1955db	817	1	88546.5	9.9548	88546.7	9.8076	4361	24.7202	unclassified	chr1	117776	122126	0	4353	+	4360	4343	4321	10	7	22	1	0.998166	0.994934	0.991055	0
PBG05018_fed47a06_f5857de2_63.pod5	170a8fcc-f49a-4052-84a5-68257a7a546b	f5857de27f3551c19729b88685e2f7dc6b1955db	836	4	78833.7	11.5004	78833.8	11.418	5650	20.3566	unclassified	chr1	118010	120916	2743	5650	-	2910	2903	2897	4	3	6	34	0.514513	0.997933	0.995533	0
PBG05018_fed47a06_f5857de2_85.pod5	e4e95ce3-3c99-4633-8b0f-59ea3c5db3df	f5857de27f3551c19729b88685e2f7dc6b1955db	178	2	109726	10.8368	109726	10.7016	4375	37.3942	unclassified	chr1	118419	122778	9	4375	-	4369	4356	4345	10	3	11	1	0.997943	0.997475	0.994507	0
PBG05018_fed47a06_f5857de2_54.pod5	c0ce8ca2-a611-4865-8dfa-eb8563612b90	f5857de27f3551c19729b88685e2f7dc6b1955db	651	1	64683	2.882	64683.2	2.706	910	38.1261	unclassified	chr1	118543	119453	0	910	+	910	910	909	0	0	1	4	1	0.998901	0.998901	0
PBG05018_fed47a06_f5857de2_51.pod5	e09524af-5e20-407b-b374-7e55ac24e673	f5857de27f3551c19729b88685e2f7dc6b1955db	797	4	60182.2	15.2636	60182.3	15.1404	5418	31.9644	unclassified	chr1	118757	124163	0	5409	+	5411	5404	5393	5	2	11	60	0.998339	0.997964	0.996673	0
PBG05018_fed47a06_f5857de2_10.pod5	543cea2a-705b-4784-af3b-d4e9a045c430	f5857de27f3551c19729b88685e2f7dc6b1955db	1154	3	10152.8	19.1636	10152.9	19.0008	5643	29.238	unclassified	chr1	118821	124453	6	5643	-	5640	5629	5620	8	3	9	60	0.998937	0.998401	0.996454	0
PBG05018_fed47a06_f5857de2_48.pod5	29fc271f-744c-4f55-9eed-5e6ad42e717c	f5857de27f3551c19729b88685e2f7dc6b1955db	537	2	54442.4	12.632	54442.6	12.4992	4937	29.4469	unclassified	chr1	119255	124199	0	4937	-	4944	4937	4929	0	7	8	60	1	0.99838	0.996966	0
PBG05018_fed47a06_f5857de2_98.pod5	14242270-123e-441c-b534-47e8441f8c18	f5857de27f3551c19729b88685e2f7dc6b1955db	1722	2	137449	9.5576	137449	9.5556	3577	32.3452	unclassified	chr1	119496	123035	7	3545	-	3541	3536	3530	2	3	6	41	0.989097	0.998303	0.996894	0
PBG05018_fed47a06_f5857de2_1.pod5	73812960-2016-4bb8-8820-2a1c0523a410	f5857de27f3551c19729b88685e2f7dc6b1955db	2660	2	1450.19	2.4548	1450.44	2.1996	773	31.5835	unclassified	chr1	119635	120398	10	773	-	763	763	762	0	0	1	30	0.987063	0.998689	0.998689	0
PBG05018_fed47a06_f5857de2_100.pod5	9c57d3a1-f104-401e-b56a-7a5e2a64c118	f5857de27f3551c19729b88685e2f7dc6b1955db	582	3	146033	6.0332	146033	5.9148	2370	31.7387	unclassified	chr1	119790	122153	8	2370	-	2364	2361	2355	1	2	6	34	0.996624	0.997459	0.996193	0
PBG05018_fed47a06_f5857de2_48.pod5	ae05731c-75eb-44a6-972b-f88057d2db6e	f5857de27f3551c19729b88685e2f7dc6b1955db	56	4	53494.8	2.8688	53494.9	2.724	1000	26.6782	unclassified	chr1	119829	120824	4	1000	-	997	994	992	2	1	2	35	0.996	0.997988	0.994985	0
PBG05018_fed47a06_f5857de2_0.pod5	d01c88a4-d372-461a-bda0-038c41f38ca6	f5857de27f3551c19729b88685e2f7dc6b1955db	55	1	1317.93	6.098	1318.13	5.898	2095	29.4219	unclassified	chr1	119848	121947	0	2095	+	2099	2095	2092	0	4	3	60	1	0.998568	0.996665	0
PBG05018_fed47a06_f5857de2_79.pod5	0d532fe9-3f9a-48a4-92eb-c8e486ded0c7	f5857de27f3551c19729b88685e2f7dc6b1955db	2140	2	100067	17.8412	100067	17.7576	7106	27.0965	unclassified	chr1	119853	126956	9	7106	-	7109	7091	7078	6	12	13	60	0.998733	0.998167	0.995639	0
PBG05018_fed47a06_f5857de2_0.pod5	357c6972-314f-40bd-a398-7c15ebc851be	f5857de27f3551c19729b88685e2f7dc6b1955db	2542	2	1058.56	5.6096	1058.74	5.4288	2084	25.5182	unclassified	chr1	120571	122639	0	2072	+	2072	2068	2059	4	0	9	1	0.994242	0.995648	0.993726	0
PBG05018_fed47a06_f5857de2_43.pod5	97a62847-5f2e-4516-8dda-d396cdfe0a61	f5857de27f3551c19729b88685e2f7dc6b1955db	2562	3	45078.1	8.6192	45078.2	8.4888	3536	28.3053	unclassified	chr1	120635	124167	0	3531	+	3534	3529	3522	2	3	7	60	0.998586	0.998016	0.996604	0
PBG05018_fed47a06_f5857de2_43.pod5	ef91fc46-c96d-4353-99c2-3e576d213189	f5857de27f3551c19729b88685e2f7dc6b1955db	2562	3	45068.6	9.3656	45068.7	9.2208	3547	20.4626	unclassified	chr1	120635	124168	7	3547	-	3550	3523	3508	17	10	15	60	0.998026	0.995742	0.988169	0
PBG05018_fed47a06_f5857de2_63.pod5	9e30a7ad-604c-43bb-8ab7-55137f952e98	f5857de27f3551c19729b88685e2f7dc6b1955db	6	4	79432.6	18.1652	79432.8	18.0252	7160	28.9494	unclassified	chr1	120832	127983	7	7160	-	7158	7146	7130	7	5	16	60	0.999022	0.997761	0.996088	0
PBG05018_fed47a06_f5857de2_48.pod5	6adb543e-1bc8-41cd-a7a2-4199a5197a4d	f5857de27f3551c19729b88685e2f7dc6b1955db	671	2	53857.3	17.4908	53857.3	17.4888	6860	21.7165	unclassified	chr1	120905	124352	3410	6825	-	3455	3407	3398	8	40	9	1	0.497813	0.997358	0.983502	0
PBG05018_fed47a06_f5857de2_63.pod5	a17f4aad-2965-408d-85ff-91fc77e56720	f5857de27f3551c19729b88685e2f7dc6b1955db	548	3	78651.2	8.6792	78651.3	8.5368	3376	32.1715	unclassified	chr1	120950	124324	0	3376	-	3378	3372	3367	4	2	5	60	1	0.998517	0.996744	0
PBG05018_fed47a06_f5857de2_66.pod5	5c8d5a98-6b22-4a76-b871-b97b0cf8afc5	f5857de27f3551c19729b88685e2f7dc6b1955db	1813	1	83477.2	8.3372	83477.3	8.2116	3387	20.2564	unclassified	chr1	120980	124365	0	3387	-	3399	3373	3359	14	12	14	60	1	0.995849	0.988232	0
PBG05018_fed47a06_f5857de2_80.pod5	5798c79b-a8fd-4965-acd6-7c922413aa59	f5857de27f3551c19729b88685e2f7dc6b1955db	2354	2	101381	2.9144	101381	2.808	1315	23.1618	unclassified	chr1	121139	122443	13	1315	-	1305	1301	1298	1	3	3	1	0.990114	0.997694	0.994636	0
PBG05018_fed47a06_f5857de2_4.pod5	4ac29c98-bef5-46e1-b3dc-db5279deb5df	f5857de27f3551c19729b88685e2f7dc6b1955db	2702	2	5017.21	2.606	5017.35	2.472	937	35.5728	unclassified	chr1	122371	123301	8	937	-	930	929	926	0	1	3	0	0.991462	0.996771	0.995699	0
PBG05018_fed47a06_f5857de2_14.pod5	0df1ff5e-dc52-4a22-b392-76d85d9e4cee	f5857de27f3551c19729b88685e2f7dc6b1955db	2527	3	14164.3	6.296	14164.4	6.168	2190	31.706	unclassified	chr1	122418	124601	7	2190	-	2184	2182	2179	1	1	3	60	0.996804	0.998625	0.997711	0
PBG05018_fed47a06_f5857de2_17.pod5	3091be39-c9f9-4e59-a087-8a48181f7d59	f5857de27f3551c19729b88685e2f7dc6b1955db	2177	3	15563.8	4.706	15563.9	4.542	1685	30.029	unclassified	chr1	122439	124118	6	1685	-	1683	1675	1673	4	4	2	24	0.996439	0.998806	0.994058	0
PBG05018_fed47a06_f5857de2_78.pod5	1be3f99b-5b61-4d4b-b8c4-cf18aa0d8e13	f5857de27f3551c19729b88685e2f7dc6b1955db	1264	1	99204	4.9568	99204.1	4.8264	1952	22.1557	unclassified	chr1	122548	124490	0	1945	+	1953	1934	1923	11	8	11	50	0.996414	0.994312	0.984639	0
PBG05018_fed47a06_f5857de2_111.pod5	563d7413-dce4-4b50-9229-72f1c88f31d9	f5857de27f3551c19729b88685e2f7dc6b1955db	966	3	185877	2.39	185877	2.2584	666	21.8312	unclassified	chr1	122638	123298	8	666	-	660	658	658	0	2	0	48	0.987988	1	0.99697	0
PBG05018_fed47a06_f5857de2_53.pod5	78a2e55e-384e-4981-9c4a-3fbc5c3da357	f5857de27f3551c19729b88685e2f7dc6b1955db	2717	3	61200.8	4.0124	61201	3.9036	1533	29.814	unclassified	chr1	122835	124358	0	1526	+	1528	1521	1519	5	2	2	60	0.995434	0.998685	0.99411	0
PBG05018_fed47a06_f5857de2_82.pod5	ea3ad88e-3d39-4f73-a52a-a6b18623fe4e	f5857de27f3551c19729b88685e2f7dc6b1955db	1896	3	103761	2.9108	103761	2.7804	1077	31.1747	unclassified	chr1	123030	124107	0	1077	+	1079	1075	1071	2	2	4	60	1	0.996279	0.992586	0
PBG05018_fed47a06_f5857de2_67.pod5	6a261fb8-984f-416f-ac5e-d3ea3a90c34a	f5857de27f3551c19729b88685e2f7dc6b1955db	2831	1	84426.1	10.2536	84426.2	10.0776	3837	25.144	unclassified	chr1	123651	127495	5	3837	-	3849	3827	3820	5	17	7	60	0.998697	0.998171	0.992466	0
PBG05018_fed47a06_f5857de2_90.pod5	d92faff6-43e4-407f-a48d-d007fba0d561	f5857de27f3551c19729b88685e2f7dc6b1955db	149	2	118617	0.3212	118617	0.2028	89	15.9707	unclassified	chr1	123868	123955	2	89	-	87	87	87	0	0	0	0	0.977528	1	1	0
PBG05018_fed47a06_f5857de2_17.pod5	20ae5436-6868-4522-9790-807ef6be817f	f5857de27f3551c19729b88685e2f7dc6b1955db	1798	2	16003.8	18.932	16003.9	18.8184	6386	30.0462	unclassified	chr1	123963	130357	6	6386	-	6395	6379	6360	1	15	19	54	0.99906	0.997021	0.994527	0
PBG05018_fed47a06_f5857de2_64.pod5	a8222a92-f2f4-4877-9964-615255980fc4	f5857de27f3551c19729b88685e2f7dc6b1955db	2112	3	80433.5	1.022	80433.6	0.9204	392	25.1407	unclassified	chr1	124382	124762	13	392	-	380	379	379	0	1	0	0	0.966837	1	0.997368	0
PBG05018_fed47a06_f5857de2_54.pod5	b4cd79ce-948a-4105-a9ee-7d7adf0a6cd8	f5857de27f3551c19729b88685e2f7dc6b1955db	733	2	64515.6	0.53	64515.7	0.4068	179	16.1875	unclassified	chr1	124736	124911	2	178	-	176	175	172	1	0	3	1	0.98324	0.982857	0.977273	0
PBG05018_fed47a06_f5857de2_0.pod5	0808ec87-9efe-4115-9eec-477c34b23d53	f5857de27f3551c19729b88685e2f7dc6b1955db	328	3	644.354	25.7516	644.356	25.7496	9187	10.9485	unclassified	chr1	125081	134382	10	9143	-	9477	8957	8538	176	344	419	42	0.994122	0.953221	0.900918	0
PBG05018_fed47a06_f5857de2_79.pod5	d655928e-a481-467a-8ff9-a23d0a288864	f5857de27f3551c19729b88685e2f7dc6b1955db	425	4	99805.6	2.2822	99805.6	2.2802	828	10.8525	unclassified	chr1	125554	126342	11	795	-	807	765	732	19	23	33	1	0.94686	0.956863	0.907063	0
PBG05018_fed47a06_f5857de2_2.pod5	c87caace-f303-4f02-bd71-a92da8d0a3fc	f5857de27f3551c19729b88685e2f7dc6b1955db	1367	2	3031.82	27.548	3032.03	27.3348	8486	28.7324	unclassified	chr1	125741	134221	0	8480	+	8495	8465	8454	15	15	11	60	0.999293	0.998701	0.995174	0
PBG05018_fed47a06_f5857de2_50.pod5	c8697dcf-f21c-43c6-9ed6-c05d169afc36	f5857de27f3551c19729b88685e2f7dc6b1955db	2685	1	57961	7.239	57961	7.237	2297	17.3356	unclassified	chr1	126357	128648	3	2297	+	2310	2275	2249	19	16	26	0	0.998694	0.988571	0.973593	0
PBG05018_fed47a06_f5857de2_7.pod5	cd3b14e6-2aa5-4ef1-878e-631db46679b2	f5857de27f3551c19729b88685e2f7dc6b1955db	170	3	7823.95	1.6916	7824.05	1.5924	898	25.3627	unclassified	chr1	126932	127832	0	898	+	900	898	893	0	2	5	34	1	0.994432	0.992222	0
PBG05018_fed47a06_f5857de2_75.pod5	6b99d02a-86e7-489e-bf25-5bf6edca82b8	f5857de27f3551c19729b88685e2f7dc6b1955db	1792	3	94262.7	8.5376	94262.9	8.3904	3220	30.7182	unclassified	chr1	127388	130607	0	3218	+	3223	3214	3209	4	5	5	60	0.999379	0.998444	0.995656	0
PBG05018_fed47a06_f5857de2_49.pod5	4d60ca84-03bb-435a-96fc-ef7365a37fc3	f5857de27f3551c19729b88685e2f7dc6b1955db	2457	4	55061.9	15.3404	55061.9	15.3384	4951	25.3675	unclassified	chr1	127421	132328	6	4912	-	4911	4902	4887	4	5	15	53	0.990911	0.99694	0.995113	0
PBG05018_fed47a06_f5857de2_70.pod5	63111d6c-dc5c-497d-882a-43a65885a57f	f5857de27f3551c19729b88685e2f7dc6b1955db	378	4	88604.4	8.4584	88604.6	8.2776	3254	28.4073	unclassified	chr1	127585	130848	0	3254	-	3265	3252	3247	2	11	5	46	1	0.998462	0.994487	0
PBG05018_fed47a06_f5857de2_47.pod5	c47e138c-d65a-4961-a3ad-6027b98ff81b	f5857de27f3551c19729b88685e2f7dc6b1955db	809	3	52609	3.6752	52609.1	3.5832	1278	14.957	unclassified	chr1	127781	128897	185	1278	-	1117	1092	1072	1	24	20	44	0.855243	0.981685	0.959714	0
PBG05018_fed47a06_f5857de2_62.pod5	5d1aa194-be4d-481b-be61-4cca50f0a262	f5857de27f3551c19729b88685e2f7dc6b1955db	1301	2	77945.8	7.6328	77945.9	7.5096	2349	19.4838	unclassified	chr1	127790	128989	1145	2349	-	1204	1199	1197	5	0	2	32	0.512559	0.998332	0.994186	0
PBG05018_fed47a06_f5857de2_96.pod5	ff839e90-6acf-4e18-b28e-3c1e5b40e13b	f5857de27f3551c19729b88685e2f7dc6b1955db	1488	2	134529	115.194	134529	115.046	40789	26.6214	unclassified	chr1	127810	168320	0	40783	+	40870	40423	40203	360	87	220	23	0.999853	0.994558	0.98368	0
PBG05018_fed47a06_f5857de2_45.pod5	e312384d-e0eb-4624-b368-3cad817e09f9	f5857de27f3551c19729b88685e2f7dc6b1955db	2431	4	47914.1	1.892	47914.4	1.5732	371	24.1359	unclassified	chr1	128205	128567	0	362	+	362	362	360	0	0	2	0	0.975741	0.994475	0.994475	0
PBG05018_fed47a06_f5857de2_81.pod5	39931068-9b66-42e0-ac88-e5553ca31eac	f5857de27f3551c19729b88685e2f7dc6b1955db	1191	2	102198	24.7016	102198	24.6996	9697	10.1921	unclassified	chr1	128213	137780	32	9694	+	10094	9135	8601	527	432	534	47	0.996391	0.941544	0.85209	0
PBG05018_fed47a06_f5857de2_30.pod5	fc997046-4f50-4937-b29a-44c62bd5770a	f5857de27f3551c19729b88685e2f7dc6b1955db	699	2	29068.3	8.0936	29068.4	7.9572	2927	15.4986	unclassified	chr1	128501	131422	0	2927	+	2965	2883	2841	44	38	42	38	1	0.985432	0.958179	0
PBG05018_fed47a06_f5857de2_76.pod5	9ca5562e-6c45-4b65-95b1-0310a98656e4	f5857de27f3551c19729b88685e2f7dc6b1955db	2083	2	95210.4	5.0072	95210.6	4.8756	1910	28.1437	unclassified	chr1	128860	130766	7	1910	-	1906	1903	1900	0	3	3	42	0.996335	0.998424	0.996852	0
PBG05018_fed47a06_f5857de2_34.pod5	25a974c5-163c-4d54-b051-5aacc062abe7	f5857de27f3551c19729b88685e2f7dc6b1955db	199	3	33325.3	43.0748	33325.4	42.9312	16640	28.3128	unclassified	chr1	128988	145367	0	16636	+	16680	16335	16279	301	44	56	60	0.99976	0.996572	0.975959	0
PBG05018_fed47a06_f5857de2_110.pod5	684c5267-cf25-43a3-b3a3-395c557741b1	f5857de27f3551c19729b88685e2f7dc6b1955db	845	3	179764	12.1604	179764	12.0804	4644	29.6821	unclassified	chr1	129018	133670	0	4644	+	4653	4643	4629	1	9	14	39	1	0.996985	0.994842	0
PBG05018_fed47a06_f5857de2_110.pod5	bee435d6-b63e-4462-ad6f-f875c0bf4f12	f5857de27f3551c19729b88685e2f7dc6b1955db	845	3	179776	28.892	179777	28.74	12254	25.7652	unclassified	chr1	129018	140396	7	11519	-	11543	11347	11277	165	31	70	31	0.939448	0.993831	0.976956	0
PBG05018_fed47a06_f5857de2_0.pod5	e7b3196e-90b9-4e5b-ba5c-2ff707d6280d	f5857de27f3551c19729b88685e2f7dc6b1955db	14	1	870.125	7.2956	870.235	7.1856	3057	26.3549	unclassified	chr1	129112	132162	0	3052	+	3055	3047	3040	5	3	7	46	0.998364	0.997703	0.99509	0
PBG05018_fed47a06_f5857de2_0.pod5	6e63cb4c-c7a6-417b-9c34-652739f97176	f5857de27f3551c19729b88685e2f7dc6b1955db	14	1	861.518	8.4356	861.677	8.2764	3049	31.8387	unclassified	chr1	129112	132161	7	3049	-	3049	3042	3039	0	7	3	34	0.997704	0.999014	0.99672	0
PBG05018_fed47a06_f5857de2_67.pod5	da18aee0-6c89-4a04-838b-309f325cb5c1	f5857de27f3551c19729b88685e2f7dc6b1955db	1871	4	84105.9	18.9668	84106.1	18.8256	6707	25.7919	unclassified	chr1	129123	134014	1822	6702	+	4892	4879	4873	1	12	6	37	0.727598	0.99877	0.996116	0
PBG05018_fed47a06_f5857de2_54.pod5	f3d1adf0-01d6-4998-b124-06eca404d27e	f5857de27f3551c19729b88685e2f7dc6b1955db	1065	4	64246.9	11.3192	64247	11.2416	5031	19.4118	unclassified	chr1	129183	133999	0	4830	+	4841	4805	4772	25	11	33	60	0.960048	0.993132	0.985747	0
PBG05018_fed47a06_f5857de2_124.pod5	6b8197fd-05ac-422e-9d81-caf9beb30f57	f5857de27f3551c19729b88685e2f7dc6b1955db	1410	3	230895	25.4726	230895	25.4706	10220	16.3975	unclassified	chr1	129316	139194	19	10187	-	10289	9757	9608	411	121	149	60	0.994912	0.984729	0.933813	0
PBG05018_fed47a06_f5857de2_98.pod5	c25726ab-bb41-41bf-80d2-27b3c30e348a	f5857de27f3551c19729b88685e2f7dc6b1955db	1194	4	138748	6.6586	138748	6.6566	2356	12.1136	unclassified	chr1	129339	131683	35	2354	+	2393	2270	2203	49	74	67	8	0.984295	0.970485	0.920602	0
PBG05018_fed47a06_f5857de2_89.pod5	116af806-1fde-4c51-8e35-1bda079ed31c	f5857de27f3551c19729b88685e2f7dc6b1955db	673	3	116517	11.9634	116517	11.9614	4828	30.6757	unclassified	chr1	129559	134358	3	4796	-	4802	4790	4776	3	9	14	59	0.992751	0.997077	0.994586	0
PBG05018_fed47a06_f5857de2_18.pod5	f3abb993-ee63-4478-b76e-23847ff230d9	f5857de27f3551c19729b88685e2f7dc6b1955db	2908	3	16509.4	23.4392	16509.5	23.3112	6064	22.4385	unclassified	chr1	130063	136116	7	6064	-	6073	6037	6020	20	16	17	60	0.998846	0.997184	0.991273	0
PBG05018_fed47a06_f5857de2_74.pod5	2e5208ff-7dc5-4e9c-b16b-98fcc25aae2d	f5857de27f3551c19729b88685e2f7dc6b1955db	1351	4	93272.9	25.6304	93273	25.5336	10823	26.1002	unclassified	chr1	130088	140396	6	10441	-	10469	10274	10206	161	34	68	60	0.96415	0.993381	0.974878	0
PBG05018_fed47a06_f5857de2_75.pod5	f18c5207-009f-4188-82fa-088cf6ee5e33	f5857de27f3551c19729b88685e2f7dc6b1955db	2817	2	94633.1	0.991	94633.1	0.989	394	24.7781	unclassified	chr1	130223	130582	11	367	-	359	356	354	0	3	2	0	0.903553	0.994382	0.986072	0
PBG05018_fed47a06_f5857de2_55.pod5	af32059f-d7d9-442e-b5b3-f7445116a371	f5857de27f3551c19729b88685e2f7dc6b1955db	2685	1	66873.5	2.6376	66873.5	2.6356	958	14.0028	unclassified	chr1	130232	131193	2	958	+	975	942	910	14	19	32	0	0.997912	0.96603	0.933333	0
PBG05018_fed47a06_f5857de2_26.pod5	7a9330e0-c47a-4b6e-8191-ddbeb31f7b5b	f5857de27f3551c19729b88685e2f7dc6b1955db	2558	1	25310.2	17.3338	25310.2	17.3318	5735	28.8378	unclassified	chr1	130367	136062	42	5728	+	5695	5686	5671	0	9	15	60	0.991456	0.997362	0.995786	0
PBG05018_fed47a06_f5857de2_106.pod5	93932c25-b0cf-4bea-b8de-87e5004c38c9	f5857de27f3551c19729b88685e2f7dc6b1955db	2975	2	166059	11.402	166059	11.3124	4345	24.8292	unclassified	chr1	130399	134166	572	4333	+	3776	3752	3745	9	15	7	33	0.865593	0.998134	0.99179	0
PBG05018_fed47a06_f5857de2_68.pod5	668db9f6-5d58-4295-a677-1b5d066d8bf5	f5857de27f3551c19729b88685e2f7dc6b1955db	130	3	85356.1	2.954	85356.3	2.7924	976	27.9846	unclassified	chr1	130716	131685	0	967	+	969	967	966	0	2	1	23	0.990779	0.998966	0.996904	0
PBG05018_fed47a06_f5857de2_58.pod5	1a8a5a1b-b0ad-41c5-908f-5d6b4adf9f81	f5857de27f3551c19729b88685e2f7dc6b1955db	681	3	74995.9	5.5272	74995.9	5.5252	1492	27.2441	unclassified	chr1	130815	132248	6	1444	-	1438	1433	1428	5	0	5	18	0.963807	0.996511	0.993046	0
PBG05018_fed47a06_f5857de2_8.pod5	e492cff9-5c8c-4793-a00c-ffb084a59ae3	f5857de27f3551c19729b88685e2f7dc6b1955db	2237	2	8025.51	9.812	8025.68	9.6384	3723	29.6832	unclassified	chr1	132167	135891	0	3715	+	3726	3713	3706	2	11	7	60	0.997851	0.998115	0.994632	0
PBG05018_fed47a06_f5857de2_77.pod5	d55de554-2a6d-4f22-a039-8366aaefaeda	f5857de27f3551c19729b88685e2f7dc6b1955db	1345	2	97472.8	15.7204	97472.8	15.7184	4778	30.2055	unclassified	chr1	132240	136987	30	4774	+	4749	4742	4734	2	5	8	60	0.992884	0.998313	0.996841	0
PBG05018_fed47a06_f5857de2_55.pod5	f747f6b1-9c5b-4e7a-bc5e-ee3b6ea47fc0	f5857de27f3551c19729b88685e2f7dc6b1955db	2685	1	66916.9	0.9464	66916.9	0.9444	364	15.7267	unclassified	chr1	132322	132675	0	364	-	367	350	344	14	3	6	0	1	0.982857	0.93733	0
PBG05018_fed47a06_f5857de2_33.pod5	7ed51628-f65a-4ae6-ae99-ead3fd2e38d6	f5857de27f3551c19729b88685e2f7dc6b1955db	2595	4	32281.7	16.142	32281.9	15.9708	5821	27.1456	unclassified	chr1	132324	137834	0	5814	+	5815	5509	5503	305	1	6	60	0.998797	0.998911	0.946346	0
PBG05018_fed47a06_f5857de2_68.pod5	ca800cb0-a48c-4b0e-921a-08b9bf2493e9	f5857de27f3551c19729b88685e2f7dc6b1955db	1786	2	86268.2	22.058	86268.3	21.9132	8691	29.1303	unclassified	chr1	132455	140844	7	8691	-	8687	8386	8368	298	3	18	60	0.999195	0.997854	0.963278	0
PBG05018_fed47a06_f5857de2_6.pod5	3a1d8917-dc71-4bdd-9997-bf12a2fef4f3	f5857de27f3551c19729b88685e2f7dc6b1955db	1114	3	6718.56	7.0914	6718.57	7.0894	1745	3.99748	unclassified	chr1	133057	133544	36	518	+	503	466	440	16	21	26	11	0.276218	0.944206	0.874752	0
PBG05018_fed47a06_f5857de2_90.pod5	40d7171b-be23-43fa-bc11-7748161c09e8	f5857de27f3551c19729b88685e2f7dc6b1955db	526	1	118883	12.7772	118883	12.7752	5552	10.9059	unclassified	chr1	133202	138504	52	5545	+	5699	5096	4883	397	206	213	60	0.989373	0.958203	0.856817	0
PBG05018_fed47a06_f5857de2_20.pod5	72f9eb45-b20d-4771-91e9-6e8108ec4afe	f5857de27f3551c19729b88685e2f7dc6b1955db	296	2	18535.9	12.8228	18536	12.6936	4552	29.0947	unclassified	chr1	133608	138018	0	4546	+	4558	4398	4355	148	12	43	39	0.998682	0.990223	0.955463	0
PBG05018_fed47a06_f5857de2_70.pod5	f912fe16-3a87-4dec-ad7b-c140cdaf592b	f5857de27f3551c19729b88685e2f7dc6b1955db	2285	2	88649.1	15.2624	88649.2	15.1116	5571	26.4862	unclassified	chr1	133735	139163	0	5562	+	5582	5408	5367	154	20	41	60	0.998384	0.992419	0.961483	0
PBG05018_fed47a06_f5857de2_11.pod5	cd1f513e-c6e7-49e3-bc00-6b3eddd873fe	f5857de27f3551c19729b88685e2f7dc6b1955db	812	2	11454.4	0.776	11454.5	0.6624	301	21.1636	unclassified	chr1	134690	134990	0	301	+	301	300	300	1	0	0	0	1	1	0.996678	0
PBG05018_fed47a06_f5857de2_21.pod5	f1b66139-06d3-4bb9-bd1a-e0ea2b43023d	f5857de27f3551c19729b88685e2f7dc6b1955db	1013	2	20163.8	8.7888	20163.8	8.7868	4138	28.2129	unclassified	chr1	134771	138249	0	4104	-	4109	3473	3425	631	5	48	41	0.991783	0.986179	0.833536	0
PBG05018_fed47a06_f5857de2_98.pod5	a305a78f-fef1-4d3c-9a64-c65b6e235532	f5857de27f3551c19729b88685e2f7dc6b1955db	1194	4	138763	4.564	138763	4.562	1493	11.4904	unclassified	chr1	134928	136422	5	1493	+	1527	1455	1371	33	39	84	21	0.996651	0.942268	0.897839	0
PBG05018_fed47a06_f5857de2_83.pod5	c73f69dc-d4ed-4f60-8e39-941d3c0ba4aa	f5857de27f3551c19729b88685e2f7dc6b1955db	2180	2	106687	56.2132	106687	56.2112	15424	18.9516	unclassified	chr1	135021	150083	0	15390	-	15487	14965	14829	425	97	136	60	0.997796	0.990912	0.957513	0
PBG05018_fed47a06_f5857de2_79.pod5	a4c567d8-c7ff-4167-a66a-fefd4f562fcb	f5857de27f3551c19729b88685e2f7dc6b1955db	1550	3	99699.4	1.6448	99699.6	1.4976	613	28.8175	unclassified	chr1	135081	135685	9	613	-	604	604	604	0	0	0	60	0.985318	1	1	0
PBG05018_fed47a06_f5857de2_64.pod5	63e6869f-ab1e-4c40-b1d4-4931cd79016b	f5857de27f3551c19729b88685e2f7dc6b1955db	2572	3	80925.4	13.3796	80925.9	12.8292	4888	32.1135	unclassified	chr1	135447	140178	0	4879	+	4882	4728	4686	151	3	42	60	0.998159	0.991117	0.959853	0
PBG05018_fed47a06_f5857de2_69.pod5	f99dd5dd-dbaf-44d4-b3cb-187bc5ad1ab2	f5857de27f3551c19729b88685e2f7dc6b1955db	900	3	86745.2	13.01	86745.4	12.8976	6305	23.3502	unclassified	chr1	136140	142139	0	6297	+	6306	5990	5967	307	9	23	60	0.998731	0.99616	0.946242	0
PBG05018_fed47a06_f5857de2_25.pod5	f7cbb20c-1790-446e-a732-ea826efaa4f0	f5857de27f3551c19729b88685e2f7dc6b1955db	1912	2	24598.9	13.5356	24598.9	13.5336	4489	15.1205	unclassified	chr1	136326	140275	287	4479	+	4196	3945	3917	247	4	28	60	0.933838	0.992902	0.933508	0
PBG05018_fed47a06_f5857de2_100.pod5	bcb591ed-8b88-4840-9dbb-bee9da7a9dd8	f5857de27f3551c19729b88685e2f7dc6b1955db	1471	4	143729	2.2304	143729	2.1516	763	20.9406	unclassified	chr1	137544	138298	0	752	+	754	752	750	0	2	2	48	0.985583	0.99734	0.994695	0
PBG05018_fed47a06_f5857de2_65.pod5	6fbef609-fad7-4583-b601-ef0336886d41	f5857de27f3551c19729b88685e2f7dc6b1955db	2336	2	81972	11.5926	81972	11.5906	5102	17.4229	unclassified	chr1	137662	140261	35	2631	+	2600	2595	2588	1	4	7	58	0.50882	0.997303	0.995385	0
PBG05018_fed47a06_f5857de2_38.pod5	febe0fd7-96b4-4d92-b461-c838826ff0db	f5857de27f3551c19729b88685e2f7dc6b1955db	1078	1	39809.9	13.9604	39810	13.8396	4189	26.4219	unclassified	chr1	137720	141903	0	4182	+	4186	4179	4166	3	4	13	60	0.998329	0.996889	0.995222	0
PBG05018_fed47a06_f5857de2_103.pod5	5b8c295e-2110-48d0-bcbf-3345b149e787	f5857de27f3551c19729b88685e2f7dc6b1955db	926	4	154990	2.6588	154990	2.5476	1298	27.8778	unclassified	chr1	138207	139506	0	1298	-	1300	1297	1295	1	2	2	60	1	0.998458	0.996154	0
PBG05018_fed47a06_f5857de2_98.pod5	0560d788-7827-4fde-b960-47007b710842	f5857de27f3551c19729b88685e2f7dc6b1955db	1194	4	138774	1.7258	138774	1.7238	629	8.63822	unclassified	chr1	138526	139169	4	627	+	662	604	565	19	39	39	17	0.990461	0.93543	0.853474	0
PBG05018_fed47a06_f5857de2_40.pod5	807fecde-976c-4444-ad70-f635425f1d23	f5857de27f3551c19729b88685e2f7dc6b1955db	1854	1	42344.5	15.8252	42344.6	15.6708	5486	31.4497	unclassified	chr1	138565	144045	0	5480	+	5483	5477	5454	3	3	23	60	0.998906	0.995801	0.994711	0
PBG05018_fed47a06_f5857de2_88.pod5	18f832dc-157b-4802-af9d-8b3b4cd2280b	f5857de27f3551c19729b88685e2f7dc6b1955db	1973	2	113263	1.4548	113263	1.4528	571	17.9069	unclassified	chr1	138635	139009	165	539	-	374	374	374	0	0	0	15	0.654991	1	1	0
PBG05018_fed47a06_f5857de2_38.pod5	6bf80918-ee57-44b8-a066-83bea8d022ee	f5857de27f3551c19729b88685e2f7dc6b1955db	1078	1	39823.9	8.692	39823.9	8.69	2835	24.8612	unclassified	chr1	139101	141903	0	2802	-	2807	2797	2784	5	5	13	60	0.98836	0.995352	0.991806	0
PBG05018_fed47a06_f5857de2_57.pod5	38f64420-143d-401f-bf46-99b95bc3f6f5	f5857de27f3551c19729b88685e2f7dc6b1955db	2480	2	71987	10.5824	71987.1	10.4892	4277	30.224	unclassified	chr1	140107	144378	7	4277	-	4272	4269	4266	1	2	3	0	0.998363	0.999297	0.998595	0
PBG05018_fed47a06_f5857de2_63.pod5	9ecf01e7-cb69-4b78-9f9b-bae9dc5cb3f3	f5857de27f3551c19729b88685e2f7dc6b1955db	863	3	78933.8	5.42	78934	5.2464	1936	38.2527	unclassified	chr1	140126	142053	0	1927	+	1927	1927	1926	0	0	1	0	0.995351	0.999481	0.999481	0
PBG05018_fed47a06_f5857de2_62.pod5	efbe6004-3526-441d-85a4-6305661fcd10	f5857de27f3551c19729b88685e2f7dc6b1955db	2679	4	78402.6	12.5312	78402.7	12.4128	4277	26.4173	unclassified	chr1	140489	144759	0	4270	+	4277	4263	4257	7	7	6	1	0.998363	0.998593	0.995324	0
PBG05018_fed47a06_f5857de2_47.pod5	f9072626-7d5e-4d89-8cb9-ede6592291ef	f5857de27f3551c19729b88685e2f7dc6b1955db	1711	4	52933.7	11.7116	52933.8	11.598	4200	30.2546	unclassified	chr1	141111	145303	5	4200	-	4200	4187	4187	8	5	0	7	0.99881	1	0.996905	0
PBG05018_fed47a06_f5857de2_90.pod5	c7ff8c1a-7458-4ca4-aca0-272f0a20769c	f5857de27f3551c19729b88685e2f7dc6b1955db	1108	2	117321	8.4044	117321	8.2956	3746	23.4868	unclassified	chr1	141585	145298	0	3717	+	3721	3709	3705	8	4	4	1	0.992258	0.998922	0.9957	0
PBG05018_fed47a06_f5857de2_30.pod5	18c53802-481a-45a9-b4a1-a7118c7f03cf	f5857de27f3551c19729b88685e2f7dc6b1955db	1938	2	28958.7	21.7746	28958.7	21.7726	8922	12.223	unclassified	chr1	142066	150995	56	8912	+	9073	8712	8302	144	217	410	1	0.992603	0.952938	0.915023	0
PBG05018_fed47a06_f5857de2_13.pod5	b2184732-3b20-47c7-8ac6-d72653629058	f5857de27f3551c19729b88685e2f7dc6b1955db	453	4	13442.4	4.6772	13442.5	4.5636	1917	28.7688	unclassified	chr1	142752	144660	0	1913	+	1913	1908	1907	5	0	1	1	0.997913	0.999476	0.996864	0
PBG05018_fed47a06_f5857de2_13.pod5	892723c1-0533-4b58-bf3f-b5a4fc118998	f5857de27f3551c19729b88685e2f7dc6b1955db	453	4	13436.9	5.4632	13436.9	5.4612	2083	32.1446	unclassified	chr1	142752	144673	6	2062	-	2057	1920	1917	136	1	3	15	0.987038	0.998438	0.93194	0
PBG05018_fed47a06_f5857de2_96.pod5	e13ac9f4-d70c-4208-bc46-3ac8ba86fd0e	f5857de27f3551c19729b88685e2f7dc6b1955db	308	3	133096	22.4648	133096	22.38	7635	9.12511	unclassified	chr1	142806	148932	1498	7635	-	6145	6118	6105	19	8	13	1	0.803798	0.997875	0.993491	0
PBG05018_fed47a06_f5857de2_32.pod5	b671924b-25b2-4838-b989-58747d8ee45b	f5857de27f3551c19729b88685e2f7dc6b1955db	2552	4	31238.5	0.9968	31238.6	0.8856	352	21.4741	unclassified	chr1	144367	144716	11	352	-	349	341	341	0	8	0	0	0.96875	1	0.977077	0
PBG05018_fed47a06_f5857de2_111.pod5	b06e3d8e-9388-493e-b19e-38b5c80c7515	f5857de27f3551c19729b88685e2f7dc6b1955db	1214	4	185713	10.082	185713	9.858	3439	24.0807	unclassified	chr1	144389	147824	7	3439	-	3440	3427	3414	5	8	13	2	0.997965	0.996207	0.992442	0
PBG05018_fed47a06_f5857de2_56.pod5	b14ed2e9-54f9-4e32-81f7-3f876238fcb3	f5857de27f3551c19729b88685e2f7dc6b1955db	2330	4	69644.3	5.3818	69644.3	5.3798	1974	30.2413	unclassified	chr1	145713	147656	25	1970	+	1946	1942	1942	3	1	0	0	0.985309	1	0.997944	0
PBG05018_fed47a06_f5857de2_3.pod5	6516d287-fe19-444b-a502-90dc29f84c8a	f5857de27f3551c19729b88685e2f7dc6b1955db	2735	4	3362.99	1.3928	3363.14	1.2432	440	32.9732	unclassified	chr1	148074	148513	0	439	+	439	439	439	0	0	0	0	0.997727	1	1	0
PBG05018_fed47a06_f5857de2_38.pod5	3205ca59-944e-44ed-8a2a-53de7105a4c5	f5857de27f3551c19729b88685e2f7dc6b1955db	1023	1	39691.2	4.7168	39691.5	4.4412	1667	27.265	unclassified	chr1	155577	157082	0	1500	+	1505	1500	1498	0	5	2	0	0.89982	0.998667	0.995349	0
PBG05018_fed47a06_f5857de2_31.pod5	385ec4a5-9474-4566-b8a9-6e41b636c2d6	f5857de27f3551c19729b88685e2f7dc6b1955db	2851	1	30858.7	14.1608	30859	13.9512	5640	27.536	unclassified	chr1	155959	161600	4	5640	-	5643	5634	5631	2	7	3	1	0.999291	0.999467	0.997873	0
PBG05018_fed47a06_f5857de2_116.pod5	3070eadc-021b-4f56-bede-59f319841a2f	f5857de27f3551c19729b88685e2f7dc6b1955db	1952	2	201936	1.1804	201936	0.978	346	15.9545	unclassified	chr1	156493	156831	9	346	-	338	337	335	0	1	2	0	0.973988	0.994065	0.991124	0
PBG05018_fed47a06_f5857de2_48.pod5	8645fb65-c440-41a2-b15f-a7b029b7d8c5	f5857de27f3551c19729b88685e2f7dc6b1955db	1575	3	53802.1	7.0504	53802.1	7.0484	2750	24.5082	unclassified	chr1	158518	161240	0	2714	-	2724	2712	2707	2	10	5	1	0.986909	0.998156	0.993759	0
PBG05018_fed47a06_f5857de2_79.pod5	d2fdce14-f044-45da-9df0-767ffdc7507e	f5857de27f3551c19729b88685e2f7dc6b1955db	411	1	99549.8	52.0784	99550	51.9024	20312	29.2437	unclassified	chr1	159395	179721	0	20305	+	20339	20292	20251	13	34	41	1	0.999655	0.99798	0.995673	0
PBG05018_fed47a06_f5857de2_24.pod5	4d6c57c9-edda-43d1-a4c4-cad09d4626db	f5857de27f3551c19729b88685e2f7dc6b1955db	1111	1	23084.6	0.416	23084.8	0.228	74	14.5511	unclassified	chr1	163023	163097	0	74	-	74	74	74	0	0	0	0	1	1	1	0
PBG05018_fed47a06_f5857de2_17.pod5	9eb64b29-6f77-4148-9a7f-1bac96541a0a	f5857de27f3551c19729b88685e2f7dc6b1955db	1720	2	15670.4	30.6884	15670.5	30.5628	12019	27.9595	unclassified	chr1	163240	175260	6	12019	-	12038	11995	11965	18	25	30	1	0.999501	0.997499	0.993936	0
PBG05018_fed47a06_f5857de2_14.pod5	526b4a36-ada6-42c9-a329-7e21786e31d8	f5857de27f3551c19729b88685e2f7dc6b1955db	1070	4	13763.8	0.8348	13763.9	0.7164	268	30.2386	unclassified	chr1	163827	164086	0	259	+	259	259	259	0	0	0	0	0.966418	1	1	0
PBG05018_fed47a06_f5857de2_72.pod5	d8c8e017-b16e-4920-8785-a94a9c09443a	f5857de27f3551c19729b88685e2f7dc6b1955db	1783	3	91332.4	81.3812	91332.6	81.2508	32173	27.6449	unclassified	chr1	164871	180583	3909	19567	-	15734	15636	15501	22	76	135	60	0.486681	0.991366	0.985191	0
PBG05018_fed47a06_f5857de2_64.pod5	d1dcbfed-235c-46f8-af36-41481258fc7b	f5857de27f3551c19729b88685e2f7dc6b1955db	654	1	80563.6	99.7784	80563.7	99.6672	42322	27.1386	unclassified	chr1	164887	180583	13715	29349	+	15717	15613	15455	21	83	158	60	0.369406	0.98988	0.98333	0
PBG05018_fed47a06_f5857de2_99.pod5	21fd7d14-6297-408a-868a-ca10e4da8593	f5857de27f3551c19729b88685e2f7dc6b1955db	1391	3	139809	97.1156	139809	96.96	37375	30.0569	unclassified	chr1	164887	180612	11846	27503	-	15739	15643	15478	14	82	165	60	0.418916	0.989452	0.983417	0
PBG05018_fed47a06_f5857de2_89.pod5	72f382e9-9c60-4eb3-b4fe-bcd00892bec7	f5857de27f3551c19729b88685e2f7dc6b1955db	2680	4	116068	5.6132	116068	5.4876	2152	30.7838	unclassified	chr1	164940	167080	9	2152	-	2143	2140	2136	3	0	4	0	0.995818	0.998131	0.996734	0
PBG05018_fed47a06_f5857de2_58.pod5	cb301b48-c0b7-4be5-9c93-f92d0a9f0aee	f5857de27f3551c19729b88685e2f7dc6b1955db	2532	4	74279.7	80.2796	74279.9	80.1612	30368	27.4012	unclassified	chr1	165576	180583	0	14946	+	15023	14930	14801	16	77	129	60	0.492163	0.99136	0.985223	0
PBG05018_fed47a06_f5857de2_58.pod5	cf688cf6-c640-466f-bfca-23e1d4e24156	f5857de27f3551c19729b88685e2f7dc6b1955db	2532	4	74360	79.8896	74360.2	79.7532	31605	15.6067	unclassified	chr1	165576	180373	7	14741	-	14810	14721	14591	13	76	130	60	0.466192	0.991169	0.985213	0
PBG05018_fed47a06_f5857de2_17.pod5	74e44b10-0aa1-4391-a005-a90d66e5dc62	f5857de27f3551c19729b88685e2f7dc6b1955db	2267	3	15686.7	1.4576	15686.8	1.3272	541	29.3252	unclassified	chr1	166387	166930	0	541	+	543	541	541	0	2	0	0	1	1	0.996317	0
PBG05018_fed47a06_f5857de2_94.pod5	0bd1792a-f0cc-46e0-b080-75f9d1f9f4d9	f5857de27f3551c19729b88685e2f7dc6b1955db	791	2	127740	10.7828	127740	10.6896	4257	28.9649	unclassified	chr1	166451	170708	0	4257	+	4262	4252	4244	5	5	8	1	1	0.998119	0.995777	0
PBG05018_fed47a06_f5857de2_106.pod5	f67139e4-4ae5-45b3-bcde-084958cb04e5	f5857de27f3551c19729b88685e2f7dc6b1955db	1127	4	166021	1.9328	166021	1.746	544	25.7881	unclassified	chr1	166698	167240	0	542	+	542	542	542	0	0	0	0	0.996324	1	1	0
PBG05018_fed47a06_f5857de2_104.pod5	af65b70d-0e15-49f0-ae5b-d961ea12b0dd	f5857de27f3551c19729b88685e2f7dc6b1955db	134	1	158086	60.5	158086	60.3936	22085	14.7579	unclassified	chr1	166768	177570	11302	22085	-	10806	10779	10750	4	23	29	1	0.48825	0.99731	0.994818	0
PBG05018_fed47a06_f5857de2_2.pod5	95edd326-31fc-43bc-bca8-ac80cd3feb8b	f5857de27f3551c19729b88685e2f7dc6b1955db	1002	3	2655.7	1.1264	2655.8	1.0344	449	29.4237	unclassified	chr1	167813	168186	0	373	+	373	373	373	0	0	0	13	0.830735	1	1	0
PBG05018_fed47a06_f5857de2_8.pod5	1b90efad-8c71-4c7b-a67e-a7f398b39625	f5857de27f3551c19729b88685e2f7dc6b1955db	2598	1	8163.56	1.5668	8163.72	1.41	549	24.2862	unclassified	chr1	169129	169667	12	549	-	538	537	535	0	1	2	0	0.978142	0.996276	0.994424	0
PBG05018_fed47a06_f5857de2_58.pod5	57b03d39-d61f-48e1-85bd-5fca5a0f6fa2	f5857de27f3551c19729b88685e2f7dc6b1955db	2816	1	72869.9	44.0708	72870	43.9464	15739	24.1616	unclassified	chr1	169449	180583	11	11083	-	11156	11050	10928	22	84	122	27	0.703475	0.988959	0.979563	0
PBG05018_fed47a06_f5857de2_45.pod5	dfe10ac5-0224-4a04-adb7-f95b97e8332b	f5857de27f3551c19729b88685e2f7dc6b1955db	2317	3	48656.5	11.4164	48656.6	11.3292	4091	31.9549	unclassified	chr1	173368	177417	8	4054	-	4053	4042	4035	4	7	7	1	0.989	0.998268	0.995559	0
PBG05018_fed47a06_f5857de2_93.pod5	b3a35593-72b0-4bec-b876-e2068193a0dc	f5857de27f3551c19729b88685e2f7dc6b1955db	722	2	124016	4.5392	124016	4.416	1769	24.1921	unclassified	chr1	174170	175823	0	1769	+	1777	1645	1615	124	8	30	12	1	0.981763	0.908835	0
PBG05018_fed47a06_f5857de2_3.pod5	b0bf3da7-40b9-40ef-a5f3-35d4c3ff1167	f5857de27f3551c19729b88685e2f7dc6b1955db	302	1	3601.79	2.0288	3601.96	1.8528	699	28.3529	unclassified	chr1	174451	175147	10	699	-	696	689	689	0	7	0	1	0.985694	1	0.989943	0
PBG05018_fed47a06_f5857de2_22.pod5	75dbcefc-a50e-40aa-ab2b-e21f2fcb13d7	f5857de27f3551c19729b88685e2f7dc6b1955db	1120	2	20909.5	3.4712	20909.7	3.294	1276	26.0533	unclassified	chr1	174981	176249	0	1270	+	1271	1267	1265	3	1	2	2	0.995298	0.998421	0.995279	0
PBG05018_fed47a06_f5857de2_101.pod5	a103e1d7-1968-4e9c-b181-2b44bc8ae798	f5857de27f3551c19729b88685e2f7dc6b1955db	1761	1	147492	39.15	147492	39.148	6066	4.45507	unclassified	chr1	176825	179075	3544	5988	-	2558	2136	1936	308	114	200	1	0.402901	0.906367	0.756841	0
PBG05018_fed47a06_f5857de2_61.pod5	685834dd-785b-4477-aa23-cc47717f480b	f5857de27f3551c19729b88685e2f7dc6b1955db	1288	3	76085	0.9812	76085.1	0.8484	364	35.3589	unclassified	chr1	177111	177468	7	364	-	357	357	357	0	0	0	0	0.980769	1	1	0
PBG05018_fed47a06_f5857de2_2.pod5	fa8401a9-5284-465c-a6a4-2266742537d3	f5857de27f3551c19729b88685e2f7dc6b1955db	262	2	2760.52	10.5104	2760.68	10.3536	3873	27.8099	unclassified	chr1	178464	180612	0	2087	+	2152	2083	2013	4	65	70	60	0.538859	0.966395	0.935409	0
PBG05018_fed47a06_f5857de2_0.pod5	f616ec29-5f5c-41d6-b06e-76684e799711	f5857de27f3551c19729b88685e2f7dc6b1955db	680	1	634.167	1.9764	634.169	1.9744	558	17.2957	unclassified	chr1	178881	179398	11	525	-	523	508	498	6	9	10	0	0.921147	0.980315	0.952199	0
PBG05018_fed47a06_f5857de2_63.pod5	a6b6d591-e3a0-43c2-91ae-6c86f290970e	f5857de27f3551c19729b88685e2f7dc6b1955db	258	3	78697.5	0.6176	78697.5	0.6156	228	20.7317	unclassified	chr1	179011	179190	10	189	-	179	179	179	0	0	0	0	0.785088	1	1	0
PBG05018_fed47a06_f5857de2_64.pod5	a359c408-07bd-4bac-a520-4a2245d9f9a3	f5857de27f3551c19729b88685e2f7dc6b1955db	1834	3	80325.3	2.5274	80325.3	2.5254	1030	31.1038	unclassified	chr1	179038	180025	36	1023	+	987	987	981	0	0	6	0	0.958252	0.993921	0.993921	0
PBG05018_fed47a06_f5857de2_12.pod5	b4e1547f-f6af-4822-a730-83e1b6c5ff5a	f5857de27f3551c19729b88685e2f7dc6b1955db	2194	1	11916.5	29.2592	11916.6	29.1144	11893	24.5759	unclassified	chr1	180087	187159	4294	11893	+	7645	7026	6937	573	46	89	60	0.638947	0.987333	0.90739	0
PBG05018_fed47a06_f5857de2_25.pod5	c9ceca18-6009-47c2-b21e-b512bf643a5f	f5857de27f3551c19729b88685e2f7dc6b1955db	499	4	24308.7	47.4442	24308.7	47.4422	19165	24.3561	unclassified	chr1	180087	194928	3801	19165	+	15436	14769	14591	595	72	178	1	0.80167	0.987948	0.945258	0
PBG05018_fed47a06_f5857de2_35.pod5	cb406e6c-6e65-446b-8b9b-cc313d61d938	f5857de27f3551c19729b88685e2f7dc6b1955db	812	2	35376.9	16.6352	35377	16.4904	7260	23.5472	unclassified	chr1	180087	183317	3500	7254	+	3796	3188	3115	566	42	73	60	0.51708	0.977102	0.820601	0
PBG05018_fed47a06_f5857de2_83.pod5	29ccea5d-76f3-485a-bf27-eb5ff4e591ab	f5857de27f3551c19729b88685e2f7dc6b1955db	1210	3	105493	22.2972	105493	22.2132	9938	24.1575	unclassified	chr1	180087	187272	2280	9931	+	7717	7119	7014	532	66	105	60	0.769873	0.985251	0.908902	0
PBG05018_fed47a06_f5857de2_26.pod5	274773b0-6219-47a5-b7c4-b3562ecfdbab	f5857de27f3551c19729b88685e2f7dc6b1955db	2732	3	25273.2	37.9676	25273.2	37.9656	13509	20.562	unclassified	chr1	180087	188943	4105	13478	-	9456	8773	8635	600	83	138	60	0.693834	0.98427	0.913177	0
PBG05018_fed47a06_f5857de2_26.pod5	c1589177-5626-4b76-a563-851ddfcc36c9	f5857de27f3551c19729b88685e2f7dc6b1955db	2971	4	25430.6	3.8828	25430.6	3.8808	1162	19.8759	unclassified	chr1	180087	180998	54	903	-	921	839	773	10	72	66	1	0.730637	0.921335	0.839305	0
PBG05018_fed47a06_f5857de2_88.pod5	87e033e8-c562-460b-827a-42ae13957adc	f5857de27f3551c19729b88685e2f7dc6b1955db	1905	3	112809	46.0928	112810	45.984	17044	26.2475	unclassified	chr1	180087	192305	4307	17044	-	12795	12160	12029	577	58	131	35	0.747301	0.989227	0.940133	0
PBG05018_fed47a06_f5857de2_11.pod5	090e6c47-028b-4cf1-8ba4-8f5323a6f430	f5857de27f3551c19729b88685e2f7dc6b1955db	1480	3	10592.7	9.8636	10592.8	9.7596	4629	24.3797	unclassified	chr1	180088	181640	2926	4621	+	1731	1516	1456	179	36	60	60	0.36617	0.960422	0.841132	0
PBG05018_fed47a06_f5857de2_21.pod5	fe8fe96d-c01d-4c3e-8571-bb08a2b18884	f5857de27f3551c19729b88685e2f7dc6b1955db	708	3	19381.7	86.408	19381.9	86.244	24712	15.9558	unclassified	chr1	180088	200288	4192	24707	+	20969	19746	19288	769	454	458	1	0.830163	0.976805	0.919834	0
PBG05018_fed47a06_f5857de2_22.pod5	597f2754-9b66-414f-9a0a-b5c200a6421b	f5857de27f3551c19729b88685e2f7dc6b1955db	1728	2	21443.8	22.2116	21443.9	22.1268	9233	25.1612	unclassified	chr1	180088	186330	2848	9233	+	6439	6188	6100	197	54	88	59	0.691541	0.985779	0.947352	0
PBG05018_fed47a06_f5857de2_24.pod5	c47f1e1d-bd91-488d-87d6-18a19195db38	f5857de27f3551c19729b88685e2f7dc6b1955db	2547	4	22870.3	14.8652	22870.4	14.73	5932	25.6587	unclassified	chr1	180088	183580	2143	5921	+	3820	3450	3367	328	42	83	60	0.636885	0.975942	0.881414	0
PBG05018_fed47a06_f5857de2_3.pod5	f1c61998-1001-4fed-ae07-d9775963506b	f5857de27f3551c19729b88685e2f7dc6b1955db	1178	3	3722.88	27.434	3723.04	27.2808	11452	27.0659	unclassified	chr1	180088	187649	3539	11447	+	7951	7518	7411	390	43	107	57	0.690534	0.985767	0.932084	0
PBG05018_fed47a06_f5857de2_32.pod5	e7a41760-81c1-4850-abc9-0dbbbfc0565a	f5857de27f3551c19729b88685e2f7dc6b1955db	1042	3	31296.5	14.8884	31296.5	14.8864	5124	26.9935	unclassified	chr1	180088	183654	1163	5076	+	3955	3524	3440	389	42	84	59	0.763661	0.976163	0.869785	0
PBG05018_fed47a06_f5857de2_33.pod5	05269f38-45c9-46a8-887d-8699725640ca	f5857de27f3551c19729b88685e2f7dc6b1955db	1635	1	33132.7	7.474	33132.7	7.472	2985	24.4506	unclassified	chr1	180088	180998	1732	2619	+	924	873	801	14	37	72	1	0.297152	0.917526	0.866883	0
PBG05018_fed47a06_f5857de2_37.pod5	5ea8e3d4-38ea-4c31-850c-b33739533543	f5857de27f3551c19729b88685e2f7dc6b1955db	1738	4	37425.4	6.1028	37425.5	6.0096	2606	21.9307	unclassified	chr1	180088	180988	1731	2606	+	912	863	803	12	37	60	1	0.335764	0.930475	0.880482	0
PBG05018_fed47a06_f5857de2_37.pod5	e9fb17b7-f486-4dcf-8992-eb509f3d65dc	f5857de27f3551c19729b88685e2f7dc6b1955db	933	2	37961.8	24.1602	37961.8	24.1582	9092	23.2014	unclassified	chr1	180088	186593	2529	9092	+	6623	6445	6330	118	60	115	56	0.721843	0.982157	0.95576	0
PBG05018_fed47a06_f5857de2_37.pod5	ab97f208-4063-4127-8493-bd0ebc38ae24	f5857de27f3551c19729b88685e2f7dc6b1955db	2122	2	38319.6	98.7848	38319.6	98.7828	21481	12.2831	unclassified	chr1	180088	198783	2954	21476	+	19222	17995	17224	527	700	771	1	0.86225	0.957155	0.896057	0
PBG05018_fed47a06_f5857de2_40.pod5	937fb399-0f77-4d1d-9fcd-e16af617074e	f5857de27f3551c19729b88685e2f7dc6b1955db	1105	2	42976.4	11.4884	42976.5	11.358	5429	24.4127	unclassified	chr1	180088	180998	765	1746	+	1018	873	815	108	37	58	24	0.180696	0.933562	0.800589	0
PBG05018_fed47a06_f5857de2_45.pod5	485b2417-04e8-4e26-9589-48170f211512	f5857de27f3551c19729b88685e2f7dc6b1955db	1083	3	48396	19.0884	48396	19.0864	7857	12.1262	unclassified	chr1	180088	184739	3165	7849	+	4934	4401	4173	283	250	228	60	0.596156	0.948194	0.845764	0
PBG05018_fed47a06_f5857de2_45.pod5	edebab41-3596-4344-aedf-4fa3433f125d	f5857de27f3551c19729b88685e2f7dc6b1955db	1630	4	48701.3	12.1592	48701.4	12.0672	5581	16.9415	unclassified	chr1	180088	181880	3277	5575	+	2333	1757	1658	541	35	99	1	0.411754	0.943654	0.710673	0
PBG05018_fed47a06_f5857de2_45.pod5	6690fb2e-67a6-452b-be08-70ecd7f878af	f5857de27f3551c19729b88685e2f7dc6b1955db	443	1	49182.4	20.9202	49182.4	20.9182	8800	21.443	unclassified	chr1	180088	184862	3963	8791	+	4928	4674	4583	154	100	91	60	0.548636	0.980531	0.929992	0
PBG05018_fed47a06_f5857de2_47.pod5	02a619e4-09f3-46e1-9596-a46b96628cf1	f5857de27f3551c19729b88685e2f7dc6b1955db	1912	2	51414.6	28.6916	51414.6	28.6896	11738	26.2394	unclassified	chr1	180088	188784	3017	11737	+	8780	8636	8514	84	60	122	54	0.742886	0.985873	0.969704	0
PBG05018_fed47a06_f5857de2_49.pod5	165bbe87-4120-4525-8c95-be504c2e191a	f5857de27f3551c19729b88685e2f7dc6b1955db	200	3	56172.3	5.7758	56172.3	5.7738	2814	25.0875	unclassified	chr1	180088	180998	436	1314	+	916	872	814	6	38	58	0	0.312011	0.933486	0.888646	0
PBG05018_fed47a06_f5857de2_5.pod5	cfeeee26-3523-43cf-b22a-0c58c19b61c3	f5857de27f3551c19729b88685e2f7dc6b1955db	129	2	6042.29	31.466	6042.4	31.3596	13074	25.0159	unclassified	chr1	180088	185542	3112	9006	+	5929	5419	5343	475	35	76	60	0.450818	0.985975	0.901164	0
PBG05018_fed47a06_f5857de2_55.pod5	7de27072-8a1c-4e1a-9955-b425e5716270	f5857de27f3551c19729b88685e2f7dc6b1955db	2765	2	66024.9	18.6932	66025	18.6204	9275	23.078	unclassified	chr1	180088	185576	3441	9270	+	5889	5428	5329	401	60	99	60	0.628464	0.981761	0.904907	0
PBG05018_fed47a06_f5857de2_8.pod5	fbe9691f-baee-49fc-aee9-4c84e265ce84	f5857de27f3551c19729b88685e2f7dc6b1955db	385	3	8095.49	17.474	8095.62	17.3412	7496	26.0475	unclassified	chr1	180088	183653	3579	7489	+	3952	3523	3440	387	42	83	60	0.521612	0.976441	0.870445	0
PBG05018_fed47a06_f5857de2_9.pod5	8e20f6f3-99c6-457c-8898-d1f5f39c7926	f5857de27f3551c19729b88685e2f7dc6b1955db	1827	3	9482.07	3.938	9482.52	3.4884	1100	24.7411	unclassified	chr1	180088	180941	277	1100	+	859	817	759	6	36	58	1	0.748182	0.929009	0.883586	0
PBG05018_fed47a06_f5857de2_57.pod5	5d9eccd3-8891-4b39-b287-886d13a75ca2	f5857de27f3551c19729b88685e2f7dc6b1955db	60	4	71789.4	11.0108	71789.5	10.89	4572	20.4084	unclassified	chr1	180088	181450	2835	4565	+	1779	1313	1239	417	49	74	60	0.37839	0.943641	0.696459	0
PBG05018_fed47a06_f5857de2_64.pod5	10742a69-8caa-4982-ad91-537ad8d63c4a	f5857de27f3551c19729b88685e2f7dc6b1955db	1332	2	80460.8	66.9322	80460.8	66.9302	25753	26.3427	unclassified	chr1	180088	201680	4007	25746	+	21798	21533	21454	206	59	79	60	0.844135	0.996331	0.984219	0
PBG05018_fed47a06_f5857de2_66.pod5	0cef7d9b-cc64-4317-9c73-aae64bc89e87	f5857de27f3551c19729b88685e2f7dc6b1955db	1214	3	82683.9	27.0788	82684.1	26.9196	10829	26.2506	unclassified	chr1	180088	190404	365	10820	+	10504	10267	10199	188	49	68	60	0.965463	0.993377	0.970963	0
PBG05018_fed47a06_f5857de2_68.pod5	bb666a6e-c12d-426f-969b-e72eab678f03	f5857de27f3551c19729b88685e2f7dc6b1955db	2555	3	85115	27.4042	85115	27.4022	11195	25.0794	unclassified	chr1	180088	187263	3814	11186	+	7410	7137	7040	235	38	97	54	0.658508	0.986409	0.950067	0
PBG05018_fed47a06_f5857de2_72.pod5	e055ef73-d956-43be-93bf-0640ab8f701c	f5857de27f3551c19729b88685e2f7dc6b1955db	2193	2	90620.2	6.2684	90620.5	6.0372	1563	22.5462	unclassified	chr1	180088	180998	540	1434	+	941	863	795	31	47	68	3	0.571977	0.921205	0.844846	0
PBG05018_fed47a06_f5857de2_75.pod5	cb1ab6d8-c0a7-4d88-8a82-c543d7b72979	f5857de27f3551c19729b88685e2f7dc6b1955db	2334	4	93659.8	10.256	93659.9	10.158	4887	19.3539	unclassified	chr1	180088	180997	3841	4728	+	923	873	815	14	36	58	1	0.181502	0.933562	0.88299	0
PBG05018_fed47a06_f5857de2_75.pod5	68416acc-bbf5-476c-b3d5-9518ea01ef3b	f5857de27f3551c19729b88685e2f7dc6b1955db	2666	2	93794.2	53.5154	93794.2	53.5134	20485	21.3429	unclassified	chr1	180088	196810	3364	20476	+	17178	16656	16419	456	66	237	1	0.835343	0.985771	0.955816	0
PBG05018_fed47a06_f5857de2_83.pod5	80b0ecac-8f4c-40c6-a9a8-5a66a12a9122	f5857de27f3551c19729b88685e2f7dc6b1955db	1684	3	105725	24.955	105725	24.953	10678	24.947	unclassified	chr1	180088	187881	2451	10670	+	8263	7749	7650	470	44	99	60	0.769713	0.987224	0.925814	0
PBG05018_fed47a06_f5857de2_84.pod5	6dab1251-ab73-4a37-b187-ce46a8f1cb9c	f5857de27f3551c19729b88685e2f7dc6b1955db	2805	2	107987	11.474	107987	11.472	5671	23.8788	unclassified	chr1	180088	182065	3537	5665	+	2172	1933	1859	195	44	74	60	0.375242	0.961718	0.855893	0
PBG05018_fed47a06_f5857de2_84.pod5	fef2edce-efb2-492a-b7bf-cc55f8664bbc	f5857de27f3551c19729b88685e2f7dc6b1955db	2333	2	108286	17.2564	108286	17.2544	6895	22.8456	unclassified	chr1	180088	183709	2925	6889	+	4013	3572	3482	392	49	90	60	0.574909	0.974804	0.86768	0
PBG05018_fed47a06_f5857de2_88.pod5	ef1d8658-f93f-439f-b302-91caf644e862	f5857de27f3551c19729b88685e2f7dc6b1955db	544	4	112697	33.2744	112697	33.1176	13825	20.6614	unclassified	chr1	180088	190263	3519	13818	+	10362	10112	10017	187	63	95	60	0.744955	0.990605	0.966705	0
PBG05018_fed47a06_f5857de2_90.pod5	ec221872-0011-4557-a1d7-83b7b4bb176b	f5857de27f3551c19729b88685e2f7dc6b1955db	2423	3	118336	15.986	118336	15.8556	5584	17.105	unclassified	chr1	180088	182086	3377	5577	+	2243	1955	1886	245	43	69	60	0.393983	0.964706	0.840838	0
PBG05018_fed47a06_f5857de2_93.pod5	3d8e37f8-8ca9-4a0e-8e0b-cfc4dca20e42	f5857de27f3551c19729b88685e2f7dc6b1955db	1409	3	126082	70.0376	126083	69.9144	27549	27.2046	unclassified	chr1	180088	204253	3195	27543	+	24439	24074	23793	274	91	281	1	0.883807	0.988328	0.973567	0
PBG05018_fed47a06_f5857de2_95.pod5	4313a5c6-5ce4-44e3-9041-cf4c7a22dcb3	f5857de27f3551c19729b88685e2f7dc6b1955db	396	4	131174	21.3242	131174	21.3222	8757	16.0485	unclassified	chr1	180088	185276	3384	8757	+	5447	5114	4968	259	74	146	60	0.613566	0.971451	0.912062	0
PBG05018_fed47a06_f5857de2_96.pod5	72c1478c-7dcb-4618-a3b8-ffd9836bbee2	f5857de27f3551c19729b88685e2f7dc6b1955db	1055	2	134608	12.7556	134608	12.5916	5324	23.1747	unclassified	chr1	180088	182026	2970	5314	+	2383	1899	1828	445	39	71	58	0.44027	0.962612	0.7671	0
PBG05018_fed47a06_f5857de2_111.pod5	e8cabead-e872-4258-8c3e-a81c7c3be4e6	f5857de27f3551c19729b88685e2f7dc6b1955db	845	3	183101	2.8052	183101	2.6628	1265	24.3496	unclassified	chr1	180088	180998	33	928	+	933	872	812	23	38	60	1	0.70751	0.931193	0.870311	0
PBG05018_fed47a06_f5857de2_10.pod5	125aab87-6c2a-4f37-88ab-e2ef28e15775	f5857de27f3551c19729b88685e2f7dc6b1955db	731	2	9991.01	47.8064	9991.18	47.6376	16696	26.3311	unclassified	chr1	180088	193906	2824	16696	-	13936	13754	13585	118	64	169	1	0.830858	0.987713	0.974813	0
PBG05018_fed47a06_f5857de2_12.pod5	8b6e2fa6-93f8-4b97-a088-ae2c96d35c86	f5857de27f3551c19729b88685e2f7dc6b1955db	2023	4	12272.5	10.67	12272.5	10.668	3568	24.3215	unclassified	chr1	180088	182716	674	3532	-	2883	2603	2525	255	25	78	37	0.801009	0.970035	0.875824	0
PBG05018_fed47a06_f5857de2_17.pod5	c06b9110-4746-423a-b047-13028ac61f86	f5857de27f3551c19729b88685e2f7dc6b1955db	1031	4	15703.5	26.8692	15703.5	26.8672	4869	5.61911	unclassified	chr1	180088	180998	1562	2674	-	1152	870	811	242	40	59	21	0.228384	0.932184	0.703993	0
PBG05018_fed47a06_f5857de2_22.pod5	040bd284-a205-4b55-825d-2c5438dafe7a	f5857de27f3551c19729b88685e2f7dc6b1955db	309	1	21389.3	19.6164	21389.4	19.5144	6217	9.14632	unclassified	chr1	180088	182648	3549	6217	-	2738	2490	2420	178	70	70	60	0.429146	0.971888	0.883857	0
PBG05018_fed47a06_f5857de2_26.pod5	39d87100-90b3-42d4-bac1-81d7b96b34df	f5857de27f3551c19729b88685e2f7dc6b1955db	1675	2	25508.5	14.4386	25508.5	14.4366	4116	22.7018	unclassified	chr1	180088	180998	2517	3396	-	923	866	806	13	44	60	60	0.213557	0.930716	0.873239	0
PBG05018_fed47a06_f5857de2_3.pod5	57a1e104-8efc-4967-b213-373540eaaf53	f5857de27f3551c19729b88685e2f7dc6b1955db	1178	3	3750.32	39.5564	3750.42	39.4548	11512	18.6419	unclassified	chr1	180088	187645	3582	11512	-	7979	7508	7405	422	49	103	52	0.688846	0.986281	0.928061	0
PBG05018_fed47a06_f5857de2_33.pod5	8e6e964a-9434-4ff2-927d-b3ab2c26933a	f5857de27f3551c19729b88685e2f7dc6b1955db	2127	2	33071.7	27.6104	33071.8	27.4728	7693	23.9872	unclassified	chr1	180088	184967	2788	7693	-	4962	4822	4718	83	57	104	60	0.637593	0.978432	0.950826	0
PBG05018_fed47a06_f5857de2_34.pod5	297a6a75-1324-48c1-8004-cedce4125681	f5857de27f3551c19729b88685e2f7dc6b1955db	2304	2	34295.1	14.4176	34295.2	14.3256	5853	23.9449	unclassified	chr1	180088	183275	2567	5853	-	3333	3140	3061	146	47	79	60	0.561422	0.974841	0.918392	0
PBG05018_fed47a06_f5857de2_35.pod5	c9ec7849-e2db-43cf-a3f8-afea2a6b667c	f5857de27f3551c19729b88685e2f7dc6b1955db	978	2	35769.9	81.9332	35769.9	81.846	28017	19.7722	unclassified	chr1	180088	204522	3437	28017	-	24761	24253	24048	327	181	205	60	0.877324	0.991547	0.971205	0
PBG05018_fed47a06_f5857de2_37.pod5	c7d522b9-a747-4f37-819f-89a440b818ed	f5857de27f3551c19729b88685e2f7dc6b1955db	2122	2	38259	60.5324	38259.2	60.4116	21688	13.5127	unclassified	chr1	180088	198779	2627	21686	-	19550	18200	17541	859	491	659	1	0.878781	0.963791	0.897238	0
PBG05018_fed47a06_f5857de2_40.pod5	00168123-46db-4d44-82db-33404ff9826b	f5857de27f3551c19729b88685e2f7dc6b1955db	1105	2	42988.6	22.6016	42988.7	22.5	5561	17.5378	unclassified	chr1	180088	180998	778	1758	-	1017	873	815	107	37	58	1	0.176227	0.933562	0.801377	0
PBG05018_fed47a06_f5857de2_44.pod5	923b1c98-cd77-49d0-a7fc-90076854f171	f5857de27f3551c19729b88685e2f7dc6b1955db	260	3	47070	41.3576	47070.1	41.2296	13954	24.6742	unclassified	chr1	180088	189870	4042	13954	-	9965	9729	9661	183	53	68	60	0.710334	0.993011	0.969493	0
PBG05018_fed47a06_f5857de2_56.pod5	03a21f59-10c0-4584-a07a-aee68c10acc9	f5857de27f3551c19729b88685e2f7dc6b1955db	1456	3	67499.9	12.9572	67500.1	12.7908	4602	24.228	unclassified	chr1	180088	183381	1182	4602	-	3466	3247	3189	173	46	58	60	0.743155	0.982137	0.920081	0
PBG05018_fed47a06_f5857de2_6.pod5	8228d7c2-abd9-4538-bfeb-10d7fe0c2d29	f5857de27f3551c19729b88685e2f7dc6b1955db	1201	1	6476.73	22.5644	6476.87	22.4268	7003	24.2958	unclassified	chr1	180088	183541	3209	7003	-	3834	3413	3333	381	40	80	57	0.541768	0.97656	0.869327	0
PBG05018_fed47a06_f5857de2_100.pod5	fc69dc3e-4307-490c-b862-333b960b19a0	f5857de27f3551c19729b88685e2f7dc6b1955db	306	2	143582	24.0376	143582	24.0356	8547	23.814	unclassified	chr1	180088	184673	3753	8488	-	4779	4541	4453	194	44	88	60	0.553996	0.980621	0.931785	0
PBG05018_fed47a06_f5857de2_68.pod5	094720f8-1907-4eca-9e6c-bc50d327639c	f5857de27f3551c19729b88685e2f7dc6b1955db	2555	3	85082.4	32.5328	85082.6	32.3736	11178	25.1863	unclassified	chr1	180088	187264	3847	11178	-	7376	7131	7037	200	45	94	49	0.655842	0.986818	0.95404	0
PBG05018_fed47a06_f5857de2_76.pod5	e2c8ad18-9ef2-4587-8454-ea5b5af25dcb	f5857de27f3551c19729b88685e2f7dc6b1955db	127	2	95202.3	17.346	95202.3	17.344	5271	22.1064	unclassified	chr1	180088	181512	3732	5194	-	1541	1345	1266	117	79	79	1	0.277367	0.941264	0.821544	0
PBG05018_fed47a06_f5857de2_80.pod5	1a033561-3bf4-413d-a9e7-76a375db89ff	f5857de27f3551c19729b88685e2f7dc6b1955db	2320	2	100890	20.7368	100890	20.6496	6887	17.0313	unclassified	chr1	180088	182457	4163	6878	-	2754	2330	2254	385	39	76	47	0.394221	0.967382	0.818446	0
PBG05018_fed47a06_f5857de2_91.pod5	fb511f63-c4fc-4a89-8e8a-b69468580ed6	f5857de27f3551c19729b88685e2f7dc6b1955db	2483	3	121561	41.0138	121561	41.0118	15184	21.0203	unclassified	chr1	180088	192225	2835	15152	-	12393	12061	11885	256	76	176	17	0.811183	0.985408	0.959009	0
PBG05018_fed47a06_f5857de2_98.pod5	a63f9e56-18d0-4475-b411-cc5e59663576	f5857de27f3551c19729b88685e2f7dc6b1955db	1409	3	137910	17.84	137910	17.6544	5832	25.3	unclassified	chr1	180088	182669	3105	5832	-	2786	2522	2446	205	59	76	35	0.467593	0.969865	0.877961	0
PBG05018_fed47a06_f5857de2_102.pod5	cbb6674d-aea5-4b12-9810-9713605fd3aa	f5857de27f3551c19729b88685e2f7dc6b1955db	1961	2	151143	7.9782	151143	7.9762	3098	24.1884	unclassified	chr1	180088	182018	679	3065	-	2432	1884	1806	502	46	78	20	0.770174	0.958599	0.742599	0
PBG05018_fed47a06_f5857de2_107.pod5	f4742c9a-ca68-4cc0-920b-12ebd2714618	f5857de27f3551c19729b88685e2f7dc6b1955db	346	1	168995	79.6182	168995	79.6162	25545	18.2259	unclassified	chr1	180088	201674	3792	25466	-	21835	21425	21145	249	161	280	1	0.848463	0.986931	0.968399	0
PBG05018_fed47a06_f5857de2_119.pod5	7fcc3910-ec34-47a1-a134-2b3ffda1802f	f5857de27f3551c19729b88685e2f7dc6b1955db	175	3	212458	18.986	212458	18.8088	5980	23.6242	unclassified	chr1	180088	183020	2702	5980	-	3318	2892	2810	386	40	82	60	0.548161	0.971646	0.846896	0
PBG05018_fed47a06_f5857de2_10.pod5	cf2aefd5-1d86-40d2-89c1-3f806ae6c5c1	f5857de27f3551c19729b88685e2f7dc6b1955db	2363	2	10150	20.6348	10150.1	20.5296	8010	15.498	unclassified	chr1	180089	184667	3159	8004	+	4939	4484	4371	361	94	113	60	0.604869	0.974799	0.884997	0
PBG05018_fed47a06_f5857de2_21.pod5	9178291e-68fa-441d-8443-3f7bc9fb03b8	f5857de27f3551c19729b88685e2f7dc6b1955db	807	3	19471.8	35.678	19472.1	35.3988	13018	21.2362	unclassified	chr1	180089	189477	3526	13018	+	9536	9344	9207	148	44	137	58	0.729144	0.985338	0.965499	0
PBG05018_fed47a06_f5857de2_22.pod5	4c37a552-29df-41cd-9d57-fe98dd407ce2	f5857de27f3551c19729b88685e2f7dc6b1955db	606	2	20765.2	14.9348	20765.3	14.8044	6531	18.2865	unclassified	chr1	180089	183191	2928	6522	+	3642	3054	2961	540	48	93	60	0.550299	0.969548	0.813015	0
PBG05018_fed47a06_f5857de2_32.pod5	cf3a4e6e-614f-4926-ad6c-5fd3ff912466	f5857de27f3551c19729b88685e2f7dc6b1955db	367	4	30990.4	23.4806	30990.4	23.4786	8216	19.0244	unclassified	chr1	180089	187928	315	8209	+	7990	7743	7611	151	96	132	60	0.960808	0.982952	0.952566	0
PBG05018_fed47a06_f5857de2_39.pod5	4ff163d9-b704-4da4-8b04-a616d4506247	f5857de27f3551c19729b88685e2f7dc6b1955db	1389	3	41699	12.7808	41699.1	12.6792	5570	22.9601	unclassified	chr1	180089	181340	4290	5548	+	1333	1176	1093	82	75	83	44	0.225853	0.929422	0.819955	0
PBG05018_fed47a06_f5857de2_44.pod5	671d028b-2304-4aa1-b149-f1dd85a69fc3	f5857de27f3551c19729b88685e2f7dc6b1955db	2066	3	47461.2	65.989	47461.2	65.987	25943	23.5767	unclassified	chr1	180089	202024	3879	25935	+	22131	21860	21755	196	75	105	60	0.850172	0.995197	0.98301	0
PBG05018_fed47a06_f5857de2_56.pod5	93311245-868f-471d-86ad-133803d38e48	f5857de27f3551c19729b88685e2f7dc6b1955db	1600	3	69381.5	74.222	69381.6	74.1204	27272	11.1689	unclassified	chr1	180089	189258	4089	13731	+	9692	9119	9000	523	50	119	60	0.353549	0.98695	0.928601	0
PBG05018_fed47a06_f5857de2_65.pod5	417b61c4-8314-4ede-8694-073d40943e83	f5857de27f3551c19729b88685e2f7dc6b1955db	1971	4	81077.1	72.4742	81077.1	72.4722	31330	21.1346	unclassified	chr1	180089	204557	3769	28847	+	25304	24242	23788	836	226	454	1	0.800447	0.981272	0.940089	0
PBG05018_fed47a06_f5857de2_70.pod5	8347f702-bada-49e0-a9b6-f57a7dc88dd5	f5857de27f3551c19729b88685e2f7dc6b1955db	2843	3	88497.5	23.0732	88497.5	23.0712	10297	22.8198	unclassified	chr1	180089	186056	4277	10297	+	6110	5877	5786	143	90	91	60	0.584636	0.984516	0.946972	0
PBG05018_fed47a06_f5857de2_84.pod5	1ba11fbd-006d-456c-9409-b5c5d3571feb	f5857de27f3551c19729b88685e2f7dc6b1955db	1836	4	108204	44.035	108204	44.033	18492	21.5262	unclassified	chr1	180089	195484	2637	18486	+	15928	15316	15110	533	79	206	1	0.857073	0.98655	0.948644	0
PBG05018_fed47a06_f5857de2_85.pod5	baeb1b11-0e7f-4c3e-9edf-f9a2be17ffeb	f5857de27f3551c19729b88685e2f7dc6b1955db	2180	2	109135	15.173	109135	15.171	5546	16.8265	unclassified	chr1	180089	182757	2564	5539	+	3050	2593	2496	382	75	97	54	0.536423	0.962592	0.818361	0
PBG05018_fed47a06_f5857de2_39.pod5	5d62c58b-1f21-44d8-add4-ba6c57907512	f5857de27f3551c19729b88685e2f7dc6b1955db	2042	4	41641.6	42.1328	41641.7	42.0204	15625	15.8938	unclassified	chr1	180089	192032	3215	15625	-	12466	11887	11745	523	56	142	18	0.79424	0.988054	0.942163	0
PBG05018_fed47a06_f5857de2_6.pod5	09d91ec0-6d10-4fc0-a129-6993a1dfe5a4	f5857de27f3551c19729b88685e2f7dc6b1955db	2146	3	6620.52	31.1312	6620.65	31.0068	10562	24.5836	unclassified	chr1	180089	186429	4161	10562	-	6478	6263	6175	138	77	88	60	0.606041	0.985949	0.953226	0
PBG05018_fed47a06_f5857de2_83.pod5	6bbeef0f-9be7-41d7-9b5a-7b3a0c832ed8	f5857de27f3551c19729b88685e2f7dc6b1955db	1210	3	105465	27.444	105465	27.3408	9952	26.2118	unclassified	chr1	180089	187272	2291	9952	-	7712	7132	7018	529	51	114	60	0.769795	0.984016	0.91001	0
PBG05018_fed47a06_f5857de2_85.pod5	133f6e42-8f6a-4f9e-8284-9f9520238736	f5857de27f3551c19729b88685e2f7dc6b1955db	2180	2	109113	21.3704	109113	21.204	5263	10.9297	unclassified	chr1	180089	182757	2324	5263	-	2984	2623	2514	316	45	109	52	0.558427	0.958445	0.842493	0
PBG05018_fed47a06_f5857de2_94.pod5	299c22e3-f039-4a31-8fcc-2aa6e15cb645	f5857de27f3551c19729b88685e2f7dc6b1955db	2326	3	129270	82.6868	129270	82.5516	30741	26.3206	unclassified	chr1	180089	204557	3299	28320	-	25133	24356	23906	665	112	450	1	0.813929	0.981524	0.95118	0
PBG05018_fed47a06_f5857de2_103.pod5	62856e0d-0382-4ee8-b6ca-276650aabe2a	f5857de27f3551c19729b88685e2f7dc6b1955db	778	1	156366	18.4148	156366	18.2928	5513	7.90849	unclassified	chr1	180098	182638	2647	5513	-	2918	2488	2415	378	52	73	21	0.519862	0.970659	0.827622	0
PBG05018_fed47a06_f5857de2_68.pod5	3d995460-c322-4174-bbef-4d18d5333931	f5857de27f3551c19729b88685e2f7dc6b1955db	1689	4	86213.5	1.7804	86213.5	1.7784	878	24.6577	unclassified	chr1	180127	180960	42	866	+	854	803	746	21	30	57	1	0.938497	0.929016	0.873536	0
PBG05018_fed47a06_f5857de2_103.pod5	7864de00-ce09-452b-bd3e-6fc8841ba18f	f5857de27f3551c19729b88685e2f7dc6b1955db	2947	1	154091	2.525	154091	2.523	1196	22.1978	unclassified	chr1	180137	180998	27	844	+	872	806	755	11	55	51	1	0.68311	0.936725	0.865826	0
PBG05018_fed47a06_f5857de2_98.pod5	a91267ea-504f-4d36-9feb-d122f31edd3d	f5857de27f3551c19729b88685e2f7dc6b1955db	136	2	137437	28.5056	137437	28.3632	8448	21.5753	unclassified	chr1	180156	181340	6830	8384	-	1573	1165	1081	389	19	84	1	0.183949	0.927897	0.687222	0
PBG05018_fed47a06_f5857de2_66.pod5	4e1e77ed-0dea-4507-9961-2ada1e75e42d	f5857de27f3551c19729b88685e2f7dc6b1955db	2737	4	82960.4	6.8778	82960.4	6.8758	1891	10.8833	unclassified	chr1	180301	180998	20	813	+	821	669	628	124	28	41	1	0.419355	0.938715	0.764921	0
PBG05018_fed47a06_f5857de2_32.pod5	29fb122d-7ebf-4add-aa18-e44c83aea04e	f5857de27f3551c19729b88685e2f7dc6b1955db	1885	3	31871	2.645	31871	2.643	1125	23.7507	unclassified	chr1	180375	180998	25	631	+	635	594	559	12	29	35	16	0.538667	0.941077	0.880315	0
PBG05018_fed47a06_f5857de2_90.pod5	589e075f-70f7-4fab-bd41-27b26e13f1ba	f5857de27f3551c19729b88685e2f7dc6b1955db	1537	4	117123	11.122	117123	11.12	4160	15.2134	unclassified	chr1	180400	183744	711	4128	-	3465	3296	3223	121	48	73	60	0.821394	0.977852	0.930159	0
PBG05018_fed47a06_f5857de2_8.pod5	9494126b-6f6b-4a25-8911-9bd18b06afc1	f5857de27f3551c19729b88685e2f7dc6b1955db	385	3	8112.97	10.2524	8113.09	10.1316	3411	25.0778	unclassified	chr1	180514	183653	13	3411	-	3422	3115	3082	283	24	33	60	0.996189	0.989406	0.900643	0
PBG05018_fed47a06_f5857de2_7.pod5	6336727d-0d7a-487b-917c-4012e49f2caf	f5857de27f3551c19729b88685e2f7dc6b1955db	180	4	7647.51	8.7494	7647.51	8.7474	3305	18.4583	unclassified	chr1	180676	183831	28	3265	-	3285	3107	3050	130	48	57	60	0.979425	0.981654	0.928463	0
PBG05018_fed47a06_f5857de2_77.pod5	05b34180-6e45-4bb3-a754-8db4cc8ffa7b	f5857de27f3551c19729b88685e2f7dc6b1955db	1880	1	96448.5	47.797	96448.5	47.795	20845	23.3981	unclassified	chr1	180695	191945	9556	20836	+	11331	11199	11174	81	51	25	60	0.541137	0.997768	0.986144	0
PBG05018_fed47a06_f5857de2_12.pod5	d470b38d-6d83-4d68-9749-75538becb3e8	f5857de27f3551c19729b88685e2f7dc6b1955db	2847	3	12318	21.2372	12318.1	21.0852	7226	22.9949	unclassified	chr1	180695	182861	5042	7226	-	2227	2123	2113	61	43	10	57	0.302242	0.99529	0.94881	0
PBG05018_fed47a06_f5857de2_38.pod5	1629a4f7-b711-4d4a-9f48-00ee4823f322	f5857de27f3551c19729b88685e2f7dc6b1955db	880	2	39761.7	34.5488	39761.8	34.4496	11894	24.8176	unclassified	chr1	180695	187421	5158	11894	-	6786	6676	6660	60	50	16	60	0.566336	0.997603	0.981432	0
PBG05018_fed47a06_f5857de2_98.pod5	eda816e3-90e8-4edb-b0ad-0cb6a18cc4ce	f5857de27f3551c19729b88685e2f7dc6b1955db	160	2	137876	34.3144	137876	34.3124	8968	8.30757	unclassified	chr1	180695	180998	6479	6801	-	324	301	299	21	2	2	21	0.0359054	0.993355	0.92284	0
PBG05018_fed47a06_f5857de2_99.pod5	37168f7e-74d3-4e8e-ad4d-1f02a1337eaf	f5857de27f3551c19729b88685e2f7dc6b1955db	1817	4	140405	15.2408	140405	15.1488	4916	13.9111	unclassified	chr1	180701	182824	2632	4916	-	2310	2097	2075	187	26	22	16	0.464605	0.989509	0.898268	0
PBG05018_fed47a06_f5857de2_42.pod5	38074fab-060c-47c5-82be-29061aa4d00d	f5857de27f3551c19729b88685e2f7dc6b1955db	934	2	44458.1	39.6572	44458.2	39.5556	20678	20.2491	unclassified	chr1	180723	195473	5389	20670	+	15358	14673	14497	608	77	176	1	0.738998	0.988005	0.943938	0
PBG05018_fed47a06_f5857de2_92.pod5	674982a5-ffb2-4e49-8bdb-cc632b2408d4	f5857de27f3551c19729b88685e2f7dc6b1955db	1334	3	123452	9.1184	123452	8.9496	3138	28.1562	unclassified	chr1	180827	183861	8	3138	-	3155	3009	2985	121	25	24	60	0.997451	0.992024	0.946117	0
PBG05018_fed47a06_f5857de2_45.pod5	2bdf8d1b-a4f3-4d5f-98cf-a0db690bbc4d	f5857de27f3551c19729b88685e2f7dc6b1955db	443	1	49203.5	37.8848	49203.6	37.752	9232	9.34072	unclassified	chr1	180859	184862	5193	9232	-	4088	3954	3914	85	49	40	60	0.4375	0.989884	0.957436	0
PBG05018_fed47a06_f5857de2_45.pod5	ee5d1d4e-dbac-4dda-bcc8-c29b44abd54e	f5857de27f3551c19729b88685e2f7dc6b1955db	1083	3	48415.1	13.4252	48415.1	13.4232	4555	7.8245	unclassified	chr1	180949	184669	754	4471	-	3907	3530	3345	187	190	185	24	0.816026	0.947592	0.856156	0
PBG05018_fed47a06_f5857de2_23.pod5	c0c8b877-b924-41c7-92c6-812dab495812	f5857de27f3551c19729b88685e2f7dc6b1955db	2981	4	21807.2	26.2286	21807.2	26.2266	11914	19.651	unclassified	chr1	180956	183875	8909	11905	+	3015	2900	2874	96	19	26	60	0.251469	0.991035	0.953234	0
PBG05018_fed47a06_f5857de2_26.pod5	42db5eda-49cd-427d-ba37-9fa88da50730	f5857de27f3551c19729b88685e2f7dc6b1955db	296	1	25292	47.6528	25292.2	47.4828	17014	27.2057	unclassified	chr1	180956	189496	8319	17014	-	8718	8517	8477	178	23	40	30	0.51105	0.995304	0.972356	0
PBG05018_fed47a06_f5857de2_98.pod5	b254264a-449f-43a2-8e61-8649e89054a7	f5857de27f3551c19729b88685e2f7dc6b1955db	289	3	136785	37.118	136786	37.0596	14771	11.3996	unclassified	chr1	181042	194215	175	14771	-	14811	12958	12841	1638	215	117	60	0.988152	0.990971	0.866991	0
PBG05018_fed47a06_f5857de2_14.pod5	8d81dd8e-2302-4e13-bb5c-33400875e3c1	f5857de27f3551c19729b88685e2f7dc6b1955db	2073	2	13890.7	21.71	13890.9	21.5796	9726	24.0174	unclassified	chr1	181146	190902	1	9717	+	9762	9710	9654	6	46	56	60	0.998972	0.994233	0.988937	0
PBG05018_fed47a06_f5857de2_14.pod5	9a38e186-2291-4dd2-9b70-38bd9c40cee3	f5857de27f3551c19729b88685e2f7dc6b1955db	2073	2	13867.1	22.5176	13867.2	22.4148	9768	24.5152	unclassified	chr1	181146	190902	9	9767	-	9776	9738	9686	20	18	52	60	0.998976	0.99466	0.990794	0
PBG05018_fed47a06_f5857de2_70.pod5	4d10c6ae-979a-4cf3-8396-57f4619dc825	f5857de27f3551c19729b88685e2f7dc6b1955db	1861	2	88504.4	19.0076	88504.5	18.8808	5585	31.8042	unclassified	chr1	181146	186585	146	5585	-	5444	5434	5409	5	5	25	60	0.973859	0.995399	0.993571	0
PBG05018_fed47a06_f5857de2_121.pod5	26b071df-a127-400d-8704-5ee8ec9f18e7	f5857de27f3551c19729b88685e2f7dc6b1955db	877	3	219999	6.3494	219999	6.3474	2764	25.4429	unclassified	chr1	181146	183848	47	2734	-	2704	2685	2675	2	17	10	60	0.972142	0.996276	0.989275	0
PBG05018_fed47a06_f5857de2_94.pod5	99f12724-9596-4453-bb9d-ab1318093c00	f5857de27f3551c19729b88685e2f7dc6b1955db	65	4	127999	74.7308	127999	74.5536	11803	10.3849	unclassified	chr1	181250	189036	4236	11803	-	7908	7445	7285	122	341	160	25	0.641108	0.978509	0.921219	0
PBG05018_fed47a06_f5857de2_87.pod5	ad7a5db5-0e88-4efa-95dc-d0f614f7ab9a	f5857de27f3551c19729b88685e2f7dc6b1955db	638	1	112160	16.7982	112160	16.7962	4335	9.09213	unclassified	chr1	181332	183297	2367	4329	+	1987	1940	1898	22	25	42	32	0.452595	0.978351	0.955209	0
PBG05018_fed47a06_f5857de2_35.pod5	9c36badc-887f-4316-aacd-6472e7ae68e4	f5857de27f3551c19729b88685e2f7dc6b1955db	833	2	35485	1.2368	35485.1	1.1352	428	31.4346	unclassified	chr1	181353	181783	1	428	-	430	427	427	0	3	0	60	0.997664	1	0.993023	0
PBG05018_fed47a06_f5857de2_38.pod5	68862745-91d1-448d-846b-a47c54d5ff2b	f5857de27f3551c19729b88685e2f7dc6b1955db	2159	1	38944.2	4.3508	38944.3	4.2156	1024	21.8814	unclassified	chr1	181539	182571	1	1024	-	1032	1023	1023	0	9	0	60	0.999023	1	0.991279	0
PBG05018_fed47a06_f5857de2_96.pod5	1853466d-250e-4605-8244-d8e0527bf6c5	f5857de27f3551c19729b88685e2f7dc6b1955db	220	3	133220	20.7932	133220	20.6388	8087	30.2383	unclassified	chr1	181632	189712	6	8087	-	8087	8074	8038	7	6	36	46	0.999258	0.995541	0.993941	0
PBG05018_fed47a06_f5857de2_88.pod5	874903f1-d39f-4c26-a65d-b78aff078971	f5857de27f3551c19729b88685e2f7dc6b1955db	2236	1	112832	7.838	112832	7.674	2950	28.964	unclassified	chr1	181777	184723	5	2950	-	2947	2944	2942	1	2	2	60	0.998305	0.999321	0.998303	0
PBG05018_fed47a06_f5857de2_68.pod5	d56d86b1-7bd8-4d60-88c5-7e6ee738209e	f5857de27f3551c19729b88685e2f7dc6b1955db	1621	4	85137.2	23.2528	85137.2	23.2508	8349	20.5421	unclassified	chr1	181824	190144	28	8337	+	8349	8280	8213	29	40	67	24	0.995209	0.991908	0.983711	0
PBG05018_fed47a06_f5857de2_20.pod5	a87e4af5-b968-4338-8506-b951a7e23c46	f5857de27f3551c19729b88685e2f7dc6b1955db	2561	3	18879.4	0.9044	18879.5	0.8124	361	27.3108	unclassified	chr1	181841	182201	0	361	+	361	360	358	1	0	2	10	1	0.994444	0.99169	0
PBG05018_fed47a06_f5857de2_62.pod5	02e4f37c-81ab-4897-92b2-9c4171497178	f5857de27f3551c19729b88685e2f7dc6b1955db	2210	4	77552.9	7.5068	77553.2	7.146	1375	27.3599	unclassified	chr1	181950	183325	0	1375	-	1376	1374	1374	1	1	0	60	1	1	0.998547	0
PBG05018_fed47a06_f5857de2_98.pod5	ab20ea55-b0a7-4149-a67b-3998c2c82570	f5857de27f3551c19729b88685e2f7dc6b1955db	236	4	138681	5.8882	138681	5.8862	2058	26.0988	unclassified	chr1	181957	184002	6	2052	-	2049	2042	2036	4	3	6	60	0.994169	0.997062	0.993655	0
PBG05018_fed47a06_f5857de2_34.pod5	a2cbda49-6920-42b9-a7b2-2ccbbd741d6e	f5857de27f3551c19729b88685e2f7dc6b1955db	899	4	34066.1	13.8464	34066.3	13.6488	4846	24.5348	unclassified	chr1	181996	184393	0	2396	+	2397	2396	2387	0	1	9	32	0.494428	0.996244	0.995828	0
PBG05018_fed47a06_f5857de2_7.pod5	f86289ab-53be-498c-b042-a06a8009f30a	f5857de27f3551c19729b88685e2f7dc6b1955db	1896	1	7089.94	19.2032	7090.1	19.0392	7481	14.9414	unclassified	chr1	182088	189229	0	7476	+	7494	7123	7090	353	18	33	25	0.999332	0.995367	0.94609	0
PBG05018_fed47a06_f5857de2_7.pod5	70823167-3153-48e5-9087-deb313ad170f	f5857de27f3551c19729b88685e2f7dc6b1955db	1896	1	7071.03	18.8888	7071.12	18.8028	7118	26.9572	unclassified	chr1	182103	189229	0	7118	-	7129	7115	7084	3	11	31	37	1	0.995643	0.993688	0
PBG05018_fed47a06_f5857de2_2.pod5	96ad035d-482b-4f0f-a7b0-f6413b14f5aa	f5857de27f3551c19729b88685e2f7dc6b1955db	1278	1	3105.11	16.6484	3105.25	16.5084	6326	27.5307	unclassified	chr1	182468	188784	10	6326	-	6324	6308	6302	8	8	6	60	0.998419	0.999049	0.996521	0
PBG05018_fed47a06_f5857de2_2.pod5	da71d1ff-7fb2-4065-b567-9896184c4fbe	f5857de27f3551c19729b88685e2f7dc6b1955db	1278	1	3121.78	12.9728	3121.85	12.9	6298	20.3375	unclassified	chr1	182472	188784	2	6291	+	6324	6277	6246	12	35	31	60	0.998571	0.995061	0.987666	0
PBG05018_fed47a06_f5857de2_76.pod5	429f5f8d-d2d9-4306-8798-a3a75ac18d44	f5857de27f3551c19729b88685e2f7dc6b1955db	416	2	96003.3	3.614	96003.5	3.462	1317	26.5158	unclassified	chr1	182557	183866	6	1317	-	1313	1307	1303	4	2	4	57	0.995444	0.99694	0.992384	0
PBG05018_fed47a06_f5857de2_66.pod5	54b40b26-0a39-4260-8f97-ee988996f49d	f5857de27f3551c19729b88685e2f7dc6b1955db	1081	1	83418.8	60.8036	83418.9	60.72	26381	24.4138	unclassified	chr1	182962	206331	5	26381	-	26499	23246	22874	3130	123	372	48	0.99981	0.983997	0.863202	0
PBG05018_fed47a06_f5857de2_66.pod5	2b489a97-25ad-4125-8ce4-f90b38d1979e	f5857de27f3551c19729b88685e2f7dc6b1955db	1081	1	83351.8	66.8456	83352	66.6624	26399	27.16	unclassified	chr1	182963	206332	0	26391	+	26472	23288	22919	3103	81	369	50	0.999697	0.984155	0.865783	0
PBG05018_fed47a06_f5857de2_105.pod5	0c8c7403-a755-4389-8539-f6f668c028d6	f5857de27f3551c19729b88685e2f7dc6b1955db	1172	3	162580	8.0588	162580	7.8708	2753	19.1814	unclassified	chr1	183194	185949	0	2751	+	2767	2739	2706	12	16	33	60	0.999274	0.987952	0.977954	0
PBG05018_fed47a06_f5857de2_102.pod5	001ebf85-e611-461c-80b5-0cc1af8ad816	f5857de27f3551c19729b88685e2f7dc6b1955db	1238	1	152197	0.2864	152197	0.1704	85	20.8567	unclassified	chr1	183225	183309	1	85	-	84	84	84	0	0	0	1	0.988235	1	1	0
PBG05018_fed47a06_f5857de2_14.pod5	0dbe8ec2-341a-48de-bc96-6d194b3a4a73	f5857de27f3551c19729b88685e2f7dc6b1955db	2698	3	13520.2	7.478	13520.3	7.3548	2717	31.3269	unclassified	chr1	183554	186270	6	2717	-	2716	2711	2709	0	5	2	60	0.997792	0.999262	0.997423	0
PBG05018_fed47a06_f5857de2_35.pod5	8a4c0928-5d56-4e98-99f3-cb44752c9a91	f5857de27f3551c19729b88685e2f7dc6b1955db	306	2	35448.8	9.794	35448.9	9.6516	3502	23.6906	unclassified	chr1	183702	187198	7	3502	-	3502	3489	3468	6	7	21	60	0.998001	0.993981	0.990291	0
PBG05018_fed47a06_f5857de2_84.pod5	890201d7-6c2f-405b-9e6a-eeba1d0bc4e7	f5857de27f3551c19729b88685e2f7dc6b1955db	612	4	107592	33.9054	107592	33.9034	8740	24.945	unclassified	chr1	183801	192493	30	8733	+	8731	8664	8574	39	28	90	52	0.995767	0.989612	0.982018	0
PBG05018_fed47a06_f5857de2_45.pod5	42ce2f3b-0c85-48b5-88f0-b366c0b8a46c	f5857de27f3551c19729b88685e2f7dc6b1955db	2185	1	48436.1	8.5736	48436.5	8.136	1356	21.0145	unclassified	chr1	183867	185222	0	1356	+	1359	1352	1349	4	3	3	60	1	0.997781	0.992642	0
PBG05018_fed47a06_f5857de2_88.pod5	35479a46-4051-45b5-9ff5-cae11997bf1d	f5857de27f3551c19729b88685e2f7dc6b1955db	924	3	113481	12.6634	113481	12.6614	4857	34.6612	unclassified	chr1	184013	188846	7	4838	-	4835	4829	4807	2	4	22	4	0.994647	0.995444	0.994209	0
PBG05018_fed47a06_f5857de2_65.pod5	6a25c117-e31e-4624-8064-0ec481d45ca7	f5857de27f3551c19729b88685e2f7dc6b1955db	1534	3	81730.9	0.7832	81731	0.66	288	30.9478	unclassified	chr1	184077	184359	6	288	-	282	282	282	0	0	0	18	0.979167	1	1	0
PBG05018_fed47a06_f5857de2_87.pod5	f3cc5d73-95ce-4ea0-987b-e23608ecbd6a	f5857de27f3551c19729b88685e2f7dc6b1955db	2328	1	111513	6.1696	111513	6.1676	2433	23.2232	unclassified	chr1	184111	186507	32	2433	+	2402	2395	2391	6	1	4	60	0.986848	0.99833	0.99542	0
PBG05018_fed47a06_f5857de2_55.pod5	c97bb40f-1478-47fd-80da-f922ced3400b	f5857de27f3551c19729b88685e2f7dc6b1955db	73	4	65513.5	0.8804	65513.7	0.7128	219	17.76	unclassified	chr1	184391	184601	9	219	-	210	210	209	0	0	1	15	0.958904	0.995238	0.995238	0
PBG05018_fed47a06_f5857de2_84.pod5	205f359a-be38-40ce-a08d-fb1cc569ad45	f5857de27f3551c19729b88685e2f7dc6b1955db	1035	4	107843	26.906	107843	26.718	6827	22.4398	unclassified	chr1	184729	191556	0	6827	-	6861	6793	6724	34	34	69	59	1	0.989842	0.980032	0
PBG05018_fed47a06_f5857de2_72.pod5	bf7a5882-de8f-45df-95c7-71086d9aa21c	f5857de27f3551c19729b88685e2f7dc6b1955db	1988	1	90713.7	9.6896	90713.7	9.6876	2668	16.2181	unclassified	chr1	184811	187463	0	2634	-	2670	2616	2553	18	36	63	10	0.987256	0.975917	0.95618	0
PBG05018_fed47a06_f5857de2_98.pod5	c13b0ad8-ec4c-4bd2-9a60-d735cb833402	f5857de27f3551c19729b88685e2f7dc6b1955db	236	4	138677	1.8678	138677	1.8658	683	16.9099	unclassified	chr1	184823	185500	0	683	-	684	676	669	7	1	7	22	1	0.989645	0.97807	0
PBG05018_fed47a06_f5857de2_24.pod5	dc03ecf2-2670-42a7-be21-cc02dba325ab	f5857de27f3551c19729b88685e2f7dc6b1955db	2833	4	23299.5	5.6816	23299.7	5.4576	1957	27.1081	unclassified	chr1	184859	186812	0	1948	+	1956	1945	1932	3	8	13	60	0.995401	0.993316	0.98773	0
PBG05018_fed47a06_f5857de2_44.pod5	c16c2dcc-7475-4213-b0ed-12f90b1dc17a	f5857de27f3551c19729b88685e2f7dc6b1955db	968	2	47408.4	9.47	47408.6	9.324	3349	22.4959	unclassified	chr1	185016	188362	0	3342	+	3351	3337	3305	5	9	32	14	0.99791	0.990411	0.986273	0
PBG05018_fed47a06_f5857de2_64.pod5	d66fe133-2049-4542-8701-0ad5ee09eb3c	f5857de27f3551c19729b88685e2f7dc6b1955db	1785	1	80671.4	18.704	80671.5	18.6156	8183	14.1974	unclassified	chr1	185500	189971	3874	8183	-	4491	4289	4244	20	182	45	56	0.526579	0.989508	0.945001	0
PBG05018_fed47a06_f5857de2_24.pod5	19b804ac-7ce6-40c8-8e09-7bae4df8c1d6	f5857de27f3551c19729b88685e2f7dc6b1955db	662	4	23176.6	0.3318	23176.6	0.3298	123	15.6647	unclassified	chr1	185502	185625	0	123	-	123	123	123	0	0	0	0	1	1	1	0
PBG05018_fed47a06_f5857de2_9.pod5	dd600be3-3a9f-4d51-9552-288a388a47e4	f5857de27f3551c19729b88685e2f7dc6b1955db	1586	3	8757.31	5.239	8757.31	5.237	1991	27.9042	unclassified	chr1	185526	187481	32	1985	+	1955	1953	1952	0	2	1	60	0.980914	0.999488	0.998465	0
PBG05018_fed47a06_f5857de2_69.pod5	674ea80d-e194-4127-a450-4acb563c7dc9	f5857de27f3551c19729b88685e2f7dc6b1955db	2403	3	87570.3	26.0408	87570.4	25.9116	10125	23.904	unclassified	chr1	185756	195871	8	10122	-	10140	10089	9961	25	26	128	60	0.998914	0.987313	0.982347	0
PBG05018_fed47a06_f5857de2_68.pod5	d6ef97a8-24e6-4f38-88bd-f28b7dd864f9	f5857de27f3551c19729b88685e2f7dc6b1955db	2592	3	86226.4	14.6802	86226.4	14.6782	7292	23.8177	unclassified	chr1	185934	193196	7	7259	-	7278	7236	7161	16	26	75	60	0.994515	0.989635	0.983924	0
PBG05018_fed47a06_f5857de2_91.pod5	b9c5c7f9-2ad5-4b4d-9cc5-df8fbdca9b29	f5857de27f3551c19729b88685e2f7dc6b1955db	1463	3	120778	17.9506	120778	17.9486	6965	28.2757	unclassified	chr1	185993	192918	31	6958	+	6939	6913	6847	14	12	66	60	0.994544	0.990453	0.986742	0
PBG05018_fed47a06_f5857de2_110.pod5	5486ddc0-a129-4f6e-90a4-86ee4c95963d	f5857de27f3551c19729b88685e2f7dc6b1955db	800	4	182326	13.3064	182326	13.1832	4514	14.6518	unclassified	chr1	186202	190752	6	4514	-	4591	4467	4344	41	83	123	1	0.998671	0.972465	0.946199	0
PBG05018_fed47a06_f5857de2_91.pod5	0393dce9-4971-46cb-a706-b6f6c79236e9	f5857de27f3551c19729b88685e2f7dc6b1955db	1290	4	119365	17.0346	119365	17.0326	6135	25.4607	unclassified	chr1	186443	192541	8	6106	-	6109	6087	6080	11	11	7	60	0.993969	0.99885	0.995253	0
PBG05018_fed47a06_f5857de2_82.pod5	cb039533-8c74-4530-8667-d90037cc1a38	f5857de27f3551c19729b88685e2f7dc6b1955db	2041	1	103915	2.3912	103916	2.2824	882	20.27	unclassified	chr1	186451	187323	0	872	+	875	869	864	3	3	5	55	0.988662	0.994246	0.987429	0
PBG05018_fed47a06_f5857de2_61.pod5	6c43a275-aef7-473c-bf9b-0eac6c5a2f6f	f5857de27f3551c19729b88685e2f7dc6b1955db	2073	3	76542.1	2.6972	76542.3	2.5356	924	24.8094	unclassified	chr1	186580	187497	0	918	+	918	917	909	1	0	8	16	0.993506	0.991276	0.990196	0
PBG05018_fed47a06_f5857de2_61.pod5	be7e80ae-5b03-4abe-8409-93be24a58e10	f5857de27f3551c19729b88685e2f7dc6b1955db	2073	3	76522.8	2.2736	76522.9	2.1504	930	22.7292	unclassified	chr1	186580	187497	11	930	-	919	917	903	2	0	14	16	0.988172	0.984733	0.98259	0
PBG05018_fed47a06_f5857de2_102.pod5	f12122fd-4995-4293-ade9-ce2ed238af6d	f5857de27f3551c19729b88685e2f7dc6b1955db	95	1	151488	3.4838	151488	3.4818	1267	24.2115	unclassified	chr1	187021	188253	5	1226	-	1232	1221	1214	0	11	7	41	0.963694	0.994267	0.98539	0
PBG05018_fed47a06_f5857de2_11.pod5	195ff1dd-7557-4362-b8d9-c541fcefbcdd	f5857de27f3551c19729b88685e2f7dc6b1955db	2138	3	11199	3.489	11199.1	3.487	1038	10.538	unclassified	chr1	187248	188261	11	1008	-	1037	973	922	24	40	51	0	0.960501	0.947585	0.889103	0
PBG05018_fed47a06_f5857de2_8.pod5	b8f5391c-58fe-4e54-80e7-3c13733df48f	f5857de27f3551c19729b88685e2f7dc6b1955db	550	3	8191	12.9728	8191.1	12.8724	4994	24.1212	unclassified	chr1	187292	192277	8	4994	-	4994	4977	4973	9	8	4	60	0.998398	0.999196	0.995795	0
PBG05018_fed47a06_f5857de2_111.pod5	3c394689-ba28-4957-a135-78f69e18105e	f5857de27f3551c19729b88685e2f7dc6b1955db	2721	2	183648	39.9356	183648	39.9336	17041	8.84252	unclassified	chr1	187613	205270	7	17002	-	18158	16494	15345	501	1163	1149	60	0.997301	0.930338	0.845082	0
PBG05018_fed47a06_f5857de2_111.pod5	1e9fad00-e901-4e25-a652-7d368ce7a0c6	f5857de27f3551c19729b88685e2f7dc6b1955db	2721	2	183605	43.0782	183605	43.0762	17008	8.95446	unclassified	chr1	187641	205271	62	17001	+	18126	16443	15322	496	1187	1121	60	0.995943	0.931825	0.845305	0
PBG05018_fed47a06_f5857de2_5.pod5	71bbcfda-5a8a-434f-9585-8853e65a3f51	f5857de27f3551c19729b88685e2f7dc6b1955db	707	1	5337.64	7.4276	5337.78	7.2816	2675	26.9958	unclassified	chr1	187656	190318	0	2666	+	2670	2658	2639	8	4	19	1	0.996635	0.992852	0.988389	0
PBG05018_fed47a06_f5857de2_40.pod5	8160b8ac-746a-42ab-a8ae-c3ff2fd41b06	f5857de27f3551c19729b88685e2f7dc6b1955db	1411	3	43033	24.8396	43033.2	24.606	8830	24.0541	unclassified	chr1	187657	196480	0	8823	+	8841	8805	8698	18	18	107	60	0.999207	0.987848	0.983825	0
PBG05018_fed47a06_f5857de2_5.pod5	d65a36c5-2854-4287-996c-844243867b53	f5857de27f3551c19729b88685e2f7dc6b1955db	1617	3	5293.45	6.782	5293.51	6.7236	2578	25.3875	unclassified	chr1	187876	190451	0	2578	+	2582	2571	2547	7	4	24	31	1	0.990665	0.986445	0
PBG05018_fed47a06_f5857de2_55.pod5	f1a5f765-6ec9-42e2-8a47-82caed2f9f4e	f5857de27f3551c19729b88685e2f7dc6b1955db	2717	4	65015.7	7.0484	65015.9	6.8736	2515	26.5408	unclassified	chr1	188370	190877	0	2509	+	2512	2504	2504	5	3	0	60	0.997614	1	0.996815	0
PBG05018_fed47a06_f5857de2_55.pod5	65f35834-d79f-439e-81ca-2bf1c8cef57c	f5857de27f3551c19729b88685e2f7dc6b1955db	2717	4	65022.8	6.1604	65022.9	6.0576	2508	23.561	unclassified	chr1	188370	190877	6	2508	-	2511	2498	2488	4	9	10	60	0.997608	0.995997	0.99084	0
PBG05018_fed47a06_f5857de2_93.pod5	8243de83-673e-43f4-bfd6-dfc3c166cdda	f5857de27f3551c19729b88685e2f7dc6b1955db	2935	1	125614	3.5072	125614	3.3936	1439	20.926	unclassified	chr1	188514	189946	0	1435	+	1439	1428	1418	7	4	10	60	0.99722	0.992997	0.985407	0
PBG05018_fed47a06_f5857de2_53.pod5	8cce1258-e703-49f9-85bd-17c532a87813	f5857de27f3551c19729b88685e2f7dc6b1955db	1654	3	60794	4.5624	60794	4.5604	772	28.1117	unclassified	chr1	188742	189477	38	772	+	736	733	731	1	2	2	0	0.950777	0.997271	0.993207	0
PBG05018_fed47a06_f5857de2_19.pod5	83afdb4b-e2c5-4081-b593-133e5327edb5	f5857de27f3551c19729b88685e2f7dc6b1955db	2815	1	17882.3	4.6532	17882.5	4.4964	1763	26.1553	unclassified	chr1	188874	190631	0	1763	-	1765	1755	1739	8	2	16	1	1	0.990883	0.985269	0
PBG05018_fed47a06_f5857de2_40.pod5	2832316e-26a1-40a3-b15e-6dabd9469341	f5857de27f3551c19729b88685e2f7dc6b1955db	1922	2	41851.3	1.5572	41851.4	1.4484	490	22.2182	unclassified	chr1	189148	189628	12	490	-	480	478	476	0	2	2	28	0.97551	0.995816	0.991667	0
PBG05018_fed47a06_f5857de2_49.pod5	69bd7374-78c8-4774-96cd-1c9c8c95d603	f5857de27f3551c19729b88685e2f7dc6b1955db	2037	2	55566	6.6212	55566.1	6.522	2890	24.1234	unclassified	chr1	189562	192454	0	2890	+	2896	2886	2872	4	6	14	60	1	0.995149	0.991713	0
PBG05018_fed47a06_f5857de2_49.pod5	2eeb43e5-ce64-4e3a-b987-2e5cb9b1ac72	f5857de27f3551c19729b88685e2f7dc6b1955db	2037	2	55557.8	8.0516	55558	7.914	3055	25.8053	unclassified	chr1	189562	192620	6	3055	-	3060	3047	3027	2	11	20	60	0.998036	0.993436	0.989216	0
PBG05018_fed47a06_f5857de2_38.pod5	056254a9-86d9-4d9e-aa4f-5ff7c52d7ca0	f5857de27f3551c19729b88685e2f7dc6b1955db	2281	2	40405.3	4.3804	40405.3	4.3784	1997	20.3984	unclassified	chr1	189614	191627	0	1992	-	2018	1987	1972	5	26	15	60	0.997496	0.992451	0.977205	0
PBG05018_fed47a06_f5857de2_34.pod5	59bd6530-1a22-4858-9cad-f96c4582bdb2	f5857de27f3551c19729b88685e2f7dc6b1955db	328	3	34307	5.7874	34307	5.7854	1972	9.35441	unclassified	chr1	190141	192167	9	1937	-	2067	1887	1773	41	139	114	54	0.977688	0.939587	0.857765	0
PBG05018_fed47a06_f5857de2_67.pod5	5b5d62eb-9f20-44d0-9a1b-ba3a148d925a	f5857de27f3551c19729b88685e2f7dc6b1955db	866	2	84866.6	10.1084	84866.7	10.002	3799	24.7437	unclassified	chr1	190269	194064	6	3799	-	3798	3790	3786	3	5	4	60	0.998421	0.998945	0.99684	0
PBG05018_fed47a06_f5857de2_45.pod5	a0dcbee2-051a-4169-b72f-75fb16234736	f5857de27f3551c19729b88685e2f7dc6b1955db	756	2	49185.6	11.3864	49185.7	11.2896	4689	23.7776	unclassified	chr1	190388	195064	0	4665	+	4681	4660	4653	5	16	7	60	0.994882	0.998498	0.994018	0
PBG05018_fed47a06_f5857de2_55.pod5	66f1ed65-4f76-4e90-bee7-012fc303e920	f5857de27f3551c19729b88685e2f7dc6b1955db	1850	2	65773	9.4964	65773.1	9.3864	3516	27.2576	unclassified	chr1	190732	194246	7	3516	-	3516	3507	3456	2	7	51	60	0.998009	0.985458	0.982935	0
PBG05018_fed47a06_f5857de2_44.pod5	6537cd45-948c-422c-a8ff-23326181709a	f5857de27f3551c19729b88685e2f7dc6b1955db	1110	2	46586.8	28.2956	46586.9	28.1748	12107	24.3293	unclassified	chr1	190795	202934	7	12107	-	12170	12069	11865	31	70	204	60	0.999422	0.983097	0.974938	0
PBG05018_fed47a06_f5857de2_44.pod5	2d38bc04-058a-4748-9eee-3475f79a5508	f5857de27f3551c19729b88685e2f7dc6b1955db	1110	2	46556.2	30.5708	46556.3	30.4764	12124	29.4825	unclassified	chr1	190796	202934	0	12115	+	12156	12097	11905	18	41	192	60	0.999258	0.984128	0.979352	0
PBG05018_fed47a06_f5857de2_3.pod5	8222426f-f1e9-40bf-8f98-bc72f55c4332	f5857de27f3551c19729b88685e2f7dc6b1955db	420	2	3415.72	5.2736	3415.83	5.1696	2123	23.3038	unclassified	chr1	190978	192251	853	2123	-	1276	1267	1260	3	6	7	60	0.59821	0.994475	0.987461	0
PBG05018_fed47a06_f5857de2_71.pod5	b512584e-4712-4c3c-ad93-86b2f8516ed9	f5857de27f3551c19729b88685e2f7dc6b1955db	449	2	90084.4	7.4732	90084.6	7.3536	2815	29.2024	unclassified	chr1	191144	193953	0	2809	+	2814	2804	2767	5	5	37	60	0.997869	0.986805	0.983298	0
PBG05018_fed47a06_f5857de2_66.pod5	bc21b85b-ba40-4dbb-ab19-3b09febd9046	f5857de27f3551c19729b88685e2f7dc6b1955db	2862	4	83318.9	1.406	83319.5	0.7644	257	26.7017	unclassified	chr1	191265	191516	6	257	-	251	251	251	0	0	0	60	0.976654	1	1	0
PBG05018_fed47a06_f5857de2_83.pod5	334383bc-852a-4d37-812f-f3afbca1d470	f5857de27f3551c19729b88685e2f7dc6b1955db	2834	4	105835	1.6808	105835	1.6788	627	11.2325	unclassified	chr1	191355	191941	35	625	+	606	570	554	20	16	16	60	0.940989	0.97193	0.914191	0
PBG05018_fed47a06_f5857de2_7.pod5	d88b65be-484d-4cb5-ab25-bedba62f6cd1	f5857de27f3551c19729b88685e2f7dc6b1955db	2033	1	7387.23	13.7468	7387.35	13.626	5019	23.0508	unclassified	chr1	191478	196501	7	5019	-	5031	5004	4996	8	19	8	60	0.998605	0.998401	0.993043	0
PBG05018_fed47a06_f5857de2_24.pod5	92ee5369-61ad-4524-a7ae-c3218ed93181	f5857de27f3551c19729b88685e2f7dc6b1955db	186	2	23546.9	1.2778	23546.9	1.2758	434	26.2363	unclassified	chr1	191573	191965	31	423	+	392	392	392	0	0	0	60	0.903226	1	1	0
PBG05018_fed47a06_f5857de2_61.pod5	7bf4a697-fbb2-47d5-b91c-27dbf5f11cd6	f5857de27f3551c19729b88685e2f7dc6b1955db	291	4	76840.9	1.8764	76841	1.776	777	24.3398	unclassified	chr1	191724	192492	0	768	+	769	767	767	1	1	0	23	0.988417	1	0.997399	0
PBG05018_fed47a06_f5857de2_38.pod5	45af92f9-513a-4650-9db7-3126c9e34e1d	f5857de27f3551c19729b88685e2f7dc6b1955db	2281	2	40403.6	1.4106	40403.6	1.4086	592	26.5727	unclassified	chr1	191793	192383	0	592	-	593	589	582	3	1	7	31	1	0.988115	0.98145	0
PBG05018_fed47a06_f5857de2_42.pod5	28e40f63-0c78-4850-a168-67dafe4f01e3	f5857de27f3551c19729b88685e2f7dc6b1955db	1318	4	43670.3	30.8122	43670.3	30.8102	11928	9.13069	unclassified	chr1	192328	204586	31	11917	+	12591	11553	10811	333	705	742	18	0.996479	0.935774	0.858629	0
PBG05018_fed47a06_f5857de2_67.pod5	b5d748cb-3c69-49f9-8f2e-706f83f5a25a	f5857de27f3551c19729b88685e2f7dc6b1955db	1295	3	83978.2	1.0796	83978.3	0.9876	411	22.3278	unclassified	chr1	192335	192735	0	400	+	400	400	400	0	0	0	0	0.973236	1	1	0
PBG05018_fed47a06_f5857de2_83.pod5	52e9a21d-308c-40f3-9cde-78069d6c7760	f5857de27f3551c19729b88685e2f7dc6b1955db	2414	2	106551	12.2936	106551	12.0888	4089	25.6569	unclassified	chr1	192421	196503	0	4089	-	4091	4080	4073	9	2	7	6	1	0.998284	0.9956	0
PBG05018_fed47a06_f5857de2_106.pod5	6008efa4-113e-450b-b303-da8c588fe336	f5857de27f3551c19729b88685e2f7dc6b1955db	1152	1	168293	1.166	168293	1.0116	413	16.684	unclassified	chr1	193037	193448	0	413	-	415	409	407	4	2	2	0	1	0.99511	0.980723	0
PBG05018_fed47a06_f5857de2_94.pod5	43a600be-b449-459c-a3cc-e1631d689305	f5857de27f3551c19729b88685e2f7dc6b1955db	2423	4	128069	9.0254	128069	9.0234	3360	27.5829	unclassified	chr1	193242	196567	6	3330	-	3329	3320	3318	4	5	2	19	0.989286	0.999398	0.996696	0
PBG05018_fed47a06_f5857de2_38.pod5	ce9c8c3f-22f2-4c58-8e0c-346345a2d714	f5857de27f3551c19729b88685e2f7dc6b1955db	2281	2	40400.9	0.87	40400.9	0.868	407	26.0953	unclassified	chr1	193248	193647	3	404	-	401	399	386	2	0	13	0	0.985258	0.967419	0.962593	0
PBG05018_fed47a06_f5857de2_47.pod5	a161cf51-cc35-4905-9823-23d757a47b63	f5857de27f3551c19729b88685e2f7dc6b1955db	280	4	52908.3	1.2296	52908.3	1.14	474	20.2302	unclassified	chr1	193260	193731	3	474	-	472	470	468	1	1	2	0	0.993671	0.995745	0.991525	0
PBG05018_fed47a06_f5857de2_94.pod5	fd467adf-64ae-45be-aaaf-da2600db8c54	f5857de27f3551c19729b88685e2f7dc6b1955db	1573	3	127653	11.0492	127654	10.9356	4382	27.9476	unclassified	chr1	193406	197776	0	4372	+	4374	4368	4363	4	2	5	27	0.997718	0.998855	0.997485	0
PBG05018_fed47a06_f5857de2_16.pod5	8602cd2f-c481-4000-8461-0fa554f6c0e1	f5857de27f3551c19729b88685e2f7dc6b1955db	2148	3	14610.4	15.47	14610.6	15.318	5614	25.4088	unclassified	chr1	195206	200809	0	5607	+	5610	5600	5592	7	3	8	26	0.998753	0.998571	0.996791	0
PBG05018_fed47a06_f5857de2_8.pod5	5beea472-c7da-4027-a9c6-f2985004480b	f5857de27f3551c19729b88685e2f7dc6b1955db	2052	2	8533.41	2.3144	8533.51	2.2104	981	28.5273	unclassified	chr1	195294	196261	11	981	-	970	967	967	3	0	0	0	0.988787	1	0.996907	0
PBG05018_fed47a06_f5857de2_57.pod5	dc4c0df3-54a0-4739-b18e-a297835383a7	f5857de27f3551c19729b88685e2f7dc6b1955db	958	1	71951.1	26.2616	71951.2	26.1	10003	22.0468	unclassified	chr1	195345	205349	6	10003	-	10048	9953	9922	44	51	31	31	0.9994	0.996885	0.98746	0
PBG05018_fed47a06_f5857de2_57.pod5	0e0fd96d-c786-4bc6-9d0d-97eab1de2a9c	f5857de27f3551c19729b88685e2f7dc6b1955db	958	1	71927.2	23.1416	71927.4	23.0232	10002	28.4705	unclassified	chr1	195346	205349	0	9995	+	10014	9984	9976	11	19	8	28	0.9993	0.999199	0.996205	0
PBG05018_fed47a06_f5857de2_66.pod5	89b28a94-18b9-4b4f-8988-e65f94a7ff76	f5857de27f3551c19729b88685e2f7dc6b1955db	1062	4	83171.9	0.6066	83171.9	0.6046	238	21.7884	unclassified	chr1	196269	196465	11	207	-	196	196	195	0	0	1	0	0.823529	0.994898	0.994898	0
PBG05018_fed47a06_f5857de2_12.pod5	6dc3cf4d-a909-4d0a-a7f8-e45d4ec3a36b	f5857de27f3551c19729b88685e2f7dc6b1955db	548	2	11919.8	8.4176	11920.1	8.1252	2686	25.7509	unclassified	chr1	196904	199579	0	2679	+	2682	2672	2669	7	3	3	40	0.997394	0.998877	0.995153	0
PBG05018_fed47a06_f5857de2_12.pod5	b93f1643-ba34-4767-a780-94b045d6366e	f5857de27f3551c19729b88685e2f7dc6b1955db	548	2	11928.2	6.8168	11928.3	6.7008	2680	24.8854	unclassified	chr1	196904	199579	8	2680	-	2676	2671	2670	1	4	1	33	0.997015	0.999626	0.997758	0
PBG05018_fed47a06_f5857de2_1.pod5	6dd72dd0-db73-4d49-880b-4b15ac8681bf	f5857de27f3551c19729b88685e2f7dc6b1955db	2387	1	1849.58	5.3182	1849.58	5.3162	2966	19.5228	unclassified	chr1	197210	200129	38	2957	+	2933	2905	2882	14	14	23	35	0.984154	0.992083	0.982612	0
PBG05018_fed47a06_f5857de2_65.pod5	856f108d-da93-4ddd-bcec-ff534e143f94	f5857de27f3551c19729b88685e2f7dc6b1955db	674	2	82389.5	1.5764	82389.6	1.4772	614	21.7039	unclassified	chr1	197210	197821	4	614	-	611	610	590	0	1	20	0	0.993485	0.967213	0.96563	0
PBG05018_fed47a06_f5857de2_45.pod5	542d8fb1-a4e2-4ad1-a922-9e90e96d4655	f5857de27f3551c19729b88685e2f7dc6b1955db	477	4	48458.6	13.126	48458.6	13.124	4829	32.8926	unclassified	chr1	197216	202008	6	4795	-	4799	4782	4782	7	10	0	28	0.991717	1	0.996458	0
PBG05018_fed47a06_f5857de2_36.pod5	98fd7930-a5d8-4409-9262-ee4f1199e346	f5857de27f3551c19729b88685e2f7dc6b1955db	70	3	37184.6	0.6826	37184.6	0.6806	220	30.0716	unclassified	chr1	197401	197576	8	183	-	175	175	175	0	0	0	0	0.795455	1	1	0
PBG05018_fed47a06_f5857de2_85.pod5	a913338f-f4fb-4e6c-b874-038e0523eeb6	f5857de27f3551c19729b88685e2f7dc6b1955db	1341	3	110369	12.4452	110369	12.4432	4943	11.7659	unclassified	chr1	197458	202432	6	4908	-	5080	4796	4583	106	178	213	1	0.991705	0.955588	0.902165	0
PBG05018_fed47a06_f5857de2_75.pod5	a2e4241c-4217-427f-86cc-9447f1b305dc	f5857de27f3551c19729b88685e2f7dc6b1955db	266	4	93688.7	6.1016	93688.8	5.964	2547	26.3528	unclassified	chr1	197553	200085	0	2542	+	2545	2529	2512	13	3	17	16	0.998037	0.993278	0.987033	0
PBG05018_fed47a06_f5857de2_25.pod5	8cbfa4b3-b087-43d3-93bd-983449d2a743	f5857de27f3551c19729b88685e2f7dc6b1955db	682	3	24856.7	8.8796	24856.8	8.7192	2753	23.8914	unclassified	chr1	197589	200357	0	2752	-	2775	2745	2679	7	23	66	4	0.999637	0.975956	0.965405	0
PBG05018_fed47a06_f5857de2_103.pod5	d582a4f1-c619-44c8-8df9-ec8f164d8c0e	f5857de27f3551c19729b88685e2f7dc6b1955db	866	1	153988	13.4228	153988	13.3176	5699	18.1997	unclassified	chr1	197602	200489	0	2886	+	2893	2880	2874	6	7	6	6	0.506405	0.997917	0.993432	0
PBG05018_fed47a06_f5857de2_42.pod5	fdd9724f-3615-4f7b-8751-28f068a9f955	f5857de27f3551c19729b88685e2f7dc6b1955db	39	1	44215.6	5.4668	44215.8	5.2884	1921	26.3474	unclassified	chr1	197649	199573	5	1921	-	1924	1916	1912	0	8	4	21	0.997397	0.997912	0.993763	0
PBG05018_fed47a06_f5857de2_42.pod5	19b33be9-e882-434d-9e87-baa186e72041	f5857de27f3551c19729b88685e2f7dc6b1955db	39	1	44221.1	5.4656	44221.2	5.376	1796	24.4155	unclassified	chr1	197650	199443	0	1796	+	1797	1792	1784	4	1	8	31	1	0.995536	0.992766	0
PBG05018_fed47a06_f5857de2_30.pod5	a0c29604-4ebd-4dbf-bcc5-90654df1ba20	f5857de27f3551c19729b88685e2f7dc6b1955db	2947	1	29166	3.9104	29166.1	3.8136	1653	26.3902	unclassified	chr1	198067	199701	9	1653	-	1647	1631	1618	13	3	13	21	0.994555	0.992029	0.982392	0
PBG05018_fed47a06_f5857de2_30.pod5	6e39fedf-048b-4b76-9c63-479f7578c7fa	f5857de27f3551c19729b88685e2f7dc6b1955db	2947	1	29161.4	4.6184	29161.6	4.4592	1656	28.4972	unclassified	chr1	198068	199701	0	1647	+	1647	1633	1620	14	0	13	21	0.994565	0.992039	0.983607	0
PBG05018_fed47a06_f5857de2_64.pod5	9ea362a6-d020-40f7-bbaf-a8e1e19fb0b0	f5857de27f3551c19729b88685e2f7dc6b1955db	2329	3	80070.7	6.226	80070.7	6.224	2199	10.1513	unclassified	chr1	198261	200411	10	2142	-	2219	2063	1921	69	87	142	1	0.969532	0.931168	0.865705	0
PBG05018_fed47a06_f5857de2_17.pod5	c9d9d3b6-5b43-417e-a87e-627f75bbde84	f5857de27f3551c19729b88685e2f7dc6b1955db	925	3	15654.9	4.3328	15655	4.1736	1252	30.0572	unclassified	chr1	198379	199613	0	1245	+	1246	1233	1222	12	1	11	24	0.994409	0.991079	0.980738	0
PBG05018_fed47a06_f5857de2_56.pod5	2336eb79-e72e-4245-afa1-4995b849e7f4	f5857de27f3551c19729b88685e2f7dc6b1955db	468	2	69045.2	5.5964	69045.4	5.4468	2155	27.1932	unclassified	chr1	198813	200961	0	2149	+	2152	2145	2144	4	3	1	36	0.997216	0.999534	0.996283	0
PBG05018_fed47a06_f5857de2_77.pod5	1dc657d2-a14a-4986-b035-ae63416f5bd2	f5857de27f3551c19729b88685e2f7dc6b1955db	2539	4	97030.1	1.5512	97030.3	1.362	361	23.7927	unclassified	chr1	199070	199432	0	361	+	362	361	358	0	1	3	0	1	0.99169	0.98895	0
PBG05018_fed47a06_f5857de2_2.pod5	18634d9e-579f-41a8-b145-e3fff496b6e8	f5857de27f3551c19729b88685e2f7dc6b1955db	1044	4	2568.3	1.1636	2568.39	1.0668	492	19.1816	unclassified	chr1	199094	199578	14	492	-	484	478	462	0	6	16	0	0.971545	0.966527	0.954545	0
PBG05018_fed47a06_f5857de2_81.pod5	7ade44af-18de-4d2a-bc6b-5497132ec085	f5857de27f3551c19729b88685e2f7dc6b1955db	2806	1	102448	0.638	102448	0.5292	208	21.9645	unclassified	chr1	199103	199292	10	199	-	189	189	189	0	0	0	15	0.908654	1	1	0
PBG05018_fed47a06_f5857de2_1.pod5	fada4c7a-8853-43f7-b6c3-6f8abfedbf95	f5857de27f3551c19729b88685e2f7dc6b1955db	2024	2	1988.93	0.722	1989.03	0.63	275	24.5884	unclassified	chr1	199333	199597	11	275	-	264	264	262	0	0	2	0	0.96	0.992424	0.992424	0
PBG05018_fed47a06_f5857de2_1.pod5	423249e1-636a-4bc4-9af4-b7507412566b	f5857de27f3551c19729b88685e2f7dc6b1955db	2055	2	1521.24	1.5272	1521.51	1.2552	546	21.6484	unclassified	chr1	199434	199972	0	535	+	538	535	529	0	3	6	0	0.979853	0.988785	0.983271	0
PBG05018_fed47a06_f5857de2_63.pod5	5b267f17-2fbd-4f8d-aa52-5586bbcc14e5	f5857de27f3551c19729b88685e2f7dc6b1955db	426	2	79016.9	18.7844	79017.1	18.618	6628	29.3773	unclassified	chr1	199642	206269	0	6620	+	6631	6616	6616	4	11	0	25	0.998793	1	0.997738	0
PBG05018_fed47a06_f5857de2_17.pod5	33782e64-be63-4d20-8b8b-af09079b56ac	f5857de27f3551c19729b88685e2f7dc6b1955db	1345	2	15672.8	1.6448	15673	1.5048	645	22.3597	unclassified	chr1	199773	200406	0	632	+	633	632	616	0	1	16	0	0.979845	0.974684	0.973144	0
PBG05018_fed47a06_f5857de2_79.pod5	2d27af7a-c459-4d31-aa12-60b556a47d9a	f5857de27f3551c19729b88685e2f7dc6b1955db	1024	4	100443	17.4536	100443	17.3556	7087	27.792	unclassified	chr1	200041	207133	0	7087	-	7098	7081	7078	6	11	3	32	1	0.999576	0.997182	0
PBG05018_fed47a06_f5857de2_39.pod5	a4bd0456-723b-45f6-9a77-0e1598457068	f5857de27f3551c19729b88685e2f7dc6b1955db	1963	2	40915.4	9.5528	40915.6	9.3828	3715	31.6797	unclassified	chr1	200154	203862	0	3715	+	3715	3708	3708	7	0	0	33	1	1	0.998116	0
PBG05018_fed47a06_f5857de2_30.pod5	c4f18b87-59c8-4d57-8feb-8749853dff8f	f5857de27f3551c19729b88685e2f7dc6b1955db	807	2	29027.5	10.2262	29027.5	10.2242	4072	29.9569	unclassified	chr1	200315	204360	4	4046	-	4049	4038	4036	4	7	2	11	0.992633	0.999505	0.996789	0
PBG05018_fed47a06_f5857de2_17.pod5	4f5e8044-05ce-494f-a1b5-4df3bb636d91	f5857de27f3551c19729b88685e2f7dc6b1955db	390	3	15390.9	0.71	15391.1	0.5904	236	24.4001	unclassified	chr1	201033	201257	0	224	+	224	224	224	0	0	0	10	0.949153	1	1	0
PBG05018_fed47a06_f5857de2_83.pod5	0d4a45bb-8270-451f-addd-26e2a07ebc90	f5857de27f3551c19729b88685e2f7dc6b1955db	2466	4	106815	4.1672	106816	4.0632	2386	20.8042	unclassified	chr1	201099	203491	0	2386	-	2399	2379	2374	7	13	5	34	1	0.997898	0.989579	0
PBG05018_fed47a06_f5857de2_3.pod5	b4344f56-a738-4e58-a249-49fbbc099060	f5857de27f3551c19729b88685e2f7dc6b1955db	646	2	4045.07	9.3416	4045.17	9.24	4859	22.7734	unclassified	chr1	201530	204926	1462	4853	+	3404	3383	3379	8	13	4	1	0.69788	0.998818	0.992656	0
PBG05018_fed47a06_f5857de2_5.pod5	323b062c-5b3b-4492-b24f-82d8a7d8e297	f5857de27f3551c19729b88685e2f7dc6b1955db	637	3	5124.18	12.7328	5124.42	12.4944	4870	25.5344	unclassified	chr1	201530	204926	1474	4870	-	3397	3395	3392	1	1	3	7	0.697331	0.999116	0.998528	0
PBG05018_fed47a06_f5857de2_80.pod5	fb7cf19f-f3b4-445a-a6ef-572b46f1e5c8	f5857de27f3551c19729b88685e2f7dc6b1955db	470	2	101256	3.6932	101256	3.4764	853	21.3782	unclassified	chr1	201590	202433	9	853	-	845	842	835	2	1	7	23	0.989449	0.991686	0.988166	0
PBG05018_fed47a06_f5857de2_81.pod5	9c20a362-05c7-41ad-aa05-74f5b3f6f71b	f5857de27f3551c19729b88685e2f7dc6b1955db	801	4	103403	0.6896	103403	0.5868	225	23.0018	unclassified	chr1	202217	202432	10	225	-	215	215	211	0	0	4	0	0.955556	0.981395	0.981395	0
PBG05018_fed47a06_f5857de2_11.pod5	17409d98-9902-4399-8ae4-f25d78636441	f5857de27f3551c19729b88685e2f7dc6b1955db	308	4	10923.2	0.9404	10923.3	0.8472	318	23.0919	unclassified	chr1	202538	202843	0	310	+	310	305	304	5	0	1	0	0.974843	0.996721	0.980645	0
PBG05018_fed47a06_f5857de2_78.pod5	e4a07e7d-efc9-4488-a0fe-3bf7ec862af8	f5857de27f3551c19729b88685e2f7dc6b1955db	1646	3	98657.5	3.5432	98657.6	3.4368	1448	29.0236	unclassified	chr1	205889	207331	6	1446	-	1444	1438	1438	2	4	0	23	0.994475	1	0.995845	0
PBG05018_fed47a06_f5857de2_63.pod5	00c16826-738f-4104-b36e-0150d05412dd	f5857de27f3551c19729b88685e2f7dc6b1955db	668	3	79430	20.462	79430.2	20.3316	8672	25.3878	unclassified	chr1	257666	266092	145	8661	+	8533	8409	8347	107	17	62	60	0.982011	0.992627	0.978202	0
PBG05018_fed47a06_f5857de2_63.pod5	97ef1cf5-aa15-4bec-83c3-0ffef9128a3c	f5857de27f3551c19729b88685e2f7dc6b1955db	668	3	79402.6	23.6912	79402.7	23.5824	8640	20.7248	unclassified	chr1	257666	266092	126	8638	-	8547	8391	8303	121	35	88	60	0.985185	0.989513	0.971452	0
PBG05018_fed47a06_f5857de2_98.pod5	fe793ef7-e2cd-4ef7-b280-6792c7d6fd89	f5857de27f3551c19729b88685e2f7dc6b1955db	1906	3	135999	3.8468	135999	3.7236	1502	26.1372	unclassified	chr1	257666	259146	21	1502	-	1482	1479	1475	2	1	4	47	0.986019	0.997295	0.995277	0
PBG05018_fed47a06_f5857de2_11.pod5	f838623e-534f-426e-aa0f-2d7d23e3605b	f5857de27f3551c19729b88685e2f7dc6b1955db	1711	1	11331.7	90.5864	11331.9	90.348	33699	18.4128	unclassified	chr1	257678	278382	12137	32936	+	20845	20658	20557	141	46	101	60	0.617199	0.995111	0.986184	0
PBG05018_fed47a06_f5857de2_4.pod5	1b4aa750-8e41-4e90-9447-441c01d82f9c	f5857de27f3551c19729b88685e2f7dc6b1955db	1354	3	4991.18	12.3032	4991.26	12.2232	5037	26.6794	unclassified	chr1	258129	263166	5	5037	-	5037	5032	5029	0	5	3	60	0.999007	0.999404	0.998412	0
PBG05018_fed47a06_f5857de2_87.pod5	272eae89-4c8b-409e-960c-341d1db7b213	f5857de27f3551c19729b88685e2f7dc6b1955db	281	4	110663	1.0246	110663	1.0226	347	23.3803	unclassified	chr1	258297	258593	39	335	+	296	296	296	0	0	0	11	0.853026	1	1	0
PBG05018_fed47a06_f5857de2_10.pod5	548dd08c-3435-4126-a450-506b30da5406	f5857de27f3551c19729b88685e2f7dc6b1955db	1161	2	9754.3	46.1324	9754.49	45.936	17968	29.8821	unclassified	chr1	258830	276798	0	17968	-	17981	17955	17941	13	13	14	60	1	0.99922	0.997775	0
PBG05018_fed47a06_f5857de2_18.pod5	d687a23c-bb3f-44f9-b910-afbdcfc06d31	f5857de27f3551c19729b88685e2f7dc6b1955db	727	3	16482.5	25.6772	16482.7	25.4052	8903	30.379	unclassified	chr1	258939	267827	8	8903	-	8897	8886	8849	9	2	37	60	0.999101	0.995836	0.994605	0
PBG05018_fed47a06_f5857de2_71.pod5	e55e2d21-5c67-4c09-86b4-3045be3b0be7	f5857de27f3551c19729b88685e2f7dc6b1955db	1550	2	89133.1	86.612	89133.2	86.4516	36593	24.3667	unclassified	chr1	259183	295808	0	36593	+	36690	36528	36471	65	97	57	60	1	0.99844	0.994031	0
PBG05018_fed47a06_f5857de2_78.pod5	8a2e85ad-7b3d-49ca-947a-a6cb44c55fa0	f5857de27f3551c19729b88685e2f7dc6b1955db	354	4	98598.7	2.4282	98598.7	2.4262	917	31.3272	unclassified	chr1	259353	260269	0	916	+	916	916	915	0	0	1	60	0.998909	0.998908	0.998908	0
PBG05018_fed47a06_f5857de2_4.pod5	991a2ac7-a12c-4ac2-8c43-7d306cd10fb7	f5857de27f3551c19729b88685e2f7dc6b1955db	646	2	4986.51	17.9828	4986.51	17.9808	6403	28.8617	unclassified	chr1	259767	266126	33	6394	+	6366	6354	6348	7	5	6	60	0.993441	0.999056	0.997172	0
PBG05018_fed47a06_f5857de2_93.pod5	3d0ee1fa-d2ae-4bf9-a1ce-d21dc56d48aa	f5857de27f3551c19729b88685e2f7dc6b1955db	1923	3	124812	19.8212	124812	19.626	4925	19.1245	unclassified	chr1	259977	264892	0	4919	+	4942	4892	4854	27	23	38	60	0.998782	0.992232	0.982193	0
PBG05018_fed47a06_f5857de2_1.pod5	f8795975-04dd-45f3-89df-346f30f268f7	f5857de27f3551c19729b88685e2f7dc6b1955db	1286	4	1533.1	9.6272	1533.21	9.5184	4062	27.071	unclassified	chr1	260274	264323	0	4050	+	4052	4047	4034	3	2	13	60	0.997046	0.996788	0.995558	0
PBG05018_fed47a06_f5857de2_1.pod5	f9997300-c851-4a10-a81f-d481a977c052	f5857de27f3551c19729b88685e2f7dc6b1955db	1286	4	1517.93	14.7296	1518.03	14.6292	4828	9.91803	unclassified	chr1	260274	263946	9	3683	-	3674	3672	3659	2	0	13	36	0.760978	0.99646	0.995917	0
PBG05018_fed47a06_f5857de2_4.pod5	928a96c1-ad28-4977-ae5f-f0894b2a7689	f5857de27f3551c19729b88685e2f7dc6b1955db	17	4	4225.07	8.1488	4225.15	8.0688	5135	15.1306	unclassified	chr1	260853	266034	0	5135	-	5216	5100	5019	35	81	81	60	1	0.984118	0.962232	0
PBG05018_fed47a06_f5857de2_19.pod5	4ac884aa-5f27-40b3-af01-c77419847cef	f5857de27f3551c19729b88685e2f7dc6b1955db	1156	1	17593	3.7028	17593.1	3.546	752	23.6377	unclassified	chr1	261298	262052	0	749	+	754	749	749	0	5	0	60	0.996011	1	0.993369	0
PBG05018_fed47a06_f5857de2_43.pod5	d53e253c-7013-48b2-bef0-80e9918e89a9	f5857de27f3551c19729b88685e2f7dc6b1955db	647	3	46201.4	54.3284	46201.6	54.1572	19318	24.3083	unclassified	chr1	261367	280650	11	19318	-	19334	19256	19221	51	27	35	60	0.999431	0.998182	0.994155	0
PBG05018_fed47a06_f5857de2_47.pod5	7bd69652-361e-4184-8dae-e9de1d7e3a42	f5857de27f3551c19729b88685e2f7dc6b1955db	1715	1	52929.9	22.235	52929.9	22.233	9196	16.4276	unclassified	chr1	261381	270546	7	9160	-	9240	9078	8957	75	87	121	60	0.995324	0.986671	0.969372	0
PBG05018_fed47a06_f5857de2_45.pod5	48277e2a-3335-438a-be78-0bfd89043fa5	f5857de27f3551c19729b88685e2f7dc6b1955db	2468	2	49321.8	9.596	49321.9	9.432	3874	30.2946	unclassified	chr1	261517	265384	0	3863	+	3867	3863	3863	0	4	0	60	0.997161	1	0.998966	0
PBG05018_fed47a06_f5857de2_45.pod5	06f23780-a2fd-4663-9bf9-ed0b98435311	f5857de27f3551c19729b88685e2f7dc6b1955db	2468	2	49331.6	9.7808	49331.7	9.6816	3871	27.9289	unclassified	chr1	261517	265384	7	3871	-	3868	3863	3861	1	4	2	60	0.998192	0.999482	0.99819	0
PBG05018_fed47a06_f5857de2_61.pod5	b8d3fa3b-14e5-4d6b-b2f6-5dc7aad53200	f5857de27f3551c19729b88685e2f7dc6b1955db	1814	2	76465.5	1.0184	76465.7	0.8136	342	26.6329	unclassified	chr1	261687	262018	0	331	+	331	331	329	0	0	2	10	0.967836	0.993958	0.993958	0
PBG05018_fed47a06_f5857de2_61.pod5	eaaccec1-6e8d-48e6-89a2-b0d3a274ed9d	f5857de27f3551c19729b88685e2f7dc6b1955db	1814	2	76463.6	0.9812	76463.7	0.8544	340	27.8957	unclassified	chr1	261687	262017	10	340	-	330	330	327	0	0	3	10	0.970588	0.990909	0.990909	0
PBG05018_fed47a06_f5857de2_93.pod5	db7cca3d-b810-4abb-b267-8738ede8fea9	f5857de27f3551c19729b88685e2f7dc6b1955db	1870	3	123925	33.62	123925	33.4944	13292	27.3965	unclassified	chr1	261753	275041	7	13292	-	13312	13261	13215	24	27	46	60	0.999473	0.996531	0.992713	0
PBG05018_fed47a06_f5857de2_47.pod5	d31b6506-065c-46e6-bcae-88c08d8d6ab0	f5857de27f3551c19729b88685e2f7dc6b1955db	967	1	51465.1	11.8544	51465.2	11.6856	4279	25.5331	unclassified	chr1	262277	266541	7	4279	-	4274	4262	4257	10	2	5	60	0.998364	0.998827	0.996022	0
PBG05018_fed47a06_f5857de2_109.pod5	cdedc534-9938-4e27-bbbd-24c9682c9dd8	f5857de27f3551c19729b88685e2f7dc6b1955db	118	4	175846	7.071	175846	7.069	3010	19.9521	unclassified	chr1	262408	265401	32	3010	+	3000	2971	2949	7	22	22	60	0.989369	0.992595	0.983	0
PBG05018_fed47a06_f5857de2_3.pod5	34f2fe4d-9783-47d8-8da6-083430b7e044	f5857de27f3551c19729b88685e2f7dc6b1955db	1147	3	3652.93	12.812	3653.04	12.7104	4873	27.076	unclassified	chr1	262446	267314	0	4866	+	4870	4864	4863	2	4	1	60	0.998564	0.999794	0.998563	0
PBG05018_fed47a06_f5857de2_3.pod5	c7c96f42-eb5d-4444-8b0d-7600a783c09d	f5857de27f3551c19729b88685e2f7dc6b1955db	1147	3	3665.75	11.3362	3665.76	11.3342	4897	22.7275	unclassified	chr1	262446	267314	6	4862	-	4878	4846	4838	10	22	8	60	0.991628	0.998349	0.9918	0
PBG05018_fed47a06_f5857de2_70.pod5	932f4674-4b76-460d-aa7d-baeacc776213	f5857de27f3551c19729b88685e2f7dc6b1955db	1119	3	89019.7	16.2848	89019.8	16.1712	6551	29.9894	unclassified	chr1	262611	269165	0	6551	-	6557	6548	6526	3	6	22	60	1	0.99664	0.995272	0
PBG05018_fed47a06_f5857de2_9.pod5	ea30db07-fb26-4568-ba98-18ec94b15345	f5857de27f3551c19729b88685e2f7dc6b1955db	1681	4	9461.39	24.7484	9461.5	24.6324	9431	30.2741	unclassified	chr1	262798	272224	7	9431	-	9435	9415	9409	9	11	6	60	0.999258	0.999363	0.997244	0
PBG05018_fed47a06_f5857de2_16.pod5	c4775f3b-06e1-49e0-9ef1-df7d0f6bf23d	f5857de27f3551c19729b88685e2f7dc6b1955db	2214	2	14790.9	4.1718	14790.9	4.1698	1082	13.9986	unclassified	chr1	262855	263922	33	1082	+	1079	1037	1014	12	30	23	60	0.969501	0.977821	0.939759	0
PBG05018_fed47a06_f5857de2_57.pod5	78264c4b-dde0-4b81-939a-4ea200813626	f5857de27f3551c19729b88685e2f7dc6b1955db	2625	2	70659.6	12.59	70659.7	12.4764	4891	29.4736	unclassified	chr1	262867	267757	0	4891	+	4897	4884	4869	7	6	15	60	1	0.996929	0.994282	0
PBG05018_fed47a06_f5857de2_3.pod5	66a2ee2e-d933-4384-87da-49edcddf55a3	f5857de27f3551c19729b88685e2f7dc6b1955db	2559	1	3546.29	10.8032	3546.43	10.6644	5654	19.1355	unclassified	chr1	263015	268655	10	5654	-	5680	5604	5544	40	36	60	60	0.998231	0.989293	0.976056	0
PBG05018_fed47a06_f5857de2_93.pod5	0d7d7e63-525b-4cc3-9269-c83b1a39bdc4	f5857de27f3551c19729b88685e2f7dc6b1955db	2051	1	124239	11.582	124239	11.4792	4501	25.8187	unclassified	chr1	263328	267831	0	4501	-	4504	4500	4484	1	3	16	60	1	0.996444	0.99556	0
PBG05018_fed47a06_f5857de2_5.pod5	be2325e6-7571-4776-b797-4bab490025b8	f5857de27f3551c19729b88685e2f7dc6b1955db	1807	1	6215.81	4.2848	6215.97	4.1316	1562	20.1003	unclassified	chr1	263616	265175	0	1554	+	1562	1551	1541	3	8	10	57	0.994878	0.993553	0.986556	0
PBG05018_fed47a06_f5857de2_14.pod5	001730f7-4217-4263-a2e1-3772b2302d05	f5857de27f3551c19729b88685e2f7dc6b1955db	2610	3	13853.2	5.42	13853.3	5.268	1851	26.4062	unclassified	chr1	264209	266053	9	1851	-	1844	1842	1835	0	2	7	60	0.995138	0.9962	0.995119	0
PBG05018_fed47a06_f5857de2_20.pod5	db6a2640-ed00-403a-96bd-fba188c4c916	f5857de27f3551c19729b88685e2f7dc6b1955db	465	3	19252.4	6.4328	19252.5	6.306	2049	23.5327	unclassified	chr1	264231	266102	177	2049	-	1873	1870	1863	2	1	7	60	0.913616	0.996257	0.994661	0
PBG05018_fed47a06_f5857de2_7.pod5	b11f49bd-87f5-4b2d-a954-e6f48d8835a1	f5857de27f3551c19729b88685e2f7dc6b1955db	2924	4	7646.46	2.6336	7646.56	2.5344	1101	29.4843	unclassified	chr1	264778	265873	0	1095	+	1095	1095	1091	0	0	4	60	0.99455	0.996347	0.996347	0
PBG05018_fed47a06_f5857de2_8.pod5	2992cb26-333f-40c0-b4d0-c3d78bc38ea2	f5857de27f3551c19729b88685e2f7dc6b1955db	2585	1	8712.03	2.036	8712.3	1.7664	611	26.3342	unclassified	chr1	264849	265447	0	598	+	598	598	596	0	0	2	60	0.978723	0.996656	0.996656	0
PBG05018_fed47a06_f5857de2_82.pod5	98acfd31-758f-4006-90e4-b75006ff8129	f5857de27f3551c19729b88685e2f7dc6b1955db	1107	2	105131	28.7324	105131	28.596	11774	24.993	unclassified	chr1	264941	276699	0	11768	+	11796	11730	11712	38	28	18	60	0.99949	0.998465	0.992879	0
PBG05018_fed47a06_f5857de2_84.pod5	5a11a606-4a66-462a-badf-f9b8971393f9	f5857de27f3551c19729b88685e2f7dc6b1955db	1803	4	107365	17.9648	107365	17.814	6737	28.1571	unclassified	chr1	265362	272107	0	6731	+	6757	6719	6698	12	26	21	60	0.999109	0.996875	0.991268	0
PBG05018_fed47a06_f5857de2_78.pod5	45a1fae7-dd14-4e3d-8749-d6d5859b819b	f5857de27f3551c19729b88685e2f7dc6b1955db	230	1	98123.6	18.7148	98123.7	18.606	7352	24.3214	unclassified	chr1	266061	273389	0	7325	+	7337	7316	7310	9	12	6	60	0.996328	0.99918	0.99632	0
PBG05018_fed47a06_f5857de2_1.pod5	a3b44fce-8dcd-415e-803b-27b96c1c7adf	f5857de27f3551c19729b88685e2f7dc6b1955db	2022	4	1682.23	8.4536	1682.37	8.3112	3943	23.0697	unclassified	chr1	266180	270123	0	3943	-	3950	3936	3927	7	7	9	60	1	0.997713	0.994177	0
PBG05018_fed47a06_f5857de2_50.pod5	45d77507-3951-4421-9c72-de2a4d4503ad	f5857de27f3551c19729b88685e2f7dc6b1955db	168	3	58585.7	13.208	58585.9	13.0812	5065	27.0769	unclassified	chr1	266228	270556	738	5065	-	4332	4323	4315	4	5	8	60	0.854294	0.998149	0.996076	0
PBG05018_fed47a06_f5857de2_89.pod5	227b6b81-5f04-4d60-9bc9-7afb8b17cee7	f5857de27f3551c19729b88685e2f7dc6b1955db	2582	3	116293	8.5412	116293	8.418	3442	25.9352	unclassified	chr1	266242	269675	0	3442	+	3446	3429	3411	13	4	18	60	1	0.994751	0.989843	0
PBG05018_fed47a06_f5857de2_61.pod5	3610940a-030a-462c-b693-97d2b9ae3759	f5857de27f3551c19729b88685e2f7dc6b1955db	1458	2	77016.4	4.1828	77016.6	3.9912	1544	26.1891	unclassified	chr1	266274	267817	0	1544	+	1544	1543	1542	1	0	1	60	1	0.999352	0.998705	0
PBG05018_fed47a06_f5857de2_71.pod5	3ff759a2-ef29-4890-b7d2-a856c8faedf0	f5857de27f3551c19729b88685e2f7dc6b1955db	160	4	89423.8	9.002	89423.9	8.892	3554	22.1202	unclassified	chr1	266305	269858	0	3554	-	3574	3533	3514	21	20	19	60	1	0.994622	0.983212	0
PBG05018_fed47a06_f5857de2_71.pod5	78ccf568-0b82-44e3-aebb-f7a179051bde	f5857de27f3551c19729b88685e2f7dc6b1955db	160	4	89414.4	9.2792	89414.5	9.1512	3562	30.8339	unclassified	chr1	266311	269858	0	3555	+	3556	3546	3539	9	1	7	60	0.998035	0.998026	0.995219	0
PBG05018_fed47a06_f5857de2_5.pod5	3a7e66e7-ce93-4590-b650-a4097551e096	f5857de27f3551c19729b88685e2f7dc6b1955db	2632	4	6151.12	0.836	6151.24	0.7152	287	24.2001	unclassified	chr1	266433	266711	9	287	-	278	278	278	0	0	0	36	0.968641	1	1	0
PBG05018_fed47a06_f5857de2_110.pod5	325fc531-f36c-4f17-8a3c-a91b803b7266	f5857de27f3551c19729b88685e2f7dc6b1955db	1178	3	180433	1.7662	180433	1.7642	263	12.571	unclassified	chr1	266780	266969	0	189	-	192	186	184	3	3	2	0	0.718631	0.989247	0.958333	0
PBG05018_fed47a06_f5857de2_55.pod5	981f2794-d13f-47ca-bcf5-c0db78d29553	f5857de27f3551c19729b88685e2f7dc6b1955db	298	3	66541.8	15.5876	66541.9	15.4704	6200	31.656	unclassified	chr1	267013	273201	0	6193	+	6194	6187	6183	6	1	4	60	0.998871	0.999353	0.998224	0
PBG05018_fed47a06_f5857de2_83.pod5	e941a99f-0cf7-4c0f-813f-201640e2ab04	f5857de27f3551c19729b88685e2f7dc6b1955db	2123	3	105470	23.5436	105470	23.4084	8532	25.4304	unclassified	chr1	267037	275565	0	8532	+	8543	8517	8505	15	11	12	60	1	0.998591	0.995552	0
PBG05018_fed47a06_f5857de2_53.pod5	954d4be1-c780-4b7a-b631-cb50b364124a	f5857de27f3551c19729b88685e2f7dc6b1955db	1268	2	61773.6	1.1972	61773.8	1.0812	445	28.8005	unclassified	chr1	267495	267933	9	445	-	438	436	436	0	2	0	1	0.979775	1	0.995434	0
PBG05018_fed47a06_f5857de2_45.pod5	65d635f2-0542-4af1-92af-d1a5134d9a93	f5857de27f3551c19729b88685e2f7dc6b1955db	1666	3	48767.1	28.8584	48767.2	28.7424	12005	24.2751	unclassified	chr1	267812	279810	0	11998	+	12024	11972	11914	26	26	58	60	0.999417	0.995155	0.990852	0
PBG05018_fed47a06_f5857de2_45.pod5	8e171b07-5454-40a3-9fef-76dd34e7101e	f5857de27f3551c19729b88685e2f7dc6b1955db	1666	3	48734.5	32.468	48734.5	32.466	12031	28.2284	unclassified	chr1	267812	279810	6	12001	-	12029	11964	11910	31	34	54	60	0.997008	0.995486	0.990107	0
PBG05018_fed47a06_f5857de2_44.pod5	2d91b414-ec92-4ec8-9f36-8d2085bc3add	f5857de27f3551c19729b88685e2f7dc6b1955db	2436	2	46983.3	5.1612	46983.3	5.1592	2137	27.1866	unclassified	chr1	267888	270001	31	2137	+	2116	2103	2091	3	10	12	60	0.985494	0.994294	0.988185	0
PBG05018_fed47a06_f5857de2_92.pod5	cf89ef40-c1ad-4a15-b4d8-b05e2b14eadd	f5857de27f3551c19729b88685e2f7dc6b1955db	2291	3	123433	2.7936	123433	2.7916	1090	9.40917	unclassified	chr1	267983	269053	19	1052	-	1095	1008	941	25	62	67	60	0.947706	0.933532	0.859361	0
PBG05018_fed47a06_f5857de2_92.pod5	a5fcb3dd-20e2-4d90-9caf-fc407875a45a	f5857de27f3551c19729b88685e2f7dc6b1955db	2291	3	123430	2.7544	123430	2.7524	1088	8.9945	unclassified	chr1	267987	269053	47	1085	+	1099	1005	947	33	61	58	60	0.954044	0.942289	0.861692	0
PBG05018_fed47a06_f5857de2_124.pod5	a05c1c15-7df2-4285-b300-ba82ef4a7d22	f5857de27f3551c19729b88685e2f7dc6b1955db	874	3	230541	0.7952	230541	0.6792	244	24.0705	unclassified	chr1	268011	268243	0	234	+	234	232	232	2	0	0	36	0.959016	1	0.991453	0
PBG05018_fed47a06_f5857de2_72.pod5	0a8b653b-3537-4689-9585-d3487c940436	f5857de27f3551c19729b88685e2f7dc6b1955db	964	3	90819.1	4.0234	90819.1	4.0214	1451	17.8356	unclassified	chr1	268025	269444	39	1451	+	1424	1407	1395	5	12	12	60	0.973122	0.991471	0.979635	0
PBG05018_fed47a06_f5857de2_63.pod5	67b5a63f-1c5b-4068-86be-f0a7f26186d8	f5857de27f3551c19729b88685e2f7dc6b1955db	2973	4	78661.5	8.0478	78661.5	8.0458	3147	25.9935	unclassified	chr1	268092	271146	84	3138	+	3056	3052	3040	2	2	12	60	0.970448	0.996068	0.994764	0
PBG05018_fed47a06_f5857de2_14.pod5	bf1186c3-560f-47df-9e51-7ce0a85c4d87	f5857de27f3551c19729b88685e2f7dc6b1955db	1871	2	14069.6	12.5972	14069.7	12.468	5017	22.0118	unclassified	chr1	268106	273127	0	5008	+	5026	5003	4974	5	18	29	60	0.998206	0.994203	0.989654	0
PBG05018_fed47a06_f5857de2_4.pod5	e57d8255-5393-4022-af21-dbce0e3b20ee	f5857de27f3551c19729b88685e2f7dc6b1955db	935	1	4651.64	7.1588	4651.8	7.0056	2547	28.1798	unclassified	chr1	268123	270663	6	2547	-	2541	2540	2533	1	0	7	60	0.997644	0.997244	0.996852	0
PBG05018_fed47a06_f5857de2_46.pod5	a122010f-a93d-4cea-8ec0-44b3283c7aa7	f5857de27f3551c19729b88685e2f7dc6b1955db	635	3	50854.5	0.7856	50854.6	0.678	289	18.8073	unclassified	chr1	268141	268415	14	289	-	275	274	274	1	0	0	15	0.951557	1	0.996364	0
PBG05018_fed47a06_f5857de2_68.pod5	8a89e5d9-850f-416b-b578-67d821b60a8c	f5857de27f3551c19729b88685e2f7dc6b1955db	1633	2	85542	41.4548	85542.2	41.2956	16428	29.4729	unclassified	chr1	268293	284727	0	16428	-	16444	16418	16411	10	16	7	60	1	0.999574	0.997993	0
PBG05018_fed47a06_f5857de2_67.pod5	c2492bfe-10ea-4e9e-9f1b-8af3d9d572fb	f5857de27f3551c19729b88685e2f7dc6b1955db	301	2	84695.3	24.1988	84695.4	24.042	8847	28.475	unclassified	chr1	268389	277234	0	8847	+	8876	8816	8785	31	29	31	46	1	0.996484	0.989748	0
PBG05018_fed47a06_f5857de2_27.pod5	7767894a-fe04-4638-bd7a-d7ffc82eecdb	f5857de27f3551c19729b88685e2f7dc6b1955db	1795	4	26562.5	1.2164	26562.7	1.074	405	19.8701	unclassified	chr1	268801	269196	0	393	+	395	393	392	0	2	1	15	0.97037	0.997455	0.992405	0
PBG05018_fed47a06_f5857de2_16.pod5	f3286269-c046-4580-b560-b16c3fd35c05	f5857de27f3551c19729b88685e2f7dc6b1955db	2142	2	14461.7	3.4976	14461.8	3.3576	1061	18.1	unclassified	chr1	268983	270047	0	1061	+	1067	1058	1050	3	6	8	60	1	0.992439	0.984067	0
PBG05018_fed47a06_f5857de2_22.pod5	a0de8c81-c19d-4041-b1fb-19507593ad7b	f5857de27f3551c19729b88685e2f7dc6b1955db	2581	2	21208.3	1.7432	21208.5	1.566	525	27.9827	unclassified	chr1	269530	269971	84	525	-	441	441	440	0	0	1	33	0.84	0.997732	0.997732	0
PBG05018_fed47a06_f5857de2_65.pod5	4ef8b2a4-dd2a-48ec-81c6-1a85f67bda0a	f5857de27f3551c19729b88685e2f7dc6b1955db	2489	4	81386.9	0.5032	81386.9	0.5012	179	17.2909	unclassified	chr1	270034	270213	1	179	-	179	178	177	0	1	1	0	0.994413	0.994382	0.988827	0
PBG05018_fed47a06_f5857de2_9.pod5	9e3e34cf-ab4c-4b68-80a4-4aee3dc594dd	f5857de27f3551c19729b88685e2f7dc6b1955db	88	2	9245.38	12.7892	9245.6	12.5652	4816	25.3408	unclassified	chr1	270043	274879	6	4816	-	4838	4808	4785	2	28	23	26	0.998754	0.995216	0.989045	0
PBG05018_fed47a06_f5857de2_43.pod5	bc4f1dcb-8fff-46e3-abc8-d19cc09e21c6	f5857de27f3551c19729b88685e2f7dc6b1955db	88	4	45563.1	36.3692	45563.3	36.2052	12752	26.7624	unclassified	chr1	270122	282866	0	12746	+	12759	12731	12718	15	13	13	60	0.999529	0.998979	0.996787	0
PBG05018_fed47a06_f5857de2_22.pod5	2a264beb-a08e-4196-afbb-916dcb959551	f5857de27f3551c19729b88685e2f7dc6b1955db	299	4	20600	0.254	20600	0.252	101	30.9971	unclassified	chr1	270237	270335	0	98	+	98	98	98	0	0	0	0	0.970297	1	1	0
PBG05018_fed47a06_f5857de2_25.pod5	95297c20-3b2a-462a-9bc2-65ee9fe85d92	f5857de27f3551c19729b88685e2f7dc6b1955db	2360	2	24194.9	4.2344	24195	4.1088	1535	17.1798	unclassified	chr1	270559	272077	5	1535	-	1541	1507	1483	23	11	24	60	0.996743	0.984074	0.962362	0
PBG05018_fed47a06_f5857de2_25.pod5	97fe3172-c4af-4b28-820e-52105751eda8	f5857de27f3551c19729b88685e2f7dc6b1955db	2360	2	24200	4.8536	24200.1	4.6944	1526	34.4507	unclassified	chr1	270560	272077	0	1519	+	1519	1517	1516	2	0	1	60	0.995413	0.999341	0.998025	0
PBG05018_fed47a06_f5857de2_65.pod5	1837e2ef-e294-495b-80e5-e51f9c584cb7	f5857de27f3551c19729b88685e2f7dc6b1955db	2489	4	81385.3	0.2628	81385.3	0.2608	97	22.5701	unclassified	chr1	270744	270839	2	97	-	95	95	95	0	0	0	0	0.979381	1	1	0
PBG05018_fed47a06_f5857de2_69.pod5	a663d22b-48ba-42af-a7f3-66146d24469c	f5857de27f3551c19729b88685e2f7dc6b1955db	625	2	86293	54.092	86293.1	53.9376	19064	29.0341	unclassified	chr1	270907	289972	7	19064	-	19081	19041	19018	16	24	23	60	0.999633	0.998792	0.996698	0
PBG05018_fed47a06_f5857de2_65.pod5	2d83b7dd-92d0-42de-a972-f7312d69046b	f5857de27f3551c19729b88685e2f7dc6b1955db	2489	4	81384.2	0.585	81384.2	0.583	235	19.4902	unclassified	chr1	271071	271303	3	235	-	232	232	231	0	0	1	1	0.987234	0.99569	0.99569	0
PBG05018_fed47a06_f5857de2_27.pod5	63fa1a01-45b2-4704-824e-792bec6838e2	f5857de27f3551c19729b88685e2f7dc6b1955db	2119	3	26123.8	3.23	26123.9	3.1116	1181	23.5914	unclassified	chr1	271302	272477	0	1174	+	1178	1171	1168	3	4	3	42	0.994073	0.997438	0.991511	0
PBG05018_fed47a06_f5857de2_63.pod5	424396ae-3ff1-4df3-80a0-64ad7d0fc1fc	f5857de27f3551c19729b88685e2f7dc6b1955db	327	4	79287.1	0.7148	79287.2	0.606	184	19.6842	unclassified	chr1	271303	271474	10	184	-	174	171	170	3	0	1	1	0.945652	0.994152	0.977012	0
PBG05018_fed47a06_f5857de2_65.pod5	7ec3222c-176b-4ab3-bdfd-41b863eada4f	f5857de27f3551c19729b88685e2f7dc6b1955db	2489	4	81383.8	0.3718	81383.8	0.3698	165	24.9124	unclassified	chr1	271305	271484	1	165	-	179	164	164	0	15	0	1	0.993939	1	0.916201	0
PBG05018_fed47a06_f5857de2_79.pod5	f0533b54-c530-4fe9-beaa-4c00bb879036	f5857de27f3551c19729b88685e2f7dc6b1955db	2771	1	99591.5	8.8052	99591.7	8.6748	3538	26.9923	unclassified	chr1	271519	275055	0	3538	-	3540	3534	3530	4	2	4	60	1	0.998868	0.997175	0
PBG05018_fed47a06_f5857de2_65.pod5	b0184748-188e-4bf8-8aa0-8f7349675d27	f5857de27f3551c19729b88685e2f7dc6b1955db	2489	4	81382.6	0.7114	81382.6	0.7094	275	29.0577	unclassified	chr1	271643	271918	0	275	-	275	275	274	0	0	1	0	1	0.996364	0.996364	0
PBG05018_fed47a06_f5857de2_30.pod5	2697f395-9ca3-4b02-9134-384c5844c9ca	f5857de27f3551c19729b88685e2f7dc6b1955db	2783	2	29331	9.4832	29331.1	9.3432	3754	31.0397	unclassified	chr1	272185	275931	8	3754	-	3749	3743	3743	3	3	0	60	0.997869	1	0.9984	0
PBG05018_fed47a06_f5857de2_27.pod5	86335456-3980-4300-a818-f42adfa9275d	f5857de27f3551c19729b88685e2f7dc6b1955db	2119	3	26122.9	0.5876	26123	0.4788	175	33.9095	unclassified	chr1	272301	272476	0	175	-	175	175	175	0	0	0	1	1	1	1	0
PBG05018_fed47a06_f5857de2_96.pod5	633cadf5-56cc-449a-9108-8453f87d03a9	f5857de27f3551c19729b88685e2f7dc6b1955db	1468	2	134360	16.9412	134360	16.77	6595	28.2812	unclassified	chr1	272405	278966	7	6595	-	6595	6554	6533	34	7	21	39	0.998939	0.996796	0.990599	0
PBG05018_fed47a06_f5857de2_21.pod5	decd6005-6a88-429a-9311-771bafdffe95	f5857de27f3551c19729b88685e2f7dc6b1955db	2220	2	19773.9	2.7356	19774	2.6244	1056	32.6187	unclassified	chr1	272506	273556	6	1056	-	1050	1050	1050	0	0	0	37	0.994318	1	1	0
PBG05018_fed47a06_f5857de2_104.pod5	61c3d605-0d6b-47e3-845a-50f77ea88765	f5857de27f3551c19729b88685e2f7dc6b1955db	582	3	160923	7.6592	160923	7.5408	2937	25.667	unclassified	chr1	272599	275528	5	2937	-	2935	2926	2923	6	3	3	60	0.998298	0.998975	0.995911	0
PBG05018_fed47a06_f5857de2_61.pod5	a055e331-fb59-4c9a-b12b-c63e55983358	f5857de27f3551c19729b88685e2f7dc6b1955db	893	2	75770.5	5.8472	75770.6	5.724	2271	24.0577	unclassified	chr1	272664	274935	7	2271	-	2272	2263	2258	1	8	5	60	0.996918	0.997791	0.993838	0
PBG05018_fed47a06_f5857de2_34.pod5	cd8531f4-fc11-4187-a0fd-5f82e40750ef	f5857de27f3551c19729b88685e2f7dc6b1955db	646	1	34135.3	0.2842	34135.3	0.2822	147	22.769	unclassified	chr1	272904	273046	4	144	-	142	140	136	0	2	4	0	0.952381	0.971429	0.957747	0
PBG05018_fed47a06_f5857de2_0.pod5	7f6bfe37-4a55-4232-805e-24256cffab45	f5857de27f3551c19729b88685e2f7dc6b1955db	2567	1	642.274	2.8424	642.448	2.6688	1016	19.2749	unclassified	chr1	272937	273501	0	564	+	564	564	556	0	0	8	0	0.555118	0.985816	0.985816	0
PBG05018_fed47a06_f5857de2_70.pod5	3a25a2e4-d505-4288-84b0-c2e5ca9340a0	f5857de27f3551c19729b88685e2f7dc6b1955db	252	3	88645.9	13.37	88646	13.2876	6601	19.3442	unclassified	chr1	273254	276902	0	3641	+	3668	3621	3603	20	27	18	47	0.551583	0.995029	0.982279	0
PBG05018_fed47a06_f5857de2_70.pod5	2f6487e7-3c4b-4ce9-8f95-aa2586a6c672	f5857de27f3551c19729b88685e2f7dc6b1955db	252	3	88631.3	14.6744	88631.4	14.5404	6600	19.9802	unclassified	chr1	273254	276903	5	3647	-	3665	3626	3611	16	23	15	48	0.551818	0.995863	0.985266	0
PBG05018_fed47a06_f5857de2_28.pod5	350a236e-79d2-4ca1-bf67-44aa527d6518	f5857de27f3551c19729b88685e2f7dc6b1955db	1053	2	27249.5	3.4268	27249.6	3.324	1674	19.1493	unclassified	chr1	273504	275185	0	1669	+	1684	1666	1657	3	15	9	60	0.997013	0.994598	0.983967	0
PBG05018_fed47a06_f5857de2_28.pod5	a498276f-e94b-453e-a3b2-2713ca083078	f5857de27f3551c19729b88685e2f7dc6b1955db	1053	2	27244.7	4.3666	27244.7	4.3646	1726	31.0968	unclassified	chr1	273504	275185	9	1689	-	1681	1680	1673	0	1	7	60	0.973349	0.995833	0.995241	0
PBG05018_fed47a06_f5857de2_0.pod5	abb8dd2a-7d32-427e-b0d6-7541152474c4	f5857de27f3551c19729b88685e2f7dc6b1955db	2290	1	1337.38	5.6972	1337.48	5.598	2233	32.5372	unclassified	chr1	273622	275850	0	2225	+	2228	2225	2225	0	3	0	60	0.996417	1	0.998653	0
PBG05018_fed47a06_f5857de2_65.pod5	e89f1e70-f063-4276-b305-536f3b281d93	f5857de27f3551c19729b88685e2f7dc6b1955db	540	3	81596.2	6.842	81596.3	6.7452	2979	22.7318	unclassified	chr1	273656	276638	0	2973	+	2987	2968	2964	5	14	4	60	0.997986	0.998652	0.9923	0
PBG05018_fed47a06_f5857de2_65.pod5	11650a74-28fd-49d2-a5fc-f3a9646a11b3	f5857de27f3551c19729b88685e2f7dc6b1955db	540	3	81588.7	7.497	81588.7	7.495	3015	29.51	unclassified	chr1	273656	276638	5	2983	-	2982	2978	2978	0	4	0	60	0.987728	1	0.998659	0
PBG05018_fed47a06_f5857de2_62.pod5	c189f9ae-3ec5-4d2a-99f6-e43aeef4de2f	f5857de27f3551c19729b88685e2f7dc6b1955db	2612	4	78305.2	0.9596	78305.3	0.864	306	19.751	unclassified	chr1	273824	274114	3	293	+	290	290	289	0	0	1	0	0.947712	0.996552	0.996552	0
PBG05018_fed47a06_f5857de2_78.pod5	586ddb14-64e1-4c65-be49-0cf0a913c0ff	f5857de27f3551c19729b88685e2f7dc6b1955db	1857	2	97787.5	1.826	97787.7	1.6884	689	26.848	unclassified	chr1	273854	274543	0	689	-	689	689	687	0	0	2	60	1	0.997097	0.997097	0
PBG05018_fed47a06_f5857de2_58.pod5	28cc8049-1dfd-4949-9f4e-ee12a33d78fc	f5857de27f3551c19729b88685e2f7dc6b1955db	1118	3	74148	14.138	74148.3	13.8996	4722	29.7686	unclassified	chr1	273982	278701	0	4716	+	4721	4714	4709	2	5	5	60	0.998729	0.998939	0.997458	0
PBG05018_fed47a06_f5857de2_17.pod5	c315ec62-e73c-4d1a-8165-79a75d89c027	f5857de27f3551c19729b88685e2f7dc6b1955db	2667	3	16016	7.2008	16016.1	7.0848	2915	26.7239	unclassified	chr1	274522	277432	0	2908	+	2915	2903	2901	5	7	2	60	0.997599	0.999311	0.995197	0
PBG05018_fed47a06_f5857de2_17.pod5	274187ec-9d9b-4132-a673-0a8713c1fa1a	f5857de27f3551c19729b88685e2f7dc6b1955db	2667	3	16008.1	7.8308	16008.3	7.6788	2921	27.0289	unclassified	chr1	274522	277432	9	2921	-	2914	2908	2907	4	2	1	60	0.996919	0.999656	0.997598	0
PBG05018_fed47a06_f5857de2_71.pod5	c24844b9-0bc6-4404-91e5-fcb8132c0b61	f5857de27f3551c19729b88685e2f7dc6b1955db	900	3	89496.4	4.6472	89496.6	4.464	1751	28.0656	unclassified	chr1	274609	276340	0	1751	+	1752	1730	1722	21	1	8	3	1	0.995376	0.982877	0
PBG05018_fed47a06_f5857de2_37.pod5	e0ff9092-a946-4aed-8093-36f8b912fe3c	f5857de27f3551c19729b88685e2f7dc6b1955db	2088	2	38560.7	11.9828	38560.8	11.838	4060	31.4993	unclassified	chr1	274667	278720	0	4051	+	4055	4049	4046	2	4	3	60	0.997783	0.999259	0.997781	0
PBG05018_fed47a06_f5857de2_104.pod5	7e007bb7-f0a4-4598-9993-74990bced1bc	f5857de27f3551c19729b88685e2f7dc6b1955db	70	4	159576	6.5432	159576	6.4296	2595	26.0311	unclassified	chr1	275234	277803	5	2595	-	2594	2565	2554	25	4	11	31	0.998073	0.995712	0.98458	0
PBG05018_fed47a06_f5857de2_89.pod5	397b7175-f610-44e8-86c1-0d781fa5dd1d	f5857de27f3551c19729b88685e2f7dc6b1955db	1981	2	114727	22.6624	114727	22.6604	8932	29.3033	unclassified	chr1	275583	284439	53	8932	+	8886	8849	8805	30	7	44	29	0.994066	0.995028	0.990885	0
PBG05018_fed47a06_f5857de2_130.pod5	c0ee73be-8f6c-405d-bfd8-53f3ea246083	f5857de27f3551c19729b88685e2f7dc6b1955db	1837	3	254680	18.3392	254680	18.2544	6855	18.379	unclassified	chr1	275948	282668	1	6855	+	6874	6700	6693	154	20	7	60	0.999854	0.998955	0.973669	0
PBG05018_fed47a06_f5857de2_7.pod5	54bacf05-608a-473e-bfab-4d143aa63e7b	f5857de27f3551c19729b88685e2f7dc6b1955db	2711	2	7134.21	13.8788	7134.31	13.7772	5404	33.3074	unclassified	chr1	276099	281500	7	5404	-	5404	5394	5352	3	7	42	13	0.998705	0.992214	0.990377	0
PBG05018_fed47a06_f5857de2_16.pod5	bdab9266-c85a-490c-a95e-45209e696842	f5857de27f3551c19729b88685e2f7dc6b1955db	287	4	14778.9	12.0116	14779	11.9124	4401	26.5056	unclassified	chr1	276364	280763	0	4396	+	4401	4394	4386	2	5	8	60	0.998864	0.998179	0.996592	0
PBG05018_fed47a06_f5857de2_122.pod5	213c69ad-0f85-45de-b616-440c7668020d	f5857de27f3551c19729b88685e2f7dc6b1955db	2786	4	224846	2.071	224846	2.069	802	24.0072	unclassified	chr1	276366	277121	10	765	-	755	755	752	0	0	3	0	0.941397	0.996027	0.996027	0
PBG05018_fed47a06_f5857de2_32.pod5	01280df4-2349-4205-aa0e-b89cb798ce86	f5857de27f3551c19729b88685e2f7dc6b1955db	1253	2	31932.5	3.1316	31932.7	2.9652	1183	33.3544	unclassified	chr1	276545	277720	0	1176	+	1176	1175	1175	1	0	0	42	0.994083	1	0.99915	0
PBG05018_fed47a06_f5857de2_76.pod5	190aa5d1-01d1-4156-8503-e8998427f9b4	f5857de27f3551c19729b88685e2f7dc6b1955db	24	3	95291.5	10.574	95291.6	10.4484	4149	26.0044	unclassified	chr1	276910	280923	113	4149	-	4037	4012	3991	24	1	21	30	0.972764	0.994766	0.988605	0
PBG05018_fed47a06_f5857de2_38.pod5	bfaee390-a97e-4c1b-aac4-e6fe19e0b56c	f5857de27f3551c19729b88685e2f7dc6b1955db	2270	1	39071.4	16.9226	39071.4	16.9206	6760	23.6692	unclassified	chr1	276997	283708	9	6726	-	6736	6692	6644	25	19	48	32	0.993639	0.992827	0.986342	0
PBG05018_fed47a06_f5857de2_62.pod5	97e7f4f0-c8ee-4ec1-a052-d36547518b76	f5857de27f3551c19729b88685e2f7dc6b1955db	158	2	77964.1	10.3412	77964.2	10.2444	4274	21.4204	unclassified	chr1	277124	281391	0	4269	+	4278	4258	4204	11	9	54	2	0.99883	0.987318	0.982702	0
PBG05018_fed47a06_f5857de2_66.pod5	3c6c4e8f-5ef7-43d2-ae12-0c08212a21c0	f5857de27f3551c19729b88685e2f7dc6b1955db	2555	3	82624	1.316	82624.1	1.224	548	25.8303	unclassified	chr1	277157	277694	0	537	+	537	537	535	0	0	2	60	0.979927	0.996276	0.996276	0
PBG05018_fed47a06_f5857de2_66.pod5	6b494679-6ba7-4c90-bd13-f7fce0d6a5e5	f5857de27f3551c19729b88685e2f7dc6b1955db	2555	3	82622.5	1.5116	82622.7	1.356	550	22.1609	unclassified	chr1	277157	277694	12	550	-	538	537	535	1	0	2	60	0.978182	0.996276	0.994424	0
PBG05018_fed47a06_f5857de2_1.pod5	9913ac62-95fe-4996-a923-1463a2815e1e	f5857de27f3551c19729b88685e2f7dc6b1955db	672	2	1844.95	1.5908	1845.05	1.494	420	34.1226	unclassified	chr1	277226	277634	2	410	+	408	408	408	0	0	0	15	0.971429	1	1	0
PBG05018_fed47a06_f5857de2_62.pod5	ea171a7c-5c71-4723-bb8b-db0242c82f28	f5857de27f3551c19729b88685e2f7dc6b1955db	1796	4	78047	12.1086	78047	12.1066	4808	10.8741	unclassified	chr1	277367	282181	40	4801	+	4913	4662	4411	99	152	251	1	0.990225	0.94616	0.897822	0
PBG05018_fed47a06_f5857de2_103.pod5	8d09fb60-36cb-4d29-8e23-46582faeff25	f5857de27f3551c19729b88685e2f7dc6b1955db	1227	3	156567	25.1468	156567	24.9876	11626	26.3706	unclassified	chr1	277428	289070	0	11626	-	11657	11611	11596	15	31	15	60	1	0.998708	0.994767	0
PBG05018_fed47a06_f5857de2_87.pod5	a68607da-2381-4736-942a-4c009eb46c11	f5857de27f3551c19729b88685e2f7dc6b1955db	2823	4	111742	11.6048	111742	11.466	4571	29.4119	unclassified	chr1	277507	282072	6	4571	-	4567	4563	4560	2	2	3	60	0.998687	0.999343	0.998467	0
PBG05018_fed47a06_f5857de2_126.pod5	7676411e-30d6-4906-806c-32591a704f1c	f5857de27f3551c19729b88685e2f7dc6b1955db	2851	4	238753	0.722	238753	0.6084	208	24.109	unclassified	chr1	277590	277791	7	208	-	201	201	201	0	0	0	36	0.966346	1	1	0
PBG05018_fed47a06_f5857de2_51.pod5	616de40d-3229-4f11-b1e5-fc586929128f	f5857de27f3551c19729b88685e2f7dc6b1955db	2936	1	60171	19.1396	60171.3	18.9324	7080	30.1177	unclassified	chr1	277701	284767	0	7080	-	7081	7065	7028	15	1	37	6	1	0.994763	0.992515	0
PBG05018_fed47a06_f5857de2_78.pod5	9c14b3df-e6eb-4fcd-aec0-8443025a2204	f5857de27f3551c19729b88685e2f7dc6b1955db	846	3	99186.9	15.116	99186.9	15.114	5465	28.5341	unclassified	chr1	278136	283566	28	5459	+	5433	5428	5427	3	2	1	60	0.993779	0.999816	0.998896	0
PBG05018_fed47a06_f5857de2_96.pod5	44bd2c9b-e2f4-4e9a-b51a-a013d25b78fd	f5857de27f3551c19729b88685e2f7dc6b1955db	2847	4	133409	2.0228	133409	1.8612	638	26.4506	unclassified	chr1	278174	278802	0	629	+	629	628	628	1	0	0	41	0.985893	1	0.99841	0
PBG05018_fed47a06_f5857de2_31.pod5	447e446b-ddc6-4eba-810a-45fd8b9f5393	f5857de27f3551c19729b88685e2f7dc6b1955db	1723	4	29907.9	11.294	29908	11.1276	5068	28.5951	unclassified	chr1	278500	283568	0	5068	-	5073	5063	5062	5	5	1	60	1	0.999802	0.997832	0
PBG05018_fed47a06_f5857de2_63.pod5	94e6383a-ccfe-46c8-b2e2-1213aa129d1d	f5857de27f3551c19729b88685e2f7dc6b1955db	1092	3	79509.7	11.3984	79509.9	11.1504	4077	32.251	unclassified	chr1	279367	283292	144	4077	+	3938	3920	3896	13	5	24	22	0.96468	0.993878	0.989335	0
PBG05018_fed47a06_f5857de2_13.pod5	a42a27e0-2f5b-49fa-b3f4-c5bea1df2cce	f5857de27f3551c19729b88685e2f7dc6b1955db	262	4	13386.7	2.5028	13386.9	2.298	489	26.7051	unclassified	chr1	279692	280170	11	489	-	478	478	478	0	0	0	14	0.977505	1	1	0
PBG05018_fed47a06_f5857de2_64.pod5	f09e853f-d4cd-4a01-8af6-e4f76275f69d	f5857de27f3551c19729b88685e2f7dc6b1955db	2974	4	79878.7	12.3572	79878.9	12.1644	4535	23.7275	unclassified	chr1	279771	284303	0	4535	-	4538	4529	4523	6	3	6	60	1	0.998675	0.996695	0
PBG05018_fed47a06_f5857de2_42.pod5	54addfe6-f685-4e69-9903-b5dae07d57b8	f5857de27f3551c19729b88685e2f7dc6b1955db	1363	2	43307.2	2.9144	43307.3	2.7696	978	29.4555	unclassified	chr1	279782	280758	2	978	-	976	976	976	0	0	0	60	0.997955	1	1	0
PBG05018_fed47a06_f5857de2_67.pod5	5c40a9d9-5f08-4778-b3c4-2fd8f4a69d0a	f5857de27f3551c19729b88685e2f7dc6b1955db	2924	1	84204.4	4.118	84204.4	4.0248	1658	31.6045	unclassified	chr1	279800	281448	0	1657	-	1659	1646	1637	11	2	9	17	0.999397	0.994532	0.986739	0
PBG05018_fed47a06_f5857de2_0.pod5	f8c24d28-10e4-4a61-88ea-7b5591a50bc6	f5857de27f3551c19729b88685e2f7dc6b1955db	2618	3	1263.68	6.566	1263.92	6.3324	2105	32.9574	unclassified	chr1	280273	282369	9	2105	-	2096	2096	2096	0	0	0	60	0.995724	1	1	0
PBG05018_fed47a06_f5857de2_11.pod5	294f22a7-2baa-4599-9336-f8793f01c154	f5857de27f3551c19729b88685e2f7dc6b1955db	1565	3	10552.2	6.3704	10552.4	6.2328	2613	16.3583	unclassified	chr1	281348	283220	741	2613	-	1881	1863	1846	9	9	17	1	0.716418	0.990875	0.981393	0
PBG05018_fed47a06_f5857de2_63.pod5	9789aeb6-2c63-466e-8c26-30f009a2476d	f5857de27f3551c19729b88685e2f7dc6b1955db	2236	1	78942.9	4.646	78943.1	4.518	1735	25.8714	unclassified	chr1	281703	283434	0	1726	+	1731	1726	1723	0	5	3	60	0.994813	0.998262	0.995378	0
PBG05018_fed47a06_f5857de2_65.pod5	0c56f175-33a9-4423-b38a-8a69600cd06d	f5857de27f3551c19729b88685e2f7dc6b1955db	1070	4	82425.5	6.572	82425.6	6.432	2464	19.7694	unclassified	chr1	281818	284277	0	2456	+	2464	2451	2446	5	8	5	60	0.996753	0.99796	0.992695	0
PBG05018_fed47a06_f5857de2_56.pod5	62b60d02-e051-49b8-b460-eeff1b7f02ee	f5857de27f3551c19729b88685e2f7dc6b1955db	673	3	68536.2	2.7284	68536.5	2.502	658	29.0852	unclassified	chr1	281890	282539	0	649	+	649	649	649	0	0	0	59	0.986322	1	1	0
PBG05018_fed47a06_f5857de2_81.pod5	2cdf2e5c-339b-4971-b1a8-2aa26e82639d	f5857de27f3551c19729b88685e2f7dc6b1955db	1549	2	103449	2.384	103449	2.2776	967	24.4916	unclassified	chr1	282161	283120	10	967	-	961	955	943	2	4	12	18	0.989659	0.987435	0.98127	0
PBG05018_fed47a06_f5857de2_55.pod5	f9b02035-535b-4928-959e-547558750c80	f5857de27f3551c19729b88685e2f7dc6b1955db	1174	3	65837.1	1.52	65837.2	1.3944	553	28.7763	unclassified	chr1	282337	282878	0	541	+	541	541	541	0	0	0	37	0.9783	1	1	0
PBG05018_fed47a06_f5857de2_79.pod5	846bab85-e52f-4e43-aed1-98b70a27456d	f5857de27f3551c19729b88685e2f7dc6b1955db	2715	2	99561.1	7.5692	99561.2	7.452	2872	21.6191	unclassified	chr1	282500	285382	2	2871	-	2884	2867	2839	2	15	28	1	0.998955	0.990234	0.984397	0
PBG05018_fed47a06_f5857de2_35.pod5	bce00067-5fa9-41ae-b467-cf919c6bfd88	f5857de27f3551c19729b88685e2f7dc6b1955db	768	2	35279.4	1.6064	35279.6	1.4832	591	27.7879	unclassified	chr1	282843	283422	0	579	+	579	579	572	0	0	7	60	0.979695	0.98791	0.98791	0
PBG05018_fed47a06_f5857de2_35.pod5	47f9bcee-9eea-4f28-848b-8123a1a32f86	f5857de27f3551c19729b88685e2f7dc6b1955db	768	2	35263.5	1.6364	35263.6	1.4988	591	24.9828	unclassified	chr1	282843	283421	12	591	-	579	578	571	1	0	7	60	0.979695	0.987889	0.986183	0
PBG05018_fed47a06_f5857de2_120.pod5	473a2231-60d1-47e5-8268-596977e00ece	f5857de27f3551c19729b88685e2f7dc6b1955db	47	4	217474	4.1228	217474	4.002	1543	13.9105	unclassified	chr1	282943	284497	0	1533	+	1560	1527	1493	6	27	34	60	0.993519	0.977734	0.957051	0
PBG05018_fed47a06_f5857de2_46.pod5	815953fc-d814-4014-af54-f04e22c878bd	f5857de27f3551c19729b88685e2f7dc6b1955db	2179	3	50862.4	1.0892	50862.5	0.9684	381	25.523	unclassified	chr1	283175	283546	0	371	+	371	371	370	0	0	1	0	0.973753	0.997305	0.997305	0
PBG05018_fed47a06_f5857de2_46.pod5	77ec0ef5-a5d2-4b27-90ea-91c5db1a828f	f5857de27f3551c19729b88685e2f7dc6b1955db	2179	3	50863.5	0.7196	50863.5	0.7176	404	24.0813	unclassified	chr1	283175	283546	9	378	-	371	369	368	0	2	1	0	0.913366	0.99729	0.991914	0
PBG05018_fed47a06_f5857de2_101.pod5	1148a7d7-0a4c-43f0-a8b2-c49aec823966	f5857de27f3551c19729b88685e2f7dc6b1955db	1923	4	146714	1.5128	146714	1.344	528	34.4035	unclassified	chr1	283485	284014	0	528	+	529	528	525	0	1	3	0	1	0.994318	0.992439	0
PBG05018_fed47a06_f5857de2_30.pod5	9bba60d7-74da-4087-8e37-508a2d4cc9f7	f5857de27f3551c19729b88685e2f7dc6b1955db	2448	4	29626.9	0.7674	29626.9	0.7654	229	9.77901	unclassified	chr1	283637	283792	14	173	-	163	151	143	8	4	8	0	0.694323	0.94702	0.877301	0
PBG05018_fed47a06_f5857de2_78.pod5	8745285a-7c78-468c-b41a-ebc5b8360eab	f5857de27f3551c19729b88685e2f7dc6b1955db	2695	2	99116.9	22.0496	99117.1	21.8976	7913	31.2938	unclassified	chr1	284055	291868	2	7813	+	7815	7809	7802	2	4	7	60	0.98711	0.999104	0.998337	0
PBG05018_fed47a06_f5857de2_3.pod5	ce9c30ca-2844-4f4a-946c-db6f669dea1f	f5857de27f3551c19729b88685e2f7dc6b1955db	1056	2	3902.98	11.3756	3903.08	11.2716	4406	34.1267	unclassified	chr1	284212	288612	0	4397	+	4401	4396	4396	1	4	0	60	0.997957	1	0.998864	0
PBG05018_fed47a06_f5857de2_104.pod5	7389e92a-0f95-4194-8fc3-e1bd7647c4e2	f5857de27f3551c19729b88685e2f7dc6b1955db	2701	2	160571	1.3688	160571	1.2504	446	29.6107	unclassified	chr1	284375	284810	11	446	-	435	435	435	0	0	0	51	0.975336	1	1	0
PBG05018_fed47a06_f5857de2_16.pod5	26169c78-b2d2-4560-9025-8466e8dece7c	f5857de27f3551c19729b88685e2f7dc6b1955db	607	3	15109	6.8932	15109	6.8912	2576	31.9165	unclassified	chr1	286822	289362	0	2538	-	2540	2538	2534	0	2	4	60	0.985248	0.998424	0.997638	0
PBG05018_fed47a06_f5857de2_9.pod5	639723c9-8347-45c0-8c17-0c3257b8745f	f5857de27f3551c19729b88685e2f7dc6b1955db	283	1	9498.72	17.3204	9498.87	17.1708	6593	21.8938	unclassified	chr1	286880	293478	6	6593	-	6608	6577	6548	10	21	29	60	0.99909	0.995591	0.99092	0
PBG05018_fed47a06_f5857de2_67.pod5	a602cb9e-7b11-467b-9924-8c273fa4fb35	f5857de27f3551c19729b88685e2f7dc6b1955db	540	3	84662.3	0.65	84662.4	0.5412	230	24.7246	unclassified	chr1	287151	287369	12	230	-	218	218	218	0	0	0	1	0.947826	1	1	0
PBG05018_fed47a06_f5857de2_23.pod5	6ff89ab9-30fc-4278-bec3-278aa55e580e	f5857de27f3551c19729b88685e2f7dc6b1955db	1078	2	22368.7	15.296	22368.8	15.1392	5857	29.2382	unclassified	chr1	287602	293448	13	5857	-	5846	5844	5840	0	2	4	60	0.99778	0.999316	0.998974	0
PBG05018_fed47a06_f5857de2_12.pod5	72a66d4a-039c-49bf-8578-78a894b4a5e5	f5857de27f3551c19729b88685e2f7dc6b1955db	903	2	11891.5	4.1738	11891.5	4.1718	2014	16.8123	unclassified	chr1	288424	290072	36	1687	+	1662	1637	1628	14	11	9	29	0.819762	0.994502	0.979543	0
PBG05018_fed47a06_f5857de2_107.pod5	60c88a8c-381d-4d37-b2f1-738f305a9f9d	f5857de27f3551c19729b88685e2f7dc6b1955db	1158	3	171564	4.8116	171564	4.8096	1336	24.2466	unclassified	chr1	288798	290094	0	1296	-	1298	1294	1292	2	2	2	60	0.97006	0.998454	0.995377	0
PBG05018_fed47a06_f5857de2_27.pod5	17689fbf-d024-45c3-9f80-0db841c6ab16	f5857de27f3551c19729b88685e2f7dc6b1955db	207	3	26899.1	1.1142	26899.1	1.1122	396	8.92442	unclassified	chr1	289165	289504	15	352	-	352	324	299	13	15	25	0	0.85101	0.92284	0.849432	0
PBG05018_fed47a06_f5857de2_115.pod5	079975f3-2d55-456f-9004-9d031331c2a5	f5857de27f3551c19729b88685e2f7dc6b1955db	2523	4	197990	3.284	197990	3.1332	1189	25.5805	unclassified	chr1	289967	291154	0	1188	+	1190	1185	1185	3	2	0	40	0.999159	1	0.995798	0
PBG05018_fed47a06_f5857de2_13.pod5	48dd6479-dbdb-45a6-8921-a7542be20da7	f5857de27f3551c19729b88685e2f7dc6b1955db	1800	1	12880.7	10.6472	12880.8	10.512	3801	29.6442	unclassified	chr1	290443	294242	0	3795	+	3799	3795	3795	0	4	0	25	0.998421	1	0.998947	0
PBG05018_fed47a06_f5857de2_80.pod5	7f9809af-49de-42b5-992b-aa1efe0d4240	f5857de27f3551c19729b88685e2f7dc6b1955db	2053	3	101630	1.2112	101630	1.2092	457	26.3452	unclassified	chr1	290713	291130	33	448	+	417	415	415	0	2	0	0	0.908096	1	0.995204	0
PBG05018_fed47a06_f5857de2_20.pod5	e083ccb8-e17e-4a8b-8f34-c381b7a9bac7	f5857de27f3551c19729b88685e2f7dc6b1955db	694	1	19007.5	2.755	19007.5	2.753	1029	29.2651	unclassified	chr1	290722	291709	37	1023	+	987	986	979	0	1	7	0	0.958212	0.992901	0.991895	0
PBG05018_fed47a06_f5857de2_6.pod5	a51472a0-ba0a-4399-bd80-4a0be97637a9	f5857de27f3551c19729b88685e2f7dc6b1955db	887	3	6613	2.8532	6613.14	2.7132	1086	31.1085	unclassified	chr1	290769	291850	2	1086	-	1084	1081	1080	3	0	1	22	0.998158	0.999075	0.99631	0
PBG05018_fed47a06_f5857de2_100.pod5	92e90492-19a1-47e9-a658-9b30c42fde6e	f5857de27f3551c19729b88685e2f7dc6b1955db	679	3	145208	4.5092	145208	4.3092	1669	29.2379	unclassified	chr1	291315	292976	0	1662	+	1662	1661	1659	1	0	2	27	0.995806	0.998796	0.998195	0
PBG05018_fed47a06_f5857de2_100.pod5	b7815d61-39cb-47b2-a969-9087b7eca178	f5857de27f3551c19729b88685e2f7dc6b1955db	679	3	145213	4.0316	145213	3.9012	1668	37.778	unclassified	chr1	291315	292976	7	1668	-	1661	1661	1661	0	0	0	26	0.995803	1	1	0
PBG05018_fed47a06_f5857de2_108.pod5	d3955791-26d3-4400-96e2-1b46af6e0feb	f5857de27f3551c19729b88685e2f7dc6b1955db	1552	3	175147	5.8772	175147	5.7588	2505	22.1372	unclassified	chr1	291497	294002	0	2498	+	2510	2493	2487	5	12	6	32	0.997206	0.997593	0.990837	0
PBG05018_fed47a06_f5857de2_90.pod5	43e8c198-eb31-420b-9704-6650756b6a28	f5857de27f3551c19729b88685e2f7dc6b1955db	1583	4	118550	3.7486	118550	3.7466	1283	8.72103	unclassified	chr1	291753	293041	7	1241	-	1325	1197	1111	37	91	86	2	0.961808	0.928154	0.838491	0
PBG05018_fed47a06_f5857de2_75.pod5	2bb2f3e1-7812-4791-9361-602283940018	f5857de27f3551c19729b88685e2f7dc6b1955db	2672	2	93887.8	1.7396	93888	1.5948	490	26.3818	unclassified	chr1	291825	292304	10	490	-	480	479	477	1	0	2	5	0.979592	0.995825	0.99375	0
PBG05018_fed47a06_f5857de2_51.pod5	88e488e6-e1cf-436c-a2a5-3520d8e96636	f5857de27f3551c19729b88685e2f7dc6b1955db	1067	2	60152.6	13.5872	60152.8	13.4028	3969	22.3801	unclassified	chr1	292735	296722	0	3969	+	3992	3964	3944	5	23	20	47	1	0.994955	0.987976	0
PBG05018_fed47a06_f5857de2_57.pod5	a823e731-3840-4f77-93fc-653307d2fb9e	f5857de27f3551c19729b88685e2f7dc6b1955db	2065	3	71272.7	0.8552	71272.9	0.7212	286	17.6162	unclassified	chr1	293174	293452	10	286	-	279	275	274	1	3	1	0	0.965035	0.996364	0.982079	0
PBG05018_fed47a06_f5857de2_63.pod5	88668215-178c-4aca-a8dd-a73e98470696	f5857de27f3551c19729b88685e2f7dc6b1955db	534	4	79473	2.5292	79473.2	2.4144	922	35.6737	unclassified	chr1	293518	294440	0	922	-	922	922	921	0	0	1	20	1	0.998915	0.998915	0
PBG05018_fed47a06_f5857de2_63.pod5	9eb2de0a-fc28-4016-8935-8cbf93d83aa7	f5857de27f3551c19729b88685e2f7dc6b1955db	534	4	79476.7	1.8428	79476.8	1.71	929	21.6944	unclassified	chr1	293525	294440	0	917	+	918	914	908	3	1	6	24	0.987083	0.993435	0.989107	0
PBG05018_fed47a06_f5857de2_31.pod5	e8eebc19-2a9a-43da-81d9-e695ab50d82a	f5857de27f3551c19729b88685e2f7dc6b1955db	2210	2	30437	3.5876	30437.3	3.3468	1138	33.6644	unclassified	chr1	293592	294721	8	1138	-	1130	1129	1129	1	0	0	17	0.99297	1	0.999115	0
PBG05018_fed47a06_f5857de2_31.pod5	16c5cfe3-30f3-4b46-a833-92d0225ac94f	f5857de27f3551c19729b88685e2f7dc6b1955db	2210	2	30440.6	2.954	30440.8	2.8404	1133	24.23	unclassified	chr1	293593	294721	0	1125	+	1129	1124	1124	1	4	0	17	0.992939	1	0.995571	0
PBG05018_fed47a06_f5857de2_38.pod5	9fed5e8e-ee16-4c59-89f1-8326ffcbae08	f5857de27f3551c19729b88685e2f7dc6b1955db	306	2	39312.5	1.1624	39312.6	1.0296	404	25.4836	unclassified	chr1	293939	294331	0	392	+	392	392	392	0	0	0	0	0.970297	1	1	0
PBG05018_fed47a06_f5857de2_16.pod5	d772e33e-7849-4216-aef1-23bbfcb2fb4f	f5857de27f3551c19729b88685e2f7dc6b1955db	704	1	14893.2	2.3408	14893.3	2.2068	754	18.2591	unclassified	chr1	293993	294743	0	744	+	753	741	734	3	9	7	0	0.986737	0.990553	0.974768	0
PBG05018_fed47a06_f5857de2_56.pod5	d94b4252-840a-4abc-89d0-be663cafd5a2	f5857de27f3551c19729b88685e2f7dc6b1955db	545	3	69506	1.904	69506.1	1.7784	704	31.1543	unclassified	chr1	294866	295570	0	704	+	704	704	704	0	0	0	54	1	1	1	0
PBG05018_fed47a06_f5857de2_44.pod5	3b21744e-cf8d-4dc6-9820-b3c1ecd3ed62	f5857de27f3551c19729b88685e2f7dc6b1955db	2389	4	46920.4	2.0444	46920.6	1.8492	709	35.5836	unclassified	chr1	297002	297711	1	709	-	709	708	708	0	1	0	52	0.99859	1	0.99859	0
PBG05018_fed47a06_f5857de2_30.pod5	62f0be10-b68b-48a7-9bdf-525816aff04f	f5857de27f3551c19729b88685e2f7dc6b1955db	1214	4	28892.8	0.4322	28892.8	0.4302	178	19.5434	unclassified	chr1	348060	348233	0	173	+	173	173	172	0	0	1	0	0.97191	0.99422	0.99422	0
PBG05018_fed47a06_f5857de2_96.pod5	698f05a1-1bf4-4490-81cd-c14b1ff60ec1	f5857de27f3551c19729b88685e2f7dc6b1955db	2258	3	134771	4.3664	134771	4.2048	1652	16.8637	unclassified	chr1	348158	349815	7	1652	-	1663	1639	1625	6	18	14	0	0.995763	0.991458	0.97715	0
PBG05018_fed47a06_f5857de2_5.pod5	fde71465-2851-4e29-b876-061afc33bbe4	f5857de27f3551c19729b88685e2f7dc6b1955db	2538	4	5649.14	2.172	5649.14	2.17	901	25.4367	unclassified	chr1	348416	349273	12	871	-	859	857	857	2	0	0	0	0.953385	1	0.997672	0
PBG05018_fed47a06_f5857de2_17.pod5	a3bcbccc-a6fa-4ea1-a28b-128e34397c4f	f5857de27f3551c19729b88685e2f7dc6b1955db	635	1	15309.9	4.0472	15310.1	3.9168	1497	26.2827	unclassified	chr1	348640	350137	0	1497	-	1498	1496	1492	1	1	4	0	1	0.997326	0.995995	0
PBG05018_fed47a06_f5857de2_22.pod5	6cad812f-a437-44f6-815b-780a786b059c	f5857de27f3551c19729b88685e2f7dc6b1955db	341	1	21153.8	0.9224	21153.9	0.8184	297	22.6485	unclassified	chr1	349398	349680	0	282	+	282	282	282	0	0	0	0	0.949495	1	1	0
PBG05018_fed47a06_f5857de2_47.pod5	9156315a-954d-4e5b-950e-0d2a6817081d	f5857de27f3551c19729b88685e2f7dc6b1955db	380	2	52009.4	2.5576	52009.4	2.5556	921	38.5593	unclassified	chr1	349866	350747	34	915	+	881	881	874	0	0	7	0	0.956569	0.992054	0.992054	0
PBG05018_fed47a06_f5857de2_78.pod5	f06a716f-96f2-44a7-8084-9e74848db9ed	f5857de27f3551c19729b88685e2f7dc6b1955db	1135	3	98008.9	20.9022	98008.9	20.9002	8788	24.1717	unclassified	chr1	350185	354565	4341	8779	+	4444	4374	4301	64	6	73	0	0.505007	0.98331	0.967822	0
PBG05018_fed47a06_f5857de2_6.pod5	0dc234f7-f4a5-4d09-a8b9-c81a4a08be58	f5857de27f3551c19729b88685e2f7dc6b1955db	46	4	6936.99	15.77	6937	15.768	5606	27.6681	unclassified	chr1	350185	355453	250	5575	-	5330	5263	5185	62	5	78	0	0.949875	0.98518	0.972795	0
PBG05018_fed47a06_f5857de2_67.pod5	81c6d3e1-f2c3-4f59-9afe-d06dc88acac7	f5857de27f3551c19729b88685e2f7dc6b1955db	1962	4	84420.1	10.0412	84420.2	9.9108	3672	34.4264	unclassified	chr1	350185	352672	1139	3672	-	2534	2486	2432	47	1	54	0	0.689815	0.978278	0.959747	0
PBG05018_fed47a06_f5857de2_110.pod5	3d0efed7-323b-4ebc-868a-e79c5c7cd3d0	f5857de27f3551c19729b88685e2f7dc6b1955db	2786	2	179530	8.4884	179530	8.3484	3565	23.8651	unclassified	chr1	350185	352244	1462	3565	-	2105	2057	2001	46	2	56	0	0.589902	0.972776	0.950594	0
PBG05018_fed47a06_f5857de2_17.pod5	0be0d285-cd12-49c6-a166-b14c92031244	f5857de27f3551c19729b88685e2f7dc6b1955db	2186	4	15409.8	45.8986	15409.8	45.8966	20357	19.8891	unclassified	chr1	350197	355843	14664	20357	+	5711	5628	5537	65	18	91	1	0.279658	0.983831	0.969532	0
PBG05018_fed47a06_f5857de2_53.pod5	0eda8b4a-d000-4b1e-aa8f-e8248e1c87ae	f5857de27f3551c19729b88685e2f7dc6b1955db	490	4	61824.2	31.1252	61824.2	31.1232	11313	26.136	unclassified	chr1	350197	353372	8096	11309	+	3224	3164	3109	49	11	55	1	0.28401	0.982617	0.96433	0
PBG05018_fed47a06_f5857de2_62.pod5	b6ece9bf-06d3-41b9-aa08-77ace0adaff9	f5857de27f3551c19729b88685e2f7dc6b1955db	1515	1	77454.5	25.7504	77454.6	25.6404	11557	19.1727	unclassified	chr1	350197	353194	8514	11557	+	3044	2996	2937	47	1	59	1	0.263304	0.980307	0.964849	0
PBG05018_fed47a06_f5857de2_96.pod5	238478e8-2451-4555-ad4a-b4dbce9697aa	f5857de27f3551c19729b88685e2f7dc6b1955db	2272	3	135201	32.4492	135201	32.4472	14026	24.9748	unclassified	chr1	350197	356927	7286	14016	+	6795	6665	6568	65	65	97	1	0.479823	0.985446	0.966593	0
PBG05018_fed47a06_f5857de2_17.pod5	35fbe94d-34f9-4c15-93bd-fd30e3b48016	f5857de27f3551c19729b88685e2f7dc6b1955db	2186	4	15348.6	59.966	15348.7	59.8572	19023	7.88564	unclassified	chr1	350197	355838	13326	19023	-	5707	5631	5548	66	10	83	1	0.29948	0.98526	0.972139	0
PBG05018_fed47a06_f5857de2_27.pod5	7bb416a9-73fd-4ed4-9be4-734cbc96429b	f5857de27f3551c19729b88685e2f7dc6b1955db	779	3	26628	29.1212	26628.1	28.9536	11057	29.8172	unclassified	chr1	350197	355815	5380	11057	-	5681	5614	5536	63	4	78	1	0.51343	0.986106	0.974476	0
PBG05018_fed47a06_f5857de2_94.pod5	8382f45d-f0e4-4b7d-893a-5fadcd0ba107	f5857de27f3551c19729b88685e2f7dc6b1955db	1488	2	127675	47.0936	127675	46.9824	17356	23.8543	unclassified	chr1	350197	352348	15161	17356	-	2195	2151	2101	44	0	50	1	0.126469	0.976755	0.957175	0
PBG05018_fed47a06_f5857de2_126.pod5	87cc33c9-08c7-43c8-8bd4-61e2e57258a5	f5857de27f3551c19729b88685e2f7dc6b1955db	54	1	239632	59.8592	239632	59.7288	20773	25.4515	unclassified	chr1	350197	355897	15011	20773	-	5769	5693	5611	69	7	82	1	0.277379	0.985596	0.972612	0
PBG05018_fed47a06_f5857de2_33.pod5	14f3957d-00fa-4c1b-a11a-f017df3f1768	f5857de27f3551c19729b88685e2f7dc6b1955db	791	1	32853.4	29.2904	32853.5	29.1864	12979	26.0949	unclassified	chr1	350359	355593	7687	12965	+	5286	5226	5168	52	8	58	1	0.406657	0.988902	0.977677	0
PBG05018_fed47a06_f5857de2_111.pod5	04d5f6c7-751e-40b5-a044-b854da44057a	f5857de27f3551c19729b88685e2f7dc6b1955db	2019	2	183142	38.4848	183142	38.2416	11863	12.0366	unclassified	chr1	350359	353287	8889	11863	-	2977	2925	2886	49	3	39	1	0.250695	0.986667	0.969432	0
PBG05018_fed47a06_f5857de2_91.pod5	26d25cae-6f1f-469a-8702-61c8c9cfc808	f5857de27f3551c19729b88685e2f7dc6b1955db	330	1	120856	8.0384	120856	7.956	3098	28.1488	unclassified	chr1	350375	353428	0	3098	-	3100	3051	3014	47	2	37	0	1	0.987873	0.972258	0
PBG05018_fed47a06_f5857de2_10.pod5	a3ac65ad-8437-4a8a-b399-cb0b6150df77	f5857de27f3551c19729b88685e2f7dc6b1955db	827	3	10270.4	10.0846	10270.4	10.0826	3950	29.1043	unclassified	chr1	350667	354528	0	3916	-	3920	3857	3823	59	4	34	0	0.991392	0.991185	0.975255	0
PBG05018_fed47a06_f5857de2_71.pod5	b181f901-c99d-455a-8a30-bb93fd1da997	f5857de27f3551c19729b88685e2f7dc6b1955db	1803	1	90279.5	5.6808	90279.5	5.6788	2373	25.1786	unclassified	chr1	351324	353669	0	2345	-	2353	2337	2334	8	8	3	0	0.988201	0.998716	0.991925	0
PBG05018_fed47a06_f5857de2_14.pod5	051e6fdf-3dff-4ee0-a4bc-35a61c93880b	f5857de27f3551c19729b88685e2f7dc6b1955db	293	3	14097.4	8.0024	14097.5	7.86	3046	32.7634	unclassified	chr1	351494	354520	0	3039	+	3043	3022	3006	17	4	16	0	0.997702	0.994705	0.987841	0
PBG05018_fed47a06_f5857de2_16.pod5	3e04d20c-4527-45d1-8ca9-6e58c3b40246	f5857de27f3551c19729b88685e2f7dc6b1955db	1676	1	14819.4	9.5756	14819.4	9.5736	3579	23.782	unclassified	chr1	351665	355189	10	3547	-	3545	3516	3497	21	8	19	0	0.988265	0.994596	0.98646	0
PBG05018_fed47a06_f5857de2_80.pod5	68d204a2-16d2-4777-a351-87263f734fb1	f5857de27f3551c19729b88685e2f7dc6b1955db	2561	2	101499	8.2362	101499	8.2342	3341	28.0278	unclassified	chr1	351963	355255	7	3311	-	3310	3286	3274	18	6	12	0	0.988925	0.996348	0.989124	0
PBG05018_fed47a06_f5857de2_58.pod5	94e9cad4-8c4f-44d9-9ff1-f8c286ae0723	f5857de27f3551c19729b88685e2f7dc6b1955db	1837	2	72510.7	21.5708	72510.9	21.3948	8011	25.4795	unclassified	chr1	352766	360766	10	8011	-	8010	7991	7979	10	9	12	1	0.998752	0.998498	0.99613	0
PBG05018_fed47a06_f5857de2_23.pod5	9e360c53-4782-4561-856d-29f8f2269ddd	f5857de27f3551c19729b88685e2f7dc6b1955db	975	3	21598.3	1.2884	21598.5	1.0632	363	21.9824	unclassified	chr1	354332	354681	0	349	+	349	349	349	0	0	0	0	0.961433	1	1	0
PBG05018_fed47a06_f5857de2_8.pod5	21fec8ac-9330-4d7d-b3ff-611bf7cf1d10	f5857de27f3551c19729b88685e2f7dc6b1955db	1444	2	8607.83	0.6248	8607.94	0.5184	191	23.0797	unclassified	chr1	355055	355233	0	178	+	178	178	178	0	0	0	0	0.931937	1	1	0
PBG05018_fed47a06_f5857de2_78.pod5	df3c4117-fde1-4e63-b282-4bfbc5126544	f5857de27f3551c19729b88685e2f7dc6b1955db	2225	4	98720.1	0.8934	98720.1	0.8914	287	17.8004	unclassified	chr1	355205	355456	27	276	+	251	249	249	0	2	0	0	0.867596	1	0.992032	0
PBG05018_fed47a06_f5857de2_39.pod5	19e2663f-71d3-46cc-9313-67a61a6763a6	f5857de27f3551c19729b88685e2f7dc6b1955db	2861	4	41383.3	1.1576	41383.5	0.9192	358	18.5716	unclassified	chr1	356469	356827	0	358	+	358	358	355	0	0	3	0	1	0.99162	0.99162	0
PBG05018_fed47a06_f5857de2_32.pod5	bb8ff044-be47-49ad-a670-efbdc93461d7	f5857de27f3551c19729b88685e2f7dc6b1955db	1829	1	30957.8	4.136	30958	3.9612	1475	28.3645	unclassified	chr1	357373	358843	0	1469	+	1472	1467	1462	2	3	5	0	0.995932	0.996592	0.993207	0
PBG05018_fed47a06_f5857de2_14.pod5	43e07c98-a217-4b10-830c-32cbb423f60b	f5857de27f3551c19729b88685e2f7dc6b1955db	596	3	14096.8	33.8456	14097	33.6936	11942	28.3151	unclassified	chr1	357411	369346	0	11942	+	11949	11928	11920	14	7	8	1	1	0.999329	0.997573	0
PBG05018_fed47a06_f5857de2_23.pod5	0ad099a2-30f8-4a11-9962-cf57d31084f8	f5857de27f3551c19729b88685e2f7dc6b1955db	2477	4	21792.4	15.1466	21792.4	15.1446	5203	23.7393	unclassified	chr1	358346	363441	38	5128	+	5100	5085	5069	5	10	16	7	0.978282	0.996853	0.993922	0
PBG05018_fed47a06_f5857de2_49.pod5	75409de6-8356-4eed-bcb9-8fc25b470349	f5857de27f3551c19729b88685e2f7dc6b1955db	1662	4	55077.9	0.6836	55078	0.5748	210	26.0379	unclassified	chr1	358370	358580	0	210	+	210	210	210	0	0	0	0	1	1	1	0
PBG05018_fed47a06_f5857de2_23.pod5	ab4c8f35-61e2-4f2a-95d5-285a71e042e1	f5857de27f3551c19729b88685e2f7dc6b1955db	928	2	21788.1	11.0372	21788.2	10.926	4246	28.3263	unclassified	chr1	358610	362840	0	4238	+	4239	4229	4226	9	1	3	1	0.998116	0.999291	0.996933	0
PBG05018_fed47a06_f5857de2_69.pod5	584ced86-9cf3-4625-b1a8-99ef7d4acc73	f5857de27f3551c19729b88685e2f7dc6b1955db	679	3	87441.2	12.8024	87441.3	12.708	4940	24.9616	unclassified	chr1	360197	365122	0	4934	+	4936	4923	4917	11	2	6	1	0.998785	0.998781	0.996151	0
PBG05018_fed47a06_f5857de2_24.pod5	25f0e15c-d1c1-40e6-9f12-606824548399	f5857de27f3551c19729b88685e2f7dc6b1955db	1560	3	22806.1	4.43	22806.2	4.2876	1643	30.1956	unclassified	chr1	360245	361888	0	1640	+	1643	1640	1640	0	3	0	14	0.998174	1	0.998174	0
PBG05018_fed47a06_f5857de2_63.pod5	dc79d2cd-7066-468a-bfc6-d3eb1faea8bc	f5857de27f3551c19729b88685e2f7dc6b1955db	2603	3	79729.6	13.5068	79729.7	13.3644	5213	30.6585	unclassified	chr1	361327	366531	0	5206	+	5206	5204	5199	2	0	5	0	0.998657	0.999039	0.998655	0
PBG05018_fed47a06_f5857de2_80.pod5	49486619-c3ec-41b0-a798-1c16ba4bca8d	f5857de27f3551c19729b88685e2f7dc6b1955db	1919	2	101347	3.002	101347	2.7828	1014	25.5786	unclassified	chr1	362507	363521	0	1014	-	1017	1011	1008	3	3	3	0	1	0.997033	0.99115	0
PBG05018_fed47a06_f5857de2_20.pod5	f1581306-b057-41d5-85cf-1a8e9a53ba2c	f5857de27f3551c19729b88685e2f7dc6b1955db	1512	2	18459.2	1.4804	18459.3	1.3476	568	35.3053	unclassified	chr1	362577	363146	0	568	-	569	568	568	0	1	0	0	1	1	0.998243	0
PBG05018_fed47a06_f5857de2_105.pod5	e787a88a-31c8-4b9b-8ef7-b750f2c8bcb0	f5857de27f3551c19729b88685e2f7dc6b1955db	1093	1	162140	12.3982	162140	12.3962	4338	29.1872	unclassified	chr1	364378	368679	33	4330	+	4302	4296	4294	1	5	2	0	0.990549	0.999534	0.99814	0
PBG05018_fed47a06_f5857de2_111.pod5	b10ada68-4425-4910-a915-2d0df4022004	f5857de27f3551c19729b88685e2f7dc6b1955db	164	3	184985	18.7784	184985	18.5208	5089	30.1317	unclassified	chr1	364386	369528	0	5089	-	5143	5088	5079	1	54	9	6	1	0.998231	0.987556	0
PBG05018_fed47a06_f5857de2_2.pod5	33f87a2c-69c7-443c-b4d7-08634b77a8e5	f5857de27f3551c19729b88685e2f7dc6b1955db	2707	3	3073.7	4.0256	3073.87	3.8496	1451	21.3957	unclassified	chr1	366036	367489	0	1451	+	1456	1448	1438	3	5	10	0	1	0.993094	0.987637	0
PBG05018_fed47a06_f5857de2_62.pod5	8652df48-c7c9-4a84-89be-fa1844c81d09	f5857de27f3551c19729b88685e2f7dc6b1955db	2414	2	77308.5	3.8528	77308.7	3.7032	1258	27.2821	unclassified	chr1	367566	368823	5	1258	-	1257	1253	1246	0	4	7	0	0.996025	0.994413	0.991249	0
PBG05018_fed47a06_f5857de2_4.pod5	443faf25-fae3-4cab-a9fd-36bde96537a4	f5857de27f3551c19729b88685e2f7dc6b1955db	2572	3	5031.25	8.111	5031.25	8.109	3097	24.6497	unclassified	chr1	368440	371652	224	3062	-	3214	2836	2810	2	376	26	19	0.916371	0.990832	0.8743	0
PBG05018_fed47a06_f5857de2_32.pod5	262c46be-b9ac-457b-97b8-f5e2fcb9cc04	f5857de27f3551c19729b88685e2f7dc6b1955db	1594	3	31141	1.9712	31141.2	1.8384	577	24.9116	unclassified	chr1	368731	369342	13	577	-	611	564	560	0	47	4	0	0.97747	0.992908	0.91653	0
PBG05018_fed47a06_f5857de2_52.pod5	f44c2801-16c8-4c9a-9a26-cbe89c268237	f5857de27f3551c19729b88685e2f7dc6b1955db	2080	3	43737.9	122.604	43737.9	122.602	46608	24.38	unclassified	chr1	369681	416271	26	46608	+	46669	46503	46411	79	87	92	1	0.999442	0.998022	0.994472	0
PBG05018_fed47a06_f5857de2_19.pod5	3c6915c3-7417-46c0-aab0-ac300af64546	f5857de27f3551c19729b88685e2f7dc6b1955db	1398	3	17668.8	2.2448	17668.9	2.1504	977	22.479	unclassified	chr1	370957	371918	0	968	+	973	956	928	12	5	28	0	0.990788	0.970711	0.953751	0
PBG05018_fed47a06_f5857de2_69.pod5	f0a45017-23c0-4906-8022-4125a6015566	f5857de27f3551c19729b88685e2f7dc6b1955db	2411	2	86503.2	6.5276	86503.3	6.4236	2647	27.3581	unclassified	chr1	371701	374348	5	2647	-	2650	2639	2636	3	8	3	0	0.998111	0.998863	0.994717	0
PBG05018_fed47a06_f5857de2_18.pod5	41b34535-2af0-4cdd-95b0-6dbec711b2d7	f5857de27f3551c19729b88685e2f7dc6b1955db	545	4	16650.2	46.8056	16650.2	46.8036	17232	18.4956	unclassified	chr1	371928	388565	560	17202	-	16661	16618	16587	24	19	31	1	0.965761	0.998135	0.995559	0
PBG05018_fed47a06_f5857de2_44.pod5	e7990eb0-6069-439f-a1ed-23322a273145	f5857de27f3551c19729b88685e2f7dc6b1955db	1595	3	46711.1	11.0204	46711.2	10.938	4712	26.3179	unclassified	chr1	372549	377069	3	4706	+	4757	4466	4443	237	54	23	0	0.99809	0.99485	0.933992	0
PBG05018_fed47a06_f5857de2_68.pod5	98bfe8a3-4635-4fae-a72f-7a8b143866ae	f5857de27f3551c19729b88685e2f7dc6b1955db	1152	1	85077.2	11.2388	85077.3	11.1348	4439	24.0321	unclassified	chr1	373034	377463	0	4430	+	4437	4422	4417	8	7	5	0	0.997972	0.998869	0.995492	0
PBG05018_fed47a06_f5857de2_90.pod5	80831260-179a-4d80-afde-fd632d9a7163	f5857de27f3551c19729b88685e2f7dc6b1955db	2401	2	117254	1.1936	117254	1.0776	503	25.1081	unclassified	chr1	373604	374095	0	491	+	491	491	491	0	0	0	0	0.976143	1	1	0
PBG05018_fed47a06_f5857de2_32.pod5	178c5037-2e42-4641-b409-745eb4496cc0	f5857de27f3551c19729b88685e2f7dc6b1955db	409	3	31330	5.858	31330.2	5.6916	2487	23.0934	unclassified	chr1	373619	376101	0	2480	+	2486	2476	2470	4	6	6	0	0.997185	0.997577	0.993564	0
PBG05018_fed47a06_f5857de2_32.pod5	20c07add-edce-483a-8662-06c1c15ccb82	f5857de27f3551c19729b88685e2f7dc6b1955db	409	3	31323.3	6.308	31323.3	6.306	2526	23.848	unclassified	chr1	373619	376101	10	2497	-	2488	2481	2478	6	1	3	0	0.984561	0.998791	0.995981	0
PBG05018_fed47a06_f5857de2_17.pod5	fcc00302-f2b7-45c8-82f7-e523ca53a34c	f5857de27f3551c19729b88685e2f7dc6b1955db	1017	3	15520.1	0.8396	15520.2	0.7212	438	14.3408	unclassified	chr1	373744	374181	0	435	+	441	431	429	4	6	2	0	0.993151	0.99536	0.972789	0
PBG05018_fed47a06_f5857de2_13.pod5	2c389725-4b46-4a66-a9f1-b1df0342fd13	f5857de27f3551c19729b88685e2f7dc6b1955db	1291	3	13323.2	21.734	13323.3	21.654	5262	9.37426	unclassified	chr1	373974	377893	1338	5262	-	3942	3901	3871	23	18	30	0	0.745724	0.99231	0.981989	0
PBG05018_fed47a06_f5857de2_0.pod5	f7a7814c-5a6d-49c5-a1aa-1b8f6058d3ab	f5857de27f3551c19729b88685e2f7dc6b1955db	2036	3	532.825	0.8132	532.987	0.6516	253	37.7463	unclassified	chr1	374166	374410	0	244	+	244	244	241	0	0	3	0	0.964427	0.987705	0.987705	0
PBG05018_fed47a06_f5857de2_92.pod5	4dfaf902-084c-42d2-b6cb-a7195b13d202	f5857de27f3551c19729b88685e2f7dc6b1955db	2817	3	123548	0.4718	123548	0.4698	190	17.0311	unclassified	chr1	374208	374355	0	147	-	149	145	144	2	2	1	0	0.773684	0.993103	0.966443	0
PBG05018_fed47a06_f5857de2_27.pod5	008be560-b16f-4352-a187-2ee062519118	f5857de27f3551c19729b88685e2f7dc6b1955db	2042	4	27234.1	1.2632	27234.2	1.152	475	23.041	unclassified	chr1	374964	375426	11	475	-	464	462	460	2	0	2	0	0.976842	0.995671	0.991379	0
PBG05018_fed47a06_f5857de2_71.pod5	68a7337b-4a52-4957-9365-e90bfdee7589	f5857de27f3551c19729b88685e2f7dc6b1955db	1710	3	89545.7	24.9932	89545.9	24.87	10727	27.8081	unclassified	chr1	375961	386689	6	10727	-	10738	10711	10698	10	17	13	0	0.999441	0.998786	0.996275	0
PBG05018_fed47a06_f5857de2_71.pod5	050845e4-a619-4834-ad0a-08874a24ff07	f5857de27f3551c19729b88685e2f7dc6b1955db	1710	3	89517.8	27.8456	89517.9	27.7248	10736	28.7498	unclassified	chr1	375962	386690	0	10731	+	10736	10723	10716	8	5	7	0	0.999534	0.999347	0.998137	0
PBG05018_fed47a06_f5857de2_64.pod5	5fc13a41-ecef-4f84-9851-8daca5f03d8e	f5857de27f3551c19729b88685e2f7dc6b1955db	717	1	80797.9	0.5732	80798	0.474	191	33.6568	unclassified	chr1	376049	376242	0	191	-	193	191	191	0	2	0	0	1	1	0.989637	0
PBG05018_fed47a06_f5857de2_28.pod5	fb207d2b-e111-4c0d-bed6-5d8b4eba4fff	f5857de27f3551c19729b88685e2f7dc6b1955db	2605	3	27697.9	20.7848	27698	20.6664	7622	23.7344	unclassified	chr1	376354	383976	0	7622	+	7634	7610	7596	12	12	14	0	1	0.99816	0.995022	0
PBG05018_fed47a06_f5857de2_47.pod5	e38d9015-6280-4a38-9d06-49ead2381289	f5857de27f3551c19729b88685e2f7dc6b1955db	1461	3	51859.8	2.5662	51859.8	2.5642	1014	18.3266	unclassified	chr1	376878	377874	0	1013	+	1016	993	981	20	3	12	0	0.999014	0.987915	0.965551	0
PBG05018_fed47a06_f5857de2_19.pod5	d1ab03f3-d5aa-475b-aeb7-528efbfb9e0a	f5857de27f3551c19729b88685e2f7dc6b1955db	1290	1	17717.2	20.624	17717.4	20.4768	8053	26.8733	unclassified	chr1	376915	384950	0	8042	+	8052	8025	8017	17	10	8	0	0.998634	0.999003	0.995653	0
PBG05018_fed47a06_f5857de2_37.pod5	fe573a37-5bf8-43ff-9ba8-60a9e0f99e90	f5857de27f3551c19729b88685e2f7dc6b1955db	159	2	38587.8	6.2096	38587.9	6.0528	2167	29.0357	unclassified	chr1	376922	379080	0	2162	+	2164	2156	2156	6	2	0	0	0.997693	1	0.996303	0
PBG05018_fed47a06_f5857de2_85.pod5	47d9674f-b566-4e1b-8869-7cc2c07e1a06	f5857de27f3551c19729b88685e2f7dc6b1955db	586	2	109494	1.1528	109494	1.0704	392	33.4099	unclassified	chr1	377224	377602	0	382	+	382	378	378	4	0	0	0	0.97449	1	0.989529	0
PBG05018_fed47a06_f5857de2_7.pod5	506c8d3e-afa6-4b7e-aee2-998f95f1c83e	f5857de27f3551c19729b88685e2f7dc6b1955db	1648	2	7371.45	10.6508	7371.55	10.5504	4484	22.4308	unclassified	chr1	377305	381787	1	4477	+	4492	4466	4456	10	16	10	0	0.998216	0.997761	0.991986	0
PBG05018_fed47a06_f5857de2_46.pod5	4bfbd0a0-9f88-47ce-ad13-03471882e892	f5857de27f3551c19729b88685e2f7dc6b1955db	1340	3	50555.7	31.7168	50555.8	31.6128	12248	28.001	unclassified	chr1	378685	390926	0	12241	+	12255	12227	12219	14	14	8	0	0.999428	0.999346	0.997062	0
PBG05018_fed47a06_f5857de2_5.pod5	9b24bcda-b048-4eff-a7df-3f3e424ff44f	f5857de27f3551c19729b88685e2f7dc6b1955db	963	3	6045.91	19.0436	6046.09	18.8556	7085	29.7458	unclassified	chr1	378852	385930	0	7079	+	7081	7076	7073	3	2	3	0	0.999153	0.999576	0.99887	0
PBG05018_fed47a06_f5857de2_76.pod5	61b756b7-6540-43f6-b9f7-7abb6fdea691	f5857de27f3551c19729b88685e2f7dc6b1955db	2302	2	95959.4	68.774	95959.5	68.6748	26946	27.6905	unclassified	chr1	382063	408999	5	26946	-	26968	26909	26875	32	27	34	1	0.999814	0.998737	0.996551	0
PBG05018_fed47a06_f5857de2_6.pod5	8feb3e5f-0109-46ba-8ab1-10639beddd48	f5857de27f3551c19729b88685e2f7dc6b1955db	385	3	6262.83	21.1964	6263.02	21.0072	8083	30.7876	unclassified	chr1	382193	390273	7	8083	-	8086	8070	8070	6	10	0	0	0.999134	1	0.998021	0
PBG05018_fed47a06_f5857de2_88.pod5	e8b6ba45-db98-476a-83f9-41b6ffd1d72d	f5857de27f3551c19729b88685e2f7dc6b1955db	876	2	114123	19.03	114123	19.028	8701	13.1758	unclassified	chr1	382552	391169	33	8620	+	8733	8471	8251	116	146	220	0	0.986898	0.974029	0.944807	0
PBG05018_fed47a06_f5857de2_1.pod5	a8b93d34-eccd-40c8-a84d-bc309e4b5d41	f5857de27f3551c19729b88685e2f7dc6b1955db	2717	3	2042.53	1.5956	2042.64	1.4904	555	23.0444	unclassified	chr1	383096	383637	0	544	+	544	541	538	3	0	3	0	0.98018	0.994455	0.988971	0
PBG05018_fed47a06_f5857de2_45.pod5	18343026-b912-45dc-838c-d3e460f64b91	f5857de27f3551c19729b88685e2f7dc6b1955db	1478	3	47955.6	90.3716	47955.7	90.2508	32797	29.0761	unclassified	chr1	383262	415989	0	32791	+	32830	32688	32563	103	39	125	1	0.999817	0.996176	0.991867	0
PBG05018_fed47a06_f5857de2_2.pod5	0cc9bd03-565b-41b1-afc0-18bee30ce88e	f5857de27f3551c19729b88685e2f7dc6b1955db	311	1	2799.02	9.1844	2799.18	9.03	4023	28.8642	unclassified	chr1	383449	387471	1	4023	-	4025	4019	4014	3	3	5	0	0.999751	0.998756	0.997267	0
PBG05018_fed47a06_f5857de2_12.pod5	a91e21ee-7dcf-4962-b378-6e5b897cfe1e	f5857de27f3551c19729b88685e2f7dc6b1955db	1875	1	12055.1	13.1234	12055.1	13.1214	5941	22.0238	unclassified	chr1	383650	389564	0	5912	-	5937	5889	5845	23	25	44	0	0.995119	0.992528	0.984504	0
PBG05018_fed47a06_f5857de2_16.pod5	83aef366-e71e-4cf6-9f68-d9ff92f215a7	f5857de27f3551c19729b88685e2f7dc6b1955db	908	3	14877.7	3.3612	14877.7	3.3592	1271	28.9332	unclassified	chr1	383777	385016	6	1243	-	1239	1237	1236	0	2	1	0	0.973249	0.999192	0.997579	0
PBG05018_fed47a06_f5857de2_51.pod5	6087313f-666b-4ec2-adef-e6b5e9efafba	f5857de27f3551c19729b88685e2f7dc6b1955db	2604	2	59084.2	17.5256	59084.2	17.5236	6726	27.6687	unclassified	chr1	383897	390588	33	6723	+	6700	6681	6677	9	10	4	0	0.994648	0.999401	0.996567	0
PBG05018_fed47a06_f5857de2_38.pod5	a5a9dbec-5652-4fbc-8d20-769ccbd3d57b	f5857de27f3551c19729b88685e2f7dc6b1955db	2091	1	39821	23.1156	39821	23.1136	9801	25.6351	unclassified	chr1	384784	394558	32	9801	+	9789	9754	9739	15	20	15	3	0.996735	0.998462	0.994892	0
PBG05018_fed47a06_f5857de2_46.pod5	de9b4d47-4cea-4127-90e8-6587d4898561	f5857de27f3551c19729b88685e2f7dc6b1955db	1340	3	50537.4	18.32	50537.9	17.8584	4657	26.8034	unclassified	chr1	386270	390925	0	4657	-	4660	4652	4649	5	3	3	0	1	0.999355	0.997639	0
PBG05018_fed47a06_f5857de2_74.pod5	6e1882ea-9159-421f-b62e-e6277a6a655f	f5857de27f3551c19729b88685e2f7dc6b1955db	430	1	92478.1	22.3976	92478.2	22.2936	7346	25.7105	unclassified	chr1	387563	394905	7	7346	-	7358	7323	7312	16	19	11	4	0.999047	0.998498	0.993748	0
PBG05018_fed47a06_f5857de2_82.pod5	590257ca-cb7e-403c-9f33-6789e4691e4c	f5857de27f3551c19729b88685e2f7dc6b1955db	2570	4	104280	0.3282	104280	0.3262	132	15.6428	unclassified	chr1	387917	388049	0	131	+	132	131	130	0	1	1	0	0.992424	0.992366	0.984848	0
PBG05018_fed47a06_f5857de2_76.pod5	c33879a1-104e-41b9-ab41-eb8e00e8383e	f5857de27f3551c19729b88685e2f7dc6b1955db	1301	4	95181.9	18.1028	95182	17.9928	6344	14.7683	unclassified	chr1	388173	394183	0	6344	-	6345	6009	6002	335	1	7	4	1	0.998835	0.945942	0
PBG05018_fed47a06_f5857de2_50.pod5	c7f97aa0-3920-48b4-a9d8-f206655b1f92	f5857de27f3551c19729b88685e2f7dc6b1955db	1164	4	58441.6	25.0772	58441.8	24.8868	5073	30.1723	unclassified	chr1	388399	393463	0	5073	-	5073	5064	5063	9	0	1	5	1	0.999803	0.998029	0
PBG05018_fed47a06_f5857de2_7.pod5	85740cf4-ac28-4a94-942d-86c62ae9c83d	f5857de27f3551c19729b88685e2f7dc6b1955db	1157	1	7189.68	19.3412	7189.68	19.3392	8549	24.6825	unclassified	chr1	388539	397074	0	8549	+	8561	8523	8513	26	12	10	2	1	0.998827	0.994393	0
PBG05018_fed47a06_f5857de2_108.pod5	51bdb998-c873-4fda-85a7-e0cd097d042c	f5857de27f3551c19729b88685e2f7dc6b1955db	896	3	173901	4.7132	173901	4.56	1660	26.7868	unclassified	chr1	389023	390685	0	1660	-	1663	1659	1656	1	3	3	0	1	0.998192	0.995791	0
PBG05018_fed47a06_f5857de2_95.pod5	8c102c99-6823-41da-9932-0aadf2b56d11	f5857de27f3551c19729b88685e2f7dc6b1955db	2472	2	130409	41.4008	130409	41.292	14698	21.0229	unclassified	chr1	389744	401179	3279	14698	-	11443	11411	11390	8	24	21	0	0.776908	0.99816	0.995368	0
PBG05018_fed47a06_f5857de2_26.pod5	8454b462-e76b-49a9-8f20-e3a5470d6844	f5857de27f3551c19729b88685e2f7dc6b1955db	117	2	25877.1	0.6632	25877.2	0.5232	192	23.6363	unclassified	chr1	390382	390567	0	185	+	185	185	184	0	0	1	0	0.963542	0.994595	0.994595	0
PBG05018_fed47a06_f5857de2_18.pod5	fd5200d7-6568-4956-8e9d-b79d2d14215b	f5857de27f3551c19729b88685e2f7dc6b1955db	1324	4	16839.9	2.072	16840.1	1.956	891	24.0889	unclassified	chr1	390407	391286	2	883	+	881	879	879	2	0	0	0	0.988777	1	0.99773	0
PBG05018_fed47a06_f5857de2_99.pod5	bc45d6c7-a5dc-446b-89a5-39f8900d91f4	f5857de27f3551c19729b88685e2f7dc6b1955db	2392	3	139702	28.1452	139702	28.1432	14296	23.2391	unclassified	chr1	391315	405535	11	14266	-	14292	14183	14118	72	37	65	1	0.997132	0.995417	0.987825	0
PBG05018_fed47a06_f5857de2_40.pod5	e9b46dd9-53ac-441c-b5cc-aa9d5bd88dae	f5857de27f3551c19729b88685e2f7dc6b1955db	1818	4	42101	4.5656	42101.1	4.4448	1735	33.4103	unclassified	chr1	391387	393113	7	1735	-	1729	1725	1725	3	1	0	14	0.995965	1	0.997687	0
PBG05018_fed47a06_f5857de2_81.pod5	e33c2ac0-f3bc-4c4c-bfb1-9e9957d2b606	f5857de27f3551c19729b88685e2f7dc6b1955db	2591	2	103237	9.9782	103237	9.9762	3931	23.4508	unclassified	chr1	391629	395524	0	3898	-	3906	3887	3877	11	8	10	0	0.991605	0.997427	0.992576	0
PBG05018_fed47a06_f5857de2_66.pod5	7316103c-4301-4996-a33e-63ab33e939e9	f5857de27f3551c19729b88685e2f7dc6b1955db	2947	2	82728.6	58.9116	82728.6	58.9096	22110	30.4174	unclassified	chr1	392321	414497	33	22103	+	22251	21995	21940	75	181	55	5	0.998191	0.997499	0.986023	0
PBG05018_fed47a06_f5857de2_0.pod5	f6a853f9-dbb3-4c19-84d3-7b1285a1c530	f5857de27f3551c19729b88685e2f7dc6b1955db	538	1	1308.69	2.4842	1308.7	2.4822	466	15.8333	unclassified	chr1	392338	392799	19	457	+	462	437	435	1	24	2	0	0.939914	0.995423	0.941558	0
PBG05018_fed47a06_f5857de2_50.pod5	cc8b0275-ed68-48ae-a992-e79cf7684558	f5857de27f3551c19729b88685e2f7dc6b1955db	420	4	58449.1	4.1324	58449.2	4.0368	1289	27.9229	unclassified	chr1	392868	394032	125	1289	-	1164	1164	1164	0	0	0	0	0.903026	1	1	0
PBG05018_fed47a06_f5857de2_33.pod5	24f0a575-0959-4524-86d4-483d476957f4	f5857de27f3551c19729b88685e2f7dc6b1955db	2513	1	32583.3	16.4696	32583.4	16.3872	6810	20.5906	unclassified	chr1	392926	397246	0	4323	+	4328	4315	4311	8	5	4	1	0.634802	0.999073	0.996072	0
PBG05018_fed47a06_f5857de2_51.pod5	5655ce6d-c451-4ca1-82ff-e72d486a2323	f5857de27f3551c19729b88685e2f7dc6b1955db	2471	4	59404.2	15.1052	59404.4	14.9196	5814	27.669	unclassified	chr1	394653	400458	0	5809	+	5819	5795	5788	14	10	7	1	0.99914	0.998792	0.994673	0
PBG05018_fed47a06_f5857de2_41.pod5	60d161bd-20cd-4751-974d-0ef32732f892	f5857de27f3551c19729b88685e2f7dc6b1955db	2699	2	30792.6	145.366	30792.8	145.177	51053	29.6956	unclassified	chr1	395732	444553	0	51053	+	51138	48736	48623	2317	85	113	6	1	0.997681	0.950819	0
PBG05018_fed47a06_f5857de2_64.pod5	696d9fab-78c5-4ad3-bccb-f70f1797bdfb	f5857de27f3551c19729b88685e2f7dc6b1955db	158	2	80548.3	0.6942	80548.3	0.6922	192	31.7047	unclassified	chr1	395821	395981	32	192	+	160	160	160	0	0	0	0	0.833333	1	1	0
PBG05018_fed47a06_f5857de2_12.pod5	dbdebc9c-b636-46b7-9d7c-f2c72e3e3473	f5857de27f3551c19729b88685e2f7dc6b1955db	2220	3	11934.2	65.511	11934.2	65.509	25258	30.3855	unclassified	chr1	396033	421452	0	25223	-	25437	25205	25151	18	214	54	5	0.998614	0.997858	0.988757	0
PBG05018_fed47a06_f5857de2_53.pod5	660cb0a4-6712-4716-8020-92077a87dfc8	f5857de27f3551c19729b88685e2f7dc6b1955db	1611	2	61517.7	0.7666	61517.7	0.7646	279	20.926	unclassified	chr1	396219	396464	9	255	-	246	245	243	1	0	2	0	0.88172	0.991837	0.987805	0
PBG05018_fed47a06_f5857de2_51.pod5	e14059ba-5674-47b8-a3e2-e42f64731136	f5857de27f3551c19729b88685e2f7dc6b1955db	782	1	60299.4	14.4104	60299.5	14.3016	5050	31.8569	unclassified	chr1	396367	401408	7	5050	-	5047	5037	5034	6	4	3	1	0.998614	0.999404	0.997424	0
PBG05018_fed47a06_f5857de2_14.pod5	1d34bbb6-4701-4cbf-a768-3a9705556936	f5857de27f3551c19729b88685e2f7dc6b1955db	1377	1	14239.7	7.9904	14239.9	7.8492	3169	31.5697	unclassified	chr1	396465	399627	10	3169	-	3163	3158	3158	1	4	0	1	0.996844	1	0.998419	0
PBG05018_fed47a06_f5857de2_0.pod5	d2d57941-bd83-4128-8da1-c3d1f6d20a8c	f5857de27f3551c19729b88685e2f7dc6b1955db	625	3	686.89	4.5608	686.892	4.5588	1761	29.2722	unclassified	chr1	397061	398788	29	1755	+	1728	1725	1723	1	2	2	0	0.980125	0.998841	0.997106	0
PBG05018_fed47a06_f5857de2_0.pod5	cd8c0c04-779e-4e7d-b89f-ab7f76c0b23b	f5857de27f3551c19729b88685e2f7dc6b1955db	625	3	691.692	4.1492	691.791	4.05	1735	22.2917	unclassified	chr1	397061	398788	10	1735	-	1731	1721	1715	4	6	6	0	0.994236	0.996514	0.990757	0
PBG05018_fed47a06_f5857de2_70.pod5	784cd3a8-8df1-4275-a2bb-6fcb4a8fb56f	f5857de27f3551c19729b88685e2f7dc6b1955db	2298	3	88166.7	9.7424	88166.7	9.6624	3856	25.0903	unclassified	chr1	397896	401757	0	3850	+	3867	3844	3840	6	17	4	0	0.998444	0.998959	0.993018	0
PBG05018_fed47a06_f5857de2_70.pod5	5910b861-6a29-45db-ad32-035b96539323	f5857de27f3551c19729b88685e2f7dc6b1955db	2298	3	88155.4	11.2436	88155.6	11.0088	3868	31.1747	unclassified	chr1	397896	401757	6	3868	-	3863	3860	3859	2	1	1	0	0.998449	0.999741	0.998965	0
PBG05018_fed47a06_f5857de2_94.pod5	d694ab51-6ff2-490d-aaad-08c6f09ba0ff	f5857de27f3551c19729b88685e2f7dc6b1955db	2834	2	129338	5.3402	129338	5.3382	2370	26.2267	unclassified	chr1	398232	400565	33	2364	+	2335	2329	2328	2	4	1	0	0.983544	0.999571	0.997002	0
PBG05018_fed47a06_f5857de2_109.pod5	117298ae-559b-4be7-b405-db58b505db75	f5857de27f3551c19729b88685e2f7dc6b1955db	2412	3	176159	11.305	176159	11.303	4148	21.3959	unclassified	chr1	398258	402369	31	4140	+	4124	4096	4080	13	15	16	0	0.990598	0.996094	0.989331	0
PBG05018_fed47a06_f5857de2_76.pod5	9c2e9ff6-c338-4237-abef-897d31b7b29e	f5857de27f3551c19729b88685e2f7dc6b1955db	389	2	95369.5	53.8688	95369.6	53.748	21406	30.4637	unclassified	chr1	398438	419846	0	21403	+	21438	21373	21366	30	35	7	3	0.99986	0.999672	0.996641	0
PBG05018_fed47a06_f5857de2_16.pod5	d704d142-50a9-4ab8-bd07-ba669d5f5803	f5857de27f3551c19729b88685e2f7dc6b1955db	1522	4	15188.6	25.4312	15188.7	25.3164	10283	31.6704	unclassified	chr1	398935	409219	0	10276	+	10286	10274	10255	2	10	19	11	0.999319	0.998151	0.996986	0
PBG05018_fed47a06_f5857de2_16.pod5	8f651d3a-40cc-4247-940f-ff1a61b6411f	f5857de27f3551c19729b88685e2f7dc6b1955db	1522	4	15214.1	23.2772	15214.2	23.1828	10291	24.264	unclassified	chr1	398935	409219	11	10291	-	10303	10261	10234	19	23	27	11	0.998931	0.997369	0.993303	0
PBG05018_fed47a06_f5857de2_46.pod5	db0ff2bb-fb3c-4cd6-a067-443c6f421031	f5857de27f3551c19729b88685e2f7dc6b1955db	2229	1	50559.8	0.7184	50559.9	0.54	197	21.9123	unclassified	chr1	399569	399754	0	185	+	185	185	185	0	0	0	0	0.939086	1	1	0
PBG05018_fed47a06_f5857de2_47.pod5	aa3a4f99-e82e-4218-b24c-c1024f575d44	f5857de27f3551c19729b88685e2f7dc6b1955db	1349	2	52335.9	6.0524	52336.1	5.898	2379	22.4169	unclassified	chr1	400126	402149	376	2373	+	2034	1986	1928	11	37	58	1	0.839428	0.970796	0.947886	0
PBG05018_fed47a06_f5857de2_98.pod5	b4cdf362-c80e-4148-bf47-eafc42d0ca17	f5857de27f3551c19729b88685e2f7dc6b1955db	981	3	137148	11.6848	137148	11.6828	4555	25.8231	unclassified	chr1	400474	404992	4	4520	-	4524	4510	4497	6	8	13	4	0.991438	0.997118	0.994032	0
PBG05018_fed47a06_f5857de2_0.pod5	97702454-2fa9-4abd-b032-fbcbd2ccd5ea	f5857de27f3551c19729b88685e2f7dc6b1955db	54	3	1002.53	2.054	1002.62	1.9668	760	21.9196	unclassified	chr1	401080	401823	0	743	+	743	743	739	0	0	4	0	0.977632	0.994616	0.994616	0
PBG05018_fed47a06_f5857de2_63.pod5	c15f2628-bea7-4b95-a50d-e789a10b9412	f5857de27f3551c19729b88685e2f7dc6b1955db	689	3	78532.7	40.5608	78532.8	40.4616	14179	17.3658	unclassified	chr1	401717	415919	0	14174	+	14288	14088	13912	86	114	176	13	0.999647	0.987507	0.973684	0
PBG05018_fed47a06_f5857de2_77.pod5	3e90bfb4-9f03-4ce8-8155-3178843a671d	f5857de27f3551c19729b88685e2f7dc6b1955db	2294	3	96654.1	47.4164	96654.3	47.2284	16549	27.2928	unclassified	chr1	402025	418598	0	16549	+	16590	16532	16502	17	41	30	8	1	0.998185	0.994696	0
PBG05018_fed47a06_f5857de2_45.pod5	a25d2113-6c13-4b96-913f-2ba064f09424	f5857de27f3551c19729b88685e2f7dc6b1955db	1273	1	48834.9	74.6048	48835	74.4732	25152	27.8828	unclassified	chr1	402031	427193	7	25152	-	25194	25113	25091	32	49	22	2	0.999722	0.999124	0.995912	0
PBG05018_fed47a06_f5857de2_69.pod5	558a1544-41ee-4e38-a5b4-740466d31851	f5857de27f3551c19729b88685e2f7dc6b1955db	697	3	87460.6	33.1196	87460.6	33.1176	11955	21.432	unclassified	chr1	402149	414056	11	11926	-	11957	11865	11812	50	42	53	8	0.996654	0.995533	0.987873	0
PBG05018_fed47a06_f5857de2_67.pod5	71cd41e5-6a7d-43e6-9dfc-39112f662896	f5857de27f3551c19729b88685e2f7dc6b1955db	1956	2	84169.6	12.8004	84169.6	12.7984	5867	19.8647	unclassified	chr1	402200	408065	0	5861	+	5889	5837	5802	24	28	35	1	0.998977	0.994004	0.985227	0
PBG05018_fed47a06_f5857de2_48.pod5	b9db534c-0f0c-4590-aba1-fae2900edee7	f5857de27f3551c19729b88685e2f7dc6b1955db	157	2	53093.8	1.0868	53094	0.9324	372	29.8269	unclassified	chr1	402788	403151	11	372	-	363	361	361	0	2	0	10	0.97043	1	0.99449	0
PBG05018_fed47a06_f5857de2_74.pod5	4c717352-27d5-4f83-9378-53a1302fbef7	f5857de27f3551c19729b88685e2f7dc6b1955db	1151	4	92014.2	15.7964	92014.4	15.6732	5876	28.2796	unclassified	chr1	403125	408995	0	5876	+	5876	5870	5862	6	0	8	4	1	0.998637	0.997617	0
PBG05018_fed47a06_f5857de2_54.pod5	d91a626c-8b21-454c-a2cd-f1de57a9bd44	f5857de27f3551c19729b88685e2f7dc6b1955db	2663	3	63868.7	43.7996	63868.8	43.692	17249	31.1993	unclassified	chr1	403597	420847	7	17249	-	17267	17225	17221	17	25	4	3	0.999594	0.999768	0.997336	0
PBG05018_fed47a06_f5857de2_43.pod5	9647eccc-384b-4b36-81e2-f44af723d2ca	f5857de27f3551c19729b88685e2f7dc6b1955db	1714	3	45018.7	20.72	45018.8	20.604	8412	29.092	unclassified	chr1	403620	412027	0	8405	+	8417	8395	8389	10	12	6	5	0.999168	0.999285	0.996673	0
PBG05018_fed47a06_f5857de2_64.pod5	5833d509-b8d1-451e-91ce-237f6eaefa66	f5857de27f3551c19729b88685e2f7dc6b1955db	2110	2	79789.2	10.7484	79789.2	10.7464	4619	21.8114	unclassified	chr1	403849	408433	3	4583	-	4597	4567	4559	13	17	8	5	0.991557	0.998248	0.991734	0
PBG05018_fed47a06_f5857de2_35.pod5	b48b8fad-cf3b-4e0c-bb5d-63560cc7c0bf	f5857de27f3551c19729b88685e2f7dc6b1955db	2801	3	35865.6	26.6022	35865.6	26.6002	12708	19.3364	unclassified	chr1	403894	416155	40	12271	+	12312	12180	12121	51	81	59	8	0.962465	0.995156	0.984487	0
PBG05018_fed47a06_f5857de2_31.pod5	f836b321-8fc5-46eb-bfbb-0ab29d0d2505	f5857de27f3551c19729b88685e2f7dc6b1955db	1896	1	30586.5	0.9368	30586.6	0.8388	358	25.237	unclassified	chr1	404609	404954	1	346	+	345	345	345	0	0	0	0	0.963687	1	1	0
PBG05018_fed47a06_f5857de2_13.pod5	efc16135-b4cf-4364-90de-f2a4292ef438	f5857de27f3551c19729b88685e2f7dc6b1955db	1661	2	12700.1	34.202	12700.2	34.0944	13201	28.4292	unclassified	chr1	404992	418192	0	13197	+	13222	13175	13171	22	25	4	3	0.999697	0.999696	0.996143	0
PBG05018_fed47a06_f5857de2_89.pod5	98414aa3-ba48-4df1-b295-2cc83533e5be	f5857de27f3551c19729b88685e2f7dc6b1955db	2561	2	115995	7.652	115995	7.512	3053	28.3971	unclassified	chr1	405180	408224	0	3046	+	3046	3044	3041	2	0	3	14	0.997707	0.999014	0.998358	0
PBG05018_fed47a06_f5857de2_33.pod5	40857b5a-fc35-4a68-bfe9-75cacc4dba5b	f5857de27f3551c19729b88685e2f7dc6b1955db	1253	2	32750.6	37.5092	32750.7	37.3716	14634	26.689	unclassified	chr1	405456	420107	8	14634	-	14662	14615	14592	11	36	23	2	0.999453	0.998426	0.995226	0
PBG05018_fed47a06_f5857de2_98.pod5	77a70aef-2c14-4d0e-9669-69063b158405	f5857de27f3551c19729b88685e2f7dc6b1955db	2360	3	136493	36.254	136493	36.162	19232	24.1137	unclassified	chr1	405544	415228	0	9662	+	9691	9655	9632	7	29	23	1	0.502392	0.997618	0.993912	0
PBG05018_fed47a06_f5857de2_38.pod5	523f5f9a-d3c2-43f2-b092-97d67fa176f2	f5857de27f3551c19729b88685e2f7dc6b1955db	1120	2	38899.6	9.5372	38899.8	9.4284	3758	25.505	unclassified	chr1	405738	409503	0	3758	+	3766	3757	3750	1	8	7	10	1	0.998137	0.995751	0
PBG05018_fed47a06_f5857de2_5.pod5	2f00be6d-1aa1-4a71-a12d-d7b994505d6a	f5857de27f3551c19729b88685e2f7dc6b1955db	2061	1	5409.23	10.7	5409.4	10.5276	3878	23.8313	unclassified	chr1	406016	409885	0	3874	+	3882	3861	3850	13	8	11	9	0.998969	0.997151	0.991757	0
PBG05018_fed47a06_f5857de2_74.pod5	6806a36b-5221-4eca-a24d-634116763ec4	f5857de27f3551c19729b88685e2f7dc6b1955db	1151	4	92030.1	23.7236	92030.2	23.6268	9140	24.1144	unclassified	chr1	406276	415398	44	9140	-	9132	9086	9073	10	36	13	4	0.995186	0.998569	0.993539	0
PBG05018_fed47a06_f5857de2_64.pod5	e57d7956-28bd-4e8d-9e5c-160d4bcd6fc8	f5857de27f3551c19729b88685e2f7dc6b1955db	600	2	80842.8	40.4576	80843	40.2972	15402	28.5039	unclassified	chr1	406366	414374	4930	12927	-	8009	7996	7974	1	12	22	1	0.519218	0.997249	0.99563	0
PBG05018_fed47a06_f5857de2_49.pod5	9c994c80-d72b-4251-8d29-d7d6c7c5d11e	f5857de27f3551c19729b88685e2f7dc6b1955db	2376	3	55470.7	7.8272	55470.9	7.7088	2646	17.2629	unclassified	chr1	406482	409139	0	2646	+	2675	2628	2604	18	29	24	5	1	0.990868	0.973458	0
PBG05018_fed47a06_f5857de2_120.pod5	97e24ac0-7001-46ef-9e0c-4be612d56b7f	f5857de27f3551c19729b88685e2f7dc6b1955db	58	3	216810	6.9356	216810	6.822	2527	24.7341	unclassified	chr1	406542	409073	0	2527	+	2531	2527	2522	0	4	5	14	1	0.998021	0.996444	0
PBG05018_fed47a06_f5857de2_113.pod5	c3b1b2d1-f270-49b7-839e-7c3db7576000	f5857de27f3551c19729b88685e2f7dc6b1955db	2843	2	192477	10.1048	192478	9.9408	3887	21.154	unclassified	chr1	407007	410897	6	3887	-	3900	3871	3842	10	19	29	9	0.998456	0.992508	0.985128	0
PBG05018_fed47a06_f5857de2_16.pod5	b6ebf130-80c2-4592-978f-a58abf63abf0	f5857de27f3551c19729b88685e2f7dc6b1955db	2047	1	15198.3	5.8952	15198.5	5.7864	2125	25.3192	unclassified	chr1	407189	409312	9	2125	-	2123	2116	2112	0	7	4	16	0.995765	0.99811	0.994819	0
PBG05018_fed47a06_f5857de2_34.pod5	e560bc31-874a-4107-a182-bf7bee5e7b0c	f5857de27f3551c19729b88685e2f7dc6b1955db	646	1	34134	0.325	34134	0.323	167	17.075	unclassified	chr1	407324	407491	2	167	-	167	165	165	0	2	0	0	0.988024	1	0.988024	0
PBG05018_fed47a06_f5857de2_10.pod5	16706216-40bb-434d-ba81-97e042dde34f	f5857de27f3551c19729b88685e2f7dc6b1955db	1836	2	9820.07	9.272	9820.21	9.1368	3577	22.751	unclassified	chr1	407863	411431	0	3572	+	3582	3558	3549	14	10	9	10	0.998602	0.99747	0.990787	0
PBG05018_fed47a06_f5857de2_65.pod5	484ba14d-20f0-43d8-b07e-f81eb7e72ebc	f5857de27f3551c19729b88685e2f7dc6b1955db	2976	4	81539.4	16.5572	81539.5	16.404	6616	27.822	unclassified	chr1	407920	414527	0	6608	+	6613	6602	6589	6	5	13	3	0.998791	0.998031	0.996371	0
PBG05018_fed47a06_f5857de2_109.pod5	1604c659-012e-4193-930c-16b730c70f11	f5857de27f3551c19729b88685e2f7dc6b1955db	1534	3	175684	3.8204	175684	3.6792	1487	24.4607	unclassified	chr1	408399	409876	0	1480	+	1485	1472	1467	8	5	5	21	0.995293	0.996603	0.987879	0
PBG05018_fed47a06_f5857de2_48.pod5	b9061e75-0fa4-40a6-9dcf-7b121348c689	f5857de27f3551c19729b88685e2f7dc6b1955db	2330	4	54144.1	2.4404	54144.2	2.2956	959	22.5178	unclassified	chr1	408459	409420	0	959	+	962	958	958	1	3	0	23	1	1	0.995842	0
PBG05018_fed47a06_f5857de2_64.pod5	2d9a9223-3e2e-42dd-bfbb-f884f3413a31	f5857de27f3551c19729b88685e2f7dc6b1955db	2821	2	80535.1	2.5592	80535.3	2.3604	762	25.5823	unclassified	chr1	408779	409539	0	755	+	760	755	752	0	5	3	28	0.990814	0.996027	0.989474	0
PBG05018_fed47a06_f5857de2_79.pod5	e885738a-ad2e-48c2-a199-0a40424d570e	f5857de27f3551c19729b88685e2f7dc6b1955db	1398	2	99319	1.064	99319.2	0.8412	368	25.3086	unclassified	chr1	408828	409197	0	368	+	369	368	368	0	1	0	8	1	1	0.99729	0
PBG05018_fed47a06_f5857de2_92.pod5	14048289-4509-467b-b107-57edf4a7dd3d	f5857de27f3551c19729b88685e2f7dc6b1955db	956	2	122786	8.6444	122786	8.5584	3538	18.0199	unclassified	chr1	409055	412589	0	3529	+	3563	3500	3461	29	34	39	1	0.997456	0.988857	0.971372	0
PBG05018_fed47a06_f5857de2_14.pod5	9a210bb2-4b7e-410c-b649-e8c99f627630	f5857de27f3551c19729b88685e2f7dc6b1955db	19	4	14113.4	1.7756	14113.7	1.518	448	22.5328	unclassified	chr1	409133	409562	0	436	+	437	428	428	8	1	0	0	0.973214	1	0.979405	0
PBG05018_fed47a06_f5857de2_22.pod5	cb1eb526-2045-4130-98a5-59b3a7388444	f5857de27f3551c19729b88685e2f7dc6b1955db	478	3	21497.6	27.086	21497.8	26.8716	7941	25.0969	unclassified	chr1	409298	417247	0	7941	-	7957	7933	7913	8	16	20	1	1	0.997479	0.99447	0
PBG05018_fed47a06_f5857de2_36.pod5	65281a2c-0f1b-4a8a-8097-fc0a289e383d	f5857de27f3551c19729b88685e2f7dc6b1955db	1606	2	36170.8	7.7192	36171	7.5552	3337	27.2006	unclassified	chr1	409987	413317	7	3337	-	3333	3327	3321	3	3	6	0	0.997902	0.998197	0.9964	0
PBG05018_fed47a06_f5857de2_47.pod5	d6e27135-594a-43e5-976d-0785ba4f5c47	f5857de27f3551c19729b88685e2f7dc6b1955db	2357	3	52057.1	6.0464	52057.3	5.8872	2166	36.1449	unclassified	chr1	410042	412206	0	2166	+	2167	2163	2139	3	1	24	0	1	0.988904	0.987079	0
PBG05018_fed47a06_f5857de2_65.pod5	b89794fd-de2b-4487-a52c-69b0ab1924d9	f5857de27f3551c19729b88685e2f7dc6b1955db	2168	2	82353	16.892	82353.2	16.6656	5818	14.2173	unclassified	chr1	410242	415603	0	5355	+	5366	5350	5342	5	11	8	1	0.920419	0.998505	0.995527	0
PBG05018_fed47a06_f5857de2_32.pod5	6c590c1c-e0af-4106-a1c1-42612c421a7d	f5857de27f3551c19729b88685e2f7dc6b1955db	1909	3	31186.7	32.555	31186.7	32.553	12773	26.5422	unclassified	chr1	410759	423526	30	12773	+	12778	12732	12704	11	35	28	4	0.997651	0.997801	0.994209	0
PBG05018_fed47a06_f5857de2_32.pod5	67cfa5b8-87c4-4ff0-b6ee-df46ff2835cb	f5857de27f3551c19729b88685e2f7dc6b1955db	1909	3	31219.3	32.5826	31219.3	32.5806	13538	24.396	unclassified	chr1	410759	424323	7	13534	-	13579	13512	13475	15	52	37	2	0.999187	0.997262	0.992341	0
PBG05018_fed47a06_f5857de2_82.pod5	610729e1-ab8e-45f4-bf98-fffe412a7d33	f5857de27f3551c19729b88685e2f7dc6b1955db	2301	1	104574	13.1108	104574	12.9864	5648	28.691	unclassified	chr1	410933	416569	13	5648	-	5637	5634	5628	1	2	6	1	0.997698	0.998935	0.998403	0
PBG05018_fed47a06_f5857de2_14.pod5	33323584-47cc-4758-b067-b2aa1129fc8e	f5857de27f3551c19729b88685e2f7dc6b1955db	552	1	13675.7	4.5652	13675.7	4.5632	1545	17.2588	unclassified	chr1	410960	412464	9	1509	-	1521	1483	1466	17	21	17	0	0.970874	0.988537	0.96384	0
PBG05018_fed47a06_f5857de2_62.pod5	d0a6a305-02e1-4c0c-811b-00f6f7f92bde	f5857de27f3551c19729b88685e2f7dc6b1955db	1786	2	77237.2	0.7964	77237.3	0.6924	320	22.945	unclassified	chr1	411488	411800	1	315	+	314	312	307	2	0	5	0	0.98125	0.983974	0.977707	0
PBG05018_fed47a06_f5857de2_61.pod5	dea1ea1d-0e4d-49d6-9914-3f690897025f	f5857de27f3551c19729b88685e2f7dc6b1955db	2276	4	76405.4	1.965	76405.4	1.963	813	17.9517	unclassified	chr1	411567	412085	22	539	+	518	517	517	0	1	0	0	0.635916	1	0.99807	0
PBG05018_fed47a06_f5857de2_67.pod5	eb7efb38-a77c-4388-b052-47f226b4b8c8	f5857de27f3551c19729b88685e2f7dc6b1955db	2471	2	84315.3	2.5892	84315.4	2.4444	944	34.3719	unclassified	chr1	412229	413168	7	944	-	939	937	937	0	2	0	0	0.992585	1	0.99787	0
PBG05018_fed47a06_f5857de2_72.pod5	fef5acd9-9cae-47c4-a06d-3acc9955d59e	f5857de27f3551c19729b88685e2f7dc6b1955db	1478	1	90505.9	9.956	90506	9.78	3913	17.3305	unclassified	chr1	412623	416530	0	3904	+	3937	3874	3827	30	33	47	7	0.9977	0.987868	0.97206	0
PBG05018_fed47a06_f5857de2_9.pod5	0929ee87-f7ab-493d-8e5e-ed903f5f4f9d	f5857de27f3551c19729b88685e2f7dc6b1955db	390	3	9160.1	1.5584	9160.2	1.4664	607	18.332	unclassified	chr1	412718	413315	0	597	+	598	596	595	1	1	1	0	0.983526	0.998322	0.994983	0
PBG05018_fed47a06_f5857de2_88.pod5	787ad5a7-489f-4c3c-b67b-951cad4280c0	f5857de27f3551c19729b88685e2f7dc6b1955db	350	3	114431	9.3248	114431	9.1464	3819	26.4215	unclassified	chr1	413167	415604	0	2431	+	2437	2431	2431	0	6	0	1	0.636554	1	0.997538	0
PBG05018_fed47a06_f5857de2_0.pod5	9d00f650-4489-497d-9cc2-e6e608ecea0d	f5857de27f3551c19729b88685e2f7dc6b1955db	2205	2	339.938	1.6676	340.064	1.542	621	27.5357	unclassified	chr1	413179	413785	0	607	+	607	606	605	1	0	1	0	0.977456	0.99835	0.996705	0
PBG05018_fed47a06_f5857de2_90.pod5	86f06704-a0f7-42d3-9392-11ab4e299191	f5857de27f3551c19729b88685e2f7dc6b1955db	2628	2	118068	4.9892	118068	4.8708	1924	27.1557	unclassified	chr1	413242	415168	0	1916	+	1927	1915	1908	1	11	7	1	0.995842	0.996345	0.99014	0
PBG05018_fed47a06_f5857de2_69.pod5	185e3f97-5b25-4fb6-b726-55985b535a33	f5857de27f3551c19729b88685e2f7dc6b1955db	1207	1	87647	1.0498	87647	1.0478	412	25.7088	unclassified	chr1	413455	413836	30	411	+	381	381	380	0	0	1	0	0.924757	0.997375	0.997375	0
PBG05018_fed47a06_f5857de2_4.pod5	10418dd7-2408-46e6-b678-f52bb31bd00d	f5857de27f3551c19729b88685e2f7dc6b1955db	440	2	4341.55	95.6564	4341.67	95.532	37988	26.7262	unclassified	chr1	413781	449726	7	37987	-	38054	35871	35756	2109	74	115	12	0.999789	0.996794	0.939612	0
PBG05018_fed47a06_f5857de2_77.pod5	6b856e33-e51e-4b46-828b-dd1ea5734e90	f5857de27f3551c19729b88685e2f7dc6b1955db	412	2	97355.4	24.9812	97355.4	24.9792	9271	7.07773	unclassified	chr1	413805	421341	1916	9235	-	7729	7126	6671	193	410	455	1	0.789451	0.936149	0.863113	0
PBG05018_fed47a06_f5857de2_44.pod5	d57b2529-6ff2-4123-8106-bf1d0eaa3770	f5857de27f3551c19729b88685e2f7dc6b1955db	85	2	47672.1	0.7136	47672.2	0.588	234	25.1975	unclassified	chr1	414004	414231	12	234	-	227	222	222	0	5	0	0	0.948718	1	0.977974	0
PBG05018_fed47a06_f5857de2_96.pod5	d586833b-37c5-4e79-9315-407b2d0df3aa	f5857de27f3551c19729b88685e2f7dc6b1955db	2612	3	135016	6.251	135016	6.249	2529	30.7955	unclassified	chr1	414399	416902	29	2522	+	2504	2492	2490	1	11	2	0	0.985765	0.999197	0.994409	0
PBG05018_fed47a06_f5857de2_61.pod5	494aa846-7032-413c-8d3c-026fc3be4a6d	f5857de27f3551c19729b88685e2f7dc6b1955db	2112	3	77051.7	6.4112	77051.8	6.3024	2667	30.8224	unclassified	chr1	414558	417226	0	2667	+	2674	2661	2660	6	7	1	1	1	0.999624	0.994764	0
PBG05018_fed47a06_f5857de2_72.pod5	747b21d3-67e4-425a-9e01-3436d7e3d0d2	f5857de27f3551c19729b88685e2f7dc6b1955db	1478	1	90497.9	7.6358	90497.9	7.6338	1817	17.1633	unclassified	chr1	414747	416528	0	1780	-	1792	1769	1754	11	12	15	0	0.979637	0.991521	0.978795	0
PBG05018_fed47a06_f5857de2_18.pod5	f9d93212-69a5-4304-9ebd-2e067741c9eb	f5857de27f3551c19729b88685e2f7dc6b1955db	1910	4	17090.8	22.916	17090.9	22.7904	9576	20.7214	unclassified	chr1	414833	424412	6	9576	-	9614	9535	9499	35	44	36	5	0.999373	0.996224	0.988038	0
PBG05018_fed47a06_f5857de2_40.pod5	1b600c7a-e283-428d-8023-c05bbf366428	f5857de27f3551c19729b88685e2f7dc6b1955db	1186	1	42246.5	0.5528	42246.6	0.4512	162	30.6989	unclassified	chr1	415075	415227	10	162	-	152	152	152	0	0	0	0	0.938272	1	1	0
PBG05018_fed47a06_f5857de2_34.pod5	d1142bde-3abc-4540-b3e4-8645d31e78c8	f5857de27f3551c19729b88685e2f7dc6b1955db	646	1	34113.3	0.289	34113.3	0.287	114	32.1344	unclassified	chr1	415598	415712	0	114	-	114	114	114	0	0	0	0	1	1	1	0
PBG05018_fed47a06_f5857de2_49.pod5	6dc888b7-0df3-42c6-b01b-a55e7ecba055	f5857de27f3551c19729b88685e2f7dc6b1955db	2616	1	55036.3	0.4956	55036.3	0.4936	195	15.6182	unclassified	chr1	415628	415811	12	195	-	183	183	183	0	0	0	0	0.938462	1	1	0
PBG05018_fed47a06_f5857de2_100.pod5	5e2147f3-b2c2-4443-b6db-81e5d66a90c2	f5857de27f3551c19729b88685e2f7dc6b1955db	1233	1	146367	27.7178	146367	27.7158	7354	21.2746	unclassified	chr1	415671	422981	37	7348	+	7347	7274	7254	37	36	20	1	0.994153	0.99725	0.987342	0
PBG05018_fed47a06_f5857de2_49.pod5	0e7a6103-c31a-49ec-8d5f-8ed76abd8aa0	f5857de27f3551c19729b88685e2f7dc6b1955db	2616	1	55026.5	0.9272	55026.5	0.9252	385	21.6808	unclassified	chr1	415787	416166	1	380	+	380	378	378	1	1	0	0	0.984416	1	0.994737	0
PBG05018_fed47a06_f5857de2_74.pod5	0315be3b-a7e7-41ee-832a-c71ff5f180ff	f5857de27f3551c19729b88685e2f7dc6b1955db	35	2	92212.1	4.1792	92212.2	4.0248	1536	31.8491	unclassified	chr1	415865	417395	0	1529	+	1530	1529	1528	0	1	1	0	0.995443	0.999346	0.998693	0
PBG05018_fed47a06_f5857de2_16.pod5	474b8953-25c5-4649-971f-d1a0675412fd	f5857de27f3551c19729b88685e2f7dc6b1955db	1358	3	15261.6	17.8652	15261.7	17.742	6887	32.2825	unclassified	chr1	417179	424057	9	6887	-	6888	6868	6868	10	10	0	4	0.998693	1	0.997096	0
PBG05018_fed47a06_f5857de2_16.pod5	d156004b-a29f-4bdf-9c70-ca589b95f111	f5857de27f3551c19729b88685e2f7dc6b1955db	2089	2	14870.3	13.4624	14870.5	13.296	4866	27.3989	unclassified	chr1	417914	422779	6	4866	-	4869	4856	4854	4	9	2	5	0.998767	0.999588	0.996919	0
PBG05018_fed47a06_f5857de2_24.pod5	4612fbae-58e6-4d7e-a247-ac2b320b3079	f5857de27f3551c19729b88685e2f7dc6b1955db	1811	3	23583.8	45.428	23584	45.3084	17144	21.5969	unclassified	chr1	418293	435006	0	17138	+	17161	16690	16649	448	23	41	1	0.99965	0.997543	0.970165	0
PBG05018_fed47a06_f5857de2_24.pod5	e939dc5c-f008-4c3b-9a0f-263f0fa4319a	f5857de27f3551c19729b88685e2f7dc6b1955db	1811	3	23630.4	39.4292	23630.5	39.2676	17005	23.743	unclassified	chr1	418293	435005	10	17005	-	17031	16676	16604	319	36	72	1	0.999412	0.995682	0.974928	0
PBG05018_fed47a06_f5857de2_40.pod5	62cd7fa2-40d1-4cfa-b4d7-3f157127100d	f5857de27f3551c19729b88685e2f7dc6b1955db	2981	4	43065.2	0.7196	43065.3	0.606	236	25.9125	unclassified	chr1	418849	419077	0	228	+	228	228	228	0	0	0	0	0.966102	1	1	0
PBG05018_fed47a06_f5857de2_18.pod5	d17761ac-d760-48a4-97d3-4c208202d219	f5857de27f3551c19729b88685e2f7dc6b1955db	784	4	16933.1	6.9698	16933.1	6.9678	2710	9.36828	unclassified	chr1	419131	421908	4	2679	-	2836	2616	2458	59	161	158	0	0.987085	0.939602	0.866714	0
PBG05018_fed47a06_f5857de2_17.pod5	e7340efa-90c2-4b4b-9ecd-3f8a3f374c7c	f5857de27f3551c19729b88685e2f7dc6b1955db	1914	1	15429.9	9.4976	15430.1	9.282	3229	40.789	unclassified	chr1	419357	422579	0	3222	+	3222	3222	3222	0	0	0	8	0.997832	1	1	0
PBG05018_fed47a06_f5857de2_13.pod5	6a8ac0ec-1274-4772-8f75-d238f794f002	f5857de27f3551c19729b88685e2f7dc6b1955db	2401	2	12690.8	2.054	12690.9	1.914	730	29.7477	unclassified	chr1	419986	420704	0	718	+	718	718	718	0	0	0	0	0.983562	1	1	0
PBG05018_fed47a06_f5857de2_50.pod5	56202b4a-f6d2-4b33-a32b-a3192099b30e	f5857de27f3551c19729b88685e2f7dc6b1955db	1719	1	57427.7	0.3134	57427.7	0.3114	92	14.3631	unclassified	chr1	420759	420849	2	92	-	90	90	90	0	0	0	0	0.978261	1	1	0
PBG05018_fed47a06_f5857de2_84.pod5	c2cdf98d-01f6-424c-bde3-70a7b52e5521	f5857de27f3551c19729b88685e2f7dc6b1955db	402	3	108172	3.4976	108172	3.3876	1325	36.2733	unclassified	chr1	421367	422686	6	1325	-	1319	1319	1317	0	0	2	0	0.995472	0.998484	0.998484	0
PBG05018_fed47a06_f5857de2_50.pod5	c102af95-670d-4bc3-89ff-41cc250c0e68	f5857de27f3551c19729b88685e2f7dc6b1955db	1719	1	57425	0.3504	57425	0.3484	102	19.2528	unclassified	chr1	421615	421715	2	102	-	100	100	100	0	0	0	0	0.980392	1	1	0
PBG05018_fed47a06_f5857de2_5.pod5	328c5fd2-7adb-4d27-99b3-d49c9d7f67b1	f5857de27f3551c19729b88685e2f7dc6b1955db	2559	1	5519.14	12.9446	5519.14	12.9426	7331	21.7674	unclassified	chr1	422376	429671	3	7298	-	7311	7279	7246	16	16	33	3	0.995089	0.995466	0.991109	0
PBG05018_fed47a06_f5857de2_12.pod5	276c5f3d-ccb8-4d59-a01e-df53af254325	f5857de27f3551c19729b88685e2f7dc6b1955db	587	2	12338.3	8.7932	12338.3	8.7912	3441	26.3031	unclassified	chr1	422651	426064	28	3435	+	3414	3406	3404	1	7	2	0	0.990119	0.999413	0.997071	0
PBG05018_fed47a06_f5857de2_85.pod5	82f2dc8f-99bc-4da4-8253-ba4f5a0965e6	f5857de27f3551c19729b88685e2f7dc6b1955db	2732	3	109008	37.7336	109009	37.614	8489	10.3294	unclassified	chr1	422943	429842	0	7150	+	7211	6838	6781	312	61	57	0	0.842266	0.991664	0.940369	0
PBG05018_fed47a06_f5857de2_78.pod5	40481094-8d2f-489a-b09d-acf2604ce5b5	f5857de27f3551c19729b88685e2f7dc6b1955db	1049	2	98160.7	10.7612	98160.7	10.7592	4275	30.4021	unclassified	chr1	423420	427660	0	4240	-	4241	4239	4235	1	1	4	0	0.991813	0.999056	0.998585	0
PBG05018_fed47a06_f5857de2_20.pod5	6e524f0b-e36c-4a9b-9e8e-35ebc02581a4	f5857de27f3551c19729b88685e2f7dc6b1955db	1833	4	18632.2	5.0408	18632.3	4.8912	1922	23.4445	unclassified	chr1	423534	425066	0	1532	+	1534	1530	1525	2	2	5	0	0.797086	0.996732	0.994133	0
PBG05018_fed47a06_f5857de2_2.pod5	40045c01-827e-4689-a232-e434f9910481	f5857de27f3551c19729b88685e2f7dc6b1955db	2917	2	2616.37	2.312	2616.53	2.1528	813	23.4886	unclassified	chr1	423726	424524	7	806	+	800	797	791	2	1	6	0	0.98278	0.992472	0.98875	0
PBG05018_fed47a06_f5857de2_7.pod5	c505ad7e-0ae3-49c6-99cb-3c67173b0ba1	f5857de27f3551c19729b88685e2f7dc6b1955db	1286	2	7416.8	2.4272	7416.89	2.328	997	27.5383	unclassified	chr1	423827	424813	12	997	-	986	985	985	0	1	0	0	0.987964	1	0.998986	0
PBG05018_fed47a06_f5857de2_27.pod5	da94ddc0-68ea-4733-9b85-4e55bd33853c	f5857de27f3551c19729b88685e2f7dc6b1955db	280	2	27028.3	0.5324	27028.4	0.438	171	19.7436	unclassified	chr1	425410	425570	0	160	+	160	160	159	0	0	1	0	0.935673	0.99375	0.99375	0
PBG05018_fed47a06_f5857de2_63.pod5	8f3b5dd4-53a6-4218-9102-cafb4d3c60d8	f5857de27f3551c19729b88685e2f7dc6b1955db	2715	2	78639.6	1.4576	78639.8	1.3068	488	20.2374	unclassified	chr1	425480	425833	10	361	-	354	350	348	1	3	2	0	0.719262	0.994286	0.983051	0
PBG05018_fed47a06_f5857de2_75.pod5	f55fdf43-018a-4c6a-a643-b04a3b411899	f5857de27f3551c19729b88685e2f7dc6b1955db	2521	4	94395.2	21.1544	94395.3	21.0624	9352	28.9846	unclassified	chr1	425584	434857	7	9352	-	9353	9265	9218	80	8	47	41	0.999251	0.994927	0.985566	0
PBG05018_fed47a06_f5857de2_103.pod5	47eb57e5-dc44-4c8e-b9fb-51e158c94aaa	f5857de27f3551c19729b88685e2f7dc6b1955db	2813	2	154598	18.3356	154598	18.1632	7910	27.4411	unclassified	chr1	425587	433650	5	7910	-	8071	7897	7872	8	166	25	10	0.999368	0.996834	0.975344	0
PBG05018_fed47a06_f5857de2_127.pod5	dc5fe0f3-9572-43ce-b31e-68e340b00c64	f5857de27f3551c19729b88685e2f7dc6b1955db	2070	2	240734	15.6884	240734	15.5868	5935	29.7851	unclassified	chr1	425952	431877	0	5928	+	5928	5925	5912	3	0	13	0	0.998821	0.997806	0.997301	0
PBG05018_fed47a06_f5857de2_9.pod5	bbf9d3b2-fb97-43eb-b757-e67668ab388a	f5857de27f3551c19729b88685e2f7dc6b1955db	2585	1	9485.57	0.5396	9485.71	0.3936	145	18.2347	unclassified	chr1	426194	426335	0	141	+	141	141	141	0	0	0	0	0.972414	1	1	0
PBG05018_fed47a06_f5857de2_122.pod5	6ede23cc-6212-4240-8d42-914752206b56	f5857de27f3551c19729b88685e2f7dc6b1955db	1025	2	224115	36.0986	224115	36.0966	13574	30.9067	unclassified	chr1	426447	439591	6	13538	-	13549	13127	13017	405	17	110	19	0.996906	0.99162	0.960735	0
PBG05018_fed47a06_f5857de2_5.pod5	16cf06a6-a47d-448c-be58-d9df23635518	f5857de27f3551c19729b88685e2f7dc6b1955db	1950	3	6122.03	105.23	6122.21	105.053	42225	20.5179	unclassified	chr1	426451	466255	2	41911	+	41997	39716	39410	2193	88	306	24	0.992516	0.992295	0.9384	0
PBG05018_fed47a06_f5857de2_69.pod5	c573a9a8-44c3-4be4-a30c-17bd8ef60ba3	f5857de27f3551c19729b88685e2f7dc6b1955db	2157	3	87275	22.4618	87275	22.4598	9049	32.5441	unclassified	chr1	426710	434972	8	8340	-	8342	8252	8205	80	10	47	33	0.920765	0.994304	0.983577	0
PBG05018_fed47a06_f5857de2_69.pod5	3dacb51d-1dc5-44e0-ad60-279ad1124db2	f5857de27f3551c19729b88685e2f7dc6b1955db	2157	3	87297.5	21.77	87297.6	21.6624	9005	30.6146	unclassified	chr1	426711	434972	0	8327	+	8341	8247	8201	80	14	46	28	0.924708	0.994422	0.983215	0
PBG05018_fed47a06_f5857de2_24.pod5	786a12f8-fd06-47ad-ac2d-9011693a0caa	f5857de27f3551c19729b88685e2f7dc6b1955db	2397	4	22838	10.8438	22838	10.8418	4108	29.1558	unclassified	chr1	427233	431294	37	4094	+	4063	4055	4053	2	6	2	0	0.987585	0.999507	0.997539	0
PBG05018_fed47a06_f5857de2_71.pod5	869216f3-e2b7-4fa0-9f62-241f0fef69d3	f5857de27f3551c19729b88685e2f7dc6b1955db	1235	4	89316.8	17.0084	89316.8	16.9176	7632	27.5369	unclassified	chr1	428107	434972	0	7086	+	7094	6857	6813	229	8	44	52	0.928459	0.993583	0.960389	0
PBG05018_fed47a06_f5857de2_71.pod5	d5a444d3-d57f-4633-bb95-59280f78f25f	f5857de27f3551c19729b88685e2f7dc6b1955db	1235	4	89297.3	19.4312	89297.5	19.2888	7634	34.2147	unclassified	chr1	428107	434972	7	7095	-	7094	6859	6816	229	6	43	47	0.928478	0.993731	0.960812	0
PBG05018_fed47a06_f5857de2_10.pod5	ffbd5198-2cf3-4d5f-a6a7-9364700bf025	f5857de27f3551c19729b88685e2f7dc6b1955db	1631	2	10360.5	13.1156	10360.6	12.954	5054	30.4803	unclassified	chr1	428248	433450	6	5054	-	5205	5045	5030	3	157	15	11	0.998813	0.997027	0.966379	0
PBG05018_fed47a06_f5857de2_54.pod5	aac6a3d5-164a-4467-b657-01ad6e1c9f1f	f5857de27f3551c19729b88685e2f7dc6b1955db	287	4	64539.5	1.5356	64539.6	1.3968	584	28.3086	unclassified	chr1	428453	428772	265	584	-	319	319	319	0	0	0	0	0.546233	1	1	0
PBG05018_fed47a06_f5857de2_70.pod5	bf6b723a-0090-4c1a-a299-09a37519a2bb	f5857de27f3551c19729b88685e2f7dc6b1955db	322	1	87871.6	1.13	87871.8	0.978	380	25.42	unclassified	chr1	428527	428895	0	368	+	368	368	367	0	0	1	0	0.968421	0.997283	0.997283	0
PBG05018_fed47a06_f5857de2_1.pod5	c5ad5e51-7fb9-450f-9796-59ae23cd14c7	f5857de27f3551c19729b88685e2f7dc6b1955db	2520	2	1669.54	2.1116	1669.69	1.9692	783	36.2984	unclassified	chr1	428693	429476	0	783	-	783	783	781	0	0	2	0	1	0.997446	0.997446	0
PBG05018_fed47a06_f5857de2_94.pod5	01b066bd-6925-4f47-8711-1846884f0add	f5857de27f3551c19729b88685e2f7dc6b1955db	1192	1	127211	0.2826	127211	0.2806	134	13.578	unclassified	chr1	428935	429057	13	134	-	122	121	114	0	1	7	0	0.902985	0.942149	0.934426	0
PBG05018_fed47a06_f5857de2_57.pod5	aa0b9b5c-ee43-403e-8b88-afc0b04209a7	f5857de27f3551c19729b88685e2f7dc6b1955db	2977	2	70876.2	2.1032	70876.5	1.8372	642	27.3571	unclassified	chr1	429461	430104	0	642	+	643	642	640	0	1	2	0	1	0.996885	0.995334	0
PBG05018_fed47a06_f5857de2_11.pod5	3b3e4dbc-e79c-4645-86c9-6399e134a214	f5857de27f3551c19729b88685e2f7dc6b1955db	2613	3	11207.5	1.2224	11207.7	1.0368	221	22.9571	unclassified	chr1	429832	430044	9	221	-	212	212	212	0	0	0	0	0.959276	1	1	0
PBG05018_fed47a06_f5857de2_26.pod5	b6482fad-1690-4944-bb19-24d093c3c18d	f5857de27f3551c19729b88685e2f7dc6b1955db	184	3	25636.6	10.0208	25636.7	9.8964	3638	25.9598	unclassified	chr1	430007	433586	0	3194	+	3581	3192	3175	2	387	17	1	0.877955	0.994674	0.886624	0
PBG05018_fed47a06_f5857de2_17.pod5	c842476a-c21b-4b8f-ae18-a5520b05959e	f5857de27f3551c19729b88685e2f7dc6b1955db	790	2	15726.6	14.2604	15726.8	14.1252	5672	22.6382	unclassified	chr1	430351	435651	0	5663	+	5689	5274	5224	389	26	50	37	0.998413	0.99052	0.918263	0
PBG05018_fed47a06_f5857de2_50.pod5	cc6cabe3-4499-406f-b3d1-40e2e30b67d5	f5857de27f3551c19729b88685e2f7dc6b1955db	2278	1	56908	2.39	56908.1	2.2812	837	28.1546	unclassified	chr1	430907	431745	0	837	-	838	837	836	0	1	1	0	1	0.998805	0.997613	0
PBG05018_fed47a06_f5857de2_12.pod5	9e54ee41-e85a-4ca5-95ff-87c4d498e1ed	f5857de27f3551c19729b88685e2f7dc6b1955db	2014	4	12544.1	3.1784	12544.2	3.036	1171	28.7752	unclassified	chr1	430930	432092	0	1162	+	1164	1160	1160	2	2	0	0	0.992314	1	0.996564	0
PBG05018_fed47a06_f5857de2_83.pod5	bd67564b-20f5-4c86-b1f1-b79d52fbe097	f5857de27f3551c19729b88685e2f7dc6b1955db	2782	3	106014	8.6672	106014	8.6652	3157	31.9396	unclassified	chr1	431795	434925	32	3157	+	3130	3125	3087	0	5	38	60	0.989864	0.98784	0.986262	0
PBG05018_fed47a06_f5857de2_72.pod5	c97381df-7edd-41f2-917a-461c43203b63	f5857de27f3551c19729b88685e2f7dc6b1955db	388	4	91700.2	0.7528	91700.2	0.7508	284	20.1821	unclassified	chr1	431865	432099	38	272	+	234	234	232	0	0	2	0	0.823944	0.991453	0.991453	0
PBG05018_fed47a06_f5857de2_81.pod5	821d518e-0200-41a6-b06e-6511c20ba036	f5857de27f3551c19729b88685e2f7dc6b1955db	1555	4	102436	4.7962	102436	4.7942	1880	31.0502	unclassified	chr1	432404	434397	31	1871	+	1994	1839	1819	1	154	20	17	0.978723	0.989125	0.912237	0
PBG05018_fed47a06_f5857de2_79.pod5	c811d2b6-bb00-4639-87c3-b82e5f9c9950	f5857de27f3551c19729b88685e2f7dc6b1955db	1480	2	99293.2	0.8624	99293.3	0.7704	309	23.1088	unclassified	chr1	432404	432699	12	309	-	297	295	295	2	0	0	0	0.961165	1	0.993266	0
PBG05018_fed47a06_f5857de2_40.pod5	808c81e1-0917-4629-b567-d5c112ea7748	f5857de27f3551c19729b88685e2f7dc6b1955db	1773	3	41794.9	35.9252	41795	35.802	14195	29.0566	unclassified	chr1	432582	445131	1572	14195	+	12636	12536	12431	87	13	105	12	0.889257	0.991624	0.983777	0
PBG05018_fed47a06_f5857de2_79.pod5	d7f538d9-5636-4934-a787-ffa9b9ad7221	f5857de27f3551c19729b88685e2f7dc6b1955db	2816	3	99608	20.5088	99608.1	20.3652	7336	31.6941	unclassified	chr1	432582	439207	621	7336	+	6719	6621	6546	94	4	75	19	0.915349	0.988672	0.974252	0
PBG05018_fed47a06_f5857de2_126.pod5	dae09f7d-fc4c-42c0-9a80-6b5ec6fb320f	f5857de27f3551c19729b88685e2f7dc6b1955db	1956	2	238427	61.2296	238427	60.984	24012	24.2323	unclassified	chr1	432582	454625	1888	24006	+	22165	21996	21805	122	47	191	1	0.921123	0.991317	0.983758	0
PBG05018_fed47a06_f5857de2_64.pod5	03009a64-c2a9-4b47-8d16-4fe3c5071a12	f5857de27f3551c19729b88685e2f7dc6b1955db	355	2	80699.7	20.1884	80699.8	20.088	7262	31.047	unclassified	chr1	432582	439313	216	7262	-	7047	6730	6645	316	1	85	1	0.970256	0.98737	0.942954	0
PBG05018_fed47a06_f5857de2_66.pod5	953c6ccb-e94c-453c-b494-9fc5a3a40092	f5857de27f3551c19729b88685e2f7dc6b1955db	624	2	83410.4	10.5368	83410.6	10.3836	4555	35.0582	unclassified	chr1	432582	436953	262	4555	-	4374	4290	4230	3	81	60	1	0.942481	0.986014	0.967078	0
PBG05018_fed47a06_f5857de2_48.pod5	eee86a62-ec1f-4b1e-967e-4442eb0c9b79	f5857de27f3551c19729b88685e2f7dc6b1955db	479	2	54451.2	3.878	54451.3	3.7572	1310	31.6775	unclassified	chr1	432673	433902	0	1302	+	1305	1226	1216	76	3	10	6	0.993893	0.991843	0.931801	0
PBG05018_fed47a06_f5857de2_48.pod5	92288cde-b945-44d0-9452-9052453a9c09	f5857de27f3551c19729b88685e2f7dc6b1955db	479	2	54455.1	3.5876	54455.2	3.4284	1310	34.7497	unclassified	chr1	432673	433901	8	1310	-	1303	1227	1215	75	1	12	1	0.993893	0.99022	0.932464	0
