filename	read_id	run_id	channel	mux	start_time	duration	template_start	template_duration	sequence_length_template	mean_qscore_template	barcode	alignment_genome	alignment_genome_start	alignment_genome_end	alignment_strand_start	alignment_strand_end	alignment_direction	alignment_length	alignment_num_aligned	alignment_num_correct	alignment_num_insertions	alignment_num_deletions	alignment_num_substitutions	alignment_mapq	alignment_strand_coverage	alignment_identity	alignment_accuracy	alignment_bed_hits
PBG64749_6b2c2a7a_f5b9d37a_26.pod5	76cfd9a7-93f5-4d28-bb20-d8d649624e9d	f5b9d37a6bda8a8d8f31f0d7b32ca6f19b945080	1377	3	17773.8	38.2614	17773.8	38.2594	22440	20.0912	unclassified	chr1	10000	30996	1397	22433	+	21194	20838	20601	198	158	237	60	0.937433	0.988627	0.97202	0
PBG64749_6b2c2a7a_f5b9d37a_50.pod5	3f8e34e4-be1f-4bf6-bd63-43917163fc71	f5b9d37a6bda8a8d8f31f0d7b32ca6f19b945080	2872	3	36339.4	88.6712	36339.5	88.5408	36582	27.975	unclassified	chr1	10000	43301	3117	36578	+	33532	33230	33005	231	71	225	60	0.914685	0.993229	0.984284	0
PBG64749_6b2c2a7a_f5b9d37a_118.pod5	27a38818-46d0-4481-918a-4ceb3be7763d	f5b9d37a6bda8a8d8f31f0d7b32ca6f19b945080	643	3	106999	19.137	106999	19.135	7795	11.5718	unclassified	chr1	10000	16974	524	7787	+	7525	6712	6461	551	262	251	26	0.931751	0.962604	0.858605	0
PBG64749_6b2c2a7a_f5b9d37a_131.pod5	b0f4db09-da5a-4917-aae5-fbd50ce582d3	f5b9d37a6bda8a8d8f31f0d7b32ca6f19b945080	1452	3	121831	10.0914	121831	10.0894	4297	17.5181	unclassified	chr1	10000	10468	3751	4172	+	475	414	412	7	54	2	1	0.0979753	0.995169	0.867368	0
PBG64749_6b2c2a7a_f5b9d37a_89.pod5	94fa8554-bf20-4a36-86fc-85b9ae11f023	f5b9d37a6bda8a8d8f31f0d7b32ca6f19b945080	2728	4	79774.3	49.4992	79774.4	49.4972	22460	23.8774	unclassified	chr1	10000	30349	2135	22453	+	20459	20208	20077	110	141	131	60	0.90463	0.993517	0.981328	0
PBG64749_6b2c2a7a_f5b9d37a_2.pod5	25bc3342-68d1-4dee-9237-ac1d59490620	f5b9d37a6bda8a8d8f31f0d7b32ca6f19b945080	880	4	2195.15	1.6358	2195.16	1.6338	506	24.8084	unclassified	chr1	10000	10418	52	474	-	430	410	398	12	8	12	1	0.833992	0.970732	0.925581	0
PBG64749_6b2c2a7a_f5b9d37a_3.pod5	dba4d3d0-a874-456d-938a-d8d0fa2f04c8	f5b9d37a6bda8a8d8f31f0d7b32ca6f19b945080	2432	1	2479.02	3.7494	2479.02	3.7474	507	19.5871	unclassified	chr1	10000	10423	82	506	-	430	417	411	7	6	6	1	0.836292	0.985611	0.955814	0
PBG64749_6b2c2a7a_f5b9d37a_34.pod5	300c882c-ae49-4956-b858-c0b748b330f0	f5b9d37a6bda8a8d8f31f0d7b32ca6f19b945080	1184	4	24206.7	55.0088	24206.8	54.912	24823	18.9273	unclassified	chr1	10000	32527	2300	24823	-	22744	22306	22067	217	221	239	60	0.907344	0.989285	0.970234	0
PBG64749_6b2c2a7a_f5b9d37a_55.pod5	1a93d6eb-fd7f-42d3-870b-a41563351ae5	f5b9d37a6bda8a8d8f31f0d7b32ca6f19b945080	2374	4	41816.7	71.5976	41816.8	71.472	27776	20.9343	unclassified	chr1	10000	35384	2351	27776	-	25595	25214	25021	211	170	193	60	0.915359	0.992346	0.977574	0
PBG64749_6b2c2a7a_f5b9d37a_59.pod5	5100267f-d7b4-49cf-8962-97a01d4f06bd	f5b9d37a6bda8a8d8f31f0d7b32ca6f19b945080	1410	4	46278.5	3.2588	46278.6	3.1296	1119	26.6579	unclassified	chr1	10000	10874	204	1104	-	919	855	842	45	19	13	45	0.80429	0.984795	0.916213	0
PBG64749_6b2c2a7a_f5b9d37a_73.pod5	1679a85d-8d48-4c19-bfb5-1ae9f4fccb7f	f5b9d37a6bda8a8d8f31f0d7b32ca6f19b945080	337	4	62230.1	69.4916	62230.2	69.3936	29905	22.9944	unclassified	chr1	10000	38332	1169	29905	-	28824	28244	28117	492	88	127	40	0.96091	0.995503	0.975472	0
PBG64749_6b2c2a7a_f5b9d37a_127.pod5	3a737ffc-77f4-4d19-bc7f-6acd7e73fd2e	f5b9d37a6bda8a8d8f31f0d7b32ca6f19b945080	1830	2	117685	6.1436	117685	5.994	1497	9.225	unclassified	chr1	10000	10320	1179	1497	-	322	316	315	2	4	1	14	0.212425	0.996835	0.978261	0
PBG64749_6b2c2a7a_f5b9d37a_140.pod5	2d515bdb-fc7c-4b07-8f53-0b0e4a077cbc	f5b9d37a6bda8a8d8f31f0d7b32ca6f19b945080	635	3	136691	62.5844	136691	62.5128	23187	22.1529	unclassified	chr1	10000	28696	4534	23187	-	18779	18570	18453	83	126	117	48	0.804459	0.993699	0.98264	0
PBG64749_6b2c2a7a_f5b9d37a_89.pod5	cf613f08-88f0-41d3-863e-09021b9957c5	f5b9d37a6bda8a8d8f31f0d7b32ca6f19b945080	2728	4	79716.6	57.6548	79716.8	57.4452	22473	27.5611	unclassified	chr1	10000	30349	2115	22473	-	20448	20259	20166	99	90	93	60	0.905887	0.995409	0.986209	0
PBG64749_6b2c2a7a_f5b9d37a_90.pod5	ddc60516-519f-41b9-8180-07e38552c3f4	f5b9d37a6bda8a8d8f31f0d7b32ca6f19b945080	2129	4	80727.6	9.3506	80727.6	9.3486	3572	19.2752	unclassified	chr1	10001	13250	252	3563	+	3346	3214	3130	97	35	84	1	0.926932	0.973864	0.935445	0
PBG64749_6b2c2a7a_f5b9d37a_168.pod5	4cda7754-f18a-4ec0-8baf-1335f6ea3863	f5b9d37a6bda8a8d8f31f0d7b32ca6f19b945080	2796	4	231737	70.998	231737	70.996	28197	26.6048	unclassified	chr1	10001	36146	1905	28190	+	26356	26074	25837	211	71	237	60	0.932191	0.99091	0.980308	0
PBG64749_6b2c2a7a_f5b9d37a_49.pod5	4385d8ab-9c8f-4e44-8936-e7851ddf3202	f5b9d37a6bda8a8d8f31f0d7b32ca6f19b945080	558	2	36109.9	11.4546	36109.9	11.4526	4053	26.1513	unclassified	chr1	10001	13413	519	4010	-	3509	3394	3332	97	18	62	1	0.861337	0.981732	0.949558	0
PBG64749_6b2c2a7a_f5b9d37a_157.pod5	ecc134ed-8f8b-414d-8b4c-6e31c8345bdc	f5b9d37a6bda8a8d8f31f0d7b32ca6f19b945080	2559	3	193009	10.8256	193009	10.8236	4181	27.856	unclassified	chr1	10001	13799	279	4147	-	3888	3778	3715	90	20	63	1	0.925138	0.983325	0.955504	0
PBG64749_6b2c2a7a_f5b9d37a_168.pod5	1837e727-d7a0-4488-99b8-fdc217c87f79	f5b9d37a6bda8a8d8f31f0d7b32ca6f19b945080	2796	4	231808	76.8812	231808	76.7172	28102	19.2191	unclassified	chr1	10001	36146	1877	28102	-	26383	25987	25753	238	158	234	60	0.933208	0.990996	0.976121	0
PBG64749_6b2c2a7a_f5b9d37a_63.pod5	a00aac9c-ab5b-44dc-8380-6d9685faec28	f5b9d37a6bda8a8d8f31f0d7b32ca6f19b945080	1626	4	49268.3	38.3096	49268.4	38.178	14957	26.9144	unclassified	chr1	10003	23963	783	14945	+	14197	13925	13826	237	35	99	60	0.946848	0.99289	0.973868	0
PBG64749_6b2c2a7a_f5b9d37a_54.pod5	84cf625e-95e6-460a-9465-1842759b5db4	f5b9d37a6bda8a8d8f31f0d7b32ca6f19b945080	510	2	40780.9	21.2204	40781	21.0768	7650	27.0256	unclassified	chr1	10003	16613	829	7650	-	6846	6585	6515	236	25	70	54	0.891634	0.98937	0.951651	0
PBG64749_6b2c2a7a_f5b9d37a_121.pod5	b81f89f9-e786-49b0-befb-da044175aa3c	f5b9d37a6bda8a8d8f31f0d7b32ca6f19b945080	2036	4	109331	5.9816	109331	5.7984	1019	21.956	unclassified	chr1	10003	10950	14	982	-	1009	906	888	62	41	18	58	0.949951	0.980132	0.880079	0
PBG64749_6b2c2a7a_f5b9d37a_26.pod5	3927220c-f994-4246-bbd1-b465ef223656	f5b9d37a6bda8a8d8f31f0d7b32ca6f19b945080	1377	3	17812.4	58.7336	17812.5	58.6368	23087	16.9817	unclassified	chr1	10075	30996	2132	23087	-	21055	20821	20649	134	100	172	17	0.907654	0.991739	0.980717	0
PBG64749_6b2c2a7a_f5b9d37a_92.pod5	a355aee6-ee53-47c3-a23f-1c0ac4a6c22c	f5b9d37a6bda8a8d8f31f0d7b32ca6f19b945080	1366	2	82130.1	1.3784	82130.2	1.284	486	24.6153	unclassified	chr1	10131	10604	11	486	-	485	463	453	12	10	10	38	0.977366	0.978402	0.934021	0
PBG64749_6b2c2a7a_f5b9d37a_72.pod5	eb72aa11-42fd-421e-8800-191d7add148d	f5b9d37a6bda8a8d8f31f0d7b32ca6f19b945080	1907	1	60403.5	77.5358	60403.5	77.5338	37515	16.4652	unclassified	chr1	10264	39738	7960	37506	+	29888	29132	28682	414	342	450	42	0.787578	0.984553	0.959649	0
PBG64749_6b2c2a7a_f5b9d37a_39.pod5	d1c25c5a-3792-4296-9f3d-911f21673c5b	f5b9d37a6bda8a8d8f31f0d7b32ca6f19b945080	1963	1	21057.6	126.218	21057.6	126.216	70077	14.8418	unclassified	chr1	10295	39586	8976	38247	+	29608	28954	28464	317	337	490	1	0.417698	0.983077	0.961362	0
PBG64749_6b2c2a7a_f5b9d37a_5.pod5	7adffe0b-fc06-413d-8d50-6713899896a5	f5b9d37a6bda8a8d8f31f0d7b32ca6f19b945080	795	2	3989.8	97.2248	3989.97	97.0488	40679	28.8315	unclassified	chr1	10319	45528	5499	40672	+	35292	35090	34997	83	119	93	59	0.864648	0.99735	0.991641	0
PBG64749_6b2c2a7a_f5b9d37a_67.pod5	9910c9de-e989-4c5b-98dd-f725ed49ab90	f5b9d37a6bda8a8d8f31f0d7b32ca6f19b945080	1159	3	54293.3	33.254	54293.4	33.1404	19060	20.5596	unclassified	chr1	10319	24322	5114	19060	-	14084	13865	13726	81	138	139	35	0.731689	0.989975	0.974581	0
PBG64749_6b2c2a7a_f5b9d37a_93.pod5	2c3b46b6-822f-48b0-aa1e-b307dc5c5747	f5b9d37a6bda8a8d8f31f0d7b32ca6f19b945080	226	3	82949.2	110.134	82949.3	109.999	46862	27.074	unclassified	chr1	10349	46734	10312	46861	+	36626	36308	36098	241	77	210	1	0.779928	0.994216	0.985584	0
PBG64749_6b2c2a7a_f5b9d37a_11.pod5	1d212edf-ca3f-4be4-8a3e-7fe26429c0f1	f5b9d37a6bda8a8d8f31f0d7b32ca6f19b945080	989	4	8066.38	94.0458	8066.38	94.0438	41087	25.3586	unclassified	chr1	10463	41884	9564	41078	+	31631	31304	31048	210	117	256	14	0.767007	0.991822	0.981569	0
PBG64749_6b2c2a7a_f5b9d37a_47.pod5	551d4645-7a71-4d6b-a7ae-9decce4e27dc	f5b9d37a6bda8a8d8f31f0d7b32ca6f19b945080	1731	1	30774.3	166.611	30774.4	166.43	70198	29.2129	unclassified	chr1	10463	71029	9221	70191	+	61065	60471	60065	499	95	406	38	0.868543	0.993286	0.983624	0
PBG64749_6b2c2a7a_f5b9d37a_10.pod5	386dcf88-3d79-4f18-b519-006e7f541453	f5b9d37a6bda8a8d8f31f0d7b32ca6f19b945080	989	4	7946.88	119.491	7947.08	119.293	41108	27.2128	unclassified	chr1	10463	41884	9546	41108	-	31618	31365	31137	197	56	228	13	0.767782	0.992731	0.984787	0
PBG64749_6b2c2a7a_f5b9d37a_120.pod5	1895f6a5-a583-414b-b0ec-a1fa6aa3696a	f5b9d37a6bda8a8d8f31f0d7b32ca6f19b945080	1108	4	103375	131.143	103375	130.993	49312	25.0242	unclassified	chr1	10463	50327	9294	49312	-	40106	39776	39452	242	88	324	7	0.811527	0.991854	0.983693	0
PBG64749_6b2c2a7a_f5b9d37a_15.pod5	1dad4bbd-a82f-44bc-948b-c3d1456de12a	f5b9d37a6bda8a8d8f31f0d7b32ca6f19b945080	625	4	7522.26	151.78	7522.26	151.778	53389	16.9098	unclassified	chr1	10478	50715	9573	53389	+	43993	40060	39575	3756	177	485	1	0.820693	0.987893	0.899575	0
PBG64749_6b2c2a7a_f5b9d37a_139.pod5	69d162c9-c7d5-46b2-aac7-62cb14d6c237	f5b9d37a6bda8a8d8f31f0d7b32ca6f19b945080	2655	2	129624	126.297	129624	126.112	50723	26.6506	unclassified	chr1	10478	38472	8805	36827	+	28105	27911	27652	111	83	259	1	0.552452	0.990721	0.983882	0
PBG64749_6b2c2a7a_f5b9d37a_139.pod5	c5f73359-dcab-459d-91c0-f535aeec2ce4	f5b9d37a6bda8a8d8f31f0d7b32ca6f19b945080	2655	2	129750	156.387	129750	156.302	53287	15.1691	unclassified	chr1	10478	38472	11426	39407	-	28106	27869	27583	112	125	286	1	0.5251	0.989738	0.981392	0
PBG64749_6b2c2a7a_f5b9d37a_150.pod5	2a088624-5fd8-4f2a-b327-f3cb094b0163	f5b9d37a6bda8a8d8f31f0d7b32ca6f19b945080	149	1	159740	160.386	159741	160.255	60337	19.5105	unclassified	chr1	10498	64404	5022	58975	+	54010	53849	53747	104	57	102	60	0.894194	0.998106	0.995131	0
PBG64749_6b2c2a7a_f5b9d37a_156.pod5	de089ad5-07e1-4560-a18b-bbe7cd5d6122	f5b9d37a6bda8a8d8f31f0d7b32ca6f19b945080	1526	3	177125	195.51	177126	195.413	76415	19.7473	unclassified	chr1	10498	77510	9169	76415	+	67762	66496	65789	750	516	707	39	0.88001	0.989368	0.970883	0
PBG64749_6b2c2a7a_f5b9d37a_37.pod5	1c39456e-69b7-4e17-a0b1-72965af0cfbf	f5b9d37a6bda8a8d8f31f0d7b32ca6f19b945080	2217	4	26819.3	31.7336	26819.4	31.6272	12256	28.5554	unclassified	chr1	11949	24204	5	12256	-	12263	12243	12218	8	12	25	60	0.999592	0.997958	0.99633	0
PBG64749_6b2c2a7a_f5b9d37a_33.pod5	4e2dd709-bdbe-465b-9a7d-de67f49d151f	f5b9d37a6bda8a8d8f31f0d7b32ca6f19b945080	1943	3	23278.1	16.9256	23278.3	16.7724	6363	25.1914	unclassified	chr1	11988	18348	0	6356	+	6371	6345	6326	11	15	19	60	0.9989	0.997006	0.992937	0
PBG64749_6b2c2a7a_f5b9d37a_33.pod5	eb118a24-7c19-4316-a12e-efc7a7988657	f5b9d37a6bda8a8d8f31f0d7b32ca6f19b945080	1943	3	23295.1	14.5916	23295.2	14.4948	6360	25.4514	unclassified	chr1	11988	18348	10	6360	-	6365	6345	6330	5	15	15	60	0.998428	0.997636	0.994501	0
PBG64749_6b2c2a7a_f5b9d37a_94.pod5	077087fb-6084-4102-ad9d-20a804a62780	f5b9d37a6bda8a8d8f31f0d7b32ca6f19b945080	2616	3	84550.9	15.326	84551	15.192	5712	25.8221	unclassified	chr1	12985	18695	7	5712	-	5720	5695	5680	10	15	15	60	0.998775	0.997366	0.993007	0
PBG64749_6b2c2a7a_f5b9d37a_57.pod5	7f7d9d94-20a4-446c-a3ba-8e1490daab9b	f5b9d37a6bda8a8d8f31f0d7b32ca6f19b945080	1217	3	43745.1	24.1112	43745.3	23.9928	8942	20.8987	unclassified	chr1	13494	22420	8	8942	-	8977	8883	8767	51	43	116	50	0.999105	0.986941	0.976607	0
PBG64749_6b2c2a7a_f5b9d37a_27.pod5	55e84a35-b536-4940-82cb-aff590a9824b	f5b9d37a6bda8a8d8f31f0d7b32ca6f19b945080	2124	1	18706.4	74.6972	18706.5	74.5848	29646	27.7526	unclassified	chr1	13541	43191	0	29646	-	29681	29615	29547	31	35	68	60	1	0.997704	0.995485	0
PBG64749_6b2c2a7a_f5b9d37a_58.pod5	f0a08e3a-be8c-4bc3-afac-42a4616a385c	f5b9d37a6bda8a8d8f31f0d7b32ca6f19b945080	1338	3	44905	24.7568	44905.1	24.6744	9269	26.482	unclassified	chr1	13603	22862	7	9269	-	9274	9247	9199	15	12	48	60	0.999245	0.994809	0.991913	0
PBG64749_6b2c2a7a_f5b9d37a_57.pod5	05cb85ef-03c1-4416-a03a-f1435038b396	f5b9d37a6bda8a8d8f31f0d7b32ca6f19b945080	2189	2	43546.5	1.3004	43546.7	1.1628	622	25.0085	unclassified	chr1	13820	14443	0	622	-	623	622	619	0	1	3	0	1	0.995177	0.993579	0
PBG64749_6b2c2a7a_f5b9d37a_101.pod5	728ba8dc-7121-46ea-9f7d-4d4940252873	f5b9d37a6bda8a8d8f31f0d7b32ca6f19b945080	1816	4	89646.6	15.9272	89646.8	15.7704	6680	18.6896	unclassified	chr1	14045	20711	5	6678	-	6709	6630	6558	43	36	72	34	0.998952	0.98914	0.977493	0
PBG64749_6b2c2a7a_f5b9d37a_142.pod5	594589e8-7911-40cc-95ff-31d8e2dff448	f5b9d37a6bda8a8d8f31f0d7b32ca6f19b945080	1489	4	141860	5.9372	141860	5.8116	2463	16.8855	unclassified	chr1	14545	17012	5	2463	-	2486	2439	2408	19	28	31	60	0.99797	0.98729	0.968624	0
PBG64749_6b2c2a7a_f5b9d37a_123.pod5	5d2ecb9a-893d-4cbf-90da-5ba73e48cb5c	f5b9d37a6bda8a8d8f31f0d7b32ca6f19b945080	190	2	112485	26.4786	112485	26.4766	9189	12.5772	unclassified	chr1	14547	23757	8	9148	-	9378	8972	8685	168	238	287	34	0.994668	0.968012	0.926104	0
PBG64749_6b2c2a7a_f5b9d37a_27.pod5	9ac7aea5-2003-4347-89d3-3a0aa29568c7	f5b9d37a6bda8a8d8f31f0d7b32ca6f19b945080	2902	2	18910.2	1.1312	18910.4	0.9552	384	30.7615	unclassified	chr1	14652	15031	0	378	+	379	378	378	0	1	0	15	0.984375	1	0.997361	0
PBG64749_6b2c2a7a_f5b9d37a_3.pod5	abb26901-3538-4b43-8145-3b3c323a97ce	f5b9d37a6bda8a8d8f31f0d7b32ca6f19b945080	554	4	2889.43	29.156	2889.57	29.016	11121	18.3831	unclassified	chr1	14777	25927	0	11112	+	11205	11057	10967	55	93	90	60	0.999191	0.99186	0.978759	0
PBG64749_6b2c2a7a_f5b9d37a_101.pod5	1b09e51e-265d-4e2e-82bf-b79522844bb2	f5b9d37a6bda8a8d8f31f0d7b32ca6f19b945080	2272	2	89595.5	0.782	89595.6	0.6636	254	18.1571	unclassified	chr1	14950	15192	0	242	+	242	242	242	0	0	0	0	0.952756	1	1	0
PBG64749_6b2c2a7a_f5b9d37a_121.pod5	a781d647-4837-4025-99e7-491c5605be71	f5b9d37a6bda8a8d8f31f0d7b32ca6f19b945080	1429	3	109013	21.4796	109013	21.3852	7960	27.3978	unclassified	chr1	15056	23007	0	7953	+	7958	7946	7907	7	5	39	48	0.999121	0.995092	0.993591	0
PBG64749_6b2c2a7a_f5b9d37a_118.pod5	6d7df5d7-0eda-45b6-b47a-184f00ec581e	f5b9d37a6bda8a8d8f31f0d7b32ca6f19b945080	1284	4	106878	1.0328	106878	1.0308	416	28.8503	unclassified	chr1	15082	15450	37	405	+	368	368	365	0	0	3	0	0.884615	0.991848	0.991848	0
PBG64749_6b2c2a7a_f5b9d37a_13.pod5	a89b6c0a-8c46-4429-84df-6b71b7b3d72d	f5b9d37a6bda8a8d8f31f0d7b32ca6f19b945080	2579	1	10035.1	7.8944	10035.2	7.7616	2954	25.6652	unclassified	chr1	15203	18146	0	2950	+	2951	2942	2938	8	1	4	60	0.998646	0.99864	0.995595	0
PBG64749_6b2c2a7a_f5b9d37a_13.pod5	3aeb8de8-4048-4d9a-acd9-b6f31edb6ff4	f5b9d37a6bda8a8d8f31f0d7b32ca6f19b945080	2579	1	10043	7.0256	10043.1	6.9156	2942	22.2502	unclassified	chr1	15208	18143	15	2942	-	2940	2922	2917	5	13	5	60	0.994901	0.998289	0.992177	0
PBG64749_6b2c2a7a_f5b9d37a_29.pod5	3c23e1f0-2b76-4b10-90ed-dd94f7cfa786	f5b9d37a6bda8a8d8f31f0d7b32ca6f19b945080	2533	4	20555.8	12.1364	20555.8	12.1344	3100	9.45089	unclassified	chr1	15229	18132	42	2855	+	2993	2723	2555	90	180	168	56	0.907419	0.938303	0.853659	0
PBG64749_6b2c2a7a_f5b9d37a_64.pod5	7220caf4-87bb-4660-95eb-ea010af63270	f5b9d37a6bda8a8d8f31f0d7b32ca6f19b945080	2355	2	49848.3	11.5004	49848.5	11.3484	3993	27.0198	unclassified	chr1	15612	19596	9	3993	-	3986	3982	3962	2	2	20	15	0.997746	0.994977	0.993979	0
PBG64749_6b2c2a7a_f5b9d37a_133.pod5	73f85542-a9e6-4bf7-9d9a-56fbb145ae87	f5b9d37a6bda8a8d8f31f0d7b32ca6f19b945080	1125	2	125884	9.909	125884	9.907	2590	16.6093	unclassified	chr1	15954	18533	6	2559	-	2593	2539	2512	14	40	27	60	0.985714	0.989366	0.968762	0
PBG64749_6b2c2a7a_f5b9d37a_23.pod5	933af6e7-b251-4689-99e8-6791c0dec34b	f5b9d37a6bda8a8d8f31f0d7b32ca6f19b945080	2456	1	16364.1	2.05	16364.1	2.048	866	26.0142	unclassified	chr1	15959	16784	12	836	-	826	823	818	1	2	5	0	0.951501	0.993925	0.990315	0
PBG64749_6b2c2a7a_f5b9d37a_28.pod5	da8358cf-3b95-4345-a1de-e3f8f7f8b69c	f5b9d37a6bda8a8d8f31f0d7b32ca6f19b945080	2600	4	19797.6	28.5536	19797.7	28.4208	10837	23.6234	unclassified	chr1	16049	26899	9	10837	-	10867	10811	10769	17	39	42	57	0.99917	0.996115	0.990982	0
PBG64749_6b2c2a7a_f5b9d37a_34.pod5	fa1456f8-0afd-477a-a038-3cbe396886cd	f5b9d37a6bda8a8d8f31f0d7b32ca6f19b945080	2935	3	24321.4	0.9512	24321.6	0.8184	322	19.0097	unclassified	chr1	16182	16495	0	315	+	315	313	311	2	0	2	13	0.978261	0.99361	0.987302	0
PBG64749_6b2c2a7a_f5b9d37a_34.pod5	532c03cf-17d1-4c1b-95cf-4bec27214f43	f5b9d37a6bda8a8d8f31f0d7b32ca6f19b945080	2935	3	24320.2	0.9704	24320.3	0.8652	327	21.2557	unclassified	chr1	16182	16496	13	327	-	314	314	312	0	0	2	13	0.960245	0.993631	0.993631	0
PBG64749_6b2c2a7a_f5b9d37a_79.pod5	56d957b1-3501-4799-b3d4-daf8a6c5ef47	f5b9d37a6bda8a8d8f31f0d7b32ca6f19b945080	595	2	69012.3	39.9786	69012.3	39.9766	13785	8.08455	unclassified	chr1	16209	26348	13	10154	+	10157	10123	10080	18	16	43	9	0.735655	0.995752	0.992419	0
PBG64749_6b2c2a7a_f5b9d37a_65.pod5	e2a7a996-f08c-4949-bae7-a0518bdd51ab	f5b9d37a6bda8a8d8f31f0d7b32ca6f19b945080	1947	4	50962.7	14.0108	50962.8	13.8564	5394	26.5599	unclassified	chr1	16572	21948	0	5381	+	5386	5371	5323	10	5	48	39	0.99759	0.991063	0.988303	0
PBG64749_6b2c2a7a_f5b9d37a_86.pod5	0a78327e-e513-4f3d-b963-4c0a9b70bf99	f5b9d37a6bda8a8d8f31f0d7b32ca6f19b945080	2751	3	77328.1	4.8584	77328.2	4.74	1960	26.5523	unclassified	chr1	16597	18561	1	1960	-	1966	1957	1952	2	7	5	59	0.99949	0.997445	0.992879	0
PBG64749_6b2c2a7a_f5b9d37a_155.pod5	706ea448-73e8-4fae-ba71-b32d2f03a9aa	f5b9d37a6bda8a8d8f31f0d7b32ca6f19b945080	2301	2	184464	3.0744	184464	3.0724	1280	25.6921	unclassified	chr1	16930	18216	0	1280	+	1286	1280	1277	0	6	3	60	1	0.997656	0.993002	0
PBG64749_6b2c2a7a_f5b9d37a_102.pod5	f53906cf-a01e-4f9b-a4bd-d09e2a9eb724	f5b9d37a6bda8a8d8f31f0d7b32ca6f19b945080	1854	1	90815.5	1.8282	90815.5	1.8262	730	19.2852	unclassified	chr1	17277	17968	31	717	+	692	685	682	1	6	3	60	0.939726	0.99562	0.985549	0
PBG64749_6b2c2a7a_f5b9d37a_36.pod5	b06233f9-736c-4536-889e-b894e083256c	f5b9d37a6bda8a8d8f31f0d7b32ca6f19b945080	2088	4	26260.1	12.2744	26260.2	12.1848	5043	29.1948	unclassified	chr1	17957	22998	4	5043	-	5042	5038	5027	1	3	11	7	0.999207	0.997817	0.997025	0
PBG64749_6b2c2a7a_f5b9d37a_142.pod5	3c300ad9-cb4e-49c0-9068-98936e4f1acb	f5b9d37a6bda8a8d8f31f0d7b32ca6f19b945080	1447	4	141449	8.0508	141449	8.0488	3699	21.7523	unclassified	chr1	18304	21997	6	3699	-	3705	3681	3662	12	12	19	45	0.998378	0.994838	0.988394	0
PBG64749_6b2c2a7a_f5b9d37a_19.pod5	ec711b18-ef3a-4b1e-ae07-58b0de1636b8	f5b9d37a6bda8a8d8f31f0d7b32ca6f19b945080	429	4	13556.6	9.176	13556.8	9.0048	3558	29.0804	unclassified	chr1	18385	21937	6	3558	-	3555	3549	3503	3	3	46	8	0.998314	0.987039	0.985373	0
PBG64749_6b2c2a7a_f5b9d37a_106.pod5	6134a4a8-d4a2-4d47-92c2-4f29b35af605	f5b9d37a6bda8a8d8f31f0d7b32ca6f19b945080	875	1	94980	12.424	94980	12.422	5631	9.95709	unclassified	chr1	18955	24626	33	5625	+	5820	5443	5086	149	228	357	1	0.993074	0.934411	0.873883	0
PBG64749_6b2c2a7a_f5b9d37a_106.pod5	1cfdb41b-0833-464b-8f4f-e7aa2c5098dc	f5b9d37a6bda8a8d8f31f0d7b32ca6f19b945080	875	1	94965.2	14.7404	94965.2	14.7384	5616	10.5164	unclassified	chr1	18955	24620	7	5580	-	5788	5450	5129	123	215	321	1	0.992343	0.941101	0.886144	0
PBG64749_6b2c2a7a_f5b9d37a_102.pod5	a1ae14aa-df8c-4df8-8a4a-1b169a3955ca	f5b9d37a6bda8a8d8f31f0d7b32ca6f19b945080	2422	2	90541.7	13.724	90541.8	13.596	4891	27.9682	unclassified	chr1	19136	24029	7	4891	-	4896	4881	4866	3	12	15	26	0.998569	0.996927	0.993873	0
PBG64749_6b2c2a7a_f5b9d37a_60.pod5	50333d64-fc46-47ed-9999-fc7ebbf27aca	f5b9d37a6bda8a8d8f31f0d7b32ca6f19b945080	386	4	47528.6	3.744	47528.6	3.742	1429	33.7584	unclassified	chr1	19442	20831	7	1397	-	1391	1388	1376	2	1	12	47	0.972708	0.991354	0.989216	0
PBG64749_6b2c2a7a_f5b9d37a_135.pod5	9ff577ab-46c9-486e-bb1d-d21943005f42	f5b9d37a6bda8a8d8f31f0d7b32ca6f19b945080	558	1	130000	5.3908	130000	5.3888	2281	18.6627	unclassified	chr1	19717	21955	11	2245	-	2250	2222	2209	12	16	13	60	0.979395	0.994149	0.981778	0
PBG64749_6b2c2a7a_f5b9d37a_95.pod5	c280d8bf-14a4-40e7-9bec-06bb43b05556	f5b9d37a6bda8a8d8f31f0d7b32ca6f19b945080	949	3	84676.3	5.9528	84676.3	5.9508	2704	20.7157	unclassified	chr1	19838	22517	22	2700	+	2690	2667	2631	11	12	36	38	0.990385	0.986502	0.978067	0
PBG64749_6b2c2a7a_f5b9d37a_95.pod5	2364ac99-65f1-479b-8c28-5bb919753fbd	f5b9d37a6bda8a8d8f31f0d7b32ca6f19b945080	949	3	84669.6	6.608	84669.7	6.5016	2669	14.7812	unclassified	chr1	19839	22514	5	2669	-	2697	2642	2581	22	33	61	25	0.998127	0.976911	0.956989	0
PBG64749_6b2c2a7a_f5b9d37a_144.pod5	23614555-df42-4a87-8847-c4df1a9fe7e1	f5b9d37a6bda8a8d8f31f0d7b32ca6f19b945080	476	3	147430	5.894	147430	5.7612	2289	26.4065	unclassified	chr1	19868	22151	10	2289	-	2284	2278	2266	1	5	12	15	0.995631	0.994732	0.992119	0
PBG64749_6b2c2a7a_f5b9d37a_55.pod5	3d38f4e3-f678-4cde-9433-d3f6c7a772a5	f5b9d37a6bda8a8d8f31f0d7b32ca6f19b945080	1203	4	42192.5	5.6156	42192.6	5.5368	2105	28.0476	unclassified	chr1	20478	22573	0	2097	+	2099	2093	2087	4	2	6	4	0.9962	0.997133	0.994283	0
PBG64749_6b2c2a7a_f5b9d37a_55.pod5	9ba0760c-b27f-43f6-a8e2-a8b77003d34e	f5b9d37a6bda8a8d8f31f0d7b32ca6f19b945080	1203	4	42198.1	7.1864	42198.3	7.0512	2107	24.5717	unclassified	chr1	20480	22573	10	2107	-	2098	2092	2084	5	1	8	4	0.995254	0.996176	0.993327	0
PBG64749_6b2c2a7a_f5b9d37a_143.pod5	07a4da85-8261-4c2b-8f79-f002097efc73	f5b9d37a6bda8a8d8f31f0d7b32ca6f19b945080	1162	1	145275	0.2784	145275	0.2764	104	14.3931	unclassified	chr1	20720	20820	0	100	+	100	100	100	0	0	0	0	0.961538	1	1	0
PBG64749_6b2c2a7a_f5b9d37a_143.pod5	0677a7a1-8bcd-4863-b945-c53eb49efe62	f5b9d37a6bda8a8d8f31f0d7b32ca6f19b945080	339	3	144803	24.5456	144803	24.4536	11005	23.9541	unclassified	chr1	20860	31879	5	11005	-	11035	10984	10929	16	35	55	5	0.999546	0.994993	0.990394	0
PBG64749_6b2c2a7a_f5b9d37a_11.pod5	8abffdf2-2996-4101-9e36-aabf783ef47e	f5b9d37a6bda8a8d8f31f0d7b32ca6f19b945080	888	1	8527.98	7.682	8528.09	7.5684	1794	27.8937	unclassified	chr1	21677	23462	0	1788	+	1789	1784	1779	4	1	5	23	0.996656	0.997197	0.99441	0
PBG64749_6b2c2a7a_f5b9d37a_123.pod5	274758df-fab2-4f8b-8575-83bdedca9d8e	f5b9d37a6bda8a8d8f31f0d7b32ca6f19b945080	1455	3	111961	1.1636	111961	1.0332	496	27.0612	unclassified	chr1	22226	22692	6	471	-	466	465	461	0	1	4	0	0.9375	0.991398	0.98927	0
PBG64749_6b2c2a7a_f5b9d37a_102.pod5	41453bbc-d000-4c3d-8ea7-d0e7bef3968e	f5b9d37a6bda8a8d8f31f0d7b32ca6f19b945080	803	2	90442.6	7.7602	90442.6	7.7582	3089	10.9938	unclassified	chr1	22543	25602	6	3043	-	3131	2965	2788	72	94	177	12	0.983166	0.940304	0.89045	0
PBG64749_6b2c2a7a_f5b9d37a_136.pod5	ec337db1-5a6c-43f2-913c-84374840a4c9	f5b9d37a6bda8a8d8f31f0d7b32ca6f19b945080	1279	2	130400	13.1108	130400	12.9924	5459	30.0104	unclassified	chr1	23087	28536	0	5449	+	5451	5447	5405	2	2	42	0	0.998168	0.992289	0.991561	0
PBG64749_6b2c2a7a_f5b9d37a_138.pod5	48adf2a4-9450-412f-805c-108d3dc7fb5e	f5b9d37a6bda8a8d8f31f0d7b32ca6f19b945080	1034	3	136421	0.3788	136421	0.2484	100	18.5664	unclassified	chr1	23247	23346	0	99	+	99	99	99	0	0	0	0	0.99	1	1	0
PBG64749_6b2c2a7a_f5b9d37a_91.pod5	bd4fe008-4c24-454f-928f-52fbe3854569	f5b9d37a6bda8a8d8f31f0d7b32ca6f19b945080	629	4	80980.7	26.8856	80980.8	26.7816	11235	27.0835	unclassified	chr1	23385	34641	0	11235	-	11270	11221	11135	14	35	86	1	1	0.992336	0.988021	0
PBG64749_6b2c2a7a_f5b9d37a_58.pod5	02881658-90ee-4ef7-836e-62fa34d4fb65	f5b9d37a6bda8a8d8f31f0d7b32ca6f19b945080	1833	4	45253.3	9.4776	45253.3	9.4756	3369	28.6822	unclassified	chr1	23710	27027	9	3330	-	3322	3316	3294	5	1	22	0	0.985752	0.993366	0.991571	0
PBG64749_6b2c2a7a_f5b9d37a_143.pod5	ec052b97-3c09-46d7-b454-3556cc1da3d9	f5b9d37a6bda8a8d8f31f0d7b32ca6f19b945080	1162	1	145283	0.25	145283	0.248	101	13.3884	unclassified	chr1	23759	23852	0	93	+	93	93	93	0	0	0	0	0.920792	1	1	0
PBG64749_6b2c2a7a_f5b9d37a_152.pod5	33d3ca72-cb49-4449-a18a-fedcca5d6baf	f5b9d37a6bda8a8d8f31f0d7b32ca6f19b945080	2729	2	175009	17.552	175009	17.3376	5265	33.219	unclassified	chr1	23933	29196	0	5265	-	5267	5261	5219	4	2	42	0	1	0.992017	0.990887	0
PBG64749_6b2c2a7a_f5b9d37a_142.pod5	e33264dd-184a-46aa-bfcd-58c87699b822	f5b9d37a6bda8a8d8f31f0d7b32ca6f19b945080	1447	4	141423	21.0488	141424	20.496	8729	26.5219	unclassified	chr1	24037	32779	0	8729	-	8746	8725	8691	4	17	34	7	1	0.996103	0.993711	0
PBG64749_6b2c2a7a_f5b9d37a_103.pod5	bcd57448-2ce8-41fb-9bf7-106fdf2007a9	f5b9d37a6bda8a8d8f31f0d7b32ca6f19b945080	2417	2	91782.6	10.946	91782.8	10.8108	4158	28.3259	unclassified	chr1	24388	28529	18	4158	-	4143	4138	4137	2	3	1	0	0.995671	0.999758	0.998552	0
PBG64749_6b2c2a7a_f5b9d37a_153.pod5	f0f8ccfb-0570-4864-bf53-947555e195d7	f5b9d37a6bda8a8d8f31f0d7b32ca6f19b945080	927	2	179117	1.8654	179117	1.8634	666	29.7868	unclassified	chr1	24466	25084	37	655	+	618	618	618	0	0	0	32	0.927928	1	1	0
PBG64749_6b2c2a7a_f5b9d37a_49.pod5	7362f02f-a2a0-4ab7-8fec-ea5023d1e6d3	f5b9d37a6bda8a8d8f31f0d7b32ca6f19b945080	619	1	35812.3	13.4732	35812.4	13.3116	5542	31.2098	unclassified	chr1	24548	30081	0	5535	+	5536	5532	5493	3	1	39	7	0.998737	0.99295	0.992233	0
PBG64749_6b2c2a7a_f5b9d37a_48.pod5	4d229884-899b-494b-8128-71481c8e4804	f5b9d37a6bda8a8d8f31f0d7b32ca6f19b945080	1011	2	34340	7.592	34340.1	7.4856	3035	29.542	unclassified	chr1	25916	28941	0	3027	+	3030	3022	3001	5	3	21	0	0.997364	0.993051	0.990429	0
PBG64749_6b2c2a7a_f5b9d37a_157.pod5	baf74fac-f4c1-488d-83eb-14de5bce4bba	f5b9d37a6bda8a8d8f31f0d7b32ca6f19b945080	2559	3	193916	77.2316	193916	77.1252	30894	28.4939	unclassified	chr1	27730	58623	0	30888	+	30929	30852	30797	36	41	55	60	0.999806	0.998217	0.995732	0
PBG64749_6b2c2a7a_f5b9d37a_157.pod5	bef6faa9-5de2-4ba0-ba77-58189fc8e7e5	f5b9d37a6bda8a8d8f31f0d7b32ca6f19b945080	2559	3	193994	72.356	193994	72.2952	30897	25.5962	unclassified	chr1	27730	58622	7	30897	-	30953	30829	30768	61	63	61	60	0.999773	0.998021	0.994023	0
PBG64749_6b2c2a7a_f5b9d37a_168.pod5	2d17bdc4-92a7-40ef-8363-9c8d0278aaa7	f5b9d37a6bda8a8d8f31f0d7b32ca6f19b945080	690	3	230654	0.6618	230654	0.6598	273	20.3138	unclassified	chr1	27943	28197	14	268	-	254	254	253	0	0	1	0	0.930403	0.996063	0.996063	0
PBG64749_6b2c2a7a_f5b9d37a_151.pod5	7ed57cca-ff33-4aa1-a23c-0d80728b8397	f5b9d37a6bda8a8d8f31f0d7b32ca6f19b945080	2160	3	170799	0.2098	170799	0.2078	93	20.5543	unclassified	chr1	28774	28866	0	92	+	92	92	92	0	0	0	0	0.989247	1	1	0
PBG64749_6b2c2a7a_f5b9d37a_171.pod5	fdb30efa-49e8-4669-8630-fb5e21c24a63	f5b9d37a6bda8a8d8f31f0d7b32ca6f19b945080	2344	2	244324	17.1704	244324	17.034	6882	22.9613	unclassified	chr1	29415	36311	4	6882	-	6906	6868	6848	10	28	20	1	0.999419	0.997088	0.991602	0
PBG64749_6b2c2a7a_f5b9d37a_80.pod5	77f9ed03-dab2-42b6-bc50-8b2301ff5f9f	f5b9d37a6bda8a8d8f31f0d7b32ca6f19b945080	14	2	70724.7	53.408	70724.9	53.2296	19161	26.7838	unclassified	chr1	29678	48843	0	19156	+	19186	19135	19101	21	30	34	15	0.999739	0.998223	0.99557	0
PBG64749_6b2c2a7a_f5b9d37a_80.pod5	6e2edbb4-1828-4203-b88e-a1964c023685	f5b9d37a6bda8a8d8f31f0d7b32ca6f19b945080	14	2	70778.1	59.024	70778.3	58.8768	19169	27.595	unclassified	chr1	29678	48842	7	19169	-	19190	19136	19109	26	28	27	14	0.999635	0.998589	0.995779	0
PBG64749_6b2c2a7a_f5b9d37a_50.pod5	8c5e0187-536a-44a3-9938-d46251142da3	f5b9d37a6bda8a8d8f31f0d7b32ca6f19b945080	564	3	36520.8	1.586	36521	1.4148	480	33.1514	unclassified	chr1	29845	30305	0	469	+	469	460	452	9	0	8	0	0.977083	0.982609	0.963753	0
PBG64749_6b2c2a7a_f5b9d37a_143.pod5	cae236ec-5f8b-4763-a8fd-982da5bbf9aa	f5b9d37a6bda8a8d8f31f0d7b32ca6f19b945080	1162	1	145300	0.6612	145300	0.6592	271	26.8835	unclassified	chr1	30174	30444	0	270	+	270	270	270	0	0	0	0	0.99631	1	1	0
PBG64749_6b2c2a7a_f5b9d37a_168.pod5	7fa75e50-fa8c-493b-ad08-e0c04a7ec7dc	f5b9d37a6bda8a8d8f31f0d7b32ca6f19b945080	690	3	230649	0.5046	230649	0.5026	197	24.9469	unclassified	chr1	30424	30621	0	197	-	197	197	195	0	0	2	0	1	0.989848	0.989848	0
PBG64749_6b2c2a7a_f5b9d37a_143.pod5	d76cdba0-1ecf-4f2e-8051-885f831091fb	f5b9d37a6bda8a8d8f31f0d7b32ca6f19b945080	1162	1	145302	0.3928	145302	0.3908	174	19.0965	unclassified	chr1	30810	30980	0	170	+	170	170	169	0	0	1	1	0.977012	0.994118	0.994118	0
PBG64749_6b2c2a7a_f5b9d37a_49.pod5	1379835b-b436-4817-bc01-340969385812	f5b9d37a6bda8a8d8f31f0d7b32ca6f19b945080	1957	3	35364.9	52.1288	35365	52.0044	16748	23.6144	unclassified	chr1	31396	48086	6	16748	-	16763	16669	16641	73	21	28	12	0.999642	0.99832	0.992722	0
PBG64749_6b2c2a7a_f5b9d37a_168.pod5	834947ae-b54d-424b-ad53-babae058a0bd	f5b9d37a6bda8a8d8f31f0d7b32ca6f19b945080	690	3	230645	0.4488	230645	0.4468	210	16.3234	unclassified	chr1	32164	32373	3	210	-	209	207	206	0	2	1	0	0.985714	0.995169	0.985646	0
PBG64749_6b2c2a7a_f5b9d37a_85.pod5	72e0b4a4-9b91-4410-8b8d-7e5791516628	f5b9d37a6bda8a8d8f31f0d7b32ca6f19b945080	1717	4	75778.3	0.3836	75778.4	0.2592	112	20.0256	unclassified	chr1	32639	32739	12	112	-	100	100	100	0	0	0	0	0.892857	1	1	0
PBG64749_6b2c2a7a_f5b9d37a_60.pod5	4e9b1c67-9b9d-4e01-9f1d-a61e3ccbbecd	f5b9d37a6bda8a8d8f31f0d7b32ca6f19b945080	1923	3	47162.5	0.6044	47162.6	0.5028	215	27.8926	unclassified	chr1	32957	33163	9	215	-	206	206	203	0	0	3	0	0.95814	0.985437	0.985437	0
PBG64749_6b2c2a7a_f5b9d37a_168.pod5	8d7491c5-a510-410d-8965-e1b142d6ae33	f5b9d37a6bda8a8d8f31f0d7b32ca6f19b945080	690	3	230643	0.2986	230643	0.2966	127	15.3909	unclassified	chr1	33137	33259	5	127	-	122	122	122	0	0	0	0	0.96063	1	1	0
PBG64749_6b2c2a7a_f5b9d37a_168.pod5	95a537c8-a448-47b1-9c7b-3eb0cd23c461	f5b9d37a6bda8a8d8f31f0d7b32ca6f19b945080	690	3	230642	0.2984	230642	0.2316	106	13.0926	unclassified	chr1	33263	33370	0	106	-	107	106	104	0	1	2	0	1	0.981132	0.971963	0
PBG64749_6b2c2a7a_f5b9d37a_55.pod5	5a67acf3-3df3-4e59-b397-e9ac01b0ad54	f5b9d37a6bda8a8d8f31f0d7b32ca6f19b945080	1016	1	42313.6	1.4648	42313.7	1.3848	514	28.7432	unclassified	chr1	33419	33920	0	500	+	501	500	500	0	1	0	0	0.972763	1	0.998004	0
PBG64749_6b2c2a7a_f5b9d37a_18.pod5	e650ed75-d17e-45c1-88a7-dc1cffa096d0	f5b9d37a6bda8a8d8f31f0d7b32ca6f19b945080	836	3	12499.5	6.5732	12499.7	6.4404	2489	28.964	unclassified	chr1	34010	36494	0	2482	+	2484	2482	2478	0	2	4	0	0.997188	0.998388	0.997585	0
PBG64749_6b2c2a7a_f5b9d37a_45.pod5	0b0d4d80-a684-4b3b-88df-58a5cb865c02	f5b9d37a6bda8a8d8f31f0d7b32ca6f19b945080	2675	2	33105.8	13.1552	33105.9	13.0572	4124	31.2877	unclassified	chr1	34044	36833	1338	4118	+	2791	2778	2706	2	11	72	0	0.674103	0.974082	0.969545	0
PBG64749_6b2c2a7a_f5b9d37a_140.pod5	cffe10f4-ded5-471a-8394-ae582dfd68a9	f5b9d37a6bda8a8d8f31f0d7b32ca6f19b945080	1022	1	136964	4.8884	136964	4.6788	2104	26.1739	unclassified	chr1	34044	35141	437	1532	+	1099	1093	1073	2	4	20	0	0.520437	0.981702	0.976342	0
PBG64749_6b2c2a7a_f5b9d37a_88.pod5	6c11648a-e868-4acc-8b5d-4e0c074f5811	f5b9d37a6bda8a8d8f31f0d7b32ca6f19b945080	664	3	78762.7	7.4072	78762.8	7.2936	2841	34.5902	unclassified	chr1	34044	35141	1550	2648	-	1099	1096	1077	2	1	19	0	0.386484	0.982664	0.979982	0
PBG64749_6b2c2a7a_f5b9d37a_2.pod5	51598737-f1e2-4d2d-b45f-48aba46d7c7d	f5b9d37a6bda8a8d8f31f0d7b32ca6f19b945080	327	2	2419.1	1.0784	2419.22	0.9576	287	28.7378	unclassified	chr1	34953	35232	0	279	+	279	279	279	0	0	0	0	0.972125	1	1	0
PBG64749_6b2c2a7a_f5b9d37a_25.pod5	9db2f59a-c371-41f6-a851-0288219797b3	f5b9d37a6bda8a8d8f31f0d7b32ca6f19b945080	712	4	17516.8	6.9728	17516.9	6.8664	2656	24.861	unclassified	chr1	35148	37594	94	2541	+	2452	2441	2436	6	5	5	0	0.92131	0.997952	0.993475	0
PBG64749_6b2c2a7a_f5b9d37a_91.pod5	6bdcae13-1358-4a15-bdb1-e4af66783a23	f5b9d37a6bda8a8d8f31f0d7b32ca6f19b945080	2114	1	81917.9	1.598	81918	1.4796	644	25.578	unclassified	chr1	35619	36259	10	644	-	640	634	634	0	6	0	0	0.984472	1	0.990625	0
PBG64749_6b2c2a7a_f5b9d37a_1.pod5	accfe3e4-74e7-4187-8e67-bcc316ec6a9f	f5b9d37a6bda8a8d8f31f0d7b32ca6f19b945080	2025	1	1688.33	6.218	1688.44	6.1152	2458	27.4564	unclassified	chr1	35777	38228	0	2453	+	2454	2450	2448	3	1	2	0	0.997966	0.999184	0.997555	0
PBG64749_6b2c2a7a_f5b9d37a_29.pod5	99fc6fd4-dc44-447c-b5d5-a60014469ca6	f5b9d37a6bda8a8d8f31f0d7b32ca6f19b945080	419	2	20506.9	3.6668	20507	3.5424	1548	30.6146	unclassified	chr1	35798	37341	7	1548	-	1545	1539	1537	2	4	2	0	0.995478	0.9987	0.994822	0
PBG64749_6b2c2a7a_f5b9d37a_143.pod5	ffb16365-8161-46a1-a706-8d2a83529784	f5b9d37a6bda8a8d8f31f0d7b32ca6f19b945080	1162	1	145316	0.7994	145316	0.7974	301	30.261	unclassified	chr1	35944	36245	0	301	+	301	301	300	0	0	1	0	1	0.996678	0.996678	0
PBG64749_6b2c2a7a_f5b9d37a_0.pod5	da954dab-7280-4c8b-ab5c-27837c704116	f5b9d37a6bda8a8d8f31f0d7b32ca6f19b945080	684	1	616.538	2.1944	616.68	2.052	879	25.0824	unclassified	chr1	36289	37159	9	879	-	871	869	869	1	1	0	0	0.989761	1	0.997704	0
PBG64749_6b2c2a7a_f5b9d37a_143.pod5	74767917-a53d-4079-baa9-015c2e430070	f5b9d37a6bda8a8d8f31f0d7b32ca6f19b945080	1162	1	145318	0.269	145318	0.267	93	25.6396	unclassified	chr1	36617	36708	1	92	+	91	91	91	0	0	0	0	0.978495	1	1	0
PBG64749_6b2c2a7a_f5b9d37a_18.pod5	510cca85-9b53-4b19-b880-1b78035fac46	f5b9d37a6bda8a8d8f31f0d7b32ca6f19b945080	1155	4	12862.5	4.922	12862.7	4.7988	1989	28.6918	unclassified	chr1	37889	39865	8	1989	-	1981	1976	1970	5	0	6	0	0.995978	0.996964	0.994447	0
PBG64749_6b2c2a7a_f5b9d37a_143.pod5	947cc3e7-5574-402e-b0ad-9ab37786c4f6	f5b9d37a6bda8a8d8f31f0d7b32ca6f19b945080	1162	1	145322	0.3902	145322	0.3882	119	13.4507	unclassified	chr1	38315	38433	0	117	+	118	117	116	0	1	1	0	0.983193	0.991453	0.983051	0
PBG64749_6b2c2a7a_f5b9d37a_87.pod5	5118f154-7ef3-4682-b1b9-089620a5d72b	f5b9d37a6bda8a8d8f31f0d7b32ca6f19b945080	2581	1	77510.6	8.8736	77510.7	8.7408	3063	27.7999	unclassified	chr1	38454	41517	0	3063	+	3065	3061	3055	2	2	6	1	1	0.99804	0.996737	0
PBG64749_6b2c2a7a_f5b9d37a_114.pod5	fbe89e0d-2832-4d78-b881-7536f1980c75	f5b9d37a6bda8a8d8f31f0d7b32ca6f19b945080	403	3	102422	36.1916	102422	36.0684	14936	30.1709	unclassified	chr1	38840	53762	0	14936	+	14945	14913	14898	23	9	15	60	1	0.998994	0.996855	0
PBG64749_6b2c2a7a_f5b9d37a_136.pod5	40c8595d-77af-4ca0-9870-b0b17b18a5c8	f5b9d37a6bda8a8d8f31f0d7b32ca6f19b945080	230	2	132288	2.2974	132288	2.2954	878	31.476	unclassified	chr1	39153	39996	32	875	+	843	843	840	0	0	3	45	0.960137	0.996441	0.996441	0
PBG64749_6b2c2a7a_f5b9d37a_143.pod5	6a568e3f-1e75-46d7-ae6d-efc7ce6c71cf	f5b9d37a6bda8a8d8f31f0d7b32ca6f19b945080	1162	1	145325	0.2786	145325	0.2766	99	23.0689	unclassified	chr1	39286	39386	0	99	+	100	99	99	0	1	0	0	1	1	0.99	0
PBG64749_6b2c2a7a_f5b9d37a_60.pod5	14b56809-ac2a-43a2-9407-6a80ff82dbca	f5b9d37a6bda8a8d8f31f0d7b32ca6f19b945080	2545	3	46880.5	1.736	46880.6	1.5648	720	22.3284	unclassified	chr1	39336	40046	9	720	-	711	710	709	1	0	1	0	0.9875	0.998592	0.997187	0
PBG64749_6b2c2a7a_f5b9d37a_104.pod5	135af54f-8063-4692-bd42-17afae6ee18a	f5b9d37a6bda8a8d8f31f0d7b32ca6f19b945080	2221	4	93176	3.4724	93176.1	3.3492	1286	28.6202	unclassified	chr1	40205	41481	9	1286	-	1278	1275	1273	2	1	2	1	0.993002	0.998431	0.996088	0
PBG64749_6b2c2a7a_f5b9d37a_143.pod5	dc57cc5a-87d3-4252-b4e0-949605a1a2fb	f5b9d37a6bda8a8d8f31f0d7b32ca6f19b945080	1162	1	145332	0.2824	145332	0.2804	98	19.3369	unclassified	chr1	41874	41971	0	97	+	97	97	97	0	0	0	0	0.989796	1	1	0
PBG64749_6b2c2a7a_f5b9d37a_126.pod5	f9252ad8-e70f-4b70-96fd-12fbbc174256	f5b9d37a6bda8a8d8f31f0d7b32ca6f19b945080	2604	3	116703	82.7252	116703	82.5768	34054	29.854	unclassified	chr1	41981	76030	11	34053	-	34074	34017	33985	25	32	32	60	0.999648	0.999059	0.997388	0
PBG64749_6b2c2a7a_f5b9d37a_98.pod5	3785c7cc-df11-45d1-ab4b-c1a798c3e200	f5b9d37a6bda8a8d8f31f0d7b32ca6f19b945080	2806	3	87518.6	15.2504	87518.9	15.0408	4452	24.251	unclassified	chr1	42111	46568	0	4452	+	4459	4450	4442	2	7	8	0	1	0.998202	0.996188	0
PBG64749_6b2c2a7a_f5b9d37a_43.pod5	9c7ce759-9556-4aed-95bc-32aa3b0e3bc3	f5b9d37a6bda8a8d8f31f0d7b32ca6f19b945080	868	1	30900.5	0.7892	30900.6	0.6324	225	24.3394	unclassified	chr1	42209	42426	8	225	-	217	217	217	0	0	0	0	0.964444	1	1	0
PBG64749_6b2c2a7a_f5b9d37a_66.pod5	77bbf79d-c9ff-40c0-ba27-41504e16d9e6	f5b9d37a6bda8a8d8f31f0d7b32ca6f19b945080	2853	1	52911.9	1.9794	52911.9	1.9774	474	7.89362	unclassified	chr1	42584	43037	10	445	-	466	422	388	13	31	34	0	0.917722	0.919431	0.832618	0
PBG64749_6b2c2a7a_f5b9d37a_87.pod5	b1ac5a81-052f-4713-b8eb-345ff2a0413c	f5b9d37a6bda8a8d8f31f0d7b32ca6f19b945080	414	1	77914.8	5.5016	77914.9	5.3292	1826	36.4166	unclassified	chr1	42729	44557	0	1826	-	1828	1826	1826	0	2	0	0	1	1	0.998906	0
PBG64749_6b2c2a7a_f5b9d37a_143.pod5	2f58020a-72fd-4bba-ab0b-6243fd92a3ec	f5b9d37a6bda8a8d8f31f0d7b32ca6f19b945080	1162	1	145334	0.3632	145334	0.3612	143	18.6135	unclassified	chr1	42872	43012	0	140	+	140	140	140	0	0	0	0	0.979021	1	1	0
PBG64749_6b2c2a7a_f5b9d37a_114.pod5	57b0730b-0bd0-4283-bf9f-5485a6e3058c	f5b9d37a6bda8a8d8f31f0d7b32ca6f19b945080	1642	3	101990	6.0956	101990	5.9412	2097	28.8175	unclassified	chr1	42888	44977	0	2088	+	2089	2088	2086	0	1	2	0	0.995708	0.999042	0.998564	0
PBG64749_6b2c2a7a_f5b9d37a_128.pod5	790eeba5-d2b4-46e0-98c1-b97a3718fd9d	f5b9d37a6bda8a8d8f31f0d7b32ca6f19b945080	1852	2	119498	5.6412	119498	5.6392	2356	11.0826	unclassified	chr1	43056	45402	8	2323	-	2392	2269	2177	46	77	92	0	0.982598	0.959454	0.910117	0
PBG64749_6b2c2a7a_f5b9d37a_143.pod5	bf3f6185-07c4-406d-a900-b47857dc78f3	f5b9d37a6bda8a8d8f31f0d7b32ca6f19b945080	1162	1	145338	0.2802	145338	0.2782	110	16.0226	unclassified	chr1	44064	44172	0	108	+	108	108	108	0	0	0	0	0.981818	1	1	0
PBG64749_6b2c2a7a_f5b9d37a_85.pod5	4837cb79-e24f-4c49-816f-834a8185d7ce	f5b9d37a6bda8a8d8f31f0d7b32ca6f19b945080	2315	2	76065.3	18.5888	76065.5	18.4416	7788	29.9876	unclassified	chr1	44270	52047	8	7788	-	7786	7771	7764	9	6	7	60	0.998973	0.999099	0.997174	0
PBG64749_6b2c2a7a_f5b9d37a_96.pod5	056bc3fd-e3fc-4869-a74d-b29ebbdb1a11	f5b9d37a6bda8a8d8f31f0d7b32ca6f19b945080	1233	4	85834.8	0.8552	85834.9	0.7608	311	25.2168	unclassified	chr1	44936	45235	0	299	+	299	299	299	0	0	0	0	0.961415	1	1	0
PBG64749_6b2c2a7a_f5b9d37a_143.pod5	4aca3263-3a19-4d40-aa82-94d23e21aa5e	f5b9d37a6bda8a8d8f31f0d7b32ca6f19b945080	1162	1	145341	0.274	145341	0.272	97	9.60236	unclassified	chr1	45192	45286	0	94	+	94	94	94	0	0	0	0	0.969072	1	1	0
PBG64749_6b2c2a7a_f5b9d37a_143.pod5	7ed2ca60-25cd-4704-9c68-12496db3153b	f5b9d37a6bda8a8d8f31f0d7b32ca6f19b945080	1162	1	145341	0.2256	145341	0.2236	84	19.2875	unclassified	chr1	45379	45461	0	82	+	82	82	82	0	0	0	0	0.97619	1	1	0
PBG64749_6b2c2a7a_f5b9d37a_106.pod5	c0ab27b8-9383-427a-8010-0314c656c5b5	f5b9d37a6bda8a8d8f31f0d7b32ca6f19b945080	830	1	94624.8	32.3792	94624.9	32.2752	12154	10.1004	unclassified	chr1	45691	54817	3031	12115	-	9143	9067	9006	17	59	61	5	0.747408	0.993272	0.985016	0
PBG64749_6b2c2a7a_f5b9d37a_81.pod5	f08c3b78-bb46-48e4-8d5a-ceefe5b559c8	f5b9d37a6bda8a8d8f31f0d7b32ca6f19b945080	1576	2	72998.8	7.1624	72998.9	7.0932	3179	27.0343	unclassified	chr1	46551	49721	8	3179	-	3172	3169	3164	2	1	5	60	0.997483	0.998422	0.997478	0
PBG64749_6b2c2a7a_f5b9d37a_81.pod5	c6b6a77c-124e-498e-972e-47d7fd9573b5	f5b9d37a6bda8a8d8f31f0d7b32ca6f19b945080	1576	2	72990.8	7.7384	72990.9	7.6008	3176	33.0308	unclassified	chr1	46552	49721	0	3167	+	3170	3166	3163	1	3	3	60	0.997166	0.999052	0.997792	0
PBG64749_6b2c2a7a_f5b9d37a_54.pod5	63f49c46-54d9-4500-957d-89ed85169195	f5b9d37a6bda8a8d8f31f0d7b32ca6f19b945080	1037	3	40396.2	37.082	40396.3	36.9384	15480	30.4371	unclassified	chr1	46570	62055	0	15480	+	15496	15469	15452	11	16	17	60	1	0.998901	0.997161	0
PBG64749_6b2c2a7a_f5b9d37a_107.pod5	0bdee013-a516-4d00-a896-6f1c94aeb974	f5b9d37a6bda8a8d8f31f0d7b32ca6f19b945080	2460	1	95833	35.114	95833.2	34.9392	17379	26.3155	unclassified	chr1	47089	64467	0	17372	+	17397	17353	17323	19	25	30	60	0.999597	0.998271	0.995746	0
PBG64749_6b2c2a7a_f5b9d37a_109.pod5	b0232f27-4cf7-4782-9aad-db5411bf1103	f5b9d37a6bda8a8d8f31f0d7b32ca6f19b945080	2985	3	96879.1	10.0106	96879.1	10.0086	3443	21.3234	unclassified	chr1	47212	50621	32	3443	+	3421	3399	3388	12	10	11	60	0.990706	0.996764	0.990354	0
PBG64749_6b2c2a7a_f5b9d37a_102.pod5	660a7471-4012-4f0f-8491-0d6fd5f1da05	f5b9d37a6bda8a8d8f31f0d7b32ca6f19b945080	837	3	90500.6	24.542	90500.7	24.4068	10407	24.0205	unclassified	chr1	47364	57785	0	10407	+	10432	10396	10360	11	25	36	60	1	0.996537	0.993098	0
PBG64749_6b2c2a7a_f5b9d37a_143.pod5	55c2a277-bfa2-4cfe-8961-75b135517bc1	f5b9d37a6bda8a8d8f31f0d7b32ca6f19b945080	1162	1	145347	0.3442	145347	0.3422	140	26.6069	unclassified	chr1	47662	47802	0	140	+	140	140	140	0	0	0	0	1	1	1	0
PBG64749_6b2c2a7a_f5b9d37a_26.pod5	aed12c52-59e0-4684-9f75-877faa6b9f1b	f5b9d37a6bda8a8d8f31f0d7b32ca6f19b945080	294	1	18203	2.4884	18203.1	2.3928	1300	25.8647	unclassified	chr1	48018	49305	0	1289	+	1290	1286	1280	3	1	6	60	0.991538	0.995334	0.992248	0
PBG64749_6b2c2a7a_f5b9d37a_148.pod5	b463c633-ad7e-46a9-9e85-05d137de25ba	f5b9d37a6bda8a8d8f31f0d7b32ca6f19b945080	1009	2	158323	1.0816	158323	1.0796	526	26.7241	unclassified	chr1	48095	48588	26	519	+	493	493	492	0	0	1	37	0.937262	0.997972	0.997972	0
PBG64749_6b2c2a7a_f5b9d37a_143.pod5	1194829e-1b76-43be-ae4c-db7c491c5770	f5b9d37a6bda8a8d8f31f0d7b32ca6f19b945080	1162	1	145349	0.3544	145349	0.3524	127	18.8861	unclassified	chr1	48390	48510	0	120	+	120	120	120	0	0	0	0	0.944882	1	1	0
PBG64749_6b2c2a7a_f5b9d37a_143.pod5	15eb90ab-131a-4354-87c0-1f6a607e0863	f5b9d37a6bda8a8d8f31f0d7b32ca6f19b945080	1162	1	145349	0.815	145349	0.813	261	25.7839	unclassified	chr1	48517	48778	0	261	+	261	261	261	0	0	0	0	1	1	1	0
PBG64749_6b2c2a7a_f5b9d37a_86.pod5	f75d819d-e897-4625-a6b4-932dc0e74d4a	f5b9d37a6bda8a8d8f31f0d7b32ca6f19b945080	1478	3	77374.8	0.95	77374.9	0.8028	329	27.7923	unclassified	chr1	48677	49005	2	329	-	328	327	327	0	1	0	0	0.993921	1	0.996951	0
PBG64749_6b2c2a7a_f5b9d37a_115.pod5	b72d154d-c2e0-43f3-92a3-08444b492ce6	f5b9d37a6bda8a8d8f31f0d7b32ca6f19b945080	378	2	103738	19.0208	103738	19.0188	6095	14.0504	unclassified	chr1	49114	55137	10	6044	-	6118	5939	5800	95	84	139	60	0.989992	0.976595	0.948022	0
PBG64749_6b2c2a7a_f5b9d37a_6.pod5	f673abfd-286b-4fe2-ac81-84e1b7f3f01f	f5b9d37a6bda8a8d8f31f0d7b32ca6f19b945080	1580	1	4683.24	6.5144	4683.46	6.2856	2781	22.8261	unclassified	chr1	49462	52260	0	2776	+	2801	2773	2759	3	25	14	1	0.998202	0.994951	0.985005	0
PBG64749_6b2c2a7a_f5b9d37a_127.pod5	4bc03bba-fef7-480e-8fbc-984b2b84bc15	f5b9d37a6bda8a8d8f31f0d7b32ca6f19b945080	889	2	118120	1.0088	118120	0.7836	367	19.6791	unclassified	chr1	50381	50735	0	354	+	354	354	352	0	0	2	1	0.964578	0.99435	0.99435	0
PBG64749_6b2c2a7a_f5b9d37a_90.pod5	b1bc7904-9683-4252-89fd-f71ea1ecd63f	f5b9d37a6bda8a8d8f31f0d7b32ca6f19b945080	1204	3	80272.9	6.4184	80273.1	6.2784	3005	29.3064	unclassified	chr1	51576	54575	0	2998	+	3003	2994	2978	4	5	16	25	0.997671	0.994656	0.991675	0
PBG64749_6b2c2a7a_f5b9d37a_106.pod5	2160888b-378f-4bc1-aa02-f984d784c40c	f5b9d37a6bda8a8d8f31f0d7b32ca6f19b945080	2230	3	94849.7	8.96	94850	8.6868	3089	30.8507	unclassified	chr1	51961	54983	0	3079	+	3080	3021	3004	58	1	17	15	0.996763	0.994373	0.975325	0
PBG64749_6b2c2a7a_f5b9d37a_35.pod5	452a3896-6fe3-4b32-992e-10a7deb7b9b8	f5b9d37a6bda8a8d8f31f0d7b32ca6f19b945080	1149	1	25320.6	75.068	25320.7	74.9232	30673	28.8575	unclassified	chr1	52203	82884	0	30661	+	30698	30644	30614	17	37	30	60	0.999609	0.999021	0.997264	0
PBG64749_6b2c2a7a_f5b9d37a_86.pod5	2913b559-200a-483d-857c-13360887be06	f5b9d37a6bda8a8d8f31f0d7b32ca6f19b945080	601	2	77108.8	4.5092	77108.9	4.3764	1864	17.0808	unclassified	chr1	52473	54331	0	1857	+	1867	1848	1830	9	10	18	0	0.996245	0.99026	0.980182	0
PBG64749_6b2c2a7a_f5b9d37a_124.pod5	679f0b1b-6295-4b5c-96fa-7e6f7f25b9ff	f5b9d37a6bda8a8d8f31f0d7b32ca6f19b945080	590	1	113061	0.4568	113061	0.3228	161	19.041	unclassified	chr1	52945	53105	0	161	-	161	160	160	1	0	0	0	1	1	0.993789	0
PBG64749_6b2c2a7a_f5b9d37a_96.pod5	9a95e4d2-f6c0-49a2-a620-811e13eb90c2	f5b9d37a6bda8a8d8f31f0d7b32ca6f19b945080	1439	3	85881.3	18.0008	85881.4	17.8992	6889	17.3351	unclassified	chr1	53001	59924	0	6889	-	6954	6858	6788	31	65	70	60	1	0.989793	0.976129	0
PBG64749_6b2c2a7a_f5b9d37a_116.pod5	1d4a8e77-5410-4347-af36-19494a57644e	f5b9d37a6bda8a8d8f31f0d7b32ca6f19b945080	1168	1	104738	4.0748	104738	3.9756	1572	34.9972	unclassified	chr1	53177	54744	6	1572	-	1567	1566	1565	0	1	1	60	0.996183	0.999361	0.998724	0
PBG64749_6b2c2a7a_f5b9d37a_110.pod5	759ef82b-9e03-4e68-b573-8af02a582582	f5b9d37a6bda8a8d8f31f0d7b32ca6f19b945080	710	1	98217	68.7872	98217.2	68.6448	27749	28.7189	unclassified	chr1	54025	81780	5	27749	-	27773	27726	27683	18	29	43	60	0.99982	0.998449	0.996759	0
PBG64749_6b2c2a7a_f5b9d37a_126.pod5	f8111727-3e28-43bb-a300-9b38ab49367a	f5b9d37a6bda8a8d8f31f0d7b32ca6f19b945080	2735	1	115645	0.7208	115645	0.7188	277	17.0706	unclassified	chr1	54106	54346	9	247	-	241	237	237	1	3	0	12	0.859206	1	0.983402	0
PBG64749_6b2c2a7a_f5b9d37a_20.pod5	2aaacc7f-8689-4930-b1d4-a4d1f80b504e	f5b9d37a6bda8a8d8f31f0d7b32ca6f19b945080	1816	4	14440.2	20.1788	14440.3	20.058	8205	21.6452	unclassified	chr1	54316	62533	5	8205	-	8235	8182	8145	18	35	37	60	0.999391	0.995478	0.989071	0
PBG64749_6b2c2a7a_f5b9d37a_14.pod5	37dfb7ac-36e8-4ba8-a8f7-282751fcf81f	f5b9d37a6bda8a8d8f31f0d7b32ca6f19b945080	1280	3	10745.4	28.4	10745.5	28.332	12654	25.4183	unclassified	chr1	54390	66667	0	12646	+	12666	12257	12165	389	20	92	1	0.999368	0.992494	0.960445	0
PBG64749_6b2c2a7a_f5b9d37a_14.pod5	634d4749-7d20-4fdf-862d-dd764cbf221c	f5b9d37a6bda8a8d8f31f0d7b32ca6f19b945080	1280	3	10713.1	32.3048	10713.2	32.2176	12649	25.8219	unclassified	chr1	54390	66667	7	12649	-	12658	12261	12173	381	16	88	5	0.999447	0.992823	0.961684	0
PBG64749_6b2c2a7a_f5b9d37a_157.pod5	76602c4a-26c5-4fc6-87d3-0fb6f36a95bb	f5b9d37a6bda8a8d8f31f0d7b32ca6f19b945080	1196	2	190658	5.756	190659	5.5512	2217	24.4925	unclassified	chr1	55448	57659	0	2207	+	2211	2207	2202	0	4	5	60	0.995489	0.997734	0.995929	0
PBG64749_6b2c2a7a_f5b9d37a_10.pod5	0f4cb989-d11c-4a9e-9314-cca6c2656b12	f5b9d37a6bda8a8d8f31f0d7b32ca6f19b945080	878	3	7462.77	9.8492	7462.89	9.7332	3955	28.7545	unclassified	chr1	55993	59937	9	3955	-	3947	3943	3928	3	1	15	10	0.997724	0.996196	0.995186	0
PBG64749_6b2c2a7a_f5b9d37a_90.pod5	aafb3994-f696-4e86-87e2-f876e928f836	f5b9d37a6bda8a8d8f31f0d7b32ca6f19b945080	129	3	80473.3	79.2308	80473.4	79.1472	31664	23.5476	unclassified	chr1	56152	87868	0	31657	+	31770	31603	31511	54	113	92	60	0.999779	0.997089	0.991848	0
PBG64749_6b2c2a7a_f5b9d37a_14.pod5	2b188eb9-9318-4b8d-92a6-e8755cf3ea16	f5b9d37a6bda8a8d8f31f0d7b32ca6f19b945080	1321	1	10591.9	21.0488	10592.1	20.9292	8075	20.2276	unclassified	chr1	56261	64232	5	8075	-	8081	7960	7914	110	11	46	16	0.999381	0.994221	0.979334	0
PBG64749_6b2c2a7a_f5b9d37a_96.pod5	c2618797-0687-4f16-9d3b-5a3c058fc494	f5b9d37a6bda8a8d8f31f0d7b32ca6f19b945080	962	4	85962.7	43.13	85962.8	43.0368	16375	31.5197	unclassified	chr1	56290	72667	8	16375	-	16379	16365	16351	2	12	14	60	0.999511	0.999144	0.99829	0
PBG64749_6b2c2a7a_f5b9d37a_96.pod5	9225fa51-0eb3-4423-8fc3-42a7b34d69e0	f5b9d37a6bda8a8d8f31f0d7b32ca6f19b945080	962	4	86005.9	5.732	86006.1	5.6004	2413	22.4046	unclassified	chr1	56291	58715	0	2413	+	2428	2409	2398	4	15	11	60	1	0.995434	0.987644	0
PBG64749_6b2c2a7a_f5b9d37a_46.pod5	31238657-ee56-4940-a502-6ba4c31dec37	f5b9d37a6bda8a8d8f31f0d7b32ca6f19b945080	2649	2	33826.3	9.0464	33826.5	8.8344	3316	22.9481	unclassified	chr1	56550	59873	3	3316	-	3324	3312	3290	1	11	22	7	0.999095	0.993357	0.989771	0
PBG64749_6b2c2a7a_f5b9d37a_156.pod5	b7f6bd62-4ee9-4501-9334-a2676d547868	f5b9d37a6bda8a8d8f31f0d7b32ca6f19b945080	1897	2	189571	3.7124	189571	3.6084	1664	25.6582	unclassified	chr1	56965	58619	0	1653	+	1654	1653	1649	0	1	4	60	0.993389	0.99758	0.996977	0
PBG64749_6b2c2a7a_f5b9d37a_156.pod5	a961b58d-6ac6-4979-9f4b-3150f1b22494	f5b9d37a6bda8a8d8f31f0d7b32ca6f19b945080	1897	2	189566	4.3772	189566	4.2492	1661	33.053	unclassified	chr1	56965	58619	6	1661	-	1656	1653	1650	2	1	3	60	0.996388	0.998185	0.996377	0
PBG64749_6b2c2a7a_f5b9d37a_147.pod5	184ee734-3806-45b7-8de0-9703dd9462a3	f5b9d37a6bda8a8d8f31f0d7b32ca6f19b945080	2158	3	157796	38.1884	157796	38.1132	15171	26.1503	unclassified	chr1	57143	72410	0	15171	+	15634	14804	14712	367	463	92	19	1	0.993785	0.941026	0
PBG64749_6b2c2a7a_f5b9d37a_81.pod5	7eff5b63-175b-4fea-af36-0145e98d0818	f5b9d37a6bda8a8d8f31f0d7b32ca6f19b945080	2951	4	72910.2	40.5386	72910.2	40.5366	16611	30.5213	unclassified	chr1	57246	73880	60	16606	+	17001	16179	16084	367	455	95	18	0.996087	0.994128	0.946062	0
PBG64749_6b2c2a7a_f5b9d37a_75.pod5	349ebd6a-f153-4905-b6d4-3cfbfe78e467	f5b9d37a6bda8a8d8f31f0d7b32ca6f19b945080	2057	1	63971.5	16.3256	63971.7	16.1568	6892	31.3755	unclassified	chr1	57674	64563	0	6888	+	6894	6883	6879	5	6	4	60	0.99942	0.999419	0.997824	0
PBG64749_6b2c2a7a_f5b9d37a_126.pod5	2b6ee4c5-2388-4343-8b69-d70cfc072171	f5b9d37a6bda8a8d8f31f0d7b32ca6f19b945080	2264	4	116455	7.3256	116455	7.0884	3244	26.1984	unclassified	chr1	57692	60926	0	3237	+	3238	3233	3218	4	1	15	23	0.997842	0.99536	0.993823	0
PBG64749_6b2c2a7a_f5b9d37a_13.pod5	478c45d1-5690-41ab-b819-eeb2396924e6	f5b9d37a6bda8a8d8f31f0d7b32ca6f19b945080	1268	3	9716.58	8.2616	9716.69	8.1528	3334	25.8548	unclassified	chr1	57710	61036	0	3327	+	3334	3319	3314	8	7	5	60	0.9979	0.998493	0.994001	0
PBG64749_6b2c2a7a_f5b9d37a_103.pod5	5c951bdd-2a35-41d6-9164-e75edffd0aad	f5b9d37a6bda8a8d8f31f0d7b32ca6f19b945080	38	4	91656.1	37.4252	91656.2	37.3236	16910	19.9091	unclassified	chr1	57777	66197	0	8427	+	8434	8413	8367	14	7	46	14	0.498344	0.994532	0.992056	0
PBG64749_6b2c2a7a_f5b9d37a_73.pod5	f94fe67a-351c-41a2-b343-29da3d7d951b	f5b9d37a6bda8a8d8f31f0d7b32ca6f19b945080	107	4	62402.2	19.9208	62402.3	19.782	7381	26.2562	unclassified	chr1	57789	65164	0	7375	+	7388	7362	7326	13	13	36	20	0.999187	0.99511	0.991608	0
PBG64749_6b2c2a7a_f5b9d37a_11.pod5	ff8ea399-7a5c-4d55-8ccc-093667f59df6	f5b9d37a6bda8a8d8f31f0d7b32ca6f19b945080	2572	3	8324.98	10.196	8325.11	10.0704	3643	24.6282	unclassified	chr1	58655	62288	8	3643	-	3640	3628	3620	7	5	8	60	0.997804	0.997795	0.994505	0
PBG64749_6b2c2a7a_f5b9d37a_90.pod5	dd089c75-4350-484b-842c-960a5e075664	f5b9d37a6bda8a8d8f31f0d7b32ca6f19b945080	129	3	80552.6	64.8512	80552.7	64.7508	30480	14.4937	unclassified	chr1	58769	87868	0	30480	-	30625	28954	28845	1526	145	109	60	1	0.996235	0.941878	0
PBG64749_6b2c2a7a_f5b9d37a_141.pod5	f4d7a7b2-aaa1-4146-87ad-b2a8b601491b	f5b9d37a6bda8a8d8f31f0d7b32ca6f19b945080	1417	2	140231	1.5668	140231	1.4028	646	25.5464	unclassified	chr1	59858	60493	0	635	+	635	635	634	0	0	1	60	0.982972	0.998425	0.998425	0
PBG64749_6b2c2a7a_f5b9d37a_17.pod5	75b6ae1e-8fe8-44ff-afca-01bb659c3c5e	f5b9d37a6bda8a8d8f31f0d7b32ca6f19b945080	1388	2	12183.8	14.288	12183.9	14.1408	4834	24.2058	unclassified	chr1	60255	65092	7	4834	-	4840	4824	4818	3	13	6	60	0.998552	0.998756	0.995455	0
PBG64749_6b2c2a7a_f5b9d37a_111.pod5	2ebcaff6-d3ec-4f4e-9d85-bcad11a1278d	f5b9d37a6bda8a8d8f31f0d7b32ca6f19b945080	2161	4	99693.9	7.2764	99694.1	7.1556	2761	33.3272	unclassified	chr1	60399	63150	9	2761	-	2752	2751	2749	1	0	2	60	0.99674	0.999273	0.99891	0
PBG64749_6b2c2a7a_f5b9d37a_133.pod5	9bcf5eb3-0cd2-421d-83a4-4b9b9e11c37c	f5b9d37a6bda8a8d8f31f0d7b32ca6f19b945080	2592	1	125513	24.176	125514	24.0708	10617	28.6145	unclassified	chr1	60607	71341	0	10610	+	11059	10285	10203	325	449	82	25	0.999341	0.992027	0.922597	0
PBG64749_6b2c2a7a_f5b9d37a_72.pod5	1613cf52-79ce-470f-ae44-8df6d7483b61	f5b9d37a6bda8a8d8f31f0d7b32ca6f19b945080	1262	3	60205	16.0918	60205	16.0898	6773	34.1203	unclassified	chr1	60706	67447	31	6768	+	6741	6737	6734	0	4	3	60	0.994685	0.999555	0.998962	0
PBG64749_6b2c2a7a_f5b9d37a_72.pod5	f57f6814-c114-4914-af90-4303465ab989	f5b9d37a6bda8a8d8f31f0d7b32ca6f19b945080	1262	3	60221.1	15.3802	60221.1	15.3782	6760	27.2437	unclassified	chr1	60706	67447	9	6729	-	6747	6714	6709	6	27	5	60	0.994083	0.999255	0.994368	0
PBG64749_6b2c2a7a_f5b9d37a_119.pod5	aa93f57c-ac6a-40b9-9b28-f244cf6a8d49	f5b9d37a6bda8a8d8f31f0d7b32ca6f19b945080	2675	3	108643	11.0468	108643	10.866	4132	28.127	unclassified	chr1	61083	65205	0	4132	-	4136	4118	4098	14	4	20	24	1	0.995143	0.990812	0
PBG64749_6b2c2a7a_f5b9d37a_66.pod5	6a221bee-6f8b-4d4c-83ab-79a933d19c8f	f5b9d37a6bda8a8d8f31f0d7b32ca6f19b945080	476	1	52499.6	3.4928	52499.8	3.3036	1479	25.4532	unclassified	chr1	61330	62803	0	1472	+	1480	1465	1455	7	8	10	60	0.995267	0.993174	0.983108	0
PBG64749_6b2c2a7a_f5b9d37a_2.pod5	54d75e1b-a638-460e-8fed-9eb0d3946948	f5b9d37a6bda8a8d8f31f0d7b32ca6f19b945080	1147	4	2141.74	4.0148	2141.87	3.8916	1483	33.0435	unclassified	chr1	61330	62801	9	1483	-	1476	1469	1459	5	2	10	48	0.993931	0.993193	0.988482	0
PBG64749_6b2c2a7a_f5b9d37a_152.pod5	02155179-0206-46e4-90ee-aaa12c522495	f5b9d37a6bda8a8d8f31f0d7b32ca6f19b945080	763	4	173000	8.036	173000	7.9104	3139	18.1276	unclassified	chr1	61613	64482	0	2869	+	2873	2865	2863	4	4	2	60	0.913985	0.999302	0.996519	0
PBG64749_6b2c2a7a_f5b9d37a_127.pod5	f54bc6ce-132e-47a1-abe6-99ab08aae037	f5b9d37a6bda8a8d8f31f0d7b32ca6f19b945080	2532	2	117274	31.9808	117274	31.8096	13316	31.5036	unclassified	chr1	62047	75363	0	13314	+	13327	13303	13292	11	13	11	60	0.99985	0.999173	0.997374	0
PBG64749_6b2c2a7a_f5b9d37a_56.pod5	cfa31487-41a0-4a2f-bf62-8b5afb4d7a82	f5b9d37a6bda8a8d8f31f0d7b32ca6f19b945080	2350	1	42836.7	79.2236	42836.8	79.0824	34843	29.5652	unclassified	chr1	62414	97168	0	34843	-	34886	34711	34675	132	43	36	60	1	0.998963	0.993952	0
PBG64749_6b2c2a7a_f5b9d37a_94.pod5	84b43aff-fa7d-43a1-b905-a3ca2a9c7c67	f5b9d37a6bda8a8d8f31f0d7b32ca6f19b945080	2618	2	84329.5	56.7956	84329.6	56.694	24521	21.3591	unclassified	chr1	62582	74907	12215	24521	-	12334	12297	12267	9	28	30	57	0.501856	0.99756	0.994568	0
PBG64749_6b2c2a7a_f5b9d37a_0.pod5	14203e54-4a49-4d28-99a7-c89f2e378f21	f5b9d37a6bda8a8d8f31f0d7b32ca6f19b945080	1736	2	329.308	14.3648	329.588	14.0844	5414	29.7609	unclassified	chr1	63443	68851	0	5405	+	5412	5401	5398	4	7	3	60	0.998338	0.999445	0.997413	0
PBG64749_6b2c2a7a_f5b9d37a_76.pod5	b173244b-b2fc-494f-9246-835ad4788eb3	f5b9d37a6bda8a8d8f31f0d7b32ca6f19b945080	1698	4	64906.9	31.8404	64907	31.7028	10331	27.1445	unclassified	chr1	63652	73992	7	10331	-	10349	10315	10301	9	25	14	60	0.999322	0.998643	0.995362	0
PBG64749_6b2c2a7a_f5b9d37a_91.pod5	37a59460-fc7c-4823-809c-a42581f93607	f5b9d37a6bda8a8d8f31f0d7b32ca6f19b945080	2480	1	81041	1.7156	81041.1	1.5972	664	24.5894	unclassified	chr1	63806	64467	3	664	-	661	661	661	0	0	0	28	0.995482	1	1	0
PBG64749_6b2c2a7a_f5b9d37a_164.pod5	e626f578-8740-4098-a8d0-2905c9fcef14	f5b9d37a6bda8a8d8f31f0d7b32ca6f19b945080	2976	1	215995	6.7328	215995	6.6252	2795	26.166	unclassified	chr1	63926	66628	0	2753	-	2764	2691	2653	62	11	38	22	0.984973	0.985879	0.959841	0
PBG64749_6b2c2a7a_f5b9d37a_89.pod5	fee9ec89-cb20-4beb-9f66-9b81914f911a	f5b9d37a6bda8a8d8f31f0d7b32ca6f19b945080	2598	4	79540.2	9.5648	79540.3	9.456	3811	27.8302	unclassified	chr1	64145	67639	0	3803	+	3806	3491	3464	312	3	27	36	0.997901	0.992266	0.910142	0
PBG64749_6b2c2a7a_f5b9d37a_89.pod5	eb029c80-3670-4667-8ea6-d5a485770e9e	f5b9d37a6bda8a8d8f31f0d7b32ca6f19b945080	2598	4	79549.7	10.5932	79549.8	10.4748	3801	30.0231	unclassified	chr1	64145	67639	7	3801	-	3802	3486	3462	308	8	24	32	0.998158	0.993115	0.910573	0
PBG64749_6b2c2a7a_f5b9d37a_124.pod5	976b195c-cecd-4dee-96d5-88bc7c1a1dd9	f5b9d37a6bda8a8d8f31f0d7b32ca6f19b945080	2144	2	113851	0.6884	113851	0.582	255	24.4605	unclassified	chr1	64593	64848	0	255	+	255	255	255	0	0	0	2	1	1	1	0
PBG64749_6b2c2a7a_f5b9d37a_112.pod5	3b8fb00d-17ff-4333-a3aa-20dc8150890e	f5b9d37a6bda8a8d8f31f0d7b32ca6f19b945080	2358	1	100283	2.84	100283	2.724	1107	29.8241	unclassified	chr1	64757	65850	0	1094	+	1094	1093	1086	1	0	7	0	0.988257	0.993596	0.992687	0
PBG64749_6b2c2a7a_f5b9d37a_37.pod5	08121dad-77c4-40d5-a9d3-af6802355423	f5b9d37a6bda8a8d8f31f0d7b32ca6f19b945080	1640	2	27125.9	0.7208	27126	0.6384	254	17.4036	unclassified	chr1	65037	65282	0	243	+	245	243	239	0	2	4	0	0.956693	0.983539	0.97551	0
PBG64749_6b2c2a7a_f5b9d37a_46.pod5	eded8240-c19f-4146-bc04-5033a288eb9b	f5b9d37a6bda8a8d8f31f0d7b32ca6f19b945080	1773	2	33594.9	1.616	33595.1	1.47	597	29.6562	unclassified	chr1	65578	66176	0	597	+	598	597	596	0	1	1	59	1	0.998325	0.996656	0
PBG64749_6b2c2a7a_f5b9d37a_0.pod5	13a51c3e-3aa0-4b7c-83dd-2586578072b8	f5b9d37a6bda8a8d8f31f0d7b32ca6f19b945080	672	1	717.958	2.3756	717.96	2.3736	874	39.5495	unclassified	chr1	67060	67903	0	842	-	843	842	842	0	1	0	60	0.963387	1	0.998814	0
PBG64749_6b2c2a7a_f5b9d37a_90.pod5	25abec04-2b6e-4845-a4b0-83a49ff02203	f5b9d37a6bda8a8d8f31f0d7b32ca6f19b945080	601	2	80068.8	5.1512	80069	5.004	1969	15.8821	unclassified	chr1	67361	69324	7	1961	+	1975	1942	1914	12	21	28	44	0.992382	0.985582	0.969114	0
PBG64749_6b2c2a7a_f5b9d37a_98.pod5	68e1514d-ee2a-488b-b284-1d054d45c6c3	f5b9d37a6bda8a8d8f31f0d7b32ca6f19b945080	2888	3	87205.9	2.2136	87206	2.0904	821	23.3812	unclassified	chr1	67697	68206	313	820	-	509	507	506	0	2	1	0	0.61754	0.998028	0.994106	0
PBG64749_6b2c2a7a_f5b9d37a_134.pod5	061e22d3-76a0-47cf-9918-05b5cefa0645	f5b9d37a6bda8a8d8f31f0d7b32ca6f19b945080	2836	2	128072	1.0532	128072	0.9372	409	28.5232	unclassified	chr1	67846	68244	0	398	+	398	398	398	0	0	0	0	0.973105	1	1	0
PBG64749_6b2c2a7a_f5b9d37a_50.pod5	5c2d1ff8-8748-48f3-b008-42aeddcd0098	f5b9d37a6bda8a8d8f31f0d7b32ca6f19b945080	1935	4	36597	1.4996	36597.1	1.3956	529	35.3571	unclassified	chr1	69247	69767	0	520	+	520	520	518	0	0	2	60	0.982987	0.996154	0.996154	0
PBG64749_6b2c2a7a_f5b9d37a_113.pod5	0148aa90-500c-413d-b0e2-f43f1f96f480	f5b9d37a6bda8a8d8f31f0d7b32ca6f19b945080	200	2	100811	26.054	100811	25.9344	10277	24.4127	unclassified	chr1	69662	79939	11	10271	+	10296	10241	10216	19	36	25	60	0.998346	0.997559	0.99223	0
PBG64749_6b2c2a7a_f5b9d37a_140.pod5	7b6274aa-0a8f-432f-a5b0-228561b1945d	f5b9d37a6bda8a8d8f31f0d7b32ca6f19b945080	2405	4	138937	73.2212	138937	73.0944	29598	25.2416	unclassified	chr1	70181	99582	0	29591	+	29625	29367	29346	224	34	21	60	0.999763	0.999285	0.990582	0
PBG64749_6b2c2a7a_f5b9d37a_38.pod5	6dbedb80-b4f3-4e0c-b66c-d4fc29a9118f	f5b9d37a6bda8a8d8f31f0d7b32ca6f19b945080	532	4	27217	0.4592	27217.2	0.294	121	28.5542	unclassified	chr1	71279	71400	0	121	-	121	121	121	0	0	0	0	1	1	1	0
PBG64749_6b2c2a7a_f5b9d37a_146.pod5	9712b20a-eac1-41fb-983c-ce4a186b4f42	f5b9d37a6bda8a8d8f31f0d7b32ca6f19b945080	1370	3	152749	27.6466	152749	27.6446	8025	7.3036	unclassified	chr1	71549	78804	441	7409	+	7508	6715	6154	253	540	561	1	0.868287	0.916456	0.819659	0
PBG64749_6b2c2a7a_f5b9d37a_59.pod5	db78f928-8479-49c0-ad06-fe11ee880560	f5b9d37a6bda8a8d8f31f0d7b32ca6f19b945080	2431	2	46210.5	26.0756	46210.6	25.9308	10799	33.482	unclassified	chr1	72491	82629	662	10798	+	10140	10134	10128	2	4	6	60	0.938605	0.999408	0.998817	0
PBG64749_6b2c2a7a_f5b9d37a_133.pod5	30ba11fc-d88d-4514-acb4-6e471dc7e650	f5b9d37a6bda8a8d8f31f0d7b32ca6f19b945080	916	2	126106	15.662	126106	15.5652	6609	31.69	unclassified	chr1	72957	79558	0	6602	+	6604	6599	6593	3	2	6	60	0.998941	0.999091	0.998334	0
PBG64749_6b2c2a7a_f5b9d37a_136.pod5	10d91670-5710-4477-9beb-f53acc91f9c6	f5b9d37a6bda8a8d8f31f0d7b32ca6f19b945080	2528	1	131296	0.7016	131296	0.6168	255	22.0575	unclassified	chr1	72987	73231	9	255	-	246	244	244	2	0	0	13	0.964706	1	0.99187	0
PBG64749_6b2c2a7a_f5b9d37a_25.pod5	b45ebeda-e89c-49b6-a318-af293c68598e	f5b9d37a6bda8a8d8f31f0d7b32ca6f19b945080	2271	3	16972.2	14.1968	16972.3	14.0688	5797	33.4214	unclassified	chr1	73217	79010	0	5790	+	5793	5790	5787	0	3	3	60	0.998792	0.999482	0.998964	0
PBG64749_6b2c2a7a_f5b9d37a_25.pod5	fa15040b-d081-4ea2-aa31-f9aa2292acfc	f5b9d37a6bda8a8d8f31f0d7b32ca6f19b945080	2271	3	16986.4	10.5332	16986.5	10.4448	5777	20.04	unclassified	chr1	73217	79010	4	5777	-	5806	5760	5735	13	33	25	56	0.999308	0.99566	0.987771	0
PBG64749_6b2c2a7a_f5b9d37a_122.pod5	cef06aaa-49a1-40b7-b454-111da5de7b6a	f5b9d37a6bda8a8d8f31f0d7b32ca6f19b945080	657	3	111278	0.6224	111278	0.4488	176	22.1704	unclassified	chr1	73424	73600	0	176	+	176	176	176	0	0	0	0	1	1	1	0
PBG64749_6b2c2a7a_f5b9d37a_77.pod5	ae5efc7c-a57a-441c-b914-f6ab116cb21c	f5b9d37a6bda8a8d8f31f0d7b32ca6f19b945080	883	2	65804.9	40.6292	65805	40.512	15727	28.9214	unclassified	chr1	73510	89234	0	15720	+	15735	15709	15693	11	15	16	60	0.999555	0.998981	0.997331	0
PBG64749_6b2c2a7a_f5b9d37a_54.pod5	2012cb88-bd21-40f6-87d9-c73dc1455019	f5b9d37a6bda8a8d8f31f0d7b32ca6f19b945080	1176	1	40514.2	7.958	40514.5	7.6644	3173	37.5828	unclassified	chr1	74034	77203	0	3164	+	3169	3164	3162	0	5	2	35	0.997164	0.999368	0.997791	0
PBG64749_6b2c2a7a_f5b9d37a_19.pod5	d32fa1c0-6b60-4bea-afd8-a6e85d0fd772	f5b9d37a6bda8a8d8f31f0d7b32ca6f19b945080	644	1	13389.4	26.5292	13389.6	26.3712	10511	26.0447	unclassified	chr1	74362	84884	0	10506	+	10544	10484	10462	22	38	22	60	0.999524	0.997902	0.992223	0
PBG64749_6b2c2a7a_f5b9d37a_78.pod5	8d835162-97fd-4711-93f1-242b1628c8ac	f5b9d37a6bda8a8d8f31f0d7b32ca6f19b945080	2140	1	67755.1	7.064	67755.2	6.99	2677	29.2704	unclassified	chr1	75039	77711	7	2677	-	2672	2670	2669	0	2	1	41	0.997385	0.999625	0.998877	0
PBG64749_6b2c2a7a_f5b9d37a_125.pod5	85a1a110-22ef-4c68-8f6b-dd8e87eb8936	f5b9d37a6bda8a8d8f31f0d7b32ca6f19b945080	1453	2	114561	8.4332	114561	8.31	2437	34.5554	unclassified	chr1	75147	77587	0	2437	-	2441	2436	2436	1	4	0	38	1	1	0.997952	0
PBG64749_6b2c2a7a_f5b9d37a_87.pod5	1f99122c-fea8-4c01-ab2b-f412f80b9248	f5b9d37a6bda8a8d8f31f0d7b32ca6f19b945080	1668	1	77638.3	10.8248	77638.4	10.71	4475	23.4617	unclassified	chr1	75665	80149	6	4475	-	4486	4467	4453	2	17	14	60	0.998659	0.996866	0.992644	0
PBG64749_6b2c2a7a_f5b9d37a_5.pod5	b09e11f6-1324-42ba-a916-2957ef6d7265	f5b9d37a6bda8a8d8f31f0d7b32ca6f19b945080	601	1	3840.46	7.4864	3840.62	7.326	2359	22.1079	unclassified	chr1	76345	78700	6	2359	-	2359	2349	2341	4	6	8	60	0.997457	0.996594	0.99237	0
PBG64749_6b2c2a7a_f5b9d37a_102.pod5	c31024f6-ac28-48f4-b657-a89cef6ab14d	f5b9d37a6bda8a8d8f31f0d7b32ca6f19b945080	383	1	90942.4	10.3808	90942.6	10.2576	4123	34.0003	unclassified	chr1	76536	80661	0	4123	-	4126	4122	4120	1	3	2	60	1	0.999515	0.998546	0
PBG64749_6b2c2a7a_f5b9d37a_72.pod5	5aab7b3b-433f-4f26-bc2a-97703e88b73a	f5b9d37a6bda8a8d8f31f0d7b32ca6f19b945080	2723	2	60483.2	1.6796	60483.3	1.56	691	23.4897	unclassified	chr1	77176	77857	11	691	-	681	680	674	0	1	6	60	0.984081	0.991176	0.989721	0
PBG64749_6b2c2a7a_f5b9d37a_59.pod5	553d98d7-65b4-4897-9ff7-59005d24515a	f5b9d37a6bda8a8d8f31f0d7b32ca6f19b945080	2431	2	46246.6	19.6712	46246.7	19.524	6928	10.9703	unclassified	chr1	77227	84286	0	6926	-	7211	6774	6477	152	285	297	60	0.999711	0.956156	0.898211	0
PBG64749_6b2c2a7a_f5b9d37a_162.pod5	9c8ca961-ef2d-4348-85ab-1c2da9163386	f5b9d37a6bda8a8d8f31f0d7b32ca6f19b945080	2730	1	196240	162.734	196240	162.588	75376	20.3128	unclassified	chr1	77415	115206	37485	75376	-	37965	37717	37649	174	74	68	60	0.502693	0.998197	0.991677	0
PBG64749_6b2c2a7a_f5b9d37a_135.pod5	0ae99f45-360c-4531-b775-4a6ba4791f47	f5b9d37a6bda8a8d8f31f0d7b32ca6f19b945080	1894	4	130045	2.372	130045	2.1624	593	29.5715	unclassified	chr1	78608	79190	0	582	+	582	582	580	0	0	2	41	0.98145	0.996564	0.996564	0
PBG64749_6b2c2a7a_f5b9d37a_11.pod5	49bfd864-6975-43fd-b737-b4290d99d6ec	f5b9d37a6bda8a8d8f31f0d7b32ca6f19b945080	1405	1	8210.68	25.9364	8210.8	25.8108	10977	33.6692	unclassified	chr1	78767	89749	0	10970	+	10984	10968	10962	2	14	6	60	0.999362	0.999453	0.997997	0
PBG64749_6b2c2a7a_f5b9d37a_32.pod5	aecd1f09-4112-42e2-9b5e-e9710d505727	f5b9d37a6bda8a8d8f31f0d7b32ca6f19b945080	2236	1	22684.1	5.2712	22684.2	5.1624	2092	32.4334	unclassified	chr1	80018	82100	0	2081	+	2082	2081	2079	0	1	2	60	0.994742	0.999039	0.998559	0
PBG64749_6b2c2a7a_f5b9d37a_3.pod5	cbeb3f59-4b5e-4ebd-82e0-38e00a5a3a35	f5b9d37a6bda8a8d8f31f0d7b32ca6f19b945080	2824	3	2803.75	1.0232	2803.95	0.828	363	30.995	unclassified	chr1	80381	80744	0	363	-	363	363	363	0	0	0	34	1	1	1	0
PBG64749_6b2c2a7a_f5b9d37a_127.pod5	bafba296-09b7-4e85-986f-dcb8175a2857	f5b9d37a6bda8a8d8f31f0d7b32ca6f19b945080	2527	4	117821	8.7946	117821	8.7926	3296	19.5504	unclassified	chr1	80791	84081	26	3289	+	3300	3253	3239	10	37	14	60	0.989988	0.995696	0.981515	0
PBG64749_6b2c2a7a_f5b9d37a_162.pod5	7e092dea-a573-4536-8426-aa3e0085337e	f5b9d37a6bda8a8d8f31f0d7b32ca6f19b945080	1858	2	209480	0.8588	209480	0.6804	267	31.8807	unclassified	chr1	80821	81079	0	258	+	258	258	258	0	0	0	0	0.966292	1	1	0
PBG64749_6b2c2a7a_f5b9d37a_19.pod5	4a189680-e8d9-4a3b-84ce-b305dee1cf98	f5b9d37a6bda8a8d8f31f0d7b32ca6f19b945080	1751	3	13288	2.348	13288.1	2.2452	918	31.5265	unclassified	chr1	81095	82006	10	918	-	911	908	907	0	3	1	60	0.989107	0.998899	0.995609	0
PBG64749_6b2c2a7a_f5b9d37a_11.pod5	c424559b-2f64-438f-be5e-80b620e49d7d	f5b9d37a6bda8a8d8f31f0d7b32ca6f19b945080	2145	3	8572.54	47.0468	8572.73	46.8612	16874	31.953	unclassified	chr1	81936	98691	0	16865	+	16877	16743	16729	122	12	14	60	0.999467	0.999164	0.991231	0
PBG64749_6b2c2a7a_f5b9d37a_3.pod5	c9b23936-3390-45a9-9412-604880fab42a	f5b9d37a6bda8a8d8f31f0d7b32ca6f19b945080	1188	3	2756.97	6.9104	2757.06	6.8172	2542	27.6623	unclassified	chr1	82561	85099	7	2542	-	2540	2533	2532	2	5	1	60	0.997246	0.999605	0.99685	0
PBG64749_6b2c2a7a_f5b9d37a_10.pod5	e1bb9ccc-1fa7-4787-962b-6de76cb41b92	f5b9d37a6bda8a8d8f31f0d7b32ca6f19b945080	721	4	7729.53	29.0012	7729.53	28.9992	11538	29.9385	unclassified	chr1	82715	94098	32	11526	+	11509	11368	11354	126	15	14	60	0.996186	0.998768	0.986532	0
PBG64749_6b2c2a7a_f5b9d37a_10.pod5	0404d91d-c2f0-46c5-b37a-b1bb07f26e3f	f5b9d37a6bda8a8d8f31f0d7b32ca6f19b945080	721	4	7758.54	26.6	7758.66	26.4768	11492	24.4871	unclassified	chr1	82715	94098	6	11492	-	11515	11354	11324	132	29	30	60	0.999478	0.997358	0.983413	0
PBG64749_6b2c2a7a_f5b9d37a_103.pod5	bd4e3ddb-1b68-4285-8ebd-e49954766135	f5b9d37a6bda8a8d8f31f0d7b32ca6f19b945080	2549	3	92100.6	1.358	92100.7	1.2636	544	24.908	unclassified	chr1	84521	85066	0	544	+	545	544	544	0	1	0	60	1	1	0.998165	0
PBG64749_6b2c2a7a_f5b9d37a_67.pod5	1106fed3-dea9-4ca9-b61a-435a14a5b869	f5b9d37a6bda8a8d8f31f0d7b32ca6f19b945080	1859	1	54295.4	0.4812	54295.4	0.4792	167	12.9054	unclassified	chr1	85202	85316	41	156	+	115	114	113	1	0	1	0	0.688623	0.991228	0.982609	0
PBG64749_6b2c2a7a_f5b9d37a_121.pod5	c0182a9d-69d0-4e3f-bafd-8ac8a6f04342	f5b9d37a6bda8a8d8f31f0d7b32ca6f19b945080	2212	3	109370	21.2792	109370	21.1788	8016	27.5967	unclassified	chr1	85249	93143	7	8016	-	8018	7885	7868	124	9	17	60	0.999127	0.997844	0.981292	0
PBG64749_6b2c2a7a_f5b9d37a_8.pod5	67cab056-80e0-463c-80b2-0ad116e85f0f	f5b9d37a6bda8a8d8f31f0d7b32ca6f19b945080	1951	4	6262.84	4.1468	6262.99	3.9984	2315	24.5866	unclassified	chr1	85585	87905	0	2315	-	2322	2313	2304	2	7	9	60	1	0.996109	0.992248	0
PBG64749_6b2c2a7a_f5b9d37a_110.pod5	679149b2-f0f4-44ed-a004-5827799cb814	f5b9d37a6bda8a8d8f31f0d7b32ca6f19b945080	2785	3	97998.9	32.7826	97998.9	32.7806	11104	16.7898	unclassified	chr1	86128	97079	0	11076	-	11161	10866	10737	210	85	129	60	0.997478	0.988128	0.962011	0
PBG64749_6b2c2a7a_f5b9d37a_79.pod5	7f079d39-073c-4c62-9cf1-ae5af8a88acd	f5b9d37a6bda8a8d8f31f0d7b32ca6f19b945080	1148	4	69122.8	5.7788	69122.9	5.6832	2527	28.7376	unclassified	chr1	86753	89273	0	2519	+	2520	2519	2517	0	1	2	60	0.996834	0.999206	0.99881	0
PBG64749_6b2c2a7a_f5b9d37a_13.pod5	e59e0e6c-b166-4188-9566-cdfb0cf923ee	f5b9d37a6bda8a8d8f31f0d7b32ca6f19b945080	1420	3	9625.11	59.2592	9625.23	59.1408	21822	29.4942	unclassified	chr1	89457	111168	0	21822	-	21854	21679	21655	143	32	24	60	1	0.998893	0.990894	0
PBG64749_6b2c2a7a_f5b9d37a_55.pod5	cb3586e7-ad79-4768-88d2-8344a01d1525	f5b9d37a6bda8a8d8f31f0d7b32ca6f19b945080	2957	4	41924.5	29.132	41924.6	29.0088	10735	22.5079	unclassified	chr1	89639	100246	0	10730	+	10758	10579	10534	151	28	45	60	0.999534	0.995746	0.979178	0
PBG64749_6b2c2a7a_f5b9d37a_17.pod5	cecc7b6f-e3fe-4db2-a398-5f6509eee927	f5b9d37a6bda8a8d8f31f0d7b32ca6f19b945080	27	2	12305.5	4.3956	12305.5	4.3936	1719	32.7326	unclassified	chr1	89842	91395	9	1682	-	1673	1553	1552	120	0	1	60	0.97324	0.999356	0.927675	0
PBG64749_6b2c2a7a_f5b9d37a_4.pod5	11c1d9fb-c4a9-4b2f-a1ba-d2c303a196bc	f5b9d37a6bda8a8d8f31f0d7b32ca6f19b945080	2897	1	3762.49	0.6536	3762.62	0.5196	238	24.4354	unclassified	chr1	90008	90233	0	225	+	225	225	225	0	0	0	36	0.945378	1	1	0
PBG64749_6b2c2a7a_f5b9d37a_112.pod5	96d64005-6b46-4bba-a01c-61a3d01d10db	f5b9d37a6bda8a8d8f31f0d7b32ca6f19b945080	2251	3	100562	1.1504	100562	1.0596	634	23.9411	unclassified	chr1	90749	91375	0	624	+	626	624	624	0	2	0	60	0.984227	1	0.996805	0
PBG64749_6b2c2a7a_f5b9d37a_128.pod5	8c848244-744e-403e-8e73-75f702e4f953	f5b9d37a6bda8a8d8f31f0d7b32ca6f19b945080	2124	1	119292	11.1556	119292	11.1536	4170	27.3705	unclassified	chr1	91415	95545	8	4137	-	4135	4124	4115	5	6	9	60	0.990168	0.997818	0.995163	0
PBG64749_6b2c2a7a_f5b9d37a_128.pod5	8be35ec1-73de-4080-8aca-a94c42e24b98	f5b9d37a6bda8a8d8f31f0d7b32ca6f19b945080	2124	1	119304	9.578	119304	9.4452	3901	27.8635	unclassified	chr1	91417	95329	0	3899	+	3915	3896	3886	3	16	10	60	0.999487	0.997433	0.992593	0
PBG64749_6b2c2a7a_f5b9d37a_23.pod5	ae4bee09-9623-4137-922c-887eaa7d585c	f5b9d37a6bda8a8d8f31f0d7b32ca6f19b945080	2029	2	16243.5	5.7368	16243.7	5.5368	2296	27.8998	unclassified	chr1	91497	93783	9	2296	-	2291	2282	2273	5	4	9	60	0.99608	0.996056	0.992143	0
PBG64749_6b2c2a7a_f5b9d37a_49.pod5	ab1443ce-0743-43f0-8d7e-797bfee0690a	f5b9d37a6bda8a8d8f31f0d7b32ca6f19b945080	523	3	35544.7	8.1956	35544.8	8.046	3421	32.5768	unclassified	chr1	92102	95519	0	3415	+	3419	3413	3412	2	4	1	60	0.998246	0.999707	0.997953	0
PBG64749_6b2c2a7a_f5b9d37a_113.pod5	cdb8d5a8-aa19-4b2c-a42d-8f58bfafb6a7	f5b9d37a6bda8a8d8f31f0d7b32ca6f19b945080	1121	3	100902	10.6952	100903	10.5528	4376	17.4668	unclassified	chr1	92387	96591	142	4373	+	4240	4195	4134	36	9	61	47	0.966865	0.985459	0.975	0
PBG64749_6b2c2a7a_f5b9d37a_149.pod5	ae317c76-cb8b-4ecc-9c78-85ab743a6861	f5b9d37a6bda8a8d8f31f0d7b32ca6f19b945080	2220	3	162190	10.016	162190	9.8592	3810	31.0219	unclassified	chr1	92387	95866	103	3810	+	3713	3473	3450	234	6	23	29	0.972966	0.993378	0.929168	0
PBG64749_6b2c2a7a_f5b9d37a_2.pod5	54b5d4e2-d511-4696-ada3-b34061bc7f6d	f5b9d37a6bda8a8d8f31f0d7b32ca6f19b945080	2094	2	1978.5	2.6378	1978.51	2.6358	1087	34.4615	unclassified	chr1	92622	93672	32	1081	+	1050	1049	1048	0	1	1	60	0.965041	0.999047	0.998095	0
PBG64749_6b2c2a7a_f5b9d37a_2.pod5	027b38bb-7a8a-49c9-b696-bb389c5e5159	f5b9d37a6bda8a8d8f31f0d7b32ca6f19b945080	2094	2	1981.51	2.5892	1981.62	2.478	1053	29.8186	unclassified	chr1	92622	93671	5	1053	-	1049	1048	1046	0	1	2	60	0.995252	0.998092	0.99714	0
PBG64749_6b2c2a7a_f5b9d37a_46.pod5	db71279c-60f6-4ac3-ba6b-3dd4095e6d65	f5b9d37a6bda8a8d8f31f0d7b32ca6f19b945080	916	1	33695.4	66.2468	33695.5	66.1332	24733	28.22	unclassified	chr1	92752	117503	0	24733	+	24790	24694	24585	39	57	109	18	1	0.995586	0.991731	0
PBG64749_6b2c2a7a_f5b9d37a_136.pod5	910b8c1a-8707-46e6-85e5-911948a8c0a8	f5b9d37a6bda8a8d8f31f0d7b32ca6f19b945080	1844	2	131368	46.5632	131368	46.4508	19100	10.6725	unclassified	chr1	92980	112348	4	19094	+	19825	18633	17669	457	735	964	59	0.999476	0.948264	0.891248	0
PBG64749_6b2c2a7a_f5b9d37a_142.pod5	aec8bf7d-0fec-4afd-a3b5-e6a9ee1d161c	f5b9d37a6bda8a8d8f31f0d7b32ca6f19b945080	2865	3	142746	24.5992	142746	24.5972	10011	30.1718	unclassified	chr1	93122	103111	38	10003	+	9992	9962	9953	3	27	9	60	0.995405	0.999097	0.996097	0
PBG64749_6b2c2a7a_f5b9d37a_67.pod5	73f63321-cd50-48de-89e9-2f0a56310d62	f5b9d37a6bda8a8d8f31f0d7b32ca6f19b945080	681	2	53913	1.7396	53913.1	1.6404	740	29.5587	unclassified	chr1	93836	94564	0	728	+	728	728	724	0	0	4	41	0.983784	0.994505	0.994505	0
PBG64749_6b2c2a7a_f5b9d37a_144.pod5	7f576847-eaef-47d8-b8ac-d9ba81229e68	f5b9d37a6bda8a8d8f31f0d7b32ca6f19b945080	676	4	147879	9.1964	147879	9.0924	3862	23.0063	unclassified	chr1	94109	97580	392	3862	-	3472	3469	3465	1	2	4	31	0.898498	0.998847	0.997984	0
PBG64749_6b2c2a7a_f5b9d37a_130.pod5	d6bb7ad5-69af-4dff-9651-220395298628	f5b9d37a6bda8a8d8f31f0d7b32ca6f19b945080	2607	3	120347	6.066	120347	6.064	2423	32.1341	unclassified	chr1	94215	96606	21	2406	+	2391	2385	2364	0	6	21	26	0.984317	0.991195	0.988708	0
PBG64749_6b2c2a7a_f5b9d37a_48.pod5	fdf094c0-50e7-4f06-850b-a3ef83bbaf7b	f5b9d37a6bda8a8d8f31f0d7b32ca6f19b945080	78	2	34928.4	1.0064	34928.5	0.882	387	26.9119	unclassified	chr1	94346	94722	11	387	-	376	376	376	0	0	0	0	0.971576	1	1	0
PBG64749_6b2c2a7a_f5b9d37a_93.pod5	4cfcbd99-1cfe-432a-b688-92a7c9bae954	f5b9d37a6bda8a8d8f31f0d7b32ca6f19b945080	2547	4	83649.3	24.356	83649.4	24.2412	10100	28.4751	unclassified	chr1	94569	104683	0	10100	-	10124	10090	10080	10	24	10	60	1	0.999009	0.995654	0
PBG64749_6b2c2a7a_f5b9d37a_53.pod5	f6f86350-d754-40d9-8c32-1055075d07c2	f5b9d37a6bda8a8d8f31f0d7b32ca6f19b945080	2874	4	39221.5	6.158	39221.6	5.9892	2307	26.5948	unclassified	chr1	94581	96886	5	2307	-	2306	2301	2298	1	4	3	60	0.997833	0.998696	0.996531	0
PBG64749_6b2c2a7a_f5b9d37a_53.pod5	821b4c1b-558d-4990-b55e-ede41bcb60ce	f5b9d37a6bda8a8d8f31f0d7b32ca6f19b945080	2874	4	39227.7	4.9796	39227.8	4.8636	2302	23.9246	unclassified	chr1	94583	96876	0	2285	+	2294	2284	2283	1	9	1	60	0.992615	0.999562	0.995205	0
PBG64749_6b2c2a7a_f5b9d37a_92.pod5	9158dc2a-0d0e-46aa-91f6-eb81e89bd4c1	f5b9d37a6bda8a8d8f31f0d7b32ca6f19b945080	256	2	82092.7	1.13	82092.8	1.0716	528	24.3455	unclassified	chr1	94650	95169	7	523	+	521	514	508	2	5	6	13	0.977273	0.988327	0.975048	0
PBG64749_6b2c2a7a_f5b9d37a_25.pod5	871b59f0-fd5a-4bef-822e-00c6a167b8bf	f5b9d37a6bda8a8d8f31f0d7b32ca6f19b945080	1186	4	16680.8	3.2756	16681	3.0804	1136	37.6588	unclassified	chr1	94914	96043	6	1136	-	1130	1129	1121	1	0	8	45	0.994718	0.992914	0.992035	0
PBG64749_6b2c2a7a_f5b9d37a_59.pod5	e92dd734-d759-4c93-8c1a-3f60427fec39	f5b9d37a6bda8a8d8f31f0d7b32ca6f19b945080	726	4	45485.9	97.8856	45485.9	97.8836	37782	30.862	unclassified	chr1	94937	132687	0	37775	+	37810	37715	37592	60	35	123	60	0.999815	0.996739	0.994234	0
PBG64749_6b2c2a7a_f5b9d37a_18.pod5	daab66e7-67ca-4524-bfa2-c54fbd883012	f5b9d37a6bda8a8d8f31f0d7b32ca6f19b945080	808	2	12560.8	2.27	12560.9	2.1864	998	27.325	unclassified	chr1	95038	96023	0	983	+	985	983	982	0	2	1	18	0.98497	0.998983	0.996954	0
PBG64749_6b2c2a7a_f5b9d37a_10.pod5	930c86f0-8fa2-4cfe-82a9-fab830c3f2f0	f5b9d37a6bda8a8d8f31f0d7b32ca6f19b945080	2188	4	7992.81	1.5868	7992.81	1.5848	595	25.971	unclassified	chr1	95194	95751	28	586	+	558	557	555	1	0	2	31	0.937815	0.996409	0.994624	0
PBG64749_6b2c2a7a_f5b9d37a_12.pod5	ffc52364-56bd-483c-b06d-2c386833c569	f5b9d37a6bda8a8d8f31f0d7b32ca6f19b945080	1150	4	9435.08	2.3576	9435.19	2.256	820	24.2005	unclassified	chr1	95743	96555	0	810	+	813	809	808	1	3	1	33	0.987805	0.998764	0.99385	0
PBG64749_6b2c2a7a_f5b9d37a_104.pod5	631b6736-9057-4d34-8926-c977de4fec9b	f5b9d37a6bda8a8d8f31f0d7b32ca6f19b945080	2638	2	92970.1	11.738	92970.2	11.6196	4095	27.257	unclassified	chr1	95746	99841	0	4087	+	4101	4081	4016	6	14	65	21	0.998046	0.984073	0.979273	0
PBG64749_6b2c2a7a_f5b9d37a_132.pod5	396d79a8-8532-42e5-96e4-843faf6df1e9	f5b9d37a6bda8a8d8f31f0d7b32ca6f19b945080	1696	4	123739	7.7948	123739	7.6548	3099	26.9271	unclassified	chr1	96584	99688	0	3094	+	3107	3091	3046	3	13	45	1	0.998387	0.985442	0.980367	0
PBG64749_6b2c2a7a_f5b9d37a_149.pod5	22e398e0-ef0f-4a4f-9585-c0ca3e1f0666	f5b9d37a6bda8a8d8f31f0d7b32ca6f19b945080	2445	3	161941	0.7196	161941	0.5964	245	17.9415	unclassified	chr1	96593	96827	11	245	-	235	233	229	1	1	4	0	0.955102	0.982833	0.974468	0
PBG64749_6b2c2a7a_f5b9d37a_46.pod5	b6e7a056-3115-4015-8a81-836f1b18ee44	f5b9d37a6bda8a8d8f31f0d7b32ca6f19b945080	2771	4	33476.6	1.5632	33476.7	1.4688	636	28.6976	unclassified	chr1	96690	97316	10	636	-	626	626	620	0	0	6	0	0.984277	0.990415	0.990415	0
PBG64749_6b2c2a7a_f5b9d37a_66.pod5	580c35dd-72cc-4142-bb1d-bfc1676a9eb0	f5b9d37a6bda8a8d8f31f0d7b32ca6f19b945080	2169	3	53445.5	3.811	53445.5	3.809	1429	18.1335	unclassified	chr1	96907	98296	7	1398	-	1400	1380	1363	11	9	17	57	0.973408	0.987681	0.973571	0
PBG64749_6b2c2a7a_f5b9d37a_0.pod5	80d4f607-d12f-4f22-aa37-8893628354c5	f5b9d37a6bda8a8d8f31f0d7b32ca6f19b945080	319	4	787.68	8.2118	787.682	8.2098	3452	26.5498	unclassified	chr1	96934	100351	39	3443	+	3421	3400	3398	4	17	2	60	0.986095	0.999412	0.993277	0
PBG64749_6b2c2a7a_f5b9d37a_57.pod5	7b63fe06-32b5-4656-b8e1-380115217c14	f5b9d37a6bda8a8d8f31f0d7b32ca6f19b945080	513	2	44302.7	1.2968	44303	1.0836	325	25.8977	unclassified	chr1	97027	97342	0	315	+	315	315	315	0	0	0	0	0.969231	1	1	0
PBG64749_6b2c2a7a_f5b9d37a_106.pod5	262f4c82-6cdf-4051-9359-a7edd787c309	f5b9d37a6bda8a8d8f31f0d7b32ca6f19b945080	2735	2	94850.4	28.94	94850.5	28.8504	12321	30.4443	unclassified	chr1	97051	109380	3	12321	-	12341	12306	12294	12	23	12	60	0.999757	0.999025	0.996192	0
PBG64749_6b2c2a7a_f5b9d37a_106.pod5	d0e8b1de-50b4-4779-9cdb-425acaca912a	f5b9d37a6bda8a8d8f31f0d7b32ca6f19b945080	2735	2	94819.1	31.2728	94819.2	31.1484	12321	30.6776	unclassified	chr1	97055	109381	0	12315	+	12340	12301	12293	14	25	8	60	0.999513	0.99935	0.996191	0
PBG64749_6b2c2a7a_f5b9d37a_11.pod5	ab0f3045-84ad-40a8-907f-a12349820f6a	f5b9d37a6bda8a8d8f31f0d7b32ca6f19b945080	2322	4	8448.93	20.1116	8449.07	19.9716	7719	33.5962	unclassified	chr1	97722	105445	6	7719	-	7729	7707	7702	6	16	5	60	0.999223	0.999351	0.996507	0
PBG64749_6b2c2a7a_f5b9d37a_119.pod5	9cba8634-d3d5-4626-9e50-db49b8f88fed	f5b9d37a6bda8a8d8f31f0d7b32ca6f19b945080	629	4	108421	2.7188	108421	2.526	1027	28.2213	unclassified	chr1	98874	99897	0	1022	+	1027	1018	1012	4	5	6	1	0.995131	0.994106	0.985394	0
PBG64749_6b2c2a7a_f5b9d37a_124.pod5	3f342d74-74a1-4429-9249-2814226108af	f5b9d37a6bda8a8d8f31f0d7b32ca6f19b945080	414	1	113423	7.556	113423	7.3788	2110	25.1175	unclassified	chr1	99231	101338	0	2110	-	2110	2107	2102	3	0	5	53	1	0.997627	0.996209	0
PBG64749_6b2c2a7a_f5b9d37a_138.pod5	5eb36f35-f839-4329-b559-ee42f8df1eb0	f5b9d37a6bda8a8d8f31f0d7b32ca6f19b945080	1091	2	135680	73.298	135680	73.1112	30590	29.5253	unclassified	chr1	99242	126244	3	26952	-	27039	26912	26785	37	90	127	1	0.880974	0.995281	0.990606	0
PBG64749_6b2c2a7a_f5b9d37a_27.pod5	a1deb2e5-9c59-4242-ab77-e1aa374d7809	f5b9d37a6bda8a8d8f31f0d7b32ca6f19b945080	2176	3	18538.3	7.2908	18538.6	7.0608	2628	31.0374	unclassified	chr1	99529	102151	6	2628	-	2624	2620	2619	2	2	1	60	0.997717	0.999618	0.998094	0
PBG64749_6b2c2a7a_f5b9d37a_85.pod5	6515215b-5387-4966-a5eb-624f6971debb	f5b9d37a6bda8a8d8f31f0d7b32ca6f19b945080	2201	4	76534.4	13.0652	76534.6	12.9432	5139	31.2769	unclassified	chr1	99746	104867	6	5139	-	5135	5119	5117	14	2	2	60	0.998832	0.999609	0.996495	0
PBG64749_6b2c2a7a_f5b9d37a_140.pod5	f988f211-e627-4376-b379-04be5e4bbabf	f5b9d37a6bda8a8d8f31f0d7b32ca6f19b945080	47	3	137667	1.9772	137667	1.8012	705	28.4916	unclassified	chr1	99875	100568	3	696	+	693	693	691	0	0	2	0	0.982979	0.997114	0.997114	0
PBG64749_6b2c2a7a_f5b9d37a_174.pod5	aac7b439-1305-4348-a414-9fdf97619f08	f5b9d37a6bda8a8d8f31f0d7b32ca6f19b945080	1445	3	254676	0.8396	254676	0.666	236	29.9797	unclassified	chr1	100256	100492	0	236	-	236	236	235	0	0	1	0	1	0.995763	0.995763	0
PBG64749_6b2c2a7a_f5b9d37a_83.pod5	eec6d0d0-d475-4863-b79e-63e24943e131	f5b9d37a6bda8a8d8f31f0d7b32ca6f19b945080	1357	1	62537.2	126.847	62537.3	126.709	54535	22.9863	unclassified	chr1	100276	126228	12	25939	-	26042	25837	25667	90	115	170	4	0.475419	0.99342	0.9856	0
PBG64749_6b2c2a7a_f5b9d37a_33.pod5	ad6fe7c0-387f-4584-af7d-530069c6473d	f5b9d37a6bda8a8d8f31f0d7b32ca6f19b945080	1915	2	23397.9	0.7112	23398	0.606	227	28.0722	unclassified	chr1	100846	101064	9	227	-	218	218	218	0	0	0	0	0.960352	1	1	0
PBG64749_6b2c2a7a_f5b9d37a_105.pod5	b984cc01-3cb8-464f-8fd6-357fa9fd9f5c	f5b9d37a6bda8a8d8f31f0d7b32ca6f19b945080	2851	4	94172.6	16.622	94172.8	16.494	6019	27.7023	unclassified	chr1	100860	106873	0	6010	+	6019	6004	5995	6	9	9	60	0.998505	0.998501	0.996013	0
PBG64749_6b2c2a7a_f5b9d37a_105.pod5	8baa95b3-45f0-4fcd-9d95-53b330b2a04a	f5b9d37a6bda8a8d8f31f0d7b32ca6f19b945080	2851	4	94189.5	15.6104	94189.6	15.5004	6022	29.2035	unclassified	chr1	100860	106873	6	6022	-	6024	6005	5998	11	8	7	60	0.999004	0.998834	0.995684	0
PBG64749_6b2c2a7a_f5b9d37a_10.pod5	20f1d527-3d03-4ae2-b1ee-7d8c286eb5e7	f5b9d37a6bda8a8d8f31f0d7b32ca6f19b945080	2626	2	7789.15	44.8208	7789.3	44.6712	17884	31.6483	unclassified	chr1	100888	118765	9	17884	-	17889	17863	17844	12	14	19	60	0.999497	0.998936	0.997485	0
PBG64749_6b2c2a7a_f5b9d37a_0.pod5	ef9df26f-e6b7-4834-a72e-6f441839a983	f5b9d37a6bda8a8d8f31f0d7b32ca6f19b945080	976	2	703.294	117.849	703.396	117.748	46727	29.4455	unclassified	chr1	101045	143999	6	46727	-	46766	42909	42761	3812	45	148	41	0.999872	0.996551	0.914361	0
PBG64749_6b2c2a7a_f5b9d37a_135.pod5	6be61759-b470-4529-988b-b0f867701a3d	f5b9d37a6bda8a8d8f31f0d7b32ca6f19b945080	2056	2	128803	29.9064	128803	29.9044	12649	30.4657	unclassified	chr1	101287	113819	92	12621	-	12551	12510	12419	19	22	91	9	0.990513	0.992726	0.989483	0
PBG64749_6b2c2a7a_f5b9d37a_160.pod5	200d9553-efe7-4ce4-9ea9-ca8a9f0c81ff	f5b9d37a6bda8a8d8f31f0d7b32ca6f19b945080	1420	1	204275	9.2672	204275	9.144	3793	31.7984	unclassified	chr1	101349	105129	0	3787	+	3787	3780	3779	7	0	1	60	0.998418	0.999735	0.997887	0
PBG64749_6b2c2a7a_f5b9d37a_160.pod5	24eb6561-760a-4cec-9187-519c031a4f29	f5b9d37a6bda8a8d8f31f0d7b32ca6f19b945080	1420	1	204284	8.468	204284	8.3748	3787	29.6979	unclassified	chr1	101349	105129	7	3787	-	3787	3773	3771	7	7	2	60	0.998152	0.99947	0.995775	0
PBG64749_6b2c2a7a_f5b9d37a_57.pod5	4d965b4e-fe88-4f13-b413-dac479c03e4e	f5b9d37a6bda8a8d8f31f0d7b32ca6f19b945080	2197	4	44168.9	12.0068	44169	11.8728	4525	26.4681	unclassified	chr1	101430	105943	5	4525	-	4526	4507	4473	13	6	34	2	0.998895	0.992456	0.98829	0
PBG64749_6b2c2a7a_f5b9d37a_17.pod5	f72e3302-48c1-403e-b1e1-e2de962e783c	f5b9d37a6bda8a8d8f31f0d7b32ca6f19b945080	1971	1	12225.8	5.2508	12225.9	5.1	2072	29.439	unclassified	chr1	102009	104073	8	2072	-	2065	2063	2062	1	1	1	60	0.996139	0.999515	0.998547	0
PBG64749_6b2c2a7a_f5b9d37a_156.pod5	7b8e0a5e-a2ed-4a97-bd46-155060a93f6b	f5b9d37a6bda8a8d8f31f0d7b32ca6f19b945080	2374	1	189445	7.1444	189445	6.9996	2756	25.439	unclassified	chr1	102697	105438	0	2750	+	2752	2739	2719	11	2	20	1	0.997823	0.992698	0.988009	0
PBG64749_6b2c2a7a_f5b9d37a_1.pod5	8304deec-3f6a-4732-ac9d-94a644d66144	f5b9d37a6bda8a8d8f31f0d7b32ca6f19b945080	1612	2	1247.96	8.2316	1248.09	8.1036	3447	21.1738	unclassified	chr1	102916	104643	1709	3447	-	1739	1726	1714	12	1	12	1	0.504207	0.993048	0.985624	0
PBG64749_6b2c2a7a_f5b9d37a_72.pod5	64da5ad5-715e-4153-9e5d-fcea112fbc4d	f5b9d37a6bda8a8d8f31f0d7b32ca6f19b945080	90	1	60932.8	0.9402	60932.8	0.9382	281	20.7909	unclassified	chr1	103252	103486	35	269	+	234	234	234	0	0	0	1	0.83274	1	1	0
PBG64749_6b2c2a7a_f5b9d37a_105.pod5	5a829418-0f13-456f-9bf4-ff8195ecf595	f5b9d37a6bda8a8d8f31f0d7b32ca6f19b945080	1110	2	93716	3.2264	93716.1	3.0708	1259	27.993	unclassified	chr1	103349	104607	0	1259	-	1264	1253	1253	6	5	0	60	1	1	0.991297	0
PBG64749_6b2c2a7a_f5b9d37a_90.pod5	fb9f111c-a761-416e-9d25-85d44020c469	f5b9d37a6bda8a8d8f31f0d7b32ca6f19b945080	873	2	80352.6	0.4784	80352.7	0.3756	154	18.7129	unclassified	chr1	103580	103729	0	149	+	149	149	149	0	0	0	0	0.967532	1	1	0
PBG64749_6b2c2a7a_f5b9d37a_90.pod5	6ea4613f-4ed4-400a-855c-0b1e2cabf043	f5b9d37a6bda8a8d8f31f0d7b32ca6f19b945080	1892	3	80618.6	12.4304	80618.7	12.3192	4628	37.0548	unclassified	chr1	103772	108397	0	4628	+	4629	4624	4619	4	1	5	60	1	0.998919	0.99784	0
PBG64749_6b2c2a7a_f5b9d37a_87.pod5	e86f775b-0efb-492e-a3ac-27c5426f67b1	f5b9d37a6bda8a8d8f31f0d7b32ca6f19b945080	53	2	77574.6	0.8108	77574.8	0.6492	217	22.7327	unclassified	chr1	104095	104297	0	206	+	206	202	202	4	0	0	1	0.949309	1	0.980583	0
PBG64749_6b2c2a7a_f5b9d37a_12.pod5	e4f0d609-7298-4b15-a6eb-3cfde557b59d	f5b9d37a6bda8a8d8f31f0d7b32ca6f19b945080	279	3	9239.27	0.6548	9239.36	0.5592	239	32.0242	unclassified	chr1	104310	104540	0	230	+	230	230	230	0	0	0	0	0.962343	1	1	0
PBG64749_6b2c2a7a_f5b9d37a_56.pod5	5387fac2-cab5-45ca-886c-c237b918d972	f5b9d37a6bda8a8d8f31f0d7b32ca6f19b945080	2540	3	43276.1	21.5732	43276.3	21.4224	10286	24.2164	unclassified	chr1	104520	114784	1	10278	+	10289	10252	10210	25	12	42	60	0.999125	0.995903	0.992322	0
PBG64749_6b2c2a7a_f5b9d37a_87.pod5	777d153c-db44-4ec6-b876-dc71e1d9f4f9	f5b9d37a6bda8a8d8f31f0d7b32ca6f19b945080	2597	2	77516.2	7.466	77516.4	7.3164	3029	29.5828	unclassified	chr1	104590	107612	0	3022	+	3022	3022	3016	0	0	6	60	0.997689	0.998015	0.998015	0
PBG64749_6b2c2a7a_f5b9d37a_89.pod5	2d13b23e-3560-46eb-a91b-d556e0dfa48e	f5b9d37a6bda8a8d8f31f0d7b32ca6f19b945080	1663	2	79166.7	17.006	79166.8	16.9092	6834	32.1685	unclassified	chr1	104604	111439	7	6834	-	6843	6819	6760	8	16	59	4	0.998976	0.991348	0.987871	0
PBG64749_6b2c2a7a_f5b9d37a_96.pod5	2c81b0d6-3ac2-447f-9917-77661fcd0fb7	f5b9d37a6bda8a8d8f31f0d7b32ca6f19b945080	117	1	85565.7	2.8748	85565.9	2.7408	1090	20.2397	unclassified	chr1	104647	105729	0	1086	+	1088	1080	1067	6	2	13	0	0.99633	0.987963	0.980699	0
PBG64749_6b2c2a7a_f5b9d37a_106.pod5	27361fcc-854e-452e-b426-7e4d9d5f2bd3	f5b9d37a6bda8a8d8f31f0d7b32ca6f19b945080	2530	1	95350.2	14.3984	95350.4	14.2704	6001	26.963	unclassified	chr1	104982	110968	6	6001	-	5997	5984	5960	11	2	24	33	0.999	0.995989	0.99383	0
PBG64749_6b2c2a7a_f5b9d37a_85.pod5	89414fa2-2419-4bae-94eb-f01c2e51e9d2	f5b9d37a6bda8a8d8f31f0d7b32ca6f19b945080	1070	1	75739	82.213	75739	82.211	32604	30.1076	unclassified	chr1	105039	137288	6	32404	-	32481	32166	31962	232	83	204	9	0.993682	0.993658	0.984021	0
PBG64749_6b2c2a7a_f5b9d37a_93.pod5	ae4f2061-a419-4366-acd0-656567dbb117	f5b9d37a6bda8a8d8f31f0d7b32ca6f19b945080	1820	3	82967.7	5.654	82967.7	5.652	2177	19.4398	unclassified	chr1	105116	107258	34	2177	+	2153	2132	2122	11	10	10	60	0.984382	0.99531	0.985601	0
PBG64749_6b2c2a7a_f5b9d37a_92.pod5	a8d90ebd-aafe-4ac5-8f82-1a68fd19d859	f5b9d37a6bda8a8d8f31f0d7b32ca6f19b945080	2457	2	82323.1	13.8218	82323.1	13.8198	5763	30.732	unclassified	chr1	105187	110912	25	5755	+	5735	5720	5678	10	5	42	7	0.994274	0.992657	0.990061	0
PBG64749_6b2c2a7a_f5b9d37a_79.pod5	9f605a0e-fce8-4dcc-9ca7-42cf87c4e79d	f5b9d37a6bda8a8d8f31f0d7b32ca6f19b945080	801	4	69703.6	17.54	69703.9	17.3088	7172	22.1581	unclassified	chr1	105214	112376	0	7166	+	7180	7148	7094	18	14	54	47	0.999163	0.992445	0.988022	0
PBG64749_6b2c2a7a_f5b9d37a_151.pod5	ca36f0f1-4a08-48c6-9bf0-d7fcf90e8c16	f5b9d37a6bda8a8d8f31f0d7b32ca6f19b945080	1768	4	170117	90.9008	170117	90.7932	33402	28.6621	unclassified	chr1	105377	138135	0	33396	+	33475	32679	32471	717	79	208	5	0.99982	0.993635	0.970007	0
PBG64749_6b2c2a7a_f5b9d37a_127.pod5	62efb429-5209-4c5e-b71c-7dcc0ae29f78	f5b9d37a6bda8a8d8f31f0d7b32ca6f19b945080	2167	4	117514	11.0648	117515	10.9488	4539	24.6159	unclassified	chr1	105466	110011	0	4539	-	4564	4520	4499	19	25	21	36	1	0.995354	0.985758	0
PBG64749_6b2c2a7a_f5b9d37a_64.pod5	3d58c83a-cba5-44f7-adab-fe9d8dd91110	f5b9d37a6bda8a8d8f31f0d7b32ca6f19b945080	2712	4	49948.5	5.396	49948.6	5.256	1977	32.2435	unclassified	chr1	105577	107544	6	1977	-	1971	1967	1964	4	0	3	49	0.996965	0.998475	0.996449	0
PBG64749_6b2c2a7a_f5b9d37a_56.pod5	40182c75-4ae6-431c-9fcf-c93ce1f108d1	f5b9d37a6bda8a8d8f31f0d7b32ca6f19b945080	2682	4	43139.1	12.182	43139.2	12.072	5485	28.2272	unclassified	chr1	105725	111206	6	5485	-	5491	5469	5427	10	12	42	1	0.998906	0.99232	0.988345	0
PBG64749_6b2c2a7a_f5b9d37a_116.pod5	b21e2d98-aa6e-4120-84d5-633c350c774e	f5b9d37a6bda8a8d8f31f0d7b32ca6f19b945080	379	2	104600	12.077	104600	12.075	4484	30.5808	unclassified	chr1	105760	110203	28	4475	+	4454	4436	4419	11	7	17	23	0.991748	0.996168	0.992142	0
PBG64749_6b2c2a7a_f5b9d37a_34.pod5	c667a5d8-d9aa-4cb6-9ba8-8ce0b4d4ac86	f5b9d37a6bda8a8d8f31f0d7b32ca6f19b945080	2238	2	24684.7	5.9784	24684.7	5.9764	2407	12.5228	unclassified	chr1	105792	108162	34	2396	+	2422	2310	2236	52	60	74	12	0.981305	0.967965	0.923204	0
PBG64749_6b2c2a7a_f5b9d37a_95.pod5	7da5c3a0-b23c-4f10-8fa1-140766e523af	f5b9d37a6bda8a8d8f31f0d7b32ca6f19b945080	2553	4	84851.4	30.7928	84851.6	30.606	11153	29.5065	unclassified	chr1	105859	117001	0	11144	+	11150	11136	11104	8	6	32	60	0.999193	0.997126	0.995874	0
PBG64749_6b2c2a7a_f5b9d37a_95.pod5	03284d59-0255-4750-a52c-2b3b02635160	f5b9d37a6bda8a8d8f31f0d7b32ca6f19b945080	2553	4	84897.3	28.4684	84897.4	28.3692	11146	27.4849	unclassified	chr1	105859	117001	7	11146	-	11158	11123	11088	16	19	35	60	0.999372	0.996853	0.993726	0
PBG64749_6b2c2a7a_f5b9d37a_10.pod5	bfac66c2-66c2-4044-a7fa-d20ea33d57bb	f5b9d37a6bda8a8d8f31f0d7b32ca6f19b945080	2518	1	7769.31	26.7536	7769.4	26.664	10491	30.1537	unclassified	chr1	106149	116631	0	10491	+	10498	10475	10462	16	7	13	60	1	0.998759	0.996571	0
PBG64749_6b2c2a7a_f5b9d37a_87.pod5	a7fc9008-ccbc-4bed-8bb4-77d3949917a5	f5b9d37a6bda8a8d8f31f0d7b32ca6f19b945080	1099	3	77643.5	31.3988	77643.6	31.2444	13353	23.6148	unclassified	chr1	106149	119487	0	13346	+	13378	13306	13258	40	32	48	60	0.999476	0.996393	0.99103	0
PBG64749_6b2c2a7a_f5b9d37a_79.pod5	d9998813-ac0b-45c7-ae67-32a4813d2303	f5b9d37a6bda8a8d8f31f0d7b32ca6f19b945080	2586	4	68624.1	5.144	68624.6	4.6692	941	24.9053	unclassified	chr1	106162	107098	5	941	-	936	936	932	0	0	4	22	0.994686	0.995726	0.995726	0
PBG64749_6b2c2a7a_f5b9d37a_6.pod5	10649d4f-4543-4d75-8961-c603b3d05126	f5b9d37a6bda8a8d8f31f0d7b32ca6f19b945080	337	2	4656.92	70.2188	4657.07	70.074	28299	30.1269	unclassified	chr1	106488	126231	0	19701	+	19766	19678	19592	23	65	86	1	0.696173	0.99563	0.991197	0
PBG64749_6b2c2a7a_f5b9d37a_144.pod5	d7d5dbb6-a2a8-4272-b3c4-8c81d3d2325d	f5b9d37a6bda8a8d8f31f0d7b32ca6f19b945080	379	1	146444	11.414	146444	11.412	4720	9.90612	unclassified	chr1	106492	111206	44	4720	+	4866	4524	4273	152	190	251	2	0.990678	0.944518	0.878134	0
PBG64749_6b2c2a7a_f5b9d37a_80.pod5	68fa149c-32f6-495b-a900-70ba4b309f00	f5b9d37a6bda8a8d8f31f0d7b32ca6f19b945080	2158	4	71175.8	4.1756	71175.9	4.0764	1612	34.9319	unclassified	chr1	106809	108412	7	1612	-	1605	1603	1597	2	0	6	1	0.995658	0.996257	0.995016	0
PBG64749_6b2c2a7a_f5b9d37a_104.pod5	e71cb11a-7719-4c78-ae33-f67c366b9e11	f5b9d37a6bda8a8d8f31f0d7b32ca6f19b945080	2490	2	93406.7	4.1876	93406.8	4.0572	1598	34.5111	unclassified	chr1	106952	108543	0	1591	+	1591	1591	1585	0	0	6	0	0.99562	0.996229	0.996229	0
PBG64749_6b2c2a7a_f5b9d37a_51.pod5	cf6184cb-b476-4aa3-94f3-ccbe41941101	f5b9d37a6bda8a8d8f31f0d7b32ca6f19b945080	1489	1	37982.6	20.3312	37982.7	20.2044	7409	28.8814	unclassified	chr1	107017	114429	7	7409	-	7426	7388	7336	14	24	52	7	0.999055	0.992962	0.98788	0
PBG64749_6b2c2a7a_f5b9d37a_37.pod5	be6c7596-455c-4875-b626-88e45c824f59	f5b9d37a6bda8a8d8f31f0d7b32ca6f19b945080	1876	3	26997.3	23.132	26997.5	22.98	9343	30.0053	unclassified	chr1	107097	116423	0	9337	+	9346	9317	9307	20	9	10	60	0.999358	0.998927	0.995827	0
PBG64749_6b2c2a7a_f5b9d37a_63.pod5	ae167e16-f0f7-468f-87aa-252aae115fe6	f5b9d37a6bda8a8d8f31f0d7b32ca6f19b945080	656	4	49035.4	19.4732	49035.5	19.4004	8416	25.0889	unclassified	chr1	107138	115570	8	8416	-	8443	8397	8370	11	35	27	60	0.999049	0.996785	0.991354	0
PBG64749_6b2c2a7a_f5b9d37a_63.pod5	961b2609-743a-4ec7-878e-1bf9015503c9	f5b9d37a6bda8a8d8f31f0d7b32ca6f19b945080	656	4	49010	25.436	49010.1	25.314	8446	31.9639	unclassified	chr1	107139	115571	0	8438	+	8440	8430	8416	8	2	14	60	0.999053	0.998339	0.997156	0
PBG64749_6b2c2a7a_f5b9d37a_148.pod5	4409fb01-e4f9-49b6-8806-50666e9272a7	f5b9d37a6bda8a8d8f31f0d7b32ca6f19b945080	1831	2	158624	2.0972	158624	1.9872	900	28.4422	unclassified	chr1	107229	108119	11	900	-	890	889	885	0	1	4	0	0.987778	0.995501	0.994382	0
PBG64749_6b2c2a7a_f5b9d37a_105.pod5	78f7d513-14e8-4c14-b3e4-7f2cb3191cc2	f5b9d37a6bda8a8d8f31f0d7b32ca6f19b945080	2933	1	93846.5	9.26	93846.7	9.084	3674	28.4046	unclassified	chr1	107277	110932	0	3663	+	3665	3653	3649	10	2	4	60	0.997006	0.998905	0.995634	0
PBG64749_6b2c2a7a_f5b9d37a_23.pod5	949ccd54-b3ce-4dcf-8ffd-b683f38a25e5	f5b9d37a6bda8a8d8f31f0d7b32ca6f19b945080	381	2	16544.1	9.2744	16544.2	9.1464	3668	30.93	unclassified	chr1	107517	111176	0	3662	+	3667	3654	3647	8	5	7	51	0.998364	0.998084	0.994546	0
PBG64749_6b2c2a7a_f5b9d37a_112.pod5	576b1ce3-1b72-40fa-af0c-173edbb597a3	f5b9d37a6bda8a8d8f31f0d7b32ca6f19b945080	715	1	100636	6.3252	100636	6.3232	2431	8.78408	unclassified	chr1	107566	110012	31	2416	+	2501	2330	2155	55	116	175	26	0.981078	0.924893	0.861655	0
PBG64749_6b2c2a7a_f5b9d37a_36.pod5	1ae6075a-5bd1-40dc-b28b-1b0b7d9558ce	f5b9d37a6bda8a8d8f31f0d7b32ca6f19b945080	2336	2	25944.3	9.542	25944.6	9.2832	5067	24.4495	unclassified	chr1	107639	112698	7	5067	-	5074	5045	5023	15	14	22	53	0.998618	0.995639	0.989949	0
PBG64749_6b2c2a7a_f5b9d37a_0.pod5	548e655d-5d59-45ce-a45f-ac4c2122b066	f5b9d37a6bda8a8d8f31f0d7b32ca6f19b945080	1360	2	858.104	2.5328	858.273	2.364	981	31.0659	unclassified	chr1	107686	108665	0	981	+	981	979	979	2	0	0	60	1	1	0.997961	0
PBG64749_6b2c2a7a_f5b9d37a_87.pod5	ceaf4e6f-235f-4026-bb0b-938d4ee25daa	f5b9d37a6bda8a8d8f31f0d7b32ca6f19b945080	2265	3	77905	74.4716	77905.2	74.3124	31173	28.9249	unclassified	chr1	107758	138303	10	31173	-	31259	30449	30262	714	96	187	8	0.999679	0.993859	0.968105	0
PBG64749_6b2c2a7a_f5b9d37a_56.pod5	4db12c5d-bec0-45f1-9438-104af8a4aa24	f5b9d37a6bda8a8d8f31f0d7b32ca6f19b945080	776	1	43244.4	4.7768	43244.5	4.6716	2078	22.9343	unclassified	chr1	107786	109863	0	2078	+	2089	2066	2059	12	11	7	60	1	0.996612	0.985639	0
PBG64749_6b2c2a7a_f5b9d37a_148.pod5	96c8eb8f-8c4f-4d1c-9790-34bc56ead6c9	f5b9d37a6bda8a8d8f31f0d7b32ca6f19b945080	663	1	161439	0.2554	161439	0.2534	109	29.0271	unclassified	chr1	107897	108008	0	109	-	111	109	108	0	2	1	0	1	0.990826	0.972973	0
PBG64749_6b2c2a7a_f5b9d37a_150.pod5	430f4a0c-90d4-4688-a0ff-ab57aa6be0e5	f5b9d37a6bda8a8d8f31f0d7b32ca6f19b945080	2164	2	168967	8.6034	168967	8.6014	2374	6.59415	unclassified	chr1	108363	110607	131	2185	-	2312	1986	1743	68	258	243	1	0.865206	0.877644	0.753893	0
PBG64749_6b2c2a7a_f5b9d37a_128.pod5	5925ea38-d174-4f50-89cd-99c30989a424	f5b9d37a6bda8a8d8f31f0d7b32ca6f19b945080	207	1	118761	1.1984	118761	1.0776	457	29.8989	unclassified	chr1	108479	108934	0	457	-	457	455	455	2	0	0	18	1	1	0.995624	0
PBG64749_6b2c2a7a_f5b9d37a_79.pod5	a75301ff-1a3c-4a45-9fa0-6c93cd3c7b8d	f5b9d37a6bda8a8d8f31f0d7b32ca6f19b945080	669	3	68523.1	20.774	68523.2	20.6772	8780	31.6521	unclassified	chr1	108507	117277	0	8774	+	8779	8765	8755	9	5	10	60	0.999317	0.998859	0.997266	0
PBG64749_6b2c2a7a_f5b9d37a_76.pod5	2f0d69a6-5d02-4bd8-8ec6-a50c6a3b50ae	f5b9d37a6bda8a8d8f31f0d7b32ca6f19b945080	2178	1	64483.2	46.1084	64483.4	45.8892	18916	25.7305	unclassified	chr1	108710	127634	0	18910	+	18944	18890	18833	20	34	57	60	0.999683	0.996983	0.994141	0
PBG64749_6b2c2a7a_f5b9d37a_76.pod5	893a6d3a-96f0-4dae-9a82-97063393b477	f5b9d37a6bda8a8d8f31f0d7b32ca6f19b945080	2178	1	64434.8	48.1628	64434.9	48.0516	18929	27.5473	unclassified	chr1	108710	127634	9	18929	-	18945	18899	18857	21	25	42	60	0.999525	0.997778	0.995355	0
PBG64749_6b2c2a7a_f5b9d37a_95.pod5	602694f6-187a-4627-be99-2a955163b90b	f5b9d37a6bda8a8d8f31f0d7b32ca6f19b945080	1735	4	84932.9	0.8492	84933	0.7572	334	16.3949	unclassified	chr1	108777	109088	0	312	+	312	311	311	1	0	0	8	0.934132	1	0.996795	0
PBG64749_6b2c2a7a_f5b9d37a_154.pod5	a765a136-6383-415d-9afe-98a1ba6a5caf	f5b9d37a6bda8a8d8f31f0d7b32ca6f19b945080	2813	1	182389	3.6236	182389	3.534	1383	36.1933	unclassified	chr1	108904	110274	0	1376	+	1377	1369	1368	7	1	1	45	0.994939	0.99927	0.993464	0
PBG64749_6b2c2a7a_f5b9d37a_7.pod5	c60cafc3-54a5-4308-bd53-7d55fa61a558	f5b9d37a6bda8a8d8f31f0d7b32ca6f19b945080	385	4	6043.32	2.7896	6043.48	2.6316	1028	28.8191	unclassified	chr1	108922	109945	7	1027	-	1025	1018	1011	2	5	7	15	0.992218	0.993124	0.986341	0
PBG64749_6b2c2a7a_f5b9d37a_100.pod5	747c4e91-fc98-483d-a146-8199f1bafbf2	f5b9d37a6bda8a8d8f31f0d7b32ca6f19b945080	2761	4	88575.6	16.4	88575.6	16.398	6450	25.3113	unclassified	chr1	109191	115604	37	6445	+	6429	6392	6374	16	21	18	60	0.993488	0.997184	0.991445	0
PBG64749_6b2c2a7a_f5b9d37a_10.pod5	0d00229f-606a-4cab-af16-6d6f098c55df	f5b9d37a6bda8a8d8f31f0d7b32ca6f19b945080	1663	1	7764.19	50.3936	7764.28	50.3016	22921	29.3798	unclassified	chr1	109336	132260	6	22921	-	22948	22891	22834	24	33	57	60	0.999738	0.99751	0.995032	0
PBG64749_6b2c2a7a_f5b9d37a_10.pod5	d2197366-68f2-4724-815f-dcdb607331ba	f5b9d37a6bda8a8d8f31f0d7b32ca6f19b945080	1663	1	7686.12	78.038	7686.27	77.8884	22931	35.1116	unclassified	chr1	109340	132260	0	22924	+	22941	22903	22860	21	17	43	60	0.999695	0.998123	0.996469	0
PBG64749_6b2c2a7a_f5b9d37a_127.pod5	0d380166-a6e9-48c8-ae6c-b6acaf0100c6	f5b9d37a6bda8a8d8f31f0d7b32ca6f19b945080	896	3	117485	36.3776	117485	36.2652	15855	28.3714	unclassified	chr1	109348	125200	8	15855	-	15874	15825	15799	22	27	26	60	0.999495	0.998357	0.995275	0
PBG64749_6b2c2a7a_f5b9d37a_127.pod5	434684ca-48ab-4034-bfe3-98346bdb7812	f5b9d37a6bda8a8d8f31f0d7b32ca6f19b945080	896	3	117447	38.18	117447	38.0184	15873	29.9631	unclassified	chr1	109351	125200	2	15867	+	15870	15844	15817	21	5	27	60	0.999496	0.998296	0.99666	0
PBG64749_6b2c2a7a_f5b9d37a_80.pod5	99856325-6169-46aa-aaf2-bac73aa5f271	f5b9d37a6bda8a8d8f31f0d7b32ca6f19b945080	2340	1	70826.8	13.4612	70826.9	13.3536	5876	23.1189	unclassified	chr1	109405	113719	0	4304	+	4320	4298	4283	6	16	15	28	0.732471	0.99651	0.991435	0
PBG64749_6b2c2a7a_f5b9d37a_146.pod5	787d8e99-63b6-4e08-9a0c-f116be1ddf29	f5b9d37a6bda8a8d8f31f0d7b32ca6f19b945080	1882	4	152253	2.9372	152253	2.8068	1153	26.9669	unclassified	chr1	109406	110565	1	1153	-	1159	1152	1150	0	7	2	1	0.999133	0.998264	0.992235	0
PBG64749_6b2c2a7a_f5b9d37a_7.pod5	64d93c16-2087-4e1e-a6c8-61cee945aaa1	f5b9d37a6bda8a8d8f31f0d7b32ca6f19b945080	1127	4	5459.94	9.5228	5460.07	9.3936	3124	26.5659	unclassified	chr1	109448	112566	0	3122	+	3125	3115	3108	7	3	7	54	0.99936	0.997753	0.99456	0
PBG64749_6b2c2a7a_f5b9d37a_80.pod5	f25506b0-0e39-4402-ba8d-aa26aeac8a03	f5b9d37a6bda8a8d8f31f0d7b32ca6f19b945080	2943	1	71195	4.106	71195.2	3.9228	1521	22.0878	unclassified	chr1	109544	111059	0	1512	+	1520	1507	1496	5	8	11	10	0.994083	0.992701	0.984211	0
PBG64749_6b2c2a7a_f5b9d37a_33.pod5	80e97172-38a6-40da-b0ab-8dd6aab39edb	f5b9d37a6bda8a8d8f31f0d7b32ca6f19b945080	2418	2	23253.2	0.9476	23253.4	0.8088	315	24.2036	unclassified	chr1	109777	110081	11	315	-	304	304	304	0	0	0	0	0.965079	1	1	0
PBG64749_6b2c2a7a_f5b9d37a_35.pod5	18a4424f-8eaa-4245-8719-f3719f33606b	f5b9d37a6bda8a8d8f31f0d7b32ca6f19b945080	1604	4	24984.3	5.8976	24984.5	5.7204	2303	26.1681	unclassified	chr1	110093	112388	0	2295	+	2299	2291	2275	4	4	16	10	0.996526	0.993016	0.989561	0
PBG64749_6b2c2a7a_f5b9d37a_35.pod5	861797c7-0ffc-4ed6-9e7b-2833c2b78d48	f5b9d37a6bda8a8d8f31f0d7b32ca6f19b945080	1604	4	24978.7	5.6062	24978.7	5.6042	2333	32.3142	unclassified	chr1	110093	112388	6	2302	-	2300	2291	2281	5	4	10	1	0.984141	0.995635	0.991739	0
PBG64749_6b2c2a7a_f5b9d37a_107.pod5	58b3cce2-a8bb-4294-8505-e12d1471f9bf	f5b9d37a6bda8a8d8f31f0d7b32ca6f19b945080	585	4	95568.9	5.4092	95569	5.3208	2068	33.4908	unclassified	chr1	110167	112229	6	2068	-	2065	2059	2056	3	3	3	42	0.997099	0.998543	0.995642	0
PBG64749_6b2c2a7a_f5b9d37a_96.pod5	0414717b-28c2-431d-836e-a6f105814835	f5b9d37a6bda8a8d8f31f0d7b32ca6f19b945080	2813	4	86410.2	14.1752	86410.4	14.028	5560	28.122	unclassified	chr1	110176	115748	7	5560	-	5576	5549	5524	4	23	25	25	0.998741	0.995495	0.990674	0
PBG64749_6b2c2a7a_f5b9d37a_57.pod5	23ca1185-7a8b-468d-8468-ad32b23de5a3	f5b9d37a6bda8a8d8f31f0d7b32ca6f19b945080	1049	2	43728	8.5136	43728.1	8.3916	3166	30.1877	unclassified	chr1	110382	113537	9	3166	-	3159	3153	3144	4	2	9	60	0.997157	0.997146	0.995252	0
PBG64749_6b2c2a7a_f5b9d37a_94.pod5	31e83f24-8d13-4742-ab77-32f38568588e	f5b9d37a6bda8a8d8f31f0d7b32ca6f19b945080	1604	2	83767.6	13.6724	83767.7	13.5276	5683	23.9084	unclassified	chr1	110403	115548	0	5136	+	5158	5123	5106	13	22	17	60	0.903748	0.996682	0.989919	0
PBG64749_6b2c2a7a_f5b9d37a_94.pod5	e735df56-71d4-46ae-90c3-5d93628e8474	f5b9d37a6bda8a8d8f31f0d7b32ca6f19b945080	1604	2	83748	18.8484	83748.1	18.7344	7501	23.9065	unclassified	chr1	110403	115548	9	5152	-	5154	5134	5122	9	11	12	39	0.685642	0.997663	0.993791	0
PBG64749_6b2c2a7a_f5b9d37a_87.pod5	71776d99-1b82-4d01-978d-3d197acf2f72	f5b9d37a6bda8a8d8f31f0d7b32ca6f19b945080	973	2	78277.9	2.8806	78277.9	2.8786	1185	26.8238	unclassified	chr1	110472	111632	0	1158	-	1162	1156	1148	2	4	8	1	0.977215	0.99308	0.987952	0
PBG64749_6b2c2a7a_f5b9d37a_108.pod5	5af1aa41-aea8-4e58-bbff-58d6d25d41f8	f5b9d37a6bda8a8d8f31f0d7b32ca6f19b945080	1551	1	96001.1	69.0912	96001.2	69.0156	31702	23.7243	unclassified	chr1	110582	138792	3221	31702	-	28514	28177	28099	304	33	78	1	0.898398	0.997232	0.985446	0
PBG64749_6b2c2a7a_f5b9d37a_5.pod5	edce82ad-88f8-47f7-8edd-0a334b2f7ba9	f5b9d37a6bda8a8d8f31f0d7b32ca6f19b945080	1825	3	4444.09	8.8292	4444.26	8.658	2999	26.6396	unclassified	chr1	110606	113605	3	2999	-	3001	2994	2986	2	5	8	60	0.999	0.997328	0.995002	0
PBG64749_6b2c2a7a_f5b9d37a_92.pod5	5ac54a88-6205-4f23-a4bd-3a511b73f84e	f5b9d37a6bda8a8d8f31f0d7b32ca6f19b945080	1366	2	82090.4	1.6448	82090.5	1.5408	699	29.7522	unclassified	chr1	110622	111310	11	699	-	688	688	687	0	0	1	37	0.984263	0.998547	0.998547	0
PBG64749_6b2c2a7a_f5b9d37a_55.pod5	df3170f2-4e57-409a-83ba-10dc1b674292	f5b9d37a6bda8a8d8f31f0d7b32ca6f19b945080	1786	2	41708.8	8.0372	41708.9	7.9404	3254	27.4153	unclassified	chr1	110656	113903	5	3254	-	3257	3239	3233	10	8	6	60	0.998463	0.998148	0.992631	0
PBG64749_6b2c2a7a_f5b9d37a_10.pod5	5f5a133b-cf05-4047-873e-3ebd3bee05a9	f5b9d37a6bda8a8d8f31f0d7b32ca6f19b945080	2423	3	8016.98	12.7316	8017.14	12.5736	5118	32.2582	unclassified	chr1	111342	116457	0	5118	-	5120	5113	5106	5	2	7	60	1	0.998631	0.997266	0
PBG64749_6b2c2a7a_f5b9d37a_80.pod5	f938b8d8-a28b-40f7-8ddb-9553b1f5c9e6	f5b9d37a6bda8a8d8f31f0d7b32ca6f19b945080	630	3	71443.7	9.4136	71443.9	9.2664	3807	31.2573	unclassified	chr1	111532	115343	0	3807	+	3811	3807	3802	0	4	5	60	1	0.998687	0.997638	0
PBG64749_6b2c2a7a_f5b9d37a_81.pod5	d273add7-824a-44dd-b42d-919738cc3b78	f5b9d37a6bda8a8d8f31f0d7b32ca6f19b945080	1964	3	72037.3	11.69	72037.4	11.586	4637	27.6718	unclassified	chr1	111574	116200	0	4630	+	4631	4625	4613	5	1	12	60	0.99849	0.997405	0.996113	0
PBG64749_6b2c2a7a_f5b9d37a_121.pod5	7593743b-47cc-4908-b0e3-1ca48581246a	f5b9d37a6bda8a8d8f31f0d7b32ca6f19b945080	2415	4	109116	15.6908	109116	15.5868	6493	30.2026	unclassified	chr1	111764	118260	0	6493	+	6498	6491	6481	2	5	10	60	1	0.998459	0.997384	0
PBG64749_6b2c2a7a_f5b9d37a_80.pod5	451b2fce-71c7-4fd8-bfe6-168dc93631be	f5b9d37a6bda8a8d8f31f0d7b32ca6f19b945080	2210	4	70973	5.474	70973.1	5.2896	2206	27.1106	unclassified	chr1	111826	114020	11	2206	-	2195	2194	2191	1	0	3	55	0.995014	0.998633	0.998178	0
PBG64749_6b2c2a7a_f5b9d37a_122.pod5	38857b66-a20a-4550-92d5-b4b3df7bb4d1	f5b9d37a6bda8a8d8f31f0d7b32ca6f19b945080	456	2	110339	2.23	110339	2.228	804	13.7885	unclassified	chr1	111914	112668	38	792	+	763	745	721	9	9	24	19	0.937811	0.967785	0.944954	0
PBG64749_6b2c2a7a_f5b9d37a_105.pod5	239cd30a-a5bd-4f89-b142-951797360d9f	f5b9d37a6bda8a8d8f31f0d7b32ca6f19b945080	1121	3	94328.9	3.8516	94329	3.7524	1527	33.6348	unclassified	chr1	112260	113787	0	1527	-	1527	1527	1525	0	0	2	60	1	0.99869	0.99869	0
PBG64749_6b2c2a7a_f5b9d37a_11.pod5	d9f82721-ab1c-4394-a25e-3f3d879f076f	f5b9d37a6bda8a8d8f31f0d7b32ca6f19b945080	1549	1	8489.73	33.2564	8489.87	33.1212	12754	28.5734	unclassified	chr1	112341	125089	8	12754	-	12762	12732	12705	14	16	27	60	0.999373	0.997879	0.995534	0
PBG64749_6b2c2a7a_f5b9d37a_148.pod5	42aef69b-574a-4f94-ac53-fc0bbcb8bdb6	f5b9d37a6bda8a8d8f31f0d7b32ca6f19b945080	663	1	161430	0.414	161430	0.412	174	18.9662	unclassified	chr1	112472	112636	1	162	-	164	161	160	0	3	1	0	0.925287	0.993789	0.97561	0
PBG64749_6b2c2a7a_f5b9d37a_16.pod5	157a56ae-e960-4bc5-aeb7-c8f135d710fc	f5b9d37a6bda8a8d8f31f0d7b32ca6f19b945080	840	2	11032.7	11.2784	11032.8	11.0904	4586	36.559	unclassified	chr1	112844	117433	0	4586	-	4590	4585	4581	1	4	4	60	1	0.999128	0.998039	0
PBG64749_6b2c2a7a_f5b9d37a_162.pod5	dcb54f19-0f93-41ca-928f-b75ecf5e0d6a	f5b9d37a6bda8a8d8f31f0d7b32ca6f19b945080	2221	4	210763	2.5168	210763	2.5148	985	25.6503	unclassified	chr1	113038	113984	10	953	-	946	943	941	0	3	2	60	0.95736	0.997879	0.994715	0
PBG64749_6b2c2a7a_f5b9d37a_35.pod5	c13d80f6-0fd0-4ebd-bb0b-40235584dcc8	f5b9d37a6bda8a8d8f31f0d7b32ca6f19b945080	2488	3	25468.6	1.7898	25468.6	1.7878	667	26.3017	unclassified	chr1	113051	113682	11	642	-	631	631	631	0	0	0	60	0.946027	1	1	0
PBG64749_6b2c2a7a_f5b9d37a_90.pod5	55ac50d1-5201-4c96-8233-8dea829697ff	f5b9d37a6bda8a8d8f31f0d7b32ca6f19b945080	1477	1	80304.4	1.0604	80304.6	0.9036	373	21.5441	unclassified	chr1	113459	113661	0	202	+	202	202	202	0	0	0	0	0.541555	1	1	0
PBG64749_6b2c2a7a_f5b9d37a_89.pod5	5ef7e086-afa2-4e09-9c8b-7624c4c91173	f5b9d37a6bda8a8d8f31f0d7b32ca6f19b945080	1522	4	79540	4.9364	79540	4.854	1981	26.0772	unclassified	chr1	113782	115758	0	1976	+	1978	1974	1965	2	2	9	9	0.997476	0.995441	0.993428	0
PBG64749_6b2c2a7a_f5b9d37a_89.pod5	2a536499-1123-46cb-8557-3b11746f57f0	f5b9d37a6bda8a8d8f31f0d7b32ca6f19b945080	1522	4	79544.9	4.5176	79545	4.4376	1990	23.5412	unclassified	chr1	113783	115758	11	1990	-	1980	1974	1967	5	1	7	2	0.994472	0.996454	0.993434	0
PBG64749_6b2c2a7a_f5b9d37a_75.pod5	48aa1d91-e787-46a2-9bfa-6e1d4dee60b4	f5b9d37a6bda8a8d8f31f0d7b32ca6f19b945080	1136	1	63283.4	3.7436	63283.4	3.7416	968	5.42288	unclassified	chr1	113786	114187	565	968	+	403	401	398	2	0	3	12	0.416322	0.992519	0.987593	0
PBG64749_6b2c2a7a_f5b9d37a_58.pod5	0e6785c3-0bff-46bd-860e-75d8926725eb	f5b9d37a6bda8a8d8f31f0d7b32ca6f19b945080	548	4	45328.9	16.4324	45329	16.32	6521	31.006	unclassified	chr1	114037	120559	7	6521	-	6522	6514	6505	0	8	9	60	0.998927	0.998618	0.997393	0
PBG64749_6b2c2a7a_f5b9d37a_140.pod5	b3a3893e-cc43-49e6-9d65-1855e33d9563	f5b9d37a6bda8a8d8f31f0d7b32ca6f19b945080	1972	1	136916	0.8252	136916	0.7308	296	22.4703	unclassified	chr1	114275	114562	0	287	+	287	287	287	0	0	0	0	0.969595	1	1	0
PBG64749_6b2c2a7a_f5b9d37a_87.pod5	c24924a9-7809-4bc1-af1a-0ed77d15dda7	f5b9d37a6bda8a8d8f31f0d7b32ca6f19b945080	2945	1	78233.7	13.448	78233.9	13.2828	4731	31.9317	unclassified	chr1	114713	119437	7	4731	-	4726	4722	4718	2	2	4	49	0.99852	0.999153	0.998307	0
PBG64749_6b2c2a7a_f5b9d37a_86.pod5	6d993c38-8ac3-4cf2-9603-f5d8787cece1	f5b9d37a6bda8a8d8f31f0d7b32ca6f19b945080	1088	4	76632	27.2792	76632.1	27.21	17320	16.9952	unclassified	chr1	114786	132201	0	17320	+	17507	17228	17043	92	187	185	60	1	0.989262	0.973496	0
PBG64749_6b2c2a7a_f5b9d37a_43.pod5	c7fcce75-c900-4061-9e9d-51213ad3c09f	f5b9d37a6bda8a8d8f31f0d7b32ca6f19b945080	1887	2	31477.9	11.1572	31478.1	11.0016	4331	32.3103	unclassified	chr1	114923	119250	2	4331	-	4329	4327	4321	2	0	6	52	0.999538	0.998613	0.998152	0
PBG64749_6b2c2a7a_f5b9d37a_146.pod5	c93412f5-9b33-4efa-9df3-ddb17b32fabf	f5b9d37a6bda8a8d8f31f0d7b32ca6f19b945080	914	2	154235	22.1408	154236	22.0548	8254	29.1008	unclassified	chr1	115085	123342	0	8254	+	8264	8247	8229	7	10	18	57	1	0.997817	0.995765	0
PBG64749_6b2c2a7a_f5b9d37a_3.pod5	d62fc52c-3090-436d-ac6d-773e416675e5	f5b9d37a6bda8a8d8f31f0d7b32ca6f19b945080	976	2	2605.68	0.7076	2605.82	0.5724	290	20.4583	unclassified	chr1	115133	115279	0	143	+	146	143	143	0	3	0	0	0.493103	1	0.979452	0
PBG64749_6b2c2a7a_f5b9d37a_77.pod5	3b15b041-ad22-40cc-8e76-17ba840d9068	f5b9d37a6bda8a8d8f31f0d7b32ca6f19b945080	1549	4	66267.3	26.9756	66267.5	26.7948	10183	28.5817	unclassified	chr1	115201	125387	0	10183	-	10191	10178	10161	5	8	17	60	1	0.99833	0.997056	0
PBG64749_6b2c2a7a_f5b9d37a_125.pod5	871e5068-d585-401a-b4a5-1a7c782f1570	f5b9d37a6bda8a8d8f31f0d7b32ca6f19b945080	2325	3	114606	29.475	114606	29.473	12015	30.815	unclassified	chr1	115255	127242	36	12015	+	11994	11972	11956	7	15	16	60	0.997004	0.998664	0.996832	0
PBG64749_6b2c2a7a_f5b9d37a_116.pod5	b43aff6a-a719-4c57-b13c-461b7e6683d7	f5b9d37a6bda8a8d8f31f0d7b32ca6f19b945080	2420	3	104875	3.3118	104875	3.3098	1303	22.8375	unclassified	chr1	115681	116945	7	1268	-	1266	1259	1256	2	5	3	58	0.967767	0.997617	0.992101	0
PBG64749_6b2c2a7a_f5b9d37a_86.pod5	6c6d2386-3af0-47de-a448-4535ededc454	f5b9d37a6bda8a8d8f31f0d7b32ca6f19b945080	1823	1	76769.7	4.2788	76769.8	4.1772	1814	26.7255	unclassified	chr1	115707	117518	0	1808	+	1811	1808	1803	0	3	5	52	0.996692	0.997235	0.995583	0
PBG64749_6b2c2a7a_f5b9d37a_152.pod5	28cf115e-281f-4519-b8bf-3723bea0d553	f5b9d37a6bda8a8d8f31f0d7b32ca6f19b945080	2176	2	174943	1.2476	174943	1.0956	545	22.3852	unclassified	chr1	115855	116390	0	533	+	536	532	531	1	3	1	0	0.977982	0.99812	0.990672	0
PBG64749_6b2c2a7a_f5b9d37a_132.pod5	189fda93-cd04-4f27-96da-25ee43f8f424	f5b9d37a6bda8a8d8f31f0d7b32ca6f19b945080	2896	4	124075	4.5536	124075	4.5516	1739	25.4052	unclassified	chr1	116135	117835	33	1728	+	1700	1695	1691	0	5	4	16	0.974698	0.99764	0.994706	0
PBG64749_6b2c2a7a_f5b9d37a_135.pod5	27fb96de-810d-4120-8678-11c1d7df3a00	f5b9d37a6bda8a8d8f31f0d7b32ca6f19b945080	78	4	128928	6.1202	128928	6.1182	3066	21.2557	unclassified	chr1	116243	119284	0	3042	-	3051	3032	3019	10	9	13	37	0.992172	0.995712	0.989512	0
PBG64749_6b2c2a7a_f5b9d37a_38.pod5	c0ceea54-824a-4905-a120-6fd4c06de162	f5b9d37a6bda8a8d8f31f0d7b32ca6f19b945080	580	4	28035.7	8.888	28035.8	8.7696	3499	27.8688	unclassified	chr1	116576	120063	9	3499	-	3490	3487	3479	3	0	8	25	0.997428	0.997706	0.996848	0
PBG64749_6b2c2a7a_f5b9d37a_143.pod5	43be4c76-aa90-4213-b46a-390d499c61c6	f5b9d37a6bda8a8d8f31f0d7b32ca6f19b945080	1445	3	145825	23.4944	145825	23.3724	8378	33.7424	unclassified	chr1	116589	120790	0	4203	+	4203	4201	4198	2	0	3	23	0.501671	0.999286	0.99881	0
PBG64749_6b2c2a7a_f5b9d37a_126.pod5	877585cf-5a34-42cc-8ac4-17d844788236	f5b9d37a6bda8a8d8f31f0d7b32ca6f19b945080	667	4	115836	5.862	115836	5.86	2423	34.8043	unclassified	chr1	116807	119186	7	2389	-	2382	2379	2378	3	0	1	36	0.983079	0.99958	0.998321	0
PBG64749_6b2c2a7a_f5b9d37a_30.pod5	9495c2fd-702a-4dc3-b61b-00127c5eeca2	f5b9d37a6bda8a8d8f31f0d7b32ca6f19b945080	67	2	21195.4	3.9116	21195.5	3.7836	1516	26.1578	unclassified	chr1	116834	118346	0	1516	+	1516	1512	1504	4	0	8	13	1	0.994709	0.992084	0
PBG64749_6b2c2a7a_f5b9d37a_87.pod5	6217f57e-4320-4deb-8a56-4cbc38252d7f	f5b9d37a6bda8a8d8f31f0d7b32ca6f19b945080	510	2	78170.4	14.096	78170.5	13.9896	4871	30.7638	unclassified	chr1	117116	121981	0	4864	+	4871	4858	4849	6	7	9	44	0.998563	0.998147	0.995483	0
PBG64749_6b2c2a7a_f5b9d37a_117.pod5	b354308f-5db6-465a-a212-922fef7da8f0	f5b9d37a6bda8a8d8f31f0d7b32ca6f19b945080	2031	4	105676	10.3736	105676	10.2552	4368	27.2426	unclassified	chr1	117128	121504	0	4368	-	4378	4366	4360	2	10	6	60	1	0.998626	0.995889	0
PBG64749_6b2c2a7a_f5b9d37a_28.pod5	2a4ad50c-3ce8-4940-aabe-cd334c1cdf8a	f5b9d37a6bda8a8d8f31f0d7b32ca6f19b945080	2456	2	19287	10.9004	19287.1	10.7964	4689	30.7024	unclassified	chr1	117470	122163	0	4689	-	4697	4685	4679	4	8	6	60	1	0.998719	0.996168	0
PBG64749_6b2c2a7a_f5b9d37a_72.pod5	f0b9bcb5-7b6f-4c9b-ae03-2294b9ef79e1	f5b9d37a6bda8a8d8f31f0d7b32ca6f19b945080	1843	2	60485.7	14.4356	60485.9	14.304	5103	28.3846	unclassified	chr1	117551	122652	0	5097	+	5106	5092	5082	5	9	10	60	0.998824	0.998036	0.9953	0
PBG64749_6b2c2a7a_f5b9d37a_72.pod5	a36a6701-4dbd-4b04-b4d9-e9e74d567ddb	f5b9d37a6bda8a8d8f31f0d7b32ca6f19b945080	1843	2	60500.3	11.816	60500.5	11.6844	5110	28.6741	unclassified	chr1	117551	122651	7	5110	-	5107	5096	5088	7	4	8	60	0.99863	0.99843	0.99628	0
PBG64749_6b2c2a7a_f5b9d37a_77.pod5	57cb4b9c-3391-46a3-9f6d-2f4eedaf6c84	f5b9d37a6bda8a8d8f31f0d7b32ca6f19b945080	2065	3	66382.2	21.5672	66382.3	21.42	8186	29.5805	unclassified	chr1	117624	125810	5	8186	-	8190	8177	8165	4	9	12	60	0.999389	0.998532	0.996947	0
PBG64749_6b2c2a7a_f5b9d37a_46.pod5	06aea61b-012a-4a4e-90eb-5598eccc1dcb	f5b9d37a6bda8a8d8f31f0d7b32ca6f19b945080	2440	4	33328.3	70.79	33328.5	70.5996	21730	19.0006	unclassified	chr1	117687	137702	0	20344	+	20379	19980	19939	364	35	41	60	0.936217	0.997948	0.978409	0
PBG64749_6b2c2a7a_f5b9d37a_110.pod5	1c163b08-6f81-4919-9634-a4f3096c9d25	f5b9d37a6bda8a8d8f31f0d7b32ca6f19b945080	2617	2	98499.9	0.5828	98499.9	0.5808	194	22.3224	unclassified	chr1	117695	117888	0	193	+	193	193	193	0	0	0	0	0.994845	1	1	0
PBG64749_6b2c2a7a_f5b9d37a_57.pod5	73cfaab2-cc10-4493-8a44-8830853dede0	f5b9d37a6bda8a8d8f31f0d7b32ca6f19b945080	2791	4	44050.9	67.2956	44051	67.212	24974	28.7769	unclassified	chr1	118193	140396	0	22546	+	22568	22181	22116	365	22	65	35	0.902779	0.99707	0.979972	0
PBG64749_6b2c2a7a_f5b9d37a_127.pod5	4f484d48-57c5-4ee4-bad4-a79c39ee9f7d	f5b9d37a6bda8a8d8f31f0d7b32ca6f19b945080	137	4	117929	6.2636	117929	6.2616	2267	25.9083	unclassified	chr1	118433	120615	0	2180	-	2182	2180	2177	0	2	3	60	0.961623	0.998624	0.997708	0
PBG64749_6b2c2a7a_f5b9d37a_30.pod5	bf782510-ed81-4dc3-9644-1536c6b42a53	f5b9d37a6bda8a8d8f31f0d7b32ca6f19b945080	1844	3	21111.7	10.4496	21111.7	10.4476	3585	17.4548	unclassified	chr1	118522	121964	11	3446	-	3454	3423	3404	12	19	19	60	0.958159	0.994449	0.985524	0
PBG64749_6b2c2a7a_f5b9d37a_159.pod5	d7856bff-19d2-48a1-a7e3-6d66d368b4c2	f5b9d37a6bda8a8d8f31f0d7b32ca6f19b945080	2303	4	199547	2.4386	199547	2.4366	902	8.62139	unclassified	chr1	118710	119588	35	902	+	911	834	780	33	44	54	1	0.961197	0.935252	0.856202	0
PBG64749_6b2c2a7a_f5b9d37a_168.pod5	376d6487-a324-4b14-883a-7db1c97e0162	f5b9d37a6bda8a8d8f31f0d7b32ca6f19b945080	1019	3	232930	9.806	232930	9.7116	4176	28.4261	unclassified	chr1	118823	122998	0	4168	+	4177	4166	4159	2	9	7	60	0.998084	0.99832	0.995691	0
PBG64749_6b2c2a7a_f5b9d37a_16.pod5	57b3e5b4-5f0d-4745-91dc-3a3ac90c1d30	f5b9d37a6bda8a8d8f31f0d7b32ca6f19b945080	1340	1	11795.7	11.9858	11795.7	11.9838	4264	6.24953	unclassified	chr1	118843	123450	46	4264	+	4780	4045	3569	173	562	476	3	0.989212	0.882324	0.746653	0
PBG64749_6b2c2a7a_f5b9d37a_109.pod5	eabdffff-437e-4dde-a492-428a7f6535fe	f5b9d37a6bda8a8d8f31f0d7b32ca6f19b945080	2971	3	97170.3	7.4936	97170.4	7.3656	3158	23.7879	unclassified	chr1	119040	122181	0	3141	+	3144	3138	3130	3	3	8	3	0.994617	0.997451	0.995547	0
PBG64749_6b2c2a7a_f5b9d37a_109.pod5	c052b857-8a00-443d-9003-820f04245955	f5b9d37a6bda8a8d8f31f0d7b32ca6f19b945080	2971	3	97162.1	8.1452	97162.2	7.9836	3145	34.2946	unclassified	chr1	119041	122184	0	3145	-	3148	3140	3134	5	3	6	2	1	0.998089	0.995553	0
PBG64749_6b2c2a7a_f5b9d37a_168.pod5	f46c2aa5-9877-454d-baab-1c25532f6ff7	f5b9d37a6bda8a8d8f31f0d7b32ca6f19b945080	1019	3	232920	9.254	232920	9.1212	3923	32.8184	unclassified	chr1	119073	122998	0	3923	-	3927	3921	3916	2	4	5	60	1	0.998725	0.997199	0
PBG64749_6b2c2a7a_f5b9d37a_102.pod5	72864fe8-02e4-4d6d-8bd2-56ffb6986e31	f5b9d37a6bda8a8d8f31f0d7b32ca6f19b945080	2523	4	90485.4	53.3396	90485.5	53.2236	21414	20.882	unclassified	chr1	119149	140241	9	21414	-	21488	21009	20882	396	83	127	60	0.99958	0.993955	0.971798	0
PBG64749_6b2c2a7a_f5b9d37a_36.pod5	eab6487b-e2e7-4102-94ae-d4ca03cea030	f5b9d37a6bda8a8d8f31f0d7b32ca6f19b945080	2640	1	26211.9	10.0496	26212	9.8988	4055	31.8917	unclassified	chr1	119151	123196	7	4055	-	4050	4043	4033	5	2	10	25	0.998274	0.997527	0.995802	0
PBG64749_6b2c2a7a_f5b9d37a_76.pod5	cfd133cd-ca52-48f9-8d1f-fe15eb761ff7	f5b9d37a6bda8a8d8f31f0d7b32ca6f19b945080	2755	3	64940.6	13.8356	64940.6	13.7508	5589	27.886	unclassified	chr1	119169	122281	0	3110	-	3114	3108	3098	2	4	10	15	0.55645	0.996782	0.994862	0
PBG64749_6b2c2a7a_f5b9d37a_86.pod5	5acc88e1-aa17-429d-a9ed-af32f3e5d937	f5b9d37a6bda8a8d8f31f0d7b32ca6f19b945080	64	3	76777.8	23.9492	76777.9	23.8524	9151	23.63	unclassified	chr1	119407	128566	0	9151	-	9178	9132	9092	19	27	40	49	1	0.99562	0.99063	0
PBG64749_6b2c2a7a_f5b9d37a_43.pod5	f2ea9d19-00ff-49ea-bc9d-fe9a5b5c608f	f5b9d37a6bda8a8d8f31f0d7b32ca6f19b945080	2462	1	31601.8	14.888	31601.9	14.7924	6111	33.5836	unclassified	chr1	119472	125569	0	6101	+	6101	6097	6090	4	0	7	60	0.998364	0.998852	0.998197	0
PBG64749_6b2c2a7a_f5b9d37a_123.pod5	2233f988-c180-41cd-ba97-bbd64f9c4b6d	f5b9d37a6bda8a8d8f31f0d7b32ca6f19b945080	2686	1	111534	34.2464	111534	34.1424	14028	30.9737	unclassified	chr1	119524	133552	0	14023	+	14040	14011	13971	12	17	40	60	0.999644	0.997145	0.995085	0
PBG64749_6b2c2a7a_f5b9d37a_10.pod5	ab7e9bc8-2b5b-467b-80d3-8f02b75d218b	f5b9d37a6bda8a8d8f31f0d7b32ca6f19b945080	430	1	7709.93	4.0976	7710.03	3.9996	1756	29.1248	unclassified	chr1	119543	121296	0	1749	+	1753	1749	1746	0	4	3	60	0.996014	0.998285	0.996007	0
PBG64749_6b2c2a7a_f5b9d37a_10.pod5	b6d44e72-a7f0-425a-acde-81155315367e	f5b9d37a6bda8a8d8f31f0d7b32ca6f19b945080	430	1	7705.59	4.254	7705.65	4.194	1757	27.6514	unclassified	chr1	119543	121296	4	1757	-	1754	1752	1750	1	1	2	60	0.997723	0.998858	0.99772	0
PBG64749_6b2c2a7a_f5b9d37a_92.pod5	d1aad275-ca36-4385-b479-a32683ad70dc	f5b9d37a6bda8a8d8f31f0d7b32ca6f19b945080	2847	3	82766.2	2.3242	82766.2	2.3222	827	27.691	unclassified	chr1	119610	120395	10	795	-	785	785	785	0	0	0	60	0.949214	1	1	0
PBG64749_6b2c2a7a_f5b9d37a_5.pod5	056123bb-7957-42e1-8b0c-1b3b1ed09b85	f5b9d37a6bda8a8d8f31f0d7b32ca6f19b945080	2463	3	3801.77	20.2304	3801.91	20.0952	8018	30.3117	unclassified	chr1	119690	127695	0	8011	+	8013	8003	7984	8	2	19	60	0.999127	0.997626	0.996381	0
PBG64749_6b2c2a7a_f5b9d37a_142.pod5	a3a5edcd-8ba9-4fd7-befe-cdfe4e24fd88	f5b9d37a6bda8a8d8f31f0d7b32ca6f19b945080	1608	1	141558	50.936	141558	50.8152	19464	24.3638	unclassified	chr1	120030	140180	9	19464	-	20358	19247	19112	208	903	135	1	0.999538	0.992986	0.938796	0
PBG64749_6b2c2a7a_f5b9d37a_76.pod5	5fb92614-92fc-4011-8ba1-0131689ae46b	f5b9d37a6bda8a8d8f31f0d7b32ca6f19b945080	876	3	65179.8	15.3236	65179.9	15.2196	6197	28.0809	unclassified	chr1	120034	123357	5	3326	-	3324	3320	3315	1	3	5	25	0.535904	0.998494	0.997292	0
PBG64749_6b2c2a7a_f5b9d37a_76.pod5	585e2805-fc01-44b9-8a59-a722af9dca96	f5b9d37a6bda8a8d8f31f0d7b32ca6f19b945080	876	3	65195.3	14.09	65195.3	14.0076	6191	26.1195	unclassified	chr1	120036	123357	0	3307	+	3321	3307	3295	0	14	12	26	0.534163	0.996371	0.992171	0
PBG64749_6b2c2a7a_f5b9d37a_26.pod5	ac4bd6ee-bdb2-47b6-a41a-30cab5040c78	f5b9d37a6bda8a8d8f31f0d7b32ca6f19b945080	1295	3	18335.8	6.6428	18335.9	6.5316	2701	34.9083	unclassified	chr1	120221	122909	9	2701	-	2693	2687	2682	5	1	5	1	0.996668	0.998139	0.995915	0
PBG64749_6b2c2a7a_f5b9d37a_128.pod5	03925495-71db-4ef7-ae28-49c1955ca198	f5b9d37a6bda8a8d8f31f0d7b32ca6f19b945080	1548	3	119609	2.9108	119609	2.8212	1133	36.5589	unclassified	chr1	120359	121483	0	1127	+	1127	1124	1121	3	0	3	7	0.994704	0.997331	0.994676	0
PBG64749_6b2c2a7a_f5b9d37a_91.pod5	e763d7d7-a0a2-4642-aa21-aadf180a5a60	f5b9d37a6bda8a8d8f31f0d7b32ca6f19b945080	443	2	81594.1	1.2432	81594.1	1.2412	494	10.0673	unclassified	chr1	120645	121098	41	494	+	467	439	412	14	14	27	39	0.917004	0.938497	0.882227	0
PBG64749_6b2c2a7a_f5b9d37a_43.pod5	bed28fee-6591-4378-abba-376c2621e842	f5b9d37a6bda8a8d8f31f0d7b32ca6f19b945080	146	4	31358.4	11.3492	31358.5	11.2284	4105	30.6417	unclassified	chr1	120668	124770	7	4105	-	4103	4097	4090	1	5	7	24	0.998295	0.998291	0.996832	0
PBG64749_6b2c2a7a_f5b9d37a_29.pod5	70946b0f-d5d1-4786-b6fa-d2b15a319da8	f5b9d37a6bda8a8d8f31f0d7b32ca6f19b945080	377	4	20123.2	15.8552	20123.3	15.7512	5845	27.6709	unclassified	chr1	120821	126658	8	5845	-	5844	5830	5813	7	7	17	55	0.998631	0.997084	0.994695	0
PBG64749_6b2c2a7a_f5b9d37a_91.pod5	012c9681-64e8-4ccd-8b96-56edd103ea46	f5b9d37a6bda8a8d8f31f0d7b32ca6f19b945080	1582	4	81963.4	15.572	81963.5	15.468	6189	33.4833	unclassified	chr1	121182	127371	6	6189	-	6190	6182	6168	1	7	14	50	0.999031	0.997735	0.996446	0
PBG64749_6b2c2a7a_f5b9d37a_100.pod5	0cff1406-2106-4858-b641-f1cbd519097e	f5b9d37a6bda8a8d8f31f0d7b32ca6f19b945080	1152	1	89240.6	18.2864	89240.7	18.1644	8204	26.0167	unclassified	chr1	121211	129425	6	8204	-	8219	8193	8171	5	21	22	60	0.999269	0.997315	0.99416	0
PBG64749_6b2c2a7a_f5b9d37a_93.pod5	80b5614d-cc1a-4d4c-912e-5fe366545734	f5b9d37a6bda8a8d8f31f0d7b32ca6f19b945080	2428	4	82885.5	21.8744	82885.6	21.7596	9281	29.1482	unclassified	chr1	121258	130550	0	9277	+	9295	9274	9245	3	18	29	47	0.999569	0.996873	0.994621	0
PBG64749_6b2c2a7a_f5b9d37a_73.pod5	ee99c4ad-30a2-4d83-a9a7-4e7960f76f48	f5b9d37a6bda8a8d8f31f0d7b32ca6f19b945080	2304	3	61639.5	9.434	61639.7	9.3072	3818	30.6252	unclassified	chr1	121907	125725	0	3812	+	3819	3811	3805	1	7	6	60	0.998429	0.998426	0.996334	0
PBG64749_6b2c2a7a_f5b9d37a_19.pod5	9345ffdf-ab04-42bb-b09b-755e07865d3b	f5b9d37a6bda8a8d8f31f0d7b32ca6f19b945080	120	4	13332	1.0328	13332.1	0.9	355	26.2462	unclassified	chr1	121911	122255	11	355	-	344	344	344	0	0	0	10	0.969014	1	1	0
PBG64749_6b2c2a7a_f5b9d37a_70.pod5	925c643b-1be7-4d75-9ce2-4ed2fb85ff28	f5b9d37a6bda8a8d8f31f0d7b32ca6f19b945080	2336	4	58469.1	39.6548	58469.2	39.5388	15792	12.3831	unclassified	chr1	121938	131370	6505	15792	-	9655	9064	8664	223	368	400	16	0.588083	0.955869	0.897359	0
PBG64749_6b2c2a7a_f5b9d37a_133.pod5	4ddce062-b872-4232-8dcc-67ad3b6a86e0	f5b9d37a6bda8a8d8f31f0d7b32ca6f19b945080	1346	4	125485	0.5336	125485	0.5316	204	23.298	unclassified	chr1	121996	122171	2	177	-	175	175	175	0	0	0	0	0.857843	1	1	0
PBG64749_6b2c2a7a_f5b9d37a_150.pod5	17551614-af72-4679-8f9e-26a7e4af95eb	f5b9d37a6bda8a8d8f31f0d7b32ca6f19b945080	1096	1	167617	6.5048	167617	6.4248	2873	26.9279	unclassified	chr1	122303	125172	0	2866	+	2873	2862	2857	4	7	5	60	0.997564	0.998253	0.994431	0
PBG64749_6b2c2a7a_f5b9d37a_35.pod5	ce1f00ff-4204-4566-ac6f-38268e4715be	f5b9d37a6bda8a8d8f31f0d7b32ca6f19b945080	2240	2	25207.5	3.3584	25207.6	3.2136	1178	22.2459	unclassified	chr1	122372	123542	6	1178	-	1178	1164	1163	8	6	1	17	0.994907	0.999141	0.987267	0
PBG64749_6b2c2a7a_f5b9d37a_62.pod5	5aa6933e-4168-4905-abb5-2e3a0354f5f3	f5b9d37a6bda8a8d8f31f0d7b32ca6f19b945080	304	1	48217.6	3.2804	48217.7	3.1584	1063	38.5723	unclassified	chr1	122539	123595	0	1054	+	1060	1050	1050	4	6	0	18	0.991533	1	0.990566	0
PBG64749_6b2c2a7a_f5b9d37a_56.pod5	5f5a3481-58a9-4546-a2aa-3e1c35b3d1e4	f5b9d37a6bda8a8d8f31f0d7b32ca6f19b945080	656	1	42656.5	2.324	42656.7	2.148	546	28.4972	unclassified	chr1	122604	123140	12	546	-	536	534	534	0	2	0	53	0.978022	1	0.996269	0
PBG64749_6b2c2a7a_f5b9d37a_26.pod5	3d21ae0d-8482-4d4b-8517-6446ae20a2c0	f5b9d37a6bda8a8d8f31f0d7b32ca6f19b945080	638	3	17778	9.2816	17778.2	9.1104	3394	34.7324	unclassified	chr1	122790	126182	0	3388	+	3392	3388	3380	0	4	8	60	0.998232	0.997639	0.996462	0
PBG64749_6b2c2a7a_f5b9d37a_93.pod5	2b304323-4b7e-4953-8879-5e363f14d99d	f5b9d37a6bda8a8d8f31f0d7b32ca6f19b945080	1941	1	83258.1	3.569	83258.1	3.567	1426	28.7674	unclassified	chr1	122804	124200	0	1396	-	1397	1395	1389	1	1	6	60	0.978962	0.995699	0.994273	0
PBG64749_6b2c2a7a_f5b9d37a_162.pod5	36474f72-223d-4691-850c-51b56b92640f	f5b9d37a6bda8a8d8f31f0d7b32ca6f19b945080	2566	3	211705	0.6854	211705	0.6834	249	8.97427	unclassified	chr1	122831	123030	54	247	+	205	187	180	6	12	7	1	0.7751	0.962567	0.878049	0
PBG64749_6b2c2a7a_f5b9d37a_40.pod5	33fbcffd-3f0e-4b1c-9b84-4b7fc75d3018	f5b9d37a6bda8a8d8f31f0d7b32ca6f19b945080	1538	2	28417.1	10.3928	28417.3	10.2492	3804	35.3977	unclassified	chr1	122836	126638	0	3797	+	3803	3796	3792	1	6	4	60	0.99816	0.998946	0.997108	0
PBG64749_6b2c2a7a_f5b9d37a_124.pod5	89d7a44a-7039-4511-9a63-19ffee96fb70	f5b9d37a6bda8a8d8f31f0d7b32ca6f19b945080	2551	4	113639	1.9424	113639	1.8168	811	26.1462	unclassified	chr1	122863	123662	0	798	+	799	798	796	0	1	2	35	0.98397	0.997494	0.996245	0
PBG64749_6b2c2a7a_f5b9d37a_124.pod5	281b27d7-baf3-4367-b10a-03cbc9049ff1	f5b9d37a6bda8a8d8f31f0d7b32ca6f19b945080	2551	4	113641	1.9844	113641	1.8516	811	25.8804	unclassified	chr1	122863	123662	12	811	-	799	799	795	0	0	4	36	0.985203	0.994994	0.994994	0
PBG64749_6b2c2a7a_f5b9d37a_53.pod5	9ccae0bb-008a-48be-8956-9120ef799837	f5b9d37a6bda8a8d8f31f0d7b32ca6f19b945080	840	3	39672.2	2.0888	39672.3	1.9992	856	31.2313	unclassified	chr1	123006	123852	12	856	-	846	844	844	0	2	0	20	0.985981	1	0.997636	0
PBG64749_6b2c2a7a_f5b9d37a_110.pod5	457e281f-39e1-43aa-97ee-75476e217e68	f5b9d37a6bda8a8d8f31f0d7b32ca6f19b945080	2747	4	97521.9	6.644	97522.1	6.4908	2136	31.3901	unclassified	chr1	123068	125200	6	2136	-	2133	2129	2123	1	3	6	60	0.997191	0.997182	0.995312	0
PBG64749_6b2c2a7a_f5b9d37a_79.pod5	b17a03a7-e35d-4d43-bfc1-b0e97cffd832	f5b9d37a6bda8a8d8f31f0d7b32ca6f19b945080	1626	3	69731.7	1.004	69731.8	0.9084	392	21.8556	unclassified	chr1	123155	123536	0	381	+	381	381	380	0	0	1	0	0.971939	0.997375	0.997375	0
PBG64749_6b2c2a7a_f5b9d37a_112.pod5	0a722e3d-b47a-419e-b01a-e0dc8cb0f70a	f5b9d37a6bda8a8d8f31f0d7b32ca6f19b945080	1460	1	100453	2.066	100453	1.9944	814	25.6144	unclassified	chr1	123185	123996	3	814	-	811	811	808	0	0	3	51	0.996315	0.996301	0.996301	0
PBG64749_6b2c2a7a_f5b9d37a_126.pod5	6fb6055f-cfd6-4886-a29c-6a2a3f4b8a47	f5b9d37a6bda8a8d8f31f0d7b32ca6f19b945080	1668	1	116707	24.3476	116707	24.3456	9434	23.9318	unclassified	chr1	123264	132652	1	9380	-	9409	9358	9333	21	30	25	60	0.99417	0.997328	0.991923	0
PBG64749_6b2c2a7a_f5b9d37a_153.pod5	405bf5c1-cdeb-4be1-b333-7194b1978d55	f5b9d37a6bda8a8d8f31f0d7b32ca6f19b945080	2360	1	177559	22.6136	177559	22.4592	8595	25.5315	unclassified	chr1	123289	131878	0	8588	+	8601	8576	8536	12	13	40	27	0.999186	0.995336	0.992443	0
PBG64749_6b2c2a7a_f5b9d37a_29.pod5	a51d7ce1-4cb2-45c9-b960-3867da577007	f5b9d37a6bda8a8d8f31f0d7b32ca6f19b945080	2385	2	19818.8	12.3536	19818.8	12.3516	4473	30.2738	unclassified	chr1	123436	127862	39	4466	+	4427	4426	4416	1	0	10	60	0.989716	0.997741	0.997515	0
PBG64749_6b2c2a7a_f5b9d37a_115.pod5	f5b822dd-8628-405e-b678-fe3209498e8b	f5b9d37a6bda8a8d8f31f0d7b32ca6f19b945080	2309	1	103657	1.0856	103657	0.9552	307	18.0719	unclassified	chr1	123538	123668	0	130	+	130	130	130	0	0	0	1	0.423453	1	1	0
PBG64749_6b2c2a7a_f5b9d37a_106.pod5	c07c661a-977a-41b0-82ba-c8463070aef9	f5b9d37a6bda8a8d8f31f0d7b32ca6f19b945080	1300	3	95395	0.6408	95395	0.6388	228	12.148	unclassified	chr1	123703	123900	36	227	+	199	189	182	2	8	7	7	0.837719	0.962963	0.914573	0
PBG64749_6b2c2a7a_f5b9d37a_96.pod5	5887b971-8104-478b-8d85-806a3682f023	f5b9d37a6bda8a8d8f31f0d7b32ca6f19b945080	992	1	85884.4	6.3932	85884.5	6.282	2785	35.4119	unclassified	chr1	123729	126514	0	2778	+	2785	2778	2773	0	7	5	60	0.997487	0.9982	0.995691	0
PBG64749_6b2c2a7a_f5b9d37a_96.pod5	0d46621a-0066-48e5-a8a0-0f83340d0de1	f5b9d37a6bda8a8d8f31f0d7b32ca6f19b945080	992	1	85809	6.7808	85809.1	6.6948	2786	27.9677	unclassified	chr1	123729	126514	5	2786	-	2785	2781	2772	0	4	9	60	0.998205	0.996764	0.995332	0
PBG64749_6b2c2a7a_f5b9d37a_136.pod5	64099a2c-079c-48b2-9ced-2e1811362598	f5b9d37a6bda8a8d8f31f0d7b32ca6f19b945080	1190	3	131517	27.026	131517	26.8692	9885	29.6474	unclassified	chr1	123785	133657	10	9885	-	9884	9863	9850	12	9	13	60	0.998988	0.998682	0.99656	0
PBG64749_6b2c2a7a_f5b9d37a_116.pod5	218c2752-5ead-461d-b654-53244ad58de5	f5b9d37a6bda8a8d8f31f0d7b32ca6f19b945080	2528	3	104945	15.5288	104945	15.3756	6588	28.5291	unclassified	chr1	123802	130403	0	6588	+	6606	6583	6566	5	18	17	53	1	0.997418	0.993945	0
PBG64749_6b2c2a7a_f5b9d37a_88.pod5	262a4e7a-5a5a-4a1a-8e02-0678db909fe6	f5b9d37a6bda8a8d8f31f0d7b32ca6f19b945080	863	3	78853.3	14.8252	78853.3	14.8232	5937	12.4515	unclassified	chr1	123857	129779	33	5930	+	6035	5784	5582	113	138	202	37	0.993263	0.965076	0.924938	0
PBG64749_6b2c2a7a_f5b9d37a_76.pod5	c6f22cc2-0c9f-4a02-a153-6f192480b92a	f5b9d37a6bda8a8d8f31f0d7b32ca6f19b945080	863	2	64364.5	21.832	64364.5	21.83	8735	29.4761	unclassified	chr1	123865	132573	6	8701	-	8714	8689	8663	6	19	26	60	0.995421	0.997008	0.994147	0
PBG64749_6b2c2a7a_f5b9d37a_88.pod5	a6993f5f-6635-4e45-a856-aa6271a6555a	f5b9d37a6bda8a8d8f31f0d7b32ca6f19b945080	863	3	78868.2	13.4828	78868.2	13.4808	5876	9.7542	unclassified	chr1	123867	129779	16	5843	-	6095	5644	5291	183	268	353	29	0.991661	0.937456	0.868089	0
PBG64749_6b2c2a7a_f5b9d37a_77.pod5	5c2d8300-6f3e-4279-bacb-56d901d404bb	f5b9d37a6bda8a8d8f31f0d7b32ca6f19b945080	1290	2	66364.6	0.8384	66364.7	0.6936	201	19.4113	unclassified	chr1	123889	124079	0	190	+	190	190	190	0	0	0	15	0.945274	1	1	0
PBG64749_6b2c2a7a_f5b9d37a_133.pod5	290cdc92-756c-4255-93bb-b10c2259bef7	f5b9d37a6bda8a8d8f31f0d7b32ca6f19b945080	1272	1	125584	4.5068	125584	4.4196	2036	30.7386	unclassified	chr1	123958	125997	0	2036	+	2043	2032	2031	4	7	1	60	1	0.999508	0.994126	0
PBG64749_6b2c2a7a_f5b9d37a_153.pod5	aa3c7630-b61f-4ce8-9dfd-c44ce3a84fbb	f5b9d37a6bda8a8d8f31f0d7b32ca6f19b945080	1436	2	178768	12.5408	178768	12.3888	5160	26.5884	unclassified	chr1	123968	129128	0	5156	+	5168	5148	5140	8	12	8	60	0.999225	0.998446	0.994582	0
PBG64749_6b2c2a7a_f5b9d37a_85.pod5	5c4a1b74-b079-440a-9257-65ab12edefb2	f5b9d37a6bda8a8d8f31f0d7b32ca6f19b945080	2457	3	76380.1	25.0508	76380.2	24.9612	10266	26.7678	unclassified	chr1	124112	134380	7	10266	-	10275	10252	10233	7	16	19	60	0.999318	0.998147	0.995912	0
PBG64749_6b2c2a7a_f5b9d37a_85.pod5	5e0a91f1-a424-4b2c-aeee-b3072ebd4304	f5b9d37a6bda8a8d8f31f0d7b32ca6f19b945080	2457	3	76354.5	25.6604	76354.6	25.5444	10261	32.8033	unclassified	chr1	124114	134380	0	10254	+	10271	10249	10237	5	17	12	60	0.999318	0.998829	0.99669	0
PBG64749_6b2c2a7a_f5b9d37a_92.pod5	85bd2f4d-9025-491b-97d2-4d306961ef98	f5b9d37a6bda8a8d8f31f0d7b32ca6f19b945080	1989	1	82405.7	8.1872	82405.8	8.0676	3354	29.557	unclassified	chr1	124161	127509	8	3354	-	3349	3345	3338	1	3	7	59	0.997615	0.997907	0.996715	0
PBG64749_6b2c2a7a_f5b9d37a_13.pod5	c3cedc9b-8e0f-4541-b0d6-0d7d8f83aec9	f5b9d37a6bda8a8d8f31f0d7b32ca6f19b945080	987	3	9537.02	2.696	9537.14	2.5776	1020	28.5209	unclassified	chr1	124235	125257	0	1020	+	1022	1020	1019	0	2	1	25	1	0.99902	0.997065	0
PBG64749_6b2c2a7a_f5b9d37a_141.pod5	3b476e05-da8d-4633-8170-f2648d622049	f5b9d37a6bda8a8d8f31f0d7b32ca6f19b945080	2892	2	140458	5.2568	140458	5.1888	2152	27.4095	unclassified	chr1	124306	126450	0	2141	+	2146	2139	2131	2	5	8	42	0.994888	0.99626	0.99301	0
PBG64749_6b2c2a7a_f5b9d37a_141.pod5	a83771a3-cbef-4a1d-a4df-92e8f81d88c5	f5b9d37a6bda8a8d8f31f0d7b32ca6f19b945080	2892	2	140453	5.816	140453	5.7096	2144	28.3088	unclassified	chr1	124306	126449	6	2144	-	2143	2138	2133	0	5	5	44	0.997202	0.997661	0.995334	0
PBG64749_6b2c2a7a_f5b9d37a_72.pod5	e104990f-2186-493e-ab32-b439c9c024e4	f5b9d37a6bda8a8d8f31f0d7b32ca6f19b945080	2776	1	60333.8	6.4664	60333.9	6.3228	2465	29.4321	unclassified	chr1	124505	126973	0	2465	-	2469	2464	2461	1	4	3	60	1	0.998782	0.99676	0
PBG64749_6b2c2a7a_f5b9d37a_20.pod5	019871df-c5c4-4a90-bb22-5b62ebf7dba2	f5b9d37a6bda8a8d8f31f0d7b32ca6f19b945080	1621	3	13875.9	11.6984	13876.1	11.5668	4670	30.7445	unclassified	chr1	124525	129192	7	4670	-	4669	4661	4646	2	6	15	18	0.998501	0.996782	0.995074	0
PBG64749_6b2c2a7a_f5b9d37a_70.pod5	331da51d-3757-4321-8c1a-4ad2fb63ed1b	f5b9d37a6bda8a8d8f31f0d7b32ca6f19b945080	2945	3	58224.6	8.3612	58224.7	8.1948	3441	22.2785	unclassified	chr1	124561	128015	0	3438	+	3458	3434	3411	4	20	23	56	0.999128	0.993302	0.986408	0
PBG64749_6b2c2a7a_f5b9d37a_56.pod5	8f9dedd3-c828-49be-903d-d4fd903e012f	f5b9d37a6bda8a8d8f31f0d7b32ca6f19b945080	1192	2	43189.7	7.4048	43189.9	7.2696	2775	25.3125	unclassified	chr1	124651	127423	9	2775	-	2774	2764	2758	2	8	6	60	0.996757	0.997829	0.994232	0
PBG64749_6b2c2a7a_f5b9d37a_63.pod5	f973d74b-2f28-4c9d-928a-1c0bb2b860b0	f5b9d37a6bda8a8d8f31f0d7b32ca6f19b945080	2724	4	49519.1	42.3044	49519.1	42.3024	16770	11.7784	unclassified	chr1	124675	140396	6	15900	-	16370	15245	14687	649	476	558	52	0.947764	0.963398	0.89719	0
PBG64749_6b2c2a7a_f5b9d37a_32.pod5	6079805a-9989-439e-afc5-39a37b3cef7d	f5b9d37a6bda8a8d8f31f0d7b32ca6f19b945080	1539	2	22598.2	59.288	22598.3	59.1912	28144	17.262	unclassified	chr1	124818	138737	13917	28144	-	14302	13844	13739	383	75	105	60	0.505507	0.992415	0.960635	0
PBG64749_6b2c2a7a_f5b9d37a_86.pod5	425b1b8a-bba0-4ae6-9e52-27ca32906097	f5b9d37a6bda8a8d8f31f0d7b32ca6f19b945080	2131	2	76679.7	3.931	76679.7	3.929	1843	17.5	unclassified	chr1	124905	126726	42	1837	+	1831	1785	1757	10	36	28	35	0.973956	0.984314	0.959585	0
PBG64749_6b2c2a7a_f5b9d37a_32.pod5	9be113ac-0afd-4475-9b0b-1e2077f19ad3	f5b9d37a6bda8a8d8f31f0d7b32ca6f19b945080	2344	4	22693.7	10.258	22693.7	10.256	2881	32.4934	unclassified	chr1	124917	127762	26	2875	+	2851	2843	2834	6	2	9	38	0.988893	0.996834	0.994037	0
PBG64749_6b2c2a7a_f5b9d37a_86.pod5	cae56d9b-c1ee-4738-8a8c-8d10f2e66ba5	f5b9d37a6bda8a8d8f31f0d7b32ca6f19b945080	2131	2	76675.6	4.1098	76675.6	4.1078	1689	15.5484	unclassified	chr1	125047	126726	0	1648	-	1687	1640	1620	8	39	20	33	0.975725	0.987805	0.960285	0
PBG64749_6b2c2a7a_f5b9d37a_106.pod5	bc0448f9-cb5c-463b-b493-511a0fcc8216	f5b9d37a6bda8a8d8f31f0d7b32ca6f19b945080	2404	1	94746	7.2392	94746.2	7.0704	2277	24.7132	unclassified	chr1	125083	127352	3	2273	+	2272	2267	2258	3	2	9	41	0.996926	0.99603	0.993838	0
PBG64749_6b2c2a7a_f5b9d37a_2.pod5	cd1cef42-f6bf-44a6-a548-b5ef4db9ea38	f5b9d37a6bda8a8d8f31f0d7b32ca6f19b945080	1874	2	2331.84	45.7076	2331.97	45.5808	18889	31.8773	unclassified	chr1	125357	143943	8	18889	-	18891	18576	18542	305	10	34	60	0.999576	0.99817	0.981526	0
PBG64749_6b2c2a7a_f5b9d37a_134.pod5	2d86cdd8-2783-434b-8b6a-2eef54a0a295	f5b9d37a6bda8a8d8f31f0d7b32ca6f19b945080	577	1	127561	13.8956	127561	13.8168	5520	26.618	unclassified	chr1	125567	131077	11	5520	-	5518	5501	5493	8	9	8	60	0.998007	0.998546	0.995469	0
PBG64749_6b2c2a7a_f5b9d37a_34.pod5	93d536b5-57f8-45dd-89da-d88f8de5f4a8	f5b9d37a6bda8a8d8f31f0d7b32ca6f19b945080	955	1	24194.1	23.7104	24194.5	23.2968	6274	15.8345	unclassified	chr1	125593	129919	0	4323	+	4328	4321	4306	2	5	15	17	0.689034	0.996529	0.994917	0
PBG64749_6b2c2a7a_f5b9d37a_58.pod5	69bc5cc4-c93b-4134-85b6-866c57255714	f5b9d37a6bda8a8d8f31f0d7b32ca6f19b945080	2052	1	45044.5	8.3072	45044.7	8.1792	3008	27.9024	unclassified	chr1	125681	128696	6	3008	-	3015	3002	2999	0	13	3	60	0.998005	0.999001	0.994693	0
PBG64749_6b2c2a7a_f5b9d37a_95.pod5	f7e63d8c-2b08-40c3-8482-e0eb40c40f46	f5b9d37a6bda8a8d8f31f0d7b32ca6f19b945080	384	2	85443.6	8.2592	85443.7	8.1168	2421	38.0071	unclassified	chr1	125725	128145	6	2421	-	2420	2415	2411	0	5	4	57	0.997522	0.998344	0.996281	0
PBG64749_6b2c2a7a_f5b9d37a_99.pod5	40daedcb-a74d-4eb1-b76a-501d777458ce	f5b9d37a6bda8a8d8f31f0d7b32ca6f19b945080	1077	1	88232.2	2.5736	88232.3	2.4936	1068	34.843	unclassified	chr1	126157	127217	0	1059	+	1060	1059	1059	0	1	0	42	0.991573	1	0.999057	0
PBG64749_6b2c2a7a_f5b9d37a_110.pod5	fbf7ba4d-a8ab-4ed9-93d1-235179ac163a	f5b9d37a6bda8a8d8f31f0d7b32ca6f19b945080	2228	1	98197.2	3.7638	98197.2	3.7618	1318	25.5416	unclassified	chr1	126217	127501	31	1310	+	1284	1279	1278	0	5	1	53	0.97041	0.999218	0.995327	0
PBG64749_6b2c2a7a_f5b9d37a_16.pod5	130163e4-6f2a-4eab-a03d-ddb8c7fa4b41	f5b9d37a6bda8a8d8f31f0d7b32ca6f19b945080	206	1	11395.8	3.1196	11395.9	3.0156	1004	32.2289	unclassified	chr1	126325	127324	0	998	+	999	998	998	0	1	0	21	0.994024	1	0.998999	0
PBG64749_6b2c2a7a_f5b9d37a_16.pod5	4a8a4694-991a-489c-ae8e-1b2bb56d0178	f5b9d37a6bda8a8d8f31f0d7b32ca6f19b945080	206	1	11393.1	2.7248	11393.2	2.5944	1003	31.1565	unclassified	chr1	126325	127323	7	1003	-	998	996	996	0	2	0	21	0.993021	1	0.997996	0
PBG64749_6b2c2a7a_f5b9d37a_92.pod5	de1053b3-083d-42ad-b012-c5ae761fdbbd	f5b9d37a6bda8a8d8f31f0d7b32ca6f19b945080	1593	4	82694.5	9.097	82694.5	9.095	3792	34.0977	unclassified	chr1	126350	130104	6	3756	-	3754	3750	3740	0	4	10	42	0.988924	0.997333	0.996271	0
PBG64749_6b2c2a7a_f5b9d37a_92.pod5	2efea2a5-26c5-465d-b140-6d3f24ce0c1d	f5b9d37a6bda8a8d8f31f0d7b32ca6f19b945080	1593	4	82703.6	8.9	82703.8	8.7336	3760	27.6631	unclassified	chr1	126351	130104	0	3752	+	3758	3747	3736	5	6	11	36	0.997872	0.997064	0.994146	0
PBG64749_6b2c2a7a_f5b9d37a_142.pod5	d1dd22d8-2223-4ddb-bd19-a91ec033dd15	f5b9d37a6bda8a8d8f31f0d7b32ca6f19b945080	2855	3	142141	0.35	142141	0.2364	110	22.6083	unclassified	chr1	126554	126664	0	110	+	110	110	110	0	0	0	0	1	1	1	0
PBG64749_6b2c2a7a_f5b9d37a_49.pod5	c1fdfbcb-f422-41e8-aebb-c86d77536778	f5b9d37a6bda8a8d8f31f0d7b32ca6f19b945080	2453	1	35472.9	47.1824	35473	47.0784	18145	27.6263	unclassified	chr1	126577	144436	0	18138	+	18161	17836	17790	302	23	46	60	0.999614	0.997421	0.979572	0
PBG64749_6b2c2a7a_f5b9d37a_38.pod5	c7f565fd-cc8a-4058-b502-6d6901695c4f	f5b9d37a6bda8a8d8f31f0d7b32ca6f19b945080	435	2	27671.3	1.4228	27671.4	1.284	530	29.5764	unclassified	chr1	126648	127166	0	518	+	518	518	518	0	0	0	0	0.977359	1	1	0
PBG64749_6b2c2a7a_f5b9d37a_107.pod5	1971e563-0c37-4e11-9d26-01f67eca5f7b	f5b9d37a6bda8a8d8f31f0d7b32ca6f19b945080	2457	3	95348.9	97.1544	95348.9	97.1524	36320	30.9211	unclassified	chr1	126754	162824	0	36320	-	36394	35996	35864	324	74	132	39	1	0.996333	0.985437	0
PBG64749_6b2c2a7a_f5b9d37a_59.pod5	f3b816be-9cb7-4077-9870-13bfe0faa74c	f5b9d37a6bda8a8d8f31f0d7b32ca6f19b945080	2308	3	45762.5	9.4208	45762.6	9.3228	3529	34.849	unclassified	chr1	126849	130369	0	3521	+	3523	3518	3513	3	2	5	60	0.997733	0.998579	0.997162	0
PBG64749_6b2c2a7a_f5b9d37a_59.pod5	93a5d436-107c-4f6d-a0d2-17047bc237f4	f5b9d37a6bda8a8d8f31f0d7b32ca6f19b945080	2308	3	45772	8.3432	45772.2	8.1768	3538	27.4454	unclassified	chr1	126849	130368	5	3534	-	3529	3519	3512	10	0	7	53	0.997456	0.998011	0.995183	0
PBG64749_6b2c2a7a_f5b9d37a_87.pod5	b1622484-fe14-4ce3-805a-e722f3c0705c	f5b9d37a6bda8a8d8f31f0d7b32ca6f19b945080	1945	1	77584.2	13.2704	77584.4	13.0752	5555	28.8637	unclassified	chr1	126849	132402	6	5555	-	5555	5547	5538	2	6	9	60	0.99892	0.998378	0.99694	0
PBG64749_6b2c2a7a_f5b9d37a_102.pod5	2013a556-5ce5-4af0-ae3c-8542e7a5ba23	f5b9d37a6bda8a8d8f31f0d7b32ca6f19b945080	855	4	90927.1	11.0912	90927.2	10.9872	6798	21.748	unclassified	chr1	126880	133526	0	6642	+	6666	6622	6603	20	24	19	60	0.977052	0.997131	0.990549	0
PBG64749_6b2c2a7a_f5b9d37a_50.pod5	c351b24d-f18c-4235-93f2-a894c840da28	f5b9d37a6bda8a8d8f31f0d7b32ca6f19b945080	591	3	36450.1	1.7396	36450.2	1.6092	645	30.0289	unclassified	chr1	126912	127543	11	645	-	634	631	630	3	0	1	1	0.982946	0.998415	0.993691	0
PBG64749_6b2c2a7a_f5b9d37a_57.pod5	ea365479-f96f-4ff1-9a99-fca8f637cfd9	f5b9d37a6bda8a8d8f31f0d7b32ca6f19b945080	1675	3	43632.8	5.5964	43633	5.4468	2167	30.6357	unclassified	chr1	126940	129098	5	2167	-	2163	2157	2151	5	1	6	60	0.997693	0.997218	0.994452	0
PBG64749_6b2c2a7a_f5b9d37a_134.pod5	6d1216d6-de80-4298-8d5a-b9320ac40edb	f5b9d37a6bda8a8d8f31f0d7b32ca6f19b945080	1402	1	127301	82.0244	127301	81.8784	33862	29.3203	unclassified	chr1	127011	160630	6	33862	-	33934	33541	33397	315	78	144	43	0.999823	0.995707	0.984175	0
PBG64749_6b2c2a7a_f5b9d37a_52.pod5	f4e4fbe7-6343-4702-9c96-9fe2cb02caac	f5b9d37a6bda8a8d8f31f0d7b32ca6f19b945080	274	3	38395.3	1.412	38395.4	1.3128	564	30.7097	unclassified	chr1	127227	127782	11	564	-	555	553	551	0	2	2	0	0.980496	0.996383	0.992793	0
PBG64749_6b2c2a7a_f5b9d37a_114.pod5	829a73e2-d1d2-41a2-b34e-213cc2c34b6f	f5b9d37a6bda8a8d8f31f0d7b32ca6f19b945080	1823	4	102656	6.871	102656	6.869	2944	36.0042	unclassified	chr1	127490	130395	6	2915	-	2909	2905	2901	4	0	4	56	0.988111	0.998623	0.99725	0
PBG64749_6b2c2a7a_f5b9d37a_79.pod5	ab12bcb2-ab88-4a41-91a6-e8e8a0aebb70	f5b9d37a6bda8a8d8f31f0d7b32ca6f19b945080	2660	4	68246.1	15.9486	68246.1	15.9466	5344	22.1811	unclassified	chr1	127819	133140	30	5339	+	5338	5292	5265	17	29	27	35	0.993451	0.994898	0.986324	0
PBG64749_6b2c2a7a_f5b9d37a_85.pod5	3359bff2-7d8d-4878-8c6f-987bf669a9db	f5b9d37a6bda8a8d8f31f0d7b32ca6f19b945080	952	4	75983.6	7.3496	75983.8	7.2072	3330	26.7049	unclassified	chr1	127836	131161	0	3330	-	3332	3323	3320	7	2	3	53	1	0.999097	0.996399	0
PBG64749_6b2c2a7a_f5b9d37a_93.pod5	a2b05a41-6673-4811-bd07-c63fd5c684b6	f5b9d37a6bda8a8d8f31f0d7b32ca6f19b945080	2428	4	82907.4	5.9312	82907.5	5.844	2520	26.0788	unclassified	chr1	128034	130548	5	2520	-	2521	2508	2499	7	6	9	20	0.998016	0.996412	0.991273	0
PBG64749_6b2c2a7a_f5b9d37a_59.pod5	f4cecb1c-a3e2-4d20-8ffe-939056155aad	f5b9d37a6bda8a8d8f31f0d7b32ca6f19b945080	2200	4	46414.6	13.9304	46414.7	13.8276	6594	21.787	unclassified	chr1	128317	134901	14	6594	-	6613	6551	6528	29	33	23	60	0.997877	0.996489	0.987147	0
PBG64749_6b2c2a7a_f5b9d37a_14.pod5	aaabf838-b0b6-4e18-956e-aec2386916fa	f5b9d37a6bda8a8d8f31f0d7b32ca6f19b945080	450	3	10392.1	5.876	10392.3	5.7624	2216	32.432	unclassified	chr1	128349	130565	5	2216	-	2217	2210	2203	1	6	7	20	0.997744	0.996833	0.993685	0
PBG64749_6b2c2a7a_f5b9d37a_16.pod5	96c59ed5-e9f0-4d0e-b516-e1922dcbc1aa	f5b9d37a6bda8a8d8f31f0d7b32ca6f19b945080	1523	1	11405.6	4.8388	11405.6	4.8368	1739	9.30774	unclassified	chr1	128356	130009	34	1701	-	1735	1585	1475	82	68	110	10	0.958597	0.930599	0.850144	0
PBG64749_6b2c2a7a_f5b9d37a_70.pod5	2545ecfd-d89c-4cc2-89f1-bc0de4be8d17	f5b9d37a6bda8a8d8f31f0d7b32ca6f19b945080	2084	2	57672.3	15.2468	57672.5	15.1236	6257	29.4629	unclassified	chr1	128492	134745	7	6257	-	6258	6245	6238	5	8	7	60	0.998881	0.998879	0.996804	0
PBG64749_6b2c2a7a_f5b9d37a_21.pod5	1e91cc81-e1df-44bf-af87-8528210e25ae	f5b9d37a6bda8a8d8f31f0d7b32ca6f19b945080	1649	3	14535.5	11.8714	14535.5	11.8694	4552	11.7774	unclassified	chr1	128536	133062	6	4521	-	4644	4397	4232	118	129	165	19	0.991872	0.962474	0.911283	0
PBG64749_6b2c2a7a_f5b9d37a_99.pod5	2071df0b-bb26-4bc5-8caf-797e3ce28818	f5b9d37a6bda8a8d8f31f0d7b32ca6f19b945080	2025	4	87967.4	32.258	87967.4	32.1936	12078	10.9014	unclassified	chr1	128664	138766	1702	12078	-	10398	10080	10063	296	22	17	60	0.859083	0.998313	0.967782	0
PBG64749_6b2c2a7a_f5b9d37a_79.pod5	248917ac-d5d1-461b-8eff-4a126a9dd707	f5b9d37a6bda8a8d8f31f0d7b32ca6f19b945080	2725	4	68649.8	13.6604	68650	13.4568	4724	27.3605	unclassified	chr1	129237	133965	4	4724	-	4731	4717	4698	3	11	19	60	0.999153	0.995972	0.993025	0
PBG64749_6b2c2a7a_f5b9d37a_34.pod5	c7a9266b-68aa-4002-9d85-8f7ea4c23aa6	f5b9d37a6bda8a8d8f31f0d7b32ca6f19b945080	1723	4	24391.3	8.1548	24391.4	7.9812	2971	31.424	unclassified	chr1	129496	132465	0	2964	+	2970	2963	2955	1	6	8	19	0.997644	0.9973	0.99495	0
PBG64749_6b2c2a7a_f5b9d37a_135.pod5	af246626-6bb2-4e76-99c5-503716bbbddd	f5b9d37a6bda8a8d8f31f0d7b32ca6f19b945080	1143	1	129878	91.0436	129878	90.9696	37940	25.0861	unclassified	chr1	129622	167365	0	37940	+	38077	37606	37387	334	137	219	26	1	0.994176	0.981879	0
PBG64749_6b2c2a7a_f5b9d37a_135.pod5	f324ec96-3ea2-4540-8439-04d971e150e6	f5b9d37a6bda8a8d8f31f0d7b32ca6f19b945080	1143	1	129772	105.939	129772	105.838	40512	31.062	unclassified	chr1	129622	169872	7	40511	-	40576	40178	39981	326	72	197	19	0.999803	0.995097	0.985336	0
PBG64749_6b2c2a7a_f5b9d37a_63.pod5	c1099ccf-4e09-4b9b-b517-e7b300ff4949	f5b9d37a6bda8a8d8f31f0d7b32ca6f19b945080	1370	3	49392.4	0.8	49392.4	0.798	363	19.7008	unclassified	chr1	129637	129953	14	328	-	316	314	314	0	2	0	0	0.865014	1	0.993671	0
PBG64749_6b2c2a7a_f5b9d37a_89.pod5	1feab0e3-a901-42d6-9a1d-250c2679a6c0	f5b9d37a6bda8a8d8f31f0d7b32ca6f19b945080	2457	3	79657.9	7.8836	79658.1	7.674	2589	26.7675	unclassified	chr1	130028	132610	0	2584	+	2586	2580	2572	4	2	8	0	0.998069	0.996899	0.994586	0
PBG64749_6b2c2a7a_f5b9d37a_89.pod5	b6477d23-667c-4c1a-883e-253641519334	f5b9d37a6bda8a8d8f31f0d7b32ca6f19b945080	2457	3	79665.8	6.8004	79665.9	6.672	2584	29.1454	unclassified	chr1	130028	132608	10	2584	-	2580	2574	2566	0	6	8	0	0.99613	0.996892	0.994574	0
PBG64749_6b2c2a7a_f5b9d37a_38.pod5	bae55b8b-646c-4142-8638-314441d8eb9c	f5b9d37a6bda8a8d8f31f0d7b32ca6f19b945080	2465	4	27382.4	37.064	27382.5	36.9312	13641	27.1784	unclassified	chr1	130090	143424	0	13633	+	13640	13327	13291	306	7	36	60	0.999414	0.997299	0.974414	0
PBG64749_6b2c2a7a_f5b9d37a_142.pod5	8d39187a-be0d-4f04-ae29-6afcd424d3d9	f5b9d37a6bda8a8d8f31f0d7b32ca6f19b945080	2341	3	143400	11.4068	143400	11.2572	4739	14.5437	unclassified	chr1	130236	132775	0	2538	+	2550	2527	2517	11	12	10	12	0.535556	0.996043	0.987059	0
PBG64749_6b2c2a7a_f5b9d37a_5.pod5	76a415e6-cacb-4efa-a1e1-84d610b056f9	f5b9d37a6bda8a8d8f31f0d7b32ca6f19b945080	2740	3	4476.35	22.7228	4476.46	22.6116	8619	32.1967	unclassified	chr1	130600	138922	0	8619	-	8623	8318	8310	301	4	8	60	1	0.999038	0.963702	0
PBG64749_6b2c2a7a_f5b9d37a_75.pod5	8a470fac-b5ae-4b15-b3ed-0a6d9a23da3f	f5b9d37a6bda8a8d8f31f0d7b32ca6f19b945080	2687	1	63563.7	3.2132	63563.8	3.1032	1108	23.5004	unclassified	chr1	130715	131817	9	1108	-	1103	1098	1097	1	4	1	22	0.991877	0.999089	0.99456	0
PBG64749_6b2c2a7a_f5b9d37a_19.pod5	b4f94969-12ce-40de-9f4c-63714a3a6772	f5b9d37a6bda8a8d8f31f0d7b32ca6f19b945080	316	4	13146.3	6.5348	13146.5	6.3372	2449	22.8715	unclassified	chr1	130784	133224	5	2449	-	2446	2438	2434	6	2	4	53	0.997958	0.998359	0.995094	0
PBG64749_6b2c2a7a_f5b9d37a_93.pod5	94fbb8b0-23c9-4b4b-95af-ba4b351989b6	f5b9d37a6bda8a8d8f31f0d7b32ca6f19b945080	1265	1	82841.5	10.076	82841.7	9.8676	3636	27.2833	unclassified	chr1	130916	134541	7	3636	-	3630	3624	3620	5	1	4	60	0.998075	0.998896	0.997245	0
PBG64749_6b2c2a7a_f5b9d37a_1.pod5	3ca2c95a-62e9-4924-83bb-5b71c993016d	f5b9d37a6bda8a8d8f31f0d7b32ca6f19b945080	676	2	1463.02	8.4656	1463.26	8.2224	2333	31.7172	unclassified	chr1	131021	133347	0	2326	+	2327	2325	2317	1	1	8	47	0.997	0.996559	0.995703	0
PBG64749_6b2c2a7a_f5b9d37a_43.pod5	811af7e5-d740-4a64-883c-b8f0c9ff6553	f5b9d37a6bda8a8d8f31f0d7b32ca6f19b945080	2832	4	31487.4	20.8412	31487.5	20.7324	7314	27.9583	unclassified	chr1	131084	138044	0	7307	+	7311	6956	6927	351	4	29	60	0.999043	0.995831	0.947476	0
PBG64749_6b2c2a7a_f5b9d37a_43.pod5	82292c48-728d-48a0-a8fc-27d45753c0e5	f5b9d37a6bda8a8d8f31f0d7b32ca6f19b945080	2832	4	31508.3	17.1404	31508.4	17.0532	7309	25.4176	unclassified	chr1	131084	138044	6	7309	-	7313	6950	6920	353	10	30	60	0.999179	0.995683	0.94626	0
PBG64749_6b2c2a7a_f5b9d37a_100.pod5	3ea27c7b-0585-4cf2-90fa-300dc0569c60	f5b9d37a6bda8a8d8f31f0d7b32ca6f19b945080	648	3	89067.2	90.821	89067.2	90.819	33535	27.8077	unclassified	chr1	131202	164429	9	33503	-	33562	33159	32992	335	68	167	26	0.998777	0.994964	0.983016	0
PBG64749_6b2c2a7a_f5b9d37a_155.pod5	06a5e1dd-3368-4bae-9b3b-b28159bb9b9a	f5b9d37a6bda8a8d8f31f0d7b32ca6f19b945080	430	3	185650	9.6152	185650	9.522	3609	26.3996	unclassified	chr1	131488	135091	0	3603	+	3608	3598	3596	5	5	2	60	0.998338	0.999444	0.996674	0
PBG64749_6b2c2a7a_f5b9d37a_110.pod5	6383e562-8ff0-44c2-a1e5-e23fd7f232c1	f5b9d37a6bda8a8d8f31f0d7b32ca6f19b945080	2089	3	97587.8	3.4808	97587.9	3.348	1370	22.9745	unclassified	chr1	131527	132889	0	1365	+	1368	1359	1348	6	3	11	24	0.99635	0.991906	0.98538	0
PBG64749_6b2c2a7a_f5b9d37a_34.pod5	2dee5bcb-e7de-4584-af3b-9ff743d5f3a2	f5b9d37a6bda8a8d8f31f0d7b32ca6f19b945080	2551	3	24433.5	10.6784	24433.6	10.548	4131	26.4538	unclassified	chr1	131531	135645	5	4131	-	4127	4113	4101	13	1	12	60	0.99879	0.997082	0.9937	0
PBG64749_6b2c2a7a_f5b9d37a_170.pod5	aab298e1-8f33-4cdd-bf02-4cdd8531e82c	f5b9d37a6bda8a8d8f31f0d7b32ca6f19b945080	2578	1	237521	2.9996	237521	2.8476	1110	23.0043	unclassified	chr1	131717	132820	7	1110	-	1103	1103	1097	0	0	6	17	0.993694	0.99456	0.99456	0
PBG64749_6b2c2a7a_f5b9d37a_6.pod5	5fcf0a3c-a251-434f-b233-db904b27866e	f5b9d37a6bda8a8d8f31f0d7b32ca6f19b945080	816	1	4647.68	10.5956	4647.87	10.4016	4315	27.4805	unclassified	chr1	131841	136166	0	4315	-	4329	4311	4306	4	14	5	60	1	0.99884	0.994687	0
PBG64749_6b2c2a7a_f5b9d37a_4.pod5	ca56d4e6-3cda-4d2c-8c7d-66a54d828cf4	f5b9d37a6bda8a8d8f31f0d7b32ca6f19b945080	978	3	3600.18	5.3048	3600.29	5.196	2074	25.5093	unclassified	chr1	131874	133945	0	2068	+	2072	2067	2062	1	4	5	60	0.997107	0.997581	0.995174	0
PBG64749_6b2c2a7a_f5b9d37a_68.pod5	117df32f-7b57-4780-9080-ba42bcfcb2be	f5b9d37a6bda8a8d8f31f0d7b32ca6f19b945080	2526	2	55530.5	9.8504	55530.6	9.7488	4139	27.6903	unclassified	chr1	131957	135233	868	4139	-	3276	3271	3269	0	5	2	56	0.790287	0.999389	0.997863	0
PBG64749_6b2c2a7a_f5b9d37a_16.pod5	10dc1bb9-b756-40c0-a80a-1d991c177b74	f5b9d37a6bda8a8d8f31f0d7b32ca6f19b945080	1027	1	10954.4	3.3656	10954.4	3.3636	1627	27.1588	unclassified	chr1	132148	133731	33	1618	+	1587	1581	1579	4	2	2	60	0.974186	0.998735	0.994959	0
PBG64749_6b2c2a7a_f5b9d37a_118.pod5	a102da05-027b-49ee-8b32-323e4f086776	f5b9d37a6bda8a8d8f31f0d7b32ca6f19b945080	1264	4	107483	9.9308	107483	9.7764	2892	26.7659	unclassified	chr1	132258	135145	0	2886	+	2890	2883	2878	3	4	5	60	0.997925	0.998266	0.995848	0
PBG64749_6b2c2a7a_f5b9d37a_112.pod5	366bf351-a6cb-4e5c-a1b5-d6a0982b0ceb	f5b9d37a6bda8a8d8f31f0d7b32ca6f19b945080	869	2	100222	21.9872	100222	21.8736	9272	25.8378	unclassified	chr1	132295	140396	5	8445	-	8449	8092	8052	348	9	40	60	0.910267	0.995057	0.953012	0
PBG64749_6b2c2a7a_f5b9d37a_112.pod5	cf391d2f-50fe-4396-b659-db56f75ae96d	f5b9d37a6bda8a8d8f31f0d7b32ca6f19b945080	869	2	100244	21.5324	100245	21.438	9263	24.6501	unclassified	chr1	132297	140396	0	8431	+	8453	8077	8036	354	22	41	60	0.91018	0.994924	0.950668	0
PBG64749_6b2c2a7a_f5b9d37a_5.pod5	111afe7a-9969-4c1f-aa48-d1f68538feaa	f5b9d37a6bda8a8d8f31f0d7b32ca6f19b945080	2524	4	4317.35	19.3928	4317.43	19.3128	7923	25.9341	unclassified	chr1	132405	140022	0	7915	+	7926	7606	7586	309	11	20	60	0.99899	0.99737	0.957103	0
PBG64749_6b2c2a7a_f5b9d37a_5.pod5	90492167-d186-463b-83d9-24ef050d85e1	f5b9d37a6bda8a8d8f31f0d7b32ca6f19b945080	2524	4	4296.18	20.0582	4296.18	20.0562	7934	24.3572	unclassified	chr1	132408	140022	6	7902	-	7913	7597	7576	299	17	21	60	0.99521	0.997236	0.957412	0
PBG64749_6b2c2a7a_f5b9d37a_52.pod5	b258bf18-f643-4081-b391-c34cd996a569	f5b9d37a6bda8a8d8f31f0d7b32ca6f19b945080	594	2	38843.7	7.082	38843.9	6.9252	2591	28.2642	unclassified	chr1	132542	135129	5	2591	-	2592	2581	2580	5	6	1	60	0.99807	0.999613	0.99537	0
PBG64749_6b2c2a7a_f5b9d37a_123.pod5	f834c1af-7497-4d7f-bff0-cf65eeb65744	f5b9d37a6bda8a8d8f31f0d7b32ca6f19b945080	95	4	112054	11.9636	112054	11.886	4817	27.1535	unclassified	chr1	132893	137355	0	4811	+	4814	4459	4445	352	3	14	60	0.998754	0.99686	0.923349	0
PBG64749_6b2c2a7a_f5b9d37a_121.pod5	2f133238-577d-48ee-b0a5-51b496d5d9b2	f5b9d37a6bda8a8d8f31f0d7b32ca6f19b945080	1190	2	109641	0.8192	109641	0.7224	327	22.1933	unclassified	chr1	132920	133246	0	325	+	326	325	325	0	1	0	46	0.993884	1	0.996933	0
PBG64749_6b2c2a7a_f5b9d37a_121.pod5	caf8c466-524c-4c5a-a2eb-6d615fb7eb0d	f5b9d37a6bda8a8d8f31f0d7b32ca6f19b945080	1190	2	109640	1.0578	109640	1.0558	415	17.6338	unclassified	chr1	132920	133286	14	381	-	370	363	360	4	3	3	51	0.884337	0.991736	0.972973	0
PBG64749_6b2c2a7a_f5b9d37a_89.pod5	3f4eaa3a-6de1-4bb5-b3c4-6ebeb8dd8aba	f5b9d37a6bda8a8d8f31f0d7b32ca6f19b945080	755	3	79617	16.6472	79617.2	16.5	6695	27.7259	unclassified	chr1	133033	139374	0	6692	+	6698	6335	6325	357	6	10	60	0.999552	0.998421	0.944312	0
PBG64749_6b2c2a7a_f5b9d37a_117.pod5	194eec7f-55f6-4fb5-8aa0-e7fc2feb6583	f5b9d37a6bda8a8d8f31f0d7b32ca6f19b945080	1324	2	106408	14.3636	106409	14.2356	6736	26.5923	unclassified	chr1	133324	139715	2	6736	-	6740	6385	6356	349	6	29	60	0.999703	0.995458	0.943027	0
PBG64749_6b2c2a7a_f5b9d37a_117.pod5	96ccd1b2-e6f7-4bc5-8acb-be5760276b39	f5b9d37a6bda8a8d8f31f0d7b32ca6f19b945080	2279	4	106360	7.3628	106360	7.1472	2852	28.9291	unclassified	chr1	133348	136190	0	2852	+	2852	2842	2836	10	0	6	60	1	0.997889	0.99439	0
PBG64749_6b2c2a7a_f5b9d37a_152.pod5	3985c083-f848-4d01-aa7e-cc0df03ea197	f5b9d37a6bda8a8d8f31f0d7b32ca6f19b945080	293	2	173671	14.5376	173671	14.4264	5305	27.1578	unclassified	chr1	133360	138372	0	5298	+	5310	5000	4994	298	12	6	60	0.99868	0.9988	0.94049	0
PBG64749_6b2c2a7a_f5b9d37a_21.pod5	4ac67a86-8cdb-4eee-a69b-41368a8482b4	f5b9d37a6bda8a8d8f31f0d7b32ca6f19b945080	2866	2	14568.3	5.5028	14568.4	5.4108	1912	28.9228	unclassified	chr1	133523	135430	7	1912	-	1911	1901	1898	4	6	3	60	0.996339	0.998422	0.993197	0
PBG64749_6b2c2a7a_f5b9d37a_6.pod5	cb9a9e3b-d875-461c-9b55-0e3c4d924ba0	f5b9d37a6bda8a8d8f31f0d7b32ca6f19b945080	661	1	5103.94	10.9796	5104.16	10.7604	2961	22.8114	unclassified	chr1	133583	136509	6	2961	-	2968	2913	2906	42	13	7	60	0.997974	0.997597	0.979111	0
PBG64749_6b2c2a7a_f5b9d37a_86.pod5	57e8b2b6-6bf3-4ca6-9c12-43f9e262321e	f5b9d37a6bda8a8d8f31f0d7b32ca6f19b945080	1204	3	77090	4.8472	77090	4.8452	2124	31.5268	unclassified	chr1	133781	135877	0	2091	-	2097	2090	2089	1	6	1	60	0.984463	0.999522	0.996185	0
PBG64749_6b2c2a7a_f5b9d37a_49.pod5	31b0a7eb-d736-47c0-84cc-dba148fa2abc	f5b9d37a6bda8a8d8f31f0d7b32ca6f19b945080	440	4	35623.4	8.8882	35623.4	8.8862	4496	22.5374	unclassified	chr1	133903	138071	31	4484	+	4479	4142	4124	311	26	18	60	0.990436	0.995654	0.920741	0
PBG64749_6b2c2a7a_f5b9d37a_49.pod5	7db6e0ed-230a-4b28-9d6f-83c49ebc60d5	f5b9d37a6bda8a8d8f31f0d7b32ca6f19b945080	440	4	35612.1	10.8608	35612.3	10.6656	4468	25.8876	unclassified	chr1	133903	138071	12	4468	-	4462	4162	4153	294	6	9	60	0.997314	0.997838	0.930749	0
PBG64749_6b2c2a7a_f5b9d37a_5.pod5	c0901a7f-81cf-4048-b154-b4b56588b57d	f5b9d37a6bda8a8d8f31f0d7b32ca6f19b945080	2353	4	3836.46	8.9948	3836.58	8.8764	3147	31.4748	unclassified	chr1	133958	137038	7	3139	-	3133	3079	3072	53	1	7	60	0.995234	0.997727	0.98053	0
PBG64749_6b2c2a7a_f5b9d37a_11.pod5	045df776-385b-46e1-808c-720d2512235d	f5b9d37a6bda8a8d8f31f0d7b32ca6f19b945080	1199	3	8783.48	5.588	8783.64	5.4312	2136	33.3285	unclassified	chr1	134065	136184	10	2129	+	2120	2118	2114	1	1	4	23	0.992041	0.998111	0.99717	0
PBG64749_6b2c2a7a_f5b9d37a_131.pod5	6d6e3646-dc2f-40f5-8f6d-7176471527ca	f5b9d37a6bda8a8d8f31f0d7b32ca6f19b945080	2362	4	122802	12.5876	122802	12.4356	5050	28.6674	unclassified	chr1	134150	138520	6	5050	-	5048	4366	4307	678	4	59	1	0.998812	0.986486	0.853209	0
PBG64749_6b2c2a7a_f5b9d37a_110.pod5	f8d1528f-51a1-4bce-8d1c-d658e292250f	f5b9d37a6bda8a8d8f31f0d7b32ca6f19b945080	1592	3	98626	6.7292	98626	6.642	2688	26.6351	unclassified	chr1	134151	136794	4	2688	-	2691	2636	2629	48	7	7	60	0.998512	0.997344	0.97696	0
PBG64749_6b2c2a7a_f5b9d37a_64.pod5	4778e76d-a85d-4f84-b447-2faf221a342d	f5b9d37a6bda8a8d8f31f0d7b32ca6f19b945080	2972	2	50905.8	17.3168	50906	17.13	6152	32.4369	unclassified	chr1	134179	140030	9	6152	-	6144	5850	5842	293	1	8	60	0.998537	0.998632	0.950846	0
PBG64749_6b2c2a7a_f5b9d37a_82.pod5	5dada37b-4452-4053-b080-0817eaca10af	f5b9d37a6bda8a8d8f31f0d7b32ca6f19b945080	1152	4	73249.9	7.0112	73250	6.8904	2595	28.3731	unclassified	chr1	134200	136787	0	2587	+	2588	2586	2582	1	1	4	60	0.996917	0.998453	0.997682	0
PBG64749_6b2c2a7a_f5b9d37a_56.pod5	735c0914-d306-491a-bedd-8eb1b51bbbad	f5b9d37a6bda8a8d8f31f0d7b32ca6f19b945080	1216	3	43129.9	55.9424	43130.1	55.8144	22702	29.0935	unclassified	chr1	134245	156662	5	22702	-	22742	22372	22269	325	45	103	22	0.99978	0.995396	0.979201	0
PBG64749_6b2c2a7a_f5b9d37a_29.pod5	395ee094-b78c-4fe4-a0e4-9b421c01e605	f5b9d37a6bda8a8d8f31f0d7b32ca6f19b945080	2560	4	20141.6	17.4488	20141.7	17.3184	5902	27.477	unclassified	chr1	134406	139948	0	5895	+	5898	5539	5520	356	3	19	60	0.998814	0.99657	0.93591	0
PBG64749_6b2c2a7a_f5b9d37a_123.pod5	e6dd24a3-f9b6-400e-9ede-06fa92b8845f	f5b9d37a6bda8a8d8f31f0d7b32ca6f19b945080	2101	1	112342	17.4412	112342	17.4392	7084	26.2086	unclassified	chr1	134471	140396	8	6278	-	6273	5922	5896	348	3	26	60	0.885093	0.99561	0.939901	0
PBG64749_6b2c2a7a_f5b9d37a_16.pod5	90ff7dff-3be5-434a-8249-7bb395fd4428	f5b9d37a6bda8a8d8f31f0d7b32ca6f19b945080	521	3	10957.3	38.7908	10957.5	38.6412	16150	19.526	unclassified	chr1	134577	142438	0	8147	+	8154	7854	7835	293	7	19	60	0.504458	0.997581	0.960878	0
PBG64749_6b2c2a7a_f5b9d37a_27.pod5	8d78b5cb-6f4f-4504-af9b-5230f4be5704	f5b9d37a6bda8a8d8f31f0d7b32ca6f19b945080	2907	2	19000.2	21.6764	19000.2	21.6744	7095	28.2236	unclassified	chr1	134736	140396	37	6041	+	6006	5658	5643	346	2	15	60	0.84623	0.997349	0.93956	0
PBG64749_6b2c2a7a_f5b9d37a_135.pod5	e9f3b3e6-fda8-43f7-9ffa-33c4813d560d	f5b9d37a6bda8a8d8f31f0d7b32ca6f19b945080	1410	2	129834	22.6748	129834	22.6728	2764	11.0243	unclassified	chr1	134736	137245	16	2656	-	2678	2471	2408	169	38	63	60	0.955137	0.974504	0.899179	0
PBG64749_6b2c2a7a_f5b9d37a_28.pod5	da79c8ff-1cfb-42f3-9629-b515674f771c	f5b9d37a6bda8a8d8f31f0d7b32ca6f19b945080	1923	2	19390.2	11.9494	19390.2	11.9474	4355	30.4534	unclassified	chr1	134738	138763	37	4350	+	4319	4019	4013	294	6	6	60	0.990356	0.998507	0.92915	0
PBG64749_6b2c2a7a_f5b9d37a_146.pod5	03122d64-d691-43fc-84af-eb6a81346648	f5b9d37a6bda8a8d8f31f0d7b32ca6f19b945080	1111	1	153900	3.5732	153900	3.4428	1332	23.5116	unclassified	chr1	134755	136088	0	1332	+	1333	1332	1327	0	1	5	60	1	0.996246	0.995499	0
PBG64749_6b2c2a7a_f5b9d37a_148.pod5	1ee61ae4-a1b2-4157-9abe-350e689bc6e9	f5b9d37a6bda8a8d8f31f0d7b32ca6f19b945080	158	3	161066	5.5616	161066	5.4504	2300	29.8449	unclassified	chr1	134824	137074	0	2300	-	2301	2249	2235	51	1	14	60	1	0.993775	0.971317	0
PBG64749_6b2c2a7a_f5b9d37a_17.pod5	c2040fb0-9a92-4616-8f34-ea2ec1e5d0ef	f5b9d37a6bda8a8d8f31f0d7b32ca6f19b945080	164	3	12270.6	0.4304	12270.7	0.354	160	23.3151	unclassified	chr1	134880	135028	1	149	+	148	148	148	0	0	0	11	0.925	1	1	0
PBG64749_6b2c2a7a_f5b9d37a_100.pod5	91571c2c-123a-4153-84e7-cb72d56b81a3	f5b9d37a6bda8a8d8f31f0d7b32ca6f19b945080	40	3	89392.9	4.1228	89393	4.0212	1429	37.9645	unclassified	chr1	134926	136355	0	1429	+	1429	1429	1427	0	0	2	60	1	0.9986	0.9986	0
PBG64749_6b2c2a7a_f5b9d37a_0.pod5	2e97afc7-a969-419b-98d4-2d6da7fb5b18	f5b9d37a6bda8a8d8f31f0d7b32ca6f19b945080	1761	2	317.704	0.7484	317.833	0.6192	251	13.0498	unclassified	chr1	135039	135279	9	251	-	243	239	239	3	1	0	21	0.964143	1	0.983539	0
PBG64749_6b2c2a7a_f5b9d37a_88.pod5	c0057417-8a70-4a45-b658-b1c614154ce3	f5b9d37a6bda8a8d8f31f0d7b32ca6f19b945080	1940	1	78623	1.5044	78623.2	1.3116	341	28.3625	unclassified	chr1	135099	135428	0	329	+	329	329	329	0	0	0	27	0.964809	1	1	0
PBG64749_6b2c2a7a_f5b9d37a_73.pod5	097cdfe8-df06-4978-9c85-a545703597de	f5b9d37a6bda8a8d8f31f0d7b32ca6f19b945080	607	4	62019	10.7216	62019.2	10.5384	4283	21.9941	unclassified	chr1	135197	139175	0	4273	+	4282	3969	3951	304	9	18	60	0.997665	0.995465	0.9227	0
PBG64749_6b2c2a7a_f5b9d37a_73.pod5	4727dd91-18ad-413a-9cb6-314c5e734c76	f5b9d37a6bda8a8d8f31f0d7b32ca6f19b945080	607	4	62008.7	9.6452	62008.9	9.5004	4275	28.534	unclassified	chr1	135197	139175	7	4275	-	4272	3974	3967	294	4	7	60	0.998363	0.998239	0.928605	0
PBG64749_6b2c2a7a_f5b9d37a_114.pod5	928d6046-ac62-4432-8082-f8e749c894a6	f5b9d37a6bda8a8d8f31f0d7b32ca6f19b945080	2566	3	102150	14.0776	102150	14.0756	5160	15.0422	unclassified	chr1	135321	140161	35	5153	+	5182	4776	4680	342	64	96	55	0.99186	0.9799	0.903126	0
PBG64749_6b2c2a7a_f5b9d37a_125.pod5	0ae19a2a-e739-4cda-a915-0eb4eeb2b55d	f5b9d37a6bda8a8d8f31f0d7b32ca6f19b945080	1336	2	114718	7.9256	114718	7.8408	3352	32.8175	unclassified	chr1	135339	138339	12	3352	-	3343	2997	2990	343	3	7	60	0.99642	0.997664	0.894406	0
PBG64749_6b2c2a7a_f5b9d37a_132.pod5	313aa877-433c-4a7a-8f1b-5c394efa64bb	f5b9d37a6bda8a8d8f31f0d7b32ca6f19b945080	2226	2	124155	9.8192	124155	9.8172	4351	29.2458	unclassified	chr1	135436	139453	11	4316	-	4311	4011	4005	294	6	6	60	0.989428	0.998504	0.929019	0
PBG64749_6b2c2a7a_f5b9d37a_72.pod5	8c4d2b5b-81a0-4f8a-a24f-97fa76a6fb0d	f5b9d37a6bda8a8d8f31f0d7b32ca6f19b945080	1632	2	60390.2	10.6088	60390.3	10.5	4418	28.7233	unclassified	chr1	135668	139735	7	4418	-	4415	4063	4050	348	4	13	60	0.998416	0.9968	0.917327	0
PBG64749_6b2c2a7a_f5b9d37a_53.pod5	748042f0-bbc1-454c-9558-44364801fd20	f5b9d37a6bda8a8d8f31f0d7b32ca6f19b945080	2228	3	39381.6	18.8228	39381.8	18.6636	7172	30.1751	unclassified	chr1	135674	142538	10	7172	-	7165	6861	6844	301	3	17	60	0.998606	0.997522	0.955199	0
PBG64749_6b2c2a7a_f5b9d37a_29.pod5	7bde9471-3c66-4370-8e5b-abf4cd5e5600	f5b9d37a6bda8a8d8f31f0d7b32ca6f19b945080	2560	4	20159	9.6836	20159.1	9.582	4442	26.048	unclassified	chr1	135836	139948	0	4442	-	4457	4097	4082	345	15	15	60	1	0.996339	0.915863	0
PBG64749_6b2c2a7a_f5b9d37a_14.pod5	1658d9b9-127a-42e9-94a6-cbb4110b897e	f5b9d37a6bda8a8d8f31f0d7b32ca6f19b945080	2289	2	10805.2	5.582	10805.3	5.4492	2185	30.5949	unclassified	chr1	135973	137814	4	2185	-	2183	1839	1832	342	2	7	60	0.998169	0.996194	0.839212	0
PBG64749_6b2c2a7a_f5b9d37a_115.pod5	b5ca10e0-d996-422f-8686-4e13ae5abe0e	f5b9d37a6bda8a8d8f31f0d7b32ca6f19b945080	427	1	103235	3.5696	103235	3.4716	1274	33.1912	unclassified	chr1	135992	137217	1	1274	+	1274	1224	1196	49	1	28	60	0.999215	0.977124	0.938776	0
PBG64749_6b2c2a7a_f5b9d37a_96.pod5	15457501-4010-4c01-a60f-e2cac3085c63	f5b9d37a6bda8a8d8f31f0d7b32ca6f19b945080	615	2	85777.1	6.8876	85777.2	6.7632	3060	28.8332	unclassified	chr1	136061	138775	6	3060	-	3055	2713	2706	341	1	7	60	0.998039	0.99742	0.885761	0
PBG64749_6b2c2a7a_f5b9d37a_110.pod5	e0868c9b-0c15-4008-9cf2-4fdb258aa0d7	f5b9d37a6bda8a8d8f31f0d7b32ca6f19b945080	1211	1	98260.6	10.7	98260.8	10.5528	4361	26.7289	unclassified	chr1	136118	140129	0	4349	+	4353	4007	4000	342	4	7	60	0.997248	0.998253	0.918907	0
PBG64749_6b2c2a7a_f5b9d37a_110.pod5	39482e0f-1e22-42f4-9c15-e811e1eaecc4	f5b9d37a6bda8a8d8f31f0d7b32ca6f19b945080	1211	1	98250.5	10.136	98250.6	10.0128	4367	32.6055	unclassified	chr1	136118	140135	7	4367	-	4361	4016	4008	344	1	8	60	0.998397	0.998008	0.919055	0
PBG64749_6b2c2a7a_f5b9d37a_18.pod5	26f966e0-4b5f-4d02-b164-39e23f39cff0	f5b9d37a6bda8a8d8f31f0d7b32ca6f19b945080	1833	3	12961	6.9912	12961	6.9892	3086	11.0939	unclassified	chr1	136434	139189	39	3080	+	3109	2687	2565	354	68	122	44	0.985418	0.954596	0.825024	0
PBG64749_6b2c2a7a_f5b9d37a_143.pod5	f961c3a3-47f9-4cbd-b543-b8ffb83772bf	f5b9d37a6bda8a8d8f31f0d7b32ca6f19b945080	2317	4	144381	3.9206	144381	3.9186	1196	6.51338	unclassified	chr1	137258	137900	0	647	-	648	641	639	6	1	2	14	0.54097	0.99688	0.986111	0
PBG64749_6b2c2a7a_f5b9d37a_93.pod5	c3a512df-09aa-469a-82dd-aab8649ec2bb	f5b9d37a6bda8a8d8f31f0d7b32ca6f19b945080	2573	4	82913.3	7.2896	82913.4	7.1856	3002	27.1149	unclassified	chr1	137524	140522	11	3002	-	3003	2986	2977	5	12	9	60	0.996336	0.996986	0.991342	0
PBG64749_6b2c2a7a_f5b9d37a_73.pod5	82c8a8db-7850-4a35-9562-1cdc0f9ba879	f5b9d37a6bda8a8d8f31f0d7b32ca6f19b945080	652	4	61969	2.1404	61969.1	2.022	859	27.1922	unclassified	chr1	137712	138571	0	859	-	859	859	858	0	0	1	60	1	0.998836	0.998836	0
PBG64749_6b2c2a7a_f5b9d37a_51.pod5	c96d9bf1-b92b-4c4e-9b55-3a4f78c22640	f5b9d37a6bda8a8d8f31f0d7b32ca6f19b945080	1011	3	37716	6.772	37716	6.77	2652	28.4298	unclassified	chr1	137967	140592	27	2652	+	2625	2625	2615	0	0	10	60	0.989819	0.99619	0.99619	0
PBG64749_6b2c2a7a_f5b9d37a_135.pod5	c3a03136-0fab-4461-981d-6561152c7721	f5b9d37a6bda8a8d8f31f0d7b32ca6f19b945080	2102	4	128885	7.316	128885	7.1904	2535	30.8167	unclassified	chr1	138011	140380	0	2369	+	2369	2369	2362	0	0	7	60	0.934517	0.997045	0.997045	0
PBG64749_6b2c2a7a_f5b9d37a_88.pod5	fd9bc66e-5607-4330-ba4f-ed2c1cf2456c	f5b9d37a6bda8a8d8f31f0d7b32ca6f19b945080	946	4	78351.3	5.4104	78351.5	5.2848	1899	30.1979	unclassified	chr1	138364	140259	0	1893	+	1895	1893	1887	0	2	6	60	0.99684	0.99683	0.995778	0
PBG64749_6b2c2a7a_f5b9d37a_14.pod5	39091fa5-986a-40fb-aa3a-36cc75f6bb85	f5b9d37a6bda8a8d8f31f0d7b32ca6f19b945080	1640	2	10253.1	8.9948	10253.2	8.8968	3850	25.7392	unclassified	chr1	138740	142578	0	3839	+	3842	3835	3820	4	3	15	60	0.997143	0.996089	0.994274	0
PBG64749_6b2c2a7a_f5b9d37a_14.pod5	faf2c322-32d8-4c71-be02-5953accacfec	f5b9d37a6bda8a8d8f31f0d7b32ca6f19b945080	1640	2	10243.3	9.3968	10243.4	9.2532	3850	24.3045	unclassified	chr1	138740	142582	7	3850	-	3849	3836	3820	7	6	16	60	0.998182	0.995829	0.992466	0
PBG64749_6b2c2a7a_f5b9d37a_26.pod5	4794cbfd-cf77-4079-b77e-adf6472c908a	f5b9d37a6bda8a8d8f31f0d7b32ca6f19b945080	1303	4	18185.5	6.728	18185.7	6.5364	2443	34.0999	unclassified	chr1	139118	141559	1	2443	+	2443	2440	2430	2	1	10	60	0.999591	0.995902	0.994679	0
PBG64749_6b2c2a7a_f5b9d37a_153.pod5	ea461e06-f04d-4823-86e5-45bf4a572d70	f5b9d37a6bda8a8d8f31f0d7b32ca6f19b945080	1160	4	178738	0.4032	178738	0.4012	147	19.2706	unclassified	chr1	139859	140005	0	146	+	146	146	144	0	0	2	0	0.993197	0.986301	0.986301	0
PBG64749_6b2c2a7a_f5b9d37a_118.pod5	f6000f9a-6d04-4b83-b270-6b6c8eb50c11	f5b9d37a6bda8a8d8f31f0d7b32ca6f19b945080	1055	1	107322	0.7556	107322	0.624	243	21.2688	unclassified	chr1	139882	140112	0	233	+	233	230	228	3	0	2	21	0.958848	0.991304	0.978541	0
PBG64749_6b2c2a7a_f5b9d37a_30.pod5	81498e1e-b1b2-48e8-91f7-fad7d612e546	f5b9d37a6bda8a8d8f31f0d7b32ca6f19b945080	2094	4	20644	1.7204	20644.1	1.6044	545	28.7186	unclassified	chr1	140189	140724	10	545	-	535	535	535	0	0	0	0	0.981651	1	1	0
PBG64749_6b2c2a7a_f5b9d37a_117.pod5	ffa21140-a7c7-42d0-8ec6-c371edef4718	f5b9d37a6bda8a8d8f31f0d7b32ca6f19b945080	1520	3	106045	0.662	106045	0.5496	238	32.1733	unclassified	chr1	140409	140613	26	230	+	204	204	204	0	0	0	0	0.857143	1	1	0
PBG64749_6b2c2a7a_f5b9d37a_56.pod5	a2172529-1284-434f-b4bd-035ca559772b	f5b9d37a6bda8a8d8f31f0d7b32ca6f19b945080	1283	2	43174.4	24.8624	43174.5	24.7656	6890	12.9936	unclassified	chr1	141684	147286	0	5601	+	5608	5595	5588	6	7	7	1	0.812917	0.998749	0.996434	0
PBG64749_6b2c2a7a_f5b9d37a_119.pod5	bbfffd46-d15d-4467-a282-eef02b79bd39	f5b9d37a6bda8a8d8f31f0d7b32ca6f19b945080	2297	2	108027	4.3604	108027	4.2708	1773	24.532	unclassified	chr1	144048	145809	0	1766	+	1771	1756	1754	10	5	2	1	0.996052	0.998861	0.990401	0
PBG64749_6b2c2a7a_f5b9d37a_141.pod5	67c3582c-59ff-4704-bb5a-c1f8f786a6f3	f5b9d37a6bda8a8d8f31f0d7b32ca6f19b945080	2431	1	139648	0.3958	139648	0.3938	138	21.6689	unclassified	chr1	146705	146818	0	113	-	113	113	112	0	0	1	0	0.818841	0.99115	0.99115	0
PBG64749_6b2c2a7a_f5b9d37a_25.pod5	30f13fce-3447-4bed-907e-5c3b259c03dc	f5b9d37a6bda8a8d8f31f0d7b32ca6f19b945080	1935	2	17142	1.8248	17142.1	1.7052	722	34.5804	unclassified	chr1	148028	148740	10	722	-	712	712	712	0	0	0	0	0.98615	1	1	0
PBG64749_6b2c2a7a_f5b9d37a_19.pod5	e40f1dd8-b222-48b4-80a8-4e8d07e3303a	f5b9d37a6bda8a8d8f31f0d7b32ca6f19b945080	1612	4	13335.2	0.71	13335.3	0.5844	286	20.7219	unclassified	chr1	148126	148400	11	286	-	275	274	273	1	0	1	0	0.961538	0.99635	0.992727	0
PBG64749_6b2c2a7a_f5b9d37a_50.pod5	69fd3757-13f8-41a4-a0ca-ad59ff249a02	f5b9d37a6bda8a8d8f31f0d7b32ca6f19b945080	776	1	37038.5	4.976	37038.6	4.8456	2323	23.7053	unclassified	chr1	154412	156730	7	2323	-	2323	2311	2304	5	7	7	0	0.996987	0.996971	0.991821	0
PBG64749_6b2c2a7a_f5b9d37a_140.pod5	a77b51af-20a3-47dc-8149-43ea32118a07	f5b9d37a6bda8a8d8f31f0d7b32ca6f19b945080	1719	2	138179	2.1776	138179	2.0832	873	26.1126	unclassified	chr1	154963	155841	0	873	+	879	872	872	1	6	0	0	1	1	0.992036	0
PBG64749_6b2c2a7a_f5b9d37a_94.pod5	641f7e86-3ae8-4297-92b8-7d42487718be	f5b9d37a6bda8a8d8f31f0d7b32ca6f19b945080	2636	1	83866.7	5.942	83866.8	5.8344	2438	23.1601	unclassified	chr1	155763	158203	5	2438	-	2443	2430	2425	3	10	5	19	0.997949	0.997942	0.992632	0
PBG64749_6b2c2a7a_f5b9d37a_85.pod5	cd76207e-c698-4210-887f-9f75556a8d8e	f5b9d37a6bda8a8d8f31f0d7b32ca6f19b945080	1665	1	75755.9	15.422	75756	15.2856	6018	29.1809	unclassified	chr1	156800	162806	0	6010	+	6017	5999	5990	11	7	9	1	0.998671	0.9985	0.995513	0
PBG64749_6b2c2a7a_f5b9d37a_94.pod5	13b11758-3afd-4bc0-a163-732bca33ad95	f5b9d37a6bda8a8d8f31f0d7b32ca6f19b945080	1611	3	84030.4	12.1508	84030.6	12.0228	5953	26.9206	unclassified	chr1	156810	162757	0	5943	+	5955	5935	5924	8	12	11	1	0.99832	0.998147	0.994794	0
PBG64749_6b2c2a7a_f5b9d37a_30.pod5	61d705cf-e7fb-4a26-a9f5-b0d50f32b3f7	f5b9d37a6bda8a8d8f31f0d7b32ca6f19b945080	626	3	20821.4	0.6752	20821.6	0.5184	208	24.1204	unclassified	chr1	156871	157071	0	200	+	200	200	200	0	0	0	0	0.961538	1	1	0
PBG64749_6b2c2a7a_f5b9d37a_143.pod5	eb7626ee-734d-4f38-91e7-0926d61bd22b	f5b9d37a6bda8a8d8f31f0d7b32ca6f19b945080	2911	3	145119	10.7036	145120	10.5468	5018	27.3063	unclassified	chr1	157070	162091	0	5018	+	5025	5014	5007	4	7	7	1	1	0.998604	0.996418	0
PBG64749_6b2c2a7a_f5b9d37a_85.pod5	fa1f4b25-d682-4e5a-b1ca-99993535deef	f5b9d37a6bda8a8d8f31f0d7b32ca6f19b945080	1665	1	75897.1	6.5096	75897.1	6.5076	3002	24.3118	unclassified	chr1	157224	160238	0	3002	-	3014	3002	2994	0	12	8	10	1	0.997335	0.993364	0
PBG64749_6b2c2a7a_f5b9d37a_21.pod5	ecf5f8b4-112e-4f16-b188-1e98682f7f9f	f5b9d37a6bda8a8d8f31f0d7b32ca6f19b945080	803	3	14711.5	6.0492	14711.5	6.0472	2318	30.456	unclassified	chr1	157338	159615	7	2283	-	2280	2273	2267	3	4	6	5	0.981881	0.99736	0.994298	0
PBG64749_6b2c2a7a_f5b9d37a_77.pod5	fa5fffb3-86c4-4131-9b77-0ada6dc35f7d	f5b9d37a6bda8a8d8f31f0d7b32ca6f19b945080	2943	3	66046.7	19.5508	66046.7	19.5488	9063	18.5254	unclassified	chr1	157547	166444	7	8885	-	8926	8849	8820	29	48	29	1	0.979587	0.996723	0.988125	0
PBG64749_6b2c2a7a_f5b9d37a_155.pod5	279481c3-3711-4c0c-846c-6089aaf6f2fb	f5b9d37a6bda8a8d8f31f0d7b32ca6f19b945080	2333	2	185049	0.7064	185049	0.5256	211	34.8908	unclassified	chr1	158216	158427	0	211	-	211	211	211	0	0	0	0	1	1	1	0
PBG64749_6b2c2a7a_f5b9d37a_147.pod5	c13b345a-8f56-490e-bd55-14e638900997	f5b9d37a6bda8a8d8f31f0d7b32ca6f19b945080	1718	4	155150	7.0124	155150	6.8724	2785	28.4088	unclassified	chr1	158563	161349	4	2785	-	2786	2781	2778	0	5	3	1	0.998564	0.998921	0.997128	0
PBG64749_6b2c2a7a_f5b9d37a_142.pod5	a36cf203-de06-498c-9a1a-4122a12d65b1	f5b9d37a6bda8a8d8f31f0d7b32ca6f19b945080	77	3	142053	4.1912	142053	4.0392	1074	19.3447	unclassified	chr1	160634	161142	566	1074	-	508	508	508	0	0	0	0	0.472998	1	1	0
PBG64749_6b2c2a7a_f5b9d37a_1.pod5	4ae930fb-7cbe-40a2-b169-f5acb1e0bad7	f5b9d37a6bda8a8d8f31f0d7b32ca6f19b945080	455	3	1759.39	0.6402	1759.39	0.6382	267	28.4451	unclassified	chr1	160999	161222	12	235	-	223	223	223	0	0	0	0	0.835206	1	1	0
PBG64749_6b2c2a7a_f5b9d37a_6.pod5	7d32724b-af5a-4b80-9a68-3ee9ebeebd7e	f5b9d37a6bda8a8d8f31f0d7b32ca6f19b945080	344	3	4934.41	0.7976	4934.5	0.708	314	24.4608	unclassified	chr1	162788	163089	0	302	+	302	301	300	1	0	1	0	0.961783	0.996678	0.993378	0
PBG64749_6b2c2a7a_f5b9d37a_91.pod5	f99defdd-63b3-4c0a-9384-e57a878cdf1f	f5b9d37a6bda8a8d8f31f0d7b32ca6f19b945080	304	3	80956.9	0.7616	80957.1	0.576	222	19.8435	unclassified	chr1	163344	163554	12	222	-	210	210	210	0	0	0	0	0.945946	1	1	0
PBG64749_6b2c2a7a_f5b9d37a_113.pod5	9ead03cf-a9b5-4920-b62f-1c325dfbc684	f5b9d37a6bda8a8d8f31f0d7b32ca6f19b945080	1033	4	101240	13.184	101240	13.0716	5627	34.0184	unclassified	chr1	164381	170010	0	5621	+	5629	5621	5615	0	8	6	0	0.998934	0.998933	0.997513	0
PBG64749_6b2c2a7a_f5b9d37a_22.pod5	211cf6fe-dc72-4535-adbb-7d9c41590002	f5b9d37a6bda8a8d8f31f0d7b32ca6f19b945080	1617	4	15183.4	59.3036	15183.5	59.202	24047	30.1952	unclassified	chr1	164871	180564	3088	18742	-	15713	15634	15481	20	59	153	60	0.650975	0.990214	0.985235	0
PBG64749_6b2c2a7a_f5b9d37a_129.pod5	ce76b0f4-384e-4d39-a3b4-4873ebc245f1	f5b9d37a6bda8a8d8f31f0d7b32ca6f19b945080	1044	3	114746	162.148	114746	161.98	70138	18.2649	unclassified	chr1	164887	187183	13154	34740	-	22676	21206	20681	380	1090	525	60	0.307765	0.975243	0.912022	0
PBG64749_6b2c2a7a_f5b9d37a_27.pod5	84b78f2d-b497-4d0d-9106-4c468bfeb5ba	f5b9d37a6bda8a8d8f31f0d7b32ca6f19b945080	2595	2	18378.8	2.5664	18378.9	2.448	985	34.1314	unclassified	chr1	164912	165893	0	978	+	981	978	977	0	3	1	0	0.992893	0.998977	0.995923	0
PBG64749_6b2c2a7a_f5b9d37a_98.pod5	ee314ee1-a02c-46d3-9a0a-1ce6114a6b45	f5b9d37a6bda8a8d8f31f0d7b32ca6f19b945080	1948	2	86564.2	5.7332	86564.3	5.622	2316	20.4328	unclassified	chr1	165647	167956	6	2316	-	2320	2299	2275	11	10	24	0	0.997409	0.989561	0.980603	0
PBG64749_6b2c2a7a_f5b9d37a_133.pod5	7952c9e0-9e80-40ef-ab9c-0166f0d17786	f5b9d37a6bda8a8d8f31f0d7b32ca6f19b945080	176	2	125571	0.3692	125571	0.2172	95	27.8358	unclassified	chr1	165871	165966	0	95	+	95	95	95	0	0	0	0	1	1	1	0
PBG64749_6b2c2a7a_f5b9d37a_154.pod5	0d6b60c0-ae9f-4438-9679-89815c6e2c39	f5b9d37a6bda8a8d8f31f0d7b32ca6f19b945080	1188	1	182363	3.4624	182363	3.4604	1531	25.7031	unclassified	chr1	166054	167540	12	1496	-	1486	1484	1481	0	2	3	2	0.969301	0.997978	0.996635	0
PBG64749_6b2c2a7a_f5b9d37a_25.pod5	f68afe93-bf81-4400-b23a-19cc6c720869	f5b9d37a6bda8a8d8f31f0d7b32ca6f19b945080	2856	1	17566	1.694	17566.1	1.542	581	29.2278	unclassified	chr1	167138	167710	9	581	-	572	572	571	0	0	1	0	0.984509	0.998252	0.998252	0
PBG64749_6b2c2a7a_f5b9d37a_116.pod5	db668dcd-5f1c-47dd-acb6-d7d463ccbc87	f5b9d37a6bda8a8d8f31f0d7b32ca6f19b945080	1583	4	105159	5.7944	105159	5.6928	2541	26.4704	unclassified	chr1	167189	169712	10	2534	+	2524	2523	2517	1	0	6	6	0.99331	0.997622	0.997227	0
PBG64749_6b2c2a7a_f5b9d37a_116.pod5	06d6a089-b483-4f05-b629-b1d1e556c749	f5b9d37a6bda8a8d8f31f0d7b32ca6f19b945080	1583	4	105165	5.6912	105165	5.6064	2539	23.9897	unclassified	chr1	167189	169712	17	2539	-	2528	2517	2510	5	6	7	5	0.993304	0.997219	0.99288	0
PBG64749_6b2c2a7a_f5b9d37a_36.pod5	e2edd7f0-5e6e-4f97-9298-b28de7667280	f5b9d37a6bda8a8d8f31f0d7b32ca6f19b945080	1821	2	25583.9	10.0808	25584.1	9.912	3741	24.8539	unclassified	chr1	171667	175412	0	3735	+	3750	3730	3717	5	15	13	1	0.998396	0.996515	0.9912	0
PBG64749_6b2c2a7a_f5b9d37a_36.pod5	fd994915-4a4b-4330-9299-6731ae872d0d	f5b9d37a6bda8a8d8f31f0d7b32ca6f19b945080	1821	2	25573.5	10.4048	25573.7	10.2576	3748	27.5544	unclassified	chr1	171667	175412	7	3748	-	3748	3738	3727	3	7	11	5	0.998132	0.997057	0.994397	0
PBG64749_6b2c2a7a_f5b9d37a_41.pod5	5cc228ed-d986-4eda-a42c-fc54fffb8aa6	f5b9d37a6bda8a8d8f31f0d7b32ca6f19b945080	445	2	29908.3	11.4896	29908.5	11.346	4497	32.4057	unclassified	chr1	171813	176307	8	4497	-	4500	4483	4475	6	11	8	1	0.998221	0.998215	0.994444	0
PBG64749_6b2c2a7a_f5b9d37a_138.pod5	88becde0-dedd-4eca-b521-f3a8b59be025	f5b9d37a6bda8a8d8f31f0d7b32ca6f19b945080	2937	3	134604	0.9896	134604	0.8868	378	22.4516	unclassified	chr1	171953	172321	0	368	+	368	368	366	0	0	2	0	0.973545	0.994565	0.994565	0
PBG64749_6b2c2a7a_f5b9d37a_138.pod5	a15d3d99-b2d8-49e6-ac26-bba168207dd5	f5b9d37a6bda8a8d8f31f0d7b32ca6f19b945080	2937	3	134605	1.0328	134605	0.9048	379	21.1537	unclassified	chr1	171953	172321	11	379	-	368	368	368	0	0	0	0	0.970976	1	1	0
PBG64749_6b2c2a7a_f5b9d37a_25.pod5	9fc77cc7-3924-470a-bf6a-8d209246741a	f5b9d37a6bda8a8d8f31f0d7b32ca6f19b945080	2262	1	17622.4	13.868	17622.5	13.7436	4846	20.3931	unclassified	chr1	172109	176974	0	4846	-	4879	4832	4811	14	33	21	1	1	0.995654	0.986063	0
PBG64749_6b2c2a7a_f5b9d37a_8.pod5	a36415dc-e961-4bb8-9574-3ddbc3127092	f5b9d37a6bda8a8d8f31f0d7b32ca6f19b945080	330	2	6514.73	7.7624	6514.82	7.6776	3312	25.0594	unclassified	chr1	172582	175894	8	3312	-	3317	3299	3291	5	13	8	3	0.997585	0.997575	0.992162	0
PBG64749_6b2c2a7a_f5b9d37a_16.pod5	59a38556-26d9-4e36-b11f-5d059c568428	f5b9d37a6bda8a8d8f31f0d7b32ca6f19b945080	2570	3	11125.7	4.6652	11125.9	4.4904	1603	16.5666	unclassified	chr1	173494	175088	0	1596	+	1608	1582	1561	14	12	21	1	0.995633	0.986726	0.970771	0
PBG64749_6b2c2a7a_f5b9d37a_18.pod5	b5411996-ea64-4db9-b1ef-15a034a19f1a	f5b9d37a6bda8a8d8f31f0d7b32ca6f19b945080	603	1	12791.9	11.852	12792	11.748	4490	28.2307	unclassified	chr1	173566	178056	0	4483	+	4496	4477	4464	6	13	13	1	0.998441	0.997096	0.992883	0
PBG64749_6b2c2a7a_f5b9d37a_37.pod5	0d94b2f0-88d8-43fc-b3a4-544e701c92d8	f5b9d37a6bda8a8d8f31f0d7b32ca6f19b945080	402	4	26619.3	28.0148	26619.4	27.9204	10775	29.6265	unclassified	chr1	175174	180583	0	5353	+	5415	5347	5279	6	62	68	60	0.496798	0.987283	0.974885	0
PBG64749_6b2c2a7a_f5b9d37a_73.pod5	58d8652e-8ccf-4a52-9058-c7d99a3f9661	f5b9d37a6bda8a8d8f31f0d7b32ca6f19b945080	2692	2	61661.1	18.6536	61661.2	18.5496	7692	23.0341	unclassified	chr1	175408	180577	0	5097	+	5181	5085	5010	12	84	75	60	0.662637	0.985251	0.966995	0
PBG64749_6b2c2a7a_f5b9d37a_163.pod5	6ec623c9-f5f9-465e-9d3e-da2ba740eb08	f5b9d37a6bda8a8d8f31f0d7b32ca6f19b945080	2304	1	215451	3.8084	215451	3.6624	1422	33.2608	unclassified	chr1	176645	178061	6	1422	+	1416	1416	1415	0	0	1	0	0.995781	0.999294	0.999294	0
PBG64749_6b2c2a7a_f5b9d37a_130.pod5	19aa7140-d5e9-4236-8ad2-ffd656abe5fc	f5b9d37a6bda8a8d8f31f0d7b32ca6f19b945080	579	3	120013	29.0852	120013	28.9512	10221	16.2548	unclassified	chr1	176806	177956	9072	10221	-	1150	1149	1147	0	1	2	1	0.112416	0.998259	0.997391	0
PBG64749_6b2c2a7a_f5b9d37a_132.pod5	6a9721eb-0d5c-4c9c-a4b9-201034bcf2a9	f5b9d37a6bda8a8d8f31f0d7b32ca6f19b945080	1649	1	123274	9.7544	123274	9.672	4441	24.4595	unclassified	chr1	177100	180583	6	3427	-	3491	3413	3346	8	70	67	25	0.770322	0.980369	0.958465	0
PBG64749_6b2c2a7a_f5b9d37a_92.pod5	18fb2b44-387b-4c8f-ab34-a723ebf8214f	f5b9d37a6bda8a8d8f31f0d7b32ca6f19b945080	913	3	82073	1.6556	82073.1	1.554	610	27.7321	unclassified	chr1	179289	179887	0	598	+	598	598	598	0	0	0	0	0.980328	1	1	0
PBG64749_6b2c2a7a_f5b9d37a_12.pod5	1cef343f-270b-455d-9450-dcefc548b105	f5b9d37a6bda8a8d8f31f0d7b32ca6f19b945080	2650	1	9115.18	7.6868	9115.31	7.5516	2303	27.6722	unclassified	chr1	179313	180583	0	1208	+	1272	1206	1148	2	64	58	60	0.524533	0.951907	0.902516	0
PBG64749_6b2c2a7a_f5b9d37a_131.pod5	d9c288a8-7cfd-4ebe-97f5-bb1f21c4f096	f5b9d37a6bda8a8d8f31f0d7b32ca6f19b945080	814	3	122337	1.7648	122337	1.6356	582	32.4828	unclassified	chr1	179364	179946	0	582	-	582	582	578	0	0	4	0	1	0.993127	0.993127	0
PBG64749_6b2c2a7a_f5b9d37a_112.pod5	05820206-9a76-4e00-97fc-cab83adf6f5a	f5b9d37a6bda8a8d8f31f0d7b32ca6f19b945080	677	3	100225	0.7976	100225	0.672	279	22.1635	unclassified	chr1	179848	180116	0	268	+	268	268	268	0	0	0	0	0.960573	1	1	0
PBG64749_6b2c2a7a_f5b9d37a_23.pod5	2b8dfde5-4732-4a20-8f1d-b57a5e96c935	f5b9d37a6bda8a8d8f31f0d7b32ca6f19b945080	2173	1	16564.5	30.833	16564.5	30.831	12518	27.4318	unclassified	chr1	180087	191588	751	12511	+	11801	11460	11380	300	41	80	60	0.939447	0.993019	0.964325	0
PBG64749_6b2c2a7a_f5b9d37a_42.pod5	6f0bb60a-0de7-4fd2-a1e6-bd3b0b218320	f5b9d37a6bda8a8d8f31f0d7b32ca6f19b945080	399	4	30586.6	77.7704	30586.7	77.64	30793	17.1587	unclassified	chr1	180087	205842	3895	30786	+	26957	25689	25587	1202	66	102	60	0.873283	0.996029	0.949178	0
PBG64749_6b2c2a7a_f5b9d37a_66.pod5	92d7bc26-0a9d-4785-80ac-1fe54f2c4152	f5b9d37a6bda8a8d8f31f0d7b32ca6f19b945080	1818	2	52874.3	28.3782	52874.3	28.3762	12188	23.8712	unclassified	chr1	180087	187889	4109	12182	+	8117	7758	7676	315	44	82	60	0.662373	0.98943	0.94567	0
PBG64749_6b2c2a7a_f5b9d37a_101.pod5	a60099bc-c606-4152-a64b-1c317aac1dec	f5b9d37a6bda8a8d8f31f0d7b32ca6f19b945080	1176	4	90282.4	14.8728	90282.4	14.8708	7674	25.1976	unclassified	chr1	180087	183862	3623	7669	+	4077	3744	3677	302	31	67	60	0.527235	0.982105	0.901889	0
PBG64749_6b2c2a7a_f5b9d37a_82.pod5	cf66ac72-b5db-492f-8805-25be874e9634	f5b9d37a6bda8a8d8f31f0d7b32ca6f19b945080	1361	3	74865.5	64.1288	74865.6	64.0236	23457	16.1377	unclassified	chr1	180087	197409	3987	21581	+	17634	17282	17205	312	40	77	60	0.750053	0.995544	0.975672	0
PBG64749_6b2c2a7a_f5b9d37a_98.pod5	03bba005-2597-49f1-967b-47f3ce84f447	f5b9d37a6bda8a8d8f31f0d7b32ca6f19b945080	1425	2	87584.6	5.4284	87584.7	5.2908	2337	24.1476	unclassified	chr1	180087	181825	319	2332	+	2042	1709	1641	304	29	68	60	0.861361	0.960211	0.803624	0
PBG64749_6b2c2a7a_f5b9d37a_150.pod5	08d524fe-edc9-47a9-8efc-a1c8556acc88	f5b9d37a6bda8a8d8f31f0d7b32ca6f19b945080	1334	2	168083	23.9792	168083	23.874	11173	24.5914	unclassified	chr1	180087	186708	4281	11167	+	6922	6585	6512	301	36	73	60	0.616307	0.988914	0.940769	0
PBG64749_6b2c2a7a_f5b9d37a_29.pod5	3968d70a-f051-498d-8a57-76f6c26b1c44	f5b9d37a6bda8a8d8f31f0d7b32ca6f19b945080	2413	3	20512.8	8.672	20512.9	8.5368	2801	22.776	unclassified	chr1	180087	181463	1190	2563	-	1422	1327	1249	46	49	78	60	0.490182	0.941221	0.87834	0
PBG64749_6b2c2a7a_f5b9d37a_42.pod5	1c18ae37-38c4-4c1b-ba21-f35fe3c2262e	f5b9d37a6bda8a8d8f31f0d7b32ca6f19b945080	399	4	30502.7	83.846	30502.8	83.712	29931	25.951	unclassified	chr1	180087	205842	3915	29931	-	26079	25692	25586	324	63	106	60	0.869199	0.995874	0.981096	0
PBG64749_6b2c2a7a_f5b9d37a_43.pod5	f1aafd03-480a-4899-ae75-edbef1c94c92	f5b9d37a6bda8a8d8f31f0d7b32ca6f19b945080	2925	4	30977.9	8.1656	30978.2	7.9308	2347	21.7804	unclassified	chr1	180087	181113	1316	2347	-	1060	997	933	34	29	64	60	0.439284	0.935807	0.880189	0
PBG64749_6b2c2a7a_f5b9d37a_62.pod5	35afe981-9125-4b6e-b0cc-51bc25842aa0	f5b9d37a6bda8a8d8f31f0d7b32ca6f19b945080	2332	3	48376.6	23.3042	48376.6	23.3022	8316	24.2232	unclassified	chr1	180087	184659	3448	8284	-	4873	4535	4459	301	37	76	60	0.58153	0.983241	0.915042	0
PBG64749_6b2c2a7a_f5b9d37a_100.pod5	e4371484-6bf2-4328-89dc-b0c767263e1a	f5b9d37a6bda8a8d8f31f0d7b32ca6f19b945080	2293	2	88558.7	16.5032	88558.8	16.344	5799	22.6331	unclassified	chr1	180087	181463	4335	5710	-	1423	1328	1250	47	48	78	42	0.23711	0.941265	0.878426	0
PBG64749_6b2c2a7a_f5b9d37a_126.pod5	d7d1a982-b547-4d6c-ab43-eaf3d7eee5b8	f5b9d37a6bda8a8d8f31f0d7b32ca6f19b945080	1230	2	116577	23.6432	116577	23.514	8074	22.9709	unclassified	chr1	180087	186949	954	8074	-	7165	6817	6725	303	45	92	60	0.881843	0.986504	0.93859	0
PBG64749_6b2c2a7a_f5b9d37a_152.pod5	af791065-f7a6-4ae6-90ee-cc3ca3ab1894	f5b9d37a6bda8a8d8f31f0d7b32ca6f19b945080	2750	4	175388	19.352	175388	19.2264	7081	21.7353	unclassified	chr1	180087	182873	4030	7081	-	3083	2754	2687	297	32	67	48	0.430871	0.975672	0.871554	0
PBG64749_6b2c2a7a_f5b9d37a_167.pod5	3b166756-c178-41a7-a2bf-e97db2360596	f5b9d37a6bda8a8d8f31f0d7b32ca6f19b945080	476	3	229858	80.7716	229858	80.6748	32220	23.9776	unclassified	chr1	180087	207666	855	28656	-	27920	27460	27360	341	119	100	56	0.862849	0.996358	0.979943	0
PBG64749_6b2c2a7a_f5b9d37a_2.pod5	e855d9bf-3941-4b73-af5c-bbb07644d7ae	f5b9d37a6bda8a8d8f31f0d7b32ca6f19b945080	1278	1	2336.52	42.9584	2336.6	42.8712	20155	25.2981	unclassified	chr1	180088	199361	835	20155	+	19426	19167	19066	153	106	101	60	0.958571	0.994731	0.981468	0
PBG64749_6b2c2a7a_f5b9d37a_22.pod5	eaabe36f-e370-4f16-b946-0906207266b2	f5b9d37a6bda8a8d8f31f0d7b32ca6f19b945080	761	2	15451.3	12.4112	15451.3	12.4092	6462	24.3576	unclassified	chr1	180088	180998	2498	3381	+	919	874	816	9	36	58	7	0.136645	0.933638	0.887922	0
PBG64749_6b2c2a7a_f5b9d37a_27.pod5	d8092cc7-370b-4da3-a6a7-cba76760889b	f5b9d37a6bda8a8d8f31f0d7b32ca6f19b945080	2289	1	19002.6	7.862	19002.7	7.734	3989	25.5775	unclassified	chr1	180088	180997	2379	3273	+	930	873	814	21	36	59	1	0.224116	0.932417	0.875269	0
PBG64749_6b2c2a7a_f5b9d37a_29.pod5	8eb3232c-f421-41f7-95f5-23ad9a58082c	f5b9d37a6bda8a8d8f31f0d7b32ca6f19b945080	2413	3	20521.5	5.7236	20521.6	5.586	2787	21.9876	unclassified	chr1	180088	181463	1168	2544	+	1426	1325	1247	51	50	78	41	0.493721	0.941132	0.874474	0
PBG64749_6b2c2a7a_f5b9d37a_35.pod5	14f2db08-06b5-4a9f-80e9-72ef2f3f683d	f5b9d37a6bda8a8d8f31f0d7b32ca6f19b945080	1703	1	25297.8	9.865	25297.8	9.863	4960	25.1032	unclassified	chr1	180088	181110	3952	4953	+	1045	978	903	23	44	75	1	0.201815	0.923313	0.864115	0
PBG64749_6b2c2a7a_f5b9d37a_42.pod5	87dc1ceb-bf84-455f-857a-d33f60a8c541	f5b9d37a6bda8a8d8f31f0d7b32ca6f19b945080	1583	2	30592.1	5.2094	30592.1	5.2074	1671	22.9525	unclassified	chr1	180088	180998	405	1291	+	923	873	801	13	37	72	1	0.530221	0.917526	0.867822	0
PBG64749_6b2c2a7a_f5b9d37a_43.pod5	e539b2ad-eca5-475d-a884-0a7029f25cc4	f5b9d37a6bda8a8d8f31f0d7b32ca6f19b945080	513	2	30956.7	5.4374	30956.7	5.4354	2108	22.6165	unclassified	chr1	180088	180998	825	1745	+	955	875	816	45	35	59	1	0.436433	0.932571	0.85445	0
PBG64749_6b2c2a7a_f5b9d37a_53.pod5	738443cc-ba5d-4e17-bc4b-565ddf2e3eb3	f5b9d37a6bda8a8d8f31f0d7b32ca6f19b945080	2528	4	39597.5	13.8356	39597.6	13.7028	6911	24.4297	unclassified	chr1	180088	180998	3920	4804	+	920	874	816	10	36	58	7	0.127912	0.933638	0.886957	0
PBG64749_6b2c2a7a_f5b9d37a_59.pod5	572dc732-9ab9-4de5-9089-7fbc85d2ded5	f5b9d37a6bda8a8d8f31f0d7b32ca6f19b945080	707	2	46340.5	6.9682	46340.5	6.9662	3256	25.368	unclassified	chr1	180088	180998	2023	2894	+	914	867	805	4	43	62	1	0.267506	0.928489	0.880744	0
PBG64749_6b2c2a7a_f5b9d37a_68.pod5	a8ab3b8e-1fc4-4a55-b33b-e3ebc6b41dcf	f5b9d37a6bda8a8d8f31f0d7b32ca6f19b945080	907	4	55709.6	22.9216	55709.6	22.9196	9463	24.8645	unclassified	chr1	180088	187343	1847	9456	+	7652	7212	7095	397	43	117	59	0.804079	0.983777	0.927209	0
PBG64749_6b2c2a7a_f5b9d37a_101.pod5	74a80bf7-da33-4ffb-86ec-5a4a6a5a5e5f	f5b9d37a6bda8a8d8f31f0d7b32ca6f19b945080	2046	1	90163.5	13.9028	90163.7	13.7556	5009	16.8737	unclassified	chr1	180088	180960	3982	4865	+	919	836	771	47	36	65	35	0.176283	0.922249	0.838955	0
PBG64749_6b2c2a7a_f5b9d37a_115.pod5	b17e2a62-34c5-412a-b112-0ecca0c6992e	f5b9d37a6bda8a8d8f31f0d7b32ca6f19b945080	1762	2	103788	8.6898	103788	8.6878	3872	24.8165	unclassified	chr1	180088	182776	1151	3865	+	2765	2637	2546	77	51	91	60	0.70093	0.965491	0.920796	0
PBG64749_6b2c2a7a_f5b9d37a_123.pod5	2a3c18f1-19d9-475b-8784-c7418f6fb4d7	f5b9d37a6bda8a8d8f31f0d7b32ca6f19b945080	397	3	111482	14.2412	111482	14.0148	5666	12.7424	unclassified	chr1	180088	183642	911	4519	+	3664	3498	3409	110	56	89	60	0.636781	0.974557	0.930404	0
PBG64749_6b2c2a7a_f5b9d37a_128.pod5	0be9db9c-6a29-419d-b77d-7911ba08c9f4	f5b9d37a6bda8a8d8f31f0d7b32ca6f19b945080	797	4	119766	23.348	119766	23.2512	10888	24.8772	unclassified	chr1	180088	188733	2175	10888	+	8776	8582	8471	131	63	111	48	0.800239	0.987066	0.965246	0
PBG64749_6b2c2a7a_f5b9d37a_140.pod5	caa5fc48-6a8a-429f-9f88-2536d717a277	f5b9d37a6bda8a8d8f31f0d7b32ca6f19b945080	635	3	136637	54.494	136637	54.3792	23043	24.1782	unclassified	chr1	180088	199207	3845	23032	+	19274	19032	18788	155	87	244	1	0.832661	0.987179	0.974785	0
PBG64749_6b2c2a7a_f5b9d37a_141.pod5	084161bc-84b0-4c00-80b0-d587a4d30151	f5b9d37a6bda8a8d8f31f0d7b32ca6f19b945080	1858	4	139744	5.6974	139744	5.6954	2826	21.7969	unclassified	chr1	180088	181434	1332	2801	+	1492	1323	1230	146	23	93	38	0.519816	0.929705	0.824397	0
PBG64749_6b2c2a7a_f5b9d37a_85.pod5	61c28dd5-5e91-4085-b8e6-fc44f15da3e8	f5b9d37a6bda8a8d8f31f0d7b32ca6f19b945080	480	4	76356.6	15.1642	76356.6	15.1622	7330	24.5222	unclassified	chr1	180088	182475	4518	7324	+	2850	2343	2272	463	44	71	60	0.38281	0.969697	0.797193	0
PBG64749_6b2c2a7a_f5b9d37a_98.pod5	a7e6b93b-de4c-4dbf-bb67-b23785f5b5af	f5b9d37a6bda8a8d8f31f0d7b32ca6f19b945080	849	2	87377.2	7.0028	87377.2	7.0008	3749	26.2692	unclassified	chr1	180088	180997	2563	3457	+	930	873	814	21	36	59	1	0.238464	0.932417	0.875269	0
PBG64749_6b2c2a7a_f5b9d37a_149.pod5	54f4ac8e-19aa-45cd-9340-d26be3be0fb4	f5b9d37a6bda8a8d8f31f0d7b32ca6f19b945080	2407	3	162478	6.332	162478	6.2232	3311	24.3929	unclassified	chr1	180088	180997	1869	2763	+	930	873	814	21	36	59	1	0.270009	0.932417	0.875269	0
PBG64749_6b2c2a7a_f5b9d37a_151.pod5	fb7122b9-9829-491a-bc6b-1e0f6e07794a	f5b9d37a6bda8a8d8f31f0d7b32ca6f19b945080	860	3	169657	19.6732	169657	19.6712	8967	23.0804	unclassified	chr1	180088	180998	3685	4570	+	921	874	816	11	36	58	8	0.0986952	0.933638	0.885993	0
PBG64749_6b2c2a7a_f5b9d37a_155.pod5	56a6e2fa-a7c3-49a4-9bfb-9c9e3d492176	f5b9d37a6bda8a8d8f31f0d7b32ca6f19b945080	2301	2	184447	9.2216	184447	9.1488	5021	21.4949	unclassified	chr1	180088	183744	1212	5021	+	3862	3603	3509	206	53	94	60	0.758614	0.973911	0.908597	0
PBG64749_6b2c2a7a_f5b9d37a_167.pod5	d59b899a-c25e-4c15-92a4-df973baf0a3d	f5b9d37a6bda8a8d8f31f0d7b32ca6f19b945080	2639	1	227518	6.1772	227518	6.0684	2189	25.6897	unclassified	chr1	180088	180998	939	1834	+	930	875	816	20	35	59	17	0.408863	0.932571	0.877419	0
PBG64749_6b2c2a7a_f5b9d37a_3.pod5	61f26d81-98ed-4c1b-bfea-2b9b7ff5732c	f5b9d37a6bda8a8d8f31f0d7b32ca6f19b945080	1200	1	2651.52	39.4492	2651.52	39.4472	7581	8.27448	unclassified	chr1	180088	180877	1187	1950	-	796	756	697	7	33	59	1	0.100646	0.921958	0.875628	0
PBG64749_6b2c2a7a_f5b9d37a_43.pod5	899aef9a-25de-4512-8674-a3afb51e37d5	f5b9d37a6bda8a8d8f31f0d7b32ca6f19b945080	513	2	30948.1	8.4374	30948.1	8.4354	2132	23.5707	unclassified	chr1	180088	180998	858	1768	-	958	862	808	48	48	54	8	0.426829	0.937355	0.843424	0
PBG64749_6b2c2a7a_f5b9d37a_49.pod5	f6be2b74-74bd-4350-b682-20d0f8fc7353	f5b9d37a6bda8a8d8f31f0d7b32ca6f19b945080	2512	3	35603.1	23.4476	35603.3	23.2992	8503	23.5411	unclassified	chr1	180088	185945	2483	8503	-	6074	5803	5700	217	54	103	60	0.707985	0.982251	0.938426	0
PBG64749_6b2c2a7a_f5b9d37a_63.pod5	6ff4115e-b671-4801-ae8d-9621877349f0	f5b9d37a6bda8a8d8f31f0d7b32ca6f19b945080	2071	2	49145.1	21.65	49145.3	21.504	7268	23.7355	unclassified	chr1	180088	183389	3938	7267	-	3380	3250	3156	79	51	94	60	0.458035	0.971077	0.933728	0
PBG64749_6b2c2a7a_f5b9d37a_100.pod5	231d9d75-1e67-4f06-bcc4-77249b65db7d	f5b9d37a6bda8a8d8f31f0d7b32ca6f19b945080	1219	2	88544.7	5.894	88544.8	5.7492	2080	22.0678	unclassified	chr1	180088	180997	808	1702	-	930	873	814	21	36	59	1	0.429808	0.932417	0.875269	0
PBG64749_6b2c2a7a_f5b9d37a_100.pod5	b3917dc2-ec99-48ac-92e9-6be71db0ec17	f5b9d37a6bda8a8d8f31f0d7b32ca6f19b945080	2401	1	89116.2	34.1684	89116.4	34.0092	7292	23.4734	unclassified	chr1	180088	183233	4122	7292	-	3220	3095	3000	75	50	95	60	0.434723	0.969305	0.931677	0
PBG64749_6b2c2a7a_f5b9d37a_115.pod5	16788d7a-451b-4648-b099-4515b8dae258	f5b9d37a6bda8a8d8f31f0d7b32ca6f19b945080	2791	4	104341	19.9654	104341	19.9634	6481	22.1332	unclassified	chr1	180088	180998	2890	3773	-	919	874	816	9	36	58	7	0.136244	0.933638	0.887922	0
PBG64749_6b2c2a7a_f5b9d37a_125.pod5	4c59626d-3513-4188-8893-a5d5208672e7	f5b9d37a6bda8a8d8f31f0d7b32ca6f19b945080	2626	3	114172	30.6068	114172	30.4332	11172	26.5083	unclassified	chr1	180088	189752	1485	11172	-	9742	9609	9487	78	55	122	52	0.867078	0.987304	0.973825	0
PBG64749_6b2c2a7a_f5b9d37a_142.pod5	c3db30a8-7c1c-4d2a-9f3c-0b0083cdd2d4	f5b9d37a6bda8a8d8f31f0d7b32ca6f19b945080	1951	4	143004	17.4116	143004	17.2632	4560	11.42	unclassified	chr1	180088	181986	2645	4560	-	1983	1830	1739	85	68	91	45	0.419956	0.950273	0.876954	0
PBG64749_6b2c2a7a_f5b9d37a_91.pod5	e732af50-185f-4b9a-aae3-ded954e02117	f5b9d37a6bda8a8d8f31f0d7b32ca6f19b945080	629	4	81007.7	41.0992	81007.7	41.0972	16305	26.3052	unclassified	chr1	180088	193896	2159	16305	-	14200	13754	13586	392	54	168	1	0.867587	0.987785	0.956761	0
PBG64749_6b2c2a7a_f5b9d37a_98.pod5	0dedf304-1b41-4907-bde7-2e68b6b5e2cd	f5b9d37a6bda8a8d8f31f0d7b32ca6f19b945080	1623	4	87181.7	8.9936	87181.9	8.7924	2968	22.6418	unclassified	chr1	180088	180996	2069	2967	-	937	869	801	29	39	68	1	0.302561	0.921749	0.854856	0
PBG64749_6b2c2a7a_f5b9d37a_158.pod5	8eac726a-7d49-4ce4-87a3-43e687ca398b	f5b9d37a6bda8a8d8f31f0d7b32ca6f19b945080	2376	4	197400	21.2	197400	21.1152	7603	23.817	unclassified	chr1	180088	184726	2548	7603	-	5101	4592	4518	463	46	74	60	0.664869	0.983885	0.885709	0
PBG64749_6b2c2a7a_f5b9d37a_57.pod5	489db55c-6dfa-45f9-a986-0541e01630b5	f5b9d37a6bda8a8d8f31f0d7b32ca6f19b945080	2942	2	44229.2	61.7528	44229.4	61.638	22217	25.8409	unclassified	chr1	180089	201947	279	22217	+	22035	21761	21653	177	97	108	60	0.987442	0.995037	0.982664	0
PBG64749_6b2c2a7a_f5b9d37a_72.pod5	f9d50a25-7b1a-431e-b154-dbbbde20d5fe	f5b9d37a6bda8a8d8f31f0d7b32ca6f19b945080	1431	2	59949.6	22.4024	59949.7	22.26	9970	26.9413	unclassified	chr1	180089	188712	1272	9962	+	8766	8547	8461	143	76	86	60	0.871615	0.989938	0.965207	0
PBG64749_6b2c2a7a_f5b9d37a_124.pod5	300e904d-bdfd-4d12-8b84-4c5147a7fc05	f5b9d37a6bda8a8d8f31f0d7b32ca6f19b945080	1553	3	113835	3.2842	113835	3.2822	1370	26.0732	unclassified	chr1	180089	181169	283	1370	+	1162	1005	926	82	75	79	29	0.793431	0.921393	0.796902	0
PBG64749_6b2c2a7a_f5b9d37a_25.pod5	af671c7e-d371-4fb4-89fc-292641189115	f5b9d37a6bda8a8d8f31f0d7b32ca6f19b945080	863	2	17536	9.6092	17536.2	9.4764	3567	27.8542	unclassified	chr1	180089	183204	322	3567	-	3276	3084	3001	161	31	83	43	0.909728	0.973087	0.916056	0
PBG64749_6b2c2a7a_f5b9d37a_145.pod5	ef129bc2-1962-4255-bb1a-d4d07bd35ce1	f5b9d37a6bda8a8d8f31f0d7b32ca6f19b945080	2314	4	150678	54.1436	150678	54.0168	19789	27.8473	unclassified	chr1	180089	197792	2031	19789	-	17847	17614	17521	144	89	93	60	0.897367	0.99472	0.981734	0
PBG64749_6b2c2a7a_f5b9d37a_145.pod5	f42c36a4-c01b-4d75-9aba-e1d58e052df4	f5b9d37a6bda8a8d8f31f0d7b32ca6f19b945080	2394	2	151683	38.6576	151683	38.4456	6591	22.2453	unclassified	chr1	180089	181980	4030	6242	-	2301	1802	1610	410	89	192	1	0.335609	0.893452	0.699696	0
PBG64749_6b2c2a7a_f5b9d37a_35.pod5	6db69650-a28f-459b-9b0a-f4b3a10d7191	f5b9d37a6bda8a8d8f31f0d7b32ca6f19b945080	904	2	25547.6	5.1056	25547.7	4.9944	2490	21.3352	unclassified	chr1	180091	180998	0	866	+	914	859	805	7	48	54	6	0.347791	0.937136	0.880744	0
PBG64749_6b2c2a7a_f5b9d37a_72.pod5	958bd2c5-4d82-405c-a48b-aca97bd8a94e	f5b9d37a6bda8a8d8f31f0d7b32ca6f19b945080	2316	3	61137.8	2.5926	61137.8	2.5906	884	27.1284	unclassified	chr1	180134	180993	11	849	-	884	813	746	25	46	67	1	0.947964	0.917589	0.843891	0
PBG64749_6b2c2a7a_f5b9d37a_20.pod5	6a858907-5ac2-425e-849a-527b5b39344f	f5b9d37a6bda8a8d8f31f0d7b32ca6f19b945080	886	4	14025	12.7112	14025	12.7092	7296	22.6288	unclassified	chr1	180156	181980	5146	7284	+	2227	1735	1548	403	89	187	1	0.293037	0.892219	0.695106	0
PBG64749_6b2c2a7a_f5b9d37a_150.pod5	173ebe17-6c6f-4fb4-82e4-30988034ba76	f5b9d37a6bda8a8d8f31f0d7b32ca6f19b945080	1084	1	166276	36.0056	166277	35.8728	14368	26.6545	unclassified	chr1	180272	194613	3	14368	+	14429	14277	14202	88	64	75	60	0.999791	0.994747	0.984268	0
PBG64749_6b2c2a7a_f5b9d37a_65.pod5	7c166697-7143-4507-90b1-ed11a8d0cd79	f5b9d37a6bda8a8d8f31f0d7b32ca6f19b945080	538	3	51117.9	11.6252	51118	11.5308	4363	28.1273	unclassified	chr1	180474	184566	0	4358	+	4375	4075	4038	283	17	37	60	0.998854	0.99092	0.922971	0
PBG64749_6b2c2a7a_f5b9d37a_138.pod5	ae418ca6-6d7a-4591-8f27-b90585e20b95	f5b9d37a6bda8a8d8f31f0d7b32ca6f19b945080	1547	3	136449	34.5092	136450	34.38	14475	26.9944	unclassified	chr1	180508	191341	3556	14460	-	11229	10508	10272	396	325	236	60	0.753299	0.977541	0.914774	0
PBG64749_6b2c2a7a_f5b9d37a_49.pod5	ffd3e0e7-d77c-45ec-b058-32d8b8428d36	f5b9d37a6bda8a8d8f31f0d7b32ca6f19b945080	2369	3	36107.4	4.7504	36107.6	4.602	1813	28.8955	unclassified	chr1	180522	182069	1	1807	+	1844	1509	1488	297	38	21	11	0.996139	0.986084	0.806941	0
PBG64749_6b2c2a7a_f5b9d37a_29.pod5	82882612-620b-499f-bae9-34ba5231b498	f5b9d37a6bda8a8d8f31f0d7b32ca6f19b945080	2190	2	20448.4	68.9696	20448.5	68.8512	29410	25.9923	unclassified	chr1	180540	200914	8719	29400	+	20731	20324	20041	357	50	283	1	0.703196	0.986076	0.966717	0
PBG64749_6b2c2a7a_f5b9d37a_53.pod5	133759b7-d5c4-4c74-bb78-b32d21b51cac	f5b9d37a6bda8a8d8f31f0d7b32ca6f19b945080	801	4	39748.4	40.2884	39748.5	40.1952	21214	22.0066	unclassified	chr1	180540	193158	8218	21208	+	13040	12568	12437	422	50	131	1	0.612331	0.989577	0.953758	0
PBG64749_6b2c2a7a_f5b9d37a_71.pod5	7ad590b3-6777-4cc1-b775-a227134cc04b	f5b9d37a6bda8a8d8f31f0d7b32ca6f19b945080	2225	2	58687	59.4464	58687.1	59.328	26276	24.8876	unclassified	chr1	180540	198139	8294	26270	+	18044	17531	17356	445	68	175	1	0.684122	0.990018	0.961871	0
PBG64749_6b2c2a7a_f5b9d37a_73.pod5	d5335fb7-a072-49b8-9f2f-f57dc83c9fcd	f5b9d37a6bda8a8d8f31f0d7b32ca6f19b945080	2034	2	61295.7	24.2888	61295.8	24.1968	10687	24.0587	unclassified	chr1	180540	182118	8794	10680	+	1894	1570	1531	316	8	39	1	0.176476	0.975159	0.808342	0
PBG64749_6b2c2a7a_f5b9d37a_75.pod5	cc88abaa-631f-4471-8c5e-591337fa53e5	f5b9d37a6bda8a8d8f31f0d7b32ca6f19b945080	484	1	63447.9	22.5872	63447.9	22.5852	9820	25.0136	unclassified	chr1	180540	184988	5088	9812	+	4741	4431	4401	293	17	30	60	0.481059	0.99323	0.928285	0
PBG64749_6b2c2a7a_f5b9d37a_133.pod5	2fc4aee5-cb06-4269-9a02-66b5470be575	f5b9d37a6bda8a8d8f31f0d7b32ca6f19b945080	2977	2	126469	46.1506	126469	46.1486	19426	24.8829	unclassified	chr1	180540	190882	8707	19419	+	10732	10322	10238	390	20	84	32	0.551426	0.991862	0.953969	0
PBG64749_6b2c2a7a_f5b9d37a_168.pod5	b9f6f0b7-118c-45dd-97e4-d20bfa4a3418	f5b9d37a6bda8a8d8f31f0d7b32ca6f19b945080	876	4	231458	31.6432	231458	31.6412	13938	25.8447	unclassified	chr1	180540	188921	5272	13936	+	8679	8366	8334	298	15	32	60	0.62161	0.996175	0.960249	0
PBG64749_6b2c2a7a_f5b9d37a_13.pod5	d0a37672-f716-4529-8036-212fb200a21c	f5b9d37a6bda8a8d8f31f0d7b32ca6f19b945080	2475	3	9878.74	45.5372	9878.89	45.3852	13224	24.4925	unclassified	chr1	180540	185354	8035	13224	-	5198	4805	4766	384	9	39	60	0.392393	0.991883	0.916891	0
PBG64749_6b2c2a7a_f5b9d37a_19.pod5	077d8a81-6e0a-449d-a2a0-1b1c0d4d37fa	f5b9d37a6bda8a8d8f31f0d7b32ca6f19b945080	1146	1	13386	51.356	13386.1	51.2556	18969	23.9656	unclassified	chr1	180540	191751	7379	18969	-	11605	11196	11102	394	15	94	17	0.610997	0.991604	0.956657	0
PBG64749_6b2c2a7a_f5b9d37a_2.pod5	e945a591-a17f-434a-a4e7-fba9f4b0e7c9	f5b9d37a6bda8a8d8f31f0d7b32ca6f19b945080	851	1	2134.28	24.9152	2134.44	24.7536	8193	22.2132	unclassified	chr1	180540	180998	7452	7930	-	483	453	430	25	5	23	27	0.0583425	0.949227	0.890269	0
PBG64749_6b2c2a7a_f5b9d37a_38.pod5	66807f07-2f35-46af-8862-d1f446411d0a	f5b9d37a6bda8a8d8f31f0d7b32ca6f19b945080	1424	4	27280.2	24.9242	27280.2	24.9222	7985	22.3785	unclassified	chr1	180540	180967	7592	7976	-	434	377	363	7	50	14	40	0.0480902	0.962865	0.836406	0
PBG64749_6b2c2a7a_f5b9d37a_71.pod5	1702283c-0923-4eb0-b5fd-816d2b483f17	f5b9d37a6bda8a8d8f31f0d7b32ca6f19b945080	2225	2	58617.3	69.62	58617.4	69.516	26303	25.6528	unclassified	chr1	180540	198135	8300	26303	-	18033	17565	17408	438	30	157	1	0.684447	0.991062	0.965341	0
PBG64749_6b2c2a7a_f5b9d37a_106.pod5	41762db9-4e48-47bb-ba34-e4a8cff8f661	f5b9d37a6bda8a8d8f31f0d7b32ca6f19b945080	1424	2	94768.8	25.7072	94769	25.5768	8335	22.7237	unclassified	chr1	180540	180998	7135	7612	-	482	453	430	24	5	23	20	0.0572286	0.949227	0.892116	0
PBG64749_6b2c2a7a_f5b9d37a_107.pod5	1b7af93d-2790-4247-a926-4cf5d40b88ef	f5b9d37a6bda8a8d8f31f0d7b32ca6f19b945080	2089	3	95416.4	39.242	95416.5	39.126	14262	17.577	unclassified	chr1	180540	186308	8132	14262	-	6147	5751	5704	379	17	47	56	0.429814	0.991827	0.927932	0
PBG64749_6b2c2a7a_f5b9d37a_113.pod5	38872076-f413-476b-94a4-6ff1f7d1a7b4	f5b9d37a6bda8a8d8f31f0d7b32ca6f19b945080	1446	3	101322	48.1578	101322	48.1558	15870	14.0783	unclassified	chr1	180540	187882	8120	15837	-	7731	7328	7264	389	14	64	58	0.486263	0.991266	0.939594	0
PBG64749_6b2c2a7a_f5b9d37a_134.pod5	4b10a7bf-1ace-45e5-a205-4876de67335e	f5b9d37a6bda8a8d8f31f0d7b32ca6f19b945080	2102	4	127898	34.8656	127898	34.6836	11514	23.5745	unclassified	chr1	180540	184471	7217	11514	-	4309	3919	3880	378	12	39	60	0.373198	0.990048	0.900441	0
PBG64749_6b2c2a7a_f5b9d37a_90.pod5	8871cc88-89ed-4ba6-a384-86d5e2cc075c	f5b9d37a6bda8a8d8f31f0d7b32ca6f19b945080	2129	4	80737	8.2076	80737.2	8.0796	3261	22.729	unclassified	chr1	180552	183769	3	3261	-	3302	3173	3138	85	44	35	60	0.99908	0.988969	0.950333	0
PBG64749_6b2c2a7a_f5b9d37a_31.pod5	3472f534-efeb-456c-9d39-e3380a42e66e	f5b9d37a6bda8a8d8f31f0d7b32ca6f19b945080	947	2	21853.7	46.82	21853.8	46.6704	18858	27.8908	unclassified	chr1	180553	191341	5936	16849	+	11205	10496	10259	417	292	237	60	0.578693	0.97742	0.915573	0
PBG64749_6b2c2a7a_f5b9d37a_59.pod5	4d933cb8-9ff3-4b51-92bc-ea04ca7835f8	f5b9d37a6bda8a8d8f31f0d7b32ca6f19b945080	794	1	45616.3	6.7036	45616.3	6.7016	2589	28.7894	unclassified	chr1	180692	183070	37	2581	+	2568	2354	2337	190	24	17	60	0.982619	0.992778	0.910047	0
PBG64749_6b2c2a7a_f5b9d37a_32.pod5	5fa0937e-6a0e-45da-81a0-c2d6c7dc5cae	f5b9d37a6bda8a8d8f31f0d7b32ca6f19b945080	453	3	22715.4	28.3746	22715.4	28.3726	13360	24.7882	unclassified	chr1	180695	183851	9510	12688	+	3219	3115	3103	63	41	12	60	0.237874	0.996148	0.963964	0
PBG64749_6b2c2a7a_f5b9d37a_136.pod5	a111a0a6-e03b-4b44-8306-0485709447aa	f5b9d37a6bda8a8d8f31f0d7b32ca6f19b945080	1485	3	131968	58.956	131968	58.954	24253	25.9511	unclassified	chr1	180695	194842	10105	24253	+	14213	14082	14060	66	65	22	60	0.583351	0.998438	0.989235	0
PBG64749_6b2c2a7a_f5b9d37a_23.pod5	3e96e141-b6b4-4cc5-bbac-0d6ccba6cc71	f5b9d37a6bda8a8d8f31f0d7b32ca6f19b945080	587	2	15927.2	37.7324	15927.3	37.6308	13168	22.999	unclassified	chr1	180695	183510	10338	13168	-	2878	2767	2756	63	48	11	60	0.214915	0.996025	0.957609	0
PBG64749_6b2c2a7a_f5b9d37a_5.pod5	c8649e92-918d-46f6-8951-ce40f9f7554b	f5b9d37a6bda8a8d8f31f0d7b32ca6f19b945080	2349	1	3931.03	54.6954	3931.03	54.6934	19410	24.5076	unclassified	chr1	180695	190339	9706	19375	-	9719	9594	9579	75	50	15	60	0.498145	0.998437	0.985595	0
PBG64749_6b2c2a7a_f5b9d37a_58.pod5	23c69d61-7004-4108-915c-460e699f4884	f5b9d37a6bda8a8d8f31f0d7b32ca6f19b945080	2682	4	45381.8	91.412	45382	91.2672	33650	25.5951	unclassified	chr1	180695	204435	9902	33650	-	23817	23671	23649	77	69	22	60	0.705736	0.999071	0.992946	0
PBG64749_6b2c2a7a_f5b9d37a_148.pod5	26de6ca0-4393-4c87-9f44-087929686c46	f5b9d37a6bda8a8d8f31f0d7b32ca6f19b945080	912	1	160300	41.4644	160300	41.3316	15919	22.2364	unclassified	chr1	180695	187035	9573	15919	-	6408	6278	6256	68	62	22	60	0.398643	0.996496	0.97628	0
PBG64749_6b2c2a7a_f5b9d37a_149.pod5	38319641-0019-4b6a-a227-596cf0ffcf89	f5b9d37a6bda8a8d8f31f0d7b32ca6f19b945080	978	3	163670	65.708	163670	65.5944	22102	21.2626	unclassified	chr1	180695	193268	9497	22102	-	12689	12489	12419	116	84	70	60	0.57031	0.994395	0.978722	0
PBG64749_6b2c2a7a_f5b9d37a_150.pod5	5b981350-d705-43c3-9f69-3c4c046989d8	f5b9d37a6bda8a8d8f31f0d7b32ca6f19b945080	813	4	167804	61.9994	167804	61.9974	19784	16.4335	unclassified	chr1	180695	190108	10393	19751	-	9528	9243	9127	115	170	116	60	0.473008	0.98745	0.957914	0
PBG64749_6b2c2a7a_f5b9d37a_45.pod5	e3bc5bc6-7e38-4ff0-b13e-b88bca69c6f0	f5b9d37a6bda8a8d8f31f0d7b32ca6f19b945080	2071	3	33302.1	42.2846	33302.1	42.2826	17359	19.3366	unclassified	chr1	180710	190254	7440	17353	+	9956	9501	9436	412	43	65	35	0.571058	0.993159	0.94777	0
PBG64749_6b2c2a7a_f5b9d37a_134.pod5	fa4cc654-316c-4313-b3ef-78135bf4c9e4	f5b9d37a6bda8a8d8f31f0d7b32ca6f19b945080	1849	4	127636	77.51	127636	77.4228	33422	19.8017	unclassified	chr1	180710	206435	7059	32947	+	25958	25655	25418	233	70	237	1	0.77458	0.990762	0.979197	0
PBG64749_6b2c2a7a_f5b9d37a_45.pod5	2a3c25a3-6f8c-416f-9998-40783829392b	f5b9d37a6bda8a8d8f31f0d7b32ca6f19b945080	2071	3	33249.3	52.8056	33249.4	52.6944	17145	24	unclassified	chr1	180710	190252	7428	17145	-	9750	9509	9458	208	33	51	41	0.566754	0.994637	0.970051	0
PBG64749_6b2c2a7a_f5b9d37a_9.pod5	a9a30c1e-b90a-46d1-9f2a-333db295c02d	f5b9d37a6bda8a8d8f31f0d7b32ca6f19b945080	1788	2	6809.87	33.77	6809.96	33.6792	12695	20.7968	unclassified	chr1	180710	184809	8411	12695	-	4305	4078	4060	206	21	18	60	0.337456	0.995586	0.943089	0
PBG64749_6b2c2a7a_f5b9d37a_80.pod5	9282f456-39ce-4740-8c26-c83dd7982d6f	f5b9d37a6bda8a8d8f31f0d7b32ca6f19b945080	1266	3	70061.8	26.7692	70061.9	26.664	9328	22.9672	unclassified	chr1	180710	182688	6834	9328	-	2497	1975	1947	519	3	28	1	0.267367	0.985823	0.779736	0
PBG64749_6b2c2a7a_f5b9d37a_45.pod5	334e70f0-a3d2-4f9d-afd6-6ebdce174f67	f5b9d37a6bda8a8d8f31f0d7b32ca6f19b945080	1784	1	33096.9	3.5252	33097	3.4092	1202	30.1957	unclassified	chr1	180750	181756	7	1202	-	1215	986	981	209	20	5	60	0.994176	0.994929	0.807407	0
PBG64749_6b2c2a7a_f5b9d37a_56.pod5	a4ec1846-3e3b-4b7a-ac86-8dabe439e374	f5b9d37a6bda8a8d8f31f0d7b32ca6f19b945080	68	2	42942.7	11.8784	42942.7	11.8764	5372	24.9302	unclassified	chr1	180835	180939	5272	5372	+	105	99	99	1	5	0	1	0.018615	1	0.942857	0
PBG64749_6b2c2a7a_f5b9d37a_147.pod5	50b1fcc2-5ccc-4e66-8121-133e314d4434	f5b9d37a6bda8a8d8f31f0d7b32ca6f19b945080	720	3	156176	49.6556	156176	49.4676	16168	24.2761	unclassified	chr1	180856	188588	8149	16168	-	8029	7722	7676	297	10	46	33	0.49598	0.994043	0.956034	0
PBG64749_6b2c2a7a_f5b9d37a_21.pod5	546411a3-9ef0-4ed4-8068-8171c863263d	f5b9d37a6bda8a8d8f31f0d7b32ca6f19b945080	600	4	15178	17.2688	15178.1	17.1432	6002	22.0256	unclassified	chr1	180877	180998	5302	5425	-	125	119	119	4	2	0	10	0.0204932	1	0.952	0
PBG64749_6b2c2a7a_f5b9d37a_8.pod5	6e8c07a9-e979-491f-91e8-f8717449acc6	f5b9d37a6bda8a8d8f31f0d7b32ca6f19b945080	117	4	6188.35	12.4532	6188.47	12.336	6471	25.1646	unclassified	chr1	180901	180998	5729	5824	+	97	95	95	0	2	0	5	0.0146809	1	0.979381	0
PBG64749_6b2c2a7a_f5b9d37a_115.pod5	98ca2101-773b-4c95-8978-b9ae547a81c7	f5b9d37a6bda8a8d8f31f0d7b32ca6f19b945080	2380	1	103951	21.6464	103951	21.4848	6758	22.9906	unclassified	chr1	180901	180972	6691	6758	-	71	67	67	0	4	0	1	0.00991418	1	0.943662	0
PBG64749_6b2c2a7a_f5b9d37a_11.pod5	3b343e25-5de2-4317-a283-dfbc4b4dd78a	f5b9d37a6bda8a8d8f31f0d7b32ca6f19b945080	2295	4	8704.58	15.407	8704.58	15.405	7305	24.1153	unclassified	chr1	180956	182491	5728	7305	+	1593	1519	1507	58	16	12	22	0.21588	0.9921	0.946014	0
PBG64749_6b2c2a7a_f5b9d37a_70.pod5	5377d88b-0e1f-4e55-bef5-4b2b188a3a42	f5b9d37a6bda8a8d8f31f0d7b32ca6f19b945080	213	4	58366.9	44.7812	58367	44.6508	16385	25.7307	unclassified	chr1	180956	186484	10795	16378	+	5589	5522	5501	61	6	21	60	0.340738	0.996197	0.984255	0
PBG64749_6b2c2a7a_f5b9d37a_85.pod5	901badcf-2ce8-4f6d-95b4-f62e4d43ceaa	f5b9d37a6bda8a8d8f31f0d7b32ca6f19b945080	2301	3	76516.1	27.6114	76516.1	27.6094	13606	25.3684	unclassified	chr1	180956	184702	9806	13598	+	3807	3731	3718	61	15	13	60	0.278701	0.996516	0.976622	0
PBG64749_6b2c2a7a_f5b9d37a_151.pod5	4ac39c94-03f7-41a6-aee6-4b80da551270	f5b9d37a6bda8a8d8f31f0d7b32ca6f19b945080	1784	1	172059	22.207	172059	22.205	10165	22.1207	unclassified	chr1	180956	185731	5342	10156	+	4834	4755	4738	59	20	17	58	0.473586	0.996425	0.980141	0
PBG64749_6b2c2a7a_f5b9d37a_154.pod5	6f1b7667-6465-493d-af8e-636abc0d1120	f5b9d37a6bda8a8d8f31f0d7b32ca6f19b945080	965	3	182186	73.1922	182186	73.1902	17969	14.2582	unclassified	chr1	180956	193367	5612	17969	+	12637	12131	11832	226	280	299	1	0.687684	0.975352	0.936298	0
PBG64749_6b2c2a7a_f5b9d37a_101.pod5	0eb7100b-f7aa-41f5-b256-773b0f7d4925	f5b9d37a6bda8a8d8f31f0d7b32ca6f19b945080	1816	4	89662.6	23.0618	89662.6	23.0598	10029	19.9897	unclassified	chr1	180956	184496	6397	9989	-	3622	3510	3473	82	30	37	60	0.358161	0.989459	0.958862	0
PBG64749_6b2c2a7a_f5b9d37a_81.pod5	76d64d06-b42c-4064-b321-41d589679a1f	f5b9d37a6bda8a8d8f31f0d7b32ca6f19b945080	26	3	72943	21.32	72943.1	21.2256	7040	23.3818	unclassified	chr1	180956	182064	5886	7040	-	1166	1096	1091	58	12	5	24	0.16392	0.995438	0.935678	0
PBG64749_6b2c2a7a_f5b9d37a_150.pod5	74623886-834d-498f-afa4-8983ad7374fb	f5b9d37a6bda8a8d8f31f0d7b32ca6f19b945080	1690	4	168813	31.3484	168813	31.2312	10545	24.6732	unclassified	chr1	180994	190987	779	10545	-	10043	9716	9525	50	277	191	49	0.926126	0.980342	0.948422	0
PBG64749_6b2c2a7a_f5b9d37a_67.pod5	2b9128d8-6e71-46a5-aef4-5aaabf6a48c5	f5b9d37a6bda8a8d8f31f0d7b32ca6f19b945080	1588	1	54004.5	5.3596	54004.5	5.3576	2489	18.5747	unclassified	chr1	181003	183295	33	2489	+	2473	2275	2241	181	17	34	60	0.986742	0.985055	0.906187	0
PBG64749_6b2c2a7a_f5b9d37a_6.pod5	0da35c74-c174-4113-8cfd-574fe3dfe92d	f5b9d37a6bda8a8d8f31f0d7b32ca6f19b945080	1715	2	4886.95	42.5084	4887.27	42.1932	13382	13.6212	unclassified	chr1	181017	194298	9	13381	-	13596	13057	12789	315	224	268	60	0.999253	0.979475	0.940644	0
PBG64749_6b2c2a7a_f5b9d37a_142.pod5	018e988e-b591-4d01-984e-5f5a80ff4084	f5b9d37a6bda8a8d8f31f0d7b32ca6f19b945080	2855	3	141157	16.9724	141157	16.818	6632	26.0453	unclassified	chr1	181065	187640	9	6632	-	6633	6565	6532	58	10	33	60	0.998643	0.994973	0.984773	0
PBG64749_6b2c2a7a_f5b9d37a_9.pod5	f3d08054-1a90-47ea-ad8c-691e5a8a1552	f5b9d37a6bda8a8d8f31f0d7b32ca6f19b945080	442	4	6812.2	32.0408	6812.38	31.8648	13071	27.3425	unclassified	chr1	181146	193953	265	13065	+	12821	12786	12683	14	21	103	9	0.979267	0.991944	0.989236	0
PBG64749_6b2c2a7a_f5b9d37a_103.pod5	6a54053e-41a0-457f-a924-82a8dcc554b5	f5b9d37a6bda8a8d8f31f0d7b32ca6f19b945080	2288	2	91485.2	3.2804	91485.3	3.1932	1420	31.4619	unclassified	chr1	181146	182469	66	1414	+	1352	1319	1313	29	4	6	60	0.949296	0.995451	0.971154	0
PBG64749_6b2c2a7a_f5b9d37a_85.pod5	0505dddc-4d70-40ce-aea4-247d3b71765a	f5b9d37a6bda8a8d8f31f0d7b32ca6f19b945080	1596	2	75714.5	7.1096	75714.7	6.9432	1926	26.9617	unclassified	chr1	181255	183184	2	1926	-	1930	1923	1921	1	6	2	59	0.998962	0.99896	0.995337	0
PBG64749_6b2c2a7a_f5b9d37a_41.pod5	492a835f-6074-4f61-a1f1-9785dc96f455	f5b9d37a6bda8a8d8f31f0d7b32ca6f19b945080	671	1	29499.8	11.102	29500	10.9356	4342	29.18	unclassified	chr1	181263	185597	3	4332	+	4337	4326	4308	3	8	18	60	0.997006	0.995839	0.993313	0
PBG64749_6b2c2a7a_f5b9d37a_12.pod5	6ad9b4cd-db33-4302-876d-7c107afc46ba	f5b9d37a6bda8a8d8f31f0d7b32ca6f19b945080	303	2	8919.25	4.406	8919.36	4.2948	1994	23.4117	unclassified	chr1	181327	183321	13	1994	-	1996	1979	1976	2	15	3	60	0.99348	0.998484	0.98998	0
PBG64749_6b2c2a7a_f5b9d37a_141.pod5	aaedd100-101c-4165-ad89-9d7b38d4b000	f5b9d37a6bda8a8d8f31f0d7b32ca6f19b945080	1858	4	139750	5.9236	139750	5.9216	2367	17.4349	unclassified	chr1	181421	183794	0	2366	+	2397	2342	2324	24	31	18	60	0.999578	0.992314	0.969545	0
PBG64749_6b2c2a7a_f5b9d37a_118.pod5	495304b8-8a95-4c71-9b63-0e3493f4abbb	f5b9d37a6bda8a8d8f31f0d7b32ca6f19b945080	926	2	106487	1.9952	106487	1.8432	712	25.7505	unclassified	chr1	181443	182152	7	712	-	709	705	703	0	4	2	60	0.990169	0.997163	0.991537	0
PBG64749_6b2c2a7a_f5b9d37a_137.pod5	ea149782-db03-4fcb-8b06-2874eb9cf36b	f5b9d37a6bda8a8d8f31f0d7b32ca6f19b945080	2593	3	134007	24.5624	134007	24.4632	9620	24.015	unclassified	chr1	181668	191292	0	9620	+	9640	9604	9542	16	20	62	8	1	0.993544	0.989834	0
PBG64749_6b2c2a7a_f5b9d37a_60.pod5	0261e030-5535-45fa-ae19-2077dc2ebf9c	f5b9d37a6bda8a8d8f31f0d7b32ca6f19b945080	1930	1	47137.9	5.5304	47138	5.4156	2121	32.1297	unclassified	chr1	181962	184076	0	2114	+	2114	2114	2113	0	0	1	60	0.9967	0.999527	0.999527	0
PBG64749_6b2c2a7a_f5b9d37a_111.pod5	6fae6557-9cb0-4adc-b7f3-3c13525dbcbd	f5b9d37a6bda8a8d8f31f0d7b32ca6f19b945080	342	3	99166.3	35.4416	99166.6	35.1732	14136	27.5966	unclassified	chr1	182157	196296	0	14136	-	14150	14125	14108	11	14	17	60	1	0.998796	0.997032	0
PBG64749_6b2c2a7a_f5b9d37a_2.pod5	ab621d6a-ea66-4d74-a2f6-8ae0bcb68263	f5b9d37a6bda8a8d8f31f0d7b32ca6f19b945080	381	2	1873.65	17.9684	1873.78	17.8416	6948	27.234	unclassified	chr1	182227	189170	6	6948	-	6951	6934	6904	8	9	30	36	0.999136	0.995673	0.993238	0
PBG64749_6b2c2a7a_f5b9d37a_138.pod5	b51ff161-8e50-4674-8397-cf692b88f72f	f5b9d37a6bda8a8d8f31f0d7b32ca6f19b945080	864	2	135715	27.3476	135715	27.2328	12641	24.9938	unclassified	chr1	182445	195075	0	12634	+	12671	12593	12418	41	37	175	14	0.999446	0.986103	0.980033	0
PBG64749_6b2c2a7a_f5b9d37a_121.pod5	76cc4e80-4490-453c-866f-31a3224e1335	f5b9d37a6bda8a8d8f31f0d7b32ca6f19b945080	1261	3	109088	49.8246	109088	49.8226	17068	26.3929	unclassified	chr1	182540	199579	0	17038	-	17086	16991	16732	47	48	259	28	0.998242	0.984757	0.979281	0
PBG64749_6b2c2a7a_f5b9d37a_71.pod5	e8aa29f3-0995-443b-b688-57fe21eae9ec	f5b9d37a6bda8a8d8f31f0d7b32ca6f19b945080	2943	1	58821.6	2.6696	58821.7	2.58	953	25.7073	unclassified	chr1	182728	183677	0	947	+	949	947	947	0	2	0	60	0.993704	1	0.997892	0
PBG64749_6b2c2a7a_f5b9d37a_141.pod5	7b00ccb6-1c87-464d-865a-c7650b9a941b	f5b9d37a6bda8a8d8f31f0d7b32ca6f19b945080	2588	1	140801	9.236	140801	9.0528	3564	27.4107	unclassified	chr1	182968	186529	0	3558	+	3563	3556	3552	2	5	4	60	0.998317	0.998875	0.996913	0
PBG64749_6b2c2a7a_f5b9d37a_53.pod5	c9f5a17e-0edc-41ef-a779-f0cbcd2c1683	f5b9d37a6bda8a8d8f31f0d7b32ca6f19b945080	170	4	39173.8	61.8684	39173.8	61.8664	23952	21.4253	unclassified	chr1	183019	206938	6	23945	-	24013	23845	23731	94	74	114	60	0.999457	0.995219	0.988256	0
PBG64749_6b2c2a7a_f5b9d37a_44.pod5	a4561ce6-a098-4b1b-9cc2-18e085ad2b36	f5b9d37a6bda8a8d8f31f0d7b32ca6f19b945080	958	3	32436.7	3.6584	32436.8	3.5496	1527	27.1214	unclassified	chr1	183407	184926	0	1520	+	1521	1518	1517	2	1	1	60	0.995416	0.999341	0.99737	0
PBG64749_6b2c2a7a_f5b9d37a_44.pod5	6b55a02d-0543-41c6-a9ff-19b4a15b839b	f5b9d37a6bda8a8d8f31f0d7b32ca6f19b945080	958	3	32432.7	4.0064	32432.8	3.8664	1526	25.6614	unclassified	chr1	183407	184926	6	1526	-	1521	1518	1517	2	1	1	60	0.996068	0.999341	0.99737	0
PBG64749_6b2c2a7a_f5b9d37a_127.pod5	06fc0c41-2479-42d8-8891-c61f6b849af2	f5b9d37a6bda8a8d8f31f0d7b32ca6f19b945080	1511	2	117634	2.2952	117635	2.1828	919	25.8349	unclassified	chr1	183511	184428	1	919	-	918	917	917	1	0	0	60	0.998912	1	0.998911	0
PBG64749_6b2c2a7a_f5b9d37a_60.pod5	0618221e-72b7-487a-8366-9ff44e37617e	f5b9d37a6bda8a8d8f31f0d7b32ca6f19b945080	557	1	47208.4	19.1084	47208.5	18.9924	7546	29.5186	unclassified	chr1	183682	191227	0	7544	+	7550	7539	7496	5	6	43	1	0.999735	0.994296	0.992848	0
PBG64749_6b2c2a7a_f5b9d37a_155.pod5	b4d28503-7f3f-4ad5-8c01-89856e02b090	f5b9d37a6bda8a8d8f31f0d7b32ca6f19b945080	2301	2	184456	8.6942	184456	8.6922	3699	22.572	unclassified	chr1	183750	187448	0	3699	+	3710	3687	3666	12	11	21	60	1	0.994304	0.98814	0
PBG64749_6b2c2a7a_f5b9d37a_132.pod5	cd6854f5-54a1-4cd8-bef8-1d622cfc1ed0	f5b9d37a6bda8a8d8f31f0d7b32ca6f19b945080	2736	2	123413	22.3822	123413	22.3802	8865	25.0565	unclassified	chr1	183868	192708	25	8858	+	8861	8812	8722	21	28	90	53	0.99639	0.989787	0.984313	0
PBG64749_6b2c2a7a_f5b9d37a_4.pod5	0c6fd01f-cd85-4d57-8f4b-76bd9cf99558	f5b9d37a6bda8a8d8f31f0d7b32ca6f19b945080	1526	4	3285.56	1.0664	3285.64	0.9852	481	17.0432	unclassified	chr1	183902	184148	0	246	+	246	246	246	0	0	0	0	0.511434	1	1	0
PBG64749_6b2c2a7a_f5b9d37a_128.pod5	15df85bd-96ee-4d4c-994e-87cf47c25134	f5b9d37a6bda8a8d8f31f0d7b32ca6f19b945080	614	4	118538	1.0856	118538	0.984	451	23.2677	unclassified	chr1	184450	184898	0	450	+	450	448	448	2	0	0	10	0.997783	1	0.995556	0
PBG64749_6b2c2a7a_f5b9d37a_14.pod5	e4a9620d-7eab-4892-ad8a-72340f4a0cbb	f5b9d37a6bda8a8d8f31f0d7b32ca6f19b945080	1595	3	10244.6	11.6468	10244.8	11.5332	4231	29.0869	unclassified	chr1	184470	188694	0	4223	+	4228	4219	4197	4	5	22	37	0.998109	0.994785	0.992668	0
PBG64749_6b2c2a7a_f5b9d37a_73.pod5	70a52a67-5274-4d3a-8f87-61c04618fe96	f5b9d37a6bda8a8d8f31f0d7b32ca6f19b945080	60	3	61945.6	5.7308	61945.7	5.5728	3180	20.5367	unclassified	chr1	184572	187748	7	3179	-	3191	3157	3143	15	19	14	60	0.997484	0.995565	0.984958	0
PBG64749_6b2c2a7a_f5b9d37a_50.pod5	535c10b8-1811-4ec4-9129-d744566deb9f	f5b9d37a6bda8a8d8f31f0d7b32ca6f19b945080	1704	1	37122.3	16.9556	37122.5	16.794	7395	21.1846	unclassified	chr1	184678	192071	0	7385	+	7430	7348	7257	37	45	91	60	0.998648	0.987616	0.976716	0
PBG64749_6b2c2a7a_f5b9d37a_86.pod5	1a3c5b53-e655-4c90-8e92-0781ba949dc3	f5b9d37a6bda8a8d8f31f0d7b32ca6f19b945080	1910	3	77419	1.3832	77419.2	1.2432	399	24.5755	unclassified	chr1	185011	185400	0	389	+	389	389	389	0	0	0	36	0.974937	1	1	0
PBG64749_6b2c2a7a_f5b9d37a_82.pod5	7beed39b-bfa0-417a-8ab9-2708248ccb37	f5b9d37a6bda8a8d8f31f0d7b32ca6f19b945080	726	3	73150.8	31.0642	73150.8	31.0622	14264	10.1774	unclassified	chr1	185011	199413	5	14226	-	14860	13763	12885	458	639	878	1	0.996985	0.936206	0.867093	0
PBG64749_6b2c2a7a_f5b9d37a_128.pod5	0204e642-befb-4dfd-ac92-873a0c921aca	f5b9d37a6bda8a8d8f31f0d7b32ca6f19b945080	1594	3	118943	34.8764	118943	34.7076	14358	27.031	unclassified	chr1	185439	199796	0	14358	-	14388	14327	14107	31	30	220	60	1	0.984644	0.98047	0
PBG64749_6b2c2a7a_f5b9d37a_162.pod5	148c4ba6-f660-4ba6-87f2-0b1b31fe70cf	f5b9d37a6bda8a8d8f31f0d7b32ca6f19b945080	2813	1	212148	8.7068	212148	8.5884	3567	25.3058	unclassified	chr1	186048	189599	1	3556	+	3567	3539	3487	16	12	52	11	0.996636	0.985307	0.977572	0
PBG64749_6b2c2a7a_f5b9d37a_162.pod5	2ad0f111-fb94-405f-b854-8e67713d9e3c	f5b9d37a6bda8a8d8f31f0d7b32ca6f19b945080	2813	1	212157	8.8232	212157	8.7096	3555	24.0116	unclassified	chr1	186048	189599	9	3555	-	3560	3537	3487	9	14	50	41	0.997468	0.985864	0.979494	0
PBG64749_6b2c2a7a_f5b9d37a_104.pod5	9679c6ba-5c6d-4ac1-8d97-1db516dd1403	f5b9d37a6bda8a8d8f31f0d7b32ca6f19b945080	1803	1	92949.4	2.4608	92949.6	2.3076	985	21.8851	unclassified	chr1	186065	187047	8	985	-	982	977	966	0	5	11	60	0.991878	0.988741	0.983707	0
PBG64749_6b2c2a7a_f5b9d37a_71.pod5	3aab30b0-3a67-4565-a49f-918d1be503ca	f5b9d37a6bda8a8d8f31f0d7b32ca6f19b945080	2837	2	59317.4	5.6984	59317.5	5.592	2254	29.1309	unclassified	chr1	186187	188436	0	2249	+	2252	2246	2231	3	3	15	23	0.997782	0.993321	0.990675	0
PBG64749_6b2c2a7a_f5b9d37a_78.pod5	51a93547-725b-43a3-9a3d-542c7983ded3	f5b9d37a6bda8a8d8f31f0d7b32ca6f19b945080	1338	4	67765.9	50.5136	67766	50.376	18841	28.8602	unclassified	chr1	186232	205076	0	18841	+	18856	18829	18819	12	15	10	60	1	0.999469	0.998038	0
PBG64749_6b2c2a7a_f5b9d37a_72.pod5	0eb774d4-5940-4da6-afd1-fbbc3a938fc6	f5b9d37a6bda8a8d8f31f0d7b32ca6f19b945080	554	1	60680.7	6.2636	60680.8	6.15	2652	27.5477	unclassified	chr1	186300	188951	0	2652	-	2655	2648	2645	4	3	3	60	1	0.998867	0.996234	0
PBG64749_6b2c2a7a_f5b9d37a_12.pod5	9c722853-1b80-45bf-93c8-8e54da118fd2	f5b9d37a6bda8a8d8f31f0d7b32ca6f19b945080	957	2	8933.54	10.814	8933.65	10.704	4243	28.4007	unclassified	chr1	186441	190682	0	4238	+	4251	4228	4181	10	13	47	1	0.998822	0.988884	0.983533	0
PBG64749_6b2c2a7a_f5b9d37a_85.pod5	bbdb63b0-f4ce-4898-98b6-c1252adfacd0	f5b9d37a6bda8a8d8f31f0d7b32ca6f19b945080	1796	2	76515.5	2.297	76515.5	2.295	762	12.3851	unclassified	chr1	186645	187365	24	750	+	742	704	681	22	16	23	41	0.952756	0.96733	0.91779	0
PBG64749_6b2c2a7a_f5b9d37a_77.pod5	0a878c78-bd6a-4432-805f-1df26488007b	f5b9d37a6bda8a8d8f31f0d7b32ca6f19b945080	431	2	66451.6	6.7988	66451.6	6.714	3652	23.1664	unclassified	chr1	187457	191097	9	3652	-	3655	3628	3596	15	12	32	60	0.997536	0.99118	0.983858	0
PBG64749_6b2c2a7a_f5b9d37a_148.pod5	a10159af-bc3d-46c6-9b9e-3cfa48586a03	f5b9d37a6bda8a8d8f31f0d7b32ca6f19b945080	779	2	161640	14.8628	161640	14.8608	6076	10.8444	unclassified	chr1	188394	194490	34	6076	+	6269	5869	5603	173	227	266	60	0.994404	0.954677	0.893763	0
PBG64749_6b2c2a7a_f5b9d37a_89.pod5	83996b57-c41d-47b2-ac7c-658bfd796f11	f5b9d37a6bda8a8d8f31f0d7b32ca6f19b945080	2280	4	79279.8	4.6988	79280	4.5852	1645	36.05	unclassified	chr1	188441	190084	0	1640	+	1644	1639	1626	1	4	13	1	0.99696	0.992068	0.989051	0
PBG64749_6b2c2a7a_f5b9d37a_50.pod5	ab7be0ad-91b6-4c5a-8f74-dfffb7aba560	f5b9d37a6bda8a8d8f31f0d7b32ca6f19b945080	2360	4	36690.7	5.0948	36690.8	4.9788	2019	32.3439	unclassified	chr1	188630	190647	7	2019	-	2017	2012	2001	0	5	11	45	0.996533	0.994533	0.992067	0
PBG64749_6b2c2a7a_f5b9d37a_98.pod5	69f538b9-e917-4a26-822e-cc0a04c74cce	f5b9d37a6bda8a8d8f31f0d7b32ca6f19b945080	836	3	86483	10.4504	86483.2	10.2888	3579	25.5299	unclassified	chr1	189034	192611	7	3579	-	3581	3568	3565	4	9	3	60	0.998044	0.999159	0.995532	0
PBG64749_6b2c2a7a_f5b9d37a_65.pod5	f4c08db1-935e-4302-9542-b6fac425b17e	f5b9d37a6bda8a8d8f31f0d7b32ca6f19b945080	2057	3	52025.1	6.83	52025.3	6.6636	2805	24.1579	unclassified	chr1	189098	191895	8	2805	-	2802	2792	2785	5	5	7	60	0.997148	0.997493	0.993933	0
PBG64749_6b2c2a7a_f5b9d37a_52.pod5	4fb5d496-9111-4f85-9e30-764f5c3850a2	f5b9d37a6bda8a8d8f31f0d7b32ca6f19b945080	1355	4	38793.8	17.3756	38793.8	17.3736	6970	25.9012	unclassified	chr1	189274	196219	6	6939	-	6953	6925	6832	8	20	93	60	0.994692	0.98657	0.982597	0
PBG64749_6b2c2a7a_f5b9d37a_34.pod5	68b81d55-74bb-4367-98a7-87335c7c9141	f5b9d37a6bda8a8d8f31f0d7b32ca6f19b945080	2901	4	24181.4	4.64	24181.5	4.5192	1477	20.0266	unclassified	chr1	189612	191082	0	1477	-	1480	1467	1448	10	3	19	0	1	0.987048	0.978378	0
PBG64749_6b2c2a7a_f5b9d37a_17.pod5	20e029e8-3d27-4164-b806-edb56acc54a9	f5b9d37a6bda8a8d8f31f0d7b32ca6f19b945080	2632	4	12205.7	16.8212	12205.8	16.698	6892	22.6689	unclassified	chr1	189622	196500	2	6892	-	6901	6867	6846	23	11	21	60	0.99971	0.996942	0.99203	0
PBG64749_6b2c2a7a_f5b9d37a_51.pod5	0f6fe7c1-594b-400d-b869-c117173258d4	f5b9d37a6bda8a8d8f31f0d7b32ca6f19b945080	686	3	37758.7	4.2236	37758.8	4.1244	1622	29.4393	unclassified	chr1	189691	191303	9	1622	-	1613	1612	1604	1	0	8	60	0.994451	0.995037	0.99442	0
PBG64749_6b2c2a7a_f5b9d37a_101.pod5	97089a7d-12d1-4b59-8479-8ee77ad9d28a	f5b9d37a6bda8a8d8f31f0d7b32ca6f19b945080	739	2	89447.1	3.1758	89447.1	3.1738	1404	12.9026	unclassified	chr1	189698	191083	27	1398	+	1414	1342	1294	29	43	48	6	0.976496	0.964233	0.915134	0
PBG64749_6b2c2a7a_f5b9d37a_101.pod5	d02adaa9-376c-448f-98f9-1079276e9eca	f5b9d37a6bda8a8d8f31f0d7b32ca6f19b945080	739	2	89443.2	3.644	89443.3	3.5496	1397	12.0048	unclassified	chr1	189702	191082	8	1397	-	1425	1344	1271	45	36	73	33	0.994273	0.945685	0.89193	0
PBG64749_6b2c2a7a_f5b9d37a_135.pod5	c1158ca9-c489-4d23-a444-9bc3041753de	f5b9d37a6bda8a8d8f31f0d7b32ca6f19b945080	670	3	129716	27.7724	129716	27.6516	10931	26.3872	unclassified	chr1	189837	200766	0	10926	+	10949	10906	10782	20	23	124	60	0.999543	0.98863	0.984747	0
PBG64749_6b2c2a7a_f5b9d37a_21.pod5	bbba19b9-25f1-4f38-8a85-4fb5b71c0bbe	f5b9d37a6bda8a8d8f31f0d7b32ca6f19b945080	2912	4	15218.9	0.8252	15219	0.7212	273	23.1626	unclassified	chr1	189843	190106	0	263	+	263	263	263	0	0	0	0	0.96337	1	1	0
PBG64749_6b2c2a7a_f5b9d37a_68.pod5	5ce220f5-379d-4dfa-b370-340699172ee3	f5b9d37a6bda8a8d8f31f0d7b32ca6f19b945080	1631	4	54764.4	0.776	54764.5	0.672	273	23.0581	unclassified	chr1	189983	190248	0	263	+	265	263	263	0	2	0	15	0.96337	1	0.992453	0
PBG64749_6b2c2a7a_f5b9d37a_157.pod5	b03a1701-e50b-4aa0-a13a-f836ffbb275a	f5b9d37a6bda8a8d8f31f0d7b32ca6f19b945080	2124	4	193662	1.2752	193662	1.1856	463	25.5064	unclassified	chr1	190114	190577	0	463	+	463	463	463	0	0	0	1	1	1	1	0
PBG64749_6b2c2a7a_f5b9d37a_5.pod5	6f12bb1d-6834-4ab7-8da4-6b8618d2f046	f5b9d37a6bda8a8d8f31f0d7b32ca6f19b945080	453	3	4354.52	1.4648	4354.66	1.3212	481	23.7296	unclassified	chr1	190126	190598	0	472	+	472	472	471	0	0	1	0	0.981289	0.997881	0.997881	0
PBG64749_6b2c2a7a_f5b9d37a_54.pod5	0f8f60e8-7190-4513-9a73-417e7e101caa	f5b9d37a6bda8a8d8f31f0d7b32ca6f19b945080	613	1	41305.6	6.1532	41305.6	6.1512	2238	6.6099	unclassified	chr1	190254	192662	8	2202	-	2484	2118	1884	76	290	234	1	0.98034	0.889518	0.758454	0
PBG64749_6b2c2a7a_f5b9d37a_102.pod5	4774eaae-c14d-45fc-9ec7-997c12ae2081	f5b9d37a6bda8a8d8f31f0d7b32ca6f19b945080	1048	1	90530.2	1.5956	90530.4	1.4136	599	23.2948	unclassified	chr1	190260	190847	3	590	+	588	586	586	1	1	0	60	0.979967	1	0.996599	0
PBG64749_6b2c2a7a_f5b9d37a_50.pod5	79204efe-481b-4d60-b4a5-52672645cc58	f5b9d37a6bda8a8d8f31f0d7b32ca6f19b945080	1897	2	37145.4	13.9952	37145.6	13.8516	5331	29.0384	unclassified	chr1	190264	195589	7	5331	-	5331	5318	5241	6	7	77	60	0.998687	0.985521	0.983118	0
PBG64749_6b2c2a7a_f5b9d37a_123.pod5	58a1e5bf-e0c7-4182-aac9-fa00f8f98dcf	f5b9d37a6bda8a8d8f31f0d7b32ca6f19b945080	1780	2	111962	7.5308	111963	7.3644	2662	27.886	unclassified	chr1	190417	193074	6	2662	-	2659	2654	2636	2	3	18	60	0.997746	0.993218	0.99135	0
PBG64749_6b2c2a7a_f5b9d37a_73.pod5	5ae98e24-830f-4dde-ab84-21af4fe6312d	f5b9d37a6bda8a8d8f31f0d7b32ca6f19b945080	1200	1	62294.3	1.5342	62294.3	1.5322	599	17.0403	unclassified	chr1	190483	190793	256	566	-	310	310	310	0	0	0	0	0.517529	1	1	0
PBG64749_6b2c2a7a_f5b9d37a_154.pod5	fee2cf86-ecda-4c1a-8e5e-169da956d06e	f5b9d37a6bda8a8d8f31f0d7b32ca6f19b945080	2712	1	180215	0.716	180215	0.516	186	23.7241	unclassified	chr1	190628	190807	7	186	-	179	179	177	0	0	2	0	0.962366	0.988827	0.988827	0
PBG64749_6b2c2a7a_f5b9d37a_107.pod5	32b9f717-c0b6-45b6-aff7-9f8e0c3b4d45	f5b9d37a6bda8a8d8f31f0d7b32ca6f19b945080	1334	4	96015.2	0.4484	96015.4	0.3204	152	23.5806	unclassified	chr1	190721	190873	0	152	-	152	152	152	0	0	0	60	1	1	1	0
PBG64749_6b2c2a7a_f5b9d37a_36.pod5	7119edd0-f1c7-4a09-bbc2-379abd7ae40e	f5b9d37a6bda8a8d8f31f0d7b32ca6f19b945080	1550	2	26144	1.2728	26144.1	1.1832	396	27.4	unclassified	chr1	190787	191171	0	384	+	384	384	384	0	0	0	60	0.969697	1	1	0
PBG64749_6b2c2a7a_f5b9d37a_36.pod5	8f4e65a3-75a6-4b60-8626-64bdb36cbd74	f5b9d37a6bda8a8d8f31f0d7b32ca6f19b945080	1550	2	26145.3	1.1444	26145.4	1.0452	393	21.0616	unclassified	chr1	190787	191171	9	393	-	384	384	383	0	0	1	60	0.977099	0.997396	0.997396	0
PBG64749_6b2c2a7a_f5b9d37a_12.pod5	56f3892d-d75c-4881-89d7-c0ac0c3ceb9d	f5b9d37a6bda8a8d8f31f0d7b32ca6f19b945080	2871	1	9450.03	2.606	9450.13	2.502	892	23.3457	unclassified	chr1	190861	191745	0	887	+	887	884	880	3	0	4	59	0.994395	0.995475	0.992108	0
PBG64749_6b2c2a7a_f5b9d37a_87.pod5	d64a2c35-9cd4-468c-b277-42707b2ed166	f5b9d37a6bda8a8d8f31f0d7b32ca6f19b945080	2287	3	78253	10.976	78253.2	10.8516	4537	26.8541	unclassified	chr1	191136	195672	7	4537	-	4539	4527	4451	3	9	76	60	0.998457	0.983212	0.980612	0
PBG64749_6b2c2a7a_f5b9d37a_48.pod5	261461be-fb57-4660-b0ea-feb4c838ae0c	f5b9d37a6bda8a8d8f31f0d7b32ca6f19b945080	1375	4	34829.5	20.9468	34830.2	20.28	5993	24.5762	unclassified	chr1	191177	197150	7	5993	-	5999	5960	5854	26	13	106	41	0.998832	0.982215	0.975829	0
PBG64749_6b2c2a7a_f5b9d37a_90.pod5	7649d2e0-6d3b-4aa6-87ee-d83023428ca4	f5b9d37a6bda8a8d8f31f0d7b32ca6f19b945080	2824	1	80046.3	41.7296	80046.5	41.5776	11210	25.1434	unclassified	chr1	191224	202438	7	11210	-	11227	11190	11169	13	24	21	60	0.999376	0.998123	0.994834	0
PBG64749_6b2c2a7a_f5b9d37a_128.pod5	976b31ac-6d6f-4a3c-91f2-f5e6c0d6ec9b	f5b9d37a6bda8a8d8f31f0d7b32ca6f19b945080	1042	2	118536	1.2476	118537	1.098	453	26.1458	unclassified	chr1	191486	191927	0	441	+	441	441	441	0	0	0	55	0.97351	1	1	0
PBG64749_6b2c2a7a_f5b9d37a_149.pod5	0c198518-9f02-4c0d-be1f-ece194576893	f5b9d37a6bda8a8d8f31f0d7b32ca6f19b945080	911	1	164475	9.0484	164475	9.0464	2465	26.2926	unclassified	chr1	191612	192945	1111	2441	-	1333	1330	1328	0	3	2	39	0.539554	0.998496	0.996249	0
PBG64749_6b2c2a7a_f5b9d37a_56.pod5	d64c9492-88a8-4ca7-a084-04610f0235b8	f5b9d37a6bda8a8d8f31f0d7b32ca6f19b945080	2038	1	43181.1	20.0564	43181.2	19.914	7794	20.462	unclassified	chr1	191653	199454	0	7787	+	7831	7757	7582	30	44	175	1	0.999102	0.97744	0.968203	0
PBG64749_6b2c2a7a_f5b9d37a_6.pod5	67ef1c72-4221-4f73-a5d3-47ef2b8b6b7b	f5b9d37a6bda8a8d8f31f0d7b32ca6f19b945080	165	3	4949.31	0.6068	4949.32	0.6048	174	16.0899	unclassified	chr1	192020	192162	33	174	+	142	141	138	0	1	3	0	0.810345	0.978723	0.971831	0
PBG64749_6b2c2a7a_f5b9d37a_151.pod5	23c4495a-99a9-4f9b-ae50-1d1d82998750	f5b9d37a6bda8a8d8f31f0d7b32ca6f19b945080	1839	1	169608	14.524	169608	14.522	5688	21.2261	unclassified	chr1	192126	197782	9	5657	-	5668	5636	5612	12	20	24	20	0.992968	0.995742	0.99012	0
PBG64749_6b2c2a7a_f5b9d37a_145.pod5	ade85769-b243-4167-adee-1b45e910c7a3	f5b9d37a6bda8a8d8f31f0d7b32ca6f19b945080	1049	2	150197	21.7434	150197	21.7414	8578	23.7862	unclassified	chr1	192472	201014	42	8571	+	8553	8518	8503	11	24	15	24	0.994288	0.998239	0.994154	0
PBG64749_6b2c2a7a_f5b9d37a_66.pod5	f35e7edd-9d12-41ea-8b31-e0cca3598493	f5b9d37a6bda8a8d8f31f0d7b32ca6f19b945080	973	4	53096.3	4.1444	53096.5	3.9852	1362	32.6135	unclassified	chr1	192527	193886	0	1360	-	1363	1356	1330	4	3	26	0	0.998532	0.980826	0.975789	0
PBG64749_6b2c2a7a_f5b9d37a_114.pod5	9378dfb3-d65e-4650-8bbb-6b151aae7cbe	f5b9d37a6bda8a8d8f31f0d7b32ca6f19b945080	1563	4	102190	24.9884	102190	24.8988	10305	26.2265	unclassified	chr1	192656	202976	0	10305	-	10332	10293	10282	12	27	11	31	1	0.998931	0.995161	0
PBG64749_6b2c2a7a_f5b9d37a_7.pod5	3257cd1f-ecc1-4861-b51b-70e5a99da734	f5b9d37a6bda8a8d8f31f0d7b32ca6f19b945080	2336	2	6090.61	5.9984	6090.7	5.916	2439	23.5885	unclassified	chr1	194085	196528	0	2439	-	2447	2435	2426	4	8	9	0	1	0.996304	0.991418	0
PBG64749_6b2c2a7a_f5b9d37a_68.pod5	eb43bea4-f1fc-4420-a842-2939e2feb00c	f5b9d37a6bda8a8d8f31f0d7b32ca6f19b945080	76	4	55403.2	7.5264	55403.2	7.5244	2758	9.96458	unclassified	chr1	194257	196643	7	2364	-	2466	2277	2147	80	109	130	1	0.854605	0.942907	0.870641	0
PBG64749_6b2c2a7a_f5b9d37a_65.pod5	88d5d927-4d1c-4d42-be52-12cfabf7940c	f5b9d37a6bda8a8d8f31f0d7b32ca6f19b945080	1470	3	51055.6	18.2072	51055.8	18.0504	7398	25.4062	unclassified	chr1	194390	201783	0	7392	+	7408	7377	7372	15	16	5	34	0.999189	0.999322	0.99514	0
PBG64749_6b2c2a7a_f5b9d37a_65.pod5	2af548c7-6be0-4a6b-aae6-361161bd3c4c	f5b9d37a6bda8a8d8f31f0d7b32ca6f19b945080	1470	3	51073.8	16.3148	51073.9	16.1988	7393	24.3102	unclassified	chr1	194390	201780	8	7393	-	7400	7375	7365	10	15	10	34	0.998918	0.998644	0.99527	0
PBG64749_6b2c2a7a_f5b9d37a_104.pod5	9c5fc142-ee59-4240-9efc-851eee44ab62	f5b9d37a6bda8a8d8f31f0d7b32ca6f19b945080	1781	1	92760	0.7664	92760.1	0.6384	315	22.7016	unclassified	chr1	194421	194654	0	233	+	233	233	233	0	0	0	0	0.739683	1	1	0
PBG64749_6b2c2a7a_f5b9d37a_19.pod5	0e5e8cb8-7666-465d-b6c8-3d97296b6bc5	f5b9d37a6bda8a8d8f31f0d7b32ca6f19b945080	1806	2	13140.5	25.9448	13140.6	25.812	11529	18.5608	unclassified	chr1	194475	200559	5485	11529	-	6085	6043	6032	1	41	11	10	0.524243	0.99818	0.99129	0
PBG64749_6b2c2a7a_f5b9d37a_135.pod5	9a80c6bf-258b-4854-bd00-60aca07a4898	f5b9d37a6bda8a8d8f31f0d7b32ca6f19b945080	530	1	129138	0.4904	129138	0.4884	209	15.6233	unclassified	chr1	194560	194769	2	209	-	209	207	206	0	2	1	15	0.990431	0.995169	0.985646	0
PBG64749_6b2c2a7a_f5b9d37a_40.pod5	46618382-9601-44f7-a629-f3e97fd6756f	f5b9d37a6bda8a8d8f31f0d7b32ca6f19b945080	2594	3	28557	2.4908	28557	2.406	1008	30.4842	unclassified	chr1	194648	195648	9	1008	-	1000	999	996	0	1	3	0	0.991071	0.996997	0.996	0
PBG64749_6b2c2a7a_f5b9d37a_135.pod5	be141524-b346-4234-aea8-58b4d2b8b8eb	f5b9d37a6bda8a8d8f31f0d7b32ca6f19b945080	530	1	129137	0.3248	129137	0.3228	143	25.5006	unclassified	chr1	194770	194913	0	143	-	143	143	143	0	0	0	0	1	1	1	0
PBG64749_6b2c2a7a_f5b9d37a_94.pod5	7e309c45-8bf3-41b2-8903-250085d99009	f5b9d37a6bda8a8d8f31f0d7b32ca6f19b945080	2486	4	84333.9	20.1368	84334	20.046	9024	21.8321	unclassified	chr1	194819	203848	0	9017	+	9055	8991	8968	26	38	23	31	0.999224	0.997442	0.990392	0
PBG64749_6b2c2a7a_f5b9d37a_94.pod5	30f13617-cba9-4d4a-9659-12614eb6025b	f5b9d37a6bda8a8d8f31f0d7b32ca6f19b945080	2486	4	84312.1	21.704	84312.2	21.6336	9036	29.5676	unclassified	chr1	194819	203847	7	9036	-	9034	9023	9018	6	5	5	32	0.999225	0.999446	0.998229	0
PBG64749_6b2c2a7a_f5b9d37a_16.pod5	5beb7887-5828-426e-9cfc-ca084d2875bc	f5b9d37a6bda8a8d8f31f0d7b32ca6f19b945080	1694	1	11801.2	10.7216	11801.4	10.5948	3526	28.7553	unclassified	chr1	194853	198369	0	3517	+	3517	3516	3514	1	0	2	0	0.997448	0.999431	0.999147	0
PBG64749_6b2c2a7a_f5b9d37a_135.pod5	a886914e-89d5-4a33-a357-b414d1336740	f5b9d37a6bda8a8d8f31f0d7b32ca6f19b945080	530	1	129137	0.3354	129137	0.3334	157	20.9928	unclassified	chr1	194923	195078	2	157	-	155	155	155	0	0	0	0	0.987261	1	1	0
PBG64749_6b2c2a7a_f5b9d37a_136.pod5	03d949e2-bc9a-4dec-a2d4-f72a13d6f149	f5b9d37a6bda8a8d8f31f0d7b32ca6f19b945080	1585	3	132056	16.105	132056	16.103	6100	24.4529	unclassified	chr1	194989	201050	0	6056	-	6072	6045	6028	11	16	17	7	0.992787	0.997188	0.992754	0
PBG64749_6b2c2a7a_f5b9d37a_138.pod5	7579f497-0601-4977-b171-1ea44636b9ef	f5b9d37a6bda8a8d8f31f0d7b32ca6f19b945080	1149	3	135791	0.8708	135791	0.7524	349	24.9744	unclassified	chr1	195012	195359	1	349	-	349	346	343	2	1	3	0	0.997135	0.991329	0.982808	0
PBG64749_6b2c2a7a_f5b9d37a_21.pod5	e895b8d2-587e-43fa-96e6-a5fb89c4e9c7	f5b9d37a6bda8a8d8f31f0d7b32ca6f19b945080	2375	1	14678.1	4.3952	14678.3	4.2612	1368	30.1311	unclassified	chr1	195107	196465	2	1358	+	1358	1356	1354	0	2	2	0	0.991228	0.998525	0.997055	0
PBG64749_6b2c2a7a_f5b9d37a_145.pod5	9cb8c802-f8cd-43b2-b71d-60cd02dd4462	f5b9d37a6bda8a8d8f31f0d7b32ca6f19b945080	1049	2	150178	18.866	150178	18.7092	5852	25.1139	unclassified	chr1	195160	201014	0	5852	-	5862	5844	5842	8	10	2	22	1	0.999658	0.996588	0
PBG64749_6b2c2a7a_f5b9d37a_12.pod5	55c0de4f-ebf1-44b3-a203-c914b9bc05dd	f5b9d37a6bda8a8d8f31f0d7b32ca6f19b945080	2866	2	8979.79	11.3276	8980.01	11.1156	3117	27.1122	unclassified	chr1	195382	198506	0	3111	+	3128	3107	3087	4	17	20	0	0.998075	0.993563	0.986893	0
PBG64749_6b2c2a7a_f5b9d37a_147.pod5	0d2b57cf-03c6-45b6-9236-eda968dd2d8c	f5b9d37a6bda8a8d8f31f0d7b32ca6f19b945080	2672	4	156660	14.1284	156660	14.0316	4400	32.2304	unclassified	chr1	195396	199794	0	4400	+	4400	4398	4395	2	0	3	13	1	0.999318	0.998864	0
PBG64749_6b2c2a7a_f5b9d37a_99.pod5	1fc9c18b-e9e7-48eb-ab96-63716eb40d96	f5b9d37a6bda8a8d8f31f0d7b32ca6f19b945080	1683	4	88481.5	7.8068	88481.7	7.65	2205	12.7341	unclassified	chr1	195857	197357	0	1489	+	1501	1488	1477	1	12	11	0	0.675283	0.992608	0.984011	0
PBG64749_6b2c2a7a_f5b9d37a_135.pod5	861f8270-2de1-4ca6-9dc1-bdd73c8768a1	f5b9d37a6bda8a8d8f31f0d7b32ca6f19b945080	530	1	129135	0.6682	129135	0.6662	286	30.2118	unclassified	chr1	195906	196184	8	286	-	278	278	278	0	0	0	0	0.972028	1	1	0
PBG64749_6b2c2a7a_f5b9d37a_96.pod5	4664d82f-ebde-4f3b-b5ed-17d970b73ac4	f5b9d37a6bda8a8d8f31f0d7b32ca6f19b945080	668	2	85631	1.9496	85631.2	1.7976	787	28.1266	unclassified	chr1	196035	196811	0	776	+	776	776	776	0	0	0	0	0.986023	1	1	0
PBG64749_6b2c2a7a_f5b9d37a_136.pod5	0771bbd6-eb57-4b41-a84c-0d1cc9784576	f5b9d37a6bda8a8d8f31f0d7b32ca6f19b945080	547	3	131589	12.7856	131589	12.6552	4418	29.8506	unclassified	chr1	196046	200465	7	4418	-	4427	4403	4317	8	16	86	5	0.998416	0.980468	0.975152	0
PBG64749_6b2c2a7a_f5b9d37a_69.pod5	e53b260e-6b31-4831-9c77-e6cbe6464948	f5b9d37a6bda8a8d8f31f0d7b32ca6f19b945080	2943	1	56183.7	7.3826	56183.7	7.3806	2855	28.9888	unclassified	chr1	196108	198924	7	2820	-	2819	2810	2809	3	6	1	9	0.985289	0.999644	0.996453	0
PBG64749_6b2c2a7a_f5b9d37a_17.pod5	a67440b9-efe4-4246-9f06-f68fba4fc9db	f5b9d37a6bda8a8d8f31f0d7b32ca6f19b945080	2101	3	12130.7	20.5388	12130.8	20.4108	8059	27.8155	unclassified	chr1	196567	204618	5	8059	-	8062	8043	8036	11	8	7	27	0.99938	0.99913	0.996775	0
PBG64749_6b2c2a7a_f5b9d37a_157.pod5	bbcdf4fe-f2d8-4aa4-8cb2-0fd7a733d843	f5b9d37a6bda8a8d8f31f0d7b32ca6f19b945080	2951	4	190903	6.7856	190903	6.6648	2612	27.6725	unclassified	chr1	196642	199252	6	2612	-	2618	2598	2589	8	12	9	16	0.997703	0.996536	0.988923	0
PBG64749_6b2c2a7a_f5b9d37a_51.pod5	2608770e-d009-478a-b9dd-9cdedda041c0	f5b9d37a6bda8a8d8f31f0d7b32ca6f19b945080	2699	4	37705.3	10.0784	37705.4	9.9696	3481	30.4499	unclassified	chr1	196659	200140	7	3481	-	3481	3474	3471	0	7	3	27	0.997989	0.999136	0.997127	0
PBG64749_6b2c2a7a_f5b9d37a_105.pod5	454e1dd2-a4c4-48c4-88d5-e51cd0995a94	f5b9d37a6bda8a8d8f31f0d7b32ca6f19b945080	1330	3	93893.3	6.4568	93893.4	6.3408	2642	12.8589	unclassified	chr1	196665	199316	7	2642	-	2697	2589	2522	46	62	67	22	0.997351	0.974121	0.935113	0
PBG64749_6b2c2a7a_f5b9d37a_131.pod5	ca2e29fe-d8da-4685-9d18-12935c546e87	f5b9d37a6bda8a8d8f31f0d7b32ca6f19b945080	2774	4	121724	8.2136	121724	7.8768	2976	30.9118	unclassified	chr1	196684	199660	0	2970	+	2977	2969	2963	1	7	6	14	0.997984	0.997979	0.995297	0
PBG64749_6b2c2a7a_f5b9d37a_111.pod5	aa264570-7bbb-48fc-93e6-d1128c64b977	f5b9d37a6bda8a8d8f31f0d7b32ca6f19b945080	479	1	99125.2	7.8452	99125.3	7.7364	3087	36.6575	unclassified	chr1	196684	199773	7	3087	-	3093	3076	3012	4	13	64	1	0.997732	0.979194	0.973812	0
PBG64749_6b2c2a7a_f5b9d37a_125.pod5	71d19d47-1e49-4195-a052-80de1db1c98e	f5b9d37a6bda8a8d8f31f0d7b32ca6f19b945080	612	2	114824	10.4768	114824	10.332	3081	31.8074	unclassified	chr1	196688	199769	0	3081	-	3081	3081	3078	0	0	3	18	1	0.999026	0.999026	0
PBG64749_6b2c2a7a_f5b9d37a_131.pod5	34f8e724-adc2-4d84-97f0-3e6d44c44bd3	f5b9d37a6bda8a8d8f31f0d7b32ca6f19b945080	2774	4	121732	6.9104	121732	6.816	2982	26.2731	unclassified	chr1	196692	199660	16	2982	-	2968	2966	2964	0	2	2	13	0.994634	0.999326	0.998652	0
PBG64749_6b2c2a7a_f5b9d37a_8.pod5	9b78539a-7bfb-4ccd-9778-82fd0c3a42d1	f5b9d37a6bda8a8d8f31f0d7b32ca6f19b945080	2686	3	6738.61	3.1736	6738.72	3.0696	1174	27.2881	unclassified	chr1	196738	197903	2	1168	+	1166	1165	1160	1	0	5	0	0.993186	0.995708	0.994854	0
PBG64749_6b2c2a7a_f5b9d37a_115.pod5	afce7716-493d-4b16-8dfb-91a1fbec3894	f5b9d37a6bda8a8d8f31f0d7b32ca6f19b945080	2941	1	103127	2.8016	103128	2.712	1173	34.6275	unclassified	chr1	196834	198007	0	1173	+	1173	1173	1171	0	0	2	0	1	0.998295	0.998295	0
PBG64749_6b2c2a7a_f5b9d37a_5.pod5	c85ee88a-7a1d-4294-ad4a-8edecbb29f78	f5b9d37a6bda8a8d8f31f0d7b32ca6f19b945080	1635	3	4068.41	10.6832	4068.55	10.5528	3925	24.6226	unclassified	chr1	196882	200791	6	3925	-	3927	3901	3859	18	8	42	20	0.998471	0.989234	0.982684	0
PBG64749_6b2c2a7a_f5b9d37a_17.pod5	04fafe7e-2f7b-4895-a7f6-e26c8754feb3	f5b9d37a6bda8a8d8f31f0d7b32ca6f19b945080	2544	2	12398.6	3.1628	12398.7	3.0756	1286	21.6254	unclassified	chr1	197027	197679	634	1286	-	652	652	652	0	0	0	12	0.506998	1	1	0
PBG64749_6b2c2a7a_f5b9d37a_27.pod5	6e7831f6-c4e9-4adb-ab5a-e23a88617688	f5b9d37a6bda8a8d8f31f0d7b32ca6f19b945080	526	3	18575	5.6792	18575.1	5.5752	2514	26.221	unclassified	chr1	197259	199771	6	2514	-	2513	2507	2504	1	5	3	26	0.997613	0.998803	0.996419	0
PBG64749_6b2c2a7a_f5b9d37a_11.pod5	d20a43f7-2e9e-4938-a3a4-40acc612337b	f5b9d37a6bda8a8d8f31f0d7b32ca6f19b945080	1836	3	8569.45	5.2004	8569.53	5.1228	2080	35.7289	unclassified	chr1	197325	199394	10	2080	-	2070	2069	2068	1	0	1	25	0.995192	0.999517	0.999034	0
PBG64749_6b2c2a7a_f5b9d37a_141.pod5	e07a1315-65af-4689-8180-6f5ac6906a2e	f5b9d37a6bda8a8d8f31f0d7b32ca6f19b945080	2944	1	139970	1.22	139970	1.218	436	33.1381	unclassified	chr1	197370	197762	44	436	+	392	392	392	0	0	0	0	0.899083	1	1	0
PBG64749_6b2c2a7a_f5b9d37a_45.pod5	edf6ad7b-a52f-446c-8bd5-c7ad536d816b	f5b9d37a6bda8a8d8f31f0d7b32ca6f19b945080	2313	2	32982.4	5.21	32982.5	5.082	2001	27.8575	unclassified	chr1	197417	199399	7	2001	-	1995	1981	1967	13	1	14	13	0.996502	0.992933	0.985965	0
PBG64749_6b2c2a7a_f5b9d37a_94.pod5	8a557a75-92aa-4575-bd63-53940b6b1300	f5b9d37a6bda8a8d8f31f0d7b32ca6f19b945080	1094	2	83824.6	1.3454	83824.6	1.3434	556	27.125	unclassified	chr1	197425	197942	10	527	-	517	517	517	0	0	0	0	0.929856	1	1	0
PBG64749_6b2c2a7a_f5b9d37a_89.pod5	65b7eb98-d156-4c1c-9df6-4a7a83ddd467	f5b9d37a6bda8a8d8f31f0d7b32ca6f19b945080	1612	4	79706.1	3.5864	79706.2	3.5844	2072	21.1092	unclassified	chr1	197660	199686	31	2065	+	2039	2021	2001	13	5	20	26	0.98166	0.990104	0.981363	0
PBG64749_6b2c2a7a_f5b9d37a_11.pod5	16cea291-bd64-46fb-8cd7-49338b14dd95	f5b9d37a6bda8a8d8f31f0d7b32ca6f19b945080	1702	4	8500.69	1.0412	8500.8	0.9288	386	32.0275	unclassified	chr1	197778	198153	10	386	-	376	375	374	1	0	1	0	0.974093	0.997333	0.994681	0
PBG64749_6b2c2a7a_f5b9d37a_134.pod5	abbd0aca-ee2d-461f-8af5-18ee8fba3de1	f5b9d37a6bda8a8d8f31f0d7b32ca6f19b945080	2556	3	127219	13.7148	127219	13.7128	5635	25.4832	unclassified	chr1	198082	203682	6	5600	-	5606	5588	5580	6	12	8	32	0.992724	0.998568	0.995362	0
PBG64749_6b2c2a7a_f5b9d37a_134.pod5	c4b01a2d-438b-4ff8-a055-a37fd3cfdb81	f5b9d37a6bda8a8d8f31f0d7b32ca6f19b945080	2556	3	127233	12.2672	127233	12.1788	5612	22.3211	unclassified	chr1	198083	203682	0	5606	+	5619	5586	5569	20	13	17	35	0.998931	0.996957	0.991102	0
PBG64749_6b2c2a7a_f5b9d37a_85.pod5	2964a9fb-d9b9-44cd-87e1-14352104c5c0	f5b9d37a6bda8a8d8f31f0d7b32ca6f19b945080	2156	2	76578.7	2.3084	76578.9	2.1288	782	29.3805	unclassified	chr1	198238	199008	0	770	+	770	770	770	0	0	0	28	0.984655	1	1	0
PBG64749_6b2c2a7a_f5b9d37a_85.pod5	792844d6-1681-4c65-9e08-a2c198127c73	f5b9d37a6bda8a8d8f31f0d7b32ca6f19b945080	2156	2	76582.4	1.8488	76582.5	1.7616	781	21.4357	unclassified	chr1	198238	199008	13	781	-	770	768	768	0	2	0	29	0.983355	1	0.997403	0
PBG64749_6b2c2a7a_f5b9d37a_45.pod5	4d24d47d-8318-4b47-9e32-e2f3e54df068	f5b9d37a6bda8a8d8f31f0d7b32ca6f19b945080	2352	4	33149.1	2.4692	33149.2	2.3388	992	34.1897	unclassified	chr1	198249	199241	0	992	-	992	992	990	0	0	2	50	1	0.997984	0.997984	0
PBG64749_6b2c2a7a_f5b9d37a_106.pod5	aa1ba5f6-2b71-4965-842f-249e210f7916	f5b9d37a6bda8a8d8f31f0d7b32ca6f19b945080	439	2	95133.3	0.9992	95133.4	0.8628	369	35.9287	unclassified	chr1	198256	198625	0	369	+	369	369	369	0	0	0	0	1	1	1	0
PBG64749_6b2c2a7a_f5b9d37a_119.pod5	db6293d2-d96b-48fd-9dea-bab6930ea70c	f5b9d37a6bda8a8d8f31f0d7b32ca6f19b945080	929	1	107626	0.3608	107626	0.2064	85	30.7677	unclassified	chr1	198283	198368	0	85	+	85	85	85	0	0	0	0	1	1	1	0
PBG64749_6b2c2a7a_f5b9d37a_4.pod5	4878a3c7-12d1-4853-a8d9-adec73d203d3	f5b9d37a6bda8a8d8f31f0d7b32ca6f19b945080	1946	2	3798.55	16.4132	3798.68	16.2888	6974	26.0986	unclassified	chr1	198701	205665	7	6974	-	6978	6953	6945	14	11	8	32	0.998996	0.998849	0.995271	0
PBG64749_6b2c2a7a_f5b9d37a_52.pod5	c7365ee3-8a96-4cef-b9e3-f242674fd43e	f5b9d37a6bda8a8d8f31f0d7b32ca6f19b945080	667	4	38479	0.8228	38479.1	0.6804	275	24.0839	unclassified	chr1	198814	199078	0	264	+	264	264	264	0	0	0	0	0.96	1	1	0
PBG64749_6b2c2a7a_f5b9d37a_111.pod5	74ee3cb5-c24a-4ae2-8990-1e6a6508b459	f5b9d37a6bda8a8d8f31f0d7b32ca6f19b945080	851	4	99306.9	2.2484	99306.9	2.2464	686	9.07316	unclassified	chr1	198952	199585	37	660	+	652	604	558	19	29	46	0	0.908163	0.923841	0.855828	0
PBG64749_6b2c2a7a_f5b9d37a_107.pod5	24a29fc4-e3a1-4f55-906c-854808cdc6f9	f5b9d37a6bda8a8d8f31f0d7b32ca6f19b945080	2901	3	95553.3	2.6648	95553.5	2.46	575	28.4455	unclassified	chr1	199019	199595	0	575	-	576	575	575	0	1	0	0	1	1	0.998264	0
PBG64749_6b2c2a7a_f5b9d37a_85.pod5	5398064e-d4a9-4b99-b3bc-3d2f0bf70516	f5b9d37a6bda8a8d8f31f0d7b32ca6f19b945080	1651	1	75876.8	0.74	75877	0.6024	250	23.9673	unclassified	chr1	199116	199366	0	250	-	250	250	248	0	0	2	0	1	0.992	0.992	0
PBG64749_6b2c2a7a_f5b9d37a_53.pod5	d6f39cc9-8be2-42ff-a49c-2cfc3a3675b5	f5b9d37a6bda8a8d8f31f0d7b32ca6f19b945080	215	4	39940.5	19.6778	39940.5	19.6758	8609	19.9098	unclassified	chr1	199191	207666	37	8507	+	8506	8439	8409	31	36	30	38	0.983854	0.996445	0.988596	0
PBG64749_6b2c2a7a_f5b9d37a_46.pod5	019d6a7a-70c7-40af-b0e6-97ece192f4c3	f5b9d37a6bda8a8d8f31f0d7b32ca6f19b945080	471	2	33425	9.0896	33425.2	8.9496	3576	21.65	unclassified	chr1	199467	203043	0	3570	+	3586	3560	3554	10	16	6	31	0.998322	0.998315	0.991076	0
PBG64749_6b2c2a7a_f5b9d37a_46.pod5	d607a545-e396-49e2-a8fe-7d841c7c1a53	f5b9d37a6bda8a8d8f31f0d7b32ca6f19b945080	471	2	33434.1	9.2552	33434.3	9.0936	3562	17.2045	unclassified	chr1	199467	203019	9	3546	-	3565	3524	3468	13	28	56	46	0.992981	0.984109	0.972791	0
PBG64749_6b2c2a7a_f5b9d37a_76.pod5	6b95f9b3-bfd2-4314-81a3-00cd32908c46	f5b9d37a6bda8a8d8f31f0d7b32ca6f19b945080	441	4	65366	1.8872	65366.1	1.7472	765	22.2625	unclassified	chr1	199628	200380	0	751	+	753	750	749	1	2	1	0	0.981699	0.998667	0.994688	0
PBG64749_6b2c2a7a_f5b9d37a_88.pod5	02960b62-9214-46ce-86a1-5a3ff708bd0e	f5b9d37a6bda8a8d8f31f0d7b32ca6f19b945080	1548	1	78490.7	0.638	78490.8	0.4908	187	19.7411	unclassified	chr1	199733	199912	8	187	-	179	179	179	0	0	0	0	0.957219	1	1	0
PBG64749_6b2c2a7a_f5b9d37a_21.pod5	34846ed3-8ec5-450e-b275-0ac7bc840506	f5b9d37a6bda8a8d8f31f0d7b32ca6f19b945080	1772	3	15106.6	20.7836	15106.6	20.7108	6739	18.1065	unclassified	chr1	199826	206466	0	6731	+	6752	6619	6605	112	21	14	32	0.998813	0.997885	0.978229	0
PBG64749_6b2c2a7a_f5b9d37a_21.pod5	7a10cde5-5cc1-4479-85e2-b9b65aed9fcc	f5b9d37a6bda8a8d8f31f0d7b32ca6f19b945080	1772	3	15079.5	26.5172	15079.7	26.3712	8270	8.67181	unclassified	chr1	199826	206465	13	8268	-	8301	6593	6547	1662	46	46	23	0.998186	0.993023	0.7887	0
PBG64749_6b2c2a7a_f5b9d37a_29.pod5	6eacb75b-41d7-431d-a933-978437916fa7	f5b9d37a6bda8a8d8f31f0d7b32ca6f19b945080	752	2	19864.7	11.7728	19864.9	11.6448	4377	27.6888	unclassified	chr1	200093	204468	0	4367	+	4376	4366	4364	1	9	2	28	0.997715	0.999542	0.997258	0
PBG64749_6b2c2a7a_f5b9d37a_65.pod5	b6b9db0b-6b31-422e-ab28-a4f8b4b33328	f5b9d37a6bda8a8d8f31f0d7b32ca6f19b945080	2064	4	51004.6	1.124	51004.7	1.0032	482	30.6586	unclassified	chr1	200322	200794	10	482	-	472	472	472	0	0	0	9	0.979253	1	1	0
PBG64749_6b2c2a7a_f5b9d37a_49.pod5	a0ab96b0-ac12-4f1f-a85f-2ac29f827f7f	f5b9d37a6bda8a8d8f31f0d7b32ca6f19b945080	797	3	36252.7	7.6592	36252.8	7.5576	3130	36.3451	unclassified	chr1	200670	203787	0	3120	+	3120	3117	3116	3	0	1	38	0.996805	0.999679	0.998718	0
PBG64749_6b2c2a7a_f5b9d37a_168.pod5	12af7a97-5abe-4cda-9ccc-3c5d3adcc4df	f5b9d37a6bda8a8d8f31f0d7b32ca6f19b945080	690	3	230646	1.658	230646	1.656	700	26.888	unclassified	chr1	201685	202385	0	700	-	700	700	695	0	0	5	0	1	0.992857	0.992857	0
PBG64749_6b2c2a7a_f5b9d37a_157.pod5	8c9b72b8-e217-4aa6-8767-c543df993e37	f5b9d37a6bda8a8d8f31f0d7b32ca6f19b945080	870	4	190968	3.8564	190968	3.8544	1623	27.1132	unclassified	chr1	201717	203297	30	1612	+	1582	1580	1578	2	0	2	1	0.974738	0.998734	0.997472	0
PBG64749_6b2c2a7a_f5b9d37a_116.pod5	7bcd80ad-adaa-47f4-b3f0-a60e5b16fb06	f5b9d37a6bda8a8d8f31f0d7b32ca6f19b945080	1144	1	105195	3.2204	105195	3.1236	1367	26.4506	unclassified	chr1	201759	203121	0	1358	+	1362	1358	1351	0	4	7	1	0.993416	0.994845	0.991924	0
PBG64749_6b2c2a7a_f5b9d37a_144.pod5	b3bbf90c-ab44-4f63-94ee-944bd36009ce	f5b9d37a6bda8a8d8f31f0d7b32ca6f19b945080	2771	4	147660	11.9012	147660	11.7684	4801	26.8334	unclassified	chr1	201781	204557	0	2788	+	2790	2774	2724	14	2	50	0	0.580712	0.981975	0.976344	0
PBG64749_6b2c2a7a_f5b9d37a_95.pod5	6b7bc31b-ac8c-4bec-a9f8-65eafb0c0c4b	f5b9d37a6bda8a8d8f31f0d7b32ca6f19b945080	656	3	85460.5	1.9004	85460.6	1.77	712	24.8781	unclassified	chr1	201866	202564	0	701	+	701	698	698	3	0	0	29	0.984551	1	0.99572	0
PBG64749_6b2c2a7a_f5b9d37a_18.pod5	3603e53c-8db1-4187-a1d3-6ce34a2f6651	f5b9d37a6bda8a8d8f31f0d7b32ca6f19b945080	693	2	12516.5	4.8854	12516.5	4.8834	1822	25.0757	unclassified	chr1	202158	203938	9	1789	-	1783	1777	1776	3	3	1	30	0.976948	0.999437	0.996074	0
PBG64749_6b2c2a7a_f5b9d37a_85.pod5	ed2d3276-a622-4609-97c2-d6261f64f1d0	f5b9d37a6bda8a8d8f31f0d7b32ca6f19b945080	2197	1	75931.7	0.4832	75931.8	0.3888	193	16.3015	unclassified	chr1	202172	202354	0	180	+	182	180	180	0	2	0	32	0.932642	1	0.989011	0
PBG64749_6b2c2a7a_f5b9d37a_143.pod5	a074e0d5-f2d2-448d-9cc1-177c3965511d	f5b9d37a6bda8a8d8f31f0d7b32ca6f19b945080	1162	1	145304	0.2568	145304	0.2548	95	22.2181	unclassified	chr1	202265	202360	0	95	+	95	95	95	0	0	0	0	1	1	1	0
PBG64749_6b2c2a7a_f5b9d37a_117.pod5	4c67bc02-d6d1-402c-a3d9-53913bd51e23	f5b9d37a6bda8a8d8f31f0d7b32ca6f19b945080	1921	2	106082	6.9584	106082	6.852	2829	29.9368	unclassified	chr1	202388	205214	7	2829	-	2828	2820	2820	2	6	0	16	0.997526	1	0.997171	0
PBG64749_6b2c2a7a_f5b9d37a_143.pod5	a5ceb065-26b1-4ad3-ab28-5f360ae53fb4	f5b9d37a6bda8a8d8f31f0d7b32ca6f19b945080	1162	1	145306	0.3644	145306	0.3624	137	21.695	unclassified	chr1	202667	202801	0	134	+	134	134	134	0	0	0	0	0.978102	1	1	0
PBG64749_6b2c2a7a_f5b9d37a_168.pod5	dd5d1d53-8452-4d6a-9852-8ef95d4b1465	f5b9d37a6bda8a8d8f31f0d7b32ca6f19b945080	690	3	230643	0.512	230643	0.51	213	22.2502	unclassified	chr1	203436	203652	0	213	-	216	213	211	0	3	2	0	1	0.99061	0.976852	0
PBG64749_6b2c2a7a_f5b9d37a_48.pod5	f0f6ba62-f4b4-456f-8a7d-1563f920bc1e	f5b9d37a6bda8a8d8f31f0d7b32ca6f19b945080	2886	3	35104	9.5804	35104.3	9.2676	1376	19.1508	unclassified	chr1	203461	204826	0	1376	-	1378	1363	1359	13	2	4	0	1	0.997065	0.986212	0
PBG64749_6b2c2a7a_f5b9d37a_123.pod5	0b444548-e9b0-45ff-a272-e55286695e39	f5b9d37a6bda8a8d8f31f0d7b32ca6f19b945080	2783	1	111622	7.106	111623	6.9816	2825	25.2214	unclassified	chr1	204252	207064	0	2815	+	2817	2810	2807	5	2	3	25	0.99646	0.998932	0.99645	0
PBG64749_6b2c2a7a_f5b9d37a_80.pod5	e507c47f-c267-4b29-a854-d874e3096e27	f5b9d37a6bda8a8d8f31f0d7b32ca6f19b945080	1964	3	71012.2	6.0236	71012.3	5.8956	2339	27.8626	unclassified	chr1	205093	207431	0	2334	+	2341	2331	2274	3	7	57	1	0.997862	0.975547	0.97138	0
PBG64749_6b2c2a7a_f5b9d37a_91.pod5	8ef7be44-cc21-4938-8250-4bf40340624d	f5b9d37a6bda8a8d8f31f0d7b32ca6f19b945080	2012	2	81524	2.4814	81524	2.4794	732	24.3813	unclassified	chr1	205246	205934	36	725	+	689	688	688	1	0	0	39	0.941257	1	0.998549	0
PBG64749_6b2c2a7a_f5b9d37a_48.pod5	809c6f4f-39b8-4487-80ff-d00af32deaca	f5b9d37a6bda8a8d8f31f0d7b32ca6f19b945080	1429	2	35077	24.7184	35077.1	24.5544	9178	31.5421	unclassified	chr1	257666	266302	541	9171	+	8639	8627	8570	3	9	57	9	0.940292	0.993393	0.992013	0
PBG64749_6b2c2a7a_f5b9d37a_87.pod5	85128540-4a68-4754-963d-e3ebf2d25fc4	f5b9d37a6bda8a8d8f31f0d7b32ca6f19b945080	2525	3	77564.2	18.2922	77564.2	18.2902	7527	32.2017	unclassified	chr1	257666	265056	130	7522	+	7393	7389	7378	3	1	11	60	0.982065	0.998511	0.997971	0
PBG64749_6b2c2a7a_f5b9d37a_91.pod5	6db4105f-a792-41e7-9d85-7745af4ee539	f5b9d37a6bda8a8d8f31f0d7b32ca6f19b945080	2296	3	81589.1	30.0068	81589.2	29.8764	11259	23.1271	unclassified	chr1	257666	266606	2309	11250	+	8946	8935	8929	6	5	6	60	0.79412	0.999328	0.9981	0
PBG64749_6b2c2a7a_f5b9d37a_152.pod5	82d97889-4d80-416f-9593-206585ea64ae	f5b9d37a6bda8a8d8f31f0d7b32ca6f19b945080	2588	2	175178	20.8328	175178	20.724	9460	28.4708	unclassified	chr1	257666	264422	2700	9455	+	6761	6750	6737	5	6	13	1	0.714059	0.998074	0.99645	0
PBG64749_6b2c2a7a_f5b9d37a_141.pod5	faecc3c5-a519-430b-acfb-d841759e6b7b	f5b9d37a6bda8a8d8f31f0d7b32ca6f19b945080	970	3	140814	31.5918	140814	31.5898	13587	20.7123	unclassified	chr1	257666	270707	393	13552	-	13186	13014	12922	145	27	92	60	0.968499	0.992931	0.979979	0
PBG64749_6b2c2a7a_f5b9d37a_91.pod5	eb518759-7d30-41dc-98ac-ec80c3f55e18	f5b9d37a6bda8a8d8f31f0d7b32ca6f19b945080	2296	3	81619.4	26.1332	81619.5	26.0532	11171	26.9558	unclassified	chr1	257666	266606	2250	11171	-	8941	8920	8906	1	20	14	60	0.798586	0.99843	0.996085	0
PBG64749_6b2c2a7a_f5b9d37a_152.pod5	274cb61c-1163-470a-ba45-d8714c7a8c6a	f5b9d37a6bda8a8d8f31f0d7b32ca6f19b945080	2588	2	175155	22.7816	175155	22.6776	8789	28.0205	unclassified	chr1	257666	264421	2037	8789	-	6760	6747	6735	5	8	12	37	0.768233	0.998221	0.996302	0
PBG64749_6b2c2a7a_f5b9d37a_158.pod5	06da2c0e-f1ce-406d-814b-86a84bec9097	f5b9d37a6bda8a8d8f31f0d7b32ca6f19b945080	2152	3	196905	12.0776	196905	11.9712	5119	29.8326	unclassified	chr1	257666	262572	214	5119	-	4908	4903	4899	2	3	4	60	0.958195	0.999184	0.998166	0
PBG64749_6b2c2a7a_f5b9d37a_33.pod5	1cff1c18-c84b-44fa-9623-50a7584fab4e	f5b9d37a6bda8a8d8f31f0d7b32ca6f19b945080	2037	4	23537.4	78.655	23537.4	78.653	33357	23.2185	unclassified	chr1	257678	274042	16855	33351	+	16511	16349	16327	147	15	22	60	0.494529	0.998654	0.988856	0
PBG64749_6b2c2a7a_f5b9d37a_14.pod5	b8d3c1f2-c5a9-4d63-b23b-0c563b49ffb4	f5b9d37a6bda8a8d8f31f0d7b32ca6f19b945080	304	4	10734.1	41.691	10734.1	41.689	16520	26.8106	unclassified	chr1	257725	274228	25	16509	+	16522	16465	16358	19	38	107	60	0.997821	0.993501	0.990074	0
PBG64749_6b2c2a7a_f5b9d37a_81.pod5	c17aaa58-73a0-44e0-b29f-84d343cc3e82	f5b9d37a6bda8a8d8f31f0d7b32ca6f19b945080	1637	2	71478.9	18.0608	71479.1	17.8944	7255	27.8515	unclassified	chr1	258191	265439	0	7255	-	7259	7244	7202	11	4	42	60	1	0.994202	0.992148	0
PBG64749_6b2c2a7a_f5b9d37a_150.pod5	6a685000-6bbb-4c92-9ef4-5cd3863f9fa8	f5b9d37a6bda8a8d8f31f0d7b32ca6f19b945080	899	2	166411	14.2724	166411	14.0892	3286	25.7623	unclassified	chr1	258885	261969	0	3280	+	3284	3080	3076	200	4	4	60	0.998174	0.998701	0.936663	0
PBG64749_6b2c2a7a_f5b9d37a_143.pod5	a9d1a25b-fe33-4ecc-a3c7-80f7e932f7c0	f5b9d37a6bda8a8d8f31f0d7b32ca6f19b945080	26	3	145642	35.4556	145642	35.4536	13983	32.3996	unclassified	chr1	258898	272853	0	13954	-	13958	13951	13943	3	4	8	60	0.997926	0.999427	0.998925	0
PBG64749_6b2c2a7a_f5b9d37a_56.pod5	8a5822ce-3713-47b1-8616-3e80897551d2	f5b9d37a6bda8a8d8f31f0d7b32ca6f19b945080	2167	4	42981.2	11.2592	42981.4	11.0424	4560	27.0472	unclassified	chr1	259018	263567	7	4560	-	4555	4547	4533	6	2	14	60	0.998465	0.996921	0.99517	0
PBG64749_6b2c2a7a_f5b9d37a_4.pod5	2baa0bed-0806-4fdf-90f5-58460a5f552f	f5b9d37a6bda8a8d8f31f0d7b32ca6f19b945080	1175	4	3276.38	9.3332	3276.53	9.186	3650	33.7649	unclassified	chr1	259141	262795	0	3650	+	3654	3650	3643	0	4	7	60	1	0.998082	0.99699	0
PBG64749_6b2c2a7a_f5b9d37a_38.pod5	35f90fcd-1b3c-456e-9450-2b9d1a54e733	f5b9d37a6bda8a8d8f31f0d7b32ca6f19b945080	2387	2	28036.6	17.0168	28036.7	16.8996	6366	30.3171	unclassified	chr1	259211	265573	0	6358	+	6365	6355	6327	3	7	28	60	0.998743	0.995594	0.99403	0
PBG64749_6b2c2a7a_f5b9d37a_38.pod5	2e6478e3-3935-4b20-a44c-3a165f5bc80a	f5b9d37a6bda8a8d8f31f0d7b32ca6f19b945080	2387	2	28017.7	18.8252	28017.8	18.696	6368	28.2649	unclassified	chr1	259211	265574	6	6368	-	6368	6357	6332	5	6	25	60	0.999058	0.996067	0.994347	0
PBG64749_6b2c2a7a_f5b9d37a_145.pod5	ce9fc405-41ac-4ec1-ba5c-a2092e87f254	f5b9d37a6bda8a8d8f31f0d7b32ca6f19b945080	1763	4	151693	1.2092	151693	1.0692	409	25.5657	unclassified	chr1	259302	259701	10	409	-	399	399	399	0	0	0	15	0.97555	1	1	0
PBG64749_6b2c2a7a_f5b9d37a_13.pod5	9a5bdd1d-8c11-4078-88b1-956915fdeae1	f5b9d37a6bda8a8d8f31f0d7b32ca6f19b945080	2268	4	9597.64	3.1962	9597.64	3.1942	1444	12.6771	unclassified	chr1	259361	260757	7	1409	-	1421	1377	1326	25	19	51	1	0.970914	0.962963	0.933146	0
PBG64749_6b2c2a7a_f5b9d37a_99.pod5	ac0be41c-e157-464c-b80b-6ef06c9187f1	f5b9d37a6bda8a8d8f31f0d7b32ca6f19b945080	105	2	88325.5	12.4064	88325.5	12.4044	4823	32.4099	unclassified	chr1	259592	264383	32	4823	+	4792	4790	4787	1	1	3	60	0.993365	0.999374	0.998957	0
PBG64749_6b2c2a7a_f5b9d37a_78.pod5	e94ba12d-1b2e-4573-9fe9-ea07f0217a81	f5b9d37a6bda8a8d8f31f0d7b32ca6f19b945080	1704	1	66821.5	14.3528	66821.7	14.1864	6139	29.5378	unclassified	chr1	259780	265913	0	6133	+	6139	6127	6103	6	6	24	60	0.999023	0.996083	0.994136	0
PBG64749_6b2c2a7a_f5b9d37a_1.pod5	bb874e04-e9bb-4f6a-bb80-a79a66104eca	f5b9d37a6bda8a8d8f31f0d7b32ca6f19b945080	1242	4	1683.91	8.1102	1683.91	8.1082	3085	31.3683	unclassified	chr1	259814	262861	34	3079	+	3047	3045	3037	0	2	8	60	0.987034	0.997373	0.996718	0
PBG64749_6b2c2a7a_f5b9d37a_82.pod5	7ff81c31-0c79-488e-acde-9ceec436bd27	f5b9d37a6bda8a8d8f31f0d7b32ca6f19b945080	2704	1	74841.3	2.4308	74841.3	2.4288	674	11.5971	unclassified	chr1	259814	260427	8	639	-	638	606	577	25	7	29	27	0.936202	0.952145	0.904389	0
PBG64749_6b2c2a7a_f5b9d37a_65.pod5	b720545e-59f7-4a49-b0c9-b50b80fece13	f5b9d37a6bda8a8d8f31f0d7b32ca6f19b945080	993	4	51401.1	7.8764	51401.2	7.7412	3081	28.2292	unclassified	chr1	259955	263028	0	3073	+	3074	3072	3069	1	1	3	60	0.997403	0.999023	0.998373	0
PBG64749_6b2c2a7a_f5b9d37a_76.pod5	f047226c-b800-4422-ac60-41e8b957378d	f5b9d37a6bda8a8d8f31f0d7b32ca6f19b945080	15	3	64925.5	3.1136	64925.7	2.9448	1106	22.7122	unclassified	chr1	259983	261097	0	1106	+	1114	1106	1098	0	8	8	0	1	0.992767	0.985637	0
PBG64749_6b2c2a7a_f5b9d37a_127.pod5	6c91713b-7457-438f-9f67-5df0c07b7b51	f5b9d37a6bda8a8d8f31f0d7b32ca6f19b945080	605	4	118251	10.1452	118251	10.1432	4177	13.0749	unclassified	chr1	260025	264178	10	4127	-	4209	4061	3935	56	92	126	19	0.985636	0.968973	0.934901	0
PBG64749_6b2c2a7a_f5b9d37a_85.pod5	b3731e6b-c307-4af5-9cf3-b976c6fb68a6	f5b9d37a6bda8a8d8f31f0d7b32ca6f19b945080	1084	2	76591.5	7.2596	76591.7	7.0788	3086	33.1713	unclassified	chr1	260185	263271	0	3086	-	3088	3084	3079	2	2	5	60	1	0.998379	0.997086	0
PBG64749_6b2c2a7a_f5b9d37a_130.pod5	3793032f-57a3-4bfd-abfb-7c04c9d44c85	f5b9d37a6bda8a8d8f31f0d7b32ca6f19b945080	1852	2	120331	8.5344	120331	8.5324	4453	9.54719	unclassified	chr1	260205	264718	1	4422	-	4633	4301	4045	120	212	256	39	0.992814	0.940479	0.873084	0
PBG64749_6b2c2a7a_f5b9d37a_107.pod5	eda47c9a-4e35-41cf-92be-550f44d8d609	f5b9d37a6bda8a8d8f31f0d7b32ca6f19b945080	1569	2	95739.6	8.0336	95739.8	7.8564	3188	26.1703	unclassified	chr1	260318	263491	6	3188	-	3185	3170	3157	12	3	13	47	0.998118	0.995899	0.991209	0
PBG64749_6b2c2a7a_f5b9d37a_6.pod5	2b3915b4-4236-4195-b1fa-ea9e0d3cfce6	f5b9d37a6bda8a8d8f31f0d7b32ca6f19b945080	2801	1	4547.57	0.6764	4547.76	0.4908	184	19.7492	unclassified	chr1	260660	260845	0	184	-	185	184	184	0	1	0	12	1	1	0.994595	0
PBG64749_6b2c2a7a_f5b9d37a_133.pod5	c120b4fd-1766-4efc-9523-bd9978c92f7b	f5b9d37a6bda8a8d8f31f0d7b32ca6f19b945080	1698	3	125170	6.92	125170	6.8112	2768	28.0125	unclassified	chr1	260697	263465	0	2768	-	2769	2767	2761	1	1	6	60	1	0.997832	0.997111	0
PBG64749_6b2c2a7a_f5b9d37a_116.pod5	4e392480-8540-4e40-9f17-5348f2f765ec	f5b9d37a6bda8a8d8f31f0d7b32ca6f19b945080	385	2	105238	16.4336	105238	16.2528	6347	32.6786	unclassified	chr1	260701	267046	6	6347	-	6345	6341	6334	0	4	7	60	0.999055	0.998896	0.998266	0
PBG64749_6b2c2a7a_f5b9d37a_143.pod5	2abf1817-c634-40a3-8661-44be793db8a7	f5b9d37a6bda8a8d8f31f0d7b32ca6f19b945080	2875	1	145009	12.074	145009	11.9448	4829	25.6565	unclassified	chr1	260767	265590	6	4829	-	4830	4816	4796	7	7	20	60	0.998757	0.995847	0.992961	0
PBG64749_6b2c2a7a_f5b9d37a_6.pod5	807a763a-6cee-4170-8c78-0b4807ee24ec	f5b9d37a6bda8a8d8f31f0d7b32ca6f19b945080	2293	1	5134.55	5.6178	5134.56	5.6158	2951	9.84242	unclassified	chr1	260796	263811	34	2950	+	3075	2856	2663	60	159	193	60	0.98814	0.932423	0.866016	0
PBG64749_6b2c2a7a_f5b9d37a_18.pod5	f1b1d5fc-5c7e-4826-9e30-ae0e48c8520a	f5b9d37a6bda8a8d8f31f0d7b32ca6f19b945080	2293	3	12825.3	12.5156	12825.4	12.4308	5147	25.3673	unclassified	chr1	260822	265970	0	5147	-	5151	5144	5121	3	4	23	60	1	0.995529	0.994176	0
PBG64749_6b2c2a7a_f5b9d37a_20.pod5	124f2533-935f-4d40-9113-bfc8d928fec4	f5b9d37a6bda8a8d8f31f0d7b32ca6f19b945080	2417	3	13884.2	8.73	13884.3	8.634	3396	32.9405	unclassified	chr1	261478	264873	0	3396	+	3397	3394	3385	2	1	9	19	1	0.997348	0.996467	0
PBG64749_6b2c2a7a_f5b9d37a_96.pod5	c03da080-7899-4c41-8c69-7c715da26924	f5b9d37a6bda8a8d8f31f0d7b32ca6f19b945080	1899	4	86154.2	23.9516	86154.2	23.9496	10034	30.5035	unclassified	chr1	261533	271530	39	10029	+	9999	9988	9982	2	9	6	60	0.995615	0.999399	0.9983	0
PBG64749_6b2c2a7a_f5b9d37a_115.pod5	834f30bb-0a53-4a10-8af5-13a45dd5978f	f5b9d37a6bda8a8d8f31f0d7b32ca6f19b945080	2460	3	103740	9.3248	103740	9.204	3803	27.4318	unclassified	chr1	261698	265492	7	3803	-	3797	3793	3778	3	1	15	60	0.998159	0.996045	0.994996	0
PBG64749_6b2c2a7a_f5b9d37a_18.pod5	692e9710-da86-40de-b783-5b62f79162a6	f5b9d37a6bda8a8d8f31f0d7b32ca6f19b945080	2643	3	12704.5	2.139	12704.5	2.137	829	20.1425	unclassified	chr1	261742	262522	9	787	-	780	778	771	0	2	7	57	0.93848	0.991003	0.988462	0
PBG64749_6b2c2a7a_f5b9d37a_87.pod5	40608b91-e8bc-4bbc-8613-35f47f1b4952	f5b9d37a6bda8a8d8f31f0d7b32ca6f19b945080	35	2	78217.2	64.7314	78217.2	64.7294	25366	31.6916	unclassified	chr1	261784	287114	32	25359	+	25345	25312	25304	15	18	8	60	0.998462	0.999684	0.998382	0
PBG64749_6b2c2a7a_f5b9d37a_152.pod5	2edcd50b-04eb-43b2-92c5-7833d42c439c	f5b9d37a6bda8a8d8f31f0d7b32ca6f19b945080	1865	3	173817	9.3722	173817	9.3702	2578	18.0536	unclassified	chr1	261906	264438	0	2538	-	2560	2510	2487	28	22	23	49	0.984484	0.990837	0.971484	0
PBG64749_6b2c2a7a_f5b9d37a_3.pod5	eff98c56-2b63-40c5-a0ed-b4814af6cfa8	f5b9d37a6bda8a8d8f31f0d7b32ca6f19b945080	1208	3	2507.3	9.085	2507.3	9.083	3989	22.4915	unclassified	chr1	262115	266068	31	3982	+	3964	3940	3920	11	13	20	60	0.990474	0.994924	0.9889	0
PBG64749_6b2c2a7a_f5b9d37a_3.pod5	19fc0fe9-6f98-467a-8372-af3f6f623ee0	f5b9d37a6bda8a8d8f31f0d7b32ca6f19b945080	1208	3	2497.1	10.1336	2497.22	10.0212	3956	34.7806	unclassified	chr1	262115	266068	6	3956	-	3954	3949	3939	1	4	10	60	0.998483	0.997468	0.996206	0
PBG64749_6b2c2a7a_f5b9d37a_127.pod5	ce7e3d2c-9272-40a3-9516-dee1e2d86986	f5b9d37a6bda8a8d8f31f0d7b32ca6f19b945080	2783	1	117258	4.0616	117258	3.9168	1687	31.9437	unclassified	chr1	262216	263898	6	1687	-	1683	1680	1678	1	2	2	60	0.996443	0.99881	0.997029	0
PBG64749_6b2c2a7a_f5b9d37a_155.pod5	6addc0d0-359f-40ea-a32c-7b34300bf769	f5b9d37a6bda8a8d8f31f0d7b32ca6f19b945080	1475	3	184980	3.0884	184981	2.9592	1273	26.1509	unclassified	chr1	262527	263790	7	1273	-	1266	1263	1261	3	0	2	60	0.994501	0.998416	0.996051	0
PBG64749_6b2c2a7a_f5b9d37a_131.pod5	29ef60c7-3fad-4cf2-a7e2-a81aa43de239	f5b9d37a6bda8a8d8f31f0d7b32ca6f19b945080	1590	4	121908	3.6356	121908	3.5316	1481	29.1392	unclassified	chr1	262551	264031	0	1481	+	1482	1479	1477	2	1	2	60	1	0.998648	0.996626	0
PBG64749_6b2c2a7a_f5b9d37a_31.pod5	75d6c4a5-8bc6-471c-a2ae-00ab62080155	f5b9d37a6bda8a8d8f31f0d7b32ca6f19b945080	104	1	21841.5	27.8144	21841.7	27.6612	11522	26.8148	unclassified	chr1	262641	274170	6	11522	-	11535	11510	11492	6	19	18	60	0.999479	0.998436	0.996272	0
