filename	read_id	run_id	channel	mux	start_time	duration	template_start	template_duration	sequence_length_template	mean_qscore_template	barcode	alignment_genome	alignment_genome_start	alignment_genome_end	alignment_strand_start	alignment_strand_end	alignment_direction	alignment_length	alignment_num_aligned	alignment_num_correct	alignment_num_insertions	alignment_num_deletions	alignment_num_substitutions	alignment_mapq	alignment_strand_coverage	alignment_identity	alignment_accuracy	alignment_bed_hits
PBG63936_97c56afe_ea890032_13.pod5	f5b5e961-603d-41d2-abd8-72a52e64f3f1	ea890032c0387f3c2d4d00fa478dd0c7f420c878	1835	1	9917.08	69.1494	9917.08	69.1474	31485	23.3185	unclassified	chr1	10000	38371	3033	31479	+	28608	28209	28061	237	162	148	60	0.903478	0.994753	0.980879	0
PBG63936_97c56afe_ea890032_20.pod5	a874a7bb-67e8-4d2b-adc7-61847d140e7c	ea890032c0387f3c2d4d00fa478dd0c7f420c878	2893	4	15708.5	68.4626	15708.5	68.4606	27775	27.9322	unclassified	chr1	10000	34852	2205	27775	+	25639	24783	24646	787	69	137	34	0.920612	0.994472	0.96127	0
PBG63936_97c56afe_ea890032_21.pod5	2b8a3e94-e719-406a-aab8-2ce90440af29	ea890032c0387f3c2d4d00fa478dd0c7f420c878	1056	4	11378.4	128.07	11378.4	128.068	37466	14.0237	unclassified	chr1	10000	43569	2703	36830	+	34642	33054	32398	1073	515	656	14	0.910879	0.980154	0.935223	0
PBG63936_97c56afe_ea890032_32.pod5	1c984c07-6bcb-4fc7-9f08-6d366702e8c7	ea890032c0387f3c2d4d00fa478dd0c7f420c878	941	1	25219	74.2968	25219	74.2948	30023	23.8798	unclassified	chr1	10000	37182	2803	30016	+	27334	27061	26838	152	121	223	60	0.906405	0.991759	0.981854	0
PBG63936_97c56afe_ea890032_43.pod5	0d2e9229-801e-455e-9e67-24622d3798dc	ea890032c0387f3c2d4d00fa478dd0c7f420c878	1665	2	36944.7	87.4244	36944.8	87.3444	36876	24.3714	unclassified	chr1	10000	42383	4405	36876	+	32645	32209	31978	262	174	231	1	0.880546	0.992828	0.979568	0
PBG63936_97c56afe_ea890032_50.pod5	a57641f6-e2d9-49f6-89fa-b157edd52eea	ea890032c0387f3c2d4d00fa478dd0c7f420c878	943	4	34174.4	130.382	34174.6	130.228	52439	28.1886	unclassified	chr1	10000	57842	4444	52439	+	48117	47720	47491	275	122	229	7	0.915254	0.995201	0.98699	0
PBG63936_97c56afe_ea890032_107.pod5	51bb1a9b-1b2d-41d7-a003-79788c4c6a0b	ea890032c0387f3c2d4d00fa478dd0c7f420c878	165	2	128049	65.2398	128049	65.2378	25322	22.3009	unclassified	chr1	10000	33284	1327	25322	+	24102	23177	22995	818	107	182	40	0.947595	0.992147	0.95407	0
PBG63936_97c56afe_ea890032_77.pod5	200cb6fd-6216-4e80-b2b6-22f7d244eb7d	ea890032c0387f3c2d4d00fa478dd0c7f420c878	2985	1	86525	87.8034	86525	87.8014	36227	21.2526	unclassified	chr1	10000	42986	2928	36221	+	33412	32867	32687	426	119	180	60	0.919011	0.994523	0.978301	0
PBG63936_97c56afe_ea890032_125.pod5	b60962d5-6f05-4622-9228-3d04f21eb975	ea890032c0387f3c2d4d00fa478dd0c7f420c878	1460	1	191077	50.6954	191077	50.6934	21049	23.4276	unclassified	chr1	10000	28788	2195	21041	+	18899	18735	18602	111	53	133	60	0.895339	0.992901	0.984285	0
PBG63936_97c56afe_ea890032_13.pod5	d2bf0d4f-d565-4538-a740-9f6e9f567e8d	ea890032c0387f3c2d4d00fa478dd0c7f420c878	1835	1	9846.85	70.214	9846.95	70.1124	31524	23.5378	unclassified	chr1	10000	38369	3021	31523	-	28631	28240	28113	262	129	127	60	0.904137	0.995503	0.981908	0
PBG63936_97c56afe_ea890032_62.pod5	e9063761-9bcf-4233-9b37-541a31ec8d91	ea890032c0387f3c2d4d00fa478dd0c7f420c878	1849	4	66754.2	63.6356	66754.3	63.5112	25026	24.5608	unclassified	chr1	10000	29982	4872	25026	-	20209	19927	19827	227	55	100	60	0.805322	0.994982	0.981098	0
PBG63936_97c56afe_ea890032_68.pod5	205b5177-aaee-45c8-a8fe-b9110ad9ca1b	ea890032c0387f3c2d4d00fa478dd0c7f420c878	1088	1	78074.7	59.3972	78074.8	59.2356	24733	24.7101	unclassified	chr1	10000	30453	4183	24733	-	20667	20336	20215	214	117	121	49	0.830874	0.99405	0.978129	0
PBG63936_97c56afe_ea890032_83.pod5	acf73a3e-e96d-4ee8-b00f-5cfb74c60da9	ea890032c0387f3c2d4d00fa478dd0c7f420c878	1281	2	93979.4	35.9588	93979.6	35.8368	12876	28.9836	unclassified	chr1	10000	21423	1317	12876	-	11579	11403	11317	156	20	86	58	0.897717	0.992458	0.977373	0
PBG63936_97c56afe_ea890032_117.pod5	177aa114-a10b-4764-89f2-74b871b1213d	ea890032c0387f3c2d4d00fa478dd0c7f420c878	1335	3	161753	42.944	161753	42.8328	17476	23.6181	unclassified	chr1	10000	26928	466	17476	-	17045	16893	16774	117	35	119	60	0.973335	0.992956	0.984101	0
PBG63936_97c56afe_ea890032_117.pod5	9440b295-ffb5-4b7d-8a0f-41c45a1d185b	ea890032c0387f3c2d4d00fa478dd0c7f420c878	2973	3	163400	76.7376	163400	76.7356	23238	15.8355	unclassified	chr1	10000	29176	3020	23190	-	20257	19089	18972	1081	87	117	45	0.867975	0.993871	0.936565	0
PBG63936_97c56afe_ea890032_78.pod5	3da0eba1-9f6b-4db9-8663-78c1ecd95e6d	ea890032c0387f3c2d4d00fa478dd0c7f420c878	2099	2	87769.5	1.7456	87769.5	1.7436	595	19.728	unclassified	chr1	10005	10468	29	513	+	494	453	453	31	10	0	1	0.813445	1	0.917004	0
PBG63936_97c56afe_ea890032_75.pod5	94064bc4-223f-486f-b9da-056f9bdd7fe4	ea890032c0387f3c2d4d00fa478dd0c7f420c878	2806	2	84945.9	71.8866	84945.9	71.8846	30523	24.8615	unclassified	chr1	10108	35194	5281	30516	+	25310	25011	24892	224	75	119	56	0.826754	0.995242	0.983485	0
PBG63936_97c56afe_ea890032_30.pod5	730fb4fb-917b-4bbe-8657-99943a4ab5c5	ea890032c0387f3c2d4d00fa478dd0c7f420c878	2155	1	22884	64.7936	22884.2	64.5936	27853	24.5562	unclassified	chr1	10264	27413	10537	27845	+	17336	17121	17019	187	28	102	53	0.621405	0.994042	0.981714	0
PBG63936_97c56afe_ea890032_36.pod5	4f5d8fba-6cfb-4370-af2b-78d556c6d24b	ea890032c0387f3c2d4d00fa478dd0c7f420c878	1439	1	29308	91.9316	29308.1	91.8372	34109	22.5567	unclassified	chr1	10264	38511	5721	34108	+	28502	28132	27994	255	115	138	60	0.832244	0.995095	0.982177	0
PBG63936_97c56afe_ea890032_60.pod5	54b1920f-c73d-4452-b960-048b3ab7508e	ea890032c0387f3c2d4d00fa478dd0c7f420c878	936	2	45596.4	167.146	45596.6	167.011	49998	26.2	unclassified	chr1	10264	50251	9847	49998	-	40226	39912	39752	239	75	160	29	0.803052	0.995991	0.988217	0
PBG63936_97c56afe_ea890032_1.pod5	84985255-528c-4f13-91da-87dc3d629c1c	ea890032c0387f3c2d4d00fa478dd0c7f420c878	2389	3	1757.78	68.297	1757.78	68.295	26997	25.5028	unclassified	chr1	10319	26530	10693	26997	+	16393	16122	16039	182	89	83	55	0.603919	0.994852	0.978405	0
PBG63936_97c56afe_ea890032_41.pod5	403dccaa-986a-4822-8824-3c7985bffab0	ea890032c0387f3c2d4d00fa478dd0c7f420c878	1642	1	34748.7	91.0904	34748.8	90.996	35951	16.9428	unclassified	chr1	10319	39219	7000	35951	+	29073	28778	28594	173	122	184	13	0.805291	0.993606	0.983524	0
PBG63936_97c56afe_ea890032_14.pod5	2d80df6a-17ea-4101-a2fd-a47f4053996c	ea890032c0387f3c2d4d00fa478dd0c7f420c878	1058	2	10874.5	77.5916	10874.6	77.4444	27276	25.9123	unclassified	chr1	10319	31330	6173	27276	-	21198	20916	20821	187	95	95	3	0.773684	0.995458	0.982215	0
PBG63936_97c56afe_ea890032_62.pod5	6894d509-eb9a-4358-a383-c1e7b35a24a2	ea890032c0387f3c2d4d00fa478dd0c7f420c878	2545	4	66266.3	79.7072	66266.4	79.5744	31819	25.6547	unclassified	chr1	10319	36216	5838	31819	-	26091	25787	25682	194	110	105	49	0.816525	0.995928	0.984324	0
PBG63936_97c56afe_ea890032_115.pod5	35c9a7ac-d753-4bee-a9cc-4e4608ae2bd7	ea890032c0387f3c2d4d00fa478dd0c7f420c878	701	1	153692	105.687	153692	105.605	43006	26.183	unclassified	chr1	10349	42043	11075	42949	+	31937	31631	31438	243	63	193	1	0.741152	0.993898	0.984375	0
PBG63936_97c56afe_ea890032_26.pod5	542b2bcc-3b50-403f-bf5f-3c353914458a	ea890032c0387f3c2d4d00fa478dd0c7f420c878	724	3	20461.9	83.9876	20462.1	83.8344	29464	25.9973	unclassified	chr1	10349	34498	5132	29464	-	24385	24096	23922	236	53	174	1	0.825821	0.992779	0.981013	0
PBG63936_97c56afe_ea890032_27.pod5	7e17367a-e5f2-4484-96d0-559a4efb96b6	ea890032c0387f3c2d4d00fa478dd0c7f420c878	2324	1	21133.7	84.854	21133.8	84.69	32706	15.4931	unclassified	chr1	10349	35839	5717	32706	-	27043	25436	25265	1553	54	171	4	0.8252	0.993277	0.934253	0
PBG63936_97c56afe_ea890032_103.pod5	5c068b44-f3d4-4992-8bd1-903130ab25ea	ea890032c0387f3c2d4d00fa478dd0c7f420c878	1010	1	121801	68.5892	121801	68.4804	30682	26.3777	unclassified	chr1	10463	33386	7702	30676	+	23033	22864	22696	110	59	168	39	0.748778	0.992652	0.985369	0
PBG63936_97c56afe_ea890032_69.pod5	d62d19ce-7d4e-4ae3-89c4-998a3d79d3ba	ea890032c0387f3c2d4d00fa478dd0c7f420c878	911	1	79236.9	57.8896	79236.9	57.8876	25922	26.0578	unclassified	chr1	10463	26974	9314	25915	+	16629	16483	16378	118	28	105	48	0.640421	0.99363	0.984906	0
PBG63936_97c56afe_ea890032_113.pod5	27a1eaef-3637-4c22-adb7-a644cc59cc16	ea890032c0387f3c2d4d00fa478dd0c7f420c878	1797	3	147570	43.5344	147570	43.428	19618	21.9477	unclassified	chr1	10463	24647	5351	19612	+	14314	14131	14007	130	53	124	38	0.726934	0.991225	0.978552	0
PBG63936_97c56afe_ea890032_113.pod5	9a90f151-ddb2-44d6-b68b-1c9b1b53101b	ea890032c0387f3c2d4d00fa478dd0c7f420c878	1797	3	147518	51.7148	147518	51.5916	19635	24.212	unclassified	chr1	10463	24648	5361	19635	-	14296	14163	14052	111	22	111	29	0.726967	0.992163	0.982932	0
PBG63936_97c56afe_ea890032_26.pod5	68501aa1-3e63-43a2-8d7b-4c03e4a48189	ea890032c0387f3c2d4d00fa478dd0c7f420c878	900	1	20255.9	78.68	20256	78.5988	20654	9.22379	unclassified	chr1	10498	21882	9133	20654	-	11600	11305	11160	216	79	145	18	0.55781	0.987174	0.962069	0
PBG63936_97c56afe_ea890032_61.pod5	c9f629f2-953d-4d50-9580-fb933624ca47	ea890032c0387f3c2d4d00fa478dd0c7f420c878	1217	3	63707.4	76.9412	63707.5	76.8228	30358	27.2441	unclassified	chr1	10627	40851	156	30352	+	30261	30159	30011	37	65	148	60	0.994664	0.995093	0.991739	0
PBG63936_97c56afe_ea890032_107.pod5	92571a44-8ddf-4baa-8e9c-1f003af853dd	ea890032c0387f3c2d4d00fa478dd0c7f420c878	165	2	128114	60.8984	128114	60.7332	25262	19.3186	unclassified	chr1	10627	34813	1032	25262	-	24385	24031	23839	199	155	192	60	0.959148	0.99201	0.977609	0
PBG63936_97c56afe_ea890032_108.pod5	d3638cd1-5177-4eb4-abb3-b162395c5674	ea890032c0387f3c2d4d00fa478dd0c7f420c878	557	4	131059	12.548	131059	12.4344	5473	22.252	unclassified	chr1	10878	16360	5	5473	-	5506	5444	5383	24	38	61	34	0.999086	0.988795	0.977661	0
PBG63936_97c56afe_ea890032_108.pod5	53577bf4-078a-430e-b269-fca2fcf15184	ea890032c0387f3c2d4d00fa478dd0c7f420c878	557	4	131046	12.1376	131047	12.0432	5462	26.0717	unclassified	chr1	10879	16361	0	5457	+	5490	5449	5392	8	33	57	31	0.999085	0.989539	0.982149	0
PBG63936_97c56afe_ea890032_48.pod5	741445cb-a08f-4d33-835a-966184a3d93d	ea890032c0387f3c2d4d00fa478dd0c7f420c878	2126	4	43537	34.946	43537.1	34.8588	14294	12.6094	unclassified	chr1	10898	23813	0	12908	+	12950	12873	12785	35	42	88	60	0.903036	0.993164	0.987259	0
PBG63936_97c56afe_ea890032_47.pod5	7fee26c5-96fc-43d0-bd38-4c819fa97384	ea890032c0387f3c2d4d00fa478dd0c7f420c878	2378	4	42352.1	3.1808	42352.2	3.0408	1186	35.7797	unclassified	chr1	11669	12848	7	1186	-	1179	1179	1179	0	0	0	0	0.994098	1	1	0
PBG63936_97c56afe_ea890032_82.pod5	9cf04a76-f7da-4714-9074-b197a032c9c3	ea890032c0387f3c2d4d00fa478dd0c7f420c878	1342	1	92982	0.909	92982	0.907	326	8.57506	unclassified	chr1	11706	11927	89	314	-	232	214	199	11	7	15	0	0.690184	0.929907	0.857759	0
PBG63936_97c56afe_ea890032_31.pod5	26c9a633-f817-4932-b6ff-cd7d300d6334	ea890032c0387f3c2d4d00fa478dd0c7f420c878	845	2	24054.1	44.652	24054.1	44.65	18523	24.665	unclassified	chr1	12012	30515	6	18492	-	18527	18462	18385	24	41	77	60	0.998002	0.995829	0.992335	0
PBG63936_97c56afe_ea890032_30.pod5	66692249-52c4-4f7e-905b-862b8b78a3bf	ea890032c0387f3c2d4d00fa478dd0c7f420c878	36	3	23426.5	39.3752	23426.7	39.204	14907	28.95	unclassified	chr1	12241	27150	2	14907	-	14926	14888	14837	17	21	51	60	0.999866	0.996574	0.994037	0
PBG63936_97c56afe_ea890032_82.pod5	75884faf-b877-40c4-89fe-63d8e6ca11ef	ea890032c0387f3c2d4d00fa478dd0c7f420c878	1342	1	92979.6	1.3264	92979.6	1.3244	469	7.17126	unclassified	chr1	12423	12876	0	457	-	491	419	387	38	34	32	0	0.974414	0.923628	0.788187	0
PBG63936_97c56afe_ea890032_44.pod5	33892bd1-fa83-427f-b59b-aa8e95ee5f58	ea890032c0387f3c2d4d00fa478dd0c7f420c878	573	2	37213.9	36.0836	37214.1	35.9028	14156	25.3785	unclassified	chr1	12502	26664	0	14156	-	14185	14133	14091	23	29	42	60	1	0.997028	0.993373	0
PBG63936_97c56afe_ea890032_56.pod5	3fd126bd-112d-4da3-868b-914821be0daf	ea890032c0387f3c2d4d00fa478dd0c7f420c878	2222	1	54211.6	40.2548	54211.6	40.2528	15628	26.6112	unclassified	chr1	12539	28143	36	15627	+	15623	15572	15501	19	32	71	60	0.997632	0.995441	0.992191	0
PBG63936_97c56afe_ea890032_56.pod5	1bb3ccd6-4da8-4855-bed1-22c7782a2557	ea890032c0387f3c2d4d00fa478dd0c7f420c878	2473	2	55118	25.9868	55118.1	25.8732	9887	27.9426	unclassified	chr1	12665	22551	0	9887	+	9902	9871	9828	16	15	43	60	1	0.995644	0.992527	0
PBG63936_97c56afe_ea890032_59.pod5	f294b520-c011-43d4-a537-835affb85bee	ea890032c0387f3c2d4d00fa478dd0c7f420c878	602	2	61377	39.556	61377	39.554	15288	26.2671	unclassified	chr1	12800	28085	21	15288	+	15305	15247	15180	20	38	67	60	0.998626	0.995606	0.991833	0
PBG63936_97c56afe_ea890032_120.pod5	d7a7d208-829b-43d0-8860-7a60f3844cf7	ea890032c0387f3c2d4d00fa478dd0c7f420c878	2953	4	174029	35.684	174029	35.4792	11710	24.7791	unclassified	chr1	13231	24938	0	11708	-	11727	11688	11622	20	19	66	28	0.999829	0.994353	0.991046	0
PBG63936_97c56afe_ea890032_46.pod5	37cfb6ee-788e-4e83-a5a4-d37c8c3e13bb	ea890032c0387f3c2d4d00fa478dd0c7f420c878	2011	1	41054.9	30.014	41054.9	30.012	13274	23.6161	unclassified	chr1	13282	26538	33	13268	+	13272	13219	13166	16	37	53	60	0.997062	0.995991	0.992013	0
PBG63936_97c56afe_ea890032_20.pod5	e840ff79-b85f-4dd6-9439-fb3e5af5c97a	ea890032c0387f3c2d4d00fa478dd0c7f420c878	2464	3	16007.6	102.958	16007.8	102.826	32566	29.8098	unclassified	chr1	13416	45573	7	32566	-	32599	32117	31935	442	40	182	36	0.999785	0.994333	0.979631	0
PBG63936_97c56afe_ea890032_95.pod5	b862d368-c04b-4cc7-bbae-615a908d2641	ea890032c0387f3c2d4d00fa478dd0c7f420c878	415	1	108225	19.0004	108226	18.8508	7608	24.8849	unclassified	chr1	13808	21404	0	7600	+	7612	7584	7544	16	12	40	60	0.998948	0.994726	0.991067	0
PBG63936_97c56afe_ea890032_42.pod5	0518fd57-bb98-4eee-9448-3f55b56e5ae6	ea890032c0387f3c2d4d00fa478dd0c7f420c878	1050	1	35082.8	75.2408	35082.9	75.1128	28921	28.0986	unclassified	chr1	14055	43007	0	28921	-	28980	28893	28708	28	59	185	48	1	0.993597	0.990614	0
PBG63936_97c56afe_ea890032_30.pod5	503849c6-11d7-4f1e-abbf-aeeb94312221	ea890032c0387f3c2d4d00fa478dd0c7f420c878	1374	2	23122.2	0.2594	23122.2	0.2574	99	28.0943	unclassified	chr1	14702	14801	1	99	-	99	98	98	0	1	0	0	0.989899	1	0.989899	0
PBG63936_97c56afe_ea890032_2.pod5	5f000599-2d4e-4da3-9f0c-8ed5df09a706	ea890032c0387f3c2d4d00fa478dd0c7f420c878	1386	1	2223.06	8.39	2223.18	8.2668	3910	22.0115	unclassified	chr1	15160	19073	0	3905	+	3925	3893	3864	12	20	29	38	0.998721	0.992551	0.984459	0
PBG63936_97c56afe_ea890032_2.pod5	62a99579-1cfc-4441-9df4-42ef4e6f4ff0	ea890032c0387f3c2d4d00fa478dd0c7f420c878	1386	1	2231.45	9.086	2231.58	8.958	3900	18.7992	unclassified	chr1	15160	19072	9	3900	-	3921	3882	3841	9	30	41	60	0.997692	0.989438	0.979597	0
PBG63936_97c56afe_ea890032_33.pod5	f533c16d-04d7-4cb1-9da1-ffe828822b79	ea890032c0387f3c2d4d00fa478dd0c7f420c878	127	4	26238.2	32.8556	26238.3	32.7324	12379	29.3354	unclassified	chr1	15171	27547	0	12370	+	12381	12365	12325	5	11	40	31	0.999273	0.996765	0.995477	0
PBG63936_97c56afe_ea890032_30.pod5	50678897-53ef-42b0-9449-ac8752641ba6	ea890032c0387f3c2d4d00fa478dd0c7f420c878	1374	2	23120.2	0.2538	23120.2	0.2518	105	23.8775	unclassified	chr1	15501	15605	0	105	-	105	104	104	1	0	0	0	1	1	0.990476	0
PBG63936_97c56afe_ea890032_95.pod5	eba1c006-ee3e-444e-b4bf-a84244b72b61	ea890032c0387f3c2d4d00fa478dd0c7f420c878	595	3	109013	33.1324	109013	33.1304	15001	24.8263	unclassified	chr1	15794	30782	37	15001	+	15013	14939	14851	25	49	88	60	0.997534	0.994109	0.989209	0
PBG63936_97c56afe_ea890032_82.pod5	4b1fca01-45ea-48a1-945b-4a3c1230b17a	ea890032c0387f3c2d4d00fa478dd0c7f420c878	1342	1	92969.7	2.6872	92969.7	2.6852	1181	14.3814	unclassified	chr1	15932	17133	0	1181	-	1212	1170	1151	11	31	19	60	1	0.983761	0.94967	0
PBG63936_97c56afe_ea890032_41.pod5	dcb14278-c3e1-4817-8761-e7c1d3640826	ea890032c0387f3c2d4d00fa478dd0c7f420c878	1089	4	34758.8	17.2942	34758.8	17.2922	4353	12.3764	unclassified	chr1	15941	20331	7	4349	-	4465	4267	4123	75	123	144	7	0.997473	0.966253	0.923404	0
PBG63936_97c56afe_ea890032_90.pod5	4f7a740b-7e14-499b-b3b2-eb431260f173	ea890032c0387f3c2d4d00fa478dd0c7f420c878	547	3	101295	14.2066	101295	14.2046	6053	24.6517	unclassified	chr1	16089	22098	27	6043	+	6020	6005	5981	11	4	24	38	0.993887	0.996003	0.993522	0
PBG63936_97c56afe_ea890032_85.pod5	98ad5841-2a31-49cf-a5fb-23def499ecb6	ea890032c0387f3c2d4d00fa478dd0c7f420c878	640	4	95711.3	5.2112	95711.4	5.052	2080	25.4725	unclassified	chr1	16693	18768	7	2080	-	2077	2071	2064	2	4	7	60	0.996635	0.99662	0.993741	0
PBG63936_97c56afe_ea890032_27.pod5	d0b9db38-1a1c-4ae7-8905-6db069574b22	ea890032c0387f3c2d4d00fa478dd0c7f420c878	409	4	20939.8	1.8128	20939.9	1.704	551	25.2167	unclassified	chr1	16785	17324	12	551	-	539	539	537	0	0	2	38	0.978221	0.996289	0.996289	0
PBG63936_97c56afe_ea890032_82.pod5	1a91d1bf-ec63-4701-b760-7a03615c8c18	ea890032c0387f3c2d4d00fa478dd0c7f420c878	1342	1	92967.7	1.9062	92967.7	1.9042	758	9.33113	unclassified	chr1	17198	17999	4	758	-	824	731	695	23	70	36	9	0.994723	0.950752	0.843447	0
PBG63936_97c56afe_ea890032_32.pod5	eb1ab77c-fceb-4297-9da8-99ef97abb0f9	ea890032c0387f3c2d4d00fa478dd0c7f420c878	1210	3	25259.9	4.194	25259.9	4.192	1618	25.7518	unclassified	chr1	17298	18879	32	1612	+	1583	1578	1575	2	3	3	32	0.976514	0.998099	0.994946	0
PBG63936_97c56afe_ea890032_50.pod5	53d8f343-f830-4277-9708-56e554d06639	ea890032c0387f3c2d4d00fa478dd0c7f420c878	1415	3	41520.1	110.997	41520.3	110.797	26649	26.593	unclassified	chr1	17299	43944	0	26649	+	26703	26591	26436	58	54	155	39	1	0.994171	0.990001	0
PBG63936_97c56afe_ea890032_52.pod5	1507dc66-8a4d-4604-a8d4-a79ba4769dd5	ea890032c0387f3c2d4d00fa478dd0c7f420c878	296	1	48151.1	62.4248	48151.2	62.3064	26145	16.3079	unclassified	chr1	17346	43636	0	26145	-	26478	25957	25534	188	333	423	48	1	0.983704	0.964348	0
PBG63936_97c56afe_ea890032_95.pod5	83c4c5bd-7b86-4347-a48e-76a149a9af53	ea890032c0387f3c2d4d00fa478dd0c7f420c878	415	1	108215	10.0496	108215	9.9192	4034	27.7945	unclassified	chr1	17368	21404	0	4034	-	4037	4033	4020	1	3	13	9	1	0.996777	0.995789	0
PBG63936_97c56afe_ea890032_89.pod5	710e181f-2831-436a-89f2-209abc97ba02	ea890032c0387f3c2d4d00fa478dd0c7f420c878	1301	3	99518.7	27.74	99518.8	27.6456	11605	26.3365	unclassified	chr1	17741	29332	0	11599	+	11616	11574	11530	25	17	44	20	0.999483	0.996198	0.992596	0
PBG63936_97c56afe_ea890032_16.pod5	11c98a19-db7b-40c5-998b-5ae7b9dfc960	ea890032c0387f3c2d4d00fa478dd0c7f420c878	2441	3	13035.3	4.286	13035.4	4.1652	1760	25.4104	unclassified	chr1	17760	19511	6	1760	-	1755	1750	1748	4	1	2	17	0.996591	0.998857	0.996011	0
PBG63936_97c56afe_ea890032_4.pod5	03ed4e1b-90a9-4e3d-8dcc-c54504b3ceb3	ea890032c0387f3c2d4d00fa478dd0c7f420c878	2690	2	3956.91	2.7704	3957.01	2.67	1209	15.6218	unclassified	chr1	18290	19497	11	1208	-	1213	1191	1181	6	16	10	17	0.990074	0.991604	0.973619	0
PBG63936_97c56afe_ea890032_54.pod5	bd6356b6-5036-4603-bcdd-66889710986f	ea890032c0387f3c2d4d00fa478dd0c7f420c878	1569	1	51500.7	4.448	51500.9	4.2624	1951	24.2253	unclassified	chr1	19548	21496	0	1945	+	1949	1944	1925	1	4	19	25	0.996925	0.990226	0.987686	0
PBG63936_97c56afe_ea890032_68.pod5	d31c2e01-3451-4941-98be-d2b6a19144bf	ea890032c0387f3c2d4d00fa478dd0c7f420c878	2528	2	78245.5	6.6356	78245.6	6.5652	2929	22.3587	unclassified	chr1	19561	22491	7	2929	-	2937	2915	2881	7	15	34	22	0.99761	0.988336	0.980933	0
PBG63936_97c56afe_ea890032_38.pod5	acaf1ad5-4e57-4e1d-b96b-51639511b6cc	ea890032c0387f3c2d4d00fa478dd0c7f420c878	2086	3	32370.4	4.7984	32370.5	4.716	1996	22.6953	unclassified	chr1	20098	22082	8	1996	-	1993	1979	1971	9	5	8	0	0.995992	0.995958	0.988961	0
PBG63936_97c56afe_ea890032_8.pod5	ce7bca36-86b4-470f-8993-fea66640a348	ea890032c0387f3c2d4d00fa478dd0c7f420c878	314	1	7294.81	27.0946	7294.81	27.0926	10784	23.8348	unclassified	chr1	21736	32527	28	10775	+	10811	10727	10648	20	64	79	7	0.996569	0.992635	0.984923	0
PBG63936_97c56afe_ea890032_27.pod5	52ad85e8-a561-41a2-9508-ddba67a8c2fb	ea890032c0387f3c2d4d00fa478dd0c7f420c878	617	2	21366.9	1.2692	21367	1.1244	431	25.0597	unclassified	chr1	21799	22219	0	420	+	420	420	418	0	0	2	0	0.974478	0.995238	0.995238	0
PBG63936_97c56afe_ea890032_47.pod5	cfbf949f-fae5-4636-a3d3-2062b38ec2a4	ea890032c0387f3c2d4d00fa478dd0c7f420c878	168	2	42475.6	17.2796	42475.7	17.1864	6747	28.1788	unclassified	chr1	22017	28758	6	6747	-	6754	6728	6634	13	13	94	1	0.999111	0.986029	0.982233	0
PBG63936_97c56afe_ea890032_113.pod5	fb45b052-9fd2-4e8b-a005-2d2ea45d86b2	ea890032c0387f3c2d4d00fa478dd0c7f420c878	147	1	145880	25.8884	145880	25.7772	10476	29.5729	unclassified	chr1	22842	33339	0	10476	+	10508	10465	10393	11	32	72	8	1	0.99312	0.989056	0
PBG63936_97c56afe_ea890032_62.pod5	d47e3a04-d921-4dbc-a40b-e50a58c50a81	ea890032c0387f3c2d4d00fa478dd0c7f420c878	2826	1	66099.2	16.634	66099.3	16.5564	6716	25.3552	unclassified	chr1	23116	29840	0	6707	+	6731	6700	6662	7	24	38	1	0.99866	0.994328	0.989749	0
PBG63936_97c56afe_ea890032_62.pod5	7d3a8169-92f6-4d01-a342-00ae423773fa	ea890032c0387f3c2d4d00fa478dd0c7f420c878	2826	1	66081.8	17.4284	66081.9	17.3388	6732	32.0726	unclassified	chr1	23116	29840	7	6732	-	6730	6719	6681	6	5	38	10	0.99896	0.994344	0.992719	0
PBG63936_97c56afe_ea890032_65.pod5	1f6c757c-6f35-43ea-bef4-440c0697243c	ea890032c0387f3c2d4d00fa478dd0c7f420c878	1853	2	72623.2	7.7048	72623.3	7.6056	3248	24.9809	unclassified	chr1	24028	27269	6	3248	-	3248	3235	3204	7	6	31	0	0.998153	0.990417	0.986453	0
PBG63936_97c56afe_ea890032_65.pod5	b53acdc7-8a59-4047-b42f-308d010fbaef	ea890032c0387f3c2d4d00fa478dd0c7f420c878	1853	2	72631	7.2104	72631.1	7.0992	3247	23.528	unclassified	chr1	24029	27270	0	3240	+	3248	3233	3200	7	8	33	0	0.997844	0.989793	0.985222	0
PBG63936_97c56afe_ea890032_80.pod5	8bacc8cd-2cf9-49a7-a38f-66a2bd5f1284	ea890032c0387f3c2d4d00fa478dd0c7f420c878	2105	4	90196.3	13.011	90196.3	13.009	5604	23.3375	unclassified	chr1	24201	28562	30	4390	+	4364	4357	4346	3	4	11	0	0.778016	0.997475	0.995875	0
PBG63936_97c56afe_ea890032_16.pod5	3ccbfcc2-e994-47a2-97c7-02057cb17260	ea890032c0387f3c2d4d00fa478dd0c7f420c878	1035	2	12423.9	1.85	12424	1.7364	752	14.851	unclassified	chr1	25417	26173	0	747	+	763	740	717	7	16	23	0	0.993351	0.968919	0.939712	0
PBG63936_97c56afe_ea890032_88.pod5	b1c751d6-3a62-4fd3-8bd8-57ebd51ac2b4	ea890032c0387f3c2d4d00fa478dd0c7f420c878	1139	4	97849	0.8276	97849.2	0.6756	255	32.467	unclassified	chr1	27934	28188	0	254	+	254	254	253	0	0	1	0	0.996078	0.996063	0.996063	0
PBG63936_97c56afe_ea890032_6.pod5	1ee9aef9-6d5d-4f42-912e-382650ad5ed7	ea890032c0387f3c2d4d00fa478dd0c7f420c878	215	1	5061.29	1.3616	5061.4	1.2576	508	23.9111	unclassified	chr1	28884	29379	0	497	+	497	495	495	2	0	0	32	0.978346	1	0.995976	0
PBG63936_97c56afe_ea890032_85.pod5	fe2eb057-b130-4686-9b06-f78879e33038	ea890032c0387f3c2d4d00fa478dd0c7f420c878	879	2	95860.8	1.1812	95860.8	1.1792	329	6.91024	unclassified	chr1	29964	30195	87	319	+	240	223	195	9	8	28	0	0.705167	0.874439	0.8125	0
PBG63936_97c56afe_ea890032_72.pod5	2d1c0e3b-b860-478d-8d45-6f2cb84adfb8	ea890032c0387f3c2d4d00fa478dd0c7f420c878	1785	1	82557.9	20.8664	82558	20.7648	6774	26.0135	unclassified	chr1	30049	36762	5	6774	-	6793	6689	6663	80	24	26	1	0.999262	0.996113	0.980863	0
PBG63936_97c56afe_ea890032_44.pod5	6e662be2-f4b9-4d3b-88e1-dadf34bbc94e	ea890032c0387f3c2d4d00fa478dd0c7f420c878	476	3	37397.6	2.2916	37397.7	2.1516	849	26.277	unclassified	chr1	32211	33048	0	838	+	838	837	834	1	0	3	0	0.987044	0.996416	0.995227	0
PBG63936_97c56afe_ea890032_2.pod5	25ba4c74-73ca-4a51-af40-de00792f2749	ea890032c0387f3c2d4d00fa478dd0c7f420c878	2204	3	2312.86	2.432	2313.02	2.2728	911	24.9109	unclassified	chr1	32321	33232	0	911	+	911	911	911	0	0	0	0	1	1	1	0
PBG63936_97c56afe_ea890032_34.pod5	dd61fd99-7d61-469f-9452-a2aa7c329af4	ea890032c0387f3c2d4d00fa478dd0c7f420c878	2195	3	27106	2.834	27106.2	2.6916	1075	33.1487	unclassified	chr1	33477	34552	1	1075	-	1076	1073	1073	1	2	0	0	0.99907	1	0.997212	0
PBG63936_97c56afe_ea890032_46.pod5	de7ac1b5-524f-43af-a56f-e55d7c96ca1d	ea890032c0387f3c2d4d00fa478dd0c7f420c878	179	4	39836.3	10.4252	39836.5	10.2876	4062	27.7105	unclassified	chr1	33684	37743	0	4056	+	4062	4053	4035	3	6	18	0	0.998523	0.995559	0.993353	0
PBG63936_97c56afe_ea890032_100.pod5	bf7ebffb-b6f8-4f63-a0d2-7f2aab7e3983	ea890032c0387f3c2d4d00fa478dd0c7f420c878	2403	3	116132	6.4892	116132	6.4008	2787	24.9495	unclassified	chr1	33905	36688	0	2781	+	2786	2778	2760	3	5	18	0	0.997847	0.99352	0.990668	0
PBG63936_97c56afe_ea890032_32.pod5	b060245c-3b41-4891-aeed-875684f1239d	ea890032c0387f3c2d4d00fa478dd0c7f420c878	265	1	25872	4.0028	25872.2	3.8484	1716	22.6456	unclassified	chr1	34080	35141	2	1063	+	1062	1060	1036	1	1	24	0	0.618298	0.977359	0.975518	0
PBG63936_97c56afe_ea890032_69.pod5	258b227c-e018-4b44-b24b-057980500008	ea890032c0387f3c2d4d00fa478dd0c7f420c878	1303	2	78625.8	3.641	78625.8	3.639	1563	33.2453	unclassified	chr1	34133	35141	34	1041	+	1008	1007	989	0	1	18	0	0.644274	0.982125	0.981151	0
PBG63936_97c56afe_ea890032_39.pod5	75c5756e-c2ca-4b92-a89f-ed673a153fff	ea890032c0387f3c2d4d00fa478dd0c7f420c878	2156	3	33537.2	8.4272	33537.3	8.2584	3399	25.3475	unclassified	chr1	34786	38172	10	3399	-	3391	3384	3364	5	2	20	0	0.997058	0.99409	0.992038	0
PBG63936_97c56afe_ea890032_69.pod5	0f10ae7b-72d1-4e26-9851-ba76095b4fcf	ea890032c0387f3c2d4d00fa478dd0c7f420c878	1565	4	79438.9	2.2784	79438.9	2.2764	775	24.8934	unclassified	chr1	35771	36509	30	765	+	740	733	732	2	5	1	0	0.948387	0.998636	0.989189	0
PBG63936_97c56afe_ea890032_64.pod5	247f31de-84cf-495c-b95b-3a17b694d3c8	ea890032c0387f3c2d4d00fa478dd0c7f420c878	2448	2	70942.2	1.1864	70942.3	1.0992	393	22.2046	unclassified	chr1	37728	38101	0	378	+	378	373	371	5	0	2	0	0.961832	0.994638	0.981481	0
PBG63936_97c56afe_ea890032_13.pod5	87242a79-34ad-4073-bf2e-14f9fcc8eacb	ea890032c0387f3c2d4d00fa478dd0c7f420c878	2023	4	9946.42	2.9948	9946.52	2.898	1381	29.8666	unclassified	chr1	40602	41976	0	1375	+	1375	1374	1374	1	0	0	5	0.995655	1	0.999273	0
PBG63936_97c56afe_ea890032_41.pod5	0a9d90a3-60fe-4b17-949b-adb5e3940657	ea890032c0387f3c2d4d00fa478dd0c7f420c878	2335	3	34672.5	1.3628	34672.6	1.2204	490	24.0451	unclassified	chr1	41991	42470	0	481	+	481	479	477	2	0	2	0	0.981633	0.995825	0.991684	0
PBG63936_97c56afe_ea890032_35.pod5	56cf3e5f-303f-40bc-b29e-a0269968eb90	ea890032c0387f3c2d4d00fa478dd0c7f420c878	1342	4	28302.5	0.698	28302.5	0.696	266	14.6864	unclassified	chr1	50058	50280	30	255	+	225	222	221	3	0	1	0	0.845865	0.995495	0.982222	0
PBG63936_97c56afe_ea890032_49.pod5	8275f35b-b19e-4d57-bc06-02f7ef3eb327	ea890032c0387f3c2d4d00fa478dd0c7f420c878	1440	4	45222.5	1.388	45222.6	1.2816	413	15.9613	unclassified	chr1	58241	58633	12	413	-	401	392	390	9	0	2	0	0.970944	0.994898	0.972569	0
PBG63936_97c56afe_ea890032_140.pod5	fecb4c37-79e9-486e-b6ce-1597333e01c1	ea890032c0387f3c2d4d00fa478dd0c7f420c878	2461	4	221556	111.416	221556	111.107	45618	17.57	unclassified	chr1	89368	133441	821	44842	-	44493	43601	43176	420	472	425	60	0.964992	0.990252	0.9704	0
PBG63936_97c56afe_ea890032_73.pod5	d8ad4472-0486-4504-a3ed-593e123f363e	ea890032c0387f3c2d4d00fa478dd0c7f420c878	1292	3	83732.8	59.24	83732.9	59.1216	23813	26.9105	unclassified	chr1	91826	115635	1	23813	-	23856	23765	23657	47	44	108	6	0.999958	0.995456	0.991658	0
PBG63936_97c56afe_ea890032_45.pod5	9c8ddf9d-6214-4d6a-b993-ac08c85a0da1	ea890032c0387f3c2d4d00fa478dd0c7f420c878	1264	4	38656.8	0.6332	38657	0.4692	197	28.9061	unclassified	chr1	91944	92141	0	196	+	197	196	196	0	1	0	0	0.994924	1	0.994924	0
PBG63936_97c56afe_ea890032_41.pod5	07063d8d-bf88-42b6-a225-769755cc133d	ea890032c0387f3c2d4d00fa478dd0c7f420c878	1128	3	34140.3	2.2472	34140.7	1.9392	343	20.393	unclassified	chr1	92152	92485	11	343	-	333	332	331	0	1	1	0	0.96793	0.996988	0.993994	0
PBG63936_97c56afe_ea890032_102.pod5	8f33da97-a8ed-4a4b-8e17-755c43e44544	ea890032c0387f3c2d4d00fa478dd0c7f420c878	2271	3	119404	0.2672	119404	0.1224	60	22.6785	unclassified	chr1	92552	92612	0	60	+	60	60	60	0	0	0	0	1	1	1	0
PBG63936_97c56afe_ea890032_18.pod5	9f9318ab-49a5-4421-ba38-8be4ee35d3d7	ea890032c0387f3c2d4d00fa478dd0c7f420c878	1271	3	14574.3	13.2714	14574.3	13.2694	6723	25.9964	unclassified	chr1	93851	100451	33	6713	+	6719	6561	6470	119	39	91	13	0.993604	0.98613	0.962941	0
PBG63936_97c56afe_ea890032_42.pod5	2ea84a1e-0b86-4001-86fd-4e6f7adce51b	ea890032c0387f3c2d4d00fa478dd0c7f420c878	2357	4	35305	51.2888	35305.1	51.1956	21355	11.1591	unclassified	chr1	94612	116197	9	21355	-	22056	20875	19936	471	710	939	17	0.999579	0.955018	0.903881	0
PBG63936_97c56afe_ea890032_44.pod5	8d3e8efb-3906-40ac-96ad-6dd7c950bac4	ea890032c0387f3c2d4d00fa478dd0c7f420c878	464	1	38093.7	14.7944	38093.8	14.6256	5124	28.4789	unclassified	chr1	94695	99745	0	5123	+	5165	5008	4935	115	42	73	36	0.999805	0.985423	0.955469	0
PBG63936_97c56afe_ea890032_92.pod5	e93a2572-e446-4381-96f9-8059c61a66eb	ea890032c0387f3c2d4d00fa478dd0c7f420c878	138	4	103113	8.06	103113	7.902	3373	28.2488	unclassified	chr1	95077	98313	136	3373	-	3238	3235	3196	2	1	39	57	0.95968	0.987944	0.987029	0
PBG63936_97c56afe_ea890032_143.pod5	a0a2202b-12f8-4c8a-8c4d-1bfedfe3c694	ea890032c0387f3c2d4d00fa478dd0c7f420c878	1692	2	255272	9.2254	255272	9.2234	3508	28.885	unclassified	chr1	95077	98524	39	3484	-	3448	3444	3403	1	3	41	48	0.982041	0.988095	0.986949	0
PBG63936_97c56afe_ea890032_74.pod5	14f1b40c-081a-43da-97a5-bc98b9036547	ea890032c0387f3c2d4d00fa478dd0c7f420c878	988	2	84050.7	1.2986	84050.8	1.2966	542	9.57564	unclassified	chr1	95156	95669	4	506	-	528	487	455	15	26	32	1	0.926199	0.934292	0.861742	0
PBG63936_97c56afe_ea890032_61.pod5	22c40ba3-fcd7-4f32-81aa-af645d555b45	ea890032c0387f3c2d4d00fa478dd0c7f420c878	2037	1	62272.8	4.5656	62273	4.4508	1826	23.1966	unclassified	chr1	95319	97147	5	1826	-	1828	1821	1791	0	7	30	1	0.997262	0.983526	0.979759	0
PBG63936_97c56afe_ea890032_130.pod5	03dd8545-efc0-414a-bae3-04a882cdc4c3	ea890032c0387f3c2d4d00fa478dd0c7f420c878	1453	3	208743	82.442	208743	82.3632	32567	29.1526	unclassified	chr1	95412	126244	5	30771	-	30867	30731	30584	35	101	147	8	0.944699	0.995217	0.990832	0
PBG63936_97c56afe_ea890032_24.pod5	c2b16457-92ea-4149-8884-0438b5b2f6df	ea890032c0387f3c2d4d00fa478dd0c7f420c878	2735	4	18624.1	0.7092	18624.1	0.7072	286	10.4138	unclassified	chr1	95436	95678	32	267	+	250	227	212	8	15	15	1	0.821678	0.933921	0.848	0
PBG63936_97c56afe_ea890032_44.pod5	cd2a339c-7853-4457-8a3d-2f76762ec9a9	ea890032c0387f3c2d4d00fa478dd0c7f420c878	698	1	38360.8	35.0384	38361	34.8888	15195	20.9077	unclassified	chr1	96108	103766	1	7656	+	7674	7639	7540	16	19	99	1	0.503784	0.98704	0.982538	0
PBG63936_97c56afe_ea890032_51.pod5	befacd25-1951-4b7e-95f7-939f7a0cd9a6	ea890032c0387f3c2d4d00fa478dd0c7f420c878	2450	4	46481.3	5.144	46481.3	5.0844	1989	25.302	unclassified	chr1	98630	100610	0	1978	+	1983	1975	1966	3	5	9	15	0.99447	0.995443	0.991427	0
PBG63936_97c56afe_ea890032_51.pod5	3be9180b-ee3e-4911-a536-87c154dd74ee	ea890032c0387f3c2d4d00fa478dd0c7f420c878	2450	4	46475.6	5.6084	46475.7	5.484	1987	31.9253	unclassified	chr1	98630	100610	7	1987	-	1983	1977	1970	3	3	7	3	0.996477	0.996459	0.993444	0
PBG63936_97c56afe_ea890032_142.pod5	22efbdb5-dbf7-45fa-9c8c-dc39f904627e	ea890032c0387f3c2d4d00fa478dd0c7f420c878	2151	2	253537	7.3916	253537	7.2924	3004	26.7276	unclassified	chr1	98880	101876	0	3004	-	3012	2988	2973	16	8	15	7	1	0.99498	0.987052	0
PBG63936_97c56afe_ea890032_106.pod5	c596b431-7ce6-4a26-9152-fa50a779e8a1	ea890032c0387f3c2d4d00fa478dd0c7f420c878	1420	3	125627	108.193	125627	108.191	32295	29.9652	unclassified	chr1	99101	126231	2	27092	+	27171	27049	26914	41	81	135	1	0.83883	0.995009	0.990541	0
PBG63936_97c56afe_ea890032_25.pod5	92b06689-aafe-4b4c-aa52-faaa5770177d	ea890032c0387f3c2d4d00fa478dd0c7f420c878	2358	4	19923.6	25.6772	19923.7	25.5972	10518	24.948	unclassified	chr1	100371	110878	0	10511	+	10533	10485	10425	26	22	60	8	0.999334	0.994278	0.989747	0
PBG63936_97c56afe_ea890032_15.pod5	c37cbae7-78d9-4cde-bfd7-b7f501f568ac	ea890032c0387f3c2d4d00fa478dd0c7f420c878	1251	3	12298.8	12.578	12298.9	12.4788	4295	28.1514	unclassified	chr1	100654	104928	2	4288	+	4287	4273	4247	13	1	26	1	0.997905	0.993915	0.990669	0
PBG63936_97c56afe_ea890032_80.pod5	e7eaad83-8ad6-4c5e-962f-f2a52bf24767	ea890032c0387f3c2d4d00fa478dd0c7f420c878	1818	2	89896.4	55.7828	89896.5	55.6716	25437	18.9708	unclassified	chr1	100722	113511	0	12823	+	12855	12757	12688	66	32	69	18	0.504108	0.994591	0.987009	0
PBG63936_97c56afe_ea890032_95.pod5	02671b0f-b5ba-4b8e-8fa6-b905d4931966	ea890032c0387f3c2d4d00fa478dd0c7f420c878	1643	4	107646	102.619	107646	102.476	38313	19.9821	unclassified	chr1	101335	126231	459	25324	-	24968	24793	24630	72	103	163	1	0.648996	0.993426	0.986463	0
PBG63936_97c56afe_ea890032_118.pod5	f8aecb22-550f-4981-9ece-40ab8e370fc2	ea890032c0387f3c2d4d00fa478dd0c7f420c878	979	2	164935	43.7984	164935	43.7964	16093	29.2101	unclassified	chr1	101939	117993	6	16062	-	16074	16036	15980	20	18	56	52	0.997701	0.996508	0.994152	0
PBG63936_97c56afe_ea890032_87.pod5	1d89b1b0-556e-43aa-9f2b-ef644275e61f	ea890032c0387f3c2d4d00fa478dd0c7f420c878	1379	1	96899.7	1.3144	96899.7	1.3124	502	21.2608	unclassified	chr1	103130	103611	21	502	+	482	480	475	1	1	5	0	0.958167	0.989583	0.985477	0
PBG63936_97c56afe_ea890032_35.pod5	0bd653ee-6e5d-4c2b-8555-3ba133fe75a8	ea890032c0387f3c2d4d00fa478dd0c7f420c878	1472	3	28956.6	74.588	28956.6	74.586	32346	17.9042	unclassified	chr1	103663	126231	33	22443	+	22628	22350	22184	60	218	166	1	0.692821	0.992573	0.980378	0
PBG63936_97c56afe_ea890032_76.pod5	a113f14e-508d-4694-9cfd-3702e5de0405	ea890032c0387f3c2d4d00fa478dd0c7f420c878	1560	2	78463.3	136.316	78463.3	136.314	57691	28.3578	unclassified	chr1	104383	158299	7	57669	-	57749	53829	53628	3833	87	201	10	0.999497	0.996266	0.928639	0
PBG63936_97c56afe_ea890032_15.pod5	644b1657-69c1-457d-8dfb-5f741ec55958	ea890032c0387f3c2d4d00fa478dd0c7f420c878	2196	4	12148.8	82.1024	12149	81.9744	32181	29.8989	unclassified	chr1	104482	136643	0	32175	+	32207	32129	32043	46	32	86	60	0.999814	0.997323	0.994908	0
PBG63936_97c56afe_ea890032_74.pod5	068c8af2-c459-4c00-abd1-5f48f48982bb	ea890032c0387f3c2d4d00fa478dd0c7f420c878	1594	4	83824.3	51.0226	83824.3	51.0206	19706	26.8876	unclassified	chr1	104568	123742	38	19225	+	19213	19148	19099	39	26	49	60	0.973663	0.997441	0.994067	0
PBG63936_97c56afe_ea890032_103.pod5	4f16c3b2-4fc4-41ee-8b8f-97d5f0e708c2	ea890032c0387f3c2d4d00fa478dd0c7f420c878	2103	3	120715	13.0676	120715	12.966	5232	29.2196	unclassified	chr1	104649	109877	0	5232	-	5234	5226	5194	6	2	32	24	1	0.993877	0.992358	0
PBG63936_97c56afe_ea890032_131.pod5	7b9cdc1d-385d-4982-a58a-1ad3bfb7a4ba	ea890032c0387f3c2d4d00fa478dd0c7f420c878	1017	1	211621	72.727	211621	72.725	28452	24.031	unclassified	chr1	104678	126183	6	21481	-	21562	21418	21299	57	87	119	1	0.75478	0.994444	0.987803	0
PBG63936_97c56afe_ea890032_58.pod5	58251d59-4b05-4ebd-b31c-a9c151caca4d	ea890032c0387f3c2d4d00fa478dd0c7f420c878	1011	2	58007.9	11.8424	58008	11.7264	4587	29.8374	unclassified	chr1	106402	110957	8	4587	-	4580	4554	4541	25	1	13	34	0.998256	0.997145	0.991485	0
PBG63936_97c56afe_ea890032_72.pod5	2f9a5257-975b-4d47-b405-bd7990465245	ea890032c0387f3c2d4d00fa478dd0c7f420c878	1194	4	82549.6	32.9648	82549.8	32.8308	13003	25.4523	unclassified	chr1	106415	119409	0	12996	+	13014	12976	12943	20	18	33	60	0.999462	0.997457	0.994544	0
PBG63936_97c56afe_ea890032_102.pod5	2602dc20-05a9-4300-b0e5-5c0bd6d1f5b9	ea890032c0387f3c2d4d00fa478dd0c7f420c878	29	4	118229	24.296	118229	24.1944	9000	24.855	unclassified	chr1	106723	115713	0	8995	+	9017	8968	8934	27	22	34	60	0.999444	0.996209	0.990795	0
PBG63936_97c56afe_ea890032_98.pod5	ea7e204f-efbc-40a7-a416-9f6d911a4885	ea890032c0387f3c2d4d00fa478dd0c7f420c878	1548	2	112435	10.2332	112435	10.1208	4625	27.6023	unclassified	chr1	106727	109589	1761	4618	+	2863	2856	2845	1	6	11	24	0.61773	0.996148	0.993713	0
PBG63936_97c56afe_ea890032_98.pod5	0ad32073-ae59-4e4f-b4bd-b01664dc7ce8	ea890032c0387f3c2d4d00fa478dd0c7f420c878	1548	2	112424	11.0648	112424	10.9416	4639	32.1344	unclassified	chr1	106727	109589	1766	4639	-	2873	2862	2854	11	0	8	26	0.619314	0.997205	0.993387	0
PBG63936_97c56afe_ea890032_102.pod5	51d8778b-7398-4760-9f40-c0466e5943f5	ea890032c0387f3c2d4d00fa478dd0c7f420c878	2051	1	119941	2.1512	119941	1.9716	956	24.9561	unclassified	chr1	107203	108148	0	944	+	947	942	937	2	3	5	0	0.987448	0.994692	0.98944	0
PBG63936_97c56afe_ea890032_12.pod5	f6f6e295-51e6-4e73-a7da-078b06d3d700	ea890032c0387f3c2d4d00fa478dd0c7f420c878	1740	4	9160.94	0.6464	9161.07	0.5172	201	21.4234	unclassified	chr1	107454	107646	0	192	+	192	192	190	0	0	2	0	0.955224	0.989583	0.989583	0
PBG63936_97c56afe_ea890032_107.pod5	7856e7b2-de03-434b-afc5-81c043d74198	ea890032c0387f3c2d4d00fa478dd0c7f420c878	348	2	129480	47.7296	129480	47.5044	18303	21.5893	unclassified	chr1	107636	125739	8	18303	-	18313	18085	18046	210	18	39	60	0.999563	0.997844	0.98542	0
PBG63936_97c56afe_ea890032_112.pod5	f5fda1fa-7eaa-4e1a-894e-193506749c67	ea890032c0387f3c2d4d00fa478dd0c7f420c878	463	3	142318	15.7304	142318	15.6192	5750	29.5348	unclassified	chr1	107729	113469	0	5743	+	5748	5735	5709	8	5	26	13	0.998783	0.995466	0.993215	0
PBG63936_97c56afe_ea890032_70.pod5	0f0e229c-5ccc-4264-9ed6-5028f34d6714	ea890032c0387f3c2d4d00fa478dd0c7f420c878	884	1	79909.5	4.6412	79909.6	4.5492	1155	24.4706	unclassified	chr1	108456	109608	0	1155	+	1156	1151	1144	4	1	7	26	1	0.993918	0.989619	0
PBG63936_97c56afe_ea890032_9.pod5	2f4750a9-e7ac-4be7-9136-6054451c7bfd	ea890032c0387f3c2d4d00fa478dd0c7f420c878	306	1	8084.34	7.2092	8084.47	7.08	2614	28.7013	unclassified	chr1	108656	111270	3	2614	-	2618	2607	2595	4	7	12	15	0.998852	0.995397	0.991215	0
PBG63936_97c56afe_ea890032_62.pod5	b6226028-c605-4eff-b68c-a6be6c210c2b	ea890032c0387f3c2d4d00fa478dd0c7f420c878	1051	1	66085.2	7.8152	66085.2	7.7448	4810	19.0647	unclassified	chr1	109547	114393	0	4803	+	4868	4781	4757	22	65	24	60	0.998545	0.99498	0.977198	0
PBG63936_97c56afe_ea890032_62.pod5	dee438c3-19c7-4e46-ad08-f97a00b66ff4	ea890032c0387f3c2d4d00fa478dd0c7f420c878	1051	1	66072.8	12.326	66072.9	12.2604	4855	31.5992	unclassified	chr1	109547	114393	7	4855	-	4850	4844	4840	4	2	4	60	0.998558	0.999174	0.997938	0
PBG63936_97c56afe_ea890032_64.pod5	8cbb8c55-78b3-4cc6-9153-c2c684fe0e0d	ea890032c0387f3c2d4d00fa478dd0c7f420c878	1640	4	71828	10.0976	71828.1	9.9936	4070	27.5777	unclassified	chr1	109765	113824	0	4063	+	4064	4058	4051	5	1	7	60	0.99828	0.998275	0.996801	0
PBG63936_97c56afe_ea890032_8.pod5	76e1bab4-1df6-4f24-8832-c51b917ee425	ea890032c0387f3c2d4d00fa478dd0c7f420c878	2220	1	6974.87	1.3028	6975.07	1.11	429	30.5085	unclassified	chr1	109919	110337	11	429	-	418	418	418	0	0	0	0	0.974359	1	1	0
PBG63936_97c56afe_ea890032_43.pod5	d26aed70-208f-437c-b2f0-c88cac69350f	ea890032c0387f3c2d4d00fa478dd0c7f420c878	1364	4	36382.3	40.8908	36382.4	40.794	16738	31.5965	unclassified	chr1	109923	126244	7	16300	-	16342	16272	16208	21	49	64	3	0.973414	0.996067	0.9918	0
PBG63936_97c56afe_ea890032_38.pod5	4bedeaf9-3075-421c-aa4a-5321ad8eb929	ea890032c0387f3c2d4d00fa478dd0c7f420c878	371	1	32112.2	4.8788	32112.3	4.7916	2319	30.177	unclassified	chr1	109970	112278	0	2312	+	2313	2307	2301	5	1	6	14	0.996981	0.997399	0.994812	0
PBG63936_97c56afe_ea890032_98.pod5	8b440525-a048-4038-b792-2d8206a3097c	ea890032c0387f3c2d4d00fa478dd0c7f420c878	2167	4	111607	19.4852	111607	19.338	7322	35.0611	unclassified	chr1	110027	117340	7	7322	-	7315	7313	7305	2	0	8	60	0.999044	0.998906	0.998633	0
PBG63936_97c56afe_ea890032_116.pod5	f1fdc542-c8c7-43b8-a126-f4d6eb261249	ea890032c0387f3c2d4d00fa478dd0c7f420c878	909	2	159861	4.3268	159861	4.1628	1796	27.0282	unclassified	chr1	110140	111222	713	1796	-	1083	1082	1080	1	0	2	13	0.603007	0.998152	0.99723	0
PBG63936_97c56afe_ea890032_42.pod5	e306d76a-77e8-4a5a-bb98-0bc6b5e606db	ea890032c0387f3c2d4d00fa478dd0c7f420c878	1713	1	35327.4	74.822	35327.5	74.7108	31500	22.4049	unclassified	chr1	110530	126231	5	15670	+	15722	15644	15576	21	57	68	1	0.497302	0.995653	0.990714	0
PBG63936_97c56afe_ea890032_104.pod5	89e49664-5a37-4c89-b580-16a99f770a3f	ea890032c0387f3c2d4d00fa478dd0c7f420c878	2015	1	122342	14.5628	122343	14.43	6118	32.6119	unclassified	chr1	111414	117518	12	6118	-	6109	6101	6095	5	3	6	60	0.998039	0.999017	0.997708	0
PBG63936_97c56afe_ea890032_123.pod5	dc642f2c-518e-426c-b1f5-063ecb0836ac	ea890032c0387f3c2d4d00fa478dd0c7f420c878	641	4	184442	88.6778	184442	88.6758	20425	15.7151	unclassified	chr1	111526	131632	6	20379	-	20573	19906	19678	467	200	228	60	0.997454	0.988546	0.956496	0
PBG63936_97c56afe_ea890032_22.pod5	3929eb89-c274-4899-a711-46454191cc59	ea890032c0387f3c2d4d00fa478dd0c7f420c878	262	1	17161.1	2.162	17161.3	2.0316	857	27.5906	unclassified	chr1	112324	113172	0	846	+	848	846	840	0	2	6	48	0.987165	0.992908	0.990566	0
PBG63936_97c56afe_ea890032_1.pod5	56638685-dbef-44d2-b71e-b54c7d08fec1	ea890032c0387f3c2d4d00fa478dd0c7f420c878	1962	4	1648.99	1.6064	1649.1	1.4916	588	30.8775	unclassified	chr1	113333	113910	11	588	-	577	577	577	0	0	0	60	0.981293	1	1	0
PBG63936_97c56afe_ea890032_68.pod5	0e5b241d-ffc2-432b-93cb-084973b67b76	ea890032c0387f3c2d4d00fa478dd0c7f420c878	2349	4	77556	4.058	77556.1	3.9408	1740	25.678	unclassified	chr1	114404	116137	5	1740	-	1738	1730	1720	5	3	10	58	0.997126	0.99422	0.989643	0
PBG63936_97c56afe_ea890032_68.pod5	79e91c50-b54b-4ea9-8813-3a4d7f0c880e	ea890032c0387f3c2d4d00fa478dd0c7f420c878	2349	4	77551.5	4.5152	77551.6	4.3848	1739	29.392	unclassified	chr1	114408	116137	0	1729	+	1730	1728	1724	1	1	4	53	0.99425	0.997685	0.996532	0
PBG63936_97c56afe_ea890032_79.pod5	ff23be38-bb9e-435f-b599-a8bf7462d0bf	ea890032c0387f3c2d4d00fa478dd0c7f420c878	1116	2	88752.5	12.466	88752.5	12.464	4908	20.8191	unclassified	chr1	114745	119623	28	4901	+	4892	4859	4835	14	19	24	60	0.992869	0.995061	0.988348	0
PBG63936_97c56afe_ea890032_1.pod5	1d791f99-0a2c-4600-832a-44db36dee05c	ea890032c0387f3c2d4d00fa478dd0c7f420c878	2163	4	1424.9	1.154	1424.99	1.0632	453	31.6006	unclassified	chr1	115070	115512	0	442	+	442	442	441	0	0	1	0	0.975717	0.997738	0.997738	0
PBG63936_97c56afe_ea890032_84.pod5	b0de9310-0611-4c9c-a3e3-db3771ba1704	ea890032c0387f3c2d4d00fa478dd0c7f420c878	1472	4	94966.7	58.6628	94966.8	58.5348	18480	31.7178	unclassified	chr1	115216	133688	7	18480	-	18488	18457	18413	16	15	44	60	0.999621	0.997616	0.995943	0
PBG63936_97c56afe_ea890032_73.pod5	64be8099-17f9-4b1b-bcc3-4bc6427c5e2a	ea890032c0387f3c2d4d00fa478dd0c7f420c878	1705	4	82858.5	0.5468	82858.6	0.4356	177	23.8984	unclassified	chr1	115249	115426	0	177	+	177	177	177	0	0	0	0	1	1	1	0
PBG63936_97c56afe_ea890032_80.pod5	5687526c-d8b3-421e-997c-8be40ee6ddc5	ea890032c0387f3c2d4d00fa478dd0c7f420c878	2023	1	89654.9	1.0604	89655.1	0.8892	394	34.4894	unclassified	chr1	115262	115656	0	394	-	394	394	392	0	0	2	0	1	0.994924	0.994924	0
PBG63936_97c56afe_ea890032_3.pod5	17790cb7-83fa-4017-ae0a-bb0046d4b9cb	ea890032c0387f3c2d4d00fa478dd0c7f420c878	1638	1	2740.28	59.0816	2740.39	58.9752	22634	26.2942	unclassified	chr1	115440	137946	0	22634	-	22686	22454	22357	180	52	97	60	1	0.99568	0.985498	0
PBG63936_97c56afe_ea890032_1.pod5	1bebd736-36a5-4df3-af90-1d06940bf93f	ea890032c0387f3c2d4d00fa478dd0c7f420c878	1979	1	1168.03	6.6092	1168.16	6.474	2699	35.1399	unclassified	chr1	115493	118193	0	2699	+	2700	2699	2697	0	1	2	44	1	0.999259	0.998889	0
PBG63936_97c56afe_ea890032_2.pod5	671333db-ac37-4a0d-a8ec-b2bfb330bb70	ea890032c0387f3c2d4d00fa478dd0c7f420c878	1313	1	2618.89	29.2522	2618.89	29.2502	12356	28.4132	unclassified	chr1	115603	127929	6	12330	-	12341	12309	12279	15	17	30	60	0.99741	0.997563	0.994976	0
PBG63936_97c56afe_ea890032_63.pod5	e9e88275-27f4-46bc-ac88-73a0759d9cac	ea890032c0387f3c2d4d00fa478dd0c7f420c878	457	2	68038	15.41	68038.1	15.2964	6541	19.5119	unclassified	chr1	116096	120496	2139	6541	-	4403	4399	4391	3	1	8	16	0.672986	0.998181	0.997275	0
PBG63936_97c56afe_ea890032_109.pod5	7c76ea00-1d83-46b7-9d19-7a8a12add4b6	ea890032c0387f3c2d4d00fa478dd0c7f420c878	2446	1	134259	24.6742	134259	24.6722	10180	28.3215	unclassified	chr1	116523	126670	7	10151	-	10153	10138	10118	6	9	20	60	0.996464	0.998027	0.996553	0
PBG63936_97c56afe_ea890032_24.pod5	462ec911-97c7-4dc3-80fa-881600635527	ea890032c0387f3c2d4d00fa478dd0c7f420c878	1292	4	18564.2	6.0858	18564.2	6.0838	2080	38.4391	unclassified	chr1	116698	118725	45	2073	+	2030	2025	2023	3	2	2	1	0.975	0.999012	0.996552	0
PBG63936_97c56afe_ea890032_24.pod5	65a6db63-132b-4271-b2c7-6031265536aa	ea890032c0387f3c2d4d00fa478dd0c7f420c878	1292	4	18570.3	5.3216	18570.4	5.1852	2033	20.5154	unclassified	chr1	116698	118725	5	2033	-	2036	2019	2013	9	8	6	1	0.997541	0.997028	0.988703	0
PBG63936_97c56afe_ea890032_71.pod5	d10d17e3-ab5e-4d6a-bc03-8baf3f85e5f7	ea890032c0387f3c2d4d00fa478dd0c7f420c878	1215	4	81458.7	14.7346	81458.7	14.7326	6515	29.2753	unclassified	chr1	116764	123241	2	6482	-	6489	6468	6459	12	9	9	51	0.994628	0.998609	0.995377	0
PBG63936_97c56afe_ea890032_31.pod5	27cde162-90e4-409f-a68f-487afc3f22bd	ea890032c0387f3c2d4d00fa478dd0c7f420c878	2436	2	24046.5	28.9904	24046.6	28.8936	9320	15.138	unclassified	chr1	117328	126212	0	9320	-	9337	8867	8840	453	17	27	54	1	0.996955	0.946771	0
PBG63936_97c56afe_ea890032_2.pod5	f91e2812-6a4a-4962-94a3-b0262003bfbc	ea890032c0387f3c2d4d00fa478dd0c7f420c878	1145	4	2219.52	6.2384	2219.68	6.0744	2557	24.3917	unclassified	chr1	117784	119195	1143	2557	-	1415	1410	1408	4	1	2	1	0.552992	0.998582	0.995053	0
PBG63936_97c56afe_ea890032_8.pod5	a837ab97-c96c-4425-9075-614c5f0c87a4	ea890032c0387f3c2d4d00fa478dd0c7f420c878	779	4	7119.11	9.9788	7119.24	9.8556	4044	31.5818	unclassified	chr1	117836	121868	0	4036	+	4038	4030	4020	6	2	10	50	0.998022	0.997519	0.995542	0
PBG63936_97c56afe_ea890032_84.pod5	678672fd-2400-4250-9348-ac7d8eaaf02d	ea890032c0387f3c2d4d00fa478dd0c7f420c878	2944	2	94737.9	40.2222	94737.9	40.2202	19152	23.7559	unclassified	chr1	118175	137221	45	19143	+	19178	18966	18888	132	80	78	60	0.99718	0.995887	0.984878	0
PBG63936_97c56afe_ea890032_3.pod5	ca3e770b-4bb3-4a17-bbb2-3c328566b63b	ea890032c0387f3c2d4d00fa478dd0c7f420c878	448	1	3114.12	23.2016	3114.23	23.1	9205	29.0211	unclassified	chr1	119005	128207	0	9194	+	9207	9189	9159	5	13	30	45	0.998805	0.996735	0.994787	0
PBG63936_97c56afe_ea890032_113.pod5	fd109ce4-3c35-4eca-bc21-6ffe81c0c277	ea890032c0387f3c2d4d00fa478dd0c7f420c878	2178	1	146738	49.106	146738	49.014	16110	30.931	unclassified	chr1	119373	135490	0	16108	+	16132	16093	16047	15	24	46	60	0.999876	0.997142	0.994731	0
PBG63936_97c56afe_ea890032_46.pod5	ec11a4c8-9061-410d-9237-2eaf0ed4fec4	ea890032c0387f3c2d4d00fa478dd0c7f420c878	2321	3	40416.6	8.282	40416.7	8.1936	3249	26.7748	unclassified	chr1	119629	122868	7	3249	-	3244	3237	3225	5	2	12	9	0.997845	0.996293	0.994143	0
PBG63936_97c56afe_ea890032_26.pod5	5195b55b-a73c-4c94-9cc2-13ae07ded519	ea890032c0387f3c2d4d00fa478dd0c7f420c878	96	3	20209.4	2.018	20209.5	1.9356	792	29.62	unclassified	chr1	119774	120566	0	792	+	792	792	791	0	0	1	60	1	0.998737	0.998737	0
PBG63936_97c56afe_ea890032_68.pod5	b022e92e-245d-4343-b54d-8f3d21911665	ea890032c0387f3c2d4d00fa478dd0c7f420c878	1606	1	77589.5	4.451	77589.5	4.449	1133	9.6704	unclassified	chr1	119853	120947	35	1126	+	1126	1059	996	32	35	63	38	0.96293	0.94051	0.884547	0
PBG63936_97c56afe_ea890032_88.pod5	58ff3f60-6b46-4e97-9fba-fef8cf97ca86	ea890032c0387f3c2d4d00fa478dd0c7f420c878	1455	2	97975.6	8.7752	97975.7	8.6232	1824	32.9898	unclassified	chr1	120355	122179	0	1824	-	1825	1823	1818	1	1	5	6	1	0.997257	0.996164	0
PBG63936_97c56afe_ea890032_107.pod5	064e6431-daff-4bd6-9556-965b4260a3c0	ea890032c0387f3c2d4d00fa478dd0c7f420c878	619	1	128210	17.697	128210	17.695	7371	19.3244	unclassified	chr1	121559	125355	32	3817	+	3805	3776	3755	9	20	21	1	0.513499	0.994439	0.986859	0
PBG63936_97c56afe_ea890032_111.pod5	2126531a-62be-4e31-aa8f-afe7eb70afab	ea890032c0387f3c2d4d00fa478dd0c7f420c878	400	2	140975	6.2492	140976	6.0828	2256	27.8432	unclassified	chr1	121805	124066	0	2256	-	2261	2256	2250	0	5	6	1	1	0.99734	0.995135	0
PBG63936_97c56afe_ea890032_38.pod5	7ada4d07-439d-4cf8-a113-f72146cc38bf	ea890032c0387f3c2d4d00fa478dd0c7f420c878	35	3	31845.2	27.1364	31845.3	26.9928	11971	23.4306	unclassified	chr1	122111	134115	0	11968	+	12020	11952	11894	16	52	58	60	0.999749	0.995147	0.989517	0
PBG63936_97c56afe_ea890032_41.pod5	bfbda794-2cda-43ea-8e12-aecb82691e74	ea890032c0387f3c2d4d00fa478dd0c7f420c878	1516	3	34685.3	2.4512	34685.5	2.2464	808	24.498	unclassified	chr1	122709	123515	0	808	+	808	806	802	2	0	4	1	1	0.995037	0.992574	0
PBG63936_97c56afe_ea890032_51.pod5	38b56560-5e1f-42ea-aad6-83e2cb515546	ea890032c0387f3c2d4d00fa478dd0c7f420c878	99	3	46153.3	1.8254	46153.3	1.8234	740	32.9608	unclassified	chr1	122715	123454	0	737	+	739	737	736	0	2	1	19	0.995946	0.998643	0.99594	0
PBG63936_97c56afe_ea890032_38.pod5	da627409-0fbc-4541-8e27-0a74043a877b	ea890032c0387f3c2d4d00fa478dd0c7f420c878	35	3	31820.2	24.9248	31820.3	24.8208	11217	25.4203	unclassified	chr1	122880	134112	0	11217	-	11255	11194	11149	23	38	45	60	1	0.99598	0.990582	0
PBG63936_97c56afe_ea890032_13.pod5	449d2a4b-d69d-49be-8dea-a135d10016c0	ea890032c0387f3c2d4d00fa478dd0c7f420c878	2584	2	10378	4.9496	10378.1	4.788	1910	28.6628	unclassified	chr1	122901	124802	9	1910	-	1904	1898	1896	3	3	2	60	0.995288	0.998946	0.995798	0
PBG63936_97c56afe_ea890032_98.pod5	a5048de0-418d-47ae-b256-3ca75d59590d	ea890032c0387f3c2d4d00fa478dd0c7f420c878	401	4	111210	1.526	111210	1.4088	693	13.3987	unclassified	chr1	122918	123621	0	683	+	707	679	667	4	24	12	1	0.98557	0.982327	0.943423	0
PBG63936_97c56afe_ea890032_2.pod5	06bc9a42-c37f-41a6-b965-4bf24fe7f659	ea890032c0387f3c2d4d00fa478dd0c7f420c878	2280	4	1934.47	2.6576	1934.58	2.544	903	31.7939	unclassified	chr1	122983	123881	0	896	+	898	896	896	0	2	0	19	0.992248	1	0.997773	0
PBG63936_97c56afe_ea890032_121.pod5	b18b8038-97df-427e-b2a5-410677e66414	ea890032c0387f3c2d4d00fa478dd0c7f420c878	176	4	176052	6.2552	176053	6.1152	2353	35.3158	unclassified	chr1	124620	126980	0	2353	-	2361	2352	2347	1	8	5	34	1	0.997874	0.99407	0
PBG63936_97c56afe_ea890032_28.pod5	d0d898a6-fa69-472a-a0c8-05659f36caa9	ea890032c0387f3c2d4d00fa478dd0c7f420c878	465	1	22170.1	13.8248	22170.2	13.7088	5303	35.7478	unclassified	chr1	124640	129944	0	5303	-	5306	5301	5284	2	3	17	40	1	0.996793	0.995854	0
PBG63936_97c56afe_ea890032_112.pod5	6ec9295f-f0e8-4040-aab5-b2d4ffe7a91a	ea890032c0387f3c2d4d00fa478dd0c7f420c878	1777	3	145748	0.7016	145748	0.5724	236	25.3264	unclassified	chr1	124819	125053	0	234	+	234	234	234	0	0	0	46	0.991525	1	1	0
PBG63936_97c56afe_ea890032_17.pod5	34753f17-68cc-4012-b32e-5b092dc6861f	ea890032c0387f3c2d4d00fa478dd0c7f420c878	2772	4	13509.1	10.3904	13509.2	10.2888	5061	25.0573	unclassified	chr1	124961	130008	9	5061	-	5064	5035	5012	17	12	23	42	0.998222	0.995432	0.989731	0
PBG63936_97c56afe_ea890032_4.pod5	05003f3a-0acc-44f0-ac1d-9dcf172dc913	ea890032c0387f3c2d4d00fa478dd0c7f420c878	2428	2	3754.09	5.6612	3754.22	5.538	1917	26.4439	unclassified	chr1	125310	126307	923	1917	-	998	993	991	1	4	2	6	0.518519	0.997986	0.992986	0
PBG63936_97c56afe_ea890032_7.pod5	eaf8c325-f69f-4129-90ce-b72958aebbd5	ea890032c0387f3c2d4d00fa478dd0c7f420c878	2567	2	6308.06	7.373	6308.06	7.371	2594	29.16	unclassified	chr1	125393	127753	200	2561	-	2361	2360	2355	1	0	5	52	0.910177	0.997881	0.997459	0
PBG63936_97c56afe_ea890032_99.pod5	959f735a-1d4c-492c-933d-0a6ba362162b	ea890032c0387f3c2d4d00fa478dd0c7f420c878	462	4	113952	20.1354	113952	20.1334	7973	11.7998	unclassified	chr1	125439	133467	7	7931	-	8191	7761	7463	163	267	298	28	0.993854	0.961603	0.911122	0
PBG63936_97c56afe_ea890032_59.pod5	3364ae23-1c4f-4fa7-b2af-9ee5dc8684eb	ea890032c0387f3c2d4d00fa478dd0c7f420c878	1966	3	60407.4	3.8492	60407.5	3.7128	1483	26.5282	unclassified	chr1	126180	127656	6	1482	-	1476	1476	1470	0	0	6	5	0.99528	0.995935	0.995935	0
PBG63936_97c56afe_ea890032_70.pod5	e88c1bcc-5297-4ca0-8243-9b1b79bc6724	ea890032c0387f3c2d4d00fa478dd0c7f420c878	2976	4	79605.1	2.594	79605.2	2.4972	1051	22.7773	unclassified	chr1	126636	127693	6	1051	-	1058	1044	1042	1	13	2	56	0.994291	0.998084	0.984877	0
PBG63936_97c56afe_ea890032_18.pod5	a553fe15-f34f-4d1f-ab85-9cca575d1f5b	ea890032c0387f3c2d4d00fa478dd0c7f420c878	2213	1	13981	17.0444	13981.2	16.8972	6969	30.0645	unclassified	chr1	126880	133846	0	6962	+	6971	6957	6933	5	9	24	59	0.998996	0.99655	0.994549	0
PBG63936_97c56afe_ea890032_27.pod5	e27253d2-ace8-4734-b69b-5c096cf1703f	ea890032c0387f3c2d4d00fa478dd0c7f420c878	725	1	21317.4	1.0508	21317.5	0.93	349	26.1252	unclassified	chr1	126974	127312	11	349	-	338	338	338	0	0	0	0	0.968481	1	1	0
PBG63936_97c56afe_ea890032_84.pod5	68b88a0a-bac4-4e72-8576-b80f45807d09	ea890032c0387f3c2d4d00fa478dd0c7f420c878	2944	2	94655.4	45.0454	94655.4	45.0434	11056	14.6339	unclassified	chr1	127132	137221	290	11028	-	10761	10066	10010	672	23	56	60	0.971237	0.994437	0.930211	0
PBG63936_97c56afe_ea890032_81.pod5	bc1fe6e9-166f-473f-ac87-257c003837d1	ea890032c0387f3c2d4d00fa478dd0c7f420c878	2469	3	91063.4	14.63	91064.1	13.95	4938	26.5485	unclassified	chr1	127265	132199	0	4932	+	4942	4924	4903	8	10	21	31	0.998785	0.995735	0.992108	0
PBG63936_97c56afe_ea890032_84.pod5	c840388f-c5ae-4ed2-a4bd-6106cea5511f	ea890032c0387f3c2d4d00fa478dd0c7f420c878	454	1	95093.2	1.0616	95093.3	0.9456	385	26.1499	unclassified	chr1	127388	127763	10	385	-	375	375	374	0	0	1	15	0.974026	0.997333	0.997333	0
PBG63936_97c56afe_ea890032_78.pod5	93c2bec3-7106-499f-b310-d28c182cec13	ea890032c0387f3c2d4d00fa478dd0c7f420c878	2763	4	87507.3	2.1032	87507.4	2.0124	955	21.055	unclassified	chr1	127425	128371	0	942	+	947	941	934	1	5	7	26	0.986387	0.992561	0.986272	0
PBG63936_97c56afe_ea890032_35.pod5	bb6e339d-e4d9-4dc8-8262-5451f36d7fda	ea890032c0387f3c2d4d00fa478dd0c7f420c878	472	1	28444	11.6734	28444	11.6714	5032	28.7065	unclassified	chr1	127516	132523	36	5032	+	5009	4994	4973	2	13	21	35	0.992846	0.995795	0.992813	0
PBG63936_97c56afe_ea890032_20.pod5	d9f53f56-127b-4634-a148-c0e57ac1b8dc	ea890032c0387f3c2d4d00fa478dd0c7f420c878	1096	3	15693.6	15.4418	15693.6	15.4398	6500	26.0503	unclassified	chr1	127858	134351	33	6500	+	6507	6453	6429	14	40	24	49	0.994923	0.996281	0.988013	0
PBG63936_97c56afe_ea890032_5.pod5	d07ed8c0-25a5-42db-aeb3-7c1b653de8b6	ea890032c0387f3c2d4d00fa478dd0c7f420c878	1024	4	4459.15	3.9176	4459.27	3.7992	1733	27.4123	unclassified	chr1	128623	130357	6	1733	-	1734	1727	1720	0	7	7	15	0.996538	0.995947	0.991926	0
PBG63936_97c56afe_ea890032_5.pod5	3d929832-e1ff-4270-9466-fccfe72c50d6	ea890032c0387f3c2d4d00fa478dd0c7f420c878	1024	4	4454.82	4.292	4454.92	4.1928	1738	36.431	unclassified	chr1	128624	130357	0	1731	+	1734	1730	1724	1	3	6	21	0.995972	0.996532	0.994233	0
PBG63936_97c56afe_ea890032_99.pod5	453736e9-8fcb-4c0a-a5ff-1bcb95ac3f28	ea890032c0387f3c2d4d00fa478dd0c7f420c878	124	3	114269	27.4004	114269	27.2988	11108	29.0179	unclassified	chr1	129368	140123	7	11108	-	11113	10743	10711	358	12	32	60	0.99937	0.997021	0.963826	0
PBG63936_97c56afe_ea890032_137.pod5	411c1dba-5a4e-4291-8da8-5ad7fc4947bd	ea890032c0387f3c2d4d00fa478dd0c7f420c878	2312	3	235361	9.5624	235362	9.4296	4039	25.6606	unclassified	chr1	129817	133851	7	4039	-	4036	4030	4013	2	4	17	44	0.998267	0.995782	0.994301	0
PBG63936_97c56afe_ea890032_85.pod5	c8c78dc7-14d5-40d1-a46a-6e79f3100e7e	ea890032c0387f3c2d4d00fa478dd0c7f420c878	1067	3	95710.6	7.1516	95710.7	7.0308	2934	24.5914	unclassified	chr1	129999	132941	0	2928	+	2945	2925	2915	3	17	10	27	0.997955	0.996581	0.989813	0
PBG63936_97c56afe_ea890032_85.pod5	5717a6e2-e4d2-4245-9c13-2569c0c8b91b	ea890032c0387f3c2d4d00fa478dd0c7f420c878	1067	3	95717.8	6.4712	95717.9	6.3792	2947	23.2556	unclassified	chr1	129999	132941	9	2947	-	2944	2936	2923	2	6	13	28	0.996946	0.995572	0.992867	0
PBG63936_97c56afe_ea890032_94.pod5	536d3c2e-96e5-4080-a90a-927867aa2e66	ea890032c0387f3c2d4d00fa478dd0c7f420c878	539	2	107191	2.6242	107191	2.6222	984	19.2733	unclassified	chr1	131096	132042	34	978	+	947	943	934	1	3	9	34	0.95935	0.990456	0.986272	0
PBG63936_97c56afe_ea890032_94.pod5	c30e219e-0de0-42b4-871f-db23f43d82c9	ea890032c0387f3c2d4d00fa478dd0c7f420c878	539	2	107194	2.3696	107194	2.2332	952	23.981	unclassified	chr1	131101	132040	14	952	-	939	938	934	0	1	4	32	0.985294	0.995736	0.994675	0
PBG63936_97c56afe_ea890032_7.pod5	a78817bc-9711-4e84-908c-1326cccbb5e6	ea890032c0387f3c2d4d00fa478dd0c7f420c878	1313	3	6350.15	20.0684	6350.32	19.8948	7984	26.1485	unclassified	chr1	131308	139169	0	7984	+	8016	7829	7775	155	32	54	60	1	0.993103	0.969935	0
PBG63936_97c56afe_ea890032_35.pod5	0b53db87-4eb4-4574-ac0c-e3d8a5982b52	ea890032c0387f3c2d4d00fa478dd0c7f420c878	157	1	28302.2	12.1508	28302.4	11.958	4728	28.7912	unclassified	chr1	131478	136187	7	4728	-	4724	4706	4688	15	3	18	60	0.998519	0.996175	0.992379	0
PBG63936_97c56afe_ea890032_107.pod5	72d62d3d-8044-4880-9177-d89a119dd600	ea890032c0387f3c2d4d00fa478dd0c7f420c878	2971	2	128163	14.4668	128163	14.3364	5461	27.6966	unclassified	chr1	132030	137286	7	5356	-	5360	5245	5209	104	11	36	60	0.979491	0.993136	0.971828	0
PBG63936_97c56afe_ea890032_1.pod5	ce81c6c1-f9f3-43e7-9ad9-09a04ae0a916	ea890032c0387f3c2d4d00fa478dd0c7f420c878	547	3	1799.69	0.6688	1799.69	0.6668	224	17.5782	unclassified	chr1	132739	132928	0	189	-	189	189	189	0	0	0	0	0.84375	1	1	0
PBG63936_97c56afe_ea890032_66.pod5	7c4cedac-de84-45c9-9c1a-7faa0beb26ef	ea890032c0387f3c2d4d00fa478dd0c7f420c878	2220	1	76261.8	4.0712	76262	3.9336	596	16.1723	unclassified	chr1	133487	134065	12	596	-	584	578	578	6	0	0	32	0.979866	1	0.989726	0
PBG63936_97c56afe_ea890032_109.pod5	bc8a3172-bc99-46b4-84c1-f5005360478e	ea890032c0387f3c2d4d00fa478dd0c7f420c878	1366	4	135366	0.4988	135366	0.378	169	12.152	unclassified	chr1	133718	133879	0	154	+	162	153	151	1	8	2	0	0.911243	0.986928	0.932099	0
PBG63936_97c56afe_ea890032_55.pod5	42543d38-b00c-4786-ba7c-f1329f35cfce	ea890032c0387f3c2d4d00fa478dd0c7f420c878	829	4	53528.8	9.098	53528.9	8.982	3377	29.5185	unclassified	chr1	134515	137544	0	3370	+	3373	3026	3012	344	3	14	60	0.997927	0.995373	0.892974	0
PBG63936_97c56afe_ea890032_51.pod5	d2f95f62-b19f-4897-9d7f-5b5b3630df79	ea890032c0387f3c2d4d00fa478dd0c7f420c878	109	3	46121.8	0.6652	46121.8	0.6632	290	20.1906	unclassified	chr1	136751	137014	27	290	-	263	263	261	0	0	2	32	0.906897	0.992395	0.992395	0
PBG63936_97c56afe_ea890032_48.pod5	92a9f0a5-33d7-42e9-acac-19a9d9ea7cdb	ea890032c0387f3c2d4d00fa478dd0c7f420c878	2713	1	43073.2	1.143	43073.2	1.141	369	24.8926	unclassified	chr1	136764	137086	36	357	+	322	321	310	0	1	11	1	0.869919	0.965732	0.962733	0
PBG63936_97c56afe_ea890032_43.pod5	5ecb0fd4-77af-43e6-a126-6fd6f7f11fd8	ea890032c0387f3c2d4d00fa478dd0c7f420c878	448	3	36648.5	1.1264	36648.5	1.0296	444	19.5434	unclassified	chr1	137356	137796	0	440	+	440	440	438	0	0	2	11	0.990991	0.995455	0.995455	0
PBG63936_97c56afe_ea890032_8.pod5	5664329f-16fb-45d9-9243-22e1ba962b57	ea890032c0387f3c2d4d00fa478dd0c7f420c878	2177	3	6840.72	3.0692	6840.83	2.9652	1336	27.4402	unclassified	chr1	137384	138721	5	1336	-	1338	1330	1327	1	7	3	60	0.996257	0.997744	0.991779	0
PBG63936_97c56afe_ea890032_31.pod5	b132508c-be54-42c1-98ca-901735ad22c7	ea890032c0387f3c2d4d00fa478dd0c7f420c878	2651	1	24839.1	5.5856	24839.2	5.4696	1981	40.9082	unclassified	chr1	137761	139736	0	1975	+	1975	1975	1973	0	0	2	60	0.996971	0.998987	0.998987	0
PBG63936_97c56afe_ea890032_100.pod5	d031327e-6c82-46cc-801b-3b2398f7ee51	ea890032c0387f3c2d4d00fa478dd0c7f420c878	2903	4	115797	1.5208	115797	1.5188	578	26.8561	unclassified	chr1	138555	139119	11	575	+	564	564	564	0	0	0	60	0.975779	1	1	0
PBG63936_97c56afe_ea890032_90.pod5	21f6cfec-e7df-46ca-92d5-2266159e7fa5	ea890032c0387f3c2d4d00fa478dd0c7f420c878	712	3	100984	1.7328	100984	1.7308	767	16.4168	unclassified	chr1	138567	139293	8	730	-	731	717	713	5	9	4	60	0.94133	0.994421	0.975376	0
PBG63936_97c56afe_ea890032_24.pod5	894b9988-9327-4c46-98e6-1239cdccd13b	ea890032c0387f3c2d4d00fa478dd0c7f420c878	2177	1	18435.6	2.516	18435.8	2.388	910	37.5859	unclassified	chr1	139143	140045	0	902	+	902	902	899	0	0	3	60	0.991209	0.996674	0.996674	0
PBG63936_97c56afe_ea890032_7.pod5	45121aa0-b598-4941-be56-f0e471cad061	ea890032c0387f3c2d4d00fa478dd0c7f420c878	1313	3	6370.22	0.7454	6370.22	0.7434	250	24.9965	unclassified	chr1	139178	139416	0	238	+	238	238	238	0	0	0	13	0.952	1	1	0
PBG63936_97c56afe_ea890032_35.pod5	494fd450-8e52-44ec-964d-7f0b3ff6f71e	ea890032c0387f3c2d4d00fa478dd0c7f420c878	1195	1	28945.1	1.5802	28945.1	1.5782	674	21.0579	unclassified	chr1	140324	140965	34	673	+	641	639	635	0	2	4	0	0.948071	0.99374	0.99064	0
PBG63936_97c56afe_ea890032_17.pod5	16fdf45c-c091-4f3c-9066-e1f4728ef054	ea890032c0387f3c2d4d00fa478dd0c7f420c878	1092	2	13773.1	1.1176	13773.1	1.1156	336	29.8552	unclassified	chr1	140629	140963	0	334	+	334	334	334	0	0	0	0	0.994048	1	1	0
PBG63936_97c56afe_ea890032_75.pod5	7bb631b0-cfa1-48d2-a951-699ba6484949	ea890032c0387f3c2d4d00fa478dd0c7f420c878	167	1	85269.3	3.8984	85269.5	3.7272	1294	17.5373	unclassified	chr1	141491	142786	0	1294	-	1299	1290	1269	4	5	21	0	1	0.983721	0.976905	0
PBG63936_97c56afe_ea890032_99.pod5	170fa7ae-6f4d-4781-8886-dec40ebdc52d	ea890032c0387f3c2d4d00fa478dd0c7f420c878	2430	4	113071	3.5444	113071	3.3972	1209	30.0546	unclassified	chr1	142641	143843	0	1203	+	1203	1202	1202	1	0	0	0	0.995037	1	0.999169	0
PBG63936_97c56afe_ea890032_35.pod5	226e70fd-9a33-4028-a00e-5961d7076ba6	ea890032c0387f3c2d4d00fa478dd0c7f420c878	1195	1	28952.4	2.331	28952.4	2.329	1021	24.6736	unclassified	chr1	143646	144658	0	1019	+	1019	1012	1011	7	0	1	3	0.998041	0.999012	0.992149	0
PBG63936_97c56afe_ea890032_1.pod5	f9f1b067-6f5a-4b72-ab70-b2e84d31b923	ea890032c0387f3c2d4d00fa478dd0c7f420c878	1791	1	1447.15	0.9488	1447.29	0.8112	312	24.0802	unclassified	chr1	144188	144497	0	309	+	309	309	309	0	0	0	0	0.990385	1	1	0
PBG63936_97c56afe_ea890032_75.pod5	117b4689-03e1-4a3a-8a03-145c5d0baa51	ea890032c0387f3c2d4d00fa478dd0c7f420c878	331	4	85500.9	6.236	85501	6.1152	2980	20.7181	unclassified	chr1	144445	146414	0	1969	+	1971	1967	1960	2	2	7	11	0.660738	0.996441	0.994419	0
PBG63936_97c56afe_ea890032_22.pod5	a299cb59-3e94-4fa4-8196-35c71cdbc663	ea890032c0387f3c2d4d00fa478dd0c7f420c878	2392	1	16682.7	4.8776	16683	4.5744	1169	17.8715	unclassified	chr1	144513	145476	0	961	+	963	961	961	0	2	0	13	0.82207	1	0.997923	0
PBG63936_97c56afe_ea890032_94.pod5	90c063e5-467b-43b7-8470-3e73205316b5	ea890032c0387f3c2d4d00fa478dd0c7f420c878	133	4	106680	4.3514	106680	4.3494	1762	24.2036	unclassified	chr1	145780	147513	31	1755	+	1733	1724	1723	0	9	1	0	0.978434	0.99942	0.99423	0
PBG63936_97c56afe_ea890032_51.pod5	9df1678f-3d80-46c6-83f3-18105e488bbd	ea890032c0387f3c2d4d00fa478dd0c7f420c878	573	4	46120.5	0.4916	46120.6	0.3564	127	21.5885	unclassified	chr1	148685	148808	0	123	+	123	123	123	0	0	0	0	0.968504	1	1	0
PBG63936_97c56afe_ea890032_115.pod5	4066feff-af17-443c-a87a-12c19564cfa4	ea890032c0387f3c2d4d00fa478dd0c7f420c878	327	3	155844	0.5096	155844	0.3576	141	19.3971	unclassified	chr1	150103	150244	0	141	-	141	141	141	0	0	0	0	1	1	1	0
PBG63936_97c56afe_ea890032_125.pod5	6ca474dc-97eb-4255-849f-a03f5484c932	ea890032c0387f3c2d4d00fa478dd0c7f420c878	148	3	191516	3.128	191516	3.0156	1240	22.849	unclassified	chr1	150105	151345	0	1240	+	1240	1240	1235	0	0	5	3	1	0.995968	0.995968	0
PBG63936_97c56afe_ea890032_85.pod5	7dadb248-37bd-46b0-936c-c7debf447e10	ea890032c0387f3c2d4d00fa478dd0c7f420c878	1301	2	96282.2	0.7388	96282.4	0.5412	251	31.6489	unclassified	chr1	152239	152489	1	251	-	250	250	250	0	0	0	0	0.996016	1	1	0
PBG63936_97c56afe_ea890032_51.pod5	be93ff57-d95d-44af-b91d-2f673e52c267	ea890032c0387f3c2d4d00fa478dd0c7f420c878	1153	1	45999.1	0.2678	45999.1	0.2658	82	35.9744	unclassified	chr1	153797	153876	0	79	+	79	79	79	0	0	0	0	0.963415	1	1	0
PBG63936_97c56afe_ea890032_4.pod5	a265352a-f173-4968-9aac-dce54791714c	ea890032c0387f3c2d4d00fa478dd0c7f420c878	1008	1	3849.5	3.22	3849.5	3.218	1892	22.0967	unclassified	chr1	154559	156432	22	1892	+	1877	1866	1857	4	7	9	0	0.988372	0.995177	0.989345	0
PBG63936_97c56afe_ea890032_62.pod5	b89a1fb2-bcab-4d56-b2c5-75e98e9491d7	ea890032c0387f3c2d4d00fa478dd0c7f420c878	693	3	65014.1	0.9128	65014.2	0.8124	384	29.4419	unclassified	chr1	155632	156007	0	374	+	375	374	374	0	1	0	0	0.973958	1	0.997333	0
PBG63936_97c56afe_ea890032_62.pod5	74d494e2-e66a-4ecb-892d-4c8142a651a7	ea890032c0387f3c2d4d00fa478dd0c7f420c878	693	3	65012.9	1.0652	65013.1	0.9132	386	28.2849	unclassified	chr1	155632	156007	11	386	-	376	374	374	1	1	0	0	0.971503	1	0.994681	0
PBG63936_97c56afe_ea890032_48.pod5	6b63874e-c166-45ac-bfa7-2e9df9a7d9d6	ea890032c0387f3c2d4d00fa478dd0c7f420c878	2122	4	43904.9	60.2984	43905	60.2136	24169	30.7664	unclassified	chr1	155727	179890	7	24169	-	24222	24103	24070	59	60	33	1	0.99971	0.998631	0.993725	0
PBG63936_97c56afe_ea890032_125.pod5	0b8530b5-2e65-4a91-ae40-5a3658d3d7f5	ea890032c0387f3c2d4d00fa478dd0c7f420c878	2915	1	192564	1.6004	192565	1.4532	588	33.6245	unclassified	chr1	155965	156543	10	588	-	578	578	578	0	0	0	0	0.982993	1	1	0
PBG63936_97c56afe_ea890032_44.pod5	5d6d3724-f100-44a5-a3ed-b25ce44f5b85	ea890032c0387f3c2d4d00fa478dd0c7f420c878	2470	2	38429.4	4.1936	38429.5	4.0692	1512	31.755	unclassified	chr1	156280	157785	3	1512	+	1510	1504	1501	5	1	3	15	0.998016	0.998005	0.99404	0
PBG63936_97c56afe_ea890032_40.pod5	57fff8ad-4972-415f-b6c7-2d2769d0e41a	ea890032c0387f3c2d4d00fa478dd0c7f420c878	2182	1	6719.83	752.812	6719.97	752.666	151459	14.3356	unclassified	chr1	156749	169401	138826	151459	-	12662	12623	12602	10	29	21	1	0.0834087	0.998336	0.995261	0
PBG63936_97c56afe_ea890032_24.pod5	ff8b998f-4abf-4105-b990-955a01b6866c	ea890032c0387f3c2d4d00fa478dd0c7f420c878	1379	4	18320.8	4.5704	18320.9	4.4736	1882	41.212	unclassified	chr1	157949	159833	0	1882	-	1884	1882	1882	0	2	0	5	1	1	0.998938	0
PBG63936_97c56afe_ea890032_9.pod5	4dd26738-93b4-4118-88a8-30d728f13e0a	ea890032c0387f3c2d4d00fa478dd0c7f420c878	97	2	8194.9	2.1836	8195.02	2.058	693	24.1988	unclassified	chr1	158345	159033	11	693	-	688	682	681	0	6	1	13	0.984127	0.998534	0.989826	0
PBG63936_97c56afe_ea890032_88.pod5	de48de89-fd42-4e3c-bbb3-1e0ee6885936	ea890032c0387f3c2d4d00fa478dd0c7f420c878	1285	1	99003.3	11.6948	99003.4	11.5812	4951	32.3036	unclassified	chr1	163560	168492	7	4951	-	4962	4914	4908	30	18	6	0	0.998586	0.998779	0.989117	0
PBG63936_97c56afe_ea890032_18.pod5	ddeaafae-aada-4fc2-aadf-46d1e5b7397d	ea890032c0387f3c2d4d00fa478dd0c7f420c878	205	3	14515.1	5.4156	14515.1	5.4136	1909	29.6193	unclassified	chr1	166075	167923	6	1879	-	1873	1848	1847	25	0	1	8	0.981142	0.999459	0.986119	0
PBG63936_97c56afe_ea890032_63.pod5	d234ab57-898c-4d21-96ae-32d7c11fafe5	ea890032c0387f3c2d4d00fa478dd0c7f420c878	2972	1	69890.1	2.359	69890.1	2.357	954	18.3446	unclassified	chr1	166097	167008	47	954	+	911	907	902	0	4	5	0	0.950734	0.994487	0.990121	0
PBG63936_97c56afe_ea890032_61.pod5	df3a14af-5dad-49c1-8eeb-f8854897f726	ea890032c0387f3c2d4d00fa478dd0c7f420c878	1202	2	62328.9	3.543	62328.9	3.541	1484	10.3843	unclassified	chr1	166271	167539	0	1447	-	1480	1235	1167	212	33	68	1	0.975067	0.944939	0.788514	0
PBG63936_97c56afe_ea890032_91.pod5	08d58231-74f5-47ec-b2a6-cfc8e0f0c495	ea890032c0387f3c2d4d00fa478dd0c7f420c878	1533	4	102368	5.1656	102368	5.0064	2237	31.2078	unclassified	chr1	166881	169111	9	2237	-	2230	2228	2223	0	2	5	0	0.995977	0.997756	0.996861	0
PBG63936_97c56afe_ea890032_7.pod5	04073ac0-374f-4a16-bedb-1f05f2edd006	ea890032c0387f3c2d4d00fa478dd0c7f420c878	313	2	6105.44	3.056	6105.58	2.9184	1298	26.8428	unclassified	chr1	167598	168896	0	1298	+	1298	1298	1297	0	0	1	14	1	0.99923	0.99923	0
PBG63936_97c56afe_ea890032_47.pod5	ffaea625-6999-497b-9513-25b876afba17	ea890032c0387f3c2d4d00fa478dd0c7f420c878	2231	3	42212.3	1.4864	42212.3	1.4844	585	20.7665	unclassified	chr1	168395	168944	24	574	+	550	549	546	1	0	3	0	0.940171	0.994536	0.992727	0
PBG63936_97c56afe_ea890032_56.pod5	bb9c5443-93ec-4be4-b2c1-be51b3e1d8cb	ea890032c0387f3c2d4d00fa478dd0c7f420c878	2313	4	54334.3	1.9712	54334.4	1.8312	896	19.4414	unclassified	chr1	169197	169646	447	896	-	449	449	449	0	0	0	0	0.501116	1	1	0
PBG63936_97c56afe_ea890032_15.pod5	3eb2eeba-7b14-47e3-a9b4-478bd3351cbe	ea890032c0387f3c2d4d00fa478dd0c7f420c878	389	3	11768.5	0.464	11768.5	0.462	214	24.1212	unclassified	chr1	170694	170907	0	213	+	214	212	212	1	1	0	0	0.995327	1	0.990654	0
PBG63936_97c56afe_ea890032_65.pod5	20b9f3b5-f298-4535-b567-0252e00fe1e4	ea890032c0387f3c2d4d00fa478dd0c7f420c878	892	4	74796.4	0.6406	74796.4	0.6386	236	19.0257	unclassified	chr1	170912	171146	0	235	+	235	234	233	1	0	1	0	0.995763	0.995726	0.991489	0
PBG63936_97c56afe_ea890032_81.pod5	9602d7c4-8f78-497f-94fd-05c451df749b	ea890032c0387f3c2d4d00fa478dd0c7f420c878	2330	1	91378.4	10.6844	91378.6	10.5528	4362	26.5771	unclassified	chr1	170945	175314	1	4362	+	4371	4359	4351	2	10	8	1	0.999771	0.998165	0.995424	0
PBG63936_97c56afe_ea890032_84.pod5	96ad8c0e-94cb-44b1-a4d0-a6ab2cd47e53	ea890032c0387f3c2d4d00fa478dd0c7f420c878	2292	3	94468.2	14.4234	94468.2	14.4214	5061	33.8566	unclassified	chr1	171291	176325	27	5055	+	5037	5025	5015	3	9	10	1	0.99348	0.99801	0.995632	0
PBG63936_97c56afe_ea890032_52.pod5	3101e4c1-94c6-41b2-82d6-8d3a4479cf3a	ea890032c0387f3c2d4d00fa478dd0c7f420c878	2687	3	47711.4	14.5712	47711.6	14.412	5689	26.8963	unclassified	chr1	172215	177909	0	5682	+	5696	5680	5663	2	14	17	1	0.99877	0.997007	0.994206	0
PBG63936_97c56afe_ea890032_5.pod5	eda86368-b688-470c-893f-46ee3844aba7	ea890032c0387f3c2d4d00fa478dd0c7f420c878	1255	2	4690.24	3.0896	4690.34	2.9964	1345	20.8789	unclassified	chr1	174856	175880	0	1014	+	1025	1013	1006	1	11	7	1	0.753903	0.99309	0.981463	0
PBG63936_97c56afe_ea890032_41.pod5	939e5c29-78bb-4d21-bd7a-aae1c2262f59	ea890032c0387f3c2d4d00fa478dd0c7f420c878	228	2	33768.7	2.3336	33768.8	2.1792	769	29.7164	unclassified	chr1	175305	176062	0	757	+	757	757	754	0	0	3	0	0.984395	0.996037	0.996037	0
PBG63936_97c56afe_ea890032_79.pod5	48d40066-70b5-46a4-90bd-24bdf94fa422	ea890032c0387f3c2d4d00fa478dd0c7f420c878	1434	1	88925.9	18.7232	88925.9	18.7212	7639	11.2603	unclassified	chr1	175322	183364	35	7628	+	8244	7391	6876	202	651	515	60	0.993978	0.930321	0.834061	0
PBG63936_97c56afe_ea890032_122.pod5	013634d0-70fb-4d45-b944-6f02d6b5bc4b	ea890032c0387f3c2d4d00fa478dd0c7f420c878	1228	1	178338	24.872	178338	24.7344	9260	25.9631	unclassified	chr1	175594	180536	0	4914	+	4956	4900	4814	14	42	86	60	0.53067	0.982449	0.971348	0
PBG63936_97c56afe_ea890032_122.pod5	84a821eb-f3c8-40e2-86e2-f1920d7e1053	ea890032c0387f3c2d4d00fa478dd0c7f420c878	1228	1	178314	24.2744	178314	24.1704	9291	30.0453	unclassified	chr1	175594	180576	6	4917	-	4982	4911	4836	0	71	75	60	0.528576	0.984728	0.970694	0
PBG63936_97c56afe_ea890032_102.pod5	a91802f9-d4f1-474e-9e9a-6a1c32500ca5	ea890032c0387f3c2d4d00fa478dd0c7f420c878	2811	1	119157	0.7748	119157	0.6588	249	27.7881	unclassified	chr1	177414	177653	10	249	-	239	239	239	0	0	0	0	0.959839	1	1	0
PBG63936_97c56afe_ea890032_90.pod5	cb5b2197-3529-4511-b75b-ba745ad4831e	ea890032c0387f3c2d4d00fa478dd0c7f420c878	129	2	101430	2.695	101430	2.693	1412	17.411	unclassified	chr1	178700	180086	0	1377	-	1395	1368	1357	9	18	11	0	0.975212	0.991959	0.97276	0
PBG63936_97c56afe_ea890032_2.pod5	3b32801e-c43a-4371-a6c4-7b691bd7665a	ea890032c0387f3c2d4d00fa478dd0c7f420c878	2986	4	2465.41	1.9628	2465.53	1.8456	724	29.1178	unclassified	chr1	179246	179958	0	712	+	712	712	712	0	0	0	0	0.983425	1	1	0
PBG63936_97c56afe_ea890032_26.pod5	5bb5f95a-6a3e-4109-9a55-fd1e22207806	ea890032c0387f3c2d4d00fa478dd0c7f420c878	724	3	20545.9	27.2854	20545.9	27.2834	12875	25.3222	unclassified	chr1	180087	188456	3982	12875	+	8943	8319	8217	574	50	102	60	0.690718	0.987739	0.918819	0
PBG63936_97c56afe_ea890032_51.pod5	f33a57d2-aed0-4c87-93f4-c99d5ac1c8de	ea890032c0387f3c2d4d00fa478dd0c7f420c878	1646	2	46770.7	51.3926	46770.7	51.3906	22213	24.3701	unclassified	chr1	180087	199398	2377	22206	+	19907	19233	19010	596	78	223	1	0.892675	0.988405	0.95494	0
PBG63936_97c56afe_ea890032_61.pod5	3a0fcaf8-38b9-41dd-87ec-7bc377858efb	ea890032c0387f3c2d4d00fa478dd0c7f420c878	2632	3	64270.3	64.0206	64270.3	64.0186	27292	28.8649	unclassified	chr1	180087	203114	3686	27287	+	23678	22950	22714	651	77	236	1	0.864759	0.989717	0.959287	0
PBG63936_97c56afe_ea890032_63.pod5	37a7206d-13ec-4f08-88d9-6b70d8cbf77d	ea890032c0387f3c2d4d00fa478dd0c7f420c878	1358	4	68172.1	30.2254	68172.1	30.2234	13153	25.8365	unclassified	chr1	180087	189366	3355	13153	+	9847	9230	9130	568	49	100	51	0.744925	0.989166	0.927186	0
PBG63936_97c56afe_ea890032_36.pod5	331fdb05-7930-4d82-ab48-24755347ab5c	ea890032c0387f3c2d4d00fa478dd0c7f420c878	324	3	29781.7	63.902	29781.8	63.7908	23451	13.9724	unclassified	chr1	180087	200622	2557	23451	-	21000	20429	20354	465	106	75	60	0.890964	0.996329	0.969238	0
PBG63936_97c56afe_ea890032_73.pod5	3bc36638-d1e6-4741-a7f8-f56e320c70b1	ea890032c0387f3c2d4d00fa478dd0c7f420c878	2555	2	83405.4	18.152	83405.5	18.042	6213	24.4382	unclassified	chr1	180087	182156	3621	6213	-	2633	2028	1959	564	41	69	51	0.41719	0.965976	0.744018	0
PBG63936_97c56afe_ea890032_10.pod5	d5edfe7b-837d-43fd-a881-990ccdf35131	ea890032c0387f3c2d4d00fa478dd0c7f420c878	403	2	8651.79	5.8148	8651.79	5.8128	2771	24.6072	unclassified	chr1	180088	180998	1586	2505	+	954	875	816	44	35	59	5	0.331649	0.932571	0.855346	0
PBG63936_97c56afe_ea890032_20.pod5	111655d0-83d6-468b-9d14-bb1bdeb4e505	ea890032c0387f3c2d4d00fa478dd0c7f420c878	1012	1	16110.9	33.4608	16110.9	33.4588	14098	25.5584	unclassified	chr1	180088	190718	3283	14098	+	10866	10579	10439	236	51	140	40	0.76713	0.986766	0.960703	0
PBG63936_97c56afe_ea890032_24.pod5	afa48a1c-43ef-4c93-9763-672601d01583	ea890032c0387f3c2d4d00fa478dd0c7f420c878	484	3	19025.4	4.2832	19025.4	4.2812	1863	24.4876	unclassified	chr1	180088	181463	480	1840	+	1417	1318	1245	42	57	73	46	0.730005	0.944613	0.878617	0
PBG63936_97c56afe_ea890032_34.pod5	de8d81fe-5e05-4fcf-a10c-a538a77b9fa3	ea890032c0387f3c2d4d00fa478dd0c7f420c878	405	4	26967	33.7476	26967	33.7456	13979	23.1493	unclassified	chr1	180088	190047	3861	13974	+	10161	9911	9800	202	48	111	46	0.723442	0.9888	0.964472	0
PBG63936_97c56afe_ea890032_35.pod5	84059abd-fcf0-4f56-832d-94c6fd634c7c	ea890032c0387f3c2d4d00fa478dd0c7f420c878	2589	3	28954.7	9.3092	28954.8	9.234	4801	24.06	unclassified	chr1	180088	180998	3631	4513	+	920	872	811	10	38	61	1	0.183712	0.930046	0.881522	0
PBG63936_97c56afe_ea890032_45.pod5	fc7d6e48-0cb0-464d-807a-85bec6c4aed9	ea890032c0387f3c2d4d00fa478dd0c7f420c878	980	1	38792.5	63.212	38792.6	63.1044	26419	25.3823	unclassified	chr1	180088	203246	2831	26025	+	23304	23048	22766	146	110	282	1	0.877929	0.987765	0.976914	0
PBG63936_97c56afe_ea890032_45.pod5	a8be06bf-6371-4197-984e-7c34dbcb980e	ea890032c0387f3c2d4d00fa478dd0c7f420c878	451	1	38946.7	12.709	38946.7	12.707	5429	20.7018	unclassified	chr1	180088	182730	2730	5422	+	2752	2582	2499	110	60	83	48	0.495856	0.967854	0.908067	0
PBG63936_97c56afe_ea890032_47.pod5	e02ac46c-bd6c-4171-bc30-b09c60081f11	ea890032c0387f3c2d4d00fa478dd0c7f420c878	2761	4	42006.2	17.1846	42006.2	17.1826	7050	25.0773	unclassified	chr1	180088	184718	2285	7050	+	4815	4580	4519	185	50	61	60	0.675887	0.986681	0.938525	0
PBG63936_97c56afe_ea890032_51.pod5	eeae369a-e6b6-452a-a7ea-4cf2d19409b3	ea890032c0387f3c2d4d00fa478dd0c7f420c878	2586	4	47092.1	50.9864	47092.3	50.8248	20574	24.4435	unclassified	chr1	180088	197820	2799	20562	+	17850	17645	17432	118	87	213	1	0.863371	0.987929	0.976583	0
PBG63936_97c56afe_ea890032_61.pod5	14b98db0-ec72-480c-84f1-7fbd458cb142	ea890032c0387f3c2d4d00fa478dd0c7f420c878	2179	2	62118.6	8.4824	62118.7	8.316	3572	27.7957	unclassified	chr1	180088	182813	490	3572	+	3114	2693	2614	389	32	79	43	0.862822	0.970665	0.839435	0
PBG63936_97c56afe_ea890032_107.pod5	e87411ad-2fc2-43b1-a93e-e5c0a215f19e	ea890032c0387f3c2d4d00fa478dd0c7f420c878	2834	1	129541	7.8546	129541	7.8526	4150	25.8947	unclassified	chr1	180088	180932	3344	4150	+	846	804	745	2	40	59	10	0.194217	0.926617	0.880615	0
PBG63936_97c56afe_ea890032_73.pod5	b1d03234-2ecf-4f41-950b-ab82e6a4ce0f	ea890032c0387f3c2d4d00fa478dd0c7f420c878	2729	2	82905.4	17.5292	82905.4	17.5272	7262	7.04623	unclassified	chr1	180088	186205	1136	7170	+	6574	5577	4848	457	540	729	60	0.830901	0.869285	0.737451	0
PBG63936_97c56afe_ea890032_75.pod5	dcf09064-62d4-477b-880e-544e833d6665	ea890032c0387f3c2d4d00fa478dd0c7f420c878	713	1	85156.2	48.3718	85156.2	48.3698	20440	26.9946	unclassified	chr1	180088	198141	2323	20440	+	18177	17993	17779	124	60	214	1	0.88635	0.988106	0.978104	0
PBG63936_97c56afe_ea890032_82.pod5	85987067-5295-4d81-a82f-107936043e5b	ea890032c0387f3c2d4d00fa478dd0c7f420c878	1229	4	92881.9	45.6596	92882.1	45.4596	18526	26.1052	unclassified	chr1	180088	194417	4047	18523	+	14535	14270	14098	206	59	172	1	0.781388	0.987947	0.969935	0
PBG63936_97c56afe_ea890032_88.pod5	d33b2bb0-b114-4b18-a92e-49fdce8e8ad2	ea890032c0387f3c2d4d00fa478dd0c7f420c878	1329	3	98765.5	13.6906	98765.5	13.6886	4754	16.8208	unclassified	chr1	180088	180998	3769	4646	+	924	863	805	14	47	58	1	0.184476	0.932793	0.871212	0
PBG63936_97c56afe_ea890032_89.pod5	f922b575-f45e-4acd-92b1-df7b6dc22706	ea890032c0387f3c2d4d00fa478dd0c7f420c878	2279	2	99410.6	58.1468	99410.7	58.0188	28024	26.0271	unclassified	chr1	180088	204905	3092	28024	+	25013	24736	24657	196	81	79	60	0.889666	0.996806	0.985767	0
PBG63936_97c56afe_ea890032_99.pod5	5a9d99bb-5a33-4b87-940e-c90cf6378b78	ea890032c0387f3c2d4d00fa478dd0c7f420c878	427	4	113530	9.8114	113530	9.8094	5128	25.112	unclassified	chr1	180088	180997	4037	4945	+	942	875	803	33	34	72	6	0.177067	0.917714	0.852442	0
PBG63936_97c56afe_ea890032_117.pod5	43bbf53d-57b5-4241-8ab5-c1f7ceb9c9e6	ea890032c0387f3c2d4d00fa478dd0c7f420c878	1335	3	161797	6.3848	161797	6.3828	1251	10.4414	unclassified	chr1	180088	181137	79	1229	+	1173	1026	958	124	23	68	1	0.919265	0.933723	0.816709	0
PBG63936_97c56afe_ea890032_119.pod5	539e13d0-1fbe-4864-a5b4-f55219842aa8	ea890032c0387f3c2d4d00fa478dd0c7f420c878	2975	1	169105	20.8688	169105	20.628	8753	23.1422	unclassified	chr1	180088	184653	3830	8753	+	4952	4536	4445	387	29	91	60	0.562436	0.979938	0.897617	0
PBG63936_97c56afe_ea890032_16.pod5	e1382971-06a9-46bf-add7-fab5397d6cf5	ea890032c0387f3c2d4d00fa478dd0c7f420c878	2358	1	12717.8	52.9304	12718	52.7904	20494	26.5206	unclassified	chr1	180088	195907	4363	20494	-	16186	15764	15475	367	55	289	1	0.787108	0.981667	0.956073	0
PBG63936_97c56afe_ea890032_20.pod5	a290acc7-5227-44a6-b57b-ed0fed19b101	ea890032c0387f3c2d4d00fa478dd0c7f420c878	2972	4	15522.7	50.6864	15522.8	50.5536	15190	25.2772	unclassified	chr1	180088	190857	4271	15190	-	10967	10721	10603	198	48	118	32	0.718828	0.988994	0.96681	0
PBG63936_97c56afe_ea890032_44.pod5	4332fa40-a41e-4c3f-9e6d-faa7771e1bb6	ea890032c0387f3c2d4d00fa478dd0c7f420c878	2846	3	37614.1	37.8092	37614.3	37.65	13571	24.5171	unclassified	chr1	180088	188981	4528	13571	-	9088	8848	8744	195	45	104	47	0.666347	0.988246	0.962148	0
PBG63936_97c56afe_ea890032_56.pod5	0a6bd6c2-2f98-4057-853b-2c75280b62d8	ea890032c0387f3c2d4d00fa478dd0c7f420c878	948	2	54115.5	34.58	54115.7	34.4004	13485	26.6418	unclassified	chr1	180088	191229	2273	13485	-	11262	11091	10984	121	50	107	30	0.831442	0.990353	0.975315	0
PBG63936_97c56afe_ea890032_103.pod5	321546bc-7d03-4b20-a6dc-0e20610ce107	ea890032c0387f3c2d4d00fa478dd0c7f420c878	1010	1	121870	68.708	121870	68.6328	27721	22.9721	unclassified	chr1	180088	203906	3892	27721	-	23984	23663	23371	166	155	292	1	0.859601	0.98766	0.974441	0
PBG63936_97c56afe_ea890032_111.pod5	b139ccc3-0e8c-419c-8d4b-cf400ff0a628	ea890032c0387f3c2d4d00fa478dd0c7f420c878	341	2	138988	15.4184	138988	15.2856	5612	22.9797	unclassified	chr1	180088	182590	2976	5612	-	2674	2464	2405	172	38	59	60	0.469708	0.976055	0.899402	0
PBG63936_97c56afe_ea890032_64.pod5	35ad386f-edc9-4a2c-8321-dba51e7b1ccd	ea890032c0387f3c2d4d00fa478dd0c7f420c878	513	3	71553.6	18.2418	71553.6	18.2398	6684	24.5297	unclassified	chr1	180088	184362	2279	6684	-	4446	4233	4174	172	41	59	60	0.659037	0.986062	0.938821	0
PBG63936_97c56afe_ea890032_80.pod5	2d74ae35-b948-4f40-9e53-218671cb784e	ea890032c0387f3c2d4d00fa478dd0c7f420c878	948	3	89682.2	8.414	89682.3	8.2884	2268	20.6412	unclassified	chr1	180088	181653	520	2268	-	1798	1515	1436	233	50	79	20	0.770723	0.947855	0.798665	0
PBG63936_97c56afe_ea890032_92.pod5	344d91af-9946-43a3-a47c-b96dce7b94cb	ea890032c0387f3c2d4d00fa478dd0c7f420c878	523	3	104520	73.8344	104521	73.716	29725	26.4682	unclassified	chr1	180088	206944	2744	29725	-	27058	26779	26687	202	77	92	60	0.907687	0.996564	0.986289	0
PBG63936_97c56afe_ea890032_118.pod5	1d5e4f01-ecff-4ff8-b19c-db08b9a29945	ea890032c0387f3c2d4d00fa478dd0c7f420c878	803	4	164234	22.8536	164234	22.8516	8380	14.3957	unclassified	chr1	180088	184599	3717	8340	-	4692	4442	4354	181	69	88	60	0.551671	0.980189	0.927962	0
PBG63936_97c56afe_ea890032_119.pod5	3356c06c-6bed-4ce1-98ab-7d57927fdb1f	ea890032c0387f3c2d4d00fa478dd0c7f420c878	2827	1	168935	15.3332	168935	15.2196	3325	15.5032	unclassified	chr1	180088	180998	2442	3315	-	918	865	807	8	45	58	1	0.262556	0.932948	0.879085	0
PBG63936_97c56afe_ea890032_26.pod5	4aeb1424-3ee0-4b14-9910-a34b13f2934f	ea890032c0387f3c2d4d00fa478dd0c7f420c878	2359	1	20165.6	111.29	20165.6	111.288	34548	29.6416	unclassified	chr1	180089	204557	5864	30908	+	25131	24381	23949	663	87	432	2	0.724904	0.982281	0.952966	0
PBG63936_97c56afe_ea890032_28.pod5	9d6801d7-314f-4dd6-a211-2e3ce25248c7	ea890032c0387f3c2d4d00fa478dd0c7f420c878	1264	4	22551.4	43.3608	22551.4	43.3588	18326	22.5134	unclassified	chr1	180089	190959	6881	18323	+	11512	10800	10548	642	70	252	1	0.624359	0.976667	0.916261	0
PBG63936_97c56afe_ea890032_39.pod5	47f6a10a-9e0e-42b6-bebf-a1373f5af9bb	ea890032c0387f3c2d4d00fa478dd0c7f420c878	2134	2	32823.9	53.7288	32823.9	53.7268	25326	23.7536	unclassified	chr1	180089	192757	12085	25319	+	13298	12604	12350	630	64	254	1	0.522546	0.979848	0.928711	0
PBG63936_97c56afe_ea890032_62.pod5	d1ed530b-f5f4-40fc-abc9-6750c094ed8d	ea890032c0387f3c2d4d00fa478dd0c7f420c878	2039	1	64606.8	20.5036	64606.8	20.5016	9283	22.9498	unclassified	chr1	180089	185485	3411	9283	+	5923	5345	5252	527	51	93	60	0.632554	0.982601	0.886713	0
PBG63936_97c56afe_ea890032_7.pod5	d8cb596d-7b30-4a67-8777-56ef2e6d2554	ea890032c0387f3c2d4d00fa478dd0c7f420c878	2393	3	6176.32	62.2712	6176.41	62.1828	27783	20.2877	unclassified	chr1	180089	200194	6802	27443	+	20761	19985	19581	656	120	404	2	0.742936	0.979785	0.943163	0
PBG63936_97c56afe_ea890032_69.pod5	81fe5dd6-a924-4d2c-8191-4639bfdade6c	ea890032c0387f3c2d4d00fa478dd0c7f420c878	2412	3	79193.4	12.4766	79193.4	12.4746	6009	23.0328	unclassified	chr1	180089	181752	3863	6003	+	2183	1620	1540	520	43	80	47	0.356132	0.950617	0.705451	0
PBG63936_97c56afe_ea890032_117.pod5	421fc16d-a885-43b1-91bf-68587ca538e3	ea890032c0387f3c2d4d00fa478dd0c7f420c878	2973	3	163477	46.0748	163477	45.9444	17212	18.7541	unclassified	chr1	180089	194622	2287	17205	+	15103	14348	14083	570	185	265	1	0.866721	0.981531	0.932464	0
PBG63936_97c56afe_ea890032_7.pod5	4df96e43-bf9a-4e81-8dcf-fdd2ae8a3ce7	ea890032c0387f3c2d4d00fa478dd0c7f420c878	885	4	6073.01	24.8708	6073.12	24.7572	8915	11.732	unclassified	chr1	180089	185688	2834	8915	-	6134	5546	5447	535	53	99	60	0.682109	0.982149	0.888001	0
PBG63936_97c56afe_ea890032_100.pod5	8fa9638d-639e-455a-b85e-f11afc6a3c76	ea890032c0387f3c2d4d00fa478dd0c7f420c878	2615	1	115855	81.0544	115855	81.0524	33216	21.5199	unclassified	chr1	180089	200811	11935	33191	-	21410	20568	20124	688	154	444	3	0.639933	0.978413	0.939935	0
PBG63936_97c56afe_ea890032_103.pod5	82a6c946-552a-4e6f-9982-03f87cf7dceb	ea890032c0387f3c2d4d00fa478dd0c7f420c878	1658	4	122172	45.3116	122172	45.1452	12999	24.226	unclassified	chr1	180089	189259	3363	12999	-	9700	9106	8989	530	64	117	47	0.741288	0.987151	0.926701	0
PBG63936_97c56afe_ea890032_107.pod5	db432baf-6ae3-421c-a2b2-747480e4efb0	ea890032c0387f3c2d4d00fa478dd0c7f420c878	1557	4	128492	76.748	128492	76.5864	29097	26.6191	unclassified	chr1	180089	204557	3151	28177	-	25129	24365	23922	661	103	443	1	0.860089	0.981818	0.951968	0
PBG63936_97c56afe_ea890032_112.pod5	cf5b5df5-b683-4000-b87a-348a330216c7	ea890032c0387f3c2d4d00fa478dd0c7f420c878	681	2	145435	87.9632	145435	87.852	28697	15.2333	unclassified	chr1	180118	202698	5574	28697	-	23249	22454	22025	669	126	429	4	0.805764	0.980894	0.947353	0
PBG63936_97c56afe_ea890032_49.pod5	31b3b9dd-07c9-4071-bdf9-58322a60363e	ea890032c0387f3c2d4d00fa478dd0c7f420c878	1003	2	44546	18.8578	44546	18.8558	10082	23.3997	unclassified	chr1	180175	180998	8933	9757	+	853	794	739	30	29	55	60	0.0817298	0.93073	0.866354	0
PBG63936_97c56afe_ea890032_1.pod5	f3bc21af-488c-4b73-8b9b-e6762d0316d4	ea890032c0387f3c2d4d00fa478dd0c7f420c878	1063	1	1158.21	2.3492	1158.22	2.3472	1213	24.2801	unclassified	chr1	180409	180998	0	585	+	610	564	534	21	25	30	29	0.482275	0.946809	0.87541	0
PBG63936_97c56afe_ea890032_35.pod5	0ffcfe84-2004-4da1-aadd-b6a995f31bdb	ea890032c0387f3c2d4d00fa478dd0c7f420c878	45	4	28093.5	20.0612	28093.7	19.944	9153	22.842	unclassified	chr1	180411	184106	5307	9146	+	3887	3647	3586	192	48	61	60	0.419425	0.983274	0.922562	0
PBG63936_97c56afe_ea890032_126.pod5	286c8aee-698e-4e72-9d8a-77b0cd6e1f29	ea890032c0387f3c2d4d00fa478dd0c7f420c878	2372	4	194062	23.9278	194062	23.9258	12005	25.4878	unclassified	chr1	180411	182202	10065	12005	+	1975	1756	1717	184	35	39	60	0.161599	0.97779	0.869367	0
PBG63936_97c56afe_ea890032_35.pod5	215766af-0f6f-4f15-8de5-48beb0b5f1ee	ea890032c0387f3c2d4d00fa478dd0c7f420c878	45	4	28067.7	25.7972	28067.9	25.674	9175	24.3935	unclassified	chr1	180411	184106	5325	9175	-	3881	3664	3619	186	31	45	60	0.419619	0.987718	0.932492	0
PBG63936_97c56afe_ea890032_77.pod5	51d0e036-f81b-4490-a8fa-554a47aad034	ea890032c0387f3c2d4d00fa478dd0c7f420c878	2323	1	86307.4	58.8284	86307.4	58.8264	19678	15.3379	unclassified	chr1	180411	192982	6095	19652	-	13613	12515	12392	1042	56	123	1	0.688942	0.990172	0.910306	0
PBG63936_97c56afe_ea890032_93.pod5	ffc308bd-2634-4c39-99c1-01dc7bdf5f27	ea890032c0387f3c2d4d00fa478dd0c7f420c878	2725	1	104978	49.7588	104978	49.6536	18377	23.4687	unclassified	chr1	180411	187925	10693	18377	-	7713	7485	7414	199	29	71	60	0.418131	0.990514	0.961234	0
PBG63936_97c56afe_ea890032_126.pod5	0b382bd7-46cb-46a0-9a62-13ad5d72e3b5	ea890032c0387f3c2d4d00fa478dd0c7f420c878	2372	4	194001	61.2284	194001	61.074	23102	24.1665	unclassified	chr1	180411	193323	10048	23102	-	13105	12861	12748	193	51	113	1	0.565059	0.991214	0.972758	0
PBG63936_97c56afe_ea890032_34.pod5	8f7e7301-06ec-4eaa-b1fe-54ea9716cd74	ea890032c0387f3c2d4d00fa478dd0c7f420c878	456	4	27014.1	1.0104	27014.1	1.0084	352	22.4551	unclassified	chr1	180523	180869	0	350	-	359	337	317	13	9	20	1	0.994318	0.940653	0.883008	0
PBG63936_97c56afe_ea890032_106.pod5	7c98d4bd-f9f4-4553-bb14-061f57c77603	ea890032c0387f3c2d4d00fa478dd0c7f420c878	381	4	126266	16.5872	126266	16.5072	8046	24.4436	unclassified	chr1	180540	182813	5427	8046	+	2640	2252	2216	367	21	36	60	0.325503	0.984014	0.839394	0
PBG63936_97c56afe_ea890032_107.pod5	f970c9b5-6399-41a0-938b-48bf822c3f92	ea890032c0387f3c2d4d00fa478dd0c7f420c878	622	1	127692	18.7306	127692	18.7286	8369	24.7418	unclassified	chr1	180540	182991	5556	8359	+	2814	2440	2401	363	11	39	60	0.334927	0.984016	0.853234	0
PBG63936_97c56afe_ea890032_66.pod5	498d451c-31f2-4cf1-bc85-c80055a2f71e	ea890032c0387f3c2d4d00fa478dd0c7f420c878	36	1	75392.4	27.0176	75392.4	27.0156	12140	24.5706	unclassified	chr1	180540	184341	7993	12140	+	4164	3784	3745	363	17	39	60	0.341598	0.989693	0.899376	0
PBG63936_97c56afe_ea890032_67.pod5	d2c5137c-7ac7-44f4-bf45-837b39f563c2	ea890032c0387f3c2d4d00fa478dd0c7f420c878	2295	2	77026.5	19.3304	77026.5	19.2408	9456	24.1398	unclassified	chr1	180540	183825	5827	9456	+	3642	3272	3238	357	13	34	60	0.383777	0.989609	0.889072	0
PBG63936_97c56afe_ea890032_124.pod5	927ebb22-152b-4f03-9f41-b7f85fb34f72	ea890032c0387f3c2d4d00fa478dd0c7f420c878	1722	1	188214	23.4164	188214	23.31	10654	25.3785	unclassified	chr1	180540	185525	5322	10654	+	5344	4973	4934	359	12	39	60	0.500469	0.992158	0.923278	0
PBG63936_97c56afe_ea890032_132.pod5	4b1bf379-9a3f-42b5-87b7-d1fb4e273c57	ea890032c0387f3c2d4d00fa478dd0c7f420c878	2707	4	214864	48.5804	214864	48.5784	22698	18.8548	unclassified	chr1	180540	187366	15522	22698	+	7205	6797	6738	379	29	59	60	0.316151	0.99132	0.935184	0
PBG63936_97c56afe_ea890032_135.pod5	384527b6-9908-4e7f-b471-2c6d81d55f8f	ea890032c0387f3c2d4d00fa478dd0c7f420c878	968	4	226044	80.366	226044	80.2332	30712	21.5672	unclassified	chr1	180540	201002	9719	30712	+	21071	20384	20140	609	78	244	1	0.683544	0.98803	0.955816	0
PBG63936_97c56afe_ea890032_106.pod5	7fc3a708-7557-436c-af01-b48b74b397dd	ea890032c0387f3c2d4d00fa478dd0c7f420c878	885	2	126386	20.509	126386	20.507	6793	21.8027	unclassified	chr1	180540	180998	5818	6292	-	481	451	428	23	7	23	25	0.0697777	0.949002	0.889813	0
PBG63936_97c56afe_ea890032_107.pod5	f519e4d1-9ba8-448f-879c-4ecac0022b86	ea890032c0387f3c2d4d00fa478dd0c7f420c878	340	4	129262	51.5864	129262	51.4632	18845	23.9777	unclassified	chr1	180540	188336	10547	18845	-	8320	7774	7707	524	22	67	56	0.440329	0.991382	0.926322	0
PBG63936_97c56afe_ea890032_17.pod5	dc4bddc9-00e8-48a9-ab44-dd8105da8e01	ea890032c0387f3c2d4d00fa478dd0c7f420c878	706	1	13536.4	44.0218	13536.4	44.0198	25522	15.6546	unclassified	chr1	180553	196772	7248	25522	+	18758	15735	15185	2539	484	550	60	0.71601	0.965046	0.809521	0
PBG63936_97c56afe_ea890032_17.pod5	2396a1aa-ba17-456d-8a5d-391f1d779b17	ea890032c0387f3c2d4d00fa478dd0c7f420c878	706	1	13495.8	40.5036	13495.9	40.5016	16297	23.3885	unclassified	chr1	180553	189433	7293	16293	-	9305	8575	8358	425	305	217	60	0.552249	0.974694	0.898227	0
PBG63936_97c56afe_ea890032_80.pod5	96777003-5cbb-4297-ae17-281ef7e1c7b2	ea890032c0387f3c2d4d00fa478dd0c7f420c878	299	3	90092.5	33.1556	90092.5	33.1536	13942	27.0902	unclassified	chr1	180553	188359	5981	13904	-	8222	7507	7313	416	299	194	60	0.568283	0.974157	0.889443	0
PBG63936_97c56afe_ea890032_75.pod5	aca9a1fb-e56b-43a8-b81f-0db98d840d43	ea890032c0387f3c2d4d00fa478dd0c7f420c878	752	2	84842.8	61.8032	84842.9	61.6632	28027	17.6069	unclassified	chr1	180723	198053	10185	28027	+	18044	17128	16776	714	202	352	1	0.6366	0.979449	0.929727	0
PBG63936_97c56afe_ea890032_89.pod5	500dcc6d-0129-4809-89c4-85ab5f9d1aea	ea890032c0387f3c2d4d00fa478dd0c7f420c878	2137	1	99276.1	3.9406	99276.1	3.9386	1489	27.622	unclassified	chr1	180723	182088	12	1480	+	1486	1347	1318	121	18	29	15	0.985897	0.978471	0.886945	0
PBG63936_97c56afe_ea890032_70.pod5	609c7f8a-0b0b-458a-8ae0-d3a05a161a24	ea890032c0387f3c2d4d00fa478dd0c7f420c878	1426	2	80595	0.3824	80595.1	0.3024	173	28.1056	unclassified	chr1	180770	180949	0	173	+	180	172	169	1	7	3	1	1	0.982558	0.938889	0
PBG63936_97c56afe_ea890032_107.pod5	d9a89c86-339e-4e24-8176-a4e7ea117d84	ea890032c0387f3c2d4d00fa478dd0c7f420c878	340	4	129315	37.9134	129315	37.9114	18833	23.3513	unclassified	chr1	180956	188336	11291	18826	+	7563	7352	7308	183	28	44	32	0.400096	0.994015	0.966283	0
PBG63936_97c56afe_ea890032_52.pod5	41c4d0af-4342-4561-94e2-2609461c0e74	ea890032c0387f3c2d4d00fa478dd0c7f420c878	1712	1	48073.4	70.7708	48073.5	70.6356	26930	24.0004	unclassified	chr1	180956	200845	6894	26930	-	20058	19867	19841	169	22	26	60	0.744003	0.998691	0.989181	0
PBG63936_97c56afe_ea890032_99.pod5	2bb64466-6072-4447-a36a-cc3bc12eb4c3	ea890032c0387f3c2d4d00fa478dd0c7f420c878	427	4	113540	102.124	113540	102.008	26069	7.89302	unclassified	chr1	180956	192675	14282	26069	-	11822	11684	11598	103	35	86	1	0.452146	0.992639	0.981052	0
PBG63936_97c56afe_ea890032_26.pod5	fe1e0cc7-0fd2-446a-b1e6-84952a66f06a	ea890032c0387f3c2d4d00fa478dd0c7f420c878	900	1	20203.9	51.813	20203.9	51.811	20685	19.3609	unclassified	chr1	180993	192407	9075	20679	+	11649	11369	11268	235	45	101	7	0.560986	0.991116	0.967293	0
PBG63936_97c56afe_ea890032_89.pod5	75ce977b-5278-480b-a737-bd00f141d30b	ea890032c0387f3c2d4d00fa478dd0c7f420c878	851	3	99387	53.3012	99387.1	53.202	20730	23.1871	unclassified	chr1	180993	183721	17921	20723	+	2820	2710	2695	92	18	15	60	0.135166	0.994465	0.955674	0
PBG63936_97c56afe_ea890032_75.pod5	ea926e64-fde8-41ff-96c0-eacfb0cca915	ea890032c0387f3c2d4d00fa478dd0c7f420c878	2635	2	84954.3	47.5568	84954.4	47.4216	17425	26.477	unclassified	chr1	180993	193043	5289	17425	-	12149	12037	11954	99	13	83	1	0.696471	0.993105	0.983949	0
PBG63936_97c56afe_ea890032_100.pod5	761de7ac-2306-445c-ba91-d443b1be9708	ea890032c0387f3c2d4d00fa478dd0c7f420c878	531	2	114399	40.4512	114399	40.4492	16403	25.3929	unclassified	chr1	181146	196090	1467	16394	+	14992	14879	14656	48	65	223	1	0.910016	0.985012	0.977588	0
PBG63936_97c56afe_ea890032_100.pod5	95ac51df-a0e1-461d-b0da-9611977e0eab	ea890032c0387f3c2d4d00fa478dd0c7f420c878	1130	4	116251	75.2684	116251	75.2664	29071	15.2181	unclassified	chr1	181175	200516	6170	26362	+	20290	19243	18891	949	98	352	1	0.694575	0.981708	0.93105	0
PBG63936_97c56afe_ea890032_104.pod5	5f0e4b50-573a-425b-a790-38355e6b6e87	ea890032c0387f3c2d4d00fa478dd0c7f420c878	447	2	122364	77.5764	122364	77.5744	23982	10.5609	unclassified	chr1	181175	192912	12522	23934	-	12109	11040	10500	372	697	540	60	0.475857	0.951087	0.867124	0
PBG63936_97c56afe_ea890032_38.pod5	dec5a7aa-eb0c-4a48-81d0-3d8fc78a7f23	ea890032c0387f3c2d4d00fa478dd0c7f420c878	1043	2	31389.8	88.571	31389.8	88.569	31261	21.2572	unclassified	chr1	181418	207654	57	29311	-	29376	26114	25636	3140	122	478	1	0.935799	0.981696	0.872685	0
PBG63936_97c56afe_ea890032_38.pod5	ef7ef0d4-cdea-483e-9d40-54ea58226bc2	ea890032c0387f3c2d4d00fa478dd0c7f420c878	1043	2	31478.3	63.4352	31478.3	63.4332	27297	21.7963	unclassified	chr1	181563	205588	251	27297	+	27172	23899	23490	3147	126	409	26	0.990805	0.982886	0.864493	0
PBG63936_97c56afe_ea890032_27.pod5	e1366696-2dde-44f2-a7c6-2dff72d221ab	ea890032c0387f3c2d4d00fa478dd0c7f420c878	215	2	21576.2	17.9984	21576.3	17.8896	6571	21.7307	unclassified	chr1	181794	188380	9	6571	-	6592	6556	6509	6	30	47	58	0.99863	0.992831	0.987409	0
PBG63936_97c56afe_ea890032_89.pod5	14db2b5a-a60c-4c52-aa2e-d52fdc821d0d	ea890032c0387f3c2d4d00fa478dd0c7f420c878	1462	4	99575.5	7.028	99575.6	6.9276	2544	25.3264	unclassified	chr1	182510	185050	0	2537	+	2543	2534	2528	3	6	6	53	0.997248	0.997632	0.994101	0
PBG63936_97c56afe_ea890032_104.pod5	9584c287-479b-472c-b07d-d7a46c0bca79	ea890032c0387f3c2d4d00fa478dd0c7f420c878	693	3	124204	50.972	124204	50.8752	22564	26.4153	unclassified	chr1	182762	204557	0	21804	+	21858	21741	21410	63	54	331	46	0.966318	0.984775	0.979504	0
PBG63936_97c56afe_ea890032_104.pod5	27496911-aa13-4ce5-9c78-6175634bea10	ea890032c0387f3c2d4d00fa478dd0c7f420c878	693	3	124146	58.2872	124146	58.1448	22532	29.2977	unclassified	chr1	182762	204557	4	21783	-	21846	21728	21416	51	67	312	50	0.966581	0.985641	0.980317	0
PBG63936_97c56afe_ea890032_56.pod5	c1d60ab1-d8b1-4359-b1d3-7a133b4b76f2	ea890032c0387f3c2d4d00fa478dd0c7f420c878	688	1	55247.4	8.3048	55247.5	8.1984	3419	24.8503	unclassified	chr1	182782	186202	3	3419	-	3424	3412	3407	4	8	5	60	0.999123	0.998535	0.995035	0
PBG63936_97c56afe_ea890032_95.pod5	a6c11b1a-1280-4061-a423-424a8cbe01b9	ea890032c0387f3c2d4d00fa478dd0c7f420c878	672	3	108093	8.247	108093	8.245	3568	25.9743	unclassified	chr1	183009	186544	6	3543	-	3544	3528	3517	9	7	11	60	0.991312	0.996882	0.992382	0
PBG63936_97c56afe_ea890032_15.pod5	db3963bc-a337-4620-bb05-486b1371a324	ea890032c0387f3c2d4d00fa478dd0c7f420c878	793	2	11792	2.01	11792.1	1.8744	733	32.272	unclassified	chr1	183035	183761	6	733	-	727	726	725	1	0	1	60	0.991814	0.998623	0.997249	0
PBG63936_97c56afe_ea890032_62.pod5	5a201501-26a4-41c9-a3ee-a19a49c86005	ea890032c0387f3c2d4d00fa478dd0c7f420c878	1007	3	65471.3	52.5596	65471.5	52.4232	20432	26.6629	unclassified	chr1	183189	203626	7	20432	-	20483	20379	20135	46	58	244	25	0.999657	0.988027	0.98301	0
PBG63936_97c56afe_ea890032_57.pod5	28d20765-b0cd-48d5-b725-999dcadb393f	ea890032c0387f3c2d4d00fa478dd0c7f420c878	2051	4	56643.5	2.4572	56643.7	2.334	1022	28.5012	unclassified	chr1	183412	184423	0	1015	+	1015	1011	1010	4	0	1	60	0.993151	0.999011	0.995074	0
PBG63936_97c56afe_ea890032_5.pod5	4126c65e-f56f-44d3-93d7-4f11ace93cc5	ea890032c0387f3c2d4d00fa478dd0c7f420c878	836	1	4942.49	15.2768	4942.63	15.1368	5837	23.6368	unclassified	chr1	183483	189311	9	5837	-	5844	5812	5773	16	16	39	26	0.998458	0.99329	0.987851	0
PBG63936_97c56afe_ea890032_8.pod5	eae30b0c-075c-40d9-8d9c-4887e0db7783	ea890032c0387f3c2d4d00fa478dd0c7f420c878	805	4	7060.67	10.9232	7060.79	10.8024	4434	28.058	unclassified	chr1	183525	187963	0	4434	+	4440	4432	4410	2	6	22	55	1	0.995036	0.993243	0
PBG63936_97c56afe_ea890032_17.pod5	aec7ddc6-72da-4ec2-be9a-f332d6e39dc7	ea890032c0387f3c2d4d00fa478dd0c7f420c878	2912	4	13356.7	1.3856	13356.8	1.2972	637	26.6687	unclassified	chr1	183811	184433	13	636	-	623	622	622	1	0	0	60	0.978022	1	0.998395	0
PBG63936_97c56afe_ea890032_98.pod5	31ce6426-aa92-40c0-958d-2f5f659ea6fe	ea890032c0387f3c2d4d00fa478dd0c7f420c878	1666	3	112235	3.1376	112235	3.0192	1125	22.3152	unclassified	chr1	183856	184978	3	1125	+	1123	1121	1118	1	1	3	60	0.997333	0.997324	0.995548	0
PBG63936_97c56afe_ea890032_41.pod5	0dca630f-277d-43ff-8699-7313862d8d67	ea890032c0387f3c2d4d00fa478dd0c7f420c878	1089	4	34777.7	8.4162	34777.7	8.4142	2153	12.9637	unclassified	chr1	183870	186017	3	2151	-	2201	2094	2038	54	53	56	40	0.997678	0.973257	0.925943	0
PBG63936_97c56afe_ea890032_39.pod5	352f1215-ceab-4384-8614-c0ddf45f9d5c	ea890032c0387f3c2d4d00fa478dd0c7f420c878	1958	2	32468.1	23.9048	32468.3	23.7696	6817	22.9106	unclassified	chr1	184016	190813	0	6807	+	6841	6763	6651	44	34	112	31	0.998533	0.983439	0.972226	0
PBG63936_97c56afe_ea890032_130.pod5	7c412e9d-9040-48dd-a6e0-2fb79d99f13e	ea890032c0387f3c2d4d00fa478dd0c7f420c878	2475	1	208309	6.578	208309	6.4812	2543	23.7639	unclassified	chr1	184080	186620	7	2543	-	2542	2534	2518	2	6	16	60	0.997247	0.993686	0.990559	0
PBG63936_97c56afe_ea890032_0.pod5	441c87d2-661e-45f6-99c4-36da11f2f56c	ea890032c0387f3c2d4d00fa478dd0c7f420c878	1460	1	377.054	1.8452	377.141	1.758	511	26.3783	unclassified	chr1	184357	184860	9	511	-	503	502	501	0	1	1	37	0.982387	0.998008	0.996024	0
PBG63936_97c56afe_ea890032_64.pod5	a1a7c9e8-ae7c-4c44-8f4e-ed609d5299ab	ea890032c0387f3c2d4d00fa478dd0c7f420c878	513	3	71553.1	0.5378	71553.1	0.5358	180	30.2864	unclassified	chr1	184364	184544	0	180	-	180	180	180	0	0	0	15	1	1	1	0
PBG63936_97c56afe_ea890032_45.pod5	38c3ba1c-7e04-48c5-83d1-1d24a28f9f30	ea890032c0387f3c2d4d00fa478dd0c7f420c878	949	4	39331.3	5.8664	39331.5	5.6664	1284	23.0457	unclassified	chr1	184373	185650	0	1280	+	1282	1275	1269	5	2	6	37	0.996885	0.995294	0.98986	0
PBG63936_97c56afe_ea890032_64.pod5	e4adb449-05bf-49c4-8856-3174d1e3dd84	ea890032c0387f3c2d4d00fa478dd0c7f420c878	513	3	71549.4	3.7246	71549.4	3.7226	1456	22.3816	unclassified	chr1	184549	186020	0	1456	-	1473	1454	1451	2	17	3	60	1	0.997937	0.985065	0
PBG63936_97c56afe_ea890032_30.pod5	867410c7-accc-4959-8e2d-e9cbc26e59ae	ea890032c0387f3c2d4d00fa478dd0c7f420c878	1374	2	23121.8	0.3964	23121.8	0.3944	179	24.7837	unclassified	chr1	185325	185499	2	178	-	176	174	174	2	0	0	0	0.98324	1	0.988636	0
PBG63936_97c56afe_ea890032_48.pod5	2173cc4f-1fa1-4a58-80cf-2e8b17f06e86	ea890032c0387f3c2d4d00fa478dd0c7f420c878	2710	4	43896.4	34.3124	43896.5	34.2012	14515	20.6829	unclassified	chr1	185552	200078	2	14515	-	14587	14452	14174	61	74	278	60	0.999862	0.980764	0.971687	0
PBG63936_97c56afe_ea890032_48.pod5	f29c0549-1314-4a7a-9fb7-fc7ba7eb36a5	ea890032c0387f3c2d4d00fa478dd0c7f420c878	2710	4	43930.7	33.8072	43930.8	33.7344	14538	25.5411	unclassified	chr1	185555	200078	0	14529	+	14560	14492	14261	37	31	231	60	0.999381	0.98406	0.979464	0
PBG63936_97c56afe_ea890032_69.pod5	bc5cb51b-208b-4f11-a877-cb361a291fbc	ea890032c0387f3c2d4d00fa478dd0c7f420c878	1159	4	79473.8	2.0802	79473.8	2.0782	843	26.414	unclassified	chr1	185711	186522	1	814	-	813	811	809	2	0	2	60	0.964413	0.997534	0.99508	0
PBG63936_97c56afe_ea890032_64.pod5	9237a0a6-62f4-4581-8315-ec35a0dcda6c	ea890032c0387f3c2d4d00fa478dd0c7f420c878	513	3	71541.2	7.9214	71541.2	7.9194	2804	25.1953	unclassified	chr1	186133	188915	0	2780	-	2786	2776	2772	4	6	4	60	0.991441	0.998559	0.994975	0
PBG63936_97c56afe_ea890032_13.pod5	32a8a9e4-3010-4bc1-a81d-367d0e9700aa	ea890032c0387f3c2d4d00fa478dd0c7f420c878	402	3	10373.3	14.102	10373.5	13.9644	5505	26.8455	unclassified	chr1	186176	191671	0	5493	+	5501	5487	5442	6	8	45	60	0.99782	0.991799	0.989275	0
PBG63936_97c56afe_ea890032_30.pod5	b6f845df-2384-4c18-b6f6-5bc94d56bd31	ea890032c0387f3c2d4d00fa478dd0c7f420c878	1374	2	23119.8	0.3322	23119.8	0.3302	121	18.9352	unclassified	chr1	186181	186302	0	121	-	121	121	121	0	0	0	13	1	1	1	0
PBG63936_97c56afe_ea890032_115.pod5	39f87b0f-2421-45d4-9c77-e0f4d1de5ebb	ea890032c0387f3c2d4d00fa478dd0c7f420c878	641	4	154918	7.834	154918	7.832	2891	20.583	unclassified	chr1	186363	189194	14	2856	-	2848	2825	2809	17	6	16	9	0.983051	0.994336	0.986306	0
PBG63936_97c56afe_ea890032_84.pod5	3a19f719-e7ec-4d99-b71f-f7aadc1ffef8	ea890032c0387f3c2d4d00fa478dd0c7f420c878	2637	3	95110	8.5904	95110.1	8.484	3480	24.7522	unclassified	chr1	186959	190428	0	3473	+	3477	3465	3423	8	4	42	9	0.997989	0.987879	0.984469	0
PBG63936_97c56afe_ea890032_10.pod5	9b86edd2-1fe3-4db8-ba38-000d18d7db83	ea890032c0387f3c2d4d00fa478dd0c7f420c878	2637	1	8587.86	2.8352	8587.99	2.7108	1077	26.176	unclassified	chr1	187232	188306	5	1077	-	1075	1071	1058	1	3	13	0	0.995357	0.987862	0.984186	0
PBG63936_97c56afe_ea890032_37.pod5	637b4f6d-237d-44ae-b210-ef66005692c4	ea890032c0387f3c2d4d00fa478dd0c7f420c878	1446	4	30364	8.3312	30364.2	8.1096	2577	27.8314	unclassified	chr1	187993	190571	0	2577	-	2583	2572	2571	5	6	1	60	1	0.999611	0.995354	0
PBG63936_97c56afe_ea890032_64.pod5	bade59fa-bc7d-436f-9c57-0b3aac6cd75c	ea890032c0387f3c2d4d00fa478dd0c7f420c878	513	3	71539.5	1.6716	71539.5	1.6696	580	18.8342	unclassified	chr1	188969	189540	12	580	-	572	567	566	1	4	1	60	0.97931	0.998236	0.98951	0
PBG63936_97c56afe_ea890032_70.pod5	e6bb26f5-d1c8-499b-b50b-56495f066fa8	ea890032c0387f3c2d4d00fa478dd0c7f420c878	305	3	79737.4	7.058	79737.5	6.9396	2828	28.1287	unclassified	chr1	189199	192029	0	2828	+	2830	2828	2825	0	2	3	60	1	0.998939	0.998233	0
PBG63936_97c56afe_ea890032_106.pod5	1726a6f6-1b7f-412d-8cce-c9507966c502	ea890032c0387f3c2d4d00fa478dd0c7f420c878	876	3	126287	7.9714	126287	7.9694	3035	12.7906	unclassified	chr1	189241	192314	0	3003	-	3110	2966	2879	37	107	87	60	0.989456	0.970668	0.925723	0
PBG63936_97c56afe_ea890032_3.pod5	625fc252-804b-475a-b065-5e709cf7e5cd	ea890032c0387f3c2d4d00fa478dd0c7f420c878	463	3	3389.11	13.9472	3389.25	13.8144	5570	32.4023	unclassified	chr1	189422	194983	7	5570	-	5566	5558	5495	5	3	63	60	0.998743	0.988665	0.987244	0
PBG63936_97c56afe_ea890032_3.pod5	9e035571-bd0f-4c4b-964a-59319333f89a	ea890032c0387f3c2d4d00fa478dd0c7f420c878	463	3	3405.55	12.0272	3405.64	11.94	5571	23.2336	unclassified	chr1	189423	194984	0	5565	+	5576	5550	5478	15	11	72	60	0.998923	0.987027	0.982425	0
PBG63936_97c56afe_ea890032_44.pod5	5f8bed8e-bb7b-450b-b9cb-7ed5dfe39837	ea890032c0387f3c2d4d00fa478dd0c7f420c878	1581	2	37214.7	18.2396	37214.8	18.1512	7855	27.633	unclassified	chr1	189431	197281	0	7854	+	7863	7841	7717	13	9	124	60	0.999873	0.984186	0.981432	0
PBG63936_97c56afe_ea890032_17.pod5	8187df59-d516-4314-909a-8b9406de72c9	ea890032c0387f3c2d4d00fa478dd0c7f420c878	2258	1	13449.3	21.8996	13449.4	21.7716	8162	8.60404	unclassified	chr1	189578	195492	0	5824	+	5928	5810	5723	14	104	87	52	0.713551	0.985026	0.965418	0
PBG63936_97c56afe_ea890032_64.pod5	9abbe8b8-c44e-43aa-acb6-790431b46057	ea890032c0387f3c2d4d00fa478dd0c7f420c878	513	3	71537.2	2.1096	71537.2	2.1076	688	20.9581	unclassified	chr1	189609	190300	0	688	-	691	688	686	0	3	2	60	1	0.997093	0.992764	0
PBG63936_97c56afe_ea890032_30.pod5	65052b1d-4976-441c-978d-64d8369554da	ea890032c0387f3c2d4d00fa478dd0c7f420c878	1051	3	22867.2	8.1572	22867.4	7.8996	1761	23.5863	unclassified	chr1	189709	191464	3	1761	-	1758	1755	1747	3	0	8	60	0.998296	0.995442	0.993743	0
PBG63936_97c56afe_ea890032_47.pod5	4163b661-ee7f-47d5-91d2-6034e5205aa2	ea890032c0387f3c2d4d00fa478dd0c7f420c878	2724	2	42437.3	25.7708	42437.5	25.584	8934	30.6846	unclassified	chr1	189811	198743	0	8931	+	8942	8921	8820	10	11	101	53	0.999664	0.988678	0.986356	0
PBG63936_97c56afe_ea890032_25.pod5	f20a9b55-fb90-403f-84b7-af055a5f888d	ea890032c0387f3c2d4d00fa478dd0c7f420c878	1839	4	19561.6	1.2476	19561.8	1.1244	433	25.5423	unclassified	chr1	190070	190502	2	433	-	432	431	430	0	1	1	29	0.995381	0.99768	0.99537	0
PBG63936_97c56afe_ea890032_7.pod5	8509694d-9c9d-442d-aa71-222f2e7e6248	ea890032c0387f3c2d4d00fa478dd0c7f420c878	1095	3	6552.43	1.1878	6552.43	1.1858	553	21.4334	unclassified	chr1	190094	190607	29	543	+	515	512	510	2	1	2	60	0.929476	0.996094	0.990291	0
PBG63936_97c56afe_ea890032_7.pod5	745f7133-ef13-466b-828b-83495c77da04	ea890032c0387f3c2d4d00fa478dd0c7f420c878	1095	3	6550.94	1.4504	6551.08	1.308	521	25.4729	unclassified	chr1	190094	190606	12	521	-	512	509	508	0	3	1	60	0.976967	0.998035	0.992188	0
PBG63936_97c56afe_ea890032_64.pod5	b528a6f6-f49f-4e44-99dc-c2fa0813ba7c	ea890032c0387f3c2d4d00fa478dd0c7f420c878	513	3	71534.5	2.6964	71534.5	2.6944	1090	25.9901	unclassified	chr1	190306	191396	0	1090	-	1091	1089	1088	1	1	1	60	1	0.999082	0.99725	0
PBG63936_97c56afe_ea890032_56.pod5	cbc85997-d31a-42a0-8e51-af3f036bfab7	ea890032c0387f3c2d4d00fa478dd0c7f420c878	610	2	54375.7	8.9852	54376	8.6604	2347	23.6547	unclassified	chr1	190791	193138	0	2339	+	2350	2336	2315	3	11	21	60	0.996591	0.99101	0.985106	0
PBG63936_97c56afe_ea890032_53.pod5	c8a0e47d-5e59-48be-abb6-d7dc13fee7d6	ea890032c0387f3c2d4d00fa478dd0c7f420c878	1107	2	48865.8	1.064	48866	0.8544	233	16.5118	unclassified	chr1	191086	191301	3	219	+	216	215	215	1	0	0	13	0.927039	1	0.99537	0
PBG63936_97c56afe_ea890032_103.pod5	1ad9c397-01cb-4885-9232-9902d2abd046	ea890032c0387f3c2d4d00fa478dd0c7f420c878	1636	2	121792	7.9244	121792	7.8204	3245	26.7244	unclassified	chr1	191135	194378	0	3243	+	3247	3239	3190	4	4	49	60	0.999384	0.984872	0.982445	0
PBG63936_97c56afe_ea890032_0.pod5	5629298e-b6fd-4c36-85bb-dceed3a71980	ea890032c0387f3c2d4d00fa478dd0c7f420c878	2216	3	496.888	1.5524	497.045	1.3956	571	21.8755	unclassified	chr1	191221	191783	8	571	-	566	559	557	4	3	2	60	0.98599	0.996422	0.984099	0
PBG63936_97c56afe_ea890032_64.pod5	7635ad08-7a17-4b35-b74a-91a58e3f508f	ea890032c0387f3c2d4d00fa478dd0c7f420c878	513	3	71531.7	2.817	71531.7	2.815	1120	23.0888	unclassified	chr1	191402	192521	0	1120	-	1121	1118	1115	2	1	3	60	1	0.997317	0.994648	0
PBG63936_97c56afe_ea890032_84.pod5	43195144-f4e9-48ba-af77-00a3d40dd962	ea890032c0387f3c2d4d00fa478dd0c7f420c878	1165	2	94083.6	4.0734	94083.6	4.0714	1129	9.52869	unclassified	chr1	191490	192456	11	973	-	1006	922	876	40	44	46	1	0.852081	0.950108	0.870775	0
PBG63936_97c56afe_ea890032_24.pod5	3648055e-5110-4b63-bdb2-64abe6f846e9	ea890032c0387f3c2d4d00fa478dd0c7f420c878	58	1	18514.6	3.0244	18514.6	3.0224	713	9.70918	unclassified	chr1	191693	192332	8	620	-	653	598	569	14	41	29	27	0.858345	0.951505	0.871363	0
PBG63936_97c56afe_ea890032_16.pod5	f60043fd-7123-43a9-a2c5-e72b83bb2ea7	ea890032c0387f3c2d4d00fa478dd0c7f420c878	2253	4	12635	1.9664	12635.1	1.8384	697	27.5975	unclassified	chr1	192277	192964	10	697	-	687	687	686	0	0	1	0	0.985653	0.998544	0.998544	0
PBG63936_97c56afe_ea890032_82.pod5	9fa61a82-27b8-446a-82cf-f6e8e2b3ffc1	ea890032c0387f3c2d4d00fa478dd0c7f420c878	284	4	92403.3	21.6168	92403.3	21.6148	8371	22.3664	unclassified	chr1	193121	201481	31	8365	+	8371	8323	8296	11	37	27	27	0.99558	0.996756	0.99104	0
PBG63936_97c56afe_ea890032_64.pod5	1a33ccbf-01d3-4447-885b-9b53525c24cd	ea890032c0387f3c2d4d00fa478dd0c7f420c878	513	3	71525	4.8314	71525	4.8294	1968	28.9731	unclassified	chr1	193252	195222	0	1968	-	1971	1967	1966	1	3	1	29	1	0.999492	0.997463	0
PBG63936_97c56afe_ea890032_55.pod5	c33065f7-a213-41e5-9363-7b3e8978aadf	ea890032c0387f3c2d4d00fa478dd0c7f420c878	2423	2	52845.9	9.0354	52845.9	9.0334	4564	24.2921	unclassified	chr1	193423	197948	32	4557	+	4531	4519	4508	6	6	11	30	0.991455	0.997566	0.994924	0
PBG63936_97c56afe_ea890032_55.pod5	a63c6d71-412f-4dd3-be18-f82247cae4c1	ea890032c0387f3c2d4d00fa478dd0c7f420c878	2423	2	52830.3	15.5876	52830.5	15.402	4521	29.0134	unclassified	chr1	193423	197947	6	4521	-	4526	4513	4508	2	11	5	25	0.998673	0.998892	0.996023	0
PBG63936_97c56afe_ea890032_64.pod5	b047474f-931b-48c6-9a63-b660037460f6	ea890032c0387f3c2d4d00fa478dd0c7f420c878	513	3	71521.7	3.3092	71521.7	3.3072	1231	33.7843	unclassified	chr1	195227	196458	0	1231	-	1232	1230	1230	1	1	0	0	1	1	0.998377	0
PBG63936_97c56afe_ea890032_49.pod5	eb3fa764-8bff-429a-a452-eeb56a3ea4fc	ea890032c0387f3c2d4d00fa478dd0c7f420c878	782	3	45281.5	2.3424	45281.5	2.3404	994	32.9983	unclassified	chr1	195736	196690	27	981	+	954	954	954	0	0	0	0	0.959759	1	1	0
PBG63936_97c56afe_ea890032_43.pod5	c44d1011-6a9e-46ff-a9d7-2853cc4fefd8	ea890032c0387f3c2d4d00fa478dd0c7f420c878	2695	1	36239.8	23.2906	36239.8	23.2886	8679	24.2332	unclassified	chr1	195888	204529	27	8671	+	8659	8626	8615	18	15	11	29	0.995967	0.998725	0.994919	0
PBG63936_97c56afe_ea890032_64.pod5	d2b1c721-b777-45fe-9cc1-71659922fdaf	ea890032c0387f3c2d4d00fa478dd0c7f420c878	513	3	71517.4	4.3152	71517.4	4.3132	1735	34.452	unclassified	chr1	196463	198202	0	1735	-	1739	1735	1735	0	4	0	27	1	1	0.9977	0
PBG63936_97c56afe_ea890032_15.pod5	3fb826a1-0cff-4d16-952b-fd7853f11815	ea890032c0387f3c2d4d00fa478dd0c7f420c878	2371	4	11895.4	6.8708	11895.7	6.6492	2701	28.1178	unclassified	chr1	196701	199394	0	2696	+	2696	2693	2688	3	0	5	20	0.998149	0.998143	0.997033	0
PBG63936_97c56afe_ea890032_56.pod5	9a708014-2a7e-4034-8b76-d04191086a8d	ea890032c0387f3c2d4d00fa478dd0c7f420c878	2455	3	55005.8	8.276	55005.9	8.1528	3377	28.4437	unclassified	chr1	197093	200463	0	3372	+	3372	3370	3368	2	0	2	24	0.998519	0.999407	0.998814	0
PBG63936_97c56afe_ea890032_98.pod5	89d14cce-12d5-4726-a29b-5bd0e7a002e0	ea890032c0387f3c2d4d00fa478dd0c7f420c878	1080	1	111606	2.2366	111606	2.2346	869	30.028	unclassified	chr1	197142	197965	34	857	+	823	823	823	0	0	0	19	0.947066	1	1	0
PBG63936_97c56afe_ea890032_26.pod5	3bf9dc96-e164-4f91-845f-0f5f4c094ee3	ea890032c0387f3c2d4d00fa478dd0c7f420c878	1684	3	20457.8	10.1228	20457.8	10.0356	3596	26.7493	unclassified	chr1	197164	200744	0	3587	+	3590	3577	3573	10	3	4	18	0.997497	0.998882	0.995265	0
PBG63936_97c56afe_ea890032_57.pod5	16b7922e-dcd1-4939-b685-36755e0e6614	ea890032c0387f3c2d4d00fa478dd0c7f420c878	1104	1	56787.3	0.5344	56787.3	0.5324	147	24.5396	unclassified	chr1	197213	197328	32	147	+	115	115	111	0	0	4	0	0.782313	0.965217	0.965217	0
PBG63936_97c56afe_ea890032_48.pod5	8597d926-298f-402f-bd5f-2cd6c8440bd5	ea890032c0387f3c2d4d00fa478dd0c7f420c878	1571	2	42706.1	5.0432	42706.2	4.9368	2004	20.6118	unclassified	chr1	197226	199224	0	1997	+	2008	1987	1934	10	11	53	7	0.996507	0.973327	0.963147	0
PBG63936_97c56afe_ea890032_8.pod5	47190860-0f3b-4b00-bffd-0d7a7177d3e7	ea890032c0387f3c2d4d00fa478dd0c7f420c878	2625	1	6776.61	4.5128	6776.76	4.3632	1859	25.6248	unclassified	chr1	197422	199278	0	1859	-	1868	1847	1804	12	9	43	22	1	0.976719	0.965739	0
PBG63936_97c56afe_ea890032_24.pod5	891a97cd-02e7-4ca2-9060-7ea5cdfb17b8	ea890032c0387f3c2d4d00fa478dd0c7f420c878	2649	1	19108.9	5.4068	19109.1	5.2404	2039	25.0238	unclassified	chr1	197521	199540	11	2039	-	2030	2017	1999	11	2	18	20	0.994605	0.991076	0.984729	0
PBG63936_97c56afe_ea890032_64.pod5	aebde29b-0b8c-4e75-b621-c360972bdaf2	ea890032c0387f3c2d4d00fa478dd0c7f420c878	513	3	71516	1.3824	71516	1.3804	515	33.8422	unclassified	chr1	198203	198718	0	515	-	515	515	515	0	0	0	0	1	1	1	0
PBG63936_97c56afe_ea890032_94.pod5	f49b3ed2-40ef-4b86-9dd2-d1b609efba31	ea890032c0387f3c2d4d00fa478dd0c7f420c878	2530	1	106476	2.5916	106476	2.4648	1055	27.5066	unclassified	chr1	198717	199780	0	1055	+	1064	1054	1037	1	9	17	8	1	0.983871	0.974624	0
PBG63936_97c56afe_ea890032_64.pod5	eceaf171-8217-481e-a966-ad51d4a5b38e	ea890032c0387f3c2d4d00fa478dd0c7f420c878	513	3	71511.4	4.6628	71511.4	4.6608	1665	29.9614	unclassified	chr1	198727	200382	0	1658	-	1659	1654	1654	4	1	0	33	0.995796	1	0.996986	0
PBG63936_97c56afe_ea890032_85.pod5	40387287-5723-4e53-803b-a88cfd4740d6	ea890032c0387f3c2d4d00fa478dd0c7f420c878	2535	2	96092.5	2.2428	96092.5	2.2408	581	20.0472	unclassified	chr1	198752	199284	38	571	+	534	531	518	2	1	13	1	0.917384	0.975518	0.970037	0
PBG63936_97c56afe_ea890032_63.pod5	5f0e9396-3991-4fc4-b6b3-f6802bcfaeda	ea890032c0387f3c2d4d00fa478dd0c7f420c878	1821	1	68581.7	6.8912	68581.8	6.8376	3197	21.7954	unclassified	chr1	199316	202518	0	3190	+	3213	3179	3172	11	23	7	37	0.99781	0.997798	0.987239	0
PBG63936_97c56afe_ea890032_63.pod5	5222fb12-d898-4d26-b852-3fa2ff341db4	ea890032c0387f3c2d4d00fa478dd0c7f420c878	1821	1	68573.6	8.0816	68573.7	7.9512	3204	26.1101	unclassified	chr1	199316	202515	7	3204	-	3206	3190	3188	7	9	2	27	0.997815	0.999373	0.994386	0
PBG63936_97c56afe_ea890032_6.pod5	417199fd-8623-4a3c-ab0c-bf6ec9e8e09e	ea890032c0387f3c2d4d00fa478dd0c7f420c878	215	1	5062.84	0.5984	5062.93	0.504	211	29.2595	unclassified	chr1	199684	199895	0	211	-	211	211	211	0	0	0	0	1	1	1	0
PBG63936_97c56afe_ea890032_104.pod5	86a09600-70e0-49bb-9f87-85c418533f14	ea890032c0387f3c2d4d00fa478dd0c7f420c878	2378	2	122382	6.3956	122382	6.3228	1663	26.3357	unclassified	chr1	199972	201631	2	1663	-	1672	1648	1643	13	11	5	32	0.998797	0.996966	0.982656	0
PBG63936_97c56afe_ea890032_57.pod5	85593ef2-8235-46ef-9475-b50705741655	ea890032c0387f3c2d4d00fa478dd0c7f420c878	900	4	56759.7	12.3488	56759.9	12.2088	3281	28.2573	unclassified	chr1	200123	203397	0	3270	+	3274	3270	3269	0	4	1	37	0.996647	0.999694	0.998473	0
PBG63936_97c56afe_ea890032_31.pod5	efacf7d2-6c88-4551-bb62-544078a5914b	ea890032c0387f3c2d4d00fa478dd0c7f420c878	1193	3	24484.7	0.5552	24484.8	0.4464	148	22.1274	unclassified	chr1	200367	200515	0	148	+	148	148	148	0	0	0	0	1	1	1	0
PBG63936_97c56afe_ea890032_64.pod5	4f17b0bf-b96c-4871-afca-24612de3d671	ea890032c0387f3c2d4d00fa478dd0c7f420c878	513	3	71505.5	5.83	71505.5	5.828	2287	30.8357	unclassified	chr1	200398	202681	0	2285	-	2288	2280	2280	5	3	0	41	0.999125	1	0.996503	0
PBG63936_97c56afe_ea890032_38.pod5	aa8ee1c6-0c70-42a8-aef1-8d7927fc504c	ea890032c0387f3c2d4d00fa478dd0c7f420c878	533	4	31709	12.4184	31709.1	12.2736	4810	28.607	unclassified	chr1	200936	205728	6	4810	-	4812	4784	4777	20	8	7	23	0.998753	0.998537	0.992727	0
PBG63936_97c56afe_ea890032_90.pod5	bd438582-5106-4396-b64d-45d7561d876e	ea890032c0387f3c2d4d00fa478dd0c7f420c878	813	3	100536	2.918	100536	2.8128	1187	28.4263	unclassified	chr1	201300	202485	0	1186	-	1186	1185	1184	1	0	1	19	0.999158	0.999156	0.998314	0
PBG63936_97c56afe_ea890032_101.pod5	aca009d3-0563-42b7-9357-f457477919d6	ea890032c0387f3c2d4d00fa478dd0c7f420c878	1059	3	116853	1.9016	116853	1.7808	760	28.5661	unclassified	chr1	201441	202201	0	760	-	760	760	759	0	0	1	0	1	0.998684	0.998684	0
PBG63936_97c56afe_ea890032_116.pod5	11eaafac-62fb-44ca-96c2-27903c809f90	ea890032c0387f3c2d4d00fa478dd0c7f420c878	2862	3	156819	0.29	156819	0.2028	83	14.3045	unclassified	chr1	201677	201759	1	83	-	82	82	81	0	0	1	0	0.987952	0.987805	0.987805	0
PBG63936_97c56afe_ea890032_1.pod5	ad507e68-70ba-4a61-8f78-1f275f50a2c9	ea890032c0387f3c2d4d00fa478dd0c7f420c878	2319	3	1193.16	3.7748	1193.28	3.6564	1516	26.6941	unclassified	chr1	201811	203326	0	1516	-	1517	1514	1513	2	1	1	31	1	0.99934	0.997363	0
PBG63936_97c56afe_ea890032_52.pod5	7deddff9-42fa-4e6d-9a20-b04ea671f856	ea890032c0387f3c2d4d00fa478dd0c7f420c878	626	4	48350	3.7328	48350.1	3.5976	1478	34.4423	unclassified	chr1	201917	203387	9	1478	-	1470	1469	1469	0	1	0	31	0.993911	1	0.99932	0
PBG63936_97c56afe_ea890032_99.pod5	16c8e224-ee64-4278-967c-edb2d6896a24	ea890032c0387f3c2d4d00fa478dd0c7f420c878	874	4	113661	10.887	113661	10.885	3393	18.0945	unclassified	chr1	202002	205343	46	3386	+	3361	3320	3292	20	21	28	39	0.98438	0.991566	0.97947	0
PBG63936_97c56afe_ea890032_64.pod5	85b20134-d937-4c96-a7aa-a3aa8a0baf37	ea890032c0387f3c2d4d00fa478dd0c7f420c878	513	3	71503.6	1.7392	71503.6	1.7372	663	34.7213	unclassified	chr1	202774	203436	1	663	-	662	662	662	0	0	0	27	0.998492	1	1	0
PBG63936_97c56afe_ea890032_92.pod5	a4566438-30c0-4678-a6eb-bf8e5e4a5034	ea890032c0387f3c2d4d00fa478dd0c7f420c878	660	2	103401	0.446	103401	0.2244	105	25.6387	unclassified	chr1	203388	203484	9	105	-	96	96	96	0	0	0	0	0.914286	1	1	0
PBG63936_97c56afe_ea890032_64.pod5	d1b472f5-0c5f-45bd-91ba-48146cc1d3a5	ea890032c0387f3c2d4d00fa478dd0c7f420c878	513	3	71495.7	7.0344	71495.7	7.0324	2789	32.569	unclassified	chr1	203789	206570	4	2788	-	2786	2779	2778	5	2	1	23	0.998207	0.99964	0.997128	0
PBG63936_97c56afe_ea890032_115.pod5	9fc82d9e-f545-4e45-a80f-cac5232519d6	ea890032c0387f3c2d4d00fa478dd0c7f420c878	2725	3	155825	0.68	155825	0.5508	246	28.789	unclassified	chr1	205330	205576	0	246	-	246	246	246	0	0	0	0	1	1	1	0
PBG63936_97c56afe_ea890032_6.pod5	55ce7cb5-b1b6-4f43-b548-9260d8322432	ea890032c0387f3c2d4d00fa478dd0c7f420c878	2341	4	5191.62	1.7192	5191.73	1.6044	683	22.1358	unclassified	chr1	206521	206864	12	355	-	343	343	343	0	0	0	0	0.502196	1	1	0
PBG63936_97c56afe_ea890032_70.pod5	1ed9b0c4-da1c-4588-8241-ccbe68918966	ea890032c0387f3c2d4d00fa478dd0c7f420c878	2503	3	80353	53.9024	80353.1	53.7768	22789	31.2671	unclassified	chr1	257666	277790	2671	22783	+	20133	20103	20093	9	21	10	60	0.882531	0.999503	0.998013	0
PBG63936_97c56afe_ea890032_78.pod5	248c0cfc-a3c7-48c5-82b3-5bba01e89115	ea890032c0387f3c2d4d00fa478dd0c7f420c878	1074	4	88088.3	93.2456	88088.4	93.1392	39089	24.2203	unclassified	chr1	257666	282679	453	25484	+	25057	24987	24947	44	26	40	60	0.640359	0.998399	0.99561	0
PBG63936_97c56afe_ea890032_14.pod5	de38a66e-57c9-43a3-a33e-db680780b35e	ea890032c0387f3c2d4d00fa478dd0c7f420c878	2177	1	11046.9	45.0932	11047.2	44.8632	18146	24.3244	unclassified	chr1	257666	272876	2857	18146	-	15323	15176	15090	113	34	86	60	0.842555	0.994333	0.984794	0
PBG63936_97c56afe_ea890032_107.pod5	6c704e29-c4ca-4a1c-ac3e-6a5083e05bb6	ea890032c0387f3c2d4d00fa478dd0c7f420c878	1602	3	127495	16.91	127495	16.908	7051	23.2829	unclassified	chr1	257666	263049	1628	7003	-	5387	5371	5359	4	12	12	52	0.762303	0.997766	0.994802	0
PBG63936_97c56afe_ea890032_42.pod5	d8c59e01-781e-4fde-95c4-77ba286f6cef	ea890032c0387f3c2d4d00fa478dd0c7f420c878	736	4	35335.5	66.5142	35335.5	66.5122	28003	16.566	unclassified	chr1	257678	273956	10466	27996	+	17555	16253	16234	1277	25	19	60	0.626004	0.998831	0.924751	0
PBG63936_97c56afe_ea890032_11.pod5	065cd855-55d2-4656-b1a8-85c000b8c7bc	ea890032c0387f3c2d4d00fa478dd0c7f420c878	699	3	5660.11	120.471	5660.25	120.328	48412	20.4381	unclassified	chr1	258219	297889	596	40210	-	39706	39578	39518	36	92	60	60	0.818268	0.998484	0.995265	0
PBG63936_97c56afe_ea890032_100.pod5	2ca836e7-a490-400b-84ba-63997b232e6d	ea890032c0387f3c2d4d00fa478dd0c7f420c878	2682	2	114833	21.3236	114833	21.1932	8357	23.9636	unclassified	chr1	258522	266910	0	8351	+	8396	8343	8327	8	45	16	60	0.999282	0.998082	0.991782	0
PBG63936_97c56afe_ea890032_1.pod5	3598de94-8bd5-4f4e-a771-6b5ed184a615	ea890032c0387f3c2d4d00fa478dd0c7f420c878	2012	1	1154.41	6.1544	1154.49	6.072	2638	27.7484	unclassified	chr1	258540	261170	9	2638	-	2631	2628	2622	1	2	6	60	0.996588	0.997717	0.996579	0
PBG63936_97c56afe_ea890032_16.pod5	7f26cd7d-f319-4911-a25e-1155b9c949e2	ea890032c0387f3c2d4d00fa478dd0c7f420c878	2648	2	12435.4	9.8432	12435.5	9.7584	4228	26.8579	unclassified	chr1	259087	263310	6	4225	-	4227	4215	4196	4	8	19	60	0.997871	0.995492	0.992666	0
PBG63936_97c56afe_ea890032_93.pod5	b280798d-fa48-4298-9340-8bdfedb567dc	ea890032c0387f3c2d4d00fa478dd0c7f420c878	434	3	104794	18.6926	104794	18.6906	7297	21.7682	unclassified	chr1	259546	266805	31	7289	+	7276	7241	7207	17	18	34	60	0.994655	0.995305	0.990517	0
PBG63936_97c56afe_ea890032_15.pod5	421969ed-2182-4712-b1ad-fe8fdeb39e77	ea890032c0387f3c2d4d00fa478dd0c7f420c878	552	4	11887	0.8684	11887	0.8664	280	15.6677	unclassified	chr1	259692	259945	7	260	-	253	253	251	0	0	2	12	0.903571	0.992095	0.992095	0
PBG63936_97c56afe_ea890032_28.pod5	de09f746-f7e1-4a89-8181-02f3348d0ac1	ea890032c0387f3c2d4d00fa478dd0c7f420c878	27	4	22203.6	55.5284	22203.7	55.4196	22701	28.3702	unclassified	chr1	259913	282575	0	22691	+	22724	22629	22537	62	33	92	60	0.999559	0.995934	0.991771	0
PBG63936_97c56afe_ea890032_109.pod5	0ab1e301-99e0-4bb3-a621-71c38fc22a9c	ea890032c0387f3c2d4d00fa478dd0c7f420c878	863	4	134829	11.3696	134830	11.2392	4731	16.532	unclassified	chr1	260014	264690	92	4731	-	4696	4619	4575	20	57	44	60	0.980554	0.990474	0.974233	0
PBG63936_97c56afe_ea890032_54.pod5	284fd5af-de69-4de7-9682-d25f51723db8	ea890032c0387f3c2d4d00fa478dd0c7f420c878	208	1	51091.1	17.39	51091.2	17.2404	6156	17.828	unclassified	chr1	260082	266275	7	6156	-	6217	6125	6053	24	68	72	60	0.998863	0.988245	0.973621	0
PBG63936_97c56afe_ea890032_134.pod5	ff77bed3-3c95-41f5-ab59-4802996f4b11	ea890032c0387f3c2d4d00fa478dd0c7f420c878	800	2	224536	0.6042	224536	0.6022	234	12.6663	unclassified	chr1	260351	260574	3	219	-	225	214	213	2	9	1	0	0.923077	0.995327	0.946667	0
PBG63936_97c56afe_ea890032_55.pod5	00b27a08-7069-418b-ad3a-d70c2ecd643c	ea890032c0387f3c2d4d00fa478dd0c7f420c878	2569	1	53757.5	35.9324	53757.6	35.7912	14742	30.4532	unclassified	chr1	260763	275494	9	14742	-	14741	14723	14717	10	8	6	60	0.999389	0.999592	0.998372	0
PBG63936_97c56afe_ea890032_18.pod5	49bac292-8a2d-47a1-8769-1e3e45937195	ea890032c0387f3c2d4d00fa478dd0c7f420c878	654	4	14046.5	12.2556	14046.5	12.2536	4850	29.6628	unclassified	chr1	260775	265597	24	4844	+	4824	4818	4800	2	4	18	60	0.993814	0.996264	0.995025	0
PBG63936_97c56afe_ea890032_18.pod5	975fb8f0-0c9b-47a0-901b-12ce078861fb	ea890032c0387f3c2d4d00fa478dd0c7f420c878	654	4	14058.8	11.4488	14058.9	11.364	4823	29.9968	unclassified	chr1	260775	265595	5	4823	-	4825	4813	4795	5	7	18	60	0.998963	0.99626	0.993782	0
PBG63936_97c56afe_ea890032_53.pod5	c9c66524-662b-4c45-b185-6f64a556c4d8	ea890032c0387f3c2d4d00fa478dd0c7f420c878	1116	4	49059.5	8.45	49059.6	8.3628	3471	26.1427	unclassified	chr1	261155	264623	4	3471	-	3471	3464	3461	3	4	3	60	0.998848	0.999134	0.997119	0
PBG63936_97c56afe_ea890032_71.pod5	9bb72a62-5c2f-4846-866a-7cb76eeed685	ea890032c0387f3c2d4d00fa478dd0c7f420c878	98	4	81846	2.0264	81846.1	1.9272	898	24.0489	unclassified	chr1	261400	262001	26	627	+	601	601	595	0	0	6	10	0.669265	0.990017	0.990017	0
PBG63936_97c56afe_ea890032_135.pod5	c124e978-7443-4572-9b28-6b76ddc91169	ea890032c0387f3c2d4d00fa478dd0c7f420c878	2616	3	226858	0.3112	226858	0.3092	135	20.4953	unclassified	chr1	261631	261767	0	135	-	136	135	132	0	1	3	1	1	0.977778	0.970588	0
PBG63936_97c56afe_ea890032_58.pod5	edb71476-cb0a-44c7-82b7-c2b57d9e0a10	ea890032c0387f3c2d4d00fa478dd0c7f420c878	1521	4	58454.2	17.1416	58454.3	17.0088	7513	27.8623	unclassified	chr1	261841	269344	0	7507	+	7515	7495	7475	12	8	20	60	0.999201	0.997332	0.994677	0
PBG63936_97c56afe_ea890032_58.pod5	8dbaa07a-38d2-4082-ac0d-42c65d2be08a	ea890032c0387f3c2d4d00fa478dd0c7f420c878	1521	4	58471.3	16.334	58471.4	16.248	7502	23.9164	unclassified	chr1	261841	269343	6	7502	-	7520	7478	7455	18	24	23	60	0.9992	0.996924	0.991356	0
PBG63936_97c56afe_ea890032_117.pod5	5f3f43a1-01e0-4151-a502-199c4dcd46b3	ea890032c0387f3c2d4d00fa478dd0c7f420c878	596	3	160875	1.8308	160875	1.7196	617	29.2486	unclassified	chr1	262301	262910	10	617	-	609	607	607	0	2	0	60	0.983793	1	0.996716	0
PBG63936_97c56afe_ea890032_62.pod5	099001ba-479b-4e00-ac7e-6eff4bb9e030	ea890032c0387f3c2d4d00fa478dd0c7f420c878	2666	2	67094.6	10.6396	67094.6	10.6376	2914	8.28002	unclassified	chr1	262338	265254	25	2902	+	3032	2761	2527	116	155	234	60	0.987303	0.915248	0.833443	0
PBG63936_97c56afe_ea890032_119.pod5	c6f0e461-a31d-4eda-a9ac-c80e4c1e09fa	ea890032c0387f3c2d4d00fa478dd0c7f420c878	832	3	170179	9.0428	170179	8.9268	3507	25.443	unclassified	chr1	262514	266007	9	3507	-	3498	3493	3481	5	0	12	60	0.997434	0.996565	0.99514	0
PBG63936_97c56afe_ea890032_93.pod5	a601832f-5ded-4810-b895-20dbf2335b14	ea890032c0387f3c2d4d00fa478dd0c7f420c878	228	1	105227	70.2776	105227	70.1652	27830	28.829	unclassified	chr1	262618	290387	8	27830	-	27874	27717	27592	105	52	125	60	0.999713	0.99549	0.989883	0
PBG63936_97c56afe_ea890032_118.pod5	51cbc941-cbc3-4bcf-8188-90f89dd97d5f	ea890032c0387f3c2d4d00fa478dd0c7f420c878	2853	1	165215	7.952	165215	7.8648	3426	27.4361	unclassified	chr1	263192	266620	0	3419	+	3429	3418	3403	1	10	15	60	0.997957	0.995611	0.992418	0
PBG63936_97c56afe_ea890032_118.pod5	757de5e9-d657-4606-96c4-be5ecf8ae4a8	ea890032c0387f3c2d4d00fa478dd0c7f420c878	2853	1	165209	6.2834	165209	6.2814	3466	23.8672	unclassified	chr1	263192	266620	10	3433	-	3434	3417	3405	6	11	12	60	0.987594	0.996488	0.991555	0
PBG63936_97c56afe_ea890032_47.pod5	a5af4c66-e60b-482a-8b75-3dda5ac588ec	ea890032c0387f3c2d4d00fa478dd0c7f420c878	2602	2	41913.7	39.2216	41913.9	39.0792	15730	16.5001	unclassified	chr1	263319	279061	0	15728	+	15888	15582	15352	146	160	230	60	0.999873	0.985239	0.966264	0
PBG63936_97c56afe_ea890032_106.pod5	fc824986-3490-4eda-b4a7-7adf4c53f467	ea890032c0387f3c2d4d00fa478dd0c7f420c878	115	4	126535	15.206	126535	15.1128	6312	31.0926	unclassified	chr1	263448	269758	0	6305	+	6313	6302	6275	3	8	27	60	0.998891	0.995716	0.993981	0
PBG63936_97c56afe_ea890032_43.pod5	a3408a65-c175-4d8d-9916-f10d2b3ea3e3	ea890032c0387f3c2d4d00fa478dd0c7f420c878	974	2	37101.4	8.0624	37101.6	7.86	2726	21.9752	unclassified	chr1	263781	266497	10	2726	-	2719	2713	2696	3	3	17	60	0.996332	0.993734	0.991541	0
PBG63936_97c56afe_ea890032_42.pod5	12fc3d85-7cbb-4b1c-ad60-ab06ef06d433	ea890032c0387f3c2d4d00fa478dd0c7f420c878	697	4	35317.6	3.7844	35317.7	3.6372	1516	27.4194	unclassified	chr1	264135	265645	6	1516	-	1510	1510	1509	0	0	1	60	0.996042	0.999338	0.999338	0
PBG63936_97c56afe_ea890032_51.pod5	8faec6f1-0b2e-4963-86ab-2f2c4bd04e2b	ea890032c0387f3c2d4d00fa478dd0c7f420c878	763	4	47089.2	29.8772	47089.3	29.7348	13177	27.6721	unclassified	chr1	264317	277483	7	13177	-	13188	13148	13132	22	18	16	60	0.999469	0.998783	0.995754	0
PBG63936_97c56afe_ea890032_16.pod5	b84520f4-ec8b-42b1-8dc3-02e03b347a0e	ea890032c0387f3c2d4d00fa478dd0c7f420c878	459	1	12540	0.8132	12540.2	0.6492	299	18.4173	unclassified	chr1	264391	264685	6	299	-	294	293	290	0	1	3	0	0.979933	0.989761	0.986395	0
PBG63936_97c56afe_ea890032_30.pod5	5510760a-d3dc-47c4-9532-f052cb42b018	ea890032c0387f3c2d4d00fa478dd0c7f420c878	520	1	23439.4	0.9848	23439.5	0.8352	366	20.1746	unclassified	chr1	264476	264839	0	362	+	363	362	360	0	1	2	36	0.989071	0.994475	0.991736	0
PBG63936_97c56afe_ea890032_30.pod5	967fbf13-9949-4aaa-9011-278da542f6fe	ea890032c0387f3c2d4d00fa478dd0c7f420c878	520	1	23437.3	2.048	23437.4	1.9104	577	26.0294	unclassified	chr1	264731	265308	0	577	-	578	576	574	1	1	2	33	1	0.996528	0.99308	0
PBG63936_97c56afe_ea890032_73.pod5	14cc0145-5f79-4495-be9d-3acd3d3096b2	ea890032c0387f3c2d4d00fa478dd0c7f420c878	1055	1	83145.5	6.4148	83145.6	6.2892	2488	18.4994	unclassified	chr1	265018	266319	1189	2488	-	1301	1299	1298	0	2	1	60	0.522106	0.99923	0.997694	0
PBG63936_97c56afe_ea890032_6.pod5	d9c53498-4d78-4b28-ac94-976bd9d44639	ea890032c0387f3c2d4d00fa478dd0c7f420c878	2632	2	5080.61	2.3276	5080.7	2.238	955	23.4861	unclassified	chr1	265067	266020	1	955	-	955	952	949	2	1	3	60	0.998953	0.996849	0.993717	0
PBG63936_97c56afe_ea890032_35.pod5	863907f6-7d48-4c74-9598-86cd366c5581	ea890032c0387f3c2d4d00fa478dd0c7f420c878	2187	4	28948.6	3.098	28948.8	2.9604	1010	40.5011	unclassified	chr1	265616	266626	0	1010	-	1010	1010	1008	0	0	2	60	1	0.99802	0.99802	0
PBG63936_97c56afe_ea890032_74.pod5	27c2ecc0-bc4d-4671-af90-ee2326af184a	ea890032c0387f3c2d4d00fa478dd0c7f420c878	2112	3	84400.6	0.7772	84400.7	0.66	251	25.4903	unclassified	chr1	265882	266121	12	251	-	239	239	239	0	0	0	36	0.952191	1	1	0
PBG63936_97c56afe_ea890032_125.pod5	be2ae6d0-b396-4bec-a2d0-fd6ebcb46f41	ea890032c0387f3c2d4d00fa478dd0c7f420c878	1030	4	192640	5.6288	192640	5.502	2035	16.594	unclassified	chr1	265973	267683	0	1716	+	1743	1683	1640	33	27	43	19	0.843243	0.97445	0.940906	0
PBG63936_97c56afe_ea890032_104.pod5	344f6014-4eb2-47d6-9143-c62efad8d725	ea890032c0387f3c2d4d00fa478dd0c7f420c878	1063	4	123285	5.5976	123285	5.5104	1820	27.7215	unclassified	chr1	266092	267902	0	1811	+	1811	1810	1809	1	0	1	37	0.995055	0.999448	0.998896	0
PBG63936_97c56afe_ea890032_26.pod5	3a61d22d-726d-4c4d-8842-440599368e3c	ea890032c0387f3c2d4d00fa478dd0c7f420c878	705	1	20469.5	16.3652	20469.6	16.2624	6385	30.3366	unclassified	chr1	266109	272500	0	6383	-	6403	6371	6355	12	20	16	60	0.999687	0.997489	0.992504	0
PBG63936_97c56afe_ea890032_94.pod5	7d699332-cf78-4a79-b980-d024a500b974	ea890032c0387f3c2d4d00fa478dd0c7f420c878	59	4	106557	1.3256	106557	1.1724	320	26.72	unclassified	chr1	266290	266600	10	320	-	310	310	310	0	0	0	54	0.96875	1	1	0
PBG63936_97c56afe_ea890032_67.pod5	357ff602-ff83-4c07-aa70-660c57fb51ae	ea890032c0387f3c2d4d00fa478dd0c7f420c878	628	3	76466.6	51.0488	76466.8	50.9304	19968	29.0076	unclassified	chr1	266353	286311	6	19968	-	19997	19923	19900	39	35	23	60	0.9997	0.998846	0.995149	0
PBG63936_97c56afe_ea890032_28.pod5	eb9f0607-9a5c-46d7-8fc8-dba5165955c6	ea890032c0387f3c2d4d00fa478dd0c7f420c878	932	2	21866.8	4.7912	21866.9	4.6584	1901	28.5956	unclassified	chr1	266658	268540	0	1891	+	1892	1881	1878	10	1	3	60	0.99474	0.998405	0.9926	0
PBG63936_97c56afe_ea890032_135.pod5	e4b94d6b-3df5-446f-aa93-9b3a22d41dd0	ea890032c0387f3c2d4d00fa478dd0c7f420c878	2616	3	226844	1.4538	226844	1.4518	508	24.723	unclassified	chr1	266670	267175	3	508	-	505	505	505	0	0	0	0	0.994094	1	1	0
PBG63936_97c56afe_ea890032_3.pod5	3db739e2-92d7-4a47-967c-43090bc9c5f3	ea890032c0387f3c2d4d00fa478dd0c7f420c878	615	3	3243.91	3.1318	3243.91	3.1298	1211	29.9405	unclassified	chr1	266762	267931	34	1203	+	1169	1169	1169	0	0	0	40	0.965318	1	1	0
PBG63936_97c56afe_ea890032_3.pod5	b60a6793-5ea4-40f4-8255-7e6612161c2f	ea890032c0387f3c2d4d00fa478dd0c7f420c878	615	3	3247.05	3.4136	3247.18	3.2736	1174	25.8611	unclassified	chr1	266762	267931	7	1174	-	1169	1167	1167	0	2	0	34	0.994037	1	0.998289	0
PBG63936_97c56afe_ea890032_89.pod5	691efcdc-6dfb-4255-8b2a-9d0287f19e18	ea890032c0387f3c2d4d00fa478dd0c7f420c878	1641	4	99602.2	4.0592	99602.3	3.9192	1333	20.9716	unclassified	chr1	267023	268350	0	1327	+	1329	1325	1318	2	2	7	60	0.995499	0.994717	0.991723	0
PBG63936_97c56afe_ea890032_123.pod5	e25b9ff3-db77-440c-ac77-43b78693dcf8	ea890032c0387f3c2d4d00fa478dd0c7f420c878	106	4	184941	8.7476	184941	8.6436	3438	27.7125	unclassified	chr1	267151	270586	0	3433	+	3439	3429	3423	4	6	6	60	0.998546	0.99825	0.995347	0
PBG63936_97c56afe_ea890032_135.pod5	f5362588-f740-4324-be71-150111bb2ffb	ea890032c0387f3c2d4d00fa478dd0c7f420c878	2616	3	226843	0.4252	226843	0.4232	149	24.9292	unclassified	chr1	267178	267327	1	149	-	149	148	146	0	1	2	0	0.993289	0.986486	0.979866	0
PBG63936_97c56afe_ea890032_57.pod5	740dd941-f8aa-46ed-9343-df2a59a1b4a4	ea890032c0387f3c2d4d00fa478dd0c7f420c878	2935	4	57642.2	2.8664	57642.3	2.7096	1074	23.9441	unclassified	chr1	267559	268622	0	1067	+	1068	1062	1058	5	1	4	60	0.993482	0.996234	0.990637	0
PBG63936_97c56afe_ea890032_120.pod5	189ae546-ac86-4c34-a8dd-3d53a5b93542	ea890032c0387f3c2d4d00fa478dd0c7f420c878	2569	2	174266	21.5156	174266	21.3252	7441	22.2964	unclassified	chr1	267636	275078	0	7441	-	7456	7427	7407	14	15	20	60	1	0.997307	0.993428	0
PBG63936_97c56afe_ea890032_100.pod5	c6e6bf9e-d647-4333-a4a3-9298c2950f36	ea890032c0387f3c2d4d00fa478dd0c7f420c878	2566	3	114416	23.884	114416	23.882	8726	25.5671	unclassified	chr1	268045	276724	7	8689	-	8692	8669	8661	13	10	8	60	0.994958	0.999077	0.996433	0
PBG63936_97c56afe_ea890032_73.pod5	1ba50c10-cdd0-427e-8c5f-9cd6ece5d82a	ea890032c0387f3c2d4d00fa478dd0c7f420c878	2381	3	83607.5	10.6772	83607.6	10.5132	4350	27.2749	unclassified	chr1	268269	272620	9	4350	-	4356	4336	4331	5	15	5	60	0.997931	0.998847	0.994261	0
PBG63936_97c56afe_ea890032_67.pod5	a2da4562-61f1-4921-9e24-3340740d7874	ea890032c0387f3c2d4d00fa478dd0c7f420c878	1303	2	76464	14.108	76464.1	13.9992	5570	25.9437	unclassified	chr1	268889	274463	1	5570	-	5587	5556	5549	13	18	7	60	0.99982	0.99874	0.993199	0
PBG63936_97c56afe_ea890032_80.pod5	cc978d53-0624-498b-92a4-b07b7dc773c7	ea890032c0387f3c2d4d00fa478dd0c7f420c878	2589	4	89388.6	1.1348	89388.8	0.9996	411	25.5918	unclassified	chr1	268982	269384	0	401	+	402	401	401	0	1	0	54	0.975669	1	0.997512	0
PBG63936_97c56afe_ea890032_80.pod5	1353d6e6-d8bb-451a-961c-3a6a67bd0c55	ea890032c0387f3c2d4d00fa478dd0c7f420c878	2589	4	89389.8	0.7184	89389.9	0.624	273	32.8782	unclassified	chr1	269112	269384	0	273	-	273	272	272	1	0	0	38	1	1	0.996337	0
PBG63936_97c56afe_ea890032_90.pod5	edf6be31-1567-484a-8ace-fc3ee235f19d	ea890032c0387f3c2d4d00fa478dd0c7f420c878	1255	2	100734	0.836	100734	0.7296	318	20.4267	unclassified	chr1	269635	269943	11	318	-	308	307	305	0	1	2	0	0.965409	0.993485	0.99026	0
PBG63936_97c56afe_ea890032_90.pod5	d3af0d5b-e956-4af8-86d6-76a2fc01c106	ea890032c0387f3c2d4d00fa478dd0c7f420c878	2136	4	101525	5.6276	101525	5.484	2107	24.6144	unclassified	chr1	269777	271906	0	2107	-	2130	2106	2097	1	23	9	44	1	0.995726	0.984507	0
PBG63936_97c56afe_ea890032_91.pod5	0b2a6e6a-6141-4bc4-a45f-6dd41b017582	ea890032c0387f3c2d4d00fa478dd0c7f420c878	1302	3	102220	4.676	102220	4.5408	1827	22.995	unclassified	chr1	269793	271612	6	1827	-	1822	1818	1812	3	1	6	60	0.996716	0.9967	0.994512	0
PBG63936_97c56afe_ea890032_25.pod5	14409c4e-9f4b-42ad-bc27-41e2f07728e7	ea890032c0387f3c2d4d00fa478dd0c7f420c878	2806	3	19369.8	0.632	19369.9	0.5472	257	18.4807	unclassified	chr1	269871	270117	0	246	+	246	246	246	0	0	0	13	0.957198	1	1	0
PBG63936_97c56afe_ea890032_25.pod5	ba1b3317-f1fb-4f50-8163-81cd43bf90c2	ea890032c0387f3c2d4d00fa478dd0c7f420c878	2806	3	19369	0.824	19369.1	0.702	260	20.3289	unclassified	chr1	269871	270117	10	260	-	251	245	244	5	1	1	12	0.961538	0.995918	0.972112	0
PBG63936_97c56afe_ea890032_104.pod5	a872f070-3ec1-4b46-8c76-47782964284a	ea890032c0387f3c2d4d00fa478dd0c7f420c878	642	1	124421	1.4972	124421	1.3956	634	27.6811	unclassified	chr1	270065	270688	0	623	+	623	623	622	0	0	1	17	0.98265	0.998395	0.998395	0
PBG63936_97c56afe_ea890032_108.pod5	d8311919-8f61-4c4e-b5d6-346ac07f01b9	ea890032c0387f3c2d4d00fa478dd0c7f420c878	1783	2	132306	2.9792	132306	2.904	1512	20.6331	unclassified	chr1	270668	272172	0	1489	+	1509	1484	1476	5	20	8	50	0.984788	0.994609	0.978131	0
PBG63936_97c56afe_ea890032_68.pod5	3ad81509-2a74-4aa6-9ef5-86703a2a97d1	ea890032c0387f3c2d4d00fa478dd0c7f420c878	2642	4	78320.2	3.9074	78320.2	3.9054	1532	24.5885	unclassified	chr1	270685	272168	45	1531	+	1489	1480	1475	6	3	5	60	0.969974	0.996622	0.990598	0
PBG63936_97c56afe_ea890032_68.pod5	efcecc41-0e29-468d-a44f-c85d9dcf9172	ea890032c0387f3c2d4d00fa478dd0c7f420c878	2642	4	78324.1	3.5804	78324.3	3.4476	1483	24.4542	unclassified	chr1	270686	272162	10	1483	-	1477	1472	1470	1	4	2	60	0.993257	0.998641	0.995261	0
PBG63936_97c56afe_ea890032_95.pod5	dffa0536-83cc-44b4-b62b-648d02b6218f	ea890032c0387f3c2d4d00fa478dd0c7f420c878	1287	4	108930	16.4516	108930	16.3284	7086	28.6362	unclassified	chr1	270847	277932	0	7086	-	7093	7078	7075	8	7	3	60	1	0.999576	0.997462	0
PBG63936_97c56afe_ea890032_69.pod5	6adf5343-cab8-448b-8bf0-0ca4dc84269c	ea890032c0387f3c2d4d00fa478dd0c7f420c878	1078	3	79285.8	8.8978	79285.8	8.8958	3481	29.5212	unclassified	chr1	270923	274400	3	3481	-	3481	3474	3471	4	3	3	60	0.999138	0.999136	0.997127	0
PBG63936_97c56afe_ea890032_16.pod5	ef09ad81-4c96-47e5-9fbf-aa71e66a8d42	ea890032c0387f3c2d4d00fa478dd0c7f420c878	2937	2	13023.4	3.5648	13023.5	3.42	1164	35.0601	unclassified	chr1	271116	272266	7	1164	-	1157	1150	1149	7	0	1	60	0.993986	0.99913	0.993086	0
PBG63936_97c56afe_ea890032_18.pod5	b3dd2946-1912-4760-bccc-66b3fc44398c	ea890032c0387f3c2d4d00fa478dd0c7f420c878	776	1	13959.3	6.4496	13959.4	6.3552	2619	22.5263	unclassified	chr1	271116	273704	31	2619	-	2591	2585	2584	3	3	1	60	0.988163	0.999613	0.997298	0
PBG63936_97c56afe_ea890032_4.pod5	e5d385e3-026d-4a33-a2f8-5aafc8d955d9	ea890032c0387f3c2d4d00fa478dd0c7f420c878	1011	2	3473.53	17.1512	3473.68	16.9992	7380	29.9113	unclassified	chr1	271159	275127	3412	7380	-	3971	3965	3959	3	3	6	38	0.537669	0.998487	0.996978	0
PBG63936_97c56afe_ea890032_49.pod5	6a16d166-911b-4b07-8261-e048c02e4c00	ea890032c0387f3c2d4d00fa478dd0c7f420c878	168	2	45354	0.9932	45354.1	0.8712	370	21.379	unclassified	chr1	271383	271736	0	357	+	357	353	352	4	0	1	15	0.964865	0.997167	0.985994	0
PBG63936_97c56afe_ea890032_104.pod5	2a21cecf-5a70-4177-a0ed-4c898a79ed2f	ea890032c0387f3c2d4d00fa478dd0c7f420c878	2637	2	123734	44.4592	123734	44.4572	14676	13.436	unclassified	chr1	271675	286407	35	14676	+	14932	14441	14056	200	291	385	60	0.997615	0.97334	0.941334	0
PBG63936_97c56afe_ea890032_67.pod5	3ad2c946-6b02-4b05-96ad-b93e100390ca	ea890032c0387f3c2d4d00fa478dd0c7f420c878	1517	3	77210.8	4.172	77211	4.026	1698	20.3381	unclassified	chr1	271826	273486	37	1698	-	1665	1656	1630	5	4	26	0	0.97821	0.9843	0.978979	0
PBG63936_97c56afe_ea890032_65.pod5	4ad70059-65e1-4d51-90c5-efc1eec545ea	ea890032c0387f3c2d4d00fa478dd0c7f420c878	408	3	74409.7	6.35	74409.7	6.348	2241	24.5263	unclassified	chr1	272220	274409	52	2241	+	2191	2187	2180	2	2	7	15	0.976796	0.996799	0.994979	0
PBG63936_97c56afe_ea890032_106.pod5	b4d55ffc-b95a-48fd-83a0-6dfb3782d4b7	ea890032c0387f3c2d4d00fa478dd0c7f420c878	1420	3	125617	9.5876	125617	9.3672	2746	29.9724	unclassified	chr1	272901	275645	0	2746	+	2748	2742	2742	4	2	0	60	1	1	0.997817	0
PBG63936_97c56afe_ea890032_13.pod5	40914ec7-bc96-4650-871d-26fd2ea0405f	ea890032c0387f3c2d4d00fa478dd0c7f420c878	2321	3	10203.9	33.044	10204	32.9256	13908	21.7322	unclassified	chr1	273007	280003	0	6985	+	7013	6968	6960	17	28	8	59	0.502229	0.998852	0.992443	0
PBG63936_97c56afe_ea890032_46.pod5	2c2b54a6-3dcd-46c1-925b-c76ac8dae399	ea890032c0387f3c2d4d00fa478dd0c7f420c878	2438	1	40406.2	18.7912	40406.2	18.7892	7495	27.338	unclassified	chr1	273577	281012	35	7483	+	7452	7431	7422	17	4	9	60	0.993729	0.998789	0.995974	0
PBG63936_97c56afe_ea890032_46.pod5	a7e94458-5c46-47d4-be54-8856a9fdb938	ea890032c0387f3c2d4d00fa478dd0c7f420c878	2438	1	40425	14.702	40425	14.6244	7445	24.3701	unclassified	chr1	273577	281016	7	7445	-	7479	7398	7382	40	41	16	60	0.99906	0.997837	0.98703	0
PBG63936_97c56afe_ea890032_30.pod5	2bd7df2c-c0d6-4cb6-ab01-c7e6d5406197	ea890032c0387f3c2d4d00fa478dd0c7f420c878	1287	3	22882.9	6.1964	22883	6.1092	2668	21.0367	unclassified	chr1	273764	276425	0	2668	+	2679	2650	2630	18	11	20	43	1	0.992453	0.98171	0
PBG63936_97c56afe_ea890032_30.pod5	bf874201-b823-48bf-8f2e-73de0282520b	ea890032c0387f3c2d4d00fa478dd0c7f420c878	1287	3	22865.7	17.2448	22865.8	17.1264	7117	26.7332	unclassified	chr1	273764	280838	6	7117	-	7125	7060	7030	51	14	30	43	0.999157	0.995751	0.986667	0
PBG63936_97c56afe_ea890032_68.pod5	f6d739c2-ef35-4072-b488-b061818724fd	ea890032c0387f3c2d4d00fa478dd0c7f420c878	177	2	78247	0.7808	78247.1	0.6792	289	33.1377	unclassified	chr1	273869	274157	0	288	+	288	288	288	0	0	0	54	0.99654	1	1	0
PBG63936_97c56afe_ea890032_39.pod5	dfd5dd63-0660-477b-b183-faf799e08e93	ea890032c0387f3c2d4d00fa478dd0c7f420c878	2717	2	32806.4	1.4948	32806.6	1.3128	373	31.4561	unclassified	chr1	273874	274250	0	373	+	377	372	371	1	4	1	14	1	0.997312	0.984085	0
PBG63936_97c56afe_ea890032_77.pod5	521ee439-2f9e-48e7-9f4a-a9a8a0642da3	ea890032c0387f3c2d4d00fa478dd0c7f420c878	2622	3	86313.4	4.3676	86313.5	4.2468	1690	28.6461	unclassified	chr1	274085	275762	0	1690	-	1698	1669	1664	21	8	5	32	1	0.997004	0.979976	0
PBG63936_97c56afe_ea890032_12.pod5	7581ac2b-3e37-49f1-a236-35641f78f47c	ea890032c0387f3c2d4d00fa478dd0c7f420c878	1342	4	9155.86	4.8372	9155.86	4.8352	2174	21.1505	unclassified	chr1	274303	276421	30	2168	+	2143	2113	2097	25	5	16	30	0.983441	0.992428	0.978535	0
PBG63936_97c56afe_ea890032_12.pod5	553cb5fe-6c2d-407d-9f77-32fd2524aaad	ea890032c0387f3c2d4d00fa478dd0c7f420c878	1342	4	9147.72	8.1068	9147.72	8.1048	2178	26.3452	unclassified	chr1	274303	276421	6	2143	-	2141	2114	2105	23	4	9	20	0.981175	0.995743	0.983185	0
PBG63936_97c56afe_ea890032_69.pod5	23674397-ed4b-4ab8-be71-366214a5393c	ea890032c0387f3c2d4d00fa478dd0c7f420c878	1078	3	79282.4	3.417	79282.4	3.415	1296	33.3343	unclassified	chr1	274417	275666	0	1265	-	1269	1245	1244	20	4	1	60	0.97608	0.999197	0.980299	0
PBG63936_97c56afe_ea890032_113.pod5	98d7e635-91fc-4530-bad2-89d29ca784fb	ea890032c0387f3c2d4d00fa478dd0c7f420c878	839	3	146877	47.7032	146877	47.544	19220	30.5484	unclassified	chr1	274508	293715	0	19220	-	19245	19182	19165	38	25	17	60	1	0.999114	0.995843	0
PBG63936_97c56afe_ea890032_2.pod5	62a148f7-9364-436a-9ad7-ed7f42ba234d	ea890032c0387f3c2d4d00fa478dd0c7f420c878	2944	3	2541.51	1.4252	2541.63	1.3044	566	24.1445	unclassified	chr1	274702	275256	11	565	-	554	554	552	0	0	2	38	0.978799	0.99639	0.99639	0
PBG63936_97c56afe_ea890032_100.pod5	dee5868f-6fc8-44f5-a9f1-9a86f2fd942c	ea890032c0387f3c2d4d00fa478dd0c7f420c878	2709	3	114771	8.06	114771	7.9572	3425	28.8982	unclassified	chr1	274981	278405	7	3425	-	3425	3417	3417	1	7	0	60	0.997956	1	0.997664	0
PBG63936_97c56afe_ea890032_100.pod5	1f9b8725-62fd-4d6f-ae9d-33b666b0072a	ea890032c0387f3c2d4d00fa478dd0c7f420c878	2709	3	114762	8.7092	114762	8.5836	3434	31.9815	unclassified	chr1	274982	278405	0	3426	+	3430	3419	3419	7	4	0	60	0.99767	1	0.996793	0
PBG63936_97c56afe_ea890032_94.pod5	9f1254a7-0256-4fa5-af5d-65ef47c165f1	ea890032c0387f3c2d4d00fa478dd0c7f420c878	1606	1	106453	29.9504	106453	29.7312	6747	12.1968	unclassified	chr1	275300	282029	16	6747	-	6886	6574	6381	157	155	193	60	0.997629	0.970642	0.926663	0
PBG63936_97c56afe_ea890032_74.pod5	c1cde774-71da-4096-811d-d283b25333cb	ea890032c0387f3c2d4d00fa478dd0c7f420c878	1684	4	84179.3	0.5454	84179.3	0.5434	198	24.8312	unclassified	chr1	275434	275599	33	198	+	165	165	165	0	0	0	0	0.833333	1	1	0
PBG63936_97c56afe_ea890032_118.pod5	9cace4bf-6987-46f8-b35f-56f36a6623d4	ea890032c0387f3c2d4d00fa478dd0c7f420c878	540	3	167459	10.028	167459	10.026	3278	11.1585	unclassified	chr1	276773	280043	0	3243	-	3344	3169	3030	74	101	139	3	0.989323	0.956138	0.9061	0
PBG63936_97c56afe_ea890032_99.pod5	9c4131d5-34d5-49cc-b978-e47b74d56a6b	ea890032c0387f3c2d4d00fa478dd0c7f420c878	1920	2	113493	5.4296	113493	5.304	2237	25.8315	unclassified	chr1	276920	279149	0	2227	+	2233	2223	2222	4	6	1	60	0.99553	0.99955	0.995074	0
PBG63936_97c56afe_ea890032_64.pod5	f86ae1af-c643-4f4b-9919-cdb1d9f6d4d4	ea890032c0387f3c2d4d00fa478dd0c7f420c878	2337	2	70746.7	6.7892	70746.8	6.6756	2519	30.4968	unclassified	chr1	276959	279473	7	2519	-	2517	2509	2509	3	5	0	60	0.997221	1	0.996822	0
PBG63936_97c56afe_ea890032_94.pod5	b0b2c816-0f53-4b06-a9f4-03b35346f64c	ea890032c0387f3c2d4d00fa478dd0c7f420c878	1643	4	107618	28.064	107618	27.9588	15090	22.9895	unclassified	chr1	277031	292128	0	15090	+	15133	15054	15015	36	43	39	60	1	0.997409	0.992202	0
PBG63936_97c56afe_ea890032_33.pod5	9719428f-5c1b-4315-b269-2aa502600dda	ea890032c0387f3c2d4d00fa478dd0c7f420c878	613	2	26868.4	2.791	26868.4	2.789	1292	15.4441	unclassified	chr1	277047	278300	6	1257	-	1264	1240	1217	11	13	23	24	0.968266	0.981452	0.962816	0
PBG63936_97c56afe_ea890032_6.pod5	b4164e77-8509-4673-b717-022025ed961f	ea890032c0387f3c2d4d00fa478dd0c7f420c878	1482	3	5691.69	2.1928	5691.69	2.1908	944	23.4715	unclassified	chr1	277071	277537	39	505	+	466	466	466	0	0	0	15	0.493644	1	1	0
PBG63936_97c56afe_ea890032_57.pod5	8d4ccc37-5ea8-4358-ad69-f5bcbcd82a3e	ea890032c0387f3c2d4d00fa478dd0c7f420c878	2981	4	57858.6	18.596	57858.7	18.4632	8644	20.8144	unclassified	chr1	277099	281463	4268	8644	-	4379	4361	4342	15	3	19	15	0.506247	0.995643	0.991551	0
PBG63936_97c56afe_ea890032_26.pod5	673b7a8e-92e3-404c-b878-1602aba6d287	ea890032c0387f3c2d4d00fa478dd0c7f420c878	397	2	20473.2	4.2824	20473.3	4.1688	1606	14.676	unclassified	chr1	277286	278880	0	1600	+	1618	1576	1539	24	18	37	28	0.996264	0.976523	0.951174	0
PBG63936_97c56afe_ea890032_118.pod5	25bbd43f-af00-405f-a0c1-7475467740e1	ea890032c0387f3c2d4d00fa478dd0c7f420c878	341	2	163975	26.2184	163975	25.9992	9987	30.0622	unclassified	chr1	277908	283506	4395	9987	-	5600	5590	5530	2	8	60	6	0.559928	0.989267	0.9875	0
PBG63936_97c56afe_ea890032_20.pod5	e368a7de-07fe-496b-adc3-407ddb3eaa06	ea890032c0387f3c2d4d00fa478dd0c7f420c878	2338	2	15658.9	1.3724	15659	1.266	579	26.5047	unclassified	chr1	278125	278692	0	572	+	572	567	567	5	0	0	32	0.98791	1	0.991259	0
PBG63936_97c56afe_ea890032_58.pod5	052030d1-011b-4355-8e71-9e4072ec2720	ea890032c0387f3c2d4d00fa478dd0c7f420c878	689	2	57948.9	4.7108	57949	4.5804	1932	25.6393	unclassified	chr1	278157	280077	7	1932	-	1927	1918	1917	7	2	1	60	0.996377	0.999479	0.994811	0
PBG63936_97c56afe_ea890032_95.pod5	2c9cd816-afa8-454e-939c-372f9fd3b86f	ea890032c0387f3c2d4d00fa478dd0c7f420c878	1378	3	107862	6.7472	107862	6.5784	3003	23.9137	unclassified	chr1	278248	281071	179	3003	-	2828	2819	2815	5	4	4	60	0.940393	0.998581	0.995403	0
PBG63936_97c56afe_ea890032_42.pod5	50bb6a50-2fbb-4dbc-a7ed-9f468694ca5c	ea890032c0387f3c2d4d00fa478dd0c7f420c878	1191	4	35558.3	6.4088	35558.4	6.306	2654	20.7003	unclassified	chr1	278804	281451	6	2654	-	2653	2642	2631	6	5	11	60	0.997739	0.995836	0.991708	0
PBG63936_97c56afe_ea890032_15.pod5	d82e01b4-d023-4569-8906-4c433b7f1562	ea890032c0387f3c2d4d00fa478dd0c7f420c878	157	3	11382.2	10.2284	11382.3	10.098	4495	26.3358	unclassified	chr1	279222	283712	0	4495	-	4509	4476	4449	19	14	27	11	1	0.993968	0.986693	0
PBG63936_97c56afe_ea890032_42.pod5	f2f59414-86a5-4d80-8a4d-62dc29d5cf1d	ea890032c0387f3c2d4d00fa478dd0c7f420c878	537	3	34920.8	44.4068	34920.9	44.328	18313	23.7257	unclassified	chr1	280530	297956	0	17423	+	17440	17409	17397	14	17	12	60	0.951401	0.999311	0.997534	0
PBG63936_97c56afe_ea890032_54.pod5	3fb8481d-034d-40f1-9722-4eee61dd2a64	ea890032c0387f3c2d4d00fa478dd0c7f420c878	2156	1	52137.6	2.4032	52137.7	2.2896	787	21.4929	unclassified	chr1	280616	281356	0	739	+	740	739	729	0	1	10	1	0.939009	0.986468	0.985135	0
PBG63936_97c56afe_ea890032_69.pod5	84cdf05a-b25f-4a5f-ab12-23e95626078c	ea890032c0387f3c2d4d00fa478dd0c7f420c878	1316	4	79293.5	5.138	79293.6	4.9596	2266	19.0109	unclassified	chr1	280673	281871	0	1197	+	1201	1194	1192	3	4	2	9	0.528244	0.998325	0.992506	0
PBG63936_97c56afe_ea890032_84.pod5	d1509bd5-4d97-4ab4-8679-04a11a2fea53	ea890032c0387f3c2d4d00fa478dd0c7f420c878	2610	3	94358.9	4.7984	94359.1	4.6596	1959	32.4878	unclassified	chr1	281038	282998	0	1959	+	1960	1959	1957	0	1	2	49	1	0.998979	0.998469	0
PBG63936_97c56afe_ea890032_131.pod5	d7d9ef0e-fb01-4185-8f40-a21d09f8f263	ea890032c0387f3c2d4d00fa478dd0c7f420c878	1017	1	211584	36.3646	211584	36.3626	13697	23.9112	unclassified	chr1	281242	294910	37	13697	+	13680	13648	13630	12	20	18	60	0.997299	0.998681	0.996345	0
PBG63936_97c56afe_ea890032_46.pod5	fe217e3a-3911-447b-bbfa-3b01764fcfed	ea890032c0387f3c2d4d00fa478dd0c7f420c878	418	1	40562.9	5.2638	40562.9	5.2618	1973	22.0887	unclassified	chr1	281653	283581	5	1935	-	1935	1923	1907	7	5	16	31	0.978206	0.99168	0.98553	0
PBG63936_97c56afe_ea890032_1.pod5	4a13d994-cc78-4382-8cfb-d296118bc619	ea890032c0387f3c2d4d00fa478dd0c7f420c878	1022	2	1523.03	7.3364	1523.38	6.9876	2797	34.173	unclassified	chr1	281890	284680	0	2791	+	2792	2789	2766	2	1	23	0	0.997855	0.991753	0.990688	0
PBG63936_97c56afe_ea890032_83.pod5	2c3396df-9426-4c8a-bccd-777a0de9a1fb	ea890032c0387f3c2d4d00fa478dd0c7f420c878	177	4	93064.1	1.6028	93064.2	1.4892	532	33.1292	unclassified	chr1	282037	282569	0	532	-	532	532	532	0	0	0	60	1	1	1	0
PBG63936_97c56afe_ea890032_85.pod5	56ef7f6b-cd7e-4f74-93ec-f7adb0b30e83	ea890032c0387f3c2d4d00fa478dd0c7f420c878	2964	4	95381.4	17.3876	95381.6	17.226	6343	33.7526	unclassified	chr1	282835	289176	0	6343	-	6347	6337	6337	6	4	0	60	1	1	0.998424	0
PBG63936_97c56afe_ea890032_73.pod5	0323cd80-d01c-48b8-864a-a82dc2e3bbf2	ea890032c0387f3c2d4d00fa478dd0c7f420c878	55	2	83435.7	2.099	83435.7	2.097	801	32.4323	unclassified	chr1	283101	283857	10	766	-	756	756	756	0	0	0	28	0.94382	1	1	0
PBG63936_97c56afe_ea890032_97.pod5	656377e2-a193-4d45-88e6-8f8534f6b218	ea890032c0387f3c2d4d00fa478dd0c7f420c878	2944	3	109543	0.3748	109543	0.3728	155	18.3423	unclassified	chr1	283576	283694	3	121	-	118	118	118	0	0	0	0	0.76129	1	1	0
PBG63936_97c56afe_ea890032_42.pod5	a958f1d1-4595-423e-9645-5be25d14c9f3	ea890032c0387f3c2d4d00fa478dd0c7f420c878	2923	1	35837.5	2.1724	35837.5	2.1704	679	21.4299	unclassified	chr1	283676	284313	30	670	+	640	637	635	3	0	2	19	0.942563	0.99686	0.992188	0
PBG63936_97c56afe_ea890032_36.pod5	2e455641-1bfa-48ea-a085-778557c6c748	ea890032c0387f3c2d4d00fa478dd0c7f420c878	2739	2	29485.7	1.8296	29485.9	1.6368	597	28.5713	unclassified	chr1	283747	284332	0	585	+	585	585	583	0	0	2	32	0.9799	0.996581	0.996581	0
PBG63936_97c56afe_ea890032_16.pod5	aff957e3-b9b0-482a-9d13-003f1ea02e69	ea890032c0387f3c2d4d00fa478dd0c7f420c878	1289	1	13065.3	3.3468	13065.3	3.3448	1508	11.9507	unclassified	chr1	284040	285522	30	1490	+	1516	1426	1368	34	56	58	60	0.96817	0.959327	0.902375	0
PBG63936_97c56afe_ea890032_16.pod5	0fe10fe5-0024-4458-a47e-8d9294b6975a	ea890032c0387f3c2d4d00fa478dd0c7f420c878	1289	1	13061.5	3.7394	13061.5	3.7374	1500	11.0802	unclassified	chr1	284046	285527	16	1460	-	1499	1426	1377	18	55	49	55	0.962667	0.965638	0.918612	0
PBG63936_97c56afe_ea890032_137.pod5	6924cfc5-60a5-4360-a8f2-b1773e8754bc	ea890032c0387f3c2d4d00fa478dd0c7f420c878	1907	4	233138	33.3068	233138	33.204	13245	25.5779	unclassified	chr1	284798	293480	4569	13245	+	8689	8669	8660	7	13	9	45	0.65504	0.998962	0.996662	0
PBG63936_97c56afe_ea890032_100.pod5	7b6f5802-0759-488a-bb8f-0e09a12d2faf	ea890032c0387f3c2d4d00fa478dd0c7f420c878	282	4	114631	20.3564	114631	20.2272	9467	29.918	unclassified	chr1	285196	294666	0	9467	-	9475	9462	9457	5	8	5	60	1	0.999472	0.9981	0
PBG63936_97c56afe_ea890032_9.pod5	e29112bc-1a83-4311-a033-946a13e5c993	ea890032c0387f3c2d4d00fa478dd0c7f420c878	525	1	7474.15	9.218	7474.33	9.0396	3861	26.3878	unclassified	chr1	285849	288908	0	3047	+	3059	3047	3046	0	12	1	51	0.789174	0.999672	0.99575	0
PBG63936_97c56afe_ea890032_30.pod5	1af2d70d-8fbc-4c4c-a1cb-0797b4cc6a48	ea890032c0387f3c2d4d00fa478dd0c7f420c878	1786	3	22889.3	29.6	22889.4	29.4912	11463	16.2103	unclassified	chr1	285982	297027	0	11454	+	11460	11039	11022	415	6	17	60	0.999215	0.99846	0.96178	0
PBG63936_97c56afe_ea890032_104.pod5	16d7b111-f965-4b83-9999-15dee9e33004	ea890032c0387f3c2d4d00fa478dd0c7f420c878	885	4	123057	29.1176	123057	28.98	12272	28.5218	unclassified	chr1	286300	295018	3562	12272	+	8728	8700	8664	10	18	36	5	0.709746	0.995862	0.992667	0
PBG63936_97c56afe_ea890032_13.pod5	a636da6c-9b62-4ad8-972e-acb93a45ff21	ea890032c0387f3c2d4d00fa478dd0c7f420c878	619	3	10315.1	26.7452	10315.2	26.5884	10795	29.2817	unclassified	chr1	286945	297737	8	10795	-	10800	10779	10769	8	13	10	60	0.999259	0.999072	0.99713	0
PBG63936_97c56afe_ea890032_85.pod5	56f72f67-6601-4fff-a8ae-6df97eb4a441	ea890032c0387f3c2d4d00fa478dd0c7f420c878	386	2	95368.8	6.5924	95368.9	6.438	2520	22.9199	unclassified	chr1	287364	289881	0	2507	+	2518	2506	2495	1	11	11	57	0.994841	0.995611	0.990866	0
PBG63936_97c56afe_ea890032_72.pod5	adf47c33-1254-46cf-823e-512aab92ace4	ea890032c0387f3c2d4d00fa478dd0c7f420c878	2031	1	82661.5	8.06	82661.7	7.9344	3280	29.0578	unclassified	chr1	287485	290759	7	3280	-	3274	3273	3270	0	1	3	60	0.997866	0.999083	0.998778	0
PBG63936_97c56afe_ea890032_4.pod5	83988dfb-dad1-42a4-bc58-7f220859c45d	ea890032c0387f3c2d4d00fa478dd0c7f420c878	1795	1	3442.56	8.9858	3442.57	8.9838	3304	22.6555	unclassified	chr1	287692	290943	8	3264	-	3258	3249	3236	7	2	13	60	0.985472	0.995999	0.993247	0
PBG63936_97c56afe_ea890032_56.pod5	807a9b07-47e9-4492-a740-e2b818bf4e83	ea890032c0387f3c2d4d00fa478dd0c7f420c878	405	4	54632.3	11.5808	54632.5	11.43	4623	29.1832	unclassified	chr1	288207	292821	0	4615	+	4617	4612	4607	3	2	5	60	0.998269	0.998916	0.997834	0
PBG63936_97c56afe_ea890032_90.pod5	6e9161b1-f6b1-4621-8f2e-682437d4dd1e	ea890032c0387f3c2d4d00fa478dd0c7f420c878	230	2	100977	7.393	100977	7.391	3233	20.3697	unclassified	chr1	289302	292511	28	3232	+	3218	3195	3178	9	14	17	45	0.99103	0.994679	0.98757	0
PBG63936_97c56afe_ea890032_90.pod5	9e8b6be1-9c07-4d37-ad0b-24e07fa5522c	ea890032c0387f3c2d4d00fa478dd0c7f420c878	230	2	100968	9.0644	100968	8.9364	3487	28.26	unclassified	chr1	289366	292850	0	3487	-	3487	3484	3482	3	0	2	39	1	0.999426	0.998566	0
PBG63936_97c56afe_ea890032_6.pod5	9b870810-646d-4d9e-9ce4-9531b9f80d93	ea890032c0387f3c2d4d00fa478dd0c7f420c878	2599	1	5083.06	10.832	5083.21	10.6812	4275	33.6774	unclassified	chr1	289698	293967	7	4275	-	4269	4268	4255	0	1	13	0	0.998363	0.996954	0.996721	0
PBG63936_97c56afe_ea890032_14.pod5	da813672-509d-4cb9-b5b2-0be89af87ff3	ea890032c0387f3c2d4d00fa478dd0c7f420c878	1807	4	10732.8	10.228	10732.8	10.226	4331	31.3518	unclassified	chr1	290122	294418	7	4304	-	4298	4295	4295	2	1	0	29	0.99215	1	0.999302	0
PBG63936_97c56afe_ea890032_4.pod5	2aa69eb4-d0aa-4b28-8b88-ce2362130fef	ea890032c0387f3c2d4d00fa478dd0c7f420c878	307	1	3496.22	3.3212	3496.37	3.18	1408	16.9578	unclassified	chr1	290718	291460	669	1408	-	744	737	735	2	5	2	0	0.524858	0.997286	0.987903	0
PBG63936_97c56afe_ea890032_64.pod5	782edcb7-f077-42f4-8ea8-3a1c90234c6d	ea890032c0387f3c2d4d00fa478dd0c7f420c878	140	4	70647.9	10.0304	70648	9.9144	3400	28.8453	unclassified	chr1	291297	294688	7	3400	-	3393	3391	3388	2	0	3	33	0.997941	0.999115	0.998526	0
PBG63936_97c56afe_ea890032_9.pod5	f0659d76-a25f-4a1a-a4ab-2f1e0e29e73f	ea890032c0387f3c2d4d00fa478dd0c7f420c878	1128	4	7958.5	2.0636	7958.68	1.8828	735	33.5252	unclassified	chr1	291497	292223	0	725	+	726	725	724	0	1	1	30	0.986395	0.998621	0.997245	0
PBG63936_97c56afe_ea890032_2.pod5	fca0f5ff-6603-4899-be7e-1a841c1bd57c	ea890032c0387f3c2d4d00fa478dd0c7f420c878	1260	4	2411.71	9.7676	2411.81	9.6684	4158	27.2413	unclassified	chr1	292692	296852	0	4158	-	4162	4156	4140	2	4	16	0	1	0.99615	0.994714	0
PBG63936_97c56afe_ea890032_51.pod5	c91e70e3-6303-431b-957c-53a4a3baae5d	ea890032c0387f3c2d4d00fa478dd0c7f420c878	688	1	45585.7	13.4372	45585.9	13.2732	3599	33.3236	unclassified	chr1	292731	296324	6	3599	-	3594	3592	3592	1	1	0	45	0.998333	1	0.999444	0
PBG63936_97c56afe_ea890032_98.pod5	24016814-e2dc-432b-8c7c-243004a45976	ea890032c0387f3c2d4d00fa478dd0c7f420c878	2324	2	112535	3.7244	112535	3.6048	1429	31.7639	unclassified	chr1	292764	294187	6	1429	-	1424	1422	1421	1	1	1	27	0.995801	0.999297	0.997893	0
PBG63936_97c56afe_ea890032_110.pod5	947bec43-e69c-4272-bf70-4376ed190f58	ea890032c0387f3c2d4d00fa478dd0c7f420c878	2219	4	137096	10.934	137096	10.7964	4282	24.9804	unclassified	chr1	293411	297696	0	4276	+	4287	4274	4260	2	11	14	60	0.998599	0.996724	0.993702	0
PBG63936_97c56afe_ea890032_23.pod5	22e07550-57f6-48fa-9f6c-641b65200ee3	ea890032c0387f3c2d4d00fa478dd0c7f420c878	2297	4	18190.6	0.8156	18190.8	0.6624	275	21.7555	unclassified	chr1	294088	294359	4	275	-	271	271	271	0	0	0	0	0.985455	1	1	0
PBG63936_97c56afe_ea890032_85.pod5	c4854517-0937-4696-bd35-79fb4e1e83af	ea890032c0387f3c2d4d00fa478dd0c7f420c878	1646	4	95585.1	9.2576	95585.3	9.132	3665	32.4905	unclassified	chr1	294312	297956	6	3652	-	3646	3644	3642	2	0	2	60	0.994816	0.999451	0.998903	0
PBG63936_97c56afe_ea890032_5.pod5	203b8005-22d4-4b23-a264-638b0ea670f0	ea890032c0387f3c2d4d00fa478dd0c7f420c878	2031	3	4942.66	2.93	4942.78	2.8092	1106	42.6819	unclassified	chr1	294404	295504	0	1100	+	1100	1100	1100	0	0	0	37	0.994575	1	1	0
PBG63936_97c56afe_ea890032_92.pod5	e9938085-6334-4145-8cb2-9807d23c6b70	ea890032c0387f3c2d4d00fa478dd0c7f420c878	841	4	104575	1.4672	104575	1.3512	549	25.4198	unclassified	chr1	294625	295163	0	538	+	538	538	538	0	0	0	0	0.979964	1	1	0
PBG63936_97c56afe_ea890032_83.pod5	01dc80bb-18c9-4b45-8a19-e40abcc79f30	ea890032c0387f3c2d4d00fa478dd0c7f420c878	1554	4	93043.2	3.4292	93043.3	3.3024	1241	30.5704	unclassified	chr1	295660	296890	10	1241	-	1231	1230	1230	1	0	0	51	0.991942	1	0.999188	0
PBG63936_97c56afe_ea890032_5.pod5	2343d1c4-1df9-440d-b1f8-2343e5d845d1	ea890032c0387f3c2d4d00fa478dd0c7f420c878	437	4	4611.27	0.6728	4611.4	0.5424	216	21.8533	unclassified	chr1	295977	296182	11	216	-	205	205	205	0	0	0	0	0.949074	1	1	0
PBG63936_97c56afe_ea890032_17.pod5	cf579e9c-ff56-4f56-bff1-e6f89065b0bf	ea890032c0387f3c2d4d00fa478dd0c7f420c878	137	1	13347.3	1.232	13347.5	1.1016	475	32.7155	unclassified	chr1	296042	296508	9	475	-	466	466	466	0	0	0	15	0.981053	1	1	0
PBG63936_97c56afe_ea890032_17.pod5	e872e168-778d-4fe3-9870-364ea175e638	ea890032c0387f3c2d4d00fa478dd0c7f420c878	2965	4	13770.2	1.4866	13770.2	1.4846	596	22.6889	unclassified	chr1	296373	296925	33	585	+	552	552	552	0	0	0	27	0.926175	1	1	0
PBG63936_97c56afe_ea890032_47.pod5	1841c99f-b9a0-44b2-bdb9-2e085bdb9ba8	ea890032c0387f3c2d4d00fa478dd0c7f420c878	2179	4	41673.6	1.76	41673.6	1.758	482	21.6615	unclassified	chr1	296650	297091	30	472	+	442	441	441	1	0	0	15	0.917012	1	0.997738	0
PBG63936_97c56afe_ea890032_16.pod5	f5412707-9a64-40ea-bf03-0cf311fc07a6	ea890032c0387f3c2d4d00fa478dd0c7f420c878	903	1	12715	2.4824	12715.2	2.3184	958	26.7996	unclassified	chr1	296728	297682	0	952	+	954	952	950	0	2	2	60	0.993737	0.997899	0.995807	0
PBG63936_97c56afe_ea890032_74.pod5	0e6dc627-28b9-4147-947a-6590f3114f8c	ea890032c0387f3c2d4d00fa478dd0c7f420c878	650	4	84832.9	2.7442	84832.9	2.7422	989	11.8725	unclassified	chr1	348439	349412	28	982	+	986	941	905	13	32	36	0	0.964611	0.961743	0.91785	0
PBG63936_97c56afe_ea890032_74.pod5	38a51b7e-d844-4930-ad12-23df7f016c3a	ea890032c0387f3c2d4d00fa478dd0c7f420c878	650	4	84836	2.406	84836	2.404	999	14.1176	unclassified	chr1	348439	349413	9	962	-	978	949	934	4	25	15	1	0.953954	0.984194	0.95501	0
PBG63936_97c56afe_ea890032_16.pod5	bd28d8e4-4ba3-4c26-a08e-add7191a0e55	ea890032c0387f3c2d4d00fa478dd0c7f420c878	76	3	12715.3	0.5828	12715.5	0.4452	170	28.0296	unclassified	chr1	348787	348949	0	162	+	162	162	162	0	0	0	0	0.952941	1	1	0
PBG63936_97c56afe_ea890032_33.pod5	99d719ae-6c70-4d29-86f4-359660f12f23	ea890032c0387f3c2d4d00fa478dd0c7f420c878	2080	1	25949.2	25.3986	25949.2	25.3966	11001	23.6124	unclassified	chr1	350185	356886	4315	10993	+	6769	6610	6506	68	91	104	1	0.607036	0.984266	0.961146	0
PBG63936_97c56afe_ea890032_38.pod5	cae07656-5445-45e4-942b-c7ad81236e64	ea890032c0387f3c2d4d00fa478dd0c7f420c878	159	2	31609.7	7.3664	31609.8	7.2564	2734	18.2552	unclassified	chr1	350185	351642	1231	2729	+	1512	1443	1372	55	14	71	1	0.547915	0.950797	0.907407	0
PBG63936_97c56afe_ea890032_51.pod5	b6365f34-b974-4cfd-8928-63a1bdda6776	ea890032c0387f3c2d4d00fa478dd0c7f420c878	30	2	47156.3	6.1892	47156.4	6.0876	2528	20.9341	unclassified	chr1	350185	351474	1187	2522	+	1336	1288	1239	47	1	49	0	0.528085	0.961957	0.927395	0
PBG63936_97c56afe_ea890032_124.pod5	00b70622-40fa-4ac9-b9e5-3244b84c9f8e	ea890032c0387f3c2d4d00fa478dd0c7f420c878	37	2	188562	25.1888	188562	25.0008	9637	25.6797	unclassified	chr1	350185	354809	4962	9637	-	4683	4616	4545	59	8	71	1	0.485109	0.984619	0.970532	0
PBG63936_97c56afe_ea890032_79.pod5	a6ed8af2-62e2-484c-bcfe-7622199adec1	ea890032c0387f3c2d4d00fa478dd0c7f420c878	843	1	88428.9	21.2556	88428.9	21.2536	8396	22.7987	unclassified	chr1	350186	355058	3253	8178	+	4936	4861	4776	64	11	85	0	0.586589	0.982514	0.967585	0
PBG63936_97c56afe_ea890032_74.pod5	f94f53e5-2c42-4894-b1df-7ab3197bd2c0	ea890032c0387f3c2d4d00fa478dd0c7f420c878	435	3	84659.5	22.8512	84659.5	22.8492	9272	16.7539	unclassified	chr1	350196	355178	4206	9233	-	5079	4930	4809	97	52	121	1	0.54217	0.975456	0.94684	0
PBG63936_97c56afe_ea890032_0.pod5	793203a7-847a-4cf3-8b0a-102659d9875f	ea890032c0387f3c2d4d00fa478dd0c7f420c878	1462	2	680.806	24.3704	680.911	24.2652	10658	27.7079	unclassified	chr1	350197	354203	6596	10658	+	4063	4005	3948	57	1	57	1	0.381122	0.985768	0.971696	0
PBG63936_97c56afe_ea890032_22.pod5	2d4269b2-b347-4cc9-ae39-ade308522f93	ea890032c0387f3c2d4d00fa478dd0c7f420c878	643	4	16601.5	21.3008	16601.5	21.2988	9373	23.5607	unclassified	chr1	350197	352308	7208	9364	+	2157	2110	2060	46	1	50	1	0.230022	0.976303	0.95503	0
PBG63936_97c56afe_ea890032_51.pod5	2e3cd1eb-e087-4977-987f-476d44e74bd2	ea890032c0387f3c2d4d00fa478dd0c7f420c878	2189	2	46453.9	32.2388	46454.3	31.8876	7996	24.2365	unclassified	chr1	350197	352145	5997	7991	+	1994	1948	1899	46	0	49	1	0.249375	0.974846	0.952357	0
PBG63936_97c56afe_ea890032_52.pod5	7d3b9958-7f97-4f14-8c56-927e4cfc2df0	ea890032c0387f3c2d4d00fa478dd0c7f420c878	2486	1	48311.1	18.4508	48311.2	18.3804	8104	26.049	unclassified	chr1	350197	353202	5041	8093	+	3054	3003	2949	49	2	54	1	0.376604	0.982018	0.965619	0
PBG63936_97c56afe_ea890032_73.pod5	5b1c83a6-5cf0-4979-a595-ce3ab5a345e9	ea890032c0387f3c2d4d00fa478dd0c7f420c878	472	1	83507.9	32.2772	83508.1	32.1012	11010	20.4008	unclassified	chr1	350197	353509	7507	11010	+	3509	3306	3254	197	6	52	1	0.318165	0.984271	0.92733	0
PBG63936_97c56afe_ea890032_87.pod5	5c7ae2b7-f49a-4a1d-8052-532616438e7e	ea890032c0387f3c2d4d00fa478dd0c7f420c878	648	3	97452.3	20.408	97452.4	20.2824	8373	25.1735	unclassified	chr1	350197	353179	5345	8372	+	3032	2977	2926	50	5	51	1	0.361519	0.982869	0.96504	0
PBG63936_97c56afe_ea890032_130.pod5	d808bd96-55d4-4719-80bd-38dd5a400a7d	ea890032c0387f3c2d4d00fa478dd0c7f420c878	307	4	209475	31.0224	209475	31.0204	9672	25.8314	unclassified	chr1	350197	353892	5920	9672	+	3753	3694	3643	58	1	51	1	0.387924	0.986194	0.97069	0
PBG63936_97c56afe_ea890032_0.pod5	8030a8f2-1578-407d-919f-b3b60022f24f	ea890032c0387f3c2d4d00fa478dd0c7f420c878	1462	2	705.18	32.2448	705.312	32.1132	11583	24.1537	unclassified	chr1	350197	355117	6605	11583	-	4983	4915	4849	63	5	66	1	0.429768	0.986572	0.973109	0
PBG63936_97c56afe_ea890032_10.pod5	c512e2a1-84eb-4fdc-95a4-1c3d55f0c88a	ea890032c0387f3c2d4d00fa478dd0c7f420c878	2571	3	8479.59	68.7288	8479.59	68.7268	27062	26.9966	unclassified	chr1	350197	369779	7498	27015	-	19655	19444	19301	73	138	143	1	0.721196	0.992646	0.981989	0
PBG63936_97c56afe_ea890032_3.pod5	a387e9bf-b663-4b8e-832e-c4951f5345d0	ea890032c0387f3c2d4d00fa478dd0c7f420c878	468	4	3186.74	37.1924	3186.89	37.0404	13842	24.4778	unclassified	chr1	350197	355896	8101	13842	-	5761	5679	5590	62	20	89	1	0.414752	0.984328	0.970318	0
PBG63936_97c56afe_ea890032_39.pod5	08999bd3-20cf-4dda-836f-53326135aa43	ea890032c0387f3c2d4d00fa478dd0c7f420c878	1653	2	32601.6	32.6452	32601.6	32.6432	15604	20.8707	unclassified	chr1	350197	356471	9315	15569	-	6348	6180	6069	74	94	111	1	0.400795	0.982039	0.956049	0
PBG63936_97c56afe_ea890032_43.pod5	4ba898ed-03f2-4b8d-a275-fdda239f2188	ea890032c0387f3c2d4d00fa478dd0c7f420c878	451	1	36102.1	74.4572	36102.2	74.3352	29897	20.2593	unclassified	chr1	350197	370307	10333	29897	-	20309	19365	19119	199	745	246	10	0.65438	0.987297	0.941405	0
PBG63936_97c56afe_ea890032_52.pod5	f0fefdbb-1286-4166-8a06-af135992d9ea	ea890032c0387f3c2d4d00fa478dd0c7f420c878	2486	1	48290.8	20.312	48290.9	20.1912	8107	28.1192	unclassified	chr1	350197	353202	5055	8107	-	3052	3005	2950	47	0	55	1	0.376465	0.981697	0.966579	0
PBG63936_97c56afe_ea890032_62.pod5	6313808f-ddee-4d40-81e1-6df3bcfefae3	ea890032c0387f3c2d4d00fa478dd0c7f420c878	1126	1	66438.1	63.6824	66438.2	63.5472	17060	19.5558	unclassified	chr1	350197	352161	15052	17060	-	2010	1962	1914	46	2	48	1	0.117702	0.975535	0.952239	0
PBG63936_97c56afe_ea890032_68.pod5	8bcf5e4e-7d9d-4966-a6a2-4dfaf9bbf26f	ea890032c0387f3c2d4d00fa478dd0c7f420c878	899	1	78205.6	39.4828	78205.6	39.4808	15546	23.4379	unclassified	chr1	350197	356725	8993	15514	-	6596	6453	6353	68	75	100	1	0.419465	0.984503	0.96316	0
PBG63936_97c56afe_ea890032_74.pod5	b471afe7-d52a-4a32-af6e-76654ea66802	ea890032c0387f3c2d4d00fa478dd0c7f420c878	806	3	84654	38.9828	84654.2	38.7936	12012	25.9382	unclassified	chr1	350197	353144	9014	12012	-	2998	2947	2893	51	0	54	1	0.249584	0.981676	0.964977	0
PBG63936_97c56afe_ea890032_88.pod5	fa91ae56-77c9-427e-b05c-af2217f25e6c	ea890032c0387f3c2d4d00fa478dd0c7f420c878	2116	2	99157.5	25.4204	99157.6	25.3368	10447	26.5232	unclassified	chr1	350197	354758	5833	10447	-	4622	4553	4483	61	8	70	1	0.441658	0.984626	0.969926	0
PBG63936_97c56afe_ea890032_95.pod5	3da81009-374b-484b-bdf3-c40f397d989e	ea890032c0387f3c2d4d00fa478dd0c7f420c878	1121	1	108668	74.2484	108668	74.1036	25445	21.8116	unclassified	chr1	350197	352331	23265	25445	-	2181	2133	2084	47	1	49	1	0.085675	0.977028	0.955525	0
PBG63936_97c56afe_ea890032_73.pod5	6d343fd6-8dbf-4c2a-a177-77f2bb1da6a7	ea890032c0387f3c2d4d00fa478dd0c7f420c878	2268	1	83317.6	6.1688	83317.7	6.072	2393	25.2858	unclassified	chr1	350716	353061	0	2386	+	2387	2344	2324	42	1	20	0	0.997075	0.991468	0.973607	0
PBG63936_97c56afe_ea890032_16.pod5	d843381c-7272-465a-803f-562effa36d61	ea890032c0387f3c2d4d00fa478dd0c7f420c878	2527	2	12901.9	10.6616	12901.9	10.6596	4689	27.6811	unclassified	chr1	351040	355681	30	4681	+	4660	4632	4610	19	9	22	0	0.991896	0.99525	0.98927	0
PBG63936_97c56afe_ea890032_16.pod5	33efcf09-18a8-411a-8d57-c388da08a698	ea890032c0387f3c2d4d00fa478dd0c7f420c878	2527	2	12890.6	11.321	12890.6	11.319	4676	22.1387	unclassified	chr1	351040	355676	8	4645	-	4656	4617	4585	20	19	32	0	0.99166	0.993069	0.984751	0
PBG63936_97c56afe_ea890032_135.pod5	7d3b2d67-176b-4952-9ad4-9272d447c3c6	ea890032c0387f3c2d4d00fa478dd0c7f420c878	2616	3	226853	0.8212	226853	0.8192	342	29.1448	unclassified	chr1	352780	353119	0	339	-	339	339	339	0	0	0	0	0.991228	1	1	0
PBG63936_97c56afe_ea890032_0.pod5	388dcf9d-3581-4b60-801e-fb2c864992d9	ea890032c0387f3c2d4d00fa478dd0c7f420c878	2523	1	650.421	5.3572	650.423	5.3552	2201	24.4679	unclassified	chr1	353204	355358	7	2161	-	2158	2150	2141	4	4	9	0	0.978646	0.995814	0.992122	0
PBG63936_97c56afe_ea890032_135.pod5	c1dc3d71-deaa-4efa-9620-7a90ada50c51	ea890032c0387f3c2d4d00fa478dd0c7f420c878	2616	3	226851	0.8744	226851	0.8724	356	24.178	unclassified	chr1	353377	353731	3	356	-	354	353	353	0	1	0	0	0.991573	1	0.997175	0
PBG63936_97c56afe_ea890032_12.pod5	080c6710-3f4c-453a-93c1-7c2df8ded096	ea890032c0387f3c2d4d00fa478dd0c7f420c878	2046	3	9098.57	0.5462	9098.57	0.5442	230	26.383	unclassified	chr1	353500	353684	12	196	-	184	184	184	0	0	0	0	0.8	1	1	0
PBG63936_97c56afe_ea890032_135.pod5	47564c6e-954a-4ea7-bde4-c31e37af1806	ea890032c0387f3c2d4d00fa478dd0c7f420c878	2616	3	226850	0.4856	226850	0.4836	172	29.3045	unclassified	chr1	354080	354252	0	172	-	172	172	168	0	0	4	0	1	0.976744	0.976744	0
PBG63936_97c56afe_ea890032_1.pod5	04b3f45d-6cf2-4a58-b480-4c9e2af8b631	ea890032c0387f3c2d4d00fa478dd0c7f420c878	1502	3	1475.86	1.634	1475.97	1.5228	731	16.3901	unclassified	chr1	355551	355909	373	731	-	358	358	356	0	0	2	0	0.48974	0.994413	0.994413	0
PBG63936_97c56afe_ea890032_135.pod5	9930d525-b214-430a-ad8e-47217b348fb3	ea890032c0387f3c2d4d00fa478dd0c7f420c878	2616	3	226846	0.35	226846	0.348	118	19.8538	unclassified	chr1	355618	355733	3	118	-	115	115	115	0	0	0	0	0.974576	1	1	0
PBG63936_97c56afe_ea890032_135.pod5	2b22fcc8-3826-4c75-bf95-54c93accd665	ea890032c0387f3c2d4d00fa478dd0c7f420c878	2616	3	226842	0.2604	226842	0.2584	104	17.6725	unclassified	chr1	357122	357226	1	104	-	104	103	103	0	1	0	0	0.990385	1	0.990385	0
PBG63936_97c56afe_ea890032_135.pod5	5753baa7-d5e8-4bda-8815-9d6dc6b8d458	ea890032c0387f3c2d4d00fa478dd0c7f420c878	2616	3	226841	0.2674	226841	0.2654	124	13.3174	unclassified	chr1	357628	357747	4	124	-	120	119	115	1	0	4	0	0.967742	0.966387	0.958333	0
PBG63936_97c56afe_ea890032_135.pod5	09fda62e-4173-4465-a492-92b8293a379e	ea890032c0387f3c2d4d00fa478dd0c7f420c878	2616	3	226840	0.4422	226840	0.4402	169	19.7062	unclassified	chr1	357867	358035	1	169	-	168	168	167	0	0	1	0	0.994083	0.994048	0.994048	0
PBG63936_97c56afe_ea890032_135.pod5	0585c983-5694-4ea0-97f0-7082ebbd9759	ea890032c0387f3c2d4d00fa478dd0c7f420c878	2616	3	226839	1.2086	226839	1.2066	486	24.6545	unclassified	chr1	358042	358528	0	486	-	486	486	485	0	0	1	0	1	0.997942	0.997942	0
PBG63936_97c56afe_ea890032_58.pod5	1b383a46-bfe6-4348-b5e9-66ec80d9650f	ea890032c0387f3c2d4d00fa478dd0c7f420c878	1569	4	59131.4	2.4574	59131.4	2.4554	818	10.0133	unclassified	chr1	359000	359796	31	810	+	821	754	722	25	42	32	1	0.952323	0.95756	0.879415	0
PBG63936_97c56afe_ea890032_135.pod5	e89292dd-5521-429b-8e8e-961d01647148	ea890032c0387f3c2d4d00fa478dd0c7f420c878	2616	3	226837	0.4558	226837	0.4538	147	24.9198	unclassified	chr1	359121	359267	1	147	-	146	146	146	0	0	0	0	0.993197	1	1	0
PBG63936_97c56afe_ea890032_23.pod5	1fb9ad22-120b-4396-9b4d-049fa3426eaa	ea890032c0387f3c2d4d00fa478dd0c7f420c878	2136	4	18074.7	0.9176	18075	0.6984	253	17.3076	unclassified	chr1	359531	359771	11	253	-	242	240	237	2	0	3	0	0.956522	0.9875	0.979339	0
PBG63936_97c56afe_ea890032_26.pod5	05a9763f-84cd-41bd-90eb-bcd0f475b6b8	ea890032c0387f3c2d4d00fa478dd0c7f420c878	1789	3	20686.8	3.1028	20686.9	2.9628	1085	29.356	unclassified	chr1	360584	361664	7	1085	-	1080	1078	1078	0	2	0	0	0.993548	1	0.998148	0
PBG63936_97c56afe_ea890032_135.pod5	638c4c34-ed42-44e6-b3d6-fe9516df09ae	ea890032c0387f3c2d4d00fa478dd0c7f420c878	2616	3	226832	0.466	226832	0.464	208	17.5676	unclassified	chr1	360879	361080	7	208	-	201	201	201	0	0	0	0	0.966346	1	1	0
PBG63936_97c56afe_ea890032_135.pod5	a1becc4b-e8ef-4bda-9d00-f67600f0463c	ea890032c0387f3c2d4d00fa478dd0c7f420c878	2616	3	226831	0.6216	226831	0.6196	268	18.7094	unclassified	chr1	361407	361673	2	268	-	266	266	265	0	0	1	0	0.992537	0.996241	0.996241	0
PBG63936_97c56afe_ea890032_135.pod5	96f9aaaa-3228-4d38-bc11-0efb3c577ed1	ea890032c0387f3c2d4d00fa478dd0c7f420c878	2616	3	226830	0.27	226830	0.268	109	15.6837	unclassified	chr1	361728	361834	3	109	-	106	106	105	0	0	1	0	0.972477	0.990566	0.990566	0
PBG63936_97c56afe_ea890032_115.pod5	f3f20e47-e87d-460f-85d7-7fbb50da8e10	ea890032c0387f3c2d4d00fa478dd0c7f420c878	1157	1	154677	21.0272	154678	20.7384	7853	22.6599	unclassified	chr1	361937	370394	8	7853	-	8499	7803	7749	42	654	54	6	0.998981	0.99308	0.911754	0
PBG63936_97c56afe_ea890032_94.pod5	59ce43c3-f709-4fc9-ab67-a9484b947206	ea890032c0387f3c2d4d00fa478dd0c7f420c878	1339	1	106750	5.2288	106750	5.2268	2344	19.3795	unclassified	chr1	362510	363767	38	1295	+	1258	1256	1250	1	1	6	0	0.536263	0.995223	0.993641	0
PBG63936_97c56afe_ea890032_135.pod5	ce751922-95fa-4594-8b1e-35a066b4824d	ea890032c0387f3c2d4d00fa478dd0c7f420c878	2616	3	226826	0.3094	226826	0.3074	127	16.4794	unclassified	chr1	363468	363593	3	127	-	125	124	122	0	1	2	0	0.976378	0.983871	0.976	0
PBG63936_97c56afe_ea890032_81.pod5	127e45c3-a13d-4924-a481-94d5b6e9203a	ea890032c0387f3c2d4d00fa478dd0c7f420c878	2587	1	90356.3	6.1624	90356.3	6.1604	2531	26.2267	unclassified	chr1	364319	366809	5	2497	-	2492	2490	2488	2	0	2	0	0.984591	0.999197	0.998395	0
PBG63936_97c56afe_ea890032_135.pod5	17a80996-ea38-46dd-bb93-0910d4bbdec7	ea890032c0387f3c2d4d00fa478dd0c7f420c878	2616	3	226823	0.4644	226823	0.4624	197	24.0382	unclassified	chr1	364807	365003	1	197	-	197	195	194	1	1	1	0	0.994924	0.994872	0.984772	0
PBG63936_97c56afe_ea890032_135.pod5	89e3e2cb-f9c4-4dd1-9d73-c3e8e576aa49	ea890032c0387f3c2d4d00fa478dd0c7f420c878	2616	3	226821	0.4742	226821	0.4722	200	22.1375	unclassified	chr1	365381	365579	3	200	-	198	197	195	0	1	2	0	0.985	0.989848	0.984848	0
PBG63936_97c56afe_ea890032_39.pod5	41ce0c5f-bb3b-4841-affd-321b34ebc58d	ea890032c0387f3c2d4d00fa478dd0c7f420c878	574	1	32599.8	5.672	32600	5.5488	2424	29.278	unclassified	chr1	369076	371765	10	2419	+	2694	2404	2381	5	285	23	50	0.993812	0.990433	0.883816	0
PBG63936_97c56afe_ea890032_33.pod5	85a1b45d-8451-4f5c-a769-0d7d85df5997	ea890032c0387f3c2d4d00fa478dd0c7f420c878	2580	1	26086.9	8.882	26087.1	8.712	3308	31.1874	unclassified	chr1	369126	372423	8	3302	+	3298	3293	3264	1	4	29	16	0.995768	0.991193	0.989691	0
PBG63936_97c56afe_ea890032_87.pod5	198c53aa-d79f-41c6-9147-39e21876c520	ea890032c0387f3c2d4d00fa478dd0c7f420c878	1075	2	96445.6	35.0936	96445.8	34.9608	15097	29.8069	unclassified	chr1	369801	384898	0	15091	+	15103	15085	15070	6	12	15	1	0.999603	0.999006	0.997815	0
PBG63936_97c56afe_ea890032_82.pod5	17535d82-dde4-44e5-b7c9-c7d2c65dd803	ea890032c0387f3c2d4d00fa478dd0c7f420c878	1050	2	91787.2	8.9756	91787.3	8.8692	3690	29.3505	unclassified	chr1	370502	374164	0	3611	+	3668	3605	3585	6	57	20	0	0.978591	0.994452	0.977372	0
PBG63936_97c56afe_ea890032_4.pod5	3e8f4fe0-5423-41ec-a611-d48e1cccf431	ea890032c0387f3c2d4d00fa478dd0c7f420c878	820	3	3540.96	4.5452	3541.07	4.4364	1771	24.9758	unclassified	chr1	370938	373121	10	1771	-	2185	1759	1750	2	424	9	1	0.994353	0.994883	0.800915	0
PBG63936_97c56afe_ea890032_67.pod5	b9abd755-c575-4228-8d31-7e5db89b6226	ea890032c0387f3c2d4d00fa478dd0c7f420c878	618	2	77344.5	3.3692	77344.6	3.2424	1241	16.151	unclassified	chr1	371992	372640	593	1241	-	648	648	646	0	0	2	0	0.52216	0.996914	0.996914	0
PBG63936_97c56afe_ea890032_19.pod5	27059211-c372-477e-9f1f-2fa67b2ba255	ea890032c0387f3c2d4d00fa478dd0c7f420c878	2762	2	15386.4	13.3244	15386.4	13.3224	5695	27.017	unclassified	chr1	373009	378661	35	5688	+	5659	5646	5640	7	6	6	0	0.992625	0.998937	0.996643	0
PBG63936_97c56afe_ea890032_19.pod5	0cfa67af-7779-4ab3-b53f-390d22356a56	ea890032c0387f3c2d4d00fa478dd0c7f420c878	2762	2	15400.3	12.7076	15400.4	12.6228	5652	22.6658	unclassified	chr1	373009	378661	9	5652	-	5660	5635	5618	8	17	17	0	0.998408	0.996983	0.99258	0
PBG63936_97c56afe_ea890032_97.pod5	37a74887-1c40-43f4-9395-79fad24f83ee	ea890032c0387f3c2d4d00fa478dd0c7f420c878	118	4	110365	43.8092	110365	43.8072	14675	25.0799	unclassified	chr1	373136	387610	5	14648	-	14859	14258	14182	385	216	76	24	0.997819	0.99467	0.954438	0
PBG63936_97c56afe_ea890032_99.pod5	2936e532-98a1-46ef-abed-e0fd5d22152b	ea890032c0387f3c2d4d00fa478dd0c7f420c878	501	2	112796	0.7004	112796	0.618	341	31.2504	unclassified	chr1	373891	374219	0	329	+	329	328	328	1	0	0	0	0.964809	1	0.99696	0
PBG63936_97c56afe_ea890032_99.pod5	c2ebd759-e78d-4122-b56a-0620c78ed2a0	ea890032c0387f3c2d4d00fa478dd0c7f420c878	501	2	112795	1.2248	112795	1.1016	335	28.8685	unclassified	chr1	373891	374219	7	335	-	328	328	328	0	0	0	0	0.979104	1	1	0
PBG63936_97c56afe_ea890032_104.pod5	1a9b18e2-9cf9-4ed6-9fa6-ffc707b1966e	ea890032c0387f3c2d4d00fa478dd0c7f420c878	1139	4	123461	3.9992	123461	3.8592	1611	29.4718	unclassified	chr1	374827	376439	0	1607	+	1614	1605	1581	2	7	24	0	0.997517	0.985047	0.979554	0
PBG63936_97c56afe_ea890032_44.pod5	74e39917-5092-4d3e-8db3-78eecbc5df96	ea890032c0387f3c2d4d00fa478dd0c7f420c878	1112	1	38055.7	36.8108	38055.7	36.75	18734	18.0606	unclassified	chr1	375319	394125	0	18727	+	18921	18612	18490	115	194	122	4	0.999626	0.993445	0.977221	0
PBG63936_97c56afe_ea890032_44.pod5	574ccaf1-7c5f-4047-a172-a31f7d5a5c29	ea890032c0387f3c2d4d00fa478dd0c7f420c878	1112	1	38007.6	48.0236	38007.7	47.8884	18818	26.591	unclassified	chr1	375319	394125	8	18818	-	18825	18791	18778	19	15	13	1	0.999575	0.999308	0.997503	0
PBG63936_97c56afe_ea890032_84.pod5	237718bc-c809-44ec-9c09-eee341b9c86e	ea890032c0387f3c2d4d00fa478dd0c7f420c878	2258	3	94749.3	8.8868	94749.5	8.694	3838	27.7163	unclassified	chr1	375569	379437	6	3838	-	3868	3832	3814	0	36	18	0	0.998437	0.995303	0.986039	0
PBG63936_97c56afe_ea890032_67.pod5	8d5b1f6c-f335-4884-b698-d038101cb17f	ea890032c0387f3c2d4d00fa478dd0c7f420c878	2176	4	77385.9	1.0124	77386.1	0.8304	345	25.2249	unclassified	chr1	376177	376514	0	335	+	337	335	331	0	2	4	0	0.971014	0.98806	0.982196	0
PBG63936_97c56afe_ea890032_55.pod5	aa4fe365-c506-433f-a70d-4614d069c208	ea890032c0387f3c2d4d00fa478dd0c7f420c878	2666	2	52630.1	7.3508	52630.5	7.0356	1355	7.25827	unclassified	chr1	377582	378934	0	1353	+	1439	1266	1151	87	86	115	1	0.998524	0.909163	0.799861	0
PBG63936_97c56afe_ea890032_25.pod5	15b4784b-cf72-4da8-a757-4a51657a0a84	ea890032c0387f3c2d4d00fa478dd0c7f420c878	1559	2	19894.9	70.5704	19895	70.4496	27281	29.917	unclassified	chr1	379036	406298	0	27280	+	27464	27078	26952	202	184	126	1	0.999963	0.995347	0.981357	0
PBG63936_97c56afe_ea890032_108.pod5	1178be66-e5ad-469b-82cf-e6a0c5fc9e2f	ea890032c0387f3c2d4d00fa478dd0c7f420c878	867	1	130458	0.56	130458	0.3312	103	21.6617	unclassified	chr1	379655	379757	0	103	+	103	102	102	1	0	0	0	1	1	0.990291	0
PBG63936_97c56afe_ea890032_98.pod5	4266df05-0f50-4b2b-8e65-25cd2223bd2b	ea890032c0387f3c2d4d00fa478dd0c7f420c878	129	1	111724	2.3672	111724	2.2632	900	32.6342	unclassified	chr1	379865	380763	0	900	-	900	898	898	2	0	0	0	1	1	0.997778	0
PBG63936_97c56afe_ea890032_66.pod5	9c9634d5-9e7a-4fed-9756-333e3daf8087	ea890032c0387f3c2d4d00fa478dd0c7f420c878	323	1	76280.4	30.9148	76280.4	30.9128	13150	21.9117	unclassified	chr1	380395	393514	0	13120	-	13154	13085	13039	35	34	46	1	0.997719	0.996485	0.991257	0
PBG63936_97c56afe_ea890032_18.pod5	9f7d0754-76d8-48a1-813e-42f2515c817d	ea890032c0387f3c2d4d00fa478dd0c7f420c878	2480	4	14555.9	11.2172	14556	11.1192	4850	29.7707	unclassified	chr1	382538	387382	8	4850	-	4845	4841	4837	1	3	4	0	0.998351	0.999174	0.998349	0
PBG63936_97c56afe_ea890032_104.pod5	f747850f-7e82-4718-8c65-f24de0e19e27	ea890032c0387f3c2d4d00fa478dd0c7f420c878	1458	1	123411	18.6476	123411	18.4464	3746	12.6698	unclassified	chr1	382587	386162	37	3746	-	3741	3543	3516	166	32	27	3	0.990123	0.992379	0.939856	0
PBG63936_97c56afe_ea890032_144.pod5	89fd8c8a-1dd7-41ac-bef1-f09225d5de10	ea890032c0387f3c2d4d00fa478dd0c7f420c878	2591	3	253625	8.6712	253625	8.4384	3050	16.8783	unclassified	chr1	382667	385648	1	2972	+	2986	2966	2950	5	15	16	0	0.974098	0.994606	0.987944	0
PBG63936_97c56afe_ea890032_19.pod5	7530398c-4cd8-4a81-b6c4-8b6259898537	ea890032c0387f3c2d4d00fa478dd0c7f420c878	970	4	14675.4	91.0424	14675.5	90.8676	33367	29.3133	unclassified	chr1	382694	416009	6	33367	-	33408	33268	33140	93	47	128	1	0.99982	0.996152	0.991978	0
PBG63936_97c56afe_ea890032_117.pod5	330890b0-dd86-4349-aaa5-98a9628d3958	ea890032c0387f3c2d4d00fa478dd0c7f420c878	1627	4	162926	1.3388	162926	1.3368	494	28.5181	unclassified	chr1	383352	383815	26	487	+	464	460	459	1	3	1	0	0.933198	0.997826	0.989224	0
PBG63936_97c56afe_ea890032_70.pod5	cb603550-ec74-4932-8a9a-1fc77b9660a1	ea890032c0387f3c2d4d00fa478dd0c7f420c878	520	4	80167.4	73.8908	80167.5	73.7784	33749	25.6673	unclassified	chr1	383509	417212	0	33749	+	33827	33625	33482	124	78	143	1	1	0.995747	0.989801	0
PBG63936_97c56afe_ea890032_71.pod5	2c7eb355-8730-41e4-a589-68adddefaf27	ea890032c0387f3c2d4d00fa478dd0c7f420c878	1726	1	81822.5	0.8424	81822.6	0.8404	239	12.031	unclassified	chr1	383579	383781	11	204	-	206	189	185	4	13	4	0	0.807531	0.978836	0.898058	0
PBG63936_97c56afe_ea890032_87.pod5	38cf77d4-42b9-4a7e-82ce-84ae97482940	ea890032c0387f3c2d4d00fa478dd0c7f420c878	300	3	96674.3	96.7076	96674.4	96.5964	39918	32.3056	unclassified	chr1	383837	423731	0	39918	+	39999	39813	39689	105	81	124	1	1	0.996885	0.99225	0
PBG63936_97c56afe_ea890032_32.pod5	341ab6bc-6c95-4786-9e1d-600e171b7e33	ea890032c0387f3c2d4d00fa478dd0c7f420c878	2517	3	25791.4	1.6124	25791.5	1.4616	493	27.844	unclassified	chr1	383879	384371	1	493	-	492	492	492	0	0	0	0	0.997972	1	1	0
PBG63936_97c56afe_ea890032_20.pod5	56398b5c-237d-422b-8d7c-42320b29e363	ea890032c0387f3c2d4d00fa478dd0c7f420c878	1325	4	15536.6	28.076	15536.7	27.9684	10861	30.1003	unclassified	chr1	383914	394762	0	10861	-	10869	10840	10797	21	8	43	1	1	0.996033	0.993376	0
PBG63936_97c56afe_ea890032_93.pod5	fd7c69d5-db79-45ff-8b8d-9f2d56c12a17	ea890032c0387f3c2d4d00fa478dd0c7f420c878	2371	3	105437	19.8836	105437	19.7412	8294	24.9536	unclassified	chr1	384350	392648	6	8294	-	8304	8282	8269	6	16	13	3	0.999277	0.99843	0.995785	0
PBG63936_97c56afe_ea890032_5.pod5	4c6640aa-4adc-469b-9e92-4761f7217e6e	ea890032c0387f3c2d4d00fa478dd0c7f420c878	1439	1	4563.04	97.1442	4563.04	97.1422	28975	16.0081	unclassified	chr1	384871	413877	42	28969	+	29300	28633	28296	294	373	337	1	0.998343	0.98823	0.965734	0
PBG63936_97c56afe_ea890032_88.pod5	c917766d-d315-4bb4-b9f3-a77fdd6fd102	ea890032c0387f3c2d4d00fa478dd0c7f420c878	1233	4	98172.5	10.0208	98172.6	9.9252	4188	23.6571	unclassified	chr1	386660	390833	0	4179	+	4183	4169	4166	10	4	3	0	0.997851	0.99928	0.995936	0
PBG63936_97c56afe_ea890032_55.pod5	9352db5b-6fa4-43ba-a0e9-2cbcce2e6ed8	ea890032c0387f3c2d4d00fa478dd0c7f420c878	2060	3	52384.3	27.188	52384.4	27.0768	10406	28.2341	unclassified	chr1	388806	399221	0	10406	-	10420	10401	10395	5	14	6	1	1	0.999423	0.997601	0
PBG63936_97c56afe_ea890032_15.pod5	62f9cb9b-2070-437f-97b1-bf7cb5f9b9b8	ea890032c0387f3c2d4d00fa478dd0c7f420c878	2793	1	12003.9	27.9846	12003.9	27.9826	11478	29.6116	unclassified	chr1	389408	400809	0	11446	-	11459	11388	11339	58	13	49	2	0.997212	0.995697	0.989528	0
PBG63936_97c56afe_ea890032_5.pod5	5a39eb9f-4164-48f2-83a5-2b504c154f23	ea890032c0387f3c2d4d00fa478dd0c7f420c878	627	3	4743.45	69.1664	4743.57	69.0504	28459	28.6748	unclassified	chr1	389550	417997	7	28459	-	28477	28422	28402	30	25	20	3	0.999754	0.999296	0.997366	0
PBG63936_97c56afe_ea890032_65.pod5	64176483-a18b-4909-b48a-87583c1548a0	ea890032c0387f3c2d4d00fa478dd0c7f420c878	1301	2	74033	57.2708	74033.1	57.162	23114	22.2462	unclassified	chr1	390070	412427	736	23114	-	22411	22324	22263	54	33	61	7	0.968158	0.997268	0.993396	0
PBG63936_97c56afe_ea890032_97.pod5	8057008d-b43f-471f-8ce1-b9d7247f8a08	ea890032c0387f3c2d4d00fa478dd0c7f420c878	474	3	110708	27.5072	110708	27.3816	11052	25.0828	unclassified	chr1	390347	400947	0	10610	+	10634	10576	10540	34	24	36	1	0.960007	0.996596	0.99116	0
PBG63936_97c56afe_ea890032_130.pod5	836f6a75-46fc-4425-9bad-ba427174056d	ea890032c0387f3c2d4d00fa478dd0c7f420c878	2290	3	208825	20.4716	208825	20.3604	7662	21.7457	unclassified	chr1	390718	398347	0	7662	-	7694	7597	7547	65	32	50	1	1	0.993418	0.980894	0
PBG63936_97c56afe_ea890032_17.pod5	b99a2799-9e89-4190-96f0-b52889a83b03	ea890032c0387f3c2d4d00fa478dd0c7f420c878	2185	3	13211.4	5.2988	13211.6	5.1516	2074	28.0699	unclassified	chr1	390854	392923	7	2074	-	2070	2066	2065	1	3	1	12	0.996625	0.999516	0.997585	0
PBG63936_97c56afe_ea890032_14.pod5	39928262-8fe8-4f78-a09b-9f7bd715879c	ea890032c0387f3c2d4d00fa478dd0c7f420c878	2887	4	10568	1.0232	10568.1	0.8784	378	26.7862	unclassified	chr1	391044	391411	11	378	-	367	367	367	0	0	0	0	0.970899	1	1	0
PBG63936_97c56afe_ea890032_91.pod5	899aa5af-a692-4d18-96d6-e92a1ecd35a5	ea890032c0387f3c2d4d00fa478dd0c7f420c878	845	1	102288	0.9642	102288	0.9622	386	24.1066	unclassified	chr1	391570	391918	6	353	-	348	347	347	0	1	0	0	0.898964	1	0.997126	0
PBG63936_97c56afe_ea890032_67.pod5	1b0fd63c-eca4-4039-b0a2-e81c88b3be74	ea890032c0387f3c2d4d00fa478dd0c7f420c878	817	2	77289.5	1.2464	77289.6	1.1592	537	25.1437	unclassified	chr1	392465	392992	10	537	-	527	527	526	0	0	1	0	0.981378	0.998102	0.998102	0
PBG63936_97c56afe_ea890032_4.pod5	59e2ceaa-19d6-4db9-a559-f27cf9be412f	ea890032c0387f3c2d4d00fa478dd0c7f420c878	580	3	3911.64	53.5088	3911.64	53.5068	20705	16.0278	unclassified	chr1	392842	413567	26	20705	+	20931	20473	20133	206	252	340	1	0.998744	0.983393	0.961875	0
PBG63936_97c56afe_ea890032_48.pod5	eb5ab630-cba5-4a8b-a979-159e749022ed	ea890032c0387f3c2d4d00fa478dd0c7f420c878	532	4	42660.2	41.1956	42660.3	41.1144	16739	28.9075	unclassified	chr1	393073	409773	0	16733	+	16752	16681	16634	52	19	47	6	0.999642	0.997182	0.992956	0
PBG63936_97c56afe_ea890032_54.pod5	20e64d64-9d29-44bc-9e02-e81bbe85dbe7	ea890032c0387f3c2d4d00fa478dd0c7f420c878	693	2	52157.5	58.0616	52157.6	57.972	25534	27.163	unclassified	chr1	393194	418700	0	25527	+	25611	25422	25315	105	84	107	1	0.999726	0.995791	0.988442	0
PBG63936_97c56afe_ea890032_93.pod5	8ad8ae8a-67e7-4778-aa4d-9e53cd978bff	ea890032c0387f3c2d4d00fa478dd0c7f420c878	1394	1	105883	56.2204	105883	56.2184	22880	7.23812	unclassified	chr1	393785	405040	12105	22829	-	11641	10338	9441	386	917	897	1	0.468706	0.913233	0.811013	0
PBG63936_97c56afe_ea890032_39.pod5	13272ea8-f33a-4f7b-aa26-c64e374d1eb8	ea890032c0387f3c2d4d00fa478dd0c7f420c878	2290	1	33018.3	87.5768	33018.4	87.4488	34181	30.1507	unclassified	chr1	394152	428319	0	34181	+	34250	34098	33990	83	69	108	1	1	0.996833	0.992409	0
PBG63936_97c56afe_ea890032_93.pod5	c3832754-79ff-4713-b228-a844fdc4574e	ea890032c0387f3c2d4d00fa478dd0c7f420c878	1824	4	105020	5.8952	105020	5.7876	2494	26.6078	unclassified	chr1	394246	396738	7	2494	-	2492	2487	2485	0	5	2	1	0.997193	0.999196	0.997191	0
PBG63936_97c56afe_ea890032_98.pod5	3fe33d1a-ade8-453b-996e-a62714ede968	ea890032c0387f3c2d4d00fa478dd0c7f420c878	1044	3	111327	74.714	111328	74.6364	31856	24.3856	unclassified	chr1	394926	426828	0	31856	+	31945	31813	31757	43	89	56	2	1	0.99824	0.994115	0
PBG63936_97c56afe_ea890032_107.pod5	0f928690-006d-40f1-87b9-dd2118190b11	ea890032c0387f3c2d4d00fa478dd0c7f420c878	1350	4	127807	103.628	127807	103.493	43263	29.3997	unclassified	chr1	394929	436742	0	43263	+	43313	41763	41612	1500	50	151	1	1	0.996384	0.960728	0
PBG63936_97c56afe_ea890032_133.pod5	3d441304-d603-4eb6-b8cc-d0e64aebd64c	ea890032c0387f3c2d4d00fa478dd0c7f420c878	1060	4	218224	67.448	218224	67.3476	23282	23.5486	unclassified	chr1	395435	418689	8	23282	-	23332	23196	23106	78	58	90	2	0.999656	0.99612	0.990314	0
PBG63936_97c56afe_ea890032_109.pod5	4f2192f4-bb0b-4788-8924-3442377ecda5	ea890032c0387f3c2d4d00fa478dd0c7f420c878	2586	1	134821	0.4022	134821	0.4002	165	36.0542	unclassified	chr1	396623	396753	35	165	+	130	130	130	0	0	0	0	0.787879	1	1	0
PBG63936_97c56afe_ea890032_94.pod5	de00f198-b84f-4559-9a14-77f6ee7a8ef7	ea890032c0387f3c2d4d00fa478dd0c7f420c878	2286	1	106626	70.9628	106626	70.878	30998	20.2091	unclassified	chr1	396685	427413	0	30998	+	31092	30634	30514	364	94	120	4	1	0.996083	0.98141	0
PBG63936_97c56afe_ea890032_104.pod5	1f2082f0-576f-4c28-9976-3f9678819494	ea890032c0387f3c2d4d00fa478dd0c7f420c878	1467	2	123351	77.7104	123351	77.5896	31015	27.0737	unclassified	chr1	396812	427823	0	31015	-	31051	30975	30945	40	36	30	1	1	0.999031	0.996586	0
PBG63936_97c56afe_ea890032_47.pod5	7c819483-75c9-4dc7-8974-68c0538d99ec	ea890032c0387f3c2d4d00fa478dd0c7f420c878	953	1	41755.6	0.7388	41755.8	0.54	244	25.043	unclassified	chr1	397151	397384	0	233	+	233	233	233	0	0	0	0	0.954918	1	1	0
PBG63936_97c56afe_ea890032_37.pod5	9c2e8ca8-7927-465d-80ea-10873b3e0673	ea890032c0387f3c2d4d00fa478dd0c7f420c878	420	4	31047.7	63.0824	31047.8	62.9712	25275	30.3183	unclassified	chr1	397722	423005	0	25275	+	25343	25215	25142	60	68	73	2	1	0.997105	0.992069	0
PBG63936_97c56afe_ea890032_52.pod5	bc5bc303-4e63-402a-8d1a-2ec5c29e7e6a	ea890032c0387f3c2d4d00fa478dd0c7f420c878	689	1	48533.8	4.4672	48533.9	4.3704	1638	27.7379	unclassified	chr1	398219	399853	6	1638	-	1634	1632	1632	0	2	0	0	0.996337	1	0.998776	0
PBG63936_97c56afe_ea890032_52.pod5	3817f95e-bf12-4a78-a9f7-fa333279897f	ea890032c0387f3c2d4d00fa478dd0c7f420c878	689	1	48538.3	3.944	48538.5	3.7872	1647	28.0286	unclassified	chr1	398221	399853	0	1637	+	1638	1631	1630	6	1	1	0	0.993928	0.999387	0.995116	0
PBG63936_97c56afe_ea890032_8.pod5	02d480b0-7e62-4702-893e-a16f9426566c	ea890032c0387f3c2d4d00fa478dd0c7f420c878	2281	1	7225.39	1.0988	7225.48	1.008	470	26.3869	unclassified	chr1	398301	398758	0	460	+	460	457	457	3	0	0	0	0.978723	1	0.993478	0
PBG63936_97c56afe_ea890032_90.pod5	8528550d-483e-47f0-a376-ad5182c9ca1e	ea890032c0387f3c2d4d00fa478dd0c7f420c878	2918	3	100916	54.5108	100916	54.4236	21667	28.3449	unclassified	chr1	398859	420534	0	21660	+	21698	21637	21590	23	38	47	6	0.999677	0.997828	0.995023	0
PBG63936_97c56afe_ea890032_115.pod5	573d7369-b083-47d8-a1d9-9e16e7a42fd3	ea890032c0387f3c2d4d00fa478dd0c7f420c878	850	4	156460	26.6508	156460	26.6488	9674	15.7568	unclassified	chr1	399914	409577	36	9674	+	9766	9535	9403	103	128	132	7	0.996279	0.986156	0.96283	0
PBG63936_97c56afe_ea890032_70.pod5	007696e6-ff6c-4755-bb43-3718ceb335d1	ea890032c0387f3c2d4d00fa478dd0c7f420c878	1535	3	80102.4	34.6344	80102.4	34.6324	12801	17.9419	unclassified	chr1	400025	412811	33	12795	+	12864	12684	12552	78	102	132	4	0.996953	0.989593	0.975746	0
PBG63936_97c56afe_ea890032_8.pod5	ee106ee5-68b6-4b91-ac90-738d8ff7b670	ea890032c0387f3c2d4d00fa478dd0c7f420c878	605	3	6859.21	45.2792	6859.3	45.192	26923	21.7425	unclassified	chr1	400146	427156	0	26918	+	27065	26863	26765	55	147	98	3	0.999814	0.996352	0.988916	0
PBG63936_97c56afe_ea890032_101.pod5	5eda94bf-e702-413c-a565-f97dc0349d59	ea890032c0387f3c2d4d00fa478dd0c7f420c878	380	3	117134	21.8972	117134	21.7548	8183	15.8382	unclassified	chr1	401167	409029	0	8175	+	8180	7857	7847	318	5	10	6	0.999022	0.998727	0.959291	0
PBG63936_97c56afe_ea890032_0.pod5	4809e55d-271a-4120-b9f0-5e2133cf1f0d	ea890032c0387f3c2d4d00fa478dd0c7f420c878	2836	2	607.146	76.8992	607.269	76.776	29165	24.0776	unclassified	chr1	401343	427297	3233	29165	-	25963	25923	25890	9	31	33	2	0.889148	0.998727	0.997188	0
PBG63936_97c56afe_ea890032_120.pod5	42404d00-a5be-4a18-9431-0af1fb872d09	ea890032c0387f3c2d4d00fa478dd0c7f420c878	1794	1	173176	19.9604	173176	19.854	8217	24.0356	unclassified	chr1	401343	409544	10	8217	-	8218	8190	8167	17	11	23	3	0.998783	0.997192	0.993794	0
PBG63936_97c56afe_ea890032_82.pod5	ff13eb52-4dcf-47d4-b6a2-8fe12e18d0fa	ea890032c0387f3c2d4d00fa478dd0c7f420c878	639	3	91671.3	63.9496	91671.3	63.9476	28731	16.8036	unclassified	chr1	401699	430478	42	28721	+	29001	28457	28081	222	322	376	1	0.99819	0.986787	0.968277	0
PBG63936_97c56afe_ea890032_46.pod5	d14a6c93-2261-4942-a03d-0ca828d3cdb4	ea890032c0387f3c2d4d00fa478dd0c7f420c878	2213	1	40274.6	0.6116	40274.6	0.6096	246	25.1074	unclassified	chr1	401790	402022	0	232	+	232	232	232	0	0	0	0	0.943089	1	1	0
PBG63936_97c56afe_ea890032_112.pod5	a647c1af-0c17-4a3d-bd20-0b103b57ffba	ea890032c0387f3c2d4d00fa478dd0c7f420c878	1031	1	144978	1.448	144978	1.3032	428	23.308	unclassified	chr1	401986	402403	0	417	+	417	417	415	0	0	2	0	0.974299	0.995204	0.995204	0
PBG63936_97c56afe_ea890032_82.pod5	559e5779-df7a-4a71-8af2-ed654d746cea	ea890032c0387f3c2d4d00fa478dd0c7f420c878	639	3	91589.4	81.8524	91589.4	81.8504	28481	18.1684	unclassified	chr1	402054	430479	0	28450	-	28648	28227	27919	223	198	308	3	0.998912	0.989088	0.974553	0
PBG63936_97c56afe_ea890032_93.pod5	709da3e5-d91b-425d-a19c-ccc4e8289519	ea890032c0387f3c2d4d00fa478dd0c7f420c878	1036	4	104983	1.5504	104983	1.5484	704	19.4033	unclassified	chr1	402248	402956	0	704	-	713	699	695	5	9	4	0	1	0.994278	0.974755	0
PBG63936_97c56afe_ea890032_138.pod5	d0337951-658e-481e-b37e-bb9bacde65cc	ea890032c0387f3c2d4d00fa478dd0c7f420c878	1147	1	237670	21.6918	237670	21.6898	9929	22.35	unclassified	chr1	402381	412289	0	9902	-	9928	9882	9850	20	26	32	5	0.997281	0.996762	0.992143	0
PBG63936_97c56afe_ea890032_85.pod5	defccf10-f31e-40aa-9c02-c7aab535e4a4	ea890032c0387f3c2d4d00fa478dd0c7f420c878	1577	4	96273.2	0.6752	96273.3	0.5988	191	26.6076	unclassified	chr1	402431	402612	10	191	-	181	181	181	0	0	0	0	0.947644	1	1	0
PBG63936_97c56afe_ea890032_73.pod5	146981d0-1dc8-4456-a80f-c530fb9c8845	ea890032c0387f3c2d4d00fa478dd0c7f420c878	1655	3	83534.5	13.9222	83534.5	13.9202	5735	29.5514	unclassified	chr1	402727	408412	37	5727	+	5691	5684	5676	6	1	8	1	0.992153	0.998593	0.997364	0
PBG63936_97c56afe_ea890032_73.pod5	367a3fe9-79f9-45d2-bef6-6cfb9c9af175	ea890032c0387f3c2d4d00fa478dd0c7f420c878	1655	3	83548.6	13.196	83548.7	13.1076	5689	28.6086	unclassified	chr1	402727	408412	6	5689	-	5689	5679	5667	4	6	12	1	0.998945	0.997887	0.996133	0
PBG63936_97c56afe_ea890032_41.pod5	45ad6d45-fe73-492b-b62d-1f5bebd7dc3a	ea890032c0387f3c2d4d00fa478dd0c7f420c878	976	2	34675.4	6.2084	34675.6	6.0636	2587	26.8636	unclassified	chr1	402906	405480	0	2577	+	2578	2573	2570	4	1	3	2	0.996135	0.998834	0.996897	0
PBG63936_97c56afe_ea890032_68.pod5	4bc697f0-5efc-44d9-ab65-0c6bef20e980	ea890032c0387f3c2d4d00fa478dd0c7f420c878	1369	1	77997.4	60.836	77997.6	60.7032	22363	26.8058	unclassified	chr1	403244	425375	0	22175	+	22200	22106	22032	69	25	74	5	0.991593	0.996652	0.992432	0
PBG63936_97c56afe_ea890032_95.pod5	f6241e7e-ab46-4772-98c3-bdfb97c3e8a4	ea890032c0387f3c2d4d00fa478dd0c7f420c878	403	2	109150	50.9432	109150	50.796	20491	30.5654	unclassified	chr1	403615	424109	0	20484	+	20508	20470	20448	14	24	22	6	0.999658	0.998925	0.997074	0
PBG63936_97c56afe_ea890032_93.pod5	ae3af718-e3f2-4476-8aa0-19a1ef929e78	ea890032c0387f3c2d4d00fa478dd0c7f420c878	1036	4	104979	2.4776	104979	2.4756	1078	27.6122	unclassified	chr1	403738	404817	0	1078	-	1080	1077	1077	1	2	0	0	1	1	0.997222	0
PBG63936_97c56afe_ea890032_73.pod5	45644bb7-f4c0-43e8-a065-43d035eb5282	ea890032c0387f3c2d4d00fa478dd0c7f420c878	420	1	83796.1	5.4608	83796.2	5.316	2211	30.874	unclassified	chr1	404154	406355	5	2211	-	2206	2201	2200	5	0	1	14	0.997739	0.999546	0.99728	0
PBG63936_97c56afe_ea890032_54.pod5	85115263-7659-44ad-a0c4-00a6f79da628	ea890032c0387f3c2d4d00fa478dd0c7f420c878	693	2	52123.6	33.872	52123.7	33.7644	14295	29.7329	unclassified	chr1	404394	418700	0	14295	-	14355	14246	14200	49	60	46	4	1	0.996771	0.989202	0
PBG63936_97c56afe_ea890032_93.pod5	fb4788f0-2c35-4458-b9f7-b149f84942dd	ea890032c0387f3c2d4d00fa478dd0c7f420c878	1036	4	104977	1.1326	104977	1.1306	471	27.5151	unclassified	chr1	405251	405727	0	471	-	476	471	470	0	5	1	0	1	0.997877	0.987395	0
PBG63936_97c56afe_ea890032_1.pod5	979e2f3f-eb2f-471e-a470-cc8c6d09fd2e	ea890032c0387f3c2d4d00fa478dd0c7f420c878	1815	1	1695.41	1.1324	1695.51	1.0368	411	24.4296	unclassified	chr1	405411	405811	11	411	-	400	400	400	0	0	0	0	0.973236	1	1	0
PBG63936_97c56afe_ea890032_95.pod5	9da01f25-0ba4-4305-a9f0-7b1fe0de72a3	ea890032c0387f3c2d4d00fa478dd0c7f420c878	676	1	108386	13.0412	108386	12.8832	5448	29.0496	unclassified	chr1	405441	410886	6	5448	-	5448	5439	5435	3	6	4	6	0.998899	0.999265	0.997614	0
PBG63936_97c56afe_ea890032_114.pod5	6af70a08-c7cb-4c91-9684-9e587db2705b	ea890032c0387f3c2d4d00fa478dd0c7f420c878	1240	4	152691	9.5756	152691	9.3816	3922	23.6478	unclassified	chr1	405499	409428	4	3922	+	3929	3918	3907	0	11	11	9	0.99898	0.997192	0.994401	0
PBG63936_97c56afe_ea890032_53.pod5	cfce8cf2-d018-4e8a-b13c-62f55e58de59	ea890032c0387f3c2d4d00fa478dd0c7f420c878	816	2	49028.3	1.2296	49028.4	1.0716	389	33.9489	unclassified	chr1	405838	406221	6	389	-	383	383	381	0	0	2	0	0.984576	0.994778	0.994778	0
PBG63936_97c56afe_ea890032_93.pod5	1d9245fb-1be9-4d56-9eb7-ce76398b2cf2	ea890032c0387f3c2d4d00fa478dd0c7f420c878	1036	4	104968	8.1728	104968	8.1708	3769	20.734	unclassified	chr1	405904	409681	0	3769	-	3792	3754	3745	15	23	9	10	1	0.997603	0.987606	0
PBG63936_97c56afe_ea890032_42.pod5	e7e782e3-a1b7-4682-bd93-8aadf1ddc380	ea890032c0387f3c2d4d00fa478dd0c7f420c878	2307	2	35524.5	17.1632	35524.6	17.0856	6544	19.9242	unclassified	chr1	405962	412098	0	6128	+	6138	6126	6120	2	10	6	6	0.93643	0.999021	0.997067	0
PBG63936_97c56afe_ea890032_113.pod5	52ce6d0b-145c-4f14-8f41-de80af8734ee	ea890032c0387f3c2d4d00fa478dd0c7f420c878	2121	1	147957	15.3728	147957	15.2532	6230	28.0122	unclassified	chr1	406316	412553	0	6230	-	6240	6227	6219	3	10	8	5	1	0.998715	0.996635	0
PBG63936_97c56afe_ea890032_97.pod5	c40810d4-a584-477e-abb2-7e0177f98797	ea890032c0387f3c2d4d00fa478dd0c7f420c878	802	4	110487	6.0998	110487	6.0978	2605	16.1353	unclassified	chr1	406669	409400	11	2573	-	2742	2551	2512	11	180	39	15	0.983493	0.984712	0.91612	0
PBG63936_97c56afe_ea890032_17.pod5	57afe29a-578b-407a-b2bd-d6338127a361	ea890032c0387f3c2d4d00fa478dd0c7f420c878	1959	1	13308.3	33.92	13308.5	33.8112	11647	28.9452	unclassified	chr1	406678	413571	4756	11642	+	6900	6879	6857	7	14	22	1	0.591225	0.996802	0.993768	0
PBG63936_97c56afe_ea890032_17.pod5	b4a0f1de-7a1e-483b-ba41-89744611f0ca	ea890032c0387f3c2d4d00fa478dd0c7f420c878	1959	1	13274.9	33.2996	13274.9	33.2976	11676	30.2232	unclassified	chr1	406678	413571	4761	11643	-	6895	6880	6861	2	13	19	1	0.589414	0.997238	0.995069	0
PBG63936_97c56afe_ea890032_10.pod5	3d911d45-7bf2-4212-b035-0872c338fba3	ea890032c0387f3c2d4d00fa478dd0c7f420c878	696	3	8536.47	0.8588	8536.62	0.702	274	24.7535	unclassified	chr1	406728	406992	11	274	-	264	263	263	0	1	0	0	0.959854	1	0.996212	0
PBG63936_97c56afe_ea890032_85.pod5	91430de4-854a-41b0-aeb5-40274cab28a8	ea890032c0387f3c2d4d00fa478dd0c7f420c878	1139	4	95901.4	16.3032	95901.4	16.3012	6874	28.0976	unclassified	chr1	407045	413879	8	6837	-	6840	6823	6802	6	11	21	5	0.993454	0.996922	0.994444	0
PBG63936_97c56afe_ea890032_1.pod5	b9a57027-23be-4bd0-a12b-c341b699b047	ea890032c0387f3c2d4d00fa478dd0c7f420c878	528	2	1342.98	1.5176	1343.15	1.344	313	19.7703	unclassified	chr1	407083	407384	0	301	+	301	301	301	0	0	0	0	0.961661	1	1	0
PBG63936_97c56afe_ea890032_85.pod5	fa309583-77b1-4bda-b647-4dd446a0afe9	ea890032c0387f3c2d4d00fa478dd0c7f420c878	855	4	96106.9	62.2388	96107	62.1108	25630	26.0252	unclassified	chr1	407192	422103	10698	25630	-	14965	14878	14806	54	33	72	1	0.582599	0.995161	0.989375	0
PBG63936_97c56afe_ea890032_82.pod5	9e9f7213-3663-49a9-a8d7-bbcd410c99ef	ea890032c0387f3c2d4d00fa478dd0c7f420c878	1460	3	91764.5	1.4576	91764.6	1.3584	589	26.6286	unclassified	chr1	407490	408068	11	589	-	578	578	578	0	0	0	0	0.981324	1	1	0
PBG63936_97c56afe_ea890032_63.pod5	bb5cb504-71c7-4a3c-a7b4-3c0a134af6f3	ea890032c0387f3c2d4d00fa478dd0c7f420c878	39	1	69210.8	0.8384	69210.9	0.7128	299	23.1955	unclassified	chr1	407746	407877	0	131	+	131	131	131	0	0	0	0	0.438127	1	1	0
PBG63936_97c56afe_ea890032_53.pod5	efb83ea5-230c-4db1-9212-3212a18787a2	ea890032c0387f3c2d4d00fa478dd0c7f420c878	304	1	50142.6	34.4936	50142.7	34.3836	14481	31.6475	unclassified	chr1	407834	422321	0	14481	+	14495	14473	14452	8	14	21	1	1	0.998549	0.997033	0
PBG63936_97c56afe_ea890032_113.pod5	1b093a3d-ac80-4af6-bd1c-73ae92b12274	ea890032c0387f3c2d4d00fa478dd0c7f420c878	453	3	148354	55.124	148354	54.924	21157	28.8431	unclassified	chr1	408099	429269	0	21149	+	21180	21139	21112	10	31	27	4	0.999622	0.998723	0.996789	0
PBG63936_97c56afe_ea890032_125.pod5	1c7f9808-6d9d-47e2-8337-57daa03393ad	ea890032c0387f3c2d4d00fa478dd0c7f420c878	2343	1	190687	16.358	190687	16.2312	5934	12.5366	unclassified	chr1	408102	413829	6	5934	-	6000	5655	5547	273	72	108	1	0.998989	0.980902	0.9245	0
PBG63936_97c56afe_ea890032_63.pod5	fcd6d01d-27da-46b0-aa8d-abf3666e8eea	ea890032c0387f3c2d4d00fa478dd0c7f420c878	645	4	67776.7	20.2124	67776.8	20.1192	7950	26.1476	unclassified	chr1	408385	416329	7	7950	-	7953	7934	7924	9	10	10	4	0.99912	0.99874	0.996354	0
PBG63936_97c56afe_ea890032_5.pod5	14a36261-fa1c-4a40-890a-41624d134e19	ea890032c0387f3c2d4d00fa478dd0c7f420c878	1183	4	4271.34	7.5248	4271.43	7.428	2998	25.754	unclassified	chr1	408516	411511	0	2994	+	2997	2992	2984	2	3	8	9	0.998666	0.997326	0.995662	0
PBG63936_97c56afe_ea890032_5.pod5	1b40d713-c38b-4e9f-9cfd-bba9ddbafc50	ea890032c0387f3c2d4d00fa478dd0c7f420c878	1183	4	4263.97	7.2866	4263.97	7.2846	3056	25.7399	unclassified	chr1	408516	411511	10	3011	-	3003	2993	2984	8	2	9	11	0.982003	0.996993	0.993673	0
PBG63936_97c56afe_ea890032_13.pod5	ea31b248-4306-482c-8697-1636d648ab18	ea890032c0387f3c2d4d00fa478dd0c7f420c878	2467	2	10406.2	3.5808	10406.3	3.4836	1464	23.2662	unclassified	chr1	408554	410006	0	1452	+	1454	1450	1441	2	2	9	19	0.991803	0.993793	0.991059	0
PBG63936_97c56afe_ea890032_48.pod5	09beb936-c96d-4366-829c-131152c17962	ea890032c0387f3c2d4d00fa478dd0c7f420c878	1015	2	43057.8	9.2516	43058	9.1212	3469	27.9469	unclassified	chr1	408559	412017	0	3461	+	3466	3453	3446	8	5	7	9	0.997694	0.997973	0.99423	0
PBG63936_97c56afe_ea890032_7.pod5	bef889a9-968f-46fc-afbb-d04b949c87ae	ea890032c0387f3c2d4d00fa478dd0c7f420c878	752	2	6386.8	65.054	6386.9	64.9536	28667	21.5831	unclassified	chr1	408589	425077	12283	28662	+	16571	16296	16203	83	192	93	1	0.571354	0.994293	0.977793	0
PBG63936_97c56afe_ea890032_61.pod5	8f2f3ee1-1e4f-4e34-b578-49a8e1d5b9ab	ea890032c0387f3c2d4d00fa478dd0c7f420c878	320	4	62324.1	2.4956	62324.1	2.4936	997	24.8035	unclassified	chr1	408647	409603	35	991	+	961	951	949	5	5	2	22	0.958877	0.997897	0.987513	0
PBG63936_97c56afe_ea890032_111.pod5	d858641a-75c1-456c-87be-9abbb30482f9	ea890032c0387f3c2d4d00fa478dd0c7f420c878	516	3	139624	9.5408	139624	9.4176	3863	22.5315	unclassified	chr1	408649	412389	0	3729	+	3744	3725	3714	4	15	11	9	0.965312	0.997047	0.991987	0
PBG63936_97c56afe_ea890032_85.pod5	d7992d00-4cfb-4963-873d-d1e4be263620	ea890032c0387f3c2d4d00fa478dd0c7f420c878	2566	4	95576	2.7216	95576.1	2.6124	1136	30.5876	unclassified	chr1	408676	409800	0	1127	+	1127	1124	1123	3	0	1	16	0.992077	0.99911	0.996451	0
PBG63936_97c56afe_ea890032_10.pod5	6fb81362-300a-4841-9a7e-0122b0bcc60e	ea890032c0387f3c2d4d00fa478dd0c7f420c878	56	1	8624.95	13.62	8624.96	13.618	5181	11.5828	unclassified	chr1	409120	414358	11	5150	-	5318	5059	4883	80	179	176	1	0.991893	0.96521	0.918202	0
PBG63936_97c56afe_ea890032_30.pod5	f0545a2a-b94d-4e12-8c1a-55b6ad1fbd8d	ea890032c0387f3c2d4d00fa478dd0c7f420c878	2620	4	23747.6	5.2418	23747.6	5.2398	2241	27.7345	unclassified	chr1	409129	411337	6	2215	-	2211	2206	2202	3	2	4	0	0.985721	0.998187	0.995929	0
PBG63936_97c56afe_ea890032_0.pod5	273a6a2c-2ea7-4693-9f0d-c76f3f6db3b5	ea890032c0387f3c2d4d00fa478dd0c7f420c878	761	1	538.514	4.8392	538.646	4.7076	1701	17.7063	unclassified	chr1	409377	411082	0	1700	-	1710	1695	1673	5	10	22	0	0.999412	0.987021	0.978363	0
PBG63936_97c56afe_ea890032_115.pod5	c6a366f3-8add-479f-89b3-b2d58a8a254f	ea890032c0387f3c2d4d00fa478dd0c7f420c878	453	3	154224	11.7296	154224	11.604	4331	25.6042	unclassified	chr1	409548	413871	6	4331	-	4336	4312	4293	13	11	19	3	0.998615	0.995594	0.990083	0
PBG63936_97c56afe_ea890032_99.pod5	ad9a9b35-9044-48cb-8d27-59205aaee120	ea890032c0387f3c2d4d00fa478dd0c7f420c878	673	2	114206	10.0448	114206	9.936	4087	22.9383	unclassified	chr1	409567	413660	5	4087	-	4098	4077	4054	5	16	23	0	0.998777	0.994359	0.989263	0
PBG63936_97c56afe_ea890032_99.pod5	4e5d28eb-881e-4716-866c-c7e82fe537a1	ea890032c0387f3c2d4d00fa478dd0c7f420c878	673	2	114216	6.1832	114217	6.0696	2519	26.3113	unclassified	chr1	409569	412086	0	2519	+	2520	2516	2507	3	1	9	0	1	0.996423	0.994841	0
PBG63936_97c56afe_ea890032_2.pod5	e349a311-7ca9-4a0f-a5f1-05085d518e0b	ea890032c0387f3c2d4d00fa478dd0c7f420c878	1582	1	2156.24	77.9372	2156.4	77.7684	21135	33.0173	unclassified	chr1	409796	430945	1	21135	-	21154	21129	21113	5	20	16	2	0.999953	0.999243	0.998062	0
PBG63936_97c56afe_ea890032_0.pod5	bdfc723f-cbf5-40b6-bc12-2f8fdb2a06f7	ea890032c0387f3c2d4d00fa478dd0c7f420c878	1043	1	533.819	2.5028	533.973	2.3484	932	32.8176	unclassified	chr1	409824	410749	7	932	-	925	925	925	0	0	0	0	0.992489	1	1	0
PBG63936_97c56afe_ea890032_18.pod5	41ed7914-28f6-4369-a4b1-64a1ce5060d3	ea890032c0387f3c2d4d00fa478dd0c7f420c878	1013	2	14488.1	29.4848	14488.2	29.4048	12568	27.7621	unclassified	chr1	409829	422403	0	12559	+	12586	12547	12529	12	27	18	1	0.999284	0.998565	0.995471	0
PBG63936_97c56afe_ea890032_18.pod5	a6a0cc83-39b4-41bc-aa9f-52780c31e7f1	ea890032c0387f3c2d4d00fa478dd0c7f420c878	1013	2	14517.6	28.6196	14517.7	28.494	12553	26.5486	unclassified	chr1	409829	422403	9	12553	-	12586	12532	12512	12	42	20	1	0.999283	0.998404	0.99412	0
PBG63936_97c56afe_ea890032_93.pod5	2f774826-1fb1-4a2f-a633-e55ed016e440	ea890032c0387f3c2d4d00fa478dd0c7f420c878	1036	4	104964	1.77	104964	1.768	753	18.8431	unclassified	chr1	410638	411393	1	753	-	755	752	748	0	3	4	0	0.998672	0.994681	0.990728	0
PBG63936_97c56afe_ea890032_25.pod5	87c44c9a-926e-4780-97a2-c96a30e2478c	ea890032c0387f3c2d4d00fa478dd0c7f420c878	2034	4	19865.3	3.446	19865.5	3.3036	1241	27.3981	unclassified	chr1	410734	411971	0	1235	+	1238	1234	1231	1	3	3	0	0.995165	0.997569	0.994346	0
PBG63936_97c56afe_ea890032_25.pod5	7270cbf5-7943-46d6-8ed0-57221f830783	ea890032c0387f3c2d4d00fa478dd0c7f420c878	2034	4	19861.7	3.4772	19861.7	3.4752	1272	29.6956	unclassified	chr1	410734	411971	9	1242	-	1237	1233	1231	0	4	2	0	0.96934	0.998378	0.99515	0
PBG63936_97c56afe_ea890032_12.pod5	0ae7c355-3698-4b56-bbe2-bed3978cc9b9	ea890032c0387f3c2d4d00fa478dd0c7f420c878	1078	1	9650.46	11.582	9650.57	11.4732	4973	21.1473	unclassified	chr1	410760	415696	0	4966	+	4981	4921	4884	45	15	37	1	0.998592	0.992481	0.980526	0
PBG63936_97c56afe_ea890032_110.pod5	998f0495-ec1c-4199-8bf7-1da0540003bd	ea890032c0387f3c2d4d00fa478dd0c7f420c878	845	3	135991	48.8646	135991	48.8626	22628	23.3952	unclassified	chr1	410780	433584	12	22598	-	22828	22562	22479	24	242	83	10	0.998144	0.996321	0.984712	0
PBG63936_97c56afe_ea890032_24.pod5	8df80b7d-0949-4185-bfc1-4c223398d37f	ea890032c0387f3c2d4d00fa478dd0c7f420c878	2141	1	18721.1	0.8292	18721.1	0.8272	266	16.7791	unclassified	chr1	410832	411052	10	227	-	220	217	215	0	3	2	0	0.815789	0.990783	0.977273	0
PBG63936_97c56afe_ea890032_78.pod5	48edeeab-df36-42a2-8d7b-5e13bbe996dc	ea890032c0387f3c2d4d00fa478dd0c7f420c878	1121	4	87854.1	22.4396	87854.2	22.2948	9542	21.897	unclassified	chr1	411013	415841	4724	9542	-	4831	4815	4811	3	13	4	0	0.504926	0.999169	0.99586	0
PBG63936_97c56afe_ea890032_14.pod5	0f8e2c93-c3aa-4b91-8aba-aa2b42d96071	ea890032c0387f3c2d4d00fa478dd0c7f420c878	313	2	10745.5	16.7036	10745.6	16.578	6518	30.3378	unclassified	chr1	413376	419889	0	6510	+	6518	6505	6496	5	8	9	1	0.998773	0.998616	0.996625	0
PBG63936_97c56afe_ea890032_44.pod5	09b77694-4f3f-4e44-af1a-d25382940236	ea890032c0387f3c2d4d00fa478dd0c7f420c878	2099	2	37840.5	3.5588	37840.7	3.3684	1431	25.3078	unclassified	chr1	413431	414860	6	1431	-	1431	1423	1416	2	6	7	1	0.995807	0.995081	0.989518	0
PBG63936_97c56afe_ea890032_93.pod5	a6ce58ea-7514-412d-847c-67348b3e7301	ea890032c0387f3c2d4d00fa478dd0c7f420c878	1036	4	104957	0.7382	104957	0.7362	303	22.5193	unclassified	chr1	413912	414214	0	303	-	303	302	302	1	0	0	0	1	1	0.9967	0
PBG63936_97c56afe_ea890032_29.pod5	604b8ada-b1f0-41ca-805b-7d8601396a07	ea890032c0387f3c2d4d00fa478dd0c7f420c878	2607	2	18337.7	122.982	18337.9	122.755	23315	22.6187	unclassified	chr1	414001	435736	0	23315	-	23344	21706	21587	1609	29	119	1	1	0.994518	0.924734	0
PBG63936_97c56afe_ea890032_130.pod5	9f1ba983-5860-4b36-9445-a19b9304613c	ea890032c0387f3c2d4d00fa478dd0c7f420c878	2916	1	209568	15.1148	209569	14.9436	6165	29.4683	unclassified	chr1	414014	420181	0	6157	+	6170	6154	6146	3	13	8	1	0.998702	0.9987	0.99611	0
PBG63936_97c56afe_ea890032_47.pod5	6ceaa076-6f59-4ab6-acf5-44b1cf9542a7	ea890032c0387f3c2d4d00fa478dd0c7f420c878	719	3	42024.4	7.3412	42024.5	7.1796	2763	28.1252	unclassified	chr1	414292	417052	0	2762	+	2765	2757	2752	5	3	5	1	0.999638	0.998186	0.995298	0
PBG63936_97c56afe_ea890032_93.pod5	2c227beb-8cb2-4750-9f46-142dab98fba1	ea890032c0387f3c2d4d00fa478dd0c7f420c878	1036	4	104955	1.781	104955	1.779	747	24.5021	unclassified	chr1	414405	415146	5	747	-	742	741	741	1	0	0	11	0.993307	1	0.998652	0
PBG63936_97c56afe_ea890032_144.pod5	c0fc134c-31d6-4c50-9528-c6387ac02d7d	ea890032c0387f3c2d4d00fa478dd0c7f420c878	1147	1	258412	46.2676	258412	46.2656	17847	19.5293	unclassified	chr1	414434	432098	152	17813	-	17732	17593	17489	68	71	104	2	0.989578	0.994089	0.986296	0
PBG63936_97c56afe_ea890032_117.pod5	65796e75-a392-4b95-a2c9-72b0e081935a	ea890032c0387f3c2d4d00fa478dd0c7f420c878	838	2	162488	41.5628	162488	41.5608	16798	10.1727	unclassified	chr1	414897	432023	0	16766	-	17526	16366	15432	400	760	934	2	0.998095	0.94293	0.88052	0
PBG63936_97c56afe_ea890032_46.pod5	b28333e1-390b-419e-81bf-66e6c75e0066	ea890032c0387f3c2d4d00fa478dd0c7f420c878	1015	2	40490.5	0.8228	40490.7	0.702	312	25.253	unclassified	chr1	415436	415738	9	312	-	303	302	301	1	0	1	0	0.971154	0.996689	0.993399	0
PBG63936_97c56afe_ea890032_97.pod5	13e6559e-680e-4df5-8f51-ef14bc6f5078	ea890032c0387f3c2d4d00fa478dd0c7f420c878	2967	2	109726	1.118	109727	0.9756	402	28.9518	unclassified	chr1	415573	415975	0	402	+	402	402	401	0	0	1	0	1	0.997512	0.997512	0
PBG63936_97c56afe_ea890032_93.pod5	b505cfa8-d993-4633-8766-06aa173b8568	ea890032c0387f3c2d4d00fa478dd0c7f420c878	1036	4	104952	0.8494	104952	0.8474	373	28.492	unclassified	chr1	415999	416370	1	373	-	372	371	370	1	0	1	0	0.997319	0.997305	0.994624	0
PBG63936_97c56afe_ea890032_22.pod5	faa7181a-c6f9-42d3-8e8c-b38ef9658ad8	ea890032c0387f3c2d4d00fa478dd0c7f420c878	2477	4	17076.1	4.086	17076.1	4.084	1195	6.48185	unclassified	chr1	416294	417530	10	1132	-	1292	1066	922	56	170	144	0	0.938912	0.864916	0.713622	0
PBG63936_97c56afe_ea890032_3.pod5	b6de613b-1af7-4872-b5bd-01c0b21775bc	ea890032c0387f3c2d4d00fa478dd0c7f420c878	706	2	2708.62	12.605	2708.62	12.603	5826	24.533	unclassified	chr1	416298	422093	40	5820	+	5800	5775	5766	5	20	9	1	0.992104	0.998442	0.994138	0
PBG63936_97c56afe_ea890032_52.pod5	28ac5034-df9b-4cbd-bda4-adb6be3b15d9	ea890032c0387f3c2d4d00fa478dd0c7f420c878	370	4	48024.1	0.9848	48024.2	0.8712	330	22.5703	unclassified	chr1	416329	416651	10	330	-	322	320	320	0	2	0	0	0.969697	1	0.993789	0
PBG63936_97c56afe_ea890032_144.pod5	7322ee21-1a93-439f-90b9-2dc8f376753b	ea890032c0387f3c2d4d00fa478dd0c7f420c878	1380	4	257607	26.4284	257608	26.2332	10144	31.1144	unclassified	chr1	416838	426986	0	10144	+	10154	10138	10127	6	10	11	4	1	0.998915	0.997341	0
PBG63936_97c56afe_ea890032_1.pod5	32e81b14-8985-4c9a-a97f-29bfdf12f6fe	ea890032c0387f3c2d4d00fa478dd0c7f420c878	1353	1	1383.15	7.8032	1383.29	7.6584	3076	25.0331	unclassified	chr1	416924	418967	1030	3076	-	2051	2038	2031	8	5	7	1	0.66515	0.996565	0.990249	0
PBG63936_97c56afe_ea890032_35.pod5	a6a8794e-6294-473c-a41a-84a527992fab	ea890032c0387f3c2d4d00fa478dd0c7f420c878	1380	3	29007	19.4708	29007.1	19.3524	8253	15.1118	unclassified	chr1	417422	425691	6	8253	-	8359	8157	7984	90	112	173	3	0.999273	0.978791	0.955138	0
PBG63936_97c56afe_ea890032_72.pod5	74f54a57-7556-40ab-9391-8c4467e67406	ea890032c0387f3c2d4d00fa478dd0c7f420c878	505	3	82480.5	25.8764	82480.6	25.7604	9899	24.9573	unclassified	chr1	418111	428022	0	9892	+	9921	9882	9848	10	29	34	1	0.999293	0.996559	0.992642	0
PBG63936_97c56afe_ea890032_114.pod5	933c0c72-7e90-4c0e-a752-84de7be0d9d7	ea890032c0387f3c2d4d00fa478dd0c7f420c878	2928	3	152056	8.5616	152056	8.4264	2955	27.2143	unclassified	chr1	418201	421148	0	2950	+	2950	2947	2939	3	0	8	0	0.998308	0.997285	0.996271	0
PBG63936_97c56afe_ea890032_114.pod5	240cf672-ae8d-49c9-bc01-8bacf88eb33f	ea890032c0387f3c2d4d00fa478dd0c7f420c878	2928	3	152064	7.5534	152064	7.5514	2983	29.6716	unclassified	chr1	418201	421148	9	2950	-	2947	2941	2934	0	6	7	0	0.98592	0.99762	0.995589	0
PBG63936_97c56afe_ea890032_3.pod5	28a520ea-95f8-4b03-84ee-15f780392769	ea890032c0387f3c2d4d00fa478dd0c7f420c878	64	1	2880.73	32.2604	2880.84	32.1576	12752	27.5484	unclassified	chr1	418464	431218	0	12749	+	12763	12740	12717	9	14	23	3	0.999765	0.998195	0.996396	0
PBG63936_97c56afe_ea890032_70.pod5	753f6b24-aa55-4885-b665-54200dba6658	ea890032c0387f3c2d4d00fa478dd0c7f420c878	2059	4	79875.9	5.4464	79876	5.3376	2484	21.7762	unclassified	chr1	418858	421341	0	2477	+	2487	2473	2462	4	10	11	0	0.997182	0.995552	0.989948	0
PBG63936_97c56afe_ea890032_81.pod5	57bb6f0d-7269-4d87-9762-9c345475295f	ea890032c0387f3c2d4d00fa478dd0c7f420c878	950	4	91101.1	0.6836	91101.3	0.5316	221	23.4701	unclassified	chr1	419142	419350	0	208	+	208	208	208	0	0	0	0	0.941176	1	1	0
PBG63936_97c56afe_ea890032_89.pod5	6a492c24-1548-44b6-9f52-94693c036f08	ea890032c0387f3c2d4d00fa478dd0c7f420c878	2580	4	99652.1	4.6856	99652.3	4.5732	1951	30.1734	unclassified	chr1	419199	421136	6	1944	+	1938	1937	1937	1	0	0	0	0.993337	1	0.999484	0
PBG63936_97c56afe_ea890032_104.pod5	a2510197-e23e-4764-90e9-957413fbb3e9	ea890032c0387f3c2d4d00fa478dd0c7f420c878	1469	1	122466	26.1344	122466	25.98	10073	34.074	unclassified	chr1	419281	429357	0	10073	-	10077	10072	10064	1	4	8	3	1	0.999206	0.99871	0
PBG63936_97c56afe_ea890032_16.pod5	4fe3dc58-9b1d-4b44-bcd2-1dd5da3fdfce	ea890032c0387f3c2d4d00fa478dd0c7f420c878	2535	2	13067.9	14.4812	13068	14.3676	5358	34.3237	unclassified	chr1	419382	424745	0	5358	+	5363	5358	5351	0	5	7	5	1	0.998694	0.997762	0
PBG63936_97c56afe_ea890032_24.pod5	29ebef30-db05-4516-922c-cef494c68c37	ea890032c0387f3c2d4d00fa478dd0c7f420c878	2082	4	18947.6	82.4168	18947.7	82.2876	34104	29.0226	unclassified	chr1	419387	450568	0	34104	-	34130	31155	31038	2949	26	117	9	1	0.996245	0.909405	0
PBG63936_97c56afe_ea890032_69.pod5	ec0f825d-ad64-4685-b9e7-dc298fcbf3d1	ea890032c0387f3c2d4d00fa478dd0c7f420c878	2543	4	79307.9	31.26	79307.9	31.258	12842	27.0566	unclassified	chr1	419482	432297	25	12842	+	12833	12799	12777	18	16	22	2	0.998053	0.998281	0.995636	0
PBG63936_97c56afe_ea890032_69.pod5	b5a5dfbc-bae9-4a9b-8622-cac516e06b82	ea890032c0387f3c2d4d00fa478dd0c7f420c878	1315	2	79192	3.9248	79192.1	3.8052	1595	37.0835	unclassified	chr1	419553	421148	0	1595	-	1595	1595	1595	0	0	0	0	1	1	1	0
PBG63936_97c56afe_ea890032_68.pod5	47a3c9cf-a578-4158-a8aa-76aba0a64e49	ea890032c0387f3c2d4d00fa478dd0c7f420c878	1433	4	77694.3	1.4276	77694.4	1.3404	568	29.7219	unclassified	chr1	419729	420286	11	568	-	557	557	557	0	0	0	0	0.980634	1	1	0
PBG63936_97c56afe_ea890032_55.pod5	c99d83b0-4b85-47dc-9832-1445d604743d	ea890032c0387f3c2d4d00fa478dd0c7f420c878	936	2	52480.9	12.338	52481	12.2364	5118	31.9429	unclassified	chr1	419858	424982	0	5118	-	5128	5114	5102	4	10	12	1	1	0.997653	0.99493	0
PBG63936_97c56afe_ea890032_7.pod5	43152c41-8e07-42e6-8468-1bb2a4ab7ab2	ea890032c0387f3c2d4d00fa478dd0c7f420c878	1134	2	6181.93	8.7836	6182.03	8.6868	2931	31.9401	unclassified	chr1	420385	423311	0	2925	+	2927	2924	2924	1	2	0	9	0.997953	1	0.998975	0
PBG63936_97c56afe_ea890032_22.pod5	dd248925-3640-42d2-87e3-9264193e55b7	ea890032c0387f3c2d4d00fa478dd0c7f420c878	2315	2	16390.7	1.2116	16390.8	1.0764	433	26.5552	unclassified	chr1	420411	420835	9	433	-	424	424	424	0	0	0	0	0.979215	1	1	0
PBG63936_97c56afe_ea890032_72.pod5	02be9ebb-e50f-4729-b3ae-cc6e13876bdd	ea890032c0387f3c2d4d00fa478dd0c7f420c878	898	3	82373.3	34.7216	82373.5	34.5756	13677	29.8532	unclassified	chr1	420518	434201	0	13674	+	13688	13669	13635	5	14	34	22	0.999781	0.997513	0.996128	0
PBG63936_97c56afe_ea890032_75.pod5	287f2d00-494f-4fe6-888f-b88b6c3838eb	ea890032c0387f3c2d4d00fa478dd0c7f420c878	2447	1	85755.9	2.6456	85756.1	2.4708	1075	17.4328	unclassified	chr1	420709	421779	11	1075	-	1073	1061	1059	3	9	2	0	0.989767	0.998115	0.986952	0
PBG63936_97c56afe_ea890032_78.pod5	4533ad55-329c-4351-b9c6-cb7240eb3f1a	ea890032c0387f3c2d4d00fa478dd0c7f420c878	1402	2	87311.3	10.2572	87311.4	10.104	3918	31.8913	unclassified	chr1	420735	424662	4	3918	-	3927	3914	3909	0	13	5	7	0.998979	0.998723	0.995416	0
PBG63936_97c56afe_ea890032_69.pod5	b38b9cb1-9792-4685-a5ad-db54a046ef78	ea890032c0387f3c2d4d00fa478dd0c7f420c878	749	4	78716.5	0.7424	78716.7	0.6	195	26.1852	unclassified	chr1	420772	420957	0	185	+	185	185	185	0	0	0	0	0.948718	1	1	0
PBG63936_97c56afe_ea890032_5.pod5	ecdeed38-9804-4a0f-8000-c0ae0f014524	ea890032c0387f3c2d4d00fa478dd0c7f420c878	1212	4	4615.97	2.5016	4616.1	2.3736	932	27.2539	unclassified	chr1	420892	421814	0	923	+	923	922	922	1	0	0	0	0.990343	1	0.998917	0
PBG63936_97c56afe_ea890032_26.pod5	c48e71c1-6971-4bdd-a1d4-5e506e32c3d2	ea890032c0387f3c2d4d00fa478dd0c7f420c878	884	4	20763	37.3016	20763.2	37.1664	14755	27.6896	unclassified	chr1	421032	436323	1	14755	-	15317	14728	14645	26	563	83	1	0.999932	0.994365	0.956127	0
PBG63936_97c56afe_ea890032_18.pod5	d9a52329-eb65-418b-9dbb-62eac4c29f56	ea890032c0387f3c2d4d00fa478dd0c7f420c878	951	2	13919.6	6.2502	13919.6	6.2482	3319	12.4997	unclassified	chr1	421244	424595	0	3309	-	3409	3251	3126	58	100	125	0	0.996987	0.96155	0.916984	0
PBG63936_97c56afe_ea890032_66.pod5	3f64f8c7-44a7-4665-b411-7ffc21ae0453	ea890032c0387f3c2d4d00fa478dd0c7f420c878	593	2	76180.7	2.8716	76180.7	2.8696	908	29.1099	unclassified	chr1	421275	422143	6	870	-	868	864	861	0	4	3	0	0.951542	0.996528	0.991935	0
PBG63936_97c56afe_ea890032_91.pod5	a773ac1c-0a44-4575-943d-5f941d8150a2	ea890032c0387f3c2d4d00fa478dd0c7f420c878	1330	3	102672	13.7888	102672	13.692	5067	32.3319	unclassified	chr1	421323	426387	0	5061	+	5069	5056	5042	5	8	14	5	0.998816	0.997231	0.994673	0
PBG63936_97c56afe_ea890032_113.pod5	39c917fb-3279-432b-a8e6-6a52700d87c5	ea890032c0387f3c2d4d00fa478dd0c7f420c878	380	3	147204	5.2232	147204	5.1216	2251	24.6114	unclassified	chr1	421384	423640	3	2251	-	2257	2247	2241	1	9	6	12	0.998667	0.99733	0.992911	0
PBG63936_97c56afe_ea890032_31.pod5	86088dd3-8017-47b3-895d-e97853bb414b	ea890032c0387f3c2d4d00fa478dd0c7f420c878	1764	3	24453.5	4.022	24453.7	3.912	1718	18.6313	unclassified	chr1	421465	422421	763	1718	-	958	953	951	2	3	2	0	0.555879	0.997901	0.992693	0
PBG63936_97c56afe_ea890032_2.pod5	59f7cc07-ba79-43fc-a081-79282a618681	ea890032c0387f3c2d4d00fa478dd0c7f420c878	1161	3	2303.72	3.7052	2303.94	3.486	1192	32.3257	unclassified	chr1	421794	422980	0	1188	+	1188	1186	1184	2	0	2	0	0.996644	0.998314	0.996633	0
PBG63936_97c56afe_ea890032_52.pod5	f162b11d-4a6f-4297-adeb-d5310916280e	ea890032c0387f3c2d4d00fa478dd0c7f420c878	300	4	47527.3	10.8248	47527.4	10.7112	4059	28.3244	unclassified	chr1	422025	426076	0	4053	+	4055	4049	4047	4	2	2	6	0.998522	0.999506	0.998027	0
PBG63936_97c56afe_ea890032_122.pod5	ac84fb1a-0346-4814-b058-a6a650fb9a2c	ea890032c0387f3c2d4d00fa478dd0c7f420c878	1718	2	178914	7.9448	178915	7.7184	1966	18.9533	unclassified	chr1	422231	424196	1	1966	-	1973	1957	1948	8	8	9	13	0.999491	0.995401	0.987329	0
PBG63936_97c56afe_ea890032_20.pod5	f9a32218-c776-4156-9252-0c600fbbb787	ea890032c0387f3c2d4d00fa478dd0c7f420c878	1787	1	15683.8	3.4268	15683.9	3.3588	1434	27.592	unclassified	chr1	422249	423676	0	1427	+	1428	1426	1422	1	1	4	0	0.995119	0.997195	0.995798	0
PBG63936_97c56afe_ea890032_74.pod5	fa24f444-a222-4b62-a025-b050235c6272	ea890032c0387f3c2d4d00fa478dd0c7f420c878	1768	2	84282.2	7.0004	84282.4	6.8244	2758	14.6915	unclassified	chr1	422321	425071	2	2758	-	2791	2715	2651	41	35	64	10	0.999275	0.976427	0.949839	0
PBG63936_97c56afe_ea890032_84.pod5	c6d5a907-5a32-4dee-a0f1-845b86e3fef3	ea890032c0387f3c2d4d00fa478dd0c7f420c878	2931	2	94421.4	1.5276	94421.5	1.428	575	19.0421	unclassified	chr1	422361	422922	0	568	+	569	560	556	8	1	4	0	0.987826	0.992857	0.977153	0
PBG63936_97c56afe_ea890032_143.pod5	558b4822-bf8a-45db-a74b-f66f1c3b9d25	ea890032c0387f3c2d4d00fa478dd0c7f420c878	2282	1	255926	29.1392	255926	28.9212	10172	25.6014	unclassified	chr1	422407	432581	0	10170	+	10187	10157	10123	13	17	34	3	0.999803	0.996653	0.993717	0
PBG63936_97c56afe_ea890032_89.pod5	cd98eca4-cdbb-4c77-baee-e1f92dcd0af5	ea890032c0387f3c2d4d00fa478dd0c7f420c878	1194	1	100250	1.364	100250	1.2576	411	18.8177	unclassified	chr1	422508	422909	10	411	-	401	401	399	0	0	2	0	0.975669	0.995012	0.995012	0
PBG63936_97c56afe_ea890032_120.pod5	f1b091bd-ad48-47a3-841b-1c81587fde78	ea890032c0387f3c2d4d00fa478dd0c7f420c878	1191	1	171343	8.684	171343	8.4852	3126	30.9842	unclassified	chr1	422743	425863	7	3126	-	3122	3117	3116	2	3	1	0	0.997761	0.999679	0.998078	0
PBG63936_97c56afe_ea890032_79.pod5	8ed0301b-67e5-42d7-9bd8-f27b9f2f093f	ea890032c0387f3c2d4d00fa478dd0c7f420c878	2449	4	89209.8	10.3568	89210	10.2108	3141	24.1589	unclassified	chr1	422822	425962	0	3141	-	3145	3136	3127	5	4	9	0	1	0.99713	0.994277	0
PBG63936_97c56afe_ea890032_90.pod5	84702f05-082d-4763-820e-574459742a96	ea890032c0387f3c2d4d00fa478dd0c7f420c878	2151	3	100570	7.808	100570	7.6896	2957	33.8419	unclassified	chr1	423024	425980	0	2957	+	2958	2955	2950	2	1	5	0	1	0.998308	0.997295	0
PBG63936_97c56afe_ea890032_77.pod5	a69a3c39-868d-45c9-ac9f-c02707fe66fe	ea890032c0387f3c2d4d00fa478dd0c7f420c878	1715	1	87218.6	1.142	87218.7	1.0332	413	28.3138	unclassified	chr1	423176	423574	11	413	-	402	398	398	4	0	0	0	0.973366	1	0.99005	0
PBG63936_97c56afe_ea890032_109.pod5	1b028dd1-d6f4-49c8-93f3-a81e8656711e	ea890032c0387f3c2d4d00fa478dd0c7f420c878	2962	1	133644	5.3432	133644	5.22	2116	29.9819	unclassified	chr1	423224	425335	8	2116	-	2112	2107	2105	1	4	2	0	0.996219	0.999051	0.996686	0
PBG63936_97c56afe_ea890032_93.pod5	e9f3d313-07fe-4731-81be-45e22f3b1094	ea890032c0387f3c2d4d00fa478dd0c7f420c878	1036	4	104931	3.5926	104931	3.5906	1256	22.0106	unclassified	chr1	423803	425054	0	1256	-	1258	1249	1246	7	2	3	0	1	0.997598	0.990461	0
PBG63936_97c56afe_ea890032_19.pod5	0c0c09fc-c806-42b9-8896-411294fcde66	ea890032c0387f3c2d4d00fa478dd0c7f420c878	87	3	14889.5	11.276	14889.6	11.1696	4460	29.8834	unclassified	chr1	423903	428355	0	4450	+	4452	4450	4442	0	2	8	0	0.997758	0.998202	0.997754	0
PBG63936_97c56afe_ea890032_124.pod5	6e8d8024-c16d-4f69-b4f4-173af5f1c060	ea890032c0387f3c2d4d00fa478dd0c7f420c878	1807	2	186579	23.3672	186579	23.2728	10332	23.6692	unclassified	chr1	423992	434440	0	10323	+	10461	10310	10240	13	138	70	1	0.999129	0.99321	0.978874	0
PBG63936_97c56afe_ea890032_124.pod5	1e8e56e1-6c37-45ee-b85a-14d74d9de0a9	ea890032c0387f3c2d4d00fa478dd0c7f420c878	1807	2	186553	25.3844	186553	25.2816	10384	27.6091	unclassified	chr1	423992	434440	9	10382	-	10456	10365	10301	8	83	64	1	0.998941	0.993825	0.985176	0
PBG63936_97c56afe_ea890032_63.pod5	6f1b549c-de0c-4609-a34e-ea88bd032908	ea890032c0387f3c2d4d00fa478dd0c7f420c878	1686	2	69175.2	6.7364	69175.3	6.6228	2776	33.2831	unclassified	chr1	424053	426826	7	2776	-	2773	2769	2766	0	4	3	0	0.997478	0.998917	0.997476	0
PBG63936_97c56afe_ea890032_83.pod5	f0976d68-90e2-407d-8370-847d01187259	ea890032c0387f3c2d4d00fa478dd0c7f420c878	2503	3	93511.5	22.5428	93511.6	22.4532	9964	28.5236	unclassified	chr1	424302	434282	0	9964	-	9985	9959	9929	5	21	30	27	1	0.996988	0.994392	0
PBG63936_97c56afe_ea890032_95.pod5	0caddd10-7a27-47e1-84ce-9b193ef56f20	ea890032c0387f3c2d4d00fa478dd0c7f420c878	756	3	108604	2.2604	108604	2.1636	942	19.2203	unclassified	chr1	424644	425575	0	932	+	936	927	922	5	4	5	0	0.989384	0.994606	0.985043	0
PBG63936_97c56afe_ea890032_93.pod5	3fe3117a-24f9-43ca-a003-cc9822bb942b	ea890032c0387f3c2d4d00fa478dd0c7f420c878	1036	4	104928	2.9846	104928	2.9826	1183	23.8292	unclassified	chr1	425059	426242	0	1183	-	1183	1183	1175	0	0	8	0	1	0.993238	0.993238	0
PBG63936_97c56afe_ea890032_2.pod5	bcfe6845-8879-475f-b2f8-02df0f9be516	ea890032c0387f3c2d4d00fa478dd0c7f420c878	270	2	2383.16	1.8824	2383.26	1.7868	767	32.4559	unclassified	chr1	426951	427708	10	767	-	757	757	757	0	0	0	0	0.986962	1	1	0
PBG63936_97c56afe_ea890032_20.pod5	a4e9ad18-7620-451e-a44f-353452887a98	ea890032c0387f3c2d4d00fa478dd0c7f420c878	1978	4	15598.4	3.08	15598.5	2.9772	1180	34.3424	unclassified	chr1	427007	428181	5	1180	-	1175	1174	1174	1	0	0	0	0.995763	1	0.999149	0
PBG63936_97c56afe_ea890032_143.pod5	27dd0648-7052-4c46-ba47-79273ac0ac6c	ea890032c0387f3c2d4d00fa478dd0c7f420c878	450	4	255562	2.6828	255562	2.5464	1012	25.8495	unclassified	chr1	427034	427778	266	1012	-	747	743	742	3	1	1	0	0.737154	0.998654	0.993307	0
PBG63936_97c56afe_ea890032_93.pod5	28e4a8d8-ba9c-4da9-8e6c-2377c9a8b049	ea890032c0387f3c2d4d00fa478dd0c7f420c878	1036	4	104925	1.4554	104925	1.4534	621	23.3128	unclassified	chr1	427078	427699	0	621	-	621	621	621	0	0	0	0	1	1	1	0
PBG63936_97c56afe_ea890032_83.pod5	ca63dfda-1c61-455e-8638-943848d6071d	ea890032c0387f3c2d4d00fa478dd0c7f420c878	1624	3	93705.2	25.5176	93705.5	25.2636	7464	38.427	unclassified	chr1	427426	435432	8	7464	-	8008	7454	7406	2	552	48	4	0.998928	0.99356	0.924825	0
PBG63936_97c56afe_ea890032_93.pod5	c7f59a56-aaee-485e-8096-890e7dd73195	ea890032c0387f3c2d4d00fa478dd0c7f420c878	1036	4	104923	1.816	104923	1.814	789	26.179	unclassified	chr1	427706	428492	3	789	-	786	786	786	0	0	0	0	0.996198	1	1	0
PBG63936_97c56afe_ea890032_72.pod5	2e5034b7-7649-4029-aa15-5e9f18f35989	ea890032c0387f3c2d4d00fa478dd0c7f420c878	898	3	82408.1	19.4776	82408.1	19.4756	6243	31.7675	unclassified	chr1	427983	434201	0	6212	-	6219	6211	6184	1	7	27	36	0.995034	0.995653	0.994372	0
PBG63936_97c56afe_ea890032_78.pod5	c83d7c68-0bcc-4ffe-b9f9-4f0f6399ce61	ea890032c0387f3c2d4d00fa478dd0c7f420c878	612	1	87969.2	6.7592	87969.3	6.6168	2770	29.8294	unclassified	chr1	428094	430859	8	2770	-	2766	2761	2753	1	4	8	0	0.997112	0.997102	0.9953	0
PBG63936_97c56afe_ea890032_51.pod5	31daefde-0daf-4df2-b133-85c5bead4476	ea890032c0387f3c2d4d00fa478dd0c7f420c878	875	4	46787.1	6.2996	46787.3	6.138	2430	30.4548	unclassified	chr1	428215	430646	0	2430	-	2432	2429	2423	1	2	6	0	1	0.99753	0.996299	0
PBG63936_97c56afe_ea890032_95.pod5	21782e2e-2c3e-4022-bfe7-1effe76a17d5	ea890032c0387f3c2d4d00fa478dd0c7f420c878	1929	2	108443	3.3942	108443	3.3922	1323	29.3426	unclassified	chr1	428327	429615	6	1294	-	1289	1287	1287	1	1	0	0	0.973545	1	0.998448	0
PBG63936_97c56afe_ea890032_20.pod5	fe70d67d-cda0-4892-b097-f014e23def39	ea890032c0387f3c2d4d00fa478dd0c7f420c878	1959	1	16169.5	1.7264	16169.7	1.554	604	30.9839	unclassified	chr1	428350	428943	0	593	+	593	593	593	0	0	0	0	0.981788	1	1	0
PBG63936_97c56afe_ea890032_7.pod5	dadd5681-aac9-4ab0-a548-4b1c4cc1a5c9	ea890032c0387f3c2d4d00fa478dd0c7f420c878	2353	4	6244.14	9.33	6244.14	9.328	4136	29.1024	unclassified	chr1	428905	433046	0	4136	-	4145	4132	4122	4	9	10	1	1	0.99758	0.994451	0
PBG63936_97c56afe_ea890032_48.pod5	e7e2cbd5-9f82-4367-a706-c0271eeb5e29	ea890032c0387f3c2d4d00fa478dd0c7f420c878	300	4	43337.8	13.418	43337.9	13.3068	5200	24.7691	unclassified	chr1	428983	435939	7	5200	-	6971	5178	5149	15	1778	29	1	0.998654	0.994399	0.738631	0
PBG63936_97c56afe_ea890032_17.pod5	552ce619-ef30-44a4-8605-dd2e470589b0	ea890032c0387f3c2d4d00fa478dd0c7f420c878	66	1	13805.6	0.902	13805.7	0.7716	305	29.6674	unclassified	chr1	429487	429780	0	293	+	293	293	293	0	0	0	0	0.960656	1	1	0
PBG63936_97c56afe_ea890032_49.pod5	2ca9431b-8199-4f64-940f-a5caaf4b088d	ea890032c0387f3c2d4d00fa478dd0c7f420c878	1097	4	44233.4	7.802	44233.5	7.6716	3380	28.1467	unclassified	chr1	429534	432920	0	3374	+	3388	3372	3355	2	14	17	0	0.998225	0.994958	0.99026	0
PBG63936_97c56afe_ea890032_49.pod5	5e6beb32-75aa-4ee8-9cfa-d2c3c319eadb	ea890032c0387f3c2d4d00fa478dd0c7f420c878	1097	4	44225.5	7.891	44225.5	7.889	3407	29.5645	unclassified	chr1	429534	432920	7	3378	-	3390	3367	3351	4	19	16	0	0.989434	0.995248	0.988496	0
PBG63936_97c56afe_ea890032_93.pod5	4b89a45d-7b52-4d12-9298-3e27cc9f49df	ea890032c0387f3c2d4d00fa478dd0c7f420c878	1036	4	104913	6.5246	104913	6.5226	2703	25.7479	unclassified	chr1	429911	432616	0	2703	-	2708	2700	2694	3	5	6	0	1	0.997778	0.99483	0
PBG63936_97c56afe_ea890032_28.pod5	35ae877c-9297-4164-becd-195ead93f85a	ea890032c0387f3c2d4d00fa478dd0c7f420c878	1203	4	21916.8	11.63	21916.9	11.5236	5058	27.018	unclassified	chr1	430339	434972	5	4703	-	4711	4620	4576	78	13	44	53	0.928826	0.990476	0.971344	0
PBG63936_97c56afe_ea890032_100.pod5	5d95a0e3-af86-4e6d-956a-6e069bbb376a	ea890032c0387f3c2d4d00fa478dd0c7f420c878	920	3	114426	7.6196	114426	7.4988	3251	30.4095	unclassified	chr1	430389	433712	7	3251	-	3323	3244	3215	0	79	29	7	0.997847	0.99106	0.967499	0
PBG63936_97c56afe_ea890032_100.pod5	1e90576d-557f-4298-af84-01184987844a	ea890032c0387f3c2d4d00fa478dd0c7f420c878	1228	3	115066	34.3664	115066	34.2996	19160	22.8857	unclassified	chr1	430533	448038	0	19152	+	19224	17433	17308	1719	72	125	24	0.999582	0.99283	0.900333	0
PBG63936_97c56afe_ea890032_100.pod5	958d7c50-01f8-4246-ab1e-ac229f69c184	ea890032c0387f3c2d4d00fa478dd0c7f420c878	1228	3	115001	64.8716	115001	64.7172	19192	30.1143	unclassified	chr1	430533	448041	6	19192	-	19209	17485	17393	1701	23	92	24	0.999687	0.994738	0.905461	0
PBG63936_97c56afe_ea890032_31.pod5	09d1336f-96e5-4d5a-afee-1705709be965	ea890032c0387f3c2d4d00fa478dd0c7f420c878	935	1	24834.5	1.288	24834.5	1.286	577	28.3114	unclassified	chr1	430674	431208	11	545	-	534	534	534	0	0	0	0	0.925477	1	1	0
PBG63936_97c56afe_ea890032_17.pod5	4f1947aa-6731-4966-8cd3-f2f80a5e7f53	ea890032c0387f3c2d4d00fa478dd0c7f420c878	576	4	13861.9	3.314	13862.1	3.1788	1127	32.6197	unclassified	chr1	431373	432492	7	1127	-	1120	1119	1115	1	0	4	0	0.993789	0.996425	0.995536	0
PBG63936_97c56afe_ea890032_66.pod5	7a896ef1-14b2-4032-8316-b36efb4e6641	ea890032c0387f3c2d4d00fa478dd0c7f420c878	1821	4	76274	54.8804	76274	54.8784	23299	31.9868	unclassified	chr1	431426	452644	372	23267	-	22922	21191	21072	1704	27	119	22	0.98266	0.994384	0.919291	0
PBG63936_97c56afe_ea890032_24.pod5	1035b241-92e4-46b1-924f-2d579188d381	ea890032c0387f3c2d4d00fa478dd0c7f420c878	600	1	19058.9	7.9314	19058.9	7.9294	2344	30.0403	unclassified	chr1	432397	434619	35	2334	+	2300	2221	2187	78	1	34	17	0.980802	0.984692	0.95087	0
PBG63936_97c56afe_ea890032_90.pod5	043c2048-f3db-4401-88ae-4cb7b89337ab	ea890032c0387f3c2d4d00fa478dd0c7f420c878	2682	3	100767	5.4272	100767	5.2992	2030	36.9743	unclassified	chr1	432585	434579	114	2030	-	1995	1915	1885	1	79	30	1	0.943842	0.984334	0.944862	0
PBG63936_97c56afe_ea890032_98.pod5	aafee421-d24a-4c55-8a72-bf3de4662937	ea890032c0387f3c2d4d00fa478dd0c7f420c878	2110	1	112067	2.9204	112067	2.8068	1296	24.5669	unclassified	chr1	432662	433947	13	1296	-	1285	1283	1262	0	2	21	2	0.989969	0.983632	0.982101	0
PBG63936_97c56afe_ea890032_20.pod5	b073cd94-bb1f-4cfd-8dce-fa3cdc0d87bf	ea890032c0387f3c2d4d00fa478dd0c7f420c878	1928	4	16060.6	1.9868	16060.7	1.83	855	22.6709	unclassified	chr1	432942	433788	11	855	-	846	844	835	0	2	9	7	0.987135	0.989336	0.986998	0
PBG63936_97c56afe_ea890032_68.pod5	2e12b18e-bc26-4eff-9fd8-7878ac470e67	ea890032c0387f3c2d4d00fa478dd0c7f420c878	731	4	78389.8	16.9304	78390	16.7976	6723	32.9587	unclassified	chr1	432943	439731	0	6713	+	6793	6708	6638	5	80	70	1	0.998513	0.989565	0.977182	0
PBG63936_97c56afe_ea890032_17.pod5	edd99671-5a91-4842-bc18-539cb7109c51	ea890032c0387f3c2d4d00fa478dd0c7f420c878	2340	3	13574.8	0.824	13574.9	0.7068	276	30.0721	unclassified	chr1	433092	433357	11	276	-	265	265	263	0	0	2	1	0.960145	0.992453	0.992453	0
PBG63936_97c56afe_ea890032_53.pod5	673c68b4-c118-4c54-9ff2-0945870b748d	ea890032c0387f3c2d4d00fa478dd0c7f420c878	963	2	49533.4	0.9548	49533.5	0.8172	244	31.3904	unclassified	chr1	433106	433341	0	235	+	235	235	234	0	0	1	0	0.963115	0.995745	0.995745	0
PBG63936_97c56afe_ea890032_8.pod5	043453e6-8f19-41e4-a3e3-4398ce6744be	ea890032c0387f3c2d4d00fa478dd0c7f420c878	838	3	6894.2	2.7488	6894.33	2.6208	993	38.4191	unclassified	chr1	433892	434889	0	993	+	998	992	977	1	5	15	1	1	0.984879	0.978958	0
PBG63936_97c56afe_ea890032_59.pod5	0277c257-dd48-49d5-9e21-84ccc9dfb8af	ea890032c0387f3c2d4d00fa478dd0c7f420c878	34	2	61998.1	8.2628	61998.2	8.1744	4279	23.0605	unclassified	chr1	434135	438407	0	4273	+	4277	4268	4231	5	4	37	5	0.998598	0.991331	0.989245	0
PBG63936_97c56afe_ea890032_97.pod5	c6c29dbc-e1ba-4460-acb9-c1386a56ec43	ea890032c0387f3c2d4d00fa478dd0c7f420c878	1576	1	110814	20.3984	110814	20.268	7222	15.7648	unclassified	chr1	434195	441017	0	7018	+	7097	6743	6703	275	79	40	1	0.971753	0.994068	0.944484	0
PBG63936_97c56afe_ea890032_59.pod5	5b1436e5-8aa6-4c50-833c-8dc55598c671	ea890032c0387f3c2d4d00fa478dd0c7f420c878	34	2	62006.4	10.5932	62006.5	10.494	4290	26.3394	unclassified	chr1	434289	438407	9	4290	-	4283	4116	4087	165	2	29	6	0.997902	0.992954	0.954238	0
PBG63936_97c56afe_ea890032_98.pod5	8a7fab49-4182-44b6-886b-408425be1e80	ea890032c0387f3c2d4d00fa478dd0c7f420c878	2616	1	112476	1.6028	112477	1.47	582	27.3873	unclassified	chr1	434541	435198	0	582	-	657	582	577	0	75	5	42	1	0.991409	0.878234	0
PBG63936_97c56afe_ea890032_27.pod5	dcd005ce-20d2-4048-b086-b6fb19cf0d06	ea890032c0387f3c2d4d00fa478dd0c7f420c878	2971	4	21426.7	4.2584	21426.8	4.1088	1753	31.4209	unclassified	chr1	434767	436515	0	1747	+	1749	1746	1739	1	2	7	1	0.996577	0.995991	0.994282	0
PBG63936_97c56afe_ea890032_64.pod5	75c59bd8-e8ed-4e36-87c3-85dcc289d07f	ea890032c0387f3c2d4d00fa478dd0c7f420c878	1494	4	72263.3	14.9732	72263.5	14.8656	5995	22.2208	unclassified	chr1	434803	440799	1	5990	+	6012	5973	5934	16	23	39	1	0.998999	0.993471	0.987026	0
PBG63936_97c56afe_ea890032_55.pod5	62735bee-2d59-4710-8608-885918a15537	ea890032c0387f3c2d4d00fa478dd0c7f420c878	555	1	53316.5	13.9508	53316.7	13.7964	5084	27.582	unclassified	chr1	435008	439196	0	4187	+	4189	4186	4184	1	2	2	1	0.823564	0.999522	0.998806	0
PBG63936_97c56afe_ea890032_93.pod5	26bf983d-944d-453c-b9c0-ff20e7d949f4	ea890032c0387f3c2d4d00fa478dd0c7f420c878	1036	4	104907	0.4388	104907	0.3588	139	28.0388	unclassified	chr1	435024	435162	0	139	-	139	138	136	1	0	2	0	1	0.985507	0.978417	0
PBG63936_97c56afe_ea890032_47.pod5	80a9315b-fe9b-434a-b6d1-64efda39ec07	ea890032c0387f3c2d4d00fa478dd0c7f420c878	2266	4	41620.3	1.8836	41620.4	1.794	394	18.5212	unclassified	chr1	435067	435449	12	394	-	382	382	381	0	0	1	0	0.969543	0.997382	0.997382	0
PBG63936_97c56afe_ea890032_16.pod5	bf44fd3f-e59c-4ea4-8de2-b2c9a8eab8d0	ea890032c0387f3c2d4d00fa478dd0c7f420c878	1166	4	12957	5.1888	12957.1	5.1156	2238	24.408	unclassified	chr1	435667	437897	7	2238	-	2232	2229	2227	2	1	2	0	0.996872	0.999103	0.99776	0
PBG63936_97c56afe_ea890032_111.pod5	dd2bf975-425d-4b40-9ab4-880b791af209	ea890032c0387f3c2d4d00fa478dd0c7f420c878	1031	1	140110	29.9372	140110	29.7876	12802	23.6096	unclassified	chr1	435979	448774	0	12801	+	12826	12770	12701	31	25	69	2	0.999922	0.994597	0.990254	0
PBG63936_97c56afe_ea890032_99.pod5	9e99b32f-7ca1-466f-84f1-46542db92340	ea890032c0387f3c2d4d00fa478dd0c7f420c878	1368	1	114268	1.1852	114268	1.1016	572	27.9464	unclassified	chr1	436254	436813	0	559	+	559	559	558	0	0	1	0	0.977273	0.998211	0.998211	0
PBG63936_97c56afe_ea890032_9.pod5	e4fe8ff1-fdce-4c09-b53e-b19f3ead498a	ea890032c0387f3c2d4d00fa478dd0c7f420c878	150	4	7661.7	0.7604	7661.82	0.6408	337	25.7414	unclassified	chr1	436649	436973	1	325	+	324	324	323	0	0	1	0	0.961424	0.996914	0.996914	0
PBG63936_97c56afe_ea890032_74.pod5	429c8d62-224a-4a0c-8719-dde0e48b0332	ea890032c0387f3c2d4d00fa478dd0c7f420c878	30	2	84489.5	10.0976	84489.6	10.0056	4448	24.97	unclassified	chr1	437027	441460	0	4443	+	4446	4430	4421	13	3	9	6	0.998876	0.997968	0.994377	0
PBG63936_97c56afe_ea890032_67.pod5	f0262745-24f3-47ea-a65c-345448f8c2f3	ea890032c0387f3c2d4d00fa478dd0c7f420c878	1572	3	77203.9	1.7168	77204.1	1.5684	754	23.8033	unclassified	chr1	437305	437694	365	754	-	389	389	389	0	0	0	0	0.515915	1	1	0
PBG63936_97c56afe_ea890032_47.pod5	df441c98-f408-4d4d-b1f5-752384303bf8	ea890032c0387f3c2d4d00fa478dd0c7f420c878	229	4	42009.7	13.2644	42009.9	13.0932	5323	32.2734	unclassified	chr1	437448	442765	8	5323	-	5320	5312	5291	3	5	21	5	0.998497	0.996047	0.994549	0
PBG63936_97c56afe_ea890032_2.pod5	55496c98-e140-4c5e-907f-c024c8b83337	ea890032c0387f3c2d4d00fa478dd0c7f420c878	1576	1	2664.52	6.6716	2664.63	6.5688	3005	24.5058	unclassified	chr1	437847	440845	8	3005	-	3000	2995	2984	2	3	11	0	0.997338	0.996327	0.994667	0
PBG63936_97c56afe_ea890032_82.pod5	051f6e47-5bb3-4170-ab8e-dee093b52049	ea890032c0387f3c2d4d00fa478dd0c7f420c878	168	4	92919.8	13.1312	92919.9	13.0116	4736	28.5995	unclassified	chr1	439245	443986	0	4732	+	4742	4731	4728	1	10	3	0	0.999155	0.999366	0.997048	0
PBG63936_97c56afe_ea890032_90.pod5	8e35db8c-7c8e-49c5-a2e0-2101b27b0cfb	ea890032c0387f3c2d4d00fa478dd0c7f420c878	2168	2	100836	5.222	100836	5.1156	2086	22.7504	unclassified	chr1	439548	441637	0	2086	-	2093	2082	2070	4	7	12	0	1	0.994236	0.989011	0
PBG63936_97c56afe_ea890032_27.pod5	3e9bec31-3e70-43c4-b6c0-17fe1cac3bf9	ea890032c0387f3c2d4d00fa478dd0c7f420c878	615	3	21616.9	9.8984	21617	9.762	3488	29.741	unclassified	chr1	439624	443104	0	3482	+	3483	3479	3466	3	1	13	0	0.99828	0.996263	0.995119	0
PBG63936_97c56afe_ea890032_4.pod5	669eb042-5646-45ef-ada2-6fada7c7a51f	ea890032c0387f3c2d4d00fa478dd0c7f420c878	2012	1	4116.52	9.768	4116.52	9.766	4366	29.3756	unclassified	chr1	439768	444097	33	4362	+	4332	4326	4322	3	3	4	0	0.991525	0.999075	0.997692	0
PBG63936_97c56afe_ea890032_10.pod5	83e8a60c-344e-4cc0-b9fe-890c311284b6	ea890032c0387f3c2d4d00fa478dd0c7f420c878	2658	2	8539.58	3.6092	8539.74	3.4548	1297	22.6459	unclassified	chr1	439819	440592	0	772	+	773	772	772	0	1	0	0	0.59522	1	0.998706	0
PBG63936_97c56afe_ea890032_101.pod5	ad2bd6eb-512e-46e7-afcc-2d631a48a5fe	ea890032c0387f3c2d4d00fa478dd0c7f420c878	2586	3	116355	4.5212	116355	4.392	1713	25.5887	unclassified	chr1	440093	441807	0	1712	+	1714	1712	1711	0	2	1	0	0.999416	0.999416	0.99825	0
PBG63936_97c56afe_ea890032_84.pod5	4978f67f-959a-4546-9f24-59ea3fc50ec7	ea890032c0387f3c2d4d00fa478dd0c7f420c878	2647	1	94491	6.6764	94491.2	6.5244	2691	25.1943	unclassified	chr1	440370	443068	0	2687	+	2699	2686	2663	1	12	23	0	0.998514	0.991437	0.986662	0
PBG63936_97c56afe_ea890032_90.pod5	e6a1ca5b-f351-41dc-a372-c495683a7368	ea890032c0387f3c2d4d00fa478dd0c7f420c878	2749	4	100583	0.9464	100584	0.8256	334	23.9675	unclassified	chr1	440518	440839	0	321	+	321	321	321	0	0	0	0	0.961078	1	1	0
PBG63936_97c56afe_ea890032_0.pod5	ad953886-12c1-4978-bd34-ff8bb1df1386	ea890032c0387f3c2d4d00fa478dd0c7f420c878	2056	2	983.067	10.9436	983.193	10.818	4607	34.6671	unclassified	chr1	443572	448182	0	4607	+	4610	4607	4591	0	3	16	0	1	0.996527	0.995879	0
PBG63936_97c56afe_ea890032_33.pod5	fbd8b1bf-adbf-4e1e-afce-25fde2dc4aad	ea890032c0387f3c2d4d00fa478dd0c7f420c878	1226	3	26532.4	9.0966	26532.4	9.0946	3707	37.1706	unclassified	chr1	443654	447325	29	3701	+	3672	3671	3670	1	0	1	0	0.990558	0.999728	0.999455	0
PBG63936_97c56afe_ea890032_56.pod5	b48b9a35-1fa4-4646-bf55-5be8109ef33d	ea890032c0387f3c2d4d00fa478dd0c7f420c878	2369	2	54875.7	3.2492	54875.8	3.1416	1197	44.053	unclassified	chr1	443760	444951	0	1191	+	1191	1191	1191	0	0	0	0	0.994987	1	1	0
PBG63936_97c56afe_ea890032_56.pod5	3074b708-b861-41c4-a683-1c0b05ea58af	ea890032c0387f3c2d4d00fa478dd0c7f420c878	2369	2	54879	4.2342	54879	4.2322	1270	24.9107	unclassified	chr1	443760	444951	8	1201	-	1194	1190	1190	3	1	0	0	0.93937	1	0.99665	0
PBG63936_97c56afe_ea890032_69.pod5	f13372f7-86d9-4d30-bcf0-d2e0f9377d42	ea890032c0387f3c2d4d00fa478dd0c7f420c878	606	1	78837.1	14.8064	78837.3	14.6664	5369	38.5142	unclassified	chr1	444365	449724	0	5360	+	5360	5359	5339	1	0	20	0	0.998324	0.996268	0.996082	0
PBG63936_97c56afe_ea890032_95.pod5	c362c19b-d0fa-41c0-bd77-43faee5a7461	ea890032c0387f3c2d4d00fa478dd0c7f420c878	48	4	108031	3.0908	108031	3.0024	1064	24.6741	unclassified	chr1	444616	445675	0	1057	+	1059	1057	1054	0	2	3	0	0.993421	0.997162	0.995279	0
PBG63936_97c56afe_ea890032_67.pod5	1a457716-97bd-456d-91f2-6ab9f44e0414	ea890032c0387f3c2d4d00fa478dd0c7f420c878	715	4	77001	0.6392	77001.1	0.5172	190	22.5678	unclassified	chr1	445522	445700	0	178	+	178	178	178	0	0	0	0	0.936842	1	1	0
PBG63936_97c56afe_ea890032_10.pod5	419c7c7d-bcc0-4e95-9d4e-75e2c4e06341	ea890032c0387f3c2d4d00fa478dd0c7f420c878	967	3	8967.9	2.9552	8968	2.8548	1062	44.9486	unclassified	chr1	446093	447148	0	1055	+	1055	1055	1050	0	0	5	0	0.993409	0.995261	0.995261	0
PBG63936_97c56afe_ea890032_74.pod5	a82d4560-c683-4bc4-961c-bbe5e5c5c546	ea890032c0387f3c2d4d00fa478dd0c7f420c878	1294	2	83976.2	4.6748	83976.2	4.6728	1574	12.0089	unclassified	chr1	447265	448816	0	1536	-	1579	1508	1451	28	43	57	1	0.975858	0.962202	0.918936	0
PBG63936_97c56afe_ea890032_88.pod5	ca637324-8b4f-4de3-82b6-1f44e2a5b194	ea890032c0387f3c2d4d00fa478dd0c7f420c878	755	4	98911.2	14.307	98911.2	14.305	4617	13.9159	unclassified	chr1	448336	452913	7	4564	-	4635	4499	4413	58	78	86	1	0.987005	0.980885	0.952104	0
PBG63936_97c56afe_ea890032_116.pod5	74cf8b53-843d-4a99-888c-d13e30cb2116	ea890032c0387f3c2d4d00fa478dd0c7f420c878	701	1	157593	0.7448	157593	0.5244	133	28.8116	unclassified	chr1	449086	449219	0	133	-	133	133	133	0	0	0	0	1	1	1	0
PBG63936_97c56afe_ea890032_87.pod5	77d369ea-c2b6-4b52-9a71-bf0ed7d3c7b7	ea890032c0387f3c2d4d00fa478dd0c7f420c878	2359	3	97475.7	9.1376	97475.8	9.0396	3738	25.9877	unclassified	chr1	450406	454130	10	3738	-	3730	3722	3708	6	2	14	0	0.997325	0.996239	0.994102	0
PBG63936_97c56afe_ea890032_110.pod5	4dfd7a86-bf5d-44fc-96e5-97ae84649b78	ea890032c0387f3c2d4d00fa478dd0c7f420c878	2587	1	136951	8.9576	136951	8.8188	3768	26.2396	unclassified	chr1	450448	454217	0	3768	-	3772	3765	3753	3	4	12	0	1	0.996813	0.994963	0
PBG63936_97c56afe_ea890032_56.pod5	51e66f0d-b6ee-4d34-bcaf-f071c46c1320	ea890032c0387f3c2d4d00fa478dd0c7f420c878	857	1	54841.3	0.3088	54841.3	0.3068	133	16.8231	unclassified	chr1	452459	452590	2	133	-	131	131	128	0	0	3	0	0.984962	0.977099	0.977099	0
PBG63936_97c56afe_ea890032_74.pod5	01017017-8a2d-4b7c-809c-48331835e054	ea890032c0387f3c2d4d00fa478dd0c7f420c878	1520	4	83912.1	3.3304	83912.1	3.3284	1360	10.6698	unclassified	chr1	455569	456759	162	1329	-	1217	1140	1086	27	50	54	0	0.858088	0.952632	0.892358	0
PBG63936_97c56afe_ea890032_71.pod5	8e67a159-a30d-4ae6-8d1c-e790c440054f	ea890032c0387f3c2d4d00fa478dd0c7f420c878	2065	1	80777.6	1.0004	80777.8	0.8352	346	23.1762	unclassified	chr1	456360	456696	0	335	+	336	335	335	0	1	0	8	0.968208	1	0.997024	0
PBG63936_97c56afe_ea890032_62.pod5	8573ed53-057a-4be7-aea2-bc98d8547f3f	ea890032c0387f3c2d4d00fa478dd0c7f420c878	1688	1	66685.8	4.1028	66686	3.8892	1250	21.0014	unclassified	chr1	457676	458883	0	1206	+	1210	1203	1195	3	4	8	24	0.9648	0.99335	0.987603	0
PBG63936_97c56afe_ea890032_37.pod5	4f7f906a-5db8-430c-ac0d-164fb28b960f	ea890032c0387f3c2d4d00fa478dd0c7f420c878	543	2	31193.6	5.8064	31193.7	5.712	2427	26.9625	unclassified	chr1	457742	460168	0	2427	+	2429	2424	2421	3	2	3	8	1	0.998762	0.996706	0
PBG63936_97c56afe_ea890032_97.pod5	c67051d5-6877-4d8b-9bd3-45a9ce1f3f8c	ea890032c0387f3c2d4d00fa478dd0c7f420c878	1377	3	109729	24.8948	109729	24.81	12417	20.1551	unclassified	chr1	458948	471455	4	12417	-	12537	12383	12314	30	124	69	18	0.999678	0.994428	0.982213	0
PBG63936_97c56afe_ea890032_97.pod5	a9bb2880-6892-4a5a-a654-a7d1246b743e	ea890032c0387f3c2d4d00fa478dd0c7f420c878	1377	3	109698	30.3268	109698	30.3248	12653	20.6101	unclassified	chr1	458952	471456	37	12647	+	12635	12479	12435	131	25	44	16	0.996602	0.996474	0.984171	0
PBG63936_97c56afe_ea890032_61.pod5	3660ea03-a339-4ecb-8ff8-bb6d4e888b10	ea890032c0387f3c2d4d00fa478dd0c7f420c878	2332	1	63383.8	2.3036	63383.9	2.2116	760	34.8674	unclassified	chr1	459336	460086	8	760	-	752	750	750	2	0	0	0	0.989474	1	0.99734	0
PBG63936_97c56afe_ea890032_101.pod5	d1c2e5d3-cadd-455b-8af9-410796b56a85	ea890032c0387f3c2d4d00fa478dd0c7f420c878	24	4	116944	33.458	116944	33.3648	13711	26.9855	unclassified	chr1	459657	473365	0	13711	-	13730	13689	13648	22	19	41	14	1	0.997005	0.994028	0
PBG63936_97c56afe_ea890032_4.pod5	80883284-8e19-4dfa-9db3-9486e982e58e	ea890032c0387f3c2d4d00fa478dd0c7f420c878	1467	3	3490.66	0.5924	3490.78	0.4764	212	20.8643	unclassified	chr1	460382	460583	11	212	-	201	201	201	0	0	0	0	0.948113	1	1	0
PBG63936_97c56afe_ea890032_0.pod5	a977baab-58c0-478b-aae5-a0373646f9ae	ea890032c0387f3c2d4d00fa478dd0c7f420c878	1075	2	1050.84	1.598	1050.97	1.47	573	35.7635	unclassified	chr1	461231	461797	0	565	+	566	565	563	0	1	2	0	0.986038	0.99646	0.9947	0
PBG63936_97c56afe_ea890032_39.pod5	052558d5-4d46-405d-b77b-c04294f8bf37	ea890032c0387f3c2d4d00fa478dd0c7f420c878	1815	3	32556.1	27.7832	32556.2	27.696	12617	25.8452	unclassified	chr1	461860	474468	8	12617	-	12636	12581	12526	28	27	55	1	0.999366	0.995628	0.991295	0
PBG63936_97c56afe_ea890032_118.pod5	adeff3cd-f51a-4160-a08c-7f67350be556	ea890032c0387f3c2d4d00fa478dd0c7f420c878	1379	1	165304	1.1304	165304	1.1284	473	20.0005	unclassified	chr1	462298	462717	12	434	-	422	419	416	3	0	3	0	0.892178	0.99284	0.985782	0
PBG63936_97c56afe_ea890032_63.pod5	92e0c37b-95c3-497c-8b5d-0cd0de6d12b6	ea890032c0387f3c2d4d00fa478dd0c7f420c878	1426	1	67558.3	4.4216	67558.4	4.2504	1498	21.5253	unclassified	chr1	462841	464341	0	1498	+	1505	1493	1483	5	7	10	0	1	0.993302	0.985382	0
PBG63936_97c56afe_ea890032_126.pod5	5af41511-f30b-41ec-9718-e1aee0c7b967	ea890032c0387f3c2d4d00fa478dd0c7f420c878	2740	1	193989	78.578	193989	78.408	29025	25.8661	unclassified	chr1	462927	503508	0	29025	-	40626	28980	28886	45	11601	94	1	1	0.996756	0.711022	0
PBG63936_97c56afe_ea890032_15.pod5	95572514-e38b-41f7-9d20-d89494b0fdcb	ea890032c0387f3c2d4d00fa478dd0c7f420c878	1799	3	12098	4.9916	12098.2	4.8492	1511	33.5277	unclassified	chr1	463296	464801	7	1511	-	1505	1504	1499	0	1	5	0	0.995367	0.996676	0.996013	0
PBG63936_97c56afe_ea890032_94.pod5	be632d2a-1e55-4f95-95da-d25d92db5514	ea890032c0387f3c2d4d00fa478dd0c7f420c878	1011	3	107143	12.3752	107143	12.228	4683	25.8848	unclassified	chr1	463714	468388	7	4683	-	4678	4672	4659	4	2	13	16	0.998505	0.997217	0.995938	0
PBG63936_97c56afe_ea890032_58.pod5	50f36eca-3906-40ae-9cbb-5b681918cefa	ea890032c0387f3c2d4d00fa478dd0c7f420c878	1577	4	58750.2	9.116	58750.2	9.042	5094	21.9183	unclassified	chr1	464250	469349	0	5090	+	5111	5078	5051	12	21	27	28	0.999215	0.994683	0.988261	0
PBG63936_97c56afe_ea890032_58.pod5	f710d8cd-79b3-4d3e-b72e-113bdb627e46	ea890032c0387f3c2d4d00fa478dd0c7f420c878	1577	4	58737.4	12.626	58737.5	12.4812	5109	28.3904	unclassified	chr1	464250	469348	7	5109	-	5105	5095	5082	7	3	13	24	0.99863	0.997449	0.995495	0
PBG63936_97c56afe_ea890032_7.pod5	330e91b2-99ab-41e2-82f3-459e0ef23e5a	ea890032c0387f3c2d4d00fa478dd0c7f420c878	2169	1	6646.98	1.0318	6646.98	1.0298	455	27.0382	unclassified	chr1	466191	466601	8	418	-	410	410	410	0	0	0	0	0.901099	1	1	0
PBG63936_97c56afe_ea890032_10.pod5	5f050bb0-73cb-41de-ad5e-61167a4c2635	ea890032c0387f3c2d4d00fa478dd0c7f420c878	2714	2	8864.33	1.4636	8864.6	1.1916	268	23.624	unclassified	chr1	466760	467027	0	267	+	267	267	266	0	0	1	0	0.996269	0.996255	0.996255	0
PBG63936_97c56afe_ea890032_88.pod5	c25f19f1-7c92-4663-b7d4-8d9fae99e7c6	ea890032c0387f3c2d4d00fa478dd0c7f420c878	1092	1	99073	6.3174	99073	6.3154	2557	24.8436	unclassified	chr1	466824	469347	4	2523	-	2525	2517	2510	2	6	7	8	0.985139	0.997219	0.994059	0
PBG63936_97c56afe_ea890032_57.pod5	dd802b11-0307-4b28-8f7a-8ee09af13185	ea890032c0387f3c2d4d00fa478dd0c7f420c878	2559	4	56137.7	39.7292	56137.8	39.582	15130	27.0433	unclassified	chr1	469865	485006	8	15130	-	15172	15091	15051	31	50	40	4	0.999471	0.997349	0.992025	0
PBG63936_97c56afe_ea890032_27.pod5	0d8223da-d8d4-4968-9032-91717597809f	ea890032c0387f3c2d4d00fa478dd0c7f420c878	700	4	21100.4	14.6756	21100.6	14.5428	6001	27.4406	unclassified	chr1	470148	476145	0	5994	+	5997	5994	5988	0	3	6	5	0.998834	0.998999	0.998499	0
PBG63936_97c56afe_ea890032_87.pod5	7486842a-2221-4a95-8e2c-9fe5485c8f6c	ea890032c0387f3c2d4d00fa478dd0c7f420c878	573	3	96365.8	52.7168	96366	52.5696	23526	26.4162	unclassified	chr1	470340	493676	0	23519	+	23588	23267	23180	252	69	87	1	0.999702	0.996261	0.982703	0
PBG63936_97c56afe_ea890032_1.pod5	35c44fb4-532f-4ac4-9f62-dd012acaf8d5	ea890032c0387f3c2d4d00fa478dd0c7f420c878	2163	4	1423.56	1.2716	1423.67	1.1688	454	37.4216	unclassified	chr1	471076	471518	12	454	-	442	442	441	0	0	1	0	0.973568	0.997738	0.997738	0
PBG63936_97c56afe_ea890032_17.pod5	83a39c80-f8a4-4a03-852a-758221ea58bf	ea890032c0387f3c2d4d00fa478dd0c7f420c878	2667	2	13541.4	1.4714	13541.4	1.4694	223	18.4098	unclassified	chr1	471566	471754	9	197	-	188	188	187	0	0	1	0	0.843049	0.994681	0.994681	0
PBG63936_97c56afe_ea890032_100.pod5	8ad5f578-2eef-459c-a6c2-b7d3252a0e95	ea890032c0387f3c2d4d00fa478dd0c7f420c878	1693	1	115785	12.591	115785	12.589	7616	12.5092	unclassified	chr1	471637	479301	7	7563	-	7791	7429	7233	127	235	196	10	0.992122	0.973617	0.928379	0
PBG63936_97c56afe_ea890032_100.pod5	d483d1b4-583b-4ea2-81ff-d1b1796c0027	ea890032c0387f3c2d4d00fa478dd0c7f420c878	1693	1	115797	4.7852	115797	4.6956	2110	13.3152	unclassified	chr1	471642	473750	8	2110	+	2138	2072	2023	30	36	49	4	0.996209	0.976351	0.946211	0
PBG63936_97c56afe_ea890032_53.pod5	290c6474-d066-4a46-829e-0fdcc24ee696	ea890032c0387f3c2d4d00fa478dd0c7f420c878	2057	3	49869.9	14.6552	49870.2	14.328	3134	30.0351	unclassified	chr1	471685	474810	11	3134	-	3127	3121	3113	2	4	8	9	0.99649	0.997437	0.995523	0
PBG63936_97c56afe_ea890032_53.pod5	39417953-e0c0-4ab5-a416-1240d168f825	ea890032c0387f3c2d4d00fa478dd0c7f420c878	2057	3	49861.3	8.2136	49861.3	8.2116	3169	31.873	unclassified	chr1	471686	474810	36	3160	+	3125	3123	3116	1	1	7	9	0.9858	0.997759	0.99712	0
PBG63936_97c56afe_ea890032_120.pod5	b8bfca30-f119-4aea-a824-7056f96c1077	ea890032c0387f3c2d4d00fa478dd0c7f420c878	176	4	173629	28.9964	173629	28.8828	11128	30.4966	unclassified	chr1	471832	482976	0	11122	+	11158	11108	11098	14	36	10	3	0.999461	0.9991	0.994623	0
PBG63936_97c56afe_ea890032_124.pod5	76cb8b79-8dec-442e-8161-1a1775552af4	ea890032c0387f3c2d4d00fa478dd0c7f420c878	2664	3	186344	35.1086	186344	35.1066	11136	19.5006	unclassified	chr1	472135	483275	36	11136	+	11181	11059	10993	41	81	66	1	0.996767	0.994032	0.983186	0
PBG63936_97c56afe_ea890032_51.pod5	e46150c4-3c84-4893-b498-b6ed92d41692	ea890032c0387f3c2d4d00fa478dd0c7f420c878	99	3	46137.2	9.4208	46137.3	9.2916	3531	24.3828	unclassified	chr1	472366	475895	0	3531	+	3534	3526	3519	5	3	7	23	1	0.998015	0.995755	0
PBG63936_97c56afe_ea890032_67.pod5	a9115ad4-386a-4b27-8b49-c45022036048	ea890032c0387f3c2d4d00fa478dd0c7f420c878	2835	1	77244.7	1.7588	77244.8	1.6572	468	12.6237	unclassified	chr1	472415	472875	6	452	+	467	439	428	7	21	11	1	0.952991	0.974943	0.916488	0
PBG63936_97c56afe_ea890032_0.pod5	8283b299-c2a9-4d33-bb82-cee576c32fa3	ea890032c0387f3c2d4d00fa478dd0c7f420c878	2072	3	836.3	2.8592	836.424	2.7348	1062	33.562	unclassified	chr1	472687	473742	7	1062	-	1055	1055	1055	0	0	0	16	0.993409	1	1	0
PBG63936_97c56afe_ea890032_89.pod5	a458d719-b30f-482f-8b7a-120a04385bc3	ea890032c0387f3c2d4d00fa478dd0c7f420c878	1645	3	99811.8	6.3176	99811.9	6.2016	2233	29.6551	unclassified	chr1	473261	475489	4	2233	-	2229	2228	2224	1	0	4	21	0.998209	0.998205	0.997757	0
PBG63936_97c56afe_ea890032_37.pod5	abb552b9-46b8-4508-8cec-5409f4d6358a	ea890032c0387f3c2d4d00fa478dd0c7f420c878	2021	2	31026.2	3.4448	31026.3	3.3672	1483	31.968	unclassified	chr1	473337	474813	0	1477	+	1477	1476	1472	1	0	4	0	0.995954	0.99729	0.996615	0
PBG63936_97c56afe_ea890032_56.pod5	0f558473-ae80-4968-858c-908d67f196d6	ea890032c0387f3c2d4d00fa478dd0c7f420c878	463	1	54832.3	24.6668	54832.4	24.558	9842	29.036	unclassified	chr1	473662	483537	4	9842	-	9890	9823	9813	15	52	10	0	0.999594	0.998982	0.992214	0
PBG63936_97c56afe_ea890032_49.pod5	4efee688-71a3-4657-b457-86ad6b39b748	ea890032c0387f3c2d4d00fa478dd0c7f420c878	977	4	45394	43.2178	45394	43.2158	16463	27.2278	unclassified	chr1	473866	482220	35	8368	+	8389	8298	8267	35	56	31	1	0.506165	0.996264	0.985457	0
PBG63936_97c56afe_ea890032_84.pod5	45bf131a-944c-4bcf-bcfc-f97a6376e763	ea890032c0387f3c2d4d00fa478dd0c7f420c878	1335	4	94229.9	14.45	94230	14.3484	6224	30.3082	unclassified	chr1	474851	481101	0	6217	+	6252	6215	6208	2	35	7	0	0.998875	0.998874	0.992962	0
PBG63936_97c56afe_ea890032_67.pod5	fa523d16-68d9-47e1-af58-99b14545df85	ea890032c0387f3c2d4d00fa478dd0c7f420c878	866	1	76714.4	1.1336	76714.6	0.9408	219	16.0847	unclassified	chr1	475085	475295	0	212	+	212	210	210	2	0	0	0	0.968037	1	0.990566	0
PBG63936_97c56afe_ea890032_14.pod5	c26212d7-7500-431b-b8ff-306e68cfdbc5	ea890032c0387f3c2d4d00fa478dd0c7f420c878	905	3	11165.4	1.4264	11165.5	1.3344	503	29.2961	unclassified	chr1	476383	476877	10	503	-	494	493	492	0	1	1	0	0.980119	0.997972	0.995951	0
PBG63936_97c56afe_ea890032_82.pod5	8e422612-124a-495b-adb5-ba0998e5912d	ea890032c0387f3c2d4d00fa478dd0c7f420c878	2459	1	91580.8	1.0604	91580.9	0.9288	452	21.972	unclassified	chr1	476981	477330	107	452	-	358	336	328	9	13	8	0	0.763274	0.97619	0.916201	0
PBG63936_97c56afe_ea890032_35.pod5	7344fc7e-a1fb-4c5c-aa0f-982557003589	ea890032c0387f3c2d4d00fa478dd0c7f420c878	56	1	28615.6	21.4434	28615.6	21.4414	8632	9.47782	unclassified	chr1	477141	483279	25	6015	+	6285	5843	5567	147	295	276	1	0.69393	0.952764	0.88576	0
PBG63936_97c56afe_ea890032_95.pod5	4b143a44-0f13-4cc5-b1ba-655ffccb73ee	ea890032c0387f3c2d4d00fa478dd0c7f420c878	2056	2	108142	1.514	108142	1.4316	575	26.9452	unclassified	chr1	477687	478252	0	565	+	565	565	564	0	0	1	0	0.982609	0.99823	0.99823	0
PBG63936_97c56afe_ea890032_83.pod5	d338a62a-7a14-4ad2-afed-2ccd838b1721	ea890032c0387f3c2d4d00fa478dd0c7f420c878	915	4	93099.8	5.042	93099.9	4.9476	2292	16.6299	unclassified	chr1	478997	481095	0	2100	+	2102	2096	2091	4	2	5	0	0.91623	0.997615	0.994767	0
PBG63936_97c56afe_ea890032_72.pod5	d9856d3f-7e1c-4887-8002-fa917dfdd279	ea890032c0387f3c2d4d00fa478dd0c7f420c878	916	2	82209.4	8.0492	82209.6	7.9188	3408	27.8852	unclassified	chr1	479013	482417	0	3402	+	3407	3399	3393	3	5	6	0	0.998239	0.998235	0.995891	0
PBG63936_97c56afe_ea890032_112.pod5	2a3eef2b-4719-47cc-96cb-326d66351c8c	ea890032c0387f3c2d4d00fa478dd0c7f420c878	2226	3	142389	1.7696	142389	1.5552	398	35.1752	unclassified	chr1	479705	480093	7	395	-	388	388	388	0	0	0	0	0.974874	1	1	0
PBG63936_97c56afe_ea890032_27.pod5	9a285723-6820-4ff6-8e4f-60a1cbea12b4	ea890032c0387f3c2d4d00fa478dd0c7f420c878	1303	2	21180.4	7.1138	21180.4	7.1118	3198	21.9733	unclassified	chr1	480778	482411	34	1666	+	1636	1629	1625	3	4	4	0	0.510319	0.997545	0.993276	0
PBG63936_97c56afe_ea890032_63.pod5	74f8b407-682e-4743-b6e3-df5efe795038	ea890032c0387f3c2d4d00fa478dd0c7f420c878	926	1	68295.1	3.5216	68295.2	3.3756	1424	34.8699	unclassified	chr1	481344	481882	886	1424	-	538	538	538	0	0	0	0	0.377809	1	1	0
PBG63936_97c56afe_ea890032_88.pod5	383b67cf-e5eb-4563-926d-e326a2ce96ef	ea890032c0387f3c2d4d00fa478dd0c7f420c878	2851	2	98182.5	2.5316	98182.5	2.5296	1087	31.0407	unclassified	chr1	481647	482233	8	594	-	586	586	586	0	0	0	0	0.539098	1	1	0
PBG63936_97c56afe_ea890032_53.pod5	0379c4c5-58ac-4925-90cd-37e146e0fbc9	ea890032c0387f3c2d4d00fa478dd0c7f420c878	737	2	50273.1	49.2552	50273.1	49.2532	17221	5.57976	unclassified	chr1	482676	484152	7005	8373	+	1531	1313	1132	55	163	181	1	0.0794379	0.862148	0.739386	0
PBG63936_97c56afe_ea890032_0.pod5	9eba9bac-0455-4c4d-a67c-14f0145e8eca	ea890032c0387f3c2d4d00fa478dd0c7f420c878	611	4	605.759	3.6044	605.961	3.402	1225	28.1801	unclassified	chr1	483051	484275	0	1225	-	1226	1223	1219	2	1	4	1	1	0.996729	0.99429	0
PBG63936_97c56afe_ea890032_27.pod5	3443ea42-b773-474e-be99-c8759c18c926	ea890032c0387f3c2d4d00fa478dd0c7f420c878	78	1	21680.6	75.2552	21680.9	74.9808	30447	26.4879	unclassified	chr1	483680	512997	0	30447	+	30498	29266	29110	1181	51	156	35	1	0.99467	0.954489	0
PBG63936_97c56afe_ea890032_34.pod5	ac41f698-2540-405a-83e9-08fe7f88a102	ea890032c0387f3c2d4d00fa478dd0c7f420c878	1424	2	27133.8	0.752	27134	0.5952	223	24.435	unclassified	chr1	484045	484267	0	222	+	222	222	222	0	0	0	0	0.995516	1	1	0
PBG63936_97c56afe_ea890032_16.pod5	c176cf8e-7d25-42fc-abd6-69b08b07a19d	ea890032c0387f3c2d4d00fa478dd0c7f420c878	699	2	12398.8	1.3376	12398.9	1.236	511	17.779	unclassified	chr1	484893	485392	11	511	-	503	496	489	4	3	7	0	0.978474	0.985887	0.972167	0
PBG63936_97c56afe_ea890032_9.pod5	93ce36e2-8f88-4673-a1b8-a271047c23fa	ea890032c0387f3c2d4d00fa478dd0c7f420c878	2541	4	7766.62	88.364	7766.71	88.2768	33711	15.0638	unclassified	chr1	486189	507711	0	23499	+	23636	21385	21061	2114	137	324	1	0.697072	0.984849	0.891056	0
PBG63936_97c56afe_ea890032_83.pod5	029a3bd7-d7d1-4e53-9733-2ae7a1effdfb	ea890032c0387f3c2d4d00fa478dd0c7f420c878	2795	1	93461	1.334	93461.1	1.1772	515	28.6731	unclassified	chr1	489877	490382	0	505	+	506	504	501	1	1	3	1	0.980583	0.994048	0.990119	0
PBG63936_97c56afe_ea890032_72.pod5	b4e471b3-1b54-4f3d-8682-127b732b36f4	ea890032c0387f3c2d4d00fa478dd0c7f420c878	688	3	82528.4	2.7116	82528.5	2.5836	1103	23.0051	unclassified	chr1	490066	491167	0	1103	-	1104	1100	1099	3	1	1	0	1	0.999091	0.995471	0
PBG63936_97c56afe_ea890032_106.pod5	d88aa5ea-9ced-4876-b62e-2b7fdf4b57e7	ea890032c0387f3c2d4d00fa478dd0c7f420c878	2906	1	125134	20.4632	125135	20.2896	6568	31.6671	unclassified	chr1	491152	497746	0	6558	+	6608	6544	6508	14	50	36	1	0.998477	0.994499	0.984867	0
PBG63936_97c56afe_ea890032_98.pod5	bf709a6f-66a2-483f-ac61-c26d0f2ca45b	ea890032c0387f3c2d4d00fa478dd0c7f420c878	302	4	112133	47.2868	112133	47.1624	19165	28.7073	unclassified	chr1	492175	510326	1001	19164	-	18189	18125	18033	38	26	92	42	0.947717	0.994924	0.991423	0
PBG63936_97c56afe_ea890032_80.pod5	61257240-16c8-4841-9b70-71af29a5c01a	ea890032c0387f3c2d4d00fa478dd0c7f420c878	1212	3	89576.1	3.0858	89576.1	3.0838	1267	15.3607	unclassified	chr1	492672	493898	41	1263	+	1237	1211	1195	11	15	16	0	0.964483	0.986788	0.966047	0
PBG63936_97c56afe_ea890032_27.pod5	2980f318-9b41-46b8-9744-6c2330fc6181	ea890032c0387f3c2d4d00fa478dd0c7f420c878	1068	3	21527.7	15.3008	21527.9	15.1392	4627	35.1895	unclassified	chr1	492883	497493	0	4620	+	4620	4610	4578	10	0	32	5	0.998487	0.993059	0.990909	0
PBG63936_97c56afe_ea890032_24.pod5	6a3008c9-5b0d-411b-b4a4-35074e5b694c	ea890032c0387f3c2d4d00fa478dd0c7f420c878	50	1	18623.6	2.1524	18623.7	2.0328	772	33.8139	unclassified	chr1	492900	493663	9	772	-	763	763	762	0	0	1	0	0.988342	0.998689	0.998689	0
PBG63936_97c56afe_ea890032_57.pod5	4a6df8c7-2f6c-43b1-b901-7a309baffdfd	ea890032c0387f3c2d4d00fa478dd0c7f420c878	2156	1	56966.6	105.89	56966.7	105.763	39537	23.8363	unclassified	chr1	494443	533344	614	39537	-	38971	38853	38733	70	48	120	43	0.98447	0.996911	0.993893	0
PBG63936_97c56afe_ea890032_47.pod5	d7091e0a-73f6-4559-9d48-03da6ed21df8	ea890032c0387f3c2d4d00fa478dd0c7f420c878	1456	4	42498	54.2912	42498.2	54.12	21777	26.6475	unclassified	chr1	494566	516326	0	21777	+	21806	21731	21635	46	29	96	45	1	0.995582	0.992158	0
PBG63936_97c56afe_ea890032_133.pod5	4db232e4-476c-41fe-b42c-16b3e4031c00	ea890032c0387f3c2d4d00fa478dd0c7f420c878	488	1	219991	2.5904	219991	2.4528	917	39.2954	unclassified	chr1	494700	495611	0	911	+	912	910	906	1	1	4	0	0.993457	0.995604	0.993421	0
PBG63936_97c56afe_ea890032_90.pod5	09b6da1b-8c80-4833-aab6-2ad0bf8a3bb9	ea890032c0387f3c2d4d00fa478dd0c7f420c878	1821	3	101421	40.472	101421	40.338	12786	35.4998	unclassified	chr1	496235	508983	10	12786	-	12779	12745	12697	31	3	48	25	0.999218	0.996234	0.993583	0
PBG63936_97c56afe_ea890032_95.pod5	2d20a930-a569-4536-9278-609b47dd05e1	ea890032c0387f3c2d4d00fa478dd0c7f420c878	2112	4	107916	53.16	107916	53.158	11929	13.5593	unclassified	chr1	496669	508525	7	11880	-	12070	11659	11348	214	197	311	30	0.995306	0.973325	0.940182	0
PBG63936_97c56afe_ea890032_106.pod5	4d3ae526-8981-4ab6-80d0-aab43d8a2011	ea890032c0387f3c2d4d00fa478dd0c7f420c878	2196	1	125041	48.0836	125041	47.9628	19601	29.0207	unclassified	chr1	496944	516537	0	19601	+	19618	19576	19521	25	17	55	35	1	0.99719	0.995056	0
PBG63936_97c56afe_ea890032_13.pod5	5ffbc0fd-10db-43b5-8e8f-4c7b1a0a1d0d	ea890032c0387f3c2d4d00fa478dd0c7f420c878	983	4	9945.29	1.2224	9945.42	1.0932	438	28.2933	unclassified	chr1	497129	497566	0	438	-	438	437	437	1	0	0	0	1	1	0.997717	0
PBG63936_97c56afe_ea890032_18.pod5	5a545473-6576-45b3-90a4-593c25f32f7e	ea890032c0387f3c2d4d00fa478dd0c7f420c878	2478	3	14598.4	6.4014	14598.4	6.3994	2308	26.5317	unclassified	chr1	497154	499426	10	2283	-	2275	2270	2248	3	2	22	0	0.984835	0.990308	0.988132	0
PBG63936_97c56afe_ea890032_74.pod5	d3399a67-60ee-46a5-9980-03067e43d450	ea890032c0387f3c2d4d00fa478dd0c7f420c878	1552	1	84050.2	1.8692	84050.3	1.7364	683	32.2738	unclassified	chr1	497733	498403	0	671	+	671	670	665	1	0	5	0	0.98243	0.992537	0.991058	0
