filename	read_id	run_id	channel	mux	start_time	duration	template_start	template_duration	sequence_length_template	mean_qscore_template	barcode	alignment_genome	alignment_genome_start	alignment_genome_end	alignment_strand_start	alignment_strand_end	alignment_direction	alignment_length	alignment_num_aligned	alignment_num_correct	alignment_num_insertions	alignment_num_deletions	alignment_num_substitutions	alignment_mapq	alignment_strand_coverage	alignment_identity	alignment_accuracy	alignment_bed_hits
PBC69394_skip_806a2b99_641f1589_143.pod5	40f315c3-ad7a-4fbe-a178-eb730a55fb57	641f15894b0cb45e826e64f30ff2cdbd6fc30a48	429	1	188223	123.099	188223	122.954	18713	14.022	unclassified	chr17	4898063	4899824	0	1741	+	1763	1739	1730	2	22	9	60	0.0930369	0.994825	0.981282	0
PBC69394_skip_806a2b99_641f1589_143.pod5	5b3a3fbb-6e48-406f-80a5-1ee73ae39d62	641f15894b0cb45e826e64f30ff2cdbd6fc30a48	846	1	184698	136.543	184699	136.328	36005	24.2231	unclassified	chr4	88647969	88683985	0	35999	+	36096	35919	35822	80	97	97	60	0.999833	0.997299	0.992409	0
PBC69394_skip_806a2b99_641f1589_143.pod5	63a40e69-8eed-4409-bf93-134010fc32fe	641f15894b0cb45e826e64f30ff2cdbd6fc30a48	815	4	184788	121.6	184788	121.484	42078	29.7242	unclassified	chr22	11211208	11215486	36236	40939	+	4808	4173	3510	530	105	663	10	0.111769	0.841121	0.730033	0
PBC69394_skip_806a2b99_641f1589_143.pod5	7b950b77-e5b0-4be5-9bf3-289be040e19d	641f15894b0cb45e826e64f30ff2cdbd6fc30a48	975	4	184577	191.385	184577	191.226	57577	26.1921	unclassified	chr13	56221622	56273910	0	52307	+	52384	52211	52088	96	77	123	60	0.90847	0.997644	0.994349	0
PBC69394_skip_806a2b99_641f1589_143.pod5	5501dd6b-ce27-443c-b071-68cb7310d92d	641f15894b0cb45e826e64f30ff2cdbd6fc30a48	397	4	184518	167.84	184518	167.712	50034	29.4005	unclassified	chr21	23108479	23158491	9	50034	-	50065	49972	49947	53	40	25	60	0.99982	0.9995	0.997643	0
PBC69394_skip_806a2b99_641f1589_143.pod5	c8029f84-97a4-4900-9a94-5201c040e423	641f15894b0cb45e826e64f30ff2cdbd6fc30a48	932	1	184432	120.484	184432	120.287	35442	24.1115	unclassified	chr7	97347488	97369512	13431	35442	-	22080	21955	21859	56	69	96	60	0.621043	0.995627	0.989991	0
PBC69394_skip_806a2b99_641f1589_143.pod5	caffe034-b9e5-4581-8bf2-caabd9c3aa30	641f15894b0cb45e826e64f30ff2cdbd6fc30a48	108	3	184404	137.978	184404	137.84	48293	24.588	unclassified	chr4	121876458	121924821	0	48293	-	48417	48239	48111	54	124	128	60	1	0.997347	0.99368	0
PBC69394_skip_806a2b99_641f1589_143.pod5	0c959790-d013-4a92-b474-29bd7433ece6	641f15894b0cb45e826e64f30ff2cdbd6fc30a48	632	3	184422	132.788	184423	132.662	53152	29.216	unclassified	chr10	50030965	50084145	0	53152	-	53226	53106	52941	46	74	165	60	1	0.996893	0.994645	0
PBC69394_skip_806a2b99_641f1589_143.pod5	e1bdfb67-f76b-4a6f-9b15-b917e1792db5	641f15894b0cb45e826e64f30ff2cdbd6fc30a48	397	4	184359	155.589	184359	155.495	59128	18.5134	unclassified	chr11	114738875	114796979	0	59123	+	59256	57971	57804	1152	133	167	60	0.999915	0.997119	0.975496	0
PBC69394_skip_806a2b99_641f1589_143.pod5	b6a1ca59-88e5-4736-b611-93dd64c210e4	641f15894b0cb45e826e64f30ff2cdbd6fc30a48	108	3	184799	103.749	184799	103.612	39751	19.105	unclassified	chr2	109330339	109369564	0	39750	+	39824	39151	39044	599	74	107	60	0.999975	0.997267	0.980414	0
PBC69394_skip_806a2b99_641f1589_143.pod5	e9649ce7-3b2d-4f5b-8b43-0a213cfe3204	641f15894b0cb45e826e64f30ff2cdbd6fc30a48	175	4	186625	142.677	186625	142.554	57219	25.9623	unclassified	chr13	68504669	68561898	0	57217	+	57307	57139	57038	78	90	101	60	0.999965	0.998232	0.995306	0
PBC69394_skip_806a2b99_641f1589_143.pod5	036fe3b0-d02e-4fa9-87c2-52feabb9abb8	641f15894b0cb45e826e64f30ff2cdbd6fc30a48	427	1	188289	156.712	188289	156.71	56786	28.3062	unclassified	chr2	3806686	3863448	33	56786	+	56811	56704	56641	49	58	63	60	0.999419	0.998889	0.997008	0
PBC69394_skip_806a2b99_641f1589_143.pod5	ebff07ee-898f-4f65-8e4e-a2df4fd0be02	641f15894b0cb45e826e64f30ff2cdbd6fc30a48	463	3	184949	135.608	184949	135.606	52987	21.9587	unclassified	chr12	81564204	81617148	0	52959	-	53142	52761	52560	198	183	201	60	0.999472	0.99619	0.989048	0
PBC69394_skip_806a2b99_641f1589_143.pod5	af51c937-d81f-4856-bf58-c820cbaf1793	641f15894b0cb45e826e64f30ff2cdbd6fc30a48	346	1	184609	152.365	184609	152.237	55619	22.4311	unclassified	chrX	17453341	17509271	9	55619	-	56124	55416	55253	194	514	163	60	0.999838	0.997059	0.984481	0
PBC69394_skip_806a2b99_641f1589_143.pod5	59a71449-efb1-41af-b6dc-847f4521bb71	641f15894b0cb45e826e64f30ff2cdbd6fc30a48	816	4	184374	133.512	184375	133.34	53071	23.3949	unclassified	chr17	45647954	45701079	0	53066	+	53215	52976	52796	90	149	180	60	0.999906	0.996602	0.992126	0
PBC69394_skip_806a2b99_641f1589_143.pod5	51c14ffa-1590-4fb5-937a-7d09b66f311f	641f15894b0cb45e826e64f30ff2cdbd6fc30a48	169	1	184731	158.353	184731	158.351	58942	27.6864	unclassified	chr20	19755208	19814086	7	58891	-	58988	58774	58618	110	104	156	60	0.999016	0.997346	0.993728	0
PBC69394_skip_806a2b99_641f1589_143.pod5	67a67a00-0247-46fe-bd64-3f60cd85b624	641f15894b0cb45e826e64f30ff2cdbd6fc30a48	429	1	184412	168.009	184412	168.007	66867	25.6752	unclassified	chr3	105896738	105963630	6	66861	+	67003	66744	66592	111	148	152	60	0.999821	0.997723	0.993866	0
PBC69394_skip_806a2b99_641f1589_143.pod5	44399775-b880-4eb3-b167-6906544b0b25	641f15894b0cb45e826e64f30ff2cdbd6fc30a48	699	1	184389	152.598	184389	152.47	60576	28.9102	unclassified	chr8	16252524	16313059	0	60569	+	60660	60444	60329	125	91	115	60	0.999884	0.998097	0.994543	0
PBC69394_skip_806a2b99_641f1589_143.pod5	d34d5930-4c2a-4a01-8095-3aa81ff61c47	641f15894b0cb45e826e64f30ff2cdbd6fc30a48	169	1	184910	143.424	184910	143.422	53628	24.489	unclassified	chrX	135386684	135440321	6	53601	-	53715	53517	53393	78	120	124	60	0.999385	0.997683	0.994005	0
PBC69394_skip_806a2b99_641f1589_143.pod5	a23a2122-786f-442b-9e0c-7586f247ac39	641f15894b0cb45e826e64f30ff2cdbd6fc30a48	914	2	184965	130.234	184965	130.102	55695	23.4629	unclassified	chr3	167502946	167558538	0	55580	+	55696	55476	55349	104	116	127	60	0.997935	0.997711	0.99377	0
PBC69394_skip_806a2b99_641f1589_143.pod5	2054eb51-76f5-4c41-a5d5-46e3e0c3fedb	641f15894b0cb45e826e64f30ff2cdbd6fc30a48	687	2	185402	127.182	185402	127.18	46330	24.6984	unclassified	chr13	46083622	46129940	10	46302	-	46399	46211	46089	81	107	122	60	0.99918	0.99736	0.993319	0
PBC69394_skip_806a2b99_641f1589_143.pod5	14aa7e62-de7a-4ba1-94ce-42a8274c6774	641f15894b0cb45e826e64f30ff2cdbd6fc30a48	632	3	184722	121.616	184722	121.396	41658	29.3991	unclassified	chr4	131890741	131932334	0	41658	-	41701	41550	41473	108	43	77	60	1	0.998147	0.994533	0
PBC69394_skip_806a2b99_641f1589_143.pod5	39465d17-d84c-481a-a2a7-a3b33d24f204	641f15894b0cb45e826e64f30ff2cdbd6fc30a48	429	1	185692	136.292	185692	136.106	40584	29.2017	unclassified	chr20	31418107	31458706	0	40584	-	40653	40530	40517	54	69	13	60	1	0.999679	0.996655	0
PBC69394_skip_806a2b99_641f1589_143.pod5	a7624b1a-52e1-477b-97cb-c67126cc7450	641f15894b0cb45e826e64f30ff2cdbd6fc30a48	814	2	185871	138.393	185871	138.157	39367	29.3147	unclassified	chr1	103786128	103825478	7	39367	-	39394	39316	39289	44	34	27	60	0.999822	0.999313	0.997335	0
PBC69394_skip_806a2b99_641f1589_143.pod5	ad3e8c0d-aceb-411a-b04b-fddf274c6bd5	641f15894b0cb45e826e64f30ff2cdbd6fc30a48	409	1	185451	159.768	185451	159.556	62048	29.7952	unclassified	chr22	11211032	11215493	1651	6334	+	4809	4335	3663	348	126	672	60	0.0754738	0.844983	0.761697	0
PBC69394_skip_806a2b99_641f1589_143.pod5	bbf190f6-f5c6-4f1c-9d7d-fdd86c9621b0	641f15894b0cb45e826e64f30ff2cdbd6fc30a48	157	1	184597	142.252	184597	142.144	51860	28.7963	unclassified	chr2	90309821	90361432	0	51854	+	52140	51325	51017	529	286	308	60	0.999884	0.993999	0.978462	0
PBC69394_skip_806a2b99_641f1589_143.pod5	c6f4a3ca-7743-46f0-a68e-a860a03c72bf	641f15894b0cb45e826e64f30ff2cdbd6fc30a48	929	4	185697	131.082	185697	130.997	51479	27.4233	unclassified	chr22	46542104	46593647	1	51475	-	51662	51355	51159	119	188	196	60	0.999903	0.996183	0.990264	0
PBC69394_skip_806a2b99_641f1589_143.pod5	609659b5-0606-446b-9edb-c67b95b80bbb	641f15894b0cb45e826e64f30ff2cdbd6fc30a48	533	1	184825	180.183	184825	179.916	40692	28.3902	unclassified	chrX	127049684	127076889	7	27214	-	27253	27159	27122	48	46	37	60	0.668608	0.998638	0.995193	0
PBC69394_skip_806a2b99_641f1589_143.pod5	5e7f7e40-1137-4324-bf92-bf3238e9e036	641f15894b0cb45e826e64f30ff2cdbd6fc30a48	108	3	184568	229.345	184568	229.214	83719	16.2673	unclassified	chr4	127246330	127331110	7	83719	-	85176	83316	82315	396	1464	1001	60	0.999916	0.987985	0.966411	0
PBC69394_skip_806a2b99_641f1589_143.pod5	723c43fa-966f-40c1-b7cc-afdbb4682260	641f15894b0cb45e826e64f30ff2cdbd6fc30a48	434	2	185796	160.066	185797	159.934	38444	25.6668	unclassified	chr3	26642748	26681180	5	38439	-	38510	38356	38271	78	76	85	60	0.99974	0.997784	0.993794	0
PBC69394_skip_806a2b99_641f1589_143.pod5	6c950dd3-fdd6-4881-88f7-76636ba7ce3a	641f15894b0cb45e826e64f30ff2cdbd6fc30a48	136	4	185824	131.373	185824	131.24	51063	24.1687	unclassified	chr2	86441335	86492460	0	51058	+	51215	50968	50853	90	157	115	60	0.999902	0.997744	0.992932	0
PBC69394_skip_806a2b99_641f1589_143.pod5	5f643f5e-8977-4516-af86-cf55a5a8bad3	641f15894b0cb45e826e64f30ff2cdbd6fc30a48	816	4	184799	217.302	184799	217.181	80667	27.1363	unclassified	chr6	138861280	138941920	0	80660	+	80778	80522	80426	138	118	96	60	0.999913	0.998808	0.995642	0
PBC69394_skip_806a2b99_641f1589_143.pod5	14fe41d7-b05e-4355-b17e-5438adaf783c	641f15894b0cb45e826e64f30ff2cdbd6fc30a48	636	2	185669	137.678	185669	137.676	53415	16.2783	unclassified	chrX	25239043	25288567	3887	53384	-	49589	49432	49337	65	92	95	60	0.92665	0.998078	0.994918	0
PBC69394_skip_806a2b99_641f1589_143.pod5	c473a115-9045-48b6-8075-2e169d243cad	641f15894b0cb45e826e64f30ff2cdbd6fc30a48	636	2	187775	266.652	187775	266.513	107817	29.0539	unclassified	chr1	30899699	31007521	1	107810	+	107998	107633	107491	176	189	142	60	0.999926	0.998681	0.995305	0
PBC69394_skip_806a2b99_641f1589_143.pod5	c2bd0c61-cc03-4c06-ae25-7e065c5ecb1c	641f15894b0cb45e826e64f30ff2cdbd6fc30a48	454	2	185853	134.94	185853	134.836	55874	33.7701	unclassified	chr4	50217122	50243368	22517	48267	-	26282	25714	25261	36	532	453	1	0.460858	0.982383	0.961152	0
PBC69394_skip_806a2b99_641f1589_143.pod5	4147f312-1bae-476c-8f3b-bc39e6767ac8	641f15894b0cb45e826e64f30ff2cdbd6fc30a48	391	2	185888	138.999	185888	138.886	50681	29.4946	unclassified	chr16	71865612	71916273	0	50676	+	50748	50589	50513	87	72	76	60	0.999901	0.998498	0.995369	0
PBC69394_skip_806a2b99_641f1589_143.pod5	bd94c305-046b-44b8-8649-775c8b271664	641f15894b0cb45e826e64f30ff2cdbd6fc30a48	687	2	186073	134.91	186073	134.81	49494	15.697	unclassified	chr11	105338570	105386097	7	49494	-	49682	47332	47202	2155	195	130	60	0.999859	0.997253	0.950083	0
PBC69394_skip_806a2b99_641f1589_143.pod5	d4579d30-3691-43d4-9748-0eb252339f52	641f15894b0cb45e826e64f30ff2cdbd6fc30a48	429	1	186069	139.761	186069	139.632	54587	17.2778	unclassified	chr3	173305346	173357945	2004	54587	-	52692	52490	52364	93	109	126	60	0.963288	0.9976	0.993775	0
PBC69394_skip_806a2b99_641f1589_143.pod5	5971ad4f-89f0-4119-a25e-45322027580a	641f15894b0cb45e826e64f30ff2cdbd6fc30a48	175	4	185634	161.731	185634	161.61	70408	24.9203	unclassified	chr19	32298576	32369014	0	70401	+	70579	70260	70137	141	178	123	60	0.999901	0.998249	0.993738	0
PBC69394_skip_806a2b99_641f1589_143.pod5	63e604be-3b67-4c28-92c0-765456a63b83	641f15894b0cb45e826e64f30ff2cdbd6fc30a48	332	2	184825	149.389	184825	149.16	45954	25.6446	unclassified	chr5	111782356	111828316	0	45948	+	46040	45868	45759	80	92	109	60	0.999869	0.997624	0.993897	0
PBC69394_skip_806a2b99_641f1589_143.pod5	3457d760-fa1f-4102-adc8-0062150f2aa7	641f15894b0cb45e826e64f30ff2cdbd6fc30a48	632	3	185784	171.645	185784	171.643	68966	28.9694	unclassified	chr16	82424052	82493011	7	68931	-	69014	68869	68691	55	90	178	60	0.999391	0.997415	0.99532	0
PBC69394_skip_806a2b99_641f1589_143.pod5	50a0e3f7-abd9-421e-b27e-aa5b3335d51e	641f15894b0cb45e826e64f30ff2cdbd6fc30a48	434	2	185996	116.39	185996	116.388	46640	17.8842	unclassified	chr13	102734324	102779747	34	46640	+	46737	45292	45149	1314	131	143	60	0.999271	0.996843	0.966023	0
PBC69394_skip_806a2b99_641f1589_143.pod5	c7b62ad4-5d90-4b74-b760-b050f4d656cc	641f15894b0cb45e826e64f30ff2cdbd6fc30a48	914	2	185977	151.772	185977	151.77	63021	24.0733	unclassified	chr6	93236564	93299573	25	63016	+	63147	62853	62665	138	156	188	60	0.999524	0.997009	0.992367	0
PBC69394_skip_806a2b99_641f1589_143.pod5	4fdd6c12-4a1d-4684-b3d3-429b6ce6b27a	641f15894b0cb45e826e64f30ff2cdbd6fc30a48	391	2	186348	124.38	186348	124.268	44983	30.4458	unclassified	chr3	21262344	21307299	60	44983	-	44983	44895	44756	28	60	139	60	0.998666	0.996904	0.994954	0
PBC69394_skip_806a2b99_641f1589_143.pod5	d8963255-2f3f-476b-8fb7-f705d35f3adb	641f15894b0cb45e826e64f30ff2cdbd6fc30a48	636	2	186295	165.47	186295	165.204	39860	31.7365	unclassified	chr3	48963832	49003702	0	39860	+	39910	39820	39800	40	50	20	60	1	0.999498	0.997244	0
PBC69394_skip_806a2b99_641f1589_143.pod5	8d23167e-b5db-4f66-af35-9a301ed2e696	641f15894b0cb45e826e64f30ff2cdbd6fc30a48	175	4	186343	121.567	186343	121.448	48848	24.2838	unclassified	chr1	60202596	60251438	0	48839	+	48952	48729	48605	110	113	124	60	0.999816	0.997455	0.992911	0
PBC69394_skip_806a2b99_641f1589_143.pod5	f1fbb9d8-58f0-4c2c-abb5-25906dd102fa	641f15894b0cb45e826e64f30ff2cdbd6fc30a48	450	3	185630	241.489	185630	241.358	72050	20.3383	unclassified	chr13	52877793	52949787	0	72045	+	72480	71559	71139	486	435	420	60	0.999931	0.994131	0.981498	0
PBC69394_skip_806a2b99_641f1589_143.pod5	57ffb74b-cd3c-43de-9b3b-5eb1d09c299e	641f15894b0cb45e826e64f30ff2cdbd6fc30a48	632	3	185957	167.803	185957	167.682	68380	31.2772	unclassified	chr12	120537100	120605536	6	68380	-	68527	68283	68184	91	153	99	60	0.999912	0.99855	0.994995	0
PBC69394_skip_806a2b99_641f1589_143.pod5	b7607d63-eada-43bf-be1d-8cf9fe8e79d0	641f15894b0cb45e826e64f30ff2cdbd6fc30a48	434	2	186569	123.039	186569	122.926	47310	26.6304	unclassified	chr5	44833764	44881052	0	47299	+	47371	47216	47107	83	72	109	60	0.999767	0.997691	0.994427	0
PBC69394_skip_806a2b99_641f1589_143.pod5	3d0ad0a5-f1b1-4e70-bfeb-4ffd550dad8b	641f15894b0cb45e826e64f30ff2cdbd6fc30a48	647	3	186178	193.45	186178	193.361	77357	26.7219	unclassified	chr14	60288457	60365783	7	77357	-	77434	77242	77126	108	84	116	60	0.99991	0.998498	0.996022	0
PBC69394_skip_806a2b99_641f1589_143.pod5	18e063c2-ed98-4e5e-ba8b-89e8023ac6df	641f15894b0cb45e826e64f30ff2cdbd6fc30a48	740	1	184861	170.826	184861	170.824	54084	8.8681	unclassified	chr2	39583124	39638433	5	54047	-	57106	52245	48561	1797	3064	3684	60	0.999223	0.929486	0.850366	0
PBC69394_skip_806a2b99_641f1589_143.pod5	8cc13ccf-fa1b-47e4-905f-86e331602784	641f15894b0cb45e826e64f30ff2cdbd6fc30a48	928	1	185787	207.976	185787	207.887	88560	20.812	unclassified	chr1	157367162	157451594	0	84282	+	84754	83960	83518	322	472	442	60	0.951694	0.994736	0.985417	0
PBC69394_skip_806a2b99_641f1589_143.pod5	167048b6-760b-43c4-be5d-e06c723a06ea	641f15894b0cb45e826e64f30ff2cdbd6fc30a48	687	2	185919	153.813	185919	153.671	47574	27.2852	unclassified	chr11	105338570	105386097	0	47567	+	47640	47454	47397	113	73	57	60	0.999853	0.998799	0.994899	0
PBC69394_skip_806a2b99_641f1589_143.pod5	c6a15042-0be3-4e5b-a8e3-8c391c3d1fd8	641f15894b0cb45e826e64f30ff2cdbd6fc30a48	427	1	185637	205.956	185638	205.81	77683	28.1973	unclassified	chr22	45739568	45817286	0	77683	-	77798	77603	77506	80	115	97	60	1	0.99875	0.996247	0
PBC69394_skip_806a2b99_641f1589_143.pod5	53c4179b-5523-4774-b22c-87dbe252435d	641f15894b0cb45e826e64f30ff2cdbd6fc30a48	346	4	186520	153.712	186520	153.594	65634	24.2699	unclassified	chr6	43732106	43796921	0	65626	+	65799	64642	64501	984	173	141	60	0.999878	0.997819	0.980273	0
PBC69394_skip_806a2b99_641f1589_143.pod5	7b9fea99-f868-4306-81ee-6c1357390377	641f15894b0cb45e826e64f30ff2cdbd6fc30a48	70	3	186547	133.915	186547	133.913	51775	23.9941	unclassified	chr1	160868856	160920619	27	51770	+	51850	51656	51538	87	107	118	60	0.999382	0.997716	0.993983	0
PBC69394_skip_806a2b99_641f1589_143.pod5	16daa7ec-e224-4609-880e-bb0c3ac2e4a0	641f15894b0cb45e826e64f30ff2cdbd6fc30a48	764	3	186260	181.971	186260	181.896	75001	28.1971	unclassified	chrX	103573866	103648862	6	75001	-	75095	74896	74822	99	100	74	60	0.99992	0.999012	0.996365	0
PBC69394_skip_806a2b99_641f1589_143.pod5	083fc96e-9fff-4131-81c0-ad31ab43addf	641f15894b0cb45e826e64f30ff2cdbd6fc30a48	632	3	186764	139.413	186764	139.331	55172	29.8482	unclassified	chr3	149626784	149681957	0	55165	+	55268	55070	54960	95	103	110	60	0.999873	0.998003	0.994427	0
PBC69394_skip_806a2b99_641f1589_143.pod5	48ac1e46-2aae-4f8c-9646-8280e1d53792	641f15894b0cb45e826e64f30ff2cdbd6fc30a48	158	2	186108	170.39	186108	170.246	61914	26.4974	unclassified	chr6	70375518	70437505	0	61914	+	62052	61849	61764	65	138	85	60	1	0.998626	0.995359	0
PBC69394_skip_806a2b99_641f1589_143.pod5	815a7132-ba5f-48de-8f8e-48a9ab222ca2	641f15894b0cb45e826e64f30ff2cdbd6fc30a48	632	3	186556	170.362	186556	170.36	67853	23.7839	unclassified	chr15	71085917	71153780	38	67845	+	67978	67692	67521	115	171	171	60	0.999322	0.997474	0.993277	0
PBC69394_skip_806a2b99_641f1589_143.pod5	a5629888-59fd-4261-b4a0-f6ee668661f5	641f15894b0cb45e826e64f30ff2cdbd6fc30a48	450	3	186132	196.821	186132	196.681	59642	19.6079	unclassified	chr8	10808652	10868309	0	59642	-	59935	59364	59022	278	293	342	60	1	0.994239	0.984767	0
PBC69394_skip_806a2b99_641f1589_143.pod5	ddc8a564-53db-43ea-8181-786f4c2fc21e	641f15894b0cb45e826e64f30ff2cdbd6fc30a48	158	2	186540	146.035	186540	145.94	56633	27.1883	unclassified	chr19	7997738	8054282	7	56633	-	56730	56440	56386	186	104	54	60	0.999876	0.999043	0.993936	0
PBC69394_skip_806a2b99_641f1589_143.pod5	f6110ca7-a64e-4727-8b83-9f0896f6fdf7	641f15894b0cb45e826e64f30ff2cdbd6fc30a48	665	1	186562	163.813	186562	163.69	66330	28.3587	unclassified	chr2	190146150	190212455	6	66330	+	66385	66244	66091	80	61	153	60	0.99991	0.99769	0.995571	0
PBC69394_skip_806a2b99_641f1589_143.pod5	948c2512-9e41-4c8d-b17b-5d053ca79ef4	641f15894b0cb45e826e64f30ff2cdbd6fc30a48	814	2	187333	136.241	187333	136.239	51752	27.9613	unclassified	chr12	76913710	76965412	7	51718	-	51787	51626	51538	85	76	88	60	0.999208	0.998295	0.995192	0
PBC69394_skip_806a2b99_641f1589_143.pod5	e354951d-eb62-41dd-a950-620404b6deaf	641f15894b0cb45e826e64f30ff2cdbd6fc30a48	632	3	186215	153.997	186215	153.893	60617	28.7365	unclassified	chr4	107273432	107334708	0	60612	+	61337	60551	60421	61	725	130	60	0.999918	0.997853	0.985066	0
PBC69394_skip_806a2b99_641f1589_143.pod5	6036601c-7528-4e63-966e-fdf0e1b29a00	641f15894b0cb45e826e64f30ff2cdbd6fc30a48	429	1	187231	103.708	187231	103.706	38652	13.645	unclassified	chr5	40149504	40183887	4250	38622	-	34419	34336	34286	36	47	50	60	0.889268	0.998544	0.996136	0
PBC69394_skip_806a2b99_641f1589_143.pod5	344e8b73-455c-4300-bff5-e7a1da5ba3ac	641f15894b0cb45e826e64f30ff2cdbd6fc30a48	450	3	187203	164.529	187203	164.527	49564	20.4965	unclassified	chr9	103892729	103942345	31	49564	+	49780	49369	49047	164	247	322	60	0.999375	0.993478	0.985275	0
PBC69394_skip_806a2b99_641f1589_143.pod5	101b2990-e480-4c2c-b8bb-b4e13216a284	641f15894b0cb45e826e64f30ff2cdbd6fc30a48	427	1	187339	131.43	187339	131.263	32206	31.4196	unclassified	chr19	14782767	14814958	0	32201	+	32234	32158	32140	43	33	18	60	0.999845	0.99944	0.997084	0
PBC69394_skip_806a2b99_641f1589_143.pod5	6e2f143e-64c7-43b6-8055-281b19c1b896	641f15894b0cb45e826e64f30ff2cdbd6fc30a48	636	2	187007	188.406	187007	188.237	51641	29.3962	unclassified	chr1	59460999	59512586	0	51641	-	51677	51551	51522	90	36	29	60	1	0.999437	0.997001	0
PBC69394_skip_806a2b99_641f1589_143.pod5	1eae3824-05bc-49b0-9395-ace35571ece1	641f15894b0cb45e826e64f30ff2cdbd6fc30a48	454	2	185988	197.913	185989	197.771	55874	29.866	unclassified	chr4	50217122	50243368	22511	48262	+	26282	25715	25246	36	531	469	1	0.460876	0.981762	0.960581	0
PBC69394_skip_806a2b99_641f1589_143.pod5	475c5234-5862-4990-8086-c5ac23ce0ef0	641f15894b0cb45e826e64f30ff2cdbd6fc30a48	929	4	186880	166.393	186881	166.279	66948	28.3717	unclassified	chrX	46772161	46839141	5	66948	-	67082	66841	66745	102	139	96	60	0.999925	0.998564	0.994976	0
PBC69394_skip_806a2b99_641f1589_143.pod5	ad50124b-ca14-4d83-b5f2-5475ecee59b6	641f15894b0cb45e826e64f30ff2cdbd6fc30a48	427	1	186785	180.92	186786	180.739	66503	26.7086	unclassified	chr3	183289386	183355275	9	66503	-	66574	65809	65758	685	80	51	60	0.999865	0.999225	0.987743	0
PBC69394_skip_806a2b99_641f1589_143.pod5	4602c456-a358-4830-99f2-d764b93c5ad7	641f15894b0cb45e826e64f30ff2cdbd6fc30a48	647	3	186588	194.872	186588	194.759	80035	27.9813	unclassified	chr2	155150346	155230400	6	80035	-	80130	79953	79842	76	101	111	60	0.999925	0.998612	0.996406	0
PBC69394_skip_806a2b99_641f1589_143.pod5	2e06ef11-2c78-4d02-9e17-b70048bdf7be	641f15894b0cb45e826e64f30ff2cdbd6fc30a48	450	3	187668	131.847	187668	131.657	39516	21.6308	unclassified	chr7	22134312	22171882	0	37414	+	37679	37305	37108	109	265	197	60	0.946806	0.994719	0.984846	0
PBC69394_skip_806a2b99_641f1589_143.pod5	d2a8e626-5556-489c-a135-5b97f8178265	641f15894b0cb45e826e64f30ff2cdbd6fc30a48	434	2	187312	161.073	187312	160.957	63284	25.2441	unclassified	chr3	62786620	62849945	7	63284	-	63422	63180	63012	97	145	168	60	0.999889	0.997341	0.993535	0
PBC69394_skip_806a2b99_641f1589_143.pod5	2f3dfa83-3b10-4321-b9aa-655a7d429f66	641f15894b0cb45e826e64f30ff2cdbd6fc30a48	409	1	187512	158.541	187512	158.408	62632	21.3765	unclassified	chr7	18541827	18603867	0	62623	+	62856	61807	61573	816	233	234	60	0.999856	0.996214	0.979588	0
PBC69394_skip_806a2b99_641f1589_143.pod5	e4c285ed-4e64-4218-9d6c-0803723c7bf4	641f15894b0cb45e826e64f30ff2cdbd6fc30a48	928	1	187608	132.5	187608	132.362	40647	27.0115	unclassified	chr9	2267647	2308333	0	40643	+	40724	40605	40493	38	81	112	60	0.999902	0.997242	0.994328	0
PBC69394_skip_806a2b99_641f1589_143.pod5	93778022-1976-4a6f-8a60-6f94f90656b7	641f15894b0cb45e826e64f30ff2cdbd6fc30a48	647	3	187171	175.401	187171	175.24	73364	25.986	unclassified	chr2	216888235	216961611	9	73364	-	73499	73232	73122	123	144	110	60	0.999877	0.998498	0.994871	0
PBC69394_skip_806a2b99_641f1589_143.pod5	730ccbe6-dafa-4994-827e-d471d69eaad4	641f15894b0cb45e826e64f30ff2cdbd6fc30a48	647	3	187671	145.354	187671	145.352	61407	23.7479	unclassified	chr5	36877957	36939288	8	61382	-	61479	61226	61111	148	105	115	60	0.999463	0.998122	0.994014	0
PBC69394_skip_806a2b99_641f1589_143.pod5	7a761c79-3c32-4fc7-8334-7db009f18599	641f15894b0cb45e826e64f30ff2cdbd6fc30a48	70	3	186885	161.421	186885	161.419	73818	17.7963	unclassified	chr9	117021733	117095641	44	73810	+	74422	73252	72567	514	656	685	60	0.999296	0.990649	0.975075	0
PBC69394_skip_806a2b99_641f1589_143.pod5	cf319cb8-24ad-4884-a921-811e4725ce55	641f15894b0cb45e826e64f30ff2cdbd6fc30a48	341	2	187266	199.136	187266	199.016	77331	24.5428	unclassified	chr9	107419056	107496671	0	77331	+	77772	77174	76971	157	441	203	60	1	0.99737	0.989701	0
PBC69394_skip_806a2b99_641f1589_143.pod5	25df3cf8-d834-42d8-adb9-a59ef45ab015	641f15894b0cb45e826e64f30ff2cdbd6fc30a48	928	1	186272	225.342	186272	225.34	81833	27.3257	unclassified	chr6	162773100	162854958	38	81833	+	81917	81736	81588	59	122	148	60	0.999536	0.998189	0.995984	0
PBC69394_skip_806a2b99_641f1589_143.pod5	f9db1d8a-319b-42ee-a2e0-b074fc43c9dd	641f15894b0cb45e826e64f30ff2cdbd6fc30a48	929	4	187579	138.826	187579	138.686	52216	30.5327	unclassified	chr9	85642751	85694981	0	52216	-	52281	52165	52109	51	65	56	60	1	0.998926	0.99671	0
PBC69394_skip_806a2b99_641f1589_143.pod5	dd1c49a8-b8cd-47c0-a2ff-3228d78d7240	641f15894b0cb45e826e64f30ff2cdbd6fc30a48	665	1	187453	136.122	187453	135.976	53670	26.707	unclassified	chr16	66356711	66410586	11	53670	-	53943	53591	53461	68	284	130	60	0.999795	0.997574	0.991065	0
PBC69394_skip_806a2b99_641f1589_143.pod5	bcc27b4f-7858-4c37-8004-da1ce0af2bde	641f15894b0cb45e826e64f30ff2cdbd6fc30a48	632	3	187377	175.364	187377	175.236	70545	28.1319	unclassified	chr12	6510491	6581032	0	70538	+	70633	70446	70324	92	95	122	60	0.999901	0.998268	0.995625	0
PBC69394_skip_806a2b99_641f1589_143.pod5	4522668b-97da-40f0-86cb-e98fcb268b82	641f15894b0cb45e826e64f30ff2cdbd6fc30a48	929	4	187303	179.387	187303	179.385	74035	19.8302	unclassified	chr4	169097898	169135264	26	37385	+	37409	37316	37299	43	50	17	60	0.504613	0.999544	0.99706	0
PBC69394_skip_806a2b99_641f1589_143.pod5	b122315e-e320-4b64-a864-5af34b0d523b	641f15894b0cb45e826e64f30ff2cdbd6fc30a48	450	3	187887	122.449	187887	122.447	36412	20.5824	unclassified	chr8	127983900	128020352	7	36371	-	36556	36260	36042	104	192	218	60	0.998682	0.993988	0.985939	0
PBC69394_skip_806a2b99_641f1589_143.pod5	b6b5f577-3234-451e-8846-25cd90b0d596	641f15894b0cb45e826e64f30ff2cdbd6fc30a48	814	2	187816	125.476	187816	125.474	47517	25.9417	unclassified	chr2	71573317	71619280	21	47507	+	47563	45886	45780	1600	77	106	60	0.999348	0.99769	0.962513	0
PBC69394_skip_806a2b99_641f1589_143.pod5	24f27290-155f-4a22-b42f-962755162c39	641f15894b0cb45e826e64f30ff2cdbd6fc30a48	110	3	186983	184.442	186983	184.331	69873	14.806	unclassified	chr16	20162250	20232388	0	69870	+	70928	69080	67911	790	1058	1169	60	0.999957	0.983078	0.957464	0
PBC69394_skip_806a2b99_641f1589_143.pod5	4c00eecf-2c48-41f2-b722-e57d87ddb2d2	641f15894b0cb45e826e64f30ff2cdbd6fc30a48	928	1	187791	140.163	187791	140.03	52058	26.9569	unclassified	chr19	23297539	23346652	0	52051	+	52178	48986	48843	3065	127	143	60	0.999866	0.997081	0.936084	0
PBC69394_skip_806a2b99_641f1589_143.pod5	430c92d5-bc29-4f34-93c7-e94717cb6cdd	641f15894b0cb45e826e64f30ff2cdbd6fc30a48	409	1	187671	153.462	187671	153.341	58467	21.0462	unclassified	chr1	173893841	173952366	6	58467	-	58791	58195	57900	266	330	295	60	0.999897	0.994931	0.984845	0
PBC69394_skip_806a2b99_641f1589_143.pod5	7923a70a-1923-4d0a-82e1-d642008acc55	641f15894b0cb45e826e64f30ff2cdbd6fc30a48	372	1	185600	13.6092	185600	13.6092	5209	24.5433	unclassified	chr9	79671069	79676231	20	5181	-	5165	5158	5142	3	4	16	60	0.990785	0.996898	0.995547	0
PBC69394_skip_806a2b99_641f1589_143.pod5	39f1edd1-474c-4312-8ff4-c4ecb82d019a	641f15894b0cb45e826e64f30ff2cdbd6fc30a48	434	2	187757	209.635	187757	209.452	82688	25.3466	unclassified	chr20	41367409	41450058	5	82688	-	82832	82500	82310	183	149	190	60	0.99994	0.997697	0.993698	0
PBC69394_skip_806a2b99_641f1589_143.pod5	6d9fbf22-2926-423d-a62d-6b1f1c3b716b	641f15894b0cb45e826e64f30ff2cdbd6fc30a48	450	3	188096	165.396	188097	165.239	51317	22.0544	unclassified	chr5	63332820	63384216	10	51317	-	51479	51224	51044	83	172	180	60	0.999805	0.996486	0.99155	0
PBC69394_skip_806a2b99_641f1589_143.pod5	e6ab3606-35f2-41c5-a019-00df46327c24	641f15894b0cb45e826e64f30ff2cdbd6fc30a48	391	2	188064	119.467	188064	119.296	44008	31.1107	unclassified	chr18	28797092	28840986	0	44008	-	44055	43847	43772	161	47	75	60	1	0.99829	0.993576	0
PBC69394_skip_806a2b99_641f1589_143.pod5	f2cc2e3b-6a2b-47b0-bb06-3d780a52336b	641f15894b0cb45e826e64f30ff2cdbd6fc30a48	434	2	187969	132.411	187969	132.281	52737	27.3453	unclassified	chr16	64391215	64443957	0	52737	+	52792	52687	52649	50	55	38	60	1	0.999279	0.997291	0
PBC69394_skip_806a2b99_641f1589_143.pod5	de691900-2bd1-4228-986d-f44835fb013a	641f15894b0cb45e826e64f30ff2cdbd6fc30a48	764	3	188053	133.07	188053	132.95	55547	27.6347	unclassified	chr1	244660010	244715598	0	55540	+	55651	55477	55352	63	111	125	60	0.999874	0.997747	0.994627	0
PBC69394_skip_806a2b99_641f1589_143.pod5	a4b42d3b-87e9-4754-a505-788145eb4a66	641f15894b0cb45e826e64f30ff2cdbd6fc30a48	793	3	187817	157.294	187817	157.292	71326	25.2498	unclassified	chr15	81232910	81304314	31	71316	+	71482	71207	71102	78	197	105	60	0.999425	0.998525	0.994684	0
PBC69394_skip_806a2b99_641f1589_143.pod5	2b095830-a947-4599-907f-6ede27ddcae6	641f15894b0cb45e826e64f30ff2cdbd6fc30a48	157	1	186844	125.631	186844	125.425	31749	30.295	unclassified	chr9	5383011	5414738	10	31749	-	31756	31710	31690	29	17	20	60	0.999685	0.999369	0.997922	0
PBC69394_skip_806a2b99_641f1589_143.pod5	10cc8a51-75d1-485d-b69a-72d2ed6e8e7f	641f15894b0cb45e826e64f30ff2cdbd6fc30a48	450	3	188395	122.312	188395	122.165	38262	20.1402	unclassified	chr2	86565154	86603443	0	38262	+	38487	38064	37843	198	225	221	60	1	0.994194	0.983267	0
PBC69394_skip_806a2b99_641f1589_143.pod5	7982f676-3f89-4252-90cf-3a388460344a	641f15894b0cb45e826e64f30ff2cdbd6fc30a48	409	1	187865	173.649	187865	173.534	67672	20.6725	unclassified	chr6	87282751	87350496	0	67662	+	67939	67468	67154	194	277	314	60	0.999852	0.995346	0.988446	0
PBC69394_skip_806a2b99_641f1589_143.pod5	8f40ce21-bda0-4375-b30b-022141b2fdb0	641f15894b0cb45e826e64f30ff2cdbd6fc30a48	70	3	186681	123.279	186681	123.277	51670	21.5587	unclassified	chr1	160868856	160920619	6	51637	-	51896	51498	51338	133	265	160	60	0.999245	0.996893	0.989248	0
PBC69394_skip_806a2b99_641f1589_143.pod5	4ceede03-ba0c-4762-a69f-f04d543737f1	641f15894b0cb45e826e64f30ff2cdbd6fc30a48	372	1	186043	102.929	186043	102.511	39887	27.1329	unclassified	chr4	115838801	115857465	4923	23587	+	18679	18649	18626	15	15	23	60	0.467922	0.998767	0.997163	0
PBC69394_skip_806a2b99_641f1589_143.pod5	33af3a05-5f7c-48d3-944c-e8394dcd9e60	641f15894b0cb45e826e64f30ff2cdbd6fc30a48	372	1	185882	160.879	185883	160.181	58273	23.8804	unclassified	chr8	110956272	110989475	25090	58273	-	33236	33150	33089	33	53	61	60	0.56944	0.99816	0.995577	0
PBC69394_skip_806a2b99_641f1589_143.pod5	390c2afa-15c4-4767-9bce-92bbaa3122c6	641f15894b0cb45e826e64f30ff2cdbd6fc30a48	158	2	187788	191.683	187788	191.681	75236	26.9548	unclassified	chr2	60440365	60515706	34	75236	+	75434	75109	74958	93	232	151	60	0.999548	0.99799	0.99369	0
PBC69394_skip_806a2b99_641f1589_143.pod5	3e0f255d-793b-40cc-90bd-66dceca8547a	641f15894b0cb45e826e64f30ff2cdbd6fc30a48	157	1	184823	197.133	184823	197.018	71719	27.728	unclassified	chr16	85055074	85127427	6	71719	-	72424	71642	71504	71	711	138	60	0.999916	0.998074	0.987297	0
PBC69394_skip_806a2b99_641f1589_143.pod5	3bd8a3de-1e3b-4664-947a-9dfca81450c3	641f15894b0cb45e826e64f30ff2cdbd6fc30a48	391	2	188563	168.409	188563	168.407	58453	26.574	unclassified	chr2	31918812	31977262	7	58417	-	58534	58326	58275	84	124	51	60	0.999264	0.999126	0.995575	0
PBC69394_skip_806a2b99_641f1589_143.pod5	16423585-71ef-488e-87e6-b139fe230528	641f15894b0cb45e826e64f30ff2cdbd6fc30a48	341	2	188655	121.696	188655	121.585	47564	28.9915	unclassified	chr15	53059279	53106868	7	47564	-	47639	47507	47396	50	82	111	60	0.999853	0.997663	0.994899	0
PBC69394_skip_806a2b99_641f1589_143.pod5	08885897-32aa-4173-8933-6956bc8e99fc	641f15894b0cb45e826e64f30ff2cdbd6fc30a48	372	1	185613	268.694	185614	268.457	86105	15.4525	unclassified	chrX	102048072	102065398	35271	52576	+	17338	17293	17255	12	33	38	60	0.200976	0.997803	0.995213	0
PBC69394_skip_806a2b99_641f1589_143.pod5	896b2812-661d-4f42-8cdb-33ddbf1ef061	641f15894b0cb45e826e64f30ff2cdbd6fc30a48	341	2	188446	159.129	188446	159.013	61900	29.1083	unclassified	chr2	124920314	124982208	0	61900	-	61956	61838	61782	62	56	56	60	1	0.999094	0.997192	0
PBC69394_skip_806a2b99_641f1589_143.pod5	a9a45d4f-ed7f-4482-b23f-6e809dcb350d	641f15894b0cb45e826e64f30ff2cdbd6fc30a48	157	1	188381	216.774	188381	216.613	78394	27.8391	unclassified	chr12	66162748	66240746	0	78003	+	78117	77884	77810	119	114	74	60	0.995012	0.99905	0.99607	0
PBC69394_skip_806a2b99_641f1589_143.pod5	3e38801d-e914-4f9b-a618-36d72db56da7	641f15894b0cb45e826e64f30ff2cdbd6fc30a48	341	2	189268	124.297	189268	124.176	39809	32.046	unclassified	chr7	88125173	88165004	6	39809	-	39855	39779	39764	24	52	15	60	0.999849	0.999623	0.997717	0
PBC69394_skip_806a2b99_641f1589_143.pod5	f1b5cad4-dfda-4a25-9c3e-c840dc815f76	641f15894b0cb45e826e64f30ff2cdbd6fc30a48	814	2	186703	281.628	186703	281.42	87134	27.9374	unclassified	chr6	20417161	20504322	0	87127	+	87268	87020	86905	107	141	115	60	0.99992	0.998678	0.99584	0
PBC69394_skip_806a2b99_641f1589_143.pod5	61f4ee92-3d9b-4480-884f-3e1b5a3d7ea0	641f15894b0cb45e826e64f30ff2cdbd6fc30a48	70	3	188239	218.503	188239	218.401	83179	22.6774	unclassified	chr6	128531108	128614365	9	83176	-	83483	82941	82673	226	316	268	60	0.999856	0.996769	0.990297	0
PBC69394_skip_806a2b99_641f1589_143.pod5	3518acd8-2351-425f-b585-2dd34b2d1ea0	641f15894b0cb45e826e64f30ff2cdbd6fc30a48	70	3	187861	215.507	187861	215.505	91558	21.0465	unclassified	chr5	4888962	4980619	27	91549	+	91981	91198	90822	324	459	376	60	0.999607	0.995877	0.9874	0
PBC69394_skip_806a2b99_641f1589_143.pod5	070adf23-357f-4275-8568-20d5dcc8dd62	641f15894b0cb45e826e64f30ff2cdbd6fc30a48	70	3	187620	240.925	187620	240.818	91694	24.0741	unclassified	chr5	4888962	4980619	2	91694	-	91877	91472	91250	220	185	222	60	0.999978	0.997573	0.993176	0
PBC69394_skip_806a2b99_641f1589_143.pod5	973e28a8-fada-4a98-8684-c6b038cfc032	641f15894b0cb45e826e64f30ff2cdbd6fc30a48	70	3	188732	171.05	188732	170.96	62087	24.4623	unclassified	chr5	111694758	111756857	6	62087	-	62224	61956	61804	125	143	152	60	0.999903	0.997547	0.99325	0
PBC69394_skip_806a2b99_641f1589_143.pod5	6bb7ccbf-0944-4dac-8957-34bdc351ef63	641f15894b0cb45e826e64f30ff2cdbd6fc30a48	341	2	188964	132.808	188964	132.713	58164	27.8327	unclassified	chr8	88524965	88583135	0	58164	+	58241	58093	58045	71	77	48	60	1	0.999174	0.996635	0
PBC69394_skip_806a2b99_641f1589_143.pod5	dc523a33-56e2-4548-93cc-34d0a3a22da3	641f15894b0cb45e826e64f30ff2cdbd6fc30a48	70	3	189325	213.732	189326	213.576	45475	20.6916	unclassified	chr12	47616142	47661308	0	45466	+	45687	44945	44738	521	221	207	60	0.999802	0.995394	0.979228	0
PBC69394_skip_806a2b99_641f1589_143.pod5	3f3c8c6b-6587-4883-a934-c7eac5007224	641f15894b0cb45e826e64f30ff2cdbd6fc30a48	814	2	189950	133.258	189950	133.15	50321	26.0588	unclassified	chr11	17457277	17507616	0	50315	+	50405	50249	50147	66	90	102	60	0.999881	0.99797	0.994881	0
PBC69394_skip_806a2b99_641f1589_143.pod5	b0dc83b8-7df5-4b97-96d4-3ae1e4321654	641f15894b0cb45e826e64f30ff2cdbd6fc30a48	814	2	190210	180.998	190210	180.529	38606	4.185	unclassified	chr16	18569236	18579147	0	11590	+	11980	9521	8933	2069	390	588	1	0.300212	0.938242	0.745659	0
PBC69394_skip_806a2b99_641f1589_143.pod5	bd720038-f6d4-4a52-903a-950579d2682f	641f15894b0cb45e826e64f30ff2cdbd6fc30a48	110	3	189744	151.779	189744	151.661	62801	30.5781	unclassified	chr7	119650822	119713645	7	62790	-	62870	62736	62684	47	87	52	60	0.999713	0.999171	0.997042	0
PBC69394_skip_806a2b99_641f1589_143.pod5	fcc0011d-e777-4ec0-a37c-a3b5fd0378af	641f15894b0cb45e826e64f30ff2cdbd6fc30a48	341	2	188080	223.858	188080	223.752	86462	28.8533	unclassified	chr2	109308562	109358552	36493	86455	+	50032	49920	49822	42	70	98	60	0.577849	0.998037	0.995803	0
PBC69394_skip_806a2b99_641f1589_143.pod5	c6047ec4-6c9a-403b-9690-d12ced97f730	641f15894b0cb45e826e64f30ff2cdbd6fc30a48	429	1	189621	121.854	189621	121.687	45073	18.2541	unclassified	chr17	81224030	81266315	7	45073	-	45154	42197	42109	2869	88	88	60	0.999845	0.997915	0.932564	0
PBC69394_skip_806a2b99_641f1589_143.pod5	43de1980-3d4e-4962-a0ac-09338f02ea30	641f15894b0cb45e826e64f30ff2cdbd6fc30a48	928	1	189277	143.847	189277	143.638	34287	24.0469	unclassified	chr17	74838885	74873232	0	34278	+	34420	34205	34135	73	142	70	60	0.999738	0.997954	0.99172	0
PBC69394_skip_806a2b99_641f1589_143.pod5	8fb2bc67-9782-4125-855e-4b5c02660d5e	641f15894b0cb45e826e64f30ff2cdbd6fc30a48	427	1	186192	289.711	186192	289.552	109133	29.6219	unclassified	chrX	76791789	76893290	0	101480	+	101555	101426	101355	54	75	71	60	0.929875	0.9993	0.998031	0
PBC69394_skip_806a2b99_641f1589_143.pod5	d2949101-916c-40db-b77a-e530d728c689	641f15894b0cb45e826e64f30ff2cdbd6fc30a48	632	3	188702	177.716	188702	177.602	70387	30.5361	unclassified	chr6	84066125	84136517	6	70387	-	70430	70343	70315	38	49	28	60	0.999915	0.999602	0.998367	0
PBC69394_skip_806a2b99_641f1589_143.pod5	aed9ea7f-5564-4406-bd7f-77e4e0d6a4e7	641f15894b0cb45e826e64f30ff2cdbd6fc30a48	429	1	189333	159.057	189333	158.944	63658	27.915	unclassified	chr10	118980904	119044579	0	63651	+	63768	63558	63433	93	117	125	60	0.99989	0.998033	0.994747	0
PBC69394_skip_806a2b99_641f1589_143.pod5	1de5615e-c623-4731-907a-0cf37bd7abcc	641f15894b0cb45e826e64f30ff2cdbd6fc30a48	764	3	189945	163.461	189945	163.354	67412	28.0447	unclassified	chr4	74753808	74821199	7	67412	-	67481	67315	67216	90	76	99	60	0.999896	0.998529	0.996073	0
PBC69394_skip_806a2b99_641f1589_143.pod5	9e59a6ca-d948-4409-80da-9f96b3e63983	641f15894b0cb45e826e64f30ff2cdbd6fc30a48	472	1	191154	147.643	191154	147.641	44877	16.9345	unclassified	chr13	22068435	22113354	36	44868	+	45290	44461	43961	371	458	500	60	0.998997	0.988754	0.970656	0
PBC69394_skip_806a2b99_641f1589_143.pod5	88684e67-276b-40ce-b516-b93ddc7575c3	641f15894b0cb45e826e64f30ff2cdbd6fc30a48	764	3	190330	159.878	190330	159.781	65084	26.6685	unclassified	chr20	46896612	46961746	0	65084	+	65201	65017	64900	67	117	117	60	1	0.9982	0.995384	0
PBC69394_skip_806a2b99_641f1589_143.pod5	f0bee8d9-87e6-46ae-afe0-519548b8fcfc	641f15894b0cb45e826e64f30ff2cdbd6fc30a48	427	1	190557	155.192	190557	155.19	58553	27.4601	unclassified	chr2	185441789	185500375	31	58543	+	58642	58456	58383	56	130	73	60	0.9993	0.998751	0.995583	0
PBC69394_skip_806a2b99_641f1589_143.pod5	46d2d415-bbb8-4233-ad02-ad96053bf555	641f15894b0cb45e826e64f30ff2cdbd6fc30a48	535	3	191273	96.8768	191273	96.8748	22112	3.70771	unclassified	*	-1	-1	-1	-1	*	0	0	0	0	0	0	0	0	0	0	0
PBC69394_skip_806a2b99_641f1589_143.pod5	64fc29df-c15f-48df-9238-d19938fce98b	641f15894b0cb45e826e64f30ff2cdbd6fc30a48	463	3	191157	74.6684	191157	74.6664	24993	12.4776	unclassified	chr17	19818071	19843002	0	24958	-	25516	24373	23705	585	558	668	60	0.9986	0.972593	0.929025	0
PBC69394_skip_806a2b99_641f1589_143.pod5	577fdd04-f747-464a-a653-8d801cd4fdea	641f15894b0cb45e826e64f30ff2cdbd6fc30a48	375	1	191262	121.307	191262	121.305	48803	28.7482	unclassified	chr10	42481441	42530199	8	48775	-	48834	48691	48521	76	67	170	60	0.999262	0.996509	0.993591	0
PBC69394_skip_806a2b99_641f1589_143.pod5	6138e00b-d857-4bbe-8789-ed21e90050e8	641f15894b0cb45e826e64f30ff2cdbd6fc30a48	959	1	191241	125.602	191242	125.476	49718	30.1272	unclassified	chr6	160342255	160391986	0	49714	+	49754	49691	49593	23	40	98	60	0.99992	0.998028	0.996764	0
PBC69394_skip_806a2b99_641f1589_143.pod5	95032e60-250c-44e0-95e2-fd8aa82d7c9f	641f15894b0cb45e826e64f30ff2cdbd6fc30a48	689	2	191224	132.622	191224	132.509	53741	29.1441	unclassified	chr11	86450172	86501424	0	51232	+	51303	51181	51087	51	71	94	60	0.953313	0.998163	0.99579	0
PBC69394_skip_806a2b99_641f1589_143.pod5	661ca159-4d29-4b85-a874-be533502726b	641f15894b0cb45e826e64f30ff2cdbd6fc30a48	391	2	191261	124.647	191261	124.512	45516	30.0089	unclassified	chr17	58689046	58731113	3221	45516	-	42354	42008	41990	287	59	18	60	0.929234	0.999572	0.991406	0
PBC69394_skip_806a2b99_641f1589_143.pod5	2f6cbcb7-d285-44de-9d7d-bb40335c2ee1	641f15894b0cb45e826e64f30ff2cdbd6fc30a48	407	2	191228	145.028	191228	144.92	46738	29.2169	unclassified	chr15	78139165	78185892	0	46731	+	46776	46682	46632	49	45	50	60	0.99985	0.998929	0.996921	0
PBC69394_skip_806a2b99_641f1589_143.pod5	76c9b270-8d68-4131-ad7f-b0446d09233a	641f15894b0cb45e826e64f30ff2cdbd6fc30a48	533	1	191360	137.208	191360	137.108	49337	19.2907	unclassified	chr12	32266113	32315610	0	49337	-	49708	49126	48683	211	371	443	60	1	0.990982	0.97938	0
PBC69394_skip_806a2b99_641f1589_143.pod5	6cc77b95-0613-455f-aeea-0a4ea7cd52a7	641f15894b0cb45e826e64f30ff2cdbd6fc30a48	665	1	188936	268.549	188936	268.547	46108	2.99865	unclassified	chr10	41906421	41907478	21995	22972	+	1204	830	679	147	227	151	1	0.0211894	0.818072	0.563953	0
PBC69394_skip_806a2b99_641f1589_143.pod5	e5239e25-0d08-45e1-9c75-498e492595ca	641f15894b0cb45e826e64f30ff2cdbd6fc30a48	326	4	191365	124.556	191366	124.414	46972	25.9055	unclassified	chr4	6665948	6712976	6	46972	-	47115	46879	46742	87	149	137	60	0.999872	0.997078	0.992083	0
PBC69394_skip_806a2b99_641f1589_143.pod5	1c2a3a0f-3ee4-4108-b4fb-ebe3b98a2dd2	641f15894b0cb45e826e64f30ff2cdbd6fc30a48	391	2	191507	129.14	191507	129.042	47721	31.8307	unclassified	chr7	108957580	109005276	0	47715	+	47751	47660	47617	55	36	43	60	0.999874	0.999098	0.997194	0
PBC69394_skip_806a2b99_641f1589_143.pod5	4f08efee-1cae-4848-9c94-6f33d37883ae	641f15894b0cb45e826e64f30ff2cdbd6fc30a48	665	1	191298	126.422	191299	126.281	50994	28.2247	unclassified	chr18	36750591	36801633	0	50989	+	51086	50945	50914	44	97	31	60	0.999902	0.999391	0.996633	0
PBC69394_skip_806a2b99_641f1589_143.pod5	2a4d3317-57bc-4bec-ab9c-e8c1839df93c	641f15894b0cb45e826e64f30ff2cdbd6fc30a48	397	4	191248	139.476	191248	139.28	38756	26.7144	unclassified	chr8	41931036	41969793	0	38745	+	38794	38708	38678	37	49	30	60	0.999716	0.999225	0.99701	0
PBC69394_skip_806a2b99_641f1589_143.pod5	b62f3d92-51ea-4eaf-822f-b3d6de585197	641f15894b0cb45e826e64f30ff2cdbd6fc30a48	391	2	190177	201.3	190177	201.181	73906	28.7976	unclassified	chr22	42973255	43047217	0	73901	+	74142	73721	73558	180	241	163	60	0.999932	0.997789	0.992123	0
PBC69394_skip_806a2b99_641f1589_143.pod5	e5d57007-a44b-4160-bbcc-b6717589f37e	641f15894b0cb45e826e64f30ff2cdbd6fc30a48	814	2	191367	120.546	191367	120.425	46403	26.7813	unclassified	chr9	23524592	23571048	0	46395	+	46506	46345	46280	50	111	65	60	0.999828	0.998598	0.99514	0
PBC69394_skip_806a2b99_641f1589_143.pod5	6d716033-ec86-4d74-a762-9e5fdc3c0189	641f15894b0cb45e826e64f30ff2cdbd6fc30a48	332	4	191488	142.464	191488	142.273	54624	14.8151	unclassified	chr8	28205359	28255700	1242	54624	-	53446	50277	50150	3105	64	127	60	0.977263	0.997474	0.93833	0
PBC69394_skip_806a2b99_641f1589_143.pod5	aca7e90a-2363-4b0b-b1b0-35ea5bc010c4	641f15894b0cb45e826e64f30ff2cdbd6fc30a48	662	2	191582	130.023	191582	129.814	41545	27.3752	unclassified	chr4	166475892	166517558	7	41545	-	41720	41484	41351	54	182	133	60	0.999831	0.996794	0.991155	0
PBC69394_skip_806a2b99_641f1589_143.pod5	b871ff5a-663b-4654-8f53-90fade230951	641f15894b0cb45e826e64f30ff2cdbd6fc30a48	50	3	191566	129.073	191566	129.071	45560	38.1465	unclassified	chr20	31057226	31065680	4559	13027	+	8970	7952	6828	516	502	1124	1	0.185865	0.858652	0.761204	0
PBC69394_skip_806a2b99_641f1589_143.pod5	00fad2a1-c753-4b26-b920-846d8f5a8c07	641f15894b0cb45e826e64f30ff2cdbd6fc30a48	661	1	191250	152.038	191250	151.891	55928	14.7685	unclassified	chr18	36607725	36663882	5	55928	-	56772	55308	54384	615	849	924	60	0.999911	0.983294	0.957937	0
PBC69394_skip_806a2b99_641f1589_143.pod5	acfda017-d74e-4953-89f9-74bea75c5db8	641f15894b0cb45e826e64f30ff2cdbd6fc30a48	665	1	191884	1.14	191884	1.14	218	2.06679	unclassified	*	-1	-1	-1	-1	*	0	0	0	0	0	0	0	0	0	0	0
PBC69394_skip_806a2b99_641f1589_143.pod5	f86949a1-4c9e-4e8e-9aa7-17cd7a6bcc5f	641f15894b0cb45e826e64f30ff2cdbd6fc30a48	210	4	191360	160.215	191360	160.004	57665	28.5947	unclassified	chr15	97515123	97572723	9	57665	-	57700	57556	57457	100	44	99	60	0.999844	0.99828	0.995789	0
PBC69394_skip_806a2b99_641f1589_143.pod5	9d029d10-31e1-4e65-a8c1-df8fab393283	641f15894b0cb45e826e64f30ff2cdbd6fc30a48	427	1	190275	229.02	190275	228.466	83430	27.687	unclassified	chr16	54619833	54703366	0	83423	+	83615	83341	83262	82	192	79	60	0.999916	0.999052	0.995778	0
PBC69394_skip_806a2b99_641f1589_143.pod5	7d73fb6e-f4ae-489a-8a53-d2cf87cdb96e	641f15894b0cb45e826e64f30ff2cdbd6fc30a48	404	2	191585	128.378	191585	128.257	47058	28.0366	unclassified	chr1	119340696	119387772	1	47058	-	47124	47009	46939	48	67	70	60	0.999979	0.998511	0.996074	0
PBC69394_skip_806a2b99_641f1589_143.pod5	791f2bae-5068-46dc-8660-33ac75cc4df3	641f15894b0cb45e826e64f30ff2cdbd6fc30a48	928	1	190513	218.952	190513	218.857	87104	26.7904	unclassified	chr8	114899286	114986415	0	87104	-	87228	87005	86907	99	124	98	60	1	0.998874	0.99632	0
PBC69394_skip_806a2b99_641f1589_143.pod5	83dbdefe-aeb4-4484-a546-116d87044d64	641f15894b0cb45e826e64f30ff2cdbd6fc30a48	429	1	188602	318.914	188602	318.774	95122	27.9666	unclassified	chr2	107406281	107501373	5	95122	-	95242	94967	94691	150	125	276	60	0.999947	0.997094	0.994215	0
PBC69394_skip_806a2b99_641f1589_143.pod5	5161b8e8-1677-4b55-a353-f7aab13cdde1	641f15894b0cb45e826e64f30ff2cdbd6fc30a48	806	3	191586	125.066	191586	125.064	48877	8.99231	unclassified	chr16	58849609	58900065	39	48866	+	51859	47424	43977	1403	3032	3447	60	0.998977	0.927315	0.848011	0
PBC69394_skip_806a2b99_641f1589_143.pod5	ae2db3eb-6ad9-4462-8cab-7ad427f349df	641f15894b0cb45e826e64f30ff2cdbd6fc30a48	210	4	191556	170.557	191556	170.416	62999	27.1397	unclassified	chr4	132806850	132869856	7	62999	-	63103	62895	62725	97	111	170	60	0.999889	0.997297	0.99401	0
PBC69394_skip_806a2b99_641f1589_143.pod5	ab726feb-6dba-4a4e-8f9b-102c545de061	641f15894b0cb45e826e64f30ff2cdbd6fc30a48	661	1	191913	139.335	191913	139.044	29532	18.9354	unclassified	chr11	38798654	38828101	5	29532	-	29662	29312	29063	215	135	249	60	0.999831	0.991505	0.979806	0
PBC69394_skip_806a2b99_641f1589_143.pod5	2719e90b-e826-4ebd-be8b-d55f87483515	641f15894b0cb45e826e64f30ff2cdbd6fc30a48	391	2	191688	146.659	191689	146.507	42118	31.2021	unclassified	chr2	233483062	233525191	6	42118	-	42152	42089	42082	23	40	7	60	0.999858	0.999834	0.998339	0
PBC69394_skip_806a2b99_641f1589_143.pod5	4dc1dc2d-2869-4223-901d-41ba2a75a14c	641f15894b0cb45e826e64f30ff2cdbd6fc30a48	665	1	188064	388.411	188064	388.229	131702	29.1271	unclassified	chr8	102003244	102134859	0	131702	-	131881	131436	131207	266	179	229	60	1	0.998258	0.994889	0
PBC69394_skip_806a2b99_641f1589_143.pod5	2db579a9-11f9-4fef-a1a0-9363e9b0da4a	641f15894b0cb45e826e64f30ff2cdbd6fc30a48	816	4	191231	189.042	191231	189.04	66074	15.4706	unclassified	chr18	57725586	57792024	34	66074	+	67082	65396	64334	644	1042	1062	60	0.999485	0.98376	0.959035	0
PBC69394_skip_806a2b99_641f1589_143.pod5	71824e44-24a2-4690-af15-d0de83c1be20	641f15894b0cb45e826e64f30ff2cdbd6fc30a48	326	4	191820	202.945	191820	202.802	42093	24.5144	unclassified	chr6	11737849	11779868	0	42086	+	42125	41980	41868	106	39	112	60	0.999834	0.997332	0.993899	0
PBC69394_skip_806a2b99_641f1589_143.pod5	9a10acdd-d652-4c9b-bfe7-69cdc717d783	641f15894b0cb45e826e64f30ff2cdbd6fc30a48	641	4	191809	129.235	191809	129.233	42771	24.9331	unclassified	chr6	71494173	71536860	7	42736	-	42811	42605	42485	124	82	120	60	0.999018	0.997183	0.992385	0
PBC69394_skip_806a2b99_641f1589_143.pod5	0fed927a-9760-45cd-ac8e-55fe4274a345	641f15894b0cb45e826e64f30ff2cdbd6fc30a48	341	2	190095	259.851	190095	259.751	101392	28.077	unclassified	chr2	167429721	167531127	0	101386	+	101538	101254	101100	132	152	154	60	0.999941	0.998479	0.995686	0
PBC69394_skip_806a2b99_641f1589_143.pod5	eb9ff853-b051-46ae-91e1-27ca2986520b	641f15894b0cb45e826e64f30ff2cdbd6fc30a48	275	4	192085	123.08	192085	123.005	51376	26.0545	unclassified	chr6	115892427	115943820	0	51376	+	51450	51319	51255	57	74	64	60	1	0.998753	0.99621	0
PBC69394_skip_806a2b99_641f1589_143.pod5	68ab33a0-a751-415a-9033-c514918fe98c	641f15894b0cb45e826e64f30ff2cdbd6fc30a48	892	2	191962	142.45	191962	142.26	47737	26.6859	unclassified	chr22	39144728	39192447	0	47731	+	47813	47637	47492	94	82	145	60	0.999874	0.996956	0.993286	0
PBC69394_skip_806a2b99_641f1589_143.pod5	dfe5a547-6c98-4ec8-bc2c-6958a15c69bc	641f15894b0cb45e826e64f30ff2cdbd6fc30a48	407	2	192032	125.017	192032	124.93	45136	25.2581	unclassified	chr4	27902847	27947994	0	45127	+	45208	45066	44935	61	81	131	60	0.999801	0.997093	0.993961	0
PBC69394_skip_806a2b99_641f1589_143.pod5	a7a5c296-5c08-4f74-a830-5405b45fe51d	641f15894b0cb45e826e64f30ff2cdbd6fc30a48	913	2	192004	135.373	192004	135.276	57342	26.8242	unclassified	chr2	77691223	77748580	7	57342	-	57413	57279	57146	56	78	133	60	0.999878	0.997678	0.995349	0
PBC69394_skip_806a2b99_641f1589_143.pod5	d980f0ef-7523-4b42-b27c-0d759222dc6c	641f15894b0cb45e826e64f30ff2cdbd6fc30a48	816	4	192111	128.089	192111	128.087	44032	14.9332	unclassified	chr11	23658607	23702774	33	44024	+	44689	43469	42672	522	698	797	60	0.999069	0.981665	0.954866	0
PBC69394_skip_806a2b99_641f1589_143.pod5	0c1c1c7e-3080-4b23-a2fa-03b8423a60e8	641f15894b0cb45e826e64f30ff2cdbd6fc30a48	70	3	191507	213.31	191507	213.163	81339	25.3251	unclassified	chr16	18755501	18842759	9	81338	-	87400	81187	80960	142	6071	227	60	0.999877	0.997204	0.926316	0
PBC69394_skip_806a2b99_641f1589_143.pod5	f0dbb804-af3d-48d6-950d-ee01776e2b41	641f15894b0cb45e826e64f30ff2cdbd6fc30a48	326	4	192379	165.186	192379	165.047	57515	28.3771	unclassified	chrX	117188593	117246094	6	57515	-	57562	57448	57380	61	53	68	60	0.999896	0.998816	0.996838	0
PBC69394_skip_806a2b99_641f1589_143.pod5	825c8ca4-e881-4fef-abec-b5f58a381c66	641f15894b0cb45e826e64f30ff2cdbd6fc30a48	332	4	191658	193.422	191658	193.322	74950	30.4739	unclassified	chr13	21088218	21163471	0	74941	+	75350	74844	74706	97	409	138	60	0.99988	0.998156	0.991453	0
PBC69394_skip_806a2b99_641f1589_143.pod5	a512f677-55fd-4ad3-b2aa-5a408bc990c2	641f15894b0cb45e826e64f30ff2cdbd6fc30a48	937	3	191984	120.626	191984	120.624	46731	9.09944	unclassified	chr5	38151640	38199436	19	46694	-	49353	45118	41970	1557	2678	3148	60	0.998802	0.930227	0.850404	0
PBC69394_skip_806a2b99_641f1589_143.pod5	d4be3934-f8f9-4a1f-97da-306e37c23de1	641f15894b0cb45e826e64f30ff2cdbd6fc30a48	397	4	192361	167.731	192361	167.605	61739	29.008	unclassified	chr1	152756239	152817996	0	61739	+	61795	61701	61665	38	56	36	60	1	0.999417	0.997896	0
PBC69394_skip_806a2b99_641f1589_143.pod5	2d158f00-2eb2-44ae-a946-d98d7d2e24f8	641f15894b0cb45e826e64f30ff2cdbd6fc30a48	270	4	192328	5.7408	192328	5.7408	1463	2.42385	unclassified	*	-1	-1	-1	-1	*	0	0	0	0	0	0	0	0	0	0	0
PBC69394_skip_806a2b99_641f1589_143.pod5	219274eb-411e-46db-8477-6020ea73ef3e	641f15894b0cb45e826e64f30ff2cdbd6fc30a48	662	2	192138	134.781	192138	134.779	48803	25.3478	unclassified	chr5	96201530	96250205	0	48777	-	48824	48628	48564	149	47	64	60	0.999467	0.998684	0.994675	0
PBC69394_skip_806a2b99_641f1589_143.pod5	22de86bf-7614-41df-a431-4f0193771936	641f15894b0cb45e826e64f30ff2cdbd6fc30a48	535	3	191940	161.988	191940	161.986	33664	25.2309	unclassified	chr13	18012032	18044050	84	33659	+	33632	31961	31484	1614	57	477	1	0.997356	0.985076	0.936132	0
PBC69394_skip_806a2b99_641f1589_143.pod5	9278a36a-29fe-4e15-b374-45f2ba4c9053	641f15894b0cb45e826e64f30ff2cdbd6fc30a48	375	1	191820	220.081	191820	219.948	88148	29.2955	unclassified	chr5	62588012	62676255	6	88148	-	88297	88088	88011	54	155	77	60	0.999932	0.999126	0.996761	0
PBC69394_skip_806a2b99_641f1589_143.pod5	36159cdc-cc2c-4f97-b6c5-cf57217dcec6	641f15894b0cb45e826e64f30ff2cdbd6fc30a48	326	4	192806	130.086	192806	129.931	50994	29.0359	unclassified	chr3	61040096	61091077	0	50987	+	51024	50944	50856	43	37	88	60	0.999863	0.998273	0.996707	0
PBC69394_skip_806a2b99_641f1589_143.pod5	d499e136-ff3d-4023-94b7-f030aeb1da49	641f15894b0cb45e826e64f30ff2cdbd6fc30a48	429	1	192622	123.744	192623	123.673	50555	27.436	unclassified	chr4	41180668	41231240	0	50550	+	50629	50493	50441	57	79	52	60	0.999901	0.99897	0.996287	0
PBC69394_skip_806a2b99_641f1589_143.pod5	d5ea19e9-3fa7-4a12-95bb-9d549b780d69	641f15894b0cb45e826e64f30ff2cdbd6fc30a48	665	1	192749	119.683	192750	119.545	48388	24.9579	unclassified	chr2	184700287	184748684	0	48388	+	48479	48306	48221	82	91	85	60	1	0.99824	0.994678	0
PBC69394_skip_806a2b99_641f1589_143.pod5	4977d84f-6325-461d-88d9-6e0ec5eb2318	641f15894b0cb45e826e64f30ff2cdbd6fc30a48	97	3	192270	127.772	192270	127.672	51669	28.6969	unclassified	chr2	78154403	78206080	0	51663	+	51707	51633	51582	30	44	51	60	0.999884	0.999012	0.997583	0
PBC69394_skip_806a2b99_641f1589_143.pod5	094440c6-1de9-417c-bc3d-85e4499fae5f	641f15894b0cb45e826e64f30ff2cdbd6fc30a48	472	1	192113	180.198	192113	180.196	61273	25.4408	unclassified	chr4	80343665	80405351	0	61259	-	61792	61153	61034	106	533	119	60	0.999772	0.998054	0.987733	0
PBC69394_skip_806a2b99_641f1589_143.pod5	85c57349-bfd7-4906-9cbf-7f3c3d7b4344	641f15894b0cb45e826e64f30ff2cdbd6fc30a48	190	2	192525	168.463	192525	168.181	63923	25.5719	unclassified	chr1	189399491	189463425	0	63923	-	64028	63829	63665	94	105	164	60	1	0.997431	0.994331	0
PBC69394_skip_806a2b99_641f1589_143.pod5	7a5116b3-9f9b-4133-91cc-f04eca671611	641f15894b0cb45e826e64f30ff2cdbd6fc30a48	923	3	192676	182.592	192676	182.59	68689	27.4523	unclassified	chr15	86909666	86978098	44	68683	+	68767	68304	68164	335	128	140	60	0.999272	0.99795	0.991231	0
PBC69394_skip_806a2b99_641f1589_143.pod5	9b14d598-f50e-452c-8c85-d010ac105f93	641f15894b0cb45e826e64f30ff2cdbd6fc30a48	397	4	192179	174.65	192179	174.539	68580	29.0837	unclassified	chr2	226023705	226092309	4	68580	-	68673	68507	68357	69	97	150	60	0.999942	0.99781	0.995398	0
PBC69394_skip_806a2b99_641f1589_143.pod5	8ef75377-af35-4c3b-a645-a2ae3488cd0c	641f15894b0cb45e826e64f30ff2cdbd6fc30a48	665	1	191885	159.949	191885	159.84	50263	23.7438	unclassified	chr4	49851573	49899978	0	50263	-	50802	47866	47194	2397	539	672	2	1	0.985961	0.928979	0
PBC69394_skip_806a2b99_641f1589_143.pod5	2b7465f0-c9d7-43c8-879d-d8bcc9a8feeb	641f15894b0cb45e826e64f30ff2cdbd6fc30a48	286	2	192834	204.383	192834	204.381	47730	2.91536	unclassified	*	-1	-1	-1	-1	*	0	0	0	0	0	0	0	0	0	0	0
PBC69394_skip_806a2b99_641f1589_143.pod5	f8c6f158-afd7-450e-b70f-5526df996d13	641f15894b0cb45e826e64f30ff2cdbd6fc30a48	463	3	192266	129.96	192266	129.958	47530	24.1502	unclassified	chr8	105444326	105491824	0	47497	-	47624	47371	47267	126	127	104	60	0.999306	0.997805	0.992504	0
PBC69394_skip_806a2b99_641f1589_143.pod5	e4392926-3343-4af1-b7b0-f7506dd644b9	641f15894b0cb45e826e64f30ff2cdbd6fc30a48	923	3	192938	125.936	192938	125.792	47050	27.8121	unclassified	chr14	43215026	43262056	7	47050	-	47085	46988	46953	55	42	35	60	0.999851	0.999255	0.997197	0
PBC69394_skip_806a2b99_641f1589_143.pod5	da4a59e6-ce59-4629-a315-a22a5e34fa40	641f15894b0cb45e826e64f30ff2cdbd6fc30a48	913	2	191721	283.507	191721	283.411	119547	26.1085	unclassified	chr12	86316763	86436420	2	119541	+	119836	119360	119162	179	297	198	60	0.999933	0.998341	0.994376	0
PBC69394_skip_806a2b99_641f1589_143.pod5	5679543e-ce58-4249-abc0-9ad1da795b1f	641f15894b0cb45e826e64f30ff2cdbd6fc30a48	416	4	192917	131.695	192917	131.609	49812	35.0408	unclassified	chr16	37366141	37404022	11619	49807	+	38923	37146	36560	1042	735	586	1	0.766643	0.984224	0.93929	0
PBC69394_skip_806a2b99_641f1589_143.pod5	c0d493a6-5541-418b-a9a7-373302fa04e5	641f15894b0cb45e826e64f30ff2cdbd6fc30a48	854	1	192485	151.485	192485	151.384	69912	28.4694	unclassified	chr5	72621025	72690747	178	69912	-	69851	69605	69454	129	117	151	60	0.997454	0.997831	0.994316	0
PBC69394_skip_806a2b99_641f1589_143.pod5	4685fa04-2ded-405a-a24a-4b54df600f37	641f15894b0cb45e826e64f30ff2cdbd6fc30a48	332	4	192224	310.924	192224	310.775	118132	28.6015	unclassified	chr8	118626895	118745074	7	118132	-	118273	118031	117903	94	148	128	60	0.999941	0.998916	0.996872	0
PBC69394_skip_806a2b99_641f1589_143.pod5	47bf816e-edd5-462a-bdad-52d648282fb3	641f15894b0cb45e826e64f30ff2cdbd6fc30a48	686	1	193129	132.165	193129	132.163	28672	2.35047	unclassified	chr14	105590753	105590798	6086	6131	+	45	45	44	0	0	1	4	0.00156948	0.977778	0.977778	0
PBC69394_skip_806a2b99_641f1589_143.pod5	27c44363-6a49-43a9-ae12-2616a52cb0cc	641f15894b0cb45e826e64f30ff2cdbd6fc30a48	892	2	192227	268.334	192227	268.165	65265	18.8523	unclassified	chr18	70863382	70927522	6	65265	-	65365	64034	63917	1225	106	117	60	0.999908	0.998173	0.977847	0
PBC69394_skip_806a2b99_641f1589_143.pod5	484cf055-34a3-4364-97d4-5f0bfc211344	641f15894b0cb45e826e64f30ff2cdbd6fc30a48	270	4	192334	121.417	192334	121.321	25933	4.13713	unclassified	chr22	41652188	41657396	20751	25929	-	5220	5166	5151	12	42	15	60	0.199668	0.997096	0.986782	0
PBC69394_skip_806a2b99_641f1589_143.pod5	4350aee4-eae1-4f16-8032-e5065cfa743d	641f15894b0cb45e826e64f30ff2cdbd6fc30a48	70	3	192360	142.049	192360	142.047	52230	24.4215	unclassified	chr22	18339251	18389288	10	50419	-	50930	49516	49054	893	521	462	60	0.965135	0.99067	0.963165	0
PBC69394_skip_806a2b99_641f1589_143.pod5	7e7dc23e-4b03-4d6d-9067-affbd43ea7b4	641f15894b0cb45e826e64f30ff2cdbd6fc30a48	959	1	192305	199.356	192305	199.261	77837	29.4103	unclassified	chr12	15544461	15622323	0	77831	+	77900	77793	77700	38	69	93	60	0.999923	0.998805	0.997433	0
PBC69394_skip_806a2b99_641f1589_143.pod5	cc2671e9-932b-4ed3-982f-84b74bb75db4	641f15894b0cb45e826e64f30ff2cdbd6fc30a48	894	3	192166	219.948	192167	219.816	77791	30.0162	unclassified	chr17	55540457	55618206	0	77784	+	77853	77680	77586	104	69	94	60	0.99991	0.99879	0.99657	0
PBC69394_skip_806a2b99_641f1589_143.pod5	dead0faa-f684-4c35-a245-092479740d3f	641f15894b0cb45e826e64f30ff2cdbd6fc30a48	641	4	192992	140.074	192992	139.836	45361	15.1953	unclassified	chr7	141176022	141219412	0	45361	-	45489	43262	43121	2099	128	141	60	1	0.996741	0.947943	0
PBC69394_skip_806a2b99_641f1589_143.pod5	af83cd93-15ab-4ebb-957e-18f79f06bb33	641f15894b0cb45e826e64f30ff2cdbd6fc30a48	661	1	192457	120.846	192457	120.74	37729	18.0771	unclassified	chr12	132873777	132911580	7	37729	-	38014	37511	37142	211	292	369	60	0.999814	0.990163	0.977061	0
PBC69394_skip_806a2b99_641f1589_143.pod5	b3bfe2d0-71e7-48b4-be64-bc7ed22af080	641f15894b0cb45e826e64f30ff2cdbd6fc30a48	892	2	193016	123.614	193016	123.481	42876	26.8889	unclassified	chr7	145482515	145525408	0	42876	+	42941	42828	42762	48	65	66	60	1	0.998459	0.995831	0
PBC69394_skip_806a2b99_641f1589_143.pod5	964e260a-cfde-45a5-a506-8b9af302697b	641f15894b0cb45e826e64f30ff2cdbd6fc30a48	894	3	192464	154.738	192464	154.621	62291	27.5453	unclassified	chr14	104332791	104395334	0	62284	+	62614	62213	62062	71	330	151	60	0.999888	0.997573	0.991184	0
PBC69394_skip_806a2b99_641f1589_143.pod5	7fbdb11f-5c47-44fc-9624-902ffe516a96	641f15894b0cb45e826e64f30ff2cdbd6fc30a48	210	4	192759	193.342	192759	193.231	72766	28.2433	unclassified	chr6	133734578	133807322	0	72759	+	72835	72668	72584	91	76	84	60	0.999904	0.998844	0.996554	0
PBC69394_skip_806a2b99_641f1589_143.pod5	dc4651c0-2e57-4453-aeb7-39c908d0387b	641f15894b0cb45e826e64f30ff2cdbd6fc30a48	110	3	193147	141.559	193147	141.4	58585	28.6542	unclassified	chrX	79197440	79256069	0	58585	+	58679	58535	58390	50	94	145	60	1	0.997523	0.995075	0
PBC69394_skip_806a2b99_641f1589_143.pod5	5975c64a-84df-4495-a5fa-19deee253e70	641f15894b0cb45e826e64f30ff2cdbd6fc30a48	439	3	193123	123.948	193123	123.946	48727	27.2508	unclassified	chr13	78985598	79034272	10	48684	-	48733	48615	48484	59	59	131	60	0.998912	0.997305	0.994891	0
PBC69394_skip_806a2b99_641f1589_143.pod5	cbe3c2fd-b68b-4bd9-a254-3925a9739454	641f15894b0cb45e826e64f30ff2cdbd6fc30a48	341	2	193129	131.404	193129	131.293	51627	29.7944	unclassified	chr3	77770656	77822299	0	51620	+	51665	51598	51565	22	45	33	60	0.999864	0.99936	0.998064	0
PBC69394_skip_806a2b99_641f1589_143.pod5	d18c5519-c67c-4071-8822-7c43491ee292	641f15894b0cb45e826e64f30ff2cdbd6fc30a48	429	1	193156	171.01	193156	170.884	55131	28.5804	unclassified	chr6	161251223	161306407	1	55125	+	55298	55010	54885	114	174	125	60	0.999873	0.997728	0.992531	0
PBC69394_skip_806a2b99_641f1589_143.pod5	bff861d1-e044-4a36-aa8e-4b80d2d25b55	641f15894b0cb45e826e64f30ff2cdbd6fc30a48	661	1	193166	140.163	193166	140.033	56920	15.2667	unclassified	chr6	39134430	39191580	0	56905	+	57712	56343	55442	562	807	901	60	0.999736	0.984009	0.960667	0
PBC69394_skip_806a2b99_641f1589_143.pod5	69373768-f837-483e-bb66-2253437075b5	641f15894b0cb45e826e64f30ff2cdbd6fc30a48	429	1	192118	190.947	192118	190.841	77682	26.6202	unclassified	chr14	102195787	102273494	0	77675	+	77805	77577	77514	98	130	63	60	0.99991	0.999188	0.99626	0
PBC69394_skip_806a2b99_641f1589_143.pod5	e2b80511-88e7-4a89-96be-04aca17611b9	641f15894b0cb45e826e64f30ff2cdbd6fc30a48	346	1	193089	177.998	193089	177.84	62838	24.2339	unclassified	chr19	18802091	18864904	9	62838	-	62974	62668	62520	161	145	148	60	0.999857	0.997638	0.992791	0
PBC69394_skip_806a2b99_641f1589_143.pod5	b4b270e1-d174-40b0-b316-4ebf66b2c94c	641f15894b0cb45e826e64f30ff2cdbd6fc30a48	641	4	192642	304.802	192642	304.8	105739	24.6203	unclassified	chrX	55203938	55309670	7	105600	-	105883	105442	105135	151	290	307	60	0.998619	0.997088	0.992936	0
PBC69394_skip_806a2b99_641f1589_143.pod5	6a31320e-6177-4be2-be7f-3a4f704736ef	641f15894b0cb45e826e64f30ff2cdbd6fc30a48	67	1	192505	181.226	192505	181.224	74593	36.4295	unclassified	chr4	49119976	49129682	6795	16618	+	10389	9140	7845	683	566	1295	14	0.131688	0.858315	0.755126	0
PBC69394_skip_806a2b99_641f1589_143.pod5	251a4f98-baad-40e8-8711-9c766bd3bb33	641f15894b0cb45e826e64f30ff2cdbd6fc30a48	959	1	193387	124.344	193387	124.264	51703	23.7111	unclassified	chr10	114253262	114305162	0	51703	-	51957	51646	51540	57	254	106	60	1	0.997948	0.991974	0
PBC69394_skip_806a2b99_641f1589_143.pod5	64d570d6-f497-4e09-bdfa-33b2fb513749	641f15894b0cb45e826e64f30ff2cdbd6fc30a48	713	4	193144	190.784	193144	190.639	73825	15.3564	unclassified	chr6	115698387	115768556	0	70147	+	70230	70086	70001	61	83	85	60	0.950179	0.998787	0.996739	0
PBC69394_skip_806a2b99_641f1589_143.pod5	c636e227-4acd-4370-af84-ea53d5fbd931	641f15894b0cb45e826e64f30ff2cdbd6fc30a48	429	1	193347	141.96	193347	141.877	54377	28.1527	unclassified	chr11	36521308	36575688	0	54377	+	54430	54327	54252	50	53	75	60	1	0.998619	0.99673	0
PBC69394_skip_806a2b99_641f1589_143.pod5	8f5257b4-0d85-4529-a26a-d0b7805f50e1	641f15894b0cb45e826e64f30ff2cdbd6fc30a48	535	3	193129	183.567	193129	183.394	70639	18.0929	unclassified	chr1	172176804	172212759	0	35943	+	36013	35885	35791	58	70	94	60	0.508827	0.99738	0.993836	0
PBC69394_skip_806a2b99_641f1589_143.pod5	32391797-9309-4c04-963e-0ad92cfb4162	641f15894b0cb45e826e64f30ff2cdbd6fc30a48	923	3	193457	136.16	193457	136.034	43533	26.4329	unclassified	chr2	218859908	218903490	0	43527	+	43619	43490	43408	37	92	82	60	0.999862	0.998115	0.995163	0
PBC69394_skip_806a2b99_641f1589_143.pod5	f7f35144-41d3-4f5d-87c6-47e3f056b792	641f15894b0cb45e826e64f30ff2cdbd6fc30a48	713	4	193424	116.742	193424	116.602	41776	19.7804	unclassified	chrX	52871364	52911944	0	40564	+	40624	40520	40488	44	60	32	60	0.970988	0.99921	0.996652	0
PBC69394_skip_806a2b99_641f1589_143.pod5	0c7d44e0-c276-40d3-b02b-5ddafeee0345	641f15894b0cb45e826e64f30ff2cdbd6fc30a48	97	3	193482	133.424	193482	133.35	76700	22.3838	unclassified	chr10	114585577	114662345	11	76700	-	76940	76517	76256	172	251	261	60	0.999857	0.996589	0.99111	0
PBC69394_skip_806a2b99_641f1589_143.pod5	d017357e-c28d-4df7-bef6-87e6cfbcd0b2	641f15894b0cb45e826e64f30ff2cdbd6fc30a48	281	2	193476	162.17	193477	161.737	45170	20.7234	unclassified	chr12	1548708	1592400	6	45170	-	45260	43596	43504	1568	96	92	60	0.999867	0.99789	0.961202	0
PBC69394_skip_806a2b99_641f1589_143.pod5	77289632-888d-42bb-9534-f2b1cea2777e	641f15894b0cb45e826e64f30ff2cdbd6fc30a48	190	2	191879	327.958	191880	327.802	115722	13.4639	unclassified	chr13	23286577	23403232	0	115714	+	118154	114215	111551	1499	2440	2664	60	0.999931	0.976676	0.944115	0
PBC69394_skip_806a2b99_641f1589_143.pod5	5de3aaef-62fd-4882-aa71-ac0addc02201	641f15894b0cb45e826e64f30ff2cdbd6fc30a48	332	4	193418	144.164	193419	144.012	56950	29.5721	unclassified	chr14	50925641	50982886	0	56942	+	57644	56543	56444	399	702	99	60	0.99986	0.998249	0.979183	0
PBC69394_skip_806a2b99_641f1589_143.pod5	5e55bf17-7c5d-49f4-93ef-6a93997041d1	641f15894b0cb45e826e64f30ff2cdbd6fc30a48	665	1	193688	135.331	193688	135.224	53343	25.5585	unclassified	chr14	60922248	60975552	6	53343	-	53415	53226	53097	111	78	129	60	0.999888	0.997576	0.994047	0
PBC69394_skip_806a2b99_641f1589_143.pod5	87c6cd09-ce0c-46c6-b751-dd3251e1c702	641f15894b0cb45e826e64f30ff2cdbd6fc30a48	439	3	193757	131.211	193757	131.112	54961	26.7778	unclassified	chr3	28328688	28383677	0	54940	+	55045	54884	54837	56	105	47	60	0.999618	0.999144	0.996221	0
PBC69394_skip_806a2b99_641f1589_143.pod5	a7d8d58a-cfab-48f9-be16-acdecc87f605	641f15894b0cb45e826e64f30ff2cdbd6fc30a48	472	1	192848	286.504	192848	286.345	99199	28.461	unclassified	chr22	12317846	12417372	0	99193	+	99760	98959	98714	234	567	245	60	0.99994	0.997524	0.989515	0
PBC69394_skip_806a2b99_641f1589_143.pod5	d6b8049b-bf15-4a42-b810-e7b4cd825634	641f15894b0cb45e826e64f30ff2cdbd6fc30a48	281	2	193126	234.094	193126	233.957	78422	26.85	unclassified	chr10	93365925	93444309	0	78422	-	78544	78262	78074	160	122	188	60	1	0.997598	0.994016	0
PBC69394_skip_806a2b99_641f1589_143.pod5	bb4ea2e1-fc3b-46ad-b767-181a12a2022e	641f15894b0cb45e826e64f30ff2cdbd6fc30a48	472	1	193728	129.405	193728	129.256	42156	25.4316	unclassified	chrX	86325457	86372329	0	42149	+	46936	42085	41985	64	4787	100	60	0.999834	0.997624	0.894516	0
PBC69394_skip_806a2b99_641f1589_143.pod5	09207473-20d4-44e6-8737-b4ca5dc8b3ea	641f15894b0cb45e826e64f30ff2cdbd6fc30a48	326	4	194460	148.643	194460	148.641	56707	27.7751	unclassified	chr1	46658742	46715228	230	56707	+	56554	56409	56277	68	77	132	60	0.995944	0.99766	0.995102	0
PBC69394_skip_806a2b99_641f1589_143.pod5	92f6a3e1-7104-4277-b884-61ade6026995	641f15894b0cb45e826e64f30ff2cdbd6fc30a48	959	1	193157	230.349	193157	230.231	83633	26.2248	unclassified	chr10	114221968	114305162	0	83626	+	83809	83011	82892	615	183	119	60	0.999916	0.998566	0.989058	0
PBC69394_skip_806a2b99_641f1589_143.pod5	d8e2a8ff-d99e-48e6-8d3f-92d7999bf459	641f15894b0cb45e826e64f30ff2cdbd6fc30a48	59	1	194622	133.037	194622	133.035	45920	22.9573	unclassified	chrX	113630642	113676657	9	45655	-	46074	45587	45484	59	428	103	60	0.994033	0.997741	0.987195	0
PBC69394_skip_806a2b99_641f1589_143.pod5	3c293e2c-56d3-4ebe-963c-5d4c5fa40780	641f15894b0cb45e826e64f30ff2cdbd6fc30a48	854	1	193760	69.366	193760	69.366	31887	26.3979	unclassified	chr20	14846836	14878419	26	31878	+	31886	31549	31503	303	34	46	60	0.998902	0.998542	0.987988	0
PBC69394_skip_806a2b99_641f1589_143.pod5	f2dac7f7-cc56-48c7-9e0d-aa88638329fa	641f15894b0cb45e826e64f30ff2cdbd6fc30a48	849	3	193743	150.597	193743	150.492	58537	27.1477	unclassified	chrX	142682186	142740739	0	58537	-	58649	58441	58322	96	112	119	60	1	0.997964	0.994424	0
PBC69394_skip_806a2b99_641f1589_143.pod5	b682fd6c-072f-4ddb-9d15-5422730016d4	641f15894b0cb45e826e64f30ff2cdbd6fc30a48	407	2	194314	207.676	194314	207.48	68007	28.9768	unclassified	chr7	39487780	39555917	0	68000	+	68419	67718	67548	282	419	170	60	0.999897	0.99749	0.98727	0
PBC69394_skip_806a2b99_641f1589_143.pod5	2e4e8437-a0d0-459d-9aaf-0cdfe5f807f5	641f15894b0cb45e826e64f30ff2cdbd6fc30a48	923	3	193174	275.907	193174	275.789	69930	28.2669	unclassified	chr6	35419665	35489519	6	69930	-	69999	69779	69668	145	75	111	60	0.999914	0.998409	0.995271	0
PBC69394_skip_806a2b99_641f1589_143.pod5	aec313ec-0f40-4723-a71c-ed95ceb62bb6	641f15894b0cb45e826e64f30ff2cdbd6fc30a48	854	1	193830	108.272	193830	108.182	31859	26.3467	unclassified	chr20	14846836	14878417	4	31859	-	31889	31547	31515	308	34	32	60	0.999874	0.998986	0.988272	0
PBC69394_skip_806a2b99_641f1589_143.pod5	9a65e618-1c8a-4563-83c0-9811bb263702	641f15894b0cb45e826e64f30ff2cdbd6fc30a48	50	3	193728	193.904	193728	193.812	74721	25.6835	unclassified	chr1	176554584	176629225	0	74571	+	74707	74505	74432	66	136	73	60	0.997993	0.99902	0.996319	0
PBC69394_skip_806a2b99_641f1589_143.pod5	78009681-7d4a-478d-ace4-6f61ddeb16ea	641f15894b0cb45e826e64f30ff2cdbd6fc30a48	661	1	194506	143.205	194506	143.092	58404	15.7302	unclassified	chr9	67857279	67915891	7	58404	-	59140	57869	56878	528	743	991	12	0.99988	0.982875	0.961752	0
PBC69394_skip_806a2b99_641f1589_143.pod5	d185c429-4527-444d-a1a3-fe35897590aa	641f15894b0cb45e826e64f30ff2cdbd6fc30a48	67	1	194748	121.02	194748	120.856	37640	27.8723	unclassified	chr3	29469233	29506863	0	37633	+	37670	37593	37556	40	37	37	60	0.999814	0.999016	0.996974	0
PBC69394_skip_806a2b99_641f1589_143.pod5	9c8e20ca-3bde-4746-a914-7aad59807640	641f15894b0cb45e826e64f30ff2cdbd6fc30a48	59	1	193758	166.79	193758	166.788	59558	25.3664	unclassified	chr6	87791763	87851192	5	59517	-	59671	59270	59104	242	159	166	60	0.999228	0.997199	0.990498	0
PBC69394_skip_806a2b99_641f1589_143.pod5	ec509262-3020-459a-ab11-0df156d348d1	641f15894b0cb45e826e64f30ff2cdbd6fc30a48	332	4	194071	125.612	194072	125.474	51303	27.9513	unclassified	chr17	56274129	56311309	9	37174	-	37198	37147	37117	18	33	30	60	0.724422	0.999192	0.997822	0
PBC69394_skip_806a2b99_641f1589_143.pod5	8c2fdc5f-ecd3-47c1-afb2-2485ff90cf28	641f15894b0cb45e826e64f30ff2cdbd6fc30a48	332	4	194453	201.165	194453	200.989	77984	27.4518	unclassified	chr9	24645811	24723788	0	77974	+	78062	77889	77761	85	88	128	60	0.999872	0.998357	0.996144	0
PBC69394_skip_806a2b99_641f1589_143.pod5	20ddb31f-5a89-4270-bc0e-77254d234eb9	641f15894b0cb45e826e64f30ff2cdbd6fc30a48	416	4	194507	139.291	194508	139.172	54155	28.871	unclassified	chr2	103447175	103501333	0	54155	+	54222	54091	54004	64	67	87	60	1	0.998392	0.995979	0
PBC69394_skip_806a2b99_641f1589_143.pod5	cce07b71-a16f-478b-a2e2-ced57585f14e	641f15894b0cb45e826e64f30ff2cdbd6fc30a48	816	4	193527	217.45	193527	217.322	71114	14.3338	unclassified	chrX	58096072	58167664	31	71114	-	72363	70312	68904	771	1280	1408	60	0.999564	0.979975	0.952199	0
PBC69394_skip_806a2b99_641f1589_143.pod5	0cc81e98-7859-4251-aae5-dc14f866d925	641f15894b0cb45e826e64f30ff2cdbd6fc30a48	416	4	194680	122.486	194680	122.356	46055	27.3418	unclassified	chrX	9511311	9557393	0	46055	-	46126	46011	45949	44	71	62	60	1	0.998653	0.996163	0
PBC69394_skip_806a2b99_641f1589_143.pod5	a030016a-5744-43d9-936a-963f11e9e239	641f15894b0cb45e826e64f30ff2cdbd6fc30a48	959	1	194070	128.434	194070	128.342	48929	28.5277	unclassified	chr12	101490587	101537950	1543	48919	+	47443	47296	47223	80	67	73	60	0.96826	0.998457	0.995363	0
PBC69394_skip_806a2b99_641f1589_143.pod5	580a4bc6-254b-42b6-9cb9-2a32bff5efb8	641f15894b0cb45e826e64f30ff2cdbd6fc30a48	67	1	194108	127.419	194108	127.417	54282	25.2838	unclassified	chr1	25073838	25128056	23	54275	+	54419	54051	53896	201	167	155	60	0.999447	0.997132	0.990389	0
PBC69394_skip_806a2b99_641f1589_143.pod5	d76dd1e2-2327-4e0c-a7a3-ed15ba426073	641f15894b0cb45e826e64f30ff2cdbd6fc30a48	375	1	194543	130.826	194543	130.686	52257	35.4659	unclassified	chr2	92322348	92332613	0	9920	-	10276	9909	9528	11	356	381	9	0.189831	0.96155	0.927209	0
PBC69394_skip_806a2b99_641f1589_143.pod5	1c28f8ed-a289-467f-86e4-a505e279cd40	641f15894b0cb45e826e64f30ff2cdbd6fc30a48	407	2	194001	304.898	194001	304.722	100617	25.6289	unclassified	chr9	93603432	93703506	0	100611	+	100842	99843	99610	768	231	233	60	0.99994	0.997666	0.987783	0
PBC69394_skip_806a2b99_641f1589_143.pod5	1cf928b3-c1c4-4dea-b69a-a301f884516b	641f15894b0cb45e826e64f30ff2cdbd6fc30a48	472	1	194314	123.088	194314	123.086	41727	21.3104	unclassified	chr6	75417926	75459688	7	41690	-	41865	41580	41347	103	182	233	60	0.998946	0.994396	0.987627	0
PBC69394_skip_806a2b99_641f1589_143.pod5	b50c87bc-7539-4e88-88cd-d9e0f365570b	641f15894b0cb45e826e64f30ff2cdbd6fc30a48	70	3	194792	134.161	194793	134.04	42880	22.2835	unclassified	chr13	26689196	26732181	0	42880	+	43106	42759	42562	121	226	197	60	1	0.995393	0.98738	0
PBC69394_skip_806a2b99_641f1589_143.pod5	8140dca1-f06e-4a04-b758-065bc8daa6fd	641f15894b0cb45e826e64f30ff2cdbd6fc30a48	535	3	193736	215.802	193736	215.714	54963	11.3121	unclassified	chr10	11766733	11812145	7579	54963	-	47478	45318	45167	2066	94	151	60	0.862107	0.996668	0.951325	0
PBC69394_skip_806a2b99_641f1589_143.pod5	567795ca-0976-4de3-a54d-bd23db18f6de	641f15894b0cb45e826e64f30ff2cdbd6fc30a48	533	1	194192	179.898	194192	179.662	39301	21.6229	unclassified	chr21	34098660	34125792	12138	39301	-	27217	27078	27014	85	54	64	60	0.691153	0.997636	0.992541	0
PBC69394_skip_806a2b99_641f1589_143.pod5	b36d8218-a072-489a-9e84-f748de20e1f4	641f15894b0cb45e826e64f30ff2cdbd6fc30a48	210	4	193712	154.754	193712	154.634	61596	25.2563	unclassified	chr13	32763583	32825207	0	61596	-	61712	61508	61416	88	116	92	60	1	0.998504	0.995204	0
PBC69394_skip_806a2b99_641f1589_143.pod5	40927eb0-f57f-4415-860b-34557aec90d1	641f15894b0cb45e826e64f30ff2cdbd6fc30a48	341	2	193262	286.836	193262	286.724	109309	29.1476	unclassified	chr5	115547226	115657100	0	109309	+	110041	109142	108938	167	732	204	60	1	0.998131	0.989976	0
PBC69394_skip_806a2b99_641f1589_143.pod5	32d21f50-9a41-4882-890c-6cf97ffa8f4d	641f15894b0cb45e826e64f30ff2cdbd6fc30a48	854	1	194299	137.601	194299	137.504	58017	23.2071	unclassified	chr8	61810833	61868049	0	57376	+	57446	57146	57082	230	70	64	60	0.988952	0.99888	0.993664	0
PBC69394_skip_806a2b99_641f1589_143.pod5	c5820a56-521a-4cd7-867e-c5964b760515	641f15894b0cb45e826e64f30ff2cdbd6fc30a48	849	3	194143	167.34	194143	167.338	63331	28.9811	unclassified	chr22	36485964	36549291	0	63306	-	63386	63247	63180	59	80	67	60	0.999605	0.998941	0.99675	0
PBC69394_skip_806a2b99_641f1589_143.pod5	65e5d1a3-4f7b-4da4-8b43-4ccebc179931	641f15894b0cb45e826e64f30ff2cdbd6fc30a48	67	1	193603	254.484	193603	254.346	84297	24.9461	unclassified	chr6	113445155	113529268	0	84290	+	84395	84008	83844	282	105	164	60	0.999917	0.998048	0.993471	0
PBC69394_skip_806a2b99_641f1589_143.pod5	9c7e27f2-8ff7-42ad-91a7-363ed8d985ec	641f15894b0cb45e826e64f30ff2cdbd6fc30a48	286	4	194446	123.967	194446	123.772	45975	23.1306	unclassified	chr1	96461061	96507148	2	45975	-	46167	45893	45744	80	194	149	60	0.999956	0.996753	0.990838	0
PBC69394_skip_806a2b99_641f1589_143.pod5	9bc469cc-60a2-4902-ad73-8eed87e305b3	641f15894b0cb45e826e64f30ff2cdbd6fc30a48	849	3	195093	125.596	195093	125.483	48210	30.0344	unclassified	chr9	103499935	103548201	0	48210	-	48303	48173	48122	37	93	51	60	1	0.998941	0.996253	0
PBC69394_skip_806a2b99_641f1589_143.pod5	d689e379-4ab2-4e7a-a0a0-61f2ac38dd5b	641f15894b0cb45e826e64f30ff2cdbd6fc30a48	661	1	194212	123.651	194212	123.649	52424	11.6362	unclassified	chrX	91119017	91171905	38	52417	+	53908	51359	49401	1020	1529	1958	60	0.999142	0.961876	0.916395	0
PBC69394_skip_806a2b99_641f1589_143.pod5	7007e9f8-5fa8-40f4-80af-314c66037fd4	641f15894b0cb45e826e64f30ff2cdbd6fc30a48	959	1	193858	211.386	193858	211.277	84228	29.7555	unclassified	chr11	6838189	6922924	0	84223	+	84872	84086	83789	137	649	297	60	0.999941	0.996468	0.98724	0
PBC69394_skip_806a2b99_641f1589_143.pod5	1a73a03e-d648-421c-84c1-a5009b9fea5b	641f15894b0cb45e826e64f30ff2cdbd6fc30a48	50	3	194898	156.622	194898	156.494	60698	27.9463	unclassified	chr11	109757064	109817763	7	60698	-	60769	60621	60494	70	78	127	60	0.999885	0.997905	0.995475	0
PBC69394_skip_806a2b99_641f1589_143.pod5	7c7b8f7c-bb5f-4483-bfc8-6c717f788db2	641f15894b0cb45e826e64f30ff2cdbd6fc30a48	782	2	193949	182.151	193949	182.027	78530	25.8402	unclassified	chr14	100913801	100992354	0	78530	-	78669	78414	78328	116	139	86	60	1	0.998903	0.995665	0
PBC69394_skip_806a2b99_641f1589_143.pod5	4760af8a-1069-41ab-a4b8-b64a8dbdaf52	641f15894b0cb45e826e64f30ff2cdbd6fc30a48	70	3	193635	156.114	193635	156.112	58841	28.7312	unclassified	chr5	49992346	50053408	0	58819	-	61103	58778	56676	41	2284	2102	2	0.999626	0.964238	0.927549	0
PBC69394_skip_806a2b99_641f1589_143.pod5	8fa73585-9863-4d6c-941a-b658927a2888	641f15894b0cb45e826e64f30ff2cdbd6fc30a48	404	2	194963	175.327	194963	175.208	64544	27.4962	unclassified	chr6	146126054	146169153	21447	64544	-	43161	43035	42993	62	64	42	60	0.667715	0.999024	0.996108	0
PBC69394_skip_806a2b99_641f1589_143.pod5	ee99ecb4-bbc9-44aa-905e-e21fdc02c04d	641f15894b0cb45e826e64f30ff2cdbd6fc30a48	661	1	195200	124.52	195200	124.518	46430	15.7137	unclassified	chr13	69426825	69473400	0	46396	-	46938	46033	45341	363	542	692	60	0.999268	0.984967	0.965976	0
PBC69394_skip_806a2b99_641f1589_143.pod5	08b72d39-f057-4083-a8ac-a7b5757f7790	641f15894b0cb45e826e64f30ff2cdbd6fc30a48	782	2	194148	175.087	194148	175.085	74969	25.1677	unclassified	chr9	127222686	127297588	0	74890	-	75054	74738	74606	152	164	132	60	0.998946	0.998234	0.994031	0
PBC69394_skip_806a2b99_641f1589_143.pod5	2078b420-10ee-4900-a69a-354b4e4cbe27	641f15894b0cb45e826e64f30ff2cdbd6fc30a48	50	3	194579	254.96	194579	254.741	60450	27.913	unclassified	chr12	90542974	90603457	0	60443	+	60561	60365	60269	78	118	96	60	0.999884	0.99841	0.995178	0
PBC69394_skip_806a2b99_641f1589_143.pod5	734493a3-dc62-4c9c-be9f-6937c6be3477	641f15894b0cb45e826e64f30ff2cdbd6fc30a48	959	1	195110	147.054	195110	146.947	57254	29.7104	unclassified	chr9	74334642	74391853	8	57254	-	57306	57151	57108	95	60	43	60	0.99986	0.999248	0.996545	0
PBC69394_skip_806a2b99_641f1589_143.pod5	990d5674-70cb-44f3-bc05-96d5de6ed344	641f15894b0cb45e826e64f30ff2cdbd6fc30a48	326	4	195185	108.385	195185	108.383	50834	20.6064	unclassified	chr1	51401732	51452027	22	50277	+	50368	50182	50092	73	113	90	60	0.98861	0.998207	0.99452	0
PBC69394_skip_806a2b99_641f1589_143.pod5	e883ab02-dcbb-4e46-aa30-8e110347bb8e	641f15894b0cb45e826e64f30ff2cdbd6fc30a48	332	4	195022	238.452	195023	238.18	44332	29.2912	unclassified	chr10	43409588	43451867	0	44332	+	44362	42249	42169	2083	30	80	60	1	0.998106	0.950566	0
PBC69394_skip_806a2b99_641f1589_143.pod5	d477275d-aff2-4328-941d-104588114d53	641f15894b0cb45e826e64f30ff2cdbd6fc30a48	210	4	195279	149.24	195279	149.105	53239	29.2046	unclassified	chr8	65087106	65140333	0	53239	-	53273	53193	53130	46	34	63	60	1	0.998816	0.997316	0
PBC69394_skip_806a2b99_641f1589_143.pod5	f6dfdff8-be13-4a1c-9a78-d62b79742216	641f15894b0cb45e826e64f30ff2cdbd6fc30a48	665	1	194053	239.821	194053	239.714	96279	26.3986	unclassified	chr6	90187615	90283967	0	96275	+	96452	96175	96015	100	177	160	60	0.999958	0.998336	0.995469	0
PBC69394_skip_806a2b99_641f1589_143.pod5	01f89407-86d3-4b30-bfb2-119cb6012a30	641f15894b0cb45e826e64f30ff2cdbd6fc30a48	662	2	195059	157.337	195059	157.335	54746	26.3567	unclassified	chr3	162702771	162758392	32	54739	+	55724	54604	54460	103	1017	144	60	0.999288	0.997363	0.977317	0
PBC69394_skip_806a2b99_641f1589_143.pod5	93f4c892-db15-4356-a0e5-43136ed8ade4	641f15894b0cb45e826e64f30ff2cdbd6fc30a48	641	4	194313	301.708	194313	301.706	104634	24.1607	unclassified	chr11	106079065	106183766	7	104606	-	104910	104390	104097	209	311	293	60	0.999665	0.997193	0.992251	0
PBC69394_skip_806a2b99_641f1589_143.pod5	f30024e1-0343-4f82-a315-f68e338bec08	641f15894b0cb45e826e64f30ff2cdbd6fc30a48	59	1	194757	178.815	194757	178.813	67420	25.544	unclassified	chr11	119984691	120052038	37	67414	+	67461	67263	67151	114	84	112	60	0.999362	0.998335	0.995405	0
PBC69394_skip_806a2b99_641f1589_143.pod5	a0730860-8976-4987-b62f-11c8cef28a10	641f15894b0cb45e826e64f30ff2cdbd6fc30a48	806	3	194711	170.067	194711	169.985	65434	9.23251	unclassified	chr6	1704427	1756096	14925	65427	+	53139	49032	45902	1470	2637	3130	60	0.771801	0.936164	0.86381	0
PBC69394_skip_806a2b99_641f1589_143.pod5	a732312f-5ee2-445d-a6e9-caf7df4c7b91	641f15894b0cb45e826e64f30ff2cdbd6fc30a48	854	1	195127	187.268	195127	187.168	77641	28.4302	unclassified	chr2	54519343	54596969	6	77641	-	77753	77508	77381	127	118	127	60	0.999923	0.998361	0.995216	0
PBC69394_skip_806a2b99_641f1589_143.pod5	acdd0810-2290-4849-991a-16fedb0b21ea	641f15894b0cb45e826e64f30ff2cdbd6fc30a48	286	4	195518	117.655	195518	117.448	39369	11.1596	unclassified	chr20	40711243	40733225	0	21970	+	21999	21953	21896	17	29	57	60	0.558053	0.997404	0.995318	0
PBC69394_skip_806a2b99_641f1589_143.pod5	5dd2b770-df86-4709-9836-ff601f553b36	641f15894b0cb45e826e64f30ff2cdbd6fc30a48	969	4	195393	121.459	195393	121.457	51731	17.766	unclassified	chr6	6513151	6564731	4	51694	-	52094	51176	50737	514	404	439	60	0.999207	0.991422	0.973951	0
PBC69394_skip_806a2b99_641f1589_143.pod5	e47c0fd4-0efe-4662-9db8-a315aa9881ae	641f15894b0cb45e826e64f30ff2cdbd6fc30a48	97	3	195459	140.552	195460	140.422	53801	26.4452	unclassified	chr1	161102689	161156498	6	53801	-	53925	53679	53580	116	130	99	60	0.999888	0.998156	0.993602	0
PBC69394_skip_806a2b99_641f1589_143.pod5	a0314230-a141-4354-8b3b-5bf39a750dcc	641f15894b0cb45e826e64f30ff2cdbd6fc30a48	535	3	195566	121.388	195566	121.276	31788	26.0613	unclassified	chr17	5481696	5513396	14	31787	-	31823	31650	31532	123	50	118	60	0.999528	0.996272	0.990856	0
PBC69394_skip_806a2b99_641f1589_143.pod5	2ae52bb8-6b26-4c3f-9f98-7a8a7649ff29	641f15894b0cb45e826e64f30ff2cdbd6fc30a48	806	3	195058	240.48	195058	240.478	88761	9.61803	unclassified	chr2	226241566	226331516	28	88755	+	92652	86025	80693	2702	3925	5332	60	0.999617	0.938018	0.870926	0
PBC69394_skip_806a2b99_641f1589_143.pod5	e540d22b-3418-457e-a035-1a453fe9ab9c	641f15894b0cb45e826e64f30ff2cdbd6fc30a48	892	2	195476	131.153	195476	131.151	43604	26.8425	unclassified	chr21	46639561	46683030	37	43596	+	43654	43374	43288	185	95	86	60	0.998968	0.998017	0.991616	0
PBC69394_skip_806a2b99_641f1589_143.pod5	ca3888b0-f862-413c-b0e4-2361775b2d5a	641f15894b0cb45e826e64f30ff2cdbd6fc30a48	281	2	195537	149.053	195537	148.908	51426	26.6702	unclassified	chr3	140583232	140634642	0	51419	+	51471	51358	51280	61	52	78	60	0.999864	0.998481	0.996289	0
PBC69394_skip_806a2b99_641f1589_143.pod5	ca09d83c-3397-4ef0-95ed-ee142b0822b7	641f15894b0cb45e826e64f30ff2cdbd6fc30a48	407	2	195536	172.441	195536	172.255	56037	30.1893	unclassified	chr1	169865087	169921139	7	56037	-	56093	55989	55960	41	63	29	60	0.999875	0.999482	0.997629	0
PBC69394_skip_806a2b99_641f1589_143.pod5	295c5630-084a-4ec7-a21c-3c5a276063be	641f15894b0cb45e826e64f30ff2cdbd6fc30a48	535	3	195386	178.917	195386	178.915	66006	23.7537	unclassified	chr4	97567733	97633755	0	65969	-	66138	65853	65680	116	169	173	60	0.999439	0.997373	0.993075	0
PBC69394_skip_806a2b99_641f1589_143.pod5	4ed416fd-bd37-49cd-a7eb-47aa45c970a5	641f15894b0cb45e826e64f30ff2cdbd6fc30a48	97	3	195708	130.722	195708	130.585	51404	27.1938	unclassified	chr20	56772238	56812191	1	39852	+	40007	39797	39724	54	156	73	60	0.775251	0.998166	0.992926	0
PBC69394_skip_806a2b99_641f1589_143.pod5	397406b8-2324-4342-a4ed-9b79aaf4aa4e	641f15894b0cb45e826e64f30ff2cdbd6fc30a48	533	1	195368	175.735	195368	175.733	68207	27.1554	unclassified	chr2	26878978	26947108	11	68174	-	68260	68033	67927	130	97	106	60	0.999355	0.998442	0.995122	0
PBC69394_skip_806a2b99_641f1589_143.pod5	89cacea5-e881-4390-92c1-46c52eabe569	641f15894b0cb45e826e64f30ff2cdbd6fc30a48	407	2	195217	286.197	195217	286.087	77599	31.2532	unclassified	chr11	100714251	100791782	11	77599	-	77672	77447	77334	141	84	113	60	0.999858	0.998541	0.995648	0
PBC69394_skip_806a2b99_641f1589_143.pod5	c9442a88-ee89-4f86-87e5-9cf17a0dbdcc	641f15894b0cb45e826e64f30ff2cdbd6fc30a48	70	3	195029	232.221	195029	232.031	75557	22.9755	unclassified	chr3	55315209	55390823	0	75557	-	75786	75385	75199	172	229	186	60	1	0.997533	0.992254	0
PBC69394_skip_806a2b99_641f1589_143.pod5	a7f737f4-f913-4c93-9f7c-fb776d373936	641f15894b0cb45e826e64f30ff2cdbd6fc30a48	662	2	195276	201.614	195276	201.612	87518	17.5898	unclassified	chr16	66078010	66165568	9	87486	-	88189	86846	86034	631	712	812	60	0.999532	0.99065	0.975564	0
PBC69394_skip_806a2b99_641f1589_143.pod5	532bec0d-5667-4e89-aea5-2b28eff54698	641f15894b0cb45e826e64f30ff2cdbd6fc30a48	892	2	195774	126.742	195774	126.74	38436	24.5302	unclassified	chr11	47356154	47392588	19	38429	+	38528	36316	36206	2094	118	110	60	0.999324	0.996971	0.939732	0
PBC69394_skip_806a2b99_641f1589_143.pod5	db4cd5b2-79ea-4fcc-b60f-ae3ddf6da202	641f15894b0cb45e826e64f30ff2cdbd6fc30a48	346	1	195351	188.106	195351	188.104	67875	22.128	unclassified	chr11	34285568	34353406	42	67869	+	68080	67585	67268	242	253	317	60	0.999293	0.99531	0.988073	0
PBC69394_skip_806a2b99_641f1589_143.pod5	4d564c9d-9f68-4640-b892-3e5981cdc717	641f15894b0cb45e826e64f30ff2cdbd6fc30a48	661	1	195575	165.045	195575	165.043	63445	15.8643	unclassified	chr13	20176754	20240405	26	63441	+	64165	62901	62015	514	750	886	60	0.999527	0.985914	0.966493	0
PBC69394_skip_806a2b99_641f1589_143.pod5	08d453af-3225-495d-b31e-8b15038c0b65	641f15894b0cb45e826e64f30ff2cdbd6fc30a48	326	4	195923	138.144	195923	138.048	53730	26.6726	unclassified	chr3	99517025	99570779	6	53725	-	53813	53660	53563	59	94	97	60	0.999795	0.998192	0.995354	0
PBC69394_skip_806a2b99_641f1589_143.pod5	bf89bdb8-807f-4d5b-89c5-f5cd551728f1	641f15894b0cb45e826e64f30ff2cdbd6fc30a48	533	1	195598	197.991	195598	197.87	71617	27.4605	unclassified	chr3	192176879	192248515	0	71612	+	71723	71525	71430	87	111	95	60	0.99993	0.998672	0.995915	0
PBC69394_skip_806a2b99_641f1589_143.pod5	2db6502e-2643-4d57-9ebb-807b5452943f	641f15894b0cb45e826e64f30ff2cdbd6fc30a48	816	4	194730	354.085	194730	353.938	118112	13.7396	unclassified	chr10	121726137	121806572	38471	118103	+	81573	78494	76658	1138	1941	1836	60	0.674208	0.97661	0.939747	0
PBC69394_skip_806a2b99_641f1589_143.pod5	9b67ba63-9755-42c1-8f3b-8e57593473b1	641f15894b0cb45e826e64f30ff2cdbd6fc30a48	816	4	195681	159.569	195681	159.567	53980	13.9724	unclassified	chr9	23046427	23101070	17	53939	-	55301	53264	52076	658	1379	1188	60	0.998926	0.977696	0.941683	0
PBC69394_skip_806a2b99_641f1589_143.pod5	caae1ea5-5551-4b19-9162-7ca8b6fec8cc	641f15894b0cb45e826e64f30ff2cdbd6fc30a48	661	1	196171	152.181	196171	152.179	62863	13.7476	unclassified	chr10	115380471	115443601	0	62823	-	63941	62012	60660	811	1118	1352	60	0.999364	0.978198	0.948687	0
PBC69394_skip_806a2b99_641f1589_143.pod5	cca5eb11-b765-4987-bea2-a9e8e5d91826	641f15894b0cb45e826e64f30ff2cdbd6fc30a48	959	1	195480	166.484	195480	166.382	94018	24.2066	unclassified	chrX	135829053	135922830	28	94018	-	94309	93458	93017	532	319	441	60	0.999702	0.995281	0.9863	0
PBC69394_skip_806a2b99_641f1589_143.pod5	a661651c-59d7-44d7-97b9-c3708a2eb2aa	641f15894b0cb45e826e64f30ff2cdbd6fc30a48	662	2	195904	149.722	195904	149.491	53285	26.675	unclassified	chr5	115075164	115128483	0	53285	-	53386	53218	53062	67	101	156	60	1	0.997069	0.993931	0
PBC69394_skip_806a2b99_641f1589_143.pod5	deb6266d-e6da-4b5e-8b48-1d27c0be4ef4	641f15894b0cb45e826e64f30ff2cdbd6fc30a48	816	4	196063	121.05	196063	121.048	40413	14.2938	unclassified	chr3	87441786	87482026	4	40397	-	41057	39576	38708	817	664	868	60	0.999505	0.978068	0.942787	0
PBC69394_skip_806a2b99_641f1589_143.pod5	b474549b-01aa-478f-821c-50c33079c177	641f15894b0cb45e826e64f30ff2cdbd6fc30a48	346	1	196337	121.167	196337	120.976	41879	21.1327	unclassified	chr9	117270400	117312259	6	41879	-	42029	41703	41511	170	156	192	60	0.999857	0.995396	0.987675	0
PBC69394_skip_806a2b99_641f1589_143.pod5	2be98152-43d4-4020-b427-ed387913fdd3	641f15894b0cb45e826e64f30ff2cdbd6fc30a48	533	1	195953	156.978	195953	156.826	57091	26.6318	unclassified	chr8	126919745	126976818	6	57091	-	57243	56915	56780	170	158	135	60	0.999895	0.997628	0.991912	0
PBC69394_skip_806a2b99_641f1589_143.pod5	4406aac6-7fdf-472b-867a-9cd3ef9a924c	641f15894b0cb45e826e64f30ff2cdbd6fc30a48	429	1	194819	298.378	194819	298.294	117391	26.119	unclassified	chr9	76268219	76388003	0	117390	+	120057	117117	116887	273	2667	230	60	0.999991	0.998036	0.973596	0
PBC69394_skip_806a2b99_641f1589_143.pod5	55a3ba2e-c24e-4733-9e2e-39f1192d4ed1	641f15894b0cb45e826e64f30ff2cdbd6fc30a48	439	3	195823	184.071	195823	183.908	57952	26.4699	unclassified	chr6	98454978	98512930	6	57952	-	58032	57866	57766	80	86	100	60	0.999896	0.998272	0.995416	0
PBC69394_skip_806a2b99_641f1589_143.pod5	5008f9e0-6500-43db-b5b4-e74562e13c57	641f15894b0cb45e826e64f30ff2cdbd6fc30a48	665	1	195995	178.888	195995	178.657	72102	28.6417	unclassified	chr13	62079803	62120270	31635	72102	-	40500	40434	40361	33	33	73	60	0.561247	0.998195	0.996568	0
PBC69394_skip_806a2b99_641f1589_143.pod5	8748edb8-85b8-4574-a26b-136e9524f7b5	641f15894b0cb45e826e64f30ff2cdbd6fc30a48	97	3	197024	127.605	197024	127.489	50254	29.2416	unclassified	chr1	66945470	66995763	5	50254	-	50325	50217	50170	32	76	47	60	0.999901	0.999064	0.99692	0
PBC69394_skip_806a2b99_641f1589_143.pod5	0f905d13-e1af-4de7-a5e4-4adaa6ef5597	641f15894b0cb45e826e64f30ff2cdbd6fc30a48	439	3	196213	176.98	196213	176.744	47442	28.7717	unclassified	chr13	103095454	103142875	8	47442	-	47475	47380	47324	54	41	56	60	0.999831	0.998818	0.996819	0
PBC69394_skip_806a2b99_641f1589_143.pod5	2048ee06-1418-4e13-9c4b-f9f50254225d	641f15894b0cb45e826e64f30ff2cdbd6fc30a48	97	3	196056	156.049	196056	155.939	62728	25.7936	unclassified	chr18	59382157	59444899	1	62722	+	62844	62619	62477	102	123	142	60	0.999888	0.997732	0.99416	0
PBC69394_skip_806a2b99_641f1589_143.pod5	ae43b374-14dc-4d9e-8961-df5b921fb3e1	641f15894b0cb45e826e64f30ff2cdbd6fc30a48	806	3	196239	143.098	196239	143.096	69929	10.0815	unclassified	chr2	63281299	63352854	37	69923	+	73191	68250	64512	1636	3305	3738	60	0.999385	0.945231	0.88142	0
PBC69394_skip_806a2b99_641f1589_143.pod5	e5a1b70f-142e-490b-8cca-579223ff66e5	641f15894b0cb45e826e64f30ff2cdbd6fc30a48	892	2	196278	145.591	196278	145.366	50347	26.4631	unclassified	chr17	46648616	46699122	0	50340	+	50578	50268	50173	72	238	95	17	0.999861	0.99811	0.991993	0
PBC69394_skip_806a2b99_641f1589_143.pod5	353566d9-7de2-4dcf-9c3c-0856a580a952	641f15894b0cb45e826e64f30ff2cdbd6fc30a48	533	1	196324	166.994	196324	166.856	60114	28.7522	unclassified	chr2	165312214	165372331	0	60105	+	60162	60060	60007	45	57	53	60	0.99985	0.999118	0.997424	0
PBC69394_skip_806a2b99_641f1589_143.pod5	edb2036e-2a09-44e0-865d-f6b448e574eb	641f15894b0cb45e826e64f30ff2cdbd6fc30a48	404	2	196309	168.698	196309	168.553	62425	25.4512	unclassified	chr11	76835803	76898175	4	62425	-	62533	62260	62136	161	112	124	60	0.999936	0.998008	0.993651	0
PBC69394_skip_806a2b99_641f1589_143.pod5	472869f9-c594-4048-96ae-c8fccff291a5	641f15894b0cb45e826e64f30ff2cdbd6fc30a48	416	4	197074	146.25	197075	146.051	52840	25.0814	unclassified	chr4	34844146	34882436	14405	52840	-	38480	38245	38199	190	45	46	60	0.727385	0.998797	0.992697	0
PBC69394_skip_806a2b99_641f1589_143.pod5	2ff812b9-dcb6-4800-8000-cbffcd595c76	641f15894b0cb45e826e64f30ff2cdbd6fc30a48	806	3	196928	127.296	196928	127.18	51184	16.9077	unclassified	chr11	52941346	52960467	32076	51184	-	19161	19068	18670	40	53	398	7	0.37332	0.979127	0.974375	0
PBC69394_skip_806a2b99_641f1589_143.pod5	7968b130-dc58-411d-b063-94cba08ac371	641f15894b0cb45e826e64f30ff2cdbd6fc30a48	586	1	196996	146.382	196996	146.38	33031	20.6319	unclassified	chr1	229523493	229556448	9	32993	-	33129	32810	32680	174	145	130	60	0.998577	0.996038	0.986447	0
PBC69394_skip_806a2b99_641f1589_143.pod5	2402bfa9-72b0-4556-b40a-23529e595cae	641f15894b0cb45e826e64f30ff2cdbd6fc30a48	641	4	195778	232.518	195778	232.378	75841	22.6995	unclassified	chr8	46409957	46486216	2	75841	-	76416	75682	75397	157	577	285	60	0.999974	0.996234	0.986665	0
PBC69394_skip_806a2b99_641f1589_143.pod5	6cc8250e-38ba-4ec2-8f6e-bb2786122d88	641f15894b0cb45e826e64f30ff2cdbd6fc30a48	465	3	197434	147.18	197435	147.046	55737	25.7518	unclassified	chr7	88903429	88959168	0	55729	+	55803	55665	55600	64	74	65	60	0.999856	0.998832	0.996362	0
PBC69394_skip_806a2b99_641f1589_143.pod5	45647219-341f-49c9-b709-edd8980faf71	641f15894b0cb45e826e64f30ff2cdbd6fc30a48	820	2	197414	120.2	197414	120.108	23677	8.8843	unclassified	chr1	189471482	189474594	0	3101	+	3116	3097	2933	4	15	164	1	0.130971	0.947046	0.941271	0
PBC69394_skip_806a2b99_641f1589_143.pod5	6251af62-9543-4b25-8ade-20db5e3ebba0	641f15894b0cb45e826e64f30ff2cdbd6fc30a48	286	4	195132	316.048	195132	315.829	114077	27.0302	unclassified	chr7	130405842	130519890	6	114077	-	114215	113904	113742	167	144	162	60	0.999947	0.998578	0.995859	0
PBC69394_skip_806a2b99_641f1589_143.pod5	457e707f-49b7-4f40-8cce-6e327654b5ed	641f15894b0cb45e826e64f30ff2cdbd6fc30a48	535	3	195961	143.562	195961	143.438	46203	11.5462	unclassified	chr19	17510271	17546957	0	36676	+	36765	36597	36532	79	89	65	60	0.793801	0.998224	0.993662	0
PBC69394_skip_806a2b99_641f1589_143.pod5	aef33aa2-28f7-4140-a268-cdecda733e90	641f15894b0cb45e826e64f30ff2cdbd6fc30a48	286	4	196260	186.735	196260	186.568	66327	28.3682	unclassified	chr10	77247744	77314102	0	66321	+	66404	66275	66177	46	83	98	60	0.99991	0.998521	0.996582	0
PBC69394_skip_806a2b99_641f1589_143.pod5	54e7a02d-3b91-4272-95e7-ef2296a173b6	641f15894b0cb45e826e64f30ff2cdbd6fc30a48	923	3	195660	204.618	195660	204.499	79820	15.6454	unclassified	chr9	42046624	42126827	6	79820	-	80938	79079	77719	735	1124	1360	60	0.999925	0.982802	0.960229	0
PBC69394_skip_806a2b99_641f1589_143.pod5	e51a6e79-843d-4e03-8ce2-4a7d892fb2ec	641f15894b0cb45e826e64f30ff2cdbd6fc30a48	586	1	197337	207.234	197337	207.034	40361	15.7284	unclassified	chr7	73270523	73310581	0	40361	-	40747	39672	39223	689	386	449	60	1	0.988682	0.962599	0
PBC69394_skip_806a2b99_641f1589_143.pod5	5a0945b4-4430-4094-a64c-e854e4bcbc62	641f15894b0cb45e826e64f30ff2cdbd6fc30a48	911	3	197727	142.135	197727	141.985	47481	27.7238	unclassified	chr10	59042996	59090461	0	47476	+	47519	47422	47379	54	43	43	60	0.999895	0.999093	0.997054	0
PBC69394_skip_806a2b99_641f1589_143.pod5	b358f2a2-56c2-4b78-ac48-c703d2f0475d	641f15894b0cb45e826e64f30ff2cdbd6fc30a48	937	3	197788	113.62	197788	113.618	43453	7.9136	unclassified	chr18	69456568	69495115	5612	43420	-	40347	36008	32868	1800	2539	3140	60	0.87009	0.912797	0.814633	0
PBC69394_skip_806a2b99_641f1589_143.pod5	79962358-6c48-4158-bc5a-4ae8610d5b80	641f15894b0cb45e826e64f30ff2cdbd6fc30a48	108	1	195990	234.639	195990	234.637	71136	9.85201	unclassified	chr5	179691197	179763253	24	71115	+	74276	68871	64159	2220	3185	4712	60	0.999367	0.931582	0.863792	0
PBC69394_skip_806a2b99_641f1589_143.pod5	3e1c41ed-b101-45bb-b248-05f388d50974	641f15894b0cb45e826e64f30ff2cdbd6fc30a48	854	1	195783	203.223	195783	203.126	87624	39.2006	unclassified	chr1	123427105	123439463	74907	87617	+	12722	12346	11291	364	12	1055	13	0.145052	0.914547	0.887518	0
PBC69394_skip_806a2b99_641f1589_143.pod5	0a4e59b6-a4a5-4e76-81f1-6eae25dd1b6f	641f15894b0cb45e826e64f30ff2cdbd6fc30a48	50	3	197961	147.843	197961	147.733	56106	26.7903	unclassified	chr8	7361326	7417451	5	56106	-	56192	56034	55947	67	91	87	60	0.999911	0.998447	0.99564	0
PBC69394_skip_806a2b99_641f1589_143.pod5	f7ac2b44-6455-490a-95a3-78f8aa955283	641f15894b0cb45e826e64f30ff2cdbd6fc30a48	806	3	197436	164.599	197436	164.597	64522	9.94415	unclassified	chr6	44414200	44469456	7	54493	-	56918	52824	49836	1662	2432	2988	60	0.844456	0.943435	0.875575	0
PBC69394_skip_806a2b99_641f1589_143.pod5	63d3d2a1-57a4-4d0f-8788-a1ebc9e6e157	641f15894b0cb45e826e64f30ff2cdbd6fc30a48	820	2	197723	149.566	197723	149.564	54983	24.3431	unclassified	chr21	28780078	28834709	570	54950	-	54725	54286	54119	94	345	167	60	0.989033	0.996924	0.988926	0
PBC69394_skip_806a2b99_641f1589_143.pod5	600b5fc3-b623-4c61-b9f5-e060cf3aad06	641f15894b0cb45e826e64f30ff2cdbd6fc30a48	969	1	199214	121.072	199214	121.07	50662	16.504	unclassified	chr15	94515177	94565970	21	50659	+	51238	50193	49570	445	600	623	60	0.999526	0.987588	0.967446	0
PBC69394_skip_806a2b99_641f1589_143.pod5	a3ddaeba-4dba-40aa-97b1-254ddeba723d	641f15894b0cb45e826e64f30ff2cdbd6fc30a48	820	2	197873	136.6	197873	136.598	38025	27.5204	unclassified	chr12	59042130	59080084	34	38000	+	38011	37909	37825	57	45	84	60	0.998448	0.997784	0.995107	0
PBC69394_skip_806a2b99_641f1589_143.pod5	e7d4e4ce-9d17-481e-8243-7f6962bcf8cf	641f15894b0cb45e826e64f30ff2cdbd6fc30a48	439	3	199127	124.393	199128	124.264	48082	30.5865	unclassified	chr5	26830369	26878395	0	48075	+	48132	47969	47884	106	57	85	60	0.999854	0.998228	0.994847	0
PBC69394_skip_806a2b99_641f1589_143.pod5	d87ff7ae-d2b1-4132-a7c8-3a5c98b2d0cc	641f15894b0cb45e826e64f30ff2cdbd6fc30a48	911	3	197419	226.724	197419	226.538	76587	28.2684	unclassified	chr6	151726648	151803203	0	76580	+	76649	76486	76354	94	69	132	60	0.999909	0.998274	0.996151	0
PBC69394_skip_806a2b99_641f1589_143.pod5	3e0a22a8-2fd8-4589-919c-79cde3bfd2ec	641f15894b0cb45e826e64f30ff2cdbd6fc30a48	806	3	198579	130.967	198579	130.965	39620	7.8021	unclassified	chr6	56576951	56609398	28	31729	+	33202	30946	29253	755	1501	1693	60	0.800126	0.945292	0.881061	0
PBC69394_skip_806a2b99_641f1589_143.pod5	66143dfd-0a89-4fe7-8c1e-42c07df775ee	641f15894b0cb45e826e64f30ff2cdbd6fc30a48	665	1	196394	144.327	196394	144.226	57865	27.6113	unclassified	chr11	60260711	60318577	0	57862	+	57939	57789	57695	73	77	94	60	0.999948	0.998373	0.995789	0
PBC69394_skip_806a2b99_641f1589_143.pod5	c06871a8-7091-4b22-a63c-fcd05378375f	641f15894b0cb45e826e64f30ff2cdbd6fc30a48	923	3	196322	151.764	196323	151.634	62180	29.967	unclassified	chrY	11311148	11319358	11722	20097	-	8795	7790	6825	585	420	965	60	0.13469	0.876123	0.776009	0
PBC69394_skip_806a2b99_641f1589_143.pod5	f56e0884-b12c-467d-bc5e-b2d211cd080b	641f15894b0cb45e826e64f30ff2cdbd6fc30a48	579	1	198841	155.252	198841	155.081	39805	19.879	unclassified	chr2	144452119	144491843	7	39805	-	39948	39574	39424	224	150	150	60	0.999824	0.99621	0.986883	0
PBC69394_skip_806a2b99_641f1589_143.pod5	7e36ebf5-5733-4245-b91f-4a56fab76a17	641f15894b0cb45e826e64f30ff2cdbd6fc30a48	854	1	197615	219.586	197615	219.49	94376	29.7917	unclassified	chr1	118322230	118414065	0	94370	+	94576	91629	91490	2741	206	139	60	0.999936	0.998483	0.96737	0
PBC69394_skip_806a2b99_641f1589_143.pod5	02349f08-dfd9-46cb-997a-9143424fdf8f	641f15894b0cb45e826e64f30ff2cdbd6fc30a48	579	1	198626	137.307	198626	137.128	42748	20.8659	unclassified	chr5	147437964	147480827	0	42748	-	42970	42641	42447	107	222	194	60	1	0.99545	0.987829	0
PBC69394_skip_806a2b99_641f1589_143.pod5	9d329546-8b9a-45c5-90ce-6697a29ce5ce	641f15894b0cb45e826e64f30ff2cdbd6fc30a48	439	3	199586	130.258	199587	130.082	48858	28.5392	unclassified	chr5	45179103	45227969	0	48853	+	48901	48818	48787	35	48	31	60	0.999898	0.999365	0.997669	0
PBC69394_skip_806a2b99_641f1589_143.pod5	79f620d0-d950-43f2-8120-9dd4dae64562	641f15894b0cb45e826e64f30ff2cdbd6fc30a48	969	1	197616	247.646	197616	247.644	85309	15.1505	unclassified	chr4	58829176	58878742	0	49326	-	50205	48687	47744	639	879	943	60	0.578204	0.980631	0.950981	0
PBC69394_skip_806a2b99_641f1589_143.pod5	fe2799b7-0f29-4321-939b-b0fef8bdccb6	641f15894b0cb45e826e64f30ff2cdbd6fc30a48	969	1	199781	121.832	199781	121.83	46333	20.5699	unclassified	chr10	89692024	89738369	43	46323	+	46543	46082	45766	198	263	316	60	0.998856	0.993143	0.983306	0
PBC69394_skip_806a2b99_641f1589_143.pod5	2d31e66b-4dea-4e64-b3f1-dc462b8cb21e	641f15894b0cb45e826e64f30ff2cdbd6fc30a48	108	1	196310	262.64	196310	262.638	79513	9.11862	unclassified	chr11	95433587	95514370	35	79509	+	83679	76578	70460	2896	4205	6118	60	0.99951	0.920108	0.842027	0
PBC69394_skip_806a2b99_641f1589_143.pod5	f236375f-9916-4111-8c58-b0c1ab51cad9	641f15894b0cb45e826e64f30ff2cdbd6fc30a48	854	1	199957	14.8056	199957	14.7012	6293	27.0311	unclassified	chr1	38482929	38489120	0	6283	+	6296	6178	6168	105	13	10	60	0.998411	0.998381	0.97967	0
PBC69394_skip_806a2b99_641f1589_143.pod5	50072fc2-bc65-43ce-b3df-da6c061cfcee	641f15894b0cb45e826e64f30ff2cdbd6fc30a48	97	3	198069	207.378	198069	207.281	81879	28.7625	unclassified	chr13	74745113	74816955	8521	81879	-	73445	71755	71653	1603	87	102	60	0.895932	0.998578	0.975601	0
PBC69394_skip_806a2b99_641f1589_143.pod5	2314c6b7-b4d7-4f63-90b5-778405ee8b00	641f15894b0cb45e826e64f30ff2cdbd6fc30a48	579	1	198212	175.892	198212	175.726	59264	20.2578	unclassified	chr1	93282868	93328081	5	45041	-	45321	44928	44680	108	285	248	60	0.759922	0.99448	0.985856	0
PBC69394_skip_806a2b99_641f1589_143.pod5	14ae782a-7a8a-4cc0-bd62-a44a06bfee90	641f15894b0cb45e826e64f30ff2cdbd6fc30a48	416	4	197550	136.647	197550	136.538	50412	30.2705	unclassified	chr16	69643729	69685170	0	41433	-	41483	41391	41347	42	50	44	60	0.821888	0.998937	0.996722	0
PBC69394_skip_806a2b99_641f1589_143.pod5	c3eaed12-4d05-4216-a679-afc181e27910	641f15894b0cb45e826e64f30ff2cdbd6fc30a48	50	3	199511	134.69	199511	134.528	51420	27.885	unclassified	chr4	130631672	130683100	0	51412	+	51487	51353	51221	59	75	132	60	0.999844	0.99743	0.994834	0
PBC69394_skip_806a2b99_641f1589_143.pod5	bbbac74e-8bde-40aa-b571-0c1f2a57c558	641f15894b0cb45e826e64f30ff2cdbd6fc30a48	658	4	199840	255.337	199840	255.046	39338	14.0984	unclassified	chr2	81550214	81588784	9	39338	-	39619	38280	37865	1049	290	415	60	0.999771	0.989159	0.955728	0
PBC69394_skip_806a2b99_641f1589_143.pod5	44c3137e-2f2c-47d1-8bc9-c07f0e2560e5	641f15894b0cb45e826e64f30ff2cdbd6fc30a48	439	3	199870	121.893	199870	121.744	41656	29.4644	unclassified	chr15	68856774	68898453	5	41656	-	41723	41607	41546	44	72	61	60	0.99988	0.998534	0.995758	0
PBC69394_skip_806a2b99_641f1589_143.pod5	6dfe4e22-cfda-4c6b-adf8-ae43c9ced629	641f15894b0cb45e826e64f30ff2cdbd6fc30a48	854	1	198689	137.82	198689	137.663	59690	27.4089	unclassified	chr10	82522346	82582046	0	59680	+	59761	59619	59526	61	81	93	60	0.999832	0.99844	0.996068	0
PBC69394_skip_806a2b99_641f1589_143.pod5	c188f9ba-1956-416e-b622-6d00748d7b28	641f15894b0cb45e826e64f30ff2cdbd6fc30a48	686	1	200043	208.438	200043	208.436	44297	2.60039	unclassified	*	-1	-1	-1	-1	*	0	0	0	0	0	0	0	0	0	0	0
PBC69394_skip_806a2b99_641f1589_143.pod5	ef9214d7-726f-4331-8de5-59c3c94bfaa1	641f15894b0cb45e826e64f30ff2cdbd6fc30a48	346	1	195659	188.683	195659	188.495	63519	30.1033	unclassified	chr17	26565180	26617386	15362	63511	+	52727	47628	45715	521	4578	1913	1	0.758025	0.959835	0.867013	0
PBC69394_skip_806a2b99_641f1589_143.pod5	fbc15977-b1fa-4853-8049-793d3b265bbe	641f15894b0cb45e826e64f30ff2cdbd6fc30a48	854	1	199972	159.02	199972	158.851	67991	29.9728	unclassified	chr9	11851734	11919700	0	67981	+	68057	67890	67801	91	76	89	60	0.999853	0.998689	0.996238	0
PBC69394_skip_806a2b99_641f1589_143.pod5	bcfb16d5-1218-4dc2-9de6-28c37b173b9a	641f15894b0cb45e826e64f30ff2cdbd6fc30a48	854	1	197133	275.43	197133	275.306	116437	24.7668	unclassified	chr7	28571329	28687683	0	116428	+	116643	116139	115889	289	215	250	60	0.999923	0.997847	0.993536	0
PBC69394_skip_806a2b99_641f1589_143.pod5	723d21b8-f116-4d7a-a3d0-1ec98f05da8a	641f15894b0cb45e826e64f30ff2cdbd6fc30a48	911	3	199704	184.632	199704	184.496	59273	27.6999	unclassified	chr2	2728005	2786826	0	59269	+	59583	58507	58316	762	314	191	60	0.999933	0.996735	0.978736	0
PBC69394_skip_806a2b99_641f1589_143.pod5	cd334f8d-13b5-4cdd-ac00-2742f32439ac	641f15894b0cb45e826e64f30ff2cdbd6fc30a48	579	1	197983	220.473	197983	220.471	68665	21.2666	unclassified	chr21	30919157	30987954	6	68637	-	68971	68457	68201	174	340	256	60	0.999505	0.99626	0.988836	0
PBC69394_skip_806a2b99_641f1589_143.pod5	ee702b2d-72b7-4b83-819e-4abeb03ec479	641f15894b0cb45e826e64f30ff2cdbd6fc30a48	765	1	198417	225.037	198417	224.94	89440	26.8509	unclassified	chr7	27908616	27998115	0	89438	+	89584	89353	89186	85	146	167	60	0.999978	0.998131	0.995557	0
PBC69394_skip_806a2b99_641f1589_143.pod5	197f8949-aae9-484a-a7e3-bdd021372e9b	641f15894b0cb45e826e64f30ff2cdbd6fc30a48	911	3	200178	145.591	200178	145.589	55804	25.9506	unclassified	chr8	41322656	41359130	35	36590	+	36642	36387	36311	168	87	76	60	0.655061	0.997911	0.990967	0
PBC69394_skip_806a2b99_641f1589_143.pod5	cbcce645-3b01-454f-a054-e29dff77297d	641f15894b0cb45e826e64f30ff2cdbd6fc30a48	688	4	197404	253.306	197404	253.222	130597	24.8973	unclassified	chr6	107974542	108105275	6	130597	-	130977	130347	130045	244	386	302	60	0.999954	0.997683	0.992884	0
PBC69394_skip_806a2b99_641f1589_143.pod5	f9ccee25-cb74-438c-9838-ef901e79291c	641f15894b0cb45e826e64f30ff2cdbd6fc30a48	579	1	200137	136.069	200137	135.908	42708	18.0055	unclassified	chr3	48996250	49039125	0	42704	+	43098	42481	42161	223	394	320	60	0.999906	0.992467	0.978259	0
PBC69394_skip_806a2b99_641f1589_143.pod5	82a0a519-2e3b-46cf-aa9b-84476f74e958	641f15894b0cb45e826e64f30ff2cdbd6fc30a48	579	1	200693	124.37	200693	124.368	40033	20.0074	unclassified	chrX	139623282	139661214	5	37868	-	38087	37708	37498	155	224	210	60	0.945795	0.994431	0.984535	0
PBC69394_skip_806a2b99_641f1589_143.pod5	255ffbfc-3ec0-4636-ae0c-12033a290268	641f15894b0cb45e826e64f30ff2cdbd6fc30a48	911	3	200875	131.847	200875	131.734	43653	27.1645	unclassified	chr9	18336014	18379689	0	43653	+	43729	43599	43521	54	76	78	60	1	0.998211	0.995243	0
PBC69394_skip_806a2b99_641f1589_143.pod5	23d7c3c5-c8a5-4658-9f46-53fa4b5f8b4b	641f15894b0cb45e826e64f30ff2cdbd6fc30a48	969	1	199489	186.025	199489	185.827	71972	16.6336	unclassified	chr9	121601494	121673688	0	71964	+	72765	71393	70544	571	801	849	60	0.999889	0.988108	0.969477	0
PBC69394_skip_806a2b99_641f1589_143.pod5	03af4eb1-05e6-4deb-96ac-3348db0a7ad8	641f15894b0cb45e826e64f30ff2cdbd6fc30a48	854	1	201694	142.369	201694	142.142	29194	26.1611	unclassified	chr3	151139137	151168284	0	29187	+	29205	29129	29107	58	18	22	60	0.99976	0.999245	0.996644	0
PBC69394_skip_806a2b99_641f1589_143.pod5	cc1cb212-f518-44cb-83a7-a292d74f3663	641f15894b0cb45e826e64f30ff2cdbd6fc30a48	911	3	198675	250.597	198675	250.463	111254	15.0983	unclassified	chr2	197776707	197834487	0	57715	+	58028	57467	57203	248	313	264	60	0.518768	0.995406	0.985783	0
PBC69394_skip_806a2b99_641f1589_143.pod5	bbadb85b-c364-4488-9727-901635f13dbd	641f15894b0cb45e826e64f30ff2cdbd6fc30a48	439	3	200119	137.238	200119	137.081	52561	42.2149	unclassified	chr1	122517301	122524118	16274	23091	-	6818	6816	6492	1	1	324	1	0.129697	0.952465	0.952185	0
PBC69394_skip_806a2b99_641f1589_143.pod5	d47608e2-454d-4427-a6f6-ae0d12d247ec	641f15894b0cb45e826e64f30ff2cdbd6fc30a48	108	1	195622	361.623	195622	361.621	110443	9.09367	unclassified	chr6	83307257	83419580	7	110422	-	116233	106505	98048	3910	5818	8457	60	0.999747	0.920595	0.843547	0
PBC69394_skip_806a2b99_641f1589_143.pod5	9992cb08-64a0-4846-89ba-b62a13420252	641f15894b0cb45e826e64f30ff2cdbd6fc30a48	579	1	201623	121.188	201623	121.117	40035	20.5286	unclassified	chr1	20699525	20723368	0	23719	+	23902	23660	23542	59	183	118	60	0.592457	0.995013	0.984939	0
PBC69394_skip_806a2b99_641f1589_143.pod5	dc857a5b-7d4f-4587-93b9-e24933c58f5d	641f15894b0cb45e826e64f30ff2cdbd6fc30a48	439	3	201092	124.269	201092	124.182	47378	29.1135	unclassified	chr8	8461884	8509249	5	47378	-	47426	47312	47186	61	53	126	60	0.999894	0.997337	0.99494	0
PBC69394_skip_806a2b99_641f1589_143.pod5	415a46c5-3174-426a-bca8-785fb9f8cf14	641f15894b0cb45e826e64f30ff2cdbd6fc30a48	969	1	200914	114.817	200914	114.667	42929	19.2004	unclassified	chr2	43059367	43102229	0	42929	-	43194	42597	42268	332	265	329	60	1	0.992276	0.978562	0
PBC69394_skip_806a2b99_641f1589_143.pod5	61cca53c-1055-4132-81cc-937983dba7f9	641f15894b0cb45e826e64f30ff2cdbd6fc30a48	658	4	200342	178.415	200342	178.413	72227	17.897	unclassified	chr4	114971504	115043764	5	72191	-	72755	71691	71084	495	569	607	60	0.999432	0.991533	0.977032	0
PBC69394_skip_806a2b99_641f1589_143.pod5	a7313d26-189b-4c80-a0f7-223e6af1e5cd	641f15894b0cb45e826e64f30ff2cdbd6fc30a48	937	3	200622	146.004	200622	146.002	54550	9.08609	unclassified	chr19	34450189	34506240	2	54518	-	57709	52858	49037	1658	3193	3821	60	0.999377	0.927712	0.849729	0
PBC69394_skip_806a2b99_641f1589_143.pod5	65899807-b295-49bf-bb91-2d1046fa521f	641f15894b0cb45e826e64f30ff2cdbd6fc30a48	439	3	201261	148.305	201261	148.194	57111	31.1119	unclassified	chr13	97496043	97553176	0	57104	+	57161	57076	56998	28	57	78	60	0.999877	0.998633	0.997148	0
PBC69394_skip_806a2b99_641f1589_143.pod5	93ca6549-5016-4466-9714-c4c681e3ad2a	641f15894b0cb45e826e64f30ff2cdbd6fc30a48	946	1	198266	279.384	198267	279.266	120920	24.7499	unclassified	chr1	6568972	6690018	5	120920	-	121215	120746	120530	169	300	216	60	0.999959	0.998211	0.994349	0
PBC69394_skip_806a2b99_641f1589_143.pod5	82cc7c72-8932-4f16-bc9a-1ac42cc72846	641f15894b0cb45e826e64f30ff2cdbd6fc30a48	658	4	200854	158.938	200854	158.936	61771	18.1962	unclassified	chr5	62498619	62560436	7	61731	-	62188	61353	60854	371	464	499	60	0.999239	0.991867	0.978549	0
PBC69394_skip_806a2b99_641f1589_143.pod5	79fffa98-c542-4fd2-8d12-1aeaad8b531f	641f15894b0cb45e826e64f30ff2cdbd6fc30a48	411	2	195861	744.095	195861	744.093	227311	5.29016	unclassified	chr10	41904748	41911718	54356	61201	+	6995	6820	5884	25	150	936	11	0.0301129	0.862757	0.841172	0
PBC69394_skip_806a2b99_641f1589_143.pod5	9c066cd7-83c0-4faf-aa8f-0ca5bf3d44bd	641f15894b0cb45e826e64f30ff2cdbd6fc30a48	227	2	201882	197.929	201882	197.927	35803	6.84307	unclassified	chr6	116516121	116532649	18770	35761	-	17857	15662	14243	1329	866	1419	60	0.474569	0.909399	0.797614	0
PBC69394_skip_806a2b99_641f1589_143.pod5	c3ef9036-f377-4149-81d1-d84dab408773	641f15894b0cb45e826e64f30ff2cdbd6fc30a48	854	1	201268	142.688	201268	142.351	60470	30.8921	unclassified	chr16	7769036	7829513	0	60464	+	60533	60408	60259	56	69	149	60	0.999901	0.997533	0.995474	0
PBC69394_skip_806a2b99_641f1589_143.pod5	139b1319-c747-4f9d-99d3-974802f812dc	641f15894b0cb45e826e64f30ff2cdbd6fc30a48	686	1	202059	149.651	202059	149.649	30378	2.634	unclassified	*	-1	-1	-1	-1	*	0	0	0	0	0	0	0	0	0	0	0
PBC69394_skip_806a2b99_641f1589_143.pod5	ddff3edf-0869-4654-a6b8-57912d2ede6f	641f15894b0cb45e826e64f30ff2cdbd6fc30a48	911	3	201502	128.541	201502	128.539	40716	23.4696	unclassified	chr9	267807	308478	5	40643	-	40761	40548	40426	90	123	122	60	0.998084	0.996991	0.991781	0
PBC69394_skip_806a2b99_641f1589_143.pod5	c2b94ff6-d1f0-4db5-ab47-92cb333fa860	641f15894b0cb45e826e64f30ff2cdbd6fc30a48	97	3	201282	159.024	201282	158.948	60877	27.6377	unclassified	chr1	172714448	172775353	0	60877	+	60954	60828	60763	49	77	65	60	1	0.998931	0.996866	0
PBC69394_skip_806a2b99_641f1589_143.pod5	45b3b5ab-87db-4d03-aa63-f8a074162b65	641f15894b0cb45e826e64f30ff2cdbd6fc30a48	579	1	201814	126.684	201814	126.682	40487	20.6215	unclassified	chr5	25261518	25302022	35	40480	+	40636	40313	40131	132	191	182	60	0.998963	0.995485	0.987573	0
PBC69394_skip_806a2b99_641f1589_143.pod5	de6bc57a-958b-40f7-a6da-c9074ba9ebd4	641f15894b0cb45e826e64f30ff2cdbd6fc30a48	911	3	199103	263.575	199103	263.404	81223	21.4399	unclassified	chr8	10504687	10582164	3743	81207	+	77784	77157	76725	307	320	432	60	0.95372	0.994401	0.986385	0
PBC69394_skip_806a2b99_641f1589_143.pod5	7d4fc9e6-4b01-4926-a7ec-5c72d874359a	641f15894b0cb45e826e64f30ff2cdbd6fc30a48	439	3	202127	123.627	202127	123.418	47332	30.7772	unclassified	chr6	103118975	103166326	9	47332	-	47384	47290	47205	33	61	85	60	0.99981	0.998203	0.996222	0
PBC69394_skip_806a2b99_641f1589_143.pod5	7276e07a-ca02-4c00-b489-45afbb008afd	641f15894b0cb45e826e64f30ff2cdbd6fc30a48	97	3	200199	176.044	200199	176.042	54370	15.604	unclassified	chr9	84400078	84453671	631	54340	-	54237	53065	52495	644	528	570	60	0.987843	0.989258	0.967882	0
PBC69394_skip_806a2b99_641f1589_143.pod5	83c81d47-b4c9-41e2-b013-bde94af6a4f7	641f15894b0cb45e826e64f30ff2cdbd6fc30a48	579	1	202071	123.436	202071	123.308	39483	21.8966	unclassified	chr12	68765481	68804968	7	39483	-	39631	39332	39173	144	155	159	60	0.999823	0.995957	0.988443	0
PBC69394_skip_806a2b99_641f1589_143.pod5	9b2867b6-bfa1-4930-8997-2a40755a58d5	641f15894b0cb45e826e64f30ff2cdbd6fc30a48	686	1	200314	349.328	200314	349.326	76197	2.60653	unclassified	*	-1	-1	-1	-1	*	0	0	0	0	0	0	0	0	0	0	0
PBC69394_skip_806a2b99_641f1589_143.pod5	fbc2106b-01b4-479b-9bb1-370ea0af5036	641f15894b0cb45e826e64f30ff2cdbd6fc30a48	658	4	201279	169.52	201279	169.404	68387	17.3906	unclassified	chr16	8707691	8775914	3	68387	-	69110	67497	66786	887	726	711	60	0.999956	0.989466	0.966372	0
PBC69394_skip_806a2b99_641f1589_143.pod5	6f4a9033-8088-47a2-9aee-a99620c158d0	641f15894b0cb45e826e64f30ff2cdbd6fc30a48	510	2	202915	121.352	202915	121.35	52917	24.4492	unclassified	chr3	131704275	131757168	36	52909	+	53033	52733	52606	140	160	127	60	0.999169	0.997592	0.991948	0
PBC69394_skip_806a2b99_641f1589_143.pod5	c1ceef15-6e5e-458f-bd59-2368570d2f70	641f15894b0cb45e826e64f30ff2cdbd6fc30a48	346	4	202635	175.132	202635	174.956	69236	29.8992	unclassified	chr11	73666444	73735620	0	69236	+	69356	69056	68940	180	120	116	60	1	0.99832	0.994002	0
PBC69394_skip_806a2b99_641f1589_143.pod5	7a50431a-b977-4ace-a9e3-ca2fa703d452	641f15894b0cb45e826e64f30ff2cdbd6fc30a48	969	1	202935	149.664	202935	149.507	54014	13.9869	unclassified	chr7	94908777	94958974	3868	54014	-	50616	49727	49271	419	470	456	60	0.928389	0.99083	0.973427	0
PBC69394_skip_806a2b99_641f1589_143.pod5	5837f23a-b329-464a-9304-25e6de200512	641f15894b0cb45e826e64f30ff2cdbd6fc30a48	911	3	201633	246.474	201634	246.322	64240	18.577	unclassified	chr13	27081130	27143815	815	64240	-	63641	62469	62317	956	216	152	60	0.987313	0.997567	0.979196	0
PBC69394_skip_806a2b99_641f1589_143.pod5	c7bc6280-5340-4e86-a659-62c6c30c39d7	641f15894b0cb45e826e64f30ff2cdbd6fc30a48	911	3	202959	160.84	202959	160.838	53181	30.0601	unclassified	chr21	22252175	22298754	6	53153	-	53296	46430	46366	6717	149	64	60	0.999361	0.998622	0.869971	0
PBC69394_skip_806a2b99_641f1589_143.pod5	352886a0-6483-4801-a6c5-5d8e3c787582	641f15894b0cb45e826e64f30ff2cdbd6fc30a48	50	3	200904	201.333	200904	201.331	62389	21.9398	unclassified	chr10	132364305	132421058	4678	62352	-	57756	56671	56583	1003	82	88	60	0.924426	0.998447	0.97969	0
PBC69394_skip_806a2b99_641f1589_143.pod5	c873d3c2-98b4-49e3-8410-774ce6e7ac99	641f15894b0cb45e826e64f30ff2cdbd6fc30a48	97	3	201720	274.358	201720	274.187	61159	9.13778	unclassified	chr12	27703816	27750264	0	49543	+	49772	46219	45820	3324	229	399	60	0.810069	0.991367	0.920598	0
PBC69394_skip_806a2b99_641f1589_143.pod5	b514dac2-22b5-4e35-9f76-0fce8d6880a5	641f15894b0cb45e826e64f30ff2cdbd6fc30a48	944	1	203164	196.95	203164	196.948	67245	5.19357	unclassified	chr10	41898857	41907786	45325	54156	+	8965	8795	7540	36	134	1255	57	0.131326	0.857305	0.841049	0
PBC69394_skip_806a2b99_641f1589_143.pod5	2d3680c0-b227-466f-b1e0-73057b59e589	641f15894b0cb45e826e64f30ff2cdbd6fc30a48	854	1	202066	136.98	202066	136.844	58357	39.8372	unclassified	chr3	93530935	93576384	12913	58353	+	45470	45419	45024	21	30	395	1	0.778656	0.991303	0.990191	0
PBC69394_skip_806a2b99_641f1589_143.pod5	94a0cf85-c726-410c-a5ca-aa1ec3fe4d30	641f15894b0cb45e826e64f30ff2cdbd6fc30a48	969	1	203115	126.802	203115	126.535	41044	18.185	unclassified	chr4	53824337	53865496	6	41044	-	41356	40841	40471	197	318	370	60	0.999854	0.99094	0.9786	0
PBC69394_skip_806a2b99_641f1589_143.pod5	8cd4e925-3741-4f50-bfc1-e506f0ebbbc1	641f15894b0cb45e826e64f30ff2cdbd6fc30a48	510	2	203308	114.818	203308	114.664	47154	26.6903	unclassified	chr14	85133097	85180263	0	47154	+	47247	47073	46953	81	93	120	60	1	0.997451	0.993777	0
PBC69394_skip_806a2b99_641f1589_143.pod5	5f38a46c-6017-430b-a09f-cf2bd8d31bd8	641f15894b0cb45e826e64f30ff2cdbd6fc30a48	911	3	203156	190.958	203156	190.956	64402	22.071	unclassified	chr17	52651136	52713297	2207	64364	-	62260	62058	61886	99	103	172	60	0.965141	0.997228	0.993993	0
PBC69394_skip_806a2b99_641f1589_143.pod5	832ca52a-b9a8-44cb-96fd-24068a5983a9	641f15894b0cb45e826e64f30ff2cdbd6fc30a48	719	1	203219	135.427	203219	135.246	48387	26.4695	unclassified	chr8	21435968	21484120	0	48387	-	48478	48061	47932	326	91	129	60	1	0.997316	0.988737	0
PBC69394_skip_806a2b99_641f1589_143.pod5	478fe3f4-9a62-465d-acbf-f59604a6d4b8	641f15894b0cb45e826e64f30ff2cdbd6fc30a48	145	1	203029	124.708	203029	124.706	26983	2.69798	unclassified	chr3	132044801	132045046	24299	24494	-	250	190	171	5	55	19	1	0.00722677	0.9	0.684	0
PBC69394_skip_806a2b99_641f1589_143.pod5	4f97aff4-4766-4bf4-b679-2167d0c56b31	641f15894b0cb45e826e64f30ff2cdbd6fc30a48	737	4	203385	140.184	203385	140.182	50802	25.9774	unclassified	chr6	92471413	92522161	5	50761	-	50846	50658	50578	98	90	80	60	0.999095	0.998421	0.994729	0
PBC69394_skip_806a2b99_641f1589_143.pod5	f00f2d21-cb93-488c-8c78-7434433cda1e	641f15894b0cb45e826e64f30ff2cdbd6fc30a48	854	1	203186	205.752	203186	205.628	56523	28.4214	unclassified	chr1	187061412	187117938	5	56523	-	56573	56471	56400	47	55	71	60	0.999912	0.998743	0.996942	0
PBC69394_skip_806a2b99_641f1589_143.pod5	dcb8ab1d-b2fe-4615-9852-be57220632c0	641f15894b0cb45e826e64f30ff2cdbd6fc30a48	439	3	203882	1.8036	203882	1.8036	494	2.60846	unclassified	*	-1	-1	-1	-1	*	0	0	0	0	0	0	0	0	0	0	0
PBC69394_skip_806a2b99_641f1589_143.pod5	d09834b1-3d59-4cab-8604-a09f6928c195	641f15894b0cb45e826e64f30ff2cdbd6fc30a48	944	1	203426	183.239	203426	183.237	62247	5.15437	unclassified	chr20	31189285	31198790	53072	62247	+	9871	8809	7490	366	696	1319	19	0.147397	0.850267	0.758788	0
PBC69394_skip_806a2b99_641f1589_143.pod5	1d728ff3-f761-498b-8e51-536525d9d47e	641f15894b0cb45e826e64f30ff2cdbd6fc30a48	579	1	202851	259.733	202851	259.731	82876	20.9683	unclassified	chr3	38966638	39049720	34	82873	+	83265	82656	82305	183	426	351	60	0.999554	0.995753	0.988471	0
PBC69394_skip_806a2b99_641f1589_143.pod5	daafa9a1-830c-475c-9354-25a6cffe7376	641f15894b0cb45e826e64f30ff2cdbd6fc30a48	416	4	203529	197.246	203529	197.046	37631	25.8667	unclassified	chr2	94239929	94277506	0	37631	+	37685	37523	37498	108	54	25	60	1	0.999334	0.995038	0
PBC69394_skip_806a2b99_641f1589_143.pod5	f689cd92-b3a9-47df-9b26-e12ef1b900f8	641f15894b0cb45e826e64f30ff2cdbd6fc30a48	951	3	202947	255.272	202947	254.995	45351	24.8313	unclassified	chr10	114426268	114471578	0	45351	-	45410	45251	45158	100	59	93	60	1	0.997945	0.994451	0
PBC69394_skip_806a2b99_641f1589_143.pod5	e8b2f47e-512c-4fb8-82fd-394d5ee2ef6d	641f15894b0cb45e826e64f30ff2cdbd6fc30a48	346	4	203546	128.247	203547	128.069	50754	27.6912	unclassified	chr11	48169953	48220724	8	50754	-	50831	50686	50552	60	85	134	60	0.999842	0.997356	0.994511	0
PBC69394_skip_806a2b99_641f1589_143.pod5	5565ea07-b802-4be1-a2f7-a6d018635f00	641f15894b0cb45e826e64f30ff2cdbd6fc30a48	346	4	203060	183.741	203060	183.739	71043	26.105	unclassified	chr1	144663519	144734550	36	71043	+	71128	70910	70788	97	121	122	1	0.999493	0.99828	0.99522	0
PBC69394_skip_806a2b99_641f1589_143.pod5	c4e378d2-0eaa-4ff8-bdfc-639feb1f501b	641f15894b0cb45e826e64f30ff2cdbd6fc30a48	145	1	202819	209.982	202819	209.98	45600	2.80817	unclassified	chr16	88791139	88791350	3216	3431	-	215	211	193	4	0	18	1	0.00471491	0.914692	0.897674	0
PBC69394_skip_806a2b99_641f1589_143.pod5	7b0616dd-acf5-460c-a1af-a1b173825845	641f15894b0cb45e826e64f30ff2cdbd6fc30a48	16	1	203113	146.278	203113	146.153	56925	27.889	unclassified	chr2	191216457	191273409	7	56925	-	56998	56872	56762	46	80	110	60	0.999877	0.998066	0.99586	0
PBC69394_skip_806a2b99_641f1589_143.pod5	a97ceeee-db09-4c3b-a42f-3e058bb4b62a	641f15894b0cb45e826e64f30ff2cdbd6fc30a48	944	1	204126	133.693	204126	133.691	48440	5.74639	unclassified	chr4	49135957	49140168	34016	38249	-	4264	4180	3584	53	31	596	11	0.0873865	0.857416	0.840525	0
PBC69394_skip_806a2b99_641f1589_143.pod5	2cd83122-3216-4e77-a0db-9f9f7146528d	641f15894b0cb45e826e64f30ff2cdbd6fc30a48	398	2	203290	147.037	203290	147.035	57408	27.8707	unclassified	chr5	30018589	30075922	0	57376	-	57452	57257	57044	119	76	213	60	0.999443	0.99628	0.992898	0
PBC69394_skip_806a2b99_641f1589_143.pod5	7caa7198-cf13-40d3-9b4f-5f10afc993df	641f15894b0cb45e826e64f30ff2cdbd6fc30a48	658	4	203333	128.175	203333	128.173	48273	19.3363	unclassified	chr13	16115072	16163391	32	48267	+	48469	48085	46411	150	234	1674	22	0.999213	0.965187	0.95754	0
PBC69394_skip_806a2b99_641f1589_143.pod5	b2d2f7f9-736d-4860-8d8b-fc9b8c13f326	641f15894b0cb45e826e64f30ff2cdbd6fc30a48	719	1	203763	147.427	203763	147.306	56821	28.421	unclassified	chr10	59307543	59364356	0	56815	+	56897	56731	56642	84	82	89	60	0.999894	0.998431	0.995518	0
PBC69394_skip_806a2b99_641f1589_143.pod5	5cfbdd4b-8a79-4525-9f26-4de59a21b11a	641f15894b0cb45e826e64f30ff2cdbd6fc30a48	416	4	202627	233.445	202627	233.329	87486	26.9975	unclassified	chr17	36531354	36618303	0	87481	+	87671	86759	86594	722	190	165	60	0.999943	0.998098	0.987715	0
PBC69394_skip_806a2b99_641f1589_143.pod5	acad129f-0c94-41ab-9fb2-309c2ce16d49	641f15894b0cb45e826e64f30ff2cdbd6fc30a48	969	1	200555	316.807	200555	316.698	120938	20.4515	unclassified	chr3	17965808	18048385	38489	120938	-	82877	82149	81695	300	428	454	60	0.681746	0.994473	0.985738	0
PBC69394_skip_806a2b99_641f1589_143.pod5	ffb59aaa-5466-4e6a-bcd5-d5a3d17f6b40	641f15894b0cb45e826e64f30ff2cdbd6fc30a48	97	3	203240	193.482	203240	193.349	74263	26.8378	unclassified	chr19	36300844	36375119	5	74263	-	74374	74159	74037	99	116	122	60	0.999933	0.998355	0.995469	0
PBC69394_skip_806a2b99_641f1589_143.pod5	73ee18aa-dce4-45f3-ac2f-98247c81bda7	641f15894b0cb45e826e64f30ff2cdbd6fc30a48	617	4	203626	159.199	203626	159.09	64300	27.1747	unclassified	chr4	129302344	129351667	15016	64300	-	49394	49213	49086	71	110	127	60	0.76647	0.997419	0.993764	0
PBC69394_skip_806a2b99_641f1589_143.pod5	a838b584-f035-437b-a180-8af8821476c3	641f15894b0cb45e826e64f30ff2cdbd6fc30a48	969	1	203472	155.154	203472	155.152	59174	19.4969	unclassified	chr16	4857806	4917073	29	59174	+	59540	58872	58450	273	395	422	60	0.99951	0.992832	0.981693	0
PBC69394_skip_806a2b99_641f1589_143.pod5	8f027e21-652d-469e-9ac6-bd176c812f5c	641f15894b0cb45e826e64f30ff2cdbd6fc30a48	439	3	203884	145.228	203884	145.057	42839	28.9693	unclassified	chr2	208265844	208308742	9	42839	-	42933	42795	42694	35	103	101	60	0.99979	0.99764	0.994433	0
PBC69394_skip_806a2b99_641f1589_143.pod5	50a49e39-bd58-4bc3-8a61-f0f7d55b003e	641f15894b0cb45e826e64f30ff2cdbd6fc30a48	764	3	203619	126.676	203619	126.562	47874	28.1964	unclassified	chr19	40267890	40315781	0	47874	-	47959	47806	47775	68	85	31	60	1	0.999352	0.996163	0
PBC69394_skip_806a2b99_641f1589_143.pod5	101e31b8-75ec-4e09-9ab3-d62ca14c1b54	641f15894b0cb45e826e64f30ff2cdbd6fc30a48	510	2	203855	144.156	203855	144.154	58882	27.4418	unclassified	chr20	14528522	14587686	2	58851	-	59260	58753	58597	96	411	156	60	0.99944	0.997345	0.988812	0
PBC69394_skip_806a2b99_641f1589_143.pod5	74f06f85-05d1-4bdd-8b20-de0c56595b17	641f15894b0cb45e826e64f30ff2cdbd6fc30a48	944	1	202637	527.089	202637	527.087	180159	5.27855	unclassified	chr10	41860967	41867376	157444	163917	+	6499	6383	5456	90	26	927	9	0.0359294	0.85477	0.839514	0
PBC69394_skip_806a2b99_641f1589_143.pod5	2fc5f2b5-54a1-4183-92c7-ddc145fa92e7	641f15894b0cb45e826e64f30ff2cdbd6fc30a48	97	3	203741	179.408	203741	179.282	70825	29.5868	unclassified	chr1	91362996	91433832	0	70818	+	70894	70760	70629	58	76	131	60	0.999901	0.998149	0.996262	0
PBC69394_skip_806a2b99_641f1589_143.pod5	1e2379d4-e6e0-4d79-96a4-20211e2ec9dc	641f15894b0cb45e826e64f30ff2cdbd6fc30a48	579	1	203111	244.51	203111	244.378	83112	18.4792	unclassified	chr3	38966645	39049718	10	83112	-	83745	82430	81955	672	643	475	60	0.99988	0.994238	0.978626	0
PBC69394_skip_806a2b99_641f1589_143.pod5	9eea1dfc-0544-4fb1-9fbc-08b2b2c328ce	641f15894b0cb45e826e64f30ff2cdbd6fc30a48	16	1	204434	126.55	204434	126.404	37027	23.3599	unclassified	chr4	178221269	178258039	0	37027	+	37113	36684	36625	343	86	59	60	1	0.998392	0.986851	0
PBC69394_skip_806a2b99_641f1589_143.pod5	b1e4e380-1827-41d8-82f9-460fd61e2d54	641f15894b0cb45e826e64f30ff2cdbd6fc30a48	397	4	204206	169.603	204207	169.367	45865	23.2157	unclassified	chr2	224139478	224185411	0	45865	-	46000	45798	45659	67	135	139	60	1	0.996965	0.992587	0
PBC69394_skip_806a2b99_641f1589_143.pod5	b33bf24e-6bd2-4c2c-b06c-7cc0098b9cd9	641f15894b0cb45e826e64f30ff2cdbd6fc30a48	911	3	203883	152.848	203883	152.728	52338	27.9595	unclassified	chr5	144503248	144555577	0	52332	+	52388	52273	52186	59	56	87	60	0.999885	0.998336	0.996144	0
PBC69394_skip_806a2b99_641f1589_143.pod5	4251d1b9-67d8-47aa-bdd1-9b34f6520b7b	641f15894b0cb45e826e64f30ff2cdbd6fc30a48	110	4	203903	128.04	203903	127.938	50481	27.6967	unclassified	chr4	189387780	189437714	9	50481	-	50534	49872	49723	600	62	149	60	0.999822	0.997012	0.983951	0
PBC69394_skip_806a2b99_641f1589_143.pod5	34cd5ca1-a5fd-4989-8267-15e99a7fcbb8	641f15894b0cb45e826e64f30ff2cdbd6fc30a48	579	1	203970	166.342	203970	166.34	52407	19.9139	unclassified	chr4	16250896	16303375	26	52407	+	52644	52216	51962	165	263	254	60	0.999504	0.995136	0.987045	0
PBC69394_skip_806a2b99_641f1589_143.pod5	b1531fd6-6da3-4c13-b45f-31551f8124e3	641f15894b0cb45e826e64f30ff2cdbd6fc30a48	978	2	204230	183.202	204230	182.909	49542	28.3531	unclassified	chr17	45559269	45608815	0	49539	+	49608	49477	49439	62	69	38	60	0.999939	0.999232	0.996593	0
PBC69394_skip_806a2b99_641f1589_143.pod5	43508efa-d5df-4c53-a3bf-ed1f7fec9163	641f15894b0cb45e826e64f30ff2cdbd6fc30a48	110	4	204206	133.164	204206	133.055	52811	29.1249	unclassified	chr7	124194384	124247102	0	52704	+	52781	52641	52530	63	77	111	60	0.997974	0.997891	0.995245	0
PBC69394_skip_806a2b99_641f1589_143.pod5	e4dbb05f-02cf-4072-92a4-166574eb3076	641f15894b0cb45e826e64f30ff2cdbd6fc30a48	97	3	204050	160.598	204050	160.454	63013	28.2687	unclassified	chr6	102589777	102652667	6	63013	-	63071	62826	62754	181	64	72	60	0.999905	0.998854	0.994974	0
PBC69394_skip_806a2b99_641f1589_143.pod5	555bcf36-b81c-4032-97b1-d496703c1b91	641f15894b0cb45e826e64f30ff2cdbd6fc30a48	16	1	204255	170.744	204255	170.742	74634	24.3211	unclassified	chr3	180640221	180714868	75	74628	+	74775	74425	74310	128	222	115	60	0.998915	0.998455	0.993781	0
PBC69394_skip_806a2b99_641f1589_143.pod5	8ff346ee-8768-43c1-9fe7-f928c8d7a755	641f15894b0cb45e826e64f30ff2cdbd6fc30a48	911	3	204325	188.865	204325	188.744	60700	24.7656	unclassified	chr6	88795382	88854472	0	59091	+	59153	59028	58979	63	62	49	60	0.973493	0.99917	0.997058	0
PBC69394_skip_806a2b99_641f1589_143.pod5	622737e3-af9d-4af0-baf6-1dd7b8cdf3ac	641f15894b0cb45e826e64f30ff2cdbd6fc30a48	812	3	204528	134.074	204528	134.072	26028	3.41503	unclassified	chr11	3663044	3663125	9250	9328	+	83	76	75	2	5	1	1	0.00299677	0.986842	0.903614	0
PBC69394_skip_806a2b99_641f1589_143.pod5	1d70ae65-6009-4b7d-bee2-97b0a53088c8	641f15894b0cb45e826e64f30ff2cdbd6fc30a48	16	1	204052	190.89	204052	190.76	75529	27.0844	unclassified	chr3	180639341	180714867	0	75529	-	75633	75422	75346	107	104	76	60	1	0.998992	0.996205	0
PBC69394_skip_806a2b99_641f1589_143.pod5	90aa2373-ff8b-4447-b337-2d6b5bf21a78	641f15894b0cb45e826e64f30ff2cdbd6fc30a48	978	2	203968	130.706	203968	130.704	46404	28.2012	unclassified	chr12	92345977	92392369	32	46398	+	46430	46328	46244	38	64	84	60	0.999181	0.998187	0.995994	0
PBC69394_skip_806a2b99_641f1589_143.pod5	63008f70-951e-4c02-8554-ea9b2b5e62ca	641f15894b0cb45e826e64f30ff2cdbd6fc30a48	617	4	204383	138.798	204383	138.796	55900	33.6424	unclassified	chr9	43439581	43458395	38110	55896	+	19004	17596	16782	190	1218	814	10	0.318175	0.953739	0.883077	0
PBC69394_skip_806a2b99_641f1589_143.pod5	576719f9-94d0-4a00-b62e-195c2dbef742	641f15894b0cb45e826e64f30ff2cdbd6fc30a48	731	2	204575	138.009	204575	138.007	32349	10.8069	unclassified	chrX	152569536	152601660	230	32346	+	33198	31042	29929	1074	1082	1113	60	0.992797	0.964145	0.90153	0
PBC69394_skip_806a2b99_641f1589_143.pod5	ce2a8831-1d47-4bee-9d50-0af2d0fcfd3f	641f15894b0cb45e826e64f30ff2cdbd6fc30a48	346	4	204690	131.999	204690	131.997	51010	27.8717	unclassified	chr8	138205688	138255182	33	51004	+	51018	49447	49332	1524	47	115	60	0.999235	0.997674	0.966953	0
PBC69394_skip_806a2b99_641f1589_143.pod5	f110fcb2-024f-48d9-922a-15c528df5ed5	641f15894b0cb45e826e64f30ff2cdbd6fc30a48	617	4	203914	173.554	203914	173.464	62449	26.8834	unclassified	chr4	16216901	16278284	0	61333	+	61444	61272	61208	61	111	64	60	0.982129	0.998955	0.996159	0
PBC69394_skip_806a2b99_641f1589_143.pod5	651e7fd7-c6d2-4578-b145-7dd0027be456	641f15894b0cb45e826e64f30ff2cdbd6fc30a48	951	3	203835	264.406	203835	264.404	101003	28.3488	unclassified	chr12	87048227	87148764	6	100980	-	101177	100334	100096	640	203	238	60	0.999713	0.997628	0.989316	0
PBC69394_skip_806a2b99_641f1589_143.pod5	f2394d1f-7232-4770-88ad-40eb79318190	641f15894b0cb45e826e64f30ff2cdbd6fc30a48	16	1	203868	161.3	203868	161.141	62104	25.4105	unclassified	chr2	233014513	233076697	7	62104	-	62338	61943	61840	154	241	103	60	0.999887	0.998337	0.992011	0
PBC69394_skip_806a2b99_641f1589_143.pod5	1ec0ca57-aa33-4d93-bd68-1ef1145cc30b	641f15894b0cb45e826e64f30ff2cdbd6fc30a48	969	1	205101	158.422	205101	158.42	47161	20.8168	unclassified	chr5	72348094	72395260	33	47154	+	47352	46935	46740	186	231	195	60	0.999152	0.995845	0.987076	0
PBC69394_skip_806a2b99_641f1589_143.pod5	ef68d816-1d91-41d6-8752-f8bbd82d2e91	641f15894b0cb45e826e64f30ff2cdbd6fc30a48	951	3	204589	174.396	204589	174.394	65895	24.8952	unclassified	chr5	4336331	4402071	7	65769	-	65868	65634	65534	128	106	100	60	0.997982	0.998476	0.994929	0
PBC69394_skip_806a2b99_641f1589_143.pod5	36cce252-2b45-4592-b36a-d9f7199839ef	641f15894b0cb45e826e64f30ff2cdbd6fc30a48	416	4	203984	131.932	203984	131.93	49008	35.9586	unclassified	chr1	123549626	123559841	22395	32952	+	10572	10200	9378	357	15	822	7	0.215414	0.919412	0.88706	0
PBC69394_skip_806a2b99_641f1589_143.pod5	159aaa75-8438-4065-87fb-4b6c9ddd63ad	641f15894b0cb45e826e64f30ff2cdbd6fc30a48	705	2	205165	127.174	205165	127.172	51142	25.6532	unclassified	chr3	140379433	140430786	6	51141	-	51434	51054	50921	81	299	133	60	0.999863	0.997395	0.990026	0
PBC69394_skip_806a2b99_641f1589_143.pod5	42f8cac3-b374-4b0f-93e5-c3aa310cd638	641f15894b0cb45e826e64f30ff2cdbd6fc30a48	737	4	205042	163.506	205042	163.358	59314	23.7489	unclassified	chr11	101295255	101354631	0	59308	+	59474	59210	59093	98	166	117	60	0.999899	0.998024	0.993594	0
PBC69394_skip_806a2b99_641f1589_143.pod5	868b94b3-f07e-4aaf-ab51-335e83a284b0	641f15894b0cb45e826e64f30ff2cdbd6fc30a48	978	2	204712	163.777	204712	163.622	65008	29.0619	unclassified	chr13	32859818	32900092	0	40269	+	40314	40229	40194	40	45	35	60	0.619447	0.99913	0.997023	0
PBC69394_skip_806a2b99_641f1589_143.pod5	18a5ad45-ee0a-4829-9ea3-3a1e6fb9c439	641f15894b0cb45e826e64f30ff2cdbd6fc30a48	731	2	204722	196.325	204722	196.323	64812	20.2544	unclassified	chrX	152602397	152666237	171	64806	+	64710	63765	63683	870	75	82	60	0.997269	0.998714	0.984129	0
PBC69394_skip_806a2b99_641f1589_143.pod5	b0dd6c3c-c541-4df7-b30f-9435b47602ea	641f15894b0cb45e826e64f30ff2cdbd6fc30a48	854	1	203394	250.214	203394	250.212	107681	30.0576	unclassified	chrX	60406222	60440948	51604	86323	+	34740	34705	34086	14	21	619	12	0.322425	0.982164	0.981174	0
PBC69394_skip_806a2b99_641f1589_143.pod5	26ee4019-32ac-4892-888e-304a1dcd3f91	641f15894b0cb45e826e64f30ff2cdbd6fc30a48	737	4	204482	157.611	204482	157.609	68393	23.2425	unclassified	chr7	8119575	8186884	34	68386	+	68583	67078	66803	1274	231	275	60	0.9994	0.9959	0.974046	0
PBC69394_skip_806a2b99_641f1589_143.pod5	774f380b-23b8-4452-b1ce-78a59e06702c	641f15894b0cb45e826e64f30ff2cdbd6fc30a48	439	3	204554	186.314	204554	186.198	68960	28.2146	unclassified	chr2	241922166	241976032	14997	68953	+	54217	53605	53453	351	261	152	60	0.782425	0.997164	0.985909	0
PBC69394_skip_806a2b99_641f1589_143.pod5	4aea073d-5541-4e00-982f-bcc4d4877031	641f15894b0cb45e826e64f30ff2cdbd6fc30a48	617	4	204557	199.777	204557	199.645	81348	27.5573	unclassified	chr2	133914668	133996081	1	81341	+	81489	81264	81104	76	149	160	60	0.999902	0.998031	0.995275	0
PBC69394_skip_806a2b99_641f1589_143.pod5	ede2c037-42b3-47ff-b07d-67b5bb056d81	641f15894b0cb45e826e64f30ff2cdbd6fc30a48	97	3	204382	206.926	204383	206.83	97569	21.2698	unclassified	chr20	25883115	25980781	0	97563	+	97994	97235	96695	328	431	540	60	0.999938	0.994446	0.986744	0
PBC69394_skip_806a2b99_641f1589_143.pod5	98b59d58-c41d-4682-8e37-d19f14f56a1d	641f15894b0cb45e826e64f30ff2cdbd6fc30a48	951	3	205482	41.8056	205483	41.6652	15746	27.7018	unclassified	chr6	138288921	138304663	0	15737	+	15759	15720	15684	17	22	36	60	0.999428	0.99771	0.995241	0
PBC69394_skip_806a2b99_641f1589_143.pod5	23f67579-88e6-4ffb-9926-1b8e591df82f	641f15894b0cb45e826e64f30ff2cdbd6fc30a48	471	3	204871	240.976	204871	240.974	64920	4.59973	unclassified	chr4	49135294	49141930	40336	46979	-	6735	6544	5644	99	92	900	2	0.102326	0.862469	0.83801	0
PBC69394_skip_806a2b99_641f1589_143.pod5	01202ce9-d851-4b94-952d-a9c82b55e4f0	641f15894b0cb45e826e64f30ff2cdbd6fc30a48	737	4	204863	179.035	204863	178.89	66709	24.5468	unclassified	chr5	176081150	176138095	9887	66709	-	57037	56730	56645	92	215	85	60	0.851789	0.998502	0.993127	0
PBC69394_skip_806a2b99_641f1589_143.pod5	d8b29ab0-387b-4221-8656-79bbdca88558	641f15894b0cb45e826e64f30ff2cdbd6fc30a48	579	1	205310	160.497	205310	160.403	51634	20.0478	unclassified	chr12	88072354	88124085	0	51634	+	51934	51431	51178	203	300	253	60	1	0.995081	0.985443	0
PBC69394_skip_806a2b99_641f1589_143.pod5	86991f57-03c0-4077-a6b1-8277d3c7a1ff	641f15894b0cb45e826e64f30ff2cdbd6fc30a48	416	4	205371	164.535	205371	164.407	61191	27.1441	unclassified	chr14	24549345	24610585	2	61191	-	61300	61129	60974	60	111	155	60	0.999967	0.997464	0.994682	0
PBC69394_skip_806a2b99_641f1589_143.pod5	801f21e2-686e-4078-bb6d-d2a6d16132d9	641f15894b0cb45e826e64f30ff2cdbd6fc30a48	731	2	205897	122.644	205897	122.531	41067	22.526	unclassified	chr7	56369038	56408421	1430	41058	+	39752	39259	39143	369	124	116	60	0.96496	0.997045	0.98468	0
PBC69394_skip_806a2b99_641f1589_143.pod5	b00645cf-b9c7-4d26-96a9-944e55cbb5a9	641f15894b0cb45e826e64f30ff2cdbd6fc30a48	731	2	206093	139.423	206093	139.201	35100	27.5406	unclassified	chr6	166841234	166876395	0	35094	+	35229	35026	34905	68	135	121	60	0.999829	0.996545	0.990803	0
PBC69394_skip_806a2b99_641f1589_143.pod5	b184eb21-2595-4eed-a10c-3a3cd4de5671	641f15894b0cb45e826e64f30ff2cdbd6fc30a48	416	4	205868	135.192	205868	135.19	48785	24.6297	unclassified	chr19	47216187	47264984	10	48758	-	48945	48600	48487	148	197	113	60	0.999242	0.997675	0.990643	0
PBC69394_skip_806a2b99_641f1589_143.pod5	95b007ba-b8e3-4ac3-9edd-b3efff1759ba	641f15894b0cb45e826e64f30ff2cdbd6fc30a48	969	1	206041	117.548	206041	117.341	48573	27.619	unclassified	chr11	106384088	106432677	0	48573	-	48633	48529	48432	44	60	97	60	1	0.998001	0.995867	0
PBC69394_skip_806a2b99_641f1589_143.pod5	e6093272-2bee-457f-af9a-6ea13960c94d	641f15894b0cb45e826e64f30ff2cdbd6fc30a48	579	1	206160	132.198	206160	132.196	44119	19.4018	unclassified	chr9	90955196	90999339	6	44091	-	44357	43871	43564	214	272	307	60	0.999229	0.993002	0.982122	0
PBC69394_skip_806a2b99_641f1589_143.pod5	0d58e8cf-3dff-48f4-b71b-cefc765d3216	641f15894b0cb45e826e64f30ff2cdbd6fc30a48	579	1	206293	139.879	206293	139.723	43285	20.506	unclassified	chr11	11329077	11372453	0	43277	+	43548	43105	42845	172	271	260	60	0.999815	0.993968	0.983857	0
PBC69394_skip_806a2b99_641f1589_143.pod5	4b6c1ae4-e91b-49aa-a1b4-0c3ff1c27992	641f15894b0cb45e826e64f30ff2cdbd6fc30a48	719	1	206319	140.784	206319	140.782	53158	19.6279	unclassified	chr11	33679329	33732482	8	53130	-	53378	52897	52599	225	256	298	60	0.999323	0.994366	0.985406	0
PBC69394_skip_806a2b99_641f1589_143.pod5	b3956420-ffd8-495a-b856-6d0a56d414f7	641f15894b0cb45e826e64f30ff2cdbd6fc30a48	471	3	206695	130.545	206695	130.543	33819	4.42339	unclassified	chr22	16352671	16358869	27659	33818	+	6238	6119	5206	40	79	913	1	0.182117	0.850793	0.834562	0
PBC69394_skip_806a2b99_641f1589_143.pod5	55bbd27b-51b6-4e1a-850e-35293c6ea8ee	641f15894b0cb45e826e64f30ff2cdbd6fc30a48	110	4	205432	287.19	205432	287.188	79630	31.5764	unclassified	chr2	33376579	33456183	39	79630	+	79681	79514	79480	77	90	34	60	0.99951	0.999572	0.997477	0
PBC69394_skip_806a2b99_641f1589_143.pod5	8a785241-aad8-4a4b-8b09-78ef0d1b5edb	641f15894b0cb45e826e64f30ff2cdbd6fc30a48	911	3	206499	153.595	206499	153.368	34504	26.9673	unclassified	chrX	5833873	5868284	0	34498	+	34530	34379	34317	119	32	62	60	0.999826	0.998197	0.993831	0
PBC69394_skip_806a2b99_641f1589_143.pod5	74cbbbcc-bf4e-4d50-ad81-b8922374bf0e	641f15894b0cb45e826e64f30ff2cdbd6fc30a48	471	3	206386	217.884	206386	217.882	56506	4.30648	unclassified	chr10	41865417	41872306	8601	15526	+	6956	6858	5866	67	31	992	1	0.122553	0.855351	0.843301	0
PBC69394_skip_806a2b99_641f1589_143.pod5	620a7439-926d-4f50-8be7-ea67f8ec843c	641f15894b0cb45e826e64f30ff2cdbd6fc30a48	110	4	205883	116.432	205883	116.347	46317	27.4963	unclassified	chrX	43747099	43793380	0	46242	+	46311	46212	46144	30	69	68	60	0.998381	0.998529	0.996394	0
PBC69394_skip_806a2b99_641f1589_143.pod5	6f6de05a-698f-45c8-adf9-cd4f5732383a	641f15894b0cb45e826e64f30ff2cdbd6fc30a48	911	3	205312	162.163	205312	161.992	53229	26.8216	unclassified	chr18	35017597	35070801	7	53229	-	53291	53135	53048	87	69	87	60	0.999869	0.998363	0.99544	0
PBC69394_skip_806a2b99_641f1589_143.pod5	06e6a2cf-0277-4dd1-9ca2-e75041fcb2e3	641f15894b0cb45e826e64f30ff2cdbd6fc30a48	227	2	206352	155.276	206352	155.274	32575	10.1496	unclassified	*	-1	-1	-1	-1	*	0	0	0	0	0	0	0	0	0	0	0
PBC69394_skip_806a2b99_641f1589_143.pod5	d9554eb2-e13b-4118-957a-d61d02a7aa32	641f15894b0cb45e826e64f30ff2cdbd6fc30a48	398	2	205780	156.026	205780	155.872	61284	28.2032	unclassified	chr3	85204367	85233716	31933	61280	+	29380	29316	29295	31	33	21	60	0.478869	0.999284	0.997107	0
PBC69394_skip_806a2b99_641f1589_143.pod5	5b463340-a25c-4757-9635-134918be76bc	641f15894b0cb45e826e64f30ff2cdbd6fc30a48	731	2	205011	210.356	205011	210.214	77456	28.9547	unclassified	chr8	46452549	46530350	6	77456	-	77853	77398	77236	52	403	162	60	0.999923	0.997907	0.992075	0
PBC69394_skip_806a2b99_641f1589_143.pod5	52165fac-88a6-48fd-bee3-b1223f819acf	641f15894b0cb45e826e64f30ff2cdbd6fc30a48	731	2	206420	137.899	206420	137.897	55977	23.9306	unclassified	chr8	27480195	27536071	0	55944	-	56011	55809	55755	135	67	54	60	0.99941	0.999032	0.995429	0
PBC69394_skip_806a2b99_641f1589_143.pod5	de278edf-0207-4fb8-8f09-76c2547e2925	641f15894b0cb45e826e64f30ff2cdbd6fc30a48	719	1	206116	201.687	206116	201.535	78320	28.7079	unclassified	chr10	61516794	61595103	5	78320	-	78404	78220	78053	95	89	167	60	0.999936	0.997865	0.995523	0
PBC69394_skip_806a2b99_641f1589_143.pod5	85e65810-7220-40b7-91ea-8758274ab127	641f15894b0cb45e826e64f30ff2cdbd6fc30a48	617	4	206771	129.422	206771	129.42	52888	26.1082	unclassified	chr18	49186158	49237987	7	52859	-	52933	51748	51614	1104	81	134	60	0.999319	0.997411	0.975082	0
PBC69394_skip_806a2b99_641f1589_143.pod5	6d41edf9-e981-45a4-acb0-28ce83a755ca	641f15894b0cb45e826e64f30ff2cdbd6fc30a48	969	1	206268	191.575	206268	191.476	78577	26.4429	unclassified	chr6	54580546	54659313	7	78577	-	78833	78504	78347	66	263	157	60	0.999911	0.998	0.993835	0
PBC69394_skip_806a2b99_641f1589_143.pod5	aa2c13d8-c75c-42eb-8f08-52f0eb23bd28	641f15894b0cb45e826e64f30ff2cdbd6fc30a48	658	4	206465	136.761	206465	136.759	47939	32.2398	unclassified	chr1	121750781	121765702	14923	29762	+	15020	14740	13981	99	181	759	4	0.309539	0.948507	0.930826	0
PBC69394_skip_806a2b99_641f1589_143.pod5	8c14dab3-1b1b-499e-828b-30ddd94c6a0a	641f15894b0cb45e826e64f30ff2cdbd6fc30a48	471	3	205423	520.664	205423	520.662	135734	4.44706	unclassified	chr20	31163636	31176586	110954	123926	+	13056	12866	10587	106	84	2279	2	0.0955693	0.822866	0.810892	0
PBC69394_skip_806a2b99_641f1589_143.pod5	3f32acd8-64fd-4348-bec6-2b25a058e38e	641f15894b0cb45e826e64f30ff2cdbd6fc30a48	416	4	206903	132.738	206903	132.631	48912	28.4132	unclassified	chr13	32120923	32169499	9	48912	-	48962	48517	48422	386	59	95	60	0.999816	0.998042	0.988971	0
PBC69394_skip_806a2b99_641f1589_143.pod5	7ae0e01c-7c3d-4fe1-b409-e8531076b277	641f15894b0cb45e826e64f30ff2cdbd6fc30a48	16	1	206586	145.492	206586	145.49	59266	23.3059	unclassified	chr7	121008797	121068076	40	59266	+	59412	59093	58877	133	186	216	60	0.999325	0.996345	0.990995	0
PBC69394_skip_806a2b99_641f1589_143.pod5	4f6b0a13-7c11-408f-8180-ab233bd20cb5	641f15894b0cb45e826e64f30ff2cdbd6fc30a48	951	3	206885	173.692	206885	173.454	38140	24.4394	unclassified	chr13	63898607	63936446	0	38136	+	38167	37808	37767	328	31	41	60	0.999895	0.998916	0.98952	0
PBC69394_skip_806a2b99_641f1589_143.pod5	61d64fe7-8a50-44a6-88a9-41323a818fb4	641f15894b0cb45e826e64f30ff2cdbd6fc30a48	705	2	206918	139.952	206918	139.855	54481	28.1237	unclassified	chrX	137554973	137609464	0	54473	+	54549	54415	54338	58	76	77	60	0.999853	0.998585	0.996132	0
PBC69394_skip_806a2b99_641f1589_143.pod5	8bbd1c63-9dfa-46fb-aa82-5d783678c796	641f15894b0cb45e826e64f30ff2cdbd6fc30a48	398	2	206528	148.705	206529	148.495	58781	14.7221	unclassified	chr16	2348020	2385715	21337	58781	+	38417	36722	35876	722	973	846	60	0.637009	0.976962	0.933857	0
PBC69394_skip_806a2b99_641f1589_143.pod5	9100fa8e-fbe6-4a2e-891e-fced40c49bb0	641f15894b0cb45e826e64f30ff2cdbd6fc30a48	97	3	206439	166.251	206439	166.123	67280	22.8986	unclassified	chr15	79626437	79693817	0	67280	-	67539	67121	66864	159	259	257	60	1	0.996171	0.990006	0
PBC69394_skip_806a2b99_641f1589_143.pod5	cacf6756-f249-4a7b-93a6-846aa057f1b8	641f15894b0cb45e826e64f30ff2cdbd6fc30a48	658	4	206988	148.816	206988	148.814	57996	17.7441	unclassified	chr4	163814755	163872579	7	57959	-	58450	57326	56698	626	498	628	60	0.999241	0.989045	0.970026	0
PBC69394_skip_806a2b99_641f1589_143.pod5	d6461bb6-1cbb-4639-b453-51c44a181340	641f15894b0cb45e826e64f30ff2cdbd6fc30a48	911	3	205971	283.821	205971	283.696	90452	28.4494	unclassified	chr4	97297724	97388197	6	90452	-	90540	90379	90259	67	94	120	60	0.999934	0.998672	0.996896	0
PBC69394_skip_806a2b99_641f1589_143.pod5	1eca9e63-fa12-4c09-9fc2-bba3d19683fe	641f15894b0cb45e826e64f30ff2cdbd6fc30a48	812	3	206935	231.316	206935	231.314	53206	3.66532	unclassified	chr15	56669872	56669998	25828	25945	-	128	115	115	2	11	0	1	0.002199	1	0.898438	0
PBC69394_skip_806a2b99_641f1589_143.pod5	fcb6bcf2-28aa-4903-be4f-1a85913f95c2	641f15894b0cb45e826e64f30ff2cdbd6fc30a48	731	2	206759	135.338	206759	135.224	50592	26.3859	unclassified	chr16	84082704	84133329	8	50592	-	50705	50504	50387	80	121	117	60	0.999842	0.997683	0.993728	0
PBC69394_skip_806a2b99_641f1589_143.pod5	20c98442-8ae3-4b7b-8706-4a755bba1207	641f15894b0cb45e826e64f30ff2cdbd6fc30a48	397	4	206872	165.098	206872	164.951	63314	27.329	unclassified	chr4	105207404	105270732	0	63307	+	63433	63202	63088	105	126	114	60	0.999889	0.998196	0.994561	0
PBC69394_skip_806a2b99_641f1589_143.pod5	786e2a07-3bc1-423e-b6a8-b363c94348b8	641f15894b0cb45e826e64f30ff2cdbd6fc30a48	951	3	205525	121.339	205525	121.242	46663	28.5594	unclassified	chr6	108897344	108944005	7	46663	-	46709	46608	46513	48	53	95	60	0.99985	0.997962	0.995804	0
PBC69394_skip_806a2b99_641f1589_143.pod5	60e49c09-eb94-4844-bac5-7362dda75087	641f15894b0cb45e826e64f30ff2cdbd6fc30a48	579	1	205641	150.918	205642	150.734	47842	20.1712	unclassified	chr7	89320792	89368714	0	47842	+	48076	47688	47462	154	234	226	60	1	0.995261	0.987229	0
PBC69394_skip_806a2b99_641f1589_143.pod5	22cc2bc8-6884-412e-99f2-d4e7a746018c	641f15894b0cb45e826e64f30ff2cdbd6fc30a48	764	3	205071	127.33	205072	127.222	51264	26.0874	unclassified	chr3	10508461	10559745	0	51258	+	51351	51191	51080	67	93	111	60	0.999883	0.997832	0.994723	0
PBC69394_skip_806a2b99_641f1589_143.pod5	9063740c-9052-4776-b717-61c27078a563	641f15894b0cb45e826e64f30ff2cdbd6fc30a48	397	4	205199	148.154	205199	147.985	57127	30.0416	unclassified	chr10	52789016	52844084	0	57122	+	57181	55009	54792	2113	59	217	60	0.999913	0.996055	0.95822	0
PBC69394_skip_806a2b99_641f1589_143.pod5	c39b80dc-cf8b-47cf-9185-8545c29e76e7	641f15894b0cb45e826e64f30ff2cdbd6fc30a48	951	3	205265	216.971	205266	216.774	62613	29.0899	unclassified	chr16	47856825	47919444	13	62613	-	62661	62558	62519	42	61	39	60	0.999792	0.999377	0.997734	0
PBC69394_skip_806a2b99_641f1589_143.pod5	9ae170b4-e05d-4276-8256-e423646405ef	641f15894b0cb45e826e64f30ff2cdbd6fc30a48	969	1	204825	212.69	204825	212.688	82628	19.6239	unclassified	chr22	46618865	46661661	39249	82583	-	43678	42452	42104	882	344	348	60	0.524447	0.991803	0.963964	0
PBC69394_skip_806a2b99_641f1589_143.pod5	755851b0-0224-45c6-957d-3c7692e9c886	641f15894b0cb45e826e64f30ff2cdbd6fc30a48	764	3	205244	134.994	205244	134.88	55413	24.7654	unclassified	chr2	110302270	110357668	5	55402	+	55531	55264	55115	133	134	149	20	0.999711	0.997304	0.992509	0
PBC69394_skip_806a2b99_641f1589_143.pod5	f4f9edc5-9fd2-4688-8dbe-18d27e7464ac	641f15894b0cb45e826e64f30ff2cdbd6fc30a48	951	3	206446	184.216	206446	184.062	49231	26.8157	unclassified	chr19	48446444	48495651	0	49224	+	49285	49146	49069	78	61	77	60	0.999858	0.998433	0.995617	0
PBC69394_skip_806a2b99_641f1589_143.pod5	ae2a27bf-9a9a-4d4d-a660-95165567d756	641f15894b0cb45e826e64f30ff2cdbd6fc30a48	764	3	206809	181.461	206809	181.459	73760	28.7674	unclassified	chr20	12165149	12238882	0	73728	-	73794	73667	73619	61	66	48	60	0.999566	0.999348	0.997629	0
PBC69394_skip_806a2b99_641f1589_143.pod5	634a0d7f-d23b-4561-a703-0f3ceac33adc	641f15894b0cb45e826e64f30ff2cdbd6fc30a48	705	2	207423	128.15	207423	127.969	48295	20.9956	unclassified	chr3	29199790	29247565	0	48295	-	48355	47715	47606	580	60	109	60	1	0.997716	0.98451	0
PBC69394_skip_806a2b99_641f1589_143.pod5	757dda31-785b-46e8-962f-6d1bc081d590	641f15894b0cb45e826e64f30ff2cdbd6fc30a48	969	1	206994	124.77	206995	124.645	51165	27.206	unclassified	chr11	29227172	29278347	0	51160	+	51256	51079	50978	81	96	101	60	0.999902	0.998023	0.994576	0
PBC69394_skip_806a2b99_641f1589_143.pod5	dbe79ba4-665f-4509-bf3c-b3e4fafa9c1f	641f15894b0cb45e826e64f30ff2cdbd6fc30a48	705	2	205709	326.415	205709	326.225	72179	23.6161	unclassified	chr3	133463620	133535814	8	72179	-	72408	71957	71779	214	237	178	60	0.999889	0.997526	0.991313	0
PBC69394_skip_806a2b99_641f1589_143.pod5	e5d2c089-ff77-40ec-a648-cd598b021c66	641f15894b0cb45e826e64f30ff2cdbd6fc30a48	911	3	207759	135.872	207760	135.638	31373	27.0931	unclassified	chr4	20916175	20947834	6	31373	-	31746	31280	31210	87	379	70	60	0.999809	0.997762	0.983116	0
PBC69394_skip_806a2b99_641f1589_143.pod5	55413147-b854-4eb3-9958-4d154ba4bc7e	641f15894b0cb45e826e64f30ff2cdbd6fc30a48	951	3	207132	148.006	207133	147.862	53036	26.5476	unclassified	chr11	112290345	112343380	0	53032	+	53107	52960	52854	72	75	106	60	0.999925	0.997998	0.995236	0
PBC69394_skip_806a2b99_641f1589_143.pod5	fb50632d-83a9-4b4f-943b-a186a4690a32	641f15894b0cb45e826e64f30ff2cdbd6fc30a48	719	1	206993	144.604	206993	144.395	55455	28.3954	unclassified	chr2	42539395	42594850	5	55455	-	55545	55360	55313	90	95	47	60	0.99991	0.999151	0.995823	0
PBC69394_skip_806a2b99_641f1589_143.pod5	5466432c-0c5b-4cab-a5b2-02be357874d4	641f15894b0cb45e826e64f30ff2cdbd6fc30a48	369	3	208783	128.664	208783	128.662	32718	2.9362	unclassified	*	-1	-1	-1	-1	*	0	0	0	0	0	0	0	0	0	0	0
PBC69394_skip_806a2b99_641f1589_143.pod5	f279e694-6130-48bd-a776-0392137c7162	641f15894b0cb45e826e64f30ff2cdbd6fc30a48	911	3	207320	160.422	207320	160.42	49689	25.1961	unclassified	chr14	28900198	28949735	6	49661	-	49709	49483	49429	172	54	54	60	0.999316	0.998909	0.994367	0
PBC69394_skip_806a2b99_641f1589_143.pod5	06dc161f-00e6-42b6-b4af-fe4b667f65a3	641f15894b0cb45e826e64f30ff2cdbd6fc30a48	719	1	207537	150.712	207537	150.71	57779	26.4189	unclassified	chr11	123527342	123583030	35	55736	+	55808	55581	55449	120	107	132	60	0.964035	0.997625	0.993567	0
PBC69394_skip_806a2b99_641f1589_143.pod5	a7f5277a-93d9-498f-aff8-c2776365e9e7	641f15894b0cb45e826e64f30ff2cdbd6fc30a48	951	3	207564	135.255	207564	135.072	35992	32.38	unclassified	chr11	94369953	94405942	6	35992	-	36007	35968	35896	18	21	72	60	0.999833	0.997998	0.996917	0
PBC69394_skip_806a2b99_641f1589_143.pod5	82fc7497-05be-4124-ba96-a320fd985b25	641f15894b0cb45e826e64f30ff2cdbd6fc30a48	875	2	208410	134.683	208410	134.598	56687	26.8591	unclassified	chr2	189263109	189319776	0	56687	+	56750	56604	56520	83	63	84	60	1	0.998516	0.995947	0
PBC69394_skip_806a2b99_641f1589_143.pod5	67a6311f-8440-43c9-85fd-e542b7730dad	641f15894b0cb45e826e64f30ff2cdbd6fc30a48	764	3	206424	245.305	206424	245.194	91785	25.0907	unclassified	chr7	8039597	8131474	0	91778	+	92015	91640	91382	138	237	258	60	0.999924	0.997185	0.993121	0
PBC69394_skip_806a2b99_641f1589_143.pod5	ee339f20-0863-4338-ba20-1a5b368c220c	641f15894b0cb45e826e64f30ff2cdbd6fc30a48	364	1	208484	129.162	208484	129.062	56353	26.1692	unclassified	chr1	80191525	80247889	6	56353	-	56465	56246	56064	101	118	182	60	0.999894	0.996764	0.992898	0
PBC69394_skip_806a2b99_641f1589_143.pod5	92e6b931-6b1c-4360-8321-8ffa09ec5ea7	641f15894b0cb45e826e64f30ff2cdbd6fc30a48	439	3	208607	134.533	208607	134.436	51334	29.8415	unclassified	chr3	118505849	118557208	0	51332	+	51387	51304	51243	28	55	61	60	0.999961	0.998811	0.997198	0
PBC69394_skip_806a2b99_641f1589_143.pod5	76743f8f-b67e-4e54-b756-baff46eea092	641f15894b0cb45e826e64f30ff2cdbd6fc30a48	978	2	207163	210.211	207163	209.944	52063	23.2006	unclassified	chr21	9328606	9377143	0	48605	+	48787	48355	47989	250	182	366	60	0.93358	0.992431	0.983643	0
PBC69394_skip_806a2b99_641f1589_143.pod5	41bd8c68-d65c-47a0-8ae9-4ad2ce46218a	641f15894b0cb45e826e64f30ff2cdbd6fc30a48	730	1	208557	174.887	208557	174.885	68774	27.2515	unclassified	chr1	213439808	213508601	30	68774	+	68852	68685	68550	59	108	135	60	0.999564	0.998034	0.995614	0
PBC69394_skip_806a2b99_641f1589_143.pod5	c28fb129-78c1-4daa-bf02-8248b77032de	641f15894b0cb45e826e64f30ff2cdbd6fc30a48	470	4	208395	203.988	208395	203.764	66723	19.4312	unclassified	chr2	214679303	214746087	9	66723	-	67084	66414	65951	300	370	463	60	0.999865	0.993029	0.983111	0
PBC69394_skip_806a2b99_641f1589_143.pod5	e4b5093a-159a-4221-836c-f5f561bea60e	641f15894b0cb45e826e64f30ff2cdbd6fc30a48	108	1	208485	133.545	208485	133.543	40342	8.39396	unclassified	chr18	60812779	60854005	0	40303	-	42797	38732	35048	1571	2494	3684	60	0.999033	0.904885	0.818936	0
PBC69394_skip_806a2b99_641f1589_143.pod5	e8c09c9e-5c69-4e28-ad20-b5cbd682c476	641f15894b0cb45e826e64f30ff2cdbd6fc30a48	955	1	208598	154.789	208599	154.678	52977	25.8575	unclassified	chr1	240118150	240171168	0	52970	+	53146	52842	52700	128	176	142	60	0.999868	0.997313	0.991608	0
PBC69394_skip_806a2b99_641f1589_143.pod5	610f7c7e-4d6c-48a8-a04b-b387fca51322	641f15894b0cb45e826e64f30ff2cdbd6fc30a48	762	3	208714	118.082	208714	118.08	49326	28.8511	unclassified	chr4	127726227	127775564	0	49291	-	49369	49259	49228	32	78	31	60	0.99929	0.999371	0.997144	0
PBC69394_skip_806a2b99_641f1589_143.pod5	d8304924-e3af-48f8-ae20-d1363c65bd73	641f15894b0cb45e826e64f30ff2cdbd6fc30a48	731	2	206925	316.212	206925	316.115	116597	27.4094	unclassified	chr3	177464842	177551834	29575	116588	+	87139	86866	86703	147	126	163	60	0.746271	0.998124	0.994996	0
PBC69394_skip_806a2b99_641f1589_143.pod5	527f493c-71fe-4ab1-8e28-894a4c916c18	641f15894b0cb45e826e64f30ff2cdbd6fc30a48	844	1	208721	150.771	208721	150.658	60634	24.6008	unclassified	chr11	77056949	77117470	0	60627	+	60810	60338	60233	289	183	105	60	0.999885	0.99826	0.990511	0
PBC69394_skip_806a2b99_641f1589_143.pod5	86902dec-9859-4bcd-b0de-a44431dd6fb4	641f15894b0cb45e826e64f30ff2cdbd6fc30a48	442	1	208652	146.737	208652	146.633	58264	22.468	unclassified	chr6	44206110	44264416	7	58264	-	58498	58065	57863	192	241	202	60	0.99988	0.996521	0.989145	0
PBC69394_skip_806a2b99_641f1589_143.pod5	32805b8f-b731-400b-b621-76c41ce051c8	641f15894b0cb45e826e64f30ff2cdbd6fc30a48	108	1	208832	131.837	208832	131.835	42841	8.14373	unclassified	chr3	89209696	89253687	14	42810	-	45653	41134	37017	1662	2857	4117	60	0.99895	0.899912	0.810834	0
PBC69394_skip_806a2b99_641f1589_143.pod5	3bad0b2c-8fd8-433b-93f8-0db9cc267112	641f15894b0cb45e826e64f30ff2cdbd6fc30a48	108	1	208657	175.107	208657	175.105	43947	8.44278	unclassified	chr3	89209692	89253688	38	43939	+	46229	41668	37752	2233	2328	3916	60	0.998953	0.906019	0.81663	0
PBC69394_skip_806a2b99_641f1589_143.pod5	3158e0f9-f68b-4e45-a2dd-bbf00dd2f4a2	641f15894b0cb45e826e64f30ff2cdbd6fc30a48	442	1	208351	129.723	208351	129.721	48979	26.7237	unclassified	chr20	27191111	27239725	28	48973	+	49674	47885	47402	1060	729	483	1	0.999306	0.989913	0.954262	0
PBC69394_skip_806a2b99_641f1589_143.pod5	abd23b83-e986-4b92-8f1d-d7b69c81825c	641f15894b0cb45e826e64f30ff2cdbd6fc30a48	397	4	208824	131.02	208824	131.018	46867	31.0801	unclassified	chr7	114865538	114912387	6	46842	-	46953	46732	46692	104	117	40	60	0.999339	0.999144	0.994441	0
PBC69394_skip_806a2b99_641f1589_143.pod5	5b2a7dbb-f71b-4ea3-9775-062e8163b55a	641f15894b0cb45e826e64f30ff2cdbd6fc30a48	50	1	208721	148.51	208721	148.277	59283	27.9785	unclassified	chr3	83793820	83855331	0	59276	+	61587	59200	59072	76	2311	128	60	0.999882	0.997838	0.959163	0
PBC69394_skip_806a2b99_641f1589_143.pod5	d3f92a4a-9727-4310-a5f3-133ed69ff369	641f15894b0cb45e826e64f30ff2cdbd6fc30a48	617	4	206344	133.186	206344	133.056	53486	33.1686	unclassified	chr1	143186959	143234238	21504	53478	+	47567	31686	30699	288	15593	987	50	0.597801	0.968851	0.645384	0
PBC69394_skip_806a2b99_641f1589_143.pod5	f1a219b6-8c28-44b1-803c-2e1fad7aca85	641f15894b0cb45e826e64f30ff2cdbd6fc30a48	730	1	208800	151.293	208800	151.184	60579	28.9904	unclassified	chr3	66478139	66538740	4	60579	-	60659	60517	60427	58	84	90	60	0.999934	0.998513	0.996175	0
PBC69394_skip_806a2b99_641f1589_143.pod5	8ad5c3b0-86f7-47d3-b8ea-6fcc407213ff	641f15894b0cb45e826e64f30ff2cdbd6fc30a48	911	3	208667	202.896	208667	202.796	65680	27.6887	unclassified	chr19	16427582	16493257	0	65670	+	65760	65585	65460	85	90	125	60	0.999848	0.998094	0.995438	0
PBC69394_skip_806a2b99_641f1589_143.pod5	d86cbd25-8da9-4042-86c5-3db00788e47b	641f15894b0cb45e826e64f30ff2cdbd6fc30a48	719	1	208754	180.471	208754	180.265	69816	29.0459	unclassified	chr12	121921518	121991320	12	69816	-	69901	69705	69602	99	97	103	60	0.999828	0.998522	0.995723	0
PBC69394_skip_806a2b99_641f1589_143.pod5	df64d59a-6614-4984-83b3-830f3a625b12	641f15894b0cb45e826e64f30ff2cdbd6fc30a48	875	2	208899	125.296	208899	125.204	59768	25.5905	unclassified	chr12	122666486	122726315	7	59768	-	59998	59592	59387	169	237	205	60	0.999883	0.99656	0.989816	0
PBC69394_skip_806a2b99_641f1589_143.pod5	657e0833-91c5-4cbc-9251-f3c37ca08e75	641f15894b0cb45e826e64f30ff2cdbd6fc30a48	139	3	208728	170.04	208728	169.907	67934	22.7463	unclassified	chr9	652052	686120	0	34093	+	34162	33999	33798	94	69	201	60	0.501855	0.994088	0.989345	0
PBC69394_skip_806a2b99_641f1589_143.pod5	ea437794-690d-480c-bf75-39f2e4505e9b	641f15894b0cb45e826e64f30ff2cdbd6fc30a48	665	1	209015	121.279	209015	121.277	47483	27.3313	unclassified	chr2	139443942	139491389	27	47474	+	47500	47394	47332	53	53	62	60	0.999242	0.998692	0.996463	0
PBC69394_skip_806a2b99_641f1589_143.pod5	df949030-c239-495b-8005-b3a273f1feae	641f15894b0cb45e826e64f30ff2cdbd6fc30a48	397	4	208956	162.31	208957	162.007	53310	31.8439	unclassified	chr2	116858658	116911962	0	53302	+	53349	53257	53238	45	47	19	60	0.99985	0.999643	0.997919	0
PBC69394_skip_806a2b99_641f1589_143.pod5	7b6b01ab-3062-42ac-a0cf-52258059feb6	641f15894b0cb45e826e64f30ff2cdbd6fc30a48	470	4	208686	191.921	208686	191.919	60927	20.0466	unclassified	chr19	55944014	56005112	35	60921	+	61396	60588	60214	298	510	374	60	0.999327	0.993827	0.980748	0
PBC69394_skip_806a2b99_641f1589_143.pod5	4566358d-bbec-4ab7-8256-229aacdab41a	641f15894b0cb45e826e64f30ff2cdbd6fc30a48	263	2	208742	196.453	208742	196.451	74849	23.4121	unclassified	chr1	55628720	55665487	40	37511	+	37588	36650	36569	821	117	81	60	0.500621	0.99779	0.97289	0
PBC69394_skip_806a2b99_641f1589_143.pod5	1ebe1ae2-c475-4df1-bd0b-1259e5bf0bd9	641f15894b0cb45e826e64f30ff2cdbd6fc30a48	911	3	208870	184.914	208870	184.795	66136	25.3233	unclassified	chr19	16427582	16493256	7	66136	-	66305	65498	65367	631	176	131	60	0.999894	0.998	0.985853	0
PBC69394_skip_806a2b99_641f1589_143.pod5	de0e9a9f-0bf6-4691-abd3-d7973a602f22	641f15894b0cb45e826e64f30ff2cdbd6fc30a48	688	4	209085	130.95	209085	130.819	53064	28.3097	unclassified	chr6	163125807	163178875	0	53064	-	53146	52986	52880	78	82	106	60	1	0.997999	0.994995	0
PBC69394_skip_806a2b99_641f1589_143.pod5	879099ec-589c-4056-805e-40574f5e4e7c	641f15894b0cb45e826e64f30ff2cdbd6fc30a48	180	3	209073	131.55	209073	131.431	47125	28.4247	unclassified	chr1	65197299	65244414	0	47119	+	47183	47051	46975	68	64	76	60	0.999873	0.998385	0.995592	0
PBC69394_skip_806a2b99_641f1589_143.pod5	6df13999-27bc-415d-9c05-0846f12c9d02	641f15894b0cb45e826e64f30ff2cdbd6fc30a48	955	1	208967	121.32	208967	121.194	46418	24.273	unclassified	chr10	62731563	62777682	0	46408	+	46529	45998	45875	410	121	123	60	0.999785	0.997326	0.985944	0
PBC69394_skip_806a2b99_641f1589_143.pod5	4e542cd3-81c6-43b8-addf-fb32536feb89	641f15894b0cb45e826e64f30ff2cdbd6fc30a48	397	4	209434	139.595	209434	139.593	25298	26.3421	unclassified	chr6	167333880	167359094	40	25291	+	25270	25195	25153	56	19	42	60	0.998142	0.998333	0.99537	0
PBC69394_skip_806a2b99_641f1589_143.pod5	046afe5b-2366-4aa4-ae29-d9a400668b4f	641f15894b0cb45e826e64f30ff2cdbd6fc30a48	688	4	208915	169.802	208915	169.666	72193	21.9945	unclassified	chr20	39927547	39981807	17330	72185	+	54958	54157	54054	698	103	103	60	0.759838	0.998098	0.983551	0
PBC69394_skip_806a2b99_641f1589_143.pod5	88d014d1-18f5-4fca-b471-c1664e29bccb	641f15894b0cb45e826e64f30ff2cdbd6fc30a48	439	3	209144	143.636	209144	143.502	52183	30.6244	unclassified	chr19	51856309	51908481	9	52183	-	52217	52129	52101	45	43	28	60	0.999828	0.999463	0.997778	0
PBC69394_skip_806a2b99_641f1589_143.pod5	a52596fa-50c7-45db-9f98-54a3cceb2f60	641f15894b0cb45e826e64f30ff2cdbd6fc30a48	911	3	209109	135.933	209109	135.779	45132	27.0411	unclassified	chr12	105328910	105374033	0	45127	+	45188	45062	44979	65	61	83	60	0.999889	0.998158	0.995375	0
PBC69394_skip_806a2b99_641f1589_143.pod5	d54167b6-3dd8-4a81-806b-54d78a2df9bc	641f15894b0cb45e826e64f30ff2cdbd6fc30a48	762	3	208418	269.595	208418	269.431	110034	28.4078	unclassified	chr6	146660399	146770407	7	110034	-	110197	109838	109655	189	170	183	60	0.999936	0.998334	0.995082	0
PBC69394_skip_806a2b99_641f1589_143.pod5	3c279639-727b-4c25-ac26-2d9ecf75a68a	641f15894b0cb45e826e64f30ff2cdbd6fc30a48	955	1	209186	156.3	209187	156.104	54310	24.3638	unclassified	chr9	109216628	109270965	0	54303	+	54431	54209	54034	94	128	175	60	0.999871	0.996772	0.992706	0
PBC69394_skip_806a2b99_641f1589_143.pod5	7c3b9573-fbab-42c7-8fea-6cec3284783d	641f15894b0cb45e826e64f30ff2cdbd6fc30a48	470	4	209584	133.389	209584	133.177	41138	18.6932	unclassified	chr8	51786983	51826103	7	41138	-	41740	38511	38186	2620	609	325	60	0.99983	0.991561	0.914854	0
PBC69394_skip_806a2b99_641f1589_143.pod5	d748b0fa-6d59-4714-a5e3-b9a51254cc26	641f15894b0cb45e826e64f30ff2cdbd6fc30a48	439	3	209384	164.401	209384	164.239	61792	25.7109	unclassified	chr2	18141862	18203479	0	61785	+	61844	61558	61446	227	59	112	60	0.999887	0.998181	0.993564	0
PBC69394_skip_806a2b99_641f1589_143.pod5	0921fca7-956c-4553-b1e8-0a3a30c5b832	641f15894b0cb45e826e64f30ff2cdbd6fc30a48	139	3	209299	139.942	209299	139.752	53109	28.3954	unclassified	chr12	125155062	125208173	0	53109	+	53159	53061	52987	48	50	74	60	1	0.998605	0.996764	0
PBC69394_skip_806a2b99_641f1589_143.pod5	bc6afc1c-2daa-45f7-98b1-6e90c6d817e8	641f15894b0cb45e826e64f30ff2cdbd6fc30a48	470	4	209397	162.384	209397	162.205	53350	19.9327	unclassified	chr14	66890944	66944338	0	53345	+	53615	53124	52854	221	270	270	60	0.999906	0.994918	0.985806	0
PBC69394_skip_806a2b99_641f1589_143.pod5	76ce3fa0-05e4-4c8b-a56b-95b0e120afec	641f15894b0cb45e826e64f30ff2cdbd6fc30a48	771	3	208989	142.455	208989	142.453	66967	18.8576	unclassified	chr21	8202044	8260933	3622	58569	+	60181	53655	53143	1292	5234	512	60	0.820509	0.990458	0.883053	0
PBC69394_skip_806a2b99_641f1589_143.pod5	673686e6-2300-4393-aeb4-70dee2adcfa9	641f15894b0cb45e826e64f30ff2cdbd6fc30a48	875	2	209531	133.734	209531	133.644	50150	30.7102	unclassified	chr12	123647199	123697345	5	50150	-	50197	50094	50070	51	52	24	60	0.9999	0.999521	0.99747	0
PBC69394_skip_806a2b99_641f1589_143.pod5	222b881b-d8db-471b-acfd-e1048db06cea	641f15894b0cb45e826e64f30ff2cdbd6fc30a48	911	3	209801	145.554	209801	145.552	48224	28.5903	unclassified	chr1	73463872	73512069	29	48217	+	48237	48148	48101	40	49	47	60	0.999254	0.999024	0.997181	0
PBC69394_skip_806a2b99_641f1589_143.pod5	27da8709-655c-43a3-9b51-53324ecc7fc1	641f15894b0cb45e826e64f30ff2cdbd6fc30a48	665	1	209179	211.863	209179	211.733	83494	27.9147	unclassified	chr3	155872207	155955768	6	83494	-	83681	83368	83122	120	193	246	60	0.999928	0.997049	0.99332	0
PBC69394_skip_806a2b99_641f1589_143.pod5	a7240cea-39d5-4e8d-8c07-82b392bad71a	641f15894b0cb45e826e64f30ff2cdbd6fc30a48	951	3	209167	208.294	209167	208.151	74564	28.2458	unclassified	chr1	41600760	41675422	6	74564	-	74754	74466	74298	92	196	168	60	0.99992	0.997744	0.9939	0
PBC69394_skip_806a2b99_641f1589_143.pod5	888edde0-46bb-4ba2-8cbc-8eb8238901f6	641f15894b0cb45e826e64f30ff2cdbd6fc30a48	447	3	209631	144.542	209631	144.313	59495	25.9229	unclassified	chr12	12483235	12518457	6	35207	-	35280	35143	35058	58	79	85	60	0.591663	0.997581	0.993707	0
PBC69394_skip_806a2b99_641f1589_143.pod5	3113b72f-36b2-4e50-84d6-2cb53cdd2248	641f15894b0cb45e826e64f30ff2cdbd6fc30a48	951	3	209732	136.418	209732	136.298	48255	19.8787	unclassified	chr1	28813827	28860220	0	46373	+	46445	46321	46253	52	72	68	60	0.960999	0.998532	0.995866	0
PBC69394_skip_806a2b99_641f1589_143.pod5	c72fead8-0d72-41f8-92b5-5e2f739fa426	641f15894b0cb45e826e64f30ff2cdbd6fc30a48	285	4	209561	161.824	209561	161.652	60404	19.4247	unclassified	chr7	132171086	132231524	0	60404	-	60781	60061	59609	343	377	452	60	1	0.992474	0.980718	0
PBC69394_skip_806a2b99_641f1589_143.pod5	c09ec3a1-888d-45ee-8e11-99c95eb3559e	641f15894b0cb45e826e64f30ff2cdbd6fc30a48	883	1	209186	196.671	209186	196.669	73648	38.7908	unclassified	chr17	24186973	24202661	28249	43780	+	15921	15298	12390	233	390	2908	1	0.210881	0.80991	0.778217	0
PBC69394_skip_806a2b99_641f1589_143.pod5	bb903037-78b0-4eec-ab5b-a6200be95754	641f15894b0cb45e826e64f30ff2cdbd6fc30a48	50	1	209655	135.258	209655	135.134	53503	26.5824	unclassified	chr14	43326948	43380449	6	53503	-	53551	53447	53381	50	54	66	60	0.999888	0.998765	0.996825	0
PBC69394_skip_806a2b99_641f1589_143.pod5	1f6239e5-3cbc-4988-bc36-09788b9da2e3	641f15894b0cb45e826e64f30ff2cdbd6fc30a48	762	3	209767	169.612	209767	169.518	69839	27.8398	unclassified	chrX	6458905	6528170	0	69833	+	69936	69162	69113	671	103	49	60	0.999914	0.999292	0.988232	0
PBC69394_skip_806a2b99_641f1589_143.pod5	5b15e807-8a0f-4acb-849f-c089623eef04	641f15894b0cb45e826e64f30ff2cdbd6fc30a48	911	3	209354	228.274	209354	228.1	67808	27.375	unclassified	chr1	238557788	238625577	0	67802	+	67889	67702	67484	100	87	218	60	0.999911	0.99678	0.994034	0
PBC69394_skip_806a2b99_641f1589_143.pod5	a8c05c23-de6a-4141-a04c-ead0f96b5b32	641f15894b0cb45e826e64f30ff2cdbd6fc30a48	180	3	209866	134.615	209866	134.613	49642	29.001	unclassified	chr4	48367307	48416908	40	49635	+	49660	49536	49479	59	65	57	60	0.999053	0.998849	0.996355	0
PBC69394_skip_806a2b99_641f1589_143.pod5	bb43ba9e-38c6-412b-a836-65454d5b3b1b	641f15894b0cb45e826e64f30ff2cdbd6fc30a48	665	1	209391	195.722	209391	195.72	83530	23.9148	unclassified	chr3	155872207	155955771	30	83529	+	83740	83323	82983	176	241	340	60	0.999629	0.995919	0.99096	0
PBC69394_skip_806a2b99_641f1589_143.pod5	ab460a35-2913-40dd-a27a-df961793444c	641f15894b0cb45e826e64f30ff2cdbd6fc30a48	108	1	209832	155.759	209832	155.757	36659	7.76316	unclassified	chr2	170491368	170527265	57	36642	+	38356	34126	30596	2459	1771	3530	60	0.997981	0.89656	0.797685	0
PBC69394_skip_806a2b99_641f1589_143.pod5	d9f759d8-9070-4252-822b-89c81acb34ba	641f15894b0cb45e826e64f30ff2cdbd6fc30a48	397	4	209782	134.025	209783	133.897	51457	29.4079	unclassified	chr2	92041565	92081945	5481	45876	+	40427	40348	40292	47	32	56	60	0.785024	0.998612	0.996661	0
PBC69394_skip_806a2b99_641f1589_143.pod5	c494a08c-d603-41ff-a08c-ca18b0c03cdc	641f15894b0cb45e826e64f30ff2cdbd6fc30a48	439	3	208823	249.078	208823	248.966	95520	26.7834	unclassified	chr21	8359012	8457418	0	95520	+	99470	94456	94103	1064	3950	353	60	1	0.996263	0.946044	0
PBC69394_skip_806a2b99_641f1589_143.pod5	feedfe1f-f052-43e4-baaf-0794dc9bd1b4	641f15894b0cb45e826e64f30ff2cdbd6fc30a48	263	2	210228	88.604	210228	88.602	21765	8.85742	unclassified	chr3	140882013	140902651	2	21557	-	22175	20018	19077	1537	620	941	60	0.990351	0.952992	0.860293	0
PBC69394_skip_806a2b99_641f1589_143.pod5	e9bff97c-8885-4257-aaba-e01f152bcfa7	641f15894b0cb45e826e64f30ff2cdbd6fc30a48	730	1	208951	285.693	208951	285.551	114285	20.4175	unclassified	chr14	66510105	66622798	6	114285	-	114355	112617	112557	1662	76	60	60	0.999947	0.999467	0.984277	0
PBC69394_skip_806a2b99_641f1589_143.pod5	79b04d9f-f681-4c5e-8440-34a2b55286e5	641f15894b0cb45e826e64f30ff2cdbd6fc30a48	139	3	209547	206.059	209547	206.057	80083	27.0267	unclassified	chr4	134644222	134724328	29	80083	+	80251	79909	79793	145	197	116	60	0.999638	0.998548	0.994293	0
PBC69394_skip_806a2b99_641f1589_143.pod5	9a5d652f-3611-4171-8003-de48dbfa73bc	641f15894b0cb45e826e64f30ff2cdbd6fc30a48	688	4	209265	297.927	209265	297.816	121148	29.1219	unclassified	chr12	3832455	3953657	7	121148	-	121354	120989	120764	152	213	225	60	0.999942	0.99814	0.995138	0
PBC69394_skip_806a2b99_641f1589_143.pod5	55450dc9-4832-4d05-9f37-d3b71cd747e7	641f15894b0cb45e826e64f30ff2cdbd6fc30a48	397	4	209574	189.861	209574	189.736	71206	27.6396	unclassified	chr16	83757438	83828697	0	71196	+	71364	71091	70945	105	168	146	60	0.99986	0.997946	0.994129	0
PBC69394_skip_806a2b99_641f1589_143.pod5	6111a069-38ed-411a-9c08-dbe8df4ed110	641f15894b0cb45e826e64f30ff2cdbd6fc30a48	447	3	209815	148.016	209815	147.868	56314	25.503	unclassified	chr13	109721893	109776571	0	54776	+	54865	54589	54446	187	89	143	60	0.972689	0.99738	0.992363	0
PBC69394_skip_806a2b99_641f1589_143.pod5	c24cc0d7-37b2-45f5-86e6-5ea72634fcf1	641f15894b0cb45e826e64f30ff2cdbd6fc30a48	705	2	210211	138.373	210212	138.268	52298	30.015	unclassified	chr4	103823898	103876183	7	52298	-	52328	52248	52215	43	37	33	60	0.999866	0.999368	0.997841	0
PBC69394_skip_806a2b99_641f1589_143.pod5	3e05a80b-184b-4c12-852b-0b74338cab2b	641f15894b0cb45e826e64f30ff2cdbd6fc30a48	470	4	210047	186.927	210048	186.737	52944	19.9731	unclassified	chr9	25636976	25689846	0	52934	+	53192	52612	52223	322	258	389	60	0.999811	0.992606	0.981783	0
PBC69394_skip_806a2b99_641f1589_143.pod5	9c575066-107b-4821-b080-6d74d347e38d	641f15894b0cb45e826e64f30ff2cdbd6fc30a48	346	1	210068	141.41	210068	141.408	48459	20.4568	unclassified	chr2	72102056	72150499	38	48453	+	48616	48242	48021	173	201	221	60	0.999092	0.995419	0.987761	0
PBC69394_skip_806a2b99_641f1589_143.pod5	cd2a5a3d-e9ed-4fc9-8f41-df9ab7f397af	641f15894b0cb45e826e64f30ff2cdbd6fc30a48	688	4	209570	313.899	209570	313.762	77826	28.1954	unclassified	chr1	34681170	34758992	6	77826	-	77898	77744	77622	76	78	122	60	0.999923	0.998431	0.996457	0
PBC69394_skip_806a2b99_641f1589_143.pod5	bb468775-0cde-4a02-9657-a3b87685e826	641f15894b0cb45e826e64f30ff2cdbd6fc30a48	50	1	210095	116.829	210095	116.827	45017	34.9926	unclassified	chr4	49105001	49110837	0	5395	-	6015	5216	4501	179	620	715	5	0.119844	0.862922	0.748296	0
PBC69394_skip_806a2b99_641f1589_143.pod5	2d6623bc-318b-4b74-944c-e0d0223df26b	641f15894b0cb45e826e64f30ff2cdbd6fc30a48	346	1	210430	131.414	210430	131.412	47590	19.6104	unclassified	chr18	11268301	11315844	8	47549	-	47748	47336	47030	205	207	306	60	0.99897	0.993536	0.984963	0
PBC69394_skip_806a2b99_641f1589_143.pod5	831e4d6e-01bd-45ff-bb13-d00364046a3e	641f15894b0cb45e826e64f30ff2cdbd6fc30a48	705	2	210494	122.346	210494	122.344	48043	28.5319	unclassified	chr8	109740579	109788579	11	48015	-	48044	47960	47926	44	40	34	60	0.999188	0.999291	0.997544	0
PBC69394_skip_806a2b99_641f1589_143.pod5	ce71d160-6805-4fee-9bb9-693edbb26f18	641f15894b0cb45e826e64f30ff2cdbd6fc30a48	762	3	209937	154.42	209937	154.316	69224	24.9953	unclassified	chrX	6458907	6528169	9	69224	-	69370	69107	69002	108	155	105	60	0.99987	0.998481	0.994695	0
PBC69394_skip_806a2b99_641f1589_143.pod5	23a8470d-3be2-4761-b0fd-989825da82dd	641f15894b0cb45e826e64f30ff2cdbd6fc30a48	814	4	209812	176.22	209812	176.13	66121	28.2947	unclassified	chr2	119074513	119140698	7	66121	-	66287	66012	65865	102	173	147	60	0.999894	0.997773	0.993634	0
PBC69394_skip_806a2b99_641f1589_143.pod5	a4e17249-7d56-4af6-a1f7-5ec11ccee296	641f15894b0cb45e826e64f30ff2cdbd6fc30a48	430	3	209774	260.041	209774	259.862	67658	17.7064	unclassified	chr7	56516788	56582196	2224	67658	-	65521	65321	65226	113	87	95	60	0.967129	0.998546	0.995498	0
PBC69394_skip_806a2b99_641f1589_143.pod5	6246e0ff-0194-436f-a256-ff9866a9cb2c	641f15894b0cb45e826e64f30ff2cdbd6fc30a48	665	1	210302	143.522	210302	143.52	57026	25.2806	unclassified	chr7	81723965	81781272	37	57019	+	57376	56913	56769	69	394	144	60	0.999228	0.99747	0.989421	0
PBC69394_skip_806a2b99_641f1589_143.pod5	21e6f1c6-3b3d-4d79-b479-ea78a29416ed	641f15894b0cb45e826e64f30ff2cdbd6fc30a48	875	2	210873	133.619	210873	133.617	54856	26.2459	unclassified	chr6	25197520	25252353	24	54856	+	54966	54699	54562	133	134	137	60	0.999563	0.997495	0.99265	0
PBC69394_skip_806a2b99_641f1589_143.pod5	eb423492-9a82-4d38-9d1b-c1805811ec0e	641f15894b0cb45e826e64f30ff2cdbd6fc30a48	951	3	211050	75.3584	211050	75.156	12075	7.04047	unclassified	chr1	83588586	83596306	0	7693	+	7845	7568	7387	125	152	181	60	0.637101	0.976084	0.941619	0
PBC69394_skip_806a2b99_641f1589_143.pod5	6900d520-4c5e-4ea4-9939-355dc8705295	641f15894b0cb45e826e64f30ff2cdbd6fc30a48	470	4	210304	170.116	210304	170.114	54677	18.4282	unclassified	chr7	157926085	157981134	52	54667	+	55573	54091	53549	524	958	542	60	0.998866	0.98998	0.963579	0
PBC69394_skip_806a2b99_641f1589_143.pod5	1d954dc3-3642-4131-b729-5fa69b0db0d7	641f15894b0cb45e826e64f30ff2cdbd6fc30a48	447	3	209965	161.06	209965	160.889	61160	31.7678	unclassified	chr12	35287917	35307979	25682	46411	+	20750	20041	19681	688	21	360	10	0.338931	0.982037	0.948482	0
PBC69394_skip_806a2b99_641f1589_143.pod5	03ed076f-d19d-4e62-8a60-00af96ff5c7c	641f15894b0cb45e826e64f30ff2cdbd6fc30a48	533	1	210323	183.198	210323	183.055	65374	25.2228	unclassified	chr1	222545338	222610730	9	65374	-	65532	65225	65043	140	167	182	60	0.999862	0.99721	0.992538	0
PBC69394_skip_806a2b99_641f1589_143.pod5	f8f7d441-a719-4322-902e-ddd755b8eef0	641f15894b0cb45e826e64f30ff2cdbd6fc30a48	969	1	207785	128.298	207785	128.296	50444	36.4756	unclassified	chr1	143185739	143227411	0	23925	+	41729	23868	23191	57	17804	677	60	0.474288	0.971636	0.555753	0
PBC69394_skip_806a2b99_641f1589_143.pod5	fa527e85-4add-42b1-99b8-8e97726c2b4c	641f15894b0cb45e826e64f30ff2cdbd6fc30a48	369	3	211014	221.476	211014	221.474	53309	2.97228	unclassified	chr2	32916359	32916409	31840	31890	+	50	50	50	0	0	0	1	0.000937928	1	1	0
PBC69394_skip_806a2b99_641f1589_143.pod5	13e0b14f-ad65-409e-a507-86d75eec152f	641f15894b0cb45e826e64f30ff2cdbd6fc30a48	430	3	210590	223.177	210590	223.068	58271	24.5963	unclassified	chr12	14980406	15038681	0	58271	+	58397	58149	57950	122	126	199	60	1	0.996578	0.992346	0
PBC69394_skip_806a2b99_641f1589_143.pod5	f01891ed-0634-405e-8d2e-332318337dbe	641f15894b0cb45e826e64f30ff2cdbd6fc30a48	385	1	210151	194.08	210151	194.078	65815	9.07521	unclassified	chr18	53713230	53780115	37	65806	+	69505	63149	58857	2620	3736	4292	60	0.999301	0.932034	0.846802	0
PBC69394_skip_806a2b99_641f1589_143.pod5	6f976075-3da0-41b8-8225-7e60a1f9b317	641f15894b0cb45e826e64f30ff2cdbd6fc30a48	470	4	210891	144.509	210891	144.507	72308	16.1012	unclassified	chr12	3750562	3822861	21	72301	+	73135	71444	70441	836	855	1003	60	0.999613	0.985961	0.963164	0
PBC69394_skip_806a2b99_641f1589_143.pod5	e521544e-ebd9-42eb-94c3-a1a90a311e21	641f15894b0cb45e826e64f30ff2cdbd6fc30a48	875	2	210584	134.533	210585	134.386	57429	25.873	unclassified	chr2	270763	328404	0	57429	+	57806	57264	57040	165	377	224	60	1	0.996088	0.986749	0
PBC69394_skip_806a2b99_641f1589_143.pod5	62885c08-8931-476b-a89f-8546da27a490	641f15894b0cb45e826e64f30ff2cdbd6fc30a48	533	1	210087	232.15	210087	231.984	82290	24.8911	unclassified	chr18	46493239	46575501	0	82284	+	82449	82097	81875	187	165	222	60	0.999927	0.997296	0.993038	0
PBC69394_skip_806a2b99_641f1589_143.pod5	20df0df1-1cd5-4d5a-917b-1b59d80babbb	641f15894b0cb45e826e64f30ff2cdbd6fc30a48	108	1	211142	129.231	211142	129.229	39114	8.48635	unclassified	chrX	133682050	133721934	82	39080	-	41379	37503	33965	1495	2381	3538	60	0.997034	0.905661	0.820827	0
PBC69394_skip_806a2b99_641f1589_143.pod5	4052d93d-ace7-45c2-8ec2-e276c168c331	641f15894b0cb45e826e64f30ff2cdbd6fc30a48	397	4	211104	106.302	211104	106.132	43835	23.4868	unclassified	chr9	82525155	82569025	0	43835	+	43970	43735	43630	100	135	105	60	1	0.997599	0.992267	0
PBC69394_skip_806a2b99_641f1589_143.pod5	f37884ca-f0b9-49c7-b6f5-30a48189a157	641f15894b0cb45e826e64f30ff2cdbd6fc30a48	180	3	210001	263.37	210001	263.258	95528	29.3958	unclassified	chr13	84169888	84265316	0	95518	+	95638	95308	95238	210	120	70	60	0.999895	0.999266	0.995818	0
PBC69394_skip_806a2b99_641f1589_143.pod5	5d4f129c-161c-43b1-b0dd-142a29f8b772	641f15894b0cb45e826e64f30ff2cdbd6fc30a48	844	1	210836	221.652	210836	221.518	76605	29.0445	unclassified	chr9	15612149	15688737	0	76599	+	76679	76508	76409	91	80	99	60	0.999922	0.998706	0.996479	0
PBC69394_skip_806a2b99_641f1589_143.pod5	33b28c7c-3999-43bf-ad9f-4df61eb9b346	641f15894b0cb45e826e64f30ff2cdbd6fc30a48	439	3	210565	203.439	210565	203.323	83679	28.6213	unclassified	chr3	42164450	42248143	0	83671	+	83792	83572	83421	99	121	151	60	0.999904	0.998193	0.995572	0
PBC69394_skip_806a2b99_641f1589_143.pod5	5222f845-b6af-48e4-96b7-1a7fad53bcf1	641f15894b0cb45e826e64f30ff2cdbd6fc30a48	705	2	211363	145.801	211363	145.687	55742	28.9096	unclassified	chr6	68187163	68242892	6	55742	-	55813	55652	55546	84	77	106	60	0.999892	0.998095	0.995216	0
PBC69394_skip_806a2b99_641f1589_143.pod5	d22583ed-f8bd-4bbf-9758-1398ddca0eb1	641f15894b0cb45e826e64f30ff2cdbd6fc30a48	364	1	210282	169.076	210282	169.074	69744	24.5975	unclassified	chr10	47326863	47396773	34	69738	+	70004	69610	69455	94	300	155	60	0.999426	0.997773	0.992158	0
PBC69394_skip_806a2b99_641f1589_143.pod5	3d0926bc-9d50-4c8e-91af-f9f8f2ae5212	641f15894b0cb45e826e64f30ff2cdbd6fc30a48	937	3	210426	209.784	210426	209.782	81976	9.81103	unclassified	chr12	56445896	56529492	7	81941	-	85821	79709	74759	2225	3887	4950	60	0.999488	0.937899	0.871104	0
PBC69394_skip_806a2b99_641f1589_143.pod5	8d0bf2c9-63d2-4d6f-a318-b12cd1587d8b	641f15894b0cb45e826e64f30ff2cdbd6fc30a48	411	2	191267	4571.26	191267	4571.26	1301726	4.90733	unclassified	chr10	41905565	41914788	485242	494458	+	9553	8886	7744	330	337	1142	1	0.00707983	0.871483	0.810635	0
PBC69394_skip_806a2b99_641f1589_143.pod5	f2b433c6-0fa3-4f43-8443-56374a5fdc8f	641f15894b0cb45e826e64f30ff2cdbd6fc30a48	533	1	211639	122.09	211640	121.866	44141	26.117	unclassified	chr8	109665339	109709403	8	44141	-	44225	43972	43855	161	92	117	60	0.999819	0.997339	0.991634	0
PBC69394_skip_806a2b99_641f1589_143.pod5	1910cad1-73e8-418a-b3bc-38e47d3d20a8	641f15894b0cb45e826e64f30ff2cdbd6fc30a48	263	2	211404	138.43	211404	138.194	47520	26.1907	unclassified	chr8	14617129	14664683	7	47520	-	47646	47421	47202	92	133	219	60	0.999853	0.995382	0.990681	0
PBC69394_skip_806a2b99_641f1589_143.pod5	ff203b32-f3c2-4875-86d3-752f5c03cba7	641f15894b0cb45e826e64f30ff2cdbd6fc30a48	430	3	211169	205.984	211169	205.723	52824	23.6817	unclassified	chr9	14496121	14548966	0	52824	+	52960	52709	52508	115	136	201	60	1	0.996187	0.991465	0
PBC69394_skip_806a2b99_641f1589_143.pod5	4159d322-29f2-49af-a1a7-29c9377ed175	641f15894b0cb45e826e64f30ff2cdbd6fc30a48	439	3	211111	145.538	211111	145.41	39089	38.9041	unclassified	chr17	26456976	26469740	6	12771	-	12866	12663	10331	102	101	2332	1	0.326562	0.815841	0.802969	0
PBC69394_skip_806a2b99_641f1589_143.pod5	5c8b1fe0-9182-4b93-878d-53c6ba7d7387	641f15894b0cb45e826e64f30ff2cdbd6fc30a48	447	3	211170	147.864	211171	147.601	39553	25.6917	unclassified	chrX	48772023	48801327	10256	39553	-	29363	29238	29187	59	66	51	60	0.740702	0.998256	0.994006	0
PBC69394_skip_806a2b99_641f1589_143.pod5	fc0a3614-17fb-464f-ba07-4d2e45a48562	641f15894b0cb45e826e64f30ff2cdbd6fc30a48	665	1	211284	161.682	211285	161.359	40352	28.4761	unclassified	chr16	87613153	87653407	5	40352	-	40396	40205	40103	142	49	102	60	0.999876	0.997463	0.992747	0
PBC69394_skip_806a2b99_641f1589_143.pod5	6560f6d0-9573-4a9d-9634-792a8f3259eb	641f15894b0cb45e826e64f30ff2cdbd6fc30a48	844	1	211590	123.321	211590	123.319	51389	28.9794	unclassified	chr20	41762312	41813671	1	51381	+	51451	51288	51202	92	71	86	60	0.999825	0.998323	0.99516	0
PBC69394_skip_806a2b99_641f1589_143.pod5	eaf01742-c428-44dd-8dce-3cc37ba210a8	641f15894b0cb45e826e64f30ff2cdbd6fc30a48	180	3	211477	140.624	211477	140.486	39677	25.0431	unclassified	chr3	144243296	144282872	7	39677	-	39704	39542	39514	128	34	28	60	0.999824	0.999292	0.995215	0
PBC69394_skip_806a2b99_641f1589_143.pod5	225b3a2a-7d07-4d4e-b06b-0a24e907b0c9	641f15894b0cb45e826e64f30ff2cdbd6fc30a48	844	1	211395	152.851	211395	152.753	59973	27.2046	unclassified	chr18	65803361	65863027	0	59966	+	60131	59501	59285	465	165	216	60	0.999883	0.99637	0.985931	0
PBC69394_skip_806a2b99_641f1589_143.pod5	5625db15-07bb-4e95-80a0-ff2b73921cd0	641f15894b0cb45e826e64f30ff2cdbd6fc30a48	438	2	211268	132.481	211268	132.37	55909	25.5328	unclassified	chr2	172775366	172831326	0	55902	+	56018	55844	55734	58	116	110	60	0.999875	0.99803	0.99493	0
PBC69394_skip_806a2b99_641f1589_143.pod5	6d774822-fba1-4210-8f8c-3b3f6d1ac0dd	641f15894b0cb45e826e64f30ff2cdbd6fc30a48	470	4	211468	156.42	211468	156.418	47192	18.8186	unclassified	chr8	21204254	21238491	13001	47185	+	34385	34036	33794	148	201	242	60	0.72436	0.99289	0.982812	0
PBC69394_skip_806a2b99_641f1589_143.pod5	6d0c1680-034a-4e29-8469-90bf7582d36c	641f15894b0cb45e826e64f30ff2cdbd6fc30a48	470	4	211212	225.923	211212	225.921	73554	18.0025	unclassified	chr11	84471833	84545495	9	73512	-	74133	73032	72396	471	630	636	60	0.999307	0.991291	0.976569	0
PBC69394_skip_806a2b99_641f1589_143.pod5	2d686bea-44e9-42d9-a2ac-fa7bb37f72d8	641f15894b0cb45e826e64f30ff2cdbd6fc30a48	533	1	211148	152.768	211148	152.647	58947	35.9514	unclassified	chr1	124465446	124473418	17085	25060	+	7983	7964	7416	11	8	548	3	0.135291	0.93119	0.928974	0
PBC69394_skip_806a2b99_641f1589_143.pod5	8512ba5b-2b15-4e18-a2df-74fbe40c0ff6	641f15894b0cb45e826e64f30ff2cdbd6fc30a48	430	3	211694	139.904	211694	139.902	45672	19.2551	unclassified	chr3	42592871	42638623	32	45672	+	45969	45423	45118	217	329	305	60	0.999299	0.993285	0.981488	0
PBC69394_skip_806a2b99_641f1589_143.pod5	633ffb7d-2d9b-4824-b601-ebfef39d3ae5	641f15894b0cb45e826e64f30ff2cdbd6fc30a48	911	3	210555	230.178	210555	230.176	74034	26.3775	unclassified	chr2	36679488	36753417	135	74026	+	74039	73781	73589	110	148	192	60	0.998068	0.997398	0.993922	0
PBC69394_skip_806a2b99_641f1589_143.pod5	8f7a664b-cc38-4e32-b5a5-62963fbf6adb	641f15894b0cb45e826e64f30ff2cdbd6fc30a48	285	4	210922	204.508	210922	204.391	101241	18.8106	unclassified	chr18	32007361	32108642	5	101241	-	101901	100616	99929	620	665	687	60	0.999951	0.993172	0.980648	0
PBC69394_skip_806a2b99_641f1589_143.pod5	9969a9e8-a3ad-4652-b212-e1b08551fcfe	641f15894b0cb45e826e64f30ff2cdbd6fc30a48	951	3	211851	130.701	211851	130.699	45911	28.6597	unclassified	chr2	94648423	94694252	35	45905	+	45891	45808	45783	62	21	25	60	0.999107	0.999454	0.997647	0
PBC69394_skip_806a2b99_641f1589_143.pod5	b41940a6-8140-40c4-9a87-a9dfe44afa22	641f15894b0cb45e826e64f30ff2cdbd6fc30a48	762	3	211588	138.772	211589	138.617	56879	28.2848	unclassified	chr3	1797164	1853922	5	56879	-	56953	56679	56477	195	79	202	60	0.999912	0.996436	0.991642	0
PBC69394_skip_806a2b99_641f1589_143.pod5	176cc184-f2e3-4ba7-801e-6056d40815ed	641f15894b0cb45e826e64f30ff2cdbd6fc30a48	470	4	211685	133.237	211685	133.235	43144	18.8889	unclassified	chr1	147929132	147972205	35	43136	+	43413	42761	42451	340	312	310	60	0.999003	0.99275	0.977841	0
PBC69394_skip_806a2b99_641f1589_143.pod5	fe91f8ea-bdb1-4eed-9ea9-5e52a012b31f	641f15894b0cb45e826e64f30ff2cdbd6fc30a48	955	1	212030	135.744	212030	135.604	47345	24.8922	unclassified	chr1	84366354	84413734	6	47345	-	47460	47259	47135	80	121	124	60	0.999873	0.997376	0.993152	0
PBC69394_skip_806a2b99_641f1589_143.pod5	1d83a8c4-3b08-4730-9c68-4be188075401	641f15894b0cb45e826e64f30ff2cdbd6fc30a48	883	1	212128	127.806	212129	127.658	49299	26.5428	unclassified	chr7	85380830	85430108	6	49299	-	49378	49193	49082	100	85	111	60	0.999878	0.997744	0.994005	0
PBC69394_skip_806a2b99_641f1589_143.pod5	87567c24-278e-401f-990a-ffdbb9998db6	641f15894b0cb45e826e64f30ff2cdbd6fc30a48	951	3	212493	124.148	212494	123.958	25275	24.5435	unclassified	chr6	112699409	112724667	0	25267	+	25308	25217	25143	50	41	74	60	0.999683	0.997065	0.99348	0
PBC69394_skip_806a2b99_641f1589_143.pod5	717d18e7-fff7-4391-828e-3ae5769f8312	641f15894b0cb45e826e64f30ff2cdbd6fc30a48	108	1	211973	133.749	211973	133.554	41046	8.76358	unclassified	chr1	11112448	11154378	41	41046	-	43331	39604	36272	1401	2326	3332	60	0.999001	0.915867	0.837091	0
PBC69394_skip_806a2b99_641f1589_143.pod5	d8ef48ed-c528-4f94-a054-05d2bab50709	641f15894b0cb45e826e64f30ff2cdbd6fc30a48	439	3	212080	148.718	212080	148.597	36393	8.40939	unclassified	chr3	4992418	5020841	0	36393	+	36817	27999	27540	8394	424	459	60	1	0.983607	0.748024	0
PBC69394_skip_806a2b99_641f1589_143.pod5	45b65f07-5893-4d12-b8fe-e2c5613a7d6a	641f15894b0cb45e826e64f30ff2cdbd6fc30a48	470	4	212357	123.509	212357	123.507	29543	17.5153	unclassified	chr12	18797556	18826916	0	29497	-	29680	29177	28914	320	183	263	60	0.998443	0.990986	0.974191	0
PBC69394_skip_806a2b99_641f1589_143.pod5	1ef26d73-c364-4daf-9061-a5efcd158485	641f15894b0cb45e826e64f30ff2cdbd6fc30a48	180	3	211250	203.581	211250	203.579	74691	27.4097	unclassified	chr11	132521273	132595827	176	74651	-	74616	74413	74281	62	141	132	60	0.997108	0.998226	0.99551	0
PBC69394_skip_806a2b99_641f1589_143.pod5	3d75eed5-3410-4c88-8c18-0f7fbabbcc8e	641f15894b0cb45e826e64f30ff2cdbd6fc30a48	397	4	211843	159.56	211843	159.338	59914	27.131	unclassified	chr3	15527595	15587520	6	59914	-	59988	59845	59760	63	80	85	60	0.9999	0.99858	0.996199	0
PBC69394_skip_806a2b99_641f1589_143.pod5	e64fc608-5b33-4707-a52c-ff7896a4590a	641f15894b0cb45e826e64f30ff2cdbd6fc30a48	397	4	212003	143.098	212003	143.096	60000	26.4186	unclassified	chr3	15527595	15587520	40	59992	+	60030	59847	59745	105	78	102	60	0.9992	0.998296	0.995252	0
PBC69394_skip_806a2b99_641f1589_143.pod5	10701e45-8e97-417d-b0b8-947a3a354e0c	641f15894b0cb45e826e64f30ff2cdbd6fc30a48	108	1	212160	156.843	212160	156.841	47657	8.01097	unclassified	chr18	34755901	34804674	13	47618	-	50813	45565	40830	2040	3208	4735	60	0.998909	0.896083	0.803535	0
PBC69394_skip_806a2b99_641f1589_143.pod5	b0329ae9-e7d1-46e2-b256-1cc259633455	641f15894b0cb45e826e64f30ff2cdbd6fc30a48	364	1	211413	229.918	211413	229.916	73722	20.4604	unclassified	chrX	41601054	41674829	2	73685	-	74009	73449	73120	234	326	329	60	0.999471	0.995521	0.987988	0
PBC69394_skip_806a2b99_641f1589_143.pod5	97f74415-467c-414c-97e3-fac0b2f62318	641f15894b0cb45e826e64f30ff2cdbd6fc30a48	108	1	211503	220.074	211503	220.072	67146	8.4289	unclassified	chr3	157720447	157788705	33	67135	+	71016	64344	58401	2758	3914	5943	60	0.999345	0.907637	0.822364	0
PBC69394_skip_806a2b99_641f1589_143.pod5	8cbe5828-e02a-42e6-ae37-8dcb877f8ea1	641f15894b0cb45e826e64f30ff2cdbd6fc30a48	346	1	212355	180.75	212356	180.612	54786	16.2901	unclassified	chr8	130603123	130657020	0	54786	-	55097	53586	53169	1200	311	417	60	1	0.992218	0.965007	0
PBC69394_skip_806a2b99_641f1589_143.pod5	c73e9da6-3938-4c50-b964-71aaa96005ba	641f15894b0cb45e826e64f30ff2cdbd6fc30a48	385	1	212076	155.163	212076	155.161	49754	8.71612	unclassified	chr1	26814035	26862326	3525	49726	-	49664	44828	41808	1373	3463	3020	60	0.928589	0.932631	0.841817	0
PBC69394_skip_806a2b99_641f1589_143.pod5	09fa9bb1-06ba-4d80-a2c7-46a3f6627f16	641f15894b0cb45e826e64f30ff2cdbd6fc30a48	951	3	213057	158.262	213057	158.018	25861	18.38	unclassified	chr2	26448363	26474006	0	25861	+	25900	25604	25562	257	39	42	60	1	0.99836	0.98695	0
PBC69394_skip_806a2b99_641f1589_143.pod5	1ebc96d1-24a7-483b-be76-5953542e70ce	641f15894b0cb45e826e64f30ff2cdbd6fc30a48	762	3	212518	151.432	212518	151.297	44182	28.9479	unclassified	chr9	10003743	10049008	0	44182	+	45353	44094	43963	88	1171	131	60	1	0.997029	0.969352	0
PBC69394_skip_806a2b99_641f1589_143.pod5	738733ec-f80b-4150-9d04-3f456c3f8fae	641f15894b0cb45e826e64f30ff2cdbd6fc30a48	447	3	212339	146.896	212339	146.73	56237	24.2218	unclassified	chr2	12122187	12178589	0	56232	+	56524	56110	55837	122	292	273	60	0.999911	0.995135	0.987846	0
PBC69394_skip_806a2b99_641f1589_143.pod5	40836b3f-8d42-4f35-b59a-3534c1bcd0ce	641f15894b0cb45e826e64f30ff2cdbd6fc30a48	430	3	211987	173.098	211987	173.096	58171	25.2668	unclassified	chr9	43782791	43794373	12	11576	+	11601	11545	11109	19	37	436	1	0.198793	0.962235	0.95759	0
PBC69394_skip_806a2b99_641f1589_143.pod5	6c007133-c6cb-4149-b249-5adc2927211d	641f15894b0cb45e826e64f30ff2cdbd6fc30a48	470	4	213317	128.067	213317	128.065	41252	17.4971	unclassified	chr14	81699783	81741047	32	41245	+	41549	40928	40559	285	336	369	60	0.999055	0.990984	0.976173	0
PBC69394_skip_806a2b99_641f1589_143.pod5	4dc7fa44-7dbd-4136-8fa3-4a7bc8e128eb	641f15894b0cb45e826e64f30ff2cdbd6fc30a48	263	2	213487	137.344	213487	137.342	47716	17.6038	unclassified	chr1	29345712	29377455	34	31623	+	31819	31513	31366	76	230	147	60	0.662021	0.995335	0.985763	0
PBC69394_skip_806a2b99_641f1589_143.pod5	ddd230e6-fca4-4fee-80fb-415037279b1b	641f15894b0cb45e826e64f30ff2cdbd6fc30a48	762	3	212670	182.05	212670	181.946	73611	28.0038	unclassified	chr3	162915452	162989088	11	73611	-	73734	73502	73256	98	134	246	60	0.999851	0.996653	0.993517	0
PBC69394_skip_806a2b99_641f1589_143.pod5	3b09b8de-621c-4827-b96c-a8a0bf85f277	641f15894b0cb45e826e64f30ff2cdbd6fc30a48	688	4	211950	303.086	211950	302.833	62436	21.4203	unclassified	chr2	10245	62841	8886	62429	+	53592	52547	52483	996	49	64	60	0.857566	0.998782	0.979307	0
PBC69394_skip_806a2b99_641f1589_143.pod5	79319cd2-40af-440c-9d66-d3222de136e4	641f15894b0cb45e826e64f30ff2cdbd6fc30a48	470	4	212808	234.541	212808	234.539	75988	18.1082	unclassified	chr3	69467420	69543454	7	75945	-	76514	75458	74753	480	576	705	60	0.999342	0.990657	0.976985	0
PBC69394_skip_806a2b99_641f1589_143.pod5	d66a8afa-9cf3-4fc7-81c4-75668d27223d	641f15894b0cb45e826e64f30ff2cdbd6fc30a48	346	1	212712	205.351	212712	205.349	70147	20.3466	unclassified	chrX	150870118	150940364	32	70147	+	70492	69869	69532	246	377	337	60	0.999544	0.995177	0.986381	0
PBC69394_skip_806a2b99_641f1589_143.pod5	c701529c-121c-45ad-b379-dd13b81e7aca	641f15894b0cb45e826e64f30ff2cdbd6fc30a48	844	1	211975	266.709	211975	266.707	105811	26.6931	unclassified	chr13	63320213	63422701	32	105798	+	106128	102126	101903	3640	362	223	60	0.999575	0.997816	0.96019	0
PBC69394_skip_806a2b99_641f1589_143.pod5	c411beb8-f348-44c1-ac06-c3821ecc668d	641f15894b0cb45e826e64f30ff2cdbd6fc30a48	762	3	213561	145.644	213561	145.513	60465	28.3523	unclassified	chr11	99739981	99800456	6	60465	-	60517	60417	60356	42	58	61	60	0.999901	0.99899	0.99734	0
PBC69394_skip_806a2b99_641f1589_143.pod5	b066c6d9-dda1-4b90-b383-4b850930e3e9	641f15894b0cb45e826e64f30ff2cdbd6fc30a48	883	1	212417	154.596	212417	154.594	57117	31.1675	unclassified	chr11	61088625	61103265	42121	57084	-	15026	14577	14512	386	63	65	60	0.261971	0.995541	0.965793	0
PBC69394_skip_806a2b99_641f1589_143.pod5	bf2282fa-1aa8-4114-bfb6-443e02c92120	641f15894b0cb45e826e64f30ff2cdbd6fc30a48	665	1	212673	395.775	212673	395.587	141940	6.53969	unclassified	chr11	94551139	94565185	0	14045	+	14070	14021	14004	24	25	17	60	0.0989503	0.998788	0.995309	0
PBC69394_skip_806a2b99_641f1589_143.pod5	896d750f-e8a7-418d-b154-46137663492c	641f15894b0cb45e826e64f30ff2cdbd6fc30a48	762	3	214555	130.548	214556	130.453	53720	27.8041	unclassified	chr4	46226702	46280420	0	53720	+	53867	53571	53431	149	147	140	60	1	0.997387	0.991906	0
PBC69394_skip_806a2b99_641f1589_143.pod5	61e4ba0f-8e98-416a-b8a9-21c0e58a9347	641f15894b0cb45e826e64f30ff2cdbd6fc30a48	969	1	213298	196.465	213298	196.373	74733	20.4056	unclassified	chr2	28235138	28309954	6	74733	-	75091	74452	74018	275	364	434	60	0.99992	0.994171	0.985711	0
PBC69394_skip_806a2b99_641f1589_143.pod5	d57d9ed3-408e-47e2-914b-b078e4038f64	641f15894b0cb45e826e64f30ff2cdbd6fc30a48	430	3	213451	208.327	213451	208.171	56443	21.599	unclassified	chr12	132889597	132945448	11	56443	-	56618	55665	55370	767	186	295	60	0.999805	0.9947	0.977958	0
PBC69394_skip_806a2b99_641f1589_143.pod5	1e25f95f-9c23-4807-b731-5b4920563287	641f15894b0cb45e826e64f30ff2cdbd6fc30a48	180	3	214627	127.801	214627	127.799	45614	27.387	unclassified	chr2	225732554	225778154	0	45579	-	45652	45527	45477	52	73	50	60	0.999233	0.998902	0.996167	0
PBC69394_skip_806a2b99_641f1589_143.pod5	3790ef76-9e51-49eb-b540-e59a479959a8	641f15894b0cb45e826e64f30ff2cdbd6fc30a48	951	3	214271	146.983	214271	146.867	56316	21.8139	unclassified	chr6	152164931	152221244	0	56311	+	56545	56079	55815	232	234	264	60	0.999911	0.995292	0.98709	0
PBC69394_skip_806a2b99_641f1589_143.pod5	01aa80cc-251f-490a-b945-cc03194c7cd0	641f15894b0cb45e826e64f30ff2cdbd6fc30a48	705	2	214332	165.388	214332	165.224	63161	27.9509	unclassified	chr6	7065911	7129065	0	63155	+	63244	63065	62966	90	89	99	60	0.999905	0.99843	0.995604	0
PBC69394_skip_806a2b99_641f1589_143.pod5	d8341674-8061-4ac6-804a-099e066ba644	641f15894b0cb45e826e64f30ff2cdbd6fc30a48	622	3	214456	207.384	214456	207.382	38323	2.06212	unclassified	chr4	49135957	49142607	23935	30604	-	6757	6562	5653	107	88	909	9	0.174021	0.861475	0.836614	0
PBC69394_skip_806a2b99_641f1589_143.pod5	9b46d649-0001-4f19-a771-f9b555659f3f	641f15894b0cb45e826e64f30ff2cdbd6fc30a48	528	4	214273	190.476	214273	190.372	75444	29.5632	unclassified	chr9	101746718	101822164	9	75444	-	75514	75367	75267	68	79	100	60	0.999881	0.998673	0.996729	0
PBC69394_skip_806a2b99_641f1589_143.pod5	b3ed60aa-5ed3-4c10-9483-70b07e1d5294	641f15894b0cb45e826e64f30ff2cdbd6fc30a48	108	1	213509	242.606	213509	242.604	36841	6.16483	unclassified	chr4	138035470	138071214	137	36824	+	39317	33114	29012	3573	2630	4102	46	0.99582	0.876125	0.7379	0
PBC69394_skip_806a2b99_641f1589_143.pod5	52d026e6-9071-4917-924b-fccbaef43eaa	641f15894b0cb45e826e64f30ff2cdbd6fc30a48	180	3	214968	128.449	214968	128.304	47299	27.3822	unclassified	chr4	64087013	64134351	0	47299	+	47377	47260	47204	39	78	56	60	1	0.998815	0.996348	0
PBC69394_skip_806a2b99_641f1589_143.pod5	2cc1ea03-8010-466d-9a57-7ae5e486fbaf	641f15894b0cb45e826e64f30ff2cdbd6fc30a48	227	2	214129	205.959	214129	205.957	42302	14.3809	unclassified	chr21	10691473	10701213	32553	42289	+	10288	9188	7574	548	552	1614	1	0.230155	0.824336	0.736198	0
PBC69394_skip_806a2b99_641f1589_143.pod5	135d8492-6242-40bd-8ebf-6fa5f855979e	641f15894b0cb45e826e64f30ff2cdbd6fc30a48	316	2	214874	142.506	214874	142.296	56904	27.7989	unclassified	chr7	143179144	143236078	0	56904	+	56986	56852	56794	52	82	58	60	1	0.99898	0.996631	0
PBC69394_skip_806a2b99_641f1589_143.pod5	2b0652c7-02e9-4804-b958-c2c29d90e2ad	641f15894b0cb45e826e64f30ff2cdbd6fc30a48	533	1	212512	260.029	212513	259.793	92737	26.073	unclassified	chr21	31545858	31638661	7	92737	-	93030	92503	92305	227	300	198	60	0.999925	0.99786	0.992207	0
PBC69394_skip_806a2b99_641f1589_143.pod5	0c51cd02-7e21-4d26-9b49-1246afbdc0be	641f15894b0cb45e826e64f30ff2cdbd6fc30a48	439	3	213358	190.909	213358	190.907	96434	18.818	unclassified	chr5	153856096	153948166	10	91642	-	92563	91139	90390	493	931	749	60	0.950204	0.991782	0.976524	0
PBC69394_skip_806a2b99_641f1589_143.pod5	0825baa3-9def-4c51-a99d-eede155e6fed	641f15894b0cb45e826e64f30ff2cdbd6fc30a48	844	1	214452	158.93	214452	158.828	73220	23.2293	unclassified	chrX	146328998	146401849	8	73220	-	73384	72679	72446	533	172	233	60	0.999891	0.996794	0.987218	0
PBC69394_skip_806a2b99_641f1589_143.pod5	f8f56d7b-4ff9-4a43-946b-c87ea3fb49d5	641f15894b0cb45e826e64f30ff2cdbd6fc30a48	969	1	215253	124.48	215253	124.478	21802	17.5649	unclassified	chr9	38563103	38584705	36	21802	+	21864	21504	21321	262	98	183	60	0.998349	0.99149	0.975165	0
PBC69394_skip_806a2b99_641f1589_143.pod5	4045672d-89bb-438a-bf71-a53e6f67ee68	641f15894b0cb45e826e64f30ff2cdbd6fc30a48	764	3	214549	168.061	214549	167.956	67259	30.9104	unclassified	chr18	63633263	63700566	1	67259	+	67337	67224	67133	34	79	91	60	0.999985	0.998646	0.99697	0
PBC69394_skip_806a2b99_641f1589_143.pod5	56984200-7f25-4852-b365-39dcf92ba367	641f15894b0cb45e826e64f30ff2cdbd6fc30a48	927	4	214119	341.975	214119	341.973	95238	4.30356	unclassified	chr17	21863113	21872328	46638	55855	+	9795	8637	7170	580	578	1467	1	0.0967786	0.830149	0.732006	0
PBC69394_skip_806a2b99_641f1589_143.pod5	ad81056e-124c-4bd6-a228-da4b917e52e3	641f15894b0cb45e826e64f30ff2cdbd6fc30a48	658	4	214364	231.006	214364	230.88	87452	15.7362	unclassified	chr10	117912922	118000627	13	87452	-	88604	86540	85232	899	1165	1308	60	0.999851	0.984886	0.961943	0
PBC69394_skip_806a2b99_641f1589_143.pod5	4758a87b-2184-4b24-95f1-423747007bbc	641f15894b0cb45e826e64f30ff2cdbd6fc30a48	316	2	214701	154.016	214701	153.922	70887	28.0639	unclassified	chr3	68758069	68828960	0	70879	+	70958	70812	70770	67	79	42	60	0.999887	0.999407	0.997351	0
PBC69394_skip_806a2b99_641f1589_143.pod5	fbd014fb-18a5-41e6-9258-c5c13435942e	641f15894b0cb45e826e64f30ff2cdbd6fc30a48	762	3	214354	173.378	214354	173.262	70106	27.9263	unclassified	chr17	8299459	8369570	0	70099	+	70231	69979	69889	120	132	90	60	0.9999	0.998714	0.99513	0
PBC69394_skip_806a2b99_641f1589_143.pod5	3c5621a0-714b-4953-9e71-93b02f4f0ea7	641f15894b0cb45e826e64f30ff2cdbd6fc30a48	439	3	213102	256.522	213102	256.385	96836	30.8176	unclassified	chr5	153856096	153948166	0	92060	+	92138	91992	91800	68	78	192	60	0.950679	0.997913	0.996332	0
PBC69394_skip_806a2b99_641f1589_143.pod5	e3b8d55e-9087-4734-93eb-406f73d69655	641f15894b0cb45e826e64f30ff2cdbd6fc30a48	617	4	214138	203.992	214138	203.852	82997	28.0406	unclassified	chr8	29574210	29657411	7	82997	-	83275	82916	82742	74	285	174	60	0.999916	0.997901	0.9936	0
PBC69394_skip_806a2b99_641f1589_143.pod5	26583311-c5fe-4099-bc8c-d397e006f96d	641f15894b0cb45e826e64f30ff2cdbd6fc30a48	180	3	214806	130.004	214806	129.874	48844	30.5391	unclassified	chr11	54792625	54841458	0	48844	-	48854	48823	48721	21	10	102	60	1	0.997911	0.997278	0
PBC69394_skip_806a2b99_641f1589_143.pod5	287f3cb9-c6b7-4a66-af7f-706be8ecbf74	641f15894b0cb45e826e64f30ff2cdbd6fc30a48	844	1	212243	173.572	212243	173.57	79135	31.2412	unclassified	chr20	27819896	27870387	23225	71829	+	51029	48066	47525	538	2425	541	2	0.614191	0.988745	0.931333	0
PBC69394_skip_806a2b99_641f1589_143.pod5	3d270d7b-5d5e-490a-98f4-3bbabaf4dfe4	641f15894b0cb45e826e64f30ff2cdbd6fc30a48	438	2	214708	147.357	214708	147.355	58833	31.3607	unclassified	chr5	114941488	115009756	35	58833	+	68499	58567	58461	231	9701	106	60	0.999405	0.99819	0.853458	0
PBC69394_skip_806a2b99_641f1589_143.pod5	9a664ecf-ba39-477f-ab4d-3eaaa4ad0db4	641f15894b0cb45e826e64f30ff2cdbd6fc30a48	951	3	215266	123.802	215266	123.8	40364	29.3419	unclassified	chr2	230337977	230378260	7	40333	-	40353	40256	40199	70	27	57	60	0.999059	0.998584	0.996184	0
PBC69394_skip_806a2b99_641f1589_143.pod5	4c7212a5-5787-4f24-8de1-89989c4aacdb	641f15894b0cb45e826e64f30ff2cdbd6fc30a48	227	2	215285	131.124	215285	131.122	23076	6.99595	unclassified	chr11	89830645	89852259	34	23076	+	24003	20653	18859	2389	961	1794	60	0.998527	0.913136	0.785693	0
PBC69394_skip_806a2b99_641f1589_143.pod5	a5739ba7-bb12-4ab0-a550-6cf70718a705	641f15894b0cb45e826e64f30ff2cdbd6fc30a48	278	2	215707	127.056	215707	126.901	50205	29.2789	unclassified	chr11	85191840	85242056	7	50205	-	50260	50154	50119	44	62	35	60	0.999861	0.999302	0.997195	0
PBC69394_skip_806a2b99_641f1589_143.pod5	d52f84e8-07ed-487d-8715-23d3f3ab3855	641f15894b0cb45e826e64f30ff2cdbd6fc30a48	617	4	214826	153.498	214826	153.187	63177	25.5295	unclassified	chr2	71445475	71508644	9	63177	-	63267	63070	62927	98	99	143	60	0.999858	0.997733	0.994626	0
PBC69394_skip_806a2b99_641f1589_143.pod5	07ff016d-6de7-41e7-a434-c4858acd9dfd	641f15894b0cb45e826e64f30ff2cdbd6fc30a48	394	1	215322	120.572	215322	120.57	48044	27.4206	unclassified	chr2	192870672	192918696	26	48044	+	48069	47973	47894	45	51	79	60	0.999459	0.998353	0.996359	0
PBC69394_skip_806a2b99_641f1589_143.pod5	16a3b493-0dfa-454c-a755-dc7f50a34cce	641f15894b0cb45e826e64f30ff2cdbd6fc30a48	731	2	215680	126.174	215680	126.172	25221	5.72792	unclassified	chr4	178257991	178272346	10567	25139	-	15635	13292	11823	1280	1063	1469	60	0.577772	0.889482	0.756188	0
PBC69394_skip_806a2b99_641f1589_143.pod5	35bc8da0-1352-4633-8281-46da6b1fa867	641f15894b0cb45e826e64f30ff2cdbd6fc30a48	665	1	213079	570.568	213079	570.566	199571	6.01762	unclassified	chr20	31068746	31077534	106265	115047	+	9352	8218	7237	564	570	981	1	0.0440044	0.880628	0.773845	0
PBC69394_skip_806a2b99_641f1589_143.pod5	f2392242-d1f5-4944-a288-628fb0b22765	641f15894b0cb45e826e64f30ff2cdbd6fc30a48	27	3	214855	197.079	214855	196.879	73731	29.4034	unclassified	chr4	72119351	72193093	5	73731	-	73804	73664	73581	62	78	83	60	0.999932	0.998873	0.996978	0
PBC69394_skip_806a2b99_641f1589_143.pod5	29a72095-c42f-4abb-8905-98835e062809	641f15894b0cb45e826e64f30ff2cdbd6fc30a48	528	4	215347	124.29	215348	124.188	57312	16.5482	unclassified	chr3	158341449	158367806	17645	43876	-	26453	26135	26007	96	222	128	60	0.457688	0.995102	0.98314	0
PBC69394_skip_806a2b99_641f1589_143.pod5	4e7a8f8e-6f4b-45d8-92fb-642ffbb2bc1a	641f15894b0cb45e826e64f30ff2cdbd6fc30a48	439	3	215657	133.143	215657	133.015	50926	28.0195	unclassified	chr6	45717187	45768080	0	50921	+	50976	50838	50775	83	55	63	60	0.999902	0.998761	0.996057	0
PBC69394_skip_806a2b99_641f1589_143.pod5	f0099cc8-b55f-45e6-bcdf-327ea2e47ec1	641f15894b0cb45e826e64f30ff2cdbd6fc30a48	705	2	215080	152.516	215080	152.386	58594	27.8968	unclassified	chrX	88509651	88568266	0	58594	-	58719	58490	58330	104	125	160	60	1	0.997265	0.993375	0
PBC69394_skip_806a2b99_641f1589_143.pod5	9b47b144-7a70-44e7-abad-bdd4c6f990e5	641f15894b0cb45e826e64f30ff2cdbd6fc30a48	653	2	215754	127.452	215754	127.319	50582	27.6761	unclassified	chr1	145907558	145958146	0	50582	-	50666	50504	50453	78	84	51	60	1	0.99899	0.995796	0
PBC69394_skip_806a2b99_641f1589_143.pod5	74c8a82c-faae-4e56-aaec-9ec406e18a95	641f15894b0cb45e826e64f30ff2cdbd6fc30a48	617	4	214567	202.807	214567	202.7	57274	25.1419	unclassified	chr21	8197631	8254130	0	57267	+	57606	56160	56007	1107	339	153	47	0.999878	0.997276	0.972242	0
PBC69394_skip_806a2b99_641f1589_143.pod5	76057b12-5e4d-4dcb-a374-3d0fb93fe69d	641f15894b0cb45e826e64f30ff2cdbd6fc30a48	658	4	215746	146.62	215746	146.618	52870	14.7706	unclassified	chr2	63466369	63506083	5	39588	-	40134	39163	38556	420	551	607	60	0.748685	0.984501	0.960682	0
PBC69394_skip_806a2b99_641f1589_143.pod5	f7c3f6ab-375a-4a6d-be87-fd0fd9b8fc78	641f15894b0cb45e826e64f30ff2cdbd6fc30a48	439	3	215471	182.595	215471	182.43	69638	27.899	unclassified	chr6	14057280	14126895	6	69638	-	69706	69541	69477	91	74	64	60	0.999914	0.99908	0.996715	0
PBC69394_skip_806a2b99_641f1589_143.pod5	208e37ae-708c-4c77-b8f4-ae84c64e8f7d	641f15894b0cb45e826e64f30ff2cdbd6fc30a48	580	3	216059	129.205	216059	129.203	50634	24.8059	unclassified	chr10	24837101	24887758	34	50628	+	50752	50499	50351	95	158	148	60	0.99921	0.997069	0.992099	0
PBC69394_skip_806a2b99_641f1589_143.pod5	a2693089-1bd6-4122-a770-f1e1f8a543c7	641f15894b0cb45e826e64f30ff2cdbd6fc30a48	27	3	216764	104.139	216764	104.035	39798	28.2641	unclassified	chr16	18840944	18880675	0	39707	+	39782	39656	39597	51	75	59	60	0.997713	0.998512	0.99535	0
PBC69394_skip_806a2b99_641f1589_143.pod5	1eba8a36-46dd-4346-91f2-9acf2ef8766c	641f15894b0cb45e826e64f30ff2cdbd6fc30a48	533	1	211762	151.629	211762	151.627	65111	25.7416	unclassified	chr5	49910199	49975144	35	65104	+	65169	64845	62668	224	100	2177	1	0.999355	0.966428	0.961623	0
PBC69394_skip_806a2b99_641f1589_143.pod5	436a0ef7-dc7e-4dc2-a845-d3dc8880a868	641f15894b0cb45e826e64f30ff2cdbd6fc30a48	951	3	215554	176.643	215554	176.455	64369	26.8177	unclassified	chr2	231164173	231228636	8	64369	-	64540	64284	64127	77	179	157	60	0.999876	0.997558	0.993601	0
PBC69394_skip_806a2b99_641f1589_143.pod5	5216ca92-2ccc-4006-b668-751bff9368c5	641f15894b0cb45e826e64f30ff2cdbd6fc30a48	580	3	215432	175.767	215432	175.765	68327	24.5099	unclassified	chr8	119900725	119969118	40	68321	+	68483	68191	68002	90	202	189	60	0.999327	0.997228	0.992976	0
PBC69394_skip_806a2b99_641f1589_143.pod5	bc30c33d-9090-4197-bc05-c2bb426d2219	641f15894b0cb45e826e64f30ff2cdbd6fc30a48	278	2	216004	120.333	216004	120.222	48589	26.9108	unclassified	chr3	124474946	124523548	6	48589	-	48652	48533	48433	50	69	100	60	0.999876	0.99794	0.995499	0
PBC69394_skip_806a2b99_641f1589_143.pod5	01db49d1-3952-4874-a036-ae0e202ca225	641f15894b0cb45e826e64f30ff2cdbd6fc30a48	514	2	216403	179.31	216403	179.308	44705	2.90304	unclassified	*	-1	-1	-1	-1	*	0	0	0	0	0	0	0	0	0	0	0
PBC69394_skip_806a2b99_641f1589_143.pod5	adc645c2-db9a-416f-9f4b-7545154d3ac9	641f15894b0cb45e826e64f30ff2cdbd6fc30a48	951	3	216532	206.017	216532	205.828	74847	27.2053	unclassified	chr2	208295971	208370817	0	74839	+	74951	74734	74511	105	112	223	60	0.999893	0.997016	0.994129	0
PBC69394_skip_806a2b99_641f1589_143.pod5	5da958c3-7cb1-4f68-b903-ac24b85e4544	641f15894b0cb45e826e64f30ff2cdbd6fc30a48	439	3	216779	175.702	216779	175.57	66566	28.7412	unclassified	chr14	77486894	77553455	0	66560	+	66703	66418	66271	142	143	147	60	0.99991	0.997787	0.993524	0
PBC69394_skip_806a2b99_641f1589_143.pod5	aea066f0-c104-469d-a408-e972b34274fd	641f15894b0cb45e826e64f30ff2cdbd6fc30a48	969	1	216325	164.234	216325	164.232	61522	18.5929	unclassified	chr2	86269806	86331401	8	61487	-	61906	61168	60657	311	427	511	60	0.999301	0.991646	0.979824	0
PBC69394_skip_806a2b99_641f1589_143.pod5	edd68ab1-8eda-42f6-9600-565b2c747c58	641f15894b0cb45e826e64f30ff2cdbd6fc30a48	844	1	216645	189.801	216645	189.692	65604	15.8959	unclassified	chrX	56034623	56099350	0	65604	-	65910	64421	63850	1183	306	571	60	1	0.991136	0.968745	0
PBC69394_skip_806a2b99_641f1589_143.pod5	55827ce5-c980-4889-b2a6-8805e10fefde	641f15894b0cb45e826e64f30ff2cdbd6fc30a48	528	4	216411	210.908	216411	210.756	59330	28.6812	unclassified	chr2	181053837	181113491	0	59322	+	59717	59259	59153	63	395	106	60	0.999865	0.998211	0.990555	0
PBC69394_skip_806a2b99_641f1589_143.pod5	caf3fcf5-a035-4d0a-8ca3-fbf9f3aa88b2	641f15894b0cb45e826e64f30ff2cdbd6fc30a48	951	3	214806	300.47	214807	300.331	106320	26.6492	unclassified	chr15	53551281	53657596	2	106320	-	106516	106117	105877	201	198	240	60	0.999981	0.997738	0.994001	0
PBC69394_skip_806a2b99_641f1589_143.pod5	d8c6254d-e2fe-4c02-acde-8bfd5716f33d	641f15894b0cb45e826e64f30ff2cdbd6fc30a48	278	2	216554	174.718	216554	174.608	68488	25.9576	unclassified	chr7	5388585	5457284	7	68487	-	68847	68332	68140	148	367	192	60	0.999883	0.99719	0.989731	0
PBC69394_skip_806a2b99_641f1589_143.pod5	7eee28ab-42e1-4232-a769-7dc216d32735	641f15894b0cb45e826e64f30ff2cdbd6fc30a48	514	2	218888	138.601	218888	138.599	34237	2.98533	unclassified	*	-1	-1	-1	-1	*	0	0	0	0	0	0	0	0	0	0	0
PBC69394_skip_806a2b99_641f1589_143.pod5	bac26b6b-81c2-45a1-aadb-b906151aca04	641f15894b0cb45e826e64f30ff2cdbd6fc30a48	278	2	217434	177.77	217434	177.635	69174	29.1819	unclassified	chr5	101032926	101102199	7	69174	-	69381	69059	68946	108	214	113	60	0.999899	0.998364	0.99373	0
PBC69394_skip_806a2b99_641f1589_143.pod5	3b2c061a-6a6c-4c46-9c21-191c86534c98	641f15894b0cb45e826e64f30ff2cdbd6fc30a48	514	2	216599	494.277	216599	494.275	123520	3.01145	unclassified	*	-1	-1	-1	-1	*	0	0	0	0	0	0	0	0	0	0	0
PBC69394_skip_806a2b99_641f1589_143.pod5	c68b10a2-5d7e-4a29-81ec-a9614866f3d6	641f15894b0cb45e826e64f30ff2cdbd6fc30a48	514	2	217913	377.748	217913	377.746	93229	2.94348	unclassified	*	-1	-1	-1	-1	*	0	0	0	0	0	0	0	0	0	0	0
PBC69394_skip_806a2b99_641f1589_143.pod5	e7b49390-e380-41bf-a030-ddda6ecc5f29	641f15894b0cb45e826e64f30ff2cdbd6fc30a48	793	3	215789	145.684	215789	145.531	56115	25.2237	unclassified	chr1	165863433	165919634	6	56115	-	56311	55999	55887	110	202	112	60	0.999893	0.998	0.99247	0
PBC69394_skip_806a2b99_641f1589_143.pod5	8948e939-c738-414b-8e02-5d8757fabaf5	641f15894b0cb45e826e64f30ff2cdbd6fc30a48	580	3	217327	122.636	217327	122.551	47187	21.647	unclassified	chr16	56449765	56496982	6	47187	-	47368	47030	46854	151	187	176	60	0.999873	0.996258	0.989149	0
PBC69394_skip_806a2b99_641f1589_143.pod5	122e22ca-f564-4799-8789-897588387dea	641f15894b0cb45e826e64f30ff2cdbd6fc30a48	27	3	216592	161.805	216592	161.692	62559	27.7374	unclassified	chr8	125314761	125376979	0	62552	+	62674	62096	62005	456	122	91	60	0.999888	0.998535	0.989326	0
PBC69394_skip_806a2b99_641f1589_143.pod5	78499ab6-985e-4ffa-9ff1-b316aacebf99	641f15894b0cb45e826e64f30ff2cdbd6fc30a48	514	2	217117	642.696	217117	642.694	161392	3.00364	unclassified	*	-1	-1	-1	-1	*	0	0	0	0	0	0	0	0	0	0	0
PBC69394_skip_806a2b99_641f1589_143.pod5	e6470e54-05ed-424f-bd66-198e2c835b91	641f15894b0cb45e826e64f30ff2cdbd6fc30a48	617	4	217140	625.676	217141	625.523	93124	2.67455	unclassified	chr1	228609180	228619495	82818	93124	-	10346	10275	10216	31	40	59	7	0.11067	0.994258	0.987435	0
PBC69394_skip_806a2b99_641f1589_143.pod5	469c682c-922d-4c23-800b-ea5830e7cb5e	641f15894b0cb45e826e64f30ff2cdbd6fc30a48	787	3	219982	128.745	219982	128.588	45189	23.8828	unclassified	chr3	127598409	127643647	0	45183	+	45317	45104	45020	79	134	84	60	0.999867	0.998138	0.993446	0
PBC69394_skip_806a2b99_641f1589_143.pod5	62984116-c6af-4195-b468-bbf27b0ba235	641f15894b0cb45e826e64f30ff2cdbd6fc30a48	658	4	216253	231.517	216253	231.515	86311	16.5378	unclassified	chrX	41974793	42020188	25	45333	+	45719	44984	44545	324	411	439	60	0.524939	0.990241	0.974321	0
PBC69394_skip_806a2b99_641f1589_143.pod5	5f495700-cdb2-4e63-a094-e915cd143bb7	641f15894b0cb45e826e64f30ff2cdbd6fc30a48	514	2	219266	285.736	219266	285.734	62140	2.99418	unclassified	chr10	41883044	41894104	41749	52762	+	12518	9555	8105	1458	1505	1450	6	0.177229	0.848247	0.647468	0
PBC69394_skip_806a2b99_641f1589_143.pod5	00233e58-3c79-437e-a2bb-2aaa2c2ba250	641f15894b0cb45e826e64f30ff2cdbd6fc30a48	514	2	215243	1001.16	215243	1001.16	248952	3.10572	unclassified	*	-1	-1	-1	-1	*	0	0	0	0	0	0	0	0	0	0	0
PBC69394_skip_806a2b99_641f1589_143.pod5	245e956d-c858-46f0-a4f1-2977089712cf	641f15894b0cb45e826e64f30ff2cdbd6fc30a48	580	3	217097	157.039	217098	156.815	30861	17.4494	unclassified	chr11	94019782	94050315	6	30861	-	30962	30426	30235	429	107	191	60	0.999806	0.993722	0.97652	0
PBC69394_skip_806a2b99_641f1589_143.pod5	b756a261-f41f-4948-86b9-68707eed5bff	641f15894b0cb45e826e64f30ff2cdbd6fc30a48	844	1	217781	153.285	217781	153.148	44105	31.1011	unclassified	chr3	76249787	76293740	8	44105	-	44120	43930	43876	167	23	54	60	0.999819	0.998771	0.99447	0
PBC69394_skip_806a2b99_641f1589_143.pod5	343c9a84-02b6-4af7-9748-b1f30747159c	641f15894b0cb45e826e64f30ff2cdbd6fc30a48	278	2	219001	125.144	219001	125.04	50338	28.0126	unclassified	chr6	53805512	53855882	6	50338	-	50420	50282	50151	50	88	131	60	0.999881	0.997395	0.994665	0
PBC69394_skip_806a2b99_641f1589_143.pod5	5a063b34-d6b6-4acd-bdd5-6f0d4c8dea36	641f15894b0cb45e826e64f30ff2cdbd6fc30a48	951	3	219311	190.437	219311	190.261	66091	27.6019	unclassified	chr11	75965698	76031781	0	66085	+	66161	66007	65947	78	76	60	60	0.999909	0.999091	0.996765	0
PBC69394_skip_806a2b99_641f1589_143.pod5	47ba8ad5-dd04-4ba1-be10-946ab491e36e	641f15894b0cb45e826e64f30ff2cdbd6fc30a48	782	2	218622	141.333	218622	141.232	59202	25.413	unclassified	chr17	10504961	10564153	0	59202	+	59295	59099	58977	103	93	122	60	1	0.997936	0.994637	0
PBC69394_skip_806a2b99_641f1589_143.pod5	37fcc08e-6f3b-4df1-bc6f-fd86c3c78c21	641f15894b0cb45e826e64f30ff2cdbd6fc30a48	705	2	218219	122.686	218219	122.465	47185	28.7589	unclassified	chr13	101635483	101682675	7	47185	-	47241	47129	47034	49	63	95	60	0.999852	0.997984	0.995618	0
PBC69394_skip_806a2b99_641f1589_143.pod5	c6707049-26d3-48a1-b0ea-e9822ac62c90	641f15894b0cb45e826e64f30ff2cdbd6fc30a48	580	3	218022	163.584	218022	163.43	63506	25.6753	unclassified	chr6	105714237	105777770	0	63500	+	63631	63402	63255	98	131	147	60	0.999906	0.997681	0.994091	0
PBC69394_skip_806a2b99_641f1589_143.pod5	90f69044-1699-406c-9c0b-528ceffe964a	641f15894b0cb45e826e64f30ff2cdbd6fc30a48	617	4	218791	135.487	218791	135.383	59463	26.8385	unclassified	chr8	81375194	81434682	8	59463	-	59543	59400	59263	55	88	137	60	0.999865	0.997694	0.995297	0
PBC69394_skip_806a2b99_641f1589_143.pod5	faa2d937-393e-446c-84f2-57cc70d124bc	641f15894b0cb45e826e64f30ff2cdbd6fc30a48	951	3	218379	205.603	218379	205.48	74441	27.9442	unclassified	chr2	35472896	35547333	4	74441	-	74527	74347	74241	90	90	106	60	0.999946	0.998574	0.996162	0
PBC69394_skip_806a2b99_641f1589_143.pod5	11d41648-2ba6-43f8-9811-946a1388479b	641f15894b0cb45e826e64f30ff2cdbd6fc30a48	762	3	215591	266.547	215591	266.545	99102	15.9646	unclassified	chr9	116616728	116709974	29	93623	+	93778	93062	92870	532	184	192	60	0.944421	0.997937	0.990318	0
PBC69394_skip_806a2b99_641f1589_143.pod5	84e08072-546c-418b-8488-e720cd1bd582	641f15894b0cb45e826e64f30ff2cdbd6fc30a48	1557	4	218485	2.0094	218485	2.0074	477	2.50604	unclassified	*	-1	-1	-1	-1	*	0	0	0	0	0	0	0	0	0	0	0
PBC69394_skip_806a2b99_641f1589_143.pod5	b1e3b490-3a21-4a33-ac2c-31a8ebbbce07	641f15894b0cb45e826e64f30ff2cdbd6fc30a48	740	4	218478	6.7808	218478	6.7788	1819	3.04337	unclassified	*	-1	-1	-1	-1	*	0	0	0	0	0	0	0	0	0	0	0
PBC69394_skip_806a2b99_641f1589_143.pod5	34b453f5-649e-493b-8ee2-0bc44d6dea68	641f15894b0cb45e826e64f30ff2cdbd6fc30a48	927	4	218476	8.2346	218476	8.2326	2430	4.66092	unclassified	*	-1	-1	-1	-1	*	0	0	0	0	0	0	0	0	0	0	0
PBC69394_skip_806a2b99_641f1589_143.pod5	a8d732cb-f5a6-43c7-90ff-20b38d6cd281	641f15894b0cb45e826e64f30ff2cdbd6fc30a48	844	1	218913	214.406	218913	214.295	87059	18.1116	unclassified	chr6	24841480	24926361	2256	87059	-	85039	84645	84465	158	236	180	60	0.974087	0.997873	0.99325	0
PBC69394_skip_806a2b99_641f1589_143.pod5	a361941e-ebfc-4f20-a40f-7acf9f8c4c49	641f15894b0cb45e826e64f30ff2cdbd6fc30a48	658	4	215969	281.029	215969	281.027	108242	15.5625	unclassified	chr6	99041728	99150411	43	108234	+	109694	107180	105565	1011	1503	1615	60	0.999529	0.984932	0.962359	0
PBC69394_skip_806a2b99_641f1589_143.pod5	16aa5519-c5d3-4edf-9a12-6c23c34c37b0	641f15894b0cb45e826e64f30ff2cdbd6fc30a48	306	3	220464	154.378	220464	154.376	39133	3.32347	unclassified	chr21	10660902	10671315	22964	33431	-	11766	9114	7560	1353	1299	1554	1	0.267472	0.829493	0.642529	0
PBC69394_skip_806a2b99_641f1589_143.pod5	b8b1a739-c8a2-4396-b676-a4b6ec1e0582	641f15894b0cb45e826e64f30ff2cdbd6fc30a48	658	4	217342	1185.96	217342	1185.75	102156	2.5883	unclassified	chr18	34324651	34329090	0	4424	+	4465	4398	4358	26	41	40	60	0.0433063	0.990905	0.976036	0
PBC69394_skip_806a2b99_641f1589_143.pod5	532a480b-fc9d-4a75-927b-598c07ece63d	641f15894b0cb45e826e64f30ff2cdbd6fc30a48	2761	3	218486	1.7684	218486	1.7664	432	3.71324	unclassified	*	-1	-1	-1	-1	*	0	0	0	0	0	0	0	0	0	0	0
PBC69394_skip_806a2b99_641f1589_143.pod5	5496484e-f04e-4265-ba73-3b299188a5d7	641f15894b0cb45e826e64f30ff2cdbd6fc30a48	438	2	220073	124.768	220074	124.619	48945	27.587	unclassified	chr20	53026868	53075773	0	48938	+	49026	48817	48697	121	88	120	60	0.999857	0.997542	0.993289	0
PBC69394_skip_806a2b99_641f1589_143.pod5	d5ddea09-edd6-4505-bd7b-38650eaf700b	641f15894b0cb45e826e64f30ff2cdbd6fc30a48	845	4	219897	147.1	219897	146.971	56198	25.4587	unclassified	chrX	119580019	119636220	0	56189	+	56318	56072	55988	117	129	84	60	0.99984	0.998502	0.99414	0
PBC69394_skip_806a2b99_641f1589_143.pod5	6efb190a-bb20-4d0d-bf71-8cd3c47a7db5	641f15894b0cb45e826e64f30ff2cdbd6fc30a48	845	4	220322	171.502	220322	171.391	53128	26.9528	unclassified	chr4	171200823	171253923	7	53128	-	53203	53018	52989	103	82	29	60	0.999868	0.999453	0.995978	0
PBC69394_skip_806a2b99_641f1589_143.pod5	0a1652d1-003d-4e6c-bd4f-94148beb8bd7	641f15894b0cb45e826e64f30ff2cdbd6fc30a48	227	2	218393	370.568	218393	370.566	71451	7.68492	unclassified	chr2	223056040	223123717	0	71374	-	74228	64823	60112	6551	2854	4711	60	0.998922	0.927325	0.809829	0
PBC69394_skip_806a2b99_641f1589_143.pod5	a17a24e7-2e47-4b19-838b-e5721f4f075b	641f15894b0cb45e826e64f30ff2cdbd6fc30a48	787	3	220212	132.213	220212	132.131	54625	27.7343	unclassified	chr21	25346435	25401027	0	54617	+	54673	54536	54474	81	56	62	60	0.999854	0.998863	0.99636	0
PBC69394_skip_806a2b99_641f1589_143.pod5	27f0a954-3f7c-4007-aa90-5216da1b57e4	641f15894b0cb45e826e64f30ff2cdbd6fc30a48	438	2	219884	165.771	219884	165.493	63573	28.6219	unclassified	chr5	157660543	157724132	7	63573	-	63689	63466	63340	100	123	126	60	0.99989	0.998015	0.99452	0
PBC69394_skip_806a2b99_641f1589_143.pod5	9744c6a1-3fcc-486d-9c92-2ee2d50fe1cc	641f15894b0cb45e826e64f30ff2cdbd6fc30a48	2761	3	218488	1.8664	218488	1.8644	412	3.39775	unclassified	*	-1	-1	-1	-1	*	0	0	0	0	0	0	0	0	0	0	0
PBC69394_skip_806a2b99_641f1589_143.pod5	cb516d20-e082-48ea-bbb6-5c253a3c9692	641f15894b0cb45e826e64f30ff2cdbd6fc30a48	2395	2	218467	8.8532	218467	8.6748	2290	38.3446	unclassified	chr11	85085665	85087946	0	2284	+	2288	2277	2274	7	4	3	60	0.99738	0.998682	0.993881	0
PBC69394_skip_806a2b99_641f1589_143.pod5	8208bb5c-b4b6-4860-8ebc-fb1dfd8d2f6d	641f15894b0cb45e826e64f30ff2cdbd6fc30a48	1984	4	218476	4.319	218476	4.317	848	3.14227	unclassified	*	-1	-1	-1	-1	*	0	0	0	0	0	0	0	0	0	0	0
PBC69394_skip_806a2b99_641f1589_143.pod5	b818da81-68bd-4a2f-9226-097ce6268cba	641f15894b0cb45e826e64f30ff2cdbd6fc30a48	812	3	219833	200.626	219833	200.51	82489	29.5649	unclassified	chr6	70293349	70375848	7	82489	-	82572	82409	82264	73	90	145	60	0.999915	0.99824	0.99627	0
PBC69394_skip_806a2b99_641f1589_143.pod5	1aaa39ad-d2c7-41ec-a4a3-33a857ee85d7	641f15894b0cb45e826e64f30ff2cdbd6fc30a48	653	2	220434	139.22	220434	139.076	48052	29.4973	unclassified	chr12	60884804	60932891	0	48052	-	48122	48017	47986	35	70	31	60	1	0.999354	0.997174	0
PBC69394_skip_806a2b99_641f1589_143.pod5	056be938-5347-486d-bdad-42b9808341ef	641f15894b0cb45e826e64f30ff2cdbd6fc30a48	95	4	218472	14.8188	218472	14.8168	6629	26.2689	unclassified	chr16	46393633	46399914	37	3368	+	6303	3309	3160	22	2972	149	24	0.502489	0.954971	0.501349	0
PBC69394_skip_806a2b99_641f1589_143.pod5	a1c1b0d9-c8ef-480e-abe2-de6155318b76	641f15894b0cb45e826e64f30ff2cdbd6fc30a48	705	2	216932	459.835	216932	459.833	120985	23.4482	unclassified	chr1	236198497	236258969	34	60606	+	60664	60380	60292	192	92	88	60	0.500657	0.998543	0.993868	0
PBC69394_skip_806a2b99_641f1589_143.pod5	1754e622-a6c3-4054-9967-6a6a55e32753	641f15894b0cb45e826e64f30ff2cdbd6fc30a48	1504	3	218469	20.512	218469	20.51	6083	27.6053	unclassified	chr22	38913351	38919395	6	6046	-	6049	6035	6028	5	9	7	60	0.992931	0.99884	0.996528	0
PBC69394_skip_806a2b99_641f1589_143.pod5	0231a0ff-101c-4c31-8824-21f41462fb75	641f15894b0cb45e826e64f30ff2cdbd6fc30a48	2356	4	218462	23.0402	218462	23.0382	10454	18.5902	unclassified	chr8	143517117	143527510	35	10446	+	10486	10318	10239	93	75	79	60	0.995887	0.992343	0.976445	0
PBC69394_skip_806a2b99_641f1589_143.pod5	f3c5ddc6-f945-44d7-84aa-36bb63a4b8c8	641f15894b0cb45e826e64f30ff2cdbd6fc30a48	2341	2	218446	36.5564	218447	36.3468	13873	25.4289	unclassified	chr6	116674138	116686347	1679	13873	-	12226	12177	12157	17	32	20	60	0.878974	0.998358	0.994356	0
PBC69394_skip_806a2b99_641f1589_143.pod5	46d26869-1426-4e8a-8e35-f9afab1d2237	641f15894b0cb45e826e64f30ff2cdbd6fc30a48	672	1	220226	203.638	220226	203.479	68465	29.6639	unclassified	chr21	37769891	37838261	7	68465	-	68505	68323	68232	135	47	91	60	0.999898	0.998668	0.996015	0
PBC69394_skip_806a2b99_641f1589_143.pod5	86bb25c5-c85d-49b4-a818-c0e27abd2aec	641f15894b0cb45e826e64f30ff2cdbd6fc30a48	2528	1	218482	9.2162	218482	9.2142	3307	9.19562	unclassified	chr18	65692332	65695686	49	3298	+	3414	3189	3003	60	165	186	60	0.982461	0.941675	0.879613	0
PBC69394_skip_806a2b99_641f1589_143.pod5	ccfcaede-f208-40ea-be36-97697aa32f22	641f15894b0cb45e826e64f30ff2cdbd6fc30a48	278	2	218462	23.1584	218462	23.0124	9734	24.9209	unclassified	chr7	6063935	6072182	0	9728	+	9751	8224	8200	1504	23	24	60	0.999384	0.997082	0.840939	0
PBC69394_skip_806a2b99_641f1589_143.pod5	a1120d37-5ad3-468f-ad38-68c66deb5034	641f15894b0cb45e826e64f30ff2cdbd6fc30a48	2671	4	218448	31.861	218448	31.859	11914	30.4195	unclassified	chr3	50065581	50077452	32	11910	+	11891	11858	11843	20	13	15	60	0.996978	0.998735	0.995963	0
PBC69394_skip_806a2b99_641f1589_143.pod5	e8e6aafb-efcd-4a43-9be3-d3a8a1352cd0	641f15894b0cb45e826e64f30ff2cdbd6fc30a48	2761	3	218501	1.8004	218501	1.7984	368	3.25116	unclassified	*	-1	-1	-1	-1	*	0	0	0	0	0	0	0	0	0	0	0
PBC69394_skip_806a2b99_641f1589_143.pod5	d8241c25-5c1a-40ec-9272-570d0de4a79b	641f15894b0cb45e826e64f30ff2cdbd6fc30a48	2531	1	218428	48.8272	218428	48.8252	11402	20.2235	unclassified	chr7	18054510	18065899	7	11373	-	11421	11334	11281	32	55	53	60	0.996843	0.995324	0.987742	0
PBC69394_skip_806a2b99_641f1589_143.pod5	d0e9e39e-21c7-4d88-8dac-e88a193d300f	641f15894b0cb45e826e64f30ff2cdbd6fc30a48	1090	4	218475	23.7044	218475	23.5548	9617	29.1379	unclassified	chr4	99545497	99555109	0	9611	+	9616	9607	9597	4	5	10	60	0.999376	0.998959	0.998024	0
PBC69394_skip_806a2b99_641f1589_143.pod5	ec6834aa-588c-4008-8f07-04b255abd5ef	641f15894b0cb45e826e64f30ff2cdbd6fc30a48	1303	4	218455	28.8968	218455	28.7484	14195	26.1698	unclassified	chrX	55621308	55635504	10	14192	-	14210	14168	14153	14	28	15	60	0.999084	0.998941	0.995989	0
PBC69394_skip_806a2b99_641f1589_143.pod5	8b633c34-9165-46ec-8e79-d6949a8cf05b	641f15894b0cb45e826e64f30ff2cdbd6fc30a48	951	3	219956	213.123	219956	212.988	85690	27.2521	unclassified	chr14	71339634	71425350	0	85681	+	85818	85579	85473	102	137	106	60	0.999895	0.998761	0.99598	0
PBC69394_skip_806a2b99_641f1589_143.pod5	cfbf3567-02cb-43d4-b68f-02c6fab9622a	641f15894b0cb45e826e64f30ff2cdbd6fc30a48	2676	3	218500	3.1976	218500	3.036	1100	27.2755	unclassified	chr2	231341585	231342673	0	1100	+	1100	1088	1087	12	0	1	60	1	0.999081	0.988182	0
PBC69394_skip_806a2b99_641f1589_143.pod5	383062ff-0c51-40d7-bf2d-b26c4d2083a6	641f15894b0cb45e826e64f30ff2cdbd6fc30a48	705	2	218475	14.4428	218475	14.2092	5242	22.8338	unclassified	chr2	42567792	42573038	0	5242	+	5261	5227	5213	15	19	14	60	1	0.997322	0.990876	0
PBC69394_skip_806a2b99_641f1589_143.pod5	acbfdaad-2687-4f24-851e-6ed273ba6afc	641f15894b0cb45e826e64f30ff2cdbd6fc30a48	1090	4	218499	7.826	218499	7.7172	3098	25.5358	unclassified	chr3	183186	186285	2	3098	-	3103	3092	3083	4	7	9	60	0.999354	0.997089	0.993555	0
PBC69394_skip_806a2b99_641f1589_143.pod5	9cbb05fa-4604-4937-bb92-536c31c7330f	641f15894b0cb45e826e64f30ff2cdbd6fc30a48	653	2	220574	145.617	220574	145.355	36212	27.3496	unclassified	chr11	76295379	76331583	0	36206	+	36262	36148	36090	58	56	58	60	0.999834	0.998396	0.995257	0
PBC69394_skip_806a2b99_641f1589_143.pod5	42e5b47c-6d71-40d1-82df-cef740c9c95e	641f15894b0cb45e826e64f30ff2cdbd6fc30a48	883	1	220444	136.63	220444	136.628	51503	25.5121	unclassified	chr7	141650208	141701708	15	51495	+	51575	51405	51322	75	95	83	60	0.999553	0.998385	0.995095	0
PBC69394_skip_806a2b99_641f1589_143.pod5	71449e07-e957-40ff-a422-db211594dd85	641f15894b0cb45e826e64f30ff2cdbd6fc30a48	1732	1	218448	32.15	218448	32.148	14303	24.0549	unclassified	chr19	16141221	16155520	34	14303	+	14327	14241	14191	28	58	50	60	0.997623	0.996489	0.990507	0
PBC69394_skip_806a2b99_641f1589_143.pod5	7afe02c4-7bb5-4596-a41b-69a2fb160a75	641f15894b0cb45e826e64f30ff2cdbd6fc30a48	1542	2	218443	44.1188	218444	44.0052	19956	29.4469	unclassified	chr1	79716725	79736686	5	19956	-	19979	19933	19904	18	28	29	60	0.999749	0.998545	0.996246	0
PBC69394_skip_806a2b99_641f1589_143.pod5	45eca8b8-99da-4666-859b-5b55f64ddfcc	641f15894b0cb45e826e64f30ff2cdbd6fc30a48	2911	4	218418	62.4588	218418	62.4568	25079	28.3311	unclassified	chr5	87315133	87340180	0	25047	-	25062	25032	25017	15	15	15	60	0.998724	0.999401	0.998204	0
PBC69394_skip_806a2b99_641f1589_143.pod5	e22261c4-c926-42da-8688-9329d615e026	641f15894b0cb45e826e64f30ff2cdbd6fc30a48	2528	1	218492	17.0708	218492	16.9116	6543	29.7201	unclassified	chr2	184268313	184273654	1202	6543	-	5344	5338	5334	3	3	4	60	0.816292	0.999251	0.998129	0
PBC69394_skip_806a2b99_641f1589_143.pod5	04f37797-b02e-4dc3-ae82-e450ab54c85d	641f15894b0cb45e826e64f30ff2cdbd6fc30a48	2356	4	218511	1.4468	218512	1.3476	555	19.6337	unclassified	chr12	71343787	71344344	0	555	-	561	551	549	4	6	2	60	1	0.99637	0.97861	0
PBC69394_skip_806a2b99_641f1589_143.pod5	ea641be4-a744-48ad-b269-07408b66c851	641f15894b0cb45e826e64f30ff2cdbd6fc30a48	1303	4	218484	22.6592	218484	22.5048	9971	28.7168	unclassified	chr1	27247343	27257302	0	9964	+	9975	9948	9938	16	11	10	60	0.999298	0.998995	0.996291	0
PBC69394_skip_806a2b99_641f1589_143.pod5	3e8c07b7-5292-405e-809f-2c29a7ee3097	641f15894b0cb45e826e64f30ff2cdbd6fc30a48	2356	4	218486	25.1432	218486	25.0296	9522	31.3233	unclassified	chr8	25010788	25020303	5	9522	-	9529	9503	9492	14	12	11	60	0.999475	0.998842	0.996117	0
PBC69394_skip_806a2b99_641f1589_143.pod5	ea5e5579-f870-413e-aa60-a0d4dbe70798	641f15894b0cb45e826e64f30ff2cdbd6fc30a48	2388	3	218407	71.1956	218408	71.0244	26399	27.667	unclassified	chr8	57054159	57074749	0	26396	+	26407	20579	20568	5817	11	11	60	0.999886	0.999465	0.778884	0
PBC69394_skip_806a2b99_641f1589_143.pod5	e9f95403-4e70-4d88-a48e-a72f1b4884d4	641f15894b0cb45e826e64f30ff2cdbd6fc30a48	895	2	220202	222.758	220203	222.565	72547	27.3378	unclassified	chr6	26864836	26937388	0	72547	-	72666	72433	72328	114	119	105	60	1	0.99855	0.995349	0
PBC69394_skip_806a2b99_641f1589_143.pod5	4c446936-2a9e-494b-929b-bd096184f5cc	641f15894b0cb45e826e64f30ff2cdbd6fc30a48	2676	3	218442	50.0432	218443	49.9152	19744	30.5789	unclassified	chr7	51395801	51415553	0	19738	+	19766	19724	19678	14	28	46	60	0.999696	0.997668	0.995548	0
PBC69394_skip_806a2b99_641f1589_143.pod5	2c41959c-49ee-43e7-8005-bc00e1f1a725	641f15894b0cb45e826e64f30ff2cdbd6fc30a48	278	2	219206	345.795	219206	345.667	136358	23.9235	unclassified	chr8	110559962	110695776	599	136358	-	135932	135641	135533	118	173	108	60	0.995607	0.999204	0.997065	0
PBC69394_skip_806a2b99_641f1589_143.pod5	456f2616-b1a7-40f5-9551-d083422439b3	641f15894b0cb45e826e64f30ff2cdbd6fc30a48	2531	1	218477	25.3496	218477	25.2192	9455	25.4198	unclassified	chrX	79661661	79675179	0	9448	+	13532	9434	9381	14	4084	53	60	0.99926	0.994382	0.693246	0
PBC69394_skip_806a2b99_641f1589_143.pod5	25ab3bde-9e5b-4294-93b7-0c84028038e3	641f15894b0cb45e826e64f30ff2cdbd6fc30a48	2911	4	218482	24.3068	218482	24.3048	9719	28.9079	unclassified	chr6	169769627	169779324	0	9690	-	9701	9686	9679	4	11	7	60	0.997016	0.999277	0.997732	0
PBC69394_skip_806a2b99_641f1589_143.pod5	824e2f05-8633-4b10-92e6-81534a5387c0	641f15894b0cb45e826e64f30ff2cdbd6fc30a48	2095	2	218472	28.2896	218473	27.9792	12463	24.8074	unclassified	chr18	31588540	31601006	6	12463	-	12484	12439	12423	18	27	16	60	0.999519	0.998714	0.995114	0
PBC69394_skip_806a2b99_641f1589_143.pod5	aa7861c7-24c4-47d7-9f7a-57c6d334affa	641f15894b0cb45e826e64f30ff2cdbd6fc30a48	574	1	220334	195.638	220334	195.539	81544	27.5201	unclassified	chr4	105177006	105258536	11	81544	-	81620	81443	81360	90	87	83	60	0.999865	0.998981	0.996814	0
PBC69394_skip_806a2b99_641f1589_143.pod5	476b0199-4b3f-4587-a501-d94cc1bc4cd1	641f15894b0cb45e826e64f30ff2cdbd6fc30a48	1251	2	218508	9.2542	218508	9.2522	1704	2.74878	unclassified	*	-1	-1	-1	-1	*	0	0	0	0	0	0	0	0	0	0	0
PBC69394_skip_806a2b99_641f1589_143.pod5	8e432a07-ab1e-46a5-8681-511b4ae3e90a	641f15894b0cb45e826e64f30ff2cdbd6fc30a48	927	4	218522	5.2868	218522	5.2848	1533	4.96003	unclassified	*	-1	-1	-1	-1	*	0	0	0	0	0	0	0	0	0	0	0
PBC69394_skip_806a2b99_641f1589_143.pod5	aaa98173-5491-4d0f-b546-bdd22549a84b	641f15894b0cb45e826e64f30ff2cdbd6fc30a48	705	2	218499	19.6676	218500	19.506	7009	29.5827	unclassified	chr2	30618926	30625940	0	7003	+	7015	7002	6994	1	12	8	60	0.999144	0.998857	0.997006	0
PBC69394_skip_806a2b99_641f1589_143.pod5	2069cf27-45a7-40a2-9d28-8643de15df29	641f15894b0cb45e826e64f30ff2cdbd6fc30a48	1542	2	218488	25.0472	218488	24.9672	10055	30.1892	unclassified	chr6	85950929	85960999	0	10050	+	10075	10045	10015	5	25	30	60	0.999503	0.997013	0.994045	0
PBC69394_skip_806a2b99_641f1589_143.pod5	daa367d8-42f7-4a8c-a697-f94bd2a547dd	641f15894b0cb45e826e64f30ff2cdbd6fc30a48	1098	2	218523	3.7404	218523	3.7384	1143	11.9675	unclassified	chrX	29087587	29088673	29	1106	+	1107	1056	1032	21	30	24	60	0.942257	0.977273	0.932249	0
PBC69394_skip_806a2b99_641f1589_143.pod5	2137199a-88b3-4f47-8e4f-f52dda874689	641f15894b0cb45e826e64f30ff2cdbd6fc30a48	2388	3	218480	38.3708	218480	38.2332	13740	27.8037	unclassified	chr9	15306414	15315775	0	9366	+	9379	9348	9336	18	13	12	60	0.681659	0.998716	0.995415	0
PBC69394_skip_806a2b99_641f1589_143.pod5	cf993928-81df-4d9c-b02b-36da99db81cb	641f15894b0cb45e826e64f30ff2cdbd6fc30a48	2395	2	218483	24.5252	218483	24.3996	9839	27.8484	unclassified	chr12	113177989	113187826	7	9839	-	9850	9819	9814	13	18	5	60	0.999289	0.999491	0.996345	0
PBC69394_skip_806a2b99_641f1589_143.pod5	e96593a8-38ae-4ad0-b1ce-cc803cf8fa5e	641f15894b0cb45e826e64f30ff2cdbd6fc30a48	1251	2	218518	7.7912	218518	7.7892	1401	3.00551	unclassified	*	-1	-1	-1	-1	*	0	0	0	0	0	0	0	0	0	0	0
PBC69394_skip_806a2b99_641f1589_143.pod5	f3c9cb35-2923-4dd7-b4f1-07ad0922f61e	641f15894b0cb45e826e64f30ff2cdbd6fc30a48	1610	3	218475	37.9448	218475	37.8408	15173	20.0743	unclassified	chr6	107475516	107490655	6	15173	-	15234	15072	15002	95	67	70	60	0.999605	0.995356	0.984771	0
PBC69394_skip_806a2b99_641f1589_143.pod5	f1351cdb-9616-4eb4-8384-d714432e14ef	641f15894b0cb45e826e64f30ff2cdbd6fc30a48	2613	4	218452	43.0664	218452	42.9888	17660	25.2653	unclassified	chrX	122970692	122988352	0	17660	-	17691	17629	17581	31	31	48	60	1	0.997277	0.993782	0
PBC69394_skip_806a2b99_641f1589_143.pod5	530a0917-c435-46df-a97c-19c1e438f045	641f15894b0cb45e826e64f30ff2cdbd6fc30a48	617	4	218487	26.6804	218487	26.5788	11103	23.7855	unclassified	chr5	52637841	52648958	0	11103	-	11144	11076	11048	27	41	28	60	1	0.997472	0.991386	0
PBC69394_skip_806a2b99_641f1589_143.pod5	96344098-b3b6-45a7-97ac-fa3fc7f4ab91	641f15894b0cb45e826e64f30ff2cdbd6fc30a48	2911	4	218507	21.4332	218507	21.4312	8477	28.0379	unclassified	chr2	70785794	70794238	10	8435	-	8450	8419	8385	6	25	34	60	0.993866	0.995961	0.992308	0
PBC69394_skip_806a2b99_641f1589_143.pod5	de3ae6f5-a03f-4af9-8582-4dac1c560a95	641f15894b0cb45e826e64f30ff2cdbd6fc30a48	2911	4	218528	3.41	218528	3.2808	1644	25.0467	unclassified	chr15	21007477	21009104	12	1643	-	1633	1625	1620	6	2	5	14	0.992092	0.996923	0.992039	0
PBC69394_skip_806a2b99_641f1589_143.pod5	43a76229-ffe0-4e25-b11b-0845d7aa8ea4	641f15894b0cb45e826e64f30ff2cdbd6fc30a48	27	3	218488	34.2056	218488	34.0872	13116	29.9029	unclassified	chr18	35627509	35640608	7	13116	-	13114	13094	13059	15	5	35	60	0.999466	0.997327	0.995806	0
PBC69394_skip_806a2b99_641f1589_143.pod5	c8f5be6e-222f-4f47-b3a3-551b448912cc	641f15894b0cb45e826e64f30ff2cdbd6fc30a48	686	1	220251	254	220251	253.998	64221	2.40593	unclassified	*	-1	-1	-1	-1	*	0	0	0	0	0	0	0	0	0	0	0
PBC69394_skip_806a2b99_641f1589_143.pod5	99295e79-53eb-4dde-9ea7-7337dbfb91fb	641f15894b0cb45e826e64f30ff2cdbd6fc30a48	672	1	220430	177.885	220430	177.743	48063	27.4249	unclassified	chr19	889585	937664	0	48054	+	48178	47955	47872	99	124	83	60	0.999813	0.998269	0.993649	0
PBC69394_skip_806a2b99_641f1589_143.pod5	b855adef-5bfa-4aa6-b530-2f3940cf1010	641f15894b0cb45e826e64f30ff2cdbd6fc30a48	2299	2	218411	73.3154	218411	73.3134	26346	21.9349	unclassified	chr12	6750065	6776390	40	26340	+	26402	26223	26111	77	102	112	60	0.998254	0.995729	0.988978	0
PBC69394_skip_806a2b99_641f1589_143.pod5	90137ded-5c57-4f94-9193-852cdc2c8ebf	641f15894b0cb45e826e64f30ff2cdbd6fc30a48	1303	4	218507	22.22	218507	22.0512	10414	24.5799	unclassified	chr1	208353077	208363514	11	10414	-	10451	10389	10373	14	48	16	60	0.998944	0.99846	0.992537	0
PBC69394_skip_806a2b99_641f1589_143.pod5	590b5649-66c7-44ee-8c17-4de2d9fcc005	641f15894b0cb45e826e64f30ff2cdbd6fc30a48	617	4	217848	294.784	217848	294.712	130582	27.6316	unclassified	chr11	61731516	61845423	16778	130576	+	114018	113687	113501	111	220	186	60	0.871468	0.998364	0.995466	0
PBC69394_skip_806a2b99_641f1589_143.pod5	f26edf27-7ab0-4576-b0aa-278f6b2b27a5	641f15894b0cb45e826e64f30ff2cdbd6fc30a48	1028	4	218453	35.3396	218454	35.2332	14958	29.8049	unclassified	chr20	27680512	27695840	0	14958	-	15685	14601	14124	357	727	477	1	1	0.967331	0.900478	0
PBC69394_skip_806a2b99_641f1589_143.pod5	b460d7a1-77cf-4936-8803-ec18c959dff7	641f15894b0cb45e826e64f30ff2cdbd6fc30a48	1984	4	218523	9.7464	218523	9.7444	2126	2.58229	unclassified	*	-1	-1	-1	-1	*	0	0	0	0	0	0	0	0	0	0	0
PBC69394_skip_806a2b99_641f1589_143.pod5	a5793712-10d8-4ec4-914f-b2ca729809c7	641f15894b0cb45e826e64f30ff2cdbd6fc30a48	2095	2	218514	18.5624	218514	18.4488	7478	23.4164	unclassified	chr12	18202257	18209739	7	7478	-	7495	7458	7440	13	24	18	60	0.999064	0.997586	0.992662	0
PBC69394_skip_806a2b99_641f1589_143.pod5	3e39c256-39b3-4e26-876d-63f4e3fbc2ac	641f15894b0cb45e826e64f30ff2cdbd6fc30a48	2911	4	218532	3.6848	218532	3.5604	1455	27.5328	unclassified	chr5	4050796	4052257	0	1455	-	1462	1454	1449	1	7	5	60	1	0.996561	0.991108	0
PBC69394_skip_806a2b99_641f1589_143.pod5	6e707edf-8083-4a5f-bdfb-47c332ef0b6c	641f15894b0cb45e826e64f30ff2cdbd6fc30a48	2528	1	218511	18.1062	218511	18.1042	9578	23.9903	unclassified	chr1	100083448	100093031	10	9549	-	9590	9532	9516	7	51	16	60	0.995928	0.998321	0.992284	0
PBC69394_skip_806a2b99_641f1589_143.pod5	032efb9d-d9b3-4d82-8939-32df6ce43241	641f15894b0cb45e826e64f30ff2cdbd6fc30a48	2341	2	218522	7.6356	218522	7.6336	2846	19.3039	unclassified	chr15	86261710	86264501	7	2814	-	2817	2781	2758	26	10	23	60	0.986297	0.99173	0.979056	0
PBC69394_skip_806a2b99_641f1589_143.pod5	7ecac3a6-e68b-4cf2-9fb1-707c5fe3f53d	641f15894b0cb45e826e64f30ff2cdbd6fc30a48	1834	1	218535	4.9052	218535	4.7772	1859	29.9872	unclassified	chr6	165910770	165912621	7	1859	-	1852	1851	1850	1	0	1	60	0.996235	0.99946	0.99892	0
PBC69394_skip_806a2b99_641f1589_143.pod5	1fb1e9c5-f3be-45a1-a85c-8850f2aca682	641f15894b0cb45e826e64f30ff2cdbd6fc30a48	2334	1	218530	7.6938	218530	7.6918	3331	9.80347	unclassified	chr5	22217747	22221109	7	3297	-	3448	3204	3000	86	158	204	60	0.987691	0.93633	0.87007	0
PBC69394_skip_806a2b99_641f1589_143.pod5	8696356c-1d95-4c0e-bdb0-467b3ac3a392	641f15894b0cb45e826e64f30ff2cdbd6fc30a48	1028	4	218498	18.1928	218498	18.0576	7912	33.8237	unclassified	chr18	16738448	16745980	38	7912	-	7883	7523	7396	351	9	127	1	0.995197	0.983118	0.938222	0
PBC69394_skip_806a2b99_641f1589_143.pod5	42fece56-0b40-4c93-ad6f-52bf9b72c263	641f15894b0cb45e826e64f30ff2cdbd6fc30a48	2613	4	218499	21.4028	218499	21.2892	9199	27.3543	unclassified	chr1	18075094	18084279	5	9199	-	9205	9174	9152	20	11	22	60	0.999456	0.997602	0.994242	0
PBC69394_skip_806a2b99_641f1589_143.pod5	428be3d3-9fcd-4df5-9d0f-d4eeb6f1d5ba	641f15894b0cb45e826e64f30ff2cdbd6fc30a48	2647	1	218516	11.6084	218516	11.4276	4620	29.9336	unclassified	chr1	226776132	226780743	0	4613	+	4614	4610	4603	3	1	7	60	0.998485	0.998482	0.997616	0
PBC69394_skip_806a2b99_641f1589_143.pod5	82254de8-5e90-4a81-800d-fa3048bafddc	641f15894b0cb45e826e64f30ff2cdbd6fc30a48	328	1	220287	211.778	220287	211.686	95255	12.6856	unclassified	chr21	7760628	7856775	0	95255	-	97734	93668	90905	1587	2479	2763	18	1	0.970502	0.930127	0
PBC69394_skip_806a2b99_641f1589_143.pod5	75fd2292-a20c-4dbd-87c2-7302bfa110a1	641f15894b0cb45e826e64f30ff2cdbd6fc30a48	2528	1	218534	8.7248	218534	8.5872	3156	30.3989	unclassified	chr2	103854546	103857686	13	3156	-	3145	3138	3135	5	2	3	60	0.995881	0.999044	0.99682	0
PBC69394_skip_806a2b99_641f1589_143.pod5	84a4ee4d-470f-4f3f-b556-2130c36e0e64	641f15894b0cb45e826e64f30ff2cdbd6fc30a48	514	2	219876	984.923	219876	984.921	243619	2.96762	unclassified	*	-1	-1	-1	-1	*	0	0	0	0	0	0	0	0	0	0	0
PBC69394_skip_806a2b99_641f1589_143.pod5	6c55247f-58a2-467e-9f21-0460f0b0eb21	641f15894b0cb45e826e64f30ff2cdbd6fc30a48	2341	2	218483	36.1676	218483	36.042	14733	23.4308	unclassified	chr7	20465066	20479792	0	14726	+	14756	14696	14669	30	30	27	60	0.999525	0.998163	0.994104	0
PBC69394_skip_806a2b99_641f1589_143.pod5	1760b379-da26-46f9-8303-6aff7e9fc3fd	641f15894b0cb45e826e64f30ff2cdbd6fc30a48	95	4	218494	22.0268	218494	21.9384	8935	24.4112	unclassified	chr1	5294721	5303666	0	8935	+	8957	8923	8906	12	22	17	60	1	0.998095	0.994306	0
PBC69394_skip_806a2b99_641f1589_143.pod5	1c35b3b3-831e-43d1-9c76-9edc0cd9b861	641f15894b0cb45e826e64f30ff2cdbd6fc30a48	1891	3	218465	44.9816	218465	44.8464	19736	25.6965	unclassified	chr3	169420678	169440400	0	19730	+	19762	19690	19639	40	32	51	60	0.999696	0.99741	0.993776	0
PBC69394_skip_806a2b99_641f1589_143.pod5	586c9b77-b6a2-4258-9878-bc4c1fec6729	641f15894b0cb45e826e64f30ff2cdbd6fc30a48	2647	1	218417	89.786	218417	89.6868	32408	18.3855	unclassified	chr7	5196037	5227557	970	32408	-	31577	31381	31275	57	139	106	60	0.970069	0.996622	0.990436	0
PBC69394_skip_806a2b99_641f1589_143.pod5	705d130c-db8e-401f-98e5-e7403d6399a1	641f15894b0cb45e826e64f30ff2cdbd6fc30a48	580	3	218461	56.1968	218461	56.106	21649	23.333	unclassified	chr6	132265071	132286762	0	21645	+	21734	21602	21556	43	89	46	60	0.999815	0.997871	0.99181	0
PBC69394_skip_806a2b99_641f1589_143.pod5	c1f4f358-ef70-4ef9-b4d0-4ab7f67362bf	641f15894b0cb45e826e64f30ff2cdbd6fc30a48	1090	4	218545	2.7956	218545	2.6856	1126	34.9672	unclassified	chr14	81782150	81783268	1	1120	+	1119	1118	1117	1	0	1	60	0.993783	0.999106	0.998213	0
PBC69394_skip_806a2b99_641f1589_143.pod5	059928fe-e15b-4a1e-aad1-a48a3a6a7db9	641f15894b0cb45e826e64f30ff2cdbd6fc30a48	2761	3	218546	2.1902	218546	2.1882	532	2.68057	unclassified	*	-1	-1	-1	-1	*	0	0	0	0	0	0	0	0	0	0	0
PBC69394_skip_806a2b99_641f1589_143.pod5	9174fe16-9582-4583-b142-bca6601703c9	641f15894b0cb45e826e64f30ff2cdbd6fc30a48	2388	3	218519	22.2068	218519	22.02	7423	35.0484	unclassified	chr13	59588818	59596242	0	7423	-	7434	7413	7370	10	11	43	60	1	0.994199	0.991391	0
PBC69394_skip_806a2b99_641f1589_143.pod5	36bb9431-2926-4459-871a-114b69696f0b	641f15894b0cb45e826e64f30ff2cdbd6fc30a48	2528	1	218543	4.3812	218543	4.3792	1597	28.763	unclassified	chr2	44056217	44057779	37	1597	+	1562	1560	1560	0	2	0	60	0.976832	1	0.99872	0
PBC69394_skip_806a2b99_641f1589_143.pod5	ec32a55d-5181-4252-b351-dafa18badaed	641f15894b0cb45e826e64f30ff2cdbd6fc30a48	1558	3	218440	78.4626	218440	78.4606	41324	27.1143	unclassified	chr4	62715625	62756963	6	41293	-	41392	41233	41137	54	105	96	60	0.999105	0.997672	0.993839	0
PBC69394_skip_806a2b99_641f1589_143.pod5	a3d2656c-61ff-49ff-be4e-abe3ca5056d4	641f15894b0cb45e826e64f30ff2cdbd6fc30a48	580	3	218530	16.9196	218530	16.83	8014	21.913	unclassified	chr9	10212772	10220788	4	8014	-	8039	7987	7962	23	29	25	60	0.999501	0.99687	0.990422	0
PBC69394_skip_806a2b99_641f1589_143.pod5	fd4cb23f-20a7-4b8f-b475-1e14a9f52239	641f15894b0cb45e826e64f30ff2cdbd6fc30a48	319	3	220385	347.213	220385	347.211	63704	21.9443	unclassified	chr10	8563945	8627075	0	63605	-	63673	63062	62965	543	68	97	60	0.998446	0.998462	0.988881	0
PBC69394_skip_806a2b99_641f1589_143.pod5	8271bbeb-f080-4112-81d4-87efbd3081c2	641f15894b0cb45e826e64f30ff2cdbd6fc30a48	95	4	220111	178.183	220111	178.181	64230	32.1053	unclassified	chr13	17890272	17955129	40	64224	+	66112	62929	61818	1255	1928	1111	1	0.999284	0.982345	0.93505	0
PBC69394_skip_806a2b99_641f1589_143.pod5	04b8f5b8-51c9-4c89-a65d-3ac4bd2b2401	641f15894b0cb45e826e64f30ff2cdbd6fc30a48	1558	3	218550	1.4708	218550	1.3836	557	31.9211	unclassified	chr17	5660665	5661209	0	545	+	545	544	544	1	0	0	60	0.978456	1	0.998165	0
PBC69394_skip_806a2b99_641f1589_143.pod5	cace513e-fe5e-49e1-bd37-98c9fba441e7	641f15894b0cb45e826e64f30ff2cdbd6fc30a48	2676	3	218528	15.6404	218529	15.4836	6289	27.5974	unclassified	chr7	92785684	92791970	0	6282	+	6291	6277	6272	5	9	5	60	0.998887	0.999203	0.99698	0
PBC69394_skip_806a2b99_641f1589_143.pod5	e2425192-07cf-4264-b2e9-bbcb6bfea8be	641f15894b0cb45e826e64f30ff2cdbd6fc30a48	2388	3	218541	4.2488	218541	4.2468	2066	27.9823	unclassified	chr21	8459129	8461150	40	2066	+	2032	2015	2015	11	6	0	0	0.980639	1	0.991634	0
PBC69394_skip_806a2b99_641f1589_143.pod5	78916861-27b3-44b4-b067-b75504ffcf2e	641f15894b0cb45e826e64f30ff2cdbd6fc30a48	2356	4	218513	26.0104	218513	26.0084	11423	24.3636	unclassified	chr11	34063648	34075032	6	11395	-	11408	11365	11340	24	19	25	60	0.997024	0.9978	0.994039	0
PBC69394_skip_806a2b99_641f1589_143.pod5	ceedf2b7-535b-40b8-8282-508e332c6383	641f15894b0cb45e826e64f30ff2cdbd6fc30a48	27	3	218550	5.0742	218550	5.0722	2279	22.7948	unclassified	chr7	1336027	1338256	44	2274	+	2247	2212	2203	18	17	9	60	0.978499	0.995931	0.980418	0
PBC69394_skip_806a2b99_641f1589_143.pod5	9676265f-d7b5-4dbf-a2c1-fb9e87c36097	641f15894b0cb45e826e64f30ff2cdbd6fc30a48	1834	1	218496	35.0036	218496	34.9044	13686	14.0215	unclassified	chr3	70636650	70649026	0	12375	+	12385	12366	12340	9	10	26	60	0.904209	0.997897	0.996367	0
PBC69394_skip_806a2b99_641f1589_143.pod5	5864f021-f614-4a1d-a8c2-0e17d26ce402	641f15894b0cb45e826e64f30ff2cdbd6fc30a48	332	4	220140	231.2	220140	231.043	86203	27.2987	unclassified	chr15	89284924	89369971	9	86203	-	86510	84731	84562	1463	316	169	60	0.999896	0.998005	0.977482	0
PBC69394_skip_806a2b99_641f1589_143.pod5	dbc94871-3b77-474d-b3ca-827d56ff2b71	641f15894b0cb45e826e64f30ff2cdbd6fc30a48	1098	2	218417	100.247	218417	100.245	32924	9.94154	unclassified	chr11	126117461	126151022	33	32920	+	34504	31944	30101	943	1617	1843	60	0.998876	0.942305	0.872392	0
PBC69394_skip_806a2b99_641f1589_143.pod5	bc52b182-13a8-4c76-bc39-4702ff201038	641f15894b0cb45e826e64f30ff2cdbd6fc30a48	2531	1	218504	29.0648	218504	28.9332	10927	26.3285	unclassified	chrX	1149780	1159089	7	10926	-	11231	8997	8934	1922	312	63	60	0.999268	0.992998	0.795477	0
PBC69394_skip_806a2b99_641f1589_143.pod5	83198214-6690-4f50-b473-9c44cbab4795	641f15894b0cb45e826e64f30ff2cdbd6fc30a48	1090	4	218507	35.1368	218507	35.0208	14198	27.2998	unclassified	chr11	1537657	1550445	1401	14198	+	12815	12770	12716	27	18	54	60	0.901324	0.995771	0.992275	0
PBC69394_skip_806a2b99_641f1589_143.pod5	64f7e55d-f033-4ef7-810d-f1f29854931b	641f15894b0cb45e826e64f30ff2cdbd6fc30a48	1891	3	218556	2.02	218556	2.018	931	25.7799	unclassified	*	-1	-1	-1	-1	*	0	0	0	0	0	0	0	0	0	0	0
PBC69394_skip_806a2b99_641f1589_143.pod5	31b3ccda-7587-4771-8f5c-da15cbe2dcfc	641f15894b0cb45e826e64f30ff2cdbd6fc30a48	2712	3	218467	56.2778	218467	56.2758	18070	23.151	unclassified	chr13	65423970	65442015	0	18042	-	18081	18006	17941	36	39	65	60	0.99845	0.99639	0.992257	0
PBC69394_skip_806a2b99_641f1589_143.pod5	907c48ae-06a5-47d9-8d0e-0127d1b45f2f	641f15894b0cb45e826e64f30ff2cdbd6fc30a48	2712	3	218530	15.4924	218530	15.4904	6009	29.5307	unclassified	chr6	145628619	145634590	33	6002	+	5975	5965	5952	4	6	13	60	0.993343	0.997821	0.996151	0
PBC69394_skip_806a2b99_641f1589_143.pod5	38b9d9d9-cd2c-439e-9b3c-67f661d05cae	641f15894b0cb45e826e64f30ff2cdbd6fc30a48	2712	3	218546	10.9998	218546	10.9978	3893	28.0364	unclassified	chrX	114556688	114560535	33	3880	+	3850	3844	3839	3	3	5	60	0.988184	0.998699	0.997143	0
PBC69394_skip_806a2b99_641f1589_143.pod5	0b7d5534-549f-4b62-bd25-072d288adb5e	641f15894b0cb45e826e64f30ff2cdbd6fc30a48	1504	3	218491	56.588	218492	56.4312	18371	26.9901	unclassified	chr15	24771141	24789526	6	18371	-	18398	18352	18321	13	33	31	60	0.999673	0.998311	0.995815	0
PBC69394_skip_806a2b99_641f1589_143.pod5	0dbdbd1e-6857-4461-9111-14fd5d8e8a56	641f15894b0cb45e826e64f30ff2cdbd6fc30a48	1504	3	218562	3.812	218562	3.81	1193	25.3374	unclassified	chr11	103255520	103256677	0	1157	-	1159	1155	1153	2	2	2	60	0.969824	0.998268	0.994823	0
PBC69394_skip_806a2b99_641f1589_143.pod5	d3048e4a-26c2-4334-952c-ff315fae3c53	641f15894b0cb45e826e64f30ff2cdbd6fc30a48	1303	4	218538	18.9896	218538	18.864	7700	23.7825	unclassified	chr1	224505435	224513133	0	7690	+	7709	7679	7656	11	19	23	60	0.998701	0.997005	0.993125	0
PBC69394_skip_806a2b99_641f1589_143.pod5	e3618ca8-c31a-4146-a364-9e3dace8b85b	641f15894b0cb45e826e64f30ff2cdbd6fc30a48	278	2	218550	9.3152	218550	9.2088	3622	28.7736	unclassified	chr13	20767798	20771421	0	3621	+	3628	3616	3609	5	7	7	60	0.999724	0.998064	0.994763	0
PBC69394_skip_806a2b99_641f1589_143.pod5	b1c325b9-9b7d-4bce-b5b8-aec46164b461	641f15894b0cb45e826e64f30ff2cdbd6fc30a48	1542	2	218557	5.9024	218557	5.7648	2337	30.4774	unclassified	chr10	114169635	114171967	0	2332	+	2332	2332	2326	0	0	6	60	0.99786	0.997427	0.997427	0
PBC69394_skip_806a2b99_641f1589_143.pod5	f28fac79-a077-4746-abbe-a40d6911fd8d	641f15894b0cb45e826e64f30ff2cdbd6fc30a48	2080	3	218529	28.1864	218529	28.0704	9612	18.3362	unclassified	chrX	75291695	75301336	0	9606	+	9691	9556	9490	50	85	66	60	0.999376	0.993093	0.979259	0
PBC69394_skip_806a2b99_641f1589_143.pod5	10ccf0ea-d2fb-49c3-9904-ec3b9e2ba660	641f15894b0cb45e826e64f30ff2cdbd6fc30a48	1558	3	218524	17.4992	218524	17.3664	7710	26.8263	unclassified	chr8	86980008	86987720	4	7710	-	7717	7701	7688	5	11	13	60	0.999481	0.998312	0.996242	0
PBC69394_skip_806a2b99_641f1589_143.pod5	698e0046-5559-4133-a755-1730dc95bd21	641f15894b0cb45e826e64f30ff2cdbd6fc30a48	1891	3	218513	42.368	218513	42.2568	15869	27.2744	unclassified	chr12	83688014	83703884	0	15869	-	15886	15853	15836	16	17	17	60	1	0.998928	0.996853	0
PBC69394_skip_806a2b99_641f1589_143.pod5	1f542233-fb3d-4b72-b0b8-ac2c7d81f69c	641f15894b0cb45e826e64f30ff2cdbd6fc30a48	1558	3	218557	6.6308	218557	6.4692	2602	23.203	unclassified	chr15	80856844	80859445	0	2597	+	2606	2592	2583	5	9	9	60	0.998078	0.996528	0.991174	0
PBC69394_skip_806a2b99_641f1589_143.pod5	c66fdff8-d77c-4bf2-89f4-33dd4aeaf8d4	641f15894b0cb45e826e64f30ff2cdbd6fc30a48	2395	2	218569	1.7276	218569	1.5492	592	28.4802	unclassified	chr2	111458151	111458742	0	591	+	591	591	591	0	0	0	46	0.998311	1	1	0
PBC69394_skip_806a2b99_641f1589_143.pod5	a5c43ecb-617a-4e0b-b584-9f598a74c3d3	641f15894b0cb45e826e64f30ff2cdbd6fc30a48	927	4	218565	8.0318	218565	8.0298	2164	3.84766	unclassified	*	-1	-1	-1	-1	*	0	0	0	0	0	0	0	0	0	0	0
PBC69394_skip_806a2b99_641f1589_143.pod5	f0b53a82-60b1-41e4-9c16-73dcc1f59e6f	641f15894b0cb45e826e64f30ff2cdbd6fc30a48	1834	1	218540	13.5404	218540	13.4436	5720	28.5032	unclassified	chr19	49518100	49523819	10	5720	-	5724	5705	5704	5	14	1	60	0.998252	0.999825	0.996506	0
PBC69394_skip_806a2b99_641f1589_143.pod5	da147981-73ac-4b8f-966f-356f0cb26146	641f15894b0cb45e826e64f30ff2cdbd6fc30a48	2080	3	218424	104.522	218424	104.406	39710	24.4721	unclassified	chr11	88842190	88881972	0	39710	+	39830	39662	39556	48	120	106	60	1	0.997327	0.993121	0
PBC69394_skip_806a2b99_641f1589_143.pod5	a4130d93-f368-46e2-8188-cb871d5b275a	641f15894b0cb45e826e64f30ff2cdbd6fc30a48	1891	3	218560	11.828	218560	11.7024	4548	29.0153	unclassified	chr4	126631751	126636296	6	4548	-	4551	4536	4531	6	9	5	60	0.998681	0.998898	0.995605	0
PBC69394_skip_806a2b99_641f1589_143.pod5	167f3603-cadd-4351-8dde-ae226cdfb52a	641f15894b0cb45e826e64f30ff2cdbd6fc30a48	2911	4	218543	11.9444	218543	11.7396	4699	29.4632	unclassified	chr11	42101152	42105849	0	4695	-	4701	4691	4688	4	6	3	60	0.999149	0.999361	0.997235	0
PBC69394_skip_806a2b99_641f1589_143.pod5	3a97fe68-6c05-4f55-9ca5-7e9ff3e3beeb	641f15894b0cb45e826e64f30ff2cdbd6fc30a48	2395	2	218562	7.4792	218562	7.344	2874	26.8429	unclassified	chr9	135217447	135220319	0	2868	+	2873	2867	2866	1	5	1	60	0.997912	0.999651	0.997564	0
PBC69394_skip_806a2b99_641f1589_143.pod5	22c1ef72-8468-4ec9-be25-d9104a9b089a	641f15894b0cb45e826e64f30ff2cdbd6fc30a48	2659	3	218562	6.9944	218562	6.8184	2644	28.6316	unclassified	chr6	2982601	2985235	7	2644	-	2639	2632	2626	5	2	6	60	0.997352	0.99772	0.995074	0
PBC69394_skip_806a2b99_641f1589_143.pod5	c56de0d4-7cd0-4a66-b07a-b9d7025fbea1	641f15894b0cb45e826e64f30ff2cdbd6fc30a48	1587	2	218576	3.3272	218576	3.2016	1297	24.7888	unclassified	chr12	20778539	20779838	0	1297	+	1303	1293	1288	4	6	5	60	1	0.996133	0.988488	0
PBC69394_skip_806a2b99_641f1589_143.pod5	bb7e213f-4bb6-4f15-a8a3-6ba81ea33701	641f15894b0cb45e826e64f30ff2cdbd6fc30a48	1587	2	218564	11.582	218564	11.3892	4943	23.2912	unclassified	chr13	74178962	74183897	11	4943	-	4943	4924	4913	8	11	11	60	0.997775	0.997766	0.993931	0
PBC69394_skip_806a2b99_641f1589_143.pod5	d5f457c4-5257-4816-8615-540f75d36940	641f15894b0cb45e826e64f30ff2cdbd6fc30a48	617	4	218520	23.501	218520	23.499	13812	20.0107	unclassified	chr9	77953117	77966950	8	13779	-	13873	13731	13666	40	102	65	60	0.997032	0.995266	0.985079	0
PBC69394_skip_806a2b99_641f1589_143.pod5	ea77a2c9-801c-457a-b8ae-cfe8e0d918dc	641f15894b0cb45e826e64f30ff2cdbd6fc30a48	2659	3	218569	8.2208	218569	8.0784	3140	27.8272	unclassified	chr16	12534384	12537518	0	3133	+	3140	3127	3117	6	7	10	60	0.997771	0.996802	0.992675	0
PBC69394_skip_806a2b99_641f1589_143.pod5	a5ba85cc-f925-4793-a50c-2d2dfd9cfe1b	641f15894b0cb45e826e64f30ff2cdbd6fc30a48	1834	1	218554	13.1528	218555	13.0152	4788	17.4239	unclassified	chr1	232820533	232825205	4	4788	-	4815	4641	4612	143	31	29	60	0.999165	0.993751	0.95784	0
PBC69394_skip_806a2b99_641f1589_143.pod5	9044ed0f-7253-4cb7-90fd-301e6c1a7f6f	641f15894b0cb45e826e64f30ff2cdbd6fc30a48	2334	1	218474	55.8246	218474	55.8226	21476	11.4027	unclassified	chr14	105442493	105464650	10	21429	-	22828	20748	19992	671	1409	756	60	0.997346	0.963563	0.875767	0
PBC69394_skip_806a2b99_641f1589_143.pod5	5efa111e-2afd-48b8-a48c-ac42020923a9	641f15894b0cb45e826e64f30ff2cdbd6fc30a48	1610	3	218561	6.5252	218561	6.3516	2543	20.5528	unclassified	chr4	77563006	77565544	6	2543	-	2553	2522	2509	15	16	13	60	0.997641	0.994845	0.982765	0
PBC69394_skip_806a2b99_641f1589_143.pod5	dec9e1c9-6bf2-45b4-bb19-bff681ec8caa	641f15894b0cb45e826e64f30ff2cdbd6fc30a48	2395	2	218523	29.9772	218523	29.9752	4181	13.2873	unclassified	chr13	17840765	17845141	14	4147	-	4485	4024	3834	109	352	190	1	0.988519	0.952783	0.85485	0
PBC69394_skip_806a2b99_641f1589_143.pod5	83d8bc44-8048-4721-993b-0ee4552be5a5	641f15894b0cb45e826e64f30ff2cdbd6fc30a48	2761	3	218583	4.452	218583	4.45	1047	2.90633	unclassified	*	-1	-1	-1	-1	*	0	0	0	0	0	0	0	0	0	0	0
PBC69394_skip_806a2b99_641f1589_143.pod5	02670d2d-a0ec-41f3-8bf4-f5fc1ce2fff4	641f15894b0cb45e826e64f30ff2cdbd6fc30a48	2341	2	218530	24.644	218530	24.4656	10532	24.0843	unclassified	chr3	120933225	120943758	0	10525	+	10550	10508	10480	17	25	28	60	0.999335	0.997335	0.993365	0
PBC69394_skip_806a2b99_641f1589_143.pod5	2bc6669a-afc6-4da4-8b58-89cc5f8fad7b	641f15894b0cb45e826e64f30ff2cdbd6fc30a48	1891	3	218579	9.968	218579	9.8448	3789	21.8559	unclassified	chr7	48659716	48663518	0	3789	+	3806	3785	3772	4	17	13	60	1	0.996565	0.991067	0
PBC69394_skip_806a2b99_641f1589_143.pod5	05457aa0-8006-4fef-84a9-fe8c21cb0dfe	641f15894b0cb45e826e64f30ff2cdbd6fc30a48	1542	2	218513	43.5596	218514	43.4052	17305	27.1592	unclassified	chr4	75031624	75048930	11	17305	-	17324	17276	17254	18	30	22	60	0.999364	0.998727	0.995959	0
PBC69394_skip_806a2b99_641f1589_143.pod5	8c0daf4a-cbb6-4b21-b44d-f8a07667632a	641f15894b0cb45e826e64f30ff2cdbd6fc30a48	2428	2	218582	7.4132	218582	7.2108	2504	27.5334	unclassified	chr2	45324084	45326578	0	2498	+	2501	2491	2489	7	3	2	60	0.997604	0.999197	0.995202	0
PBC69394_skip_806a2b99_641f1589_143.pod5	00021fde-f9db-4e6a-b157-be32d0f419a3	641f15894b0cb45e826e64f30ff2cdbd6fc30a48	2395	2	218574	14.7152	218574	14.5944	5553	29.8021	unclassified	chr11	91864976	91870521	0	5546	+	5550	5541	5530	5	4	11	60	0.998739	0.998015	0.996396	0
PBC69394_skip_806a2b99_641f1589_143.pod5	c5b54af5-3fb7-4b00-b230-1203f1fe94e7	641f15894b0cb45e826e64f30ff2cdbd6fc30a48	2428	2	218515	31.2968	218515	31.0848	11210	29.3111	unclassified	chr12	109086846	109098047	7	11210	-	11221	11183	11168	20	18	15	60	0.999376	0.998659	0.995277	0
PBC69394_skip_806a2b99_641f1589_143.pod5	99fe0402-7a91-408c-8aaa-06fd6eef8e1c	641f15894b0cb45e826e64f30ff2cdbd6fc30a48	658	4	218560	13.528	218560	13.526	5108	16.875	unclassified	chr3	2762211	2767319	38	5102	+	5149	5023	4935	41	85	88	60	0.991386	0.982481	0.958439	0
PBC69394_skip_806a2b99_641f1589_143.pod5	796a3dc7-d3a8-4c00-8491-fbb2d295e374	641f15894b0cb45e826e64f30ff2cdbd6fc30a48	2761	3	218554	1.3534	218554	1.3514	346	2.34774	unclassified	*	-1	-1	-1	-1	*	0	0	0	0	0	0	0	0	0	0	0
PBC69394_skip_806a2b99_641f1589_143.pod5	382478d1-f604-4c3a-8fd4-bd8ef25cf854	641f15894b0cb45e826e64f30ff2cdbd6fc30a48	1449	4	218583	11.5056	218583	11.5036	4592	19.2463	unclassified	chr1	46265257	46269833	31	4588	+	4592	4541	4519	16	35	22	60	0.992378	0.995155	0.984103	0
PBC69394_skip_806a2b99_641f1589_143.pod5	90814a0f-ec50-4612-bb00-34568337225b	641f15894b0cb45e826e64f30ff2cdbd6fc30a48	1587	2	218518	43.6028	218518	43.6008	19421	21.4479	unclassified	chr5	96546789	96566147	42	19416	+	19438	19294	19232	80	64	62	60	0.99758	0.996787	0.989402	0
PBC69394_skip_806a2b99_641f1589_143.pod5	a0ad80f7-6b01-4354-8d16-baad45d7dedb	641f15894b0cb45e826e64f30ff2cdbd6fc30a48	1303	4	218596	1.2812	218596	1.206	596	24.2391	unclassified	chr6	66131605	66132199	0	596	-	596	594	594	2	0	0	60	1	1	0.996644	0
PBC69394_skip_806a2b99_641f1589_143.pod5	d0c335ff-05c6-40bf-bb31-2454b78adc05	641f15894b0cb45e826e64f30ff2cdbd6fc30a48	782	2	218580	8.222	218580	8.13	3701	25.7407	unclassified	chr7	86006211	86009908	0	3696	+	3700	3693	3687	3	4	6	60	0.998649	0.998375	0.996486	0
PBC69394_skip_806a2b99_641f1589_143.pod5	0e31b1c8-7106-4134-935e-1d8a6da4c9d0	641f15894b0cb45e826e64f30ff2cdbd6fc30a48	2341	2	218555	9.2864	218556	9.1536	3402	32.1811	unclassified	chr2	87697503	87700903	6	3402	-	3400	3396	3394	0	4	2	60	0.998236	0.999411	0.998235	0
PBC69394_skip_806a2b99_641f1589_143.pod5	c298aa35-b9f0-4a57-99c0-f1a00ee4c28a	641f15894b0cb45e826e64f30ff2cdbd6fc30a48	2428	2	218413	88.4488	218413	88.4468	33766	25.036	unclassified	chr21	8426806	8460458	30	33759	+	33953	33428	33309	301	224	119	60	0.998904	0.99644	0.981033	0
PBC69394_skip_806a2b99_641f1589_143.pod5	90b1b01e-e359-4f51-9991-88d136b6a446	641f15894b0cb45e826e64f30ff2cdbd6fc30a48	1504	3	218586	4.5776	218586	4.4688	1844	20.4972	unclassified	chr21	25834027	25835868	9	1844	-	1843	1833	1825	2	8	8	60	0.995119	0.995636	0.990233	0
PBC69394_skip_806a2b99_641f1589_143.pod5	f6b6cbed-8602-4252-bb22-fc70faadf9cf	641f15894b0cb45e826e64f30ff2cdbd6fc30a48	1449	4	218571	11.8888	218571	11.8868	4615	23.9438	unclassified	chr1	46265257	46269833	5	4579	-	4583	4567	4553	7	9	14	60	0.991116	0.996935	0.993454	0
PBC69394_skip_806a2b99_641f1589_143.pod5	cd4f8377-a4e5-48db-ada6-8829e2127cb0	641f15894b0cb45e826e64f30ff2cdbd6fc30a48	278	2	218563	22.6036	218563	22.6016	9239	30.3179	unclassified	chr2	207770343	207779561	6	9215	-	9221	9206	9196	3	12	10	60	0.996753	0.998914	0.997289	0
PBC69394_skip_806a2b99_641f1589_143.pod5	cdbe1463-5a84-4239-b3ae-dbbebd2e4397	641f15894b0cb45e826e64f30ff2cdbd6fc30a48	2356	4	218539	41.0756	218539	40.8708	12686	26.9141	unclassified	chr4	54617009	54629729	0	12681	+	12728	12673	12660	8	47	13	60	0.999606	0.998974	0.994657	0
PBC69394_skip_806a2b99_641f1589_143.pod5	b978151f-b546-4c4b-8d76-7e69759c6ec9	641f15894b0cb45e826e64f30ff2cdbd6fc30a48	2334	1	218538	33.1972	218538	33.1952	11671	10.737	unclassified	chr4	133722505	133734320	34	11669	+	12108	11342	10827	293	473	515	60	0.996915	0.954594	0.894202	0
PBC69394_skip_806a2b99_641f1589_143.pod5	fe909f38-5adb-4d38-bba7-672b6bf020d2	641f15894b0cb45e826e64f30ff2cdbd6fc30a48	1360	2	218578	16.9028	218578	16.7868	6977	28.4701	unclassified	chr16	35313761	35320726	9	6977	-	6973	6960	6957	8	5	3	60	0.99871	0.999569	0.997705	0
PBC69394_skip_806a2b99_641f1589_143.pod5	d1d06b3c-9b4a-4f4c-8458-64ef1b74c892	641f15894b0cb45e826e64f30ff2cdbd6fc30a48	658	4	218528	31.1102	218528	31.1082	10657	23.828	unclassified	chr17	66592727	66603337	0	10620	-	10642	10588	10548	32	22	40	60	0.996528	0.996222	0.991167	0
PBC69394_skip_806a2b99_641f1589_143.pod5	68683134-0fd1-4128-83c9-aa7e1bef4efc	641f15894b0cb45e826e64f30ff2cdbd6fc30a48	2428	2	218548	34.2848	218548	34.1172	9961	28.1078	unclassified	chr9	8141488	8151446	7	9961	-	9964	9948	9906	6	10	42	60	0.999297	0.995778	0.994179	0
PBC69394_skip_806a2b99_641f1589_143.pod5	0d0f33fd-0a02-4f0d-abef-07a4c4afffa6	641f15894b0cb45e826e64f30ff2cdbd6fc30a48	1158	4	218572	19.9892	218572	19.7292	6628	28.4848	unclassified	chr6	22446025	22452636	0	6620	+	6624	6607	6598	13	4	9	60	0.998793	0.998638	0.996075	0
PBC69394_skip_806a2b99_641f1589_143.pod5	ff520ac0-61ea-4d88-9589-1767cb5d95ae	641f15894b0cb45e826e64f30ff2cdbd6fc30a48	2388	3	218549	26.168	218549	26.0388	9628	28.6585	unclassified	chr4	19165399	19175045	0	9628	-	9654	9620	9596	8	26	24	60	1	0.997505	0.993992	0
PBC69394_skip_806a2b99_641f1589_143.pod5	1baf2c53-0a85-442d-89d0-7d65ff228091	641f15894b0cb45e826e64f30ff2cdbd6fc30a48	2712	3	218595	7.7828	218595	7.5516	2401	35.0744	unclassified	chr19	40909880	40912274	9	2401	-	2394	2392	2385	0	2	7	60	0.996252	0.997074	0.996241	0
PBC69394_skip_806a2b99_641f1589_143.pod5	4e02cd86-3b4a-48f1-afdb-cc86e401b0d1	641f15894b0cb45e826e64f30ff2cdbd6fc30a48	951	3	218588	9.53	218588	9.3852	3328	24.3886	unclassified	chr11	35485909	35487925	0	2019	-	2021	2014	2007	5	2	7	60	0.606671	0.996524	0.993073	0
PBC69394_skip_806a2b99_641f1589_143.pod5	de5da585-e09c-4df8-938d-3b4d64a652e0	641f15894b0cb45e826e64f30ff2cdbd6fc30a48	278	2	218486	62.8492	218486	62.8472	26575	29.7684	unclassified	chr10	72525954	72552506	0	26545	-	26576	26521	26513	24	31	8	60	0.998871	0.999698	0.997629	0
PBC69394_skip_806a2b99_641f1589_143.pod5	ace10b36-415c-463f-b4c4-00dc4a94638a	641f15894b0cb45e826e64f30ff2cdbd6fc30a48	1303	4	218597	6.2924	218597	6.1272	2801	31.2633	unclassified	chr6	66129407	66132200	0	2793	+	2794	2792	2783	1	1	9	60	0.997144	0.996777	0.996063	0
PBC69394_skip_806a2b99_641f1589_143.pod5	45783d8f-54b4-4ca9-8945-42fa89471803	641f15894b0cb45e826e64f30ff2cdbd6fc30a48	2712	3	218558	37.52	218558	37.3656	14150	29.2455	unclassified	chr17	66452935	66467088	18	14150	-	14162	14123	14107	9	30	16	60	0.998728	0.998867	0.996116	0
PBC69394_skip_806a2b99_641f1589_143.pod5	db67ecdb-3f8a-468e-9ee5-85829e443e1c	641f15894b0cb45e826e64f30ff2cdbd6fc30a48	2659	3	218579	25.7072	218579	25.5456	10240	26.8354	unclassified	chr2	50782640	50792873	0	10240	-	10255	10218	10201	22	15	17	60	1	0.998336	0.994734	0
PBC69394_skip_806a2b99_641f1589_143.pod5	77f08d6f-bebb-4802-b41e-ae3c8c1800f0	641f15894b0cb45e826e64f30ff2cdbd6fc30a48	1098	2	218612	3.5094	218612	3.5074	1167	8.23602	unclassified	chr4	74524807	74525862	2	1039	-	1092	1000	941	37	55	59	60	0.888603	0.941	0.861722	0
PBC69394_skip_806a2b99_641f1589_143.pod5	4eff52b5-5597-442b-8dfb-b58710f9fd34	641f15894b0cb45e826e64f30ff2cdbd6fc30a48	1098	2	218604	7.4916	218604	7.4896	2451	11.5047	unclassified	chr3	52713494	52715943	16	2421	-	2498	2356	2261	49	93	95	60	0.981232	0.959677	0.905124	0
PBC69394_skip_806a2b99_641f1589_143.pod5	4bc7aafd-3c41-4d24-b326-685871893ee2	641f15894b0cb45e826e64f30ff2cdbd6fc30a48	1610	3	218519	41.1176	218519	40.9464	13808	22.7582	unclassified	chr3	126283827	126297646	0	13801	+	13875	13745	13699	56	74	46	60	0.999493	0.996653	0.987315	0
PBC69394_skip_806a2b99_641f1589_143.pod5	52a1f8b8-c858-44d0-adc4-262525d9f3d8	641f15894b0cb45e826e64f30ff2cdbd6fc30a48	2712	3	218604	5.1368	218604	4.9872	2080	33.0956	unclassified	chr21	34757544	34759616	0	2080	+	2081	2071	2068	9	1	3	60	1	0.998551	0.993753	0
PBC69394_skip_806a2b99_641f1589_143.pod5	16c9316a-1401-4af0-9d49-23e5c2729d83	641f15894b0cb45e826e64f30ff2cdbd6fc30a48	1984	4	218618	3.263	218618	3.261	819	2.98867	unclassified	*	-1	-1	-1	-1	*	0	0	0	0	0	0	0	0	0	0	0
PBC69394_skip_806a2b99_641f1589_143.pod5	7b83da2f-ecc2-4afe-94dd-23da82c780d4	641f15894b0cb45e826e64f30ff2cdbd6fc30a48	844	1	218601	12.758	218601	12.6516	5223	24.5357	unclassified	chr18	31175671	31180876	0	5216	+	5229	5192	5180	24	13	12	60	0.99866	0.997689	0.990629	0
PBC69394_skip_806a2b99_641f1589_143.pod5	29b80b8c-2ad0-49d3-b09f-0f0676f327cd	641f15894b0cb45e826e64f30ff2cdbd6fc30a48	2613	4	218598	5.599	218598	5.597	2801	21.4147	unclassified	chr16	3163414	3166177	0	2764	-	2767	2760	2749	4	3	11	60	0.98679	0.996014	0.993495	0
PBC69394_skip_806a2b99_641f1589_143.pod5	978003b6-8103-4885-8176-71585488a1bc	641f15894b0cb45e826e64f30ff2cdbd6fc30a48	2395	2	218606	12.1964	218607	12.078	5083	26.53	unclassified	chr1	105163932	105168972	9	5083	-	5077	5037	5024	37	3	13	60	0.998229	0.997419	0.989561	0
PBC69394_skip_806a2b99_641f1589_143.pod5	b5a75d67-011d-451f-854a-221be1759168	641f15894b0cb45e826e64f30ff2cdbd6fc30a48	1587	2	218579	13.814	218580	13.812	5108	17.8192	unclassified	chr12	10230029	10235159	0	5076	-	5141	5065	5007	11	65	58	60	0.993735	0.988549	0.973935	0
PBC69394_skip_806a2b99_641f1589_143.pod5	75dd100d-3abd-44f5-9afa-de71a6f83e2d	641f15894b0cb45e826e64f30ff2cdbd6fc30a48	1449	4	218459	111.708	218459	111.706	20512	20.1762	unclassified	chr12	95003462	95023857	7	20485	-	20545	20328	20262	150	67	66	60	0.998342	0.996753	0.986225	0
PBC69394_skip_806a2b99_641f1589_143.pod5	4944fc62-a245-4d33-8742-4ed9ffb567a4	641f15894b0cb45e826e64f30ff2cdbd6fc30a48	1251	2	218609	5.228	218609	5.226	926	2.53125	unclassified	*	-1	-1	-1	-1	*	0	0	0	0	0	0	0	0	0	0	0
PBC69394_skip_806a2b99_641f1589_143.pod5	27d28a58-335b-4da0-9c62-d56c0e83b11f	641f15894b0cb45e826e64f30ff2cdbd6fc30a48	1587	2	218608	8.5334	218608	8.5314	3439	26.4952	unclassified	chr2	225294908	225298301	38	3432	+	3398	3389	3376	5	4	13	60	0.986915	0.996164	0.993526	0
PBC69394_skip_806a2b99_641f1589_143.pod5	205b9974-2e1e-40da-b99d-a94cbbd6338a	641f15894b0cb45e826e64f30ff2cdbd6fc30a48	2299	2	218608	8.1356	218608	7.8204	4231	23.7083	unclassified	chrX	38890550	38894758	0	4221	+	4223	4206	4191	15	2	15	60	0.997636	0.996434	0.992422	0
PBC69394_skip_806a2b99_641f1589_143.pod5	f34fa722-a567-448e-8e42-2c31fbf2197d	641f15894b0cb45e826e64f30ff2cdbd6fc30a48	617	4	218554	37.6676	218554	37.5756	15022	27.6259	unclassified	chr18	80074485	80089512	0	15013	+	15040	15000	14979	13	27	21	60	0.999401	0.9986	0.995944	0
PBC69394_skip_806a2b99_641f1589_143.pod5	21067059-faba-4683-8b2c-571ef6f9e557	641f15894b0cb45e826e64f30ff2cdbd6fc30a48	1251	2	218615	8.2888	218615	8.2868	1478	2.88385	unclassified	*	-1	-1	-1	-1	*	0	0	0	0	0	0	0	0	0	0	0
PBC69394_skip_806a2b99_641f1589_143.pod5	851455d6-f81a-4a5e-adfd-a5b88d775326	641f15894b0cb45e826e64f30ff2cdbd6fc30a48	1303	4	218557	32.7644	218558	32.6844	14438	26.2975	unclassified	chr14	105074889	105089253	0	14438	+	14482	14320	14292	118	44	28	60	1	0.998045	0.98688	0
PBC69394_skip_806a2b99_641f1589_143.pod5	d51fbd91-6cfb-4b3f-a09e-96048ea0a3c5	641f15894b0cb45e826e64f30ff2cdbd6fc30a48	1360	2	218595	18.3572	218595	18.21	7407	32.1636	unclassified	chr3	90225722	90233127	8	7407	-	7414	7390	7386	9	15	4	60	0.99892	0.999459	0.996223	0
PBC69394_skip_806a2b99_641f1589_143.pod5	3e972650-37e3-4fe9-835a-610eb40a03e0	641f15894b0cb45e826e64f30ff2cdbd6fc30a48	27	3	218629	3.0946	218629	3.0926	1210	38.674	unclassified	chr1	190173592	190174772	31	1210	+	1180	1179	1177	0	1	2	60	0.97438	0.998304	0.997458	0
PBC69394_skip_806a2b99_641f1589_143.pod5	f8e7ed5e-2695-4a5b-ae55-7f5cc461dfea	641f15894b0cb45e826e64f30ff2cdbd6fc30a48	1098	2	218527	65.1906	218527	65.1886	21517	9.9119	unclassified	chr18	28303599	28325588	5	21480	-	22617	20847	19572	628	1142	1275	60	0.998048	0.93884	0.865367	0
PBC69394_skip_806a2b99_641f1589_143.pod5	3ebdf44d-ccb9-41c1-9aa8-9ebe9571952a	641f15894b0cb45e826e64f30ff2cdbd6fc30a48	2395	2	218588	17.9962	218588	17.9942	6383	30.0439	unclassified	chr16	4854842	4861200	23	6376	+	6359	6352	6342	1	6	10	60	0.9953	0.998426	0.997327	0
PBC69394_skip_806a2b99_641f1589_143.pod5	dc2f3d30-9906-4287-beb7-a72a150392a3	641f15894b0cb45e826e64f30ff2cdbd6fc30a48	1557	4	218640	1.2496	218640	1.2476	303	2.71783	unclassified	*	-1	-1	-1	-1	*	0	0	0	0	0	0	0	0	0	0	0
PBC69394_skip_806a2b99_641f1589_143.pod5	e728207d-453b-48d1-8284-6d42fb8a842b	641f15894b0cb45e826e64f30ff2cdbd6fc30a48	2356	4	218589	30.5862	218589	30.5842	11951	30.5767	unclassified	chr1	248159254	248171187	30	11946	+	11936	11913	11905	3	20	8	60	0.997071	0.999328	0.997403	0
PBC69394_skip_806a2b99_641f1589_143.pod5	539e54a9-f198-491f-b49a-94783ad0276c	641f15894b0cb45e826e64f30ff2cdbd6fc30a48	1891	3	218590	35.3276	218590	35.1648	9341	24.969	unclassified	chr9	71756519	71765889	7	9340	-	9389	9314	9284	19	56	30	60	0.999144	0.996779	0.988817	0
PBC69394_skip_806a2b99_641f1589_143.pod5	a00798f3-5af5-4c82-85d6-56ec1756bd5e	641f15894b0cb45e826e64f30ff2cdbd6fc30a48	1251	2	218623	10.2798	218623	10.2778	1823	2.74411	unclassified	*	-1	-1	-1	-1	*	0	0	0	0	0	0	0	0	0	0	0
PBC69394_skip_806a2b99_641f1589_143.pod5	95ad415f-daf7-4397-be20-81d5646e765a	641f15894b0cb45e826e64f30ff2cdbd6fc30a48	1542	2	218567	38.252	218567	38.1528	16609	25.2822	unclassified	chr7	5683170	5699794	0	16601	+	16650	16575	16549	26	49	26	60	0.999518	0.998431	0.993934	0
PBC69394_skip_806a2b99_641f1589_143.pod5	5ca52974-e184-4303-b6cf-8abc15331324	641f15894b0cb45e826e64f30ff2cdbd6fc30a48	1558	3	218622	9.17	218622	8.994	3688	31.9372	unclassified	chr2	116298332	116302016	7	3688	-	3687	3678	3674	3	6	4	60	0.998102	0.998912	0.996474	0
PBC69394_skip_806a2b99_641f1589_143.pod5	c51cf3da-bedb-4e67-84c7-ff636bc41e9f	641f15894b0cb45e826e64f30ff2cdbd6fc30a48	278	2	218586	23.5532	218586	23.4684	10576	22.8017	unclassified	chr3	156441144	156451722	0	10576	+	10601	10553	10526	23	25	27	60	1	0.997441	0.992925	0
PBC69394_skip_806a2b99_641f1589_143.pod5	01d53420-3234-4c9d-b75b-95e99c7b1eb9	641f15894b0cb45e826e64f30ff2cdbd6fc30a48	782	2	218473	79.4708	218473	79.38	32876	24.5166	unclassified	chr19	5357415	5390225	0	32869	+	32955	32724	32631	145	86	93	60	0.999787	0.997158	0.990168	0
PBC69394_skip_806a2b99_641f1589_143.pod5	618fc9f5-c9a1-4d18-871b-9337e0515176	641f15894b0cb45e826e64f30ff2cdbd6fc30a48	812	3	220389	314.971	220389	314.872	125194	22.8395	unclassified	chrX	74898149	75022274	0	125187	+	125288	124024	123903	1163	101	121	60	0.999944	0.999024	0.988945	0
PBC69394_skip_806a2b99_641f1589_143.pod5	0147530b-b31d-4768-97f9-0f2f65031ca2	641f15894b0cb45e826e64f30ff2cdbd6fc30a48	1028	4	218527	57.746	218527	57.6372	23658	27.572	unclassified	chr2	130739456	130763098	0	23658	+	23697	23603	23586	55	39	17	60	1	0.99928	0.995316	0
PBC69394_skip_806a2b99_641f1589_143.pod5	015edb84-177e-4f45-aee0-b82fed7f27fb	641f15894b0cb45e826e64f30ff2cdbd6fc30a48	658	4	218578	28.672	218578	28.67	11518	15.9182	unclassified	chr17	45312508	45324019	36	11511	+	11612	11374	11215	101	137	159	60	0.996267	0.986021	0.965811	0
PBC69394_skip_806a2b99_641f1589_143.pod5	33b69a1a-faed-4738-a6f2-7ebae2aac301	641f15894b0cb45e826e64f30ff2cdbd6fc30a48	1984	4	218637	6.2752	218637	6.2732	1587	3.28417	unclassified	*	-1	-1	-1	-1	*	0	0	0	0	0	0	0	0	0	0	0
PBC69394_skip_806a2b99_641f1589_143.pod5	e61b047b-9670-4d73-8db8-fd43ad29cfce	641f15894b0cb45e826e64f30ff2cdbd6fc30a48	2659	3	218458	103.015	218458	103.013	31335	29.8887	unclassified	chr15	65220188	65251482	22	31329	+	31363	31238	31184	69	56	54	60	0.999106	0.998271	0.994293	0
PBC69394_skip_806a2b99_641f1589_143.pod5	47530ed9-45dd-42fa-9159-44297576aa68	641f15894b0cb45e826e64f30ff2cdbd6fc30a48	1449	4	218633	13.0118	218633	13.0098	4894	21.747	unclassified	chr3	139605916	139610753	9	4859	-	4859	4828	4801	22	9	27	60	0.991009	0.994408	0.988063	0
PBC69394_skip_806a2b99_641f1589_143.pod5	3ff8e1a0-d916-430f-aefc-dd6e4fc584f0	641f15894b0cb45e826e64f30ff2cdbd6fc30a48	782	2	218589	25.6904	218589	25.5744	10431	28.2054	unclassified	chr2	9468206	9478638	0	10427	+	10441	10418	10410	9	14	8	60	0.999617	0.999232	0.997031	0
PBC69394_skip_806a2b99_641f1589_143.pod5	094a7a8d-97df-4ec4-8912-cd517eee1e28	641f15894b0cb45e826e64f30ff2cdbd6fc30a48	27	3	218632	8.8436	218632	8.8416	3288	27.951	unclassified	chr20	60000	61293	1963	3256	-	1293	1293	1288	0	0	5	60	0.393248	0.996133	0.996133	0
PBC69394_skip_806a2b99_641f1589_143.pod5	f2f03f32-2afa-4afa-9c6f-79e7798d58a8	641f15894b0cb45e826e64f30ff2cdbd6fc30a48	658	4	218616	27.6224	218616	27.4908	9357	15.9248	unclassified	chr10	97739579	97748989	2	9357	+	9488	9277	9137	78	133	140	60	0.999786	0.984909	0.963006	0
PBC69394_skip_806a2b99_641f1589_143.pod5	69406358-d326-4596-bd71-ddc902a82137	641f15894b0cb45e826e64f30ff2cdbd6fc30a48	1587	2	218400	117.896	218400	117.894	46974	25.8514	unclassified	chr7	99264936	99311900	33	46967	+	47026	46872	46816	62	92	56	60	0.999148	0.998805	0.995534	0
PBC69394_skip_806a2b99_641f1589_143.pod5	f17489be-977c-4eb0-b93c-0d6d6b999cd7	641f15894b0cb45e826e64f30ff2cdbd6fc30a48	2341	2	218573	44.8868	218573	44.7492	13586	30.4777	unclassified	chr15	18064231	18077816	10	13586	-	13588	13573	13537	3	12	36	1	0.999264	0.997348	0.996247	0
PBC69394_skip_806a2b99_641f1589_143.pod5	7ba85dff-5c86-456c-9e60-9c176d4dcba1	641f15894b0cb45e826e64f30ff2cdbd6fc30a48	2341	2	218648	4.6652	218648	4.5252	1828	30.7095	unclassified	chr1	82577281	82578934	172	1828	-	1658	1651	1650	5	2	1	60	0.905908	0.999394	0.995175	0
PBC69394_skip_806a2b99_641f1589_143.pod5	aa8afedf-b616-4d28-bf4a-d4034fcf5fee	641f15894b0cb45e826e64f30ff2cdbd6fc30a48	1098	2	218617	22.3772	218617	22.1328	4324	9.02096	unclassified	chr7	25684679	25688974	41	4324	+	4509	4069	3791	214	226	278	60	0.990518	0.931679	0.840763	0
PBC69394_skip_806a2b99_641f1589_143.pod5	ac170537-decc-453b-9985-89b4013813b9	641f15894b0cb45e826e64f30ff2cdbd6fc30a48	1449	4	218596	35.2966	218596	35.2946	12671	19.2331	unclassified	chr4	170895248	170907910	36	12671	+	12705	12592	12499	43	70	93	60	0.997159	0.992614	0.983786	0
PBC69394_skip_806a2b99_641f1589_143.pod5	7448a102-02f4-4569-adcf-de865d3651a7	641f15894b0cb45e826e64f30ff2cdbd6fc30a48	1644	2	218648	6.938	218648	6.936	1819	2.90752	unclassified	*	-1	-1	-1	-1	*	0	0	0	0	0	0	0	0	0	0	0
PBC69394_skip_806a2b99_641f1589_143.pod5	18cbbe7c-3885-4587-b3c9-823b0a9dc22a	641f15894b0cb45e826e64f30ff2cdbd6fc30a48	617	4	218600	28.934	218600	28.8348	13032	25.2942	unclassified	chr8	116378023	116391260	0	13025	+	13247	13015	12984	10	222	31	60	0.999463	0.997618	0.980146	0
PBC69394_skip_806a2b99_641f1589_143.pod5	3afc4449-cd44-4487-9fb2-0e9135367f68	641f15894b0cb45e826e64f30ff2cdbd6fc30a48	27	3	218641	8.1572	218641	8.0496	3446	30.5778	unclassified	chr20	60000	61285	2160	3446	+	1286	1285	1285	1	0	0	60	0.373186	1	0.999222	0
PBC69394_skip_806a2b99_641f1589_143.pod5	3730f775-02bd-4c06-9dec-5adc1b487323	641f15894b0cb45e826e64f30ff2cdbd6fc30a48	2395	2	218619	8.498	218619	8.3736	3170	32.825	unclassified	chr4	49121590	49124955	18	3153	+	3509	2991	2696	144	374	295	6	0.988959	0.901371	0.76831	0
PBC69394_skip_806a2b99_641f1589_143.pod5	a2463729-50b4-4dad-91ce-6c6f8d532402	641f15894b0cb45e826e64f30ff2cdbd6fc30a48	844	1	218617	18.0608	218617	17.9712	7317	26.7797	unclassified	chr19	46476936	46484255	8	7317	-	7331	7297	7272	12	22	25	60	0.998907	0.996574	0.991952	0
PBC69394_skip_806a2b99_641f1589_143.pod5	d5d50f24-0093-4583-a145-5e7762f738bd	641f15894b0cb45e826e64f30ff2cdbd6fc30a48	1303	4	218608	25.663	218608	25.661	10529	24.0387	unclassified	chr20	62024615	62035107	0	10491	-	10522	10461	10426	30	31	35	60	0.996391	0.996654	0.990876	0
PBC69394_skip_806a2b99_641f1589_143.pod5	72bc9118-ecb0-45e5-8d59-588f9c93a836	641f15894b0cb45e826e64f30ff2cdbd6fc30a48	951	3	218600	26.3988	218600	26.3968	10302	26.4446	unclassified	chr9	133659624	133670242	32	10300	+	10638	10248	10199	20	370	49	60	0.9967	0.995219	0.958733	0
PBC69394_skip_806a2b99_641f1589_143.pod5	7962ac20-7f91-47c9-bf6a-c89c2b06791a	641f15894b0cb45e826e64f30ff2cdbd6fc30a48	1558	3	218659	1.339	218659	1.337	441	31.6436	unclassified	chrX	6035724	6036138	27	441	+	414	414	413	0	0	1	60	0.938776	0.997585	0.997585	0
PBC69394_skip_806a2b99_641f1589_143.pod5	cde19970-6c63-4331-8c67-3760a3f02009	641f15894b0cb45e826e64f30ff2cdbd6fc30a48	1558	3	218631	23.1512	218631	23.0304	9097	29.5732	unclassified	chr3	167303673	167312779	9	9097	-	9109	9085	9078	3	21	7	60	0.999011	0.999229	0.996597	0
PBC69394_skip_806a2b99_641f1589_143.pod5	78729e25-203d-4a60-b8d1-129aa3b710fa	641f15894b0cb45e826e64f30ff2cdbd6fc30a48	1834	1	218642	4.3364	218643	4.2108	1718	25.6693	unclassified	chr1	145328613	145330330	1	1718	-	1717	1717	1715	0	0	2	10	0.999418	0.998835	0.998835	0
PBC69394_skip_806a2b99_641f1589_143.pod5	fb5ed80c-4a6d-420b-88b1-165998b418a7	641f15894b0cb45e826e64f30ff2cdbd6fc30a48	2647	1	218650	6.546	218650	6.544	1989	11.4841	unclassified	chr11	125537103	125538711	373	1981	+	1608	1608	1603	0	0	5	8	0.808446	0.996891	0.996891	0
PBC69394_skip_806a2b99_641f1589_143.pod5	a7d7eb22-622e-4573-8972-e05d47ba20c7	641f15894b0cb45e826e64f30ff2cdbd6fc30a48	1558	3	218655	3.6536	218655	3.5328	1375	25.8827	unclassified	chr4	25313012	25314382	0	1370	+	1371	1369	1364	1	1	5	60	0.996364	0.996348	0.994894	0
PBC69394_skip_806a2b99_641f1589_143.pod5	e3bcefd5-bb92-432c-b9d6-9cdb82137f94	641f15894b0cb45e826e64f30ff2cdbd6fc30a48	1158	4	218656	5.9552	218656	5.9532	2162	32.7847	unclassified	chr9	102407344	102409479	27	2162	+	2135	2135	2134	0	0	1	60	0.987512	0.999532	0.999532	0
PBC69394_skip_806a2b99_641f1589_143.pod5	d39270e4-4d88-4066-a1a3-6de32cc3e005	641f15894b0cb45e826e64f30ff2cdbd6fc30a48	2761	3	218650	9.1574	218650	9.1554	1937	2.77301	unclassified	*	-1	-1	-1	-1	*	0	0	0	0	0	0	0	0	0	0	0
PBC69394_skip_806a2b99_641f1589_143.pod5	d9a9be4d-fbac-4df2-8943-f5dff605aa1f	641f15894b0cb45e826e64f30ff2cdbd6fc30a48	1558	3	218572	49.7288	218572	49.632	21575	26.1614	unclassified	chr10	65805453	65827033	6	21575	-	21599	21550	21524	19	30	26	60	0.999722	0.998793	0.996528	0
PBC69394_skip_806a2b99_641f1589_143.pod5	1e4a8db2-8996-43b6-b246-214809709d9d	641f15894b0cb45e826e64f30ff2cdbd6fc30a48	2356	4	218619	38.7194	218619	38.7174	13679	19.8586	unclassified	chr1	235304988	235318661	5	13649	-	13722	13595	13538	49	78	57	60	0.997441	0.995807	0.986591	0
PBC69394_skip_806a2b99_641f1589_143.pod5	9b6705d1-0d72-471c-8cc6-2827f3b5eaeb	641f15894b0cb45e826e64f30ff2cdbd6fc30a48	705	2	218523	90.9314	218523	90.9294	33993	26.4176	unclassified	chr3	79027337	79061303	38	33986	+	34005	33909	33834	39	57	75	60	0.998676	0.997788	0.994971	0
PBC69394_skip_806a2b99_641f1589_143.pod5	9aad0c17-b3bc-455f-bc81-5c61a98aa69f	641f15894b0cb45e826e64f30ff2cdbd6fc30a48	278	2	218619	30.6884	218619	30.6864	11936	28.689	unclassified	chr7	140503592	140515457	33	11927	+	11913	11846	11805	48	19	41	60	0.996481	0.996539	0.990934	0
PBC69394_skip_806a2b99_641f1589_143.pod5	d13ec757-8e39-415d-baa7-8b79dc865371	641f15894b0cb45e826e64f30ff2cdbd6fc30a48	2613	4	218659	2.534	218659	2.4228	951	34.2263	unclassified	chr3	189617171	189618115	0	945	+	945	944	944	1	0	0	60	0.993691	1	0.998942	0
PBC69394_skip_806a2b99_641f1589_143.pod5	62ffa8d0-e964-4a2d-8a8e-27203138c084	641f15894b0cb45e826e64f30ff2cdbd6fc30a48	1504	3	218657	6.3104	218657	6.096	1797	28.3777	unclassified	chr1	149578297	149580092	0	1797	-	1797	1795	1795	2	0	0	60	1	1	0.998887	0
PBC69394_skip_806a2b99_641f1589_143.pod5	3c92aa37-8137-4bfb-a3ec-9958a91af796	641f15894b0cb45e826e64f30ff2cdbd6fc30a48	1966	2	218623	34.3196	218623	34.2228	12336	28.9242	unclassified	chr4	120212947	120219166	0	12336	-	12344	6211	6199	6125	8	12	60	1	0.998068	0.502187	0
PBC69394_skip_806a2b99_641f1589_143.pod5	cb4face5-d816-4842-bc7a-f678506ad082	641f15894b0cb45e826e64f30ff2cdbd6fc30a48	2341	2	218618	30.224	218618	30.132	12226	27.406	unclassified	chr11	103539640	103552183	0	12220	+	12552	12211	12178	9	332	33	60	0.999509	0.997298	0.970204	0
PBC69394_skip_806a2b99_641f1589_143.pod5	89586f2d-3f9f-4038-9df3-23374bfaeaea	641f15894b0cb45e826e64f30ff2cdbd6fc30a48	951	3	218659	8.8772	218659	8.7372	3074	27.7788	unclassified	chr11	46778382	46781451	0	3074	-	3080	3063	3061	11	6	2	60	1	0.999347	0.993831	0
PBC69394_skip_806a2b99_641f1589_143.pod5	87db3c6b-c92a-4f11-b613-7693a2be7152	641f15894b0cb45e826e64f30ff2cdbd6fc30a48	2659	3	218606	30.146	218606	30.0276	13289	26.2131	unclassified	chr4	146091453	146104747	0	13289	-	13315	13268	13242	21	26	26	60	1	0.99804	0.994517	0
PBC69394_skip_806a2b99_641f1589_143.pod5	7f15c4fb-c182-4fd0-bb38-a943b4c84efd	641f15894b0cb45e826e64f30ff2cdbd6fc30a48	2676	3	218549	58.6184	218549	58.5384	25492	26.2031	unclassified	chr20	49014359	49039893	3	25492	-	25556	25467	25419	22	67	48	60	0.999882	0.998115	0.994639	0
PBC69394_skip_806a2b99_641f1589_143.pod5	d3a03fd4-aad7-4f00-89bc-44f451ca1fcf	641f15894b0cb45e826e64f30ff2cdbd6fc30a48	2613	4	218521	76.4108	218521	76.302	28801	30.6488	unclassified	chr14	80213002	80241800	0	28795	+	28820	28773	28731	22	25	42	60	0.999792	0.99854	0.996912	0
PBC69394_skip_806a2b99_641f1589_143.pod5	67815ed9-8099-477e-8a52-bd91a9eb75e2	641f15894b0cb45e826e64f30ff2cdbd6fc30a48	1834	1	218650	10.988	218650	10.8216	4611	37.4859	unclassified	chr2	168867268	168871048	799	4611	-	3812	3780	3752	32	0	28	60	0.826719	0.992593	0.98426	0
PBC69394_skip_806a2b99_641f1589_143.pod5	87eafa8f-ea60-4ad5-adcb-701fb10cd412	641f15894b0cb45e826e64f30ff2cdbd6fc30a48	2712	3	218610	39.1724	218610	39.1704	14891	25.8801	unclassified	chr6	80890488	80905341	30	14887	+	14877	14833	14800	24	20	33	60	0.997717	0.997775	0.994824	0
PBC69394_skip_806a2b99_641f1589_143.pod5	63881e13-84bc-4f72-b312-0c20af2dca6a	641f15894b0cb45e826e64f30ff2cdbd6fc30a48	580	3	218550	82.9652	218550	82.8504	33586	24.9782	unclassified	chrX	6926897	6960534	4	33582	-	33686	33529	33469	49	108	60	60	0.999762	0.99821	0.993558	0
PBC69394_skip_806a2b99_641f1589_143.pod5	bebedeee-2361-4991-bf23-8f5bd7eed61f	641f15894b0cb45e826e64f30ff2cdbd6fc30a48	1426	2	218664	6.68	218664	6.5808	2386	26.4529	unclassified	chr5	141821060	141823442	0	2381	+	2387	2376	2372	5	6	4	60	0.997904	0.998317	0.993716	0
PBC69394_skip_806a2b99_641f1589_143.pod5	f1163827-e391-424c-a2fc-c257629bc587	641f15894b0cb45e826e64f30ff2cdbd6fc30a48	1834	1	218576	65.8412	218576	65.7444	26126	31.6165	unclassified	chr5	158086776	158112914	0	26120	+	26153	26105	26062	15	33	43	60	0.99977	0.998353	0.99652	0
PBC69394_skip_806a2b99_641f1589_143.pod5	5f89cc88-434b-4709-b69b-6077727eeb03	641f15894b0cb45e826e64f30ff2cdbd6fc30a48	2341	2	218655	17.9204	218655	17.742	7564	25.8638	unclassified	chr17	11071930	11079493	6	7564	-	7575	7546	7526	12	17	20	60	0.999207	0.99735	0.993531	0
PBC69394_skip_806a2b99_641f1589_143.pod5	e5a72590-40f7-4c9e-b674-5b34563f32fa	641f15894b0cb45e826e64f30ff2cdbd6fc30a48	1360	2	218616	42.4352	218616	42.3504	17134	27.865	unclassified	chr7	124659050	124676135	0	17128	+	17171	17042	16972	86	43	70	60	0.99965	0.995893	0.988411	0
PBC69394_skip_806a2b99_641f1589_143.pod5	96e7948b-f36a-4d86-a6a3-a24cbb99aa31	641f15894b0cb45e826e64f30ff2cdbd6fc30a48	2428	2	218593	49.5572	218594	49.458	22942	27.0109	unclassified	chr2	64963860	64986817	0	22942	+	22981	22918	22895	24	39	23	60	1	0.998996	0.996258	0
PBC69394_skip_806a2b99_641f1589_143.pod5	060477b6-294d-4faf-9a4b-ce0e3db1d025	641f15894b0cb45e826e64f30ff2cdbd6fc30a48	1303	4	218638	30.056	218638	29.9016	12586	26.0129	unclassified	chr9	127982024	127994615	0	12579	+	12607	12563	12554	16	28	9	60	0.999444	0.999284	0.995796	0
PBC69394_skip_806a2b99_641f1589_143.pod5	b24e1d7d-f56b-4855-b7f9-883f62a5c8bc	641f15894b0cb45e826e64f30ff2cdbd6fc30a48	278	2	218650	26.2592	218650	26.1528	10781	25.4987	unclassified	chr10	93037142	93047918	0	10781	+	10794	10763	10744	18	13	19	60	1	0.998235	0.995368	0
PBC69394_skip_806a2b99_641f1589_143.pod5	56732292-1e4a-4855-b7b3-7383bdecc962	641f15894b0cb45e826e64f30ff2cdbd6fc30a48	617	4	218630	32.9792	218630	32.8584	13366	27.2007	unclassified	chr10	59617597	59630951	0	13357	+	13372	13339	13312	18	15	27	60	0.999327	0.997976	0.995513	0
PBC69394_skip_806a2b99_641f1589_143.pod5	9f37381a-5675-4c06-b83f-d6a606e7709f	641f15894b0cb45e826e64f30ff2cdbd6fc30a48	1891	3	218628	36.746	218629	36.6348	13692	25.7966	unclassified	chr12	72361883	72375569	0	13686	+	13707	13665	13638	21	21	27	60	0.999562	0.998024	0.994966	0
PBC69394_skip_806a2b99_641f1589_143.pod5	3e4f926d-6cad-4b19-bcbb-7f9615c52a2e	641f15894b0cb45e826e64f30ff2cdbd6fc30a48	2395	2	218687	3.4856	218688	3.3144	1382	35.1871	unclassified	chr20	58904189	58905564	0	1375	+	1375	1375	1374	0	0	1	60	0.994935	0.999273	0.999273	0
PBC69394_skip_806a2b99_641f1589_143.pod5	5ea9d8cc-3aa7-4f8c-a3cc-b9d2ff9b84ad	641f15894b0cb45e826e64f30ff2cdbd6fc30a48	2388	3	218575	64.5332	218575	64.4028	22784	28.3555	unclassified	chr12	128341788	128364556	0	22784	-	22814	22738	22683	46	30	55	60	1	0.997581	0.994258	0
PBC69394_skip_806a2b99_641f1589_143.pod5	b05d486c-ae33-486a-bb5d-fcef78d8728e	641f15894b0cb45e826e64f30ff2cdbd6fc30a48	2761	3	218687	5.7422	218687	5.7402	1305	3.19089	unclassified	*	-1	-1	-1	-1	*	0	0	0	0	0	0	0	0	0	0	0
