filename	read_id	run_id	channel	mux	start_time	duration	template_start	template_duration	sequence_length_template	mean_qscore_template	barcode	alignment_genome	alignment_genome_start	alignment_genome_end	alignment_strand_start	alignment_strand_end	alignment_direction	alignment_length	alignment_num_aligned	alignment_num_correct	alignment_num_insertions	alignment_num_deletions	alignment_num_substitutions	alignment_mapq	alignment_strand_coverage	alignment_identity	alignment_accuracy	alignment_bed_hits
PBE65548_skip_cadb6549_ad795773_135.pod5	b2920990-7612-4535-a81b-cda553ea7069	ad79577363ae350d286155344b9e1b0cb5f3459e	2884	4	258095	1.688	258095	1.686	384	2.97363	unclassified	*	-1	-1	-1	-1	*	0	0	0	0	0	0	0	0	0	0	0
PBE65548_skip_cadb6549_ad795773_135.pod5	eb5339da-f774-4d16-a0d4-be8043e65bfe	ad79577363ae350d286155344b9e1b0cb5f3459e	1781	1	257729	2.35	257729	2.348	580	2.88731	unclassified	*	-1	-1	-1	-1	*	0	0	0	0	0	0	0	0	0	0	0
PBE65548_skip_cadb6549_ad795773_135.pod5	b26d9500-b550-4269-a94f-5f6c3f6700ce	ad79577363ae350d286155344b9e1b0cb5f3459e	1781	1	258204	1.5706	258204	1.5686	405	3.43363	unclassified	*	-1	-1	-1	-1	*	0	0	0	0	0	0	0	0	0	0	0
PBE65548_skip_cadb6549_ad795773_135.pod5	7d0b58fb-5c86-4a96-ae2f-f0527d2b5ad1	ad79577363ae350d286155344b9e1b0cb5f3459e	1781	1	258298	1.5816	258298	1.5796	407	2.96061	unclassified	*	-1	-1	-1	-1	*	0	0	0	0	0	0	0	0	0	0	0
PBE65548_skip_cadb6549_ad795773_135.pod5	906588ae-0740-4eaf-9ddf-e7de61f9e971	ad79577363ae350d286155344b9e1b0cb5f3459e	1781	1	257938	2.6464	257938	2.6444	615	3.70475	unclassified	*	-1	-1	-1	-1	*	0	0	0	0	0	0	0	0	0	0	0
PBE65548_skip_cadb6549_ad795773_135.pod5	16d99eb0-d21b-48c1-80ae-00d3290a4e9d	ad79577363ae350d286155344b9e1b0cb5f3459e	2884	4	258237	1.6688	258237	1.6668	350	2.70037	unclassified	*	-1	-1	-1	-1	*	0	0	0	0	0	0	0	0	0	0	0
PBE65548_skip_cadb6549_ad795773_135.pod5	ecf838af-54d5-4d0e-adf8-5a5d6ed365ff	ad79577363ae350d286155344b9e1b0cb5f3459e	1781	1	258245	1.7596	258245	1.7576	398	3.01322	unclassified	*	-1	-1	-1	-1	*	0	0	0	0	0	0	0	0	0	0	0
PBE65548_skip_cadb6549_ad795773_135.pod5	b3cb462c-af50-4be1-9df7-5ea1cfc4661c	ad79577363ae350d286155344b9e1b0cb5f3459e	1102	4	257703	1.5348	257703	1.5328	336	3.01562	unclassified	*	-1	-1	-1	-1	*	0	0	0	0	0	0	0	0	0	0	0
PBE65548_skip_cadb6549_ad795773_135.pod5	ecb4d0f2-e3cb-4bf0-b609-5c14ab4267c6	ad79577363ae350d286155344b9e1b0cb5f3459e	948	4	258168	1.4376	258168	1.4356	347	2.42471	unclassified	*	-1	-1	-1	-1	*	0	0	0	0	0	0	0	0	0	0	0
PBE65548_skip_cadb6549_ad795773_135.pod5	4c471074-a022-447b-a6e8-e4deff3e88db	ad79577363ae350d286155344b9e1b0cb5f3459e	1098	3	257729	6.7378	257729	6.7358	1499	2.66946	unclassified	*	-1	-1	-1	-1	*	0	0	0	0	0	0	0	0	0	0	0
PBE65548_skip_cadb6549_ad795773_135.pod5	e5cc89ed-db9a-4f68-9913-392ea6295807	ad79577363ae350d286155344b9e1b0cb5f3459e	1102	4	257575	1.6144	257575	1.6124	322	2.06526	unclassified	*	-1	-1	-1	-1	*	0	0	0	0	0	0	0	0	0	0	0
PBE65548_skip_cadb6549_ad795773_135.pod5	4bc6a514-4668-4465-82cc-008f3c3a199f	ad79577363ae350d286155344b9e1b0cb5f3459e	1102	4	257980	2.3816	257980	2.3796	1020	28.6165	unclassified	chr8	108713564	108714584	0	1017	+	1021	1016	1015	1	4	1	60	0.997059	0.999016	0.994123	0
PBE65548_skip_cadb6549_ad795773_135.pod5	137645cb-885d-42de-af15-780e836eabbe	ad79577363ae350d286155344b9e1b0cb5f3459e	2637	1	258343	1.7168	258343	1.7148	336	2.12143	unclassified	chr21	46135726	46135853	91	229	+	143	122	112	16	5	10	1	0.410714	0.918033	0.783217	0
PBE65548_skip_cadb6549_ad795773_135.pod5	f13c1a73-3e14-4f27-87af-fce040a5c1cd	ad79577363ae350d286155344b9e1b0cb5f3459e	1102	4	257692	1.3676	257692	1.3656	262	2.34977	unclassified	*	-1	-1	-1	-1	*	0	0	0	0	0	0	0	0	0	0	0
PBE65548_skip_cadb6549_ad795773_135.pod5	50e0af88-7e54-4efb-b88b-954d3fa3417b	ad79577363ae350d286155344b9e1b0cb5f3459e	1102	4	257784	2.2652	257784	2.2632	408	2.31112	unclassified	*	-1	-1	-1	-1	*	0	0	0	0	0	0	0	0	0	0	0
PBE65548_skip_cadb6549_ad795773_135.pod5	d3796f24-b80b-40e4-b2d0-bba145c729ef	ad79577363ae350d286155344b9e1b0cb5f3459e	1102	4	257574	1.3346	257574	1.3326	282	2.20177	unclassified	*	-1	-1	-1	-1	*	0	0	0	0	0	0	0	0	0	0	0
PBE65548_skip_cadb6549_ad795773_135.pod5	12fa8d23-f143-4b04-8102-0d7475fd883e	ad79577363ae350d286155344b9e1b0cb5f3459e	948	4	257757	2.1524	257757	2.1504	179	4.59928	unclassified	*	-1	-1	-1	-1	*	0	0	0	0	0	0	0	0	0	0	0
PBE65548_skip_cadb6549_ad795773_135.pod5	b678d4d8-d2f0-48a9-9387-75fa7cceea21	ad79577363ae350d286155344b9e1b0cb5f3459e	1102	4	257971	1.3946	257971	1.3926	513	23.6369	unclassified	chr8	108710067	108710578	0	511	+	511	511	511	0	0	0	60	0.996101	1	1	0
PBE65548_skip_cadb6549_ad795773_135.pod5	86832a53-206c-4633-9ba1-2cd53cca8796	ad79577363ae350d286155344b9e1b0cb5f3459e	1832	3	258008	3.0644	258009	2.9412	1276	25.1187	unclassified	chr20	59615247	59616522	0	1276	-	1277	1274	1272	2	1	2	60	1	0.99843	0.996085	0
PBE65548_skip_cadb6549_ad795773_135.pod5	9d46cfbb-08b8-4feb-ae81-f82ada1c8396	ad79577363ae350d286155344b9e1b0cb5f3459e	575	4	257884	9.9248	257885	9.7536	1479	18.8778	unclassified	chr2	123316287	123317791	0	1478	+	1512	1470	1467	8	34	3	60	0.999324	0.997959	0.970238	0
PBE65548_skip_cadb6549_ad795773_135.pod5	13b9917c-a3d1-4544-879f-baa31d5935a4	ad79577363ae350d286155344b9e1b0cb5f3459e	2274	1	257621	4.2474	257621	4.2454	800	3.12106	unclassified	*	-1	-1	-1	-1	*	0	0	0	0	0	0	0	0	0	0	0
PBE65548_skip_cadb6549_ad795773_135.pod5	aad50248-b002-4a63-9d01-b272b3b5c38f	ad79577363ae350d286155344b9e1b0cb5f3459e	57	2	257583	6.7278	257583	6.7258	1684	3.24924	unclassified	*	-1	-1	-1	-1	*	0	0	0	0	0	0	0	0	0	0	0
PBE65548_skip_cadb6549_ad795773_135.pod5	08c30f2a-d7ea-4b4c-b785-7b254cd52e55	ad79577363ae350d286155344b9e1b0cb5f3459e	1343	1	257591	8.809	257591	8.807	2442	14.1576	unclassified	chr12	25689763	25692190	2	2408	-	2448	2385	2346	21	42	39	60	0.985258	0.983648	0.958333	0
PBE65548_skip_cadb6549_ad795773_135.pod5	5acfcebc-02d9-4da6-a3c6-818bfa526ce1	ad79577363ae350d286155344b9e1b0cb5f3459e	1102	4	257963	6.7472	257963	6.7452	2545	36.448	unclassified	chr8	108707192	108709742	0	2545	+	2551	2544	2544	1	6	0	60	1	1	0.997256	0
PBE65548_skip_cadb6549_ad795773_135.pod5	239e906e-529d-4d1c-a6b1-e98f6a03391a	ad79577363ae350d286155344b9e1b0cb5f3459e	1102	4	257540	1.3544	257540	1.3524	291	2.77991	unclassified	*	-1	-1	-1	-1	*	0	0	0	0	0	0	0	0	0	0	0
PBE65548_skip_cadb6549_ad795773_135.pod5	aa401784-9514-44b6-bf96-679fcb9eac13	ad79577363ae350d286155344b9e1b0cb5f3459e	948	4	258338	1.74	258338	1.738	334	2.68271	unclassified	*	-1	-1	-1	-1	*	0	0	0	0	0	0	0	0	0	0	0
PBE65548_skip_cadb6549_ad795773_135.pod5	712abebf-f64c-4867-a3ee-00f28f5b793a	ad79577363ae350d286155344b9e1b0cb5f3459e	795	4	258231	4.7048	258231	4.5864	2157	26.678	unclassified	chr4	50264867	50267187	4	2157	-	2320	2153	2121	0	167	32	1	0.998146	0.985137	0.914224	0
PBE65548_skip_cadb6549_ad795773_135.pod5	9dc06a96-20d9-45ab-83b9-8fc8ea8e4013	ad79577363ae350d286155344b9e1b0cb5f3459e	2884	4	257521	8.9052	257521	8.9032	2144	2.75197	unclassified	*	-1	-1	-1	-1	*	0	0	0	0	0	0	0	0	0	0	0
PBE65548_skip_cadb6549_ad795773_135.pod5	c183fb68-5d93-47f9-a761-7ff1b7f7b84d	ad79577363ae350d286155344b9e1b0cb5f3459e	1781	1	257865	2.277	257865	2.275	576	3.59175	unclassified	*	-1	-1	-1	-1	*	0	0	0	0	0	0	0	0	0	0	0
PBE65548_skip_cadb6549_ad795773_135.pod5	f85a268f-6656-4da2-9a7c-76ac097e047d	ad79577363ae350d286155344b9e1b0cb5f3459e	1781	1	257898	1.8044	257898	1.8024	414	3.89665	unclassified	*	-1	-1	-1	-1	*	0	0	0	0	0	0	0	0	0	0	0
PBE65548_skip_cadb6549_ad795773_135.pod5	8a60af7b-aa79-42e6-abb2-5249a8b5459f	ad79577363ae350d286155344b9e1b0cb5f3459e	1781	1	258106	2.1364	258106	2.1344	533	3.00376	unclassified	*	-1	-1	-1	-1	*	0	0	0	0	0	0	0	0	0	0	0
PBE65548_skip_cadb6549_ad795773_135.pod5	79a388f0-2283-4f84-a9a9-fc337c7f3250	ad79577363ae350d286155344b9e1b0cb5f3459e	2884	4	258199	1.8336	258199	1.8316	455	3.0914	unclassified	*	-1	-1	-1	-1	*	0	0	0	0	0	0	0	0	0	0	0
PBE65548_skip_cadb6549_ad795773_135.pod5	35d5285a-b423-4c9e-8e36-d1fe5ce69ffa	ad79577363ae350d286155344b9e1b0cb5f3459e	1781	1	257856	2.0356	257856	2.0336	437	3.12489	unclassified	*	-1	-1	-1	-1	*	0	0	0	0	0	0	0	0	0	0	0
PBE65548_skip_cadb6549_ad795773_135.pod5	1ce80697-0704-4ba9-9164-e0686a23b1f7	ad79577363ae350d286155344b9e1b0cb5f3459e	2884	4	258065	4.1474	258065	4.1454	1006	2.72854	unclassified	*	-1	-1	-1	-1	*	0	0	0	0	0	0	0	0	0	0	0
PBE65548_skip_cadb6549_ad795773_135.pod5	d9dad1c0-a580-4bc2-bb9d-b8f273d19654	ad79577363ae350d286155344b9e1b0cb5f3459e	2884	4	258090	1.3704	258090	1.3684	305	3.06242	unclassified	*	-1	-1	-1	-1	*	0	0	0	0	0	0	0	0	0	0	0
PBE65548_skip_cadb6549_ad795773_135.pod5	5cecc585-a7a8-4b47-879e-887af05a8914	ad79577363ae350d286155344b9e1b0cb5f3459e	1781	1	257764	2.7096	257764	2.7076	571	3.50837	unclassified	*	-1	-1	-1	-1	*	0	0	0	0	0	0	0	0	0	0	0
PBE65548_skip_cadb6549_ad795773_135.pod5	a26892c0-c68c-4abe-9697-2e413c4155f9	ad79577363ae350d286155344b9e1b0cb5f3459e	2161	1	257878	5.2084	257878	5.2064	1112	2.37024	unclassified	*	-1	-1	-1	-1	*	0	0	0	0	0	0	0	0	0	0	0
PBE65548_skip_cadb6549_ad795773_135.pod5	b0e17db6-cd3e-4e07-8797-25f39c4adca6	ad79577363ae350d286155344b9e1b0cb5f3459e	1102	4	257596	3.138	257596	3.136	719	2.66234	unclassified	*	-1	-1	-1	-1	*	0	0	0	0	0	0	0	0	0	0	0
PBE65548_skip_cadb6549_ad795773_135.pod5	40dd4c11-9b0a-4741-9bd6-bf1cb63bb301	ad79577363ae350d286155344b9e1b0cb5f3459e	1781	1	257936	1.9158	257936	1.9138	382	3.93851	unclassified	*	-1	-1	-1	-1	*	0	0	0	0	0	0	0	0	0	0	0
PBE65548_skip_cadb6549_ad795773_135.pod5	4866eec0-a5c6-47b8-bcaa-65944a6d57f8	ad79577363ae350d286155344b9e1b0cb5f3459e	948	4	258009	1.9394	258009	1.9374	330	3.84602	unclassified	*	-1	-1	-1	-1	*	0	0	0	0	0	0	0	0	0	0	0
PBE65548_skip_cadb6549_ad795773_135.pod5	d8ec5a56-fa4d-4df7-a605-844b9ff0815d	ad79577363ae350d286155344b9e1b0cb5f3459e	2710	1	257811	7.2692	257811	7.1004	2073	24.4516	unclassified	chr15	73983166	73985230	0	2066	+	2068	2062	2060	4	2	2	60	0.996623	0.99903	0.996132	0
PBE65548_skip_cadb6549_ad795773_135.pod5	1ae32995-7c9a-45b2-983a-482118b5850b	ad79577363ae350d286155344b9e1b0cb5f3459e	1102	4	257530	6.0096	257530	6.0076	1359	2.91076	unclassified	*	-1	-1	-1	-1	*	0	0	0	0	0	0	0	0	0	0	0
PBE65548_skip_cadb6549_ad795773_135.pod5	0b508674-2a3b-458b-91cf-3ea6feeba13b	ad79577363ae350d286155344b9e1b0cb5f3459e	2161	1	257687	6.7754	257687	6.7734	1269	2.84838	unclassified	*	-1	-1	-1	-1	*	0	0	0	0	0	0	0	0	0	0	0
PBE65548_skip_cadb6549_ad795773_135.pod5	58a505a1-b01e-46d7-9f0c-d6fd2bc025fd	ad79577363ae350d286155344b9e1b0cb5f3459e	1277	4	257771	9.2928	257771	9.2908	2346	2.55505	unclassified	*	-1	-1	-1	-1	*	0	0	0	0	0	0	0	0	0	0	0
PBE65548_skip_cadb6549_ad795773_135.pod5	1b39ab5a-e853-4a91-8522-e17d0ce7aeea	ad79577363ae350d286155344b9e1b0cb5f3459e	2097	4	257862	12.9836	257862	12.8364	4003	35.2674	unclassified	chr17	58000253	58004256	0	4003	-	4004	4002	4000	1	1	2	60	1	0.9995	0.999001	0
PBE65548_skip_cadb6549_ad795773_135.pod5	91576a5e-8a5d-4531-af1a-b667ff70f202	ad79577363ae350d286155344b9e1b0cb5f3459e	1343	1	257904	24.317	257904	24.315	9175	20.3896	unclassified	chr3	69040656	69049819	3	9134	-	9184	9110	9061	21	53	49	60	0.995204	0.994621	0.986607	0
PBE65548_skip_cadb6549_ad795773_135.pod5	d96d44d4-b72b-43ad-b157-f1f06754b2b8	ad79577363ae350d286155344b9e1b0cb5f3459e	986	1	257884	8.738	257885	8.622	2365	11.2662	unclassified	chr1	74059020	74061399	1	2357	+	2439	2296	2210	60	83	86	60	0.996194	0.962544	0.906109	0
PBE65548_skip_cadb6549_ad795773_135.pod5	9ffaedea-7f8f-4df9-8a04-6735fbefd42e	ad79577363ae350d286155344b9e1b0cb5f3459e	2162	3	258089	1.641	258089	1.639	655	26.4651	unclassified	*	-1	-1	-1	-1	*	0	0	0	0	0	0	0	0	0	0	0
PBE65548_skip_cadb6549_ad795773_135.pod5	c96e87d7-ca4b-4e20-b7fc-d6e55816ad54	ad79577363ae350d286155344b9e1b0cb5f3459e	106	4	257748	3.835	257748	3.833	782	3.68129	unclassified	*	-1	-1	-1	-1	*	0	0	0	0	0	0	0	0	0	0	0
PBE65548_skip_cadb6549_ad795773_135.pod5	860d188e-47dd-4141-a1d3-d1bb6e344852	ad79577363ae350d286155344b9e1b0cb5f3459e	1102	4	257594	2.0694	257594	2.0674	399	2.14195	unclassified	*	-1	-1	-1	-1	*	0	0	0	0	0	0	0	0	0	0	0
PBE65548_skip_cadb6549_ad795773_135.pod5	677488e5-a439-49b6-ac1f-3117850dd2a9	ad79577363ae350d286155344b9e1b0cb5f3459e	106	4	257664	2.3912	257664	2.2296	423	28.7313	unclassified	chr19	56340693	56341116	0	423	+	423	423	423	0	0	0	60	1	1	1	0
PBE65548_skip_cadb6549_ad795773_135.pod5	fe665d39-0582-4d5c-9c56-9936ec6a8ba8	ad79577363ae350d286155344b9e1b0cb5f3459e	1102	4	257982	2.2918	257982	2.2898	1004	20.2511	unclassified	chr8	108714590	108715561	0	974	+	974	971	969	3	0	2	60	0.97012	0.99794	0.994867	0
PBE65548_skip_cadb6549_ad795773_135.pod5	ac8fa250-962b-49fb-bf19-9ae8f516840b	ad79577363ae350d286155344b9e1b0cb5f3459e	1356	1	257689	4.5044	257689	4.236	922	29.6948	unclassified	chr18	49535691	49536614	0	922	-	924	921	921	1	2	0	60	1	1	0.996753	0
PBE65548_skip_cadb6549_ad795773_135.pod5	ba88e61a-2aea-42cc-9be7-aa8211672ee5	ad79577363ae350d286155344b9e1b0cb5f3459e	1102	4	257976	2.3524	257976	2.3504	871	28.0512	unclassified	chr8	108711987	108712854	0	867	+	867	867	867	0	0	0	60	0.995408	1	1	0
PBE65548_skip_cadb6549_ad795773_135.pod5	a2da4a0a-7af2-438f-8591-5e67684849dd	ad79577363ae350d286155344b9e1b0cb5f3459e	948	4	257561	9.9084	257561	9.9064	1648	3.44385	unclassified	*	-1	-1	-1	-1	*	0	0	0	0	0	0	0	0	0	0	0
PBE65548_skip_cadb6549_ad795773_135.pod5	4bff40f7-3b05-4b82-926a-4cbec9b1981a	ad79577363ae350d286155344b9e1b0cb5f3459e	1703	1	257795	6.4184	257795	6.2736	2148	11.0538	unclassified	chr8	68401684	68403855	0	2140	+	2216	2095	1989	45	76	106	60	0.996276	0.949403	0.897563	0
PBE65548_skip_cadb6549_ad795773_135.pod5	9fa4b1b1-f9f8-49eb-88e6-2854b49a8f78	ad79577363ae350d286155344b9e1b0cb5f3459e	2161	1	257797	7.7764	257797	7.7744	1632	2.5769	unclassified	*	-1	-1	-1	-1	*	0	0	0	0	0	0	0	0	0	0	0
PBE65548_skip_cadb6549_ad795773_135.pod5	46b3076d-2149-494e-8638-88b16c6019ed	ad79577363ae350d286155344b9e1b0cb5f3459e	1820	2	257849	2.4752	257849	2.352	751	26.3503	unclassified	chr10	130323659	130324412	0	751	-	754	750	749	1	3	1	60	1	0.998667	0.993369	0
PBE65548_skip_cadb6549_ad795773_135.pod5	297638e3-4211-4f98-af58-a5ff77a077e2	ad79577363ae350d286155344b9e1b0cb5f3459e	2097	4	258031	4.322	258031	4.1364	697	30.7547	unclassified	chr4	1715870	1716570	0	697	+	700	697	697	0	3	0	60	1	1	0.995714	0
PBE65548_skip_cadb6549_ad795773_135.pod5	03134430-9968-4a1a-8866-eadca2c93525	ad79577363ae350d286155344b9e1b0cb5f3459e	1102	4	257991	3.9746	257991	3.9726	1389	37.4488	unclassified	chr8	108718759	108720147	0	1383	+	1388	1383	1383	0	5	0	60	0.99568	1	0.996398	0
PBE65548_skip_cadb6549_ad795773_135.pod5	331a9e82-e724-429b-989e-f53d2917fda0	ad79577363ae350d286155344b9e1b0cb5f3459e	2710	1	257560	3.2936	257560	3.168	1765	23.353	unclassified	chr5	164775190	164776952	4	1765	-	1764	1759	1755	2	3	4	60	0.997734	0.997726	0.994898	0
PBE65548_skip_cadb6549_ad795773_135.pod5	d96af055-731b-4f4c-a809-3cdec36554d2	ad79577363ae350d286155344b9e1b0cb5f3459e	2591	1	257926	6.417	257926	6.415	2799	25.4861	unclassified	chr12	116174441	116177190	0	2752	-	2756	2745	2742	7	4	3	60	0.983208	0.998907	0.99492	0
PBE65548_skip_cadb6549_ad795773_135.pod5	204d04d9-3748-4b59-b873-8f9914c77799	ad79577363ae350d286155344b9e1b0cb5f3459e	2931	4	258261	5.2772	258261	5.2752	1178	7.83149	unclassified	chr1	215879270	215880282	128	1174	+	1088	970	902	76	42	68	60	0.887946	0.929897	0.829044	0
PBE65548_skip_cadb6549_ad795773_135.pod5	f3d8c67b-d98d-4043-b86d-bda8af75fd3c	ad79577363ae350d286155344b9e1b0cb5f3459e	1356	1	257916	8.8424	257916	8.7024	2919	24.4893	unclassified	chr2	155840039	155842951	0	2912	+	2920	2904	2895	8	8	9	60	0.997602	0.996901	0.991438	0
PBE65548_skip_cadb6549_ad795773_135.pod5	7c6a7c73-8cf7-4fff-9308-2d8bbe64fb64	ad79577363ae350d286155344b9e1b0cb5f3459e	2384	2	258391	7.2542	258391	7.2522	2910	25.9947	unclassified	chr5	175349446	175352327	29	2907	+	2882	2877	2876	1	4	1	60	0.989003	0.999652	0.997918	0
PBE65548_skip_cadb6549_ad795773_135.pod5	51947376-c837-443c-bcc5-f97c6e90f0e0	ad79577363ae350d286155344b9e1b0cb5f3459e	728	4	257951	17.5028	257951	17.3376	5916	26.2084	unclassified	chr3	129641241	129647146	7	5915	-	5916	5897	5887	11	8	10	60	0.998648	0.998304	0.995098	0
PBE65548_skip_cadb6549_ad795773_135.pod5	19cdab72-6626-40b8-a398-0013ab0acf2e	ad79577363ae350d286155344b9e1b0cb5f3459e	2161	1	257533	7.8036	257533	7.8016	1680	2.87054	unclassified	*	-1	-1	-1	-1	*	0	0	0	0	0	0	0	0	0	0	0
PBE65548_skip_cadb6549_ad795773_135.pod5	27825a83-8d4e-4226-a6e0-90ac46f32685	ad79577363ae350d286155344b9e1b0cb5f3459e	2238	3	257699	7.8728	257699	7.6632	2830	40.5095	unclassified	chr2	119888368	119891190	0	2823	+	2824	2821	2821	2	1	0	60	0.997527	1	0.998938	0
PBE65548_skip_cadb6549_ad795773_135.pod5	57e05ae3-256e-4e22-8215-f1d4ab1026bb	ad79577363ae350d286155344b9e1b0cb5f3459e	2916	2	257778	6.1292	257778	5.9412	2310	30.4614	unclassified	chr16	68580209	68582514	0	2302	+	2305	2302	2300	0	3	2	60	0.996537	0.999131	0.997831	0
PBE65548_skip_cadb6549_ad795773_135.pod5	3104708e-0079-4227-992a-22082350db5a	ad79577363ae350d286155344b9e1b0cb5f3459e	1098	3	257647	6.248	257647	6.246	1509	3.15896	unclassified	chr9	130315196	130315383	3	183	+	190	177	165	3	10	12	1	0.119284	0.932203	0.868421	0
PBE65548_skip_cadb6549_ad795773_135.pod5	2cd15c92-d7ec-4845-b588-4e12b46565b8	ad79577363ae350d286155344b9e1b0cb5f3459e	795	4	257911	26.09	257911	26.0124	10667	22.0132	unclassified	chr13	110859740	110870422	11	10667	-	10705	10633	10593	23	49	40	60	0.998969	0.996238	0.989538	0
PBE65548_skip_cadb6549_ad795773_135.pod5	70a28664-0093-4f89-b8a1-85c5d1a09eb0	ad79577363ae350d286155344b9e1b0cb5f3459e	2097	4	257513	13.784	257513	13.6368	5891	30.1357	unclassified	chr11	40228158	40234045	0	5891	+	5893	5885	5870	6	2	15	60	1	0.997451	0.996097	0
PBE65548_skip_cadb6549_ad795773_135.pod5	3d6ab10c-f03b-452d-a91b-328e1a3d4d38	ad79577363ae350d286155344b9e1b0cb5f3459e	413	4	257953	15.6944	257953	15.588	5584	33.355	unclassified	chr16	46389046	46394775	0	5550	+	5920	5359	5000	191	370	359	60	0.993911	0.93301	0.844595	0
PBE65548_skip_cadb6549_ad795773_135.pod5	7963dc3e-cc25-4a59-84d1-b3632716bdd8	ad79577363ae350d286155344b9e1b0cb5f3459e	1812	3	257613	11.672	257613	11.5608	5154	27.2967	unclassified	chr16	46389332	46400411	6	5154	-	11096	5131	5040	17	5948	91	45	0.998836	0.982265	0.454218	0
PBE65548_skip_cadb6549_ad795773_135.pod5	1300257a-18ff-4f10-9c64-78442a1ca42e	ad79577363ae350d286155344b9e1b0cb5f3459e	2884	4	258092	1.3254	258092	1.3234	341	3.07936	unclassified	*	-1	-1	-1	-1	*	0	0	0	0	0	0	0	0	0	0	0
PBE65548_skip_cadb6549_ad795773_135.pod5	e2f1a4dd-6271-4050-a431-b4ddc6b22ccd	ad79577363ae350d286155344b9e1b0cb5f3459e	1102	4	257995	6.134	257995	6.0084	2344	31.5584	unclassified	chr19	23609968	23612305	5	2344	-	2340	2336	2333	3	1	3	60	0.997867	0.998716	0.997009	0
PBE65548_skip_cadb6549_ad795773_135.pod5	0bfab6ab-08cf-43b2-9645-d7abf1959f1a	ad79577363ae350d286155344b9e1b0cb5f3459e	1606	2	257954	5.0234	257954	5.0214	2015	24.3272	unclassified	chr5	141857343	141859321	30	2008	+	1982	1974	1972	4	4	2	60	0.981638	0.998987	0.994955	0
PBE65548_skip_cadb6549_ad795773_135.pod5	6fe9b875-9774-4881-8e6c-3f9dfa5970c9	ad79577363ae350d286155344b9e1b0cb5f3459e	2591	1	257890	6.7868	257890	6.6852	2875	25.7583	unclassified	chr7	75726978	75729852	9	2875	-	2880	2860	2858	6	14	2	60	0.99687	0.999301	0.992361	0
PBE65548_skip_cadb6549_ad795773_135.pod5	f0382e26-7df5-4293-8964-79a4f2d03360	ad79577363ae350d286155344b9e1b0cb5f3459e	2591	1	257699	12.6392	257699	12.5256	4444	27.3512	unclassified	chr15	32254704	32259143	7	4444	-	4444	4432	4427	5	7	5	21	0.998425	0.998872	0.996175	0
PBE65548_skip_cadb6549_ad795773_135.pod5	5aec69c2-d0c5-43b5-ad6c-31596b48f449	ad79577363ae350d286155344b9e1b0cb5f3459e	2916	2	257948	16.5994	257948	16.5974	6522	29.4156	unclassified	chr6	11062655	11069139	34	6517	+	6491	6476	6470	7	8	6	60	0.99402	0.999074	0.996765	0
PBE65548_skip_cadb6549_ad795773_135.pod5	795b8118-2cfd-4f58-9ef3-42013cfbe7f6	ad79577363ae350d286155344b9e1b0cb5f3459e	2884	4	258193	3.7672	258193	3.7652	899	2.9761	unclassified	*	-1	-1	-1	-1	*	0	0	0	0	0	0	0	0	0	0	0
PBE65548_skip_cadb6549_ad795773_135.pod5	a8621022-72ca-4a1e-80e9-60e5841ab7e3	ad79577363ae350d286155344b9e1b0cb5f3459e	1868	4	258031	6.8312	258031	6.612	1856	33.3225	unclassified	chr8	135855194	135857049	0	1850	+	1857	1848	1840	2	7	8	60	0.996767	0.995671	0.990845	0
PBE65548_skip_cadb6549_ad795773_135.pod5	dff9431d-d6df-46d5-8dd3-10155f08a095	ad79577363ae350d286155344b9e1b0cb5f3459e	683	3	258003	8.2844	258003	8.1252	3199	26.2502	unclassified	chr4	49936638	49939832	0	3193	+	3196	3191	3154	2	3	37	1	0.998124	0.988405	0.986859	0
PBE65548_skip_cadb6549_ad795773_135.pod5	4cf3d00e-8a24-4eee-b1a9-e4f0378a8115	ad79577363ae350d286155344b9e1b0cb5f3459e	49	1	258046	21.9898	258046	21.9878	5723	7.07146	unclassified	chr6	109395104	109400707	8	5630	-	5930	5295	4734	327	308	561	24	0.982352	0.894051	0.798314	0
PBE65548_skip_cadb6549_ad795773_135.pod5	f79d3684-de61-42fa-bcc3-b188fdb11aaf	ad79577363ae350d286155344b9e1b0cb5f3459e	1102	4	257972	3.48	257972	3.478	1322	28.1826	unclassified	chr8	108710579	108711909	0	1322	+	1330	1322	1321	0	8	1	60	1	0.999244	0.993233	0
PBE65548_skip_cadb6549_ad795773_135.pod5	85968cb3-0ae5-4885-8644-559a7f0e7963	ad79577363ae350d286155344b9e1b0cb5f3459e	413	4	257605	20.4908	257605	20.3604	6773	34.3699	unclassified	chr1	233261714	233268480	6	6773	-	6768	6765	6765	2	1	0	60	0.999114	1	0.999557	0
PBE65548_skip_cadb6549_ad795773_135.pod5	b606e131-c983-4b0a-b6c2-c26dc1e3359c	ad79577363ae350d286155344b9e1b0cb5f3459e	2384	2	258214	5.213	258214	5.211	506	5.48467	unclassified	*	-1	-1	-1	-1	*	0	0	0	0	0	0	0	0	0	0	0
PBE65548_skip_cadb6549_ad795773_135.pod5	c7da6417-8d3a-4633-9fb8-55c2ea641252	ad79577363ae350d286155344b9e1b0cb5f3459e	2591	1	257907	17.0456	257907	16.8672	4546	23.4998	unclassified	chr5	111754897	111759443	10	4546	-	4554	4528	4515	8	18	13	60	0.9978	0.997129	0.991436	0
PBE65548_skip_cadb6549_ad795773_135.pod5	3a0921d1-433f-46b9-b583-709040fe0e8d	ad79577363ae350d286155344b9e1b0cb5f3459e	106	4	257986	4.3112	257986	4.122	1542	31.3041	unclassified	chr10	90270462	90272006	0	1542	+	1544	1542	1541	0	2	1	60	1	0.999352	0.998057	0
PBE65548_skip_cadb6549_ad795773_135.pod5	cb98dba8-0d4a-4474-b9ad-0390492a35f4	ad79577363ae350d286155344b9e1b0cb5f3459e	1102	4	257985	6.6466	257985	6.6446	2823	29.3742	unclassified	chr8	108715626	108718754	22	2823	+	3131	2798	2796	3	330	2	60	0.992207	0.999285	0.893005	0
PBE65548_skip_cadb6549_ad795773_135.pod5	6577d636-3f16-47dc-aeed-ed0ece8654c4	ad79577363ae350d286155344b9e1b0cb5f3459e	1812	3	257698	15.8696	257698	15.756	6939	26.7914	unclassified	chr3	63764458	63771406	0	6939	-	6953	6934	6928	5	14	6	60	1	0.999135	0.996404	0
PBE65548_skip_cadb6549_ad795773_135.pod5	207b49fd-ac0a-49f2-8453-a31f9bd83769	ad79577363ae350d286155344b9e1b0cb5f3459e	413	4	257839	21.5084	257839	21.3108	7773	23.3892	unclassified	chr10	50282180	50289950	7	7773	-	7788	7748	7717	18	22	31	60	0.999099	0.995999	0.990883	0
PBE65548_skip_cadb6549_ad795773_135.pod5	6977054f-fc39-47d1-8c1b-30789b199f2f	ad79577363ae350d286155344b9e1b0cb5f3459e	728	4	258110	2.9888	258110	2.82	988	27.975	unclassified	chr17	17190827	17191813	0	983	+	986	983	981	0	3	2	60	0.994939	0.997965	0.994929	0
PBE65548_skip_cadb6549_ad795773_135.pod5	79f65dce-f2de-4f91-9294-d3087de88763	ad79577363ae350d286155344b9e1b0cb5f3459e	2591	1	258044	27.4616	258044	27.2904	10514	28.3328	unclassified	chr6	18704377	18714898	0	10507	+	10531	10497	10473	10	24	24	60	0.999334	0.997714	0.994492	0
PBE65548_skip_cadb6549_ad795773_135.pod5	14dad979-2433-47a0-b24e-c3a4b4597f7c	ad79577363ae350d286155344b9e1b0cb5f3459e	1868	4	258371	2.9504	258371	2.7624	1003	32.3261	unclassified	chr14	78639576	78640580	0	1003	-	1004	1003	1003	0	1	0	60	1	1	0.999004	0
PBE65548_skip_cadb6549_ad795773_135.pod5	57939180-eb65-4b32-bb74-c77f06cef64d	ad79577363ae350d286155344b9e1b0cb5f3459e	936	3	257818	16.3484	257818	16.1856	6463	29.9518	unclassified	chr3	71164118	71170578	0	6456	+	6467	6449	6440	7	11	9	60	0.998917	0.998604	0.995825	0
PBE65548_skip_cadb6549_ad795773_135.pod5	83dd88a8-0645-419e-8964-0f60cf14b6bc	ad79577363ae350d286155344b9e1b0cb5f3459e	2097	4	257711	10.8092	257711	10.7124	4350	26.8912	unclassified	chr9	100882912	100887246	7	4350	-	4345	4332	4328	11	2	4	60	0.998391	0.999077	0.996087	0
PBE65548_skip_cadb6549_ad795773_135.pod5	e8c87e1b-434d-49af-8c52-53eb3920ac73	ad79577363ae350d286155344b9e1b0cb5f3459e	1719	3	257810	11.0744	257811	10.944	4744	26.0791	unclassified	chr1	53997792	54002532	0	4738	+	4744	4734	4728	4	6	6	60	0.998735	0.998733	0.996627	0
PBE65548_skip_cadb6549_ad795773_135.pod5	27aa3be5-08d5-42b0-b2fe-5c72a52b7006	ad79577363ae350d286155344b9e1b0cb5f3459e	948	4	258340	2.2802	258340	2.2782	582	2.41076	unclassified	*	-1	-1	-1	-1	*	0	0	0	0	0	0	0	0	0	0	0
PBE65548_skip_cadb6549_ad795773_135.pod5	fcda7a4a-5cef-46a1-8631-5260fec204d4	ad79577363ae350d286155344b9e1b0cb5f3459e	1781	1	258372	3.7522	258372	3.7502	756	4.63786	unclassified	*	-1	-1	-1	-1	*	0	0	0	0	0	0	0	0	0	0	0
PBE65548_skip_cadb6549_ad795773_135.pod5	970572f1-332c-4323-ab98-8d135aa51e6b	ad79577363ae350d286155344b9e1b0cb5f3459e	683	3	257913	29.069	257913	29.067	10997	22.7532	unclassified	chr10	125772368	125783382	35	10992	+	11021	10950	10904	7	64	46	60	0.996363	0.995799	0.989384	0
PBE65548_skip_cadb6549_ad795773_135.pod5	e526373d-f3b4-46ef-a314-38155ac73e99	ad79577363ae350d286155344b9e1b0cb5f3459e	1098	3	258289	7.7152	258289	7.7132	1601	2.94909	unclassified	*	-1	-1	-1	-1	*	0	0	0	0	0	0	0	0	0	0	0
PBE65548_skip_cadb6549_ad795773_135.pod5	136dfd19-2e5e-4f8b-9b22-2f560d389172	ad79577363ae350d286155344b9e1b0cb5f3459e	1343	1	257600	50.5408	257600	50.5388	17519	19.1412	unclassified	chr7	18447471	18464941	35	17513	+	17570	17378	17274	100	92	104	60	0.99766	0.994015	0.983153	0
PBE65548_skip_cadb6549_ad795773_135.pod5	80bed9ca-b49c-43bc-9242-45c2be54d690	ad79577363ae350d286155344b9e1b0cb5f3459e	2384	2	258067	10.5236	258067	10.386	4167	27.3048	unclassified	chr12	128427521	128431688	0	4167	-	4172	4162	4159	5	5	3	60	1	0.999279	0.996884	0
PBE65548_skip_cadb6549_ad795773_135.pod5	ea498479-b275-471f-8391-ba505e3def54	ad79577363ae350d286155344b9e1b0cb5f3459e	1356	1	257926	9.4006	257926	9.3986	3100	25.9808	unclassified	chrY	5952201	5955265	38	3095	+	3064	3057	3055	0	7	2	60	0.986129	0.999346	0.997063	0
PBE65548_skip_cadb6549_ad795773_135.pod5	0fa06a12-c3bf-4b7f-832e-514ee334f2ea	ad79577363ae350d286155344b9e1b0cb5f3459e	77	4	258320	8.9928	258320	8.9908	3548	10.5071	unclassified	chr4	94256342	94259936	10	3516	-	3677	3423	3249	83	171	174	60	0.988162	0.949167	0.883601	0
PBE65548_skip_cadb6549_ad795773_135.pod5	e9ddfcb5-0d60-44db-ba26-93540ff849f2	ad79577363ae350d286155344b9e1b0cb5f3459e	728	4	258243	13.4744	258243	13.3044	2955	36.6942	unclassified	chr6	48122709	48125659	5	2955	-	2950	2950	2944	0	0	6	60	0.998308	0.997966	0.997966	0
PBE65548_skip_cadb6549_ad795773_135.pod5	a9a0e8db-5518-4f2c-bff5-237c7c90c3e4	ad79577363ae350d286155344b9e1b0cb5f3459e	1812	3	258259	17.6972	258259	17.55	7745	26.6052	unclassified	chr6	156468176	156475927	0	7739	+	7764	7726	7701	13	25	25	60	0.999225	0.996764	0.991886	0
PBE65548_skip_cadb6549_ad795773_135.pod5	fb9adf9a-a734-4ffd-9630-c7cea5ff974b	ad79577363ae350d286155344b9e1b0cb5f3459e	106	4	258230	8.366	258230	8.226	3435	32.9419	unclassified	chr1	50839632	50843068	0	3435	+	3437	3434	3432	1	2	2	60	1	0.999418	0.998545	0
PBE65548_skip_cadb6549_ad795773_135.pod5	fcbe5a23-6e11-4d3c-85d0-e79784b6b64d	ad79577363ae350d286155344b9e1b0cb5f3459e	1868	4	258380	11.7084	258380	11.7064	4536	25.1333	unclassified	chr10	8104126	8108635	0	4504	-	4517	4496	4478	8	13	18	60	0.992945	0.995996	0.991366	0
PBE65548_skip_cadb6549_ad795773_135.pod5	eceb7b61-29d4-4d6a-abb2-2cacb2e7f4a3	ad79577363ae350d286155344b9e1b0cb5f3459e	413	4	257861	36.7506	257861	36.7486	12860	28.2502	unclassified	chr15	27003026	27015857	28	12851	+	12846	12808	12794	15	23	14	60	0.997123	0.998907	0.995952	0
PBE65548_skip_cadb6549_ad795773_135.pod5	9e5def18-773e-4d07-954f-9f75dab865e9	ad79577363ae350d286155344b9e1b0cb5f3459e	1925	1	258310	8.9888	258310	8.7576	2557	29.4549	unclassified	chr3	103162207	103164752	0	2548	+	2548	2545	2536	3	0	9	60	0.99648	0.996464	0.99529	0
PBE65548_skip_cadb6549_ad795773_135.pod5	a5c9df06-cb52-47cf-b2f8-cd46926381a1	ad79577363ae350d286155344b9e1b0cb5f3459e	575	4	258282	9.7028	258282	9.7008	3762	35.7309	unclassified	chrX	154078747	154082489	1	3742	-	3743	3740	3739	1	2	1	60	0.994418	0.999733	0.998931	0
PBE65548_skip_cadb6549_ad795773_135.pod5	f3abb664-94ee-47c1-a002-a7800f4c6215	ad79577363ae350d286155344b9e1b0cb5f3459e	1606	2	258280	12.8192	258280	12.684	5367	22.7992	unclassified	chr5	26529023	26534397	8	5367	-	5381	5352	5332	7	22	20	60	0.998509	0.996263	0.990894	0
PBE65548_skip_cadb6549_ad795773_135.pod5	ee69a780-4e66-4a3b-90fd-d9ec41732668	ad79577363ae350d286155344b9e1b0cb5f3459e	1868	4	258038	28.5332	258038	28.4028	10906	28.3842	unclassified	chr2	87267192	87278092	0	10900	+	10913	10887	10883	13	13	4	60	0.99945	0.999633	0.997251	0
PBE65548_skip_cadb6549_ad795773_135.pod5	89573284-6ba5-4334-8181-1b84e6c7216f	ad79577363ae350d286155344b9e1b0cb5f3459e	2384	2	258081	15.2108	258081	15.0984	5979	42.3793	unclassified	chr4	49709084	49711958	827	4058	+	3261	2844	2451	387	30	393	39	0.540391	0.861814	0.75161	0
PBE65548_skip_cadb6549_ad795773_135.pod5	dcd3c9c4-f6a9-4277-9d95-e9d6303370b6	ad79577363ae350d286155344b9e1b0cb5f3459e	2916	2	258302	11.6516	258302	11.5356	3989	28.8424	unclassified	chr1	28513251	28517233	6	3989	-	3988	3977	3969	6	5	8	60	0.998496	0.997988	0.995236	0
PBE65548_skip_cadb6549_ad795773_135.pod5	29f0ca49-715f-42fb-9b0d-f8001e0926d4	ad79577363ae350d286155344b9e1b0cb5f3459e	787	4	258351	14.846	258351	14.7168	6346	24.0567	unclassified	chr20	16618226	16624568	7	6346	-	6354	6327	6299	12	15	28	60	0.998897	0.995575	0.991344	0
PBE65548_skip_cadb6549_ad795773_135.pod5	534fb48c-ce86-4d17-9420-52c09b8fe86b	ad79577363ae350d286155344b9e1b0cb5f3459e	385	3	257465	69.1628	257465	69.0084	26056	30.4442	unclassified	chr4	61000256	61026293	6	26056	-	26064	26023	25996	27	14	27	60	0.99977	0.998962	0.997391	0
PBE65548_skip_cadb6549_ad795773_135.pod5	6ab75583-afe2-48bd-9a9d-53486fb6f0fc	ad79577363ae350d286155344b9e1b0cb5f3459e	1820	2	257968	41.2892	257968	41.2092	15340	27.8217	unclassified	chr3	56801362	56816681	6	15340	-	15352	15301	15276	33	18	25	60	0.999609	0.998366	0.995049	0
PBE65548_skip_cadb6549_ad795773_135.pod5	1f7081b4-fc6c-4bb1-9790-722a5f4dbae1	ad79577363ae350d286155344b9e1b0cb5f3459e	106	4	258027	38.486	258027	38.3892	16196	26.6136	unclassified	chr2	29754431	29770611	0	16190	+	16212	16158	16128	32	22	30	60	0.99963	0.998143	0.994819	0
PBE65548_skip_cadb6549_ad795773_135.pod5	8efb5be7-9adc-4a59-9a5f-b2296a327535	ad79577363ae350d286155344b9e1b0cb5f3459e	1925	1	258040	28.1852	258040	27.9708	7448	28.3818	unclassified	chr22	32581029	32588506	0	7440	+	7491	7426	7415	14	51	11	60	0.998926	0.998519	0.989855	0
PBE65548_skip_cadb6549_ad795773_135.pod5	281cd87d-d655-4ac1-85c1-2839a66acf07	ad79577363ae350d286155344b9e1b0cb5f3459e	728	4	258338	5.5112	258338	5.2248	1938	25.9373	unclassified	chr11	12705604	12707543	0	1938	+	1942	1935	1927	3	4	8	60	1	0.995866	0.992276	0
PBE65548_skip_cadb6549_ad795773_135.pod5	22840b4e-c1ed-4040-80a1-32ca56533ea4	ad79577363ae350d286155344b9e1b0cb5f3459e	2844	4	258182	23.8288	258182	23.8268	12347	24.5323	unclassified	chr4	8020749	8033075	26	12338	+	12338	12300	12271	12	26	29	60	0.997165	0.997642	0.99457	0
PBE65548_skip_cadb6549_ad795773_135.pod5	ea706273-3640-4810-865a-3995b8db9ef1	ad79577363ae350d286155344b9e1b0cb5f3459e	1812	3	257560	5.4968	257560	5.3496	2299	22.4583	unclassified	chr7	69731084	69733375	9	2299	-	2295	2286	2281	4	5	5	60	0.996085	0.997813	0.9939	0
PBE65548_skip_cadb6549_ad795773_135.pod5	69008557-006d-421a-8dcb-6ad953560673	ad79577363ae350d286155344b9e1b0cb5f3459e	708	1	257526	18.62	257527	18.4836	7345	28.8866	unclassified	chr13	89334425	89341772	0	7345	-	7353	7339	7333	6	8	6	60	1	0.999182	0.99728	0
PBE65548_skip_cadb6549_ad795773_135.pod5	7546f536-9af4-4831-b6e3-811560b93d09	ad79577363ae350d286155344b9e1b0cb5f3459e	708	1	257547	12.7184	257547	12.648	5127	29.84	unclassified	chr17	17333891	17339015	0	5122	+	5131	5115	5114	7	9	1	60	0.999025	0.999804	0.996687	0
PBE65548_skip_cadb6549_ad795773_135.pod5	38ed0cd2-0a53-494b-b2bc-d016f909926b	ad79577363ae350d286155344b9e1b0cb5f3459e	2097	4	257542	23.3936	257542	23.328	11493	20.918	unclassified	chr14	40215810	40227342	0	11485	+	11564	11453	11400	32	79	53	60	0.999304	0.995372	0.985818	0
PBE65548_skip_cadb6549_ad795773_135.pod5	fb6c95fe-680e-4a2b-899f-19ef7f113418	ad79577363ae350d286155344b9e1b0cb5f3459e	2916	2	257519	19.5416	257519	19.4592	8389	22.8884	unclassified	chr3	53622416	53630804	0	8379	+	8405	8362	8335	17	26	27	60	0.998808	0.996771	0.991672	0
PBE65548_skip_cadb6549_ad795773_135.pod5	018b3e04-4162-45d7-9f33-41770b930037	ad79577363ae350d286155344b9e1b0cb5f3459e	1820	2	257524	18.824	257524	18.7104	7040	23.6986	unclassified	chr13	41605444	41612481	10	7040	-	7047	7020	6999	10	17	21	60	0.99858	0.997009	0.993189	0
PBE65548_skip_cadb6549_ad795773_135.pod5	2c59b12e-fdf8-496c-b9ca-4622e3e698da	ad79577363ae350d286155344b9e1b0cb5f3459e	1932	1	257578	7.7762	257578	7.7742	1752	2.32739	unclassified	*	-1	-1	-1	-1	*	0	0	0	0	0	0	0	0	0	0	0
PBE65548_skip_cadb6549_ad795773_135.pod5	037079c7-db11-4ac5-96cd-bb621af3fd89	ad79577363ae350d286155344b9e1b0cb5f3459e	936	3	258143	17.8412	258143	17.7588	7829	24.6963	unclassified	chr3	57947134	57954974	0	7826	+	7845	7821	7799	5	19	22	60	0.999617	0.997187	0.994136	0
PBE65548_skip_cadb6549_ad795773_135.pod5	48db5cbc-381f-4af4-96de-86f8ff74d9b4	ad79577363ae350d286155344b9e1b0cb5f3459e	49	1	257565	8.4138	257565	8.4118	2209	5.1161	unclassified	*	-1	-1	-1	-1	*	0	0	0	0	0	0	0	0	0	0	0
PBE65548_skip_cadb6549_ad795773_135.pod5	75352a6b-42bf-46bf-8e68-55844bc3945b	ad79577363ae350d286155344b9e1b0cb5f3459e	787	4	257525	14.3804	257525	14.2956	5864	30.7114	unclassified	chr1	224058361	224064697	10	5864	-	6340	5850	5843	4	486	7	60	0.998295	0.998803	0.921609	0
PBE65548_skip_cadb6549_ad795773_135.pod5	b4ff5ba6-8f20-4818-9b73-0aa8fcca44e4	ad79577363ae350d286155344b9e1b0cb5f3459e	1606	2	257527	18.9548	257528	18.6972	6634	16.0892	unclassified	chr7	34979658	34984621	1661	6634	-	4983	4953	4938	20	10	15	60	0.749623	0.996972	0.990969	0
PBE65548_skip_cadb6549_ad795773_135.pod5	6a6ce89a-26fb-4575-b591-9fcffa6aac9c	ad79577363ae350d286155344b9e1b0cb5f3459e	2844	4	257995	65.7932	257995	65.6172	19643	28.3073	unclassified	chr1	213559312	213579002	0	19638	+	19703	19625	19593	13	65	32	60	0.999745	0.998369	0.994417	0
PBE65548_skip_cadb6549_ad795773_135.pod5	97207dcf-102f-4584-bb9a-0f6998b968b4	ad79577363ae350d286155344b9e1b0cb5f3459e	986	1	257517	39.7976	257517	39.7956	9908	10.6836	unclassified	chr19	42686597	42696549	36	9908	+	10253	9571	9110	301	381	461	60	0.996367	0.951834	0.88852	0
PBE65548_skip_cadb6549_ad795773_135.pod5	0b666eeb-a4c5-4dc2-955a-fe9e746a0434	ad79577363ae350d286155344b9e1b0cb5f3459e	1606	2	257496	26.4536	257496	26.3496	10964	25.8445	unclassified	chr2	91863901	91874853	7	10964	-	11011	10898	10604	59	54	294	5	0.999362	0.973023	0.963037	0
PBE65548_skip_cadb6549_ad795773_135.pod5	8bec65ef-ebf2-44c9-9875-0e61b389c80c	ad79577363ae350d286155344b9e1b0cb5f3459e	986	1	257580	20.0348	257580	20.0328	5276	9.76527	unclassified	chr8	34048549	34053786	0	5240	-	5461	5016	4739	224	221	277	60	0.993177	0.944777	0.86779	0
PBE65548_skip_cadb6549_ad795773_135.pod5	fea5a775-b710-4ebc-b513-f90f85441b82	ad79577363ae350d286155344b9e1b0cb5f3459e	413	4	257510	28.5488	257511	28.44	10068	30.1175	unclassified	chr15	28244334	28254402	0	10059	+	10079	10048	10035	11	20	13	60	0.999106	0.998706	0.995634	0
PBE65548_skip_cadb6549_ad795773_135.pod5	63a19754-1be0-458e-aab7-67c04947202c	ad79577363ae350d286155344b9e1b0cb5f3459e	787	4	257479	40.9928	257479	40.8864	15421	27.7435	unclassified	chr8	27226011	27241432	6	15421	-	15433	15403	15384	12	18	19	60	0.999611	0.998766	0.996825	0
PBE65548_skip_cadb6549_ad795773_135.pod5	8e495b64-7725-40c6-94a0-abb5011491eb	ad79577363ae350d286155344b9e1b0cb5f3459e	2710	1	257494	66.1304	257494	66.1284	26833	25.6933	unclassified	chr20	31810369	31837186	7	26805	-	26844	26771	26744	27	46	27	60	0.998696	0.998991	0.996275	0
PBE65548_skip_cadb6549_ad795773_135.pod5	247c6369-b8f9-42f6-965c-bf13a59dac5a	ad79577363ae350d286155344b9e1b0cb5f3459e	1812	3	257573	32.172	257573	32.17	11440	29.7944	unclassified	chr8	68567616	68579019	40	11440	+	11413	11390	11388	10	13	2	60	0.996503	0.999824	0.99781	0
PBE65548_skip_cadb6549_ad795773_135.pod5	ddff8add-57a9-4fe0-bb1a-707a691db955	ad79577363ae350d286155344b9e1b0cb5f3459e	1343	1	257549	37.7684	257549	37.7664	13873	21.7438	unclassified	chr2	184473428	184487260	26	13864	+	13881	13789	13732	49	43	57	60	0.997477	0.995866	0.989266	0
PBE65548_skip_cadb6549_ad795773_135.pod5	fc45b90e-97b5-4538-b8bd-4fbd1868281c	ad79577363ae350d286155344b9e1b0cb5f3459e	986	1	257444	73.4448	257444	73.4428	19590	14.7852	unclassified	chr20	25699170	25718730	37	19583	+	19811	19295	18932	251	265	363	60	0.997754	0.981187	0.955631	0
PBE65548_skip_cadb6549_ad795773_135.pod5	00f3e6ce-229d-4c58-9052-715e06b73aaa	ad79577363ae350d286155344b9e1b0cb5f3459e	1606	2	257612	13.9916	257612	13.8756	6085	25.1952	unclassified	chr6	71162698	71168767	9	6085	-	6080	6065	6036	11	4	29	60	0.998521	0.995218	0.992763	0
PBE65548_skip_cadb6549_ad795773_135.pod5	245d1649-4193-4f74-b718-b9c00e23e268	ad79577363ae350d286155344b9e1b0cb5f3459e	1343	1	257492	55.124	257492	55.122	19831	21.0619	unclassified	chr7	5886860	5906663	33	19826	+	19892	19704	19559	89	99	145	60	0.998084	0.992641	0.98326	0
PBE65548_skip_cadb6549_ad795773_135.pod5	65b0f571-82a7-48b1-8183-75a77ec84ae3	ad79577363ae350d286155344b9e1b0cb5f3459e	936	3	257622	10.7072	257622	10.5144	2716	32.885	unclassified	chr6	128504408	128507129	0	2716	-	2721	2716	2716	0	5	0	60	1	1	0.998162	0
PBE65548_skip_cadb6549_ad795773_135.pod5	c59fe92f-4d5d-45cd-847d-ef835ce56b43	ad79577363ae350d286155344b9e1b0cb5f3459e	683	3	257542	39.1748	257542	39.0996	15447	24.9474	unclassified	chr8	104431938	104447397	6	15447	-	15479	15421	15370	20	38	51	60	0.999612	0.996693	0.992958	0
PBE65548_skip_cadb6549_ad795773_135.pod5	5aad6167-f8fe-4ee4-b246-01d609e7cdd0	ad79577363ae350d286155344b9e1b0cb5f3459e	1356	1	257608	31.0462	257608	31.0442	8132	25.6107	unclassified	chr13	82036709	82044810	40	8124	+	8104	8081	8073	3	20	8	60	0.994097	0.99901	0.996175	0
PBE65548_skip_cadb6549_ad795773_135.pod5	c82c38d6-2572-408b-b71c-7e446ccaf699	ad79577363ae350d286155344b9e1b0cb5f3459e	2916	2	257540	37.467	257540	37.465	16602	24.0018	unclassified	chr3	73296210	73312804	10	16566	-	16613	16537	16497	19	57	40	60	0.997229	0.997581	0.993017	0
PBE65548_skip_cadb6549_ad795773_135.pod5	553c942d-de13-4c63-9f93-f0a660b4bffa	ad79577363ae350d286155344b9e1b0cb5f3459e	2931	4	257517	51.464	257518	51.2736	20149	28.2922	unclassified	chr10	7274113	7294257	0	20144	+	20155	20133	20094	11	11	39	60	0.999752	0.998063	0.996973	0
PBE65548_skip_cadb6549_ad795773_135.pod5	65e750a1-0554-4b0a-890b-7fbd2cff9e3d	ad79577363ae350d286155344b9e1b0cb5f3459e	2591	1	257513	61.1168	257513	60.972	23215	25.9339	unclassified	chr9	110717154	110740359	0	23208	+	23235	23178	23127	30	27	51	60	0.999698	0.9978	0.995352	0
PBE65548_skip_cadb6549_ad795773_135.pod5	9bf616f9-3ab4-460e-a632-157f14c3bfe8	ad79577363ae350d286155344b9e1b0cb5f3459e	2591	1	257643	10.1036	257644	9.9348	2824	26.404	unclassified	chr14	80727454	80730310	5	2824	-	2856	2819	2812	0	37	7	60	0.998229	0.997517	0.984594	0
PBE65548_skip_cadb6549_ad795773_135.pod5	84b0f412-8ccd-4fba-a3af-5f6e61a603ed	ad79577363ae350d286155344b9e1b0cb5f3459e	385	3	257603	25.82	257604	25.7064	12114	21.6219	unclassified	chr15	78199424	78211539	5	12114	-	12143	12081	12021	28	34	60	60	0.999587	0.995034	0.989953	0
PBE65548_skip_cadb6549_ad795773_135.pod5	79322b42-bacc-41c9-8516-8284b86f47c4	ad79577363ae350d286155344b9e1b0cb5f3459e	2097	4	257577	48.8228	257577	48.7284	20159	28.9312	unclassified	chr9	121441633	121461801	0	20159	+	20188	20139	20113	20	29	26	60	1	0.998709	0.996285	0
PBE65548_skip_cadb6549_ad795773_135.pod5	801fa2f3-b31d-4c06-b6db-570d94d172a7	ad79577363ae350d286155344b9e1b0cb5f3459e	683	3	257454	68.4572	257454	68.3508	23970	30.0512	unclassified	chr10	35959996	35983953	5	23970	-	23981	23941	23915	24	16	26	60	0.999791	0.998914	0.997248	0
PBE65548_skip_cadb6549_ad795773_135.pod5	6c7b2d28-bc02-4cda-826c-d9c9cd2275da	ad79577363ae350d286155344b9e1b0cb5f3459e	2161	1	257658	9.2894	257658	9.2874	2107	2.45783	unclassified	*	-1	-1	-1	-1	*	0	0	0	0	0	0	0	0	0	0	0
PBE65548_skip_cadb6549_ad795773_135.pod5	a504b05b-44ec-4c6e-96de-e9fdbce363aa	ad79577363ae350d286155344b9e1b0cb5f3459e	708	1	257651	8.4496	257651	8.4476	3096	27.6622	unclassified	chr21	25399584	25402641	34	3096	+	3063	3056	3051	6	1	5	60	0.989018	0.998364	0.996082	0
PBE65548_skip_cadb6549_ad795773_135.pod5	25e28be5-184c-4f50-b0ec-62c861e9633e	ad79577363ae350d286155344b9e1b0cb5f3459e	1356	1	257640	15.3644	257640	15.1044	3790	26.3557	unclassified	chr1	219946589	219950370	7	3790	-	3784	3780	3775	3	1	5	60	0.998153	0.998677	0.997622	0
PBE65548_skip_cadb6549_ad795773_135.pod5	d765a912-1e59-4560-937b-2bd6c52dfba6	ad79577363ae350d286155344b9e1b0cb5f3459e	57	2	257594	41.3048	257594	41.2032	15827	25.3076	unclassified	chr11	105265506	105281334	7	15827	-	15857	15791	15765	29	37	26	60	0.999558	0.998353	0.994198	0
PBE65548_skip_cadb6549_ad795773_135.pod5	e35e3308-82a7-48e3-8499-2dde152723fd	ad79577363ae350d286155344b9e1b0cb5f3459e	787	4	257541	44.376	257541	44.374	16452	25.331	unclassified	chr2	128564259	128580669	33	16448	+	16439	16386	16364	29	24	22	60	0.997751	0.998657	0.995438	0
PBE65548_skip_cadb6549_ad795773_135.pod5	2b92143f-24b3-40e8-913a-bfb7bfaf2b52	ad79577363ae350d286155344b9e1b0cb5f3459e	1606	2	257563	17.3756	257563	16.8276	7302	18.1768	unclassified	chrX	92814083	92821446	0	7299	+	7390	7272	7217	27	91	55	60	0.999589	0.992437	0.97659	0
PBE65548_skip_cadb6549_ad795773_135.pod5	c4417698-1140-46a3-99c0-366f971fbd89	ad79577363ae350d286155344b9e1b0cb5f3459e	936	3	257579	42.2432	257579	42.0552	15201	27.5432	unclassified	chr12	65037873	65053083	0	15201	-	15219	15192	15179	9	18	13	60	1	0.999144	0.997372	0
PBE65548_skip_cadb6549_ad795773_135.pod5	667066f3-0a71-4e22-9efb-49c84d93bcb1	ad79577363ae350d286155344b9e1b0cb5f3459e	385	3	257534	68.1044	257534	67.9884	25805	29.0801	unclassified	chr9	118260933	118286679	14	25805	-	25806	25731	25719	60	15	12	60	0.999457	0.999534	0.996629	0
PBE65548_skip_cadb6549_ad795773_135.pod5	d15cb599-2e14-403a-8dd0-30e74bf428b4	ad79577363ae350d286155344b9e1b0cb5f3459e	2710	1	257636	15.6548	257636	15.5364	6237	27.089	unclassified	chr5	83187351	83193577	0	6230	+	6232	6224	6217	6	2	7	60	0.998878	0.998875	0.997593	0
PBE65548_skip_cadb6549_ad795773_135.pod5	418f0f29-2e8d-4bc6-a47b-f6678bacd8a9	ad79577363ae350d286155344b9e1b0cb5f3459e	683	3	257585	53.69	257585	53.442	12613	24.3941	unclassified	chr19	38403174	38415756	0	12606	+	12621	12567	12545	39	15	22	60	0.999445	0.998249	0.993978	0
PBE65548_skip_cadb6549_ad795773_135.pod5	497f08e9-07cc-41bc-95dc-f273afb7d4ef	ad79577363ae350d286155344b9e1b0cb5f3459e	1606	2	257630	29.9132	257630	29.7756	10167	17.4051	unclassified	chr4	35061984	35071055	1086	10167	-	9120	9032	9011	49	39	21	60	0.893184	0.997675	0.988048	0
PBE65548_skip_cadb6549_ad795773_135.pod5	2cfa3791-bfca-4cf9-83e3-9758d5f0cd08	ad79577363ae350d286155344b9e1b0cb5f3459e	77	4	257617	41.4056	257617	41.4036	14289	10.1982	unclassified	chrX	113512849	113527389	7	14257	-	14898	13892	13130	358	648	762	60	0.997271	0.945148	0.881326	0
PBE65548_skip_cadb6549_ad795773_135.pod5	9f3d9264-6552-451d-8eb1-3182393a641c	ad79577363ae350d286155344b9e1b0cb5f3459e	413	4	257539	49.6088	257540	49.4808	16114	27.8443	unclassified	chr7	86738471	86754580	0	16114	-	16127	16096	16084	18	13	12	60	1	0.999254	0.997334	0
PBE65548_skip_cadb6549_ad795773_135.pod5	ce967098-4418-499c-90b8-e338c1ea35b0	ad79577363ae350d286155344b9e1b0cb5f3459e	2844	4	257606	44.5868	257606	44.4648	18339	28.1059	unclassified	chr14	89589061	89607403	0	18331	+	18365	18308	18288	23	34	20	60	0.999564	0.998908	0.995807	0
PBE65548_skip_cadb6549_ad795773_135.pod5	b6f22d82-d7fe-456b-9f04-9ae629cb0232	ad79577363ae350d286155344b9e1b0cb5f3459e	385	3	257662	9.5912	257662	9.4608	3813	26.6119	unclassified	chr3	22783646	22787451	0	3801	+	3809	3797	3790	4	8	7	60	0.996853	0.998156	0.995012	0
PBE65548_skip_cadb6549_ad795773_135.pod5	c0b37339-128b-497b-8827-e73b6523b52b	ad79577363ae350d286155344b9e1b0cb5f3459e	1868	4	257665	15.758	257665	15.6156	6397	21.6233	unclassified	chr3	156285695	156292099	6	6397	-	6419	6376	6351	15	28	25	60	0.999062	0.996079	0.989406	0
PBE65548_skip_cadb6549_ad795773_135.pod5	53889443-1617-44f2-b2f5-8a2d911b35ec	ad79577363ae350d286155344b9e1b0cb5f3459e	106	4	257504	89.5652	257504	89.418	29616	30.5053	unclassified	chr2	193356651	193386272	0	29610	+	29642	29589	29524	21	32	65	60	0.999797	0.997803	0.996019	0
PBE65548_skip_cadb6549_ad795773_135.pod5	f59ed390-dab1-4820-a225-26a82915e09d	ad79577363ae350d286155344b9e1b0cb5f3459e	1781	1	257686	3.1764	257686	3.1744	793	4.025	unclassified	*	-1	-1	-1	-1	*	0	0	0	0	0	0	0	0	0	0	0
PBE65548_skip_cadb6549_ad795773_135.pod5	24742c3e-5ef3-4d77-86a9-2d355f98fed7	ad79577363ae350d286155344b9e1b0cb5f3459e	1356	1	257655	13.7168	257655	13.5984	3781	25.3405	unclassified	chr1	219946589	219950370	0	3776	+	3782	3775	3769	1	6	6	60	0.998678	0.998411	0.996563	0
PBE65548_skip_cadb6549_ad795773_135.pod5	af92ad5c-c99f-4098-847e-05138f20b165	ad79577363ae350d286155344b9e1b0cb5f3459e	1925	1	257615	35.7392	257616	35.6016	11244	25.426	unclassified	chr14	84768931	84780165	0	11244	+	11267	11211	11187	33	23	24	60	1	0.997859	0.9929	0
PBE65548_skip_cadb6549_ad795773_135.pod5	96f2e2ae-69f1-4a51-ba01-01947ccc6a41	ad79577363ae350d286155344b9e1b0cb5f3459e	2591	1	257579	63.4076	257579	63.1164	15043	28.124	unclassified	chr18	54888715	54903744	0	15036	+	15054	15011	14983	25	18	28	60	0.999535	0.998135	0.995284	0
PBE65548_skip_cadb6549_ad795773_135.pod5	60318c1c-9af9-4c89-9e26-0605465f447f	ad79577363ae350d286155344b9e1b0cb5f3459e	385	3	257636	24.218	257636	24.0804	7264	32.0361	unclassified	chr5	42190355	42197612	0	7257	+	7260	7254	7245	3	3	9	60	0.999036	0.998759	0.997934	0
PBE65548_skip_cadb6549_ad795773_135.pod5	774cbf92-7e74-4e85-9535-2e749a77d547	ad79577363ae350d286155344b9e1b0cb5f3459e	2884	4	257710	9.2248	257710	9.2228	2279	2.94001	unclassified	*	-1	-1	-1	-1	*	0	0	0	0	0	0	0	0	0	0	0
PBE65548_skip_cadb6549_ad795773_135.pod5	7d43e81e-0eb2-49ba-83d5-b8e753f2164f	ad79577363ae350d286155344b9e1b0cb5f3459e	2916	2	257577	20.6072	257578	20.4744	8150	27.2216	unclassified	chr8	50525074	50533217	9	8150	-	8151	8133	8121	8	10	12	60	0.998896	0.998525	0.996319	0
PBE65548_skip_cadb6549_ad795773_135.pod5	a521d692-c672-489f-ac38-c79fbe90ba5b	ad79577363ae350d286155344b9e1b0cb5f3459e	2844	4	257651	11.9444	257651	11.8212	5220	26.0165	unclassified	chr3	113897570	113902786	0	5220	+	5224	5212	5200	8	4	12	60	1	0.997698	0.995406	0
PBE65548_skip_cadb6549_ad795773_135.pod5	27aa601d-1bb4-4f2c-ae8e-42bff167f282	ad79577363ae350d286155344b9e1b0cb5f3459e	795	4	257484	87.2698	257484	87.2678	33234	23.9383	unclassified	chr7	112590827	112624028	31	33226	+	33282	33114	32997	81	87	117	60	0.998827	0.996467	0.991437	0
PBE65548_skip_cadb6549_ad795773_135.pod5	69a6e2aa-f199-423d-96f4-a85941af76cb	ad79577363ae350d286155344b9e1b0cb5f3459e	1356	1	257669	16.7096	257669	16.4808	3698	22.3951	unclassified	chr13	93453782	93457666	6	3698	-	3895	3681	3654	11	203	27	60	0.998378	0.992665	0.938126	0
PBE65548_skip_cadb6549_ad795773_135.pod5	d6b53f33-fb61-42e9-a5dd-73a3946e7bd4	ad79577363ae350d286155344b9e1b0cb5f3459e	2238	3	257643	11.5184	257643	11.4024	5175	31.7605	unclassified	chr3	56525216	56530391	3	5175	-	5176	5171	5165	1	4	6	60	0.99942	0.99884	0.997875	0
PBE65548_skip_cadb6549_ad795773_135.pod5	8d06caf0-2d65-4389-8b15-146ac68114d5	ad79577363ae350d286155344b9e1b0cb5f3459e	2710	1	257652	18.404	257652	18.3144	7304	28.2823	unclassified	chr12	43464908	43472211	0	7297	+	7304	7296	7271	1	7	25	60	0.999042	0.996573	0.995482	0
PBE65548_skip_cadb6549_ad795773_135.pod5	0483d8ff-ec29-4ecc-ad9a-b7874d13a31d	ad79577363ae350d286155344b9e1b0cb5f3459e	936	3	257633	30.1652	257633	30.1632	10855	31.6499	unclassified	chrX	69827200	69838031	6	10828	-	10833	10820	10805	2	11	15	60	0.99696	0.998614	0.997415	0
PBE65548_skip_cadb6549_ad795773_135.pod5	8ad72da7-4742-41d3-aff2-291b13806a83	ad79577363ae350d286155344b9e1b0cb5f3459e	1812	3	257626	45.2468	257626	45.138	12713	11.6341	unclassified	chrY	5848323	5858604	2202	12713	-	10533	10259	10245	252	22	14	60	0.826791	0.998635	0.972657	0
PBE65548_skip_cadb6549_ad795773_135.pod5	6e03c09a-cca2-40e3-83ff-4c2587f1a65e	ad79577363ae350d286155344b9e1b0cb5f3459e	2238	3	257664	31.8092	257664	31.6908	12164	35.8348	unclassified	chr16	36812687	36824846	0	12158	+	12162	12155	12085	3	4	70	1	0.999507	0.994241	0.993669	0
PBE65548_skip_cadb6549_ad795773_135.pod5	be76af43-6542-4962-96c4-d6a1ff96a8c0	ad79577363ae350d286155344b9e1b0cb5f3459e	1812	3	257673	15.4016	257673	15.2736	5959	25.0814	unclassified	chr12	132759959	132765910	0	5950	+	5957	5944	5922	6	7	22	60	0.99849	0.996299	0.994125	0
PBE65548_skip_cadb6549_ad795773_135.pod5	1e7f28f7-87c4-4641-afc6-0c87df349407	ad79577363ae350d286155344b9e1b0cb5f3459e	2916	2	257439	79.7746	257439	79.7726	28119	25.2325	unclassified	chr5	7744807	7772875	41	28112	+	28151	27988	27900	83	80	88	60	0.998293	0.996856	0.991084	0
PBE65548_skip_cadb6549_ad795773_135.pod5	7f16f6fd-aef2-4f9b-86e6-81d4c04cc351	ad79577363ae350d286155344b9e1b0cb5f3459e	986	1	257620	34.9182	257620	34.9162	11790	25.5339	unclassified	chrY	11294678	11300992	25	6101	+	6656	5734	4799	342	580	935	1	0.515352	0.836938	0.721004	0
PBE65548_skip_cadb6549_ad795773_135.pod5	77924f6d-1e28-4764-90aa-ad40d7ff16e3	ad79577363ae350d286155344b9e1b0cb5f3459e	1812	3	257689	7.9804	257689	7.9784	3298	27.7921	unclassified	chr20	56278005	56281316	6	3257	-	3315	3247	3235	4	64	12	60	0.985749	0.996304	0.975867	0
PBE65548_skip_cadb6549_ad795773_135.pod5	e8c7f523-4904-4a7a-95d4-8f5c1c0e7f9a	ad79577363ae350d286155344b9e1b0cb5f3459e	106	4	257669	32.8388	257669	32.6076	12817	26.7816	unclassified	chr1	63516429	63529249	7	12817	-	12847	12783	12743	27	37	40	60	0.999454	0.996871	0.991905	0
PBE65548_skip_cadb6549_ad795773_135.pod5	75ec7637-6dd4-40b7-b6aa-911df3ab33ee	ad79577363ae350d286155344b9e1b0cb5f3459e	1606	2	257663	19.7984	257663	19.644	9535	26.1617	unclassified	chr5	89157438	89166988	0	9529	+	9558	9521	9515	8	29	6	60	0.999371	0.99937	0.995501	0
PBE65548_skip_cadb6549_ad795773_135.pod5	9b2243bb-1e6b-40d4-a605-13b6f6c6871c	ad79577363ae350d286155344b9e1b0cb5f3459e	344	2	257625	46.2464	257625	46.14	11426	8.63892	unclassified	chr4	13633712	13644842	0	11419	+	11919	10630	9968	789	500	662	60	0.999387	0.937723	0.836312	0
PBE65548_skip_cadb6549_ad795773_135.pod5	05ea8afd-4657-4fde-94db-558818578ab7	ad79577363ae350d286155344b9e1b0cb5f3459e	413	4	257684	22.7936	257684	22.7112	8933	26.883	unclassified	chr14	38292102	38301029	4	8933	-	8944	8912	8882	17	15	30	60	0.999552	0.996634	0.993068	0
PBE65548_skip_cadb6549_ad795773_135.pod5	440909e1-2f9d-4b5f-89a4-56aa1dbca74e	ad79577363ae350d286155344b9e1b0cb5f3459e	708	1	257661	18.3332	257661	18.2508	6754	29.9105	unclassified	chr21	8463349	8470135	0	6754	-	6797	6743	6735	11	43	8	9	1	0.998814	0.990878	0
PBE65548_skip_cadb6549_ad795773_135.pod5	3ee40161-cb52-4651-89a1-63d07865581b	ad79577363ae350d286155344b9e1b0cb5f3459e	1606	2	257683	40.4036	257683	40.1964	17941	17.7194	unclassified	chr8	124097517	124115399	137	17941	-	17940	17746	17602	58	136	144	60	0.992364	0.991885	0.981159	0
PBE65548_skip_cadb6549_ad795773_135.pod5	430fd7bd-ebde-48ed-97ce-ca47f20157dd	ad79577363ae350d286155344b9e1b0cb5f3459e	2591	1	257724	7.2176	257724	7.1352	4435	19.7895	unclassified	chr15	32254704	32259140	0	4425	+	4454	4407	4379	18	29	28	29	0.997745	0.993646	0.983161	0
PBE65548_skip_cadb6549_ad795773_135.pod5	ba5ed02f-74c4-4a71-b6d1-fba13b012855	ad79577363ae350d286155344b9e1b0cb5f3459e	385	3	257672	25.6856	257672	25.5648	9939	31.6385	unclassified	chr2	210392257	210402198	0	9939	+	9943	9937	9934	2	4	3	60	1	0.999698	0.999095	0
PBE65548_skip_cadb6549_ad795773_135.pod5	0e684833-6f1d-4195-8c7c-1d1866de8b05	ad79577363ae350d286155344b9e1b0cb5f3459e	2591	1	257664	23.342	257664	23.19	8873	26.8484	unclassified	chr6	157570951	157579823	0	8864	+	8881	8855	8839	9	17	16	60	0.998986	0.998193	0.995271	0
PBE65548_skip_cadb6549_ad795773_135.pod5	06e81120-1153-44c4-b3be-2018b2fffab5	ad79577363ae350d286155344b9e1b0cb5f3459e	2916	2	257708	28.4492	257708	28.338	11229	30.804	unclassified	chr22	11362057	11373286	7	11229	-	11230	11221	11205	1	8	16	60	0.999377	0.998574	0.997774	0
PBE65548_skip_cadb6549_ad795773_135.pod5	72856706-49a3-47a9-8113-420dcce69b41	ad79577363ae350d286155344b9e1b0cb5f3459e	708	1	257559	87.4508	257560	87.2868	20932	28.0097	unclassified	chr6	147874048	147894974	0	20927	+	20945	20908	20878	19	18	30	60	0.999761	0.998565	0.996801	0
PBE65548_skip_cadb6549_ad795773_135.pod5	c5d32f48-3a27-4558-8ae3-309433bfbeee	ad79577363ae350d286155344b9e1b0cb5f3459e	1925	1	257753	8.7264	257753	8.7244	1393	15.4194	unclassified	chr9	110482683	110483932	0	1250	-	1250	1249	1249	1	0	0	60	0.897344	1	0.9992	0
PBE65548_skip_cadb6549_ad795773_135.pod5	e4d79832-68ba-490e-bf2d-02be41b4b140	ad79577363ae350d286155344b9e1b0cb5f3459e	2710	1	257565	71.1008	257565	71.0052	27477	23.5209	unclassified	chr13	83448832	83476378	7	27477	-	27588	27428	27324	42	118	104	60	0.999745	0.996208	0.990431	0
PBE65548_skip_cadb6549_ad795773_135.pod5	a76d5cb9-47ef-45b0-a042-99868df79e6a	ad79577363ae350d286155344b9e1b0cb5f3459e	106	4	257598	65.7872	257598	65.6664	19388	31.3841	unclassified	chr2	156138041	156157415	0	19380	+	19391	19363	19337	17	11	26	60	0.999587	0.998657	0.997215	0
PBE65548_skip_cadb6549_ad795773_135.pod5	3fdfb8ce-cf3e-46d3-9ca5-5677cf125175	ad79577363ae350d286155344b9e1b0cb5f3459e	1925	1	257733	16.9652	257733	16.7916	4645	27.1548	unclassified	chr14	52578197	52582835	9	4645	-	4648	4626	4622	10	12	4	60	0.998062	0.999135	0.994406	0
PBE65548_skip_cadb6549_ad795773_135.pod5	31dcb6f7-25e1-42ab-8e96-3a599e9bdace	ad79577363ae350d286155344b9e1b0cb5f3459e	413	4	257632	47.467	257632	47.465	15974	25.1209	unclassified	chr9	95211757	95227718	27	15968	+	15982	15920	15897	21	41	23	60	0.997934	0.998555	0.994682	0
PBE65548_skip_cadb6549_ad795773_135.pod5	5059aa4f-4799-4c5b-8054-58590010a2f0	ad79577363ae350d286155344b9e1b0cb5f3459e	2162	3	257635	41.6494	257635	41.6474	13666	21.3382	unclassified	chr9	41086544	41100205	8	13637	-	13702	13588	13471	41	73	117	60	0.997293	0.991389	0.983141	0
PBE65548_skip_cadb6549_ad795773_135.pod5	c5fcdc02-0508-4969-8660-01746c07a5e3	ad79577363ae350d286155344b9e1b0cb5f3459e	1832	3	257702	38.8082	257702	38.8062	11251	28.6368	unclassified	chr12	124792756	124803976	31	11251	+	11231	11209	11192	11	11	17	60	0.997245	0.998483	0.996527	0
PBE65548_skip_cadb6549_ad795773_135.pod5	3368482a-937c-4a80-841d-0b53339981eb	ad79577363ae350d286155344b9e1b0cb5f3459e	77	4	257521	94.9186	257521	94.9166	34623	10.1443	unclassified	chr5	158340373	158375395	224	34615	+	35995	33418	31609	973	1604	1809	60	0.993299	0.945867	0.87815	0
PBE65548_skip_cadb6549_ad795773_135.pod5	14e25379-9817-4abc-a14f-1216ed79afa8	ad79577363ae350d286155344b9e1b0cb5f3459e	2097	4	257627	83.5228	257627	83.5208	21492	7.39559	unclassified	chr3	132435517	132448786	56	12894	+	13780	12327	11176	511	942	1151	60	0.597339	0.906628	0.811031	0
PBE65548_skip_cadb6549_ad795773_135.pod5	d4f2aba8-26b7-4f4d-9d1e-c4692eccbc76	ad79577363ae350d286155344b9e1b0cb5f3459e	2162	3	257744	17.3228	257744	17.3208	4864	21.2911	unclassified	chr1	212714255	212719075	37	4864	+	4837	4810	4782	17	10	28	60	0.992393	0.994179	0.988629	0
PBE65548_skip_cadb6549_ad795773_135.pod5	85764dce-8b10-4a71-8efc-d0cedc87ca5a	ad79577363ae350d286155344b9e1b0cb5f3459e	728	4	257684	39.44	257685	39.1308	16339	24.2956	unclassified	chr16	8810123	8826482	6	16339	-	16395	16297	16242	36	62	55	60	0.999633	0.996625	0.990668	0
PBE65548_skip_cadb6549_ad795773_135.pod5	96a43e97-d78d-41f1-9fd8-c6b3d9ae9ccc	ad79577363ae350d286155344b9e1b0cb5f3459e	2097	4	257728	25.6736	257728	25.4616	11417	27.372	unclassified	chr6	128579846	128591258	0	11410	+	11429	11393	11386	17	19	7	60	0.999387	0.999386	0.996238	0
PBE65548_skip_cadb6549_ad795773_135.pod5	15b20ff2-f4c5-4463-87f1-bb8cca295d0a	ad79577363ae350d286155344b9e1b0cb5f3459e	1832	3	257661	41.6068	257661	41.6048	17595	26.5722	unclassified	chr4	6611566	6629108	31	17589	+	17608	17492	17419	66	50	73	60	0.997897	0.995827	0.989266	0
PBE65548_skip_cadb6549_ad795773_135.pod5	82078381-5d75-4507-a8ab-56c7ac31e27a	ad79577363ae350d286155344b9e1b0cb5f3459e	2591	1	257746	7.8164	257746	7.6644	2800	24.6447	unclassified	chr10	104306221	104309017	6	2800	-	2799	2791	2787	3	5	4	60	0.997857	0.998567	0.995713	0
PBE65548_skip_cadb6549_ad795773_135.pod5	9cf783ac-3ba8-44be-8c41-d266aced01ce	ad79577363ae350d286155344b9e1b0cb5f3459e	1812	3	257750	17.6012	257750	17.4756	6462	39.8269	unclassified	chr11	51143808	51150268	0	6456	+	6461	6455	6311	1	5	144	1	0.999071	0.977692	0.976784	0
PBE65548_skip_cadb6549_ad795773_135.pod5	dd1b3362-7a4a-4fd5-a4a8-4e0137bed187	ad79577363ae350d286155344b9e1b0cb5f3459e	2162	3	257512	118.445	257512	118.443	36142	28.0094	unclassified	chr11	53454927	53468173	7	13255	-	13256	13238	12951	10	8	287	1	0.366554	0.97832	0.976992	0
PBE65548_skip_cadb6549_ad795773_135.pod5	925aafb6-66dc-4e98-86fe-48e7be5b1e13	ad79577363ae350d286155344b9e1b0cb5f3459e	2161	1	257751	22.3436	257751	22.3416	4802	2.35409	unclassified	*	-1	-1	-1	-1	*	0	0	0	0	0	0	0	0	0	0	0
PBE65548_skip_cadb6549_ad795773_135.pod5	5b4940da-f6b5-4403-9615-bad964125d29	ad79577363ae350d286155344b9e1b0cb5f3459e	787	4	257724	43.562	257724	43.446	13957	12.2583	unclassified	chr11	57590299	57601833	0	11506	+	11553	11487	11462	19	47	25	60	0.824389	0.997824	0.992123	0
PBE65548_skip_cadb6549_ad795773_135.pod5	401c4256-a57b-4877-ab02-3e1b225b79ce	ad79577363ae350d286155344b9e1b0cb5f3459e	1430	1	257613	100.407	257613	100.405	30202	30.9756	unclassified	chr7	131382038	131412197	0	30177	-	30194	30142	30131	35	17	11	60	0.999172	0.999635	0.997913	0
PBE65548_skip_cadb6549_ad795773_135.pod5	20a8eb66-d068-4bee-934b-dc175eed469d	ad79577363ae350d286155344b9e1b0cb5f3459e	2162	3	257772	9.4832	257772	9.2856	2900	26.0889	unclassified	chr17	50793482	50796380	6	2900	-	2903	2889	2881	5	9	8	60	0.997931	0.997231	0.992422	0
PBE65548_skip_cadb6549_ad795773_135.pod5	c4f93e2d-2f13-4cb4-b3bb-721fb27b7696	ad79577363ae350d286155344b9e1b0cb5f3459e	106	4	257711	35.7356	257711	35.634	14853	25.5857	unclassified	chr1	168356689	168371557	0	14853	-	14892	14829	14790	24	39	39	60	1	0.99737	0.993151	0
PBE65548_skip_cadb6549_ad795773_135.pod5	72e3cc0d-b08e-41e9-a075-de6bc5ba2f2c	ad79577363ae350d286155344b9e1b0cb5f3459e	1832	3	257749	14.978	257749	14.8716	9029	23.0113	unclassified	chr7	28034952	28043985	8	9026	-	9051	9000	8982	18	33	18	60	0.998782	0.998	0.992377	0
PBE65548_skip_cadb6549_ad795773_135.pod5	51ec3c64-ae92-4a70-a3f6-ae40c14afce0	ad79577363ae350d286155344b9e1b0cb5f3459e	1098	3	257789	10.3378	257789	10.3358	2500	3.09161	unclassified	*	-1	-1	-1	-1	*	0	0	0	0	0	0	0	0	0	0	0
PBE65548_skip_cadb6549_ad795773_135.pod5	485b81bd-a845-41fe-95f6-278fa7a85594	ad79577363ae350d286155344b9e1b0cb5f3459e	413	4	257708	36.1736	257708	35.9424	12935	27.6205	unclassified	chr1	163308487	163321435	0	12929	+	12955	12922	12912	7	26	10	60	0.999536	0.999226	0.996681	0
PBE65548_skip_cadb6549_ad795773_135.pod5	0937f1d7-a0d2-4ab8-a312-c60d29404ed5	ad79577363ae350d286155344b9e1b0cb5f3459e	575	4	257777	10.2452	257777	10.2432	3894	26.7992	unclassified	chr1	9629901	9633743	30	3887	+	3863	3836	3827	21	6	9	60	0.990498	0.997654	0.990681	0
PBE65548_skip_cadb6549_ad795773_135.pod5	a4330947-1c32-48ff-9608-a55fffaae10f	ad79577363ae350d286155344b9e1b0cb5f3459e	2844	4	257667	74.7706	257667	74.7686	20108	8.12322	unclassified	chr5	141663050	141675327	33	12306	+	12446	12104	12013	169	173	91	60	0.610354	0.992482	0.96521	0
PBE65548_skip_cadb6549_ad795773_135.pod5	faa6324c-6800-44d1-a334-b4e0d192e1d0	ad79577363ae350d286155344b9e1b0cb5f3459e	2916	2	257789	6.6824	257789	6.528	2513	23.7996	unclassified	chr19	49524270	49526775	6	2513	-	2510	2502	2496	5	3	6	60	0.997612	0.997602	0.994422	0
PBE65548_skip_cadb6549_ad795773_135.pod5	3e6dffac-d880-4304-a64e-1af7a65beb8d	ad79577363ae350d286155344b9e1b0cb5f3459e	2916	2	257612	88.4288	257612	88.2588	30685	27.7501	unclassified	chr2	154201279	154231944	8	30684	-	30718	30623	30591	53	42	32	60	0.999707	0.998955	0.995866	0
PBE65548_skip_cadb6549_ad795773_135.pod5	fb826e7d-bbcf-429e-a169-e5cc92e85f78	ad79577363ae350d286155344b9e1b0cb5f3459e	2916	2	257744	19.9268	257744	19.9248	8506	27.0934	unclassified	chr10	53427529	53436001	34	8506	+	8480	8464	8449	8	8	15	60	0.996003	0.998228	0.996344	0
PBE65548_skip_cadb6549_ad795773_135.pod5	eda89922-4a60-4110-bc55-6698513120dc	ad79577363ae350d286155344b9e1b0cb5f3459e	1820	2	257737	38.3618	257737	38.3598	14346	24.948	unclassified	chr1	207215607	207229908	34	14340	+	14335	14272	14252	34	29	20	60	0.997212	0.998599	0.99421	0
PBE65548_skip_cadb6549_ad795773_135.pod5	6288264b-f396-45b8-90c4-d5aa3d84c717	ad79577363ae350d286155344b9e1b0cb5f3459e	1812	3	257715	35.264	257715	35.1432	16362	25.886	unclassified	chr14	102307451	102323819	0	16362	+	16401	16329	16305	33	39	24	60	1	0.99853	0.994147	0
PBE65548_skip_cadb6549_ad795773_135.pod5	f0193500-0c42-4514-ba3c-ce3f546ba770	ad79577363ae350d286155344b9e1b0cb5f3459e	683	3	257639	56.6394	257639	56.6374	19182	27.5261	unclassified	chr14	88216886	88236034	4	19148	-	19182	19110	19053	34	38	57	60	0.998019	0.997017	0.993275	0
PBE65548_skip_cadb6549_ad795773_135.pod5	4546addc-3765-4458-8420-89517bc6925d	ad79577363ae350d286155344b9e1b0cb5f3459e	2591	1	257818	5.6156	257819	5.5452	2925	22.5161	unclassified	chr5	91719226	91722142	10	2925	-	2926	2905	2902	10	11	3	60	0.996581	0.998967	0.991798	0
PBE65548_skip_cadb6549_ad795773_135.pod5	fb55c1ff-7817-4b99-b05a-c9ef072b46de	ad79577363ae350d286155344b9e1b0cb5f3459e	2844	4	257785	17.3972	257785	17.298	7155	26.8929	unclassified	chr6	107588256	107595407	0	7155	-	7167	7139	7121	16	12	18	60	1	0.997479	0.993582	0
PBE65548_skip_cadb6549_ad795773_135.pod5	3e408195-6de5-4e10-8993-bed9197b4582	ad79577363ae350d286155344b9e1b0cb5f3459e	2591	1	257803	14.798	257804	14.6388	5419	27.6789	unclassified	chr9	72115963	72121377	4	5419	-	5422	5407	5387	8	7	20	60	0.999262	0.996301	0.993545	0
PBE65548_skip_cadb6549_ad795773_135.pod5	3978a1af-46b2-40ad-8b7b-0ecdce67907d	ad79577363ae350d286155344b9e1b0cb5f3459e	385	3	257699	51.7868	257699	51.6444	19988	29.4813	unclassified	chr5	119251824	119271791	5	19988	-	20003	19947	19918	36	20	29	60	0.99975	0.998546	0.995751	0
PBE65548_skip_cadb6549_ad795773_135.pod5	807975f7-d721-42f7-8ee0-cb9704aaf995	ad79577363ae350d286155344b9e1b0cb5f3459e	2591	1	257832	3.5456	257832	3.4296	1377	26.8163	unclassified	chr1	195862761	195864131	10	1377	-	1370	1367	1366	0	3	1	60	0.992738	0.999268	0.99708	0
PBE65548_skip_cadb6549_ad795773_135.pod5	ae0daa36-d693-49a9-9306-b1e9fc6236cf	ad79577363ae350d286155344b9e1b0cb5f3459e	1820	2	257777	21.921	257777	21.919	7921	25.083	unclassified	chr2	64319570	64327444	33	7915	+	7899	7857	7837	25	17	20	60	0.995076	0.997455	0.992151	0
PBE65548_skip_cadb6549_ad795773_135.pod5	02eb32fc-ec47-49b5-b64b-8fee620fefc1	ad79577363ae350d286155344b9e1b0cb5f3459e	2710	1	257799	10.8908	257800	10.7772	3796	38.3127	unclassified	chr5	161006299	161010097	0	3796	+	3798	3796	3790	0	2	6	60	1	0.998419	0.997894	0
PBE65548_skip_cadb6549_ad795773_135.pod5	b8df145b-5152-438a-8ebf-91e27156a615	ad79577363ae350d286155344b9e1b0cb5f3459e	575	4	257793	35.2232	257793	35.0328	8494	31.2126	unclassified	chr9	597815	606286	0	8481	+	8491	8461	8443	20	10	18	60	0.99847	0.997873	0.994347	0
PBE65548_skip_cadb6549_ad795773_135.pod5	5f27ae02-5033-4866-851f-dabd25b7e72d	ad79577363ae350d286155344b9e1b0cb5f3459e	385	3	257764	31.9184	257764	31.7808	11632	27.9042	unclassified	chr17	66982545	66994180	0	11632	-	11648	11619	11615	13	16	4	60	1	0.999656	0.997167	0
PBE65548_skip_cadb6549_ad795773_135.pod5	8c5162a6-a90c-4d1c-a2b4-f5bd08087d65	ad79577363ae350d286155344b9e1b0cb5f3459e	575	4	257715	49.148	257715	48.9996	13737	28.7321	unclassified	chrX	48560860	48574607	0	13736	-	13770	13713	13691	23	34	22	60	0.999927	0.998396	0.994263	0
PBE65548_skip_cadb6549_ad795773_135.pod5	5b6e4e63-f03d-4f76-bde8-211816fd134f	ad79577363ae350d286155344b9e1b0cb5f3459e	2162	3	257685	57.3416	257686	57.1368	13974	22.7551	unclassified	chr2	177585902	177599880	0	13967	+	14001	13944	13888	23	34	56	60	0.999499	0.995984	0.991929	0
PBE65548_skip_cadb6549_ad795773_135.pod5	abeaaa1b-f24a-44c0-b0b2-e1b65c3d216a	ad79577363ae350d286155344b9e1b0cb5f3459e	1430	1	257715	52.6052	257715	52.2756	17384	27.5678	unclassified	chr6	141048180	141065560	0	17375	+	17402	17353	17340	22	27	13	60	0.999482	0.999251	0.996437	0
PBE65548_skip_cadb6549_ad795773_135.pod5	05f789f2-b8ba-4106-9019-7d88a51cab2a	ad79577363ae350d286155344b9e1b0cb5f3459e	728	4	257730	53.588	257731	53.4072	16153	31.7686	unclassified	chr7	107478341	107494466	7	16153	-	16155	16116	16097	30	9	19	60	0.999567	0.998821	0.99641	0
PBE65548_skip_cadb6549_ad795773_135.pod5	7d2b350e-afb6-45a9-9051-159cc672b821	ad79577363ae350d286155344b9e1b0cb5f3459e	936	3	257778	39.3068	257778	39.1656	15274	29.7362	unclassified	chr1	69921988	69937250	0	15261	+	15284	15239	15212	22	23	27	60	0.999149	0.998228	0.995289	0
PBE65548_skip_cadb6549_ad795773_135.pod5	2c714694-2a9d-4bbd-a390-e78fd1e40960	ad79577363ae350d286155344b9e1b0cb5f3459e	728	4	257861	14.0588	257861	13.9668	5532	29.9014	unclassified	chr4	181674145	181679665	9	5532	-	5525	5518	5510	5	2	8	60	0.998373	0.99855	0.997285	0
PBE65548_skip_cadb6549_ad795773_135.pod5	0307ccb0-0812-4dea-b6ea-583774620780	ad79577363ae350d286155344b9e1b0cb5f3459e	2844	4	257743	38.1116	257743	38.0076	15657	26.7807	unclassified	chr2	101856298	101871953	6	15657	-	15673	15633	15614	18	22	19	60	0.999617	0.998785	0.996236	0
PBE65548_skip_cadb6549_ad795773_135.pod5	50a619fd-1c19-403e-8b66-c1de57cba2d0	ad79577363ae350d286155344b9e1b0cb5f3459e	2238	3	257709	68.3456	257709	68.2488	22575	13.8885	unclassified	chr21	8429438	8450163	1738	22575	-	21021	20541	20423	296	184	118	15	0.923012	0.994255	0.971552	0
PBE65548_skip_cadb6549_ad795773_135.pod5	f76b8d0a-1b84-4716-9a46-b47d421e699d	ad79577363ae350d286155344b9e1b0cb5f3459e	1832	3	257843	16.4552	257843	16.3248	6707	31.7799	unclassified	chr16	67574510	67581214	2	6707	-	6715	6694	6691	11	10	3	60	0.999702	0.999552	0.996426	0
PBE65548_skip_cadb6549_ad795773_135.pod5	044d3069-59e1-4087-9149-99dbbda8f1b3	ad79577363ae350d286155344b9e1b0cb5f3459e	2097	4	257530	7.1984	257531	7.0656	2871	24.6234	unclassified	chr4	144457282	144460147	7	2871	-	2871	2858	2849	6	7	9	60	0.997562	0.996851	0.992337	0
PBE65548_skip_cadb6549_ad795773_135.pod5	76c60f59-1826-47c1-b691-0dc066da8927	ad79577363ae350d286155344b9e1b0cb5f3459e	2591	1	257837	18.632	257837	18.5232	6774	26.5609	unclassified	chr2	212971961	212978732	0	6765	+	6779	6757	6744	8	14	13	60	0.998671	0.998076	0.994837	0
PBE65548_skip_cadb6549_ad795773_135.pod5	45d6d267-9392-49dc-a5fd-d47ffd6b6904	ad79577363ae350d286155344b9e1b0cb5f3459e	57	2	257763	44.0168	257763	43.926	16412	27.1606	unclassified	chr10	99377060	99393463	9	16412	-	16417	16389	16367	14	14	22	60	0.999452	0.998658	0.996954	0
PBE65548_skip_cadb6549_ad795773_135.pod5	07f118b1-a1c9-44e5-96e0-3aeb8289ac50	ad79577363ae350d286155344b9e1b0cb5f3459e	2097	4	257837	20.1104	257837	19.9668	5724	23.6151	unclassified	chr9	135340673	135346417	0	5717	+	5746	5715	5693	2	29	22	60	0.998777	0.99615	0.990776	0
PBE65548_skip_cadb6549_ad795773_135.pod5	4bd52ed7-b9e1-4453-a0ef-7e4cecf2c51f	ad79577363ae350d286155344b9e1b0cb5f3459e	1820	2	257866	10.076	257866	10.074	3354	29.17	unclassified	chr4	52471317	52474630	34	3347	+	3316	3310	3308	3	3	2	60	0.987776	0.999396	0.997587	0
PBE65548_skip_cadb6549_ad795773_135.pod5	85b4b211-0e41-4cc7-81a0-1dbdaf81b524	ad79577363ae350d286155344b9e1b0cb5f3459e	683	3	257835	38.192	257836	38.0424	12552	30.6372	unclassified	chr18	6147080	6159619	8	12552	-	12548	12535	12528	9	4	7	60	0.999363	0.999442	0.998406	0
PBE65548_skip_cadb6549_ad795773_135.pod5	51a190e2-5001-4032-91cb-f4fbb849413a	ad79577363ae350d286155344b9e1b0cb5f3459e	948	4	257923	1.7318	257923	1.7298	370	2.09321	unclassified	*	-1	-1	-1	-1	*	0	0	0	0	0	0	0	0	0	0	0
PBE65548_skip_cadb6549_ad795773_135.pod5	b5365c29-315b-4830-a817-c184dfa36816	ad79577363ae350d286155344b9e1b0cb5f3459e	1719	3	257708	96.05	257709	95.9076	36082	27.1626	unclassified	chr9	25927798	25963887	0	36080	+	36132	36037	35950	43	52	87	60	0.999945	0.997586	0.994963	0
PBE65548_skip_cadb6549_ad795773_135.pod5	8abb5563-e3a2-4e04-8aef-dcc8dc49530e	ad79577363ae350d286155344b9e1b0cb5f3459e	1812	3	257827	29.84	257827	29.838	12038	24.8801	unclassified	chr1	3314899	3326918	5	12015	-	12033	11996	11963	14	23	33	60	0.997674	0.997249	0.994183	0
PBE65548_skip_cadb6549_ad795773_135.pod5	0a319b73-d277-45d2-9fd5-08b88df9573f	ad79577363ae350d286155344b9e1b0cb5f3459e	1719	3	257805	5.0256	257805	5.0236	1223	24.707	unclassified	chr5	179832387	179833566	39	1216	+	1179	1177	1172	0	2	5	60	0.962388	0.995752	0.994063	0
PBE65548_skip_cadb6549_ad795773_135.pod5	704e9829-43be-4d27-a8c5-99ff429a4137	ad79577363ae350d286155344b9e1b0cb5f3459e	2710	1	257818	40.964	257819	40.8504	15809	33.8014	unclassified	chr10	27411133	27426942	0	15808	+	15818	15799	15760	9	10	39	60	0.999937	0.997531	0.996333	0
PBE65548_skip_cadb6549_ad795773_135.pod5	14b31aa3-7b7b-414b-b060-ddb0577875b1	ad79577363ae350d286155344b9e1b0cb5f3459e	683	3	257771	60.5468	257771	60.4308	20554	28.9716	unclassified	chr10	55812759	55833313	0	20548	+	20577	20525	20486	23	29	39	60	0.999708	0.9981	0.995578	0
PBE65548_skip_cadb6549_ad795773_135.pod5	706265e7-1350-4585-bc45-fa2893cbd581	ad79577363ae350d286155344b9e1b0cb5f3459e	1820	2	257803	45.398	257803	45.27	17622	28.0005	unclassified	chr8	13568015	13585567	4	17622	-	17647	17523	17482	95	29	41	60	0.999773	0.99766	0.99065	0
PBE65548_skip_cadb6549_ad795773_135.pod5	09c848e2-4e78-4332-8939-4f1771db8230	ad79577363ae350d286155344b9e1b0cb5f3459e	683	3	257697	72.6824	257697	72.4272	24365	27.8831	unclassified	chr12	72370200	72394572	8	24365	-	24395	24334	24313	23	38	21	60	0.999672	0.999137	0.996639	0
PBE65548_skip_cadb6549_ad795773_135.pod5	9229d7e5-30be-4757-afed-e218fb2b1c37	ad79577363ae350d286155344b9e1b0cb5f3459e	106	4	257756	66.9728	257756	66.7896	26445	28.7745	unclassified	chr15	86226656	86253109	6	26445	-	26480	26412	26378	27	41	34	60	0.999773	0.998713	0.996148	0
PBE65548_skip_cadb6549_ad795773_135.pod5	881e9a4b-c94f-4839-ad6e-7ac2928c6e67	ad79577363ae350d286155344b9e1b0cb5f3459e	1430	1	257767	71.9924	257767	71.8752	27504	27.9507	unclassified	chr13	108126490	108154010	5	27504	-	27544	27475	27426	24	45	49	60	0.999818	0.998217	0.995716	0
PBE65548_skip_cadb6549_ad795773_135.pod5	9fb436d5-136a-4e37-a1d0-52840f017547	ad79577363ae350d286155344b9e1b0cb5f3459e	1925	1	257652	76.7672	257652	76.5348	22101	26.5915	unclassified	chr15	32311871	32333958	6	22101	-	22110	22072	22042	23	15	30	60	0.999729	0.998641	0.996924	0
PBE65548_skip_cadb6549_ad795773_135.pod5	9ef1046d-44b4-4196-9dfd-15b960d84b09	ad79577363ae350d286155344b9e1b0cb5f3459e	1719	3	257892	6.9092	257892	6.7332	1924	31.9537	unclassified	chr12	1336854	1338773	5	1924	-	1920	1918	1918	1	1	0	60	0.997401	1	0.998958	0
PBE65548_skip_cadb6549_ad795773_135.pod5	e9aae6fc-f050-45a5-b443-49013b923c46	ad79577363ae350d286155344b9e1b0cb5f3459e	986	1	257902	6.3802	257902	6.3782	1747	10.0848	unclassified	chr12	10489185	10490921	39	1739	+	1789	1647	1557	53	89	90	60	0.973097	0.945355	0.870319	0
PBE65548_skip_cadb6549_ad795773_135.pod5	d15962ac-04ea-45a0-a598-f3813628448d	ad79577363ae350d286155344b9e1b0cb5f3459e	1719	3	257877	13.4944	257877	13.4924	5005	31.2879	unclassified	chr4	126677901	126682859	6	4968	-	4967	4953	4947	9	5	6	60	0.991409	0.998789	0.995973	0
PBE65548_skip_cadb6549_ad795773_135.pod5	cecd8a9a-ec1e-4198-861e-da395e930ec6	ad79577363ae350d286155344b9e1b0cb5f3459e	1868	4	257795	56.7704	257795	56.6328	21751	25.897	unclassified	chr20	60536222	60557984	6	21751	-	21789	21718	21678	27	44	40	60	0.999724	0.998158	0.994906	0
PBE65548_skip_cadb6549_ad795773_135.pod5	0ba2ce16-7df7-4248-9582-cbeebacfd252	ad79577363ae350d286155344b9e1b0cb5f3459e	1812	3	257768	58.0064	257768	57.9216	24133	30.5748	unclassified	chr3	112420581	112444710	7	24133	-	24148	24107	24063	19	22	44	60	0.99971	0.998175	0.99648	0
PBE65548_skip_cadb6549_ad795773_135.pod5	a2e99fde-f28c-46ea-8cfe-e37ca28000fc	ad79577363ae350d286155344b9e1b0cb5f3459e	2916	2	257811	49.6928	257811	49.5576	21366	26.8155	unclassified	chr3	146988212	147009578	4	21366	-	21392	21336	21311	26	30	25	60	0.999813	0.998828	0.996214	0
PBE65548_skip_cadb6549_ad795773_135.pod5	d9f624b1-05e3-4d32-be37-61f4949f93c6	ad79577363ae350d286155344b9e1b0cb5f3459e	2916	2	257861	26.6228	257861	26.4516	10949	28.2857	unclassified	chr5	126629504	126640450	0	10945	+	10954	10937	10930	8	9	7	60	0.999635	0.99936	0.997809	0
PBE65548_skip_cadb6549_ad795773_135.pod5	9a1359a9-32df-42b1-9170-82f8c876684c	ad79577363ae350d286155344b9e1b0cb5f3459e	728	4	257880	36.8504	257880	36.4296	10007	26.8958	unclassified	chr5	111063205	111073190	0	9998	+	10006	9977	9964	21	8	13	60	0.999101	0.998697	0.995803	0
PBE65548_skip_cadb6549_ad795773_135.pod5	c444107f-a06a-4f0a-a688-f3c7c32a6e5c	ad79577363ae350d286155344b9e1b0cb5f3459e	1820	2	257877	24.608	257877	24.456	9314	27.8259	unclassified	chr1	241009670	241018983	0	9307	+	9319	9301	9275	6	12	26	60	0.999248	0.997205	0.995278	0
PBE65548_skip_cadb6549_ad795773_135.pod5	9c056787-2f5b-4abc-b66b-848873aac283	ad79577363ae350d286155344b9e1b0cb5f3459e	2162	3	257782	67.0922	257782	67.0902	15391	16.5778	unclassified	chr17	80193036	80208160	34	15387	+	15478	14999	14835	354	125	164	60	0.997531	0.989066	0.958457	0
PBE65548_skip_cadb6549_ad795773_135.pod5	ff999c28-5171-4713-b520-a9ac62f40cb8	ad79577363ae350d286155344b9e1b0cb5f3459e	2097	4	257757	80.546	257757	80.4072	32663	29.0812	unclassified	chr9	77393064	77414222	0	21142	+	21175	21125	21112	17	33	13	60	0.647277	0.999385	0.997025	0
PBE65548_skip_cadb6549_ad795773_135.pod5	e27977f4-5aa4-4231-a4f4-a52427c35d49	ad79577363ae350d286155344b9e1b0cb5f3459e	795	4	257872	29.7116	257873	29.61	10971	22.1273	unclassified	chr5	167897933	167908924	0	10952	+	11026	10917	10889	35	74	28	60	0.998268	0.997435	0.987575	0
PBE65548_skip_cadb6549_ad795773_135.pod5	802847c1-a0ec-48b2-a5c5-b1b718dbe29c	ad79577363ae350d286155344b9e1b0cb5f3459e	413	4	257744	91.3616	257744	91.26	35381	16.5217	unclassified	chr3	29804782	29840375	8	35381	-	35848	35118	34625	255	475	493	60	0.999774	0.985962	0.965884	0
PBE65548_skip_cadb6549_ad795773_135.pod5	4369a2c0-2998-4ea0-9678-5d0a14bd2fca	ad79577363ae350d286155344b9e1b0cb5f3459e	1098	3	257821	81.517	257821	81.515	19053	3.17177	unclassified	*	-1	-1	-1	-1	*	0	0	0	0	0	0	0	0	0	0	0
PBE65548_skip_cadb6549_ad795773_135.pod5	30e40f77-8bd3-4b67-9590-0a0a02961b51	ad79577363ae350d286155344b9e1b0cb5f3459e	1832	3	257766	1.2648	257766	1.2648	328	2.75525	unclassified	*	-1	-1	-1	-1	*	0	0	0	0	0	0	0	0	0	0	0
PBE65548_skip_cadb6549_ad795773_135.pod5	de7b146b-1560-46ed-98c3-630ff5a8666b	ad79577363ae350d286155344b9e1b0cb5f3459e	1781	1	257977	1.6306	257977	1.6286	351	3.00797	unclassified	*	-1	-1	-1	-1	*	0	0	0	0	0	0	0	0	0	0	0
PBE65548_skip_cadb6549_ad795773_135.pod5	9c114797-7b18-4b89-9747-6aa114234046	ad79577363ae350d286155344b9e1b0cb5f3459e	1703	1	257850	39.667	257850	39.665	13875	17.2727	unclassified	chr13	17354736	17363454	5159	13871	+	8755	8675	8372	37	43	303	1	0.627892	0.965072	0.956254	0
PBE65548_skip_cadb6549_ad795773_135.pod5	d212038f-7300-4745-b71d-e9edb5e23c9e	ad79577363ae350d286155344b9e1b0cb5f3459e	106	4	257824	71.0192	257824	70.824	16416	26.8382	unclassified	chr16	2748190	2764601	0	16409	+	16423	16397	16359	12	14	38	60	0.999574	0.997683	0.996103	0
PBE65548_skip_cadb6549_ad795773_135.pod5	502605fd-68d8-4995-bffd-3051025d8762	ad79577363ae350d286155344b9e1b0cb5f3459e	728	4	257784	77.0516	257784	76.9044	25774	29.2723	unclassified	chr4	15201586	15227461	0	25767	+	25900	25742	25659	25	133	83	60	0.999728	0.996776	0.990695	0
PBE65548_skip_cadb6549_ad795773_135.pod5	5dbdcfe2-61cb-4885-ad45-1c7384edb5f8	ad79577363ae350d286155344b9e1b0cb5f3459e	1812	3	257862	61.538	257862	61.4328	24853	27.965	unclassified	chr4	55231513	55256353	0	24845	+	24866	24819	24763	26	21	56	60	0.999678	0.997744	0.995858	0
PBE65548_skip_cadb6549_ad795773_135.pod5	b61a88f1-4525-4a2f-b3db-ec5356eba651	ad79577363ae350d286155344b9e1b0cb5f3459e	2710	1	257861	39.344	257861	39.2088	16825	26.2978	unclassified	chr20	951506	968348	7	16825	-	16861	16799	16765	19	43	34	60	0.999584	0.997976	0.994306	0
PBE65548_skip_cadb6549_ad795773_135.pod5	d019c4dd-a3a0-49e5-8534-ad2b7a4b7418	ad79577363ae350d286155344b9e1b0cb5f3459e	1719	3	257825	51.2516	257825	51.0852	21903	24.1851	unclassified	chr17	3283197	3305100	8	21903	-	21948	21850	21756	45	53	94	60	0.999635	0.995698	0.991252	0
PBE65548_skip_cadb6549_ad795773_135.pod5	631d1c19-f35c-49c1-a32b-c39c904539f5	ad79577363ae350d286155344b9e1b0cb5f3459e	795	4	257938	13.5644	257938	13.5624	5245	23.7884	unclassified	chr14	42534260	42539481	6	5214	-	5230	5199	5179	9	22	20	60	0.992946	0.996153	0.990249	0
PBE65548_skip_cadb6549_ad795773_135.pod5	4faa5b39-7ae4-4ada-97f1-84574a5c7fe8	ad79577363ae350d286155344b9e1b0cb5f3459e	683	3	257881	31.0782	257881	31.0762	11040	26.3057	unclassified	chr10	125772368	125783382	7	11010	-	11026	10991	10969	12	23	22	60	0.996649	0.997998	0.99483	0
PBE65548_skip_cadb6549_ad795773_135.pod5	14c93c77-45cc-4438-81f8-3c2e93df02fa	ad79577363ae350d286155344b9e1b0cb5f3459e	413	4	257899	45.782	257899	45.6708	14495	30.2499	unclassified	chr2	182777667	182792161	1	14489	+	14501	14481	14449	7	13	32	60	0.999517	0.99779	0.996414	0
PBE65548_skip_cadb6549_ad795773_135.pod5	f69e4eaa-523f-4230-8dff-bb1364c51bf8	ad79577363ae350d286155344b9e1b0cb5f3459e	2931	4	257876	47.078	257876	46.9428	15741	30.0958	unclassified	chr3	66306836	66322565	0	15733	+	15741	15721	15690	12	8	31	60	0.999492	0.998028	0.99676	0
PBE65548_skip_cadb6549_ad795773_135.pod5	9dfbeff3-ff04-4514-af1a-d9685b98bcb2	ad79577363ae350d286155344b9e1b0cb5f3459e	575	4	257829	51.41	257829	51.3408	27179	22.7034	unclassified	chr11	104985173	105012422	11	27179	-	27294	27123	27058	45	126	65	60	0.999595	0.997604	0.991353	0
PBE65548_skip_cadb6549_ad795773_135.pod5	53ebb6ba-f592-4251-a6a4-ea043606a573	ad79577363ae350d286155344b9e1b0cb5f3459e	1832	3	257932	20.2064	257932	20.0856	7433	19.2195	unclassified	chr1	119453133	119460580	0	7427	+	7460	7414	7358	13	33	56	60	0.999193	0.992447	0.986327	0
PBE65548_skip_cadb6549_ad795773_135.pod5	0d65f5da-d2db-453f-8b62-f4d81e3cb1ae	ad79577363ae350d286155344b9e1b0cb5f3459e	728	4	257925	21.6464	257925	21.6444	7883	29.4797	unclassified	chr2	213470951	213478789	6	7842	-	7843	7831	7827	5	7	4	60	0.994038	0.999489	0.99796	0
PBE65548_skip_cadb6549_ad795773_135.pod5	31490f79-0360-444e-bfb1-9055cd300153	ad79577363ae350d286155344b9e1b0cb5f3459e	2591	1	257960	9.7574	257960	9.7554	3900	22.6222	unclassified	chr3	148649677	148653530	33	3888	+	3858	3850	3839	5	3	11	60	0.988462	0.997143	0.995075	0
PBE65548_skip_cadb6549_ad795773_135.pod5	30d7ec68-dec5-4e93-b439-49dd04835585	ad79577363ae350d286155344b9e1b0cb5f3459e	2591	1	257935	20.3696	257936	20.1624	7811	30.4253	unclassified	chr2	187211353	187219162	9	7809	-	7823	7786	7780	14	23	6	60	0.998592	0.999229	0.994503	0
PBE65548_skip_cadb6549_ad795773_135.pod5	c807692a-2472-405d-85ab-547c41dc5916	ad79577363ae350d286155344b9e1b0cb5f3459e	1812	3	257925	44.0768	257925	43.9944	15341	28.4285	unclassified	chr3	173269675	173285008	9	15341	-	15345	15320	15286	12	13	34	60	0.999413	0.997781	0.996155	0
PBE65548_skip_cadb6549_ad795773_135.pod5	3994e639-eeed-43fb-8ab8-92de39dad05e	ad79577363ae350d286155344b9e1b0cb5f3459e	1430	1	257845	69.9428	257845	69.8244	20309	28.6725	unclassified	chr13	62998753	63019072	7	20309	-	20332	20289	20257	13	30	32	60	0.999655	0.998423	0.996311	0
PBE65548_skip_cadb6549_ad795773_135.pod5	503f5dd2-558a-4dfb-9120-43deadce6636	ad79577363ae350d286155344b9e1b0cb5f3459e	2591	1	257856	31.1612	257856	31.05	13686	24.9741	unclassified	chr2	42339471	42353131	0	13676	+	13694	13642	13608	34	18	34	60	0.999269	0.997508	0.99372	0
PBE65548_skip_cadb6549_ad795773_135.pod5	d08160d1-064e-4d8e-9476-9fa34e787f01	ad79577363ae350d286155344b9e1b0cb5f3459e	1868	4	257952	14.162	257952	14.0508	4461	29.0957	unclassified	chr20	30547198	30551651	0	4455	+	4457	4451	4446	4	2	5	60	0.998655	0.998877	0.997532	0
PBE65548_skip_cadb6549_ad795773_135.pod5	c71cc867-9196-40d4-a81a-20d7220cbbb3	ad79577363ae350d286155344b9e1b0cb5f3459e	986	1	257909	42.7096	257909	42.7076	17043	8.2484	unclassified	chr15	61727505	61744852	35	17030	+	18108	16234	14834	761	1113	1400	60	0.997184	0.913761	0.819196	0
PBE65548_skip_cadb6549_ad795773_135.pod5	115bf63a-3711-4b6e-8490-e5595891a1c8	ad79577363ae350d286155344b9e1b0cb5f3459e	1430	1	257921	47.0708	257921	47.0688	10590	14.4886	unclassified	chr4	102682163	102693074	0	10558	-	11024	10445	10308	113	466	137	60	0.996978	0.986884	0.935051	0
PBE65548_skip_cadb6549_ad795773_135.pod5	7df7e688-06b0-404d-946c-8641beafaf8a	ad79577363ae350d286155344b9e1b0cb5f3459e	1703	1	257893	54.1196	257893	54.018	18774	15.0026	unclassified	chr1	179974914	179993729	7	18774	-	19060	18522	18190	245	293	332	60	0.999627	0.982075	0.954355	0
PBE65548_skip_cadb6549_ad795773_135.pod5	0d5bc6d7-71f9-4497-a8e1-96bef222d509	ad79577363ae350d286155344b9e1b0cb5f3459e	1343	1	257824	78.796	257824	78.794	29808	18.7775	unclassified	chr10	82884987	82914668	153	29802	+	29826	29504	29314	145	177	190	60	0.994666	0.99356	0.982834	0
PBE65548_skip_cadb6549_ad795773_135.pod5	5d9f0c36-ae3d-4172-864e-76e35034e082	ad79577363ae350d286155344b9e1b0cb5f3459e	986	1	257952	22.6784	257952	22.6764	5469	10.0594	unclassified	chr1	79527029	79532492	35	5460	+	5678	5210	4962	215	253	248	60	0.991955	0.952399	0.873899	0
PBE65548_skip_cadb6549_ad795773_135.pod5	e4c70154-141f-4794-9345-97b20956ab02	ad79577363ae350d286155344b9e1b0cb5f3459e	787	4	257931	54.0968	257931	53.9652	21256	30.8729	unclassified	chr6	65714635	65735876	0	21251	+	21259	21233	21214	18	8	19	60	0.999765	0.999105	0.997883	0
PBE65548_skip_cadb6549_ad795773_135.pod5	a1d5603b-f4b0-4fbc-8f1c-7ce8d68d96ef	ad79577363ae350d286155344b9e1b0cb5f3459e	2097	4	257970	17.8016	257970	17.724	6458	16.9302	unclassified	chr21	14642355	14648545	0	6180	+	6195	6175	6155	5	15	20	60	0.956953	0.996761	0.993543	0
PBE65548_skip_cadb6549_ad795773_135.pod5	d362c7e6-e113-44c8-8d29-7a7dd071df9d	ad79577363ae350d286155344b9e1b0cb5f3459e	986	1	257975	14.5382	257975	14.5362	6193	9.14406	unclassified	chr1	234915459	234921783	23	6193	+	6534	5960	5566	210	364	394	60	0.996286	0.933893	0.851852	0
PBE65548_skip_cadb6549_ad795773_135.pod5	d2ae5575-d48d-4ece-b0c4-d00a808248ae	ad79577363ae350d286155344b9e1b0cb5f3459e	2916	2	257898	50.0108	257898	49.8996	19689	24.4096	unclassified	chr2	60074502	60094185	0	19682	+	19720	19645	19611	37	38	34	60	0.999644	0.998269	0.994473	0
PBE65548_skip_cadb6549_ad795773_135.pod5	e4c69913-b27f-47c5-9e98-5cce468c55be	ad79577363ae350d286155344b9e1b0cb5f3459e	1703	1	257948	43.0444	257948	43.0424	15958	25.708	unclassified	chr1	143212370	143232165	4	15958	-	20034	15715	15053	239	4080	662	50	0.999749	0.957875	0.751373	0
PBE65548_skip_cadb6549_ad795773_135.pod5	8f7bb8b5-2f80-46a4-8722-d54e9cde2668	ad79577363ae350d286155344b9e1b0cb5f3459e	708	1	257944	34.9004	257944	34.7988	13426	28.1259	unclassified	chr1	201302632	201316052	0	13419	+	13434	13405	13374	14	15	31	60	0.999479	0.997687	0.995534	0
PBE65548_skip_cadb6549_ad795773_135.pod5	9d513839-7274-4069-8f59-f92c0f5e1a97	ad79577363ae350d286155344b9e1b0cb5f3459e	1719	3	257900	56.264	257900	56.124	27414	24.7885	unclassified	chr4	63181412	63208362	0	27408	+	27457	26901	26865	507	49	36	60	0.999781	0.998662	0.978439	0
PBE65548_skip_cadb6549_ad795773_135.pod5	aa2c047c-ee1a-4397-ad56-2c58ff968675	ad79577363ae350d286155344b9e1b0cb5f3459e	1832	3	257860	70.958	257860	70.8204	28649	29.089	unclassified	chr9	24325862	24354505	0	28643	+	28669	28617	28607	26	26	10	60	0.999791	0.999651	0.997837	0
PBE65548_skip_cadb6549_ad795773_135.pod5	8c87d379-0ce3-40b2-a416-98be91de98ae	ad79577363ae350d286155344b9e1b0cb5f3459e	2097	4	258019	11.4572	258019	11.3148	4579	24.959	unclassified	chr4	1715869	1720447	5	4579	-	4587	4565	4549	9	13	16	60	0.998908	0.996495	0.991716	0
PBE65548_skip_cadb6549_ad795773_135.pod5	5a0a8b81-8c44-45ac-a72f-64520f1e1f43	ad79577363ae350d286155344b9e1b0cb5f3459e	2097	4	258010	9.2528	258010	9.1776	4076	25.652	unclassified	chr3	195692884	195697107	0	4066	+	4229	4060	4025	6	163	35	60	0.997547	0.991379	0.951762	0
PBE65548_skip_cadb6549_ad795773_135.pod5	4939e6a2-a70c-43c4-8ba1-ccc61d0ac8dc	ad79577363ae350d286155344b9e1b0cb5f3459e	795	4	257951	32.7224	257951	32.5968	11694	24.0292	unclassified	chr17	64110054	64121744	0	11684	+	11712	11662	11642	22	28	20	60	0.999145	0.998285	0.994023	0
PBE65548_skip_cadb6549_ad795773_135.pod5	b181d005-e916-44f8-af41-bb57b992a427	ad79577363ae350d286155344b9e1b0cb5f3459e	1820	2	257902	51.2216	257902	51.1344	19175	28.0456	unclassified	chr7	85849294	85868451	9	19175	-	19185	19138	19081	28	19	57	60	0.999531	0.997022	0.994579	0
PBE65548_skip_cadb6549_ad795773_135.pod5	a56c72e0-5484-4ec9-93a2-15260d901463	ad79577363ae350d286155344b9e1b0cb5f3459e	1832	3	257767	70.0296	257767	69.9732	30977	25.6451	unclassified	chr4	148987446	149018458	0	30971	+	31053	30930	30877	41	82	53	60	0.999806	0.998286	0.994332	0
PBE65548_skip_cadb6549_ad795773_135.pod5	2eafdbb8-ce59-4f32-848b-b8f6220a4651	ad79577363ae350d286155344b9e1b0cb5f3459e	2916	2	257966	37.0272	257966	37.0252	14537	27.421	unclassified	chr12	32269332	32283846	35	14531	+	14528	14482	14467	14	32	15	60	0.99718	0.998964	0.995801	0
PBE65548_skip_cadb6549_ad795773_135.pod5	aba4e045-b4ab-49fd-8ac8-6020c48b7bdd	ad79577363ae350d286155344b9e1b0cb5f3459e	2931	4	257927	52.1528	257927	52.0392	21577	25.4551	unclassified	chr11	99017116	99038704	0	21573	+	21605	21556	21516	17	32	40	60	0.999815	0.998144	0.995881	0
PBE65548_skip_cadb6549_ad795773_135.pod5	492a3694-8fae-43d0-aeaa-303228ad82dc	ad79577363ae350d286155344b9e1b0cb5f3459e	1820	2	258010	17.5244	258010	17.4492	8805	25.4832	unclassified	chr12	54784212	54793019	0	8797	+	8811	8793	8759	4	14	34	60	0.999091	0.996133	0.994098	0
PBE65548_skip_cadb6549_ad795773_135.pod5	c58be207-5f06-498f-a855-3a149ce31660	ad79577363ae350d286155344b9e1b0cb5f3459e	77	4	257990	25.5838	257990	25.5818	15542	8.96585	unclassified	chr5	17664950	17681153	10	15501	-	16518	15176	14186	315	1027	990	60	0.996719	0.934765	0.858821	0
PBE65548_skip_cadb6549_ad795773_135.pod5	0178b0f0-e9fe-4690-9eb9-6d6a33e04782	ad79577363ae350d286155344b9e1b0cb5f3459e	413	4	257969	30.0512	257969	29.8824	9831	23.7814	unclassified	chrY	11306138	11315539	987	9826	-	9501	8739	7806	100	662	933	26	0.899095	0.893237	0.821598	0
PBE65548_skip_cadb6549_ad795773_135.pod5	32799c4e-c303-44ed-802c-1029eb0ba3ca	ad79577363ae350d286155344b9e1b0cb5f3459e	77	4	258020	14.871	258020	14.869	5197	10.0059	unclassified	chr1	204939187	204944423	48	5188	+	5385	4991	4717	149	245	274	60	0.989032	0.945101	0.875952	0
PBE65548_skip_cadb6549_ad795773_135.pod5	d8ff3a9f-b698-44bf-a34d-f0a63281dcf7	ad79577363ae350d286155344b9e1b0cb5f3459e	413	4	258003	26.3024	258003	26.1528	9305	28.6249	unclassified	chr6	86967427	86976729	0	9294	+	9310	9286	9282	8	16	4	60	0.998818	0.999569	0.996992	0
PBE65548_skip_cadb6549_ad795773_135.pod5	4917ff46-7e8e-4746-840d-659979af4fb6	ad79577363ae350d286155344b9e1b0cb5f3459e	2844	4	257958	34.745	257958	34.743	14223	30.2429	unclassified	chr4	7269480	7283674	7	14197	-	14197	14187	14176	3	7	11	60	0.99768	0.999225	0.998521	0
PBE65548_skip_cadb6549_ad795773_135.pod5	6de0aa63-81d8-4f15-9fb8-1890cba39781	ad79577363ae350d286155344b9e1b0cb5f3459e	1606	2	257959	42.0056	257959	41.7792	12537	26.4339	unclassified	chr2	78671008	78683549	4	12537	-	12550	12524	12516	9	17	8	60	0.999681	0.999361	0.997291	0
PBE65548_skip_cadb6549_ad795773_135.pod5	1813d6a8-e479-4cc0-b810-ffadd93fced8	ad79577363ae350d286155344b9e1b0cb5f3459e	1832	3	257953	55.4744	257953	55.3584	20614	36.9179	unclassified	chr4	49140969	49153160	8581	20612	-	13020	11202	9713	829	989	1489	4	0.583632	0.867077	0.746006	0
PBE65548_skip_cadb6549_ad795773_135.pod5	02e44bd2-0570-4cca-a3d1-fe0566946726	ad79577363ae350d286155344b9e1b0cb5f3459e	2591	1	258016	23.3178	258016	23.3158	8288	34.8754	unclassified	chr4	49639094	49647806	28	8277	+	9155	7806	6785	443	906	1021	1	0.995294	0.869203	0.741125	0
PBE65548_skip_cadb6549_ad795773_135.pod5	fede52af-8fd8-45dc-9c6c-524f94df3b9e	ad79577363ae350d286155344b9e1b0cb5f3459e	728	4	258053	7.106	258053	6.7716	1502	27.3735	unclassified	chr10	69010884	69012383	0	1502	+	1506	1495	1494	7	4	1	60	1	0.999331	0.992032	0
PBE65548_skip_cadb6549_ad795773_135.pod5	c78f6e8f-44a1-48c7-9b18-53d2fed4bd86	ad79577363ae350d286155344b9e1b0cb5f3459e	106	4	257996	30.5888	257996	30.4272	10881	24.078	unclassified	chr1	209394735	209405609	6	10881	-	10896	10853	10843	22	21	10	60	0.999449	0.999079	0.995136	0
PBE65548_skip_cadb6549_ad795773_135.pod5	2c55744e-7329-4bae-b91b-e1cf365f373d	ad79577363ae350d286155344b9e1b0cb5f3459e	708	1	257840	104.314	257840	104.21	40189	29.4959	unclassified	chr1	158872026	158914760	6	40189	-	42794	40123	39868	60	2611	255	60	0.999851	0.993645	0.931626	0
PBE65548_skip_cadb6549_ad795773_135.pod5	aef12b85-5365-4ae6-a58d-e7da24e45bc6	ad79577363ae350d286155344b9e1b0cb5f3459e	1868	4	257974	51.0128	257975	50.8704	19530	24.3155	unclassified	chr10	50194002	50213519	7	19530	-	19574	19466	19391	57	51	75	60	0.999642	0.996147	0.990651	0
PBE65548_skip_cadb6549_ad795773_135.pod5	84a31470-db28-4bb4-a0a1-46258bc5010a	ad79577363ae350d286155344b9e1b0cb5f3459e	795	4	257984	28.0664	257984	27.948	11662	19.0205	unclassified	chr17	64110054	64121744	7	11662	-	11730	11615	11549	40	75	66	60	0.9994	0.994318	0.984569	0
PBE65548_skip_cadb6549_ad795773_135.pod5	035f7dce-d1e6-41a6-98c9-fbce592277e1	ad79577363ae350d286155344b9e1b0cb5f3459e	1430	1	258034	15.0872	258034	14.8824	4127	30.8972	unclassified	chr15	69416277	69420385	3	4127	-	4126	4106	4102	18	2	4	60	0.999273	0.999026	0.994183	0
PBE65548_skip_cadb6549_ad795773_135.pod5	9ba65a54-d0ff-44a1-9863-e24712b979a7	ad79577363ae350d286155344b9e1b0cb5f3459e	2884	4	258093	1.92	258093	1.918	441	2.91812	unclassified	*	-1	-1	-1	-1	*	0	0	0	0	0	0	0	0	0	0	0
PBE65548_skip_cadb6549_ad795773_135.pod5	b7c1334f-789c-4f45-828d-43e62915d310	ad79577363ae350d286155344b9e1b0cb5f3459e	2710	1	258010	31.79	258011	31.6836	12260	32.3846	unclassified	chr9	6377394	6385560	0	12253	+	12256	8163	8151	4090	3	12	60	0.999429	0.99853	0.665062	0
PBE65548_skip_cadb6549_ad795773_135.pod5	c3a41ed1-ca83-4a9b-a520-e7a8e5a6f105	ad79577363ae350d286155344b9e1b0cb5f3459e	1356	1	257962	50.4946	257962	50.4926	16528	22.1458	unclassified	chr6	92776584	92793087	34	16522	+	16553	16438	16383	50	65	55	60	0.99758	0.996654	0.98973	0
PBE65548_skip_cadb6549_ad795773_135.pod5	f831fe0c-81ff-4d61-8e6d-d30eb830c4bb	ad79577363ae350d286155344b9e1b0cb5f3459e	2591	1	257982	19.5726	257982	19.5706	8602	26.0642	unclassified	chrY	56752685	56761253	10	8573	-	8626	8505	8429	58	63	76	1	0.995466	0.991064	0.977162	0
PBE65548_skip_cadb6549_ad795773_135.pod5	d4cbf072-9297-4b9d-8433-bf21542d7c98	ad79577363ae350d286155344b9e1b0cb5f3459e	1343	1	257946	75.9826	257946	75.9806	18365	16.1769	unclassified	chr10	41507521	41528473	6	18319	-	21727	17538	17154	775	3414	384	12	0.997169	0.978105	0.789525	0
PBE65548_skip_cadb6549_ad795773_135.pod5	9484bbf8-1e4f-45de-aba3-fc89a19137d0	ad79577363ae350d286155344b9e1b0cb5f3459e	1102	4	258054	25.4636	258054	25.386	7590	15.0085	unclassified	chr5	129735480	129742098	972	7590	-	6632	6604	6574	14	14	30	60	0.871937	0.995457	0.991255	0
PBE65548_skip_cadb6549_ad795773_135.pod5	646d0c66-4295-43ab-8790-d3ca4c67b256	ad79577363ae350d286155344b9e1b0cb5f3459e	1925	1	258000	39.9176	258000	39.7044	11629	31.8182	unclassified	chr5	124357249	124368868	8	11629	-	11628	11612	11606	9	7	6	60	0.999312	0.999483	0.998108	0
PBE65548_skip_cadb6549_ad795773_135.pod5	37081a98-5ab3-46fc-aa7d-d2574355bd51	ad79577363ae350d286155344b9e1b0cb5f3459e	106	4	257895	79.6916	257895	79.6896	29513	20.6037	unclassified	chrX	155249642	155277832	279	29513	+	29309	28115	28041	1119	75	74	60	0.990547	0.997368	0.956737	0
PBE65548_skip_cadb6549_ad795773_135.pod5	29d7a676-2d43-4f1f-8ff1-e7264ec71d5a	ad79577363ae350d286155344b9e1b0cb5f3459e	1102	4	258003	43.1828	258003	43.0788	16412	26.125	unclassified	chr4	166382237	166398674	0	16401	+	16460	16378	16337	23	59	41	60	0.99933	0.997497	0.992527	0
PBE65548_skip_cadb6549_ad795773_135.pod5	6b855c7d-fa0d-4d1d-9b07-4e2a185aefc3	ad79577363ae350d286155344b9e1b0cb5f3459e	1868	4	257858	90.68	257858	90.5256	34583	25.4217	unclassified	chr22	32205214	32239755	0	34576	+	34627	34490	34430	86	51	60	60	0.999798	0.99826	0.994311	0
PBE65548_skip_cadb6549_ad795773_135.pod5	bac34912-d9a9-4fec-bca1-f2995b5ed00c	ad79577363ae350d286155344b9e1b0cb5f3459e	413	4	258030	25.268	258030	25.1004	8588	28.1677	unclassified	chr3	5962574	5971060	0	8581	+	8594	8473	8443	108	13	30	60	0.999185	0.996459	0.98243	0
PBE65548_skip_cadb6549_ad795773_135.pod5	221749d3-00d5-49d4-aa2d-ebf87c0bbb20	ad79577363ae350d286155344b9e1b0cb5f3459e	1868	4	258069	25.3172	258069	25.1616	8394	22.0296	unclassified	chr2	237324362	237332734	0	8386	+	8431	8327	8287	59	45	40	60	0.999047	0.995196	0.98292	0
PBE65548_skip_cadb6549_ad795773_135.pod5	334c4197-9d3e-4fff-9633-d68ba309a019	ad79577363ae350d286155344b9e1b0cb5f3459e	1719	3	257958	75.0224	257959	74.8392	23154	32.6977	unclassified	chr4	190176664	190180284	16680	20219	+	3642	3517	3038	22	103	479	60	0.152846	0.863804	0.834157	0
PBE65548_skip_cadb6549_ad795773_135.pod5	0f025e8e-9f26-4b5b-9f38-be5c0a65e7aa	ad79577363ae350d286155344b9e1b0cb5f3459e	683	3	258014	59.5536	258014	59.5516	22620	24.8506	unclassified	chr10	38887458	38897572	12308	22609	+	10978	9437	7838	864	677	1599	1	0.455393	0.830561	0.713973	0
PBE65548_skip_cadb6549_ad795773_135.pod5	3ec62fe3-e2a8-4224-adee-5ca9970c4ab6	ad79577363ae350d286155344b9e1b0cb5f3459e	683	3	257947	54.2024	257947	54.1008	20964	28.9239	unclassified	chr3	21984729	22005682	0	20957	+	20969	20941	20920	16	12	21	60	0.999666	0.998997	0.997663	0
PBE65548_skip_cadb6549_ad795773_135.pod5	5324f037-b563-48c0-aaa4-da26466fc9dc	ad79577363ae350d286155344b9e1b0cb5f3459e	575	4	257895	113.521	257895	113.519	30051	22.9107	unclassified	chr2	123317872	123347797	186	30050	+	29959	29830	29784	34	95	46	60	0.993777	0.998458	0.994159	0
PBE65548_skip_cadb6549_ad795773_135.pod5	e8dacc74-970a-48c1-a736-d3f5cb5e14c2	ad79577363ae350d286155344b9e1b0cb5f3459e	728	4	258064	20.2964	258064	20.1108	7271	26.112	unclassified	chr6	43073367	43080672	8	7271	-	7315	7253	7246	10	52	7	60	0.9989	0.999035	0.990567	0
PBE65548_skip_cadb6549_ad795773_135.pod5	89dc9a78-8da3-403d-bdf1-0a0f8607ca1a	ad79577363ae350d286155344b9e1b0cb5f3459e	795	4	258093	10.9412	258093	10.9392	2714	20.3393	unclassified	chr6	6224997	6226645	1021	2675	-	1654	1648	1643	6	0	5	60	0.609433	0.996966	0.993349	0
PBE65548_skip_cadb6549_ad795773_135.pod5	9bd0ed17-7c80-4893-b656-3f82a5f46b0f	ad79577363ae350d286155344b9e1b0cb5f3459e	1719	3	258034	30.6308	258034	30.6288	13611	22.6372	unclassified	chr7	24974564	24988145	82	13611	+	13599	13511	13459	18	70	52	60	0.993975	0.996151	0.989705	0
PBE65548_skip_cadb6549_ad795773_135.pod5	66b183dc-0b78-4276-b9c9-5a0bdd85760f	ad79577363ae350d286155344b9e1b0cb5f3459e	575	4	258009	38.6828	258009	38.5608	16304	20.3358	unclassified	chr20	2961859	2978290	1	16297	+	16483	16244	16174	52	187	70	60	0.999509	0.995691	0.981253	0
PBE65548_skip_cadb6549_ad795773_135.pod5	406136f0-d83e-4b31-8b7c-f860cebd7183	ad79577363ae350d286155344b9e1b0cb5f3459e	2916	2	258003	38.102	258003	37.9728	14712	19.1755	unclassified	chr12	32269332	32283846	8	14712	-	14729	14489	14458	215	25	31	60	0.999456	0.99786	0.981601	0
PBE65548_skip_cadb6549_ad795773_135.pod5	069a5750-b133-4e23-9ee3-debf1592c4c8	ad79577363ae350d286155344b9e1b0cb5f3459e	728	4	258089	11.6312	258089	11.4024	2734	24.7052	unclassified	chr6	55192390	55194984	140	2734	-	2598	2590	2583	4	4	7	60	0.948793	0.997297	0.994226	0
PBE65548_skip_cadb6549_ad795773_135.pod5	5f1d72f4-dc65-423f-a34b-b4e9111bd865	ad79577363ae350d286155344b9e1b0cb5f3459e	2162	3	257849	113.797	257850	113.618	35810	22.6866	unclassified	chr7	49158478	49194322	5	35810	-	35925	35724	35522	81	120	202	60	0.99986	0.994346	0.988782	0
PBE65548_skip_cadb6549_ad795773_135.pod5	fdb1bdd8-3716-47f1-845b-f8acdd6c6a3c	ad79577363ae350d286155344b9e1b0cb5f3459e	57	2	257977	84.0974	257977	84.0954	31448	30.7744	unclassified	chr5	68290684	68322097	7	31421	-	31450	31377	31345	37	36	32	60	0.998919	0.99898	0.996661	0
PBE65548_skip_cadb6549_ad795773_135.pod5	97ce6fa4-6d93-4cdb-87e2-fe4e8435abc8	ad79577363ae350d286155344b9e1b0cb5f3459e	2591	1	258084	17.445	258084	17.443	6539	23.5237	unclassified	chr5	76310618	76317139	0	6508	-	6536	6493	6476	15	28	17	60	0.995259	0.997382	0.99082	0
PBE65548_skip_cadb6549_ad795773_135.pod5	16ddc74e-d1c3-46ec-a0c1-29973c60f9ba	ad79577363ae350d286155344b9e1b0cb5f3459e	1343	1	258028	47.4608	258028	47.31	15708	27.701	unclassified	chr10	41083227	41090328	8609	15707	-	7114	7085	6637	13	16	448	1	0.451872	0.936768	0.932949	0
PBE65548_skip_cadb6549_ad795773_135.pod5	6dccafb4-6eac-45da-a838-8d964961ccd4	ad79577363ae350d286155344b9e1b0cb5f3459e	1820	2	258119	13.8656	258119	13.7496	6032	35.9739	unclassified	chr4	49709070	49711961	1618	4727	-	3138	2862	2441	247	29	421	1	0.515418	0.8529	0.777884	0
PBE65548_skip_cadb6549_ad795773_135.pod5	a4c58a70-6f99-4df5-bfdc-f5c5dc59e3c0	ad79577363ae350d286155344b9e1b0cb5f3459e	2162	3	258104	19.652	258105	19.416	4094	21.3906	unclassified	chr5	148717203	148721021	256	4089	+	3838	3813	3795	20	5	18	60	0.936248	0.995279	0.988796	0
PBE65548_skip_cadb6549_ad795773_135.pod5	662210f7-b4e1-4f53-b7ea-5474c94f22a9	ad79577363ae350d286155344b9e1b0cb5f3459e	2097	4	258040	43.5236	258040	43.3932	12083	38.5176	unclassified	chr13	17116998	17128732	0	12076	+	12085	11725	11377	351	9	348	1	0.999421	0.97032	0.941415	0
PBE65548_skip_cadb6549_ad795773_135.pod5	5cd187b6-a677-4405-82ea-8f4887702d63	ad79577363ae350d286155344b9e1b0cb5f3459e	728	4	258113	16.9724	258113	16.8468	6750	28.466	unclassified	chr1	81346777	81353529	8	6750	-	6753	6741	6729	1	11	12	60	0.998815	0.99822	0.996446	0
PBE65548_skip_cadb6549_ad795773_135.pod5	bd88392a-eb38-4723-9dce-72a41ffc8c37	ad79577363ae350d286155344b9e1b0cb5f3459e	2097	4	258087	20.3654	258087	20.3634	8434	28.9253	unclassified	chr2	61859496	61867884	6	8404	-	8406	8380	8361	18	8	19	60	0.995732	0.997733	0.994647	0
PBE65548_skip_cadb6549_ad795773_135.pod5	356b3cb6-fe55-4857-9de4-6615c4cb47f7	ad79577363ae350d286155344b9e1b0cb5f3459e	787	4	258098	13.862	258098	13.7724	5517	33.6016	unclassified	chr2	57947744	57953266	0	5510	+	5523	5509	5504	1	13	5	60	0.998731	0.999092	0.99656	0
PBE65548_skip_cadb6549_ad795773_135.pod5	0f90c9a3-5a5e-48ad-a110-518aee79add8	ad79577363ae350d286155344b9e1b0cb5f3459e	1832	3	258034	55.4516	258034	55.314	20115	27.6027	unclassified	chr1	89498282	89518394	7	20115	-	20125	20095	20074	13	17	21	60	0.999652	0.998955	0.997466	0
PBE65548_skip_cadb6549_ad795773_135.pod5	8aa21235-63d9-4416-b92b-3301ffe04475	ad79577363ae350d286155344b9e1b0cb5f3459e	2884	4	258130	10.7118	258130	10.7098	2589	3.17256	unclassified	*	-1	-1	-1	-1	*	0	0	0	0	0	0	0	0	0	0	0
PBE65548_skip_cadb6549_ad795773_135.pod5	960adcb9-56dc-425d-a4f3-d801ee7c1daf	ad79577363ae350d286155344b9e1b0cb5f3459e	728	4	257974	77.3132	257975	77.0868	25700	25.6857	unclassified	chr1	172640033	172665700	0	25691	+	25743	25615	25525	76	52	90	60	0.99965	0.996486	0.991532	0
PBE65548_skip_cadb6549_ad795773_135.pod5	050a21e1-b4a6-4b42-9d4d-5bd31038576d	ad79577363ae350d286155344b9e1b0cb5f3459e	1868	4	257681	114.07	257681	114.068	42004	26.1735	unclassified	chr18	27682251	27724227	41	41993	+	42027	41901	41826	51	75	75	60	0.998762	0.99821	0.995217	0
PBE65548_skip_cadb6549_ad795773_135.pod5	52a6709b-704b-4671-b67c-0ff7c60605b1	ad79577363ae350d286155344b9e1b0cb5f3459e	2097	4	257875	82.0578	257875	82.0558	38347	33.4659	unclassified	chrY	26644133	26673155	134	25144	-	29969	24063	22754	947	4959	1309	60	0.652202	0.945601	0.759251	0
PBE65548_skip_cadb6549_ad795773_135.pod5	8ed7f038-5207-4d24-831e-199da7997ed3	ad79577363ae350d286155344b9e1b0cb5f3459e	2591	1	258104	22.8416	258104	22.6152	7510	26.4901	unclassified	chr19	23415249	23422756	7	7510	-	7519	7491	7462	12	16	29	60	0.999068	0.996129	0.992419	0
PBE65548_skip_cadb6549_ad795773_135.pod5	eade0651-c76f-4824-8505-f1a00b4e5bea	ad79577363ae350d286155344b9e1b0cb5f3459e	2916	2	258101	26.3708	258101	26.2788	11333	24.4865	unclassified	chr2	230370852	230382208	0	11333	+	11376	11313	11253	20	43	60	60	1	0.994696	0.989188	0
PBE65548_skip_cadb6549_ad795773_135.pod5	612aba69-6e84-4aa1-b857-12db71ddd72b	ad79577363ae350d286155344b9e1b0cb5f3459e	2710	1	258042	43.2416	258043	42.9408	16949	26.5317	unclassified	chr2	26454338	26471279	9	16949	-	16968	16913	16883	27	28	30	60	0.999469	0.998226	0.994991	0
PBE65548_skip_cadb6549_ad795773_135.pod5	0f93897e-7978-4edf-b904-dd75d7ae8bb8	ad79577363ae350d286155344b9e1b0cb5f3459e	2710	1	257900	108.902	257900	108.736	35324	28.4272	unclassified	chr16	79126191	79161514	7	35324	-	35367	35273	35251	44	50	22	60	0.999802	0.999376	0.99672	0
PBE65548_skip_cadb6549_ad795773_135.pod5	c92eb337-b80c-4a2c-90a7-9777778565c6	ad79577363ae350d286155344b9e1b0cb5f3459e	575	4	258057	41.0754	258057	41.0734	16382	23.4189	unclassified	chr12	99988350	100004732	33	16376	+	16404	16321	16277	22	61	44	60	0.997619	0.997304	0.992258	0
PBE65548_skip_cadb6549_ad795773_135.pod5	9f99f8f4-b297-4f2b-8a6e-e119f3be24cc	ad79577363ae350d286155344b9e1b0cb5f3459e	2916	2	258042	58.1228	258042	58.1208	21181	24.0676	unclassified	chr17	62753163	62774320	34	21181	+	21190	21114	21004	33	43	110	60	0.998395	0.99479	0.991222	0
PBE65548_skip_cadb6549_ad795773_135.pod5	71067b77-6169-4dc4-9309-6221869e933f	ad79577363ae350d286155344b9e1b0cb5f3459e	787	4	258149	9.9152	258149	9.7536	2449	27.3485	unclassified	chr12	95378683	95381125	7	2449	-	2443	2441	2439	1	1	2	60	0.997142	0.999181	0.998363	0
PBE65548_skip_cadb6549_ad795773_135.pod5	922ec271-bbf3-4eee-9ada-ad0977a388b4	ad79577363ae350d286155344b9e1b0cb5f3459e	1703	1	257802	27.5294	257802	27.5274	6633	13.9532	unclassified	chr3	77086470	77093073	9	6604	-	6716	6482	6349	113	121	133	60	0.994271	0.979482	0.945354	0
PBE65548_skip_cadb6549_ad795773_135.pod5	8d76b62f-7eab-4c04-b0e5-05d5cda17f1f	ad79577363ae350d286155344b9e1b0cb5f3459e	2844	4	258120	29.144	258120	28.908	12229	26.1054	unclassified	chr18	35534912	35547143	0	12223	+	12266	12188	12150	35	43	38	60	0.999509	0.996882	0.990543	0
PBE65548_skip_cadb6549_ad795773_135.pod5	f9234f2e-f864-4541-9888-b92015dd8d2b	ad79577363ae350d286155344b9e1b0cb5f3459e	2591	1	258169	7.5172	258169	7.5152	2952	28.6688	unclassified	chrY	11285973	11288895	1	2919	-	2931	2909	2842	9	13	67	60	0.988482	0.976968	0.969635	0
PBE65548_skip_cadb6549_ad795773_135.pod5	8ab7159c-95a4-4908-81cf-fa61e007dfe4	ad79577363ae350d286155344b9e1b0cb5f3459e	1868	4	257497	22.4324	257497	22.3404	8662	29.0289	unclassified	chr9	101106633	101115293	7	8662	-	8665	8650	8633	5	10	17	60	0.999192	0.998035	0.996307	0
PBE65548_skip_cadb6549_ad795773_135.pod5	f5a5de41-e28b-4172-b3fb-e46219ff7fb1	ad79577363ae350d286155344b9e1b0cb5f3459e	1932	1	258167	6.2208	258167	6.2188	1407	3.62907	unclassified	*	-1	-1	-1	-1	*	0	0	0	0	0	0	0	0	0	0	0
PBE65548_skip_cadb6549_ad795773_135.pod5	edef0fb8-12df-4df2-bc81-a17443b253c4	ad79577363ae350d286155344b9e1b0cb5f3459e	1102	4	258084	42.7518	258084	42.7498	13784	29.6649	unclassified	chr11	6029735	6043466	11	13749	-	13748	13721	13697	17	10	24	60	0.996663	0.998251	0.99629	0
PBE65548_skip_cadb6549_ad795773_135.pod5	14bdfc2a-ae22-48b5-832a-b6d36ed42a48	ad79577363ae350d286155344b9e1b0cb5f3459e	2384	2	258097	29.3984	258098	29.2008	12439	23.2582	unclassified	chr11	125122690	125134862	270	12439	-	12211	12130	12099	39	42	31	60	0.978294	0.997444	0.990828	0
PBE65548_skip_cadb6549_ad795773_135.pod5	9dc11ca9-9be1-4fcd-a606-634fa16f1c4f	ad79577363ae350d286155344b9e1b0cb5f3459e	1719	3	258076	50.2556	258076	50.1288	18983	26.3491	unclassified	chr14	69692927	69711907	0	18978	+	19008	18950	18928	28	30	22	60	0.999737	0.998839	0.995791	0
PBE65548_skip_cadb6549_ad795773_135.pod5	ffddea21-0c51-4714-a579-73889e69759e	ad79577363ae350d286155344b9e1b0cb5f3459e	795	4	258017	71.1764	258017	71.0508	23357	16.2761	unclassified	chr2	2082145	2105557	0	23352	+	23605	23159	22872	193	253	287	60	0.999786	0.987607	0.968947	0
PBE65548_skip_cadb6549_ad795773_135.pod5	89f2fe77-1b08-44c0-b8df-fe4f854b93a1	ad79577363ae350d286155344b9e1b0cb5f3459e	936	3	258168	14.6348	258168	14.4828	3930	31.6337	unclassified	chr2	227237916	227241833	7	3930	-	3924	3916	3908	7	1	8	60	0.998219	0.997957	0.995923	0
PBE65548_skip_cadb6549_ad795773_135.pod5	77c20a39-8a74-4533-969f-0fdaf86e7216	ad79577363ae350d286155344b9e1b0cb5f3459e	575	4	258099	30.048	258099	30.046	11035	28.3175	unclassified	chr2	109684085	109695078	31	11024	+	11015	10971	10944	22	22	27	60	0.996194	0.997539	0.993554	0
PBE65548_skip_cadb6549_ad795773_135.pod5	b3715511-e69f-4fac-b651-8a0ddf419943	ad79577363ae350d286155344b9e1b0cb5f3459e	2162	3	258129	39.7388	258129	39.7368	13629	8.37941	unclassified	chr4	93529992	93544112	8	13580	-	14645	13047	12097	525	1073	950	60	0.995818	0.927186	0.826016	0
PBE65548_skip_cadb6549_ad795773_135.pod5	6c0e0498-ee4e-4f51-a785-6018d48282fc	ad79577363ae350d286155344b9e1b0cb5f3459e	1820	2	258141	24.0296	258141	23.9448	9417	25.649	unclassified	chr5	132960816	132970287	0	9411	+	9480	9402	9386	9	69	16	60	0.999363	0.998298	0.990084	0
PBE65548_skip_cadb6549_ad795773_135.pod5	2dad10ce-6001-47d4-920a-83126390d049	ad79577363ae350d286155344b9e1b0cb5f3459e	787	4	258113	35.2376	258113	35.148	14205	27.2346	unclassified	chr14	38085181	38099403	0	14197	+	14232	14187	14155	10	35	32	60	0.999437	0.997744	0.99459	0
PBE65548_skip_cadb6549_ad795773_135.pod5	4dd64eb5-cbf3-44fe-a6e1-9d3fdc4537ca	ad79577363ae350d286155344b9e1b0cb5f3459e	1102	4	258129	45.4402	258129	45.4382	12880	10.6881	unclassified	chr16	34682002	34692394	37	10399	+	10510	10244	10184	118	148	60	60	0.804503	0.994143	0.968982	0
PBE65548_skip_cadb6549_ad795773_135.pod5	11f3a893-f920-4e77-9330-f0054280bc15	ad79577363ae350d286155344b9e1b0cb5f3459e	683	3	258095	37.4708	258095	37.3812	13996	27.4743	unclassified	chr10	96921217	96935228	0	13996	+	14019	13988	13984	8	23	4	60	1	0.999714	0.997503	0
PBE65548_skip_cadb6549_ad795773_135.pod5	d1ed6538-d645-4a2e-9da2-edf10c8f4f31	ad79577363ae350d286155344b9e1b0cb5f3459e	2591	1	258147	21.0056	258147	21.0036	5179	27.0765	unclassified	chr1	204832094	204837229	6	5139	-	5151	5117	5105	16	18	12	60	0.991118	0.997655	0.99107	0
PBE65548_skip_cadb6549_ad795773_135.pod5	eb44c05e-d93f-44e9-962f-7c0a05149b33	ad79577363ae350d286155344b9e1b0cb5f3459e	2916	2	258166	22.6472	258166	22.5192	8865	26.0742	unclassified	chr8	138567490	138576358	5	8865	-	8874	8854	8840	6	14	14	60	0.999436	0.998419	0.996169	0
PBE65548_skip_cadb6549_ad795773_135.pod5	1f2c6f2a-89a8-482a-b354-fab2a280079e	ad79577363ae350d286155344b9e1b0cb5f3459e	2916	2	258191	14.1656	258191	14.1636	5213	29.6223	unclassified	chr1	81640364	81645527	31	5207	+	5180	5159	5159	17	4	0	60	0.992902	1	0.995946	0
PBE65548_skip_cadb6549_ad795773_135.pod5	e91763e3-f64a-43aa-838a-7d07cd75d3a8	ad79577363ae350d286155344b9e1b0cb5f3459e	385	3	258017	78.0632	258017	77.9352	29387	28.3294	unclassified	chr3	188158060	188187424	0	29381	+	29432	29313	29245	68	51	68	60	0.999796	0.99768	0.993646	0
PBE65548_skip_cadb6549_ad795773_135.pod5	8d895a92-1b7a-45e3-b04c-a7e0d06055fd	ad79577363ae350d286155344b9e1b0cb5f3459e	106	4	258065	90.0056	258065	89.8656	32865	27.3028	unclassified	chr9	69917442	69950303	0	32841	+	32890	32812	32752	29	49	60	60	0.99927	0.998171	0.995804	0
PBE65548_skip_cadb6549_ad795773_135.pod5	85070c8b-6436-48b7-923d-7eb9470f8e6d	ad79577363ae350d286155344b9e1b0cb5f3459e	1703	1	258147	21.9644	258147	21.9624	7865	11.2142	unclassified	chr15	52228455	52236401	2	7826	-	8098	7672	7350	152	274	322	60	0.994787	0.958029	0.907632	0
PBE65548_skip_cadb6549_ad795773_135.pod5	17e9c5b1-7c83-4626-8355-7c69a15c7e1a	ad79577363ae350d286155344b9e1b0cb5f3459e	787	4	258005	88.3756	258005	88.3736	33957	26.4923	unclassified	chrX	106818979	106852885	37	33952	+	33956	33865	33820	50	41	45	60	0.998763	0.998671	0.995995	0
PBE65548_skip_cadb6549_ad795773_135.pod5	9caeae33-acec-4d25-becc-44ac0ae2075a	ad79577363ae350d286155344b9e1b0cb5f3459e	1925	1	258152	35.3024	258152	35.0976	9948	27.9113	unclassified	chr3	30790675	30800618	7	9948	-	9954	9930	9904	11	13	26	60	0.999296	0.997382	0.994977	0
PBE65548_skip_cadb6549_ad795773_135.pod5	d595144f-390f-4432-b5ab-db6b77fa61af	ad79577363ae350d286155344b9e1b0cb5f3459e	2916	2	258137	27.4952	258137	27.4932	10911	28.4969	unclassified	chr10	36502611	36513500	45	10903	+	10898	10849	10833	9	40	16	60	0.995143	0.998525	0.994036	0
PBE65548_skip_cadb6549_ad795773_135.pod5	26855d2c-1012-42d7-8ac5-c78eda0d9c22	ad79577363ae350d286155344b9e1b0cb5f3459e	1925	1	258191	17.7452	258191	17.5116	3967	26.843	unclassified	chr13	69510604	69514563	0	3961	+	3961	3959	3951	2	0	8	60	0.998488	0.997979	0.997475	0
PBE65548_skip_cadb6549_ad795773_135.pod5	79c2d4c7-d9ef-467e-94b4-667d32ecbba1	ad79577363ae350d286155344b9e1b0cb5f3459e	2591	1	258179	25.8784	258179	25.8764	13925	17.2973	unclassified	chr7	29341919	29356060	6	13887	-	14217	13805	13668	76	336	137	60	0.99684	0.990076	0.961384	0
PBE65548_skip_cadb6549_ad795773_135.pod5	57986c84-7d72-4411-8b9e-4d9e58c0b2e5	ad79577363ae350d286155344b9e1b0cb5f3459e	2844	4	258152	30.2456	258152	30.1464	12318	23.0249	unclassified	chr4	8020749	8033072	10	12314	-	12339	12288	12253	16	35	35	60	0.998863	0.997152	0.99303	0
PBE65548_skip_cadb6549_ad795773_135.pod5	48cd36ad-62f1-4ff4-8bf2-ebaca63adbde	ad79577363ae350d286155344b9e1b0cb5f3459e	1925	1	258071	73.556	258071	73.3152	15065	25.6517	unclassified	chr10	49312534	49327549	0	15055	+	15066	15004	14972	51	11	32	60	0.999336	0.997867	0.993761	0
PBE65548_skip_cadb6549_ad795773_135.pod5	cdd5d086-1df4-49ea-9de5-4650abe8744c	ad79577363ae350d286155344b9e1b0cb5f3459e	1719	3	258126	52.2188	258126	52.1028	19481	25.3882	unclassified	chr1	103412278	103431774	5	19481	-	19516	19456	19426	20	40	30	60	0.999743	0.998458	0.995388	0
PBE65548_skip_cadb6549_ad795773_135.pod5	bb94970f-9eaa-48c5-8e80-162051c33f9d	ad79577363ae350d286155344b9e1b0cb5f3459e	1832	3	258102	58.1144	258102	57.996	22444	28.2556	unclassified	chr22	46985890	47008388	0	22444	-	22521	22421	22366	23	77	55	60	1	0.997547	0.993118	0
PBE65548_skip_cadb6549_ad795773_135.pod5	1f8e745c-2ed7-4528-83f5-daf5faf6757d	ad79577363ae350d286155344b9e1b0cb5f3459e	1812	3	258137	41.7404	258137	41.6268	14291	13.0036	unclassified	chr8	104654392	104665289	3402	14291	-	10900	10886	10878	3	11	8	60	0.761948	0.999265	0.997982	0
PBE65548_skip_cadb6549_ad795773_135.pod5	df4f0631-3de9-469f-acf3-7ac5977a12aa	ad79577363ae350d286155344b9e1b0cb5f3459e	1719	3	258238	1.7732	258238	1.6236	620	16.5675	unclassified	chr6	76693790	76694383	0	592	+	594	591	590	1	2	1	60	0.954839	0.998308	0.993266	0
PBE65548_skip_cadb6549_ad795773_135.pod5	ae30deb5-9389-4e3c-b145-a8fbe0b4cddd	ad79577363ae350d286155344b9e1b0cb5f3459e	385	3	258103	48.4452	258103	48.4432	23979	16.09	unclassified	chr1	94268616	94291613	36	23973	+	23983	22951	22878	986	46	73	60	0.998248	0.996819	0.953926	0
PBE65548_skip_cadb6549_ad795773_135.pod5	8677a921-b20b-4e4b-bbf8-6f46894e8a18	ad79577363ae350d286155344b9e1b0cb5f3459e	1820	2	258030	84.3012	258030	84.2992	32353	28.6988	unclassified	chr2	171872164	171904455	34	32347	+	32411	32193	32152	120	98	41	60	0.998764	0.998726	0.992009	0
PBE65548_skip_cadb6549_ad795773_135.pod5	89f343b0-dd43-41c0-87ca-0b230d5999c7	ad79577363ae350d286155344b9e1b0cb5f3459e	2844	4	258206	1.4916	258206	1.4916	394	2.60549	unclassified	*	-1	-1	-1	-1	*	0	0	0	0	0	0	0	0	0	0	0
PBE65548_skip_cadb6549_ad795773_135.pod5	d8f0283c-4291-4d52-9290-d336722ed0a6	ad79577363ae350d286155344b9e1b0cb5f3459e	1343	1	258248	2.7044	258248	2.7024	376	5.25555	unclassified	chrY	13243936	13244045	120	231	+	111	109	106	2	0	3	15	0.295213	0.972477	0.954955	0
PBE65548_skip_cadb6549_ad795773_135.pod5	decf9a62-64d3-4c00-8a61-c8265e8202cf	ad79577363ae350d286155344b9e1b0cb5f3459e	2916	2	258206	25.2888	258206	25.2868	10072	26.0318	unclassified	chr7	136254504	136264525	0	10029	-	10042	10008	9989	21	13	19	60	0.995731	0.998102	0.994722	0
PBE65548_skip_cadb6549_ad795773_135.pod5	00a50be9-9e2a-4fe8-96db-b14e758feb9b	ad79577363ae350d286155344b9e1b0cb5f3459e	1868	4	258217	15.9452	258217	15.8364	6152	21.667	unclassified	chr6	19537547	19543701	0	6152	-	6174	6132	6099	20	22	33	60	1	0.994618	0.987852	0
PBE65548_skip_cadb6549_ad795773_135.pod5	33ae9e48-51b2-44fb-91e9-5d626a71e97b	ad79577363ae350d286155344b9e1b0cb5f3459e	2591	1	258230	9.5708	258230	9.444	3709	25.606	unclassified	chr20	9359927	9363630	2	3701	+	3708	3694	3689	5	9	5	60	0.997304	0.998646	0.994876	0
PBE65548_skip_cadb6549_ad795773_135.pod5	dc5f0cdb-2d87-4f87-8c3e-434a4c2f2337	ad79577363ae350d286155344b9e1b0cb5f3459e	106	4	258156	56.6792	258156	56.5104	14906	26.3777	unclassified	chr3	190298229	190313097	0	14899	+	14910	14857	14802	42	11	55	60	0.99953	0.996298	0.992757	0
PBE65548_skip_cadb6549_ad795773_135.pod5	2f1a670a-669a-43dc-813b-9ef61045ba96	ad79577363ae350d286155344b9e1b0cb5f3459e	2931	4	258196	37.0448	258196	36.9012	10965	27.0129	unclassified	chr16	30185082	30196030	9	10964	-	10971	10932	10919	23	16	13	60	0.999088	0.998811	0.99526	0
PBE65548_skip_cadb6549_ad795773_135.pod5	8b8298be-6a41-49a7-b564-78f34f7ae347	ad79577363ae350d286155344b9e1b0cb5f3459e	728	4	258132	67.1714	258132	67.1694	24248	22.3564	unclassified	chr2	181352899	181376965	18	24213	-	24254	24007	23905	188	59	102	60	0.997814	0.995751	0.985611	0
PBE65548_skip_cadb6549_ad795773_135.pod5	c5779733-997a-4dfa-9449-3e51288dce04	ad79577363ae350d286155344b9e1b0cb5f3459e	1430	1	258057	96.8072	258057	96.6504	34374	27.9087	unclassified	chr17	43695152	43729556	0	34367	+	34436	34335	34259	32	69	76	60	0.999796	0.997787	0.99486	0
PBE65548_skip_cadb6549_ad795773_135.pod5	93403ba8-11d2-4291-b805-d64451ff4daf	ad79577363ae350d286155344b9e1b0cb5f3459e	2844	4	258208	25.2324	258208	25.1316	9130	18.8585	unclassified	chr4	145252991	145260660	1465	9130	-	7680	7654	7633	11	15	21	60	0.83954	0.997256	0.99388	0
PBE65548_skip_cadb6549_ad795773_135.pod5	5b2239d5-2ebb-49b6-bc0a-1567b2954e1d	ad79577363ae350d286155344b9e1b0cb5f3459e	683	3	258150	65.2556	258151	65.0916	22278	30.2143	unclassified	chr1	67090142	67112434	0	22278	+	22306	22264	22215	14	28	49	60	1	0.997799	0.99592	0
PBE65548_skip_cadb6549_ad795773_135.pod5	08bb35cf-aec4-4d85-9ac7-706cf7664770	ad79577363ae350d286155344b9e1b0cb5f3459e	2710	1	258198	45.8012	258198	45.5916	9914	29.146	unclassified	chr10	121829154	121839043	7	9914	-	9912	9884	9874	23	5	10	60	0.999294	0.998988	0.996166	0
PBE65548_skip_cadb6549_ad795773_135.pod5	cd2704b9-c18a-4d3a-a88b-93572a943364	ad79577363ae350d286155344b9e1b0cb5f3459e	2591	1	258264	1.5308	258264	1.3164	535	26.3074	unclassified	chr5	143619809	143620333	12	535	-	524	523	522	0	1	1	60	0.97757	0.998088	0.996183	0
PBE65548_skip_cadb6549_ad795773_135.pod5	01ab927d-6c9a-482e-81c9-1eae3861da06	ad79577363ae350d286155344b9e1b0cb5f3459e	57	2	258243	18.0608	258243	17.9256	7250	26.8925	unclassified	chr18	66457456	66464700	0	7245	+	7255	7234	7217	11	10	17	60	0.99931	0.99765	0.994762	0
PBE65548_skip_cadb6549_ad795773_135.pod5	6d145fd7-f13f-42b3-857d-5c8abe01e3b1	ad79577363ae350d286155344b9e1b0cb5f3459e	936	3	258184	39.074	258184	38.8188	11566	31.8559	unclassified	chr1	108481948	108493518	6	11566	-	11571	11559	11548	1	11	11	60	0.999481	0.999048	0.998012	0
PBE65548_skip_cadb6549_ad795773_135.pod5	83d37e5b-af65-47d9-be2c-06301e4c11b9	ad79577363ae350d286155344b9e1b0cb5f3459e	1102	4	258174	57.4532	258174	57.294	19538	28.4549	unclassified	chr7	69312331	69331889	4	19538	-	19578	19514	19466	20	44	48	60	0.999795	0.99754	0.994279	0
PBE65548_skip_cadb6549_ad795773_135.pod5	b63f520a-c31e-4dba-b424-ed405348650d	ad79577363ae350d286155344b9e1b0cb5f3459e	2931	4	258235	25.7396	258235	25.566	10070	27.1152	unclassified	chr2	120474557	120484631	0	10058	+	10087	10045	10014	13	29	31	60	0.998808	0.996914	0.992763	0
PBE65548_skip_cadb6549_ad795773_135.pod5	a1720c8d-e813-40f1-9b13-8a7340597dbe	ad79577363ae350d286155344b9e1b0cb5f3459e	728	4	258200	39.9908	258200	39.8868	13939	26.1379	unclassified	chr12	68882660	68896599	0	13932	+	13951	13920	13884	12	19	36	60	0.999498	0.997414	0.995197	0
PBE65548_skip_cadb6549_ad795773_135.pod5	5932fc0a-68fc-4a92-9ba9-5e868ce8cb23	ad79577363ae350d286155344b9e1b0cb5f3459e	787	4	258163	59.9984	258163	59.8872	22285	27.4264	unclassified	chr13	74040990	74063290	0	22280	+	22316	22264	22223	16	36	41	60	0.999776	0.998158	0.995833	0
PBE65548_skip_cadb6549_ad795773_135.pod5	a262fb52-6a72-4669-bcc3-995ba6cc2a9e	ad79577363ae350d286155344b9e1b0cb5f3459e	2931	4	258148	43.6544	258148	43.5612	16533	27.5919	unclassified	chr1	13018880	13035405	9	16532	-	16543	16505	16479	18	20	26	60	0.999395	0.998425	0.996131	0
PBE65548_skip_cadb6549_ad795773_135.pod5	c8abd74f-66c1-4179-aaa5-3dc4cb1e1b96	ad79577363ae350d286155344b9e1b0cb5f3459e	1703	1	258178	38.3408	258179	38.1216	16580	15.7465	unclassified	chr19	38128473	38145084	0	16576	+	16787	16400	16174	176	211	226	60	0.999759	0.98622	0.963484	0
PBE65548_skip_cadb6549_ad795773_135.pod5	5abab957-bbf0-4d8e-b178-18ddd8951985	ad79577363ae350d286155344b9e1b0cb5f3459e	77	4	258064	75.4392	258064	75.4372	26942	11.1706	unclassified	chr9	132547423	132574571	38	26925	+	27761	26274	25161	613	874	1113	60	0.997959	0.957639	0.906343	0
PBE65548_skip_cadb6549_ad795773_135.pod5	ab0159a7-63bc-47a3-840a-f35c9564d97c	ad79577363ae350d286155344b9e1b0cb5f3459e	2710	1	258245	24.2468	258245	24.1308	8122	15.3381	unclassified	chr21	8228114	8234906	1448	8122	-	6865	6601	6504	73	191	97	33	0.821719	0.985305	0.947414	0
PBE65548_skip_cadb6549_ad795773_135.pod5	a80232f0-2aac-492a-ab2e-ac350d26c130	ad79577363ae350d286155344b9e1b0cb5f3459e	2844	4	258235	20.24	258235	20.0616	9648	26.7471	unclassified	chr11	118586383	118596026	8	9648	-	9652	9631	9621	9	12	10	60	0.999171	0.998962	0.996788	0
PBE65548_skip_cadb6549_ad795773_135.pod5	105c6382-e42c-4a7a-8767-df5a1d3b3e26	ad79577363ae350d286155344b9e1b0cb5f3459e	1868	4	258235	36.6932	258236	36.5964	13920	24.2586	unclassified	chr2	191834237	191848160	0	13920	-	13947	13896	13861	24	27	35	60	1	0.997481	0.993834	0
PBE65548_skip_cadb6549_ad795773_135.pod5	6a1fb26b-b844-4b40-9cc3-4b99e8541fa7	ad79577363ae350d286155344b9e1b0cb5f3459e	1719	3	258180	57.6152	258180	57.462	20860	29.1504	unclassified	chr2	116023127	116043978	0	20860	-	20942	20769	20715	91	82	54	60	1	0.9974	0.989161	0
PBE65548_skip_cadb6549_ad795773_135.pod5	bb85a5b8-e5ab-45cb-9b07-4a85516bd178	ad79577363ae350d286155344b9e1b0cb5f3459e	77	4	258145	71.2112	258145	71.2092	20725	9.80261	unclassified	chr22	32842906	32863689	36	20719	+	21512	19954	18808	729	829	1146	60	0.997973	0.942568	0.874303	0
PBE65548_skip_cadb6549_ad795773_135.pod5	88296e9a-bdae-4e6d-b550-94cafa4affe3	ad79577363ae350d286155344b9e1b0cb5f3459e	1606	2	258173	50.0222	258173	50.0202	14615	34.5338	unclassified	chr4	49647499	49653858	8469	14612	-	6669	5833	5013	310	526	820	1	0.420322	0.859421	0.751687	0
PBE65548_skip_cadb6549_ad795773_135.pod5	b158f21f-fef0-468f-831f-33c07db679ea	ad79577363ae350d286155344b9e1b0cb5f3459e	1102	4	258232	28.9004	258232	28.8204	10977	25.9357	unclassified	chr4	65907477	65918451	0	10965	+	10984	10955	10934	10	19	21	60	0.998907	0.998083	0.995448	0
PBE65548_skip_cadb6549_ad795773_135.pod5	f2e88bc7-c86c-4fa8-b2ec-45e531e3a6e0	ad79577363ae350d286155344b9e1b0cb5f3459e	1102	4	258268	17.0672	258268	17.0652	5635	15.8303	unclassified	chr2	219368169	219373556	0	5600	-	5610	5377	5358	223	10	19	60	0.993789	0.996466	0.95508	0
PBE65548_skip_cadb6549_ad795773_135.pod5	887a9bfa-eb03-48d3-9279-b58ab1acacbe	ad79577363ae350d286155344b9e1b0cb5f3459e	936	3	258223	50.9816	258223	50.8608	19602	28.4555	unclassified	chr4	87800288	87819892	0	19602	+	19616	19590	19573	12	14	17	60	1	0.999132	0.997808	0
PBE65548_skip_cadb6549_ad795773_135.pod5	2ce00be0-7e41-42ab-87ea-04720da96bfe	ad79577363ae350d286155344b9e1b0cb5f3459e	1102	4	258300	16.544	258300	16.404	6089	28.5707	unclassified	chr5	118414389	118420469	7	6089	-	6085	6077	6075	5	3	2	60	0.99885	0.999671	0.998357	0
PBE65548_skip_cadb6549_ad795773_135.pod5	1cd776f3-9736-4d7f-8a5d-212c9dacc297	ad79577363ae350d286155344b9e1b0cb5f3459e	2710	1	258089	100.76	258089	100.631	39995	27.8562	unclassified	chr10	56073634	56113585	0	39985	+	40073	39863	39741	122	88	122	60	0.99975	0.99694	0.991715	0
PBE65548_skip_cadb6549_ad795773_135.pod5	ad6e905a-7409-4471-adc5-d5e24e7ca1d7	ad79577363ae350d286155344b9e1b0cb5f3459e	1868	4	258328	9.3108	258328	9.3088	2827	16.0949	unclassified	chr15	45046604	45049400	38	2827	+	2823	2762	2713	27	34	49	60	0.986558	0.982259	0.961034	0
PBE65548_skip_cadb6549_ad795773_135.pod5	2a593c62-9a7c-432b-9ce6-b12679cb3171	ad79577363ae350d286155344b9e1b0cb5f3459e	1812	3	258285	24.0804	258285	24.0784	10066	29.139	unclassified	chr5	35191511	35201606	24	10060	+	10102	10029	10017	7	66	12	60	0.99702	0.998803	0.991586	0
PBE65548_skip_cadb6549_ad795773_135.pod5	3fd19f92-4d61-452b-b80f-6c185acaf3b6	ad79577363ae350d286155344b9e1b0cb5f3459e	57	2	258298	20.7524	258298	20.5188	3506	24.2044	unclassified	chr17	26823475	26826532	2	3450	-	3574	2931	2528	517	126	403	1	0.983457	0.862504	0.707331	0
PBE65548_skip_cadb6549_ad795773_135.pod5	505f677c-dfeb-4bc2-8a59-fe8ed6ad16ea	ad79577363ae350d286155344b9e1b0cb5f3459e	1606	2	258223	54.5744	258223	54.4932	23561	25.3367	unclassified	chr7	70266725	70290320	0	23553	+	23621	23527	23487	26	68	40	60	0.99966	0.9983	0.994327	0
PBE65548_skip_cadb6549_ad795773_135.pod5	02a72d40-3b25-43d7-ac1b-222b5dfc5f04	ad79577363ae350d286155344b9e1b0cb5f3459e	1343	1	258269	49.712	258269	49.5672	10107	22.4096	unclassified	chr1	194018187	194028283	6	10107	-	10130	10067	10033	34	29	34	60	0.999406	0.996623	0.990424	0
PBE65548_skip_cadb6549_ad795773_135.pod5	3c0c9e07-f763-4b3c-a152-6fcb5ffca4ce	ad79577363ae350d286155344b9e1b0cb5f3459e	77	4	258330	17.1536	258330	17.1516	6222	10.6428	unclassified	chr10	93688147	93694406	15	6181	-	6419	6006	5709	160	253	297	60	0.991	0.950549	0.889391	0
PBE65548_skip_cadb6549_ad795773_135.pod5	f9734692-1e1f-45ab-abc5-5d8addec70c1	ad79577363ae350d286155344b9e1b0cb5f3459e	1098	3	258349	7.751	258349	7.749	1765	3.74825	unclassified	*	-1	-1	-1	-1	*	0	0	0	0	0	0	0	0	0	0	0
PBE65548_skip_cadb6549_ad795773_135.pod5	01ff5b3e-a6b5-4d92-952a-f94f69c86d1d	ad79577363ae350d286155344b9e1b0cb5f3459e	1812	3	258358	7.155	258358	7.153	2948	35.9179	unclassified	chr3	11593569	11596488	0	2911	-	2919	2911	2903	0	8	8	60	0.987449	0.997252	0.994519	0
PBE65548_skip_cadb6549_ad795773_135.pod5	b4f884bf-7276-4e0a-8d76-5ebe0ab733f9	ad79577363ae350d286155344b9e1b0cb5f3459e	787	4	258328	22.1192	258328	21.9768	7655	29.5521	unclassified	chr11	89174668	89182324	0	7655	-	7657	7654	7645	1	2	9	60	1	0.998824	0.998433	0
PBE65548_skip_cadb6549_ad795773_135.pod5	c0aaf81c-4cb8-48ae-9ec4-5ea7d884c5ff	ad79577363ae350d286155344b9e1b0cb5f3459e	2844	4	258260	55.4924	258260	55.3764	23224	28.7302	unclassified	chr6	166126415	166149658	0	23218	+	23256	23205	23150	13	38	55	60	0.999742	0.99763	0.995442	0
PBE65548_skip_cadb6549_ad795773_135.pod5	0fb06641-a639-418a-ad23-216ae481eb7a	ad79577363ae350d286155344b9e1b0cb5f3459e	683	3	258224	64.85	258224	64.7748	29857	22.7874	unclassified	chr10	95336166	95365992	0	29857	+	29947	29736	29624	121	90	112	60	1	0.996234	0.989214	0
PBE65548_skip_cadb6549_ad795773_135.pod5	3e53914b-97b7-4bc3-80a6-4655c4ba9024	ad79577363ae350d286155344b9e1b0cb5f3459e	1832	3	258337	11.0744	258337	10.9848	4861	23.9433	unclassified	chr4	70839871	70844722	0	4861	-	4869	4843	4825	18	8	18	60	1	0.996283	0.990963	0
PBE65548_skip_cadb6549_ad795773_135.pod5	4f005193-8c30-4cf5-a6e6-a50f6f2d80ec	ad79577363ae350d286155344b9e1b0cb5f3459e	1832	3	258312	23.636	258312	23.4588	6516	19.3744	unclassified	chr22	34137519	34144048	0	6509	+	6552	6486	6448	23	43	38	60	0.998926	0.994141	0.984127	0
PBE65548_skip_cadb6549_ad795773_135.pod5	d7284e7c-fc98-407e-b3ef-98e4be941d07	ad79577363ae350d286155344b9e1b0cb5f3459e	2916	2	258233	66.29	258233	66.1284	25925	27.4551	unclassified	chr8	61742616	61768578	7	25925	-	25989	25891	25866	27	71	25	60	0.99973	0.999034	0.995267	0
PBE65548_skip_cadb6549_ad795773_135.pod5	b2b120e6-793b-4040-a558-bcbdd2944ce5	ad79577363ae350d286155344b9e1b0cb5f3459e	1719	3	258267	43.3724	258267	43.2468	17512	9.37738	unclassified	chr5	3202517	3220456	6	17512	-	18492	16953	15962	553	986	991	60	0.999657	0.941544	0.863184	0
PBE65548_skip_cadb6549_ad795773_135.pod5	6491f036-92c3-4ced-8fa7-94a52b6c6c22	ad79577363ae350d286155344b9e1b0cb5f3459e	2097	4	258354	17.0408	258354	16.7184	4860	13.322	unclassified	chr10	67526407	67530832	0	4462	+	4467	4420	4406	42	5	14	60	0.918107	0.996833	0.986344	0
PBE65548_skip_cadb6549_ad795773_135.pod5	65e36442-554c-4c27-9a1e-e26bb5bfb4aa	ad79577363ae350d286155344b9e1b0cb5f3459e	1430	1	258154	103.074	258154	102.919	30654	30.6377	unclassified	chr13	42547618	42578282	6	30654	-	30681	30631	30569	17	33	62	60	0.999804	0.997976	0.99635	0
PBE65548_skip_cadb6549_ad795773_135.pod5	c0b73ea0-47b3-4e91-94ed-c18941d3caa7	ad79577363ae350d286155344b9e1b0cb5f3459e	683	3	258298	43.6544	258298	43.4664	16207	24.6634	unclassified	chr4	98304651	98320861	6	16207	-	16243	16168	16138	33	42	30	60	0.99963	0.998145	0.993536	0
PBE65548_skip_cadb6549_ad795773_135.pod5	c97b6f4f-cc61-4889-8bec-0eda0d82a588	ad79577363ae350d286155344b9e1b0cb5f3459e	77	4	258347	15.9582	258347	15.9562	6189	10.2374	unclassified	chr10	93688152	93694394	49	6170	+	6399	5964	5631	157	278	333	60	0.989013	0.944165	0.879981	0
PBE65548_skip_cadb6549_ad795773_135.pod5	86769b18-8b73-414e-9732-2bd5f9f424cb	ad79577363ae350d286155344b9e1b0cb5f3459e	1868	4	258337	33.6296	258337	33.5184	11866	22.7481	unclassified	chr6	17943534	17955434	7	11866	-	11917	11842	11794	17	58	48	60	0.99941	0.995947	0.989679	0
PBE65548_skip_cadb6549_ad795773_135.pod5	011b6579-aa78-460e-9567-7ef7ab0b4927	ad79577363ae350d286155344b9e1b0cb5f3459e	1868	4	258292	30.0958	258292	30.0938	11384	37.4607	unclassified	chr1	122513223	122524239	5	11355	-	11359	11007	10435	343	9	572	2	0.997013	0.948033	0.918655	0
PBE65548_skip_cadb6549_ad795773_135.pod5	9cf23617-ba80-4fda-abb1-f8d8bd22c454	ad79577363ae350d286155344b9e1b0cb5f3459e	1719	3	258310	24.2612	258310	24.1668	8200	22.7035	unclassified	chr21	8243512	8251589	0	8200	-	8240	8037	8017	163	40	20	1	1	0.997512	0.972937	0
PBE65548_skip_cadb6549_ad795773_135.pod5	0f64c088-156a-480c-91b3-6be5fcfa2e68	ad79577363ae350d286155344b9e1b0cb5f3459e	2097	4	258331	23.1416	258331	23.0184	9467	25.5347	unclassified	chr14	55185981	55195449	7	9467	-	9487	9441	9423	19	27	18	60	0.999261	0.998093	0.993254	0
PBE65548_skip_cadb6549_ad795773_135.pod5	cbee7a42-c559-4d1c-9261-bd16c3e63a64	ad79577363ae350d286155344b9e1b0cb5f3459e	1868	4	258391	5.0662	258391	5.0642	2550	16.7722	unclassified	chr2	225993574	225996115	5	2520	-	2556	2500	2469	15	41	31	60	0.986274	0.9876	0.965962	0
PBE65548_skip_cadb6549_ad795773_135.pod5	ffafff7c-670c-44b6-a55b-15b7d3303291	ad79577363ae350d286155344b9e1b0cb5f3459e	1430	1	258263	60.3112	258263	60.3092	19611	25.0825	unclassified	chr8	132908422	132926718	1241	19561	-	18345	18271	18207	49	25	64	60	0.93417	0.996497	0.992478	0
PBE65548_skip_cadb6549_ad795773_135.pod5	cebf6ae5-576a-4896-9d18-19e4af0e6ca7	ad79577363ae350d286155344b9e1b0cb5f3459e	936	3	258274	51.4112	258275	51.2496	18489	29.1155	unclassified	chr17	67378789	67397267	9	18489	-	18504	18454	18447	26	24	7	60	0.999513	0.999621	0.99692	0
PBE65548_skip_cadb6549_ad795773_135.pod5	97e1adcd-f787-49db-acfd-0db59d28e1d5	ad79577363ae350d286155344b9e1b0cb5f3459e	575	4	258259	22.3498	258259	22.3478	8453	29.7142	unclassified	chr10	45133499	45141895	38	8445	+	8416	8387	8378	20	9	9	60	0.994558	0.998927	0.995485	0
PBE65548_skip_cadb6549_ad795773_135.pod5	14d0a385-7f51-4787-a0f3-1dcb83de3626	ad79577363ae350d286155344b9e1b0cb5f3459e	1719	3	258240	25.7456	258240	25.7436	10929	22.8671	unclassified	chr1	44243969	44254856	35	10923	+	10917	10858	10828	30	29	30	60	0.996248	0.997237	0.991848	0
PBE65548_skip_cadb6549_ad795773_135.pod5	e04973f7-1d7c-49af-860d-38038e7e3e66	ad79577363ae350d286155344b9e1b0cb5f3459e	1781	1	258404	5.2224	258404	5.2204	1157	3.3979	unclassified	*	-1	-1	-1	-1	*	0	0	0	0	0	0	0	0	0	0	0
PBE65548_skip_cadb6549_ad795773_135.pod5	a773b0ce-606e-40cc-8bf1-1a8d551578e2	ad79577363ae350d286155344b9e1b0cb5f3459e	986	1	258183	77.1536	258183	77.1516	15825	10.1003	unclassified	chr4	135249938	135265849	31	15800	-	16435	15245	14446	524	666	799	60	0.996461	0.947589	0.878978	0
PBE65548_skip_cadb6549_ad795773_135.pod5	25df27c2-d920-4c3f-bde1-a285510b4cb0	ad79577363ae350d286155344b9e1b0cb5f3459e	385	3	258151	85.7936	258152	85.6488	31240	26.7868	unclassified	chr20	63014438	63044823	0	31232	+	31342	30275	30113	957	110	162	60	0.999744	0.994649	0.960787	0
PBE65548_skip_cadb6549_ad795773_135.pod5	15314ab2-a4b8-4433-8e96-3d7f0b0c0782	ad79577363ae350d286155344b9e1b0cb5f3459e	728	4	258346	33.2612	258346	33.1668	13916	24.0193	unclassified	chr2	121918819	121932741	3	13916	-	13941	13894	13869	19	28	25	60	0.999784	0.998201	0.994835	0
PBE65548_skip_cadb6549_ad795773_135.pod5	32c75ae7-b0d3-4c08-b6b1-4587edfd0111	ad79577363ae350d286155344b9e1b0cb5f3459e	2097	4	258374	25.742	258374	25.626	10074	25.8109	unclassified	chr11	45161989	45172064	7	10074	-	10087	10055	10042	12	20	13	60	0.999305	0.998707	0.995539	0
PBE65548_skip_cadb6549_ad795773_135.pod5	b9c1968e-eabf-446d-892e-66ca1e12790a	ad79577363ae350d286155344b9e1b0cb5f3459e	2591	1	258388	12.962	258389	12.8508	4984	29.862	unclassified	chr6	81836517	81841486	0	4978	+	4979	4968	4962	10	1	6	60	0.998796	0.998792	0.996586	0
PBE65548_skip_cadb6549_ad795773_135.pod5	df45f6ba-a80a-4bd0-8414-7bfcf7f46d6e	ad79577363ae350d286155344b9e1b0cb5f3459e	2384	2	258375	15.1214	258375	15.1194	7342	15.2285	unclassified	chr9	62117458	62124862	57	7336	+	7452	7231	7103	48	173	128	22	0.991419	0.982298	0.953167	0
PBE65548_skip_cadb6549_ad795773_135.pod5	91fc876a-b64d-485b-b0ff-208a3ef70036	ad79577363ae350d286155344b9e1b0cb5f3459e	2591	1	258364	23.318	258364	23.0856	8983	26.718	unclassified	chr9	74169755	74178741	0	8977	+	8996	8967	8950	10	19	17	60	0.999332	0.998104	0.994887	0
PBE65548_skip_cadb6549_ad795773_135.pod5	04d1c855-1d17-4609-b057-0e045b1a8150	ad79577363ae350d286155344b9e1b0cb5f3459e	1356	1	258243	87.6452	258243	87.6432	30866	23.205	unclassified	chr5	83027739	83058578	38	30861	+	30901	30761	30691	62	78	70	60	0.998607	0.997724	0.993204	0
PBE65548_skip_cadb6549_ad795773_135.pod5	c9afdfc2-9209-43b0-b723-357894879a52	ad79577363ae350d286155344b9e1b0cb5f3459e	1868	4	258106	104.038	258106	104.036	42834	20.7387	unclassified	chr17	19010406	19053018	272	42828	+	42697	42471	42328	85	141	143	60	0.99351	0.996633	0.991358	0
PBE65548_skip_cadb6549_ad795773_135.pod5	79283485-de85-414f-9045-f49accc38eaf	ad79577363ae350d286155344b9e1b0cb5f3459e	728	4	258292	43.9184	258292	43.7328	15219	29.0041	unclassified	chrY	11313551	11328987	55	15212	-	15877	14716	12705	441	720	2011	1	0.995926	0.863346	0.800214	0
PBE65548_skip_cadb6549_ad795773_135.pod5	e0e26eb6-c4ee-4fde-8d4b-d78de1a026f7	ad79577363ae350d286155344b9e1b0cb5f3459e	1812	3	258312	38.9888	258312	38.9868	12598	18.1267	unclassified	chr16	18554104	18565695	804	12567	-	11797	11557	11540	206	34	17	60	0.93372	0.998529	0.978215	0
PBE65548_skip_cadb6549_ad795773_135.pod5	90e55a29-4936-4424-8f51-1538c10f923c	ad79577363ae350d286155344b9e1b0cb5f3459e	1356	1	258333	44.3504	258334	44.1168	14617	24.3646	unclassified	chr13	40792242	40806863	6	14617	-	14644	14588	14540	23	33	48	60	0.99959	0.99671	0.992898	0
PBE65548_skip_cadb6549_ad795773_135.pod5	97a065f2-f452-4bfb-98fa-71b2f34c831d	ad79577363ae350d286155344b9e1b0cb5f3459e	2591	1	258309	53.546	258309	53.4108	20203	27.2697	unclassified	chr16	24067507	24087687	0	20196	+	20211	20165	20148	31	15	17	60	0.999654	0.999157	0.996883	0
PBE65548_skip_cadb6549_ad795773_135.pod5	1812e67d-e2c4-47aa-a88e-9018e13a0aef	ad79577363ae350d286155344b9e1b0cb5f3459e	787	4	258367	35.144	258367	34.7904	10674	33.0752	unclassified	chr13	33420508	33431176	6	10674	-	10672	10664	10662	4	4	2	60	0.999438	0.999812	0.999063	0
PBE65548_skip_cadb6549_ad795773_135.pod5	773a9389-38ad-4749-842e-90f8e6ce1da3	ad79577363ae350d286155344b9e1b0cb5f3459e	1781	1	258571	2.6564	258571	2.6544	685	3.07052	unclassified	*	-1	-1	-1	-1	*	0	0	0	0	0	0	0	0	0	0	0
PBE65548_skip_cadb6549_ad795773_135.pod5	a262c1bb-0b0e-47c0-bf38-eb46339e676c	ad79577363ae350d286155344b9e1b0cb5f3459e	385	3	258316	54.5228	258316	54.3372	20606	26.8003	unclassified	chr18	12291620	12312219	0	20597	+	20652	20544	20478	53	55	66	60	0.999563	0.996787	0.991575	0
PBE65548_skip_cadb6549_ad795773_135.pod5	cb045fcc-0954-4498-9c1c-b511c14c5995	ad79577363ae350d286155344b9e1b0cb5f3459e	1703	1	258117	29.4916	258117	29.4896	10082	12.5104	unclassified	chr5	163920190	163930266	32	10062	+	10249	9857	9522	173	219	335	60	0.994842	0.966014	0.929066	0
PBE65548_skip_cadb6549_ad795773_135.pod5	74b3d3f5-6993-4f12-b1f4-a40a6e4f5ed0	ad79577363ae350d286155344b9e1b0cb5f3459e	683	3	258346	47.0156	258346	46.8396	15805	28.7126	unclassified	chr9	128756488	128772293	7	15805	-	15822	15781	15769	17	24	12	60	0.999557	0.99924	0.99665	0
PBE65548_skip_cadb6549_ad795773_135.pod5	f0b48b36-c947-4759-a4b2-ee662dc80c66	ad79577363ae350d286155344b9e1b0cb5f3459e	2161	1	258756	4.5684	258756	4.5664	1008	2.47656	unclassified	*	-1	-1	-1	-1	*	0	0	0	0	0	0	0	0	0	0	0
PBE65548_skip_cadb6549_ad795773_135.pod5	4b2147e7-b457-41e9-b630-4c5f556f0840	ad79577363ae350d286155344b9e1b0cb5f3459e	1277	4	258535	8.717	258535	8.715	1921	2.27596	unclassified	*	-1	-1	-1	-1	*	0	0	0	0	0	0	0	0	0	0	0
PBE65548_skip_cadb6549_ad795773_135.pod5	301379c8-5154-4f5b-9c32-4f8fa3d3f185	ad79577363ae350d286155344b9e1b0cb5f3459e	1430	1	258330	56.3132	258330	56.1864	15994	31.6847	unclassified	chr1	176847798	176863781	0	15987	+	15992	15978	15956	9	5	22	60	0.999562	0.998623	0.997749	0
PBE65548_skip_cadb6549_ad795773_135.pod5	7a472e90-7ed1-47f2-80ab-1ae78e967bdc	ad79577363ae350d286155344b9e1b0cb5f3459e	2097	4	258545	1.6314	258545	1.6294	461	3.03078	unclassified	*	-1	-1	-1	-1	*	0	0	0	0	0	0	0	0	0	0	0
PBE65548_skip_cadb6549_ad795773_135.pod5	241168ed-7101-4fe8-8211-0c541a9746bc	ad79577363ae350d286155344b9e1b0cb5f3459e	795	4	258578	4.7576	258578	4.5936	1788	29.7322	unclassified	chr8	54312794	54314575	0	1781	+	1783	1779	1777	2	2	2	60	0.996085	0.998876	0.996635	0
PBE65548_skip_cadb6549_ad795773_135.pod5	ad7695df-8e50-4b87-9a36-7a62af055634	ad79577363ae350d286155344b9e1b0cb5f3459e	1868	4	258574	2.63	258574	2.508	988	23.9649	unclassified	chr21	30458930	30459827	1	898	+	899	895	893	2	2	2	60	0.907895	0.997765	0.993326	0
PBE65548_skip_cadb6549_ad795773_135.pod5	fb674e8c-7b7d-4876-8d31-54d2ad60e4ea	ad79577363ae350d286155344b9e1b0cb5f3459e	1820	2	258545	9.7948	258545	9.7928	3700	33.6018	unclassified	chr18	31368021	31371700	7	3690	-	3684	3678	3672	5	1	6	60	0.995405	0.998369	0.996743	0
PBE65548_skip_cadb6549_ad795773_135.pod5	6c9b585e-f35e-484e-8cf9-b3574f04c298	ad79577363ae350d286155344b9e1b0cb5f3459e	385	3	258237	78.7436	258238	78.6252	31106	24.6004	unclassified	chr20	63014523	63044823	0	31106	-	31244	30162	29978	944	138	184	60	1	0.9939	0.95948	0
PBE65548_skip_cadb6549_ad795773_135.pod5	5bb3018f-a6a3-46ce-aef5-6a1dd5ac3903	ad79577363ae350d286155344b9e1b0cb5f3459e	2384	2	258555	9.9638	258555	9.9618	4005	27.402	unclassified	chr6	84478055	84482014	29	3993	+	3966	3957	3940	7	2	17	60	0.989763	0.995704	0.993444	0
PBE65548_skip_cadb6549_ad795773_135.pod5	459fcd57-a405-428a-b4bc-2625bc149cba	ad79577363ae350d286155344b9e1b0cb5f3459e	77	4	258217	99.8564	258217	99.8544	35006	11.4593	unclassified	chr9	127520843	127556234	39	34999	+	36162	34189	32799	771	1202	1390	60	0.998686	0.959344	0.907002	0
PBE65548_skip_cadb6549_ad795773_135.pod5	9a796a99-de3d-457a-9d6d-a69514acc9f2	ad79577363ae350d286155344b9e1b0cb5f3459e	2931	4	258266	65.8448	258267	65.7336	26891	25.8355	unclassified	chr1	215879195	215906095	6	26891	-	26915	26870	26823	15	30	47	60	0.999777	0.998251	0.996582	0
PBE65548_skip_cadb6549_ad795773_135.pod5	47bc53f6-d363-475d-bbeb-ae08caa60904	ad79577363ae350d286155344b9e1b0cb5f3459e	1606	2	258763	6.4448	258763	6.3264	2738	26.2847	unclassified	chr5	34462775	34465509	0	2729	+	2736	2727	2709	2	7	18	60	0.996713	0.993399	0.990132	0
PBE65548_skip_cadb6549_ad795773_135.pod5	b1ad7ba6-b3c0-449f-82f7-64d74c69dd01	ad79577363ae350d286155344b9e1b0cb5f3459e	57	2	258328	15.5492	258328	15.4212	6501	28.0241	unclassified	chr3	39336733	39343204	0	6501	+	6505	6467	6453	34	4	14	60	1	0.997835	0.992006	0
PBE65548_skip_cadb6549_ad795773_135.pod5	4d991438-308b-44e2-a6fd-0d67a1631db3	ad79577363ae350d286155344b9e1b0cb5f3459e	2882	2	258540	4.8016	258540	4.7996	1417	4.26677	unclassified	*	-1	-1	-1	-1	*	0	0	0	0	0	0	0	0	0	0	0
PBE65548_skip_cadb6549_ad795773_135.pod5	e341f5fd-49b0-442e-8503-d760bab5d009	ad79577363ae350d286155344b9e1b0cb5f3459e	2591	1	258539	10.7156	258539	10.6224	4687	22.8918	unclassified	chr6	84417294	84421965	0	4678	+	4694	4655	4640	23	16	15	60	0.99808	0.996778	0.988496	0
PBE65548_skip_cadb6549_ad795773_135.pod5	0f60a532-3ba7-42c7-9ea9-ded71b3a5825	ad79577363ae350d286155344b9e1b0cb5f3459e	575	4	258313	67.6454	258313	67.6434	25648	31.3068	unclassified	chr8	45934725	45959008	28	25643	+	25640	24258	24041	1357	25	217	32	0.998713	0.991054	0.937636	0
PBE65548_skip_cadb6549_ad795773_135.pod5	0c9177af-b302-4dd5-a48c-92f785c3004a	ad79577363ae350d286155344b9e1b0cb5f3459e	2931	4	258561	1.844	258561	1.6968	594	27.9662	unclassified	chr2	138585588	138586170	12	594	-	582	582	582	0	0	0	60	0.979798	1	1	0
PBE65548_skip_cadb6549_ad795773_135.pod5	b8244233-e29f-4fed-bc0c-c2f986c33d1c	ad79577363ae350d286155344b9e1b0cb5f3459e	2591	1	258528	11.5976	258528	11.4624	4686	27.0011	unclassified	chr6	84417294	84421964	9	4686	-	4680	4667	4659	10	3	8	60	0.998079	0.998286	0.995513	0
PBE65548_skip_cadb6549_ad795773_135.pod5	e010f643-5ad1-4aa0-ab01-d3f3aa517038	ad79577363ae350d286155344b9e1b0cb5f3459e	2162	3	258523	18.32	258523	18.0696	6334	20.3836	unclassified	chr2	227266814	227273169	0	6334	-	6377	6312	6278	22	43	34	60	1	0.994613	0.984475	0
PBE65548_skip_cadb6549_ad795773_135.pod5	cdb256db-8ef9-4222-9a35-512bd5f0552c	ad79577363ae350d286155344b9e1b0cb5f3459e	1703	1	257997	116.925	257997	116.923	36722	14.5769	unclassified	chr18	71551509	71588131	8	36693	-	37201	36106	35372	579	516	734	60	0.998992	0.979671	0.950835	0
PBE65548_skip_cadb6549_ad795773_135.pod5	7d85267c-03d5-4eeb-b2b1-5ff76208c58e	ad79577363ae350d286155344b9e1b0cb5f3459e	2844	4	258503	35.1992	258503	34.938	15526	25.7617	unclassified	chr11	111290350	111305890	1	15520	+	15558	15501	15469	18	39	32	60	0.999549	0.997936	0.994279	0
PBE65548_skip_cadb6549_ad795773_135.pod5	d106d7db-8db0-42e6-880c-f4fcce0e1e88	ad79577363ae350d286155344b9e1b0cb5f3459e	795	4	258237	109.638	258237	109.53	41411	22.3112	unclassified	chr13	83099353	83140681	6	41411	-	41510	41223	41020	182	105	203	60	0.999855	0.995076	0.988196	0
PBE65548_skip_cadb6549_ad795773_135.pod5	e80fb50f-1730-4217-9fa4-95e09992e2fe	ad79577363ae350d286155344b9e1b0cb5f3459e	1832	3	258541	21.1168	258541	21.1148	9183	25.1228	unclassified	chr1	16397357	16406503	9	9154	-	9161	9130	9112	15	16	18	60	0.995862	0.998028	0.994651	0
PBE65548_skip_cadb6549_ad795773_135.pod5	888a020f-877c-4109-9480-cec4ad645a01	ad79577363ae350d286155344b9e1b0cb5f3459e	708	1	258522	27.6584	258522	27.4752	10286	10.666	unclassified	chr8	32408333	32416837	1801	10286	-	8516	8473	8465	12	31	8	60	0.824908	0.999056	0.994011	0
PBE65548_skip_cadb6549_ad795773_135.pod5	875a03c9-9975-4893-957d-60f78a96ec22	ad79577363ae350d286155344b9e1b0cb5f3459e	1868	4	258279	13.1588	258279	12.9156	2931	30.2582	unclassified	chr6	67370535	67373465	1	2931	-	2930	2930	2930	0	0	0	60	0.999659	1	1	0
PBE65548_skip_cadb6549_ad795773_135.pod5	9ea550b7-ebb5-434d-b825-73a8e7ec0008	ad79577363ae350d286155344b9e1b0cb5f3459e	2591	1	258240	23.0336	258240	22.8096	10308	21.2506	unclassified	chr13	34113646	34123968	0	10302	+	10352	10272	10227	30	50	45	60	0.999418	0.995619	0.987925	0
PBE65548_skip_cadb6549_ad795773_135.pod5	7ab4c4bd-daf1-46f1-b42b-f9328b4238ff	ad79577363ae350d286155344b9e1b0cb5f3459e	57	2	258267	24.6164	258267	24.4764	9456	24.3324	unclassified	chr18	23207202	23216646	0	9449	+	9479	9414	9394	35	30	20	60	0.99926	0.997876	0.991033	0
PBE65548_skip_cadb6549_ad795773_135.pod5	dd6e970a-cb77-46ff-925a-9d5f597c14d3	ad79577363ae350d286155344b9e1b0cb5f3459e	2931	4	258524	37.4216	258524	37.2744	14787	31.3189	unclassified	chr21	15561296	15576057	5	14787	-	14791	14752	14715	30	9	37	60	0.999662	0.997492	0.994862	0
PBE65548_skip_cadb6549_ad795773_135.pod5	38843e8c-e9d9-46c0-bf0e-c851d00018bb	ad79577363ae350d286155344b9e1b0cb5f3459e	1832	3	258518	22.9544	258518	22.8576	9154	28.1401	unclassified	chr1	16397357	16406503	0	9149	+	9162	9133	9116	16	13	17	60	0.999454	0.998139	0.994979	0
PBE65548_skip_cadb6549_ad795773_135.pod5	a7626fff-3d3a-4db4-8108-629a4b81a177	ad79577363ae350d286155344b9e1b0cb5f3459e	1781	1	258563	7.9384	258563	7.9364	1770	3.47967	unclassified	*	-1	-1	-1	-1	*	0	0	0	0	0	0	0	0	0	0	0
PBE65548_skip_cadb6549_ad795773_135.pod5	8b133b36-4c87-4bab-a69c-baece5ab38b0	ad79577363ae350d286155344b9e1b0cb5f3459e	1832	3	258348	64.0088	258349	63.9216	25122	25.3145	unclassified	chrX	12272186	12297238	7	25122	-	25149	25018	24977	97	34	41	60	0.999721	0.998361	0.993161	0
PBE65548_skip_cadb6549_ad795773_135.pod5	e14f8e3c-29b9-4db6-8792-1f16c663f864	ad79577363ae350d286155344b9e1b0cb5f3459e	2097	4	258572	2.4536	258572	2.3424	1008	30.8428	unclassified	chr9	105799107	105800115	0	1008	-	1008	1008	1005	0	0	3	60	1	0.997024	0.997024	0
PBE65548_skip_cadb6549_ad795773_135.pod5	dd1da864-5fe6-4f06-b38b-5025c1e4dcf3	ad79577363ae350d286155344b9e1b0cb5f3459e	795	4	258347	46.3996	258347	46.3976	20913	34.007	unclassified	chr4	49107799	49112601	16558	20877	+	4927	4194	3637	125	608	557	9	0.206522	0.867191	0.738177	0
PBE65548_skip_cadb6549_ad795773_135.pod5	4b167e5e-0465-40a8-a60d-4c34ccd330ec	ad79577363ae350d286155344b9e1b0cb5f3459e	936	3	258566	7.4432	258566	7.3056	3420	15.9969	unclassified	chr3	94570259	94573691	6	3420	-	3470	3376	3339	38	56	37	60	0.998246	0.98904	0.962248	0
PBE65548_skip_cadb6549_ad795773_135.pod5	5e48261b-c6a6-4b51-b8b0-d49c8eba68f9	ad79577363ae350d286155344b9e1b0cb5f3459e	2844	4	258542	20.1956	258542	20.1084	9721	26.2579	unclassified	chr5	79515101	79524836	0	9714	+	9746	9703	9688	11	32	15	60	0.99928	0.998454	0.994049	0
PBE65548_skip_cadb6549_ad795773_135.pod5	69cbcbd3-7d0c-47ba-9599-7bb49ae09fa7	ad79577363ae350d286155344b9e1b0cb5f3459e	1781	1	258594	1.4846	258594	1.4826	358	3.82676	unclassified	*	-1	-1	-1	-1	*	0	0	0	0	0	0	0	0	0	0	0
PBE65548_skip_cadb6549_ad795773_135.pod5	c17c26c5-b30f-4a47-a473-83ce7311a96d	ad79577363ae350d286155344b9e1b0cb5f3459e	1343	1	258511	40.682	258511	40.5732	13623	19.5959	unclassified	chr16	74622924	74636557	2	13616	+	13694	13553	13464	61	80	89	60	0.999339	0.993433	0.983204	0
PBE65548_skip_cadb6549_ad795773_135.pod5	ad3ea113-c3bf-429b-882d-cfcbbb321ee5	ad79577363ae350d286155344b9e1b0cb5f3459e	1820	2	258486	44.3864	258486	44.2812	18722	28.1316	unclassified	chr8	78250221	78268954	0	18722	-	18746	18709	18686	13	24	23	60	1	0.998771	0.996799	0
PBE65548_skip_cadb6549_ad795773_135.pod5	0addebee-c5b8-46f1-9859-ead475187c12	ad79577363ae350d286155344b9e1b0cb5f3459e	1781	1	258587	6.2848	258587	6.2828	1371	3.5492	unclassified	*	-1	-1	-1	-1	*	0	0	0	0	0	0	0	0	0	0	0
PBE65548_skip_cadb6549_ad795773_135.pod5	cf6ad013-bb7d-4c31-9d2c-6a66ad4d9c86	ad79577363ae350d286155344b9e1b0cb5f3459e	2931	4	258567	11.276	258567	11.1744	4750	26.3662	unclassified	chr3	128324044	128328785	7	4750	-	4747	4737	4736	6	4	1	60	0.998526	0.999789	0.997683	0
PBE65548_skip_cadb6549_ad795773_135.pod5	43ec36a9-6216-4fa0-ab76-0448405969f8	ad79577363ae350d286155344b9e1b0cb5f3459e	385	3	258583	11.6564	258583	11.4804	4403	27.231	unclassified	chr9	14917205	14921612	0	4403	-	4408	4402	4396	1	5	6	60	1	0.998637	0.997278	0
PBE65548_skip_cadb6549_ad795773_135.pod5	9931345d-48be-4d25-be0f-fa17706948f1	ad79577363ae350d286155344b9e1b0cb5f3459e	2884	4	258581	8.7968	258581	8.7948	2168	2.89522	unclassified	*	-1	-1	-1	-1	*	0	0	0	0	0	0	0	0	0	0	0
PBE65548_skip_cadb6549_ad795773_135.pod5	cb776d20-d6ff-46fe-978d-922dd470ffa1	ad79577363ae350d286155344b9e1b0cb5f3459e	936	3	257671	101.173	257671	101.033	36115	25.4118	unclassified	chr4	38119421	38155521	0	36112	+	36167	36045	35962	67	55	83	60	0.999917	0.997697	0.994332	0
PBE65548_skip_cadb6549_ad795773_135.pod5	81a577e1-94e6-4c6f-9bab-b9957649c385	ad79577363ae350d286155344b9e1b0cb5f3459e	986	1	258445	93.836	258445	93.834	19154	9.49267	unclassified	chr4	135193471	135212724	7	19131	-	20005	18372	17253	752	881	1119	60	0.998434	0.939092	0.862434	0
PBE65548_skip_cadb6549_ad795773_135.pod5	4abc478b-ff22-4ea4-9c51-d4b00e81a29d	ad79577363ae350d286155344b9e1b0cb5f3459e	936	3	258523	38.3024	258524	38.1672	13992	27.5126	unclassified	chr10	124918756	124932782	0	13985	+	14050	13961	13943	24	65	18	60	0.9995	0.998711	0.992384	0
PBE65548_skip_cadb6549_ad795773_135.pod5	30c0a801-87ef-4b15-a89a-1b7c5a37c480	ad79577363ae350d286155344b9e1b0cb5f3459e	575	4	258439	87.632	258439	87.51	32975	30.3545	unclassified	chr1	159363551	159396513	0	32969	+	32991	32940	32928	29	22	12	60	0.999818	0.999636	0.99809	0
PBE65548_skip_cadb6549_ad795773_135.pod5	75a383c1-7e2a-4038-95f0-2befd71de559	ad79577363ae350d286155344b9e1b0cb5f3459e	2916	2	258530	55.8448	258530	55.8428	22000	25.0577	unclassified	chr3	25295863	25317815	6	21966	-	22011	21901	21867	59	51	34	60	0.998182	0.998448	0.993458	0
PBE65548_skip_cadb6549_ad795773_135.pod5	5622d2d6-45c4-4293-aa3f-c753e8dd0907	ad79577363ae350d286155344b9e1b0cb5f3459e	1098	3	258597	10.8082	258597	10.8062	2543	3.99414	unclassified	*	-1	-1	-1	-1	*	0	0	0	0	0	0	0	0	0	0	0
PBE65548_skip_cadb6549_ad795773_135.pod5	0b02aef8-db22-49be-b7a1-20cd1a706f64	ad79577363ae350d286155344b9e1b0cb5f3459e	385	3	258552	30.6284	258552	30.4308	10693	26.5589	unclassified	chr19	38197565	38208246	0	10686	+	10710	10657	10636	29	24	21	60	0.999345	0.998029	0.993091	0
PBE65548_skip_cadb6549_ad795773_135.pod5	8f5464df-bd9b-43c0-ad7b-037bb576d21e	ad79577363ae350d286155344b9e1b0cb5f3459e	2097	4	258582	14.1284	258583	13.9572	5531	29.8726	unclassified	chr10	85523565	85529095	0	5530	+	5534	5526	5518	4	4	8	60	0.999819	0.998552	0.997109	0
PBE65548_skip_cadb6549_ad795773_135.pod5	ae1b5cf3-0b04-4979-8fb6-77a848f177d7	ad79577363ae350d286155344b9e1b0cb5f3459e	1832	3	258566	27.8444	258566	27.5436	9157	11.4024	unclassified	chr1	152205826	152213544	0	7714	+	7725	7707	7684	7	11	23	60	0.842416	0.997016	0.994693	0
PBE65548_skip_cadb6549_ad795773_135.pod5	0e82b992-1590-4be2-a2d0-ff5a52ca358a	ad79577363ae350d286155344b9e1b0cb5f3459e	1606	2	258525	45.842	258526	45.6852	18368	27.3396	unclassified	chr8	72558123	72576522	0	18368	-	18419	18348	18327	20	51	21	60	1	0.998855	0.995005	0
PBE65548_skip_cadb6549_ad795773_135.pod5	621965f4-f152-498e-ad92-bdf94eaebd88	ad79577363ae350d286155344b9e1b0cb5f3459e	1356	1	258561	30.3272	258561	30.1896	9513	22.5548	unclassified	chr11	1531623	1537910	9	6296	-	6302	6272	6233	15	15	39	60	0.660885	0.993782	0.989051	0
PBE65548_skip_cadb6549_ad795773_135.pod5	22389778-29e9-4e30-a953-527c829a685d	ad79577363ae350d286155344b9e1b0cb5f3459e	1868	4	258577	38.8016	258577	38.6304	8646	20.5259	unclassified	chr21	13109247	13117856	5	8643	+	8660	8587	8553	51	22	34	60	0.999075	0.996041	0.987644	0
PBE65548_skip_cadb6549_ad795773_135.pod5	75d04cb5-4910-49bf-b6c2-17229ced5612	ad79577363ae350d286155344b9e1b0cb5f3459e	2591	1	258615	8.2124	258615	8.1108	3212	26.4472	unclassified	chr13	97711044	97714260	2	3204	+	3217	3201	3199	1	15	2	60	0.996887	0.999375	0.994405	0
PBE65548_skip_cadb6549_ad795773_135.pod5	6c6b3fac-7b36-486b-8076-30dd524cd3bc	ad79577363ae350d286155344b9e1b0cb5f3459e	2931	4	258580	37.3712	258580	37.2768	15651	28.9339	unclassified	chr7	57917349	57932970	5	15651	-	15671	15596	15547	50	25	49	60	0.999681	0.996858	0.992087	0
PBE65548_skip_cadb6549_ad795773_135.pod5	717cb360-bd70-4e90-a468-62e1c196e722	ad79577363ae350d286155344b9e1b0cb5f3459e	413	4	258527	45.5624	258528	45.372	12501	27.5615	unclassified	chr9	446968	459483	0	12492	+	12536	12471	12427	21	44	44	60	0.99928	0.996472	0.991305	0
PBE65548_skip_cadb6549_ad795773_135.pod5	59f29450-2f79-4bf6-84df-deb9ae6af38c	ad79577363ae350d286155344b9e1b0cb5f3459e	2162	3	258611	9.74	258611	9.5592	3354	16.3022	unclassified	chr20	60404655	60408019	0	3354	+	3387	3331	3297	23	33	34	60	1	0.989793	0.973428	0
PBE65548_skip_cadb6549_ad795773_135.pod5	a0fdda71-9294-48e7-813b-d36a606e105c	ad79577363ae350d286155344b9e1b0cb5f3459e	1606	2	258579	22.8692	258579	22.752	9204	27.9272	unclassified	chr12	39837679	39846873	6	9204	-	9207	9185	9170	13	9	15	60	0.999348	0.998367	0.995981	0
PBE65548_skip_cadb6549_ad795773_135.pod5	37962231-bc0b-4abe-bcca-e0804410f6c4	ad79577363ae350d286155344b9e1b0cb5f3459e	1925	1	258548	26.817	258548	26.815	7104	31.2893	unclassified	chr18	17598793	17605861	5	7073	-	7068	7068	7000	0	0	68	1	0.994932	0.990379	0.990379	0
PBE65548_skip_cadb6549_ad795773_135.pod5	e508c63b-cf06-4c4e-ac00-d7fd82d7ad00	ad79577363ae350d286155344b9e1b0cb5f3459e	2591	1	258624	12.113	258624	12.111	4401	25.722	unclassified	chr17	65398830	65403183	8	4366	-	4366	4345	4333	13	8	12	60	0.990229	0.997238	0.992442	0
PBE65548_skip_cadb6549_ad795773_135.pod5	a944df54-8b6e-46b0-a232-5b5f2ff32bd4	ad79577363ae350d286155344b9e1b0cb5f3459e	795	4	258497	69.5192	258497	69.4176	27245	20.9547	unclassified	chr8	136514753	136541997	0	27238	+	27350	27132	27009	106	112	123	60	0.999743	0.995467	0.987532	0
PBE65548_skip_cadb6549_ad795773_135.pod5	fc2860e2-9776-4f81-979a-65f217343f38	ad79577363ae350d286155344b9e1b0cb5f3459e	413	4	258577	31.7192	258577	31.6284	12873	24.5745	unclassified	chr2	94197299	94210197	0	12862	+	12921	12839	12823	23	59	16	60	0.999146	0.998754	0.992415	0
PBE65548_skip_cadb6549_ad795773_135.pod5	1f58baf8-1e12-48d7-8e8a-e5f42bf322a6	ad79577363ae350d286155344b9e1b0cb5f3459e	2162	3	258630	14.5628	258631	14.3652	4534	22.1658	unclassified	chr9	39893717	39898560	4	4534	-	4861	4512	4474	18	331	38	1	0.999118	0.991578	0.920387	0
PBE65548_skip_cadb6549_ad795773_135.pod5	1e7fcd60-ac9d-4eaf-983e-7c15f1f6a279	ad79577363ae350d286155344b9e1b0cb5f3459e	1430	1	258594	31.2224	258594	31.0824	8868	36.3122	unclassified	chr4	105328150	105337002	0	8859	+	8860	8851	8834	8	1	17	60	0.998985	0.998079	0.997065	0
PBE65548_skip_cadb6549_ad795773_135.pod5	27d81f55-79a2-4518-af5d-110df818e529	ad79577363ae350d286155344b9e1b0cb5f3459e	1277	4	258653	5.2	258653	5.198	1338	2.35264	unclassified	*	-1	-1	-1	-1	*	0	0	0	0	0	0	0	0	0	0	0
PBE65548_skip_cadb6549_ad795773_135.pod5	3f0ddab3-326b-422b-b34d-54baef5d031d	ad79577363ae350d286155344b9e1b0cb5f3459e	986	1	258539	40.0066	258539	40.0046	12405	20.6492	unclassified	chr4	49138086	49150779	35	12398	+	13274	11782	10119	581	911	1663	1	0.996614	0.858853	0.762317	0
PBE65548_skip_cadb6549_ad795773_135.pod5	3d2d0d34-01f0-4915-8791-be787a3296e5	ad79577363ae350d286155344b9e1b0cb5f3459e	1868	4	258519	54.8612	258519	54.7296	21047	25.5883	unclassified	chr8	111752926	111773980	7	21047	-	21079	21015	20978	25	39	37	60	0.999667	0.998239	0.995209	0
PBE65548_skip_cadb6549_ad795773_135.pod5	85c5b7e2-5b93-44d9-8155-b8ee72c16d0e	ad79577363ae350d286155344b9e1b0cb5f3459e	728	4	258258	17.4368	258258	17.4348	7982	23.2326	unclassified	chr8	136983609	136991572	38	7982	+	7985	7922	7887	22	41	35	60	0.995239	0.995582	0.987727	0
PBE65548_skip_cadb6549_ad795773_135.pod5	2a400fa2-84e8-4bef-950d-ceec3ca65389	ad79577363ae350d286155344b9e1b0cb5f3459e	1925	1	258218	45.2924	258219	44.9844	14430	28.1273	unclassified	chr10	4876327	4890728	0	14421	+	14426	14396	14351	25	5	45	60	0.999376	0.996874	0.994801	0
PBE65548_skip_cadb6549_ad795773_135.pod5	4f24be20-1fe1-4f78-ae0a-9d5b3b2679b7	ad79577363ae350d286155344b9e1b0cb5f3459e	787	4	258224	41.1584	258225	41.0592	14175	27.9176	unclassified	chr2	204136229	204150418	0	14175	-	14200	14164	14156	11	25	8	60	1	0.999435	0.996901	0
PBE65548_skip_cadb6549_ad795773_135.pod5	ef0bccb0-2bc4-4675-a97c-37ccad3f563a	ad79577363ae350d286155344b9e1b0cb5f3459e	1820	2	258168	81.866	258168	81.7788	31522	28.8597	unclassified	chr6	140271326	140302848	0	31513	+	31547	31488	31462	25	34	26	60	0.999714	0.999174	0.997306	0
PBE65548_skip_cadb6549_ad795773_135.pod5	266172a1-34d1-4dac-9e3e-254fc253ea7b	ad79577363ae350d286155344b9e1b0cb5f3459e	1356	1	258151	91.2188	258152	90.942	30840	22.9671	unclassified	chr5	83027739	83058576	7	30840	-	30911	30759	30677	74	78	82	60	0.999773	0.997334	0.99243	0
PBE65548_skip_cadb6549_ad795773_135.pod5	c98065b5-8e79-416d-a05d-ee75ccea9f50	ad79577363ae350d286155344b9e1b0cb5f3459e	1356	1	258474	54.1604	258474	54.1584	17691	22.2063	unclassified	chr6	155983946	156001602	38	17686	+	17710	17594	17509	54	62	85	60	0.997569	0.995169	0.988651	0
PBE65548_skip_cadb6549_ad795773_135.pod5	5d18832f-02b0-4826-a54e-95923dc61fa4	ad79577363ae350d286155344b9e1b0cb5f3459e	1925	1	258473	71.083	258473	71.081	16421	29.8341	unclassified	chr6	51405298	51421693	36	16421	+	16406	16374	16343	11	21	31	60	0.997808	0.998107	0.99616	0
PBE65548_skip_cadb6549_ad795773_135.pod5	0c807b3b-9f56-407a-8928-8cc4271ec580	ad79577363ae350d286155344b9e1b0cb5f3459e	1102	4	258471	64.5716	258471	64.4364	17874	28.6616	unclassified	chr2	198487373	198505213	0	17862	+	17869	17833	17809	29	7	24	60	0.999329	0.998654	0.996642	0
PBE65548_skip_cadb6549_ad795773_135.pod5	28bcbd8e-e195-40f4-813d-9888f8967b87	ad79577363ae350d286155344b9e1b0cb5f3459e	708	1	258559	7.7912	258560	7.5744	2777	34.2312	unclassified	chr2	130968121	130970888	7	2777	-	2771	2766	2763	4	1	3	60	0.997479	0.998915	0.997113	0
PBE65548_skip_cadb6549_ad795773_135.pod5	7928e0fd-54dc-47f8-9670-781172e0446b	ad79577363ae350d286155344b9e1b0cb5f3459e	2097	4	258554	16.1984	258554	16.0788	5998	29.6156	unclassified	chr12	124525016	124531007	7	5998	-	5997	5985	5979	6	6	6	60	0.998833	0.998998	0.996998	0
PBE65548_skip_cadb6549_ad795773_135.pod5	1ce43132-cfac-496c-9fae-55d8efd7c402	ad79577363ae350d286155344b9e1b0cb5f3459e	2097	4	258480	63.4196	258480	63.1104	23591	26.7502	unclassified	chr11	95251136	95274712	0	23582	+	23622	23536	23485	46	40	51	60	0.999618	0.997833	0.9942	0
PBE65548_skip_cadb6549_ad795773_135.pod5	d5a4a3f5-f61e-4466-9b53-eb58cf554a8d	ad79577363ae350d286155344b9e1b0cb5f3459e	1356	1	258533	24.7988	258533	24.6036	8415	26.6493	unclassified	chr7	145969447	145977854	6	8415	-	8417	8399	8393	10	8	6	60	0.999287	0.999286	0.997149	0
PBE65548_skip_cadb6549_ad795773_135.pod5	fe5fab4a-8f0e-4049-88e1-5f912f3810fc	ad79577363ae350d286155344b9e1b0cb5f3459e	57	2	258141	101.774	258141	101.488	36839	31.7355	unclassified	chr8	60487604	60524413	0	36832	+	36864	36777	36721	55	32	56	60	0.99981	0.998477	0.996121	0
PBE65548_skip_cadb6549_ad795773_135.pod5	88a94534-f24b-4b56-ae6c-5f7ea014690c	ad79577363ae350d286155344b9e1b0cb5f3459e	1356	1	258032	114.842	258032	114.84	36094	16.2787	unclassified	chr5	157161605	157195931	1714	36054	-	34408	34258	34174	82	68	84	60	0.951405	0.997548	0.993199	0
PBE65548_skip_cadb6549_ad795773_135.pod5	f5ff6dfa-4f3f-4f32-bc78-9301a159722d	ad79577363ae350d286155344b9e1b0cb5f3459e	2097	4	258270	59.822	258271	59.6916	24324	25.5689	unclassified	chr19	10418366	10442715	0	24317	+	24387	24279	24235	38	70	44	60	0.999712	0.998188	0.993767	0
PBE65548_skip_cadb6549_ad795773_135.pod5	cf2286d6-e819-451f-9335-6a11d601525d	ad79577363ae350d286155344b9e1b0cb5f3459e	57	2	258061	78.9944	258061	78.9144	31237	21.77	unclassified	chr5	68290686	68322096	0	31232	+	31480	31162	31046	70	248	116	60	0.99984	0.996278	0.986213	0
PBE65548_skip_cadb6549_ad795773_135.pod5	06543f2f-2da4-4511-a1c8-0a07ca2d7fba	ad79577363ae350d286155344b9e1b0cb5f3459e	1832	3	258702	1.7458	258702	1.7438	401	2.45033	unclassified	*	-1	-1	-1	-1	*	0	0	0	0	0	0	0	0	0	0	0
PBE65548_skip_cadb6549_ad795773_135.pod5	bf04cf45-dd46-4d75-a26d-e342442d8282	ad79577363ae350d286155344b9e1b0cb5f3459e	2844	4	258678	5.036	258678	4.884	2443	23.984	unclassified	chr6	74976981	74979413	0	2434	+	2438	2428	2426	6	4	2	60	0.996316	0.999176	0.995078	0
PBE65548_skip_cadb6549_ad795773_135.pod5	06250f63-1003-4964-9a52-327f946f7b11	ad79577363ae350d286155344b9e1b0cb5f3459e	708	1	258687	8.312	258687	8.1888	3793	22.5708	unclassified	chr21	30616570	30620371	6	3793	-	3806	3782	3774	5	19	8	60	0.998418	0.997885	0.991592	0
PBE65548_skip_cadb6549_ad795773_135.pod5	eefc436c-01b7-4d3c-b2d1-dee5197bfd61	ad79577363ae350d286155344b9e1b0cb5f3459e	2384	2	258442	112.404	258442	112.402	45390	27.6641	unclassified	chr13	109868207	109913587	4	45362	-	45437	45301	45186	57	79	115	60	0.999295	0.997461	0.994476	0
PBE65548_skip_cadb6549_ad795773_135.pod5	e295bdaf-b704-4f1a-8853-770b1e821b25	ad79577363ae350d286155344b9e1b0cb5f3459e	1430	1	258540	54.2612	258540	54.0564	15433	28.7877	unclassified	chr5	90100245	90115668	14	15433	-	15434	15408	15399	11	15	9	60	0.999093	0.999416	0.997732	0
PBE65548_skip_cadb6549_ad795773_135.pod5	1b9a55e4-44d0-477f-a717-5423a0f30cbd	ad79577363ae350d286155344b9e1b0cb5f3459e	1606	2	258602	27.3224	258602	27.1512	9938	26.7768	unclassified	chr2	130021795	130031731	6	9938	-	9953	9915	9875	17	21	40	60	0.999396	0.995966	0.992163	0
PBE65548_skip_cadb6549_ad795773_135.pod5	2fd791d4-c7d9-43e5-8d39-9a604d1af006	ad79577363ae350d286155344b9e1b0cb5f3459e	1932	1	258423	3.7756	258423	3.7736	956	2.13775	unclassified	*	-1	-1	-1	-1	*	0	0	0	0	0	0	0	0	0	0	0
PBE65548_skip_cadb6549_ad795773_135.pod5	38483cb6-423e-4efd-81dc-cdc738b289c7	ad79577363ae350d286155344b9e1b0cb5f3459e	1781	1	258417	9.3118	258417	9.3098	2196	3.07774	unclassified	*	-1	-1	-1	-1	*	0	0	0	0	0	0	0	0	0	0	0
PBE65548_skip_cadb6549_ad795773_135.pod5	6b8101e3-1fa8-4eea-85cf-e0ae25cc76d9	ad79577363ae350d286155344b9e1b0cb5f3459e	936	3	258651	5.7922	258651	5.7902	2105	40.6744	unclassified	chr17	21856778	21858682	29	2085	+	2108	1852	1572	204	52	280	1	0.976722	0.848812	0.745731	0
PBE65548_skip_cadb6549_ad795773_135.pod5	5cd3e7a9-9906-47d5-a47c-b8646d1ef77d	ad79577363ae350d286155344b9e1b0cb5f3459e	1102	4	258654	20.4236	258654	20.358	10532	21.2758	unclassified	chr13	88037269	88047881	2	10532	-	10631	10511	10472	19	101	39	60	0.99981	0.99629	0.985044	0
PBE65548_skip_cadb6549_ad795773_135.pod5	2a373064-40d5-4d4c-ba85-29e95798a23d	ad79577363ae350d286155344b9e1b0cb5f3459e	2097	4	258601	29.9372	258601	29.838	12544	29.1618	unclassified	chrX	445734	457790	0	12493	+	12593	11956	11878	537	100	78	60	0.995934	0.993476	0.943222	0
PBE65548_skip_cadb6549_ad795773_135.pod5	062e96bb-a472-49fd-ab71-53d46c1ce363	ad79577363ae350d286155344b9e1b0cb5f3459e	787	4	258402	18.4988	258402	18.384	7162	28.7649	unclassified	chr9	92056861	92064022	1	7157	+	7166	7151	7138	5	10	13	60	0.999162	0.998182	0.996093	0
PBE65548_skip_cadb6549_ad795773_135.pod5	1e2da3a9-0ff3-4218-a234-e2c4fa62d97d	ad79577363ae350d286155344b9e1b0cb5f3459e	1781	1	258429	2.6158	258429	2.6138	637	3.31042	unclassified	*	-1	-1	-1	-1	*	0	0	0	0	0	0	0	0	0	0	0
PBE65548_skip_cadb6549_ad795773_135.pod5	725122de-3f49-4592-a167-6b77e6f14995	ad79577363ae350d286155344b9e1b0cb5f3459e	2591	1	258569	44.9396	258569	44.826	18117	24.3059	unclassified	chr7	134699121	134717241	0	18111	+	18171	18060	18003	51	60	57	60	0.999669	0.996844	0.990754	0
PBE65548_skip_cadb6549_ad795773_135.pod5	f3e5a3a1-98dd-4cea-a7b9-1299b9d365eb	ad79577363ae350d286155344b9e1b0cb5f3459e	2844	4	258562	38.6324	258563	38.5464	16494	20.2085	unclassified	chr18	22175833	22192359	0	16489	+	16573	16442	16352	47	84	90	60	0.999697	0.994526	0.986665	0
PBE65548_skip_cadb6549_ad795773_135.pod5	6b362633-b770-4a3a-985b-52f69fb7d258	ad79577363ae350d286155344b9e1b0cb5f3459e	1102	4	258602	27.188	258602	27.0912	13011	26.1717	unclassified	chr4	150587581	150600604	7	13011	-	13034	12993	12974	11	30	19	60	0.999462	0.998538	0.995397	0
PBE65548_skip_cadb6549_ad795773_135.pod5	03be5e54-f3b7-42de-88bd-afbbed39ca45	ad79577363ae350d286155344b9e1b0cb5f3459e	1925	1	258266	41.025	258266	41.023	10246	25.9963	unclassified	chr8	45058125	45068319	40	10238	+	10217	10175	9966	23	19	209	1	0.995315	0.979459	0.975433	0
PBE65548_skip_cadb6549_ad795773_135.pod5	0dde1599-3e9e-47f5-80b9-e99d1728aa5f	ad79577363ae350d286155344b9e1b0cb5f3459e	683	3	258395	31.0232	258396	30.8856	10793	27.2644	unclassified	chr4	162717529	162728309	12	10793	-	10800	10761	10746	20	19	15	60	0.998888	0.998606	0.995	0
PBE65548_skip_cadb6549_ad795773_135.pod5	6f0aeff1-0d31-4b9b-8b7a-3e2c38dcbf2d	ad79577363ae350d286155344b9e1b0cb5f3459e	936	3	258574	48.9714	258574	48.9694	17809	30.3227	unclassified	chr17	41301601	41319364	6	17780	-	17794	17743	17710	31	20	33	60	0.998035	0.99814	0.995279	0
PBE65548_skip_cadb6549_ad795773_135.pod5	0ddd8b6b-3d36-4a29-806a-b35ad816917d	ad79577363ae350d286155344b9e1b0cb5f3459e	1812	3	258182	65.4944	258182	65.3952	27395	38.9049	unclassified	chr9	43464228	43484897	7407	27394	-	20862	19794	19158	193	875	636	7	0.729586	0.967869	0.91832	0
PBE65548_skip_cadb6549_ad795773_135.pod5	b893ee27-47e2-4fcd-976e-3999f7f43ab3	ad79577363ae350d286155344b9e1b0cb5f3459e	2384	2	258566	30.1628	258566	30.0456	14637	32.5788	unclassified	chr4	49130065	49135516	9337	14624	+	5752	4986	4291	301	465	695	1	0.361208	0.86061	0.746001	0
PBE65548_skip_cadb6549_ad795773_135.pod5	79023069-3d7c-45ce-a10a-05eb335029d7	ad79577363ae350d286155344b9e1b0cb5f3459e	2162	3	258545	52.127	258545	52.125	16647	20.6635	unclassified	chr10	10380072	10396684	7	16605	-	16667	16543	16451	55	69	92	60	0.997057	0.994439	0.98704	0
PBE65548_skip_cadb6549_ad795773_135.pod5	ff3d9765-0398-4920-9476-1766fe4c15ca	ad79577363ae350d286155344b9e1b0cb5f3459e	683	3	258481	108.497	258481	108.495	26620	23.3445	unclassified	chr2	52769071	52795488	36	26615	+	26594	26402	26382	177	15	20	60	0.99846	0.999242	0.992028	0
PBE65548_skip_cadb6549_ad795773_135.pod5	55965a69-71c8-40d4-b354-4ce44d0c7caf	ad79577363ae350d286155344b9e1b0cb5f3459e	1781	1	258443	1.5266	258443	1.5246	390	3.40038	unclassified	*	-1	-1	-1	-1	*	0	0	0	0	0	0	0	0	0	0	0
PBE65548_skip_cadb6549_ad795773_135.pod5	40b7e9b0-a20d-4233-a0f0-74ae60c6685c	ad79577363ae350d286155344b9e1b0cb5f3459e	575	4	258597	32.7836	258597	32.7816	19432	17.9172	unclassified	chr8	106291951	106311206	221	19401	-	19319	19116	18988	64	139	128	60	0.987032	0.993304	0.982867	0
PBE65548_skip_cadb6549_ad795773_135.pod5	ac81da14-8ec6-4116-922a-d32f62d58fea	ad79577363ae350d286155344b9e1b0cb5f3459e	708	1	258567	57.5084	258568	57.354	22946	30.9018	unclassified	chr6	91540528	91563456	9	22942	-	22953	22908	22858	25	20	50	60	0.999433	0.997817	0.995861	0
PBE65548_skip_cadb6549_ad795773_135.pod5	4cb3b1d4-ec4e-4a71-a3ab-a7c2bebe56e2	ad79577363ae350d286155344b9e1b0cb5f3459e	787	4	258553	61.5554	258553	61.5534	23542	29.6305	unclassified	chr4	81606764	81630302	7	23511	-	23563	23479	23385	25	59	94	60	0.998386	0.995996	0.992446	0
PBE65548_skip_cadb6549_ad795773_135.pod5	ee571344-2c78-4dbc-8b05-006cee8e6c4e	ad79577363ae350d286155344b9e1b0cb5f3459e	413	4	258612	27.5074	258612	27.5054	9575	21.5955	unclassified	chr20	44643307	44652823	0	9540	-	9563	9493	9458	47	23	35	60	0.996345	0.996313	0.98902	0
PBE65548_skip_cadb6549_ad795773_135.pod5	2ea4fbaa-8ab9-4018-95e9-22451952428c	ad79577363ae350d286155344b9e1b0cb5f3459e	1356	1	258382	46.2512	258382	46.0608	15366	26.0255	unclassified	chrX	8768344	8783704	0	15356	+	15381	15335	15317	21	25	18	60	0.999349	0.998826	0.995839	0
PBE65548_skip_cadb6549_ad795773_135.pod5	560b7ccc-62a6-4a4e-aa2b-6e0d3ad27e15	ad79577363ae350d286155344b9e1b0cb5f3459e	1343	1	258322	84.4566	258322	84.4546	20517	22.8689	unclassified	chr8	20019369	20039862	38	20510	+	20526	20439	20351	33	54	88	60	0.997807	0.995695	0.991474	0
PBE65548_skip_cadb6549_ad795773_135.pod5	9174d4ec-5523-410c-b897-81c9ddf2a4d2	ad79577363ae350d286155344b9e1b0cb5f3459e	575	4	258527	68.3636	258527	68.1348	26175	26.4295	unclassified	chr6	84038736	84064928	4	26175	-	26210	26153	26121	18	39	32	60	0.999847	0.998776	0.996604	0
PBE65548_skip_cadb6549_ad795773_135.pod5	4a48eb78-57bb-4cbc-b97b-5ad08e2dabf0	ad79577363ae350d286155344b9e1b0cb5f3459e	1098	3	258469	2.6156	258469	2.6136	673	5.74001	unclassified	*	-1	-1	-1	-1	*	0	0	0	0	0	0	0	0	0	0	0
PBE65548_skip_cadb6549_ad795773_135.pod5	bc2a5605-c7df-40d9-a947-ee1792f81b89	ad79577363ae350d286155344b9e1b0cb5f3459e	575	4	258416	22.7408	258416	22.5936	8638	30.2049	unclassified	chr6	20698114	20706746	8	8638	-	8639	8623	8615	7	9	8	60	0.999074	0.999072	0.997222	0
PBE65548_skip_cadb6549_ad795773_135.pod5	d200601c-e52c-4085-99c7-1201fe84bb45	ad79577363ae350d286155344b9e1b0cb5f3459e	787	4	258428	10.274	258428	10.1052	3257	31.9614	unclassified	chr10	31878644	31881902	7	3257	-	3259	3249	3245	1	9	4	60	0.997851	0.998769	0.995704	0
PBE65548_skip_cadb6549_ad795773_135.pod5	e119db13-5e68-4711-9e96-c5ea71ac8253	ad79577363ae350d286155344b9e1b0cb5f3459e	1430	1	258625	25.058	258626	24.9612	13374	24.4405	unclassified	chr12	17019876	17033250	0	13367	+	13392	13349	13320	18	25	29	60	0.999477	0.997828	0.994624	0
PBE65548_skip_cadb6549_ad795773_135.pod5	c9bee298-58a2-41dc-bd78-845c9991a9f1	ad79577363ae350d286155344b9e1b0cb5f3459e	1356	1	258663	23.204	258663	23.0268	10446	19.4537	unclassified	chr10	129746822	129757287	0	10435	-	10504	10396	10327	39	69	69	60	0.998947	0.993363	0.983149	0
PBE65548_skip_cadb6549_ad795773_135.pod5	4d4e7dae-01c6-4758-a39c-6f7ee822752d	ad79577363ae350d286155344b9e1b0cb5f3459e	1430	1	258437	14.2204	258437	14.2184	3761	33.4403	unclassified	chr2	220256955	220260678	25	3751	+	3729	3720	3720	6	3	0	60	0.990694	1	0.997586	0
PBE65548_skip_cadb6549_ad795773_135.pod5	f499dd94-f0c0-41a3-9df2-c4883676b749	ad79577363ae350d286155344b9e1b0cb5f3459e	57	2	258456	2.1512	258456	2.0256	859	40.1591	unclassified	chr14	89874108	89874967	0	859	-	860	858	858	1	1	0	60	1	1	0.997674	0
PBE65548_skip_cadb6549_ad795773_135.pod5	5ca7f677-2596-47b0-8686-97a3057e1649	ad79577363ae350d286155344b9e1b0cb5f3459e	2097	4	258468	1.5598	258468	1.5578	323	2.89943	unclassified	*	-1	-1	-1	-1	*	0	0	0	0	0	0	0	0	0	0	0
PBE65548_skip_cadb6549_ad795773_135.pod5	c0511bf1-445c-48fe-a4ea-08f34a1bee5b	ad79577363ae350d286155344b9e1b0cb5f3459e	2591	1	258427	16.7012	258427	16.494	6579	26.4113	unclassified	chr3	74853602	74860175	7	6579	-	6583	6562	6550	10	11	12	60	0.998936	0.998171	0.994987	0
PBE65548_skip_cadb6549_ad795773_135.pod5	69d91b25-8b23-442a-9a48-6792c26e50db	ad79577363ae350d286155344b9e1b0cb5f3459e	728	4	258379	36.4412	258379	36.3132	13922	26.6932	unclassified	chr2	121918821	121932742	0	13916	+	13946	13891	13869	25	30	22	60	0.999569	0.998416	0.994479	0
PBE65548_skip_cadb6549_ad795773_135.pod5	13dea054-c24b-40d0-8149-df35c3d41485	ad79577363ae350d286155344b9e1b0cb5f3459e	1102	4	258544	57.5732	258544	57.4692	22302	26.4377	unclassified	chr9	128252987	128275307	0	22301	+	22342	22279	22250	22	41	29	60	0.999955	0.998698	0.995882	0
PBE65548_skip_cadb6549_ad795773_135.pod5	0b83f24b-667d-473b-8870-4d9dbddb7171	ad79577363ae350d286155344b9e1b0cb5f3459e	1868	4	258408	37.358	258408	37.356	14184	27.4586	unclassified	chr5	136910754	136924925	6	14152	-	14189	14128	14114	18	43	14	60	0.997321	0.999009	0.994714	0
PBE65548_skip_cadb6549_ad795773_135.pod5	1efaf244-69c7-4935-93ae-e09282a8a263	ad79577363ae350d286155344b9e1b0cb5f3459e	1606	2	258697	11.023	258697	11.021	4708	23.9541	unclassified	chr15	77465358	77469729	7	4692	-	4704	4352	4340	333	19	12	60	0.995115	0.997243	0.922619	0
PBE65548_skip_cadb6549_ad795773_135.pod5	5ecd58a4-1f8c-4f11-9578-1b34cdd33aaf	ad79577363ae350d286155344b9e1b0cb5f3459e	77	4	258422	6.1204	258422	6.1184	2156	12.0074	unclassified	chr1	13602908	13604992	28	2156	+	2166	2046	1977	82	38	69	60	0.987013	0.966276	0.912742	0
PBE65548_skip_cadb6549_ad795773_135.pod5	7a24b267-a2cd-422d-8947-a764cfdba86c	ad79577363ae350d286155344b9e1b0cb5f3459e	1781	1	258487	1.9486	258487	1.9466	493	2.84302	unclassified	*	-1	-1	-1	-1	*	0	0	0	0	0	0	0	0	0	0	0
PBE65548_skip_cadb6549_ad795773_135.pod5	a637c40c-152a-42a9-b980-1c4fb734db01	ad79577363ae350d286155344b9e1b0cb5f3459e	948	4	258501	3.2732	258501	3.2712	690	2.93172	unclassified	*	-1	-1	-1	-1	*	0	0	0	0	0	0	0	0	0	0	0
PBE65548_skip_cadb6549_ad795773_135.pod5	85e77f27-7497-46da-84c8-cc9870910524	ad79577363ae350d286155344b9e1b0cb5f3459e	601	4	258502	3.795	258502	3.793	965	3.07295	unclassified	*	-1	-1	-1	-1	*	0	0	0	0	0	0	0	0	0	0	0
PBE65548_skip_cadb6549_ad795773_135.pod5	42e4ec50-8d6f-4f19-aedd-c0ed5413213a	ad79577363ae350d286155344b9e1b0cb5f3459e	2097	4	258440	10.9964	258441	10.8612	4381	31.0192	unclassified	chr6	98180000	98184375	7	4381	-	4380	4369	4357	5	6	12	60	0.998402	0.997253	0.994749	0
PBE65548_skip_cadb6549_ad795773_135.pod5	5ede5d4e-14bd-4348-8d5b-f0e3e536b83a	ad79577363ae350d286155344b9e1b0cb5f3459e	2591	1	258444	21.6572	258444	21.4764	8191	28.0539	unclassified	chr4	157176634	157184816	0	8185	+	8191	8176	8161	9	6	15	60	0.999267	0.998165	0.996337	0
PBE65548_skip_cadb6549_ad795773_135.pod5	cda16c8c-a344-48b5-8c40-a0bfc65c3e51	ad79577363ae350d286155344b9e1b0cb5f3459e	1343	1	258406	47.1448	258406	47.1428	16655	26.9671	unclassified	chr12	37276698	37293316	6	16626	-	16626	16612	16571	8	6	41	60	0.997899	0.997532	0.996692	0
PBE65548_skip_cadb6549_ad795773_135.pod5	25d43795-429c-4907-a497-71317f1264c1	ad79577363ae350d286155344b9e1b0cb5f3459e	2591	1	258465	20.2712	258466	20.1612	8181	26.3236	unclassified	chr4	157176633	157184816	9	8181	-	8187	8168	8147	4	15	21	60	0.9989	0.997429	0.995114	0
PBE65548_skip_cadb6549_ad795773_135.pod5	b3a18dbf-98c9-43cb-9971-6f9eb83c9431	ad79577363ae350d286155344b9e1b0cb5f3459e	795	4	258394	36.506	258394	36.3264	10884	25.6928	unclassified	chr4	150544502	150555391	5	10884	-	10901	10867	10848	12	22	19	60	0.999541	0.998252	0.995138	0
PBE65548_skip_cadb6549_ad795773_135.pod5	926605cc-378f-44fa-887f-295e042736df	ad79577363ae350d286155344b9e1b0cb5f3459e	2591	1	258501	9.8418	258501	9.8398	4116	22.972	unclassified	chr5	44232603	44236680	8	4083	-	4086	4066	4056	9	11	10	60	0.990039	0.997541	0.992658	0
PBE65548_skip_cadb6549_ad795773_135.pod5	ee5dab4e-4ddd-4dc7-82b0-ea900e67ec6a	ad79577363ae350d286155344b9e1b0cb5f3459e	77	4	258364	57.907	258364	57.905	20495	22.216	unclassified	chr7	60554287	60564203	10575	20489	+	9926	9904	9759	10	12	145	1	0.483728	0.985359	0.983176	0
PBE65548_skip_cadb6549_ad795773_135.pod5	b461b945-c259-4c56-9998-119773dda4b3	ad79577363ae350d286155344b9e1b0cb5f3459e	2097	4	258457	10.9604	258457	10.854	4649	31.9236	unclassified	chr4	32717327	32721973	5	4649	-	4646	4644	4637	0	2	7	60	0.998924	0.998493	0.998063	0
PBE65548_skip_cadb6549_ad795773_135.pod5	95354047-1aaf-49ea-84b8-e8fdf0d7f8b0	ad79577363ae350d286155344b9e1b0cb5f3459e	708	1	258453	25.2308	258453	25.146	9444	24.7144	unclassified	chr7	152537845	152547171	0	9438	+	9470	9294	9268	144	32	26	60	0.999365	0.997203	0.978669	0
PBE65548_skip_cadb6549_ad795773_135.pod5	37175b7c-548b-404e-a187-23381a09fd34	ad79577363ae350d286155344b9e1b0cb5f3459e	575	4	258383	23.1884	258383	23.1864	9542	25.9773	unclassified	chr18	1851111	1860782	30	9542	+	9679	9504	9484	8	167	20	60	0.996856	0.997896	0.979853	0
PBE65548_skip_cadb6549_ad795773_135.pod5	bae77fd0-5910-49a2-a2a2-cf27c32bac99	ad79577363ae350d286155344b9e1b0cb5f3459e	57	2	258417	38.8568	258417	38.5944	13576	25.8572	unclassified	chr12	40597942	40611496	19	13576	-	13574	13537	13516	20	17	21	60	0.9986	0.998449	0.995727	0
PBE65548_skip_cadb6549_ad795773_135.pod5	d2710fed-d1b8-4bdf-a2ec-f90aa155e743	ad79577363ae350d286155344b9e1b0cb5f3459e	1277	4	258520	3.797	258520	3.795	959	2.29663	unclassified	*	-1	-1	-1	-1	*	0	0	0	0	0	0	0	0	0	0	0
PBE65548_skip_cadb6549_ad795773_135.pod5	1bfcdab1-0127-4aee-9317-04888bfe4dcf	ad79577363ae350d286155344b9e1b0cb5f3459e	2384	2	258414	28.1008	258414	28.0988	11467	27.9947	unclassified	chr3	155830614	155842052	11	11433	-	11449	11411	11401	11	27	10	60	0.996076	0.999124	0.995807	0
PBE65548_skip_cadb6549_ad795773_135.pod5	577bf191-2d24-4c1d-9992-4931d4fcce4f	ad79577363ae350d286155344b9e1b0cb5f3459e	1356	1	258430	31.454	258430	31.35	11845	18.4141	unclassified	chr7	9426339	9438008	0	11845	+	11884	11630	11601	215	39	29	60	1	0.997506	0.976186	0
PBE65548_skip_cadb6549_ad795773_135.pod5	897c3786-b374-4d9a-a580-f7db6de03bb9	ad79577363ae350d286155344b9e1b0cb5f3459e	948	4	258533	1.5042	258533	1.5022	319	2.95313	unclassified	*	-1	-1	-1	-1	*	0	0	0	0	0	0	0	0	0	0	0
PBE65548_skip_cadb6549_ad795773_135.pod5	3aa3c4d7-3498-4d1c-9fe5-511ad69c2acb	ad79577363ae350d286155344b9e1b0cb5f3459e	2884	4	258524	8.7748	258524	8.7728	2265	2.96182	unclassified	*	-1	-1	-1	-1	*	0	0	0	0	0	0	0	0	0	0	0
PBE65548_skip_cadb6549_ad795773_135.pod5	357b09f6-b321-4bfa-83fd-d83d42c079d0	ad79577363ae350d286155344b9e1b0cb5f3459e	1832	3	258501	16.6352	258501	16.5288	6770	28.6966	unclassified	chr4	43608032	43614800	0	6764	+	6769	6763	6739	1	5	24	60	0.999114	0.996451	0.995568	0
PBE65548_skip_cadb6549_ad795773_135.pod5	171cc126-525b-458b-b396-bd15544a1e91	ad79577363ae350d286155344b9e1b0cb5f3459e	2916	2	258458	40.4162	258458	40.4142	14848	25.4764	unclassified	chr19	19100885	19115710	0	14811	-	14850	14786	14755	25	39	31	60	0.997508	0.997903	0.993603	0
PBE65548_skip_cadb6549_ad795773_135.pod5	2ad6fc4f-70f5-4fbd-8da8-c7f92e5c368b	ad79577363ae350d286155344b9e1b0cb5f3459e	1820	2	258413	39.2016	258413	39.1996	17872	26.3317	unclassified	chr13	61350184	61368012	6	17842	-	17866	17798	17755	38	30	43	60	0.997986	0.997584	0.993787	0
PBE65548_skip_cadb6549_ad795773_135.pod5	9a3657e3-accd-409b-bf46-0be9a07de95e	ad79577363ae350d286155344b9e1b0cb5f3459e	795	4	258432	44.0478	258432	44.0458	16742	22.2249	unclassified	chr11	90138321	90155038	29	16714	+	16791	16611	16495	74	106	116	60	0.996595	0.993017	0.982372	0
PBE65548_skip_cadb6549_ad795773_135.pod5	da9890b8-88da-4b8e-8f17-d8bcd98aa13e	ad79577363ae350d286155344b9e1b0cb5f3459e	2591	1	258492	7.7276	258492	7.5756	2885	25.3338	unclassified	chr3	66837709	66840580	11	2885	-	2878	2867	2858	7	4	9	60	0.996187	0.996861	0.993051	0
PBE65548_skip_cadb6549_ad795773_135.pod5	c004fa8f-e7b5-40e3-8386-201a46110c43	ad79577363ae350d286155344b9e1b0cb5f3459e	1812	3	258445	21.6056	258445	21.48	9126	30.9417	unclassified	chr10	41881860	41891452	13	9117	+	10007	8689	7441	415	903	1248	1	0.997589	0.85637	0.74358	0
PBE65548_skip_cadb6549_ad795773_135.pod5	74bb2f61-e7c1-479c-ae2c-ac80242c3515	ad79577363ae350d286155344b9e1b0cb5f3459e	1832	3	258466	34.6496	258466	34.5168	10929	34.4976	unclassified	chr4	85024305	85035238	0	10923	+	10936	10920	10916	3	13	4	60	0.999451	0.999634	0.998171	0
PBE65548_skip_cadb6549_ad795773_135.pod5	00624c00-1526-4fdd-95c9-aeb070893f03	ad79577363ae350d286155344b9e1b0cb5f3459e	708	1	258478	39.8984	258479	39.7452	13632	29.8006	unclassified	chr9	34404005	34417624	0	13624	+	13639	13604	13583	20	15	21	60	0.999413	0.998456	0.995894	0
PBE65548_skip_cadb6549_ad795773_135.pod5	e02b0401-b7c2-4338-bb9c-191a8ae220fa	ad79577363ae350d286155344b9e1b0cb5f3459e	1430	1	258453	44.9252	258453	44.7804	13325	28.5385	unclassified	chr3	26542705	26556030	11	13325	-	13330	13309	13285	5	16	24	60	0.999174	0.998197	0.996624	0
PBE65548_skip_cadb6549_ad795773_135.pod5	685de68d-1355-414a-b191-8cc6f5e1241a	ad79577363ae350d286155344b9e1b0cb5f3459e	2916	2	258499	27.2312	258499	27.0948	10677	28.7887	unclassified	chr7	133210200	133220872	0	10671	+	10685	10658	10627	13	14	31	60	0.999438	0.997091	0.994572	0
PBE65548_skip_cadb6549_ad795773_135.pod5	e4f79815-5ac5-4dd4-b693-f8f5199e846a	ad79577363ae350d286155344b9e1b0cb5f3459e	2931	4	258484	24.65	258484	24.648	9791	28.1632	unclassified	chr15	100204484	100214245	0	9758	-	9776	9743	9719	15	18	24	60	0.99663	0.997537	0.994169	0
PBE65548_skip_cadb6549_ad795773_135.pod5	c384afd5-722c-4d5c-903f-3c177a894b81	ad79577363ae350d286155344b9e1b0cb5f3459e	77	4	258429	17.445	258429	17.443	6246	23.0539	unclassified	chr1	124227472	124233710	0	6246	-	6261	6223	5817	23	15	406	1	1	0.934758	0.929085	0
PBE65548_skip_cadb6549_ad795773_135.pod5	0a26ab0d-889e-4178-996d-51ad0f007803	ad79577363ae350d286155344b9e1b0cb5f3459e	1430	1	258404	32.3826	258404	32.3806	11632	34.3923	unclassified	chr4	49096422	49108823	38	11624	+	12891	11096	9645	490	1305	1451	1	0.996045	0.869232	0.748196	0
PBE65548_skip_cadb6549_ad795773_135.pod5	e34df433-6e25-48d6-b3a2-72cca32bcafa	ad79577363ae350d286155344b9e1b0cb5f3459e	683	3	258596	45.1832	258596	45.0144	16956	28.3848	unclassified	chr9	3792813	3809760	9	16956	-	16963	16931	16883	16	16	48	60	0.999469	0.997165	0.995284	0
PBE65548_skip_cadb6549_ad795773_135.pod5	bb26fcb1-8774-4041-9a66-a873edbcd1aa	ad79577363ae350d286155344b9e1b0cb5f3459e	1430	1	258498	37.0926	258498	37.0906	13350	25.1478	unclassified	chr3	26542705	26556031	34	13343	+	13342	13293	13256	16	33	37	60	0.996929	0.997217	0.993554	0
PBE65548_skip_cadb6549_ad795773_135.pod5	e00cc7aa-5fa2-4d8e-aea0-097fec87f545	ad79577363ae350d286155344b9e1b0cb5f3459e	1343	1	258454	56.8128	258454	56.8108	20497	21.0451	unclassified	chr8	20019369	20039862	9	20460	-	20553	20391	20263	60	102	128	60	0.997756	0.993723	0.98589	0
PBE65548_skip_cadb6549_ad795773_135.pod5	547cb92e-f655-49ec-b683-d793c2e5844a	ad79577363ae350d286155344b9e1b0cb5f3459e	57	2	258343	72.4424	258344	72.3216	26339	29.4217	unclassified	chr2	135217234	135243575	0	26333	+	26363	26311	26302	22	30	9	60	0.999772	0.999658	0.997686	0
PBE65548_skip_cadb6549_ad795773_135.pod5	7a4a8337-db7c-43fa-9c0b-9a74207b58e8	ad79577363ae350d286155344b9e1b0cb5f3459e	936	3	258623	28.4444	258623	28.3164	10131	26.9605	unclassified	chr2	202161273	202171410	7	10131	-	10151	10110	10093	14	27	17	60	0.999309	0.998318	0.994286	0
PBE65548_skip_cadb6549_ad795773_135.pod5	468b4bb2-06ea-4184-8b76-52bda109e0d5	ad79577363ae350d286155344b9e1b0cb5f3459e	2162	3	258305	80.597	258305	80.595	28179	32.8737	unclassified	chr7	60579363	60594791	13413	28146	-	15430	14731	14478	2	697	253	1	0.522836	0.982825	0.938302	0
PBE65548_skip_cadb6549_ad795773_135.pod5	f960aadb-07f2-4117-89dd-22c0c0e1f7e3	ad79577363ae350d286155344b9e1b0cb5f3459e	1102	4	258632	22.3832	258632	22.2792	10602	27.4836	unclassified	chr13	88037273	88047881	0	10596	+	10613	10591	10557	5	17	34	60	0.999434	0.99679	0.994723	0
PBE65548_skip_cadb6549_ad795773_135.pod5	5eaf0fea-e869-4070-b004-a597a63b814f	ad79577363ae350d286155344b9e1b0cb5f3459e	1102	4	258675	1.8188	258675	1.7244	681	28.6781	unclassified	chr1	50107274	50107954	1	681	-	680	680	680	0	0	0	60	0.998532	1	1	0
PBE65548_skip_cadb6549_ad795773_135.pod5	9021b5b6-8312-4a9b-b1c5-15c1b533169a	ad79577363ae350d286155344b9e1b0cb5f3459e	413	4	258474	52.7414	258474	52.7394	16848	30.697	unclassified	chr1	193422065	193438877	27	16843	+	16823	16805	16788	11	7	17	60	0.998101	0.998988	0.997919	0
PBE65548_skip_cadb6549_ad795773_135.pod5	a7b08dbd-cc6e-4a66-ad99-2a68be0aa278	ad79577363ae350d286155344b9e1b0cb5f3459e	2591	1	258636	29.151	258636	29.149	11307	25.2945	unclassified	chr10	65926501	65937767	7	11267	-	11276	11250	11220	10	16	30	60	0.995843	0.997333	0.995034	0
PBE65548_skip_cadb6549_ad795773_135.pod5	e3cc0261-91ee-4e52-9fe8-e2de9bf7357a	ad79577363ae350d286155344b9e1b0cb5f3459e	683	3	258427	53.7812	258427	53.6604	19044	26.6121	unclassified	chr19	9673955	9692984	0	19039	+	19063	19005	18982	34	24	23	60	0.999737	0.99879	0.995751	0
PBE65548_skip_cadb6549_ad795773_135.pod5	29ec71fa-407d-4da1-8f20-4bc7a371fa76	ad79577363ae350d286155344b9e1b0cb5f3459e	728	4	258571	67.7876	258571	67.6608	23941	27.3562	unclassified	chr12	40637826	40661739	8	23941	-	23950	23896	23845	37	17	51	60	0.999666	0.997866	0.995616	0
PBE65548_skip_cadb6549_ad795773_135.pod5	fd94d977-2df7-4123-abb8-51c37f5436df	ad79577363ae350d286155344b9e1b0cb5f3459e	787	4	258630	42.0908	258630	41.9388	10238	29.3305	unclassified	chr4	79903903	79914134	0	10230	+	10235	10226	10210	4	5	16	60	0.999219	0.998435	0.997557	0
PBE65548_skip_cadb6549_ad795773_135.pod5	fb4db6e9-7bb3-4ac9-8f9b-a323ee801a66	ad79577363ae350d286155344b9e1b0cb5f3459e	708	1	258672	11.7536	258672	11.5992	4518	30.4886	unclassified	chr7	45662554	45667071	0	4518	-	4521	4514	4509	4	3	5	60	1	0.998892	0.997346	0
PBE65548_skip_cadb6549_ad795773_135.pod5	043e4a62-796e-4d30-ba70-f071cc1c78b3	ad79577363ae350d286155344b9e1b0cb5f3459e	1277	4	258681	7.695	258681	7.693	1850	2.25221	unclassified	*	-1	-1	-1	-1	*	0	0	0	0	0	0	0	0	0	0	0
PBE65548_skip_cadb6549_ad795773_135.pod5	7feb61ca-4dc6-460f-b185-822684628b59	ad79577363ae350d286155344b9e1b0cb5f3459e	1868	4	258449	63.35	258449	63.138	24405	26.3865	unclassified	chr8	117917012	117941394	0	24398	+	24452	24328	24272	70	54	56	60	0.999713	0.997698	0.992639	0
PBE65548_skip_cadb6549_ad795773_135.pod5	04714dbb-b970-4ea7-a62e-9a29249a31e5	ad79577363ae350d286155344b9e1b0cb5f3459e	77	4	258449	72.5506	258449	72.5486	28674	9.6683	unclassified	chr15	23106025	23135100	3	28638	-	30106	27604	25908	1031	1471	1696	60	0.99864	0.93856	0.860559	0
PBE65548_skip_cadb6549_ad795773_135.pod5	49df8c0f-7c93-48f7-9336-66efa8b73a06	ad79577363ae350d286155344b9e1b0cb5f3459e	1356	1	258594	58.3888	258594	58.3868	19157	23.8184	unclassified	chr10	115500063	115519209	33	19150	+	19172	19091	19049	26	55	42	60	0.997912	0.9978	0.993584	0
PBE65548_skip_cadb6549_ad795773_135.pod5	43a4ddc1-07b4-4bbe-8a8b-1c4dd675ef67	ad79577363ae350d286155344b9e1b0cb5f3459e	575	4	258642	29.0492	258642	28.926	10596	28.7135	unclassified	chr20	38872778	38883369	8	10596	-	10600	10579	10567	9	12	12	60	0.999245	0.998866	0.996887	0
PBE65548_skip_cadb6549_ad795773_135.pod5	fb991096-e3e1-4bfd-a825-ea667ce36e45	ad79577363ae350d286155344b9e1b0cb5f3459e	708	1	258625	39.9404	258625	39.852	15177	27.6928	unclassified	chr10	72315852	72331016	0	15170	+	15190	15144	15133	26	20	11	60	0.999539	0.999274	0.996248	0
PBE65548_skip_cadb6549_ad795773_135.pod5	d45471cf-29f6-4316-a4aa-ab1690a674a6	ad79577363ae350d286155344b9e1b0cb5f3459e	1832	3	258674	15.8948	258675	15.7212	4583	29.0062	unclassified	chr22	22366183	22370701	0	4523	+	4525	4516	4491	7	2	25	60	0.986908	0.994464	0.992486	0
PBE65548_skip_cadb6549_ad795773_135.pod5	582ccb30-803d-4693-87c8-8b890a2c43a5	ad79577363ae350d286155344b9e1b0cb5f3459e	1343	1	258662	25.398	258662	25.396	8668	20.8845	unclassified	chr8	101610205	101618830	6	8624	-	8655	8588	8547	30	37	41	60	0.994232	0.995226	0.987522	0
PBE65548_skip_cadb6549_ad795773_135.pod5	ece06d68-1afc-4215-96b0-3dcd94aebe4e	ad79577363ae350d286155344b9e1b0cb5f3459e	936	3	258659	26.8508	258659	26.724	10767	26.7234	unclassified	chr2	13035400	13046165	2	10761	+	10775	10749	10723	10	16	26	60	0.999257	0.997581	0.995174	0
PBE65548_skip_cadb6549_ad795773_135.pod5	c6297835-202c-4a9f-a975-ac39aea4571f	ad79577363ae350d286155344b9e1b0cb5f3459e	2162	3	258396	90.6044	258396	90.6024	23498	12.4291	unclassified	chr17	76432618	76456347	37	23498	+	24100	23090	22379	371	639	711	60	0.998425	0.969207	0.928589	0
PBE65548_skip_cadb6549_ad795773_135.pod5	b58e4874-4ce1-4bf7-bbed-abef70cc3b47	ad79577363ae350d286155344b9e1b0cb5f3459e	728	4	258702	1.448	258702	1.3128	525	24.0479	unclassified	chr7	62763788	62764313	0	525	-	525	525	522	0	0	3	60	1	0.994286	0.994286	0
PBE65548_skip_cadb6549_ad795773_135.pod5	9f0ecd73-06bd-466c-9684-d9cb0cc2bf22	ad79577363ae350d286155344b9e1b0cb5f3459e	795	4	258583	80.4656	258583	80.3184	31035	23.5473	unclassified	chr15	94265884	94296910	7	31035	-	31103	30951	30842	77	75	109	60	0.999774	0.996478	0.991609	0
PBE65548_skip_cadb6549_ad795773_135.pod5	a1cbdc74-2acc-4617-93ef-071c38a25656	ad79577363ae350d286155344b9e1b0cb5f3459e	1925	1	258684	9.6308	258684	9.312	3311	23.0895	unclassified	chr11	17724074	17727384	0	3311	-	3318	3303	3300	8	7	3	60	1	0.999092	0.994575	0
PBE65548_skip_cadb6549_ad795773_135.pod5	90294a6d-d517-48f4-a55c-7c687613a797	ad79577363ae350d286155344b9e1b0cb5f3459e	787	4	258439	77.0588	258439	76.9452	29313	27.697	unclassified	chr2	71918477	71947785	6	29313	-	29332	29283	29246	24	25	37	60	0.999795	0.998736	0.997068	0
PBE65548_skip_cadb6549_ad795773_135.pod5	03ceaf8c-823b-4093-829b-f99f5d546121	ad79577363ae350d286155344b9e1b0cb5f3459e	1430	1	258653	35.2314	258653	35.2294	11007	17.7607	unclassified	chr1	68715219	68725876	324	10977	-	10663	10647	10635	6	10	12	60	0.967839	0.998873	0.997374	0
PBE65548_skip_cadb6549_ad795773_135.pod5	12f990cf-88ad-4c0a-9d41-4105baa91c5e	ad79577363ae350d286155344b9e1b0cb5f3459e	683	3	258641	59.1572	258641	58.95	16821	18.9945	unclassified	chr9	3792813	3809760	0	16815	+	16997	16765	16665	50	182	100	60	0.999643	0.994035	0.980467	0
PBE65548_skip_cadb6549_ad795773_135.pod5	4ce0a732-abc1-4bd1-afb6-c204a08990f3	ad79577363ae350d286155344b9e1b0cb5f3459e	2591	1	258707	8.084	258707	7.9512	3127	23.0875	unclassified	chr13	88100894	88104021	7	3127	-	3132	3115	3099	5	12	16	60	0.997761	0.994864	0.989464	0
PBE65548_skip_cadb6549_ad795773_135.pod5	2fdece17-6c42-45d3-a95f-6140d49ddd28	ad79577363ae350d286155344b9e1b0cb5f3459e	2916	2	258586	63.668	258586	63.5472	21968	26.4626	unclassified	chr3	25295863	25317815	0	21962	+	22000	21914	21869	48	38	45	60	0.999727	0.997947	0.994045	0
PBE65548_skip_cadb6549_ad795773_135.pod5	dabc60ec-d04d-4ba5-8ae1-c7765ec8e044	ad79577363ae350d286155344b9e1b0cb5f3459e	683	3	258700	14.5916	258701	14.4708	5252	20.3687	unclassified	chr5	154128515	154133809	7	5252	-	5311	5228	5194	17	66	34	60	0.998667	0.993497	0.97797	0
PBE65548_skip_cadb6549_ad795773_135.pod5	c5982f28-36d6-4518-b5c5-75e8bb069df7	ad79577363ae350d286155344b9e1b0cb5f3459e	1343	1	258688	18.894	258688	18.892	6384	19.3721	unclassified	chr1	235744629	235750963	31	6377	+	6377	6303	6268	43	31	35	60	0.994048	0.994447	0.982907	0
PBE65548_skip_cadb6549_ad795773_135.pod5	93011d01-0ca3-430f-8a2a-54f6cbbf8769	ad79577363ae350d286155344b9e1b0cb5f3459e	385	3	258607	57.866	258607	57.7668	22291	27.3813	unclassified	chr6	147766894	147789198	0	22284	+	22318	22270	22246	14	34	24	60	0.999686	0.998922	0.996774	0
PBE65548_skip_cadb6549_ad795773_135.pod5	cc66bf0b-f07e-41ac-a0d2-bb24b63e0df9	ad79577363ae350d286155344b9e1b0cb5f3459e	1343	1	258570	82.4554	258570	82.4534	30544	17.018	unclassified	chr5	136969585	137000233	36	30535	+	30809	30338	30018	161	310	320	60	0.998527	0.989452	0.974326	0
PBE65548_skip_cadb6549_ad795773_135.pod5	f92356d0-8964-4184-9658-9fe0cbf23665	ad79577363ae350d286155344b9e1b0cb5f3459e	413	4	258377	97.0832	258377	97.008	36321	26.4357	unclassified	chr6	131820949	131857314	9	36321	-	36405	36272	36229	40	93	43	60	0.999752	0.998815	0.995166	0
PBE65548_skip_cadb6549_ad795773_135.pod5	09624596-ce4c-4c8f-bc4f-492de470f42d	ad79577363ae350d286155344b9e1b0cb5f3459e	2844	4	258602	20.6492	258602	20.6472	5978	14.2675	unclassified	chr1	123142050	123148229	447	5945	-	6185	5492	5159	6	687	333	2	0.919706	0.939366	0.834115	0
PBE65548_skip_cadb6549_ad795773_135.pod5	9732b57c-89fd-491c-a0f4-e270011a4783	ad79577363ae350d286155344b9e1b0cb5f3459e	413	4	258639	52.3496	258640	52.224	12712	27.8763	unclassified	chr13	32502159	32514864	0	12703	+	12714	12694	12681	9	11	13	60	0.999292	0.998976	0.997404	0
PBE65548_skip_cadb6549_ad795773_135.pod5	da7335c4-126e-49bb-bb1c-e77ac9809e57	ad79577363ae350d286155344b9e1b0cb5f3459e	49	1	258597	60.5842	258597	60.5822	15114	10.4639	unclassified	chr13	17333846	17343498	5547	15114	+	9792	9427	8722	140	225	705	1	0.632989	0.925215	0.890727	0
PBE65548_skip_cadb6549_ad795773_135.pod5	7839baa7-7770-492f-833c-d4a0d967a587	ad79577363ae350d286155344b9e1b0cb5f3459e	2916	2	258657	31.0156	258657	31.0136	15093	20.957	unclassified	chr2	237050271	237065342	41	15085	+	15107	15008	14956	36	63	52	60	0.996753	0.996535	0.990005	0
PBE65548_skip_cadb6549_ad795773_135.pod5	7127b391-63a0-4377-9a77-5ffb20929653	ad79577363ae350d286155344b9e1b0cb5f3459e	385	3	258668	17.8088	258668	17.64	6208	40.1782	unclassified	chr10	133686299	133690466	15	3635	-	4177	3610	3310	10	557	300	30	0.583119	0.916898	0.792435	0
PBE65548_skip_cadb6549_ad795773_135.pod5	d00a7fdc-97f6-452b-affc-cacda883c5dc	ad79577363ae350d286155344b9e1b0cb5f3459e	2591	1	258671	29.3948	258671	29.1036	6435	25.3149	unclassified	chr17	32902809	32909243	11	6435	-	6442	6416	6408	8	18	8	60	0.998291	0.998753	0.994722	0
PBE65548_skip_cadb6549_ad795773_135.pod5	6d250625-2833-4b1a-993a-e86b5a10d2a3	ad79577363ae350d286155344b9e1b0cb5f3459e	49	1	258713	7.5308	258713	7.5288	1843	5.36158	unclassified	*	-1	-1	-1	-1	*	0	0	0	0	0	0	0	0	0	0	0
PBE65548_skip_cadb6549_ad795773_135.pod5	bc874eaa-4bd9-46a4-8128-590a32209dcc	ad79577363ae350d286155344b9e1b0cb5f3459e	728	4	258639	58.5872	258639	58.4364	20812	28.782	unclassified	chr3	177721110	177741923	1	20803	+	20829	20786	20749	16	27	37	60	0.99952	0.99822	0.996159	0
PBE65548_skip_cadb6549_ad795773_135.pod5	a8662641-8bd3-4453-913e-24f057e16e07	ad79577363ae350d286155344b9e1b0cb5f3459e	2384	2	258698	29.2488	258698	29.2468	11684	28.3462	unclassified	chr3	76123874	76135516	31	11676	+	11652	11635	11596	10	7	39	60	0.996662	0.996648	0.995194	0
PBE65548_skip_cadb6549_ad795773_135.pod5	cb0f3a1d-f98f-4609-870c-115c22e9119e	ad79577363ae350d286155344b9e1b0cb5f3459e	795	4	258667	40.058	258667	39.8004	7774	19.2221	unclassified	chr12	75755190	75762946	0	7769	+	7796	7729	7699	40	27	30	60	0.999357	0.996118	0.987558	0
PBE65548_skip_cadb6549_ad795773_135.pod5	9654edfd-8ba8-4285-99c0-884cbd0102df	ad79577363ae350d286155344b9e1b0cb5f3459e	936	3	258686	32.6732	258686	32.5092	10761	24.4755	unclassified	chr2	13035400	13046165	9	10761	-	10781	10736	10700	16	29	36	60	0.999164	0.996647	0.992487	0
PBE65548_skip_cadb6549_ad795773_135.pod5	9d079e7e-64fc-45d9-b2e6-d0144bb940d9	ad79577363ae350d286155344b9e1b0cb5f3459e	1832	3	258622	52.3292	258622	52.2228	19154	14.6052	unclassified	chr7	54764528	54782606	7	19154	-	19184	18041	18015	1106	37	26	60	0.999635	0.998559	0.939064	0
PBE65548_skip_cadb6549_ad795773_135.pod5	096b70e3-14b3-4928-8c0f-b78ca5c65a31	ad79577363ae350d286155344b9e1b0cb5f3459e	1277	4	258758	8.838	258758	8.836	2096	2.25317	unclassified	*	-1	-1	-1	-1	*	0	0	0	0	0	0	0	0	0	0	0
PBE65548_skip_cadb6549_ad795773_135.pod5	75748ca0-9ed0-4dbb-8336-d85d85d7c476	ad79577363ae350d286155344b9e1b0cb5f3459e	1925	1	258696	25.388	258697	25.1736	5406	29.6973	unclassified	chr10	41909272	41914761	6	5397	+	5839	5041	4529	350	448	512	26	0.997225	0.898433	0.775647	0
PBE65548_skip_cadb6549_ad795773_135.pod5	0651d432-74f2-4a8b-82d3-1cf6cb5f5dea	ad79577363ae350d286155344b9e1b0cb5f3459e	1606	2	258741	15.644	258741	15.4992	3847	22.4313	unclassified	chr18	46150019	46153864	8	3847	-	3854	3830	3812	9	15	18	60	0.99792	0.9953	0.989102	0
PBE65548_skip_cadb6549_ad795773_135.pod5	f78cfe09-e7ed-4386-a0fd-dd94c728a000	ad79577363ae350d286155344b9e1b0cb5f3459e	1606	2	258756	6.6762	258756	6.6742	2766	27.3152	unclassified	chr5	34462774	34465509	6	2741	-	2737	2733	2716	2	2	17	60	0.988792	0.99378	0.992327	0
PBE65548_skip_cadb6549_ad795773_135.pod5	96dd2d5e-00ad-48f8-9a40-4d803ba911cd	ad79577363ae350d286155344b9e1b0cb5f3459e	1430	1	258706	26.6132	258706	26.4636	6197	34.7396	unclassified	chr8	123710761	123716958	7	6197	-	6197	6190	6190	0	7	0	60	0.99887	1	0.99887	0
PBE65548_skip_cadb6549_ad795773_135.pod5	555433ed-037b-4f29-8b1f-0444908c846c	ad79577363ae350d286155344b9e1b0cb5f3459e	708	1	258697	39.8636	258697	39.726	12664	29.8326	unclassified	chr15	36239239	36251889	0	12657	+	12670	12637	12629	20	13	8	60	0.999447	0.999367	0.996764	0
PBE65548_skip_cadb6549_ad795773_135.pod5	3b75f188-cb17-480d-a8e6-89f3197b1138	ad79577363ae350d286155344b9e1b0cb5f3459e	1430	1	258735	20.1056	258735	19.956	5574	29.3217	unclassified	chr16	3246121	3251689	0	5567	+	5573	5562	5545	5	6	17	60	0.998744	0.996944	0.994976	0
PBE65548_skip_cadb6549_ad795773_135.pod5	c8932a7d-c05f-4920-87cd-fbb7d7e6ce52	ad79577363ae350d286155344b9e1b0cb5f3459e	77	4	258665	39.785	258665	39.783	15440	12.5525	unclassified	chr20	4281239	4296777	5	15398	-	15796	15135	14639	258	403	496	60	0.996956	0.967228	0.926754	0
PBE65548_skip_cadb6549_ad795773_135.pod5	1dd766a3-3d79-4a66-9ce8-b00923a91abd	ad79577363ae350d286155344b9e1b0cb5f3459e	2591	1	258721	18.9008	258721	18.7224	7041	26.5877	unclassified	chr16	82492686	82499702	12	7041	-	7034	7011	6996	18	5	15	60	0.998296	0.99786	0.994598	0
PBE65548_skip_cadb6549_ad795773_135.pod5	f272d6b4-7cb6-4267-a985-a5598b782fa3	ad79577363ae350d286155344b9e1b0cb5f3459e	57	2	258638	61.2176	258639	61.08	22519	30.5103	unclassified	chr12	82842974	82865495	0	22515	+	22534	22502	22488	13	19	14	60	0.999822	0.999378	0.997959	0
PBE65548_skip_cadb6549_ad795773_135.pod5	947dede2-5a53-4afd-a6e9-93b4793027c3	ad79577363ae350d286155344b9e1b0cb5f3459e	2162	3	258766	7.5752	258766	7.5732	2287	6.41052	unclassified	chr1	89553214	89555464	98	2121	+	2321	1952	1730	71	298	222	60	0.884565	0.88627	0.745368	0
PBE65548_skip_cadb6549_ad795773_135.pod5	186870f9-88bf-429c-aa07-d8754f7dcfc8	ad79577363ae350d286155344b9e1b0cb5f3459e	708	1	258738	14.5496	258738	14.4264	5534	37.3112	unclassified	chr21	10269871	10274327	375	5490	-	5237	4334	3788	781	122	546	48	0.924286	0.874019	0.723315	0
PBE65548_skip_cadb6549_ad795773_135.pod5	40fbc5c9-144f-4f42-b6f6-d16f7535280c	ad79577363ae350d286155344b9e1b0cb5f3459e	1606	2	258717	20.0912	258717	19.9848	8493	28.7477	unclassified	chr22	18202809	18207473	1036	5672	+	5029	4271	3707	365	393	564	1	0.545861	0.867947	0.737125	0
PBE65548_skip_cadb6549_ad795773_135.pod5	5b0dbfc7-e51c-4f0c-8e9e-d8fb3002d50a	ad79577363ae350d286155344b9e1b0cb5f3459e	2916	2	258758	12.682	258758	12.68	5592	22.44	unclassified	chr9	87807085	87812635	8	5553	-	5566	5529	5504	16	21	25	60	0.991595	0.995478	0.988861	0
PBE65548_skip_cadb6549_ad795773_135.pod5	2a30b5ce-042a-48c2-b8fc-db2185b774a1	ad79577363ae350d286155344b9e1b0cb5f3459e	1868	4	258620	64.6544	258620	64.5096	24895	25.6326	unclassified	chr21	35202475	35227366	0	24888	+	24941	24838	24743	50	53	95	60	0.999719	0.996175	0.992061	0
PBE65548_skip_cadb6549_ad795773_135.pod5	3e0dda89-5bab-4579-a9af-e1fc54f9d30b	ad79577363ae350d286155344b9e1b0cb5f3459e	1356	1	258687	43.928	258687	43.6416	10817	23.8945	unclassified	chr18	27886995	27897786	10	10817	-	10824	10774	10746	33	17	28	60	0.999076	0.997401	0.992794	0
PBE65548_skip_cadb6549_ad795773_135.pod5	187ce0ee-bb7d-4f05-801e-a9687c964a15	ad79577363ae350d286155344b9e1b0cb5f3459e	2884	4	258785	2.9872	258785	2.9852	696	2.45752	unclassified	*	-1	-1	-1	-1	*	0	0	0	0	0	0	0	0	0	0	0
PBE65548_skip_cadb6549_ad795773_135.pod5	56be085e-a83c-47c1-ad29-0230c893029c	ad79577363ae350d286155344b9e1b0cb5f3459e	1925	1	258580	95.9492	258581	95.742	26533	28.5821	unclassified	chr3	117979305	118005819	9	26533	-	26539	26499	26459	25	15	40	60	0.999661	0.998491	0.996986	0
PBE65548_skip_cadb6549_ad795773_135.pod5	defd1fed-61f1-40b1-a654-867c0f85c606	ad79577363ae350d286155344b9e1b0cb5f3459e	1102	4	258322	98.27	258322	98.0604	35184	29.1008	unclassified	chr1	85792120	85827299	7	35184	-	35216	35140	35066	37	39	74	60	0.999801	0.997894	0.995741	0
PBE65548_skip_cadb6549_ad795773_135.pod5	6e107cd0-3de0-4132-a350-a5de021ce8ce	ad79577363ae350d286155344b9e1b0cb5f3459e	2384	2	258782	2.6252	258782	2.5116	1094	25.48	unclassified	chr10	20799126	20800210	9	1094	-	1085	1084	1084	1	0	0	60	0.991773	1	0.999078	0
PBE65548_skip_cadb6549_ad795773_135.pod5	95fed44f-b37b-415f-bbd7-325213a21194	ad79577363ae350d286155344b9e1b0cb5f3459e	77	4	258764	9.4536	258764	9.4516	3382	13.9429	unclassified	chr4	141165510	141168854	36	3370	+	3373	3305	3214	29	39	91	60	0.985807	0.972466	0.952861	0
PBE65548_skip_cadb6549_ad795773_135.pod5	28d35224-8429-4f0b-99ae-21a66e6b196f	ad79577363ae350d286155344b9e1b0cb5f3459e	2274	1	258799	2.0228	258799	2.0208	353	4.13463	unclassified	*	-1	-1	-1	-1	*	0	0	0	0	0	0	0	0	0	0	0
PBE65548_skip_cadb6549_ad795773_135.pod5	a9a3e48b-76e9-42c9-a859-b3f72b809f43	ad79577363ae350d286155344b9e1b0cb5f3459e	57	2	258706	60.344	258707	60.2184	22662	30.0867	unclassified	chr3	20317796	20340479	0	22662	-	22688	22657	22632	5	26	25	60	1	0.998897	0.997532	0
PBE65548_skip_cadb6549_ad795773_135.pod5	59e5baa1-7645-4cde-b512-4a155ac38ac3	ad79577363ae350d286155344b9e1b0cb5f3459e	1606	2	258629	67.55	258630	67.4052	22751	27.6113	unclassified	chr20	47569763	47592501	6	22751	-	22773	22710	22683	35	28	27	60	0.999736	0.998811	0.996048	0
PBE65548_skip_cadb6549_ad795773_135.pod5	c56b728a-2eae-4f66-b85d-8c221aba07fc	ad79577363ae350d286155344b9e1b0cb5f3459e	1781	1	258812	1.8582	258812	1.8562	370	3.82412	unclassified	*	-1	-1	-1	-1	*	0	0	0	0	0	0	0	0	0	0	0
PBE65548_skip_cadb6549_ad795773_135.pod5	11e33202-5b98-43cc-b41b-d83c72e331da	ad79577363ae350d286155344b9e1b0cb5f3459e	2162	3	258650	37.4984	258650	37.3812	11339	21.4162	unclassified	chr11	95021343	95032679	0	11339	-	11372	11303	11259	36	33	44	60	1	0.996107	0.990063	0
PBE65548_skip_cadb6549_ad795773_135.pod5	1dee1db7-00a5-41b4-a889-49098903aaed	ad79577363ae350d286155344b9e1b0cb5f3459e	2591	1	258741	39.0416	258741	39.0396	14881	28.4311	unclassified	chr20	10329831	10344671	3	14841	-	14853	14825	14810	13	15	15	60	0.99711	0.998988	0.997105	0
PBE65548_skip_cadb6549_ad795773_135.pod5	2c522900-41c1-47a2-881f-0d8faf6ba084	ad79577363ae350d286155344b9e1b0cb5f3459e	2161	1	258689	66.3744	258689	66.3724	13937	2.56817	unclassified	*	-1	-1	-1	-1	*	0	0	0	0	0	0	0	0	0	0	0
PBE65548_skip_cadb6549_ad795773_135.pod5	701a255a-9c39-4c02-be81-c320bea3068c	ad79577363ae350d286155344b9e1b0cb5f3459e	2162	3	258796	13.8662	258796	13.8642	4357	11.3518	unclassified	chr5	163174053	163178385	12	4317	-	4423	4214	4037	91	118	177	60	0.988065	0.957997	0.912729	0
PBE65548_skip_cadb6549_ad795773_135.pod5	36c32270-e139-40e4-9ae8-7365e907e2da	ad79577363ae350d286155344b9e1b0cb5f3459e	77	4	258705	59.1646	258705	59.1626	21372	9.95625	unclassified	chr3	64635895	64657631	4	21336	-	22363	20705	19525	627	1031	1180	60	0.998128	0.943009	0.873094	0
PBE65548_skip_cadb6549_ad795773_135.pod5	c44d72c6-ff4b-4c4b-aa24-cdcc6f01d3ee	ad79577363ae350d286155344b9e1b0cb5f3459e	986	1	258802	6.5684	258802	6.5664	1644	10.6393	unclassified	chr11	125369508	125371140	4	1611	-	1672	1567	1488	40	65	79	60	0.977494	0.949585	0.889952	0
PBE65548_skip_cadb6549_ad795773_135.pod5	2232324c-a69c-4ec4-a13d-f8f4a6fc8550	ad79577363ae350d286155344b9e1b0cb5f3459e	2844	4	258794	10.4984	258794	10.0416	4225	25.6838	unclassified	chr9	84771535	84775763	0	4225	-	4234	4219	4210	6	9	9	60	1	0.997867	0.994332	0
PBE65548_skip_cadb6549_ad795773_135.pod5	c29b7324-5268-4d2c-a8eb-0c5f5cd580ac	ad79577363ae350d286155344b9e1b0cb5f3459e	936	3	258794	8.2766	258794	8.2746	4592	27.7383	unclassified	chr22	18893999	18896990	1	3105	+	3203	2892	2521	212	99	371	1	0.675958	0.871715	0.787075	0
PBE65548_skip_cadb6549_ad795773_135.pod5	d82c0312-45ae-491d-b042-5f16edb693d0	ad79577363ae350d286155344b9e1b0cb5f3459e	385	3	258690	49.9148	258690	49.7064	19302	25.4283	unclassified	chr17	74804011	74823309	0	19295	+	19320	19273	19225	22	25	48	60	0.999637	0.997509	0.995083	0
PBE65548_skip_cadb6549_ad795773_135.pod5	3c777c93-f5c0-4286-a23f-a1c0e15d0509	ad79577363ae350d286155344b9e1b0cb5f3459e	795	4	258707	51.8696	258708	51.7392	21010	20.5304	unclassified	chr5	68511888	68532910	0	21005	+	21106	20921	20809	84	101	112	60	0.999762	0.994647	0.985928	0
PBE65548_skip_cadb6549_ad795773_135.pod5	54f522a9-6b5f-4278-ad25-6a9d63a6e5b4	ad79577363ae350d286155344b9e1b0cb5f3459e	936	3	258720	39.9992	258720	39.7344	12049	32.8559	unclassified	chr4	49858496	49870708	7	12049	-	12221	12033	11902	9	179	131	1	0.999419	0.989113	0.973897	0
PBE65548_skip_cadb6549_ad795773_135.pod5	b3a1b790-318e-44b8-aade-b1f08e49f442	ad79577363ae350d286155344b9e1b0cb5f3459e	795	4	258760	36.584	258760	36.4692	14404	23.5872	unclassified	chr1	52736929	52751316	1	14398	+	14436	14348	14286	49	39	62	60	0.999514	0.995679	0.989609	0
PBE65548_skip_cadb6549_ad795773_135.pod5	8e9593be-6c1c-462e-b50e-f7a2078d59f1	ad79577363ae350d286155344b9e1b0cb5f3459e	1868	4	258689	44.636	258689	44.478	17702	28.5305	unclassified	chr7	65174322	65191998	2	17702	-	17733	17643	17590	57	33	53	60	0.999887	0.996996	0.991936	0
PBE65548_skip_cadb6549_ad795773_135.pod5	cee80642-5098-4a77-8da6-f86fd09481fe	ad79577363ae350d286155344b9e1b0cb5f3459e	1781	1	258939	6.0304	258939	6.0284	1242	4.37072	unclassified	*	-1	-1	-1	-1	*	0	0	0	0	0	0	0	0	0	0	0
PBE65548_skip_cadb6549_ad795773_135.pod5	1c6080db-18fd-4327-8c12-46def51f884c	ad79577363ae350d286155344b9e1b0cb5f3459e	2710	1	258952	3.821	258952	3.819	1014	2.18833	unclassified	*	-1	-1	-1	-1	*	0	0	0	0	0	0	0	0	0	0	0
PBE65548_skip_cadb6549_ad795773_135.pod5	7e45766b-96d1-44f6-b39f-85c8331dddf9	ad79577363ae350d286155344b9e1b0cb5f3459e	1343	1	258785	29.8474	258785	29.8454	7634	20.9478	unclassified	chr2	36420160	36427764	30	7627	+	7625	7576	7520	21	28	56	60	0.995153	0.992608	0.986229	0
PBE65548_skip_cadb6549_ad795773_135.pod5	d3ed28be-10ba-4c26-80e8-41a2b11e16d0	ad79577363ae350d286155344b9e1b0cb5f3459e	601	4	258875	3.7104	258875	3.7084	992	4.31584	unclassified	*	-1	-1	-1	-1	*	0	0	0	0	0	0	0	0	0	0	0
PBE65548_skip_cadb6549_ad795773_135.pod5	ca239e8b-608e-4b42-aaac-f3ab95e7c1dc	ad79577363ae350d286155344b9e1b0cb5f3459e	385	3	258927	2.4056	258927	2.2872	833	31.3788	unclassified	chr1	108806567	108807392	0	824	+	825	824	823	0	1	1	60	0.989196	0.998786	0.997576	0
PBE65548_skip_cadb6549_ad795773_135.pod5	4541fdd6-d6c1-4221-b4cd-d67b982c879f	ad79577363ae350d286155344b9e1b0cb5f3459e	49	1	258724	43.9572	258724	43.9552	11664	6.44298	unclassified	chr9	42413563	42424906	158	11652	+	12193	10644	9341	850	699	1303	9	0.985425	0.877584	0.766095	0
PBE65548_skip_cadb6549_ad795773_135.pod5	1aa4dc09-1fbb-4af9-b9f2-c3c05979fb83	ad79577363ae350d286155344b9e1b0cb5f3459e	936	3	258760	33.6008	258760	33.4368	12577	27.4431	unclassified	chr4	38624121	38636685	0	12567	+	12586	12545	12528	22	19	17	60	0.999205	0.998645	0.995392	0
PBE65548_skip_cadb6549_ad795773_135.pod5	f23110a1-b9dc-4fd1-aacf-e97cb3f42eeb	ad79577363ae350d286155344b9e1b0cb5f3459e	708	1	259060	10.7924	259060	10.6488	4203	28.0339	unclassified	chr3	15340496	15344681	0	4194	+	4196	4183	4177	11	2	6	60	0.997859	0.998566	0.995472	0
PBE65548_skip_cadb6549_ad795773_135.pod5	e67a9ea2-fd7e-43c8-819f-da9bf4871de0	ad79577363ae350d286155344b9e1b0cb5f3459e	1820	2	258721	79.0304	258721	78.9192	16451	20.3799	unclassified	chr1	166282583	166298899	0	16444	+	16474	16286	16239	158	30	47	60	0.999574	0.997114	0.985735	0
PBE65548_skip_cadb6549_ad795773_135.pod5	8c71fd25-9466-4822-bc34-128b4442ed9d	ad79577363ae350d286155344b9e1b0cb5f3459e	2591	1	258786	17.9132	258786	17.7948	6889	31.6846	unclassified	chr16	25388065	25394956	6	6889	-	6894	6880	6873	3	11	7	60	0.999129	0.998983	0.996954	0
PBE65548_skip_cadb6549_ad795773_135.pod5	3ec1901e-262b-4d0a-8b3e-68d2daf0398a	ad79577363ae350d286155344b9e1b0cb5f3459e	2916	2	258688	70.233	258688	70.231	26773	27.3567	unclassified	chr2	170140639	170167518	6	26736	-	26912	26697	26638	33	182	59	60	0.998394	0.99779	0.989819	0
PBE65548_skip_cadb6549_ad795773_135.pod5	a2e8f261-718e-4811-abd2-0337723c7fb6	ad79577363ae350d286155344b9e1b0cb5f3459e	1102	4	258677	76.8388	258677	76.8368	28878	29.9708	unclassified	chr13	42114237	42143034	9	28844	-	28861	28771	28695	64	26	76	60	0.998511	0.997358	0.994248	0
PBE65548_skip_cadb6549_ad795773_135.pod5	7907b25a-5f0a-4565-b683-20184d7379b3	ad79577363ae350d286155344b9e1b0cb5f3459e	948	4	258958	3.1228	258958	3.1208	685	2.94736	unclassified	*	-1	-1	-1	-1	*	0	0	0	0	0	0	0	0	0	0	0
PBE65548_skip_cadb6549_ad795773_135.pod5	90fb81dd-f90f-4698-9bd7-19bf89fe07a3	ad79577363ae350d286155344b9e1b0cb5f3459e	683	3	258950	9.038	258950	8.8932	2042	25.7488	unclassified	chr4	157298741	157300776	0	2035	+	2036	2034	2033	1	1	1	60	0.996572	0.999508	0.998527	0
PBE65548_skip_cadb6549_ad795773_135.pod5	542f837b-d0a2-4c9f-abe8-7b083fb75d23	ad79577363ae350d286155344b9e1b0cb5f3459e	2384	2	258728	53.33	258728	53.202	21112	29.9823	unclassified	chr1	218409891	218431015	0	21104	+	21129	21099	21064	5	25	35	60	0.999621	0.998341	0.996924	0
PBE65548_skip_cadb6549_ad795773_135.pod5	a4b5ad1c-4a12-43ef-8842-9e154cf77b70	ad79577363ae350d286155344b9e1b0cb5f3459e	2161	1	259053	6.1992	259053	6.1972	1373	2.54122	unclassified	*	-1	-1	-1	-1	*	0	0	0	0	0	0	0	0	0	0	0
PBE65548_skip_cadb6549_ad795773_135.pod5	97168232-bdef-43c6-b1e6-0d64d07c51f1	ad79577363ae350d286155344b9e1b0cb5f3459e	413	4	258693	63.1386	258693	63.1366	21273	32.8762	unclassified	chr5	162298258	162319483	7	21244	-	21264	21198	21153	39	27	45	60	0.998308	0.997877	0.99478	0
PBE65548_skip_cadb6549_ad795773_135.pod5	b0119255-4f60-4204-9506-d7690aff419a	ad79577363ae350d286155344b9e1b0cb5f3459e	728	4	258854	11.5904	258854	11.4336	3239	28.1204	unclassified	chr2	110976959	110980188	0	3231	+	3234	3226	3217	5	3	9	60	0.99753	0.99721	0.994743	0
PBE65548_skip_cadb6549_ad795773_135.pod5	32751f06-908d-45e6-9753-1daabca47c5b	ad79577363ae350d286155344b9e1b0cb5f3459e	2844	4	258716	69.7652	258717	69.6372	28129	29.1318	unclassified	chr4	47535374	47563490	0	28119	+	28148	28087	27992	32	29	95	60	0.999645	0.996618	0.994458	0
PBE65548_skip_cadb6549_ad795773_135.pod5	87578b98-af50-4912-b0c9-6894b29d5ec8	ad79577363ae350d286155344b9e1b0cb5f3459e	1868	4	259026	1.839	259026	1.837	552	26.8888	unclassified	*	-1	-1	-1	-1	*	0	0	0	0	0	0	0	0	0	0	0
PBE65548_skip_cadb6549_ad795773_135.pod5	d429760b-af4d-4ebd-bc59-6a81428950ea	ad79577363ae350d286155344b9e1b0cb5f3459e	795	4	258988	4.8584	258988	4.7136	1963	21.7011	unclassified	chr5	932817	934784	0	1963	+	1968	1962	1947	1	5	15	60	1	0.992355	0.989329	0
PBE65548_skip_cadb6549_ad795773_135.pod5	17094a82-9120-4dd6-a0f8-81493cc2761d	ad79577363ae350d286155344b9e1b0cb5f3459e	413	4	259058	12.356	259058	12.2448	4556	30.8182	unclassified	chr17	43998287	44002829	7	4556	-	4553	4538	4534	11	4	4	60	0.998464	0.999119	0.995827	0
PBE65548_skip_cadb6549_ad795773_135.pod5	d4083637-610a-401d-a673-54dfb35212ee	ad79577363ae350d286155344b9e1b0cb5f3459e	385	3	258817	26.3096	258818	26.1744	9811	25.3101	unclassified	chr9	36748662	36758482	0	9811	+	9835	9796	9762	15	24	34	60	1	0.996529	0.992578	0
PBE65548_skip_cadb6549_ad795773_135.pod5	30abdd5f-8854-46a0-ab6d-4d25b1a3dcc4	ad79577363ae350d286155344b9e1b0cb5f3459e	2384	2	258598	90.9688	258598	90.9668	35216	28.0962	unclassified	chr20	61206797	61242011	43	35206	+	35274	35103	35032	60	111	71	60	0.998495	0.997977	0.993139	0
PBE65548_skip_cadb6549_ad795773_135.pod5	0caf269d-5686-4284-8b02-8fca0ca42c68	ad79577363ae350d286155344b9e1b0cb5f3459e	2884	4	258840	21.3134	258840	21.3114	4988	2.47709	unclassified	*	-1	-1	-1	-1	*	0	0	0	0	0	0	0	0	0	0	0
PBE65548_skip_cadb6549_ad795773_135.pod5	cc2421a8-02ed-4636-94a1-c443da08e531	ad79577363ae350d286155344b9e1b0cb5f3459e	1703	1	258834	8.0656	258834	8.0636	3540	11.1998	unclassified	chr21	25173863	25177405	37	3537	+	3625	3417	3277	83	125	140	60	0.988701	0.959028	0.904	0
PBE65548_skip_cadb6549_ad795773_135.pod5	03f91e0d-1dc0-47cc-bbbf-322536138ab2	ad79577363ae350d286155344b9e1b0cb5f3459e	2591	1	258834	26.2368	258834	26.2348	10026	31.5052	unclassified	chr1	56690269	56700248	0	9986	-	9997	9968	9959	18	11	9	60	0.99601	0.999097	0.996199	0
PBE65548_skip_cadb6549_ad795773_135.pod5	fc0e5c18-df9e-45de-8805-8e28cb9bd10d	ad79577363ae350d286155344b9e1b0cb5f3459e	795	4	258807	19.604	258807	19.434	7161	21.4199	unclassified	chr3	629477	636635	6	7161	-	7182	7131	7103	24	27	28	60	0.999162	0.996073	0.989	0
PBE65548_skip_cadb6549_ad795773_135.pod5	9e3e3ab2-685a-46ac-b599-33027837ae00	ad79577363ae350d286155344b9e1b0cb5f3459e	77	4	258774	38.9704	258774	38.9684	13622	9.96196	unclassified	chr4	70242699	70256506	43	13613	+	14210	13167	12406	403	640	761	60	0.996183	0.942204	0.873047	0
PBE65548_skip_cadb6549_ad795773_135.pod5	d65c1218-647f-4b3b-b890-6e783c7d7ca1	ad79577363ae350d286155344b9e1b0cb5f3459e	1430	1	258757	65.1596	258757	65.0388	18853	30.7298	unclassified	chr6	167134362	167153222	0	18846	+	18863	18843	18807	3	17	36	60	0.999629	0.998089	0.997031	0
PBE65548_skip_cadb6549_ad795773_135.pod5	99fd4b18-04c7-493a-8038-b66993b2da08	ad79577363ae350d286155344b9e1b0cb5f3459e	385	3	258845	10.5548	258845	10.4628	4265	22.7968	unclassified	chr7	134428417	134432689	0	4260	+	4274	4258	4247	2	14	11	60	0.998828	0.997417	0.993683	0
PBE65548_skip_cadb6549_ad795773_135.pod5	2ffbb00a-e2ce-407e-af21-fef196427828	ad79577363ae350d286155344b9e1b0cb5f3459e	1781	1	258868	10.1838	258868	10.1818	2082	2.85928	unclassified	*	-1	-1	-1	-1	*	0	0	0	0	0	0	0	0	0	0	0
PBE65548_skip_cadb6549_ad795773_135.pod5	8ff50752-5af3-4c3c-87ac-6b6a7ee1e214	ad79577363ae350d286155344b9e1b0cb5f3459e	1343	1	259020	38.9744	259020	38.5068	14353	22.8266	unclassified	chr11	36520515	36534877	0	14341	+	14389	14314	14266	27	48	48	60	0.999164	0.996647	0.991452	0
PBE65548_skip_cadb6549_ad795773_135.pod5	1f64c10c-bd26-4e47-b91f-6e21acb728b1	ad79577363ae350d286155344b9e1b0cb5f3459e	986	1	258814	30.517	258814	30.515	6231	9.84997	unclassified	chr17	16487978	16494182	30	6226	+	6449	5951	5632	245	253	319	60	0.994383	0.946396	0.873314	0
PBE65548_skip_cadb6549_ad795773_135.pod5	71391f1b-8149-49cc-9570-0b5008905cf3	ad79577363ae350d286155344b9e1b0cb5f3459e	2097	4	258639	104.358	258639	104.246	39587	21.1014	unclassified	chr11	58658893	58697843	617	39587	-	39009	38911	38864	59	39	47	60	0.984414	0.998792	0.996283	0
PBE65548_skip_cadb6549_ad795773_135.pod5	25d946c6-14d8-4eb6-9360-9fb7170b465b	ad79577363ae350d286155344b9e1b0cb5f3459e	2384	2	258789	46.4348	258789	46.2912	17112	27.8506	unclassified	chr1	49710374	49727482	8	17112	-	17128	17084	17066	20	24	18	60	0.999533	0.998946	0.99638	0
PBE65548_skip_cadb6549_ad795773_135.pod5	c60ae10c-1721-40a3-9fa9-9959bced1197	ad79577363ae350d286155344b9e1b0cb5f3459e	575	4	258785	42.9356	258785	42.75	12225	29.0453	unclassified	chr3	8150126	8162358	6	12225	-	12249	12202	12177	17	30	25	60	0.999509	0.997951	0.994122	0
PBE65548_skip_cadb6549_ad795773_135.pod5	f67dc28b-c6ee-4eed-a5cf-fd6b7efe9416	ad79577363ae350d286155344b9e1b0cb5f3459e	986	1	258739	62.8202	258739	62.8182	16036	10.403	unclassified	chr11	125355040	125371131	36	16021	+	16598	15478	14716	507	613	762	60	0.99682	0.950769	0.886613	0
PBE65548_skip_cadb6549_ad795773_135.pod5	14c579a0-87f3-4747-899f-5b14b1263055	ad79577363ae350d286155344b9e1b0cb5f3459e	1343	1	258711	68.1488	258711	67.9728	23562	22.3138	unclassified	chr13	85845532	85869097	0	23559	+	23642	23482	23364	77	83	118	60	0.999873	0.994975	0.988241	0
PBE65548_skip_cadb6549_ad795773_135.pod5	4720d3ec-d78c-47e3-963b-90ec423bbd4b	ad79577363ae350d286155344b9e1b0cb5f3459e	1606	2	258881	8.1488	258881	8.0172	3332	29.2002	unclassified	chrX	115252948	115256267	8	3332	-	3331	3312	3304	12	7	8	60	0.997599	0.997585	0.991894	0
PBE65548_skip_cadb6549_ad795773_135.pod5	f27fb76c-d8a6-46e5-b376-08f6d7723de6	ad79577363ae350d286155344b9e1b0cb5f3459e	1606	2	259022	42.2804	259022	42.174	17350	26.5821	unclassified	chr12	28734249	28751603	0	17344	+	17366	17332	17301	12	22	31	60	0.999654	0.998211	0.996257	0
PBE65548_skip_cadb6549_ad795773_135.pod5	01546d2f-7adc-4890-bbc9-cdcaa3f85220	ad79577363ae350d286155344b9e1b0cb5f3459e	77	4	258850	38.5042	258850	38.5022	13704	10.3987	unclassified	chr6	39778853	39792651	8	13668	-	14188	13270	12558	390	528	712	60	0.996789	0.946345	0.885114	0
PBE65548_skip_cadb6549_ad795773_135.pod5	54e8e8bc-438b-4e86-b446-912a2e62c8d6	ad79577363ae350d286155344b9e1b0cb5f3459e	708	1	258890	13.0088	258890	12.8988	3830	28.4756	unclassified	chr4	10053758	10057590	0	3824	+	3834	3822	3816	2	10	6	60	0.998433	0.99843	0.995305	0
PBE65548_skip_cadb6549_ad795773_135.pod5	144e7241-ed4f-4955-b77d-bb89bcc6357d	ad79577363ae350d286155344b9e1b0cb5f3459e	77	4	258814	36.77	258814	36.6156	15200	9.76809	unclassified	chr15	31788085	31803582	7	15186	+	15945	14731	13881	448	766	850	60	0.998618	0.942299	0.870555	0
PBE65548_skip_cadb6549_ad795773_135.pod5	34f22fc2-9d01-442a-a796-f7b035a0a7c9	ad79577363ae350d286155344b9e1b0cb5f3459e	575	4	258678	93.2504	258678	93.2484	34542	40.745	unclassified	chr1	122777129	122787136	27	10026	+	10020	9986	9358	13	21	628	1	0.289474	0.937112	0.933932	0
PBE65548_skip_cadb6549_ad795773_135.pod5	8d662ddd-c411-484b-b751-3e7e9b853840	ad79577363ae350d286155344b9e1b0cb5f3459e	575	4	258828	41.4044	258828	41.238	16051	26.4828	unclassified	chr13	74188360	74204401	11	16051	-	16056	16025	15998	15	16	27	60	0.999315	0.998315	0.996388	0
PBE65548_skip_cadb6549_ad795773_135.pod5	3be31ab0-cec8-4c8f-afa1-8ed42951f79a	ad79577363ae350d286155344b9e1b0cb5f3459e	1703	1	258846	36.204	258846	36.202	10181	12.8518	unclassified	chr7	32516202	32526312	10	10102	-	10287	9915	9632	177	195	283	60	0.991258	0.971457	0.936327	0
PBE65548_skip_cadb6549_ad795773_135.pod5	975713e4-4d28-4414-b83f-2fe480df5422	ad79577363ae350d286155344b9e1b0cb5f3459e	2591	1	258867	27.6726	258867	27.6706	11293	23.4891	unclassified	chr12	70415905	70427176	29	11287	+	11298	11231	11189	27	40	42	60	0.996901	0.99626	0.990352	0
PBE65548_skip_cadb6549_ad795773_135.pod5	01b56bc5-88f8-441c-a171-e424b85f5e13	ad79577363ae350d286155344b9e1b0cb5f3459e	1356	1	258732	78.9512	258732	78.9492	24017	24.3698	unclassified	chr11	58945170	58969156	7	23977	-	24047	23909	23867	61	77	42	60	0.998043	0.998243	0.992515	0
PBE65548_skip_cadb6549_ad795773_135.pod5	422ae5d1-5d5b-4ef1-9172-e77a7a8e64f4	ad79577363ae350d286155344b9e1b0cb5f3459e	57	2	258778	77.6708	258778	77.5548	29613	29.2541	unclassified	chr6	9525870	9555486	9	29613	-	29662	29558	29465	46	58	93	60	0.999696	0.996854	0.993358	0
PBE65548_skip_cadb6549_ad795773_135.pod5	38a32f2f-7ba5-407c-be73-5bfa7092e7e8	ad79577363ae350d286155344b9e1b0cb5f3459e	986	1	258896	25.5206	258896	25.5186	6336	9.99101	unclassified	chr21	13294657	13301006	35	6329	+	6546	6097	5750	197	252	347	60	0.993371	0.943087	0.878399	0
PBE65548_skip_cadb6549_ad795773_135.pod5	b91c335e-f20d-4b45-8b54-567b100cb113	ad79577363ae350d286155344b9e1b0cb5f3459e	1606	2	258889	26.2352	258889	26.1432	10445	27.6185	unclassified	chr18	3972106	3982530	0	10445	-	10457	10412	10402	33	12	10	60	1	0.99904	0.99474	0
PBE65548_skip_cadb6549_ad795773_135.pod5	35517d24-cb2e-4004-8af5-24ce6a5a15f6	ad79577363ae350d286155344b9e1b0cb5f3459e	2916	2	258866	22.8912	258866	22.8892	12811	18.633	unclassified	chr16	9103604	9116399	7	12764	-	12861	12691	12589	66	104	102	60	0.995785	0.991963	0.978851	0
PBE65548_skip_cadb6549_ad795773_135.pod5	b6f582b4-7ec2-47b6-800e-06ab70dc7b13	ad79577363ae350d286155344b9e1b0cb5f3459e	708	1	258825	64.106	258825	63.9876	23048	28.8712	unclassified	chr4	123432077	123455106	0	23043	+	23067	23005	22948	38	24	57	60	0.999783	0.997522	0.994841	0
PBE65548_skip_cadb6549_ad795773_135.pod5	0f8cc1c5-bf6d-4d49-b7ac-e7a6c7497eb4	ad79577363ae350d286155344b9e1b0cb5f3459e	385	3	258740	75.6968	258740	75.4908	28919	29.7154	unclassified	chr5	50932198	50961099	1	28914	+	28938	28876	28834	37	25	42	60	0.999793	0.998546	0.996406	0
PBE65548_skip_cadb6549_ad795773_135.pod5	aea922a9-d67d-4ebc-b227-1515bd3626f2	ad79577363ae350d286155344b9e1b0cb5f3459e	385	3	258931	12.3896	258931	12.2472	4189	29.3249	unclassified	chr5	107526559	107530741	0	4180	+	4184	4178	4177	2	4	1	60	0.997851	0.999761	0.998327	0
PBE65548_skip_cadb6549_ad795773_135.pod5	e1933ec9-1d54-471f-9abe-6dd534b2e42f	ad79577363ae350d286155344b9e1b0cb5f3459e	1606	2	258920	11.9888	258920	11.892	5223	26.0404	unclassified	chr18	57214806	57220064	0	5223	-	5264	5217	5200	6	41	17	60	1	0.996741	0.987842	0
PBE65548_skip_cadb6549_ad795773_135.pod5	3c50646b-82b2-4548-9336-35b52aa2fe75	ad79577363ae350d286155344b9e1b0cb5f3459e	1781	1	258932	5.8172	258932	5.8152	1313	3.18776	unclassified	*	-1	-1	-1	-1	*	0	0	0	0	0	0	0	0	0	0	0
PBE65548_skip_cadb6549_ad795773_135.pod5	905582d5-c86b-45e2-ab75-38775d153f9b	ad79577363ae350d286155344b9e1b0cb5f3459e	77	4	258928	13.3322	258928	13.3302	4367	9.04733	unclassified	chr21	9090514	9094973	57	4363	+	4587	4178	3818	128	281	360	60	0.986032	0.913834	0.832352	0
PBE65548_skip_cadb6549_ad795773_135.pod5	ce99103f-68bc-4a30-9471-58796b00c420	ad79577363ae350d286155344b9e1b0cb5f3459e	1343	1	258890	41.4764	258890	41.2188	14401	19.6561	unclassified	chr12	105369901	105384683	8	14401	-	14859	14316	14229	77	466	87	60	0.999444	0.993923	0.957601	0
PBE65548_skip_cadb6549_ad795773_135.pod5	7a43845c-e9f7-40f0-b908-7137884c6150	ad79577363ae350d286155344b9e1b0cb5f3459e	708	1	258754	69.536	258754	69.4356	24490	29.4211	unclassified	chr11	43210602	43221371	0	10764	+	10779	10754	10745	10	15	9	60	0.439526	0.999163	0.996846	0
PBE65548_skip_cadb6549_ad795773_135.pod5	5e894507-e028-4ea2-a7d5-46bb7f8f1faa	ad79577363ae350d286155344b9e1b0cb5f3459e	708	1	258430	22.5404	258430	22.4508	9447	30.4725	unclassified	chr7	152537844	152547170	6	9447	-	9466	9301	9283	140	25	18	60	0.999365	0.998065	0.980668	0
PBE65548_skip_cadb6549_ad795773_135.pod5	c6cea709-d981-44d7-9a19-5a8485ce3ea0	ad79577363ae350d286155344b9e1b0cb5f3459e	1820	2	258453	26.084	258453	25.9704	10370	30.5393	unclassified	chr13	61350184	61360544	0	10370	+	10377	10353	10325	17	7	28	60	1	0.997295	0.994989	0
PBE65548_skip_cadb6549_ad795773_135.pod5	757e99ec-38b4-427d-90bf-1419d12c82f2	ad79577363ae350d286155344b9e1b0cb5f3459e	1832	3	258421	43.1858	258421	43.1838	17495	25.3363	unclassified	chrX	84338284	84355728	16	17463	-	17473	17418	17391	29	26	27	60	0.997256	0.99845	0.995307	0
PBE65548_skip_cadb6549_ad795773_135.pod5	18f7ebf4-b459-4fed-8f67-0512994cc7ca	ad79577363ae350d286155344b9e1b0cb5f3459e	1102	4	258420	49.7464	258420	49.7444	20167	29.0986	unclassified	chr5	99933559	99953692	6	20141	-	20154	20114	20099	21	19	15	60	0.998413	0.999254	0.997271	0
PBE65548_skip_cadb6549_ad795773_135.pod5	851bbafd-23c2-481d-8491-75eeeb390f9f	ad79577363ae350d286155344b9e1b0cb5f3459e	1812	3	258384	61.184	258384	61.0896	27075	27.8622	unclassified	chr1	194427439	194454525	0	27070	+	27116	27040	26978	30	46	62	60	0.999815	0.997707	0.994911	0
PBE65548_skip_cadb6549_ad795773_135.pod5	37cd5d3d-07b9-4506-bcc6-433f67f7db33	ad79577363ae350d286155344b9e1b0cb5f3459e	795	4	258827	36.6452	258827	36.4932	13458	32.0493	unclassified	chr2	94527348	94535554	13	8212	+	8277	8128	6791	71	78	1337	1	0.609229	0.835507	0.820466	0
PBE65548_skip_cadb6549_ad795773_135.pod5	922aa8df-9280-4df7-9696-97a213f7e7c3	ad79577363ae350d286155344b9e1b0cb5f3459e	57	2	258898	24.2024	258899	24.0648	9159	33.9175	unclassified	chr16	46390064	46401042	0	9153	+	11059	9072	8446	81	1906	626	60	0.999345	0.930996	0.763722	0
PBE65548_skip_cadb6549_ad795773_135.pod5	2aa2ef10-8ded-4aff-aa48-b63ff3cd331c	ad79577363ae350d286155344b9e1b0cb5f3459e	1098	3	258949	9.3122	258949	9.3102	2220	4.12344	unclassified	*	-1	-1	-1	-1	*	0	0	0	0	0	0	0	0	0	0	0
PBE65548_skip_cadb6549_ad795773_135.pod5	7ccfcabd-8162-40c0-a253-5a48ee5c2eba	ad79577363ae350d286155344b9e1b0cb5f3459e	77	4	258941	5.354	258941	5.352	2344	15.9572	unclassified	chr16	46388533	46390849	10	2315	-	2322	2299	2216	6	17	83	60	0.983362	0.963897	0.95435	0
PBE65548_skip_cadb6549_ad795773_135.pod5	a843fe86-d4eb-45fd-82d2-2d2fcfba57fd	ad79577363ae350d286155344b9e1b0cb5f3459e	57	2	258857	36.7784	258857	36.7764	13449	33.8921	unclassified	chr7	39728463	39741860	5	13402	-	13406	13388	13384	9	9	4	60	0.996134	0.999701	0.998359	0
PBE65548_skip_cadb6549_ad795773_135.pod5	5fd4d9de-8c9d-4a19-ba22-cde57329608e	ad79577363ae350d286155344b9e1b0cb5f3459e	2844	4	258683	33.3416	258683	33.2448	14034	26.2088	unclassified	chr3	14791263	14805297	6	14034	-	14049	14013	13996	15	21	17	60	0.999572	0.998787	0.996228	0
PBE65548_skip_cadb6549_ad795773_135.pod5	9de6931f-f740-4f9f-8b70-357da658c1d4	ad79577363ae350d286155344b9e1b0cb5f3459e	2931	4	258868	33.164	258868	33.0828	17230	23.2183	unclassified	chr6	10664346	10681602	0	17224	+	17277	17203	17157	21	53	46	60	0.999652	0.997326	0.993054	0
PBE65548_skip_cadb6549_ad795773_135.pod5	0a1c4e34-fcff-4137-a010-b8f53abe03ba	ad79577363ae350d286155344b9e1b0cb5f3459e	787	4	258784	92.03	258784	91.8756	23536	19.4126	unclassified	chr8	43101107	43122004	0	20892	+	20929	20860	20842	32	37	18	60	0.887661	0.999137	0.995843	0
PBE65548_skip_cadb6549_ad795773_135.pod5	b5bb3a83-eac8-486b-9b84-9a12c1deafcc	ad79577363ae350d286155344b9e1b0cb5f3459e	77	4	258892	34.6174	258892	34.6154	11922	10.3824	unclassified	chrY	25114882	25126915	40	11915	+	12371	11537	10921	338	496	616	7	0.996058	0.946607	0.88279	0
PBE65548_skip_cadb6549_ad795773_135.pod5	bc3742ff-cb4e-4c73-903a-adf7fad2cad2	ad79577363ae350d286155344b9e1b0cb5f3459e	2916	2	258780	74.0588	258780	73.9692	33223	25.4781	unclassified	chr6	131177577	131210807	9	33223	-	33270	33174	33119	40	56	55	60	0.999729	0.998342	0.995461	0
PBE65548_skip_cadb6549_ad795773_135.pod5	700615f6-9375-4572-9454-2052e15414aa	ad79577363ae350d286155344b9e1b0cb5f3459e	2710	1	258956	6.1316	258956	6.1296	1420	3.82994	unclassified	chr21	8227282	8227576	0	294	-	294	294	294	0	0	0	0	0.207042	1	1	0
PBE65548_skip_cadb6549_ad795773_135.pod5	a7fd1361-d242-42c4-a6be-51369a1e9cee	ad79577363ae350d286155344b9e1b0cb5f3459e	936	3	258925	27.068	258926	26.9592	10784	25.3849	unclassified	chr3	167886052	167896833	0	10776	+	10793	10764	10743	12	17	21	60	0.999258	0.998049	0.995367	0
PBE65548_skip_cadb6549_ad795773_135.pod5	bf5a9026-1b77-4c43-842a-939fb9adcf20	ad79577363ae350d286155344b9e1b0cb5f3459e	1820	2	258801	46.1864	258801	46.0752	19348	27.5212	unclassified	chr13	71691414	71710786	0	19343	+	19384	19331	19315	12	41	16	60	0.999742	0.999172	0.99644	0
PBE65548_skip_cadb6549_ad795773_135.pod5	b3065db5-090c-4905-a08f-5865b196aa52	ad79577363ae350d286155344b9e1b0cb5f3459e	1812	3	258927	27.572	258927	27.4896	12281	25.6587	unclassified	chr11	82691610	82703882	12	12281	-	12289	12252	12218	17	20	34	60	0.999023	0.997225	0.994222	0
PBE65548_skip_cadb6549_ad795773_135.pod5	f92fd590-1a54-499d-96c5-88e6163cf8c4	ad79577363ae350d286155344b9e1b0cb5f3459e	2710	1	258966	4.5524	258966	4.5504	1320	10.1918	unclassified	chr21	8408986	8410161	0	1320	-	1342	1153	1147	167	22	6	0	1	0.994796	0.854694	0
PBE65548_skip_cadb6549_ad795773_135.pod5	503fc4c5-f58b-4c28-8e11-fb4010ff6cef	ad79577363ae350d286155344b9e1b0cb5f3459e	575	4	258874	43.1838	258874	43.1818	15894	22.2449	unclassified	chr15	88441037	88456924	36	15887	+	15912	15826	15790	25	61	36	60	0.997295	0.997725	0.992333	0
PBE65548_skip_cadb6549_ad795773_135.pod5	73a08af3-8853-417f-a6bf-b73355cc2f56	ad79577363ae350d286155344b9e1b0cb5f3459e	1343	1	258933	19.3376	258933	19.1928	6584	18.6245	unclassified	chr3	14498559	14505138	0	6579	+	6615	6543	6501	36	36	42	60	0.999241	0.993581	0.982766	0
PBE65548_skip_cadb6549_ad795773_135.pod5	b47b10d7-9b5a-401b-aaf8-0414d784d198	ad79577363ae350d286155344b9e1b0cb5f3459e	1606	2	258932	13.9148	258932	13.782	3929	33.9334	unclassified	chr4	49134427	49138516	0	3917	-	4329	3677	3221	240	412	456	1	0.996946	0.875986	0.744052	0
PBE65548_skip_cadb6549_ad795773_135.pod5	6a4c3c24-de07-40d5-ad93-ce461879c23b	ad79577363ae350d286155344b9e1b0cb5f3459e	986	1	258845	50.8704	258845	50.8684	8910	9.40995	unclassified	chr16	32312769	32321636	2	8877	-	9259	8483	8025	392	384	458	60	0.996072	0.94601	0.866724	0
PBE65548_skip_cadb6549_ad795773_135.pod5	0dec10a3-351f-4263-9884-afe6dbc67837	ad79577363ae350d286155344b9e1b0cb5f3459e	2916	2	258969	13.4528	258969	13.2192	5282	26.1049	unclassified	chr16	17603687	17608959	0	5275	+	5282	5265	5252	10	7	13	60	0.998675	0.997531	0.99432	0
PBE65548_skip_cadb6549_ad795773_135.pod5	40704fa5-0392-4268-9bd2-a9c989ff389c	ad79577363ae350d286155344b9e1b0cb5f3459e	2384	2	258921	25.0436	258921	24.8868	10727	22.8226	unclassified	chr11	126780833	126791586	0	10720	+	10764	10709	10687	11	44	22	60	0.999347	0.997946	0.992847	0
PBE65548_skip_cadb6549_ad795773_135.pod5	5fcb9ba3-7cc5-4d58-a0ca-9b4c512ec435	ad79577363ae350d286155344b9e1b0cb5f3459e	2161	1	258988	4.2968	258988	4.2948	868	2.80388	unclassified	*	-1	-1	-1	-1	*	0	0	0	0	0	0	0	0	0	0	0
PBE65548_skip_cadb6549_ad795773_135.pod5	ed6976ae-41e7-4af7-bf94-79ae57827f2f	ad79577363ae350d286155344b9e1b0cb5f3459e	1925	1	258895	41.6756	258896	41.0628	10794	28.1946	unclassified	chr2	184878348	184889126	9	10791	-	10787	10773	10768	9	5	5	60	0.998888	0.999536	0.998239	0
PBE65548_skip_cadb6549_ad795773_135.pod5	e6bb1d8e-b5ce-4434-bbad-da6a2bfb69bd	ad79577363ae350d286155344b9e1b0cb5f3459e	2161	1	258998	5.7746	258998	5.7726	1298	2.50682	unclassified	*	-1	-1	-1	-1	*	0	0	0	0	0	0	0	0	0	0	0
PBE65548_skip_cadb6549_ad795773_135.pod5	6640ad78-0e3a-493f-8932-285ca8e564f0	ad79577363ae350d286155344b9e1b0cb5f3459e	1812	3	258898	28.394	258898	28.29	12284	28.2695	unclassified	chr11	82691610	82703883	0	12278	+	12290	12261	12223	17	12	38	60	0.999512	0.996901	0.994548	0
PBE65548_skip_cadb6549_ad795773_135.pod5	6298adb7-9cb9-4e74-9b4f-ed41f5339b15	ad79577363ae350d286155344b9e1b0cb5f3459e	2162	3	258816	100.023	258816	100.021	25716	11.1658	unclassified	chr15	35319201	35344908	67	25711	+	26359	24992	23977	652	715	1015	60	0.9972	0.959387	0.909632	0
PBE65548_skip_cadb6549_ad795773_135.pod5	53e46e18-49ed-4787-832d-f65b14938ca1	ad79577363ae350d286155344b9e1b0cb5f3459e	2844	4	258911	54.8744	258911	54.7896	24517	25.4448	unclassified	chr18	10605869	10630428	0	24512	+	24602	24469	24325	43	90	144	60	0.999796	0.994115	0.988741	0
PBE65548_skip_cadb6549_ad795773_135.pod5	dd78ce3d-3d83-4f51-9134-b6bf25fe6879	ad79577363ae350d286155344b9e1b0cb5f3459e	2384	2	258838	80.9756	258838	80.844	31611	27.3472	unclassified	chr8	122068040	122099654	0	31604	+	31647	31571	31544	33	43	27	60	0.999779	0.999145	0.996745	0
PBE65548_skip_cadb6549_ad795773_135.pod5	ca2ab033-0771-4a04-aa86-6e8ad4f82635	ad79577363ae350d286155344b9e1b0cb5f3459e	936	3	258954	17.342	258954	17.214	7489	23.1727	unclassified	chr11	123903182	123910684	5	7489	-	7517	7469	7434	15	33	35	60	0.999332	0.995314	0.988958	0
PBE65548_skip_cadb6549_ad795773_135.pod5	603abc70-8f11-4f5a-85ca-66e4be6079d0	ad79577363ae350d286155344b9e1b0cb5f3459e	787	4	258676	103.999	258676	103.997	50007	20.8758	unclassified	chr12	1602821	1652070	21	50007	+	50257	48978	48787	1008	271	191	60	0.99958	0.9961	0.97075	0
PBE65548_skip_cadb6549_ad795773_135.pod5	b2744eca-178b-4020-9d46-83990224cd54	ad79577363ae350d286155344b9e1b0cb5f3459e	1606	2	258774	105.315	258775	105.204	48993	23.932	unclassified	chr14	84999036	85048095	0	48987	+	49148	48898	48752	89	161	146	60	0.999878	0.997014	0.991943	0
PBE65548_skip_cadb6549_ad795773_135.pod5	d730db9f-aa7b-4262-8daa-e738f0b9fd27	ad79577363ae350d286155344b9e1b0cb5f3459e	2844	4	258816	91.1336	258816	91.032	37387	30.2384	unclassified	chr7	11288279	11325659	0	37381	+	37428	37333	37225	48	47	108	60	0.99984	0.997107	0.994576	0
PBE65548_skip_cadb6549_ad795773_135.pod5	e5eda3eb-22bb-4e76-9d8b-405d65d1f4d1	ad79577363ae350d286155344b9e1b0cb5f3459e	2931	4	258987	19.6424	258987	19.5192	8157	23.8734	unclassified	chr9	9258216	9265485	0	7265	+	7274	7260	7240	5	9	20	60	0.890646	0.997245	0.995326	0
PBE65548_skip_cadb6549_ad795773_135.pod5	bb5833af-c43e-4abd-b2c4-82f6110bb38f	ad79577363ae350d286155344b9e1b0cb5f3459e	413	4	259009	6.5448	259009	6.5428	2457	24.8245	unclassified	chr2	231944068	231946491	6	2429	-	2428	2418	2413	5	5	5	60	0.986162	0.997932	0.993822	0
PBE65548_skip_cadb6549_ad795773_135.pod5	ee574adf-9a70-4af1-afe0-92a3469627be	ad79577363ae350d286155344b9e1b0cb5f3459e	1868	4	259011	6.4196	259011	6.234	2290	35.7583	unclassified	chr5	119056061	119058346	0	2284	+	2285	2284	2284	0	1	0	60	0.99738	1	0.999562	0
PBE65548_skip_cadb6549_ad795773_135.pod5	73fb1c66-b79f-4563-ba06-e882dd1c3acf	ad79577363ae350d286155344b9e1b0cb5f3459e	2384	2	258953	24.77	258953	24.6804	13071	18.3489	unclassified	chr22	33997162	34010313	14	13071	-	13210	12998	12910	59	153	88	60	0.998929	0.99323	0.97729	0
PBE65548_skip_cadb6549_ad795773_135.pod5	fb46643e-b21b-46df-8712-6d02f9675bec	ad79577363ae350d286155344b9e1b0cb5f3459e	2916	2	258982	20.4344	258982	20.3568	7834	28.4285	unclassified	chr7	71257362	71265207	0	7831	+	7857	7819	7806	12	26	13	60	0.999617	0.998337	0.993509	0
PBE65548_skip_cadb6549_ad795773_135.pod5	0e5c13c7-4e1e-4b3a-a202-64a17754d4c6	ad79577363ae350d286155344b9e1b0cb5f3459e	728	4	258989	16.5068	258989	16.3236	6201	27.9639	unclassified	chr6	70476999	70483208	0	6195	+	6211	6193	6181	2	16	12	60	0.999032	0.998062	0.99517	0
PBE65548_skip_cadb6549_ad795773_135.pod5	2a40c7a6-75a3-4b9a-a8fe-547235d33106	ad79577363ae350d286155344b9e1b0cb5f3459e	708	1	258903	49.6496	258903	49.5456	19561	32.9152	unclassified	chr10	18782583	18802137	6	19561	-	19565	19544	19514	11	10	30	60	0.999693	0.998465	0.997393	0
PBE65548_skip_cadb6549_ad795773_135.pod5	857a16f4-f9da-4f2b-a815-dc495bdc59ae	ad79577363ae350d286155344b9e1b0cb5f3459e	2931	4	258781	80.1834	258781	80.1814	31212	25.6245	unclassified	chr11	68351687	68382839	5	31176	-	31245	31078	31003	93	74	75	60	0.998686	0.997587	0.992255	0
PBE65548_skip_cadb6549_ad795773_135.pod5	6a7f6a9f-aa28-4eec-b648-695958823e8c	ad79577363ae350d286155344b9e1b0cb5f3459e	385	3	258858	60.4424	258858	60.1992	19117	30.0483	unclassified	chr15	73535383	73554483	0	19110	+	19128	19082	19066	28	18	16	60	0.999634	0.999162	0.996759	0
PBE65548_skip_cadb6549_ad795773_135.pod5	74dba0ea-725b-458e-be19-9fe461ca2268	ad79577363ae350d286155344b9e1b0cb5f3459e	2384	2	258991	24.7664	258991	24.6288	9998	27.3182	unclassified	chr2	22301661	22311655	4	9998	-	10004	9984	9965	10	10	19	60	0.9996	0.998097	0.996102	0
PBE65548_skip_cadb6549_ad795773_135.pod5	24d7a58c-f4c0-4a91-8592-ba04d06579a4	ad79577363ae350d286155344b9e1b0cb5f3459e	1868	4	259018	5.8424	259019	5.7048	2289	27.6679	unclassified	chr5	119056061	119058345	7	2289	-	2285	2281	2279	1	3	2	60	0.996942	0.999123	0.997374	0
PBE65548_skip_cadb6549_ad795773_135.pod5	430001cd-04de-4ab7-9f61-4606e229de53	ad79577363ae350d286155344b9e1b0cb5f3459e	986	1	259011	14.6208	259011	14.6188	3626	13.0032	unclassified	chr7	5506801	5510393	10	3571	-	3655	3498	3383	63	94	115	60	0.982074	0.967124	0.925581	0
PBE65548_skip_cadb6549_ad795773_135.pod5	afbfa1bc-3a7f-4451-89eb-364976370fd0	ad79577363ae350d286155344b9e1b0cb5f3459e	2931	4	258967	18.8576	258968	18.762	8363	24.5431	unclassified	chr9	9258214	9266588	5	8363	-	8388	8344	8328	14	30	16	60	0.999402	0.998082	0.992847	0
PBE65548_skip_cadb6549_ad795773_135.pod5	660957b6-df02-45ab-85ef-30ad12512a3e	ad79577363ae350d286155344b9e1b0cb5f3459e	936	3	259027	1.4796	259027	1.4776	505	26.5518	unclassified	chr9	2802466	2802936	0	472	-	472	470	470	2	0	0	60	0.934653	1	0.995763	0
PBE65548_skip_cadb6549_ad795773_135.pod5	783d83f7-0697-4e56-89cc-6b147c14d0f6	ad79577363ae350d286155344b9e1b0cb5f3459e	1868	4	258984	25.3232	258984	25.2096	9491	28.4667	unclassified	chr1	71899359	71908833	0	9484	+	9498	9460	9434	24	14	26	60	0.999262	0.997252	0.993262	0
PBE65548_skip_cadb6549_ad795773_135.pod5	ce9a1be1-179a-4726-862c-0c5d83d71fe8	ad79577363ae350d286155344b9e1b0cb5f3459e	787	4	258888	71.9012	258888	71.7852	27258	32.5291	unclassified	chr11	56002035	56029287	8	27258	-	27279	27223	27188	27	29	35	60	0.999707	0.998714	0.996664	0
PBE65548_skip_cadb6549_ad795773_135.pod5	3a1d30d8-8e06-4714-a2da-4f6c33be7bab	ad79577363ae350d286155344b9e1b0cb5f3459e	2161	1	259004	32.9912	259004	32.9892	7112	2.5115	unclassified	*	-1	-1	-1	-1	*	0	0	0	0	0	0	0	0	0	0	0
PBE65548_skip_cadb6549_ad795773_135.pod5	f65fc017-eea7-4f8c-ab60-b3ca0d36b7e6	ad79577363ae350d286155344b9e1b0cb5f3459e	2591	1	258916	40.8428	258916	40.746	16876	23.319	unclassified	chr18	74545599	74562464	10	16876	-	16910	16821	16770	45	44	51	60	0.999407	0.996968	0.991721	0
PBE65548_skip_cadb6549_ad795773_135.pod5	8fcb6e0c-b020-4708-91cf-720096369196	ad79577363ae350d286155344b9e1b0cb5f3459e	795	4	258870	114.849	258870	114.702	34070	23.244	unclassified	chr20	14241344	14275358	7	34070	-	34140	33937	33838	126	77	99	60	0.999795	0.997083	0.991154	0
PBE65548_skip_cadb6549_ad795773_135.pod5	2f1cafad-b415-499e-8805-c5b377f68716	ad79577363ae350d286155344b9e1b0cb5f3459e	1343	1	258821	61.1252	258821	60.96	23255	25.3717	unclassified	chr17	21928196	21937800	33	9055	-	10096	8530	7155	492	1074	1375	1	0.38796	0.838804	0.708696	0
PBE65548_skip_cadb6549_ad795773_135.pod5	bc50f63a-1bd7-47a4-a102-5f332e3605e5	ad79577363ae350d286155344b9e1b0cb5f3459e	1606	2	258947	50.0396	258947	49.89	16338	27.1023	unclassified	chr16	78511801	78528141	7	16338	-	16372	16299	16236	32	41	63	60	0.999572	0.996135	0.991693	0
PBE65548_skip_cadb6549_ad795773_135.pod5	5dec8fbf-6a89-4164-8926-30ea6add316b	ad79577363ae350d286155344b9e1b0cb5f3459e	787	4	258962	35.7704	258962	35.6952	14675	12.0296	unclassified	chr2	94642225	94655165	0	12863	+	12987	12816	12751	47	124	65	60	0.876525	0.994928	0.981828	0
PBE65548_skip_cadb6549_ad795773_135.pod5	91a67582-d8d3-433d-afdc-72e893921161	ad79577363ae350d286155344b9e1b0cb5f3459e	1606	2	259001	16.532	259001	16.4352	7289	21.6117	unclassified	chr3	157022424	157029705	22	7289	-	7297	7251	7221	16	30	30	60	0.996982	0.995863	0.989585	0
PBE65548_skip_cadb6549_ad795773_135.pod5	fe40fdfb-4b33-4712-a0e5-75af6db98b78	ad79577363ae350d286155344b9e1b0cb5f3459e	728	4	258955	33.308	258955	33.2016	13314	27.8341	unclassified	chr18	13764631	13777969	0	13309	+	13358	13289	13255	20	49	34	60	0.999624	0.997441	0.992289	0
PBE65548_skip_cadb6549_ad795773_135.pod5	cd56da11-dc2a-46ed-871b-2f98482c6c8c	ad79577363ae350d286155344b9e1b0cb5f3459e	2916	2	258892	67.7822	258892	67.7802	25905	27.1773	unclassified	chr6	52600363	52626220	34	25899	+	25903	25819	25778	46	38	41	60	0.998456	0.998412	0.995174	0
PBE65548_skip_cadb6549_ad795773_135.pod5	817ae75c-d889-4d16-9f6a-24f6dbde75a6	ad79577363ae350d286155344b9e1b0cb5f3459e	728	4	258867	86.0558	258867	86.0538	31742	27.6394	unclassified	chr8	62152399	62184117	31	31740	+	31771	31656	31594	53	62	62	60	0.99896	0.998041	0.994429	0
PBE65548_skip_cadb6549_ad795773_135.pod5	996d7488-643e-4d04-9b04-3e7315a8d243	ad79577363ae350d286155344b9e1b0cb5f3459e	2931	4	258901	66.1364	258901	65.9148	18325	26.87	unclassified	chr15	56458757	56477079	0	18317	+	18346	18293	18252	24	29	41	60	0.999563	0.997759	0.994876	0
PBE65548_skip_cadb6549_ad795773_135.pod5	69d17580-607a-48e3-9bcb-adbcd83c86e6	ad79577363ae350d286155344b9e1b0cb5f3459e	1102	4	259040	4.5008	259040	4.3968	1886	25.4394	unclassified	chr6	169898992	169900813	0	1886	+	1894	1813	1802	73	8	11	60	1	0.993933	0.951426	0
PBE65548_skip_cadb6549_ad795773_135.pod5	8f266c47-a458-4a87-a232-0983438b269a	ad79577363ae350d286155344b9e1b0cb5f3459e	1356	1	259072	1.9868	259072	1.7988	630	14.6189	unclassified	chr1	112350545	112351158	7	630	-	628	608	597	15	5	11	60	0.988889	0.981908	0.950637	0
PBE65548_skip_cadb6549_ad795773_135.pod5	fa0e3109-df8f-4be7-b61a-494cc3bdf096	ad79577363ae350d286155344b9e1b0cb5f3459e	787	4	259017	15.5098	259017	15.5078	6540	30.7703	unclassified	chr10	21249212	21255728	2	6514	-	6520	6508	6502	4	8	6	60	0.995719	0.999078	0.997239	0
PBE65548_skip_cadb6549_ad795773_135.pod5	4169ddcc-3ec0-4bf1-8506-17e227a1b173	ad79577363ae350d286155344b9e1b0cb5f3459e	683	3	258857	91.2872	258858	91.176	33881	25.3801	unclassified	chr16	64270795	64287706	0	16924	+	16944	16891	16868	33	20	23	60	0.499513	0.998638	0.995515	0
PBE65548_skip_cadb6549_ad795773_135.pod5	24c11391-4980-4aed-ac6d-15709bf8f3e8	ad79577363ae350d286155344b9e1b0cb5f3459e	936	3	259029	11.1916	259029	11.1896	4066	30.1169	unclassified	chr12	39681183	39685218	25	4060	+	4038	4032	4028	3	3	4	60	0.992376	0.999008	0.997524	0
PBE65548_skip_cadb6549_ad795773_135.pod5	df3ff792-e20a-4d55-9a7b-385e4dffc226	ad79577363ae350d286155344b9e1b0cb5f3459e	2916	2	259003	26.1132	259003	26.1112	13648	21.7843	unclassified	chr15	59499933	59513543	0	13624	-	13667	13567	13524	57	43	43	60	0.998241	0.996831	0.989537	0
PBE65548_skip_cadb6549_ad795773_135.pod5	2a7fd7a7-65ee-4335-b6b6-55af52243f72	ad79577363ae350d286155344b9e1b0cb5f3459e	1812	3	258955	38.1668	258956	37.9644	9932	24.3031	unclassified	chr10	5656896	5665332	0	8461	+	8481	8416	8384	45	20	32	60	0.851893	0.996198	0.988563	0
PBE65548_skip_cadb6549_ad795773_135.pod5	82265a28-c85c-40df-884c-4766917ce48f	ad79577363ae350d286155344b9e1b0cb5f3459e	1820	2	258975	36.1316	258975	36.0036	13809	24.0345	unclassified	chr11	46892856	46906661	0	13804	+	13838	13771	13726	33	34	45	60	0.999638	0.996732	0.991906	0
PBE65548_skip_cadb6549_ad795773_135.pod5	6712cca6-2833-4242-b30a-5a39e712341f	ad79577363ae350d286155344b9e1b0cb5f3459e	787	4	259033	12.9524	259033	12.8172	4884	36.7096	unclassified	chr1	215461269	215466149	0	4878	+	4881	4877	4875	1	3	2	60	0.998771	0.99959	0.998771	0
PBE65548_skip_cadb6549_ad795773_135.pod5	3c731f50-faeb-4ef5-b707-da750c374aad	ad79577363ae350d286155344b9e1b0cb5f3459e	728	4	259038	6.9116	259038	6.9096	2804	23.969	unclassified	chr5	127236309	127239106	0	2773	-	2802	2768	2764	5	29	4	60	0.988944	0.998555	0.986438	0
PBE65548_skip_cadb6549_ad795773_135.pod5	b0573e19-7ca5-4e0f-97f5-ce6483e244d5	ad79577363ae350d286155344b9e1b0cb5f3459e	1820	2	259017	17.9354	259017	17.9334	7577	23.8944	unclassified	chr6	167708188	167715631	32	7571	+	7556	7426	7377	113	17	49	60	0.994985	0.993402	0.97631	0
PBE65548_skip_cadb6549_ad795773_135.pod5	ffd0160d-7172-49b2-aea6-a961d3656424	ad79577363ae350d286155344b9e1b0cb5f3459e	385	3	259033	14.8076	259033	14.6388	5590	29.2866	unclassified	chr21	8864565	8871100	0	5589	+	6567	5557	5455	32	978	102	60	0.999821	0.981645	0.830669	0
PBE65548_skip_cadb6549_ad795773_135.pod5	d1608046-a2e6-4892-9ab2-4fb6b838cdfb	ad79577363ae350d286155344b9e1b0cb5f3459e	385	3	258999	33.2024	259000	33.0768	12189	25.1657	unclassified	chr20	25806959	25819164	0	12182	+	12211	12176	12163	6	29	13	3	0.999426	0.998932	0.996069	0
PBE65548_skip_cadb6549_ad795773_135.pod5	7a838ae3-8a20-4a19-9c8e-4be421e65af9	ad79577363ae350d286155344b9e1b0cb5f3459e	385	3	258949	50.8214	258949	50.8194	13848	27.7375	unclassified	chr10	119881359	119895164	38	13846	+	13819	13794	13766	14	11	28	60	0.997111	0.99797	0.996165	0
PBE65548_skip_cadb6549_ad795773_135.pod5	6510748d-b3c7-4dd1-9f5d-a273e1f175d7	ad79577363ae350d286155344b9e1b0cb5f3459e	1098	3	259096	5.2916	259096	5.2896	1110	3.39581	unclassified	*	-1	-1	-1	-1	*	0	0	0	0	0	0	0	0	0	0	0
PBE65548_skip_cadb6549_ad795773_135.pod5	1d47b8e7-2304-4501-ba06-af863d19e758	ad79577363ae350d286155344b9e1b0cb5f3459e	986	1	258923	86.968	258923	86.966	27923	10.0556	unclassified	chr5	59062880	59090810	7	27891	-	29189	26625	25262	1259	1305	1363	60	0.998603	0.948808	0.865463	0
PBE65548_skip_cadb6549_ad795773_135.pod5	b66b608f-a99c-4bd5-bbbe-44cda694c007	ad79577363ae350d286155344b9e1b0cb5f3459e	1868	4	259072	11.3564	259072	11.1996	3923	27.1818	unclassified	chr4	179603691	179607610	0	3919	+	3927	3911	3901	8	8	10	60	0.99898	0.997443	0.993379	0
PBE65548_skip_cadb6549_ad795773_135.pod5	a567a024-b50e-4bea-9f31-a8bf18ecc43d	ad79577363ae350d286155344b9e1b0cb5f3459e	1868	4	259084	15.6368	259085	15.4296	5974	23.3446	unclassified	chr10	101353351	101359322	6	5974	-	5987	5952	5931	16	19	21	60	0.998996	0.996472	0.990646	0
PBE65548_skip_cadb6549_ad795773_135.pod5	c5093eb1-1998-4117-9935-49f01f5a3fd3	ad79577363ae350d286155344b9e1b0cb5f3459e	728	4	259050	21.9368	259050	21.7752	6130	29.0317	unclassified	chr8	36521093	36526482	6	6130	-	6161	5352	5343	772	37	9	60	0.999021	0.998318	0.867229	0
PBE65548_skip_cadb6549_ad795773_135.pod5	73948542-3e0a-4772-9944-e5dfe38c2ee8	ad79577363ae350d286155344b9e1b0cb5f3459e	57	2	259071	11.2856	259071	11.1096	3741	30.0941	unclassified	chr7	59218509	59222592	0	3741	+	4083	3741	3677	0	342	64	0	1	0.982892	0.900563	0
PBE65548_skip_cadb6549_ad795773_135.pod5	36968c36-d47a-4313-9a48-0208a55849bc	ad79577363ae350d286155344b9e1b0cb5f3459e	728	4	259013	24.825	259013	24.823	9731	32.7209	unclassified	chr3	92485590	92495281	6	9695	-	9694	9686	9458	3	5	228	1	0.995684	0.976461	0.975655	0
PBE65548_skip_cadb6549_ad795773_135.pod5	fa0addbe-04c1-4273-8020-abb723c751ef	ad79577363ae350d286155344b9e1b0cb5f3459e	2097	4	259092	30.202	259092	30.2	12419	26.9892	unclassified	chr13	92959507	92971665	34	12230	+	12213	12141	12102	55	17	39	60	0.982044	0.996788	0.990911	0
PBE65548_skip_cadb6549_ad795773_135.pod5	1e93ba9c-62eb-4af4-a8b8-7a443f3ec78c	ad79577363ae350d286155344b9e1b0cb5f3459e	2916	2	259111	14.3	259111	14.1672	5160	24.4869	unclassified	chr16	69698546	69703692	6	5160	-	5164	5136	5122	18	10	14	60	0.998837	0.997274	0.991867	0
PBE65548_skip_cadb6549_ad795773_135.pod5	735640c8-b968-4627-845c-e0296c4a3ade	ad79577363ae350d286155344b9e1b0cb5f3459e	1868	4	259102	17.8556	259102	17.73	6363	27.124	unclassified	chr3	110599429	110605788	6	6363	-	6368	6348	6336	9	11	12	60	0.999057	0.99811	0.994975	0
PBE65548_skip_cadb6549_ad795773_135.pod5	4fc04a78-b290-4d19-af12-44e00aaf7b2b	ad79577363ae350d286155344b9e1b0cb5f3459e	2591	1	259117	8.1868	259117	8.1848	2780	30.3086	unclassified	chr4	107473631	107476369	40	2780	+	2741	2737	2729	3	1	8	60	0.985611	0.997077	0.995622	0
PBE65548_skip_cadb6549_ad795773_135.pod5	db482373-09d4-45dc-b589-8f5712dc7e9d	ad79577363ae350d286155344b9e1b0cb5f3459e	57	2	259096	29.0396	259096	28.9284	10427	26.1212	unclassified	chr9	133881761	133892126	0	10419	+	10470	10314	10297	105	51	17	60	0.999233	0.998352	0.983477	0
PBE65548_skip_cadb6549_ad795773_135.pod5	70dadbf2-130f-44c5-88c7-b73bc16ba970	ad79577363ae350d286155344b9e1b0cb5f3459e	2591	1	259125	10.7818	259125	10.7798	3634	27.202	unclassified	chr4	107476374	107480005	0	3629	+	3636	3624	3602	5	7	22	60	0.998624	0.993929	0.990649	0
PBE65548_skip_cadb6549_ad795773_135.pod5	dbc90081-7d16-46c0-a462-b1b9179e31f5	ad79577363ae350d286155344b9e1b0cb5f3459e	1343	1	259078	44.7058	259078	44.7038	14791	19.8844	unclassified	chr7	94391377	94406108	22	14755	-	14796	14668	14576	65	63	92	60	0.996079	0.993728	0.985131	0
PBE65548_skip_cadb6549_ad795773_135.pod5	fb8929e0-bbc1-467e-82b5-d0c127847d22	ad79577363ae350d286155344b9e1b0cb5f3459e	2884	4	259128	10.013	259128	10.011	2408	2.81293	unclassified	*	-1	-1	-1	-1	*	0	0	0	0	0	0	0	0	0	0	0
PBE65548_skip_cadb6549_ad795773_135.pod5	464b80eb-de57-435e-946d-c5a8c60085ef	ad79577363ae350d286155344b9e1b0cb5f3459e	2931	4	259070	39.68	259070	39.5808	14684	28.4383	unclassified	chr16	54242816	54257502	0	14677	+	14698	14665	14652	12	21	13	60	0.999523	0.999114	0.99687	0
PBE65548_skip_cadb6549_ad795773_135.pod5	5a6ceedf-e1e9-4634-90f1-234dce3b9c13	ad79577363ae350d286155344b9e1b0cb5f3459e	1868	4	259121	13.1036	259121	12.9468	4876	29.7411	unclassified	chr15	70367126	70371994	0	4871	+	4886	4853	4833	18	15	20	60	0.998975	0.995879	0.989153	0
PBE65548_skip_cadb6549_ad795773_135.pod5	7c1ee5c7-9463-48be-be77-d2b90f29db0e	ad79577363ae350d286155344b9e1b0cb5f3459e	683	3	259099	30.2388	259099	30.2368	9951	29.9932	unclassified	chr6	130632367	130642589	10	9911	-	10226	9897	9882	4	325	15	60	0.994975	0.998484	0.96636	0
PBE65548_skip_cadb6549_ad795773_135.pod5	23d5228c-efe4-4812-8ca0-e7d6f0b9f671	ad79577363ae350d286155344b9e1b0cb5f3459e	413	4	259074	50.57	259075	50.4588	17784	29.4637	unclassified	chr21	20159021	20176787	5	17784	-	17793	17752	17728	27	14	24	60	0.999719	0.998648	0.996347	0
PBE65548_skip_cadb6549_ad795773_135.pod5	5d3f6cb1-3070-4f18-b954-9a88a3f3afb8	ad79577363ae350d286155344b9e1b0cb5f3459e	795	4	259107	27.3042	259107	27.3022	10790	23.1672	unclassified	chr10	52838209	52848971	36	10784	+	10781	10729	10688	19	33	41	60	0.996108	0.996179	0.991374	0
PBE65548_skip_cadb6549_ad795773_135.pod5	55831baf-5c63-4387-aac9-2bbcef4b8abd	ad79577363ae350d286155344b9e1b0cb5f3459e	1098	3	259127	16.322	259127	16.32	3568	3.58998	unclassified	chr9	130315176	130315379	524	718	+	206	191	182	3	12	9	1	0.0543722	0.95288	0.883495	0
PBE65548_skip_cadb6549_ad795773_135.pod5	f419b752-2a3f-48c5-b06a-4b6fd72d0f43	ad79577363ae350d286155344b9e1b0cb5f3459e	683	3	259131	29.102	259131	29.0124	10205	27.4219	unclassified	chr21	30330451	30340664	0	10205	-	10223	10195	10179	10	18	16	60	1	0.998431	0.995696	0
PBE65548_skip_cadb6549_ad795773_135.pod5	de013c16-6d08-407e-a121-b598458d7d91	ad79577363ae350d286155344b9e1b0cb5f3459e	795	4	259135	24.3828	259135	24.3808	10785	26.1823	unclassified	chr10	52838204	52848971	4	10755	-	10774	10744	10733	7	23	11	60	0.996847	0.998976	0.996195	0
PBE65548_skip_cadb6549_ad795773_135.pod5	ac36332e-1f4b-402c-8c5b-685abac816e6	ad79577363ae350d286155344b9e1b0cb5f3459e	2097	4	259026	64.4672	259026	64.3428	26071	28.5142	unclassified	chr7	22234978	22261030	7	26071	-	26091	26025	25994	39	27	31	60	0.999731	0.998809	0.996282	0
PBE65548_skip_cadb6549_ad795773_135.pod5	46eaaac3-4700-4e4f-aba9-7b4d7d44ad4a	ad79577363ae350d286155344b9e1b0cb5f3459e	77	4	259023	65.651	259023	65.649	30316	9.41949	unclassified	chr9	101507851	101538844	35	30283	-	31855	29386	27534	862	1607	1852	60	0.997757	0.936977	0.864354	0
PBE65548_skip_cadb6549_ad795773_135.pod5	b58f9aef-5d0d-4d2c-b122-51abe6f210e8	ad79577363ae350d286155344b9e1b0cb5f3459e	57	2	259176	6.584	259176	6.582	2593	31.7268	unclassified	chr4	43780464	43783024	33	2593	+	2560	2560	2559	0	0	1	60	0.987273	0.999609	0.999609	0
PBE65548_skip_cadb6549_ad795773_135.pod5	53dbe9e7-1cd9-4cf2-a383-65e644b29649	ad79577363ae350d286155344b9e1b0cb5f3459e	1925	1	259110	27.0584	259110	26.8824	8158	27.518	unclassified	chr2	32935591	32943775	8	8158	-	8198	8136	8117	14	48	19	60	0.999019	0.997665	0.99012	0
PBE65548_skip_cadb6549_ad795773_135.pod5	0a333077-c95b-42f9-889e-5e8f75029545	ad79577363ae350d286155344b9e1b0cb5f3459e	683	3	259035	63.8336	259035	63.696	21394	26.6513	unclassified	chr14	78586339	78607724	0	21386	+	21420	21351	21329	35	34	22	60	0.999626	0.99897	0.995752	0
PBE65548_skip_cadb6549_ad795773_135.pod5	1a5063f2-5aee-4183-9c45-071b4be1531d	ad79577363ae350d286155344b9e1b0cb5f3459e	2931	4	259145	19.202	259146	18.9996	2968	21.5573	unclassified	chr10	42391967	42394907	10	2968	-	2959	2939	2936	19	1	3	60	0.996631	0.998979	0.992227	0
PBE65548_skip_cadb6549_ad795773_135.pod5	5105e2a0-ed59-4974-b5c0-87c553510105	ad79577363ae350d286155344b9e1b0cb5f3459e	575	4	259134	16.06	259134	16.058	8127	23.227	unclassified	chrX	82262388	82270470	37	8121	+	8100	8066	8047	18	16	19	60	0.994709	0.997644	0.993457	0
PBE65548_skip_cadb6549_ad795773_135.pod5	391b0abe-4b9a-4928-b786-3dcc21f09f22	ad79577363ae350d286155344b9e1b0cb5f3459e	1703	1	259089	48.9344	259089	48.552	16490	14.0901	unclassified	chr15	35721445	35737951	0	16484	+	16745	16245	15885	239	261	360	60	0.999636	0.977839	0.948641	0
PBE65548_skip_cadb6549_ad795773_135.pod5	7f26e7bd-45d4-4fe9-b720-fc6d0ac693a3	ad79577363ae350d286155344b9e1b0cb5f3459e	1606	2	259067	45.7748	259068	45.684	17982	24.4476	unclassified	chr1	116062091	116080082	0	17982	-	18032	17941	17906	41	50	35	60	1	0.998049	0.993012	0
PBE65548_skip_cadb6549_ad795773_135.pod5	55033fe3-0b54-4c0b-a5f0-748ddae8be95	ad79577363ae350d286155344b9e1b0cb5f3459e	2931	4	259110	34.832	259111	34.7136	12626	34.9891	unclassified	chr3	92857043	92869668	0	12619	+	12628	12616	12521	3	9	95	4	0.999446	0.99247	0.991527	0
PBE65548_skip_cadb6549_ad795773_135.pod5	71f6dd45-6ab4-4d1b-9ab5-86643b4fc9f3	ad79577363ae350d286155344b9e1b0cb5f3459e	2931	4	259169	12.6188	259169	12.4956	5021	29.0817	unclassified	chr16	17167305	17172321	0	5014	+	5019	5011	5004	3	5	7	60	0.998606	0.998603	0.997011	0
PBE65548_skip_cadb6549_ad795773_135.pod5	2910a352-1722-418c-81bb-06bd9b8fdb9c	ad79577363ae350d286155344b9e1b0cb5f3459e	2384	2	259082	55.7096	259082	55.5528	13780	29.4034	unclassified	chr7	135420033	135433818	0	13771	+	13795	13761	13747	10	24	14	60	0.999347	0.998983	0.99652	0
PBE65548_skip_cadb6549_ad795773_135.pod5	c03008b5-7bce-4c61-a8c9-27cc6dfc4086	ad79577363ae350d286155344b9e1b0cb5f3459e	2384	2	259138	16.25	259138	16.1436	6867	25.5058	unclassified	chr8	28636844	28643704	0	6867	-	6878	6849	6825	18	11	24	60	1	0.996496	0.992294	0
PBE65548_skip_cadb6549_ad795773_135.pod5	c1989f1a-128c-4f5a-af00-0dfedc5661b3	ad79577363ae350d286155344b9e1b0cb5f3459e	2384	2	259015	56.5592	259016	56.2044	31599	25.5574	unclassified	chr16	46386212	46402028	21778	31583	+	15852	9769	9497	36	6047	272	60	0.310295	0.972157	0.599104	0
PBE65548_skip_cadb6549_ad795773_135.pod5	64cda1b2-01da-4ddf-9ef7-2a1f8eddf232	ad79577363ae350d286155344b9e1b0cb5f3459e	575	4	259162	21.296	259162	21.294	7560	35.1415	unclassified	chr10	40068583	40077142	0	7538	-	8566	7531	7275	7	1028	256	1	0.99709	0.966007	0.849288	0
PBE65548_skip_cadb6549_ad795773_135.pod5	6611fa85-1220-493d-b4d0-0ee98af0b9dc	ad79577363ae350d286155344b9e1b0cb5f3459e	795	4	259163	20.4176	259163	20.2968	7318	21.3298	unclassified	chr7	71252136	71256207	3234	7318	+	4088	4067	4049	17	4	18	60	0.558076	0.995574	0.99046	0
PBE65548_skip_cadb6549_ad795773_135.pod5	0abf2396-7304-4e66-99f4-b9b9338def8b	ad79577363ae350d286155344b9e1b0cb5f3459e	1781	1	259179	3.6698	259179	3.6678	786	3.7484	unclassified	*	-1	-1	-1	-1	*	0	0	0	0	0	0	0	0	0	0	0
PBE65548_skip_cadb6549_ad795773_135.pod5	e3750bb5-2fbc-4b1e-9500-2ef2cdd0ac8d	ad79577363ae350d286155344b9e1b0cb5f3459e	575	4	259053	80.3996	259053	80.118	16983	24.1643	unclassified	chr1	72807583	72824522	0	16983	+	16994	16928	16902	55	11	26	60	1	0.998464	0.994586	0
PBE65548_skip_cadb6549_ad795773_135.pod5	b48052dc-4c2b-4ecb-845d-bcad6fcfac82	ad79577363ae350d286155344b9e1b0cb5f3459e	413	4	259129	45.6932	259129	45.6204	17744	24.2963	unclassified	chr21	20159022	20176785	0	17735	+	17780	17718	17671	17	45	47	60	0.999493	0.997347	0.99387	0
PBE65548_skip_cadb6549_ad795773_135.pod5	6c226928-90e6-41db-8ca3-3727d9f9d570	ad79577363ae350d286155344b9e1b0cb5f3459e	728	4	259147	36.4364	259147	36.3084	12803	27.7919	unclassified	chr21	39012146	39024937	0	12803	-	12810	12784	12756	19	7	28	60	1	0.99781	0.995785	0
PBE65548_skip_cadb6549_ad795773_135.pod5	fe6950bf-98e2-4518-a7bb-6c50789ced83	ad79577363ae350d286155344b9e1b0cb5f3459e	1820	2	259174	8.7344	259175	8.568	3298	25.2451	unclassified	chr1	214991617	214994911	3	3298	-	3300	3289	3273	6	5	16	60	0.99909	0.995135	0.991818	0
PBE65548_skip_cadb6549_ad795773_135.pod5	6e82193e-36ad-43d2-a2c1-1f43158712e2	ad79577363ae350d286155344b9e1b0cb5f3459e	728	4	259081	65.6072	259081	65.4456	23466	31.6379	unclassified	chr2	182909282	182916830	0	7587	-	7589	7546	7537	41	2	9	60	0.323319	0.998807	0.993148	0
PBE65548_skip_cadb6549_ad795773_135.pod5	6b4ae18d-6610-420c-8966-97ca0083e996	ad79577363ae350d286155344b9e1b0cb5f3459e	2931	4	259181	1.7962	259181	1.7942	589	24.5014	unclassified	chr7	109362842	109363399	0	556	-	558	555	554	1	2	1	60	0.943973	0.998198	0.992832	0
PBE65548_skip_cadb6549_ad795773_135.pod5	de76960a-6caa-4375-a574-262c90c06996	ad79577363ae350d286155344b9e1b0cb5f3459e	2384	2	259167	16.2152	259167	16.11	6757	30.4429	unclassified	chr7	40213708	40220467	0	6757	+	6765	6751	6747	6	8	4	60	1	0.999407	0.997339	0
PBE65548_skip_cadb6549_ad795773_135.pod5	838b5207-f52b-4ae1-bba3-937c4e5435ae	ad79577363ae350d286155344b9e1b0cb5f3459e	986	1	259129	53.63	259129	53.628	14301	10.3179	unclassified	chr4	164441964	164456251	32	14301	+	14792	13764	13083	505	523	681	60	0.997762	0.950523	0.884465	0
PBE65548_skip_cadb6549_ad795773_135.pod5	977949f2-ce2e-45a3-b0ad-8d1bdb6a68b9	ad79577363ae350d286155344b9e1b0cb5f3459e	2916	2	259030	80.7224	259030	80.5128	32221	26.7313	unclassified	chr10	59025207	59057421	8	32221	-	32244	32183	32155	30	31	28	60	0.999752	0.99913	0.99724	0
PBE65548_skip_cadb6549_ad795773_135.pod5	9685cdde-659e-4db6-9154-ef99a5be74eb	ad79577363ae350d286155344b9e1b0cb5f3459e	2591	1	259164	18.7208	259165	18.5496	7103	23.5105	unclassified	chr14	31789636	31796739	0	7103	+	7121	7085	7057	18	18	28	60	1	0.996048	0.991013	0
PBE65548_skip_cadb6549_ad795773_135.pod5	412578f3-f48c-44e5-b895-19307b879a4e	ad79577363ae350d286155344b9e1b0cb5f3459e	683	3	259170	12.8012	259170	12.6588	4375	29.0174	unclassified	chr18	25636256	25640636	0	4375	-	4381	4374	4369	1	6	5	60	1	0.998857	0.997261	0
PBE65548_skip_cadb6549_ad795773_135.pod5	284ed3ed-6691-4cd7-9b13-19fd2de93166	ad79577363ae350d286155344b9e1b0cb5f3459e	77	4	259148	34.9304	259148	34.9284	12667	10.9152	unclassified	chr2	85578252	85590876	36	12663	+	13024	12227	11739	400	397	488	60	0.996842	0.960088	0.901336	0
PBE65548_skip_cadb6549_ad795773_135.pod5	2deb3705-99db-4dd6-a4ae-9210db4d4366	ad79577363ae350d286155344b9e1b0cb5f3459e	1343	1	258952	65.6824	258952	65.6804	22688	21.2375	unclassified	chr7	92326680	92349337	6	22644	-	22744	22551	22456	87	106	95	60	0.997796	0.995787	0.987337	0
PBE65548_skip_cadb6549_ad795773_135.pod5	768dd4f6-8444-476f-b421-f7d0c4f9e504	ad79577363ae350d286155344b9e1b0cb5f3459e	1820	2	259046	76.3988	259046	76.2852	35077	24.1118	unclassified	chr15	53164940	53200064	0	35068	+	35173	35019	34920	49	105	99	60	0.999743	0.997173	0.992807	0
PBE65548_skip_cadb6549_ad795773_135.pod5	1405f577-958d-47dc-bd7a-28477a32145d	ad79577363ae350d286155344b9e1b0cb5f3459e	2844	4	259161	22.5884	259161	22.4748	8188	26.8137	unclassified	chr6	120580655	120588847	0	8188	+	8199	8181	8162	7	11	19	60	1	0.997678	0.995487	0
PBE65548_skip_cadb6549_ad795773_135.pod5	5dcacdcf-b438-4100-85fa-5cad5054754c	ad79577363ae350d286155344b9e1b0cb5f3459e	1925	1	259145	38.5616	259145	38.3952	9393	34.4855	unclassified	chr1	122870438	122879821	4	9393	-	9395	9377	8660	12	6	717	1	0.999574	0.923536	0.921767	0
PBE65548_skip_cadb6549_ad795773_135.pod5	eb89c3e1-742d-492e-80d0-ffa1f61c5039	ad79577363ae350d286155344b9e1b0cb5f3459e	986	1	259027	101.858	259027	101.856	29988	10.6667	unclassified	chr1	60602882	60633135	6	29956	-	31110	29093	27679	857	1160	1414	60	0.998733	0.951397	0.889714	0
PBE65548_skip_cadb6549_ad795773_135.pod5	a5e63e36-1d17-4f47-b320-00efeb2f6bbc	ad79577363ae350d286155344b9e1b0cb5f3459e	1356	1	259075	108.462	259075	108.46	28930	23.7673	unclassified	chr16	72661717	72690603	0	28897	-	28954	28829	28769	68	57	60	60	0.998859	0.997919	0.993611	0
PBE65548_skip_cadb6549_ad795773_135.pod5	aa293e8f-4251-4702-90f6-3b028dcc8deb	ad79577363ae350d286155344b9e1b0cb5f3459e	708	1	259071	11.1752	259071	11.04	4176	27.6867	unclassified	chr3	15340496	15344681	5	4176	-	4194	4162	4151	9	23	11	60	0.998803	0.997357	0.989747	0
PBE65548_skip_cadb6549_ad795773_135.pod5	de33c82b-4b42-420e-a7dd-85f3c5af7f03	ad79577363ae350d286155344b9e1b0cb5f3459e	2931	4	259045	25.274	259045	25.1772	12508	25.1454	unclassified	chr12	25323931	25336489	0	12499	+	12575	12482	12438	17	76	44	60	0.99928	0.996475	0.989105	0
PBE65548_skip_cadb6549_ad795773_135.pod5	097b31ae-46b1-433c-a977-e0b25372faac	ad79577363ae350d286155344b9e1b0cb5f3459e	413	4	259019	38.8808	259019	38.76	13553	28.7004	unclassified	chr8	39617511	39631071	6	13553	-	13566	13541	13537	6	19	4	60	0.999557	0.999705	0.997862	0
PBE65548_skip_cadb6549_ad795773_135.pod5	c3055bac-ef40-492f-979b-25b84027e410	ad79577363ae350d286155344b9e1b0cb5f3459e	1703	1	259145	38.576	259145	38.412	12407	12.5355	unclassified	chr16	17151546	17164135	4	12407	-	12794	12198	11810	205	391	388	60	0.999678	0.968192	0.923089	0
PBE65548_skip_cadb6549_ad795773_135.pod5	3bee4ddc-0141-4716-9330-6a7566d71c30	ad79577363ae350d286155344b9e1b0cb5f3459e	2916	2	259125	41.0468	259125	40.9236	15884	27.0575	unclassified	chr2	184875955	184891829	9	15884	-	15889	15860	15838	15	14	22	60	0.999433	0.998613	0.99679	0
PBE65548_skip_cadb6549_ad795773_135.pod5	933196fc-0f33-4df8-8e2d-2a2167ee47b3	ad79577363ae350d286155344b9e1b0cb5f3459e	1868	4	259141	42.2648	259141	42.0852	15641	26.7924	unclassified	chr3	74320931	74336568	0	15639	+	15653	15623	15606	16	14	17	60	0.999872	0.998912	0.996997	0
PBE65548_skip_cadb6549_ad795773_135.pod5	4c42e84d-698b-4a20-8c39-2f5e3d3ef383	ad79577363ae350d286155344b9e1b0cb5f3459e	2844	4	259089	71.8628	259089	71.6724	21011	32.1203	unclassified	chr10	55429504	55450478	11	21011	-	21025	20949	20895	51	25	54	60	0.999476	0.997422	0.993817	0
PBE65548_skip_cadb6549_ad795773_135.pod5	ccc5e715-8474-42ea-b245-5306e1e35390	ad79577363ae350d286155344b9e1b0cb5f3459e	77	4	259089	58.5508	259089	58.5488	20276	10.7901	unclassified	chr1	52382498	52403010	6	20245	-	21002	19749	18882	490	763	867	60	0.998175	0.956099	0.899057	0
PBE65548_skip_cadb6549_ad795773_135.pod5	bb355a3b-e94d-41f0-a6bb-da4156854045	ad79577363ae350d286155344b9e1b0cb5f3459e	708	1	259084	99.0116	259084	98.9172	37534	30.0227	unclassified	chr2	85936365	85956575	0	20196	+	20221	20185	20145	11	25	40	60	0.538072	0.998018	0.996242	0
PBE65548_skip_cadb6549_ad795773_135.pod5	977e1f7c-a419-4acd-a390-7dfb84634558	ad79577363ae350d286155344b9e1b0cb5f3459e	795	4	258994	113.368	258994	113.077	39013	22.1293	unclassified	chr7	30491959	30530985	6	39013	-	39156	38877	38709	130	149	168	60	0.999846	0.995679	0.988584	0
PBE65548_skip_cadb6549_ad795773_135.pod5	c38a98e3-a3b9-4c1d-a5df-2f9fd572cf90	ad79577363ae350d286155344b9e1b0cb5f3459e	2931	4	259009	35.0144	259009	35.0124	13951	26.3668	unclassified	chr6	45686982	45700896	37	13951	+	13940	13888	13866	26	26	22	60	0.997348	0.998416	0.994692	0
PBE65548_skip_cadb6549_ad795773_135.pod5	b415baac-9af7-42e7-895b-3b46dfdeff13	ad79577363ae350d286155344b9e1b0cb5f3459e	1868	4	259041	30.488	259042	30.3168	11417	25.3791	unclassified	chr9	14430548	14441972	0	11417	-	11442	11399	11368	18	25	31	60	1	0.99728	0.993533	0
PBE65548_skip_cadb6549_ad795773_135.pod5	5c897e0f-0eae-496a-b3c9-0758cb056686	ad79577363ae350d286155344b9e1b0cb5f3459e	2844	4	259030	23.1128	259030	23.0376	10769	26.8752	unclassified	chr19	52697797	52708568	0	10762	+	10782	10751	10728	11	20	23	60	0.99935	0.997861	0.994992	0
PBE65548_skip_cadb6549_ad795773_135.pod5	68c3db9f-dbbf-41ed-ba88-0815a38a851f	ad79577363ae350d286155344b9e1b0cb5f3459e	57	2	259083	12.7544	259083	12.7524	4933	29.8228	unclassified	chr7	66296011	66300906	7	4902	-	4898	4892	4888	3	3	4	60	0.992297	0.999182	0.997958	0
PBE65548_skip_cadb6549_ad795773_135.pod5	bf6f8511-e42b-453e-8323-50aa029cfefc	ad79577363ae350d286155344b9e1b0cb5f3459e	57	2	259030	39.8386	259030	39.8366	17239	26.1391	unclassified	chr15	47991085	48008257	5	17201	-	17221	17147	17117	49	25	30	60	0.997506	0.99825	0.993961	0
PBE65548_skip_cadb6549_ad795773_135.pod5	f11280a1-f657-48d9-9147-fabbb290a50b	ad79577363ae350d286155344b9e1b0cb5f3459e	2916	2	259166	16.9292	259166	16.9272	7070	22.7804	unclassified	chr2	184875955	184882996	34	7070	+	7053	7024	7005	12	17	19	60	0.995191	0.997295	0.993194	0
PBE65548_skip_cadb6549_ad795773_135.pod5	547c8ba8-29ed-4bf9-b9de-dc2102f2f299	ad79577363ae350d286155344b9e1b0cb5f3459e	683	3	258967	67.3448	258967	67.2	23571	27.9924	unclassified	chr17	52545537	52557687	11420	23566	+	12154	12142	12126	4	8	16	60	0.515294	0.998682	0.997696	0
PBE65548_skip_cadb6549_ad795773_135.pod5	767497de-4503-4370-a99b-56d9a78c1043	ad79577363ae350d286155344b9e1b0cb5f3459e	77	4	258948	73.7262	258948	73.7242	25244	9.83589	unclassified	chr15	45056479	45082178	38	25236	+	26381	24516	23079	682	1183	1437	60	0.998178	0.941385	0.874834	0
PBE65548_skip_cadb6549_ad795773_135.pod5	4c74da03-7d6e-4b08-a828-cd174e61ac6c	ad79577363ae350d286155344b9e1b0cb5f3459e	2844	4	258967	62.3384	258967	62.2128	24310	32.1758	unclassified	chr15	75904921	75929223	0	24304	+	24320	24286	24252	18	16	34	60	0.999753	0.9986	0.997204	0
PBE65548_skip_cadb6549_ad795773_135.pod5	db986ea9-a48c-44ba-89ec-3af3628dc095	ad79577363ae350d286155344b9e1b0cb5f3459e	2097	4	259140	42.9008	259140	42.7584	18251	25.2257	unclassified	chr5	21632819	21651088	0	18251	-	18311	18209	18166	42	60	43	60	1	0.997639	0.992081	0
PBE65548_skip_cadb6549_ad795773_135.pod5	ec24a59b-9459-4d5b-ad2b-e938ccdae5c5	ad79577363ae350d286155344b9e1b0cb5f3459e	1820	2	259123	51.3524	259123	51.2844	20840	27.0928	unclassified	chr15	53179192	53200064	0	20840	-	20887	20825	20796	15	47	29	60	1	0.998607	0.995643	0
PBE65548_skip_cadb6549_ad795773_135.pod5	f0fc9d93-0297-4342-820c-cd276089eb98	ad79577363ae350d286155344b9e1b0cb5f3459e	708	1	258961	97.0568	258961	96.9312	40184	29.9022	unclassified	chr17	60959404	60999598	0	40184	+	40230	40148	40129	36	46	19	60	1	0.999527	0.997489	0
PBE65548_skip_cadb6549_ad795773_135.pod5	47bf873a-a73d-4750-9a62-ff6d4b8bdf72	ad79577363ae350d286155344b9e1b0cb5f3459e	1868	4	258864	119.721	258865	119.581	47622	23.319	unclassified	chr2	181470304	181518301	0	47614	+	48094	47517	47335	97	480	182	60	0.999832	0.99617	0.984218	0
PBE65548_skip_cadb6549_ad795773_135.pod5	6b7a8a2a-7d29-4cd6-bcde-979df688c818	ad79577363ae350d286155344b9e1b0cb5f3459e	413	4	258936	73.112	258936	72.96	25960	28.2086	unclassified	chr4	57840130	57865887	0	25960	+	25984	25733	25682	227	24	51	60	1	0.998018	0.988377	0
PBE65548_skip_cadb6549_ad795773_135.pod5	e914dede-ceae-4d24-bbb2-0bb5bd41ed1e	ad79577363ae350d286155344b9e1b0cb5f3459e	1343	1	259134	48.8188	259134	48.8168	18403	17.3903	unclassified	chr2	82753202	82771630	43	18399	+	18539	18245	18046	111	183	199	60	0.997446	0.989093	0.973407	0
PBE65548_skip_cadb6549_ad795773_135.pod5	e4d70459-3110-42ec-adb1-2e1824680384	ad79577363ae350d286155344b9e1b0cb5f3459e	57	2	259127	49.826	259127	49.698	21115	26.4614	unclassified	chr3	138608443	138629493	0	21107	+	21142	21015	20976	92	35	39	60	0.999621	0.998144	0.992148	0
PBE65548_skip_cadb6549_ad795773_135.pod5	5bb1cf3c-7215-4536-afd3-8dff27e90fb2	ad79577363ae350d286155344b9e1b0cb5f3459e	1812	3	259075	107.984	259075	107.897	43857	30.4387	unclassified	chr9	29909828	29953616	1	43857	-	43894	43750	43668	106	38	82	60	0.999977	0.998126	0.994851	0
PBE65548_skip_cadb6549_ad795773_135.pod5	2fd2f85a-1b13-4e32-acde-11f3e3880e6a	ad79577363ae350d286155344b9e1b0cb5f3459e	1606	2	259132	51.4808	259132	51.4788	20666	28.3535	unclassified	chrX	135737326	135757968	0	20632	-	20654	20620	20586	12	22	34	60	0.998355	0.998351	0.996708	0
PBE65548_skip_cadb6549_ad795773_135.pod5	b0200986-aa13-46ee-adbd-423896cab0c5	ad79577363ae350d286155344b9e1b0cb5f3459e	2106	1	241062	140.006	241062	140.004	26023	2.73589	unclassified	chr7	66098953	66099277	25038	25331	-	330	287	272	6	37	15	0	0.0112593	0.947735	0.824242	0
PBE65548_skip_cadb6549_ad795773_135.pod5	ac7860fc-7616-4e67-9f5e-4d9cf7c9b8be	ad79577363ae350d286155344b9e1b0cb5f3459e	2162	3	241444	138.568	241445	138.359	42702	24.5969	unclassified	chr2	72842873	72885593	0	42696	+	42796	42620	42487	76	100	133	60	0.99986	0.996879	0.99278	0
PBE65548_skip_cadb6549_ad795773_135.pod5	5106e2d7-7825-4dc4-8de6-f9065d6ecefe	ad79577363ae350d286155344b9e1b0cb5f3459e	2341	2	241209	148.806	241209	148.804	57844	25.5359	unclassified	chr12	82613919	82671416	32	57837	+	57901	57401	57309	404	96	92	60	0.999326	0.998397	0.989776	0
PBE65548_skip_cadb6549_ad795773_135.pod5	2863434a-a435-4ad0-b97d-f1ff6de47665	ad79577363ae350d286155344b9e1b0cb5f3459e	2436	3	241454	138.644	241454	138.533	56487	23.3308	unclassified	chr14	82710499	82767062	0	56480	+	56694	56349	56122	131	214	227	60	0.999876	0.995972	0.989911	0
PBE65548_skip_cadb6549_ad795773_135.pod5	18bd59c8-3535-4f36-afcf-bb30d5c1f907	ad79577363ae350d286155344b9e1b0cb5f3459e	2415	1	241154	187.417	241154	187.202	38748	21.9445	unclassified	chr4	147643765	147682463	0	38740	+	38853	38585	38451	155	113	134	60	0.999794	0.996527	0.989653	0
PBE65548_skip_cadb6549_ad795773_135.pod5	1bcd5c00-3944-42d2-bb22-b229cc517d1f	ad79577363ae350d286155344b9e1b0cb5f3459e	57	2	258946	75.2576	258946	75.1848	28451	18.2843	unclassified	chr1	124301194	124309687	8286	16781	+	8505	8483	7733	12	10	750	1	0.298584	0.911588	0.90923	0
PBE65548_skip_cadb6549_ad795773_135.pod5	7154052e-c2be-44a0-a1e0-3d573bc34c8a	ad79577363ae350d286155344b9e1b0cb5f3459e	1812	3	258997	68.7768	258997	68.7748	34393	35.4945	unclassified	chr5	49656699	49661447	10129	14610	+	4947	4282	3752	199	466	530	33	0.130288	0.876226	0.758439	0
PBE65548_skip_cadb6549_ad795773_135.pod5	0fb3fd55-984f-4b95-b83e-36da4155b149	ad79577363ae350d286155344b9e1b0cb5f3459e	2106	1	241726	288.208	241726	288.206	53455	2.69086	unclassified	chr7	66099256	66099461	46994	47196	-	213	194	188	8	11	6	1	0.00377888	0.969072	0.882629	0
PBE65548_skip_cadb6549_ad795773_135.pod5	d57284d8-8e7d-46ab-8bbf-7233837448bb	ad79577363ae350d286155344b9e1b0cb5f3459e	2162	3	241265	167.596	241265	167.358	41332	25.1944	unclassified	chr5	130872176	130913522	0	41324	+	41395	41275	41196	49	71	79	60	0.999806	0.998086	0.995193	0
PBE65548_skip_cadb6549_ad795773_135.pod5	da7f8042-1af5-498f-97ba-25f6eb3baaa2	ad79577363ae350d286155344b9e1b0cb5f3459e	2412	1	243095	128.638	243095	128.503	32449	31.2187	unclassified	chr13	18681416	18713851	0	32443	+	32465	32413	32374	30	22	39	60	0.999815	0.998797	0.997197	0
PBE65548_skip_cadb6549_ad795773_135.pod5	0b9ba19a-305b-4ea6-8edb-6703865025d6	ad79577363ae350d286155344b9e1b0cb5f3459e	2436	3	241914	136.498	241914	136.418	56522	26.5577	unclassified	chrX	18544949	18601514	0	56513	+	56627	56451	56392	62	114	59	60	0.999841	0.998955	0.99585	0
PBE65548_skip_cadb6549_ad795773_135.pod5	6250b733-58ae-449c-81eb-7d1437e0108e	ad79577363ae350d286155344b9e1b0cb5f3459e	2442	3	241234	160.294	241234	160.135	49160	27.5763	unclassified	chr7	9906912	9956079	9	49160	-	49263	49055	48960	96	112	95	60	0.999817	0.998063	0.993849	0
PBE65548_skip_cadb6549_ad795773_135.pod5	f3fca1b1-4336-42bf-961b-b5a9bb8d7bf2	ad79577363ae350d286155344b9e1b0cb5f3459e	2415	1	242254	152.696	242254	152.489	30663	20.7411	unclassified	chr2	96653551	96684045	0	30656	+	30769	30381	30270	275	113	111	60	0.999772	0.996346	0.983782	0
PBE65548_skip_cadb6549_ad795773_135.pod5	398d6bf4-7a20-4898-a465-b84a4d97fc10	ad79577363ae350d286155344b9e1b0cb5f3459e	2341	2	242238	167.53	242238	167.392	58293	26.8235	unclassified	chr7	149069254	149127891	0	58293	+	58752	58178	58042	115	459	136	60	1	0.997662	0.987915	0
PBE65548_skip_cadb6549_ad795773_135.pod5	20ab0f43-b0ad-403f-8799-0ae9c39add61	ad79577363ae350d286155344b9e1b0cb5f3459e	2632	3	241366	170.135	241366	170.133	59286	18.3383	unclassified	chr10	109065214	109124609	36	59286	+	59686	58959	58416	291	436	543	60	0.999393	0.99079	0.978722	0
PBE65548_skip_cadb6549_ad795773_135.pod5	3fd322c6-b7c0-41e7-8475-c598c77419c7	ad79577363ae350d286155344b9e1b0cb5f3459e	2443	2	241052	191.36	241052	191.227	57414	20.1908	unclassified	chr3	165906642	165964020	9	57414	-	57656	57127	56779	278	251	348	60	0.999843	0.993908	0.984789	0
PBE65548_skip_cadb6549_ad795773_135.pod5	51bf8f1e-bbe1-49e8-ab06-ec657daa812f	ad79577363ae350d286155344b9e1b0cb5f3459e	2896	4	242956	143.562	242956	143.407	35381	28.3817	unclassified	chr13	100508953	100544291	6	35381	-	35416	35297	35245	78	41	52	60	0.99983	0.998527	0.995172	0
PBE65548_skip_cadb6549_ad795773_135.pod5	703a8353-6a56-4941-8d58-ca5a7ad4e32c	ad79577363ae350d286155344b9e1b0cb5f3459e	2632	3	241801	121.073	241801	121.071	44143	17.9925	unclassified	chr1	188136660	188180937	41	44134	+	44555	43815	43359	278	462	456	60	0.998867	0.989593	0.973157	0
PBE65548_skip_cadb6549_ad795773_135.pod5	7f9abb90-819e-47ee-bda4-39973bc0f885	ad79577363ae350d286155344b9e1b0cb5f3459e	2429	4	242342	188.229	242342	188.227	47087	11.8109	unclassified	chr15	45279261	45325438	39	46422	+	47524	45036	43390	1347	1141	1646	60	0.985049	0.963451	0.913012	0
PBE65548_skip_cadb6549_ad795773_135.pod5	e2036cf4-0f83-4c60-81ab-76f74bcff0c5	ad79577363ae350d286155344b9e1b0cb5f3459e	2075	3	242937	133.142	242938	133.06	50346	29.9397	unclassified	chr8	69640223	69690577	0	50343	+	50414	50283	50199	60	71	84	60	0.99994	0.998329	0.995735	0
PBE65548_skip_cadb6549_ad795773_135.pod5	9797213b-3a3d-413e-b971-3289fa4fa246	ad79577363ae350d286155344b9e1b0cb5f3459e	2442	3	241011	222.745	241011	222.624	89290	26.2467	unclassified	chr13	67400832	67490145	0	89284	+	89453	89144	88924	140	169	220	60	0.999933	0.997532	0.994086	0
PBE65548_skip_cadb6549_ad795773_135.pod5	2b99693e-47fa-4fdd-aa51-9261869ec405	ad79577363ae350d286155344b9e1b0cb5f3459e	2282	3	241641	123.243	241641	123.241	50018	13.3189	unclassified	chr20	37588418	37638790	7	49976	-	51189	49152	47812	817	1220	1340	60	0.99902	0.972738	0.934029	0
PBE65548_skip_cadb6549_ad795773_135.pod5	90218ac4-00a1-4e95-9317-fc30370a6d70	ad79577363ae350d286155344b9e1b0cb5f3459e	2095	1	242845	163.741	242846	163.568	59317	13.7726	unclassified	chr2	131941936	132001634	1	59310	+	60712	58295	56841	1014	1403	1454	60	0.999865	0.975058	0.93624	0
PBE65548_skip_cadb6549_ad795773_135.pod5	d6c4a1a2-267a-4712-ac46-26edf79f2ae4	ad79577363ae350d286155344b9e1b0cb5f3459e	2282	3	241177	216.114	241177	216.01	71933	14.4199	unclassified	chr1	211595608	211667768	0	71933	+	73305	70788	69317	1145	1372	1471	60	1	0.97922	0.945597	0
PBE65548_skip_cadb6549_ad795773_135.pod5	739018ed-31b9-46a1-a5e5-c9951fa4412c	ad79577363ae350d286155344b9e1b0cb5f3459e	2630	1	241874	135.337	241874	135.173	55279	27.0832	unclassified	chr1	210504553	210559789	0	55272	+	55339	55169	55066	103	67	103	60	0.999873	0.998133	0.995067	0
PBE65548_skip_cadb6549_ad795773_135.pod5	e3dbdad2-d7df-4882-a5b4-8aaaa497d4d6	ad79577363ae350d286155344b9e1b0cb5f3459e	2167	4	243193	114.462	243193	114.331	48250	24.7581	unclassified	chr3	153543164	153591451	3	48238	+	48341	48181	48080	54	106	101	60	0.999689	0.997904	0.994601	0
