filename	read_id	run_id	channel	mux	start_time	duration	template_start	template_duration	sequence_length_template	mean_qscore_template	barcode	alignment_genome	alignment_genome_start	alignment_genome_end	alignment_strand_start	alignment_strand_end	alignment_direction	alignment_length	alignment_num_aligned	alignment_num_correct	alignment_num_insertions	alignment_num_deletions	alignment_num_substitutions	alignment_mapq	alignment_strand_coverage	alignment_identity	alignment_accuracy	alignment_bed_hits
PBE62146_skip_1f47e940_86fa3a23_25.pod5	6d5ea412-1b59-4dd3-b6b7-65461846c445	86fa3a23034ac4d64733bd929ae4595285b3e5bc	1187	4	18698.5	3.4586	18698.5	3.4566	1691	26.205	unclassified	chr9	137616568	137618260	0	1691	-	1692	1691	1681	0	1	10	60	1	0.994086	0.993499	0
PBE62146_skip_1f47e940_86fa3a23_25.pod5	61816f9a-7458-4922-858c-94be47bb1b50	86fa3a23034ac4d64733bd929ae4595285b3e5bc	1868	1	18693.4	4.2092	18693.6	4.062	1743	27.6193	unclassified	chr10	22985085	22986734	0	1651	+	1651	1649	1648	2	0	1	60	0.947217	0.999394	0.998183	0
PBE62146_skip_1f47e940_86fa3a23_25.pod5	63882b9d-bb3b-457c-8655-a060fd62f164	86fa3a23034ac4d64733bd929ae4595285b3e5bc	326	4	18686.9	10.8032	18686.9	10.8012	3427	23.1377	unclassified	chr6	40267773	40271167	9	3403	-	3399	3389	3375	5	5	14	60	0.990371	0.995869	0.992939	0
PBE62146_skip_1f47e940_86fa3a23_25.pod5	235616a0-8eec-41b5-9572-a7db4c6afceb	86fa3a23034ac4d64733bd929ae4595285b3e5bc	1705	2	18703.5	3.386	18703.6	3.2544	1310	25.4682	unclassified	chr2	114796377	114797677	8	1310	-	1302	1300	1290	2	0	10	60	0.993893	0.992308	0.990783	0
PBE62146_skip_1f47e940_86fa3a23_25.pod5	7ea83cc9-107a-4026-a85b-828043733bf5	86fa3a23034ac4d64733bd929ae4595285b3e5bc	206	1	18700	5.276	18700.1	5.1456	1930	32.6503	unclassified	chr3	91997212	91999140	0	1928	+	1928	1928	1921	0	0	7	12	0.998964	0.996369	0.996369	0
PBE62146_skip_1f47e940_86fa3a23_25.pod5	fb7ccdde-2054-463c-9a8a-b37798e763f5	86fa3a23034ac4d64733bd929ae4595285b3e5bc	398	2	18694.5	6.3558	18694.5	6.3538	2509	21.4329	unclassified	chrY	3963956	3966189	238	2483	-	2254	2224	2221	21	9	3	60	0.894779	0.998651	0.985359	0
PBE62146_skip_1f47e940_86fa3a23_25.pod5	7fd58cd6-e990-4fd3-88fb-be6c48d307e8	86fa3a23034ac4d64733bd929ae4595285b3e5bc	2488	4	18695.8	1.4408	18695.9	1.3608	612	19.2518	unclassified	chr2	105361035	105361629	0	594	+	594	594	593	0	0	1	60	0.970588	0.998317	0.998317	0
PBE62146_skip_1f47e940_86fa3a23_25.pod5	67fd19ae-6138-4585-9fd9-60f75d3bc8c6	86fa3a23034ac4d64733bd929ae4595285b3e5bc	844	3	18701.6	1.418	18701.6	1.416	573	19.697	unclassified	chr6	79545552	79546090	32	570	+	538	538	535	0	0	3	60	0.938918	0.994424	0.994424	0
PBE62146_skip_1f47e940_86fa3a23_25.pod5	84d5bbe5-30d7-4f7f-a89a-ca4dc5f90236	86fa3a23034ac4d64733bd929ae4595285b3e5bc	2352	2	18700.8	1.8968	18700.9	1.8024	720	27.4174	unclassified	chr16	72510143	72510863	0	720	+	720	720	720	0	0	0	60	1	1	1	0
PBE62146_skip_1f47e940_86fa3a23_25.pod5	ac854e4c-0097-4141-9149-adfce4acf12c	86fa3a23034ac4d64733bd929ae4595285b3e5bc	844	3	18697.6	1.544	18697.8	1.392	582	19.3059	unclassified	*	-1	-1	-1	-1	*	0	0	0	0	0	0	0	0	0	0	0
PBE62146_skip_1f47e940_86fa3a23_25.pod5	5b9382a5-fd42-4a3b-bd22-bc825032fbf9	86fa3a23034ac4d64733bd929ae4595285b3e5bc	1893	4	18702.1	3.644	18702.2	3.5088	619	17.4672	unclassified	chr12	47359890	47360504	0	619	-	619	614	613	5	0	1	60	1	0.998371	0.990307	0
PBE62146_skip_1f47e940_86fa3a23_25.pod5	9087e742-17d4-4794-b481-4adabf9006ff	86fa3a23034ac4d64733bd929ae4595285b3e5bc	1986	4	18696	1.8848	18696.1	1.7592	799	25.6795	unclassified	chr7	72202484	72203277	0	794	+	796	791	791	3	2	0	60	0.993742	1	0.993719	0
PBE62146_skip_1f47e940_86fa3a23_25.pod5	8a2cc802-392f-4f14-88a8-82a9f58165cb	86fa3a23034ac4d64733bd929ae4595285b3e5bc	384	1	18702.1	1.5346	18702.1	1.5326	424	7.07179	unclassified	*	-1	-1	-1	-1	*	0	0	0	0	0	0	0	0	0	0	0
PBE62146_skip_1f47e940_86fa3a23_25.pod5	e5864dc6-a53c-4321-b150-3721ea4f08cd	86fa3a23034ac4d64733bd929ae4595285b3e5bc	1500	1	18703.6	1.3724	18703.6	1.3704	470	9.01921	unclassified	chr11	123468097	123468527	9	428	-	441	408	381	11	22	27	13	0.891489	0.933824	0.863946	0
PBE62146_skip_1f47e940_86fa3a23_25.pod5	2310f316-8c04-470f-8be3-a0036b93d0a4	86fa3a23034ac4d64733bd929ae4595285b3e5bc	450	2	18697	2.3984	18697.1	2.2728	963	39.2451	unclassified	chr4	126143897	126144851	9	963	-	954	954	946	0	0	8	60	0.990654	0.991614	0.991614	0
PBE62146_skip_1f47e940_86fa3a23_25.pod5	632b16cb-605a-4a81-a06b-5afdaa9e46b8	86fa3a23034ac4d64733bd929ae4595285b3e5bc	1662	1	18701.5	2.4128	18701.7	2.22	882	27.0503	unclassified	chr12	18627232	18628103	0	871	+	871	871	870	0	0	1	60	0.987528	0.998852	0.998852	0
PBE62146_skip_1f47e940_86fa3a23_25.pod5	5f81b1c1-1f25-4ae3-84f0-d8351d624913	86fa3a23034ac4d64733bd929ae4595285b3e5bc	275	3	18702.6	1.338	18702.6	1.336	505	31.5449	unclassified	chr2	199954393	199954866	20	493	+	473	473	473	0	0	0	60	0.936634	1	1	0
PBE62146_skip_1f47e940_86fa3a23_25.pod5	3cb42b28-712d-4aa4-9870-5c11506330e2	86fa3a23034ac4d64733bd929ae4595285b3e5bc	2421	3	18697.9	1.9738	18697.9	1.9718	629	21.9066	unclassified	chr2	182919348	182919937	34	621	+	589	587	582	0	2	5	60	0.933227	0.991482	0.988115	0
PBE62146_skip_1f47e940_86fa3a23_25.pod5	09b1ddfe-ac85-4c78-b0e9-914b2e721dac	86fa3a23034ac4d64733bd929ae4595285b3e5bc	542	2	18701.1	1.6808	18701.2	1.5792	672	22.6053	unclassified	chr18	33580565	33581235	0	670	+	670	670	670	0	0	0	60	0.997024	1	1	0
PBE62146_skip_1f47e940_86fa3a23_25.pod5	548ea55f-da16-4fc6-b811-a65f547b7041	86fa3a23034ac4d64733bd929ae4595285b3e5bc	2923	3	18699	1.442	18699.1	1.338	806	19.855	unclassified	chr1	55995985	55996791	0	799	+	806	799	797	0	7	2	60	0.991315	0.997497	0.988834	0
PBE62146_skip_1f47e940_86fa3a23_25.pod5	96e6cab3-ea34-43ec-bd66-8508e2a60466	86fa3a23034ac4d64733bd929ae4595285b3e5bc	1778	2	18704.2	2.2508	18704.3	2.13	887	30.3045	unclassified	chr20	35665387	35666273	0	887	+	888	885	885	2	1	0	60	1	1	0.996622	0
PBE62146_skip_1f47e940_86fa3a23_25.pod5	cc8edc95-560f-4626-8467-ead51954ba45	86fa3a23034ac4d64733bd929ae4595285b3e5bc	2055	3	18700.7	2.294	18700.7	2.292	1016	24.8608	unclassified	chr13	103973072	103974041	13	984	-	971	969	967	2	0	2	60	0.955709	0.997936	0.995881	0
PBE62146_skip_1f47e940_86fa3a23_25.pod5	a23a0287-38f6-41b9-8436-7a21431fe6c4	86fa3a23034ac4d64733bd929ae4595285b3e5bc	2055	3	18703.3	3.0212	18703.4	2.9004	1301	24.9099	unclassified	chr11	63685474	63686770	0	1301	+	1302	1295	1294	6	1	1	60	1	0.999228	0.993856	0
PBE62146_skip_1f47e940_86fa3a23_25.pod5	cffc8fbe-227d-409a-bd10-916bf19f7d43	86fa3a23034ac4d64733bd929ae4595285b3e5bc	1884	4	18698.4	4.2176	18698.5	4.1016	1767	29.4514	unclassified	chr3	15965718	15967466	0	1761	+	1761	1748	1742	13	0	6	60	0.996604	0.996567	0.989211	0
PBE62146_skip_1f47e940_86fa3a23_25.pod5	2a9f0127-b07d-488f-9dc9-17aa954ca2cf	86fa3a23034ac4d64733bd929ae4595285b3e5bc	2867	1	18695.6	2.3314	18695.6	2.3294	428	2.23439	unclassified	*	-1	-1	-1	-1	*	0	0	0	0	0	0	0	0	0	0	0
PBE62146_skip_1f47e940_86fa3a23_25.pod5	201dec04-b879-4331-8257-ef4b2a250f35	86fa3a23034ac4d64733bd929ae4595285b3e5bc	1820	2	18695.3	5.3264	18695.5	5.1072	1966	28.9578	unclassified	chrX	51638350	51640308	5	1966	-	1961	1958	1955	3	0	3	60	0.997457	0.998468	0.99694	0
PBE62146_skip_1f47e940_86fa3a23_25.pod5	76ce856b-89cd-40c3-a072-bd0a6d2c1317	86fa3a23034ac4d64733bd929ae4595285b3e5bc	1614	2	18694.6	2.4614	18694.6	2.4594	596	8.95457	unclassified	chr17	68491739	68492294	41	595	+	588	521	477	33	34	44	25	0.92953	0.915547	0.811224	0
PBE62146_skip_1f47e940_86fa3a23_25.pod5	e6d7d0fc-e321-4806-9f47-eddd1832fc85	86fa3a23034ac4d64733bd929ae4595285b3e5bc	2708	2	18700.4	4.2922	18700.4	4.2902	1781	35.9078	unclassified	chr7	153489998	153491748	28	1774	+	1751	1745	1744	1	5	1	60	0.980348	0.999427	0.996002	0
PBE62146_skip_1f47e940_86fa3a23_25.pod5	67252bfa-0ec6-4d42-8112-7591a7b8458f	86fa3a23034ac4d64733bd929ae4595285b3e5bc	206	1	18695.2	4.58	18695.4	4.404	1946	26.3948	unclassified	chr10	50715782	50717728	0	1946	-	1947	1945	1944	1	1	1	60	1	0.999486	0.998459	0
PBE62146_skip_1f47e940_86fa3a23_25.pod5	45b9124f-8d83-4c6a-ba15-b7f0cb303433	86fa3a23034ac4d64733bd929ae4595285b3e5bc	688	1	18693.3	4.768	18693.3	4.766	1921	11.2949	unclassified	chr12	77027342	77029249	37	1908	+	1941	1837	1773	34	70	64	60	0.973972	0.965161	0.913447	0
PBE62146_skip_1f47e940_86fa3a23_25.pod5	d2cc9717-732d-4051-b89d-0ea472d81a9c	86fa3a23034ac4d64733bd929ae4595285b3e5bc	2331	1	18692.9	5.1292	18692.9	5.1272	2373	16.1538	unclassified	chr7	79398668	79401017	0	2334	-	2362	2321	2284	13	28	37	60	0.983565	0.984059	0.966977	0
PBE62146_skip_1f47e940_86fa3a23_25.pod5	5f23c508-6dc5-40c5-be8b-911f321241db	86fa3a23034ac4d64733bd929ae4595285b3e5bc	2394	2	18697.5	4.4156	18697.7	4.254	1776	30.6152	unclassified	chr16	19620737	19622503	0	1776	-	1776	1766	1759	10	0	7	60	1	0.996036	0.990428	0
PBE62146_skip_1f47e940_86fa3a23_25.pod5	6371a92a-ed47-4d8a-a36d-e132c41506d5	86fa3a23034ac4d64733bd929ae4595285b3e5bc	837	3	18692.5	7.0614	18692.5	7.0594	2944	26.7911	unclassified	chr5	111731300	111734205	34	2936	+	2909	2898	2895	4	7	3	60	0.985734	0.998965	0.995187	0
PBE62146_skip_1f47e940_86fa3a23_25.pod5	7569f5f6-892e-412e-b0d0-5eac529d60a4	86fa3a23034ac4d64733bd929ae4595285b3e5bc	2388	2	18691.3	7.4192	18691.4	7.296	2963	25.4605	unclassified	chr14	43084324	43087290	0	2961	+	2968	2959	2953	2	7	6	60	0.999325	0.997972	0.994946	0
PBE62146_skip_1f47e940_86fa3a23_25.pod5	45932bef-d4e1-4fe9-834c-48db33212d43	86fa3a23034ac4d64733bd929ae4595285b3e5bc	456	2	18698.8	5.1192	18698.8	5.1172	2718	25.322	unclassified	chr5	49656365	49659067	3	2708	+	2925	2482	2151	223	220	331	1	0.995217	0.86664	0.735385	0
PBE62146_skip_1f47e940_86fa3a23_25.pod5	95aa1c4a-4594-412e-915e-e8072b323d77	86fa3a23034ac4d64733bd929ae4595285b3e5bc	1795	2	18698.9	6.6018	18698.9	6.5998	2889	29.4104	unclassified	chr9	23227344	23230202	0	2857	-	2860	2855	2854	2	3	1	60	0.988923	0.99965	0.997902	0
PBE62146_skip_1f47e940_86fa3a23_25.pod5	e386bdb7-7490-440c-9395-068b626cf832	86fa3a23034ac4d64733bd929ae4595285b3e5bc	1812	3	18696.9	6.8112	18696.9	6.8092	2564	30.4957	unclassified	chr12	48874343	48876870	0	2532	-	2532	2527	2519	5	0	8	60	0.98752	0.996834	0.994866	0
PBE62146_skip_1f47e940_86fa3a23_25.pod5	11071dc6-f205-4dd2-9d94-aeddfc4dd974	86fa3a23034ac4d64733bd929ae4595285b3e5bc	57	4	18692.1	6.9236	18692.2	6.8244	2986	39.3078	unclassified	chr18	58816292	58819282	0	2986	-	2991	2985	2979	1	5	6	60	1	0.99799	0.995988	0
PBE62146_skip_1f47e940_86fa3a23_25.pod5	e8b61bc3-5d7f-4276-9ad0-231132af32e5	86fa3a23034ac4d64733bd929ae4595285b3e5bc	1681	1	18682.6	14.72	18682.7	14.6016	5264	42.3012	unclassified	chr9	60624792	60630047	0	5257	+	5259	5253	5138	4	2	115	1	0.99867	0.978108	0.976992	0
PBE62146_skip_1f47e940_86fa3a23_25.pod5	8e42cd42-388c-445f-9dee-674d6e1a0eb7	86fa3a23034ac4d64733bd929ae4595285b3e5bc	2315	3	18689.8	7.4994	18689.8	7.4974	3550	20.1936	unclassified	chr4	74087157	74090677	11	3512	-	3531	3490	3466	11	30	24	60	0.986197	0.993123	0.981592	0
PBE62146_skip_1f47e940_86fa3a23_25.pod5	2b2bc80f-d60b-4834-a363-8f89bb52b9c6	86fa3a23034ac4d64733bd929ae4595285b3e5bc	2946	3	18696.2	2.8724	18696.4	2.7516	1112	23.8646	unclassified	chr5	24382342	24383454	0	1112	-	1112	1112	1109	0	0	3	60	1	0.997302	0.997302	0
PBE62146_skip_1f47e940_86fa3a23_25.pod5	fd4de6a4-9b05-4e1d-8887-0cc38ff6f8d1	86fa3a23034ac4d64733bd929ae4595285b3e5bc	2377	1	18698.2	4.42	18698.2	4.418	1956	24.1625	unclassified	chr11	58312807	58314732	33	1956	+	1928	1920	1916	3	5	4	60	0.983129	0.997917	0.993776	0
PBE62146_skip_1f47e940_86fa3a23_25.pod5	fe07df47-7ac5-4b4e-a3b4-d294a82f78eb	86fa3a23034ac4d64733bd929ae4595285b3e5bc	2694	2	18695.3	8.0744	18695.3	8.0724	1369	7.10004	unclassified	chr2	61046671	61047496	37	863	+	831	820	810	6	5	10	60	0.60336	0.987805	0.974729	0
PBE62146_skip_1f47e940_86fa3a23_25.pod5	5782d6b1-0cbe-4e92-9141-c075f7781ad0	86fa3a23034ac4d64733bd929ae4595285b3e5bc	1907	3	18705.7	1.676	18705.7	1.5984	678	25.1257	unclassified	chr11	127228388	127229065	0	678	+	679	676	671	2	1	5	60	1	0.992604	0.988218	0
PBE62146_skip_1f47e940_86fa3a23_25.pod5	3b9f7d0e-8b48-48f6-a373-c9ce48a8373b	86fa3a23034ac4d64733bd929ae4595285b3e5bc	1065	3	18703.8	2.5694	18703.8	2.5674	1100	18.5054	unclassified	chr10	24138434	24139511	30	1100	+	1078	1069	1053	1	8	16	60	0.972727	0.985033	0.976809	0
PBE62146_skip_1f47e940_86fa3a23_25.pod5	74d467e7-e425-439f-a97f-f90ce91105f5	86fa3a23034ac4d64733bd929ae4595285b3e5bc	1387	2	18691.8	7.4324	18691.9	7.3284	2880	24.5532	unclassified	chr16	50714743	50717634	0	2880	+	2895	2876	2869	4	15	7	60	1	0.997566	0.991019	0
PBE62146_skip_1f47e940_86fa3a23_25.pod5	cba514f6-835b-472c-b9d9-b0ae356afff0	86fa3a23034ac4d64733bd929ae4595285b3e5bc	166	3	18696	2.3528	18696.1	2.2224	948	26.6436	unclassified	chr4	103837849	103838785	11	948	-	937	936	936	1	0	0	60	0.988397	1	0.998933	0
PBE62146_skip_1f47e940_86fa3a23_25.pod5	deba82ba-4cb9-4155-8f6d-397d8d0dbc7a	86fa3a23034ac4d64733bd929ae4595285b3e5bc	177	2	18693.3	4.2116	18693.4	4.1076	1673	28.334	unclassified	chr16	62155367	62157040	0	1673	-	1673	1673	1670	0	0	3	60	1	0.998207	0.998207	0
PBE62146_skip_1f47e940_86fa3a23_25.pod5	714600a8-fb1b-42cf-acc4-dac6c112d3ae	86fa3a23034ac4d64733bd929ae4595285b3e5bc	1135	1	18690.9	6.6512	18691	6.5076	2466	23.3308	unclassified	chr1	37690311	37692770	1	2460	+	2462	2456	2445	3	3	11	60	0.997161	0.995521	0.993095	0
PBE62146_skip_1f47e940_86fa3a23_25.pod5	3dbb77ce-b94c-4bf9-a2a4-08e6cd88cdd1	86fa3a23034ac4d64733bd929ae4595285b3e5bc	408	1	18688.4	9.1526	18688.4	9.1506	2684	23.4702	unclassified	chr11	70665886	70668540	5	2656	-	2657	2648	2645	3	6	3	60	0.987705	0.998867	0.995484	0
PBE62146_skip_1f47e940_86fa3a23_25.pod5	dc6590bd-d141-4f52-b3f2-62037eb30d29	86fa3a23034ac4d64733bd929ae4595285b3e5bc	1682	2	18691.5	7.508	18691.6	7.4304	2169	9.88957	unclassified	chr4	136867793	136869063	0	1272	+	1273	1269	1264	3	1	5	60	0.586445	0.99606	0.99293	0
PBE62146_skip_1f47e940_86fa3a23_25.pod5	68287fab-f7ee-4297-9b98-d9f7b941796d	86fa3a23034ac4d64733bd929ae4595285b3e5bc	2167	1	18705.2	1.7522	18705.2	1.7502	593	29.0945	unclassified	chr18	68602201	68602752	30	580	+	551	550	550	0	1	0	60	0.927487	1	0.998185	0
PBE62146_skip_1f47e940_86fa3a23_25.pod5	09a4cb51-ed14-44b4-8d11-b0fce180f6af	86fa3a23034ac4d64733bd929ae4595285b3e5bc	840	3	18698.5	2.2094	18698.5	2.2074	1011	25.9119	unclassified	chr12	56775145	56776115	13	979	-	970	966	965	0	4	1	60	0.95549	0.998965	0.994845	0
PBE62146_skip_1f47e940_86fa3a23_25.pod5	1dfb93e8-c137-48f1-82b1-3ee88c597762	86fa3a23034ac4d64733bd929ae4595285b3e5bc	1987	3	18694	7.3104	18694	7.3084	2091	19.9205	unclassified	chr1	94036506	94038591	3	2084	+	2087	2079	2066	2	6	13	60	0.995218	0.993747	0.989938	0
PBE62146_skip_1f47e940_86fa3a23_25.pod5	e2d3649e-767a-4f36-acd5-e741b18b2879	86fa3a23034ac4d64733bd929ae4595285b3e5bc	2143	3	18693.9	6.674	18694.1	6.4524	2676	23.91	unclassified	chr8	110391435	110394098	10	2676	-	2666	2663	2660	3	0	3	60	0.996263	0.998873	0.997749	0
PBE62146_skip_1f47e940_86fa3a23_25.pod5	c5432895-6067-485e-a18f-81290f373b10	86fa3a23034ac4d64733bd929ae4595285b3e5bc	1602	1	18699.9	4.5312	18699.9	4.5292	2151	9.73394	unclassified	chr4	41615620	41617752	9	2110	-	2191	2042	1911	59	90	131	60	0.976755	0.935847	0.872204	0
PBE62146_skip_1f47e940_86fa3a23_25.pod5	3ef4a767-5f4d-4264-a7e0-2b96519f93a5	86fa3a23034ac4d64733bd929ae4595285b3e5bc	2974	4	18695	6.3884	18695.1	6.3036	2559	28.4664	unclassified	chr2	157394719	157397272	0	2553	+	2554	2552	2552	1	1	0	60	0.997655	1	0.999217	0
PBE62146_skip_1f47e940_86fa3a23_25.pod5	398be5a6-d7f6-490d-8cc2-efa8165c3d5a	86fa3a23034ac4d64733bd929ae4595285b3e5bc	699	4	18693.7	7.1348	18693.8	7.0176	4324	22.9235	unclassified	chr2	208323978	208328282	0	4304	+	4314	4294	4275	10	10	19	60	0.995375	0.995575	0.99096	0
PBE62146_skip_1f47e940_86fa3a23_25.pod5	7f6f56ee-74a2-423a-a7b7-c6f054c1aac3	86fa3a23034ac4d64733bd929ae4595285b3e5bc	1351	3	18696.5	3.5694	18696.5	3.5674	1367	37.329	unclassified	chr1	143217085	143218445	3	1361	+	1360	1358	1321	0	2	37	60	0.993416	0.972754	0.971324	0
PBE62146_skip_1f47e940_86fa3a23_25.pod5	e471c820-5d22-41f8-b911-2081ec11b853	86fa3a23034ac4d64733bd929ae4595285b3e5bc	1776	4	18693.6	3.8048	18693.7	3.7056	1532	23.2005	unclassified	chr11	54702609	54704151	0	1532	+	1542	1532	1529	0	10	3	60	1	0.998042	0.991569	0
PBE62146_skip_1f47e940_86fa3a23_25.pod5	720276bd-1250-42ba-a704-77f90f2c115b	86fa3a23034ac4d64733bd929ae4595285b3e5bc	2147	3	18691.7	6.8144	18691.8	6.714	2855	25.9566	unclassified	chr5	19087432	19090271	6	2855	-	2850	2838	2825	11	1	13	60	0.997898	0.995419	0.991228	0
PBE62146_skip_1f47e940_86fa3a23_25.pod5	cec781ce-823c-4485-82cf-003c480af6ed	86fa3a23034ac4d64733bd929ae4595285b3e5bc	1374	3	18696	1.8674	18696	1.8654	838	11.0399	unclassified	chr2	214102543	214103355	29	830	+	826	787	755	14	25	32	60	0.955847	0.959339	0.914044	0
PBE62146_skip_1f47e940_86fa3a23_25.pod5	a8a5ac79-8449-4dcd-8833-2eee4b604241	86fa3a23034ac4d64733bd929ae4595285b3e5bc	2896	2	18693	3.884	18693.1	3.7872	1522	28.4448	unclassified	chr3	80332457	80333974	0	1515	+	1518	1514	1512	1	3	2	60	0.995401	0.998679	0.996047	0
PBE62146_skip_1f47e940_86fa3a23_25.pod5	6e4b189c-8bb6-44c6-bef2-826bedd2b3a1	86fa3a23034ac4d64733bd929ae4595285b3e5bc	449	4	18699.3	1.5926	18699.3	1.5906	568	22.9263	unclassified	chr2	93009838	93010361	32	555	+	523	523	520	0	0	3	1	0.920775	0.994264	0.994264	0
PBE62146_skip_1f47e940_86fa3a23_25.pod5	0b94679d-5c95-464a-b085-1fa81be5cec4	86fa3a23034ac4d64733bd929ae4595285b3e5bc	1261	1	18693.7	6.4128	18693.7	6.4108	2734	20.7006	unclassified	chr13	95335805	95338520	29	2734	+	2719	2701	2688	4	14	13	60	0.989393	0.995187	0.988599	0
PBE62146_skip_1f47e940_86fa3a23_25.pod5	2aa82a14-19ca-4a24-bcbc-31be33e6c631	86fa3a23034ac4d64733bd929ae4595285b3e5bc	1426	1	18692.1	5.1848	18692.3	5.0136	2048	20.7434	unclassified	chr10	70404003	70406062	0	2048	+	2061	2046	2037	2	13	9	60	1	0.995601	0.988355	0
PBE62146_skip_1f47e940_86fa3a23_25.pod5	35f0b892-a450-4705-8227-69610d20dd2b	86fa3a23034ac4d64733bd929ae4595285b3e5bc	1145	4	18696.2	5.3588	18696.3	5.2692	2205	25.0812	unclassified	chr3	173566770	173568964	0	2199	+	2200	2193	2189	6	1	4	60	0.997279	0.998176	0.995	0
PBE62146_skip_1f47e940_86fa3a23_25.pod5	391934c1-08cc-41ab-ab52-e093049dc37d	86fa3a23034ac4d64733bd929ae4595285b3e5bc	2293	3	18698.6	2.2628	18698.7	2.1108	721	24.4626	unclassified	chr20	26363667	26364240	0	573	-	573	573	570	0	0	3	60	0.79473	0.994764	0.994764	0
PBE62146_skip_1f47e940_86fa3a23_25.pod5	d110a8a3-be51-4cdf-90fd-6f8c571e3674	86fa3a23034ac4d64733bd929ae4595285b3e5bc	2284	4	18690.3	7.0148	18690.4	6.93	2704	30.9815	unclassified	chr8	3530064	3532766	0	2704	+	2708	2698	2692	6	4	6	60	1	0.997776	0.994092	0
PBE62146_skip_1f47e940_86fa3a23_25.pod5	e43db35a-147f-4ee2-981f-09b538053f41	86fa3a23034ac4d64733bd929ae4595285b3e5bc	869	1	18694.1	4.3498	18694.1	4.3478	2151	18.9962	unclassified	chr13	112321698	112323812	7	2119	-	2120	2106	2097	6	8	9	60	0.981869	0.995726	0.989151	0
PBE62146_skip_1f47e940_86fa3a23_25.pod5	7e80f8f1-7e91-4752-831a-40d910c089cf	86fa3a23034ac4d64733bd929ae4595285b3e5bc	356	4	18690	8.9024	18690.1	8.7672	3626	27.4133	unclassified	chr3	99702955	99706575	6	3626	-	3625	3615	3610	5	5	5	60	0.998345	0.998617	0.995862	0
PBE62146_skip_1f47e940_86fa3a23_25.pod5	c6a7f39f-bcbd-4cdf-8da7-99c841f134ed	86fa3a23034ac4d64733bd929ae4595285b3e5bc	441	2	18691.6	6.8696	18691.7	6.774	2871	21.404	unclassified	chr3	149557522	149560392	0	2864	+	2874	2860	2846	4	10	14	60	0.997562	0.995105	0.990258	0
PBE62146_skip_1f47e940_86fa3a23_25.pod5	f5f42950-d050-4dbc-97af-de3c7dd21672	86fa3a23034ac4d64733bd929ae4595285b3e5bc	1119	3	18684	13.7456	18684.1	13.6176	5627	25.9078	unclassified	chr6	46739758	46745373	0	5619	+	5628	5606	5601	13	9	5	60	0.998578	0.999108	0.995203	0
PBE62146_skip_1f47e940_86fa3a23_25.pod5	521d7a1a-a87f-4b6a-99d2-2d6b0903ca69	86fa3a23034ac4d64733bd929ae4595285b3e5bc	1187	4	18702	1.6368	18702	1.6348	754	21.5796	unclassified	chr9	137615801	137616559	1	754	-	758	753	748	0	5	5	60	0.998674	0.99336	0.986807	0
PBE62146_skip_1f47e940_86fa3a23_25.pod5	30fad913-e431-428c-8a3d-aaa31efa09ce	86fa3a23034ac4d64733bd929ae4595285b3e5bc	2322	1	18698.8	4.7768	18699	4.668	2132	29.0886	unclassified	chr15	60455720	60457830	0	2132	+	2132	2110	2104	22	0	6	60	1	0.997156	0.986867	0
PBE62146_skip_1f47e940_86fa3a23_25.pod5	a3e3ea54-1093-438f-86cb-9558b9199989	86fa3a23034ac4d64733bd929ae4595285b3e5bc	125	1	18695	3.3318	18695	3.3298	1157	9.51894	unclassified	chr17	58535922	58536733	36	833	+	827	781	743	16	30	38	60	0.68885	0.951344	0.898428	0
PBE62146_skip_1f47e940_86fa3a23_25.pod5	86ec8750-eddb-417f-b9d1-64a7ae42ba13	86fa3a23034ac4d64733bd929ae4595285b3e5bc	718	1	18688.5	9.5994	18688.5	9.5974	4353	27.3598	unclassified	chr1	31183274	31187592	9	4316	-	4320	4305	4300	2	13	5	60	0.989433	0.998839	0.99537	0
PBE62146_skip_1f47e940_86fa3a23_25.pod5	f2013eb2-7dd6-4a0e-b8ad-eb06dd39e5d5	86fa3a23034ac4d64733bd929ae4595285b3e5bc	65	4	18695.3	5.708	18695.5	5.508	1391	28.8098	unclassified	chr16	57540215	57541601	6	1391	-	1386	1385	1381	0	1	4	60	0.995687	0.997112	0.996392	0
PBE62146_skip_1f47e940_86fa3a23_25.pod5	34840dd4-664d-491b-aba6-1fffd93fe558	86fa3a23034ac4d64733bd929ae4595285b3e5bc	762	3	18701	2.2976	18701	2.2104	954	27.7834	unclassified	chr16	80663287	80664230	0	943	+	943	943	943	0	0	0	60	0.98847	1	1	0
PBE62146_skip_1f47e940_86fa3a23_25.pod5	b7d21362-d59c-4f3e-8f17-9a2c01f8cd66	86fa3a23034ac4d64733bd929ae4595285b3e5bc	468	1	18683.2	14.8232	18683.3	14.7288	6459	22.693	unclassified	chr11	65574609	65581079	0	6452	+	6479	6443	6415	9	27	28	60	0.998916	0.995654	0.990122	0
PBE62146_skip_1f47e940_86fa3a23_25.pod5	b860729f-d86d-4f13-9911-f7379a297817	86fa3a23034ac4d64733bd929ae4595285b3e5bc	1115	4	18694.9	7.064	18695.1	6.8952	1987	29.6659	unclassified	chr16	46398008	46399980	3	1982	+	1982	1969	1907	10	3	62	60	0.995974	0.968512	0.962159	0
PBE62146_skip_1f47e940_86fa3a23_25.pod5	66d33791-826a-4086-a9d3-7a79fa1409bb	86fa3a23034ac4d64733bd929ae4595285b3e5bc	1028	2	18691	7.4102	18691	7.4082	3133	22.4594	unclassified	chr7	59040336	59043456	3	3127	+	3127	3117	3101	7	3	16	1	0.997127	0.994867	0.991685	0
PBE62146_skip_1f47e940_86fa3a23_25.pod5	cfcbf557-3911-4afe-9b39-5ebddbd63311	86fa3a23034ac4d64733bd929ae4595285b3e5bc	2323	3	18693.8	6.21	18693.8	6.208	1608	5.24206	unclassified	*	-1	-1	-1	-1	*	0	0	0	0	0	0	0	0	0	0	0
PBE62146_skip_1f47e940_86fa3a23_25.pod5	fcc12d93-bbe7-47a9-b3eb-88f12110d4a8	86fa3a23034ac4d64733bd929ae4595285b3e5bc	512	3	18698.5	3.4328	18698.6	3.2688	1592	19.9655	unclassified	chr13	23634764	23636365	0	1586	+	1605	1582	1563	4	19	19	60	0.996231	0.98799	0.973832	0
PBE62146_skip_1f47e940_86fa3a23_25.pod5	fac8049e-2936-41ed-81a6-30db19e09786	86fa3a23034ac4d64733bd929ae4595285b3e5bc	2488	4	18698.4	6.3164	18698.5	6.1956	2549	28.7411	unclassified	chr4	143839140	143841688	0	2549	+	2549	2548	2545	1	0	3	60	1	0.998823	0.998431	0
PBE62146_skip_1f47e940_86fa3a23_25.pod5	e7c27a28-72f2-4961-b30c-8b85064124f9	86fa3a23034ac4d64733bd929ae4595285b3e5bc	396	3	18689.4	13.5524	18689.5	13.422	5275	33.237	unclassified	chr17	75714132	75719403	0	5264	+	5276	5259	5252	5	12	7	60	0.997915	0.998669	0.995451	0
PBE62146_skip_1f47e940_86fa3a23_25.pod5	592db517-d41e-4f32-b316-6d92c4a73750	86fa3a23034ac4d64733bd929ae4595285b3e5bc	1553	2	18698.2	3.7228	18698.2	3.7208	1614	28.7061	unclassified	chr4	25624156	25625732	9	1588	-	1580	1575	1575	4	1	0	60	0.978315	1	0.996835	0
PBE62146_skip_1f47e940_86fa3a23_25.pod5	831230e7-1252-43fa-94a1-9734ed57092a	86fa3a23034ac4d64733bd929ae4595285b3e5bc	1952	2	18688.6	12.6308	18688.7	12.45	4069	28.7949	unclassified	chr10	61269611	61273678	0	4069	+	4070	4066	4058	3	1	8	60	1	0.998032	0.997052	0
PBE62146_skip_1f47e940_86fa3a23_25.pod5	f2fd78c6-e457-47fa-9fe7-ea3fce761422	86fa3a23034ac4d64733bd929ae4595285b3e5bc	2041	4	18700.4	4.1996	18700.5	4.0884	1732	29.1642	unclassified	chr21	32846587	32848318	4	1732	-	1731	1728	1727	0	3	1	60	0.997691	0.999421	0.997689	0
PBE62146_skip_1f47e940_86fa3a23_25.pod5	422b803d-dd11-40df-8705-eac89b3fff77	86fa3a23034ac4d64733bd929ae4595285b3e5bc	1130	1	18697.4	6.6786	18697.4	6.6766	3080	9.89925	unclassified	chr4	125375885	125378990	11	3043	-	3177	2960	2794	72	145	166	60	0.984416	0.943919	0.879446	0
PBE62146_skip_1f47e940_86fa3a23_25.pod5	9e790999-f5e6-489a-8c99-970b5ee4bd19	86fa3a23034ac4d64733bd929ae4595285b3e5bc	1536	3	18696.7	8.3612	18696.8	8.2284	3177	28.5499	unclassified	chr3	8820322	8823490	0	3171	+	3175	3164	3159	7	4	5	60	0.998111	0.99842	0.994961	0
PBE62146_skip_1f47e940_86fa3a23_25.pod5	e95717cb-84b1-4709-848e-539b8f44729d	86fa3a23034ac4d64733bd929ae4595285b3e5bc	2914	2	18691.4	10.25	18691.5	10.158	4369	31.2738	unclassified	chr10	39381420	39385780	0	4360	+	4362	4358	4312	2	2	46	60	0.99794	0.989445	0.988537	0
PBE62146_skip_1f47e940_86fa3a23_25.pod5	c9f15207-c74c-413f-8ce8-1e38cbcb9256	86fa3a23034ac4d64733bd929ae4595285b3e5bc	432	4	18698.1	4.112	18698.2	3.9504	1490	29.7632	unclassified	chr1	73909076	73910560	0	1483	+	1484	1483	1482	0	1	1	60	0.995302	0.999326	0.998652	0
PBE62146_skip_1f47e940_86fa3a23_25.pod5	dc641b4a-1899-4c03-9bb3-fa5b31b07f33	86fa3a23034ac4d64733bd929ae4595285b3e5bc	1364	1	18697.2	4.1454	18697.2	4.1434	1762	28.3368	unclassified	chr21	20810784	20812499	41	1756	+	1716	1714	1712	1	1	2	60	0.973326	0.998833	0.997669	0
PBE62146_skip_1f47e940_86fa3a23_25.pod5	a0a191f0-5d88-4dbc-975d-509c178f0594	86fa3a23034ac4d64733bd929ae4595285b3e5bc	1704	3	18692.8	8.564	18693.1	8.2308	2192	16.3994	unclassified	chr5	26848114	26850309	0	2192	+	2211	2176	2157	16	19	19	60	1	0.991268	0.975577	0
PBE62146_skip_1f47e940_86fa3a23_25.pod5	76be8425-844c-4d16-8046-8e83ef4e60db	86fa3a23034ac4d64733bd929ae4595285b3e5bc	17	3	18697.9	5.0888	18698	4.9416	2148	37.5651	unclassified	chr6	137168750	137170891	0	2141	+	2141	2141	2141	0	0	0	60	0.996741	1	1	0
PBE62146_skip_1f47e940_86fa3a23_25.pod5	d0c8c501-5739-4901-bf68-ef22b8a765c4	86fa3a23034ac4d64733bd929ae4595285b3e5bc	1975	2	18697.9	5.258	18698	5.1444	2217	34.988	unclassified	chr4	88127349	88129559	7	2217	-	2210	2210	2207	0	0	3	60	0.996843	0.998643	0.998643	0
PBE62146_skip_1f47e940_86fa3a23_25.pod5	0af7778a-d48a-4de8-9d67-c7dff11f0115	86fa3a23034ac4d64733bd929ae4595285b3e5bc	166	3	18698.4	5.0012	18698.6	4.8828	1954	32.7054	unclassified	chr19	18537300	18539245	7	1954	-	1947	1945	1945	2	0	0	60	0.996418	1	0.998973	0
PBE62146_skip_1f47e940_86fa3a23_25.pod5	6441db5a-1bf1-4101-a883-0a0c6f9eded3	86fa3a23034ac4d64733bd929ae4595285b3e5bc	1024	1	18691.4	8.6348	18691.5	8.5644	3408	27.2265	unclassified	chr13	93117434	93120849	0	3401	+	3417	3399	3384	2	16	15	60	0.997946	0.995587	0.990342	0
PBE62146_skip_1f47e940_86fa3a23_25.pod5	cbdf5017-c60d-42e0-82be-104b9731f6de	86fa3a23034ac4d64733bd929ae4595285b3e5bc	2352	2	18689.6	11.2004	18689.7	11.094	4208	29.9504	unclassified	chr17	55275584	55279794	0	4208	+	4217	4201	4196	7	9	5	60	1	0.99881	0.99502	0
PBE62146_skip_1f47e940_86fa3a23_25.pod5	c7f98e9b-84b3-4d79-b362-6169bb14a15d	86fa3a23034ac4d64733bd929ae4595285b3e5bc	2088	4	18692.7	7.0688	18692.8	6.9744	2879	29.2192	unclassified	chr3	44113560	44116401	0	2873	+	2875	2839	2836	34	2	3	60	0.997916	0.998943	0.986435	0
PBE62146_skip_1f47e940_86fa3a23_25.pod5	aa5824fa-1e9b-4c68-a2cb-64954243fb07	86fa3a23034ac4d64733bd929ae4595285b3e5bc	673	4	18693.2	13.8144	18693.2	13.8124	5264	19.8761	unclassified	chrX	47221857	47227078	33	5255	+	5243	5200	5177	22	21	23	60	0.992021	0.995577	0.987412	0
PBE62146_skip_1f47e940_86fa3a23_25.pod5	1ffc058a-5a42-488b-925f-4da3f3eba34a	86fa3a23034ac4d64733bd929ae4595285b3e5bc	2579	4	18691	8.9536	18691	8.9516	4489	15.0337	unclassified	chr14	28169185	28173661	12	4458	-	4511	4411	4335	35	65	76	60	0.990421	0.98277	0.960984	0
PBE62146_skip_1f47e940_86fa3a23_25.pod5	5c39f41f-fb1b-4419-ad1e-945ef0af8e82	86fa3a23034ac4d64733bd929ae4595285b3e5bc	401	4	18697.7	7.8982	18697.7	7.8962	3059	29.413	unclassified	chr11	26142941	26145964	31	3050	+	3025	3017	3015	2	6	2	60	0.986924	0.999337	0.996694	0
PBE62146_skip_1f47e940_86fa3a23_25.pod5	717a56ee-319c-415f-b66a-9499ac837e7e	86fa3a23034ac4d64733bd929ae4595285b3e5bc	1542	3	18693.9	12.1878	18693.9	12.1858	5411	12.6193	unclassified	chr11	110618342	110624046	11	5378	-	5780	5291	5083	76	413	208	60	0.991868	0.960688	0.879412	0
PBE62146_skip_1f47e940_86fa3a23_25.pod5	0b8eaad2-3921-4398-a89d-e06387747700	86fa3a23034ac4d64733bd929ae4595285b3e5bc	983	2	18696.3	8.8214	18696.3	8.8194	3488	15.6539	unclassified	chr11	48776187	48779630	37	3472	+	3455	3423	3344	12	20	79	60	0.984805	0.976921	0.967873	0
PBE62146_skip_1f47e940_86fa3a23_25.pod5	c66d6ba1-a79c-4428-a4bb-c0d19f415ded	86fa3a23034ac4d64733bd929ae4595285b3e5bc	1978	3	18699.3	5.6384	18699.4	5.5284	2739	23.5076	unclassified	chr4	160992564	160995301	9	2731	+	2738	2721	2714	1	16	7	60	0.993793	0.997427	0.991234	0
PBE62146_skip_1f47e940_86fa3a23_25.pod5	6071ec25-95bc-479d-aa0a-a245d58cb5ec	86fa3a23034ac4d64733bd929ae4595285b3e5bc	278	1	18693.2	9.662	18693.3	9.558	4684	35.7428	unclassified	chr1	143215033	143220891	4	4684	-	5861	4677	4577	3	1181	100	1	0.999146	0.978619	0.780925	0
PBE62146_skip_1f47e940_86fa3a23_25.pod5	b4faea37-71b4-4b61-bf39-1644ee1adb7f	86fa3a23034ac4d64733bd929ae4595285b3e5bc	974	2	18695.4	11.1248	18695.5	11.0184	4440	29.5838	unclassified	chr21	43777861	43782289	9	4440	-	4437	4422	4416	9	6	6	60	0.997973	0.998643	0.995267	0
PBE62146_skip_1f47e940_86fa3a23_25.pod5	9e7a09f5-b986-4632-be69-f65201dc1693	86fa3a23034ac4d64733bd929ae4595285b3e5bc	1132	1	18697.5	6.2024	18697.6	6.0792	2257	30.2157	unclassified	chr5	24646422	24648673	0	2251	+	2251	2251	2251	0	0	0	60	0.997342	1	1	0
PBE62146_skip_1f47e940_86fa3a23_25.pod5	0f39ed39-f045-47a3-8c47-9e1d8a6ac30e	86fa3a23034ac4d64733bd929ae4595285b3e5bc	957	3	18691.2	13.748	18691.2	13.746	5683	31.657	unclassified	chr19	12326442	12332069	12	5647	-	5640	5622	5617	13	5	5	60	0.991554	0.999111	0.995922	0
PBE62146_skip_1f47e940_86fa3a23_25.pod5	68a84ad2-e657-4b74-9ac5-3cee9c652ebd	86fa3a23034ac4d64733bd929ae4595285b3e5bc	2680	1	18699.9	5.8436	18699.9	5.7516	2333	20.2265	unclassified	chr3	63203466	63205796	0	2333	-	2337	2326	2320	7	4	6	60	1	0.99742	0.992726	0
PBE62146_skip_1f47e940_86fa3a23_25.pod5	5ae76cf3-795d-48b1-a606-04651ba79c45	86fa3a23034ac4d64733bd929ae4595285b3e5bc	688	1	18698.7	4.736	18698.7	4.734	1885	9.82178	unclassified	chr3	137786249	137788120	33	1880	+	1932	1786	1669	61	85	117	60	0.979841	0.934491	0.863872	0
PBE62146_skip_1f47e940_86fa3a23_25.pod5	c109c4a3-f6b5-4aed-83af-e4d21b6ec00d	86fa3a23034ac4d64733bd929ae4595285b3e5bc	1132	1	18703.8	2.8316	18703.9	2.7372	1133	25.9196	unclassified	chr5	24647534	24648672	0	1133	-	1139	1132	1132	1	6	0	60	1	1	0.993854	0
PBE62146_skip_1f47e940_86fa3a23_25.pod5	8441eefb-708a-4312-be64-52cdcb818f71	86fa3a23034ac4d64733bd929ae4595285b3e5bc	2943	4	18695.8	8.795	18695.8	8.793	2878	34.1087	unclassified	chr1	125178897	125183104	0	2876	-	4208	2875	2838	1	1332	37	51	0.999305	0.98713	0.67443	0
PBE62146_skip_1f47e940_86fa3a23_25.pod5	d33a7280-31ac-4606-9118-8292acee033a	86fa3a23034ac4d64733bd929ae4595285b3e5bc	535	3	18698.3	5.7252	18698.3	5.7232	2498	20.0942	unclassified	chr1	46506852	46509317	37	2493	+	2468	2453	2439	3	12	14	60	0.983187	0.994293	0.98825	0
PBE62146_skip_1f47e940_86fa3a23_25.pod5	2f117648-897e-4aff-92fc-eedf9e986097	86fa3a23034ac4d64733bd929ae4595285b3e5bc	1164	3	18692.6	11.684	18692.8	11.5728	4958	28.9421	unclassified	chr15	28797724	28802674	0	4951	+	4959	4942	4941	9	8	1	60	0.998588	0.999798	0.99637	0
PBE62146_skip_1f47e940_86fa3a23_25.pod5	b8fe2b69-1a6f-4670-9d79-98df0170704b	86fa3a23034ac4d64733bd929ae4595285b3e5bc	2443	4	18696.4	8.018	18696.5	7.8948	2972	11.6584	unclassified	chr1	64502790	64505374	0	2585	+	2585	2584	2581	1	0	3	60	0.869785	0.998839	0.998453	0
PBE62146_skip_1f47e940_86fa3a23_25.pod5	79b48189-ca34-4320-9157-c81130e82116	86fa3a23034ac4d64733bd929ae4595285b3e5bc	1778	2	18701.9	1.942	18701.9	1.94	931	23.4937	unclassified	chr9	102278068	102278988	6	931	+	927	918	911	7	2	7	60	0.993555	0.992375	0.98274	0
PBE62146_skip_1f47e940_86fa3a23_25.pod5	a20f1ff9-d0ae-4644-8c3c-292b3e565381	86fa3a23034ac4d64733bd929ae4595285b3e5bc	1907	3	18701.5	3.9476	18701.6	3.8172	1498	32.1324	unclassified	chr11	127228387	127229888	6	1498	-	1505	1488	1487	4	13	1	60	0.995995	0.999328	0.98804	0
PBE62146_skip_1f47e940_86fa3a23_25.pod5	16283e3b-7f45-40c7-bf3c-03b7645a8071	86fa3a23034ac4d64733bd929ae4595285b3e5bc	1368	1	18700.5	4.0656	18700.5	4.0636	1620	9.64413	unclassified	chr11	88546816	88548426	40	1617	+	1660	1527	1431	50	83	96	60	0.973457	0.937132	0.862048	0
PBE62146_skip_1f47e940_86fa3a23_25.pod5	ad5f8e95-d9c7-4286-a2dc-b218b0b378d8	86fa3a23034ac4d64733bd929ae4595285b3e5bc	1042	1	18696.8	8.3396	18696.8	8.3376	3952	14.2805	unclassified	chr3	98440365	98444295	5	3919	-	3983	3861	3777	53	69	84	60	0.990385	0.978244	0.94828	0
PBE62146_skip_1f47e940_86fa3a23_25.pod5	194ab23c-e878-4b73-b17e-dddcf09d61c2	86fa3a23034ac4d64733bd929ae4595285b3e5bc	629	2	18696.8	8.1464	18696.8	8.1444	4001	15.0125	unclassified	chr12	42344856	42348886	2	3959	-	4060	3927	3860	30	103	67	60	0.989003	0.982939	0.950739	0
PBE62146_skip_1f47e940_86fa3a23_25.pod5	af20b7b3-3f6f-48b7-968e-45341b2842e8	86fa3a23034ac4d64733bd929ae4595285b3e5bc	2103	4	18700.7	4.4168	18700.9	4.2576	1593	30.8295	unclassified	chr7	157807443	157809023	11	1593	-	1583	1579	1578	3	1	1	60	0.993095	0.999367	0.996841	0
PBE62146_skip_1f47e940_86fa3a23_25.pod5	17d9d3e3-98c9-4b40-921c-fdb725adabb8	86fa3a23034ac4d64733bd929ae4595285b3e5bc	2764	1	18695.4	7.7924	18695.6	7.578	2579	19.2223	unclassified	chr3	15314709	15317293	6	2579	-	2592	2565	2538	8	19	27	60	0.997674	0.989474	0.979167	0
PBE62146_skip_1f47e940_86fa3a23_25.pod5	36a7f187-6680-43ca-a351-82ec634a9d86	86fa3a23034ac4d64733bd929ae4595285b3e5bc	2388	2	18698.7	6.4016	18698.7	6.3996	3001	24.0207	unclassified	chr14	43084324	43087290	9	2969	-	2968	2958	2952	2	8	6	60	0.986338	0.997972	0.994609	0
PBE62146_skip_1f47e940_86fa3a23_25.pod5	57774c65-6863-4fd3-9cf1-aab54c50d31c	86fa3a23034ac4d64733bd929ae4595285b3e5bc	1070	1	18693.8	11.441	18693.8	11.439	4922	9.41828	unclassified	chrX	108453267	108457375	47	4069	+	4232	3898	3660	124	210	238	60	0.817147	0.938943	0.864839	0
PBE62146_skip_1f47e940_86fa3a23_25.pod5	63b6781d-8f4e-48ea-a34c-f00af201ec29	86fa3a23034ac4d64733bd929ae4595285b3e5bc	959	2	18700.7	6.4508	18700.9	6.3084	2512	23.531	unclassified	chr11	13073905	13076399	0	2506	+	2509	2491	2479	15	3	12	60	0.997611	0.995183	0.988043	0
PBE62146_skip_1f47e940_86fa3a23_25.pod5	10a4a38c-32c7-497f-8be1-54d3b917d715	86fa3a23034ac4d64733bd929ae4595285b3e5bc	411	2	18691.3	11.2088	18691.4	11.1168	4403	39.5764	unclassified	chr9	134119005	134123403	0	4394	+	4401	4391	4377	3	7	14	60	0.997956	0.996812	0.994547	0
PBE62146_skip_1f47e940_86fa3a23_25.pod5	a603de6d-7423-426a-986a-1048f3ab152f	86fa3a23034ac4d64733bd929ae4595285b3e5bc	1167	4	18690.2	6.98	18690.3	6.8664	2860	34.4486	unclassified	chr6	113067493	113070349	0	2853	+	2857	2852	2852	1	4	0	60	0.997552	1	0.99825	0
PBE62146_skip_1f47e940_86fa3a23_25.pod5	d249190a-99ba-4a61-9e3e-fe7c0f9a4103	86fa3a23034ac4d64733bd929ae4595285b3e5bc	2530	4	18688	16.5344	18688.2	16.3764	8183	30.6362	unclassified	chrY	56710938	56719150	5	8182	-	8218	8171	8074	6	41	97	2	0.999267	0.988129	0.982477	0
PBE62146_skip_1f47e940_86fa3a23_25.pod5	54b10252-f8c2-4254-b314-6e592df123d1	86fa3a23034ac4d64733bd929ae4595285b3e5bc	1436	3	18685.2	11.8472	18685.3	11.7384	4689	28.4085	unclassified	chr2	196227259	196231948	6	4689	-	4690	4682	4671	1	7	11	60	0.99872	0.997651	0.995949	0
PBE62146_skip_1f47e940_86fa3a23_25.pod5	08c61d82-09e0-499f-ab4f-6a7813012149	86fa3a23034ac4d64733bd929ae4595285b3e5bc	1714	3	18695.5	9.5996	18695.5	9.5976	4057	10.1567	unclassified	chr12	60543700	60547731	13	4026	-	4163	3881	3701	132	150	180	60	0.989155	0.95362	0.889022	0
PBE62146_skip_1f47e940_86fa3a23_25.pod5	821e9912-77fd-4eb5-8a55-9c0a58d2d1d5	86fa3a23034ac4d64733bd929ae4595285b3e5bc	616	1	18690.8	14.564	18690.9	14.4432	6256	25.6971	unclassified	chr9	78035642	78041885	7	6256	-	6257	6235	6230	14	8	5	60	0.998881	0.999198	0.995685	0
PBE62146_skip_1f47e940_86fa3a23_25.pod5	8d311243-2415-41af-8d6a-51befba0ad29	86fa3a23034ac4d64733bd929ae4595285b3e5bc	2452	1	18696.6	9.8336	18696.7	9.7296	3862	26.2777	unclassified	chr4	49709079	49711926	686	3862	-	3208	2815	2432	361	32	383	1	0.822372	0.863943	0.758105	0
PBE62146_skip_1f47e940_86fa3a23_25.pod5	6b781659-ed80-4bbc-9179-fa16c630d4e4	86fa3a23034ac4d64733bd929ae4595285b3e5bc	2629	4	18696.6	5.6864	18696.7	5.604	2354	24.2691	unclassified	chr16	63637600	63639943	7	2354	-	2351	2339	2333	8	4	6	60	0.997026	0.997435	0.992344	0
PBE62146_skip_1f47e940_86fa3a23_25.pod5	56baf91a-5f6d-497d-9740-fb4e8389eb0c	86fa3a23034ac4d64733bd929ae4595285b3e5bc	705	3	18689.9	13.3748	18690.1	13.2312	5095	30.5391	unclassified	chr10	56511848	56516944	0	5094	-	5101	5089	5084	5	7	5	60	0.999804	0.999017	0.996667	0
PBE62146_skip_1f47e940_86fa3a23_25.pod5	fa90de87-e43d-48b6-9fe7-35960f629de4	86fa3a23034ac4d64733bd929ae4595285b3e5bc	2045	1	18693.7	11.4596	18693.7	11.3676	4688	25.4158	unclassified	chr8	67459674	67464352	0	4681	+	4689	4670	4666	11	8	4	60	0.998507	0.999143	0.995095	0
PBE62146_skip_1f47e940_86fa3a23_25.pod5	70b1e94a-25e6-4b91-8094-aa1f6eb53d60	86fa3a23034ac4d64733bd929ae4595285b3e5bc	1641	3	18686.4	15.218	18686.6	15.0684	6449	31.9625	unclassified	chr1	171615137	171621568	0	6442	+	6444	6429	6423	13	2	6	60	0.998915	0.999067	0.996741	0
PBE62146_skip_1f47e940_86fa3a23_25.pod5	4b8c3e09-df61-41b1-8a5e-adf18e2e459a	86fa3a23034ac4d64733bd929ae4595285b3e5bc	698	3	18681	16.232	18681.1	16.1304	6921	17.5274	unclassified	chr4	17550038	17556997	0	6915	+	7000	6874	6796	41	85	78	60	0.999133	0.988653	0.970857	0
PBE62146_skip_1f47e940_86fa3a23_25.pod5	11c9cd0b-377c-4207-8bfe-a1b513a1a3aa	86fa3a23034ac4d64733bd929ae4595285b3e5bc	2652	2	18685.8	13.1564	18685.9	13.0524	4736	30.2248	unclassified	chr15	58934539	58939275	0	4730	+	4739	4727	4721	3	9	6	60	0.998733	0.998731	0.996202	0
PBE62146_skip_1f47e940_86fa3a23_25.pod5	95dc6d49-a23b-4076-ad16-29b079ed0396	86fa3a23034ac4d64733bd929ae4595285b3e5bc	962	2	18692.5	13.664	18692.7	13.5264	5723	23.4119	unclassified	chrX	52182891	52188608	0	5717	+	5735	5699	5685	18	18	14	0	0.998952	0.997543	0.991282	0
PBE62146_skip_1f47e940_86fa3a23_25.pod5	4ff45578-8ede-4bcf-8669-0625ec0e72b6	86fa3a23034ac4d64733bd929ae4595285b3e5bc	366	4	18693.8	4.1276	18693.9	4.014	1621	24.2144	unclassified	chr4	157757354	157758973	0	1621	-	1622	1618	1613	3	1	5	60	1	0.99691	0.994451	0
PBE62146_skip_1f47e940_86fa3a23_25.pod5	6609f12e-3594-4283-afca-7e293a712130	86fa3a23034ac4d64733bd929ae4595285b3e5bc	196	3	18698.1	9.0992	18698.1	9.0972	3434	24.8688	unclassified	chr6	110555723	110559124	32	3427	+	3403	3393	3386	2	8	7	60	0.988643	0.997937	0.995004	0
PBE62146_skip_1f47e940_86fa3a23_25.pod5	d6def85d-6697-4732-abc4-7dfd37c7c2e7	86fa3a23034ac4d64733bd929ae4595285b3e5bc	1326	4	18694.4	10.3524	18694.5	10.2432	4115	34.3124	unclassified	chr4	43996785	44000891	0	4108	+	4108	4106	4104	2	0	2	60	0.998299	0.999513	0.999026	0
PBE62146_skip_1f47e940_86fa3a23_25.pod5	b324f212-b415-4eae-93fc-9426e93a5755	86fa3a23034ac4d64733bd929ae4595285b3e5bc	2141	3	18692.1	6.278	18692.3	6.1404	2624	21.8341	unclassified	chrX	146517042	146519673	0	2624	-	2634	2621	2610	3	10	11	60	1	0.995803	0.990888	0
PBE62146_skip_1f47e940_86fa3a23_25.pod5	0b618a22-a7b6-49e2-b9ae-34f0e487cfc3	86fa3a23034ac4d64733bd929ae4595285b3e5bc	1035	4	18690.8	7.3676	18690.9	7.2876	2868	28.1379	unclassified	chr12	106476483	106479353	0	2868	-	2874	2864	2862	4	6	2	60	1	0.999302	0.995825	0
PBE62146_skip_1f47e940_86fa3a23_25.pod5	fd0a23a4-ca3a-4fb4-aec7-43916b9474b7	86fa3a23034ac4d64733bd929ae4595285b3e5bc	2296	3	18691.3	6.224	18691.4	6.1104	2669	27.4655	unclassified	chr11	36201434	36204095	0	2664	+	2665	2660	2654	4	1	6	60	0.998127	0.997744	0.995872	0
PBE62146_skip_1f47e940_86fa3a23_25.pod5	6c440519-2e86-4c52-8799-a5a76017504b	86fa3a23034ac4d64733bd929ae4595285b3e5bc	1326	4	18686.3	8.0844	18686.3	8.0844	3362	23.3182	unclassified	chr11	103894449	103897778	25	3349	+	3329	3324	3317	0	5	7	60	0.988697	0.997894	0.996395	0
PBE62146_skip_1f47e940_86fa3a23_25.pod5	025fbf64-8cc9-41f5-a7e8-d37e8ec9f40a	86fa3a23034ac4d64733bd929ae4595285b3e5bc	1840	4	18690.9	6.902	18690.9	6.9	3253	11.0803	unclassified	chr3	103053253	103056476	59	3248	+	3296	3116	2964	73	107	152	60	0.980326	0.951219	0.899272	0
PBE62146_skip_1f47e940_86fa3a23_25.pod5	442b935c-e274-4470-8f62-19501b7b509d	86fa3a23034ac4d64733bd929ae4595285b3e5bc	473	2	18692	6.1088	18692.2	5.9724	2502	29.8462	unclassified	chr2	120390391	120391928	0	1576	-	1591	1522	1513	54	15	9	60	0.629896	0.994087	0.950974	0
PBE62146_skip_1f47e940_86fa3a23_25.pod5	f9ca6942-91de-49bb-9a2e-86246d6fdbb8	86fa3a23034ac4d64733bd929ae4595285b3e5bc	2029	4	18701.5	5.007	18701.5	5.005	3419	19.1148	unclassified	chr19	5161847	5165258	7	3391	-	3417	3378	3361	6	33	17	60	0.989763	0.994967	0.983611	0
PBE62146_skip_1f47e940_86fa3a23_25.pod5	01f2dec4-4014-42fa-b14c-54a5485700e9	86fa3a23034ac4d64733bd929ae4595285b3e5bc	406	2	18700.8	5.9434	18700.8	5.9414	2191	16.5067	unclassified	chr11	87366368	87368524	28	2186	+	2175	2139	2110	19	17	29	60	0.984938	0.986442	0.970115	0
PBE62146_skip_1f47e940_86fa3a23_25.pod5	0c8acd05-4084-4ab9-b5b3-806c49ffad37	86fa3a23034ac4d64733bd929ae4595285b3e5bc	388	3	18695.2	2.3036	18695.3	2.1828	939	27.5571	unclassified	chrX	58317056	58317981	12	939	-	927	925	924	2	0	1	60	0.98722	0.998919	0.996764	0
PBE62146_skip_1f47e940_86fa3a23_25.pod5	981765f3-0d0f-47f8-829c-f2a4ce55f477	86fa3a23034ac4d64733bd929ae4595285b3e5bc	1782	2	18681.3	15.5792	18681.4	15.4008	4685	28.5928	unclassified	chr14	73028204	73032881	6	4685	-	4690	4666	4659	13	11	7	60	0.998719	0.9985	0.99339	0
PBE62146_skip_1f47e940_86fa3a23_25.pod5	1c4b8653-802d-49a3-a3f0-5ef248621201	86fa3a23034ac4d64733bd929ae4595285b3e5bc	2630	4	18698.3	8.6204	18698.5	8.4756	3840	25.6658	unclassified	chr13	87835715	87839531	0	3828	+	3831	3813	3804	15	3	9	60	0.996875	0.99764	0.992952	0
PBE62146_skip_1f47e940_86fa3a23_25.pod5	d8736345-59a1-40fc-aa7c-8f4f2ebd2b45	86fa3a23034ac4d64733bd929ae4595285b3e5bc	667	4	18691.4	10.9062	18691.4	10.9042	3273	10.7883	unclassified	chr10	37124409	37127650	35	3268	+	3331	3143	2995	90	98	148	60	0.987779	0.952911	0.899129	0
PBE62146_skip_1f47e940_86fa3a23_25.pod5	7a7addb8-5aee-421d-ab5b-60f036553971	86fa3a23034ac4d64733bd929ae4595285b3e5bc	2109	4	18679.7	17.2184	18679.8	17.1096	7237	29.5146	unclassified	chr5	175176964	175184187	7	7237	-	7234	7219	7208	11	4	11	60	0.999033	0.998476	0.996406	0
PBE62146_skip_1f47e940_86fa3a23_25.pod5	900afdf9-e644-42ae-88c8-d99352734baf	86fa3a23034ac4d64733bd929ae4595285b3e5bc	2196	4	18685	12.6812	18685.1	12.582	5073	30.0548	unclassified	chr1	30240907	30245978	6	5073	-	5072	5066	5055	1	5	11	60	0.998817	0.997829	0.996648	0
PBE62146_skip_1f47e940_86fa3a23_25.pod5	e7071a4b-0d04-4ad5-8639-e47ae571c2eb	86fa3a23034ac4d64733bd929ae4595285b3e5bc	1482	2	18691.8	10.9408	18691.8	10.9388	4170	9.61218	unclassified	chr5	12421971	12426197	33	4170	+	4384	3979	3722	158	247	257	60	0.992086	0.935411	0.848996	0
PBE62146_skip_1f47e940_86fa3a23_25.pod5	af24daec-4474-4f6a-a966-1de9aa946d15	86fa3a23034ac4d64733bd929ae4595285b3e5bc	1602	1	18688.9	10.4252	18688.9	10.4232	4510	9.64735	unclassified	chr13	44569070	44573633	32	4502	+	4706	4327	4020	143	236	307	60	0.991131	0.92905	0.854229	0
PBE62146_skip_1f47e940_86fa3a23_25.pod5	27c00aa4-a6f2-4082-b9f3-251d6a708575	86fa3a23034ac4d64733bd929ae4595285b3e5bc	1196	4	18690.2	4.7828	18690.2	4.7808	2218	25.8315	unclassified	chr12	36081033	36083214	3	2185	-	2182	2181	2153	1	0	28	13	0.983769	0.987162	0.986709	0
PBE62146_skip_1f47e940_86fa3a23_25.pod5	46066ee2-074e-4575-bf6d-f774866624de	86fa3a23034ac4d64733bd929ae4595285b3e5bc	665	1	18689.5	8.3768	18689.7	8.2344	4187	23.5733	unclassified	chr4	75050223	75054423	6	4187	-	4201	4180	4157	1	20	23	60	0.998567	0.994498	0.989526	0
PBE62146_skip_1f47e940_86fa3a23_25.pod5	77c4210a-1472-4663-9d7e-79a07e6bf27d	86fa3a23034ac4d64733bd929ae4595285b3e5bc	168	3	18687.5	11.3878	18687.5	11.3858	4296	8.13023	unclassified	chr4	151227356	151231760	39	4291	+	4577	4079	3680	173	325	399	39	0.989758	0.902182	0.80402	0
PBE62146_skip_1f47e940_86fa3a23_25.pod5	762179c4-553f-49dd-9281-d037f53c260f	86fa3a23034ac4d64733bd929ae4595285b3e5bc	1822	4	18690.4	7.8714	18690.4	7.8694	1832	4.58515	unclassified	*	-1	-1	-1	-1	*	0	0	0	0	0	0	0	0	0	0	0
PBE62146_skip_1f47e940_86fa3a23_25.pod5	11e5ab57-90f8-4aac-9567-7b6b40b54450	86fa3a23034ac4d64733bd929ae4595285b3e5bc	1993	4	18687.7	9.5584	18687.7	9.5564	4292	18.8818	unclassified	chr17	49015061	49019334	31	4283	+	4288	4237	4216	15	36	21	60	0.99068	0.995044	0.983209	0
PBE62146_skip_1f47e940_86fa3a23_25.pod5	2807f7bb-d1b5-4343-b25e-e21e5014eb07	86fa3a23034ac4d64733bd929ae4595285b3e5bc	344	3	18692.3	6.8408	18692.4	6.714	3081	26.0138	unclassified	chr2	77752687	77755772	0	3080	-	3087	3078	3071	2	7	7	60	0.999675	0.997726	0.994817	0
PBE62146_skip_1f47e940_86fa3a23_25.pod5	b42bfee0-a96e-40a0-9163-9c1fc60a908f	86fa3a23034ac4d64733bd929ae4595285b3e5bc	1717	2	18681.5	16.6856	18681.6	16.5696	5835	25.8022	unclassified	chr16	32384020	32389583	4	5826	+	5852	5533	5492	289	30	41	60	0.997772	0.99259	0.938483	0
PBE62146_skip_1f47e940_86fa3a23_25.pod5	a04c8ba3-4746-44cf-a3cf-c0d5f70ca220	86fa3a23034ac4d64733bd929ae4595285b3e5bc	2680	1	18690	9.2552	18690.1	9.1248	3498	29.0008	unclassified	chr8	25319610	25323102	0	3490	+	3493	3489	3483	1	3	6	60	0.997713	0.99828	0.997137	0
PBE62146_skip_1f47e940_86fa3a23_25.pod5	6c307e4f-9fc0-42a4-9014-de72c250d2fb	86fa3a23034ac4d64733bd929ae4595285b3e5bc	1356	3	18694.5	3.9788	18694.6	3.8844	1879	33.9744	unclassified	chr3	64543548	64545417	0	1873	+	1873	1869	1863	4	0	6	60	0.996807	0.99679	0.994661	0
PBE62146_skip_1f47e940_86fa3a23_25.pod5	d5d4902b-09f8-4348-8762-b0f702bc529c	86fa3a23034ac4d64733bd929ae4595285b3e5bc	1905	4	18685.6	12.0608	18685.7	11.9184	4565	30.1661	unclassified	chr5	156421337	156425741	0	4556	+	4575	4385	4373	171	19	12	60	0.998028	0.997263	0.955847	0
PBE62146_skip_1f47e940_86fa3a23_25.pod5	579fb781-89cb-4284-b6b0-3b3424c71520	86fa3a23034ac4d64733bd929ae4595285b3e5bc	196	3	18684	13.85	18684.1	13.7652	5777	27.2501	unclassified	chr12	89897957	89903721	9	5777	-	5770	5762	5753	6	2	9	60	0.998442	0.998438	0.997054	0
PBE62146_skip_1f47e940_86fa3a23_25.pod5	571a0cb0-9b79-4907-8073-62261852b1a0	86fa3a23034ac4d64733bd929ae4595285b3e5bc	1130	1	18688.7	8.6184	18688.7	8.6164	3724	10.1962	unclassified	chr2	129915394	129919161	13	3697	-	3865	3586	3400	98	181	186	60	0.989259	0.948132	0.87969	0
PBE62146_skip_1f47e940_86fa3a23_25.pod5	1699a097-5613-450d-b1d7-bf9d67adbc18	86fa3a23034ac4d64733bd929ae4595285b3e5bc	2691	4	18690.4	10.2236	18690.5	10.1052	2805	22.0188	unclassified	chr13	27746003	27748784	0	2805	+	2805	2781	2775	24	0	6	60	1	0.997842	0.989305	0
PBE62146_skip_1f47e940_86fa3a23_25.pod5	9759e871-a3ce-4a60-a418-c77ae6114ff3	86fa3a23034ac4d64733bd929ae4595285b3e5bc	1594	3	18689	8.558	18689.1	8.4444	3890	26.5993	unclassified	chr2	14133956	14137848	0	3883	+	3896	3879	3877	4	13	2	60	0.998201	0.999484	0.995123	0
PBE62146_skip_1f47e940_86fa3a23_25.pod5	7e138753-cb70-4379-a678-d23e5d498f66	86fa3a23034ac4d64733bd929ae4595285b3e5bc	840	3	18686.8	11.6876	18686.9	11.5932	4814	26.3996	unclassified	chr16	87302842	87307533	12	4814	-	4813	4680	4659	122	11	21	60	0.997507	0.995513	0.968003	0
PBE62146_skip_1f47e940_86fa3a23_25.pod5	22177596-f2c1-420a-9225-af71dfae1b30	86fa3a23034ac4d64733bd929ae4595285b3e5bc	355	4	18689.7	9.592	18689.7	9.59	4325	18.863	unclassified	chr8	58469362	58473678	21	4320	+	4330	4285	4256	14	31	29	60	0.993988	0.993232	0.98291	0
PBE62146_skip_1f47e940_86fa3a23_25.pod5	ba05e724-d62d-4bc7-add3-78af7f998702	86fa3a23034ac4d64733bd929ae4595285b3e5bc	823	4	18680.2	18.8612	18680.4	18.6876	7052	23.399	unclassified	chr1	219172347	219179417	0	7052	+	7075	7047	7031	5	23	16	60	1	0.99773	0.993781	0
PBE62146_skip_1f47e940_86fa3a23_25.pod5	fb0ee41f-75a6-4f21-bc6f-9d043e55c228	86fa3a23034ac4d64733bd929ae4595285b3e5bc	337	4	18696.7	3.6908	18696.8	3.5556	1225	34.3358	unclassified	chr7	154125217	154126433	0	1216	+	1216	1216	1213	0	0	3	60	0.992653	0.997533	0.997533	0
PBE62146_skip_1f47e940_86fa3a23_25.pod5	f16400f9-538f-40b7-8763-64a343488d4c	86fa3a23034ac4d64733bd929ae4595285b3e5bc	453	2	18687.4	18.356	18687.5	18.2832	8146	33.0154	unclassified	chr1	122537379	122545518	8	8146	-	8149	8128	7666	10	11	462	1	0.999018	0.943159	0.940729	0
PBE62146_skip_1f47e940_86fa3a23_25.pod5	f9421085-6c62-454e-b455-dc31f2005362	86fa3a23034ac4d64733bd929ae4595285b3e5bc	844	3	18699.6	1.8946	18699.6	1.8926	836	23.53	unclassified	chr2	38573515	38574318	0	804	-	804	803	802	1	0	1	60	0.961722	0.998755	0.997512	0
PBE62146_skip_1f47e940_86fa3a23_25.pod5	ba6795f7-ba00-45fb-b7ad-c6957d95387c	86fa3a23034ac4d64733bd929ae4595285b3e5bc	912	2	18692.5	7.0122	18692.5	7.0102	2969	31.4041	unclassified	chr2	166792163	166795092	35	2964	+	2929	2929	2928	0	0	1	60	0.986527	0.999659	0.999659	0
PBE62146_skip_1f47e940_86fa3a23_25.pod5	c5d43b99-6adf-48bf-97bc-5ad474656cdf	86fa3a23034ac4d64733bd929ae4595285b3e5bc	1271	3	18687.4	9.8516	18687.6	9.6684	4075	25.1882	unclassified	chr1	209362966	209367039	6	4075	-	4076	4066	4055	3	7	11	60	0.998528	0.997295	0.994848	0
PBE62146_skip_1f47e940_86fa3a23_25.pod5	02fcebd7-1c4e-4709-8523-fb76492163fb	86fa3a23034ac4d64733bd929ae4595285b3e5bc	1642	2	18689.1	9.3576	18689.1	9.3556	4788	20.2776	unclassified	chr6	90431515	90436302	6	4760	-	4798	4743	4719	11	44	24	60	0.992899	0.99494	0.983535	0
PBE62146_skip_1f47e940_86fa3a23_25.pod5	67be05b0-84bd-4242-9adc-18b9351e4b5b	86fa3a23034ac4d64733bd929ae4595285b3e5bc	855	4	18686.6	12.0776	18686.7	11.982	4973	28.9014	unclassified	chr18	14701044	14706015	7	4973	-	4974	4963	4958	3	8	5	60	0.998592	0.998993	0.996783	0
PBE62146_skip_1f47e940_86fa3a23_25.pod5	c5f8fe3d-3946-4d91-b6ef-887647fc00d3	86fa3a23034ac4d64733bd929ae4595285b3e5bc	1157	3	18678.1	19.4796	18678.1	19.4776	7059	10.7226	unclassified	chr10	108842261	108849409	4	7025	-	7325	6844	6519	177	304	325	60	0.994617	0.952513	0.889966	0
PBE62146_skip_1f47e940_86fa3a23_25.pod5	23c0d322-0b9d-4af1-92a1-d28078d695d8	86fa3a23034ac4d64733bd929ae4595285b3e5bc	721	1	18691.6	8.1704	18691.7	8.0568	3299	31.8312	unclassified	chr12	86558398	86561689	0	3290	+	3292	3289	3285	1	2	4	60	0.997272	0.998784	0.997874	0
PBE62146_skip_1f47e940_86fa3a23_25.pod5	4e6c69e9-31a3-4f6b-8f2b-faedc9b69e7c	86fa3a23034ac4d64733bd929ae4595285b3e5bc	959	2	18684.9	14.5634	18684.9	14.5614	5986	24.3635	unclassified	chr5	66884373	66890336	27	5986	+	5968	5954	5932	5	9	22	60	0.995489	0.996305	0.993968	0
PBE62146_skip_1f47e940_86fa3a23_25.pod5	2a7a4878-3eed-47b1-b590-a9d2aa2a228c	86fa3a23034ac4d64733bd929ae4595285b3e5bc	365	4	18691.2	7.8032	18691.2	7.8012	2152	23.8527	unclassified	chr15	60871043	60873172	37	2152	+	2130	2114	2109	1	15	5	60	0.982807	0.997635	0.990141	0
PBE62146_skip_1f47e940_86fa3a23_25.pod5	77a6a10d-2243-49f9-8407-bf42c6801d36	86fa3a23034ac4d64733bd929ae4595285b3e5bc	1184	4	18690.8	9.0668	18691	8.9328	3408	27.1833	unclassified	chr6	27528858	27532256	5	3402	-	3401	3394	3386	3	4	8	60	0.996772	0.997643	0.99559	0
PBE62146_skip_1f47e940_86fa3a23_25.pod5	8204f780-30fe-4c5b-9200-02d047cf4bcc	86fa3a23034ac4d64733bd929ae4595285b3e5bc	1902	2	18688.8	11.4608	18689	11.3592	4512	33.1996	unclassified	chr3	107725372	107729875	7	4512	-	4508	4500	4497	5	3	3	60	0.998449	0.999333	0.99756	0
PBE62146_skip_1f47e940_86fa3a23_25.pod5	2799d918-19f0-4f17-81f3-79793480ee1c	86fa3a23034ac4d64733bd929ae4595285b3e5bc	783	3	18692	8.0264	18692.1	7.9008	3526	30.259	unclassified	chr5	127101813	127105335	0	3520	+	3523	3519	3517	1	3	2	60	0.998298	0.999432	0.998297	0
PBE62146_skip_1f47e940_86fa3a23_25.pod5	f287645e-df5c-43a3-9d45-d9d480e2360c	86fa3a23034ac4d64733bd929ae4595285b3e5bc	2364	4	18684.8	13.9472	18684.9	13.8288	5883	22.1267	unclassified	chr15	40934380	40940264	4	5883	-	5907	5856	5848	23	28	8	60	0.99932	0.998634	0.990012	0
PBE62146_skip_1f47e940_86fa3a23_25.pod5	68b48c9a-5724-4f79-8aac-d59acd0e46ad	86fa3a23034ac4d64733bd929ae4595285b3e5bc	149	3	18676.6	21.836	18676.7	21.7176	8400	27.5206	unclassified	chr2	53901526	53909930	0	8394	+	8404	8394	8383	0	10	11	60	0.999286	0.99869	0.997501	0
PBE62146_skip_1f47e940_86fa3a23_25.pod5	226cf344-7283-4120-a25b-3641ed010f11	86fa3a23034ac4d64733bd929ae4595285b3e5bc	1528	2	18692.4	9.3824	18692.5	9.2652	4487	25.1013	unclassified	chr20	52345468	52349933	8	4486	-	4481	4462	4462	16	3	0	60	0.997994	1	0.99576	0
PBE62146_skip_1f47e940_86fa3a23_25.pod5	8056896f-7293-4017-adb1-e395f08e61b2	86fa3a23034ac4d64733bd929ae4595285b3e5bc	597	2	18693.7	7.0112	18693.7	7.0092	2935	27.6075	unclassified	chr3	153588081	153590981	29	2925	+	2904	2892	2888	4	8	4	60	0.986712	0.998617	0.99449	0
PBE62146_skip_1f47e940_86fa3a23_25.pod5	87d7bfda-1d2c-4f16-9bea-7e21eab9d5a7	86fa3a23034ac4d64733bd929ae4595285b3e5bc	2536	1	18688	13.3376	18688.1	13.1928	3619	32.1318	unclassified	chr10	116651970	116655582	0	3610	+	3614	3608	3608	2	4	0	60	0.997513	1	0.99834	0
PBE62146_skip_1f47e940_86fa3a23_25.pod5	5a18f9ee-2fe6-433e-af6f-21d9f39a2728	86fa3a23034ac4d64733bd929ae4595285b3e5bc	1590	4	18686.4	14.7128	18686.6	14.5596	5998	23.0957	unclassified	chr9	16338584	16344570	1	5989	+	6006	5968	5962	20	18	6	60	0.998333	0.998995	0.992674	0
PBE62146_skip_1f47e940_86fa3a23_25.pod5	9e3f3ea6-485d-4cd3-bb50-cc2664e33449	86fa3a23034ac4d64733bd929ae4595285b3e5bc	630	4	18692.4	8.0528	18692.5	7.9272	2875	31.4005	unclassified	chr2	28485951	28488800	5	2871	-	2866	2849	2848	17	0	1	60	0.99687	0.999649	0.993719	0
PBE62146_skip_1f47e940_86fa3a23_25.pod5	1eda7f63-2963-47f1-a684-7d0adb874aaf	86fa3a23034ac4d64733bd929ae4595285b3e5bc	1154	3	18690.9	10.3508	18691	10.2324	4067	34.0418	unclassified	chr5	27219009	27223066	9	4067	-	4058	4057	4057	1	0	0	60	0.997787	1	0.999754	0
PBE62146_skip_1f47e940_86fa3a23_25.pod5	925b6037-1704-41fe-a482-7f503321672c	86fa3a23034ac4d64733bd929ae4595285b3e5bc	1386	3	18688.9	11.8088	18689	11.6448	4734	20.6011	unclassified	chr9	9436854	9441593	0	4734	+	4757	4716	4675	18	23	41	60	1	0.991306	0.982762	0
PBE62146_skip_1f47e940_86fa3a23_25.pod5	3f6e4d4b-b4db-4e47-a11f-8309f2437e3a	86fa3a23034ac4d64733bd929ae4595285b3e5bc	1872	1	18688.7	10.7168	18688.9	10.5096	4420	29.8228	unclassified	chr6	111518950	111523369	5	4420	-	4423	4411	4407	4	8	4	60	0.998869	0.999093	0.996383	0
PBE62146_skip_1f47e940_86fa3a23_25.pod5	d7b27245-58d9-4bf7-981c-342ba7197a52	86fa3a23034ac4d64733bd929ae4595285b3e5bc	1907	3	18686.2	14.6804	18686.3	14.5524	6229	28.9194	unclassified	chr15	87134118	87140362	5	6229	-	6247	6221	6210	3	23	11	60	0.999197	0.998232	0.994077	0
PBE62146_skip_1f47e940_86fa3a23_25.pod5	8deb05e5-88ba-4c48-bbe7-1f4d38b6bc2f	86fa3a23034ac4d64733bd929ae4595285b3e5bc	1174	3	18687.2	10.6478	18687.2	10.6458	4645	9.44299	unclassified	chr15	71073194	71077941	40	4614	-	4846	4475	4200	99	272	275	60	0.984715	0.938547	0.866694	0
PBE62146_skip_1f47e940_86fa3a23_25.pod5	9f8ef988-5214-4dd9-a4f8-ad35a3ec2cd0	86fa3a23034ac4d64733bd929ae4595285b3e5bc	67	2	18696.8	5.426	18697	5.2548	1952	21.9588	unclassified	chr1	30355558	30357508	0	1943	+	1951	1942	1930	1	8	12	60	0.995389	0.993821	0.989236	0
PBE62146_skip_1f47e940_86fa3a23_25.pod5	35194e70-200c-46a9-9f4e-8293bcd51eda	86fa3a23034ac4d64733bd929ae4595285b3e5bc	1304	1	18692.3	8.9486	18692.3	8.9466	3504	28.1882	unclassified	chr5	94478428	94481893	29	3494	+	3469	3461	3456	4	4	5	60	0.98887	0.998555	0.996253	0
PBE62146_skip_1f47e940_86fa3a23_25.pod5	948ebcf3-8487-4175-8c8d-c18b5932f835	86fa3a23034ac4d64733bd929ae4595285b3e5bc	2954	2	18690.6	10.4624	18690.7	10.3392	4488	32.5558	unclassified	chr6	98358502	98362982	8	4488	-	4483	4477	4466	3	3	11	60	0.998217	0.997543	0.996208	0
PBE62146_skip_1f47e940_86fa3a23_25.pod5	7af2e836-0397-4f7e-ab1d-0da4aabf135d	86fa3a23034ac4d64733bd929ae4595285b3e5bc	1632	1	18691.5	9.7532	18691.7	9.5412	3829	27.7787	unclassified	chr11	48499266	48503092	7	3829	-	3828	3820	3817	2	6	3	60	0.998172	0.999215	0.997126	0
PBE62146_skip_1f47e940_86fa3a23_25.pod5	62f5c45e-743a-44d4-a85a-1ab40ffcccbe	86fa3a23034ac4d64733bd929ae4595285b3e5bc	1806	3	18683	16.6928	18683.1	16.5744	6652	28.2459	unclassified	chr16	82190356	82197009	0	6652	-	6659	6646	6640	6	7	6	60	1	0.999097	0.997147	0
PBE62146_skip_1f47e940_86fa3a23_25.pod5	45243363-c33d-42c8-b270-a79f5e947adf	86fa3a23034ac4d64733bd929ae4595285b3e5bc	2708	2	18683.3	17.08	18683.3	17.078	7011	34.4921	unclassified	chr4	179675666	179682756	30	7004	+	7092	6972	6964	2	118	8	60	0.994723	0.998853	0.981951	0
PBE62146_skip_1f47e940_86fa3a23_25.pod5	a4318545-62e7-433b-a045-db64ad613d08	86fa3a23034ac4d64733bd929ae4595285b3e5bc	1168	2	18681.5	18.0434	18681.5	18.0414	6249	16.1101	unclassified	chr3	195492477	195499698	32	6243	+	7258	6174	5836	37	1047	338	45	0.993919	0.945254	0.804078	0
PBE62146_skip_1f47e940_86fa3a23_25.pod5	bab84ce6-7036-48fe-82f5-982c19c8adbf	86fa3a23034ac4d64733bd929ae4595285b3e5bc	2134	1	18694.6	7.8884	18694.7	7.7484	3455	20.221	unclassified	chr13	103272058	103274386	0	2328	+	2329	2327	2325	1	1	2	60	0.673806	0.999141	0.998283	0
PBE62146_skip_1f47e940_86fa3a23_25.pod5	6881968d-0251-4975-9ce3-0a90e0cf4125	86fa3a23034ac4d64733bd929ae4595285b3e5bc	368	3	18697.5	5.084	18697.6	4.9344	2030	37.2006	unclassified	chr2	108432976	108434996	0	2021	+	2021	2020	2015	1	0	5	60	0.995566	0.997525	0.997031	0
PBE62146_skip_1f47e940_86fa3a23_25.pod5	91fa0a85-221a-46ab-b79f-4190ffb566e2	86fa3a23034ac4d64733bd929ae4595285b3e5bc	69	2	18690.1	12.1904	18690.2	12.0768	4788	29.8864	unclassified	chr10	60781073	60785837	0	4766	+	4766	4764	4756	2	0	8	60	0.995405	0.998321	0.997902	0
PBE62146_skip_1f47e940_86fa3a23_25.pod5	2e6445fa-7102-4eca-9329-49d0c8d38e8a	86fa3a23034ac4d64733bd929ae4595285b3e5bc	1441	1	18695	6.9668	18695.1	6.8604	2408	12.0716	unclassified	chr14	81267713	81270145	7	2408	-	2473	2360	2287	41	72	73	60	0.997093	0.969068	0.924788	0
PBE62146_skip_1f47e940_86fa3a23_25.pod5	9fa361d1-bb4f-4abd-9904-c5048af54010	86fa3a23034ac4d64733bd929ae4595285b3e5bc	2714	1	18692.6	5.2244	18692.7	5.1252	2371	29.007	unclassified	chr3	19061945	19064316	0	2371	+	2375	2367	2367	4	4	0	60	1	1	0.996632	0
PBE62146_skip_1f47e940_86fa3a23_25.pod5	e450ae5d-960f-4911-b29a-230ac2fc506a	86fa3a23034ac4d64733bd929ae4595285b3e5bc	514	2	18691	10.9808	18691.1	10.884	4545	27.7544	unclassified	chr2	2997185	3001731	6	4545	-	4551	4534	4531	5	12	3	60	0.99868	0.999338	0.995605	0
PBE62146_skip_1f47e940_86fa3a23_25.pod5	88b7e842-23c7-42a0-939f-bb92fa37a8af	86fa3a23034ac4d64733bd929ae4595285b3e5bc	1374	3	18698.6	3.5672	18698.8	3.444	1294	10.968	unclassified	chr7	122381832	122383160	0	1294	-	1349	1273	1211	21	55	62	60	1	0.951296	0.897702	0
PBE62146_skip_1f47e940_86fa3a23_25.pod5	3ca83fbb-db9e-48bc-ac56-d103dd6032e5	86fa3a23034ac4d64733bd929ae4595285b3e5bc	1299	4	18688.3	13.9844	18688.4	13.8444	5978	29.2241	unclassified	chr5	3556994	3562966	0	5970	+	5976	5966	5963	4	6	3	60	0.998662	0.999497	0.997825	0
PBE62146_skip_1f47e940_86fa3a23_25.pod5	1ea26618-6ae4-482e-8a3c-0c9ce594f532	86fa3a23034ac4d64733bd929ae4595285b3e5bc	583	4	18695	7.4144	18695.1	7.308	2945	28.5317	unclassified	chr6	117042009	117044948	6	2945	-	2940	2938	2938	1	1	0	60	0.997963	1	0.99932	0
PBE62146_skip_1f47e940_86fa3a23_25.pod5	9bc1491f-3043-43b3-a129-6b52d9b90c49	86fa3a23034ac4d64733bd929ae4595285b3e5bc	1155	4	18693.8	8.557	18693.8	8.555	3480	10.0459	unclassified	chr21	24070598	24074112	34	3475	+	3617	3338	3158	103	176	180	60	0.988793	0.946075	0.873099	0
PBE62146_skip_1f47e940_86fa3a23_25.pod5	a23a8987-c596-4dad-9078-e8e144670d03	86fa3a23034ac4d64733bd929ae4595285b3e5bc	1662	1	18686.6	14.876	18686.7	14.7792	5582	29.2671	unclassified	chr2	14250004	14255575	12	5582	-	5574	5567	5566	3	4	1	60	0.99785	0.99982	0.998565	0
PBE62146_skip_1f47e940_86fa3a23_25.pod5	3c92b9db-5169-44ad-a35e-22dcbcd8fc73	86fa3a23034ac4d64733bd929ae4595285b3e5bc	2222	1	18686.3	12.698	18686.3	12.696	5589	28.8892	unclassified	chr13	18990904	18996420	10	5556	-	5547	5515	5494	31	1	21	60	0.992306	0.996192	0.990445	0
PBE62146_skip_1f47e940_86fa3a23_25.pod5	2eda8e46-2126-4175-84c4-cfb817730e9d	86fa3a23034ac4d64733bd929ae4595285b3e5bc	1397	1	18681.8	18.8644	18681.8	18.8624	6182	10.8608	unclassified	chr2	72715075	72721277	39	6176	+	6357	5982	5696	155	220	286	60	0.992721	0.95219	0.89602	0
PBE62146_skip_1f47e940_86fa3a23_25.pod5	ba9f413e-c0b9-4ec4-8933-2203ec62bbbd	86fa3a23034ac4d64733bd929ae4595285b3e5bc	1626	1	18695.4	3.9848	18695.5	3.8868	1565	23.5644	unclassified	chr4	49139977	49141702	0	1547	-	1788	1484	1303	63	241	181	1	0.988498	0.878032	0.728747	0
PBE62146_skip_1f47e940_86fa3a23_25.pod5	4f7b0e93-e43b-4922-af34-446d51241b0f	86fa3a23034ac4d64733bd929ae4595285b3e5bc	1122	4	18693.7	9.608	18693.8	9.5208	4242	29.4741	unclassified	chr6	85213110	85216734	618	4242	-	3626	3622	3591	2	2	31	60	0.854314	0.991441	0.990348	0
PBE62146_skip_1f47e940_86fa3a23_25.pod5	99a0a8aa-8254-44ef-ae71-b156f61f29c2	86fa3a23034ac4d64733bd929ae4595285b3e5bc	2135	3	18688.6	13.4696	18688.7	13.3776	5150	25.4567	unclassified	chr8	59222690	59227741	98	5150	-	5063	5040	5002	12	11	38	60	0.980971	0.99246	0.987952	0
PBE62146_skip_1f47e940_86fa3a23_25.pod5	5b9122af-af35-4fce-b8de-89add962bc59	86fa3a23034ac4d64733bd929ae4595285b3e5bc	2470	3	18696.2	6.3126	18696.2	6.3106	2530	27.761	unclassified	chr17	62606769	62609263	2	2493	-	2494	2491	2484	0	3	7	60	0.984585	0.99719	0.99599	0
PBE62146_skip_1f47e940_86fa3a23_25.pod5	d5df01c6-15c9-4122-a3f4-55b5a0104915	86fa3a23034ac4d64733bd929ae4595285b3e5bc	2835	4	18689.9	12.7834	18689.9	12.7814	2781	12.3786	unclassified	chr5	155840138	155842855	34	2776	+	2814	2645	2564	97	72	81	60	0.985976	0.969376	0.911159	0
PBE62146_skip_1f47e940_86fa3a23_25.pod5	d71db567-3514-4f0d-b760-107ffb0b88a3	86fa3a23034ac4d64733bd929ae4595285b3e5bc	2066	4	18693.3	9.554	18693.4	9.4476	3720	25.8489	unclassified	chr21	39813684	39817401	0	3713	+	3718	3712	3704	1	5	8	60	0.998118	0.997845	0.996235	0
PBE62146_skip_1f47e940_86fa3a23_25.pod5	157beb47-cb29-49ae-9ce6-27fcb836081c	86fa3a23034ac4d64733bd929ae4595285b3e5bc	857	3	18688.5	13.052	18688.6	12.9576	6133	28.2727	unclassified	chr9	88313934	88320058	0	6125	+	6130	6119	6115	6	5	4	60	0.998696	0.999346	0.997553	0
PBE62146_skip_1f47e940_86fa3a23_25.pod5	ca42f59b-4729-4c08-ba9d-a9c1f0ec160a	86fa3a23034ac4d64733bd929ae4595285b3e5bc	447	4	18684	18.6752	18684.1	18.5304	6900	24.017	unclassified	chr18	11983024	11989912	7	6900	-	6904	6877	6862	16	11	15	60	0.998986	0.997819	0.993917	0
PBE62146_skip_1f47e940_86fa3a23_25.pod5	090c711b-cb68-4e64-b330-130c1bc2eaa0	86fa3a23034ac4d64733bd929ae4595285b3e5bc	1195	4	18694.3	10.4672	18694.4	10.3584	4090	28.2801	unclassified	chr4	138103859	138107945	0	4083	+	4090	4079	4076	4	7	3	60	0.998289	0.999265	0.996577	0
PBE62146_skip_1f47e940_86fa3a23_25.pod5	3b8d358c-e220-476b-b5df-c80561e69914	86fa3a23034ac4d64733bd929ae4595285b3e5bc	1717	2	18699	5.5784	18699.1	5.4816	2265	19.7937	unclassified	chr16	32387868	32389582	571	2265	-	1714	1694	1683	0	20	11	60	0.747903	0.993506	0.981914	0
PBE62146_skip_1f47e940_86fa3a23_25.pod5	05d6b3de-38d0-45c0-995c-bbda0acd2702	86fa3a23034ac4d64733bd929ae4595285b3e5bc	1394	2	18696.3	8.1512	18696.4	8.1492	2278	10.0808	unclassified	chr18	9880315	9882608	0	2276	-	2355	2214	2073	62	79	141	60	0.999122	0.936314	0.880255	0
PBE62146_skip_1f47e940_86fa3a23_25.pod5	359de8ed-5975-4f29-a739-7477b7da96ca	86fa3a23034ac4d64733bd929ae4595285b3e5bc	2793	4	18697.5	5.3516	18697.6	5.2404	2163	27.565	unclassified	chr10	75697662	75699829	0	2163	-	2167	2163	2160	0	4	3	60	1	0.998613	0.99677	0
PBE62146_skip_1f47e940_86fa3a23_25.pod5	76914528-e169-4d00-9a42-a97c2de92904	86fa3a23034ac4d64733bd929ae4595285b3e5bc	911	2	18681.9	18.5216	18682	18.4128	7611	24.3988	unclassified	chr15	78915611	78923201	25	7611	-	7597	7579	7568	7	11	11	60	0.996715	0.998549	0.996183	0
PBE62146_skip_1f47e940_86fa3a23_25.pod5	24bf6648-040f-4cf4-b3de-a0347ab57351	86fa3a23034ac4d64733bd929ae4595285b3e5bc	86	4	18683.8	19.2584	18683.9	19.1616	7328	26.9961	unclassified	chr11	24265396	24272713	0	7320	+	7327	7310	7305	10	7	5	60	0.998908	0.999316	0.996997	0
PBE62146_skip_1f47e940_86fa3a23_25.pod5	0fe672bd-da1f-46bf-8702-1b5e800c79b6	86fa3a23034ac4d64733bd929ae4595285b3e5bc	548	4	18689.4	13.8896	18689.5	13.7736	5492	25.7902	unclassified	chr10	94151392	94156576	8	5492	-	5492	5176	5166	308	8	10	60	0.998543	0.998068	0.940641	0
PBE62146_skip_1f47e940_86fa3a23_25.pod5	fc00a482-6552-4d4c-8655-c9418a4cea8c	86fa3a23034ac4d64733bd929ae4595285b3e5bc	1957	4	18688.7	14.4596	18688.8	14.3628	6027	27.1181	unclassified	chr8	32074799	32080838	0	6022	+	6053	6008	5971	14	31	37	60	0.99917	0.993842	0.986453	0
PBE62146_skip_1f47e940_86fa3a23_25.pod5	5a400f45-099c-49c7-9cfa-06a776f55d3a	86fa3a23034ac4d64733bd929ae4595285b3e5bc	2734	4	18681.8	20.5268	18681.9	20.4228	7713	27.9138	unclassified	chrX	140293415	140301124	0	7708	+	7718	7699	7693	9	10	6	60	0.999352	0.999221	0.996761	0
PBE62146_skip_1f47e940_86fa3a23_25.pod5	3d9c4cda-212d-452b-abf8-55c4ba8695e8	86fa3a23034ac4d64733bd929ae4595285b3e5bc	1705	2	18690.6	12.8306	18690.6	12.8286	6039	25.3663	unclassified	chr2	220635287	220641259	4	6009	-	6013	5964	5953	41	8	11	60	0.99437	0.998156	0.990022	0
PBE62146_skip_1f47e940_86fa3a23_25.pod5	ee23f23d-08cf-4f46-99fb-0a1bdfbd3f83	86fa3a23034ac4d64733bd929ae4595285b3e5bc	2663	1	18686.3	16.1958	18686.3	16.1938	6950	10.1944	unclassified	chr2	18790325	18797378	37	6945	+	7244	6717	6363	191	336	354	60	0.993957	0.947298	0.878382	0
PBE62146_skip_1f47e940_86fa3a23_25.pod5	8c77a1e9-f5a8-4745-8753-f6c75d37e123	86fa3a23034ac4d64733bd929ae4595285b3e5bc	1191	3	18688.2	14.6854	18688.2	14.6834	6429	15.7474	unclassified	chr18	17990517	17996585	5	6396	-	6446	6013	5791	378	55	222	1	0.994089	0.96308	0.898387	0
PBE62146_skip_1f47e940_86fa3a23_25.pod5	1091fa5e-8cda-4c31-80c2-664917fd7cab	86fa3a23034ac4d64733bd929ae4595285b3e5bc	1145	4	18702.2	4.298	18702.3	4.1748	1717	26.0084	unclassified	chr1	178148344	178150054	0	1711	+	1712	1709	1708	2	1	1	60	0.996506	0.999415	0.997664	0
PBE62146_skip_1f47e940_86fa3a23_25.pod5	acf37676-b947-4819-92af-9a1cb5f7621d	86fa3a23034ac4d64733bd929ae4595285b3e5bc	2982	3	18700.9	2.5388	18700.9	2.5368	1008	27.0876	unclassified	chr2	161712505	161713476	6	975	-	971	969	964	0	2	5	60	0.96131	0.99484	0.992791	0
PBE62146_skip_1f47e940_86fa3a23_25.pod5	b0ec9735-3f62-4bca-9997-c9f104b63ab7	86fa3a23034ac4d64733bd929ae4595285b3e5bc	2912	1	18694.4	8.5772	18694.7	8.3484	3046	21.7157	unclassified	chr11	92660808	92663851	0	3040	+	3053	3030	3018	10	13	12	60	0.99803	0.99604	0.988536	0
PBE62146_skip_1f47e940_86fa3a23_25.pod5	c5507a82-ede7-4172-b9be-3840b0edcba5	86fa3a23034ac4d64733bd929ae4595285b3e5bc	961	1	18695.2	8.5676	18695.4	8.4324	3551	28.7272	unclassified	chr15	50453745	50457286	6	3551	-	3545	3541	3537	4	0	4	60	0.99831	0.99887	0.997743	0
PBE62146_skip_1f47e940_86fa3a23_25.pod5	97385cd6-bcf7-4c8b-918f-0ac32e1d5ba2	86fa3a23034ac4d64733bd929ae4595285b3e5bc	1537	1	18690.6	12.8864	18690.7	12.7932	4930	24.9332	unclassified	chr17	46581633	46586526	0	4915	+	4922	4886	4882	29	7	4	35	0.996957	0.999181	0.991873	0
PBE62146_skip_1f47e940_86fa3a23_25.pod5	b660e67f-ed7b-481c-8c33-68f5a8802e5a	86fa3a23034ac4d64733bd929ae4595285b3e5bc	526	3	18680.6	20.1752	18680.7	20.0664	8963	27.041	unclassified	chr1	109065653	109074794	0	8953	+	9149	8945	8925	8	196	20	60	0.998884	0.997764	0.975516	0
PBE62146_skip_1f47e940_86fa3a23_25.pod5	a92a2592-02e9-4f03-9b43-810bf036edcd	86fa3a23034ac4d64733bd929ae4595285b3e5bc	1706	2	18672	28.832	18672.1	28.7304	12044	32.3976	unclassified	chr4	144787675	144799715	0	12040	+	12048	12032	12019	8	8	13	60	0.999668	0.99892	0.997593	0
PBE62146_skip_1f47e940_86fa3a23_25.pod5	9cbdde16-a593-4a9f-89be-049212672b1b	86fa3a23034ac4d64733bd929ae4595285b3e5bc	2186	4	18701	3.2344	18701	3.2324	1176	24.9736	unclassified	chr13	97332872	97334023	33	1176	+	1151	1143	1142	0	8	1	60	0.971939	0.999125	0.992181	0
PBE62146_skip_1f47e940_86fa3a23_25.pod5	885ef6c2-8d41-4b95-a645-b6de5d3944af	86fa3a23034ac4d64733bd929ae4595285b3e5bc	282	2	18697.8	5.9984	18698	5.8224	1161	19.7963	unclassified	chr7	37959934	37961091	0	1161	+	1163	1155	1155	6	2	0	60	1	1	0.993121	0
PBE62146_skip_1f47e940_86fa3a23_25.pod5	632cc902-ec84-47ac-a06e-1a7e70ceaa9b	86fa3a23034ac4d64733bd929ae4595285b3e5bc	1591	1	18689.7	13.4166	18689.7	13.4146	5244	9.7567	unclassified	chr3	54868915	54874318	0	5239	+	5499	5143	4862	96	260	281	60	0.999047	0.945363	0.884161	0
PBE62146_skip_1f47e940_86fa3a23_25.pod5	2d0fc247-334f-4016-b188-d44822d5fe75	86fa3a23034ac4d64733bd929ae4595285b3e5bc	2945	1	18633.5	63.5768	18633.6	63.4392	26610	28.3035	unclassified	chrX	137169379	137195993	6	26610	-	26632	26586	26546	18	28	40	60	0.999775	0.998495	0.996771	0
PBE62146_skip_1f47e940_86fa3a23_25.pod5	5cff2581-766a-4fc1-87aa-3a4cd18b41ec	86fa3a23034ac4d64733bd929ae4595285b3e5bc	1069	1	18630.7	74.3732	18630.8	74.2932	32119	26.1641	unclassified	chr8	86591587	86623693	6	32119	-	32168	32051	31973	62	55	78	60	0.999813	0.997566	0.993938	0
PBE62146_skip_1f47e940_86fa3a23_25.pod5	5b447115-7228-4bf9-a683-14c85a53d547	86fa3a23034ac4d64733bd929ae4595285b3e5bc	845	4	18701.4	5.2542	18701.5	5.2522	1921	24.7562	unclassified	chr17	25756744	25758794	16	1889	-	2071	1852	1591	21	198	261	1	0.975013	0.859071	0.768228	0
PBE62146_skip_1f47e940_86fa3a23_25.pod5	099bd2e7-b18a-450d-93c4-e6e21b6d03b6	86fa3a23034ac4d64733bd929ae4595285b3e5bc	150	1	18700	6.0404	18700.1	5.9412	2544	29.2011	unclassified	chr8	90136880	90139425	0	2544	-	2545	2544	2543	0	1	1	60	1	0.999607	0.999214	0
PBE62146_skip_1f47e940_86fa3a23_25.pod5	fe674804-bba1-44ac-8179-c8c202990dec	86fa3a23034ac4d64733bd929ae4595285b3e5bc	606	4	18695	9.9368	18695.1	9.864	4227	28.1442	unclassified	chr6	28219433	28223659	0	4221	+	4229	4218	4217	3	8	1	60	0.998581	0.999763	0.997162	0
PBE62146_skip_1f47e940_86fa3a23_25.pod5	71e15985-8484-4017-b8a7-fba367232ad9	86fa3a23034ac4d64733bd929ae4595285b3e5bc	823	4	18704.5	1.4252	18704.6	1.344	586	21.961	unclassified	chr10	84707232	84707806	11	586	-	575	574	574	1	0	0	60	0.981229	1	0.998261	0
PBE62146_skip_1f47e940_86fa3a23_25.pod5	4c9bf8be-574f-48e3-b57d-85f29beddceb	86fa3a23034ac4d64733bd929ae4595285b3e5bc	165	4	18703.4	1.891	18703.4	1.889	590	13.7605	unclassified	chr21	36317546	36317911	28	388	+	368	357	353	3	8	4	60	0.610169	0.988796	0.959239	0
PBE62146_skip_1f47e940_86fa3a23_25.pod5	c68a7f7a-0061-4399-b996-ab01ce3229e4	86fa3a23034ac4d64733bd929ae4595285b3e5bc	1285	2	18695.6	9.3632	18695.7	9.2652	3882	26.6398	unclassified	chr1	167379639	167383205	0	3565	+	3573	3558	3556	7	8	2	60	0.918341	0.999438	0.995242	0
PBE62146_skip_1f47e940_86fa3a23_25.pod5	f1844f85-03f6-40b5-be25-0550a608a5b7	86fa3a23034ac4d64733bd929ae4595285b3e5bc	554	3	18695.4	10.684	18695.4	10.682	3671	10.4938	unclassified	chr9	36187864	36191526	60	3655	+	3753	3504	3313	91	158	191	60	0.979297	0.945491	0.88276	0
PBE62146_skip_1f47e940_86fa3a23_25.pod5	707addd3-c2b2-4eb6-9e3f-5ccce3788b61	86fa3a23034ac4d64733bd929ae4595285b3e5bc	2369	2	18702.5	2.894	18702.6	2.79	1592	18.8814	unclassified	chr12	106284548	106286164	0	1592	-	1618	1590	1585	2	26	5	60	1	0.996855	0.979604	0
PBE62146_skip_1f47e940_86fa3a23_25.pod5	6b26bbc4-5b0e-4d4f-b65e-e865ebeed05a	86fa3a23034ac4d64733bd929ae4595285b3e5bc	2608	2	18693.9	10.1684	18694	9.9996	3803	28.7901	unclassified	chr22	25814684	25818475	10	3803	-	3795	3789	3784	4	2	5	60	0.99737	0.99868	0.997101	0
PBE62146_skip_1f47e940_86fa3a23_25.pod5	f0fe549a-c1c0-4e53-9984-aab06e48a59b	86fa3a23034ac4d64733bd929ae4595285b3e5bc	2604	3	18691.8	12.8432	18691.9	12.732	3742	26.7505	unclassified	chr6	23472819	23476548	0	3737	+	3742	3724	3715	13	5	9	60	0.998664	0.997583	0.992785	0
PBE62146_skip_1f47e940_86fa3a23_25.pod5	e9e6d967-a329-4efe-842c-46a09399acb9	86fa3a23034ac4d64733bd929ae4595285b3e5bc	1074	3	18697.7	6.5802	18697.7	6.5782	2688	23.168	unclassified	chr2	62609385	62611800	237	2651	-	2415	2414	2408	0	1	6	60	0.898065	0.997514	0.997101	0
PBE62146_skip_1f47e940_86fa3a23_25.pod5	f031dfdf-61d1-4f6f-9f61-d4ff33b5507d	86fa3a23034ac4d64733bd929ae4595285b3e5bc	426	4	18690.9	14.1622	18690.9	14.1602	6514	24.218	unclassified	chr7	86469469	86475588	398	6514	+	6131	6104	6082	12	15	22	60	0.938901	0.996396	0.992008	0
PBE62146_skip_1f47e940_86fa3a23_25.pod5	02d1efc5-b8b9-4a7b-97bb-8f446f664ca3	86fa3a23034ac4d64733bd929ae4595285b3e5bc	1070	1	18705.8	1.328	18705.8	1.326	585	13.4044	unclassified	chr1	43113419	43113940	27	546	-	526	514	502	5	7	12	60	0.887179	0.976654	0.954373	0
PBE62146_skip_1f47e940_86fa3a23_25.pod5	d7145a1e-d494-49c6-a5b5-6f22848ff68b	86fa3a23034ac4d64733bd929ae4595285b3e5bc	858	3	18702	5.2964	18702	5.2944	2738	19.1093	unclassified	chr6	103243417	103245869	39	2485	+	2455	2443	2436	3	9	7	60	0.893353	0.997135	0.992261	0
PBE62146_skip_1f47e940_86fa3a23_25.pod5	3ceb6a1b-1ba1-4ac0-bbb5-872f006153f0	86fa3a23034ac4d64733bd929ae4595285b3e5bc	654	1	18691.6	13.7742	18691.6	13.7722	6240	9.89734	unclassified	chr3	174002462	174008778	4	6204	-	6505	6011	5696	189	305	315	60	0.99359	0.947596	0.875634	0
PBE62146_skip_1f47e940_86fa3a23_25.pod5	4d40db6e-3fe7-4ebd-8d47-2d2173b621d7	86fa3a23034ac4d64733bd929ae4595285b3e5bc	1178	3	18691.1	14.6114	18691.1	14.6094	6496	12.4742	unclassified	chr3	21567215	21573749	9	6463	-	6677	6311	6135	143	223	176	60	0.993535	0.972112	0.918826	0
PBE62146_skip_1f47e940_86fa3a23_25.pod5	fd096aa4-e892-4df4-82a6-73d58b80103a	86fa3a23034ac4d64733bd929ae4595285b3e5bc	1329	2	18690.1	14.5494	18690.1	14.5474	5980	15.4659	unclassified	chr21	13809255	13815216	6	5953	-	6025	5883	5801	64	78	82	60	0.994482	0.986062	0.962822	0
PBE62146_skip_1f47e940_86fa3a23_25.pod5	d6ce9a19-4190-4c31-b6cf-0d80fb208c18	86fa3a23034ac4d64733bd929ae4595285b3e5bc	2200	2	18698.2	7.3148	18698.2	7.3128	3125	28.6543	unclassified	chr8	20963850	20966928	8	3087	-	3080	3077	3073	2	1	4	60	0.98528	0.9987	0.997727	0
PBE62146_skip_1f47e940_86fa3a23_25.pod5	e5096ce3-d386-4874-b992-c34621f6aeba	86fa3a23034ac4d64733bd929ae4595285b3e5bc	96	4	18689.3	15.3116	18689.5	15.162	5637	31.2628	unclassified	chr11	21122834	21128463	0	5630	+	5637	5622	5605	8	7	17	60	0.998758	0.996976	0.994323	0
PBE62146_skip_1f47e940_86fa3a23_25.pod5	381c03d6-2f88-46b1-8299-178d90f67701	86fa3a23034ac4d64733bd929ae4595285b3e5bc	1980	1	18692.3	11.203	18692.3	11.201	5498	9.65234	unclassified	chr2	176279394	176284944	35	5477	+	5677	5315	5038	127	235	277	60	0.989814	0.947883	0.887441	0
PBE62146_skip_1f47e940_86fa3a23_25.pod5	c1b3d13e-752d-4d82-a9b2-8e4839d46fe2	86fa3a23034ac4d64733bd929ae4595285b3e5bc	964	2	18678.9	23.5172	18679.1	23.3208	9158	27.1164	unclassified	chrX	101478584	101487746	0	9151	+	9175	9138	9125	13	24	13	60	0.999236	0.998577	0.99455	0
PBE62146_skip_1f47e940_86fa3a23_25.pod5	b0ae0cd2-4bd7-43ae-b2df-9bfcac73177b	86fa3a23034ac4d64733bd929ae4595285b3e5bc	474	1	18670.6	31.2094	18670.6	31.2074	8631	14.1036	unclassified	chr20	63501220	63509827	40	8623	+	8770	8420	8247	163	187	173	60	0.994439	0.979454	0.940365	0
PBE62146_skip_1f47e940_86fa3a23_25.pod5	fd0b522a-4c36-437f-b4be-aee678dfd1c4	86fa3a23034ac4d64733bd929ae4595285b3e5bc	1028	2	18698.5	8.0654	18698.5	8.0634	2863	20.9607	unclassified	chr7	58522346	58525184	0	2836	-	2840	2834	2810	2	4	24	1	0.990569	0.991531	0.989437	0
PBE62146_skip_1f47e940_86fa3a23_25.pod5	3d66a1bd-0ae8-41de-9133-6015787ac998	86fa3a23034ac4d64733bd929ae4595285b3e5bc	2896	2	18698.1	8.252	18698.2	8.1528	3437	29.5809	unclassified	chr8	52906130	52909544	0	3429	+	3434	3409	3403	20	5	6	60	0.997672	0.99824	0.990973	0
PBE62146_skip_1f47e940_86fa3a23_25.pod5	1454df62-41ac-479c-9e98-3391ad1d3619	86fa3a23034ac4d64733bd929ae4595285b3e5bc	1154	3	18701.5	5.9756	18701.7	5.8068	2430	27.5029	unclassified	chr16	12467621	12470048	6	2430	-	2427	2424	2423	0	3	1	60	0.997531	0.999587	0.998352	0
PBE62146_skip_1f47e940_86fa3a23_25.pod5	3768814a-6840-4414-ad5a-033473eaabd4	86fa3a23034ac4d64733bd929ae4595285b3e5bc	1805	1	18701.6	5.6276	18701.7	5.5452	2377	26.5814	unclassified	chr11	7327760	7330140	3	2377	-	2382	2372	2357	2	8	15	60	0.998738	0.993676	0.989505	0
PBE62146_skip_1f47e940_86fa3a23_25.pod5	b4becbec-be6a-458a-9893-538726c45c5c	86fa3a23034ac4d64733bd929ae4595285b3e5bc	1261	1	18703.9	2.3168	18704.1	2.1744	878	14.6869	unclassified	chr11	107386619	107387492	7	878	-	880	864	846	7	9	18	60	0.992027	0.979167	0.961364	0
PBE62146_skip_1f47e940_86fa3a23_25.pod5	74cdcb96-2e87-4a30-9bdc-8854ac891098	86fa3a23034ac4d64733bd929ae4595285b3e5bc	1545	2	18696.7	9.7812	18696.7	9.7792	4427	9.66472	unclassified	chr4	45487777	45492288	9	4394	-	4636	4260	4002	125	251	258	60	0.990513	0.939437	0.863244	0
PBE62146_skip_1f47e940_86fa3a23_25.pod5	e404b9b3-3bff-48da-9794-71fee3601874	86fa3a23034ac4d64733bd929ae4595285b3e5bc	1834	4	18689	18.2394	18689	18.2374	6991	32.0172	unclassified	chr4	49709070	49711961	852	4103	+	3287	2855	2485	396	36	370	15	0.465026	0.870403	0.756009	0
PBE62146_skip_1f47e940_86fa3a23_25.pod5	7c3c07e9-1c6e-41e1-8b97-3836e1271785	86fa3a23034ac4d64733bd929ae4595285b3e5bc	1187	4	18703.6	2.5542	18703.6	2.5522	1166	25.0488	unclassified	chr9	137614632	137615798	2	1166	-	1167	1163	1163	1	3	0	60	0.998285	1	0.996572	0
PBE62146_skip_1f47e940_86fa3a23_25.pod5	6e4f70bc-fe5a-4e0f-add1-fac0bfbd2243	86fa3a23034ac4d64733bd929ae4595285b3e5bc	1091	2	18691.9	13.9208	18692.1	13.7784	5802	29.3457	unclassified	chr7	41646584	41652383	5	5802	-	5800	5796	5792	1	3	4	60	0.999138	0.99931	0.998621	0
PBE62146_skip_1f47e940_86fa3a23_25.pod5	5ea104c2-7f84-4c1c-8145-95749badc702	86fa3a23034ac4d64733bd929ae4595285b3e5bc	308	4	18692.2	13.1192	18692.3	12.9648	6033	23.4628	unclassified	chr7	610851	616808	7	6033	-	6052	5931	5907	95	26	24	60	0.99884	0.995953	0.976041	0
PBE62146_skip_1f47e940_86fa3a23_25.pod5	052e450f-a7ee-4210-90c7-676a5b227706	86fa3a23034ac4d64733bd929ae4595285b3e5bc	691	4	18685.2	18.5768	18685.3	18.4968	8582	21.7592	unclassified	chrX	135968447	135977052	7	8582	-	8637	8543	8513	32	62	30	60	0.999184	0.996488	0.985643	0
PBE62146_skip_1f47e940_86fa3a23_25.pod5	3d69113c-7411-4e7b-b79b-7265b64d922a	86fa3a23034ac4d64733bd929ae4595285b3e5bc	679	1	18700.5	3.6812	18700.5	3.6792	1482	19.031	unclassified	chrX	110603408	110604774	27	1393	+	1366	1366	1365	0	0	1	60	0.921727	0.999268	0.999268	0
PBE62146_skip_1f47e940_86fa3a23_25.pod5	12119c73-8e4f-47bc-b9f0-ef46d4576499	86fa3a23034ac4d64733bd929ae4595285b3e5bc	1706	2	18700.8	6.1556	18700.8	6.1536	2552	30.9187	unclassified	chr9	13329633	13332151	32	2552	+	2522	2516	2511	4	2	5	60	0.987461	0.998013	0.995638	0
PBE62146_skip_1f47e940_86fa3a23_25.pod5	df8a7b24-8350-48fa-af0e-54ae59c34457	86fa3a23034ac4d64733bd929ae4595285b3e5bc	1983	3	18695	8.984	18695.1	8.8248	2877	19.0344	unclassified	chr2	219420351	219423229	0	2877	+	2892	2863	2855	14	15	8	60	1	0.997206	0.987206	0
PBE62146_skip_1f47e940_86fa3a23_25.pod5	b03d7669-18bf-41c7-b72c-478dfc2cc1fe	86fa3a23034ac4d64733bd929ae4595285b3e5bc	471	2	18695.2	10.0268	18695.3	9.8748	4139	31.7208	unclassified	chr4	103105336	103109466	10	4139	-	4133	4126	4123	3	4	3	60	0.997584	0.999273	0.99758	0
PBE62146_skip_1f47e940_86fa3a23_25.pod5	a80a6fb1-600d-4758-9bbb-785d68ca4a8c	86fa3a23034ac4d64733bd929ae4595285b3e5bc	1193	1	18691.5	14.882	18691.6	14.7876	6146	29.1954	unclassified	chr4	136587003	136593140	0	6139	+	6142	6134	6104	5	3	30	60	0.998861	0.995109	0.993813	0
PBE62146_skip_1f47e940_86fa3a23_25.pod5	4722f09f-8bc9-4aa1-980d-4d8e0c41e67f	86fa3a23034ac4d64733bd929ae4595285b3e5bc	2572	1	18694.1	11.2736	18694.2	11.1504	4578	24.1582	unclassified	chr11	45896008	45900584	0	4566	+	4583	4559	4546	7	17	13	60	0.997379	0.997149	0.991927	0
PBE62146_skip_1f47e940_86fa3a23_25.pod5	f10a75b1-fd8e-447b-a1e0-108ce7fd298b	86fa3a23034ac4d64733bd929ae4595285b3e5bc	389	3	18683.3	23.036	18683.3	23.034	9541	18.9719	unclassified	chr6	11868317	11877832	43	9530	+	9567	9435	9366	52	80	69	60	0.99434	0.992687	0.97899	0
PBE62146_skip_1f47e940_86fa3a23_25.pod5	82cf0d13-ef2f-4d74-bb15-43b889b750f7	86fa3a23034ac4d64733bd929ae4595285b3e5bc	2167	1	18688.1	16.5344	18688.3	16.392	6412	23.8365	unclassified	chr6	35359263	35363221	7	3962	-	3967	3946	3939	9	12	7	60	0.616812	0.998226	0.992942	0
PBE62146_skip_1f47e940_86fa3a23_25.pod5	86b14089-9a09-4a5d-bfef-98d3c47b3ac9	86fa3a23034ac4d64733bd929ae4595285b3e5bc	1873	1	18695.9	1.3344	18695.9	1.3324	603	27.5563	unclassified	chr15	60799828	60800383	38	594	+	556	555	555	1	0	0	60	0.922056	1	0.998201	0
PBE62146_skip_1f47e940_86fa3a23_25.pod5	1ca13976-2b8c-4026-ac0d-56bf4d64211b	86fa3a23034ac4d64733bd929ae4595285b3e5bc	818	2	18689.9	12.3164	18690	12.2124	5113	28.9562	unclassified	chr7	68881430	68886535	6	5113	-	5109	5103	5095	4	2	8	60	0.998827	0.998432	0.99726	0
PBE62146_skip_1f47e940_86fa3a23_25.pod5	92b15840-275c-43f6-b2f1-213bbbaeddc6	86fa3a23034ac4d64733bd929ae4595285b3e5bc	2172	2	18673.9	31.2884	18674	31.1436	13059	30.0979	unclassified	chr19	13376329	13389443	0	13059	-	13126	13047	13027	12	67	20	60	1	0.998467	0.992458	0
PBE62146_skip_1f47e940_86fa3a23_25.pod5	eb7ab83e-88ed-4c6e-8094-4cdbe98467f5	86fa3a23034ac4d64733bd929ae4595285b3e5bc	1181	2	18694.9	12.1572	18694.9	12.1552	5885	19.1993	unclassified	chr5	160639653	160645464	38	5877	+	5851	5799	5764	40	12	35	60	0.992184	0.993964	0.985131	0
PBE62146_skip_1f47e940_86fa3a23_25.pod5	908e1fe0-8069-44e5-831f-3db96f049a04	86fa3a23034ac4d64733bd929ae4595285b3e5bc	1677	1	18686	20.9566	18686	20.9546	7201	31.0692	unclassified	chr6	145447587	145454756	7	7162	-	7173	7151	7137	4	18	14	60	0.993612	0.998042	0.994981	0
PBE62146_skip_1f47e940_86fa3a23_25.pod5	4e83db09-89b4-4996-8311-dcd426e3bff8	86fa3a23034ac4d64733bd929ae4595285b3e5bc	2117	2	18660.4	42.8044	18660.4	42.8024	15678	27.0476	unclassified	chr16	60508148	60523815	8	15658	-	15679	15638	15607	12	29	31	60	0.998214	0.998018	0.995408	0
PBE62146_skip_1f47e940_86fa3a23_25.pod5	27a2a7d2-959b-45ab-82be-9b45d0aacf5b	86fa3a23034ac4d64733bd929ae4595285b3e5bc	1728	1	18688.4	8.4104	18688.6	8.2296	3550	35.2298	unclassified	chr4	50013838	50017380	6	3550	-	3544	3542	3516	2	0	26	4	0.99831	0.99266	0.992099	0
PBE62146_skip_1f47e940_86fa3a23_25.pod5	1da44e92-ccef-4f52-aa69-295ed2532ea3	86fa3a23034ac4d64733bd929ae4595285b3e5bc	1812	3	18691.3	5.6468	18691.3	5.6448	2242	40.4596	unclassified	chr1	125179381	125182916	21	2234	+	3536	2212	2193	1	1323	19	43	0.987065	0.99141	0.620192	0
PBE62146_skip_1f47e940_86fa3a23_25.pod5	fdab1402-d0f0-4501-bfb9-d943ee41f611	86fa3a23034ac4d64733bd929ae4595285b3e5bc	403	3	18694.4	12.9248	18694.5	12.7896	4740	22.4124	unclassified	chr13	25622160	25626899	0	4729	+	4747	4721	4707	8	18	14	60	0.997679	0.997035	0.991574	0
PBE62146_skip_1f47e940_86fa3a23_25.pod5	f4804182-85ae-43ad-99e0-2a4206e8cd26	86fa3a23034ac4d64733bd929ae4595285b3e5bc	2326	3	18692.8	4.4516	18692.9	4.3236	1973	26.6438	unclassified	chr15	46610649	46612609	0	1967	+	1967	1960	1959	7	0	1	60	0.996959	0.99949	0.995933	0
PBE62146_skip_1f47e940_86fa3a23_25.pod5	78ffa155-e2fe-4bd0-902c-b73cddcb3473	86fa3a23034ac4d64733bd929ae4595285b3e5bc	1905	4	18697.9	8.88	18697.9	8.878	3272	30.7273	unclassified	chr16	5173247	5176483	34	3272	+	3240	3234	3218	4	2	16	60	0.989609	0.995053	0.99321	0
PBE62146_skip_1f47e940_86fa3a23_25.pod5	59233abc-c4b1-48b5-9ed4-9cfd76bec989	86fa3a23034ac4d64733bd929ae4595285b3e5bc	2071	3	18680	16.9412	18680.1	16.848	6757	26.7362	unclassified	chr2	175167757	175174501	0	6757	+	6764	6737	6724	20	7	13	60	1	0.99807	0.994086	0
PBE62146_skip_1f47e940_86fa3a23_25.pod5	2f1b2e38-06cf-4577-9e1e-75bf31fa1d40	86fa3a23034ac4d64733bd929ae4595285b3e5bc	401	4	18688.9	8.1992	18689	8.1264	3030	27.9594	unclassified	chr11	26142941	26145965	7	3029	-	3024	3022	3019	0	2	3	60	0.99736	0.999007	0.998347	0
PBE62146_skip_1f47e940_86fa3a23_25.pod5	81f3e157-3665-43c0-86ca-b3eaeae1221d	86fa3a23034ac4d64733bd929ae4595285b3e5bc	1821	4	18681.7	15.379	18681.7	15.377	6278	18.7867	unclassified	chr2	236117475	236123752	0	6244	-	6281	6240	6194	4	37	46	60	0.994584	0.992628	0.986149	0
PBE62146_skip_1f47e940_86fa3a23_25.pod5	d852b0a8-53ce-4fc2-b853-f2958239beea	86fa3a23034ac4d64733bd929ae4595285b3e5bc	2394	2	18681.1	16.2644	18681.2	16.1772	6802	29.918	unclassified	chr5	16412974	16419769	0	6794	+	6801	6788	6785	6	7	3	60	0.998824	0.999558	0.997647	0
PBE62146_skip_1f47e940_86fa3a23_25.pod5	fc406e74-8ac9-4292-b48f-d9c845a839a0	86fa3a23034ac4d64733bd929ae4595285b3e5bc	2357	1	18680.4	16.4924	18680.5	16.3812	6101	24.2942	unclassified	chr7	130696180	130702269	8	6101	-	6099	6083	6059	10	6	24	60	0.998689	0.996055	0.993442	0
PBE62146_skip_1f47e940_86fa3a23_25.pod5	5c5e4c40-1ca5-440b-80ca-b9e817114db0	86fa3a23034ac4d64733bd929ae4595285b3e5bc	272	2	18679.9	26.7272	18680	26.5944	10580	28.0749	unclassified	chr19	46536652	46547222	0	10574	+	10596	10548	10526	26	22	22	60	0.999433	0.997914	0.993394	0
PBE62146_skip_1f47e940_86fa3a23_25.pod5	246ac51f-42aa-44c6-ab25-0202c9e04f40	86fa3a23034ac4d64733bd929ae4595285b3e5bc	2882	3	18691	6.3632	18691.1	6.2256	2803	24.9714	unclassified	chr9	33145146	33147948	0	2800	+	2806	2796	2786	4	6	10	60	0.99893	0.996423	0.992872	0
PBE62146_skip_1f47e940_86fa3a23_25.pod5	e85b5bac-7644-4feb-ad4d-e42ed831e419	86fa3a23034ac4d64733bd929ae4595285b3e5bc	2647	3	18689.2	17.1584	18689.4	16.98	6589	27.8126	unclassified	chr16	81887931	81894529	4	6589	-	6604	6579	6562	6	19	17	60	0.999393	0.997416	0.99364	0
PBE62146_skip_1f47e940_86fa3a23_25.pod5	eb91e523-0b76-4e3c-b092-5e451ea5a200	86fa3a23034ac4d64733bd929ae4595285b3e5bc	1102	4	18674.4	22.674	18674.4	22.672	8495	11.7094	unclassified	chr2	194544426	194552952	3	8459	-	8749	8233	7874	223	293	359	60	0.995409	0.956395	0.899989	0
PBE62146_skip_1f47e940_86fa3a23_25.pod5	b70a08fa-509d-43e5-931c-4ac7e9e6c9fb	86fa3a23034ac4d64733bd929ae4595285b3e5bc	2389	4	18679.8	17.5188	18679.8	17.5168	7468	28.1322	unclassified	chr3	126776901	126784327	33	7462	+	7433	7422	7421	7	4	1	60	0.994778	0.999865	0.998386	0
PBE62146_skip_1f47e940_86fa3a23_25.pod5	0c6fa5bd-1141-4cc3-816d-d8d169053bab	86fa3a23034ac4d64733bd929ae4595285b3e5bc	1553	2	18676.8	20.5064	18676.9	20.4216	8965	27.0152	unclassified	chr15	86068748	86077710	9	8965	-	8970	8948	8920	8	14	28	60	0.998996	0.996871	0.994426	0
PBE62146_skip_1f47e940_86fa3a23_25.pod5	7043c61a-de22-42ba-b2d3-2d476f4bfc10	86fa3a23034ac4d64733bd929ae4595285b3e5bc	1683	1	18671.3	33.7388	18671.5	33.5652	11150	26.5316	unclassified	chr21	46051915	46061125	7	11150	-	11171	9182	9127	1961	28	55	60	0.999372	0.99401	0.817026	0
PBE62146_skip_1f47e940_86fa3a23_25.pod5	3292b8ba-fe17-4ac6-992d-e9b76f6ff4c7	86fa3a23034ac4d64733bd929ae4595285b3e5bc	2727	2	18681.9	15.4448	18682.1	15.3156	6371	36.3985	unclassified	chr4	50731147	50737525	0	6371	-	6383	6366	6265	5	12	101	1	1	0.984134	0.981513	0
PBE62146_skip_1f47e940_86fa3a23_25.pod5	708da03d-10ec-4cd2-933e-4b8e5b5828e1	86fa3a23034ac4d64733bd929ae4595285b3e5bc	1458	2	18694.2	12.7976	18694.3	12.7248	6600	33.5508	unclassified	chr17	21968800	21975583	9	6600	-	7183	6191	5305	400	592	886	1	0.998636	0.856889	0.738549	0
PBE62146_skip_1f47e940_86fa3a23_25.pod5	844326eb-89da-43ff-ae9d-2fd423de15ea	86fa3a23034ac4d64733bd929ae4595285b3e5bc	2017	1	18691.9	5.4824	18692.1	5.3016	2028	25.5128	unclassified	chr3	19456086	19458113	6	2028	-	2028	2021	2020	1	6	1	60	0.997041	0.999505	0.996055	0
PBE62146_skip_1f47e940_86fa3a23_25.pod5	82ba38a2-3385-40f3-aeaf-34030ca46b99	86fa3a23034ac4d64733bd929ae4595285b3e5bc	431	4	18685.1	12.094	18685.1	12.092	4979	10.0203	unclassified	chr15	77190652	77195633	28	4933	-	5136	4750	4463	155	231	287	60	0.985138	0.939579	0.868964	0
PBE62146_skip_1f47e940_86fa3a23_25.pod5	637a99a8-62ba-48e2-bfc1-f9b75b5fbf0a	86fa3a23034ac4d64733bd929ae4595285b3e5bc	1866	4	18685.1	12.3968	18685.2	12.2688	4308	30.8978	unclassified	chr3	85066871	85071167	9	4308	-	4301	4294	4294	5	2	0	60	0.997911	1	0.998372	0
PBE62146_skip_1f47e940_86fa3a23_25.pod5	a18f2e46-8e48-4071-bb26-f35fca9daa2f	86fa3a23034ac4d64733bd929ae4595285b3e5bc	458	2	18680.7	16.604	18680.8	16.5216	6420	28.4232	unclassified	chr9	87086659	87093070	4	6420	-	6421	6406	6399	10	5	7	60	0.999377	0.998907	0.996574	0
PBE62146_skip_1f47e940_86fa3a23_25.pod5	e9078c3c-f6bc-4bbb-a07c-83125afa6c2a	86fa3a23034ac4d64733bd929ae4595285b3e5bc	844	3	18688.2	9.3054	18688.2	9.3034	3237	24.5047	unclassified	chr12	117974816	117977983	6	3176	-	3177	3160	3153	10	7	7	60	0.979302	0.997785	0.992446	0
PBE62146_skip_1f47e940_86fa3a23_25.pod5	856274de-8323-4930-8628-9a1b2d7b5d39	86fa3a23034ac4d64733bd929ae4595285b3e5bc	434	1	18692.2	5.6662	18692.2	5.6642	2273	7.67093	unclassified	chr12	54860901	54863096	134	2233	+	2266	2028	1860	71	167	168	60	0.923449	0.91716	0.82083	0
PBE62146_skip_1f47e940_86fa3a23_25.pod5	2beedc03-e35a-4e8c-a906-8bb44e438dfe	86fa3a23034ac4d64733bd929ae4595285b3e5bc	1884	4	18690.6	7.2596	18690.7	7.1676	3017	28.1414	unclassified	chr5	80469344	80472351	0	3010	+	3013	3004	2992	6	3	12	60	0.99768	0.996005	0.99303	0
PBE62146_skip_1f47e940_86fa3a23_25.pod5	92a6339b-a478-4dda-b996-7279b218f53f	86fa3a23034ac4d64733bd929ae4595285b3e5bc	990	3	18691.8	6.02	18691.8	5.94	2424	29.8268	unclassified	chr18	56935053	56937472	6	2424	-	2421	2416	2416	2	3	0	60	0.997525	1	0.997935	0
PBE62146_skip_1f47e940_86fa3a23_25.pod5	0f2904c3-2be3-4050-932c-163063eeb6dd	86fa3a23034ac4d64733bd929ae4595285b3e5bc	1579	1	18689.2	8.1872	18689.3	8.1156	4310	23.5007	unclassified	chr3	15818343	15822646	8	4310	-	4307	4298	4288	4	5	10	60	0.998144	0.997673	0.995589	0
PBE62146_skip_1f47e940_86fa3a23_25.pod5	cf34ec04-da90-4aa1-99c7-7201aa0d41e2	86fa3a23034ac4d64733bd929ae4595285b3e5bc	1855	2	18676.1	21.4148	18676.1	21.4128	7609	28.5898	unclassified	chr16	81243294	81250868	6	7579	-	7586	7561	7560	12	13	1	60	0.995269	0.999868	0.996573	0
PBE62146_skip_1f47e940_86fa3a23_25.pod5	f3d27bc6-641d-458c-8f3a-0c977c5a4764	86fa3a23034ac4d64733bd929ae4595285b3e5bc	953	4	18667	30.446	18667.1	30.2916	10343	27.8506	unclassified	chr1	87076923	87087254	0	10334	+	10350	10315	10307	19	16	8	60	0.99913	0.999224	0.995845	0
PBE62146_skip_1f47e940_86fa3a23_25.pod5	201262b2-1fbb-4d65-8189-7a8c2bdf8d9a	86fa3a23034ac4d64733bd929ae4595285b3e5bc	905	1	18671.5	25.7636	18671.6	25.6188	10765	29.3212	unclassified	chr1	210985446	210996220	0	10760	+	10782	10752	10730	8	22	22	60	0.999536	0.997954	0.995177	0
PBE62146_skip_1f47e940_86fa3a23_25.pod5	a6a551f3-2c81-4142-97e3-9e0e42181baf	86fa3a23034ac4d64733bd929ae4595285b3e5bc	1975	2	18672	25.3106	18672	25.3086	10785	29.5379	unclassified	chr2	110757497	110768255	30	10781	+	10761	10748	10738	3	10	10	60	0.996847	0.99907	0.997863	0
PBE62146_skip_1f47e940_86fa3a23_25.pod5	84f39e2b-cc2b-4369-afc6-7eb314530c35	86fa3a23034ac4d64733bd929ae4595285b3e5bc	2874	3	18637.6	58.849	18637.6	58.847	19308	27.0573	unclassified	chr10	102537189	102556496	6	19284	-	19323	19262	19236	16	45	26	60	0.998446	0.99865	0.995498	0
PBE62146_skip_1f47e940_86fa3a23_25.pod5	6d3f06d2-3fa8-4300-946f-ec4662e63237	86fa3a23034ac4d64733bd929ae4595285b3e5bc	2630	4	18683.7	13.9628	18684	13.662	6137	28.6935	unclassified	chr16	78116886	78123010	0	6131	+	6139	6116	6100	15	8	16	60	0.999022	0.997384	0.993647	0
PBE62146_skip_1f47e940_86fa3a23_25.pod5	a95144b6-3bed-4262-8d0d-13f3f6f432ce	86fa3a23034ac4d64733bd929ae4595285b3e5bc	1652	2	18682.1	15.2954	18682.1	15.2934	6410	11.8208	unclassified	chr12	131109748	131116220	9	6374	-	6628	6209	5969	156	263	240	60	0.99298	0.961346	0.900573	0
PBE62146_skip_1f47e940_86fa3a23_25.pod5	5d71b24e-8b83-491b-a67c-21d9c68496ed	86fa3a23034ac4d64733bd929ae4595285b3e5bc	59	4	18684.7	12.7388	18684.8	12.6348	6096	27.1007	unclassified	chr19	33644064	33650161	6	6096	-	6108	6079	6063	11	18	16	60	0.999016	0.997368	0.992633	0
PBE62146_skip_1f47e940_86fa3a23_25.pod5	30e6dc6e-ea7c-45ca-aefe-08626a682b5d	86fa3a23034ac4d64733bd929ae4595285b3e5bc	728	2	18674.4	23.2376	18674.8	22.8036	8713	27.6894	unclassified	chr8	143720320	143729036	6	8713	-	8721	8702	8691	5	14	11	60	0.999311	0.998736	0.99656	0
PBE62146_skip_1f47e940_86fa3a23_25.pod5	54454e2a-50ab-4338-b1ac-4b91d8be0b2c	86fa3a23034ac4d64733bd929ae4595285b3e5bc	680	3	18686.2	12.0416	18686.4	11.9016	4106	29.0218	unclassified	chr8	116945977	116950072	0	4098	+	4102	4091	4091	7	4	0	60	0.998052	1	0.997318	0
PBE62146_skip_1f47e940_86fa3a23_25.pod5	ad889822-99d7-4aa6-b9c5-88c9abc85b67	86fa3a23034ac4d64733bd929ae4595285b3e5bc	1224	3	18683.7	14.0564	18683.7	14.0544	5031	21.8248	unclassified	chr3	100010913	100015911	32	5024	+	5018	4972	4954	20	26	18	60	0.992248	0.99638	0.987246	0
PBE62146_skip_1f47e940_86fa3a23_25.pod5	d0234553-b5bb-4918-aca2-2dc8fa456c90	86fa3a23034ac4d64733bd929ae4595285b3e5bc	1939	3	18677.7	19.8884	18677.7	19.8864	8680	27.6678	unclassified	chr4	169737968	169746599	6	8643	-	8649	8619	8603	18	12	16	60	0.995046	0.998144	0.994681	0
PBE62146_skip_1f47e940_86fa3a23_25.pod5	926d7c97-bf6e-4011-84df-2a92b202adea	86fa3a23034ac4d64733bd929ae4595285b3e5bc	1234	1	18672.8	24.728	18672.9	24.5976	9594	25.4333	unclassified	chr21	7056660	7063088	7	6486	-	6506	6401	6316	78	27	85	0	0.675318	0.986721	0.970796	0
PBE62146_skip_1f47e940_86fa3a23_25.pod5	976967a5-e9ea-4d37-923e-6a5e468d07d6	86fa3a23034ac4d64733bd929ae4595285b3e5bc	951	2	18696.1	2.2508	18696.1	2.2488	760	7.97418	unclassified	chr9	107089740	107090475	14	724	-	768	677	607	33	58	70	4	0.934211	0.896603	0.790365	0
PBE62146_skip_1f47e940_86fa3a23_25.pod5	c9b6e46e-af32-4aac-a32e-56c1ae807416	86fa3a23034ac4d64733bd929ae4595285b3e5bc	1657	1	18688.5	9.4772	18688.6	9.366	3835	37.0566	unclassified	chr4	3874658	3878545	0	3834	+	3887	3834	3834	0	53	0	60	0.999739	1	0.986365	0
PBE62146_skip_1f47e940_86fa3a23_25.pod5	dd7f5a63-3e7d-48cf-b916-4bc75d51c445	86fa3a23034ac4d64733bd929ae4595285b3e5bc	1363	3	18678.1	19.6828	18678.1	19.6808	8105	20.5548	unclassified	chr5	80967118	80975181	10	8073	-	8085	8041	7996	22	22	45	60	0.994818	0.994404	0.988992	0
PBE62146_skip_1f47e940_86fa3a23_25.pod5	b1fcbd4e-cb09-4646-957d-9169d83a6884	86fa3a23034ac4d64733bd929ae4595285b3e5bc	1421	1	18676	21.6074	18676	21.6054	9110	23.8922	unclassified	chr17	54556520	54565606	27	9104	+	9100	9063	9035	14	23	28	60	0.996378	0.996911	0.992857	0
PBE62146_skip_1f47e940_86fa3a23_25.pod5	d22944d7-8a1b-4a20-971c-e2a866967ae6	86fa3a23034ac4d64733bd929ae4595285b3e5bc	387	1	18643.4	54.2576	18643.6	54.0816	13784	20.9165	unclassified	chrX	93794286	93808054	4	13784	-	13828	13720	13676	60	48	44	60	0.99971	0.996793	0.989008	0
PBE62146_skip_1f47e940_86fa3a23_25.pod5	93515a8c-9558-49f0-a308-53847f2f66ab	86fa3a23034ac4d64733bd929ae4595285b3e5bc	1500	1	18684.7	13.3634	18684.7	13.3614	5527	10.7558	unclassified	chr7	84718574	84724127	6	5489	-	5689	5347	5093	136	206	254	60	0.992039	0.952497	0.895236	0
PBE62146_skip_1f47e940_86fa3a23_25.pod5	ca3f2aaa-938c-4857-a6b1-87512ca82bb4	86fa3a23034ac4d64733bd929ae4595285b3e5bc	440	2	18684.8	13.6904	18684.9	13.5768	5604	28.0156	unclassified	chr15	67012256	67017860	0	5595	+	5611	5588	5578	7	16	10	60	0.998394	0.99821	0.994119	0
PBE62146_skip_1f47e940_86fa3a23_25.pod5	cdfda64e-774f-4413-82c6-31445b36a12f	86fa3a23034ac4d64733bd929ae4595285b3e5bc	2622	2	18690.2	7.724	18690.3	7.6104	3066	32.4357	unclassified	chr10	120078888	120081951	0	3061	+	3066	3058	3055	3	5	3	60	0.998369	0.999019	0.996412	0
PBE62146_skip_1f47e940_86fa3a23_25.pod5	5a0f92e3-ba9a-46c4-b21e-5c1c81fdb890	86fa3a23034ac4d64733bd929ae4595285b3e5bc	2695	3	18678.1	19.838	18678.2	19.722	7932	27.4983	unclassified	chr4	66115403	66123331	0	7929	+	7937	7920	7897	9	8	23	60	0.999622	0.997096	0.99496	0
PBE62146_skip_1f47e940_86fa3a23_25.pod5	01ae809e-c3bf-4bae-a0d1-b49122cec4d8	86fa3a23034ac4d64733bd929ae4595285b3e5bc	2421	3	18670.1	27.4244	18670.1	27.4224	9023	16.2852	unclassified	chr4	3661710	3670699	36	9014	+	9078	8889	8778	89	100	111	60	0.995013	0.987513	0.966953	0
PBE62146_skip_1f47e940_86fa3a23_25.pod5	2ac7c9ae-3b07-45a6-a68e-baf7af01dd7c	86fa3a23034ac4d64733bd929ae4595285b3e5bc	2822	2	18684	13.8404	18684.2	13.7196	5530	21.4227	unclassified	chr5	63684327	63689840	6	5530	-	5539	5498	5475	26	15	23	60	0.998915	0.995817	0.988446	0
PBE62146_skip_1f47e940_86fa3a23_25.pod5	1749c64d-2a43-459d-841e-cac75203412b	86fa3a23034ac4d64733bd929ae4595285b3e5bc	2793	4	18670	27.446	18670.1	27.3444	11279	27.2762	unclassified	chr12	47308016	47319295	6	11279	-	11295	11257	11221	16	22	36	60	0.999468	0.996802	0.993448	0
PBE62146_skip_1f47e940_86fa3a23_25.pod5	3afcaa9b-53e6-477a-aadc-b4c56cce6e69	86fa3a23034ac4d64733bd929ae4595285b3e5bc	893	1	18661.8	35.2748	18662	35.112	14756	29.2171	unclassified	chr10	123874453	123889177	0	14749	+	14767	14706	14683	43	18	23	60	0.999526	0.998436	0.994312	0
PBE62146_skip_1f47e940_86fa3a23_25.pod5	630a1e96-8b5c-443b-bd1f-837b03017bdb	86fa3a23034ac4d64733bd929ae4595285b3e5bc	652	4	18665.5	32.3534	18665.5	32.3514	13089	27.9696	unclassified	chr6	32475700	32485103	10	13068	-	13071	9390	9235	3668	13	155	60	0.997632	0.983493	0.706526	0
PBE62146_skip_1f47e940_86fa3a23_25.pod5	22edc6c8-1f6b-4884-bb4d-435bfe2b2538	86fa3a23034ac4d64733bd929ae4595285b3e5bc	2293	3	18690.9	7.3292	18691.1	7.1172	1902	19.1292	unclassified	chr13	66470765	66472675	0	1895	+	1917	1888	1878	7	22	10	60	0.99632	0.994703	0.979656	0
PBE62146_skip_1f47e940_86fa3a23_25.pod5	4ba1164d-6629-4b3c-b862-54c57b3ac774	86fa3a23034ac4d64733bd929ae4595285b3e5bc	1461	2	18684.6	13.6156	18684.6	13.6136	5467	28.2579	unclassified	chr10	81269480	81274910	31	5460	+	5442	5417	5395	12	13	22	60	0.993049	0.995939	0.991363	0
PBE62146_skip_1f47e940_86fa3a23_25.pod5	28f48d7d-3b99-499b-bc2e-9f17d5c45645	86fa3a23034ac4d64733bd929ae4595285b3e5bc	405	3	18645.8	51.4558	18645.8	51.4538	16178	13.9183	unclassified	chr8	51895254	51911299	7	16146	-	16352	15832	15501	307	213	331	60	0.997589	0.979093	0.947957	0
PBE62146_skip_1f47e940_86fa3a23_25.pod5	e863b17d-7020-4f27-b708-0e1c2734c099	86fa3a23034ac4d64733bd929ae4595285b3e5bc	867	4	18695.4	2.9024	18695.5	2.8056	1315	26.108	unclassified	chr13	70396563	70397876	0	1315	+	1316	1312	1307	3	1	5	60	1	0.996189	0.993161	0
PBE62146_skip_1f47e940_86fa3a23_25.pod5	5f6295c4-8e7b-4019-955f-a6be67ed75c4	86fa3a23034ac4d64733bd929ae4595285b3e5bc	456	2	18683.3	15.333	18683.3	15.331	6583	17.5364	unclassified	chr4	49114980	49121671	9	6515	-	7008	6189	5207	317	502	982	1	0.988303	0.841331	0.743008	0
PBE62146_skip_1f47e940_86fa3a23_25.pod5	50403450-669e-4273-966a-7bf6ebfde306	86fa3a23034ac4d64733bd929ae4595285b3e5bc	2511	2	18686.5	11.6372	18686.5	11.6352	4379	10.5295	unclassified	chr11	11104769	11109099	5	4351	-	4513	4163	3921	183	167	242	60	0.992464	0.941869	0.868823	0
PBE62146_skip_1f47e940_86fa3a23_25.pod5	750be39d-26f6-497e-9282-8973cf787caa	86fa3a23034ac4d64733bd929ae4595285b3e5bc	989	1	18687.7	10.6196	18687.8	10.4796	3966	19.4105	unclassified	chr11	116243796	116247753	0	3966	+	3981	3942	3917	24	15	25	60	1	0.993658	0.983924	0
PBE62146_skip_1f47e940_86fa3a23_25.pod5	14fb1e74-ed1d-420e-96b3-58bae3b1ebb9	86fa3a23034ac4d64733bd929ae4595285b3e5bc	764	4	18681.7	16.3412	18681.9	16.218	5866	25.6958	unclassified	chr13	25201156	25207010	0	5855	+	5863	5846	5832	9	8	14	60	0.998125	0.997605	0.994713	0
PBE62146_skip_1f47e940_86fa3a23_25.pod5	e250ae1d-661d-4a50-8d95-ca5e674171b5	86fa3a23034ac4d64733bd929ae4595285b3e5bc	955	3	18660.2	37.684	18660.2	37.682	9303	10.0332	unclassified	chr2	73621266	73630466	35	9285	+	9648	8802	8229	448	398	573	60	0.994303	0.934901	0.852923	0
PBE62146_skip_1f47e940_86fa3a23_25.pod5	52447966-6ecb-43cd-9b48-5cc90cc44e9e	86fa3a23034ac4d64733bd929ae4595285b3e5bc	2367	1	18680.6	17.7312	18680.6	17.7292	7033	13.1276	unclassified	chr22	28139860	28146897	34	7026	+	7162	6867	6678	125	170	189	60	0.99417	0.972477	0.932421	0
PBE62146_skip_1f47e940_86fa3a23_25.pod5	05fb5f1f-b47a-400c-a3e2-fc55041ff5cd	86fa3a23034ac4d64733bd929ae4595285b3e5bc	1273	2	18688.6	9.8552	18688.8	9.72	3960	30.8349	unclassified	chr17	22148219	22152463	0	3953	+	4265	3932	3800	21	312	132	60	0.998232	0.966429	0.890973	0
PBE62146_skip_1f47e940_86fa3a23_25.pod5	f17cd427-ca84-473d-98e4-73bd732f72a3	86fa3a23034ac4d64733bd929ae4595285b3e5bc	2200	2	18671.8	26.3744	18671.9	26.2824	13306	23.4726	unclassified	chr1	67598395	67611705	5	13306	-	13340	13271	13243	30	39	28	60	0.999624	0.99789	0.992729	0
PBE62146_skip_1f47e940_86fa3a23_25.pod5	cfedfa5f-cf4c-4ef9-b3b6-c23980812533	86fa3a23034ac4d64733bd929ae4595285b3e5bc	1309	2	18679.7	18.8912	18679.8	18.768	6354	28.9736	unclassified	chr6	20144364	20150715	9	6354	-	6355	6341	6329	4	10	12	60	0.998584	0.998108	0.995909	0
PBE62146_skip_1f47e940_86fa3a23_25.pod5	cb1a72db-76f0-4372-a371-2c4f8468658e	86fa3a23034ac4d64733bd929ae4595285b3e5bc	1332	1	18684	14.4068	18684.1	14.2572	6148	25.7357	unclassified	chrX	148387482	148393483	138	6148	-	6015	5996	5992	14	5	4	60	0.977554	0.999333	0.996176	0
PBE62146_skip_1f47e940_86fa3a23_25.pod5	30b1e518-c16c-4af3-a842-e12b0dc6adf9	86fa3a23034ac4d64733bd929ae4595285b3e5bc	970	2	18675.1	23.4052	18675.1	23.4032	9423	26.7668	unclassified	chrX	112939321	112948751	8	9400	-	9439	9383	9365	9	47	18	60	0.99671	0.998082	0.99216	0
PBE62146_skip_1f47e940_86fa3a23_25.pod5	c017778d-89b2-4ba8-a1f4-e4b6588da2bb	86fa3a23034ac4d64733bd929ae4595285b3e5bc	1187	4	18691.4	6.984	18691.4	6.982	3295	14.0325	unclassified	chr9	137618318	137621657	0	3293	-	3355	3277	3215	16	62	62	60	0.999393	0.98108	0.958271	0
PBE62146_skip_1f47e940_86fa3a23_25.pod5	32aa9c8f-c136-4fd2-82d9-643b59279ed9	86fa3a23034ac4d64733bd929ae4595285b3e5bc	129	2	18677.6	20.966	18677.7	20.8764	7361	28.581	unclassified	chr4	97753652	97761002	10	7361	-	7356	7345	7333	6	5	12	60	0.998641	0.998366	0.996873	0
PBE62146_skip_1f47e940_86fa3a23_25.pod5	3413cc08-3387-4874-a8be-eeedae6be754	86fa3a23034ac4d64733bd929ae4595285b3e5bc	1435	1	18665	32.8612	18665	32.8592	12364	10.9566	unclassified	chr22	24157358	24169803	37	12356	+	12746	12018	11444	301	427	574	60	0.99636	0.952238	0.89785	0
PBE62146_skip_1f47e940_86fa3a23_25.pod5	9ce20a4c-a34c-4ec2-9492-730e45b9ba3c	86fa3a23034ac4d64733bd929ae4595285b3e5bc	1296	2	18637.3	60.2228	18637.4	60.1224	25732	26.9465	unclassified	chr1	146720178	146745937	0	25732	-	25781	25710	25680	22	49	30	60	1	0.998833	0.996082	0
PBE62146_skip_1f47e940_86fa3a23_25.pod5	168967cc-2f3b-4f5e-8758-e5a9e7b36dda	86fa3a23034ac4d64733bd929ae4595285b3e5bc	383	4	18689.3	9.4616	18689.4	9.3912	3483	35.0127	unclassified	chr1	47896553	47900025	3	3476	+	3475	3470	3466	3	2	4	60	0.997129	0.998847	0.99741	0
PBE62146_skip_1f47e940_86fa3a23_25.pod5	fe2cbff8-82a0-4af1-b0f5-b7dc180d6099	86fa3a23034ac4d64733bd929ae4595285b3e5bc	1081	1	18682.1	16.3002	18682.1	16.2982	6612	8.03859	unclassified	chr17	33957219	33963960	28	6580	-	7024	6269	5708	283	472	561	60	0.990926	0.910512	0.812642	0
PBE62146_skip_1f47e940_86fa3a23_25.pod5	bc3407ee-bcb9-476f-ae7b-0dde253ca8f8	86fa3a23034ac4d64733bd929ae4595285b3e5bc	1423	3	18676.9	21.7196	18677.1	21.5652	7429	35.7018	unclassified	chr4	49092285	49100051	9	7412	-	8091	7078	6126	325	688	952	1	0.9965	0.865499	0.757138	0
PBE62146_skip_1f47e940_86fa3a23_25.pod5	1a7f5eb7-de57-4fe9-b627-9033f0b4985e	86fa3a23034ac4d64733bd929ae4595285b3e5bc	2055	3	18686.2	11.9984	18686.3	11.8692	6261	14.7101	unclassified	chr1	180982648	180988980	0	6251	+	6383	6200	6081	51	132	119	60	0.998403	0.980806	0.952687	0
PBE62146_skip_1f47e940_86fa3a23_25.pod5	f10edb76-cda7-4da4-9357-973c7a833dfb	86fa3a23034ac4d64733bd929ae4595285b3e5bc	432	4	18650.9	46.9412	18651	46.8084	18444	30.7939	unclassified	chr21	19491355	19509792	0	18434	+	18448	18423	18391	11	14	32	60	0.999458	0.998263	0.99691	0
PBE62146_skip_1f47e940_86fa3a23_25.pod5	cdb294bf-0d13-407e-a79e-5126d817dc64	86fa3a23034ac4d64733bd929ae4595285b3e5bc	815	4	18679.4	19.4092	18679.4	19.4072	6579	22.2176	unclassified	chr16	66948764	66955338	3	6554	-	6581	6544	6524	7	30	20	60	0.995744	0.996944	0.991339	0
PBE62146_skip_1f47e940_86fa3a23_25.pod5	82f4b3bb-27af-4f0a-8cac-6f46485a6823	86fa3a23034ac4d64733bd929ae4595285b3e5bc	1493	1	18672.6	25.526	18672.7	25.4076	10136	25.4869	unclassified	chr16	75901703	75911844	0	10126	+	10162	10105	10089	21	36	16	60	0.999013	0.998417	0.992816	0
PBE62146_skip_1f47e940_86fa3a23_25.pod5	36565f59-a352-46a5-976c-54be3a4f4042	86fa3a23034ac4d64733bd929ae4595285b3e5bc	1319	2	18666.4	31.7492	18666.6	31.6092	11405	24.2956	unclassified	chr22	44403813	44415221	6	11405	-	11426	11381	11351	18	27	30	60	0.999474	0.997364	0.993436	0
PBE62146_skip_1f47e940_86fa3a23_25.pod5	9097b86b-b931-457d-8270-b5c343d5bcd0	86fa3a23034ac4d64733bd929ae4595285b3e5bc	1086	4	18690.8	7.9124	18690.9	7.7988	3521	25.9045	unclassified	chr5	133296595	133300112	3	3521	-	3522	3513	3505	5	4	8	60	0.999148	0.997723	0.995173	0
PBE62146_skip_1f47e940_86fa3a23_25.pod5	15ae06c4-48d3-4148-8359-dbbaa82f4b00	86fa3a23034ac4d64733bd929ae4595285b3e5bc	390	1	18674.6	24.1088	18674.7	23.994	9386	31.3741	unclassified	chr13	84361776	84371155	2	9386	-	9388	9375	9371	9	4	4	60	0.999787	0.999573	0.998189	0
PBE62146_skip_1f47e940_86fa3a23_25.pod5	eccd4c6e-bf17-4b8c-8963-b012b4bcfe20	86fa3a23034ac4d64733bd929ae4595285b3e5bc	169	4	18687.9	11.1164	18688	10.986	3993	32.1503	unclassified	chr13	109851872	109855859	4	3993	-	3991	3985	3980	4	2	5	60	0.998998	0.998745	0.997244	0
PBE62146_skip_1f47e940_86fa3a23_25.pod5	37e9718c-4ef4-4bdc-a947-1cdae92eabab	86fa3a23034ac4d64733bd929ae4595285b3e5bc	2690	1	18680.4	17.9056	18680.4	17.9036	6855	29.0369	unclassified	chr9	2454307	2461133	35	6848	+	6829	6810	6800	3	16	10	60	0.993873	0.998532	0.995753	0
PBE62146_skip_1f47e940_86fa3a23_25.pod5	093307ff-5d09-4c74-a9c7-29ad04c1a308	86fa3a23034ac4d64733bd929ae4595285b3e5bc	596	2	18687.1	12.0056	18687.3	11.8728	4680	14.8301	unclassified	chr3	125766992	125771666	9	4678	-	4734	4609	4524	60	65	85	60	0.99765	0.981558	0.95564	0
PBE62146_skip_1f47e940_86fa3a23_25.pod5	532cb99c-4dd4-4469-82e4-316b20231a78	86fa3a23034ac4d64733bd929ae4595285b3e5bc	1404	1	18664.6	33.8456	18664.7	33.7824	13150	26.1924	unclassified	chr2	5925393	5938553	8	13150	-	13169	13133	13101	9	27	32	60	0.999392	0.997563	0.994836	0
PBE62146_skip_1f47e940_86fa3a23_25.pod5	67f2eadc-32fe-40a1-b6c1-6df50b135a7a	86fa3a23034ac4d64733bd929ae4595285b3e5bc	18	2	18677.1	21.8974	18677.1	21.8954	6808	7.70946	unclassified	chr17	73887014	73893682	23	6765	-	7095	6315	5799	427	353	516	60	0.990306	0.91829	0.817336	0
PBE62146_skip_1f47e940_86fa3a23_25.pod5	b23f2ca2-b583-4ca7-84c3-71fdeae8caf2	86fa3a23034ac4d64733bd929ae4595285b3e5bc	1833	1	18688.6	10.196	18688.7	10.05	4285	29.138	unclassified	chr3	143231717	143235988	0	4276	+	4278	4269	4252	7	2	17	60	0.9979	0.996018	0.993922	0
PBE62146_skip_1f47e940_86fa3a23_25.pod5	5c07ee8a-2203-41bc-885c-8ba5c6bffb58	86fa3a23034ac4d64733bd929ae4595285b3e5bc	993	1	18672	26.7624	18672	26.7604	10165	31.4301	unclassified	chr18	9553298	9563438	0	10137	-	10155	10122	10105	15	18	17	60	0.997245	0.99832	0.995076	0
PBE62146_skip_1f47e940_86fa3a23_25.pod5	42ddc8ed-f831-4647-aa59-f6be6833f687	86fa3a23034ac4d64733bd929ae4595285b3e5bc	778	4	18681.6	17.5712	18681.7	17.4528	6983	32.8181	unclassified	chr18	14073396	14080379	6	6983	-	6989	6971	6948	6	12	23	60	0.999141	0.996701	0.994134	0
PBE62146_skip_1f47e940_86fa3a23_25.pod5	bfa50f2c-48f9-4080-af66-0e1b6d8c45b3	86fa3a23034ac4d64733bd929ae4595285b3e5bc	2322	1	18658.9	39.5516	18659	39.4332	14344	22.5191	unclassified	chr6	2465922	2480348	7	14344	-	14459	14304	14258	33	122	46	60	0.999512	0.996784	0.986099	0
PBE62146_skip_1f47e940_86fa3a23_25.pod5	d7132a4e-598e-49bd-b909-752a31b1daad	86fa3a23034ac4d64733bd929ae4595285b3e5bc	1694	2	18661.5	36.5804	18661.6	36.4464	14662	29.3258	unclassified	chr6	85202082	85216754	0	14662	-	14692	14642	14482	20	30	160	60	1	0.989073	0.985707	0
PBE62146_skip_1f47e940_86fa3a23_25.pod5	b6bca3a1-dd2a-40fd-bc36-28361ec9c3b6	86fa3a23034ac4d64733bd929ae4595285b3e5bc	2236	4	18641.6	56.1504	18641.6	56.1484	23609	29.2657	unclassified	chr9	81700729	81721323	26	18064	+	20627	18005	17986	33	2589	19	60	0.764031	0.998945	0.871964	0
PBE62146_skip_1f47e940_86fa3a23_25.pod5	4108cf1c-4689-4437-be99-1caed67a4d95	86fa3a23034ac4d64733bd929ae4595285b3e5bc	2102	1	18679	18.7604	18679	18.7584	5324	11.441	unclassified	chr2	66761159	66766370	44	5320	+	5416	5071	4847	205	140	224	60	0.990984	0.955827	0.894941	0
PBE62146_skip_1f47e940_86fa3a23_25.pod5	c3af4a01-9d9c-47e0-8a7b-bd05a3306ece	86fa3a23034ac4d64733bd929ae4595285b3e5bc	1094	3	18681.1	17.8558	18681.1	17.8538	7288	11.6258	unclassified	chr7	36746376	36753637	11	7254	-	7443	7061	6817	182	200	244	60	0.993825	0.965444	0.915894	0
PBE62146_skip_1f47e940_86fa3a23_25.pod5	2c1d9f7d-546c-411e-8d31-fd2c98175002	86fa3a23034ac4d64733bd929ae4595285b3e5bc	2225	2	18694.2	5.0768	18694.3	4.9536	2142	10.0415	unclassified	chr15	53424780	53426953	0	2139	-	2236	2076	1923	63	97	153	60	0.998599	0.926301	0.860018	0
PBE62146_skip_1f47e940_86fa3a23_25.pod5	056fce14-c7a9-4f37-9e3d-6d535a17756e	86fa3a23034ac4d64733bd929ae4595285b3e5bc	1982	2	18680.9	18.027	18680.9	18.025	8514	26.3508	unclassified	chr8	55612076	55620542	9	8475	-	8483	8449	8421	17	17	28	60	0.994362	0.996686	0.992691	0
PBE62146_skip_1f47e940_86fa3a23_25.pod5	fb9be1bd-df62-479d-8657-56d6c83f2a53	86fa3a23034ac4d64733bd929ae4595285b3e5bc	2581	2	18679.5	19.6916	18679.6	19.5264	7458	31.2188	unclassified	chr18	69408274	69415724	8	7458	-	7451	7449	7447	1	1	2	60	0.998927	0.999731	0.999463	0
PBE62146_skip_1f47e940_86fa3a23_25.pod5	3dbc73b3-5ff9-4e0e-83d9-c5b161756d63	86fa3a23034ac4d64733bd929ae4595285b3e5bc	534	4	18695.8	3.746	18695.8	3.6564	1547	32.9194	unclassified	chr3	64509595	64511131	6	1547	-	1541	1536	1532	5	0	4	60	0.996122	0.997396	0.99416	0
PBE62146_skip_1f47e940_86fa3a23_25.pod5	442f5f26-2336-4557-8bbb-d7deae16225a	86fa3a23034ac4d64733bd929ae4595285b3e5bc	1052	4	18696.2	3.302	18696.3	3.1908	1116	25.7821	unclassified	chr3	155405860	155406973	6	1116	-	1114	1109	1109	1	4	0	60	0.994624	1	0.995512	0
PBE62146_skip_1f47e940_86fa3a23_25.pod5	5bfc56d2-8f6e-4ac3-9f07-eb6ec024149e	86fa3a23034ac4d64733bd929ae4595285b3e5bc	2586	4	18690.3	8.7488	18690.5	8.5896	3423	34.5649	unclassified	chr1	143214428	143217866	0	3416	+	3439	3415	3346	1	23	69	15	0.997955	0.979795	0.972957	0
PBE62146_skip_1f47e940_86fa3a23_25.pod5	73e46e84-9fba-4869-bc87-b128fbd49111	86fa3a23034ac4d64733bd929ae4595285b3e5bc	1180	1	18696.2	3.2432	18696.4	3.0936	1276	29.5052	unclassified	chr7	138486919	138488191	0	1272	+	1272	1272	1269	0	0	3	60	0.996865	0.997642	0.997642	0
PBE62146_skip_1f47e940_86fa3a23_25.pod5	5ae79032-2d54-4de8-b723-2f92a2e63748	86fa3a23034ac4d64733bd929ae4595285b3e5bc	2962	1	18686.1	13.0712	18686.2	12.9048	5409	28.3192	unclassified	chr1	159378743	159384145	5	5409	-	5407	5399	5395	5	3	4	60	0.999076	0.999259	0.997781	0
PBE62146_skip_1f47e940_86fa3a23_25.pod5	94be0749-6f3d-4bcb-ba22-c1d78c5215ee	86fa3a23034ac4d64733bd929ae4595285b3e5bc	347	4	18685.7	13.8094	18685.7	13.8074	4722	27.3115	unclassified	chr12	102097331	102102012	6	4686	-	4683	4678	4675	2	3	3	60	0.991105	0.999359	0.998292	0
PBE62146_skip_1f47e940_86fa3a23_25.pod5	82baed4b-6420-4b8b-862c-48547dfaf44c	86fa3a23034ac4d64733bd929ae4595285b3e5bc	1925	1	18673.7	25.6672	18673.7	25.6652	9800	33.1695	unclassified	chr9	100523217	100532979	7	9764	-	9764	9755	9752	2	7	3	60	0.995612	0.999692	0.998771	0
PBE62146_skip_1f47e940_86fa3a23_25.pod5	947134c6-9406-4c75-bd4a-1b4d7c2d79af	86fa3a23034ac4d64733bd929ae4595285b3e5bc	2415	1	18684.7	14.7644	18684.8	14.6724	6314	28.4707	unclassified	chr1	205644662	205650986	5	6314	-	6329	6304	6294	5	20	10	60	0.999208	0.998414	0.99447	0
PBE62146_skip_1f47e940_86fa3a23_25.pod5	bc74ffca-0102-4891-b3e4-f54bf8be83da	86fa3a23034ac4d64733bd929ae4595285b3e5bc	2230	4	18686.5	12.615	18686.5	12.613	5765	22.3076	unclassified	chr18	23130553	23136307	5	5731	-	5767	5713	5689	13	41	24	60	0.993235	0.995799	0.986475	0
PBE62146_skip_1f47e940_86fa3a23_25.pod5	44cc64b1-0ac7-45bd-8575-eaa6f3948087	86fa3a23034ac4d64733bd929ae4595285b3e5bc	1649	2	18689.9	9.4616	18690	9.36	3989	36.8218	unclassified	chr1	123430618	123434583	5	3974	-	3970	3964	3745	5	1	219	1	0.994986	0.944753	0.943325	0
PBE62146_skip_1f47e940_86fa3a23_25.pod5	d2b0f47a-649a-4766-9eaf-8f4cf4356835	86fa3a23034ac4d64733bd929ae4595285b3e5bc	1060	1	18682.9	16.6688	18683	16.5528	6288	34.8199	unclassified	chr16	82477504	82483783	8	6288	-	6281	6278	6269	2	1	9	60	0.998728	0.998566	0.998089	0
PBE62146_skip_1f47e940_86fa3a23_25.pod5	6ecec970-9711-4242-8ce0-d1bea3607a22	86fa3a23034ac4d64733bd929ae4595285b3e5bc	2038	4	18693.3	6.507	18693.3	6.505	1605	11.8263	unclassified	chr2	100896294	100897904	30	1605	+	1632	1553	1502	22	57	51	60	0.981308	0.96716	0.920343	0
PBE62146_skip_1f47e940_86fa3a23_25.pod5	387068bd-2470-473b-afd1-f4d07fede0f7	86fa3a23034ac4d64733bd929ae4595285b3e5bc	1328	2	18670	29.0348	18670.2	28.8852	9693	21.1543	unclassified	chr3	198094981	198103968	0	9685	+	9712	8960	8868	725	27	92	60	0.999175	0.989732	0.913097	0
PBE62146_skip_1f47e940_86fa3a23_25.pod5	d54cdea9-3615-41ed-b29e-1f8b7954dad0	86fa3a23034ac4d64733bd929ae4595285b3e5bc	1638	1	18669.1	29.876	18669.3	29.6496	9854	32.5722	unclassified	chr1	205546637	205556486	5	9854	-	9892	9806	9779	43	43	27	60	0.999493	0.997247	0.988577	0
PBE62146_skip_1f47e940_86fa3a23_25.pod5	8c6ea906-5c7e-4d3a-8293-5ea0eb5f9dd9	86fa3a23034ac4d64733bd929ae4595285b3e5bc	2537	4	18694.5	4.91	18694.6	4.7988	1614	36.3847	unclassified	chr4	96307898	96309507	6	1614	-	1609	1608	1606	0	1	2	60	0.996283	0.998756	0.998136	0
PBE62146_skip_1f47e940_86fa3a23_25.pod5	e121cd5b-33fd-48f8-a2de-df2e3321711e	86fa3a23034ac4d64733bd929ae4595285b3e5bc	2121	2	18687.2	11.5592	18687.4	11.382	4664	30.1687	unclassified	chr6	50779902	50784565	0	4664	-	4665	4662	4658	2	1	4	60	1	0.999142	0.998499	0
PBE62146_skip_1f47e940_86fa3a23_25.pod5	19dbf3e0-af30-4b92-85a1-13f653968908	86fa3a23034ac4d64733bd929ae4595285b3e5bc	1338	4	18675	23.8436	18675.1	23.7228	10280	24.37	unclassified	chr17	9057010	9067292	6	10280	-	10302	10254	10217	20	28	37	60	0.999416	0.996392	0.991749	0
PBE62146_skip_1f47e940_86fa3a23_25.pod5	204093e2-c2e4-442e-8b29-3a185efcb8f5	86fa3a23034ac4d64733bd929ae4595285b3e5bc	2030	4	18688.4	10.6216	18688.4	10.6196	4525	27.8436	unclassified	chr7	71008093	71012573	0	4503	-	4506	4477	4463	26	3	14	60	0.995138	0.996873	0.990457	0
PBE62146_skip_1f47e940_86fa3a23_25.pod5	f5caff92-2847-4f93-9f4e-bf81c7e3ec9e	86fa3a23034ac4d64733bd929ae4595285b3e5bc	1144	3	18696.4	3.5774	18696.4	3.5754	1436	25.6426	unclassified	chr17	38822400	38823809	0	1406	-	1412	1403	1401	3	6	2	60	0.979109	0.998574	0.99221	0
PBE62146_skip_1f47e940_86fa3a23_25.pod5	4463753f-91c6-44e6-971b-eb656958832b	86fa3a23034ac4d64733bd929ae4595285b3e5bc	931	4	18694.6	5.4584	18694.7	5.3016	1636	27.0732	unclassified	chr5	168597676	168599309	0	1631	+	1633	1631	1628	0	2	3	60	0.996944	0.998161	0.996938	0
PBE62146_skip_1f47e940_86fa3a23_25.pod5	21b120f1-3dff-4d9f-98f3-9d96a53a0b50	86fa3a23034ac4d64733bd929ae4595285b3e5bc	1672	2	18692.1	7.934	18692.2	7.83	3819	27.1655	unclassified	chr4	92615112	92618931	0	3812	+	3820	3811	3810	1	8	1	60	0.998167	0.999738	0.997382	0
PBE62146_skip_1f47e940_86fa3a23_25.pod5	08552b9a-13ba-4b49-a9e3-64976be972f3	86fa3a23034ac4d64733bd929ae4595285b3e5bc	409	4	18681.5	18.3848	18681.6	18.2352	7499	28.3939	unclassified	chr6	25752683	25760184	0	7499	+	7510	7490	7472	9	11	18	60	1	0.997597	0.99494	0
PBE62146_skip_1f47e940_86fa3a23_25.pod5	1c6a2bdd-6b1e-4189-ae60-64473bb3c1a4	86fa3a23034ac4d64733bd929ae4595285b3e5bc	2932	2	18688	11.87	18688.1	11.6952	3725	30.5948	unclassified	chr10	23394739	23398454	0	3717	+	3718	3714	3706	3	1	8	60	0.997852	0.997846	0.996772	0
PBE62146_skip_1f47e940_86fa3a23_25.pod5	78fddfb7-b366-40eb-bb6e-32d66b9db5ed	86fa3a23034ac4d64733bd929ae4595285b3e5bc	2239	3	18687.8	12.143	18687.8	12.141	6581	12.521	unclassified	chr19	34432842	34439548	34	6581	+	6804	6449	6221	98	257	228	60	0.994834	0.964646	0.914315	0
PBE62146_skip_1f47e940_86fa3a23_25.pod5	9d11a510-30f6-4bb7-83ae-623a22dd98c8	86fa3a23034ac4d64733bd929ae4595285b3e5bc	1689	4	18691	8.9948	18691.1	8.9004	4290	11.7164	unclassified	chr20	4590806	4595153	0	4284	+	4427	4204	4029	80	143	175	60	0.998601	0.958373	0.910097	0
PBE62146_skip_1f47e940_86fa3a23_25.pod5	8dc4f82b-f763-4fc2-aa79-6e4b03f039f6	86fa3a23034ac4d64733bd929ae4595285b3e5bc	2309	3	18662.3	37.3326	18662.3	37.3306	10999	7.92054	unclassified	chr12	93188045	93199444	38	10999	+	11805	10555	9672	406	844	883	60	0.996545	0.916343	0.819314	0
PBE62146_skip_1f47e940_86fa3a23_25.pod5	7ecd586b-2512-4c6c-b6f9-f2f7849ac86b	86fa3a23034ac4d64733bd929ae4595285b3e5bc	722	2	18690.6	9.8606	18690.6	9.8586	2139	2.81379	unclassified	*	-1	-1	-1	-1	*	0	0	0	0	0	0	0	0	0	0	0
PBE62146_skip_1f47e940_86fa3a23_25.pod5	f0837d3e-6ea1-4f18-9cab-531d21d82083	86fa3a23034ac4d64733bd929ae4595285b3e5bc	525	3	18688.9	11.5344	18688.9	11.5324	4713	31.9227	unclassified	chr6	122114559	122119245	34	4713	+	4690	4675	4669	4	11	6	60	0.992786	0.998717	0.995522	0
PBE62146_skip_1f47e940_86fa3a23_25.pod5	f4ad0fd7-ba2d-491b-8496-88f611d7936f	86fa3a23034ac4d64733bd929ae4595285b3e5bc	664	3	18686.8	13.5104	18686.9	13.3896	5929	25.3709	unclassified	chr7	148452713	148458628	0	5925	+	5931	5909	5879	16	6	30	60	0.999325	0.994923	0.991233	0
PBE62146_skip_1f47e940_86fa3a23_25.pod5	6d85a48a-e7c0-4875-9d37-ed63aa1c4a15	86fa3a23034ac4d64733bd929ae4595285b3e5bc	2670	1	18678.4	21.4376	18678.5	21.348	8450	31.6529	unclassified	chr12	58099398	58107843	0	8443	+	8450	8438	8433	5	7	5	60	0.999172	0.999407	0.997988	0
PBE62146_skip_1f47e940_86fa3a23_25.pod5	610bd66c-774f-4a22-b0cb-3ea76f7255d1	86fa3a23034ac4d64733bd929ae4595285b3e5bc	2937	1	18658.8	40.6556	18658.9	40.5444	17915	29.0546	unclassified	chr3	177168839	177186740	0	17909	+	17937	17873	17828	36	28	45	60	0.999665	0.997482	0.993923	0
PBE62146_skip_1f47e940_86fa3a23_25.pod5	09dd5b3d-5d4f-4405-aa51-e6c5927623bd	86fa3a23034ac4d64733bd929ae4595285b3e5bc	1078	4	18689.8	10.4528	18690	10.2888	3859	29.6692	unclassified	chr5	66075855	66079709	0	3852	+	3855	3851	3849	1	3	2	60	0.998186	0.999481	0.998444	0
PBE62146_skip_1f47e940_86fa3a23_25.pod5	77bb1eeb-0692-4d7e-85a8-73dabcfc67a7	86fa3a23034ac4d64733bd929ae4595285b3e5bc	1368	1	18674.7	25.2608	18674.7	25.2588	10692	13.361	unclassified	chrX	87114818	87125473	11	10654	-	10824	10474	10149	169	181	325	60	0.995417	0.968971	0.937639	0
PBE62146_skip_1f47e940_86fa3a23_25.pod5	b379aae7-3295-4395-a62f-ab235829531b	86fa3a23034ac4d64733bd929ae4595285b3e5bc	700	4	18682.9	17.4388	18682.9	17.4368	7184	27.9673	unclassified	chrX	6313485	6320637	6	7152	-	7164	7134	7122	12	18	12	60	0.99471	0.998318	0.994137	0
PBE62146_skip_1f47e940_86fa3a23_25.pod5	5df18adb-8cc5-4ee5-a8cc-3f8560ccb415	86fa3a23034ac4d64733bd929ae4595285b3e5bc	1365	1	18673.5	26.642	18673.7	26.5044	9564	31.5118	unclassified	chr9	99544844	99554409	0	9564	+	9568	9561	9560	3	4	1	60	1	0.999895	0.999164	0
PBE62146_skip_1f47e940_86fa3a23_25.pod5	cb7e3e5a-c187-48e8-ad12-bff6ff8f8dc1	86fa3a23034ac4d64733bd929ae4595285b3e5bc	2203	4	18645.3	53.834	18645.5	53.67	20317	27.4754	unclassified	chrX	4880312	4900622	6	20317	-	20331	20290	20269	21	20	21	60	0.999705	0.998965	0.99695	0
PBE62146_skip_1f47e940_86fa3a23_25.pod5	df4802de-c7d4-45c8-91b8-fe5e5a3933a3	86fa3a23034ac4d64733bd929ae4595285b3e5bc	1544	1	18692	8.4644	18692.1	8.3412	3621	25.8837	unclassified	chr1	175005038	175008649	0	3615	+	3615	3611	3606	4	0	5	60	0.998343	0.998615	0.99751	0
PBE62146_skip_1f47e940_86fa3a23_25.pod5	217249ff-6ae6-44a2-8513-82ed4748306a	86fa3a23034ac4d64733bd929ae4595285b3e5bc	2585	4	18687.1	12.9836	18687.1	12.9156	4489	27.2124	unclassified	chr16	76164611	76169120	0	4481	+	4510	4480	4472	1	29	8	60	0.998218	0.998214	0.991574	0
PBE62146_skip_1f47e940_86fa3a23_25.pod5	4d778f8e-9e55-41de-a4d3-9d0e75f8b844	86fa3a23034ac4d64733bd929ae4595285b3e5bc	2637	2	18680.2	18.6068	18680.3	18.4788	7621	25.8913	unclassified	chr12	93940524	93948143	0	7614	+	7623	7610	7593	4	9	17	60	0.999081	0.997766	0.996065	0
PBE62146_skip_1f47e940_86fa3a23_25.pod5	8a582035-25b9-4d4a-b44c-bba2567aa524	86fa3a23034ac4d64733bd929ae4595285b3e5bc	1954	1	18685.9	13.1758	18685.9	13.1738	5103	30.4354	unclassified	chr10	115524707	115529024	788	5094	+	4325	4298	4292	8	19	6	60	0.843817	0.998604	0.99237	0
PBE62146_skip_1f47e940_86fa3a23_25.pod5	5814f3dc-0199-4d81-91d7-0ec9bb22dc34	86fa3a23034ac4d64733bd929ae4595285b3e5bc	285	4	18645.9	52.8368	18646	52.7352	21910	25.8994	unclassified	chr5	175568007	175579442	0	11402	+	11447	11390	11368	12	45	22	60	0.520402	0.998068	0.993099	0
PBE62146_skip_1f47e940_86fa3a23_25.pod5	08f55e55-f4ae-468d-b467-8bed3862e5a2	86fa3a23034ac4d64733bd929ae4595285b3e5bc	313	4	18657.1	41.712	18657.1	41.71	15372	7.60962	unclassified	chr2	230027434	230034263	8756	15345	-	7019	6399	5815	190	430	584	50	0.428636	0.908736	0.828466	0
PBE62146_skip_1f47e940_86fa3a23_25.pod5	d368ac23-f1cb-443d-a80f-3857de7765c9	86fa3a23034ac4d64733bd929ae4595285b3e5bc	2399	1	18639.1	59.1728	18639.2	59.0676	25841	11.8124	unclassified	chr8	123511461	123537730	6	25840	-	26771	25332	24396	502	937	936	60	0.999729	0.963051	0.911285	0
PBE62146_skip_1f47e940_86fa3a23_25.pod5	2235146d-d12f-4c3b-a71d-6a088c84976f	86fa3a23034ac4d64733bd929ae4595285b3e5bc	568	2	18696.2	3.9248	18696.4	3.7464	730	24.6438	unclassified	chr18	3665062	3665789	0	726	+	727	726	725	0	1	1	60	0.994521	0.998623	0.997249	0
PBE62146_skip_1f47e940_86fa3a23_25.pod5	90c771fb-2d3a-4650-ab9d-b5f66cad9df2	86fa3a23034ac4d64733bd929ae4595285b3e5bc	2699	4	18674.7	14.3384	18674.7	14.3364	6017	24.8232	unclassified	chr5	118436986	118442997	0	5979	-	6020	5970	5957	9	41	13	60	0.993685	0.997822	0.989535	0
PBE62146_skip_1f47e940_86fa3a23_25.pod5	599dd630-79a6-4be5-9580-eb7e300a6e5f	86fa3a23034ac4d64733bd929ae4595285b3e5bc	2615	2	18684.7	15.2442	18684.7	15.2422	5402	11.4475	unclassified	chr11	120547646	120553081	37	5383	+	5559	5222	5003	124	213	219	60	0.989633	0.958062	0.899982	0
PBE62146_skip_1f47e940_86fa3a23_25.pod5	eb5e2013-4fba-41d3-9526-bcdd1642a8ec	86fa3a23034ac4d64733bd929ae4595285b3e5bc	2600	3	18679.5	20.6504	18679.6	20.5296	8867	33.9344	unclassified	chr13	84918305	84927172	7	8867	-	8867	8860	8850	0	7	10	60	0.999211	0.998871	0.998083	0
PBE62146_skip_1f47e940_86fa3a23_25.pod5	bbcc526a-de2a-4a23-bc34-c1e60a8ec05d	86fa3a23034ac4d64733bd929ae4595285b3e5bc	1152	3	18679.6	20.7248	18679.6	20.7228	10191	19.9341	unclassified	chr11	112816164	112826317	41	10180	+	10198	10094	10044	45	59	50	60	0.994897	0.995047	0.984899	0
PBE62146_skip_1f47e940_86fa3a23_25.pod5	d6f2e7b3-084c-4c8f-bbdc-8d63873d7acf	86fa3a23034ac4d64733bd929ae4595285b3e5bc	2648	3	18659.5	39.848	18659.6	39.7632	18460	24.4714	unclassified	chr16	34161317	34184220	0	18460	-	22971	18392	17266	68	4511	1126	44	1	0.938778	0.751643	0
PBE62146_skip_1f47e940_86fa3a23_25.pod5	06bb8ba6-e239-4968-be88-4d624254c073	86fa3a23034ac4d64733bd929ae4595285b3e5bc	305	4	18668.7	31.6336	18668.7	31.6316	10541	20.9088	unclassified	chr3	105675749	105686287	8	10509	-	10568	10471	10418	30	67	53	60	0.996205	0.994938	0.985806	0
PBE62146_skip_1f47e940_86fa3a23_25.pod5	dd5a81b5-dbf9-4e94-8e74-d172edd6b677	86fa3a23034ac4d64733bd929ae4595285b3e5bc	1862	1	18688.8	10.1732	18688.9	10.038	4323	25.5824	unclassified	chr3	120198666	120202960	0	4317	+	4318	4293	4273	24	1	20	60	0.998612	0.995341	0.989578	0
PBE62146_skip_1f47e940_86fa3a23_25.pod5	4d734348-f85a-47d6-adc9-59ba4d04898e	86fa3a23034ac4d64733bd929ae4595285b3e5bc	1464	3	18669.6	29.4104	18669.8	29.2584	8352	25.6731	unclassified	chr2	97710968	97719314	8	8352	-	8356	8334	8309	10	12	25	60	0.999042	0.997	0.994375	0
PBE62146_skip_1f47e940_86fa3a23_25.pod5	b06b375d-3621-48fc-99ca-38683f9fbce6	86fa3a23034ac4d64733bd929ae4595285b3e5bc	932	4	18671	28.112	18671	28.11	11367	10.8526	unclassified	chrX	87990604	88002119	10	11323	-	11786	11042	10523	271	473	519	60	0.995249	0.952998	0.892839	0
PBE62146_skip_1f47e940_86fa3a23_25.pod5	8711c751-131b-440c-ae94-f08556b86f92	86fa3a23034ac4d64733bd929ae4595285b3e5bc	2718	1	18634.3	64.1792	18634.4	64.0608	26637	28.3782	unclassified	chr1	235636684	235663306	0	26631	+	26695	26558	26515	73	64	43	60	0.999775	0.998381	0.993257	0
PBE62146_skip_1f47e940_86fa3a23_25.pod5	494db6b8-a6e2-4a59-a98b-bdf08f934b8d	86fa3a23034ac4d64733bd929ae4595285b3e5bc	2696	4	18599	98.846	18599.2	98.652	28421	33.0564	unclassified	chr6	101632928	101661341	0	28415	+	28425	28403	28390	12	10	13	60	0.999789	0.999542	0.998769	0
PBE62146_skip_1f47e940_86fa3a23_25.pod5	27138387-bb9b-47a6-99e5-a08cb0191c92	86fa3a23034ac4d64733bd929ae4595285b3e5bc	903	3	18650.5	47.864	18650.6	47.7888	26714	23.6969	unclassified	chrX	133659828	133686572	0	26714	+	26795	26663	26604	51	81	59	60	1	0.997787	0.992872	0
PBE62146_skip_1f47e940_86fa3a23_25.pod5	44ef76a6-779c-4b31-96de-fe4faa3d8fd1	86fa3a23034ac4d64733bd929ae4595285b3e5bc	2676	2	18642.6	56.6732	18642.8	56.5308	23475	27.5777	unclassified	chr3	110169397	110192883	0	23475	-	23504	23457	23433	18	29	24	60	1	0.998977	0.996979	0
PBE62146_skip_1f47e940_86fa3a23_25.pod5	06d4a9a5-d63c-440c-af38-c2dadb5c9715	86fa3a23034ac4d64733bd929ae4595285b3e5bc	1648	3	18686.8	12.7316	18686.9	12.606	5440	24.8906	unclassified	chr9	86331274	86336721	10	5440	-	5449	5428	5424	2	19	4	60	0.998162	0.999263	0.995412	0
PBE62146_skip_1f47e940_86fa3a23_25.pod5	441e865f-3bb7-4bb5-9024-8d3cb4946814	86fa3a23034ac4d64733bd929ae4595285b3e5bc	2160	2	18679.7	19.7068	18679.7	19.7048	8312	29.615	unclassified	chr22	25954912	25963179	5	8272	-	8275	8259	8254	8	8	5	60	0.994586	0.999395	0.997462	0
PBE62146_skip_1f47e940_86fa3a23_25.pod5	e99de05c-a86f-41da-bbe1-83cc432231c6	86fa3a23034ac4d64733bd929ae4595285b3e5bc	449	4	18642.3	56.8832	18642.4	56.8008	22840	29.0272	unclassified	chr5	109432879	109455719	10	22839	-	22864	22805	22749	24	35	56	60	0.999518	0.997544	0.99497	0
PBE62146_skip_1f47e940_86fa3a23_25.pod5	10eefa48-fff1-4653-96eb-6f86f3ca4122	86fa3a23034ac4d64733bd929ae4595285b3e5bc	2435	3	18679.5	19.8008	18679.6	19.6536	7932	31.6389	unclassified	chr5	37102043	37109968	7	7932	-	7928	7922	7922	3	3	0	60	0.999117	1	0.999243	0
PBE62146_skip_1f47e940_86fa3a23_25.pod5	dbe2e3fa-51c9-4d38-98e5-a6b98f88ef9b	86fa3a23034ac4d64733bd929ae4595285b3e5bc	2576	1	18684.3	7.2384	18684.3	7.2384	3158	13.0857	unclassified	chr7	4726487	4729639	7	3125	-	3207	3063	2979	55	89	84	60	0.987334	0.972576	0.928906	0
PBE62146_skip_1f47e940_86fa3a23_25.pod5	01a95ad2-fb7b-43c0-b791-8b8982d9b910	86fa3a23034ac4d64733bd929ae4595285b3e5bc	792	2	18578.4	118.783	18578.4	118.781	52607	12.4301	unclassified	chr10	98632167	98685113	5	52541	-	53880	51602	49916	934	1344	1686	60	0.99865	0.967327	0.926429	0
PBE62146_skip_1f47e940_86fa3a23_25.pod5	5e0ebc71-5a0f-45ba-9f54-5c2e361c2e8e	86fa3a23034ac4d64733bd929ae4595285b3e5bc	1430	4	18680.4	19.8186	18680.4	19.8166	8425	14.0011	unclassified	chr15	21916152	21924614	39	8420	+	8556	8287	8099	94	175	188	37	0.994777	0.977314	0.946587	0
PBE62146_skip_1f47e940_86fa3a23_25.pod5	87792660-3440-45ed-b05b-59cfcdfa18e6	86fa3a23034ac4d64733bd929ae4595285b3e5bc	577	2	18692.1	8.6504	18692.2	8.5488	3674	25.2356	unclassified	chr6	58072077	58075750	6	3674	-	3679	3662	3656	6	11	6	60	0.998367	0.998362	0.993748	0
PBE62146_skip_1f47e940_86fa3a23_25.pod5	83bee7e1-b318-43c0-9f19-7c7e6e658fdd	86fa3a23034ac4d64733bd929ae4595285b3e5bc	1162	3	18680.5	19.945	18680.5	19.943	7411	12.223	unclassified	chr16	7648685	7655490	28	7400	+	7559	6618	6394	754	187	224	60	0.994738	0.966153	0.845879	0
PBE62146_skip_1f47e940_86fa3a23_25.pod5	6aef1b31-bf93-4083-874a-0a21d4042edd	86fa3a23034ac4d64733bd929ae4595285b3e5bc	1433	4	18676.1	24.1868	18676.2	24.09	9900	31.6334	unclassified	chr3	190966987	190976888	0	9894	+	9905	9890	9862	4	11	28	60	0.999394	0.997169	0.995659	0
PBE62146_skip_1f47e940_86fa3a23_25.pod5	e3d8e031-7871-4b0b-8717-ce5f87a9d0d5	86fa3a23034ac4d64733bd929ae4595285b3e5bc	762	3	18691.6	8.8568	18691.7	8.7576	2859	28.4136	unclassified	chr10	133682972	133685864	8	2841	-	2894	2831	2514	2	61	317	0	0.990906	0.888025	0.868694	0
PBE62146_skip_1f47e940_86fa3a23_25.pod5	16165355-cca4-4db3-a345-eef9f0d87d3f	86fa3a23034ac4d64733bd929ae4595285b3e5bc	2029	4	18689.9	10.2356	18690.1	10.1268	3880	29.018	unclassified	chr17	41752892	41756765	6	3880	-	3876	3871	3867	3	2	4	60	0.998454	0.998967	0.997678	0
PBE62146_skip_1f47e940_86fa3a23_25.pod5	c406ec78-29a4-4f62-af23-195011355a99	86fa3a23034ac4d64733bd929ae4595285b3e5bc	865	2	18682.7	7.7084	18682.8	7.5684	2544	25.1488	unclassified	chr6	146258235	146260783	0	2544	+	2549	2543	2539	1	5	4	60	1	0.998427	0.996077	0
PBE62146_skip_1f47e940_86fa3a23_25.pod5	55d5a5c4-212e-4182-bf04-1d313d640d35	86fa3a23034ac4d64733bd929ae4595285b3e5bc	2576	1	18691.6	7.301	18691.6	7.301	3025	11.1855	unclassified	chr7	4726486	4729597	27	2994	+	3188	2890	2756	77	221	134	60	0.980826	0.953633	0.864492	0
PBE62146_skip_1f47e940_86fa3a23_25.pod5	1558bf88-68a5-4fc0-a39f-549d57d50ba8	86fa3a23034ac4d64733bd929ae4595285b3e5bc	2834	3	18687.6	12.3272	18687.8	12.1524	3167	17.6963	unclassified	chr16	33715068	33718234	5	3166	-	3180	3147	3122	14	19	25	60	0.998105	0.992056	0.981761	0
PBE62146_skip_1f47e940_86fa3a23_25.pod5	13c14454-ab07-4f60-a992-999fcbba4b87	86fa3a23034ac4d64733bd929ae4595285b3e5bc	2882	3	18697.7	2.6024	18697.8	2.5008	1035	35.4061	unclassified	chr9	123281753	123282781	0	1028	+	1028	1028	1027	0	0	1	60	0.993237	0.999027	0.999027	0
PBE62146_skip_1f47e940_86fa3a23_25.pod5	c35e9907-0f36-425f-9074-2b0d22ee0237	86fa3a23034ac4d64733bd929ae4595285b3e5bc	2728	2	18676.6	23.3036	18676.8	23.178	9249	25.6352	unclassified	chr2	121928059	121937295	0	9242	+	9257	9221	9203	21	15	18	60	0.999243	0.998048	0.994167	0
PBE62146_skip_1f47e940_86fa3a23_25.pod5	0de5f946-277a-49b9-a8e6-a418739009aa	86fa3a23034ac4d64733bd929ae4595285b3e5bc	150	1	18657.4	42.5138	18657.4	42.5118	20614	24.1999	unclassified	chr1	7508835	7527930	10	20607	+	20655	19037	18995	1560	58	42	60	0.999175	0.997794	0.919632	0
PBE62146_skip_1f47e940_86fa3a23_25.pod5	01d0bd1a-c8be-46f3-a6c5-baa658dc4f58	86fa3a23034ac4d64733bd929ae4595285b3e5bc	1986	4	18698.5	2.222	18698.7	2.0988	778	38.3928	unclassified	chr6	81983516	81984289	0	773	+	773	773	772	0	0	1	60	0.993573	0.998706	0.998706	0
PBE62146_skip_1f47e940_86fa3a23_25.pod5	e9f59a1f-af2a-4974-a1c4-4e4d623a87a8	86fa3a23034ac4d64733bd929ae4595285b3e5bc	2199	2	18689.7	10.6172	18689.9	10.4748	4299	28.7052	unclassified	chr13	60815680	60819957	5	4299	-	4296	4275	4266	19	2	9	60	0.998837	0.997895	0.993017	0
PBE62146_skip_1f47e940_86fa3a23_25.pod5	071f5033-24c5-42ae-b4cb-2f164f432615	86fa3a23034ac4d64733bd929ae4595285b3e5bc	66	4	18687.4	13.2212	18687.5	13.1064	8159	23.2524	unclassified	chr11	47228899	47237067	6	8159	-	8188	8133	8110	20	35	23	60	0.999265	0.997172	0.990474	0
PBE62146_skip_1f47e940_86fa3a23_25.pod5	9389ccad-efe1-4c70-afa1-132472eb4d2e	86fa3a23034ac4d64733bd929ae4595285b3e5bc	1393	4	18696.6	4.166	18696.7	4.0788	2496	23.8809	unclassified	chr4	182882199	182884711	0	2479	+	2516	2475	2474	4	37	1	60	0.993189	0.999596	0.983307	0
PBE62146_skip_1f47e940_86fa3a23_25.pod5	1fc4b35a-97da-44e9-9202-482756649e65	86fa3a23034ac4d64733bd929ae4595285b3e5bc	2731	4	18695.9	4.5596	18696.1	4.4052	980	31.5145	unclassified	chr21	9303797	9304777	0	980	+	981	979	942	1	1	37	1	1	0.962206	0.960245	0
PBE62146_skip_1f47e940_86fa3a23_25.pod5	3e038e21-6acd-45c0-88aa-3865735a5d88	86fa3a23034ac4d64733bd929ae4595285b3e5bc	600	3	18599.5	99.6452	18599.6	99.5244	43067	26.6079	unclassified	chrX	43677554	43720624	1	43067	-	43118	43018	42972	48	52	46	60	0.999977	0.998931	0.996614	0
PBE62146_skip_1f47e940_86fa3a23_25.pod5	e1ef29dc-2ea4-4bb9-8d63-d47184718699	86fa3a23034ac4d64733bd929ae4595285b3e5bc	1263	4	18693.1	7.4972	18693.2	7.374	2557	17.0497	unclassified	chr1	100540533	100543093	0	2548	+	2576	2532	2503	16	28	29	60	0.99648	0.988547	0.971662	0
PBE62146_skip_1f47e940_86fa3a23_25.pod5	61f886c4-e067-4d0c-9d20-9eaa1f043e35	86fa3a23034ac4d64733bd929ae4595285b3e5bc	2342	2	18687.9	12.542	18687.9	12.4692	5376	20.0578	unclassified	chr8	5351103	5356471	6	5376	-	5393	5345	5310	25	23	35	60	0.998884	0.993452	0.98461	0
PBE62146_skip_1f47e940_86fa3a23_25.pod5	9f47450e-76e0-4b08-8d61-5dd6cfb0792d	86fa3a23034ac4d64733bd929ae4595285b3e5bc	1785	1	18679.3	21.2778	18679.3	21.2758	7897	6.59424	unclassified	chr1	248204234	248212474	6	7819	-	8575	7478	6595	335	762	883	60	0.989363	0.88192	0.769096	0
PBE62146_skip_1f47e940_86fa3a23_25.pod5	c24d23ab-c8c6-4cd0-b76e-85c81efe6bc5	86fa3a23034ac4d64733bd929ae4595285b3e5bc	848	1	18679.3	21.4832	18679.5	21.318	8852	25.5916	unclassified	chr3	139915118	139923962	0	8847	+	8857	8834	8820	13	10	14	60	0.999435	0.998415	0.995822	0
PBE62146_skip_1f47e940_86fa3a23_25.pod5	4c1ff7e1-f931-429b-96d2-c41ed8c0457f	86fa3a23034ac4d64733bd929ae4595285b3e5bc	156	4	18695.8	5.1244	18695.8	5.1224	3120	24.5043	unclassified	chr1	164617911	164620996	35	3115	+	3088	3077	3062	3	8	15	60	0.987179	0.995125	0.99158	0
PBE62146_skip_1f47e940_86fa3a23_25.pod5	f71709fa-a756-4157-a4ec-6745621f49f9	86fa3a23034ac4d64733bd929ae4595285b3e5bc	2129	1	18686.3	14.3636	18686.3	14.3616	6544	11.3464	unclassified	chr13	28313876	28320490	35	6533	+	6747	6365	6090	133	249	275	60	0.992971	0.956795	0.902623	0
PBE62146_skip_1f47e940_86fa3a23_25.pod5	c22b8d09-c5ca-4494-86c8-9d238faa8135	86fa3a23034ac4d64733bd929ae4595285b3e5bc	2698	4	18663.3	36.7136	18663.5	36.5856	15301	29.1523	unclassified	chr3	77979324	77994643	0	15295	+	15331	15283	15252	12	36	31	60	0.999608	0.997972	0.994847	0
PBE62146_skip_1f47e940_86fa3a23_25.pod5	e28108bc-8d06-4460-96f7-ae9d3f4647c6	86fa3a23034ac4d64733bd929ae4595285b3e5bc	117	1	18684.5	16.3808	18684.6	16.248	6608	28.3912	unclassified	chr11	112335114	112341719	0	6601	+	6610	6596	6576	5	9	20	60	0.998941	0.996968	0.994856	0
PBE62146_skip_1f47e940_86fa3a23_25.pod5	8ae5ea6b-4275-4947-8b27-b663be19283e	86fa3a23034ac4d64733bd929ae4595285b3e5bc	1211	2	18634.8	65.3222	18634.8	65.3202	29584	24.4956	unclassified	chr9	30984396	31013903	128	29579	+	29543	29415	29242	36	92	173	60	0.995504	0.994119	0.989811	0
PBE62146_skip_1f47e940_86fa3a23_25.pod5	f1c558b6-ecb2-436e-92e3-0c5800cc8318	86fa3a23034ac4d64733bd929ae4595285b3e5bc	328	3	18693.6	7.466	18693.7	7.3356	3190	29.6311	unclassified	chr10	74052791	74055975	0	3184	+	3185	3183	3183	1	1	0	60	0.998119	1	0.999372	0
PBE62146_skip_1f47e940_86fa3a23_25.pod5	9c9d06f1-496f-49a4-8a25-927e619ddc89	86fa3a23034ac4d64733bd929ae4595285b3e5bc	2904	2	18611.9	87.0092	18612	86.8764	36103	29.314	unclassified	chr13	78491365	78527473	0	36096	+	36131	36073	36020	23	35	53	60	0.999806	0.998531	0.996928	0
PBE62146_skip_1f47e940_86fa3a23_25.pod5	3de884a9-fe3f-4f87-abcc-7c99e63a82eb	86fa3a23034ac4d64733bd929ae4595285b3e5bc	2276	3	18691.8	8.8724	18691.9	8.778	4034	22.6642	unclassified	chr2	234724268	234728306	0	4028	+	4046	4020	4000	8	18	20	60	0.998513	0.995025	0.988631	0
PBE62146_skip_1f47e940_86fa3a23_25.pod5	23eae018-2356-4c75-a4d7-c902b7838ae0	86fa3a23034ac4d64733bd929ae4595285b3e5bc	925	2	18626.3	73.604	18626.5	73.3824	23722	28.3467	unclassified	chr6	19829015	19852740	3	23722	-	23746	23698	23671	21	27	27	60	0.999874	0.998861	0.996842	0
PBE62146_skip_1f47e940_86fa3a23_25.pod5	bb81b261-e9e7-4f7a-b4eb-328dd3db2115	86fa3a23034ac4d64733bd929ae4595285b3e5bc	859	4	18657.3	43.25	18657.5	43.0908	16615	26.5238	unclassified	chr15	51665067	51681680	6	16615	-	16632	16590	16557	19	23	33	60	0.999639	0.998011	0.995491	0
PBE62146_skip_1f47e940_86fa3a23_25.pod5	623f1263-0d90-4b59-ad61-9d0293e830a1	86fa3a23034ac4d64733bd929ae4595285b3e5bc	924	4	18695.9	5.197	18695.9	5.195	2479	24.823	unclassified	chr17	28436049	28438492	29	2472	+	2453	2433	2429	10	10	4	60	0.985478	0.998356	0.990216	0
PBE62146_skip_1f47e940_86fa3a23_25.pod5	71727e9c-9a01-4414-9930-a01f9c3bdadf	86fa3a23034ac4d64733bd929ae4595285b3e5bc	2299	3	18680.3	20.6924	18680.5	20.5428	7235	23.4748	unclassified	chr16	24243762	24250979	9	7235	-	7245	7198	7176	28	19	22	60	0.998756	0.996944	0.990476	0
PBE62146_skip_1f47e940_86fa3a23_25.pod5	f52811fb-f352-4bee-9861-92a30f5e493a	86fa3a23034ac4d64733bd929ae4595285b3e5bc	542	2	18686.4	14.5724	18686.6	14.3916	6248	27.4104	unclassified	chr6	33402011	33408251	0	6239	+	6244	6235	6228	4	5	7	60	0.99856	0.998877	0.997438	0
PBE62146_skip_1f47e940_86fa3a23_25.pod5	6099ba98-9c40-4733-a14f-320c1c0cdbde	86fa3a23034ac4d64733bd929ae4595285b3e5bc	1613	3	18696.8	4.0508	18696.8	4.0488	2423	27.7282	unclassified	chr15	17212619	17215003	7	2386	-	2384	2379	2370	0	5	9	8	0.981841	0.996217	0.994128	0
PBE62146_skip_1f47e940_86fa3a23_25.pod5	1ddbf96c-1d27-49de-bfcd-61029a006b23	86fa3a23034ac4d64733bd929ae4595285b3e5bc	1054	1	18688.8	11.93	18688.8	11.928	5702	19.0492	unclassified	chr7	44355670	44361394	1	5667	-	5735	5655	5637	11	69	18	60	0.993686	0.996817	0.982912	0
PBE62146_skip_1f47e940_86fa3a23_25.pod5	c9d7a2c5-d9b0-4630-a1ee-cc797b3ecea2	86fa3a23034ac4d64733bd929ae4595285b3e5bc	2733	3	18683.1	17.8822	18683.2	17.8802	7614	27.8993	unclassified	chr2	50434464	50440892	1169	7605	+	6439	6425	6411	11	3	14	60	0.845285	0.997821	0.995651	0
PBE62146_skip_1f47e940_86fa3a23_25.pod5	2dd5470f-d53c-40da-9df0-0bb4d7ec0dbc	86fa3a23034ac4d64733bd929ae4595285b3e5bc	679	1	18630	70.4204	18630.2	70.2468	22289	31.4923	unclassified	chr4	155107794	155130095	4	22289	-	22318	22268	22235	17	33	33	60	0.999821	0.998518	0.996281	0
PBE62146_skip_1f47e940_86fa3a23_25.pod5	24178840-a22d-45e7-a3d7-dd8a51a1b5ed	86fa3a23034ac4d64733bd929ae4595285b3e5bc	1175	2	18689.3	12.1112	18689.4	11.9808	4655	25.3402	unclassified	chrY	17309480	17314126	0	4648	+	4654	4640	4628	8	6	12	60	0.998496	0.997414	0.994413	0
PBE62146_skip_1f47e940_86fa3a23_25.pod5	85c1cdfd-0fca-4ea2-9f31-5f108da1d333	86fa3a23034ac4d64733bd929ae4595285b3e5bc	2103	4	18680	20.7716	18680.1	20.6364	7961	35.8499	unclassified	chr17	37884490	37892457	6	7961	-	7975	7947	7921	8	20	26	60	0.999246	0.996728	0.993229	0
PBE62146_skip_1f47e940_86fa3a23_25.pod5	696c2113-2b17-40dd-bafb-6ff813c6bd46	86fa3a23034ac4d64733bd929ae4595285b3e5bc	2424	2	18672	28.544	18672	28.542	12676	27.9793	unclassified	chr7	53021997	53034641	7	12641	-	12659	12619	12593	15	25	26	60	0.996687	0.99794	0.994786	0
PBE62146_skip_1f47e940_86fa3a23_25.pod5	3ec60e31-3255-44a3-b0a2-8b914e1207d7	86fa3a23034ac4d64733bd929ae4595285b3e5bc	1293	3	18681.1	20.1716	18681.2	20.0436	8551	24.2231	unclassified	chr7	99800999	99809556	5	8551	-	8564	8539	8517	7	18	22	60	0.999415	0.997424	0.994512	0
PBE62146_skip_1f47e940_86fa3a23_25.pod5	0603ef20-527a-4aa0-8a3f-0c13251d8be3	86fa3a23034ac4d64733bd929ae4595285b3e5bc	1347	1	18695.3	5.8688	18695.5	5.6964	2312	30.3498	unclassified	chr1	212862095	212864394	0	2305	+	2306	2298	2287	7	1	11	60	0.996972	0.995213	0.991761	0
PBE62146_skip_1f47e940_86fa3a23_25.pod5	a4ac8791-c012-4cc4-9f68-8b3501679825	86fa3a23034ac4d64733bd929ae4595285b3e5bc	2847	4	18685.2	15.4796	18685.2	15.4776	6257	29.4522	unclassified	chr1	212521198	212527418	38	6250	+	6223	6209	6202	3	11	7	60	0.992808	0.998873	0.996625	0
PBE62146_skip_1f47e940_86fa3a23_25.pod5	3ba84dff-4894-4e0c-a341-4e2dbe893dbd	86fa3a23034ac4d64733bd929ae4595285b3e5bc	775	2	18670.5	30.746	18670.6	30.5988	13056	27.8632	unclassified	chr3	127086505	127099559	10	13056	-	13063	13037	13022	9	17	15	60	0.999234	0.998849	0.996861	0
PBE62146_skip_1f47e940_86fa3a23_25.pod5	82adbf00-84cf-4530-94a6-24e5c15ddfa9	86fa3a23034ac4d64733bd929ae4595285b3e5bc	2598	4	18630.2	69.896	18630.4	69.768	28776	24.8942	unclassified	chr5	170285244	170314043	6	28776	-	28847	28722	28656	48	77	66	60	0.999792	0.997702	0.993379	0
PBE62146_skip_1f47e940_86fa3a23_25.pod5	7bad6236-7a1e-4ea9-90b6-197f76c261d9	86fa3a23034ac4d64733bd929ae4595285b3e5bc	832	2	18694.5	6.7066	18694.5	6.7046	2733	34.1697	unclassified	chr17	21954815	21957472	35	2708	-	2797	2533	2142	140	124	391	1	0.978046	0.845638	0.765821	0
PBE62146_skip_1f47e940_86fa3a23_25.pod5	32ee2b1e-171a-48f8-ae86-10c491e07932	86fa3a23034ac4d64733bd929ae4595285b3e5bc	1805	1	18693.4	7.9784	18693.6	7.8312	2380	34.9365	unclassified	chr11	7327763	7330141	0	2372	+	2378	2372	2358	0	6	14	60	0.996639	0.994098	0.99159	0
PBE62146_skip_1f47e940_86fa3a23_25.pod5	9534f8dc-578a-40fd-abce-ac0c4a9e1a62	86fa3a23034ac4d64733bd929ae4595285b3e5bc	1477	3	18682.7	18.6584	18682.8	18.5088	8255	25.356	unclassified	chr4	110305228	110313465	14	8255	-	8256	8222	8203	19	15	19	60	0.998304	0.997689	0.99358	0
PBE62146_skip_1f47e940_86fa3a23_25.pod5	2dfa1c91-b033-4a47-95b0-91f03109db0c	86fa3a23034ac4d64733bd929ae4595285b3e5bc	2186	4	18666.6	34.178	18666.7	34.074	13723	28.8099	unclassified	chr1	119649423	119663144	0	13723	-	13734	13710	13689	13	11	21	60	1	0.998468	0.996723	0
PBE62146_skip_1f47e940_86fa3a23_25.pod5	978efd7e-0cb5-4a24-b218-21c9f8b70e10	86fa3a23034ac4d64733bd929ae4595285b3e5bc	2041	4	18660.2	39.9848	18660.3	39.84	17769	23.8717	unclassified	chr4	20249384	20267164	7	17769	-	17799	17743	17681	19	37	62	60	0.999606	0.996506	0.99337	0
PBE62146_skip_1f47e940_86fa3a23_25.pod5	c40c7c5b-b197-45cc-a51b-596885c6d71b	86fa3a23034ac4d64733bd929ae4595285b3e5bc	2853	2	18643.9	56.8902	18643.9	56.8882	28410	11.8361	unclassified	chr4	121855863	121884580	29	28392	+	29301	27779	26657	584	938	1122	60	0.998346	0.95961	0.909764	0
PBE62146_skip_1f47e940_86fa3a23_25.pod5	308c3523-8390-4930-af13-0db0429487ab	86fa3a23034ac4d64733bd929ae4595285b3e5bc	2664	3	18669.8	31.346	18669.9	31.2468	13163	25.3131	unclassified	chr16	54222992	54236130	7	13163	-	13180	13114	13079	42	24	35	60	0.999468	0.997331	0.992337	0
PBE62146_skip_1f47e940_86fa3a23_25.pod5	16c093e8-3ba8-4c83-bad6-7829fdb68de1	86fa3a23034ac4d64733bd929ae4595285b3e5bc	976	3	18693.8	7.7394	18693.8	7.7374	3223	19.2847	unclassified	chr1	206410459	206413650	0	3189	-	3205	3175	3155	14	16	20	60	0.989451	0.993701	0.984399	0
PBE62146_skip_1f47e940_86fa3a23_25.pod5	7d89483c-0e68-4dd2-ac81-64bbd897b504	86fa3a23034ac4d64733bd929ae4595285b3e5bc	2704	4	18694.1	7.1024	18694.2	7.014	3219	22.1088	unclassified	chr10	126373087	126376310	0	3219	-	3235	3207	3198	12	16	9	60	1	0.997194	0.988563	0
PBE62146_skip_1f47e940_86fa3a23_25.pod5	0621d4c1-2fda-428e-93cd-d6e345779cc4	86fa3a23034ac4d64733bd929ae4595285b3e5bc	2111	2	18690.5	10.598	18690.5	10.596	4127	26.5824	unclassified	chr3	50508731	50512831	28	4121	+	4100	4093	4083	0	7	10	60	0.991762	0.997557	0.995854	0
PBE62146_skip_1f47e940_86fa3a23_25.pod5	44418c13-1094-4e6e-8649-afdc55ad55cd	86fa3a23034ac4d64733bd929ae4595285b3e5bc	460	2	18687.6	13.8368	18687.7	13.7304	5443	26.3353	unclassified	chr11	70131866	70137304	8	5443	-	5441	5432	5425	3	6	7	60	0.99853	0.998711	0.997059	0
PBE62146_skip_1f47e940_86fa3a23_25.pod5	5e95ec17-206d-4a6c-89eb-44b3fb6e3e65	86fa3a23034ac4d64733bd929ae4595285b3e5bc	2146	1	18656	44.3124	18656	44.3104	18951	20.6547	unclassified	chr12	20404217	20423087	39	18926	+	18949	18808	18663	79	62	145	60	0.996623	0.99229	0.984907	0
PBE62146_skip_1f47e940_86fa3a23_25.pod5	68916cc2-f52c-4283-a70d-a1e3327e2841	86fa3a23034ac4d64733bd929ae4595285b3e5bc	2359	2	18692.8	8.8136	18692.9	8.724	3217	35.0223	unclassified	chr7	141142220	141145437	0	3217	+	3218	3216	3213	1	1	3	60	1	0.999067	0.998446	0
PBE62146_skip_1f47e940_86fa3a23_25.pod5	0ee4c13f-4406-4bba-9d63-140540833026	86fa3a23034ac4d64733bd929ae4595285b3e5bc	2166	2	18654.5	45.764	18654.7	45.6096	17964	31.2469	unclassified	chr11	95972184	95990143	7	17964	-	17966	17950	17940	7	9	10	60	0.99961	0.999443	0.998553	0
PBE62146_skip_1f47e940_86fa3a23_25.pod5	14983214-5974-4c09-bcfe-19e9726a1f2f	86fa3a23034ac4d64733bd929ae4595285b3e5bc	2158	2	18684.1	8.078	18684.3	7.8444	2618	29.9291	unclassified	chr13	71190464	71193081	0	2618	-	2619	2616	2616	2	1	0	60	1	1	0.998855	0
PBE62146_skip_1f47e940_86fa3a23_25.pod5	39537769-b5b6-40f5-a983-07498b4eab97	86fa3a23034ac4d64733bd929ae4595285b3e5bc	94	1	18693.2	5.4716	18693.2	5.4696	2079	11.529	unclassified	chr13	47938971	47941044	0	2048	-	2135	1986	1915	62	87	71	60	0.985089	0.96425	0.896955	0
PBE62146_skip_1f47e940_86fa3a23_25.pod5	9688734e-ec98-4f86-9fe4-101cc76c79c9	86fa3a23034ac4d64733bd929ae4595285b3e5bc	2161	1	18686.4	14.8748	18686.5	14.7684	6278	26.4299	unclassified	chr18	43896392	43901546	1120	6274	+	5164	5144	5131	10	10	13	60	0.820962	0.997473	0.99361	0
PBE62146_skip_1f47e940_86fa3a23_25.pod5	6d2383b9-e402-41d7-9a7a-c595a6e0c883	86fa3a23034ac4d64733bd929ae4595285b3e5bc	1935	2	18672.2	29.294	18672.4	29.1396	10973	23.8076	unclassified	chr20	1085886	1096876	9	10973	-	11010	10944	10906	20	46	38	60	0.99918	0.996528	0.990554	0
PBE62146_skip_1f47e940_86fa3a23_25.pod5	e6703a7c-b146-4e54-a1ae-096f1b9d2606	86fa3a23034ac4d64733bd929ae4595285b3e5bc	1522	4	18669.6	32.0272	18669.6	32.0252	13794	28.098	unclassified	chr8	53266462	53280218	33	13787	+	13773	13737	13726	17	19	11	60	0.9971	0.999199	0.996588	0
PBE62146_skip_1f47e940_86fa3a23_25.pod5	16cdf355-40d0-457b-b2ed-d7acd998ba35	86fa3a23034ac4d64733bd929ae4595285b3e5bc	620	1	18697	4.736	18697.1	4.6368	1987	37.2255	unclassified	chr3	81952681	81954648	0	1981	+	1983	1965	1961	16	2	4	60	0.99698	0.997964	0.988906	0
PBE62146_skip_1f47e940_86fa3a23_25.pod5	58e93329-3b77-4c41-b6f5-9bd88feb1f47	86fa3a23034ac4d64733bd929ae4595285b3e5bc	2409	3	18679.6	21.6462	18679.6	21.6442	6670	9.5143	unclassified	chr20	42997139	43003848	4	6629	-	6954	6380	5965	245	329	415	60	0.993253	0.934953	0.85778	0
PBE62146_skip_1f47e940_86fa3a23_25.pod5	9abebf4d-2bef-4a39-87b9-5626fece1471	86fa3a23034ac4d64733bd929ae4595285b3e5bc	2977	1	18649.7	50.7932	18649.8	50.6676	20761	25.8748	unclassified	chr5	125104558	125125322	0	20745	+	20790	20719	20674	26	45	45	60	0.999229	0.997828	0.99442	0
PBE62146_skip_1f47e940_86fa3a23_25.pod5	7e145bf0-5864-4918-a58f-db24340f4d4a	86fa3a23034ac4d64733bd929ae4595285b3e5bc	1159	1	18660.9	40.256	18661.1	40.0104	11274	29.3739	unclassified	chr14	37260135	37271401	6	11274	-	11282	11252	11239	16	14	13	60	0.999468	0.998845	0.996189	0
PBE62146_skip_1f47e940_86fa3a23_25.pod5	079ef654-03e7-4eeb-b797-ef2e977fc993	86fa3a23034ac4d64733bd929ae4595285b3e5bc	858	3	18693.4	8.2872	18693.4	8.2852	4298	24.2957	unclassified	chr6	103243412	103247669	11	4263	-	4261	4248	4244	4	9	4	60	0.989297	0.999058	0.99601	0
PBE62146_skip_1f47e940_86fa3a23_25.pod5	fb2d4a70-f32d-459b-a8fa-9c64fdb70422	86fa3a23034ac4d64733bd929ae4595285b3e5bc	2685	2	18681.1	20.4428	18681.2	20.322	8440	26.9851	unclassified	chr2	104108899	104117344	1	8440	+	8452	8432	8422	7	13	10	60	0.999882	0.998814	0.996451	0
PBE62146_skip_1f47e940_86fa3a23_25.pod5	45969dd1-1399-4366-ae26-1b812db919b6	86fa3a23034ac4d64733bd929ae4595285b3e5bc	1669	3	18688.8	12.8012	18688.9	12.654	5017	24.6735	unclassified	chr19	19877107	19882086	0	4998	+	5004	4973	4965	25	6	8	60	0.996213	0.998391	0.992206	0
PBE62146_skip_1f47e940_86fa3a23_25.pod5	ca772bd6-e458-4118-bc03-befe874e3a39	86fa3a23034ac4d64733bd929ae4595285b3e5bc	1204	4	18685.5	16.4504	18685.7	16.332	7105	32.003	unclassified	chr9	75131706	75138817	0	7105	+	7119	7097	7084	8	14	13	60	1	0.998168	0.995084	0
PBE62146_skip_1f47e940_86fa3a23_25.pod5	94a26468-6f32-4216-9c62-923f7937add9	86fa3a23034ac4d64733bd929ae4595285b3e5bc	25	1	18673.4	28.3436	18673.5	28.2468	11186	25.3024	unclassified	chr5	120574332	120585508	0	11186	+	11200	11162	11140	24	14	22	60	1	0.998029	0.994643	0
PBE62146_skip_1f47e940_86fa3a23_25.pod5	1468e47d-93db-4bd8-abc5-54f8e4ba28e1	86fa3a23034ac4d64733bd929ae4595285b3e5bc	1402	2	18690	11.7944	18690.2	11.6136	4548	28.1793	unclassified	chr2	221278985	221283532	0	4548	-	4552	4543	4536	5	4	7	60	1	0.998459	0.996485	0
PBE62146_skip_1f47e940_86fa3a23_25.pod5	fa6e766f-5ed4-4988-9eb4-6b96e8ec19e7	86fa3a23034ac4d64733bd929ae4595285b3e5bc	342	3	18691.4	10.4168	18691.4	10.4148	3887	9.65524	unclassified	chr1	75541325	75545006	360	3884	+	3723	3482	3325	42	199	157	60	0.906612	0.954911	0.893097	0
PBE62146_skip_1f47e940_86fa3a23_25.pod5	2985cb06-d8a6-4ff7-a402-285e7cd45e12	86fa3a23034ac4d64733bd929ae4595285b3e5bc	2516	1	18693.2	8.606	18693.3	8.4804	3281	26.1244	unclassified	chr5	133026094	133029374	0	3281	+	3283	3278	3273	3	2	5	60	1	0.998475	0.996954	0
PBE62146_skip_1f47e940_86fa3a23_25.pod5	8ddce84f-da1b-4014-bb24-8c2220bbbb34	86fa3a23034ac4d64733bd929ae4595285b3e5bc	2983	4	18693.9	7.91	18694	7.806	3086	23.7505	unclassified	chr10	119982746	119985829	0	3079	+	3084	3078	3073	1	5	5	60	0.997732	0.998376	0.996433	0
PBE62146_skip_1f47e940_86fa3a23_25.pod5	012c70b0-ab3f-4975-b1e6-16053d755860	86fa3a23034ac4d64733bd929ae4595285b3e5bc	2411	4	18690.7	11.2364	18690.8	11.1108	4427	31.438	unclassified	chr19	16614204	16618619	10	4427	-	4417	4415	4414	2	0	1	60	0.997741	0.999774	0.999321	0
PBE62146_skip_1f47e940_86fa3a23_25.pod5	0e2263bd-fdec-42ec-b086-17e6275aa684	86fa3a23034ac4d64733bd929ae4595285b3e5bc	2472	2	18678.1	23.7152	18678.2	23.5584	8967	24.7722	unclassified	chr5	107718300	107727274	0	8960	+	8981	8953	8913	7	21	40	60	0.999219	0.995532	0.992428	0
PBE62146_skip_1f47e940_86fa3a23_25.pod5	669ae201-568f-4c21-8c00-23f1223e1af0	86fa3a23034ac4d64733bd929ae4595285b3e5bc	845	4	18685.2	14.7908	18685.4	14.6676	5726	25.9665	unclassified	chr2	181855878	181861596	8	5726	-	5726	5710	5701	8	8	9	60	0.998603	0.998424	0.995634	0
PBE62146_skip_1f47e940_86fa3a23_25.pod5	949f1afd-3fe1-456e-9659-ceb4afd31f88	86fa3a23034ac4d64733bd929ae4595285b3e5bc	2795	3	18664.3	36.8384	18664.5	36.7128	14711	31.1514	unclassified	chr4	157532570	157547311	4	14711	-	14748	14700	14673	7	41	27	60	0.999728	0.998163	0.994915	0
PBE62146_skip_1f47e940_86fa3a23_25.pod5	40150e2e-7768-4a9d-9eb1-51cee8bdd7c7	86fa3a23034ac4d64733bd929ae4595285b3e5bc	834	1	18683.2	18.5312	18683.3	18.3864	6737	26.6006	unclassified	chr17	52574462	52581196	7	6737	-	6742	6722	6709	8	12	13	60	0.998961	0.998066	0.995105	0
PBE62146_skip_1f47e940_86fa3a23_25.pod5	7721e8b6-c359-4a1d-b63f-de336077ffb0	86fa3a23034ac4d64733bd929ae4595285b3e5bc	1391	1	18685.6	16.1132	18685.7	16.026	6384	30.7066	unclassified	chrY	56763685	56770087	0	6376	+	6422	6356	6287	20	46	69	3	0.998747	0.989144	0.978979	0
PBE62146_skip_1f47e940_86fa3a23_25.pod5	f51077b3-88e0-4d28-8b5e-566dd77cc55c	86fa3a23034ac4d64733bd929ae4595285b3e5bc	2730	4	18619.4	80.6072	18619.5	80.5164	30376	31.3798	unclassified	chr12	50378417	50408834	0	30367	+	30443	30341	30300	26	76	41	60	0.999704	0.998649	0.995303	0
PBE62146_skip_1f47e940_86fa3a23_25.pod5	9b0902af-fb6d-4df5-a88b-6800d7ef61fd	86fa3a23034ac4d64733bd929ae4595285b3e5bc	2923	3	18616.5	82.406	18616.7	82.2384	32177	27.9331	unclassified	chr12	8358820	8391017	0	32165	+	32242	32120	31982	45	77	138	60	0.999627	0.995704	0.991936	0
PBE62146_skip_1f47e940_86fa3a23_25.pod5	978fdce9-a9d1-4b81-8657-4912e60b0fbb	86fa3a23034ac4d64733bd929ae4595285b3e5bc	1478	4	18686.8	14.9252	18686.8	14.9232	6342	31.4145	unclassified	chr9	137990763	137997051	32	6342	+	6314	6284	6277	26	4	7	60	0.994954	0.998886	0.99414	0
PBE62146_skip_1f47e940_86fa3a23_25.pod5	2c23f527-8d5b-4761-b230-f7cbfb90dd33	86fa3a23034ac4d64733bd929ae4595285b3e5bc	862	2	18692.6	9.656	18692.7	9.552	4023	25.0098	unclassified	chr8	15318337	15322361	0	4019	+	4028	4015	4013	4	9	2	60	0.999006	0.999502	0.996276	0
PBE62146_skip_1f47e940_86fa3a23_25.pod5	6dda0f1b-49df-438a-9cac-3fa62719db73	86fa3a23034ac4d64733bd929ae4595285b3e5bc	430	4	18689	13.0326	18689	13.0306	5549	27.9145	unclassified	chr7	152545712	152552183	6	5519	-	6481	5503	5487	10	968	16	60	0.993512	0.997092	0.846629	0
PBE62146_skip_1f47e940_86fa3a23_25.pod5	cd15ea7a-bc2b-43f5-aa43-d5a860bc8fbd	86fa3a23034ac4d64733bd929ae4595285b3e5bc	915	1	18692.6	9.6308	18692.7	9.5244	3681	28.92	unclassified	chr2	30737768	30741450	0	3672	+	3684	3670	3665	2	12	5	60	0.997555	0.998638	0.994843	0
PBE62146_skip_1f47e940_86fa3a23_25.pod5	3103876e-7156-4818-b0ef-8147b486541f	86fa3a23034ac4d64733bd929ae4595285b3e5bc	2144	3	18677.9	22.508	18678	22.4316	13608	21.7076	unclassified	chr10	105692077	105705664	5	13608	-	13663	13527	13479	76	60	48	60	0.999633	0.996452	0.986533	0
PBE62146_skip_1f47e940_86fa3a23_25.pod5	1ef195d0-fed8-4dbe-a05a-eb19810165d7	86fa3a23034ac4d64733bd929ae4595285b3e5bc	1848	1	18660	40.8536	18660.1	40.7376	17360	28.9965	unclassified	chr15	30312158	30329455	0	17353	+	17371	17279	17237	74	18	42	60	0.999597	0.997569	0.992286	0
PBE62146_skip_1f47e940_86fa3a23_25.pod5	e3a399bf-a4d8-4c0d-9ffa-8c4eafce5468	86fa3a23034ac4d64733bd929ae4595285b3e5bc	19	3	18668.6	33.446	18668.9	33.1452	7692	19.652	unclassified	chr20	29214887	29221832	5	7692	-	7717	6915	6634	772	30	281	54	0.99935	0.959364	0.859661	0
PBE62146_skip_1f47e940_86fa3a23_25.pod5	daaa0a47-4674-4be3-9b4d-cf468eedbe08	86fa3a23034ac4d64733bd929ae4595285b3e5bc	645	1	18693.2	8.936	18693.3	8.8128	3535	23.4614	unclassified	chr22	48265592	48269123	0	3526	+	3546	3511	3498	15	20	13	60	0.997454	0.996297	0.986464	0
PBE62146_skip_1f47e940_86fa3a23_25.pod5	1ff21927-c461-4061-9f3c-7cc38e664798	86fa3a23034ac4d64733bd929ae4595285b3e5bc	539	3	18690.4	11.8352	18690.5	11.7144	5566	23.3205	unclassified	chr5	74972728	74978295	7	5566	-	5573	5553	5543	6	14	10	60	0.998742	0.998199	0.994617	0
PBE62146_skip_1f47e940_86fa3a23_25.pod5	d80dd3d9-2569-469e-af9d-6ee8dc986759	86fa3a23034ac4d64733bd929ae4595285b3e5bc	406	2	18696	3.8956	18696	3.8936	913	18.7421	unclassified	chr7	100863865	100864729	0	877	-	884	857	846	20	7	11	60	0.96057	0.987165	0.957014	0
PBE62146_skip_1f47e940_86fa3a23_25.pod5	ee34619a-9eb5-438a-b7ba-ffbb314372b9	86fa3a23034ac4d64733bd929ae4595285b3e5bc	2584	3	18691.8	7.526	18692.1	7.3116	2967	32.5425	unclassified	chr5	99403088	99406048	6	2967	-	2961	2960	2946	1	0	14	60	0.997978	0.99527	0.994934	0
PBE62146_skip_1f47e940_86fa3a23_25.pod5	9bde7f77-742e-4a26-8c0e-0aad9f107e7d	86fa3a23034ac4d64733bd929ae4595285b3e5bc	239	4	18687.2	15.0934	18687.2	15.0914	5531	12.3477	unclassified	chr16	18390366	18395903	6	5499	-	5653	5377	5213	116	160	164	44	0.99313	0.9695	0.922165	0
PBE62146_skip_1f47e940_86fa3a23_25.pod5	822e7b74-6ef6-4bc2-8234-38ca4b17b998	86fa3a23034ac4d64733bd929ae4595285b3e5bc	2563	4	18692.5	6.8876	18692.6	6.7236	2761	26.1222	unclassified	chr1	53769042	53771800	7	2761	-	2760	2752	2750	2	6	2	60	0.997465	0.999273	0.996377	0
PBE62146_skip_1f47e940_86fa3a23_25.pod5	39b5e5ac-3edb-41b7-b389-14cd6f16c127	86fa3a23034ac4d64733bd929ae4595285b3e5bc	237	4	18680.1	19.514	18680.2	19.41	8635	26.4513	unclassified	chr5	110713254	110721885	0	8635	+	8657	8609	8600	26	22	9	60	1	0.998955	0.993416	0
PBE62146_skip_1f47e940_86fa3a23_25.pod5	921fa066-08f6-492e-bb1d-535917a88a77	86fa3a23034ac4d64733bd929ae4595285b3e5bc	2137	3	18687	12.737	18687	12.735	5350	27.4092	unclassified	chr5	93897720	93903030	0	5312	-	5317	5305	5303	7	5	2	60	0.992897	0.999623	0.997367	0
PBE62146_skip_1f47e940_86fa3a23_25.pod5	c846326c-0b6c-49e1-b216-e8acb632a73a	86fa3a23034ac4d64733bd929ae4595285b3e5bc	17	3	18680.1	17.7426	18680.1	17.7406	7080	29.5978	unclassified	chr1	151929304	151936454	31	7074	+	7154	7039	7029	4	111	10	60	0.994774	0.998579	0.982527	0
PBE62146_skip_1f47e940_86fa3a23_25.pod5	d8b19702-195a-48db-a56b-54fb2b182ebb	86fa3a23034ac4d64733bd929ae4595285b3e5bc	1915	1	18665	33.8132	18665.1	33.6852	13557	27.7772	unclassified	chr5	55734386	55747925	0	13551	+	13573	13517	13496	34	22	21	60	0.999557	0.998446	0.994327	0
PBE62146_skip_1f47e940_86fa3a23_25.pod5	0ef1c8eb-5360-4311-abe9-d446fff989a2	86fa3a23034ac4d64733bd929ae4595285b3e5bc	2701	3	18664.4	31.1108	18664.5	31.0092	13079	24.8767	unclassified	chr3	140839766	140852846	0	13079	-	13110	13049	13019	30	31	30	60	1	0.997701	0.993059	0
PBE62146_skip_1f47e940_86fa3a23_25.pod5	7f8398ad-0772-449e-9195-b481db065191	86fa3a23034ac4d64733bd929ae4595285b3e5bc	988	3	18607.8	92.0336	18608	91.8816	22469	23.118	unclassified	chrY	56692897	56715491	3	22469	+	22850	22210	21755	256	384	455	60	0.999866	0.979514	0.952079	0
PBE62146_skip_1f47e940_86fa3a23_25.pod5	05c24d6c-beb9-4274-ae81-b0dcdeb731cd	86fa3a23034ac4d64733bd929ae4595285b3e5bc	63	2	18651.1	47.5484	18651.2	47.4204	16974	21.5722	unclassified	chr15	63914474	63931431	10	16974	-	17009	16912	16837	52	45	75	60	0.999411	0.995565	0.989888	0
PBE62146_skip_1f47e940_86fa3a23_25.pod5	3ccc1e0f-c29c-4309-a6a5-49f995e8d3a3	86fa3a23034ac4d64733bd929ae4595285b3e5bc	1552	3	18668.7	30.5072	18668.8	30.3948	13069	29.3482	unclassified	chr22	10695617	10708626	0	13061	+	13894	12176	11997	885	833	179	60	0.999388	0.985299	0.863466	0
PBE62146_skip_1f47e940_86fa3a23_25.pod5	4a978fa8-e17b-41c3-a36c-70fcd6bd3032	86fa3a23034ac4d64733bd929ae4595285b3e5bc	2543	1	18631.8	65.8136	18631.9	65.7576	29389	23.2703	unclassified	chr16	76713507	76742963	0	29383	+	29514	29325	29195	58	131	130	60	0.999796	0.995567	0.989192	0
PBE62146_skip_1f47e940_86fa3a23_25.pod5	d6186b3a-b1b4-456a-91c5-58081b58b646	86fa3a23034ac4d64733bd929ae4595285b3e5bc	1121	1	18637	62.3156	18637	62.3136	23377	10.9932	unclassified	chr8	10922830	10946439	37	23364	+	24228	22708	21642	619	901	1066	60	0.997861	0.953056	0.893264	0
PBE62146_skip_1f47e940_86fa3a23_25.pod5	19d7427c-8c56-463b-858d-749c196414c4	86fa3a23034ac4d64733bd929ae4595285b3e5bc	106	4	18686.9	15.2672	18687	15.1392	5847	30.0514	unclassified	chr16	2374253	2380084	13	5847	-	5839	5826	5816	8	5	10	60	0.997777	0.998284	0.996061	0
PBE62146_skip_1f47e940_86fa3a23_25.pod5	c0bc8b06-9b8e-4a1f-aa26-7c9f41af38aa	86fa3a23034ac4d64733bd929ae4595285b3e5bc	564	3	18673	29.2812	18673	29.2792	12500	28.9623	unclassified	chr3	159085236	159097713	11	12474	-	12484	12456	12422	7	21	34	60	0.99704	0.99727	0.995034	0
PBE62146_skip_1f47e940_86fa3a23_25.pod5	116ecd6a-efe4-4e81-977e-d23178d99800	86fa3a23034ac4d64733bd929ae4595285b3e5bc	140	1	18616.8	72.026	18616.8	72.024	28420	12.6147	unclassified	chr11	117430056	117458534	38	28419	+	29132	27727	26776	654	751	951	60	0.998628	0.965701	0.919127	0
PBE62146_skip_1f47e940_86fa3a23_25.pod5	6b2da53e-a53c-4a26-8379-bd86bf84f46f	86fa3a23034ac4d64733bd929ae4595285b3e5bc	830	3	18647.9	52.551	18647.9	52.549	24759	10.8577	unclassified	chr9	86018043	86043177	8	24730	-	25779	24077	22831	645	1057	1246	60	0.998506	0.948249	0.885643	0
PBE62146_skip_1f47e940_86fa3a23_25.pod5	f401446a-bb3b-4888-b5c7-824661fcaa72	86fa3a23034ac4d64733bd929ae4595285b3e5bc	290	4	18672.9	29.3258	18672.9	29.3238	4121	6.06263	unclassified	chr11	13022242	13025861	9	3943	-	4140	3413	3105	521	206	308	60	0.954623	0.909757	0.75	0
PBE62146_skip_1f47e940_86fa3a23_25.pod5	5a1fed4b-0eb3-4fc6-a61e-87ca67e40b61	86fa3a23034ac4d64733bd929ae4595285b3e5bc	464	1	18638.7	62.4914	18638.7	62.4894	21380	29.4312	unclassified	chr5	3882293	3903632	31	21375	+	21364	21319	21296	25	20	23	60	0.998316	0.998921	0.996817	0
PBE62146_skip_1f47e940_86fa3a23_25.pod5	de475376-56c7-48ad-b720-30a8d506585a	86fa3a23034ac4d64733bd929ae4595285b3e5bc	1765	3	18693.7	8.588	18693.7	8.5128	3854	22.0704	unclassified	chr12	52685408	52689264	7	3854	-	3862	3841	3828	6	15	13	60	0.998184	0.996615	0.991196	0
PBE62146_skip_1f47e940_86fa3a23_25.pod5	7e0234d9-5b47-495c-b912-bf51a9bf9eef	86fa3a23034ac4d64733bd929ae4595285b3e5bc	1893	4	18658	43.9652	18658.3	43.7028	9310	26.985	unclassified	chr15	98975536	98984845	0	9303	+	9332	9280	9251	23	29	29	60	0.999248	0.996875	0.99132	0
PBE62146_skip_1f47e940_86fa3a23_25.pod5	56728ffa-6752-45e5-8d9f-3f2ccd1202ea	86fa3a23034ac4d64733bd929ae4595285b3e5bc	1341	4	18695.4	6.8084	18695.5	6.7092	2711	31.4791	unclassified	chr3	179487780	179490472	10	2711	-	2706	2687	2679	14	5	8	60	0.996311	0.997023	0.990022	0
PBE62146_skip_1f47e940_86fa3a23_25.pod5	d153f952-c744-4c35-ba9e-5fe1374b2c90	86fa3a23034ac4d64733bd929ae4595285b3e5bc	593	3	18685.7	16.1326	18685.7	16.1306	6685	34.5115	unclassified	chr4	96964826	96971477	29	6676	+	6651	6647	6646	0	4	1	60	0.994316	0.99985	0.999248	0
PBE62146_skip_1f47e940_86fa3a23_25.pod5	9142bd4c-de41-4e0d-a838-75a830e7e0f8	86fa3a23034ac4d64733bd929ae4595285b3e5bc	1778	2	18683.9	17.8436	18684	17.7252	7640	25.0021	unclassified	chr8	98094275	98101911	6	7640	-	7645	7625	7611	9	11	14	60	0.999215	0.998164	0.995553	0
PBE62146_skip_1f47e940_86fa3a23_25.pod5	497576a5-fcde-4dc9-a000-dfaeadc4567c	86fa3a23034ac4d64733bd929ae4595285b3e5bc	602	2	18696.5	5.9492	18696.7	5.7732	2146	22.6581	unclassified	chrX	117986419	117988562	0	2140	+	2145	2138	2135	2	5	3	60	0.997204	0.998597	0.995338	0
PBE62146_skip_1f47e940_86fa3a23_25.pod5	4c6956af-14cc-4e97-8df6-f3a09c3f902c	86fa3a23034ac4d64733bd929ae4595285b3e5bc	1860	1	18683.4	18.6968	18683.4	18.6948	7587	33.6162	unclassified	chr4	126279466	126287020	26	7579	+	7554	7553	7550	0	1	3	60	0.995519	0.999603	0.99947	0
PBE62146_skip_1f47e940_86fa3a23_25.pod5	5295f2b8-94d3-410e-9ff2-e05591cc3f2e	86fa3a23034ac4d64733bd929ae4595285b3e5bc	1800	4	18685.5	16.5848	18685.6	16.4808	6085	23.2083	unclassified	chr2	39167920	39174001	5	6085	-	6103	6058	6043	22	23	15	60	0.999178	0.997524	0.990169	0
PBE62146_skip_1f47e940_86fa3a23_25.pod5	acf31b1b-410a-46aa-9100-52efc908befb	86fa3a23034ac4d64733bd929ae4595285b3e5bc	901	2	18685.2	16.8812	18685.3	16.7796	7079	31.6762	unclassified	chr6	88174497	88181547	7	7079	-	7080	7042	7025	30	8	17	60	0.999011	0.997586	0.992232	0
PBE62146_skip_1f47e940_86fa3a23_25.pod5	00f37dec-b3c0-4b18-ae34-8db9efd40818	86fa3a23034ac4d64733bd929ae4595285b3e5bc	2823	1	18668.8	32.57	18668.9	32.4336	12998	13.2766	unclassified	chr5	179164818	179178001	0	12997	-	13441	12739	12461	258	444	278	60	0.999923	0.978177	0.927089	0
PBE62146_skip_1f47e940_86fa3a23_25.pod5	ff1e9055-fc06-4e4d-a650-05974100d3e7	86fa3a23034ac4d64733bd929ae4595285b3e5bc	1079	4	18691.5	11.1554	18691.5	11.1534	5329	11.827	unclassified	chr4	38769319	38774637	6	5278	-	5499	5091	4879	181	227	212	60	0.989304	0.958358	0.887252	0
PBE62146_skip_1f47e940_86fa3a23_25.pod5	f2abb84b-f00b-42ae-a4e1-bec2adb200cb	86fa3a23034ac4d64733bd929ae4595285b3e5bc	50	2	18695.3	7.43	18695.5	7.254	3119	32.8823	unclassified	chr7	75095091	75098211	6	3119	-	3122	3111	3108	2	9	3	13	0.998076	0.999036	0.995516	0
PBE62146_skip_1f47e940_86fa3a23_25.pod5	b4ed7929-1d3c-4f12-bb70-04c76cab70ce	86fa3a23034ac4d64733bd929ae4595285b3e5bc	1945	4	18694.6	7.8344	18694.7	7.7064	3068	32.1676	unclassified	chr14	77544524	77547583	0	3062	+	3065	3056	3051	6	3	5	60	0.998044	0.998364	0.995432	0
PBE62146_skip_1f47e940_86fa3a23_25.pod5	acfdfcdb-8a04-47c7-a11a-f3c9bcae8791	86fa3a23034ac4d64733bd929ae4595285b3e5bc	2217	1	18676.3	25.5308	18676.4	25.4004	10183	11.9718	unclassified	chr18	11980298	11990587	0	10172	+	10514	9947	9586	225	342	361	60	0.99892	0.963708	0.911737	0
PBE62146_skip_1f47e940_86fa3a23_25.pod5	214d081b-9801-4d70-a981-08166eb09c81	86fa3a23034ac4d64733bd929ae4595285b3e5bc	986	4	18686	16.4624	18686.1	16.3488	6934	28.5012	unclassified	chr20	33945223	33952156	0	6927	+	6938	6922	6914	5	11	8	60	0.99899	0.998844	0.996541	0
PBE62146_skip_1f47e940_86fa3a23_25.pod5	d9edd2fb-e01a-4536-8485-b083ffdfcb1a	86fa3a23034ac4d64733bd929ae4595285b3e5bc	1199	2	18667.7	34.5368	18667.8	34.4256	13404	25.0191	unclassified	chr3	164675198	164688567	0	13398	+	13423	13344	13295	54	25	49	60	0.999552	0.996328	0.990464	0
PBE62146_skip_1f47e940_86fa3a23_25.pod5	2a77fbb6-990a-4ce4-bcf7-09ca55c9ef14	86fa3a23034ac4d64733bd929ae4595285b3e5bc	2369	2	18685.9	16.343	18685.9	16.341	6411	26.2995	unclassified	chr16	24407133	24413511	28	6409	+	6391	6368	6363	13	10	5	60	0.995321	0.999215	0.995619	0
PBE62146_skip_1f47e940_86fa3a23_25.pod5	5e237962-e473-4a43-a57e-ea52c0bc904f	86fa3a23034ac4d64733bd929ae4595285b3e5bc	1098	2	18602.8	98.9532	18602.8	98.9512	30412	23.4079	unclassified	chr20	63672496	63693536	8	20971	-	21103	20900	20843	63	140	57	60	0.6893	0.997273	0.987679	0
PBE62146_skip_1f47e940_86fa3a23_25.pod5	bf56c8e4-987d-4166-8899-13f10fc84b15	86fa3a23034ac4d64733bd929ae4595285b3e5bc	2638	1	18600	100.594	18600.1	100.435	38657	32.4865	unclassified	chr6	26601169	26639810	6	38657	-	38714	38578	38515	73	63	63	60	0.999845	0.998367	0.99486	0
PBE62146_skip_1f47e940_86fa3a23_25.pod5	133d334a-784c-49a1-ba84-26e162f8d72b	86fa3a23034ac4d64733bd929ae4595285b3e5bc	559	3	18691.1	11.502	18691.1	11.5	3660	9.52029	unclassified	chr1	103974957	103978611	31	3652	+	3805	3470	3207	151	184	263	60	0.989344	0.924208	0.842838	0
PBE62146_skip_1f47e940_86fa3a23_25.pod5	b9bf7eaa-e28a-48c4-bfcd-e61f2ac033b3	86fa3a23034ac4d64733bd929ae4595285b3e5bc	547	1	18690.8	11.5772	18690.9	11.4756	4847	16.4788	unclassified	chr2	109911377	109916231	4	4835	+	4890	4795	4735	36	59	60	4	0.996699	0.987487	0.968303	0
PBE62146_skip_1f47e940_86fa3a23_25.pod5	88dbd3c2-9c22-4f79-9759-4b3c6a669125	86fa3a23034ac4d64733bd929ae4595285b3e5bc	275	3	18681.8	16.2488	18681.9	16.1448	5525	14.7179	unclassified	chr10	71763119	71767013	0	3886	+	3899	3881	3861	5	13	20	60	0.703348	0.994847	0.990254	0
PBE62146_skip_1f47e940_86fa3a23_25.pod5	498f3780-95fa-4ac0-90e6-381e3417250b	86fa3a23034ac4d64733bd929ae4595285b3e5bc	2723	1	18683.1	19.0136	18683.3	18.8664	5902	13.5357	unclassified	chr15	97894293	97899777	5	5902	-	5973	5408	5328	489	76	80	60	0.999153	0.985207	0.892014	0
PBE62146_skip_1f47e940_86fa3a23_25.pod5	c0d0b384-5ef1-4381-8551-09f7c9f68580	86fa3a23034ac4d64733bd929ae4595285b3e5bc	1050	3	18678.1	23.9702	18678.1	23.9682	11860	28.1142	unclassified	chr7	61873452	61885296	3	11841	-	11847	11835	11822	3	9	13	60	0.998145	0.998902	0.99789	0
PBE62146_skip_1f47e940_86fa3a23_25.pod5	0cb8dd1c-b3ef-4455-96ee-4aaf4494e4da	86fa3a23034ac4d64733bd929ae4595285b3e5bc	1166	2	18694.2	8.1704	18694.3	8.052	2929	30.2051	unclassified	chr1	195946624	195949540	7	2929	-	2923	2915	2910	7	1	5	60	0.99761	0.998285	0.995553	0
PBE62146_skip_1f47e940_86fa3a23_25.pod5	7de49834-d37c-40ca-92f8-3a84e26eab5d	86fa3a23034ac4d64733bd929ae4595285b3e5bc	1667	1	18676.2	25.976	18676.3	25.8324	8559	31.4471	unclassified	chr6	74015418	74023970	0	8552	+	8561	8543	8529	9	9	14	60	0.999182	0.998361	0.996262	0
PBE62146_skip_1f47e940_86fa3a23_25.pod5	043d080e-26e4-4b31-8482-53324971fe52	86fa3a23034ac4d64733bd929ae4595285b3e5bc	357	3	18689	13.3824	18689	13.3804	5360	28.5022	unclassified	chr8	62325689	62331005	7	5325	-	5322	5312	5308	6	4	4	60	0.992164	0.999247	0.997369	0
PBE62146_skip_1f47e940_86fa3a23_25.pod5	ce8214ac-bff6-4088-aae0-f3dd9f000e3e	86fa3a23034ac4d64733bd929ae4595285b3e5bc	676	1	18679.5	22.382	18679.6	22.242	10075	29.4969	unclassified	chrY	56757438	56767509	0	10075	-	10133	10013	9953	62	58	60	10	1	0.994008	0.982236	0
PBE62146_skip_1f47e940_86fa3a23_25.pod5	8d5e8b31-a6f6-462d-9ec1-3f6568d1270b	86fa3a23034ac4d64733bd929ae4595285b3e5bc	565	1	18674.7	28.187	18674.7	28.185	7238	9.93501	unclassified	chr1	233547255	233554523	27	7225	+	7503	6963	6575	235	305	388	60	0.994474	0.944277	0.876316	0
PBE62146_skip_1f47e940_86fa3a23_25.pod5	0f85fda9-be00-43ed-9a59-664c110b388a	86fa3a23034ac4d64733bd929ae4595285b3e5bc	2574	1	18683.8	18.3272	18683.9	18.204	7575	13.1625	unclassified	chr11	94509442	94517030	16	7549	+	7707	7414	7193	119	174	221	60	0.994455	0.970192	0.933307	0
PBE62146_skip_1f47e940_86fa3a23_25.pod5	ff89fa89-f06b-4dec-be92-95a102733b66	86fa3a23034ac4d64733bd929ae4595285b3e5bc	641	1	18697.3	5.4008	18697.4	5.2944	2425	26.6401	unclassified	chr8	33419683	33422102	0	2419	+	2420	2418	2416	1	1	2	60	0.997526	0.999173	0.998347	0
PBE62146_skip_1f47e940_86fa3a23_25.pod5	18ef3ff3-b9c9-4269-a97a-8369e60ade0a	86fa3a23034ac4d64733bd929ae4595285b3e5bc	2595	2	18695.6	7.328	18695.8	7.1184	2819	36.4523	unclassified	chr6	64129121	64131934	6	2819	-	2814	2812	2812	1	1	0	60	0.997872	1	0.999289	0
PBE62146_skip_1f47e940_86fa3a23_25.pod5	62ec23a3-32ca-46ad-bb58-bd19b8b55015	86fa3a23034ac4d64733bd929ae4595285b3e5bc	2432	3	18694.3	8.5232	18694.4	8.4024	3749	25.2313	unclassified	chr6	81085428	81089183	0	3749	+	3756	3748	3745	1	7	3	60	1	0.9992	0.997071	0
PBE62146_skip_1f47e940_86fa3a23_25.pod5	3868874f-b777-4663-b083-3a29db83a09c	86fa3a23034ac4d64733bd929ae4595285b3e5bc	165	4	18683.3	19.5726	18683.3	19.5706	7004	16.8623	unclassified	chr11	26277972	26284765	257	7004	+	6832	6708	6659	39	85	49	60	0.963307	0.992695	0.974678	0
PBE62146_skip_1f47e940_86fa3a23_25.pod5	5a9d90b2-c7c4-4527-8147-3f3a48a9f3d3	86fa3a23034ac4d64733bd929ae4595285b3e5bc	2934	2	18682.7	19.5008	18682.9	19.3632	6536	22.5144	unclassified	chr2	15742472	15748693	0	6536	-	6557	6200	6189	336	21	11	60	1	0.998226	0.943877	0
PBE62146_skip_1f47e940_86fa3a23_25.pod5	02866e8b-dc6d-478a-8c86-076832d5d4e5	86fa3a23034ac4d64733bd929ae4595285b3e5bc	48	4	18690.7	11.9336	18690.8	11.8224	4229	24.6805	unclassified	chr13	27719249	27723481	6	4229	-	4238	4217	4212	6	15	5	60	0.998581	0.998814	0.993865	0
PBE62146_skip_1f47e940_86fa3a23_25.pod5	e7356df1-c0cb-4460-90c0-e90feab99b44	86fa3a23034ac4d64733bd929ae4595285b3e5bc	2782	1	18694.4	8.439	18694.4	8.437	3190	33.1412	unclassified	chr13	64455581	64458739	30	3190	+	3160	3158	3153	2	0	5	60	0.990596	0.998417	0.997785	0
PBE62146_skip_1f47e940_86fa3a23_25.pod5	2d61b70d-39a5-4946-8665-b355119da2da	86fa3a23034ac4d64733bd929ae4595285b3e5bc	1690	4	18693.8	8.7872	18694	8.6448	3460	30.1146	unclassified	chr14	43221610	43225063	0	3452	+	3453	3452	3451	0	1	1	60	0.997688	0.99971	0.999421	0
PBE62146_skip_1f47e940_86fa3a23_25.pod5	072005fd-c995-490e-9118-00f7a0110b5e	86fa3a23034ac4d64733bd929ae4595285b3e5bc	2844	1	18692.1	10.1852	18692.3	9.9876	4031	30.236	unclassified	chr6	65354355	65358378	0	4024	+	4028	4019	3995	5	4	24	60	0.998263	0.994028	0.991807	0
PBE62146_skip_1f47e940_86fa3a23_25.pod5	faf99251-495b-4cf7-83cd-1c0736a4d3b6	86fa3a23034ac4d64733bd929ae4595285b3e5bc	2683	3	18676.5	26.3828	18676.6	26.2956	11680	30.9078	unclassified	chr3	166814073	166825747	0	11673	+	11678	11669	11661	4	5	8	60	0.999401	0.999314	0.998544	0
PBE62146_skip_1f47e940_86fa3a23_25.pod5	5ff00409-45f8-442d-86eb-6e24058ebf20	86fa3a23034ac4d64733bd929ae4595285b3e5bc	831	2	18691.2	11.6612	18691.3	11.5476	4586	24.5921	unclassified	chr8	717003	721586	0	4577	+	4587	4573	4557	4	10	16	60	0.998038	0.996501	0.99346	0
PBE62146_skip_1f47e940_86fa3a23_25.pod5	d80d20ec-f97c-467d-9762-82b3961d3df7	86fa3a23034ac4d64733bd929ae4595285b3e5bc	2556	4	18672.1	21.2852	18672.1	21.2832	8374	9.94752	unclassified	chr10	116873774	116882091	31	8311	-	8631	7966	7518	314	351	448	60	0.988775	0.943761	0.871046	0
PBE62146_skip_1f47e940_86fa3a23_25.pod5	fc9cf60f-013d-40cb-b630-cabc4bcd59aa	86fa3a23034ac4d64733bd929ae4595285b3e5bc	642	3	18697.2	5.9492	18697.2	5.8644	2662	25.4189	unclassified	chr7	37497250	37499896	0	2655	+	2656	2645	2644	10	1	1	60	0.99737	0.999622	0.995482	0
PBE62146_skip_1f47e940_86fa3a23_25.pod5	185e6573-81ac-46ff-be82-80d2463ee36f	86fa3a23034ac4d64733bd929ae4595285b3e5bc	2881	4	18694.5	8.1224	18694.6	8.0184	3375	28.8204	unclassified	chr10	62153210	62156585	0	3375	-	3376	3374	3371	1	1	3	60	1	0.999111	0.998519	0
PBE62146_skip_1f47e940_86fa3a23_25.pod5	9d34bc6b-8622-476d-8a4d-42653c9f8bed	86fa3a23034ac4d64733bd929ae4595285b3e5bc	1788	3	18686.3	16.1946	18686.3	16.1926	5960	11.113	unclassified	chr20	857971	863970	38	5956	+	6116	5801	5558	117	198	243	60	0.992953	0.958111	0.908764	0
PBE62146_skip_1f47e940_86fa3a23_25.pod5	cbd17b52-8dc3-45fa-a518-0d5a858bcb89	86fa3a23034ac4d64733bd929ae4595285b3e5bc	1663	4	18696.4	6.767	18696.4	6.765	2755	28.5426	unclassified	chr21	16601180	16603908	31	2751	+	2728	2720	2717	0	8	3	60	0.987296	0.998897	0.995968	0
PBE62146_skip_1f47e940_86fa3a23_25.pod5	fb5ab094-1b74-44d4-9c8e-ec855195b25a	86fa3a23034ac4d64733bd929ae4595285b3e5bc	1431	1	18676.9	25.4056	18676.9	25.4036	9969	12.9902	unclassified	chr2	117144558	117151358	252	6941	+	6912	6577	6352	112	223	225	60	0.67098	0.96579	0.918981	0
PBE62146_skip_1f47e940_86fa3a23_25.pod5	cb96ca8b-477d-4375-abd7-2de017fb6325	86fa3a23034ac4d64733bd929ae4595285b3e5bc	1286	3	18688.1	14.9342	18688.1	14.9322	6512	12.0817	unclassified	chr7	68054866	68061410	33	6505	+	6667	6349	6131	123	195	218	60	0.993858	0.965664	0.919604	0
PBE62146_skip_1f47e940_86fa3a23_25.pod5	f81c6074-2e39-41ac-bcee-86d8ef3f2c71	86fa3a23034ac4d64733bd929ae4595285b3e5bc	98	3	18656.5	46.2712	18656.5	46.2692	18345	14.8667	unclassified	chr6	56767006	56785428	11	18309	-	18624	18096	17737	202	326	359	60	0.997438	0.980161	0.952373	0
PBE62146_skip_1f47e940_86fa3a23_25.pod5	14c23a15-34d2-497e-b83f-122cad941ab7	86fa3a23034ac4d64733bd929ae4595285b3e5bc	1782	2	18698.2	4.8128	18698.3	4.6272	2312	32.2593	unclassified	chrY	56832623	56834504	0	2304	+	2336	1849	1688	455	32	161	55	0.99654	0.912926	0.722603	0
PBE62146_skip_1f47e940_86fa3a23_25.pod5	fbe37288-3d87-48d7-8779-b1335436fb09	86fa3a23034ac4d64733bd929ae4595285b3e5bc	2547	4	18678.4	24.0392	18678.6	23.8368	8785	30.4379	unclassified	chr13	40326650	40335423	6	8785	-	8786	8766	8753	13	7	13	60	0.999317	0.998517	0.996244	0
PBE62146_skip_1f47e940_86fa3a23_25.pod5	24ebb9a2-8d87-43ec-b34f-7d70f007a22e	86fa3a23034ac4d64733bd929ae4595285b3e5bc	1608	2	18677.1	25.9202	18677.1	25.9182	7339	14.642	unclassified	chr13	55016103	55023346	31	7307	+	7363	7156	7026	120	87	130	60	0.991416	0.981833	0.954231	0
PBE62146_skip_1f47e940_86fa3a23_25.pod5	4ef51743-4544-4f19-9a9d-977e8a5b87c3	86fa3a23034ac4d64733bd929ae4595285b3e5bc	1571	3	18667	35.1152	18667.1	35.0148	14322	29.5475	unclassified	chr1	6869800	6884122	0	14322	+	14335	14309	14303	13	13	6	60	1	0.999581	0.997768	0
PBE62146_skip_1f47e940_86fa3a23_25.pod5	6754950f-8c94-4ecc-b143-39fb45c8a43d	86fa3a23034ac4d64733bd929ae4595285b3e5bc	1366	2	18688.5	14.4464	18688.5	14.4444	6205	12.5937	unclassified	chr4	84529267	84535503	8	6172	-	6348	6052	5833	112	184	219	60	0.993392	0.963814	0.918872	0
PBE62146_skip_1f47e940_86fa3a23_25.pod5	7af7adeb-0da5-4515-a617-d2efc96b7a05	86fa3a23034ac4d64733bd929ae4595285b3e5bc	419	4	18681.5	21.386	18681.6	21.2724	9856	27.966	unclassified	chr21	10752109	10763044	7	9853	-	10979	9802	8940	44	1133	862	60	0.998985	0.912059	0.814282	0
PBE62146_skip_1f47e940_86fa3a23_25.pod5	622d76d8-f71c-465f-9c7e-e9bd45aa2a79	86fa3a23034ac4d64733bd929ae4595285b3e5bc	1696	4	18670.7	2.7504	18670.8	2.6556	1072	20.2644	unclassified	chr8	49961993	49963064	0	1072	-	1072	1071	1063	1	0	8	60	1	0.99253	0.991605	0
PBE62146_skip_1f47e940_86fa3a23_25.pod5	c0248473-9525-498b-b3f2-b96201c13146	86fa3a23034ac4d64733bd929ae4595285b3e5bc	108	2	18693.2	10.1708	18693.3	10.0044	4248	26.3058	unclassified	chr8	52262370	52266599	0	4237	+	4240	4226	4223	11	3	3	60	0.997411	0.99929	0.995991	0
PBE62146_skip_1f47e940_86fa3a23_25.pod5	c6c32648-4139-44ba-86f5-fcd0574cad61	86fa3a23034ac4d64733bd929ae4595285b3e5bc	2466	4	18686.1	16.91	18686.2	16.7652	4765	12.648	unclassified	chr10	60741308	60746101	0	4762	+	4888	4667	4546	95	126	121	60	0.99937	0.974073	0.930033	0
PBE62146_skip_1f47e940_86fa3a23_25.pod5	f731a3f2-6d27-43ba-9d8f-77dcb57e1c07	86fa3a23034ac4d64733bd929ae4595285b3e5bc	661	2	18688.7	14.5376	18688.8	14.4072	5994	31.5972	unclassified	chr21	8040457	8047609	39	5994	-	7185	5922	5474	33	1230	448	60	0.993493	0.92435	0.761865	0
PBE62146_skip_1f47e940_86fa3a23_25.pod5	cab9e208-1d5d-4f44-b28e-95caf514128a	86fa3a23034ac4d64733bd929ae4595285b3e5bc	2402	3	18687.2	15.7592	18687.3	15.6648	6559	32.985	unclassified	chr12	62229411	62235961	0	6551	+	6554	6547	6544	4	3	3	60	0.99878	0.999542	0.998474	0
PBE62146_skip_1f47e940_86fa3a23_25.pod5	0b57bfc4-e95f-4413-bafd-4909c704e102	86fa3a23034ac4d64733bd929ae4595285b3e5bc	885	1	18681.3	21.8528	18681.5	21.7056	9157	29.9379	unclassified	chr1	79132930	79142085	7	9157	-	9159	9146	9130	4	9	16	60	0.999236	0.998251	0.996834	0
PBE62146_skip_1f47e940_86fa3a23_25.pod5	310c1505-c37c-4eb7-a5b5-7fcb6ed8112d	86fa3a23034ac4d64733bd929ae4595285b3e5bc	1385	3	18602.8	97.6268	18603.1	97.3428	39336	23.3831	unclassified	chr1	160723054	160762551	0	39330	+	39551	39276	39147	54	221	129	60	0.999847	0.996716	0.989785	0
PBE62146_skip_1f47e940_86fa3a23_25.pod5	9cc27ddb-16ea-454e-9b3a-c3afec37dfe0	86fa3a23034ac4d64733bd929ae4595285b3e5bc	361	3	18627.1	75.8156	18627.3	75.624	31594	25.5984	unclassified	chr5	91919972	91951583	5	31594	-	31653	31547	31498	42	64	49	60	0.999842	0.998447	0.995103	0
PBE62146_skip_1f47e940_86fa3a23_25.pod5	6fc89c89-ffc8-4921-88f9-bb39ca5b6e86	86fa3a23034ac4d64733bd929ae4595285b3e5bc	2736	4	18690.2	12.902	18690.4	12.774	5499	27.0849	unclassified	chr9	38466578	38472073	0	5493	+	5502	5486	5474	7	9	12	60	0.998909	0.997813	0.994911	0
PBE62146_skip_1f47e940_86fa3a23_25.pod5	fb8da745-dad4-4610-848b-f879d95410a3	86fa3a23034ac4d64733bd929ae4595285b3e5bc	461	4	18645.5	55.605	18645.5	55.603	26329	30.9596	unclassified	chr5	49982748	50005051	6	21272	-	22315	21254	20216	12	1049	1038	1	0.807703	0.951162	0.905938	0
PBE62146_skip_1f47e940_86fa3a23_25.pod5	d4b347cb-1691-41e3-a363-eeae4158eee1	86fa3a23034ac4d64733bd929ae4595285b3e5bc	1696	4	18673.4	29.6388	18673.5	29.5392	13511	23.3732	unclassified	chr11	102503878	102517359	8	13511	-	13516	13468	13441	35	13	27	60	0.999408	0.997995	0.994451	0
PBE62146_skip_1f47e940_86fa3a23_25.pod5	8cf21ca9-e628-4197-b1c4-170520515924	86fa3a23034ac4d64733bd929ae4595285b3e5bc	2540	4	18659	43.5836	18659.1	43.4916	18484	22.2716	unclassified	chr11	78174737	78193223	0	18477	+	18546	18417	18351	60	69	66	60	0.999621	0.996416	0.989486	0
PBE62146_skip_1f47e940_86fa3a23_25.pod5	4c69ccf2-50b6-4b61-8fed-763522e4d313	86fa3a23034ac4d64733bd929ae4595285b3e5bc	562	1	18696.5	6.7484	18696.8	6.4968	2004	22.9791	unclassified	chr13	104006624	104008625	0	1998	+	2006	1993	1982	5	8	11	60	0.997006	0.994481	0.988036	0
PBE62146_skip_1f47e940_86fa3a23_25.pod5	c8f26bcf-8f6f-45a4-8d08-097ca747e666	86fa3a23034ac4d64733bd929ae4595285b3e5bc	137	2	18684.9	18.5258	18684.9	18.5238	7426	10.6003	unclassified	chrX	122796280	122803788	33	7397	+	7663	7209	6886	155	299	323	60	0.991651	0.955195	0.898604	0
PBE62146_skip_1f47e940_86fa3a23_25.pod5	748867d1-bf89-458a-9e1a-f3c224b1492f	86fa3a23034ac4d64733bd929ae4595285b3e5bc	1843	3	18671.7	30.323	18671.7	30.321	11385	16.8144	unclassified	chr8	45704563	45716816	6	11359	-	12302	11304	10974	49	949	330	1	0.997189	0.970807	0.89205	0
PBE62146_skip_1f47e940_86fa3a23_25.pod5	6fe7ea25-fc00-4939-9123-381a784a48c9	86fa3a23034ac4d64733bd929ae4595285b3e5bc	823	4	18699.9	3.6512	18699.9	3.6492	1501	25.4668	unclassified	chr19	6966854	6968312	40	1501	+	1462	1457	1455	4	1	2	60	0.973351	0.998627	0.995212	0
PBE62146_skip_1f47e940_86fa3a23_25.pod5	62a1d112-af78-416c-a2c3-fc2cf86aa36d	86fa3a23034ac4d64733bd929ae4595285b3e5bc	380	2	18682.2	20.9552	18682.3	20.8584	9752	25.3919	unclassified	chr13	17651371	17662643	3	9752	-	11291	9730	9481	19	1542	249	1	0.999692	0.974409	0.839695	0
PBE62146_skip_1f47e940_86fa3a23_25.pod5	068c8202-0d71-462d-84f4-18d91771ac86	86fa3a23034ac4d64733bd929ae4595285b3e5bc	2434	4	18691.2	11.8526	18691.2	11.8506	3871	14.3328	unclassified	chr3	26589082	26592902	10	3829	-	3881	3758	3686	61	62	72	60	0.986567	0.980841	0.949755	0
PBE62146_skip_1f47e940_86fa3a23_25.pod5	11f393fa-139f-4e7b-be45-efdba422580b	86fa3a23034ac4d64733bd929ae4595285b3e5bc	1594	3	18698	5.3324	18698.1	5.2116	1627	25.1695	unclassified	chr7	33693675	33695302	0	1627	-	1628	1626	1622	1	1	4	60	1	0.99754	0.996315	0
PBE62146_skip_1f47e940_86fa3a23_25.pod5	6070e11e-4a44-4848-b096-bfc4f25901f8	86fa3a23034ac4d64733bd929ae4595285b3e5bc	693	4	18682.8	20.5628	18682.9	20.4756	7137	24.2013	unclassified	chr11	117198520	117205672	7	7137	-	7159	7123	7103	7	29	20	60	0.999019	0.997192	0.992178	0
PBE62146_skip_1f47e940_86fa3a23_25.pod5	2da60942-0c40-4c1a-b558-13337d8eef44	86fa3a23034ac4d64733bd929ae4595285b3e5bc	647	4	18657	46.208	18657.2	46.068	17602	13.9071	unclassified	chr6	116335992	116353632	10	17602	-	17910	17322	16985	270	318	337	60	0.999432	0.980545	0.948353	0
PBE62146_skip_1f47e940_86fa3a23_25.pod5	2115ff9b-fc86-4d2b-9a3e-5eb8e6fcf941	86fa3a23034ac4d64733bd929ae4595285b3e5bc	1642	2	18698.5	4.9124	18698.5	4.9104	2393	17.3553	unclassified	chr6	90431515	90433885	38	2381	+	2376	2337	2321	6	33	16	60	0.979106	0.993154	0.976852	0
PBE62146_skip_1f47e940_86fa3a23_25.pod5	10c7f352-c8d5-49ae-94f4-10495d07e7c5	86fa3a23034ac4d64733bd929ae4595285b3e5bc	1821	4	18697.1	6.2862	18697.1	6.2842	2608	22.2397	unclassified	chr3	197134824	197137391	2	2571	-	2572	2564	2561	5	3	3	60	0.985046	0.99883	0.995723	0
PBE62146_skip_1f47e940_86fa3a23_25.pod5	8a651c84-fa09-42fb-9bac-be99219f7a8f	86fa3a23034ac4d64733bd929ae4595285b3e5bc	778	4	18699.2	4.5012	18699.2	4.4992	1956	19.252	unclassified	chr21	8394020	8395936	9	1922	-	1930	1899	1891	14	17	8	0	0.978016	0.995787	0.979793	0
PBE62146_skip_1f47e940_86fa3a23_25.pod5	7b0413cf-77bf-4742-906b-7cedaa76f9eb	86fa3a23034ac4d64733bd929ae4595285b3e5bc	454	1	18679.2	24.2012	18679.2	24.1992	8786	14.8715	unclassified	chr6	5669536	5678254	43	8784	+	8840	8619	8468	122	99	151	60	0.994878	0.982481	0.957919	0
PBE62146_skip_1f47e940_86fa3a23_25.pod5	dd202e89-faf2-4463-9e72-7f898455d1d2	86fa3a23034ac4d64733bd929ae4595285b3e5bc	2233	2	18648.5	54.0736	18648.5	54.0716	22311	26.0545	unclassified	chr10	410132	432795	28	22311	+	22783	22163	22092	120	500	71	60	0.998745	0.996796	0.96967	0
PBE62146_skip_1f47e940_86fa3a23_25.pod5	4e29d859-9332-4529-912d-a3fea88cdba2	86fa3a23034ac4d64733bd929ae4595285b3e5bc	1296	2	18697.7	5.954	18697.8	5.8308	2584	29.4043	unclassified	chr9	76250290	76252867	7	2584	-	2580	2574	2571	3	3	3	60	0.997291	0.998834	0.996512	0
PBE62146_skip_1f47e940_86fa3a23_25.pod5	500205a0-9bb8-409a-b58c-835c5e4968ce	86fa3a23034ac4d64733bd929ae4595285b3e5bc	2987	3	18672.9	30.0728	18673	29.9376	8471	31.226	unclassified	chr9	93543001	93551475	6	8471	-	8476	8463	8454	2	11	9	60	0.999292	0.998937	0.997404	0
PBE62146_skip_1f47e940_86fa3a23_25.pod5	250c94c6-bfb3-4d2a-8518-1e589b0eff24	86fa3a23034ac4d64733bd929ae4595285b3e5bc	987	1	18672.5	30.7076	18672.6	30.6144	12453	16.9162	unclassified	chr10	29271991	29284524	2	12453	-	12596	12388	12204	63	145	184	60	0.999839	0.985147	0.968879	0
PBE62146_skip_1f47e940_86fa3a23_25.pod5	d5aea0bf-cb9d-4f4b-916a-bed464d2c62d	86fa3a23034ac4d64733bd929ae4595285b3e5bc	1065	3	18687.6	16.0616	18687.8	15.924	6798	31.5839	unclassified	chr10	24138434	24145230	9	6798	-	6796	6789	6788	0	7	1	60	0.998676	0.999853	0.998823	0
PBE62146_skip_1f47e940_86fa3a23_25.pod5	9035a1f6-1db5-44d0-ad80-846699e85826	86fa3a23034ac4d64733bd929ae4595285b3e5bc	2784	1	18619.6	83.3732	18619.7	83.25	34124	29.4471	unclassified	chr15	94242298	94276401	9	34124	-	34147	34071	34029	44	32	42	60	0.999736	0.998767	0.996544	0
PBE62146_skip_1f47e940_86fa3a23_25.pod5	7d3443bb-30fe-43ce-9be7-02f9b1ae7747	86fa3a23034ac4d64733bd929ae4595285b3e5bc	709	2	18652.7	50.3864	18652.8	50.262	21683	24.1069	unclassified	chr1	10633468	10655155	0	21677	+	21714	21650	21596	27	37	54	60	0.999723	0.997506	0.994566	0
PBE62146_skip_1f47e940_86fa3a23_25.pod5	49f8802b-e075-4ea1-b683-872a6d0db319	86fa3a23034ac4d64733bd929ae4595285b3e5bc	838	1	18674.7	28.5464	18674.8	28.464	12419	26.5159	unclassified	chr9	8603786	8616220	0	12419	-	12441	12412	12391	7	22	21	60	1	0.998308	0.995981	0
PBE62146_skip_1f47e940_86fa3a23_25.pod5	fd36794f-5caf-4b83-95bd-c451b49a6c8c	86fa3a23034ac4d64733bd929ae4595285b3e5bc	1716	4	18695.4	8.2676	18695.7	7.9764	2080	31.042	unclassified	chr2	192135718	192137788	6	2078	-	2073	2069	2066	3	1	3	60	0.996154	0.99855	0.996623	0
PBE62146_skip_1f47e940_86fa3a23_25.pod5	09dee9d3-6725-4610-986f-4565a1337441	86fa3a23034ac4d64733bd929ae4595285b3e5bc	2327	3	18680.1	23.2968	18680.1	23.2948	10367	17.5484	unclassified	chr11	73400186	73410523	5	10321	-	10414	10239	10147	77	98	92	60	0.995081	0.991015	0.974361	0
PBE62146_skip_1f47e940_86fa3a23_25.pod5	40eab54e-3394-4671-9680-344a12a9a285	86fa3a23034ac4d64733bd929ae4595285b3e5bc	874	4	18695.9	7.9628	18696	7.8732	3511	25.6583	unclassified	chr11	133334097	133337602	6	3511	-	3515	3495	3491	10	10	4	60	0.998291	0.998856	0.993172	0
PBE62146_skip_1f47e940_86fa3a23_25.pod5	200a66f3-3e05-46e1-a2db-f3db0a0b0b76	86fa3a23034ac4d64733bd929ae4595285b3e5bc	2446	1	18673.3	29.942	18673.5	29.8308	12689	23.0062	unclassified	chr11	27862628	27875306	6	12689	-	12709	12652	12602	31	26	50	60	0.999527	0.996048	0.991581	0
PBE62146_skip_1f47e940_86fa3a23_25.pod5	b29fcd0f-5815-4d1e-ab0d-b11dd92e268c	86fa3a23034ac4d64733bd929ae4595285b3e5bc	1511	3	18672	31.3016	18672.1	31.1796	12857	28.7577	unclassified	chr14	44268400	44281255	5	12857	-	12875	12832	12812	20	23	20	60	0.999611	0.998441	0.995107	0
PBE62146_skip_1f47e940_86fa3a23_25.pod5	fe51d34f-20ec-4979-9d36-cdcbc4110baa	86fa3a23034ac4d64733bd929ae4595285b3e5bc	2044	1	18676.8	27.1024	18676.8	27.1004	11127	10.1984	unclassified	chr7	85037136	85048353	6	11103	-	11558	10756	10149	341	461	607	60	0.997304	0.943566	0.878093	0
PBE62146_skip_1f47e940_86fa3a23_25.pod5	dc9105a0-7c5b-4504-85d3-a1bbe8fbafa4	86fa3a23034ac4d64733bd929ae4595285b3e5bc	2228	4	18679	24.7364	18679	24.6444	13724	25.0714	unclassified	chr2	167537481	167551208	8	13724	-	13753	13690	13660	26	37	30	60	0.999417	0.997809	0.993238	0
PBE62146_skip_1f47e940_86fa3a23_25.pod5	fd060049-fe0e-4073-aa12-6f0e4fe006d7	86fa3a23034ac4d64733bd929ae4595285b3e5bc	1055	2	18691	13.086	18691	13.084	5181	26.0828	unclassified	chr1	23885554	23890705	10	5154	-	5159	5136	5090	8	15	46	60	0.992859	0.991044	0.986625	0
PBE62146_skip_1f47e940_86fa3a23_25.pod5	5759fb4f-5f1e-4c87-980e-ce0d58beda56	86fa3a23034ac4d64733bd929ae4595285b3e5bc	1200	3	18694.8	9.2316	18694.8	9.2296	3504	29.3935	unclassified	chr5	34180482	34183951	4	3475	-	3471	3469	3464	2	0	5	60	0.990582	0.998559	0.997983	0
PBE62146_skip_1f47e940_86fa3a23_25.pod5	9ca689e9-2386-41ed-b470-adefa82324e4	86fa3a23034ac4d64733bd929ae4595285b3e5bc	1295	2	18697.2	6.6528	18697.2	6.6508	2798	11.0144	unclassified	chr10	78352128	78354912	11	2768	-	2859	2682	2569	75	102	113	60	0.985347	0.957867	0.898566	0
PBE62146_skip_1f47e940_86fa3a23_25.pod5	27f10e1d-7621-45fe-993d-ab5874579dab	86fa3a23034ac4d64733bd929ae4595285b3e5bc	687	4	18631.2	71.7842	18631.2	71.7822	28306	28.4054	unclassified	chr1	22940174	22968192	34	28301	+	28295	27990	27974	277	28	16	60	0.998622	0.999428	0.988655	0
PBE62146_skip_1f47e940_86fa3a23_25.pod5	6961f429-6b31-4fdc-b86d-a398ac5b5388	86fa3a23034ac4d64733bd929ae4595285b3e5bc	2576	1	18699.2	4.5544	18699.2	4.5524	2000	11.4534	unclassified	chr4	82037235	82039182	44	2000	+	2005	1898	1822	58	49	76	60	0.978	0.959958	0.908728	0
PBE62146_skip_1f47e940_86fa3a23_25.pod5	9c3875a1-991b-48bc-9543-6c224f6f30de	86fa3a23034ac4d64733bd929ae4595285b3e5bc	2289	1	18691.8	11.294	18691.9	11.1972	5599	32.5076	unclassified	chr10	41888673	41894464	5	5599	-	6095	5290	4590	304	501	700	1	0.999107	0.867675	0.753076	0
PBE62146_skip_1f47e940_86fa3a23_25.pod5	ff683092-4a5b-42cf-9d24-8129e8dcdffb	86fa3a23034ac4d64733bd929ae4595285b3e5bc	1064	3	18695.9	7.7828	18696	7.71	3236	26.6319	unclassified	chr7	6761859	6765092	6	3236	-	3236	3227	3220	3	6	7	38	0.998146	0.997831	0.995056	0
PBE62146_skip_1f47e940_86fa3a23_25.pod5	dc5feb11-c9fd-425d-9332-3763b984f89e	86fa3a23034ac4d64733bd929ae4595285b3e5bc	1680	1	18684	19.31	18684.1	19.218	7879	33.1747	unclassified	chrY	56753548	56761404	0	7873	+	7896	7833	7740	40	23	93	1	0.999238	0.988127	0.980243	0
PBE62146_skip_1f47e940_86fa3a23_25.pod5	d4e8b2cb-a7aa-4972-ad9b-d580f62ce9c1	86fa3a23034ac4d64733bd929ae4595285b3e5bc	1804	1	18662.5	41.028	18662.5	41.026	9209	17.6798	unclassified	chr17	69981798	69991044	24	9202	+	9293	9131	9051	47	115	80	60	0.996634	0.991239	0.973959	0
PBE62146_skip_1f47e940_86fa3a23_25.pod5	480bca25-8f58-43d1-b1ca-f0ef4b8b0f2a	86fa3a23034ac4d64733bd929ae4595285b3e5bc	2372	4	18694.4	9.1556	18694.5	9.0228	4216	28.6812	unclassified	chr5	32353987	32358184	10	4209	+	4203	4193	4190	6	4	3	60	0.995968	0.999285	0.996907	0
PBE62146_skip_1f47e940_86fa3a23_25.pod5	82c129da-6787-4bef-b386-17c957f7a2f6	86fa3a23034ac4d64733bd929ae4595285b3e5bc	1372	4	18693.6	10.4444	18693.7	10.29	4238	30.4529	unclassified	chr14	20666469	20670700	0	4238	+	4239	4230	4225	8	1	5	60	1	0.998818	0.996697	0
PBE62146_skip_1f47e940_86fa3a23_25.pod5	e87556f8-75ea-4641-83fd-18c6e23af831	86fa3a23034ac4d64733bd929ae4595285b3e5bc	920	1	18684.1	19.8632	18684.2	19.7592	7570	27.2526	unclassified	chr12	52412311	52419872	7	7570	-	7573	7551	7532	12	10	19	60	0.999075	0.997484	0.994586	0
PBE62146_skip_1f47e940_86fa3a23_25.pod5	5410731b-3c60-45b2-8940-ab47ce6f56a1	86fa3a23034ac4d64733bd929ae4595285b3e5bc	1301	3	18688.7	15.4892	18688.7	15.4872	6391	30.7651	unclassified	chr16	1420879	1425043	2212	6385	+	4176	4161	4153	12	3	8	60	0.652949	0.998077	0.994492	0
PBE62146_skip_1f47e940_86fa3a23_25.pod5	2327ca58-6a24-4ca4-97c6-69450af19113	86fa3a23034ac4d64733bd929ae4595285b3e5bc	1836	3	18696.8	7.1876	18697.1	6.918	3094	22.8815	unclassified	chr10	73627599	73630684	0	3087	+	3094	3078	3067	9	7	11	60	0.997738	0.996426	0.991273	0
PBE62146_skip_1f47e940_86fa3a23_25.pod5	55bfa35a-80f4-44ef-be3d-012f7ac81f06	86fa3a23034ac4d64733bd929ae4595285b3e5bc	1597	2	18665.9	37.9748	18666	37.8468	15872	25.4511	unclassified	chr1	178573056	178588938	4	15872	-	15904	15846	15822	22	36	24	60	0.999748	0.998485	0.994844	0
PBE62146_skip_1f47e940_86fa3a23_25.pod5	1676800e-b1ab-40c9-9ffe-889b437cb6b3	86fa3a23034ac4d64733bd929ae4595285b3e5bc	1723	1	18687.2	16.635	18687.2	16.633	6014	25.6825	unclassified	chr10	22314279	22320256	38	6007	+	5983	5963	5951	6	14	12	60	0.992517	0.997988	0.994651	0
PBE62146_skip_1f47e940_86fa3a23_25.pod5	691c023c-2450-478c-8024-a2c9d1958b57	86fa3a23034ac4d64733bd929ae4595285b3e5bc	2442	1	18672.2	31.3904	18672.3	31.2696	12932	25.7335	unclassified	chr10	27608613	27621575	8	12932	-	12979	12907	12863	17	55	44	60	0.999381	0.996591	0.991062	0
PBE62146_skip_1f47e940_86fa3a23_25.pod5	026adb6d-173a-4c01-a946-ee8a84795f7d	86fa3a23034ac4d64733bd929ae4595285b3e5bc	972	2	18672.1	31.2692	18672.1	31.194	14278	26.6816	unclassified	chr12	85639283	85653512	9	14278	-	14299	14199	14168	70	30	31	60	0.99937	0.997817	0.990839	0
PBE62146_skip_1f47e940_86fa3a23_25.pod5	0cc718ee-3765-42f3-943b-2728e98380f0	86fa3a23034ac4d64733bd929ae4595285b3e5bc	285	4	18699.4	4.8644	18699.5	4.7628	2022	29.7836	unclassified	chr19	15766579	15768593	0	2015	+	2015	2014	2014	1	0	0	60	0.996538	1	0.999504	0
PBE62146_skip_1f47e940_86fa3a23_25.pod5	91c88602-9968-4cb3-8dc5-7df39c8770ad	86fa3a23034ac4d64733bd929ae4595285b3e5bc	1623	2	18591.8	110.114	18591.8	110.112	47588	26.9459	unclassified	chr17	73765773	73813328	38	47581	+	47620	47478	47379	65	77	99	60	0.999054	0.997915	0.994939	0
PBE62146_skip_1f47e940_86fa3a23_25.pod5	77e867f3-e611-4c3e-9d62-7aefecd1f30d	86fa3a23034ac4d64733bd929ae4595285b3e5bc	1685	2	18689.8	14.2016	18689.8	14.1108	5892	21.7858	unclassified	chr4	175336701	175342595	6	5892	-	5912	5868	5853	18	26	15	60	0.998982	0.997444	0.99002	0
PBE62146_skip_1f47e940_86fa3a23_25.pod5	965d44bc-28f5-4910-9384-247686b16483	86fa3a23034ac4d64733bd929ae4595285b3e5bc	77	1	18686.1	8.6636	18686.3	8.5188	3165	32.0502	unclassified	chr16	80814582	80817747	0	3165	-	3166	3164	3162	1	1	2	60	1	0.999368	0.998737	0
PBE62146_skip_1f47e940_86fa3a23_25.pod5	31e692e5-8b27-415a-88dd-2aa47e10e3da	86fa3a23034ac4d64733bd929ae4595285b3e5bc	865	2	18700.8	3.416	18701	3.3	1368	28.9037	unclassified	chr17	74351884	74353249	0	1368	-	1368	1365	1365	3	0	0	60	1	1	0.997807	0
PBE62146_skip_1f47e940_86fa3a23_25.pod5	fe1629f9-ea71-4209-b6ae-b4bf8c24daaa	86fa3a23034ac4d64733bd929ae4595285b3e5bc	1810	2	18690.6	13.358	18690.7	13.2276	5545	23.9113	unclassified	chr15	74298522	74304054	5	5545	-	5549	5523	5501	17	9	22	60	0.999098	0.996017	0.99135	0
PBE62146_skip_1f47e940_86fa3a23_25.pod5	48841788-0aea-4c46-9e40-7dc54883f537	86fa3a23034ac4d64733bd929ae4595285b3e5bc	1106	2	18662.4	41.2016	18662.5	41.0544	17667	28.7493	unclassified	chr1	162200336	162217987	7	17667	-	17677	17634	17602	26	17	32	60	0.999604	0.998185	0.995757	0
PBE62146_skip_1f47e940_86fa3a23_25.pod5	4230c888-db49-49f6-9e54-b155ca1b23b1	86fa3a23034ac4d64733bd929ae4595285b3e5bc	1443	2	18649	54.3246	18649	54.3226	20667	26.6704	unclassified	chr10	110385277	110405941	22	20637	-	20686	20593	20549	22	71	44	60	0.997484	0.997863	0.993377	0
PBE62146_skip_1f47e940_86fa3a23_25.pod5	6e759f3e-fccb-44ed-af7a-720afc97d572	86fa3a23034ac4d64733bd929ae4595285b3e5bc	89	4	18666.3	37.8824	18666.4	37.7448	15284	27.7969	unclassified	chr8	61362863	61378156	0	15284	+	15306	15271	15247	13	22	24	60	1	0.998428	0.996145	0
PBE62146_skip_1f47e940_86fa3a23_25.pod5	f2e73d22-24ea-45e3-b7ef-26d72fa7aba3	86fa3a23034ac4d64733bd929ae4595285b3e5bc	2064	1	18664.1	39.71	18664.3	39.522	15338	31.1737	unclassified	chr12	973715	989021	8	15338	-	15351	15285	15263	45	21	22	60	0.999478	0.998561	0.994267	0
PBE62146_skip_1f47e940_86fa3a23_25.pod5	cbc895cf-8f5d-473c-b96b-556e35931056	86fa3a23034ac4d64733bd929ae4595285b3e5bc	1223	3	18675.3	29.09	18675.5	28.9428	9739	31.3152	unclassified	chr9	26805282	26815088	0	9730	+	9816	9720	9712	10	86	8	60	0.999076	0.999177	0.989405	0
PBE62146_skip_1f47e940_86fa3a23_25.pod5	b27ec037-f6c8-4549-bfb7-9479f9bbae61	86fa3a23034ac4d64733bd929ae4595285b3e5bc	2222	1	18701.1	3.056	18701.2	2.9424	1262	23.9213	unclassified	chr3	144306787	144308047	0	1262	-	1264	1258	1251	4	2	7	60	1	0.994436	0.989715	0
PBE62146_skip_1f47e940_86fa3a23_25.pod5	1d854133-f01b-48e6-8afd-8132d5695656	86fa3a23034ac4d64733bd929ae4595285b3e5bc	2302	2	18680.5	23.3876	18680.7	23.2356	9281	23.4258	unclassified	chr15	77395664	77404935	5	9281	-	9297	9250	9217	26	21	33	60	0.999461	0.996432	0.991395	0
PBE62146_skip_1f47e940_86fa3a23_25.pod5	fa5a13d1-e150-4ef5-abe2-3b10487176d5	86fa3a23034ac4d64733bd929ae4595285b3e5bc	1362	4	18681.1	22.8	18681.1	22.798	9059	22.8707	unclassified	chr2	114451316	114460344	6	9020	-	9053	8989	8969	25	39	20	60	0.995033	0.997775	0.990721	0
PBE62146_skip_1f47e940_86fa3a23_25.pod5	67675505-ff8b-453a-8f31-55e137828bae	86fa3a23034ac4d64733bd929ae4595285b3e5bc	2865	3	18672	21.6476	18672	21.6456	7199	21.103	unclassified	chr7	152544990	152553081	31	7199	+	8147	7112	7085	56	979	27	60	0.995694	0.996204	0.869645	0
PBE62146_skip_1f47e940_86fa3a23_25.pod5	cbdf5267-155d-4f74-bec8-939e9a20923a	86fa3a23034ac4d64733bd929ae4595285b3e5bc	1439	3	18647.1	56.39	18647.2	56.274	17542	23.0911	unclassified	chr4	75831108	75848589	0	17535	+	17553	17463	17420	72	18	43	60	0.999601	0.997538	0.992423	0
PBE62146_skip_1f47e940_86fa3a23_25.pod5	9b5269c2-612d-4aca-8c35-2f30f5d34697	86fa3a23034ac4d64733bd929ae4595285b3e5bc	2240	1	18666.4	28.3148	18666.4	28.3128	11967	9.7853	unclassified	chr5	134164785	134176917	0	11834	-	12411	11555	10912	279	577	643	60	0.988886	0.944353	0.87922	0
PBE62146_skip_1f47e940_86fa3a23_25.pod5	164eafbc-78a5-4f3f-9611-a39f30c9c535	86fa3a23034ac4d64733bd929ae4595285b3e5bc	2032	3	18663.4	40.67	18663.6	40.5276	16299	28.9408	unclassified	chr20	32938262	32954591	0	16299	-	16351	16277	16270	22	52	7	60	1	0.99957	0.995046	0
PBE62146_skip_1f47e940_86fa3a23_25.pod5	bfc5be2a-ec60-41eb-bb6e-7aa6082c82a0	86fa3a23034ac4d64733bd929ae4595285b3e5bc	423	1	18685.7	19.046	18685.8	18.9108	7253	24.604	unclassified	chr4	4765832	4773073	9	7253	-	7254	7231	7217	13	10	14	60	0.998759	0.998064	0.994899	0
PBE62146_skip_1f47e940_86fa3a23_25.pod5	01ebb1df-cabe-48f9-ba4a-e53b97e4fde9	86fa3a23034ac4d64733bd929ae4595285b3e5bc	1270	2	18668.2	36.14	18668.6	35.7936	10205	30.9733	unclassified	chr5	125075640	125081765	0	6131	+	6133	6123	6122	8	2	1	60	0.600784	0.999837	0.998206	0
PBE62146_skip_1f47e940_86fa3a23_25.pod5	62156bcb-6727-4332-ba4e-9ed1190613a8	86fa3a23034ac4d64733bd929ae4595285b3e5bc	336	1	18701.1	3.3772	18701.1	3.3752	1118	11.0774	unclassified	chr13	89410369	89411420	31	1075	+	1077	1018	981	26	33	37	60	0.93381	0.963654	0.910864	0
PBE62146_skip_1f47e940_86fa3a23_25.pod5	7c3d0be1-0d63-4418-9b83-2dd33e104201	86fa3a23034ac4d64733bd929ae4595285b3e5bc	2126	2	18675.1	28.9336	18675.1	28.9316	11770	11.3863	unclassified	chr1	235646679	235658567	9	11738	-	12194	11423	10952	306	465	471	60	0.996517	0.958767	0.898147	0
PBE62146_skip_1f47e940_86fa3a23_25.pod5	56747612-9624-48f0-9d85-3618fac83f6c	86fa3a23034ac4d64733bd929ae4595285b3e5bc	1343	3	18687.3	16.9544	18687.4	16.8456	7456	27.5491	unclassified	chr5	45750628	45758083	9	7456	-	7458	7444	7424	3	11	20	60	0.998793	0.997313	0.995441	0
PBE62146_skip_1f47e940_86fa3a23_25.pod5	ca46e90e-2f15-4f76-ba6a-7ffed5c1e81b	86fa3a23034ac4d64733bd929ae4595285b3e5bc	651	4	18669.2	35.0144	18669.4	34.8552	9904	33.7904	unclassified	chr5	174272366	174282258	7	9904	-	9901	9888	9882	9	4	6	60	0.999293	0.999393	0.998081	0
PBE62146_skip_1f47e940_86fa3a23_25.pod5	ea17abad-d92b-4821-9d07-73b099b427fd	86fa3a23034ac4d64733bd929ae4595285b3e5bc	97	2	18673.6	31.0796	18673.7	30.9156	7972	16.491	unclassified	chr3	146743927	146751028	7	7972	-	7980	7086	7083	879	15	3	60	0.999122	0.999577	0.887594	0
PBE62146_skip_1f47e940_86fa3a23_25.pod5	ae6bd56f-f6a5-4232-bf15-9f0d8908a502	86fa3a23034ac4d64733bd929ae4595285b3e5bc	1441	1	18702.5	2.0876	18702.5	2.0856	746	15.3314	unclassified	chr4	158063440	158064146	32	734	+	714	694	682	8	12	12	60	0.941019	0.982709	0.955182	0
PBE62146_skip_1f47e940_86fa3a23_25.pod5	79c16e1d-3b09-41b2-b81e-de77a84ff297	86fa3a23034ac4d64733bd929ae4595285b3e5bc	1666	1	18686.6	17.7644	18686.7	17.634	8025	26.0784	unclassified	chr7	62722940	62727289	3684	8025	-	4349	4341	4339	0	8	2	60	0.540935	0.999539	0.997701	0
PBE62146_skip_1f47e940_86fa3a23_25.pod5	5600ccbf-b7a3-478d-ae88-ef0a6d7e6c99	86fa3a23034ac4d64733bd929ae4595285b3e5bc	1017	2	18683	21.4928	18683.1	21.3996	8675	18.1773	unclassified	chr9	113723071	113731753	0	8665	+	8731	8616	8519	49	66	97	60	0.998847	0.988742	0.975719	0
PBE62146_skip_1f47e940_86fa3a23_25.pod5	10d6e89c-de76-4122-bfd6-59537da3c8f4	86fa3a23034ac4d64733bd929ae4595285b3e5bc	2048	1	18696.4	8.1116	18696.6	7.9428	3264	27.6377	unclassified	chr6	130752635	130755864	0	3257	+	3261	3225	3225	32	4	0	60	0.997855	1	0.98896	0
PBE62146_skip_1f47e940_86fa3a23_25.pod5	a60f9656-228d-4861-9e35-9636f49207ac	86fa3a23034ac4d64733bd929ae4595285b3e5bc	1314	2	18687	17.4844	18687	17.4824	7087	31.6766	unclassified	chr13	27998737	28004572	1143	7054	-	5921	5825	5776	86	10	49	60	0.834062	0.991588	0.975511	0
PBE62146_skip_1f47e940_86fa3a23_25.pod5	2711b551-fd22-4c22-aecd-38dc2b6992cb	86fa3a23034ac4d64733bd929ae4595285b3e5bc	2093	1	18691	13.43	18691.1	13.3284	5727	23.1025	unclassified	chr16	6400131	6405854	9	5727	-	5729	5712	5682	6	11	30	60	0.998429	0.994748	0.991796	0
PBE62146_skip_1f47e940_86fa3a23_25.pod5	75efb6a1-dcef-41f9-8032-70d9b4165396	86fa3a23034ac4d64733bd929ae4595285b3e5bc	523	2	18690.6	14.3396	18690.9	14.0508	5943	23.7675	unclassified	chr2	15415727	15421689	0	5935	+	5972	5925	5911	10	37	14	60	0.998654	0.997637	0.989786	0
PBE62146_skip_1f47e940_86fa3a23_25.pod5	b0ceb9cb-f7ca-445a-8d64-120c6e92be01	86fa3a23034ac4d64733bd929ae4595285b3e5bc	1429	4	18583.9	118.812	18583.9	118.81	48659	10.6427	unclassified	chr9	97269082	97318338	0	48643	-	50628	47271	44902	1372	1985	2369	60	0.999671	0.949885	0.886901	0
PBE62146_skip_1f47e940_86fa3a23_25.pod5	a0d751f7-fb37-4e06-8eaf-4429ed284193	86fa3a23034ac4d64733bd929ae4595285b3e5bc	2246	1	18662.7	41.21	18662.8	41.0484	17498	29.6877	unclassified	chr15	65187584	65205070	0	17492	+	17514	17464	17449	28	22	15	60	0.999657	0.999141	0.996289	0
PBE62146_skip_1f47e940_86fa3a23_25.pod5	fcbde746-8aae-4212-a48c-6dc2026a102d	86fa3a23034ac4d64733bd929ae4595285b3e5bc	2457	4	18624.6	77.972	18624.7	77.8212	31294	29.7538	unclassified	chr5	79345284	79376593	0	31294	-	31344	31259	31207	35	50	52	60	1	0.998336	0.995629	0
PBE62146_skip_1f47e940_86fa3a23_25.pod5	19a62f95-724c-467b-b945-08bea31b4ea9	86fa3a23034ac4d64733bd929ae4595285b3e5bc	1555	2	18683.4	20.7632	18683.5	20.6712	8870	29.7998	unclassified	chr4	13113126	13121996	0	8861	+	8872	8859	8847	2	11	12	60	0.998985	0.998645	0.997182	0
PBE62146_skip_1f47e940_86fa3a23_25.pod5	54ca7826-c654-45ad-a36a-6c09a0dc5b3a	86fa3a23034ac4d64733bd929ae4595285b3e5bc	329	2	18696.4	8.5472	18696.5	8.4684	3735	28.6394	unclassified	chr19	35969186	35972912	6	3734	-	3732	3722	3721	6	4	1	60	0.998126	0.999731	0.997052	0
PBE62146_skip_1f47e940_86fa3a23_25.pod5	3b8cada5-587c-4561-99b6-456800e1e658	86fa3a23034ac4d64733bd929ae4595285b3e5bc	1911	1	18662.4	42.038	18662.5	41.9148	16264	27.4561	unclassified	chr11	117865136	117881407	9	16264	-	16282	16244	16206	11	27	38	60	0.999447	0.997661	0.995332	0
PBE62146_skip_1f47e940_86fa3a23_25.pod5	6c4c39cb-db2b-40a9-beb0-102297258996	86fa3a23034ac4d64733bd929ae4595285b3e5bc	1139	4	18692.9	11.956	18692.9	11.954	5612	9.73462	unclassified	chr12	22175685	22181407	0	5566	-	5862	5426	5119	140	296	307	60	0.991803	0.943421	0.873251	0
PBE62146_skip_1f47e940_86fa3a23_25.pod5	983fca26-45c2-4b4d-86c3-5a3cdc3ece72	86fa3a23034ac4d64733bd929ae4595285b3e5bc	2601	1	18683.4	20.9466	18683.4	20.9446	5691	11.1784	unclassified	chr9	37118968	37124623	0	5655	-	5855	5455	5150	200	200	305	60	0.993674	0.944088	0.87959	0
PBE62146_skip_1f47e940_86fa3a23_25.pod5	175240cf-17d3-432a-a9d2-01ea4e407dad	86fa3a23034ac4d64733bd929ae4595285b3e5bc	1948	3	18695.9	8.6336	18696	8.532	3524	25.8092	unclassified	chrY	5628288	5631807	0	3524	+	3528	3515	3507	9	4	8	60	1	0.997724	0.994048	0
PBE62146_skip_1f47e940_86fa3a23_25.pod5	3210c542-bcb5-4f0a-a705-ba9e0c5cbe16	86fa3a23034ac4d64733bd929ae4595285b3e5bc	1538	4	18682.7	21.6812	18682.9	21.4956	10147	26.6807	unclassified	chr4	108629915	108640061	0	10142	+	10160	10128	10112	14	18	16	60	0.999507	0.99842	0.995276	0
PBE62146_skip_1f47e940_86fa3a23_25.pod5	d0e8caa8-16ae-43e6-b389-86568063f22b	86fa3a23034ac4d64733bd929ae4595285b3e5bc	1097	1	18673.8	30.026	18674	29.8764	9498	37.5997	unclassified	chr1	123126757	123136256	0	9490	+	9501	9488	8885	2	11	603	1	0.999158	0.936446	0.935165	0
PBE62146_skip_1f47e940_86fa3a23_25.pod5	ea89faa6-f3fd-4f91-bdea-97d50a5da5f4	86fa3a23034ac4d64733bd929ae4595285b3e5bc	899	3	18676.5	28.2284	18676.7	28.0512	11122	31.3644	unclassified	chr8	111578328	111589447	7	11122	-	11121	11113	11110	2	6	3	60	0.999371	0.99973	0.999011	0
PBE62146_skip_1f47e940_86fa3a23_25.pod5	7771ff79-c951-43c2-b0a2-19a275de55c1	86fa3a23034ac4d64733bd929ae4595285b3e5bc	2043	1	18684.6	20.2412	18684.7	20.1684	8731	24.0713	unclassified	chr8	78384452	78393173	0	8722	+	8737	8706	8687	16	15	19	60	0.998969	0.997818	0.994277	0
PBE62146_skip_1f47e940_86fa3a23_25.pod5	62a6447b-90ae-4e3a-a477-9cf5e5dcedd5	86fa3a23034ac4d64733bd929ae4595285b3e5bc	1450	1	18694.1	10.8872	18694.2	10.806	4752	23.7166	unclassified	chr3	116087993	116092744	0	4752	-	4759	4744	4730	8	7	14	60	1	0.997049	0.993906	0
PBE62146_skip_1f47e940_86fa3a23_25.pod5	2ba83d49-9c05-4343-a91d-7a16501a82c1	86fa3a23034ac4d64733bd929ae4595285b3e5bc	2535	1	18682.4	22.4818	18682.4	22.4798	7806	24.2093	unclassified	chr3	161885689	161893512	2	7806	+	7831	7796	7779	8	27	17	60	0.999744	0.997819	0.99336	0
PBE62146_skip_1f47e940_86fa3a23_25.pod5	75be4c0a-634b-412b-ab0d-dd9b59e4ee24	86fa3a23034ac4d64733bd929ae4595285b3e5bc	75	3	18694.1	11.1884	18694.3	10.9812	4505	26.8684	unclassified	chr7	54335498	54339829	175	4505	-	4333	4328	4323	2	3	5	60	0.961154	0.998845	0.997692	0
PBE62146_skip_1f47e940_86fa3a23_25.pod5	dad1c412-1005-41f9-9513-fe2e9d5478f7	86fa3a23034ac4d64733bd929ae4595285b3e5bc	850	1	18681.5	23.3744	18681.6	23.2812	9687	30.9466	unclassified	chr9	9601041	9610729	0	9679	+	9693	9674	9671	5	14	3	60	0.999174	0.99969	0.99773	0
PBE62146_skip_1f47e940_86fa3a23_25.pod5	5f0fc49a-0157-4600-8c61-14026a2045e1	86fa3a23034ac4d64733bd929ae4595285b3e5bc	1921	1	18688.9	15.9164	18689	15.8436	6687	19.4245	unclassified	chr2	34987981	34994673	0	6677	+	6710	6659	6609	18	33	50	60	0.998505	0.992491	0.984948	0
PBE62146_skip_1f47e940_86fa3a23_25.pod5	91018ef9-9f0d-43cf-970c-85d064d74a22	86fa3a23034ac4d64733bd929ae4595285b3e5bc	1845	3	18690.2	14.4092	18690.3	14.3076	5864	26.591	unclassified	chr19	49999323	50005185	6	5864	-	5869	5851	5844	7	11	7	60	0.998977	0.998804	0.99574	0
PBE62146_skip_1f47e940_86fa3a23_25.pod5	1562fc2e-737e-4482-b4e0-af30c2089953	86fa3a23034ac4d64733bd929ae4595285b3e5bc	852	3	18606.5	96.71	18606.6	96.5796	47227	24.7466	unclassified	chr15	57330182	57376245	1182	47221	+	46166	45936	45788	103	127	148	60	0.974845	0.996778	0.991812	0
PBE62146_skip_1f47e940_86fa3a23_25.pod5	21bc16cd-5f9d-4916-a608-c07ff119e17a	86fa3a23034ac4d64733bd929ae4595285b3e5bc	1866	4	18697.5	7.6664	18697.6	7.5624	2842	23.3855	unclassified	chr1	188872474	188875315	0	2838	+	2845	2834	2828	4	7	6	60	0.998593	0.997883	0.994025	0
PBE62146_skip_1f47e940_86fa3a23_25.pod5	9ef026ca-dd7b-44de-ad96-1b63ab73deaa	86fa3a23034ac4d64733bd929ae4595285b3e5bc	2118	2	18691.4	13.416	18691.4	13.414	5216	24.8647	unclassified	chr3	88411631	88416820	29	5208	+	5196	5172	5160	7	17	12	60	0.992906	0.99768	0.993072	0
PBE62146_skip_1f47e940_86fa3a23_25.pod5	759ac95f-6f52-4b21-9f0b-d5474dbdb4d3	86fa3a23034ac4d64733bd929ae4595285b3e5bc	2221	4	18685.7	18.7352	18685.9	18.612	7335	32.7076	unclassified	chr13	49793734	49801093	5	7335	-	7364	7325	7313	5	34	12	60	0.999318	0.998362	0.993074	0
PBE62146_skip_1f47e940_86fa3a23_25.pod5	913b086d-679d-4e38-b577-b1b34ba019ce	86fa3a23034ac4d64733bd929ae4595285b3e5bc	2806	3	18691.6	13.3172	18691.7	13.2036	5101	30.3993	unclassified	chr4	127972845	127977937	7	5101	-	5097	5089	5083	5	3	6	60	0.998628	0.998821	0.997253	0
PBE62146_skip_1f47e940_86fa3a23_25.pod5	5616231f-2a89-4217-be4f-aa77f3a69d57	86fa3a23034ac4d64733bd929ae4595285b3e5bc	1215	3	18689.5	15.584	18689.5	15.582	5168	27.6967	unclassified	chr10	14064039	14069154	5	5135	-	5131	5114	5101	16	1	13	60	0.992647	0.997458	0.994153	0
PBE62146_skip_1f47e940_86fa3a23_25.pod5	099e7dff-fad8-48f0-ba4d-a57be6f187e3	86fa3a23034ac4d64733bd929ae4595285b3e5bc	1141	2	18668.5	36.3464	18668.6	36.216	12639	28.9298	unclassified	chr22	28410591	28423215	6	12639	-	12643	12614	12602	19	10	12	60	0.999525	0.999049	0.996757	0
PBE62146_skip_1f47e940_86fa3a23_25.pod5	a249cfc6-b7a8-4baf-ba40-41b468166fe4	86fa3a23034ac4d64733bd929ae4595285b3e5bc	2802	4	18671.4	23.7212	18671.5	23.6004	8883	27.2992	unclassified	chr10	125465003	125473890	0	8883	+	8894	8876	8853	7	11	23	60	1	0.997409	0.99539	0
PBE62146_skip_1f47e940_86fa3a23_25.pod5	8e94c278-bad5-4fb4-8a18-2076266291e3	86fa3a23034ac4d64733bd929ae4595285b3e5bc	2324	4	18650.6	53.3834	18650.6	53.3814	18012	8.26377	unclassified	chr4	32336552	32355719	9	17971	-	19746	17383	16024	579	1784	1359	60	0.997224	0.92182	0.811506	0
PBE62146_skip_1f47e940_86fa3a23_25.pod5	6a35be37-e8f8-4eaf-8faf-267cd1ea2a30	86fa3a23034ac4d64733bd929ae4595285b3e5bc	1901	4	18685.1	20.1584	18685.2	20.0328	8820	25.9245	unclassified	chr7	63911712	63920549	0	8815	+	8848	8804	8798	11	33	6	60	0.999433	0.999318	0.994349	0
PBE62146_skip_1f47e940_86fa3a23_25.pod5	2284cddb-e4cd-4e64-9396-2f5897626868	86fa3a23034ac4d64733bd929ae4595285b3e5bc	2657	2	18649.1	55.322	18649.2	55.2204	21331	29.4503	unclassified	chr19	47973176	47986230	0	13054	+	13071	13037	13026	17	17	11	60	0.611973	0.999156	0.996557	0
PBE62146_skip_1f47e940_86fa3a23_25.pod5	fd191e3b-307f-4508-a4a2-e49bc1c489fd	86fa3a23034ac4d64733bd929ae4595285b3e5bc	2147	3	18698.5	7.1876	18698.6	7.062	2836	25.1863	unclassified	chr5	19087433	19090271	0	2831	+	2844	2825	2815	6	13	10	60	0.998237	0.99646	0.989803	0
PBE62146_skip_1f47e940_86fa3a23_25.pod5	28378b10-9754-487d-908e-3782da97e53f	86fa3a23034ac4d64733bd929ae4595285b3e5bc	542	2	18702.9	2.9274	18702.9	2.9254	1273	27.7859	unclassified	chr14	65284509	65285740	9	1238	-	1231	1229	1225	0	2	4	60	0.965436	0.996745	0.995126	0
PBE62146_skip_1f47e940_86fa3a23_25.pod5	b02ebe8f-e31b-4d51-8ec8-1150a37e48bf	86fa3a23034ac4d64733bd929ae4595285b3e5bc	1321	4	18590.8	110.648	18590.8	110.646	44809	10.7704	unclassified	chr16	70448358	70493694	17	44769	-	46402	43686	41705	1066	1650	1981	60	0.998728	0.954654	0.898776	0
PBE62146_skip_1f47e940_86fa3a23_25.pod5	49ac3b9f-6929-4098-85da-4a9aba8572f4	86fa3a23034ac4d64733bd929ae4595285b3e5bc	1780	1	18670.1	35.0684	18670.2	34.9164	15112	23.8067	unclassified	chr12	38554221	38569360	0	15112	-	15156	15095	15056	17	44	39	60	1	0.997416	0.993402	0
PBE62146_skip_1f47e940_86fa3a23_25.pod5	1f6dd01e-53c0-453c-9ac9-a45724a49ed0	86fa3a23034ac4d64733bd929ae4595285b3e5bc	2605	4	18648	56.1632	18648	56.1612	23828	27.7726	unclassified	chr14	53146399	53170226	30	23823	+	23848	23772	23732	21	55	40	60	0.998531	0.998317	0.995136	0
PBE62146_skip_1f47e940_86fa3a23_25.pod5	556fe53d-3c0e-4d42-b5ef-c2b6f19e47e9	86fa3a23034ac4d64733bd929ae4595285b3e5bc	2672	3	18643.6	60.0854	18643.6	60.0834	21986	33.9506	unclassified	chr4	49093137	49104858	6583	18489	-	12569	11058	9592	848	663	1466	1	0.541526	0.867426	0.763147	0
PBE62146_skip_1f47e940_86fa3a23_25.pod5	adca6a57-0119-4fac-a7bb-e30b14126c0f	86fa3a23034ac4d64733bd929ae4595285b3e5bc	435	1	18685.2	19.8772	18685.2	19.8752	8297	33.2164	unclassified	chrX	104262419	104270667	38	8290	+	8258	8242	8235	10	6	7	60	0.994576	0.999151	0.997215	0
PBE62146_skip_1f47e940_86fa3a23_25.pod5	245605d9-fdf4-49d9-a4a7-d056fe27203f	86fa3a23034ac4d64733bd929ae4595285b3e5bc	462	3	18676	28.9136	18676	28.9116	11606	21.3694	unclassified	chr1	123106372	123117939	2	11575	-	11586	11554	10567	19	13	987	1	0.997157	0.914575	0.912049	0
PBE62146_skip_1f47e940_86fa3a23_25.pod5	ec9e1f70-7de0-4f6d-8034-57900243fa02	86fa3a23034ac4d64733bd929ae4595285b3e5bc	433	2	18688.7	16.5884	18688.9	16.4532	6934	27.4156	unclassified	chr3	51966000	51972935	6	6934	-	6943	6920	6913	8	15	7	60	0.999135	0.998988	0.995679	0
PBE62146_skip_1f47e940_86fa3a23_25.pod5	d02228cd-671c-426b-9e47-46a89b34e268	86fa3a23034ac4d64733bd929ae4595285b3e5bc	2124	4	18700.8	4.9148	18701	4.686	1148	29.6125	unclassified	chr1	23848259	23849403	3	1148	-	1149	1140	1140	5	4	0	60	0.997387	1	0.992167	0
PBE62146_skip_1f47e940_86fa3a23_25.pod5	602d1c3d-936f-44b3-9a8d-1f23df012389	86fa3a23034ac4d64733bd929ae4595285b3e5bc	1201	4	18688.4	17.343	18688.4	17.341	7335	32.3718	unclassified	chr7	92507314	92514616	29	7326	+	7303	7296	7292	1	6	4	60	0.994819	0.999452	0.998494	0
PBE62146_skip_1f47e940_86fa3a23_25.pod5	f5a7bd27-0b22-4f7d-9183-3f255fc3a8a5	86fa3a23034ac4d64733bd929ae4595285b3e5bc	1665	2	18680.6	24.6908	18680.7	24.5904	9985	26.6481	unclassified	chr7	132268434	132278404	0	9978	+	9986	9962	9946	16	8	16	60	0.999299	0.998394	0.995994	0
PBE62146_skip_1f47e940_86fa3a23_25.pod5	86c3adca-5a67-42f8-9e52-f6654a94b8ae	86fa3a23034ac4d64733bd929ae4595285b3e5bc	2068	1	18689	16.142	18689.1	16.0428	7056	30.2881	unclassified	chr4	152913196	152920254	0	7050	+	7064	7044	7036	6	14	8	60	0.99915	0.998864	0.996036	0
PBE62146_skip_1f47e940_86fa3a23_25.pod5	1170daf4-2624-4e4f-8a98-1bff432606aa	86fa3a23034ac4d64733bd929ae4595285b3e5bc	148	1	18686.9	19.0664	18687	18.9624	8259	30.2072	unclassified	chr15	82636813	82645062	0	8248	+	8253	8244	8240	4	5	4	60	0.998668	0.999515	0.998425	0
PBE62146_skip_1f47e940_86fa3a23_25.pod5	b6884ac5-e5b4-4c79-a790-415f30e8496f	86fa3a23034ac4d64733bd929ae4595285b3e5bc	1138	3	18693.4	12.1388	18693.6	11.9364	5588	17.8622	unclassified	chr7	95217669	95223276	0	5581	+	5627	5561	5521	20	46	40	60	0.998747	0.992807	0.981162	0
PBE62146_skip_1f47e940_86fa3a23_25.pod5	b27b5f41-33b5-4c7b-8f52-1f09ca68dd9c	86fa3a23034ac4d64733bd929ae4595285b3e5bc	1390	2	18687.5	18.1076	18687.6	18.0012	7071	25.2361	unclassified	chr1	18615885	18622969	0	7067	+	7091	7060	7053	7	24	7	60	0.999434	0.999008	0.994641	0
PBE62146_skip_1f47e940_86fa3a23_25.pod5	426b8641-ccea-46f3-8722-1f92e6e6288d	86fa3a23034ac4d64733bd929ae4595285b3e5bc	576	1	18690.9	14.293	18690.9	14.291	6032	11.7192	unclassified	chr1	188646098	188651846	8	5999	-	6201	5538	5331	453	210	207	60	0.993203	0.962622	0.8597	0
PBE62146_skip_1f47e940_86fa3a23_25.pod5	977b09cd-cc1c-4eba-8bcf-2063531c549b	86fa3a23034ac4d64733bd929ae4595285b3e5bc	278	1	18703.4	1.2744	18703.5	1.1796	586	24.6461	unclassified	chr8	126614389	126614967	8	586	-	578	578	576	0	0	2	60	0.986348	0.99654	0.99654	0
PBE62146_skip_1f47e940_86fa3a23_25.pod5	5d9ca984-ade0-4c7f-8efa-443555ae61d9	86fa3a23034ac4d64733bd929ae4595285b3e5bc	1699	4	18663.7	41.5772	18663.8	41.412	15790	31.3718	unclassified	chr16	53365951	53381714	2	15790	-	15805	15746	15712	42	17	34	60	0.999873	0.997841	0.994116	0
PBE62146_skip_1f47e940_86fa3a23_25.pod5	8c105450-dd0f-4e93-b09f-d01baad64380	86fa3a23034ac4d64733bd929ae4595285b3e5bc	2136	2	18690.1	15.1862	18690.1	15.1842	4395	14.449	unclassified	chr2	94949424	94953753	37	4380	+	4378	4294	4199	49	35	95	60	0.988168	0.977876	0.959114	0
PBE62146_skip_1f47e940_86fa3a23_25.pod5	4881ca68-6fed-4849-96f6-6cbffe2a0446	86fa3a23034ac4d64733bd929ae4595285b3e5bc	278	1	18704.7	1.3716	18704.8	1.2804	581	21.0325	unclassified	chr8	126614390	126614968	0	574	+	578	574	571	0	4	3	60	0.987952	0.994774	0.987889	0
PBE62146_skip_1f47e940_86fa3a23_25.pod5	1da366c4-f3a1-4478-9c36-0fc999413c72	86fa3a23034ac4d64733bd929ae4595285b3e5bc	771	3	18694.3	11.5412	18694.4	11.4468	5340	26.5921	unclassified	chr15	20991941	20997276	12	5340	-	5344	5319	5307	9	16	12	60	0.997753	0.997744	0.993076	0
PBE62146_skip_1f47e940_86fa3a23_25.pod5	c00395aa-5076-4b0e-a22e-6fc2912015af	86fa3a23034ac4d64733bd929ae4595285b3e5bc	1272	3	18684	21.7424	18684.1	21.5952	9926	27.4094	unclassified	chr3	192990354	193000263	6	9926	-	9925	9904	9891	16	5	13	60	0.999396	0.998687	0.996574	0
PBE62146_skip_1f47e940_86fa3a23_25.pod5	fd3cae9d-082f-4ac8-8b2d-d2d960aa9280	86fa3a23034ac4d64733bd929ae4595285b3e5bc	531	1	18684.6	20.5268	18684.7	20.4108	7516	31.4162	unclassified	chr4	61389055	61396547	6	7516	-	7511	7491	7486	19	1	5	60	0.999202	0.999333	0.996672	0
PBE62146_skip_1f47e940_86fa3a23_25.pod5	d1482e7f-2f8d-4984-826c-348ecf685602	86fa3a23034ac4d64733bd929ae4595285b3e5bc	1104	1	18693.1	12.5156	18693.3	12.3948	4353	13.7346	unclassified	chr12	98143897	98148255	8	4353	-	4421	4282	4184	63	76	98	60	0.998162	0.977113	0.946392	0
PBE62146_skip_1f47e940_86fa3a23_25.pod5	e0c77881-79f9-460d-98ab-0359e9a44c4d	86fa3a23034ac4d64733bd929ae4595285b3e5bc	326	4	18697.8	8.3288	18697.9	8.2188	3374	20.3911	unclassified	chr6	40267774	40271167	1	3364	+	3399	3357	3335	6	36	22	60	0.99674	0.993447	0.981171	0
PBE62146_skip_1f47e940_86fa3a23_25.pod5	3a56ce4a-f4e9-4224-8e46-14369246d094	86fa3a23034ac4d64733bd929ae4595285b3e5bc	408	1	18697.6	8.6312	18697.6	8.5608	3626	26.3573	unclassified	chr3	136160251	136163869	12	3626	-	3622	3610	3608	4	8	2	60	0.996691	0.999446	0.996135	0
PBE62146_skip_1f47e940_86fa3a23_25.pod5	dd396109-daf3-40ad-9466-57b378b09ef9	86fa3a23034ac4d64733bd929ae4595285b3e5bc	1619	4	18688	17.7884	18688.1	17.6844	8119	24.7528	unclassified	chr10	64585359	64593373	105	8119	-	8036	7992	7975	22	22	17	60	0.987067	0.997873	0.992409	0
PBE62146_skip_1f47e940_86fa3a23_25.pod5	c51c61ed-4232-4894-a0e5-cc194d926f09	86fa3a23034ac4d64733bd929ae4595285b3e5bc	2066	4	18704.9	1.3448	18704.9	1.2624	559	23.0161	unclassified	chr12	89907477	89908027	9	559	-	550	550	549	0	0	1	60	0.9839	0.998182	0.998182	0
PBE62146_skip_1f47e940_86fa3a23_25.pod5	d515bf27-0535-4243-87ee-6d2bfe82be3c	86fa3a23034ac4d64733bd929ae4595285b3e5bc	1943	1	18678.5	27.2454	18678.5	27.2434	8779	20.4201	unclassified	chr1	31223858	31232576	38	8773	+	8770	8683	8645	52	35	38	60	0.994988	0.995624	0.985747	0
PBE62146_skip_1f47e940_86fa3a23_25.pod5	5732b2a0-e2fe-46ce-8fc8-0151893c19f8	86fa3a23034ac4d64733bd929ae4595285b3e5bc	1051	2	18675.9	29.5148	18676.1	29.37	11850	26.0482	unclassified	chr7	52338527	52350384	0	11844	+	11863	11838	11812	6	19	26	60	0.999494	0.997804	0.995701	0
PBE62146_skip_1f47e940_86fa3a23_25.pod5	05764e6f-ca2e-4f4b-8daf-a827a0ac1f3e	86fa3a23034ac4d64733bd929ae4595285b3e5bc	2115	4	18684	21.7292	18684.1	21.6252	8569	28.6615	unclassified	chr12	126806412	126811314	3657	8563	+	4908	4900	4882	6	2	18	60	0.572529	0.996327	0.994703	0
PBE62146_skip_1f47e940_86fa3a23_25.pod5	bfeaa251-196c-4136-a912-96b2ca02debd	86fa3a23034ac4d64733bd929ae4595285b3e5bc	1409	3	18628.2	76.7576	18628.4	76.6176	24911	14.527	unclassified	chr1	248773972	248798892	0	24904	+	25283	24541	24108	363	379	433	60	0.999719	0.982356	0.953526	0
PBE62146_skip_1f47e940_86fa3a23_25.pod5	f18ad021-be7d-4cdf-9f9c-c88aac6ffe08	86fa3a23034ac4d64733bd929ae4595285b3e5bc	1186	4	18692.8	13.364	18692.8	13.2696	4978	20.3676	unclassified	chr10	30431494	30436436	9	4972	-	4981	4924	4896	39	18	28	60	0.996987	0.994314	0.982935	0
PBE62146_skip_1f47e940_86fa3a23_25.pod5	a126f241-f1d5-4955-8a3c-7119d1c92053	86fa3a23034ac4d64733bd929ae4595285b3e5bc	861	2	18688.9	17.2088	18689	17.0568	4868	12.9185	unclassified	chr8	17317684	17322545	2	4868	-	4954	4773	4603	93	88	170	60	0.999589	0.964383	0.929148	0
PBE62146_skip_1f47e940_86fa3a23_25.pod5	55bad24b-31ff-4158-a427-55d14594a138	86fa3a23034ac4d64733bd929ae4595285b3e5bc	1471	4	18688.6	17.6144	18688.7	17.5104	7107	29.5062	unclassified	chr20	62851592	62858689	0	7101	+	7106	7092	7090	9	5	2	60	0.999156	0.999718	0.997748	0
PBE62146_skip_1f47e940_86fa3a23_25.pod5	5c03a579-41d2-4e29-96a0-39bba113d587	86fa3a23034ac4d64733bd929ae4595285b3e5bc	1120	4	18689.8	16.5536	18689.8	16.464	6246	23.6221	unclassified	chr4	36592471	36598716	0	6246	+	6258	6233	6203	13	12	30	60	1	0.995187	0.991211	0
PBE62146_skip_1f47e940_86fa3a23_25.pod5	0c861ddb-23c0-41e9-b63a-baa28a23cbec	86fa3a23034ac4d64733bd929ae4595285b3e5bc	1910	1	18674.2	31.5512	18674.5	31.3344	14006	23.3176	unclassified	chr19	6417631	6431029	5	14006	-	14076	13323	13294	678	75	29	60	0.999643	0.997823	0.944444	0
PBE62146_skip_1f47e940_86fa3a23_25.pod5	31dc9d3a-918b-4731-86ea-24b4179b0af4	86fa3a23034ac4d64733bd929ae4595285b3e5bc	2972	3	18685.5	19.9988	18685.5	19.9968	6163	36.8336	unclassified	chr5	55164302	55170422	6	6126	-	6123	6117	6115	3	3	2	60	0.993023	0.999673	0.998693	0
PBE62146_skip_1f47e940_86fa3a23_25.pod5	99f2700a-e949-4801-8d7c-b6de01f5f067	86fa3a23034ac4d64733bd929ae4595285b3e5bc	354	3	18683.8	22.4696	18683.9	22.3776	9250	27.7124	unclassified	chr15	33463379	33471734	6	8352	-	8358	8343	8318	3	12	25	60	0.90227	0.997003	0.995214	0
PBE62146_skip_1f47e940_86fa3a23_25.pod5	bc6f4bcc-a258-4ccd-a598-bc2017e189d3	86fa3a23034ac4d64733bd929ae4595285b3e5bc	777	2	18677.6	28.435	18677.6	28.433	11644	27.8962	unclassified	chr7	156911461	156923078	3	11618	-	11622	11610	11591	5	7	19	60	0.997509	0.998363	0.997333	0
PBE62146_skip_1f47e940_86fa3a23_25.pod5	8b8903e5-fded-4435-8c03-8c1679c6ce97	86fa3a23034ac4d64733bd929ae4595285b3e5bc	2314	2	18681.6	24.322	18681.6	24.32	11126	27.1959	unclassified	chr1	186761733	186768511	4337	11115	+	6782	6774	6753	4	4	21	60	0.609204	0.9969	0.995724	0
PBE62146_skip_1f47e940_86fa3a23_25.pod5	d7691349-e909-49d7-80b3-2c9d76baae58	86fa3a23034ac4d64733bd929ae4595285b3e5bc	722	2	18700.5	6.1428	18700.5	6.1408	1366	3.34039	unclassified	*	-1	-1	-1	-1	*	0	0	0	0	0	0	0	0	0	0	0
PBE62146_skip_1f47e940_86fa3a23_25.pod5	5ef9147c-ad37-4f68-99d8-d4bed97bee86	86fa3a23034ac4d64733bd929ae4595285b3e5bc	1715	3	18682.7	23.4044	18682.8	23.2428	8878	28.0751	unclassified	chr3	184993413	185002319	6	8878	-	8915	8863	8852	9	43	11	60	0.999324	0.998759	0.992933	0
PBE62146_skip_1f47e940_86fa3a23_25.pod5	0711019c-0a04-4fca-984d-b70025a8943b	86fa3a23034ac4d64733bd929ae4595285b3e5bc	367	3	18691.1	15.4208	18691.3	15.3096	5238	28.5339	unclassified	chr6	9084093	9089339	0	5238	+	5246	5238	5233	0	8	5	60	1	0.999045	0.997522	0
PBE62146_skip_1f47e940_86fa3a23_25.pod5	1702f892-3f58-4f98-bc72-43c109fd3db2	86fa3a23034ac4d64733bd929ae4595285b3e5bc	167	2	18698.6	7.7516	18698.7	7.6644	3700	23.2666	unclassified	chr4	168687106	168690814	0	3692	+	3715	3685	3666	7	23	19	60	0.997838	0.994844	0.98681	0
PBE62146_skip_1f47e940_86fa3a23_25.pod5	1b248391-bbe4-4e2e-b86b-90c0c5c4c753	86fa3a23034ac4d64733bd929ae4595285b3e5bc	644	3	18693.7	12.644	18693.8	12.5256	5384	18.2058	unclassified	chr5	73932298	73937683	0	5378	+	5422	5341	5294	37	44	47	60	0.998886	0.9912	0.976392	0
PBE62146_skip_1f47e940_86fa3a23_25.pod5	5450372e-0bed-4d64-84ec-673486664327	86fa3a23034ac4d64733bd929ae4595285b3e5bc	2229	3	18685.3	20.8046	18685.3	20.8026	5213	14.3352	unclassified	chr12	907689	912551	7	5089	-	5101	4843	4826	239	19	17	60	0.974871	0.99649	0.946089	0
PBE62146_skip_1f47e940_86fa3a23_25.pod5	98217cf8-27b8-4556-8d37-9841e51b4422	86fa3a23034ac4d64733bd929ae4595285b3e5bc	1293	3	18701.7	4.868	18701.8	4.7232	2046	26.8368	unclassified	chr8	28406310	28408351	0	2039	+	2043	2037	2033	2	4	4	60	0.996579	0.998036	0.995105	0
PBE62146_skip_1f47e940_86fa3a23_25.pod5	f8e5db18-98c6-4036-aced-c269da97a856	86fa3a23034ac4d64733bd929ae4595285b3e5bc	1521	2	18683	23.3876	18683.1	23.2788	10025	26.2873	unclassified	chr3	120849607	120859629	6	10025	-	10035	10006	9979	13	16	27	60	0.999402	0.997302	0.99442	0
PBE62146_skip_1f47e940_86fa3a23_25.pod5	fda14baf-8800-4165-b650-91f0451c645f	86fa3a23034ac4d64733bd929ae4595285b3e5bc	1463	2	18689.3	17.216	18689.5	17.0508	5436	21.6699	unclassified	chr21	14473780	14479200	9	5435	-	5442	5404	5385	22	16	19	60	0.99816	0.996484	0.989526	0
PBE62146_skip_1f47e940_86fa3a23_25.pod5	b2b7a8c5-be1f-4f7a-bfe4-075aafba74cf	86fa3a23034ac4d64733bd929ae4595285b3e5bc	806	4	18677.6	28.6556	18677.8	28.4796	10587	28.5036	unclassified	chr19	2600021	2610585	0	10577	+	10604	10537	10511	40	27	26	60	0.999055	0.997532	0.99123	0
PBE62146_skip_1f47e940_86fa3a23_25.pod5	54b0a44e-af3e-4faa-ad0b-08ab502ed6c8	86fa3a23034ac4d64733bd929ae4595285b3e5bc	1891	4	18699.8	6.7916	18699.9	6.6972	2822	29.1118	unclassified	chr9	93333719	93336536	0	2816	+	2819	2814	2808	2	3	6	60	0.997874	0.997868	0.996098	0
PBE62146_skip_1f47e940_86fa3a23_25.pod5	8c17f8f1-a520-477b-90d4-df728db9c255	86fa3a23034ac4d64733bd929ae4595285b3e5bc	1533	3	18697.5	9.1484	18697.6	9.0252	3877	26.3536	unclassified	chrX	141936477	141940352	8	3877	-	3876	3868	3863	1	7	5	60	0.997937	0.998707	0.996646	0
PBE62146_skip_1f47e940_86fa3a23_25.pod5	6c825b44-94cc-46c0-bba5-49ab107c07de	86fa3a23034ac4d64733bd929ae4595285b3e5bc	608	4	18692.1	14.39	18692.3	14.2428	5572	26.2227	unclassified	chr1	113904737	113910294	8	5572	-	5577	5544	5536	20	13	8	60	0.998564	0.998557	0.992648	0
PBE62146_skip_1f47e940_86fa3a23_25.pod5	c4b663af-0af5-4cf2-8d38-3b9a2e41e5c9	86fa3a23034ac4d64733bd929ae4595285b3e5bc	750	4	18613.7	90.5264	18613.8	90.4488	32552	30.6798	unclassified	chr17	53918950	53951478	7	32552	-	32555	32518	32504	27	10	14	60	0.999785	0.999569	0.998433	0
PBE62146_skip_1f47e940_86fa3a23_25.pod5	cc58638a-1c74-473f-a927-3cfe3f9bc997	86fa3a23034ac4d64733bd929ae4595285b3e5bc	577	2	18701.1	5.7968	18701.2	5.6736	1983	29.7804	unclassified	chr11	93193856	93195835	0	1983	+	1983	1979	1977	4	0	2	60	1	0.998989	0.996974	0
PBE62146_skip_1f47e940_86fa3a23_25.pod5	40146562-613b-406f-b945-8b3939137be4	86fa3a23034ac4d64733bd929ae4595285b3e5bc	830	3	18700.6	6.0908	18700.8	5.9268	1858	11.7535	unclassified	chr13	35994079	35995980	4	1858	+	1938	1817	1752	37	84	65	60	0.997847	0.964227	0.904025	0
PBE62146_skip_1f47e940_86fa3a23_25.pod5	9f8180f8-f6ba-4cd2-a0b2-e3e2eca1e6b3	86fa3a23034ac4d64733bd929ae4595285b3e5bc	2185	2	18683.6	22.6232	18683.7	22.5192	8949	28.35	unclassified	chr5	43151459	43160412	0	8949	+	8959	8943	8934	6	10	9	60	1	0.998994	0.997209	0
PBE62146_skip_1f47e940_86fa3a23_25.pod5	3199b8f1-150a-4152-afbc-db2aef238f3e	86fa3a23034ac4d64733bd929ae4595285b3e5bc	2642	3	18683.4	23.0808	18683.4	23.0788	8965	28.1817	unclassified	chr4	177004347	177013281	6	8927	-	8937	8918	8900	3	16	18	60	0.995092	0.997982	0.99586	0
PBE62146_skip_1f47e940_86fa3a23_25.pod5	7dde814f-5622-408a-8a98-f33f92f93b30	86fa3a23034ac4d64733bd929ae4595285b3e5bc	1879	1	18683.3	22.7804	18683.5	22.656	9796	25.1783	unclassified	chr9	105474357	105484173	1	9792	+	9825	9782	9767	9	34	15	60	0.99949	0.998467	0.994097	0
PBE62146_skip_1f47e940_86fa3a23_25.pod5	b88824be-9b55-4a31-a872-af82bf21b9a4	86fa3a23034ac4d64733bd929ae4595285b3e5bc	981	4	18649.8	55.9664	18649.9	55.8816	23886	21.7701	unclassified	chr3	164103025	164126915	9	23886	-	23958	23809	23737	68	81	72	60	0.999623	0.996976	0.990776	0
PBE62146_skip_1f47e940_86fa3a23_25.pod5	a95f46c0-32d9-4a27-a688-e7afbce32b2e	86fa3a23034ac4d64733bd929ae4595285b3e5bc	299	1	18683.9	13.6112	18684	13.464	5463	25.5596	unclassified	chr18	56502530	56507989	0	5463	-	5467	5455	5451	8	4	4	60	1	0.999267	0.997073	0
PBE62146_skip_1f47e940_86fa3a23_25.pod5	936d0a8b-0c13-4c1f-bf2e-1a384bd99d49	86fa3a23034ac4d64733bd929ae4595285b3e5bc	1615	1	18680.6	25.7392	18680.6	25.7372	10125	12.682	unclassified	chr3	172768171	172778296	6	10116	+	10388	9847	9492	263	278	355	60	0.998519	0.963948	0.913747	0
PBE62146_skip_1f47e940_86fa3a23_25.pod5	6491c239-47f0-4903-92c5-e19aca50cd19	86fa3a23034ac4d64733bd929ae4595285b3e5bc	2609	2	18654.8	51.1336	18654.8	51.1316	20792	29.129	unclassified	chr4	154391399	154412157	27	20787	+	20777	20741	20701	19	17	40	60	0.998461	0.998071	0.996342	0
PBE62146_skip_1f47e940_86fa3a23_25.pod5	97673ac0-7d84-4de8-8ffe-8c851db4c8e3	86fa3a23034ac4d64733bd929ae4595285b3e5bc	2596	3	18687	19.5704	18687.1	19.428	6346	27.0162	unclassified	chr12	127249819	127256163	0	6346	+	6360	6330	6311	16	14	19	60	1	0.996998	0.992296	0
PBE62146_skip_1f47e940_86fa3a23_25.pod5	58c98042-6a15-4f40-901e-5500a52714d5	86fa3a23034ac4d64733bd929ae4595285b3e5bc	409	4	18701.4	5.6972	18701.5	5.5164	2273	28.5413	unclassified	chr10	45735089	45737361	7	2273	-	2272	2266	2265	0	6	1	44	0.99692	0.999559	0.996919	0
PBE62146_skip_1f47e940_86fa3a23_25.pod5	d63d1861-724f-4302-93c6-caa767fefd53	86fa3a23034ac4d64733bd929ae4595285b3e5bc	2857	1	18690.7	15.848	18690.8	15.7488	6589	35.1171	unclassified	chr10	65623520	65630105	6	6589	-	6585	6583	6582	0	2	1	60	0.999089	0.999848	0.999544	0
PBE62146_skip_1f47e940_86fa3a23_25.pod5	bd665bbe-0d56-4f84-afe9-8b87a3b07aa9	86fa3a23034ac4d64733bd929ae4595285b3e5bc	794	3	18696.5	10.3568	18696.6	10.236	3926	30.1002	unclassified	chr9	5432252	5436172	0	3918	+	3920	3918	3903	0	2	15	60	0.997962	0.996172	0.995663	0
PBE62146_skip_1f47e940_86fa3a23_25.pod5	904d63c5-5b28-45d8-9b01-7cd7fe2a30d1	86fa3a23034ac4d64733bd929ae4595285b3e5bc	892	1	18607.3	97.2926	18607.3	97.2906	35637	16.6247	unclassified	chr19	39456483	39490963	30	35631	+	35682	34399	34306	1202	81	93	60	0.99899	0.997296	0.961437	0
PBE62146_skip_1f47e940_86fa3a23_25.pod5	25512bb1-fe50-4871-a159-393ff051e0e8	86fa3a23034ac4d64733bd929ae4595285b3e5bc	2285	3	18602.6	101.032	18602.8	100.878	42864	26.9548	unclassified	chr4	17626438	17669317	5	42864	-	42997	42741	42588	118	138	153	60	0.999883	0.99642	0.990488	0
PBE62146_skip_1f47e940_86fa3a23_25.pod5	8c9fb6aa-eceb-41cb-91c9-4c54796b54b5	86fa3a23034ac4d64733bd929ae4595285b3e5bc	720	4	18693.7	13.5608	18693.8	13.4352	4562	32.8324	unclassified	chr12	86263422	86267970	0	4550	+	4550	4548	4540	2	0	8	60	0.99737	0.998241	0.997802	0
PBE62146_skip_1f47e940_86fa3a23_25.pod5	82b6f45e-2361-460a-a4d6-218629652dab	86fa3a23034ac4d64733bd929ae4595285b3e5bc	704	2	18694.8	12.266	18694.9	12.15	4901	32.6743	unclassified	chr6	41389547	41394422	6	4901	-	4901	4869	4863	26	6	6	60	0.998776	0.998768	0.992247	0
PBE62146_skip_1f47e940_86fa3a23_25.pod5	ba14e502-129f-4ca1-93a4-be26dee3294c	86fa3a23034ac4d64733bd929ae4595285b3e5bc	1171	1	18681.9	23.6092	18681.9	23.6072	10731	30.9937	unclassified	chr1	143212150	143222480	20	10731	+	11055	9986	9761	725	344	225	60	0.998136	0.977468	0.882949	0
PBE62146_skip_1f47e940_86fa3a23_25.pod5	f42f48bb-41cf-40e0-bc17-60014f6ac0cf	86fa3a23034ac4d64733bd929ae4595285b3e5bc	1561	2	18679.1	27.6504	18679.1	27.6484	10148	17.6177	unclassified	chr10	89395302	89405438	8	10114	-	10201	10041	9952	65	95	89	60	0.995861	0.991136	0.975591	0
PBE62146_skip_1f47e940_86fa3a23_25.pod5	de015abb-4160-4d50-a79c-d68754548471	86fa3a23034ac4d64733bd929ae4595285b3e5bc	2216	4	18633.8	72.0192	18633.8	72.0172	25632	28.4029	unclassified	chr2	119677049	119702269	7	25599	-	25641	25171	25114	421	49	57	60	0.998439	0.997736	0.979447	0
PBE62146_skip_1f47e940_86fa3a23_25.pod5	b8eaacfc-5aba-4316-b473-5e0cb6883ce9	86fa3a23034ac4d64733bd929ae4595285b3e5bc	1054	1	18702.9	4.1252	18703.1	3.966	1518	22.2008	unclassified	chr10	65601756	65602817	457	1518	-	1061	1061	1060	0	0	1	60	0.698946	0.999057	0.999057	0
PBE62146_skip_1f47e940_86fa3a23_25.pod5	7fa1dac9-bfc8-435d-b857-417f43727879	86fa3a23034ac4d64733bd929ae4595285b3e5bc	753	3	18688	18.758	18688.2	18.6084	7547	26.485	unclassified	chr12	107678124	107685663	9	7547	-	7554	7523	7508	15	16	15	60	0.998807	0.998006	0.99391	0
PBE62146_skip_1f47e940_86fa3a23_25.pod5	888cf740-affe-484e-9e2e-96ec2c15519a	86fa3a23034ac4d64733bd929ae4595285b3e5bc	128	1	18696.5	10.5428	18696.6	10.4472	4598	23.157	unclassified	chr20	57387092	57391659	0	4587	+	4597	4557	4541	30	10	16	60	0.997608	0.996489	0.987818	0
PBE62146_skip_1f47e940_86fa3a23_25.pod5	a975cedf-fff2-41fe-a7c7-8c4ed4422577	86fa3a23034ac4d64733bd929ae4595285b3e5bc	1108	2	18687.7	19.0264	18687.7	19.0244	7483	33.0686	unclassified	chr1	184349889	184357326	35	7477	+	7447	7432	7431	10	5	1	60	0.994521	0.999865	0.997851	0
PBE62146_skip_1f47e940_86fa3a23_25.pod5	a917f5d6-a02f-4dd6-967e-ab097c6cf763	86fa3a23034ac4d64733bd929ae4595285b3e5bc	1562	3	18696.8	10.1804	18696.9	10.0596	4288	30.198	unclassified	chr18	76524892	76529173	7	4288	-	4285	4277	4273	4	4	4	60	0.998368	0.999065	0.9972	0
PBE62146_skip_1f47e940_86fa3a23_25.pod5	2e546f28-332d-4451-9357-6db61dfaa7c6	86fa3a23034ac4d64733bd929ae4595285b3e5bc	1586	1	18689.4	17.54	18689.5	17.4288	7211	27.2076	unclassified	chr14	65998188	66005404	5	7211	-	7222	7200	7184	6	16	16	60	0.999307	0.997778	0.994738	0
PBE62146_skip_1f47e940_86fa3a23_25.pod5	9d1f10fe-2a93-4bb3-8abf-590c4e581f45	86fa3a23034ac4d64733bd929ae4595285b3e5bc	1129	1	18682.6	24.1508	18682.8	24.0156	9192	27.1108	unclassified	chr13	19927817	19937020	0	9185	+	9208	9180	9167	5	23	13	60	0.999238	0.998584	0.995547	0
PBE62146_skip_1f47e940_86fa3a23_25.pod5	d0104993-9d63-48b1-8bbc-63c93754b815	86fa3a23034ac4d64733bd929ae4595285b3e5bc	2173	3	18696.9	10.0532	18697.1	9.7836	3164	23.7336	unclassified	chr7	128496297	128499455	6	3163	-	3169	3146	3137	11	12	9	60	0.997788	0.997139	0.989902	0
PBE62146_skip_1f47e940_86fa3a23_25.pod5	2900942c-82fe-4b3b-b681-e2b5072ba54b	86fa3a23034ac4d64733bd929ae4595285b3e5bc	40	3	18681.9	25.3052	18682	25.2012	9991	28.3992	unclassified	chr1	62027195	62037148	0	9985	+	9993	9945	9924	40	8	21	60	0.999399	0.997888	0.993095	0
PBE62146_skip_1f47e940_86fa3a23_25.pod5	67f11ba8-df4f-4e48-a5e4-f0f8a8eb6f52	86fa3a23034ac4d64733bd929ae4595285b3e5bc	374	3	18674.6	32.179	18674.6	32.177	13842	5.75043	unclassified	*	-1	-1	-1	-1	*	0	0	0	0	0	0	0	0	0	0	0
PBE62146_skip_1f47e940_86fa3a23_25.pod5	ff31fd7c-6f8d-4a76-9ee4-e565a4be82ba	86fa3a23034ac4d64733bd929ae4595285b3e5bc	421	2	18695.8	11.4044	18696	11.2452	4491	20.9741	unclassified	chr1	143456036	143460546	0	4483	+	4519	4474	4454	9	36	20	46	0.998219	0.99553	0.985616	0
PBE62146_skip_1f47e940_86fa3a23_25.pod5	650540d7-64bb-4dd0-aa77-d31e056291db	86fa3a23034ac4d64733bd929ae4595285b3e5bc	55	1	18680.3	27.1364	18680.3	27.066	11228	30.3323	unclassified	chr11	119229480	119240702	0	11219	+	11231	11210	11201	9	12	9	60	0.999198	0.999197	0.997329	0
PBE62146_skip_1f47e940_86fa3a23_25.pod5	2b9d4468-ee19-41a5-a7f6-f2304c423922	86fa3a23034ac4d64733bd929ae4595285b3e5bc	1369	2	18615.7	89.3552	18615.7	89.3532	37919	29.3124	unclassified	chrX	110327447	110365275	84	37917	+	37855	37806	37781	27	22	25	60	0.997732	0.999339	0.998045	0
PBE62146_skip_1f47e940_86fa3a23_25.pod5	ceae7a54-3ddd-4b08-8b06-deea852f0972	86fa3a23034ac4d64733bd929ae4595285b3e5bc	1971	4	18691.6	15.3116	18691.7	15.1752	3803	34.0721	unclassified	chr4	49649857	49653640	42	3798	+	4043	3496	3049	260	287	447	1	0.987641	0.87214	0.754143	0
PBE62146_skip_1f47e940_86fa3a23_25.pod5	f363f6a9-acb6-4cc5-b530-beb528c4a72c	86fa3a23034ac4d64733bd929ae4595285b3e5bc	2626	3	18693.6	13.1088	18693.6	13.1068	4885	24.154	unclassified	chr12	88738246	88743102	4	4857	-	4862	4847	4839	6	9	8	60	0.993449	0.998349	0.995269	0
PBE62146_skip_1f47e940_86fa3a23_25.pod5	ad911a7a-3833-4d24-a366-73053dea718a	86fa3a23034ac4d64733bd929ae4595285b3e5bc	968	3	18691.5	15.4424	18692.1	14.8704	5501	23.238	unclassified	chr16	6395844	6401332	6	5501	-	5500	5483	5448	12	5	35	60	0.998909	0.993617	0.990545	0
PBE62146_skip_1f47e940_86fa3a23_25.pod5	6d98ebff-e691-4487-8552-0f48f26768f8	86fa3a23034ac4d64733bd929ae4595285b3e5bc	734	2	18674.4	32.7314	18674.4	32.7294	13855	11.3947	unclassified	chr12	59925725	59939840	20	13826	-	14360	13561	13021	245	554	540	60	0.996463	0.96018	0.906755	0
PBE62146_skip_1f47e940_86fa3a23_25.pod5	73fd1756-52de-4b7f-97c9-fae7d53165e4	86fa3a23034ac4d64733bd929ae4595285b3e5bc	1158	1	18662.8	43.586	18662.9	43.482	17911	34.427	unclassified	chr1	213135765	213153667	0	17904	+	17918	17888	17876	16	14	12	60	0.999609	0.999329	0.997656	0
PBE62146_skip_1f47e940_86fa3a23_25.pod5	d42c8ed5-0d8a-4cdf-8cf9-c9cda3277f19	86fa3a23034ac4d64733bd929ae4595285b3e5bc	2592	3	18691.5	15.1976	18691.6	15.1008	6011	32.7997	unclassified	chr1	62965424	62971429	0	6004	+	6006	6003	6002	1	2	1	60	0.998835	0.999833	0.999334	0
PBE62146_skip_1f47e940_86fa3a23_25.pod5	361a4d61-f997-4a6a-8a6a-3192c3fca533	86fa3a23034ac4d64733bd929ae4595285b3e5bc	889	1	18692.1	15.3074	18692.1	15.3054	6650	26.049	unclassified	chr4	160290034	160296651	6	6615	-	6622	6604	6590	5	13	14	60	0.993835	0.99788	0.995168	0
PBE62146_skip_1f47e940_86fa3a23_25.pod5	70af1403-9092-47fc-b03f-579dce627b16	86fa3a23034ac4d64733bd929ae4595285b3e5bc	553	2	18683.2	23.708	18683.4	23.5776	9330	36.09	unclassified	chr5	49656275	49661623	2942	8321	-	5699	5028	4346	351	320	682	1	0.576527	0.86436	0.76259	0
PBE62146_skip_1f47e940_86fa3a23_25.pod5	bf53d0a4-6ad3-41a0-a953-a7cffe34d94b	86fa3a23034ac4d64733bd929ae4595285b3e5bc	1330	1	18695.8	11.492	18695.9	11.3736	4969	26.1272	unclassified	chr2	214970741	214975710	0	4962	+	4972	4959	4952	3	10	7	60	0.998591	0.998588	0.995977	0
PBE62146_skip_1f47e940_86fa3a23_25.pod5	d47799eb-0bc5-428b-979e-ab007de89b3b	86fa3a23034ac4d64733bd929ae4595285b3e5bc	931	4	18702	5.3228	18702.1	5.2236	2282	27.996	unclassified	chr8	82732225	82734495	0	2272	+	2273	2269	2269	3	1	0	60	0.995618	1	0.99824	0
PBE62146_skip_1f47e940_86fa3a23_25.pod5	37e8ef57-9ec5-4bdc-9601-46e478e8e9b4	86fa3a23034ac4d64733bd929ae4595285b3e5bc	1144	3	18700.2	7.0304	18700.4	6.9072	3059	26.4953	unclassified	chr5	91980015	91983071	7	3059	-	3063	3045	3038	7	11	7	60	0.997712	0.997701	0.991838	0
PBE62146_skip_1f47e940_86fa3a23_25.pod5	58c61783-88da-47c7-b2d9-46a422d4a745	86fa3a23034ac4d64733bd929ae4595285b3e5bc	2178	4	18693.2	13.9376	18693.3	13.9356	5116	14.3101	unclassified	chr17	32688522	32693324	7	4816	-	4818	4793	4763	16	9	30	60	0.939992	0.993741	0.988584	0
PBE62146_skip_1f47e940_86fa3a23_25.pod5	4f69c0da-6c19-46f1-ab63-8af922a8eb3c	86fa3a23034ac4d64733bd929ae4595285b3e5bc	279	4	18689.9	17.3648	18689.9	17.3628	6347	30.7617	unclassified	chr13	71644967	71651277	7	6321	-	6318	6306	6303	8	4	3	60	0.994801	0.999524	0.997626	0
PBE62146_skip_1f47e940_86fa3a23_25.pod5	60e7b27a-de35-4d9c-9890-81520b0d773a	86fa3a23034ac4d64733bd929ae4595285b3e5bc	316	4	18648	48.6452	18648.1	48.5412	19685	25.5831	unclassified	chr1	96186248	96205933	0	19680	+	19708	19657	19604	23	28	53	60	0.999746	0.997304	0.994723	0
PBE62146_skip_1f47e940_86fa3a23_25.pod5	becb9beb-bb07-4e33-a492-defa2954a3a1	86fa3a23034ac4d64733bd929ae4595285b3e5bc	120	4	18691.5	16.2624	18691.5	16.2604	7842	25.8282	unclassified	chr1	195011038	195018835	4	7805	-	7811	7787	7768	14	10	19	60	0.994772	0.99756	0.994495	0
PBE62146_skip_1f47e940_86fa3a23_25.pod5	8fcaad6e-e239-46de-b907-c75b522566b1	86fa3a23034ac4d64733bd929ae4595285b3e5bc	2597	1	18667.5	39.1976	18667.7	39.06	14063	24.1994	unclassified	chr19	12531034	12545112	0	14063	+	14109	14032	13995	31	46	37	60	1	0.997363	0.99192	0
PBE62146_skip_1f47e940_86fa3a23_25.pod5	0d1f80cd-2a7d-4d16-9107-51a984967024	86fa3a23034ac4d64733bd929ae4595285b3e5bc	65	4	18703.2	4.3796	18703.3	4.2636	1470	32.9455	unclassified	chr5	171578825	171580288	7	1470	-	1464	1462	1462	1	1	0	60	0.995238	1	0.998634	0
PBE62146_skip_1f47e940_86fa3a23_25.pod5	867f9501-2caa-4c5e-8bc8-54c92612d8de	86fa3a23034ac4d64733bd929ae4595285b3e5bc	696	1	18669.7	37.0844	18669.9	36.918	15242	29.5145	unclassified	chr12	83056640	83071884	2	15242	-	15251	15233	15212	7	11	21	60	0.999869	0.998621	0.997443	0
PBE62146_skip_1f47e940_86fa3a23_25.pod5	4cdeab5a-a2c5-4d2e-adae-9eb141979f2b	86fa3a23034ac4d64733bd929ae4595285b3e5bc	1657	1	18698.1	9.1064	18698.3	8.9808	3674	28.9911	unclassified	chr5	135042206	135045877	7	3674	-	3671	3667	3662	0	4	5	60	0.998095	0.998636	0.997548	0
PBE62146_skip_1f47e940_86fa3a23_25.pod5	659306ab-3948-4f84-9287-90b2b8861d20	86fa3a23034ac4d64733bd929ae4595285b3e5bc	2294	3	18671.1	28.0952	18671.1	28.0932	10350	15.1252	unclassified	chr12	31219114	31228710	32	9643	+	9672	9535	9447	76	61	88	60	0.928599	0.990771	0.976737	0
PBE62146_skip_1f47e940_86fa3a23_25.pod5	860cc6bd-66b1-43c2-b209-1b075b9cfc11	86fa3a23034ac4d64733bd929ae4595285b3e5bc	198	3	18690.5	16.823	18690.5	16.821	6855	14.9058	unclassified	chrX	128291481	128298326	8	6814	-	6911	6740	6613	66	105	127	60	0.992852	0.981157	0.95688	0
PBE62146_skip_1f47e940_86fa3a23_25.pod5	ab88499a-a068-413e-8b5c-2803cdf6af01	86fa3a23034ac4d64733bd929ae4595285b3e5bc	808	1	18685.6	19.7936	18685.6	19.7916	8145	9.7956	unclassified	chr21	31863346	31871601	7	8111	-	8519	7840	7371	264	415	469	60	0.994966	0.940179	0.865242	0
PBE62146_skip_1f47e940_86fa3a23_25.pod5	e996e19d-4b54-408c-81a7-e797d013ab37	86fa3a23034ac4d64733bd929ae4595285b3e5bc	2330	2	18675.8	30.746	18675.9	30.6348	12362	24.3696	unclassified	chr19	37289268	37301660	8	12362	-	12411	12335	12245	19	57	90	56	0.999353	0.992704	0.986625	0
PBE62146_skip_1f47e940_86fa3a23_25.pod5	ec72616a-f83d-4840-bc68-582181c5082d	86fa3a23034ac4d64733bd929ae4595285b3e5bc	2670	1	18700	6.9548	18700	6.9528	2480	27.8016	unclassified	chrX	96940215	96942656	30	2472	+	2442	2441	2439	1	0	2	60	0.984677	0.999181	0.998771	0
PBE62146_skip_1f47e940_86fa3a23_25.pod5	df4d4e75-104a-484e-a4b7-fd71253f7037	86fa3a23034ac4d64733bd929ae4595285b3e5bc	1239	2	18698.9	8.5466	18698.9	8.5446	2834	13.0084	unclassified	chr15	84943467	84946273	10	2802	-	2852	2746	2667	46	60	79	60	0.98518	0.971231	0.935133	0
PBE62146_skip_1f47e940_86fa3a23_25.pod5	a8cd2458-8fc7-4b7e-af0e-eeed4b11183c	86fa3a23034ac4d64733bd929ae4595285b3e5bc	1973	3	18691.7	15.6512	18691.9	15.4848	6658	25.4639	unclassified	chr3	47851813	47858470	6	6658	-	6662	6647	6639	5	10	8	60	0.999099	0.998796	0.996548	0
PBE62146_skip_1f47e940_86fa3a23_25.pod5	801aef11-6267-41e1-b268-6b7311cf736e	86fa3a23034ac4d64733bd929ae4595285b3e5bc	389	3	18706.5	1.2656	18706.7	1.0872	414	27.2774	unclassified	chr11	106335603	106336007	0	404	+	404	404	404	0	0	0	1	0.975845	1	1	0
PBE62146_skip_1f47e940_86fa3a23_25.pod5	479c1153-d3c6-4fca-98a0-e00504e45406	86fa3a23034ac4d64733bd929ae4595285b3e5bc	2696	4	18698.5	8.6708	18698.6	8.5752	3441	36.6193	unclassified	chr11	96568402	96571856	1	3441	+	3456	3438	3432	2	16	6	60	0.999709	0.998255	0.993056	0
PBE62146_skip_1f47e940_86fa3a23_25.pod5	6bab42ec-e9df-4065-9bd0-5f2fb740b67e	86fa3a23034ac4d64733bd929ae4595285b3e5bc	1344	3	18697	10.6828	18697	10.6808	4659	20.6219	unclassified	chr3	55371777	55376403	40	4652	+	4633	4605	4581	7	21	24	60	0.989912	0.994788	0.988776	0
PBE62146_skip_1f47e940_86fa3a23_25.pod5	07b6a08c-37ef-45fe-bb00-5407744b0c7d	86fa3a23034ac4d64733bd929ae4595285b3e5bc	217	4	18597.4	107.39	18597.5	107.278	44507	27.2711	unclassified	chr15	95877407	95921909	14	44507	-	44552	44443	44374	50	59	69	60	0.999685	0.998447	0.996005	0
PBE62146_skip_1f47e940_86fa3a23_25.pod5	3ca42d56-f938-41fb-983d-61aad02101a8	86fa3a23034ac4d64733bd929ae4595285b3e5bc	1011	2	18679.9	26.8424	18680	26.7084	11688	10.7989	unclassified	chr14	96374999	96386907	0	11681	+	12140	11449	10932	232	459	517	60	0.999401	0.954843	0.900494	0
PBE62146_skip_1f47e940_86fa3a23_25.pod5	7d8bc6d1-63c7-4b8a-99f9-3783cc6a76ff	86fa3a23034ac4d64733bd929ae4595285b3e5bc	205	3	18697.7	10.0676	18697.7	9.972	4426	23.3443	unclassified	chr6	167224343	167228761	13	4426	-	4428	4403	4385	10	15	18	60	0.997063	0.995912	0.990289	0
PBE62146_skip_1f47e940_86fa3a23_25.pod5	0314a28e-3657-4b8b-892d-4ee2e39e1dbc	86fa3a23034ac4d64733bd929ae4595285b3e5bc	1739	3	18703.2	4.4228	18703.3	4.314	1857	27.7496	unclassified	chr3	35581455	35583308	0	1857	+	1857	1853	1852	4	0	1	60	1	0.99946	0.997307	0
PBE62146_skip_1f47e940_86fa3a23_25.pod5	1e13f9f2-17bc-4a59-9c97-65d3e5cbda4c	86fa3a23034ac4d64733bd929ae4595285b3e5bc	1938	1	18693.5	14.1328	18693.5	14.1308	6067	11.6177	unclassified	chr12	105305992	105312091	51	6061	+	6216	5893	5649	117	206	244	60	0.990605	0.958595	0.908784	0
PBE62146_skip_1f47e940_86fa3a23_25.pod5	5c2695c9-38cb-43ec-8c21-b7f88f825d97	86fa3a23034ac4d64733bd929ae4595285b3e5bc	1642	2	18703.6	4.1996	18703.8	4.0572	1715	28.0728	unclassified	chr3	56787595	56789302	0	1706	+	1707	1706	1705	0	1	1	60	0.994752	0.999414	0.998828	0
PBE62146_skip_1f47e940_86fa3a23_25.pod5	d090f490-c05d-47d0-a3cb-4f892c89cbe3	86fa3a23034ac4d64733bd929ae4595285b3e5bc	2588	4	18696.6	10.9328	18696.6	10.9308	4228	25.7766	unclassified	chr1	225949172	225953348	42	4220	+	4190	4164	4158	14	12	6	60	0.988174	0.998559	0.992363	0
PBE62146_skip_1f47e940_86fa3a23_25.pod5	eb6a3d3d-f0af-4c7c-aa5c-dcb8d399f9a5	86fa3a23034ac4d64733bd929ae4595285b3e5bc	2133	1	18590.5	114.82	18590.5	114.818	47949	30.5303	unclassified	chr2	73792446	73840376	27	47942	+	47980	47865	47811	50	65	54	60	0.999291	0.998872	0.996478	0
PBE62146_skip_1f47e940_86fa3a23_25.pod5	e0097ed7-dd18-474a-8e4e-f0bb51f554ea	86fa3a23034ac4d64733bd929ae4595285b3e5bc	1657	1	18707.4	1.3496	18707.5	1.2288	601	24.5855	unclassified	chr7	125358928	125359525	3	601	-	598	597	595	1	0	2	60	0.995008	0.99665	0.994983	0
PBE62146_skip_1f47e940_86fa3a23_25.pod5	05a98abb-5e56-445c-9f4b-08ee73f24be7	86fa3a23034ac4d64733bd929ae4595285b3e5bc	1054	1	18707.1	1.3266	18707.1	1.3246	515	24.4176	unclassified	chr1	203712253	203712726	31	505	+	474	473	472	1	0	1	60	0.920388	0.997886	0.995781	0
PBE62146_skip_1f47e940_86fa3a23_25.pod5	0f00cf37-766d-496b-a484-a8a6051ba617	86fa3a23034ac4d64733bd929ae4595285b3e5bc	1426	1	18702.4	5.552	18702.5	5.4432	2263	25.2463	unclassified	chr4	125776179	125778438	0	2256	+	2261	2254	2246	2	5	8	60	0.996907	0.996451	0.993366	0
PBE62146_skip_1f47e940_86fa3a23_25.pod5	7fe3d3b4-be62-484b-a3f1-3b85a1311cdd	86fa3a23034ac4d64733bd929ae4595285b3e5bc	1716	4	18703.7	4.7204	18703.8	4.6368	2073	21.5374	unclassified	chr2	192135718	192137788	0	2064	+	2073	2061	2044	3	9	17	60	0.995658	0.991752	0.986011	0
PBE62146_skip_1f47e940_86fa3a23_25.pod5	929f91de-0660-4d27-895f-34952e65c91d	86fa3a23034ac4d64733bd929ae4595285b3e5bc	2091	4	18684.4	22.9772	18684.6	22.8276	5396	19.9687	unclassified	chr1	201298206	201303578	0	5391	+	5401	5362	5335	29	10	27	60	0.999073	0.994965	0.98778	0
PBE62146_skip_1f47e940_86fa3a23_25.pod5	c757a770-529e-4026-9c93-6cd705c1495b	86fa3a23034ac4d64733bd929ae4595285b3e5bc	1129	1	18706.8	2.0876	18706.9	1.9452	776	25.2444	unclassified	chr12	115000640	115001419	14	776	-	779	762	758	0	17	4	60	0.981959	0.994751	0.973042	0
PBE62146_skip_1f47e940_86fa3a23_25.pod5	3a7f7a14-3c4f-4b93-a456-56cfd3337733	86fa3a23034ac4d64733bd929ae4595285b3e5bc	2211	1	18699.6	8.1656	18699.8	8.0136	3643	27.9109	unclassified	chr5	104456238	104459870	9	3643	-	3634	3632	3625	2	0	7	60	0.99753	0.998073	0.997523	0
PBE62146_skip_1f47e940_86fa3a23_25.pod5	09048779-99f9-4987-a043-575ebe5e1eaf	86fa3a23034ac4d64733bd929ae4595285b3e5bc	1868	1	18698.9	9.0776	18699	8.952	3661	29.8365	unclassified	chr11	93604820	93608482	6	3661	-	3662	3655	3649	0	7	6	60	0.998361	0.998358	0.99645	0
PBE62146_skip_1f47e940_86fa3a23_25.pod5	ae934d41-939f-4a25-b457-dc7d05ad8e4d	86fa3a23034ac4d64733bd929ae4595285b3e5bc	1439	3	18703.8	4.2244	18703.8	4.2224	830	17.1398	unclassified	chr13	102762420	102762901	299	784	-	486	480	477	5	1	3	60	0.584337	0.99375	0.981481	0
PBE62146_skip_1f47e940_86fa3a23_25.pod5	e0628bfa-75c2-4a55-bd7f-e560b433afbd	86fa3a23034ac4d64733bd929ae4595285b3e5bc	2139	3	18680.3	26.334	18680.3	26.332	10404	34.6646	unclassified	chr2	94146048	94157109	5	10379	-	11069	10366	9948	8	695	418	1	0.997117	0.959676	0.898726	0
PBE62146_skip_1f47e940_86fa3a23_25.pod5	fefda10b-0cca-43b1-88ab-b79ff6c692d5	86fa3a23034ac4d64733bd929ae4595285b3e5bc	411	2	18702.5	5.432	18702.7	5.292	2164	34.0781	unclassified	chr8	22467032	22469188	0	2157	+	2157	2156	2156	1	0	0	60	0.996765	1	0.999536	0
PBE62146_skip_1f47e940_86fa3a23_25.pod5	36d9a8d9-205e-4153-9211-902172b4454b	86fa3a23034ac4d64733bd929ae4595285b3e5bc	2077	2	18687.6	19.7158	18687.6	19.7138	8274	22.7722	unclassified	chr2	215273997	215282138	0	8240	-	8266	8115	8075	125	26	40	60	0.995891	0.995071	0.976893	0
PBE62146_skip_1f47e940_86fa3a23_25.pod5	0d89c8b1-c932-4ca1-9ec0-333017d62af4	86fa3a23034ac4d64733bd929ae4595285b3e5bc	328	3	18701	6.9356	18701.1	6.8652	3188	29.9532	unclassified	chr10	74052790	74055974	9	3188	-	3184	3179	3178	0	5	1	60	0.997177	0.999685	0.998116	0
PBE62146_skip_1f47e940_86fa3a23_25.pod5	423d4a47-3792-432e-acd0-cbb903c4cdeb	86fa3a23034ac4d64733bd929ae4595285b3e5bc	1326	4	18704.8	4.442	18704.9	4.29	1771	21.5532	unclassified	chr5	53681435	53683062	0	1623	+	1627	1623	1620	0	4	3	60	0.916431	0.998152	0.995698	0
PBE62146_skip_1f47e940_86fa3a23_25.pod5	ac8a58e9-eb9d-40fd-aaac-ee9d84844b99	86fa3a23034ac4d64733bd929ae4595285b3e5bc	1835	2	18689	18.83	18689	18.828	7183	28.6979	unclassified	chr3	184470575	184477718	34	7177	+	7152	7134	7102	9	9	32	60	0.994431	0.995514	0.993009	0
PBE62146_skip_1f47e940_86fa3a23_25.pod5	be3ccf31-5ae1-41dd-b750-11d8105adb20	86fa3a23034ac4d64733bd929ae4595285b3e5bc	1564	1	18659.6	47.7704	18659.7	47.6328	22958	25.7322	unclassified	chr11	124827407	124850354	5	22958	-	22997	22903	22861	50	44	42	60	0.999782	0.998166	0.994086	0
PBE62146_skip_1f47e940_86fa3a23_25.pod5	acdf276c-d3d2-4fe2-ac28-cb8286318bdd	86fa3a23034ac4d64733bd929ae4595285b3e5bc	714	1	18698.9	8.9526	18698.9	8.9506	3942	30.1282	unclassified	chr1	213085834	213089733	33	3932	+	3903	3895	3889	4	4	6	60	0.989092	0.99846	0.996413	0
PBE62146_skip_1f47e940_86fa3a23_25.pod5	855bdad0-cd2a-4da2-9f4f-8438eeca972e	86fa3a23034ac4d64733bd929ae4595285b3e5bc	418	1	18669.1	38.1816	18669.1	38.1796	16236	30.8835	unclassified	chr11	66512993	66529195	7	16197	-	16214	16178	16170	12	24	8	60	0.997167	0.999506	0.997286	0
PBE62146_skip_1f47e940_86fa3a23_25.pod5	959c7d3c-e63d-4da1-8d27-571b11784494	86fa3a23034ac4d64733bd929ae4595285b3e5bc	668	2	18692.7	15.368	18692.9	15.2016	6574	29.8924	unclassified	chr8	114588395	114594658	7	6574	-	6590	6240	6220	327	23	20	60	0.998935	0.996795	0.943854	0
PBE62146_skip_1f47e940_86fa3a23_25.pod5	117a8c14-d8df-4423-b66b-8bc6dd11ef17	86fa3a23034ac4d64733bd929ae4595285b3e5bc	456	2	18705.4	3.576	18705.5	3.574	1364	9.69801	unclassified	chr19	55806700	55808049	9	1334	-	1390	1284	1217	41	65	67	60	0.971408	0.947819	0.87554	0
PBE62146_skip_1f47e940_86fa3a23_25.pod5	8e83211f-b7b4-4a82-ba05-19169bdb31a5	86fa3a23034ac4d64733bd929ae4595285b3e5bc	1347	1	18701.6	6.266	18701.8	6.1236	2484	28.7356	unclassified	chr2	60459255	60461741	0	2477	+	2487	2476	2473	1	10	3	60	0.997182	0.998788	0.994371	0
PBE62146_skip_1f47e940_86fa3a23_25.pod5	148a008b-52de-4866-881a-627e17af468a	86fa3a23034ac4d64733bd929ae4595285b3e5bc	2685	2	18701.6	6.962	18701.8	6.8268	3138	31.3047	unclassified	chr5	90304299	90307431	9	3138	-	3132	3129	3125	0	3	4	60	0.997132	0.998722	0.997765	0
PBE62146_skip_1f47e940_86fa3a23_25.pod5	2c811501-12db-4fa0-96ae-bcc9264fb2ba	86fa3a23034ac4d64733bd929ae4595285b3e5bc	1226	1	18643.8	62.1788	18644	62.0664	23709	32.2433	unclassified	chr4	50351485	50375183	1	23704	+	23720	23681	23455	22	17	226	1	0.999747	0.990456	0.988828	0
PBE62146_skip_1f47e940_86fa3a23_25.pod5	0bdf38c1-41cb-4624-a013-ff948c99eee2	86fa3a23034ac4d64733bd929ae4595285b3e5bc	2559	3	18674.8	32.6804	18674.9	32.5644	14663	19.9528	unclassified	chr3	34523306	34530737	7267	14663	-	7440	7387	7380	9	44	7	60	0.504399	0.999052	0.991935	0
PBE62146_skip_1f47e940_86fa3a23_25.pod5	28f9ed1b-39c2-4e2a-9325-3816341de150	86fa3a23034ac4d64733bd929ae4595285b3e5bc	2357	1	18697.3	10.4744	18697.4	10.3536	3954	31.5391	unclassified	chr5	17822691	17826636	0	3949	+	3954	3940	3933	9	5	7	60	0.998735	0.998223	0.994689	0
PBE62146_skip_1f47e940_86fa3a23_25.pod5	bcdd88ec-bdaf-44ab-8490-af3a57ec804b	86fa3a23034ac4d64733bd929ae4595285b3e5bc	2114	1	18687.4	20.2128	18687.4	20.2108	6687	28.6366	unclassified	chr7	22287844	22294498	7	6653	-	6659	6641	6632	5	13	9	60	0.993869	0.998645	0.995945	0
PBE62146_skip_1f47e940_86fa3a23_25.pod5	7036864d-4203-4a47-a49e-43e5ce7b9d2a	86fa3a23034ac4d64733bd929ae4595285b3e5bc	1122	4	18703.3	4.6652	18703.4	4.566	1941	31.2094	unclassified	chr3	117520834	117522767	0	1934	+	1934	1933	1930	1	0	3	60	0.996394	0.998448	0.997932	0
PBE62146_skip_1f47e940_86fa3a23_25.pod5	1226f7c4-02c2-43fc-9e61-09c2f59ef0bd	86fa3a23034ac4d64733bd929ae4595285b3e5bc	820	2	18679.8	18.7604	18680.1	18.534	6080	32.6896	unclassified	chr14	50320782	50326869	0	6080	-	6094	6073	6064	7	14	9	60	1	0.998518	0.995077	0
PBE62146_skip_1f47e940_86fa3a23_25.pod5	afce172a-d816-4b82-8bd0-1fbd655b416d	86fa3a23034ac4d64733bd929ae4595285b3e5bc	850	1	18705.5	2.5772	18705.6	2.4708	965	29.2203	unclassified	chr6	129834395	129835356	6	965	-	961	959	958	0	2	1	60	0.993782	0.998957	0.996878	0
PBE62146_skip_1f47e940_86fa3a23_25.pod5	324f8d3d-65fd-4e70-b91c-c229822e3f16	86fa3a23034ac4d64733bd929ae4595285b3e5bc	1175	2	18701.5	6.4524	18701.5	6.4504	2085	13.1912	unclassified	chr17	39358650	39360562	2	2047	-	2054	1903	1898	142	9	5	60	0.980815	0.997373	0.924051	0
PBE62146_skip_1f47e940_86fa3a23_25.pod5	f0a94de2-d032-46e6-ae4a-b1215be5590e	86fa3a23034ac4d64733bd929ae4595285b3e5bc	2782	1	18703.1	4.3628	18703.2	4.2468	1461	44.7021	unclassified	chr10	38786996	38788457	0	1461	+	1461	1461	1453	0	0	8	60	1	0.994524	0.994524	0
PBE62146_skip_1f47e940_86fa3a23_25.pod5	2f1aac36-7f2f-4ddc-9b5a-1ed506a68f5e	86fa3a23034ac4d64733bd929ae4595285b3e5bc	2543	1	18697.8	9.6212	18697.9	9.4908	3957	22.5287	unclassified	chr9	76438852	76442811	6	3957	-	3970	3940	3928	11	19	12	60	0.998484	0.996954	0.989421	0
PBE62146_skip_1f47e940_86fa3a23_25.pod5	2f776a6c-6a37-41a8-a00a-8a58c387ee51	86fa3a23034ac4d64733bd929ae4595285b3e5bc	1493	1	18700.3	7.7294	18700.3	7.7274	3161	34.7285	unclassified	chr1	41551223	41554351	0	3128	-	3130	3126	3125	2	2	1	60	0.98956	0.99968	0.998403	0
PBE62146_skip_1f47e940_86fa3a23_25.pod5	6c971c69-caea-4cf9-aa60-a2a4c39d4b4e	86fa3a23034ac4d64733bd929ae4595285b3e5bc	863	1	18681.4	26.3624	18681.6	26.2272	10847	25.9365	unclassified	chr1	148759396	148770252	0	10838	+	10865	10829	10814	9	27	15	45	0.99917	0.998615	0.995306	0
PBE62146_skip_1f47e940_86fa3a23_25.pod5	e495e3ee-949a-4632-a2a6-fcf74e21c95a	86fa3a23034ac4d64733bd929ae4595285b3e5bc	1891	4	18656.6	42.7772	18656.8	42.6252	17316	27.9677	unclassified	chr3	104280101	104297430	0	17308	+	17339	17298	17284	10	31	14	60	0.999538	0.999191	0.996828	0
PBE62146_skip_1f47e940_86fa3a23_25.pod5	f9c1ebe8-4421-48f7-8ecf-47fd33f611e5	86fa3a23034ac4d64733bd929ae4595285b3e5bc	2059	1	18628.9	78.2718	18628.9	78.2698	33109	27.5349	unclassified	chr1	144531014	144564110	31	33104	+	33139	33030	32988	43	66	42	60	0.998913	0.998728	0.995443	0
PBE62146_skip_1f47e940_86fa3a23_25.pod5	9e0148af-3fd4-46fc-82d5-a80c2edce5bc	86fa3a23034ac4d64733bd929ae4595285b3e5bc	927	3	18657.3	50.5052	18657.4	50.4	21844	27.2581	unclassified	chr18	66704326	66726143	8	21844	-	21863	21790	21755	46	27	35	60	0.999634	0.998394	0.99506	0
PBE62146_skip_1f47e940_86fa3a23_25.pod5	1e59a17a-04b8-45ef-8cfa-7dc6bc80d5e2	86fa3a23034ac4d64733bd929ae4595285b3e5bc	1407	1	18696.2	11.7944	18696.3	11.6976	4976	27.7474	unclassified	chr16	5296425	5301395	0	4970	+	4976	4964	4942	6	6	22	60	0.998794	0.995568	0.993167	0
PBE62146_skip_1f47e940_86fa3a23_25.pod5	a31c5cbc-010b-4338-a0de-87e0e8f2d42e	86fa3a23034ac4d64733bd929ae4595285b3e5bc	2562	2	18656.3	50.7118	18656.3	50.7098	20988	12.4893	unclassified	chr7	138592591	138614460	36	20988	+	22369	20452	19668	500	1417	784	60	0.998285	0.961666	0.879253	0
PBE62146_skip_1f47e940_86fa3a23_25.pod5	6ed55393-f10a-44c3-9b08-d51603b02d27	86fa3a23034ac4d64733bd929ae4595285b3e5bc	1954	1	18699.2	8.7816	18699.2	8.7796	3154	29.9538	unclassified	chr5	141803832	141806952	6	3120	-	3121	3113	3105	1	7	8	60	0.987318	0.99743	0.994873	0
PBE62146_skip_1f47e940_86fa3a23_25.pod5	ccedc51e-5d40-452a-a0fb-8eb4a6f01319	86fa3a23034ac4d64733bd929ae4595285b3e5bc	1594	3	18704.4	3.6524	18704.6	3.522	1523	22.3749	unclassified	chr1	75265836	75267348	0	1523	-	1525	1510	1504	13	2	6	60	1	0.996027	0.986229	0
PBE62146_skip_1f47e940_86fa3a23_25.pod5	62c12e6f-02ce-4d39-97c0-8e0a644e6ff3	86fa3a23034ac4d64733bd929ae4595285b3e5bc	2182	1	18697.3	10.7384	18697.5	10.5624	4927	13.9847	unclassified	chr17	35704654	35709631	0	4921	+	5029	4869	4771	52	108	98	60	0.998782	0.979873	0.948698	0
PBE62146_skip_1f47e940_86fa3a23_25.pod5	1859f018-0de0-45c1-a4cd-a3befd2133a6	86fa3a23034ac4d64733bd929ae4595285b3e5bc	1951	4	18697.1	10.9808	18697.2	10.8768	4529	31.2925	unclassified	chr5	86157633	86162152	0	4519	+	4519	4519	4517	0	0	2	60	0.997792	0.999557	0.999557	0
PBE62146_skip_1f47e940_86fa3a23_25.pod5	58d6f888-d63b-4db5-85a8-57c8887702f8	86fa3a23034ac4d64733bd929ae4595285b3e5bc	96	4	18704.7	3.6224	18704.8	3.5508	1591	24.2986	unclassified	chr11	21126869	21128463	0	1591	-	1595	1590	1579	1	4	11	60	1	0.993082	0.989969	0
PBE62146_skip_1f47e940_86fa3a23_25.pod5	df9b7d3b-c14f-4074-bba8-3ac6d8db5aa3	86fa3a23034ac4d64733bd929ae4595285b3e5bc	1701	1	18692.6	15.5708	18692.7	15.4596	6621	23.7883	unclassified	chrX	132742295	132748915	7	6621	-	6631	6603	6587	11	17	16	60	0.998943	0.997577	0.993365	0
PBE62146_skip_1f47e940_86fa3a23_25.pod5	4e979d50-0b71-4635-bc43-83eb9b79a26a	86fa3a23034ac4d64733bd929ae4595285b3e5bc	2189	1	18695.9	12.2336	18695.9	12.2316	4496	30.9118	unclassified	chr10	19577186	19581636	38	4489	+	4457	4444	4433	7	6	11	60	0.989991	0.997525	0.994615	0
PBE62146_skip_1f47e940_86fa3a23_25.pod5	9073d524-753b-49d0-88a7-66b5c6da54cc	86fa3a23034ac4d64733bd929ae4595285b3e5bc	1984	3	18685.4	22.4168	18685.5	22.3128	9913	26.3766	unclassified	chr20	22102603	22112519	6	9913	-	9924	9899	9881	8	17	18	60	0.999395	0.998182	0.995667	0
PBE62146_skip_1f47e940_86fa3a23_25.pod5	b31a5ed4-cb48-4118-adf6-a7e0ede64f72	86fa3a23034ac4d64733bd929ae4595285b3e5bc	653	4	18684.3	23.9456	18684.5	23.8008	9134	20.4592	unclassified	chr7	12418900	12428023	6	9134	-	9173	9078	9039	50	45	39	60	0.999343	0.995704	0.985392	0
PBE62146_skip_1f47e940_86fa3a23_25.pod5	c4154ad0-05c3-46a4-a384-89e9e2b03863	86fa3a23034ac4d64733bd929ae4595285b3e5bc	321	1	18634.1	73.7524	18634.1	73.7504	30356	25.6562	unclassified	chr4	64447236	64477606	21	30356	+	30404	30301	30221	34	69	80	60	0.999308	0.99736	0.993981	0
PBE62146_skip_1f47e940_86fa3a23_25.pod5	8db0fddf-c22b-43e3-abb1-4eea9c6b8df8	86fa3a23034ac4d64733bd929ae4595285b3e5bc	1290	3	18690.6	17.492	18690.8	17.37	9014	28.2075	unclassified	chr2	202282940	202291965	9	9014	-	9029	9001	8994	4	24	7	60	0.999002	0.999222	0.996124	0
PBE62146_skip_1f47e940_86fa3a23_25.pod5	ed7e8eee-259d-4068-aabf-24ed9b319d1d	86fa3a23034ac4d64733bd929ae4595285b3e5bc	2288	1	18674.7	32.7836	18674.8	32.6796	14093	24.3162	unclassified	chr8	10066160	10080281	7	14093	-	14140	14067	14012	19	54	55	60	0.999503	0.99609	0.990948	0
PBE62146_skip_1f47e940_86fa3a23_25.pod5	ebd3b12e-15b1-473c-a2a1-9146e2643bfa	86fa3a23034ac4d64733bd929ae4595285b3e5bc	597	2	18701.1	7.1122	18701.1	7.1102	2579	28.2963	unclassified	chr4	167500961	167503502	10	2552	-	2542	2541	2538	1	0	3	60	0.985653	0.998819	0.998426	0
PBE62146_skip_1f47e940_86fa3a23_25.pod5	211a51f6-b525-41ea-8278-7e6d17947aa4	86fa3a23034ac4d64733bd929ae4595285b3e5bc	1565	1	18691.5	16.7996	18691.6	16.6524	4598	24.8829	unclassified	chr5	81336448	81341175	5	4598	-	4730	4590	4584	3	137	6	60	0.998913	0.998693	0.969133	0
PBE62146_skip_1f47e940_86fa3a23_25.pod5	31c44af3-fe33-490a-80b6-8f4bd499a0d5	86fa3a23034ac4d64733bd929ae4595285b3e5bc	2054	1	18690.6	17.4668	18690.7	17.3388	7436	25.4122	unclassified	chr3	184587165	184594595	0	7429	+	7441	7418	7413	11	12	5	60	0.999059	0.999326	0.996237	0
PBE62146_skip_1f47e940_86fa3a23_25.pod5	eafdb871-ac0e-46eb-82d3-6cb1b2f158c4	86fa3a23034ac4d64733bd929ae4595285b3e5bc	69	2	18704.3	4.1636	18704.5	3.9612	1281	31.7437	unclassified	chr1	20939525	20940802	0	1275	+	1277	1275	1275	0	2	0	60	0.995316	1	0.998434	0
PBE62146_skip_1f47e940_86fa3a23_25.pod5	97a8f671-c02f-4f4a-9022-9c149dc9f2e6	86fa3a23034ac4d64733bd929ae4595285b3e5bc	2330	2	18706.5	1.6616	18706.6	1.5288	633	34.9513	unclassified	chr22	22007753	22008386	0	633	+	633	633	633	0	0	0	60	1	1	1	0
PBE62146_skip_1f47e940_86fa3a23_25.pod5	c714667b-d823-45a9-ad26-8c063685ca24	86fa3a23034ac4d64733bd929ae4595285b3e5bc	2942	4	18687.2	20.8928	18687.3	20.7648	8397	30.5322	unclassified	chr2	52623366	52631754	0	8389	+	8395	8382	8362	7	6	20	60	0.999047	0.997614	0.996069	0
PBE62146_skip_1f47e940_86fa3a23_25.pod5	6b4ecc7e-93b2-4fae-ac6d-c8bc6acde619	86fa3a23034ac4d64733bd929ae4595285b3e5bc	2542	1	18645.8	61.7048	18645.9	61.5768	24736	26.7167	unclassified	chr15	77004072	77028804	7	24736	-	24772	24689	24658	40	43	31	60	0.999717	0.998744	0.995398	0
PBE62146_skip_1f47e940_86fa3a23_25.pod5	5a69886c-f553-4694-9235-b3de99e7c7c0	86fa3a23034ac4d64733bd929ae4595285b3e5bc	288	1	18695.4	12.8136	18695.4	12.8116	5846	31.4861	unclassified	chr4	50034514	50040335	25	5843	+	5821	5818	5769	0	3	49	1	0.99521	0.991578	0.991067	0
PBE62146_skip_1f47e940_86fa3a23_25.pod5	1020a557-0a12-4284-9a9b-422c52f6c3ff	86fa3a23034ac4d64733bd929ae4595285b3e5bc	542	2	18705.8	2.7272	18705.9	2.6256	1234	22.799	unclassified	chr14	65284510	65285740	0	1230	+	1235	1225	1218	5	5	7	60	0.996759	0.994286	0.986235	0
PBE62146_skip_1f47e940_86fa3a23_25.pod5	b686ba4a-462e-4473-99f3-10c7b8286d98	86fa3a23034ac4d64733bd929ae4595285b3e5bc	1107	3	18680.5	27.8972	18680.6	27.7524	11149	28.3933	unclassified	chr15	40028072	40039199	0	11140	+	11152	11115	11093	25	12	22	60	0.999193	0.998021	0.994709	0
PBE62146_skip_1f47e940_86fa3a23_25.pod5	d0d1ccee-359e-49d3-bac4-f7a7f118f93d	86fa3a23034ac4d64733bd929ae4595285b3e5bc	2403	1	18693.6	14.8844	18693.7	14.7156	5951	26.6874	unclassified	chr18	46381871	46386360	8	4494	-	4490	4485	4475	1	4	10	60	0.753823	0.99777	0.996659	0
PBE62146_skip_1f47e940_86fa3a23_25.pod5	0c16233a-6074-4ff4-b2c6-35f2e8ed08c8	86fa3a23034ac4d64733bd929ae4595285b3e5bc	26	3	18690.5	18.0464	18690.7	17.8848	7127	25.7579	unclassified	chr4	153621652	153628784	5	7127	-	7141	7113	7102	9	19	11	60	0.999298	0.998454	0.994539	0
PBE62146_skip_1f47e940_86fa3a23_25.pod5	b9ca8e79-08a4-46fa-b4d2-441a1e1ca74f	86fa3a23034ac4d64733bd929ae4595285b3e5bc	807	3	18642.4	65.6912	18642.5	65.5752	25370	28.752	unclassified	chr4	41070047	41095416	0	25364	+	25392	25341	25306	23	28	35	60	0.999763	0.998619	0.996613	0
PBE62146_skip_1f47e940_86fa3a23_25.pod5	3b3f0bde-f263-44b4-9a72-a9f3e9230af4	86fa3a23034ac4d64733bd929ae4595285b3e5bc	1560	3	18696.1	12.3422	18696.1	12.3402	4427	26.2744	unclassified	chr3	44406325	44410720	7	4395	-	4399	4384	4378	4	11	6	60	0.99119	0.998631	0.995226	0
PBE62146_skip_1f47e940_86fa3a23_25.pod5	6fa292c4-7749-4332-a1c2-3d100f8d75b1	86fa3a23034ac4d64733bd929ae4595285b3e5bc	630	4	18700.6	7.9784	18700.7	7.8936	2876	26.5625	unclassified	chr2	28485951	28488800	0	2870	+	2871	2848	2846	22	1	2	60	0.997914	0.999298	0.991292	0
PBE62146_skip_1f47e940_86fa3a23_25.pod5	d59ad258-8c13-4ad8-b3d8-c300babff551	86fa3a23034ac4d64733bd929ae4595285b3e5bc	2582	2	18696.4	11.6828	18696.5	11.5524	4471	29.426	unclassified	chr1	82058831	82063295	8	4471	-	4465	4462	4453	1	2	9	60	0.998211	0.997983	0.997312	0
PBE62146_skip_1f47e940_86fa3a23_25.pod5	b79c0c3d-1d22-4bd2-9014-34994645b8c8	86fa3a23034ac4d64733bd929ae4595285b3e5bc	229	1	18696	12.584	18696.1	12.4704	4614	27.2844	unclassified	chr2	121460640	121465246	10	4614	-	4609	4601	4597	3	5	4	60	0.997833	0.999131	0.997396	0
PBE62146_skip_1f47e940_86fa3a23_25.pod5	4899aa35-bcfe-4598-b801-60a104234d7a	86fa3a23034ac4d64733bd929ae4595285b3e5bc	721	1	18700.2	8.5352	18700.4	8.2872	3391	27.9208	unclassified	chr10	89835786	89839167	7	3391	-	3384	3381	3377	3	0	4	60	0.997936	0.998817	0.997931	0
PBE62146_skip_1f47e940_86fa3a23_25.pod5	88c21cec-5ebf-4b5a-8732-9a9fbfc116f2	86fa3a23034ac4d64733bd929ae4595285b3e5bc	1523	3	18647.2	60.7872	18647.2	60.7852	24427	17.6559	unclassified	chr18	56608250	56632681	35	24421	+	24570	24247	24026	139	184	221	60	0.998322	0.990885	0.977859	0
PBE62146_skip_1f47e940_86fa3a23_25.pod5	e36d3a8c-5bf7-4ef2-a4bc-52eca1013f05	86fa3a23034ac4d64733bd929ae4595285b3e5bc	827	4	18694.4	14.3444	18694.6	14.1732	5825	27.5122	unclassified	chr5	7379940	7385757	0	5816	+	5819	5814	5812	2	3	2	60	0.998455	0.999656	0.998797	0
PBE62146_skip_1f47e940_86fa3a23_25.pod5	0ee81010-8c71-4e6a-b5bf-9c69f46eb0ef	86fa3a23034ac4d64733bd929ae4595285b3e5bc	238	1	18690.4	18.3056	18690.5	18.1416	7046	31.1997	unclassified	chr3	192319976	192327021	0	7039	+	7056	7028	6999	11	17	29	60	0.999007	0.995874	0.991922	0
PBE62146_skip_1f47e940_86fa3a23_25.pod5	b40de259-ff0f-4f21-a2b6-1db674b1a23d	86fa3a23034ac4d64733bd929ae4595285b3e5bc	298	3	18696.9	11.7788	18696.9	11.7768	5566	16.4922	unclassified	chr2	193704410	193709972	13	5558	+	5588	5519	5461	26	43	58	60	0.996227	0.989491	0.977273	0
PBE62146_skip_1f47e940_86fa3a23_25.pod5	6bf3357b-f633-4920-8fed-0bdf04c6ba80	86fa3a23034ac4d64733bd929ae4595285b3e5bc	1078	4	18700.6	7.8768	18700.6	7.8748	1399	3.25019	unclassified	*	-1	-1	-1	-1	*	0	0	0	0	0	0	0	0	0	0	0
PBE62146_skip_1f47e940_86fa3a23_25.pod5	4b4dfb05-08c5-4ade-af98-f1c4a53ce845	86fa3a23034ac4d64733bd929ae4595285b3e5bc	958	3	18692.7	15.8254	18692.7	15.8234	6459	14.215	unclassified	chr5	157244639	157251113	10	6432	-	6550	6346	6213	76	128	133	60	0.994272	0.979042	0.94855	0
PBE62146_skip_1f47e940_86fa3a23_25.pod5	e6e6fb43-d0c5-43f2-94e7-e0d887469e4e	86fa3a23034ac4d64733bd929ae4595285b3e5bc	1309	2	18699.1	9.0896	18699.2	8.9832	2701	36.8049	unclassified	chr2	207349180	207351872	0	2692	+	2692	2692	2692	0	0	0	60	0.996668	1	1	0
PBE62146_skip_1f47e940_86fa3a23_25.pod5	8121c1f3-65d7-4270-ab3c-0669c0b378e8	86fa3a23034ac4d64733bd929ae4595285b3e5bc	2225	2	18699.4	8.9696	18699.5	8.856	3095	11.5985	unclassified	chr14	28026411	28029534	0	3088	+	3203	3008	2891	80	115	117	60	0.997738	0.961104	0.902591	0
PBE62146_skip_1f47e940_86fa3a23_25.pod5	7dac68ef-8e9b-423d-8934-73af0036accf	86fa3a23034ac4d64733bd929ae4595285b3e5bc	79	3	18678.1	30.4136	18678.2	30.3	11573	28.1489	unclassified	chr11	134796424	134808016	0	11568	+	11608	11552	11528	16	40	24	60	0.999568	0.997922	0.993108	0
PBE62146_skip_1f47e940_86fa3a23_25.pod5	5cbc95d3-6697-4c1f-9fb9-9541db84c494	86fa3a23034ac4d64733bd929ae4595285b3e5bc	2470	3	18702.5	5.804	18702.6	5.7096	2486	24.1248	unclassified	chr17	62606776	62609263	0	2479	+	2490	2476	2470	3	11	6	60	0.997184	0.997577	0.991968	0
PBE62146_skip_1f47e940_86fa3a23_25.pod5	9b971275-7e80-4f7d-bbf6-f2259d9ecd95	86fa3a23034ac4d64733bd929ae4595285b3e5bc	1099	4	18693.3	15.284	18693.4	15.162	6513	24.2112	unclassified	chr18	72760307	72766830	0	6513	-	6529	6507	6494	6	16	13	60	1	0.998002	0.994639	0
PBE62146_skip_1f47e940_86fa3a23_25.pod5	6cc5b1f8-d994-4927-8271-4f14891d9f33	86fa3a23034ac4d64733bd929ae4595285b3e5bc	2793	4	18704	3.9296	18704.2	3.7032	902	24.7622	unclassified	chr11	31965366	31966268	0	902	+	903	901	897	1	1	4	60	1	0.99556	0.993355	0
PBE62146_skip_1f47e940_86fa3a23_25.pod5	be937262-cd55-4599-b47c-ef57ee04c2c0	86fa3a23034ac4d64733bd929ae4595285b3e5bc	1191	3	18703.3	5.167	18703.3	5.165	2467	10.3018	unclassified	chr2	239775851	239778337	0	2433	-	2566	2353	2218	80	133	135	60	0.986218	0.942626	0.86438	0
PBE62146_skip_1f47e940_86fa3a23_25.pod5	dc85179d-3393-4727-ab13-d038042eada0	86fa3a23034ac4d64733bd929ae4595285b3e5bc	78	2	18687.9	20.7812	18687.9	20.7792	8689	7.74239	unclassified	chr1	49596122	49605149	40	8588	+	9289	8286	7561	262	741	725	58	0.983773	0.912503	0.813974	0
PBE62146_skip_1f47e940_86fa3a23_25.pod5	93aa5ad6-3cca-4881-a097-7bf8907bae75	86fa3a23034ac4d64733bd929ae4595285b3e5bc	1580	3	18693.4	15.1592	18693.5	15.024	6671	27.0937	unclassified	chr9	66914708	66921383	9	6671	-	6684	6653	6638	9	22	15	60	0.998651	0.997745	0.993118	0
PBE62146_skip_1f47e940_86fa3a23_25.pod5	3bd82de0-1f0c-488a-94ab-9b18dd7277c9	86fa3a23034ac4d64733bd929ae4595285b3e5bc	1327	2	18696.9	11.8064	18697	11.712	4963	21.9365	unclassified	chr3	110551850	110556804	7	4963	-	4975	4935	4911	21	19	24	60	0.99859	0.995137	0.987136	0
PBE62146_skip_1f47e940_86fa3a23_25.pod5	6698a0de-af89-42ac-937b-bb9cdda0f987	86fa3a23034ac4d64733bd929ae4595285b3e5bc	2659	2	18701.1	7.6772	18701.2	7.5612	3127	21.6495	unclassified	chr9	64566728	64569865	0	3127	-	3143	3121	3108	6	16	13	39	1	0.995835	0.988864	0
PBE62146_skip_1f47e940_86fa3a23_25.pod5	c9430840-54d9-4b61-99de-d6a8450b44e6	86fa3a23034ac4d64733bd929ae4595285b3e5bc	1853	4	18691.3	17.3012	18691.5	17.178	8135	25.4311	unclassified	chr3	23983930	23992046	0	8132	+	8156	8092	8074	40	24	18	60	0.999631	0.997776	0.989946	0
PBE62146_skip_1f47e940_86fa3a23_25.pod5	40b0c488-04b9-42f5-9064-730bd0b52430	86fa3a23034ac4d64733bd929ae4595285b3e5bc	903	3	18698.8	9.9008	18698.8	9.8988	4919	31.169	unclassified	chr4	49098428	49103132	1	4913	+	5179	4437	3882	475	267	555	1	0.998577	0.874915	0.749566	0
PBE62146_skip_1f47e940_86fa3a23_25.pod5	18d29423-a6b3-4c1a-8675-5ab3e9216259	86fa3a23034ac4d64733bd929ae4595285b3e5bc	816	2	18699.7	9.2648	18699.9	9.0576	3651	30.8466	unclassified	chr13	54430600	54434242	0	3649	+	3649	3642	3640	7	0	2	60	0.999452	0.999451	0.997534	0
PBE62146_skip_1f47e940_86fa3a23_25.pod5	1cc1e3ba-3790-4b64-90d0-c90c11dec4a7	86fa3a23034ac4d64733bd929ae4595285b3e5bc	1128	4	18674.8	33.5516	18675	33.4068	14636	24.3454	unclassified	chr5	160782481	160797139	0	14627	+	14667	14618	14546	9	40	72	60	0.999385	0.995075	0.99175	0
PBE62146_skip_1f47e940_86fa3a23_25.pod5	e232a25a-91c8-49f2-8762-d916bdac76bc	86fa3a23034ac4d64733bd929ae4595285b3e5bc	294	4	18660.1	48.2624	18660.3	48.1368	17148	28.4896	unclassified	chr8	124924723	124941896	0	17141	+	17182	17132	17111	9	41	21	60	0.999592	0.998774	0.995868	0
PBE62146_skip_1f47e940_86fa3a23_25.pod5	6fdd25c7-7ea1-422d-bbd7-c79debbee038	86fa3a23034ac4d64733bd929ae4595285b3e5bc	1121	1	18703.6	5.2704	18703.7	5.2684	2357	9.75412	unclassified	chr1	229627091	229629467	33	2344	+	2438	2249	2105	62	127	144	60	0.980484	0.935972	0.863413	0
PBE62146_skip_1f47e940_86fa3a23_25.pod5	09225159-fbd7-424d-84f0-28814664846c	86fa3a23034ac4d64733bd929ae4595285b3e5bc	2420	2	18692.4	16.1032	18692.4	16.1012	6505	30.36	unclassified	chr1	166740375	166746843	1	6469	-	6469	6467	6462	1	1	5	60	0.994312	0.999227	0.998918	0
PBE62146_skip_1f47e940_86fa3a23_25.pod5	7f4133bf-1bf6-4a14-9c8d-518bff66f49e	86fa3a23034ac4d64733bd929ae4595285b3e5bc	718	1	18698.6	10.1984	18698.7	10.1136	5095	24.5575	unclassified	chr17	66181019	66186116	4	5092	-	5107	5078	5061	10	19	17	60	0.998626	0.996652	0.990993	0
PBE62146_skip_1f47e940_86fa3a23_25.pod5	25c61685-4020-458b-8541-9a8ff99ee68c	86fa3a23034ac4d64733bd929ae4595285b3e5bc	2732	4	18631.2	76.4948	18631.3	76.386	28231	27.0102	unclassified	chr13	98295764	98316731	7313	28225	+	21002	20877	20808	35	90	69	60	0.740746	0.996695	0.990763	0
PBE62146_skip_1f47e940_86fa3a23_25.pod5	d63822eb-af3a-4f73-83e1-a698f024b05b	86fa3a23034ac4d64733bd929ae4595285b3e5bc	468	1	18698.1	10.8944	18698.2	10.7712	4579	27.6339	unclassified	chr7	46772036	46776611	0	4579	-	4584	4570	4558	9	5	12	60	1	0.997374	0.994328	0
PBE62146_skip_1f47e940_86fa3a23_25.pod5	2a5a98b4-97a2-43b3-9421-c5943d09583f	86fa3a23034ac4d64733bd929ae4595285b3e5bc	1221	2	18696	12.7396	18696	12.7376	5362	7.9052	unclassified	chrX	66031736	66037317	79	5356	+	5772	5086	4662	191	495	424	60	0.984148	0.916634	0.807692	0
PBE62146_skip_1f47e940_86fa3a23_25.pod5	11f32049-9c83-4b23-a25f-761a36e13321	86fa3a23034ac4d64733bd929ae4595285b3e5bc	1798	1	18643.3	64.6388	18643.4	64.5444	27742	26.2671	unclassified	chr8	113887439	113915188	7	27742	-	27790	27694	27575	41	55	119	60	0.999748	0.995703	0.992263	0
PBE62146_skip_1f47e940_86fa3a23_25.pod5	1b4f0dc2-f1a2-44d7-a3e7-d969d9040fd1	86fa3a23034ac4d64733bd929ae4595285b3e5bc	169	4	18699.2	9.5924	18699.3	9.4596	4014	30.8962	unclassified	chr11	6022426	6026435	0	4008	+	4010	4007	4003	1	2	4	60	0.998505	0.999002	0.998254	0
PBE62146_skip_1f47e940_86fa3a23_25.pod5	04790c2d-775c-4c38-a59b-45287dc2527c	86fa3a23034ac4d64733bd929ae4595285b3e5bc	1067	3	18685.7	22.958	18685.8	22.8336	8692	16.7175	unclassified	chr2	147547218	147555651	0	8686	+	8695	8424	8393	262	9	31	60	0.99931	0.99632	0.965267	0
PBE62146_skip_1f47e940_86fa3a23_25.pod5	0bb7ee28-821b-4c3e-b19f-5bc8bde48d19	86fa3a23034ac4d64733bd929ae4595285b3e5bc	1184	4	18702.4	6.662	18702.4	6.5892	2425	26.4802	unclassified	chr5	121544430	121546850	8	2425	-	2420	2417	2416	0	3	1	60	0.996701	0.999586	0.998347	0
PBE62146_skip_1f47e940_86fa3a23_25.pod5	077431d3-47ef-4778-bce6-bca20009cdfb	86fa3a23034ac4d64733bd929ae4595285b3e5bc	459	3	18696.7	12.11	18696.8	11.9772	5053	24.6309	unclassified	chr10	100738504	100743553	0	5047	+	5075	5021	5002	26	28	19	60	0.998813	0.996216	0.985616	0
PBE62146_skip_1f47e940_86fa3a23_25.pod5	c0e1f119-b568-498e-b31d-74f432740b4c	86fa3a23034ac4d64733bd929ae4595285b3e5bc	287	3	18697.4	11.6168	18697.5	11.5224	4885	24.1949	unclassified	chr1	36100115	36105003	0	4879	+	4896	4871	4860	8	17	11	60	0.998772	0.997742	0.992647	0
PBE62146_skip_1f47e940_86fa3a23_25.pod5	9cc6ba7b-9d69-4da0-9584-d2055c6977e8	86fa3a23034ac4d64733bd929ae4595285b3e5bc	815	4	18699.7	9.4652	18699.7	9.4632	3644	23.4575	unclassified	chr12	361123	364745	22	3639	+	3627	3612	3595	5	10	17	60	0.992591	0.995293	0.991177	0
PBE62146_skip_1f47e940_86fa3a23_25.pod5	869a143c-aa8c-4436-b782-2b0c85529e20	86fa3a23034ac4d64733bd929ae4595285b3e5bc	2192	1	18654.5	53.807	18654.5	53.805	18036	24.1598	unclassified	chr18	25378287	25396307	28	18036	+	18048	17980	17958	28	40	22	60	0.998448	0.998776	0.995013	0
PBE62146_skip_1f47e940_86fa3a23_25.pod5	f97edb4f-3754-41e0-a350-637a62d6f263	86fa3a23034ac4d64733bd929ae4595285b3e5bc	1978	3	18707.6	1.6616	18707.8	1.4988	763	22.4057	unclassified	chr3	182002435	182003186	12	763	-	753	749	748	2	2	1	60	0.984273	0.998665	0.99336	0
PBE62146_skip_1f47e940_86fa3a23_25.pod5	096092f8-04ac-49ee-9a8c-8b2e16dcc300	86fa3a23034ac4d64733bd929ae4595285b3e5bc	2360	2	18696	12.9034	18696	12.9014	6265	24.5459	unclassified	chr12	60676384	60682604	10	6227	-	6228	6209	6190	8	11	19	60	0.992338	0.99694	0.993899	0
PBE62146_skip_1f47e940_86fa3a23_25.pod5	d9aa2eee-3fa0-4f5c-8422-c1886f6ad2c4	86fa3a23034ac4d64733bd929ae4595285b3e5bc	989	1	18698.9	10.1168	18698.9	10.1148	3476	22.2406	unclassified	chr10	58073587	58076669	32	3108	+	3085	3073	3060	3	9	13	60	0.884925	0.99577	0.991896	0
PBE62146_skip_1f47e940_86fa3a23_25.pod5	9c74bc06-03ba-4a8f-b2ca-6ec3634f23de	86fa3a23034ac4d64733bd929ae4595285b3e5bc	1152	3	18700.6	8.2524	18700.6	8.2504	3456	23.698	unclassified	chr10	71491530	71494952	34	3450	+	3427	3411	3403	5	11	8	60	0.988426	0.997655	0.992997	0
PBE62146_skip_1f47e940_86fa3a23_25.pod5	d4d8d9b1-f82c-47f3-ac3c-86a5d3c50b97	86fa3a23034ac4d64733bd929ae4595285b3e5bc	1169	2	18695.7	13.1704	18695.7	13.1684	4901	32.2892	unclassified	chr3	31653407	31658282	5	4874	-	4875	4869	4868	0	6	1	60	0.993471	0.999795	0.998564	0
PBE62146_skip_1f47e940_86fa3a23_25.pod5	1aa08b30-3174-44fe-8ec7-4906346b43c8	86fa3a23034ac4d64733bd929ae4595285b3e5bc	584	1	18673.6	34.934	18673.8	34.806	13797	26.7048	unclassified	chr15	89720918	89734704	0	13790	+	13804	13772	13758	18	14	14	60	0.999493	0.998983	0.996668	0
PBE62146_skip_1f47e940_86fa3a23_25.pod5	4548f6e9-3f7e-401f-bf8c-75aa6ea26004	86fa3a23034ac4d64733bd929ae4595285b3e5bc	2676	2	18699.8	9.524	18700	9.3444	3748	25.9586	unclassified	chr3	66105581	66109320	0	3738	+	3749	3728	3712	10	11	16	60	0.997332	0.995708	0.990131	0
PBE62146_skip_1f47e940_86fa3a23_25.pod5	5c312d6e-6fd3-4745-bcba-59fdfa15afa2	86fa3a23034ac4d64733bd929ae4595285b3e5bc	1724	1	18696.9	12.026	18697	11.8992	4370	26.1706	unclassified	chr2	38700963	38705341	0	4366	+	4390	4354	4347	12	24	7	60	0.999085	0.998392	0.990205	0
PBE62146_skip_1f47e940_86fa3a23_25.pod5	c8f26283-71ff-4ad6-a129-c99480196dd0	86fa3a23034ac4d64733bd929ae4595285b3e5bc	1081	1	18698.5	10.4192	18698.6	10.3032	4033	8.1493	unclassified	chr10	71465039	71469182	5	4019	+	4349	3808	3480	206	335	328	60	0.995289	0.913866	0.800184	0
PBE62146_skip_1f47e940_86fa3a23_25.pod5	1f7198b1-1644-4cf1-8f56-2041568cb7c8	86fa3a23034ac4d64733bd929ae4595285b3e5bc	870	3	18671.5	37.2392	18671.6	37.1016	15151	29.2379	unclassified	chr7	107887147	107902296	0	15151	-	15158	15142	15135	9	7	7	60	1	0.999538	0.998483	0
PBE62146_skip_1f47e940_86fa3a23_25.pod5	0c1d6ce8-0c1c-4abd-8a8b-4e0251580be9	86fa3a23034ac4d64733bd929ae4595285b3e5bc	487	3	18707.7	2.1314	18707.7	2.1294	870	12.514	unclassified	chr2	98725610	98726422	31	841	-	829	793	770	17	19	23	60	0.931035	0.970996	0.92883	0
