filename	read_id	run_id	channel	mux	start_time	duration	template_start	template_duration	sequence_length_template	mean_qscore_template	barcode	alignment_genome	alignment_genome_start	alignment_genome_end	alignment_strand_start	alignment_strand_end	alignment_direction	alignment_length	alignment_num_aligned	alignment_num_correct	alignment_num_insertions	alignment_num_deletions	alignment_num_substitutions	alignment_mapq	alignment_strand_coverage	alignment_identity	alignment_accuracy	alignment_bed_hits
PBC68281_skip_005c8e05_8a23e469_75.pod5	574e2e56-b246-4224-8ad3-c53c2d312485	8a23e469c315776043a099148a67107fc45d7c61	333	2	125431	1.3256	125431	1.3236	310	2.83667	unclassified	*	-1	-1	-1	-1	*	0	0	0	0	0	0	0	0	0	0	0
PBC68281_skip_005c8e05_8a23e469_75.pod5	636bce68-c8b6-41bb-b7dc-7d764111d802	8a23e469c315776043a099148a67107fc45d7c61	563	1	125571	2.7876	125571	2.7856	665	3.68493	unclassified	*	-1	-1	-1	-1	*	0	0	0	0	0	0	0	0	0	0	0
PBC68281_skip_005c8e05_8a23e469_75.pod5	c5f44edd-788e-4ca0-bfe5-66dbce9a6c5f	8a23e469c315776043a099148a67107fc45d7c61	1056	3	125438	1.8596	125438	1.8576	501	5.28838	unclassified	*	-1	-1	-1	-1	*	0	0	0	0	0	0	0	0	0	0	0
PBC68281_skip_005c8e05_8a23e469_75.pod5	0f0a8cc7-2fba-4731-a2d3-c946532c7b14	8a23e469c315776043a099148a67107fc45d7c61	2116	2	125481	1.4498	125481	1.4478	403	2.36662	unclassified	*	-1	-1	-1	-1	*	0	0	0	0	0	0	0	0	0	0	0
PBC68281_skip_005c8e05_8a23e469_75.pod5	0de65f30-2344-4fd3-8345-69bb8bf46355	8a23e469c315776043a099148a67107fc45d7c61	1866	3	125450	1.4906	125450	1.4886	386	2.95538	unclassified	*	-1	-1	-1	-1	*	0	0	0	0	0	0	0	0	0	0	0
PBC68281_skip_005c8e05_8a23e469_75.pod5	8045a5f5-ce3c-4aa3-aea2-cc735ff417d8	8a23e469c315776043a099148a67107fc45d7c61	1489	3	125435	3.793	125435	3.791	804	3.14798	unclassified	*	-1	-1	-1	-1	*	0	0	0	0	0	0	0	0	0	0	0
PBC68281_skip_005c8e05_8a23e469_75.pod5	90aa6c6f-f3d5-4cbe-8ba1-3211d91cf8b3	8a23e469c315776043a099148a67107fc45d7c61	2116	2	125570	1.4526	125570	1.4506	372	3.40477	unclassified	*	-1	-1	-1	-1	*	0	0	0	0	0	0	0	0	0	0	0
PBC68281_skip_005c8e05_8a23e469_75.pod5	f0285151-e7cd-4782-bcbf-bf8f416df0b3	8a23e469c315776043a099148a67107fc45d7c61	563	1	125569	1.7528	125569	1.7508	441	3.12009	unclassified	*	-1	-1	-1	-1	*	0	0	0	0	0	0	0	0	0	0	0
PBC68281_skip_005c8e05_8a23e469_75.pod5	73c6fda5-cf57-4dcf-93e9-279d8abb848b	8a23e469c315776043a099148a67107fc45d7c61	563	1	125478	1.2954	125478	1.2934	329	3.36695	unclassified	*	-1	-1	-1	-1	*	0	0	0	0	0	0	0	0	0	0	0
PBC68281_skip_005c8e05_8a23e469_75.pod5	2c3581f7-1233-48e5-a492-c04b83b8e079	8a23e469c315776043a099148a67107fc45d7c61	1882	1	125538	2.664	125538	2.662	693	6.92498	unclassified	*	-1	-1	-1	-1	*	0	0	0	0	0	0	0	0	0	0	0
PBC68281_skip_005c8e05_8a23e469_75.pod5	1fb5fb3b-6e1b-4e8c-834e-b52340d67d21	8a23e469c315776043a099148a67107fc45d7c61	2116	2	125534	1.4354	125534	1.4334	411	2.99999	unclassified	*	-1	-1	-1	-1	*	0	0	0	0	0	0	0	0	0	0	0
PBC68281_skip_005c8e05_8a23e469_75.pod5	cf71b45a-af95-4307-b291-4056dbb452bd	8a23e469c315776043a099148a67107fc45d7c61	1489	3	125579	3.8662	125579	3.8642	1103	2.84432	unclassified	*	-1	-1	-1	-1	*	0	0	0	0	0	0	0	0	0	0	0
PBC68281_skip_005c8e05_8a23e469_75.pod5	5f8bf7ec-decf-4bea-b976-1ad2166f394d	8a23e469c315776043a099148a67107fc45d7c61	2436	1	125564	4.3114	125564	4.3094	1108	2.52233	unclassified	*	-1	-1	-1	-1	*	0	0	0	0	0	0	0	0	0	0	0
PBC68281_skip_005c8e05_8a23e469_75.pod5	833a1118-cef7-429d-886a-46a42505e278	8a23e469c315776043a099148a67107fc45d7c61	2116	2	125586	3.0046	125586	3.0026	591	2.55989	unclassified	*	-1	-1	-1	-1	*	0	0	0	0	0	0	0	0	0	0	0
PBC68281_skip_005c8e05_8a23e469_75.pod5	a144e749-deb8-43aa-a1d4-496701b88eb6	8a23e469c315776043a099148a67107fc45d7c61	2205	3	125432	1.3122	125432	1.3102	311	3.36197	unclassified	*	-1	-1	-1	-1	*	0	0	0	0	0	0	0	0	0	0	0
PBC68281_skip_005c8e05_8a23e469_75.pod5	575331ad-90a4-4787-9068-9986d8e7dcdc	8a23e469c315776043a099148a67107fc45d7c61	373	2	125527	5.9828	125527	5.9808	359	6.89045	unclassified	*	-1	-1	-1	-1	*	0	0	0	0	0	0	0	0	0	0	0
PBC68281_skip_005c8e05_8a23e469_75.pod5	1bd1142e-c918-4ac5-9ac1-be40b4dcdfaf	8a23e469c315776043a099148a67107fc45d7c61	2116	2	125521	1.7864	125521	1.7844	372	3.32125	unclassified	*	-1	-1	-1	-1	*	0	0	0	0	0	0	0	0	0	0	0
PBC68281_skip_005c8e05_8a23e469_75.pod5	ae96b18a-e19c-4c76-9b96-edff558e51a1	8a23e469c315776043a099148a67107fc45d7c61	1882	1	125578	1.8118	125578	1.8098	387	2.44246	unclassified	*	-1	-1	-1	-1	*	0	0	0	0	0	0	0	0	0	0	0
PBC68281_skip_005c8e05_8a23e469_75.pod5	8895b613-e0dc-4afa-bc62-80f4beb1bc36	8a23e469c315776043a099148a67107fc45d7c61	1698	2	125555	7.0688	125556	6.804	3452	23.5325	unclassified	chr5	170518875	170522323	0	3446	+	3457	3437	3426	9	11	11	60	0.998262	0.9968	0.991033	0
PBC68281_skip_005c8e05_8a23e469_75.pod5	c1a12128-c9e0-49b7-b73b-003b5df0385d	8a23e469c315776043a099148a67107fc45d7c61	841	4	125537	8.9888	125537	8.9868	3525	27.0246	unclassified	chr7	89140337	89143828	34	3525	+	3491	3491	3487	0	0	4	60	0.990355	0.998854	0.998854	0
PBC68281_skip_005c8e05_8a23e469_75.pod5	2c80cf5f-0640-483d-9e7c-03d8cbbac7e0	8a23e469c315776043a099148a67107fc45d7c61	29	4	125493	11.009	125493	11.007	3953	23.7315	unclassified	chr6	118180514	118184403	45	3944	+	3907	3881	3870	18	8	11	60	0.98634	0.997166	0.99053	0
PBC68281_skip_005c8e05_8a23e469_75.pod5	e3a3bf18-ecf0-4f1f-ac2b-d07242ba90af	8a23e469c315776043a099148a67107fc45d7c61	47	1	125538	13.4012	125538	13.2948	3642	25.7524	unclassified	chr9	107043052	107046682	12	3642	-	3634	3626	3622	4	4	4	60	0.996705	0.998897	0.996698	0
PBC68281_skip_005c8e05_8a23e469_75.pod5	8fed4f8b-88b1-43fb-a926-c260310b445b	8a23e469c315776043a099148a67107fc45d7c61	2070	3	125430	2.1898	125430	2.1878	521	2.99998	unclassified	*	-1	-1	-1	-1	*	0	0	0	0	0	0	0	0	0	0	0
PBC68281_skip_005c8e05_8a23e469_75.pod5	df8ae4ca-2b7e-4ba5-8921-affdd5600e69	8a23e469c315776043a099148a67107fc45d7c61	2116	2	125444	1.541	125444	1.539	440	2.99998	unclassified	*	-1	-1	-1	-1	*	0	0	0	0	0	0	0	0	0	0	0
PBC68281_skip_005c8e05_8a23e469_75.pod5	f0ee9b90-9437-4cd7-a31c-bf4e422f91a4	8a23e469c315776043a099148a67107fc45d7c61	1882	1	125502	2.1598	125502	2.1578	521	2.76863	unclassified	*	-1	-1	-1	-1	*	0	0	0	0	0	0	0	0	0	0	0
PBC68281_skip_005c8e05_8a23e469_75.pod5	9b880129-9526-4b17-8c2b-9b07c0a3cbc1	8a23e469c315776043a099148a67107fc45d7c61	1882	1	125499	1.5918	125499	1.5898	421	3.00669	unclassified	*	-1	-1	-1	-1	*	0	0	0	0	0	0	0	0	0	0	0
PBC68281_skip_005c8e05_8a23e469_75.pod5	3f0f7d2c-187f-4bb6-b20e-296344e94041	8a23e469c315776043a099148a67107fc45d7c61	1413	2	125501	1.4168	125501	1.2624	473	31.1795	unclassified	chr7	103303601	103304073	1	473	-	472	472	472	0	0	0	60	0.997886	1	1	0
PBC68281_skip_005c8e05_8a23e469_75.pod5	8182cc84-c3fd-46c1-a67c-e675abc0f79d	8a23e469c315776043a099148a67107fc45d7c61	1578	3	125543	3.498	125543	3.496	2115	17.095	unclassified	chr4	53322471	53324578	31	2112	+	2117	2071	2050	10	36	21	60	0.983924	0.98986	0.968351	0
PBC68281_skip_005c8e05_8a23e469_75.pod5	1acd6352-b51e-4fa7-87b0-9dcd9df4d338	8a23e469c315776043a099148a67107fc45d7c61	563	1	125539	1.506	125539	1.504	384	3.28547	unclassified	*	-1	-1	-1	-1	*	0	0	0	0	0	0	0	0	0	0	0
PBC68281_skip_005c8e05_8a23e469_75.pod5	b71156ce-341b-408b-af69-5ef057675489	8a23e469c315776043a099148a67107fc45d7c61	563	1	125591	2.2054	125591	2.2034	467	2.96365	unclassified	*	-1	-1	-1	-1	*	0	0	0	0	0	0	0	0	0	0	0
PBC68281_skip_005c8e05_8a23e469_75.pod5	da3cfede-a0fd-445d-9b34-e0b02f2f4fa6	8a23e469c315776043a099148a67107fc45d7c61	333	2	125521	3.2168	125521	3.2148	704	2.91132	unclassified	*	-1	-1	-1	-1	*	0	0	0	0	0	0	0	0	0	0	0
PBC68281_skip_005c8e05_8a23e469_75.pod5	f1f73b66-150d-426f-8c9a-75d0c961917c	8a23e469c315776043a099148a67107fc45d7c61	2116	2	125590	3.6654	125590	3.6634	860	3.39725	unclassified	*	-1	-1	-1	-1	*	0	0	0	0	0	0	0	0	0	0	0
PBC68281_skip_005c8e05_8a23e469_75.pod5	afcc19d5-f9f5-4531-a6ef-bec3e3cd4cde	8a23e469c315776043a099148a67107fc45d7c61	1445	4	125428	5.677	125428	5.675	2671	24.5037	unclassified	chr13	28116110	28118751	0	2636	-	2641	2636	2629	0	5	7	60	0.986896	0.997344	0.995456	0
PBC68281_skip_005c8e05_8a23e469_75.pod5	efe87434-af03-4b8b-a52a-650be3e7e169	8a23e469c315776043a099148a67107fc45d7c61	1875	3	125585	2.312	125585	2.31	519	3.01507	unclassified	*	-1	-1	-1	-1	*	0	0	0	0	0	0	0	0	0	0	0
PBC68281_skip_005c8e05_8a23e469_75.pod5	d3031f02-80c2-4475-aff2-e9a432a505b8	8a23e469c315776043a099148a67107fc45d7c61	776	4	125527	1.8278	125527	1.8258	482	2.89982	unclassified	*	-1	-1	-1	-1	*	0	0	0	0	0	0	0	0	0	0	0
PBC68281_skip_005c8e05_8a23e469_75.pod5	e13133bd-2609-4a35-80dc-85775bf83433	8a23e469c315776043a099148a67107fc45d7c61	2072	4	125565	1.375	125565	1.373	593	33.0355	unclassified	chr9	17407834	17408390	0	555	-	556	555	553	0	1	2	60	0.935919	0.996396	0.994604	0
PBC68281_skip_005c8e05_8a23e469_75.pod5	1a53f2c3-eb37-4315-9759-bce1b658f82c	8a23e469c315776043a099148a67107fc45d7c61	333	2	125541	2.456	125541	2.454	591	3.04623	unclassified	*	-1	-1	-1	-1	*	0	0	0	0	0	0	0	0	0	0	0
PBC68281_skip_005c8e05_8a23e469_75.pod5	8bcc9842-a05b-46b1-84a5-f714806f533e	8a23e469c315776043a099148a67107fc45d7c61	1882	1	125588	3.3792	125588	3.3772	772	3.126	unclassified	*	-1	-1	-1	-1	*	0	0	0	0	0	0	0	0	0	0	0
PBC68281_skip_005c8e05_8a23e469_75.pod5	d9f999fa-be66-4680-921b-f1fe6923f5eb	8a23e469c315776043a099148a67107fc45d7c61	1441	2	125583	4.4098	125583	4.4078	1116	3.35781	unclassified	*	-1	-1	-1	-1	*	0	0	0	0	0	0	0	0	0	0	0
PBC68281_skip_005c8e05_8a23e469_75.pod5	f63c3566-fa5b-4287-8f83-970a35855597	8a23e469c315776043a099148a67107fc45d7c61	579	1	125480	5.656	125480	5.654	2273	13.7612	unclassified	chr1	160751659	160753889	7	2232	-	2269	2186	2131	39	44	55	60	0.978883	0.97484	0.93918	0
PBC68281_skip_005c8e05_8a23e469_75.pod5	fa8d4ca7-c51f-4d4a-b009-9d19f3dfa2b5	8a23e469c315776043a099148a67107fc45d7c61	2923	3	125543	4.478	125543	4.3668	869	27.0954	unclassified	chr5	155140895	155141764	0	869	+	869	869	869	0	0	0	60	1	1	1	0
PBC68281_skip_005c8e05_8a23e469_75.pod5	0151013a-14d6-4486-afca-99effc9fdf66	8a23e469c315776043a099148a67107fc45d7c61	2273	3	125510	4.6284	125510	4.6264	1881	10.9018	unclassified	chr6	71170904	71172736	19	1830	-	1880	1763	1674	48	69	89	60	0.962786	0.949518	0.890426	0
PBC68281_skip_005c8e05_8a23e469_75.pod5	1b4a5fab-274d-4e68-b59b-6c1c1ec63921	8a23e469c315776043a099148a67107fc45d7c61	1578	3	125538	4.52	125538	4.428	2135	32.2047	unclassified	chr13	27848082	27850218	0	2135	+	2137	2134	2131	1	2	3	60	1	0.998594	0.997192	0
PBC68281_skip_005c8e05_8a23e469_75.pod5	15cb04c1-a75f-43b7-90bc-b95b3741c46c	8a23e469c315776043a099148a67107fc45d7c61	2625	1	125466	1.8176	125466	1.8156	440	2.72581	unclassified	*	-1	-1	-1	-1	*	0	0	0	0	0	0	0	0	0	0	0
PBC68281_skip_005c8e05_8a23e469_75.pod5	ec244cee-b3e0-448a-86d6-2b78f32dc109	8a23e469c315776043a099148a67107fc45d7c61	2116	2	125566	2.4746	125566	2.4726	676	2.86673	unclassified	*	-1	-1	-1	-1	*	0	0	0	0	0	0	0	0	0	0	0
PBC68281_skip_005c8e05_8a23e469_75.pod5	dbf74aba-9199-49b4-8d28-1ca6c10855c8	8a23e469c315776043a099148a67107fc45d7c61	1279	2	125511	4.7948	125511	4.6836	1908	38.3616	unclassified	chr8	79036442	79038347	4	1908	-	1905	1904	1904	0	1	0	60	0.997904	1	0.999475	0
PBC68281_skip_005c8e05_8a23e469_75.pod5	0b68de8c-8f13-46d0-9b04-b3498016bf4a	8a23e469c315776043a099148a67107fc45d7c61	2410	4	125475	8.738	125475	8.6316	3703	26.2797	unclassified	chr19	29614798	29618498	0	3697	+	3701	3696	3684	1	4	12	60	0.99838	0.996753	0.995407	0
PBC68281_skip_005c8e05_8a23e469_75.pod5	a316211f-37f8-4457-963c-d630fbd6fb68	8a23e469c315776043a099148a67107fc45d7c61	1142	3	125541	1.7	125541	1.698	527	4.50458	unclassified	*	-1	-1	-1	-1	*	0	0	0	0	0	0	0	0	0	0	0
PBC68281_skip_005c8e05_8a23e469_75.pod5	7b38d013-5141-4dae-8103-e3c009431b03	8a23e469c315776043a099148a67107fc45d7c61	2410	4	125463	1.9232	125463	1.824	731	26.6507	unclassified	chr1	186296894	186297612	13	731	-	718	718	717	0	0	1	60	0.982216	0.998607	0.998607	0
PBC68281_skip_005c8e05_8a23e469_75.pod5	c3791d9c-362f-4a8b-be2f-fcda3a098141	8a23e469c315776043a099148a67107fc45d7c61	2654	4	125574	1.4036	125574	1.2564	576	27.1627	unclassified	chr11	76255891	76256473	0	576	-	582	576	575	0	6	1	60	1	0.998264	0.987972	0
PBC68281_skip_005c8e05_8a23e469_75.pod5	f5b5e7aa-2fa2-4e28-a8c4-74715faa774c	8a23e469c315776043a099148a67107fc45d7c61	1950	1	125527	3.6476	125527	3.5436	1255	27.9251	unclassified	chr10	62237879	62239136	0	1255	-	1257	1255	1253	0	2	2	60	1	0.998406	0.996818	0
PBC68281_skip_005c8e05_8a23e469_75.pod5	3b4d3ef5-1589-4b89-99fe-54dd080bee54	8a23e469c315776043a099148a67107fc45d7c61	637	4	125487	2.0702	125487	2.0682	518	3.72682	unclassified	*	-1	-1	-1	-1	*	0	0	0	0	0	0	0	0	0	0	0
PBC68281_skip_005c8e05_8a23e469_75.pod5	158cb4d5-9325-47dd-b292-639e446f59e6	8a23e469c315776043a099148a67107fc45d7c61	1640	1	125589	2.4074	125589	2.4054	1030	25.0121	unclassified	chr3	27738449	27739442	33	1030	+	997	993	990	4	0	3	60	0.967961	0.996979	0.992979	0
PBC68281_skip_005c8e05_8a23e469_75.pod5	c4a9114a-a21a-45a3-b23d-5cddab215a17	8a23e469c315776043a099148a67107fc45d7c61	1142	3	125549	1.5614	125549	1.5594	606	4.46494	unclassified	*	-1	-1	-1	-1	*	0	0	0	0	0	0	0	0	0	0	0
PBC68281_skip_005c8e05_8a23e469_75.pod5	01b718d9-43c0-42ed-8f22-0b868ed77e49	8a23e469c315776043a099148a67107fc45d7c61	2473	4	125440	2.1092	125440	2.0028	684	31.0741	unclassified	chr22	11814305	11814986	3	684	+	681	681	673	0	0	8	60	0.995614	0.988253	0.988253	0
PBC68281_skip_005c8e05_8a23e469_75.pod5	87e46dbc-8aac-43bb-a404-050c14cbf898	8a23e469c315776043a099148a67107fc45d7c61	1631	2	125440	1.6708	125440	1.6688	721	26.0848	unclassified	chr10	42080436	42081151	6	716	-	716	709	698	1	6	11	3	0.984743	0.984485	0.97486	0
PBC68281_skip_005c8e05_8a23e469_75.pod5	d8d113ef-01c6-4248-9ab7-0e1ebf68c1b4	8a23e469c315776043a099148a67107fc45d7c61	1142	3	125532	2.532	125532	2.53	1058	4.7582	unclassified	*	-1	-1	-1	-1	*	0	0	0	0	0	0	0	0	0	0	0
PBC68281_skip_005c8e05_8a23e469_75.pod5	cfa2ee1b-1d26-4c65-9a42-4397b1c6358c	8a23e469c315776043a099148a67107fc45d7c61	2625	1	125485	1.4026	125485	1.4006	287	2.84058	unclassified	*	-1	-1	-1	-1	*	0	0	0	0	0	0	0	0	0	0	0
PBC68281_skip_005c8e05_8a23e469_75.pod5	ef7af866-510f-4572-b2ad-2d1f7f61a1c5	8a23e469c315776043a099148a67107fc45d7c61	353	2	125492	6.8668	125492	6.8648	1670	2.95727	unclassified	*	-1	-1	-1	-1	*	0	0	0	0	0	0	0	0	0	0	0
PBC68281_skip_005c8e05_8a23e469_75.pod5	1a473447-886a-4d1a-9f6e-d7b9ce9c1813	8a23e469c315776043a099148a67107fc45d7c61	326	3	125453	2.0072	125453	1.9008	766	30.1045	unclassified	chr1	167951892	167952644	0	754	+	754	752	751	2	0	1	60	0.984334	0.99867	0.996021	0
PBC68281_skip_005c8e05_8a23e469_75.pod5	2f2c954c-1465-4da8-b6d1-c6522c646cbf	8a23e469c315776043a099148a67107fc45d7c61	353	2	125488	4.2902	125488	4.2882	1082	2.40073	unclassified	*	-1	-1	-1	-1	*	0	0	0	0	0	0	0	0	0	0	0
PBC68281_skip_005c8e05_8a23e469_75.pod5	1a6ba973-673e-407d-8a42-50ee4fc344a4	8a23e469c315776043a099148a67107fc45d7c61	1805	4	125500	2.084	125500	1.9464	807	13.5685	unclassified	chr8	107098415	107099225	4	807	-	821	792	776	11	18	16	60	0.995043	0.979798	0.945189	0
PBC68281_skip_005c8e05_8a23e469_75.pod5	83b2b6ac-8bc5-41e6-832f-519ee1c8397b	8a23e469c315776043a099148a67107fc45d7c61	373	2	125477	3.9138	125477	3.9118	263	3.89719	unclassified	*	-1	-1	-1	-1	*	0	0	0	0	0	0	0	0	0	0	0
PBC68281_skip_005c8e05_8a23e469_75.pod5	02cc039d-79d6-4f4c-b753-b8c9d61e12f8	8a23e469c315776043a099148a67107fc45d7c61	2116	2	125502	7.0136	125502	7.0116	1791	2.84821	unclassified	*	-1	-1	-1	-1	*	0	0	0	0	0	0	0	0	0	0	0
PBC68281_skip_005c8e05_8a23e469_75.pod5	c4fa1387-db55-421a-bdb9-deb9cadc8ec6	8a23e469c315776043a099148a67107fc45d7c61	1818	1	125422	9.367	125422	9.365	2468	2.87991	unclassified	*	-1	-1	-1	-1	*	0	0	0	0	0	0	0	0	0	0	0
PBC68281_skip_005c8e05_8a23e469_75.pod5	4b3750fb-8e57-414e-b028-8b1acf77098a	8a23e469c315776043a099148a67107fc45d7c61	375	1	125587	3.7144	125587	3.7124	1642	10.2912	unclassified	chr4	7749422	7751071	23	1642	+	1682	1586	1524	33	63	62	60	0.985993	0.960908	0.906064	0
PBC68281_skip_005c8e05_8a23e469_75.pod5	63547122-3fd1-40f7-b5f5-16d0b31cdcae	8a23e469c315776043a099148a67107fc45d7c61	1402	4	125426	4.9562	125426	4.9542	2121	30.4211	unclassified	chr20	16926032	16928165	36	2115	+	2134	2078	2073	1	55	5	60	0.980198	0.997594	0.971415	0
PBC68281_skip_005c8e05_8a23e469_75.pod5	e8a4b37d-ece0-4c3b-8a98-234df3d2da18	8a23e469c315776043a099148a67107fc45d7c61	120	4	125567	6.3366	125567	6.3346	1448	2.77121	unclassified	chr16	88791292	88791367	659	733	-	79	70	67	4	5	3	1	0.051105	0.957143	0.848101	0
PBC68281_skip_005c8e05_8a23e469_75.pod5	a4faef82-9f2e-4700-ac46-1726dc7f4e8e	8a23e469c315776043a099148a67107fc45d7c61	2635	2	125587	1.4246	125587	1.4226	407	19.157	unclassified	*	-1	-1	-1	-1	*	0	0	0	0	0	0	0	0	0	0	0
PBC68281_skip_005c8e05_8a23e469_75.pod5	34a50f3a-e348-4d10-9ac6-a37601d13c91	8a23e469c315776043a099148a67107fc45d7c61	2189	4	125453	1.3328	125453	1.2	350	26.2308	unclassified	chr17	31341197	31341534	0	337	+	337	337	337	0	0	0	60	0.962857	1	1	0
PBC68281_skip_005c8e05_8a23e469_75.pod5	a4f659cc-b3d1-466b-890f-8595b02b33f1	8a23e469c315776043a099148a67107fc45d7c61	1518	2	125533	1.5654	125533	1.5634	613	14.8721	unclassified	chr15	25710422	25710908	116	602	+	486	486	485	0	0	1	60	0.792822	0.997942	0.997942	0
PBC68281_skip_005c8e05_8a23e469_75.pod5	79e0bb5c-3580-4b6a-97c8-fa95d972c23e	8a23e469c315776043a099148a67107fc45d7c61	1373	4	125440	4.418	125440	4.3392	3248	15.3024	unclassified	chr7	17311676	17314949	12	3248	-	3290	3219	3178	17	54	41	60	0.996305	0.987263	0.965957	0
PBC68281_skip_005c8e05_8a23e469_75.pod5	f4d7d511-11ed-4c1c-b853-76fe5abd45f4	8a23e469c315776043a099148a67107fc45d7c61	1576	3	125505	3.0968	125505	2.9328	1400	24.9322	unclassified	chr8	10083264	10084149	517	1400	-	885	883	882	0	2	1	60	0.630714	0.998868	0.99661	0
PBC68281_skip_005c8e05_8a23e469_75.pod5	ab7c1983-a84d-4b51-8c65-34e3be7c906c	8a23e469c315776043a099148a67107fc45d7c61	1882	1	125586	1.6278	125586	1.6258	242	2.64159	unclassified	*	-1	-1	-1	-1	*	0	0	0	0	0	0	0	0	0	0	0
PBC68281_skip_005c8e05_8a23e469_75.pod5	1b4d79cb-5c6a-4d69-8b89-489627e02ac2	8a23e469c315776043a099148a67107fc45d7c61	2625	1	125487	3.964	125487	3.962	839	3.60999	unclassified	*	-1	-1	-1	-1	*	0	0	0	0	0	0	0	0	0	0	0
PBC68281_skip_005c8e05_8a23e469_75.pod5	9cf6cf26-e32f-429c-ac38-c0a24cddaa6c	8a23e469c315776043a099148a67107fc45d7c61	2625	1	125579	3.9208	125579	3.9188	931	3.29367	unclassified	*	-1	-1	-1	-1	*	0	0	0	0	0	0	0	0	0	0	0
PBC68281_skip_005c8e05_8a23e469_75.pod5	166b39c6-44ee-4250-929d-9f2f9a16e0ef	8a23e469c315776043a099148a67107fc45d7c61	2625	1	125477	7.7974	125477	7.7954	1754	2.65225	unclassified	*	-1	-1	-1	-1	*	0	0	0	0	0	0	0	0	0	0	0
PBC68281_skip_005c8e05_8a23e469_75.pod5	090b4b29-b214-47bd-b0ea-83c260f8f9a4	8a23e469c315776043a099148a67107fc45d7c61	2577	3	125498	2.294	125498	2.1828	957	29.4476	unclassified	chr8	87500951	87501909	0	957	-	958	957	954	0	1	3	60	1	0.996865	0.995825	0
PBC68281_skip_005c8e05_8a23e469_75.pod5	d22ecd39-9c14-4130-81c8-d085a7d9b96d	8a23e469c315776043a099148a67107fc45d7c61	1882	1	125592	2.5006	125592	2.4986	486	2.94323	unclassified	*	-1	-1	-1	-1	*	0	0	0	0	0	0	0	0	0	0	0
PBC68281_skip_005c8e05_8a23e469_75.pod5	4381d20f-c52b-40b2-a934-0f0a841911e8	8a23e469c315776043a099148a67107fc45d7c61	1142	3	125487	6.978	125487	6.976	2681	4.89116	unclassified	*	-1	-1	-1	-1	*	0	0	0	0	0	0	0	0	0	0	0
PBC68281_skip_005c8e05_8a23e469_75.pod5	6c4608af-4a3e-47a9-a879-c41663c6e503	8a23e469c315776043a099148a67107fc45d7c61	1882	1	125492	3.7396	125492	3.7376	727	2.68254	unclassified	*	-1	-1	-1	-1	*	0	0	0	0	0	0	0	0	0	0	0
PBC68281_skip_005c8e05_8a23e469_75.pod5	eb56b649-405b-49e2-b041-39789c06023e	8a23e469c315776043a099148a67107fc45d7c61	705	3	125509	3.8432	125509	3.8412	1713	11.9353	unclassified	chr10	527825	529519	40	1713	+	1722	1645	1586	28	49	59	60	0.976649	0.964134	0.921022	0
PBC68281_skip_005c8e05_8a23e469_75.pod5	2cab8c49-a3e4-41eb-93ff-17241877038e	8a23e469c315776043a099148a67107fc45d7c61	354	1	125554	3.2312	125555	3.1272	1292	21.1074	unclassified	chr3	89250793	89251689	0	894	+	897	893	889	1	3	4	60	0.69195	0.995521	0.991081	0
PBC68281_skip_005c8e05_8a23e469_75.pod5	6128e546-8cdc-4d73-a333-066ac2d8f618	8a23e469c315776043a099148a67107fc45d7c61	2635	2	125557	4.574	125557	4.4316	1791	39.3912	unclassified	chr21	7258291	7260116	2	1777	+	1890	1710	1383	65	115	327	1	0.991066	0.808772	0.731746	0
PBC68281_skip_005c8e05_8a23e469_75.pod5	975e72af-ac6c-4f99-bfb5-a9c06c5a0109	8a23e469c315776043a099148a67107fc45d7c61	1555	2	125496	3.4544	125496	3.3432	1447	25.0953	unclassified	chr11	50334551	50335994	7	1447	-	1443	1440	1439	0	3	1	60	0.995162	0.999306	0.997228	0
PBC68281_skip_005c8e05_8a23e469_75.pod5	e93f9b3d-7b86-4eb9-adec-49f76a7ae2fe	8a23e469c315776043a099148a67107fc45d7c61	1963	3	125489	4.4054	125489	4.4034	1944	40.2469	unclassified	chr14	44554684	44556605	24	1939	+	1921	1915	1909	0	6	6	60	0.985082	0.996867	0.993753	0
PBC68281_skip_005c8e05_8a23e469_75.pod5	f040351d-a722-447c-bc25-8ebc8288bd03	8a23e469c315776043a099148a67107fc45d7c61	2462	4	125442	9.2036	125442	9.0684	3560	28.8829	unclassified	chr1	102192079	102195631	0	3551	+	3554	3549	3540	2	3	9	60	0.997472	0.997464	0.996061	0
PBC68281_skip_005c8e05_8a23e469_75.pod5	d734db2a-3c76-4291-82d0-735cb41c5612	8a23e469c315776043a099148a67107fc45d7c61	905	2	125454	8.4572	125454	8.334	3585	35.9348	unclassified	chr14	28798345	28801921	0	3579	+	3580	3575	3573	4	1	2	60	0.998326	0.999441	0.998045	0
PBC68281_skip_005c8e05_8a23e469_75.pod5	e355d530-c8ea-4959-a539-3d15b63832b4	8a23e469c315776043a099148a67107fc45d7c61	1818	1	125482	4.2718	125482	4.2698	1037	2.811	unclassified	*	-1	-1	-1	-1	*	0	0	0	0	0	0	0	0	0	0	0
PBC68281_skip_005c8e05_8a23e469_75.pod5	2751eaba-adf2-4058-8efe-27d859f49bc3	8a23e469c315776043a099148a67107fc45d7c61	1963	3	125494	4.2536	125494	4.1712	1908	27.5322	unclassified	chr14	44554704	44556603	10	1908	-	1899	1898	1894	0	1	4	60	0.994759	0.997892	0.997367	0
PBC68281_skip_005c8e05_8a23e469_75.pod5	b34e2b30-281b-44b3-88a3-36fdf0ec6dfe	8a23e469c315776043a099148a67107fc45d7c61	1282	1	125452	6.9254	125452	6.9234	3364	24.2054	unclassified	chrX	128423126	128426446	39	3359	+	3325	3315	3303	5	5	12	60	0.98692	0.99638	0.993383	0
PBC68281_skip_005c8e05_8a23e469_75.pod5	50d48418-adf6-4687-a534-e93059410f61	8a23e469c315776043a099148a67107fc45d7c61	877	4	125474	7.406	125474	7.302	2850	26.1707	unclassified	chr4	38766397	38769239	0	2842	+	2850	2834	2832	8	8	2	60	0.997193	0.999294	0.993684	0
PBC68281_skip_005c8e05_8a23e469_75.pod5	3d51985d-1176-4e14-b504-b9b347cc667f	8a23e469c315776043a099148a67107fc45d7c61	2410	4	125428	11.588	125428	11.5008	4431	29.6826	unclassified	chr7	157439552	157443904	6	4431	-	4433	4344	4313	81	8	31	60	0.998646	0.992864	0.97293	0
PBC68281_skip_005c8e05_8a23e469_75.pod5	9205b3a7-3de7-48d9-9030-ad2d899f38b8	8a23e469c315776043a099148a67107fc45d7c61	2410	4	125546	6.6284	125546	6.5268	2736	26.3395	unclassified	chr4	76023570	76026296	11	2736	-	2727	2724	2712	1	2	12	60	0.99598	0.995595	0.994499	0
PBC68281_skip_005c8e05_8a23e469_75.pod5	84a10b51-5f06-4ef4-9aa0-505eeaf58340	8a23e469c315776043a099148a67107fc45d7c61	1631	2	125577	7.5896	125577	7.5876	2340	12.0299	unclassified	chr11	94716805	94719091	46	2340	+	2327	2253	2186	41	33	67	60	0.980342	0.970262	0.939407	0
PBC68281_skip_005c8e05_8a23e469_75.pod5	0db4fde0-7035-4d9e-9ecf-fcf6e2813cd3	8a23e469c315776043a099148a67107fc45d7c61	1698	2	125545	8.1654	125545	8.1634	3469	27.2868	unclassified	chr14	26924964	26928393	32	3461	+	3434	3424	3419	5	5	5	60	0.988469	0.99854	0.995632	0
PBC68281_skip_005c8e05_8a23e469_75.pod5	a5362db6-1bbb-4240-a145-c91d21e67845	8a23e469c315776043a099148a67107fc45d7c61	419	2	125584	5.0552	125585	4.9344	2195	29.8172	unclassified	chr4	109887799	109889994	0	2195	-	2196	2194	2189	1	1	5	60	1	0.997721	0.996812	0
PBC68281_skip_005c8e05_8a23e469_75.pod5	1e632ec1-8255-4332-ba39-ebb38d4e9db0	8a23e469c315776043a099148a67107fc45d7c61	2322	1	125532	18.728	125532	18.6228	7957	23.0199	unclassified	chr17	56536648	56544613	1	7957	+	7979	7942	7923	14	23	19	60	0.999874	0.997608	0.992982	0
PBC68281_skip_005c8e05_8a23e469_75.pod5	40751179-a72b-473d-b701-d0d3282e2ee0	8a23e469c315776043a099148a67107fc45d7c61	927	3	125455	4.3812	125455	4.3792	1278	3.63917	unclassified	*	-1	-1	-1	-1	*	0	0	0	0	0	0	0	0	0	0	0
PBC68281_skip_005c8e05_8a23e469_75.pod5	090a7152-9420-45ae-8437-e35085140c73	8a23e469c315776043a099148a67107fc45d7c61	2116	2	125459	1.4088	125459	1.4068	290	2.64797	unclassified	*	-1	-1	-1	-1	*	0	0	0	0	0	0	0	0	0	0	0
PBC68281_skip_005c8e05_8a23e469_75.pod5	5ffdda31-e992-4e36-831c-106b88185a6a	8a23e469c315776043a099148a67107fc45d7c61	2116	2	125430	1.5714	125430	1.5694	411	3.30296	unclassified	*	-1	-1	-1	-1	*	0	0	0	0	0	0	0	0	0	0	0
PBC68281_skip_005c8e05_8a23e469_75.pod5	dfc783f6-7492-464f-88d0-945288e87c25	8a23e469c315776043a099148a67107fc45d7c61	2116	2	125475	1.985	125475	1.983	527	2.19963	unclassified	*	-1	-1	-1	-1	*	0	0	0	0	0	0	0	0	0	0	0
PBC68281_skip_005c8e05_8a23e469_75.pod5	1caf3600-932e-4224-a74e-04975daf18bd	8a23e469c315776043a099148a67107fc45d7c61	2060	3	125476	4.297	125476	4.295	1215	2.62879	unclassified	*	-1	-1	-1	-1	*	0	0	0	0	0	0	0	0	0	0	0
PBC68281_skip_005c8e05_8a23e469_75.pod5	b54bf464-1578-43bc-b419-0e3bf10de7a8	8a23e469c315776043a099148a67107fc45d7c61	2625	1	125439	1.5748	125439	1.5728	245	3.77483	unclassified	*	-1	-1	-1	-1	*	0	0	0	0	0	0	0	0	0	0	0
PBC68281_skip_005c8e05_8a23e469_75.pod5	fac8fee0-f690-4c9e-987a-eb3621e2708c	8a23e469c315776043a099148a67107fc45d7c61	1866	3	125453	2.2392	125453	2.2372	594	2.22133	unclassified	*	-1	-1	-1	-1	*	0	0	0	0	0	0	0	0	0	0	0
PBC68281_skip_005c8e05_8a23e469_75.pod5	1db8311b-6920-45ad-a6b9-e7d3135edf81	8a23e469c315776043a099148a67107fc45d7c61	1838	4	125569	13.7672	125569	13.6272	5639	28.94	unclassified	chr1	64276964	64282597	0	5634	+	5641	5626	5612	8	7	14	60	0.999113	0.997512	0.994859	0
PBC68281_skip_005c8e05_8a23e469_75.pod5	2fabc247-72dd-43dd-8259-9dfdfa5c84c4	8a23e469c315776043a099148a67107fc45d7c61	2640	4	125545	11.9138	125545	11.9118	6112	22.4507	unclassified	chrX	8467443	8473503	1	6079	-	6113	6025	5997	53	35	28	60	0.994437	0.995353	0.981024	0
PBC68281_skip_005c8e05_8a23e469_75.pod5	cbff3f1c-c8f2-4670-a77a-98ffa5812143	8a23e469c315776043a099148a67107fc45d7c61	1578	3	125437	1.9208	125437	1.824	743	20.9383	unclassified	chr1	30311938	30312681	0	742	+	744	741	736	1	2	5	60	0.998654	0.993252	0.989247	0
PBC68281_skip_005c8e05_8a23e469_75.pod5	d5251bc6-f526-4c47-90ec-31e246e65d65	8a23e469c315776043a099148a67107fc45d7c61	434	4	125436	4.0562	125436	4.0542	955	2.80677	unclassified	*	-1	-1	-1	-1	*	0	0	0	0	0	0	0	0	0	0	0
PBC68281_skip_005c8e05_8a23e469_75.pod5	1b1cbb80-6bd8-47ff-8196-7d886e29ab5a	8a23e469c315776043a099148a67107fc45d7c61	1225	4	125433	6.7544	125434	6.6528	2577	23.0756	unclassified	chr8	87487909	87490477	0	2569	+	2574	2563	2554	6	5	9	60	0.996896	0.996489	0.99223	0
PBC68281_skip_005c8e05_8a23e469_75.pod5	ea6a5a77-92ec-48b7-a0d1-4c343c02cfde	8a23e469c315776043a099148a67107fc45d7c61	2215	3	125536	14.6588	125536	14.5548	6409	16.6079	unclassified	chr11	58771762	58778173	7	6409	-	6472	6341	6272	61	70	69	60	0.998908	0.989118	0.969098	0
PBC68281_skip_005c8e05_8a23e469_75.pod5	13610d9b-f57c-4db1-81f4-9e33148de7f7	8a23e469c315776043a099148a67107fc45d7c61	2586	4	125451	8.3596	125451	8.3576	2036	2.93948	unclassified	*	-1	-1	-1	-1	*	0	0	0	0	0	0	0	0	0	0	0
PBC68281_skip_005c8e05_8a23e469_75.pod5	33665b2c-fe69-4bbe-bf18-5ece1ac72498	8a23e469c315776043a099148a67107fc45d7c61	526	1	125473	10.7984	125473	10.7964	7369	15.0352	unclassified	chr19	43509525	43516912	7	7331	-	7440	7271	7162	53	116	109	60	0.993893	0.985009	0.962634	0
PBC68281_skip_005c8e05_8a23e469_75.pod5	a2e71167-a59f-4323-af7d-54fe3a35afdc	8a23e469c315776043a099148a67107fc45d7c61	1698	2	125520	3.7998	125520	3.7978	996	3.36083	unclassified	*	-1	-1	-1	-1	*	0	0	0	0	0	0	0	0	0	0	0
PBC68281_skip_005c8e05_8a23e469_75.pod5	99abe2aa-ca06-490d-b358-0f1c2fd86fc6	8a23e469c315776043a099148a67107fc45d7c61	1142	3	125449	8.2832	125449	8.2812	3183	4.45718	unclassified	*	-1	-1	-1	-1	*	0	0	0	0	0	0	0	0	0	0	0
PBC68281_skip_005c8e05_8a23e469_75.pod5	0e630797-500d-4915-a598-6b001e765f28	8a23e469c315776043a099148a67107fc45d7c61	1555	2	125470	5.156	125471	5.0088	2294	27.4216	unclassified	chr12	44093820	44096109	6	2294	-	2290	2287	2284	1	2	3	60	0.997384	0.998688	0.99738	0
PBC68281_skip_005c8e05_8a23e469_75.pod5	4e219329-262f-45f2-a080-47a89427de98	8a23e469c315776043a099148a67107fc45d7c61	579	1	125478	2.474	125478	2.3028	833	18.7692	unclassified	chr12	77877094	77877929	0	833	-	843	825	813	8	10	12	60	1	0.985455	0.964413	0
PBC68281_skip_005c8e05_8a23e469_75.pod5	16a57856-ef51-4b2e-a3d0-e792afa34801	8a23e469c315776043a099148a67107fc45d7c61	1721	2	125461	5.5892	125461	5.5872	2286	39.9726	unclassified	chr4	49709070	49711328	84	2248	-	2305	2117	1826	47	141	291	37	0.946632	0.862541	0.792191	0
PBC68281_skip_005c8e05_8a23e469_75.pod5	61f5a060-2080-4ac5-8650-c5a0e8cdc37c	8a23e469c315776043a099148a67107fc45d7c61	713	1	125467	7.7648	125467	7.608	2765	23.0726	unclassified	chr2	31849895	31852650	7	2765	-	2762	2751	2741	7	4	10	60	0.997468	0.996365	0.992397	0
PBC68281_skip_005c8e05_8a23e469_75.pod5	8c4ea777-c421-4c10-948f-29c6f98b2997	8a23e469c315776043a099148a67107fc45d7c61	1641	4	125473	6.2068	125473	6.2048	1934	4.62731	unclassified	*	-1	-1	-1	-1	*	0	0	0	0	0	0	0	0	0	0	0
PBC68281_skip_005c8e05_8a23e469_75.pod5	6a6bcf4e-640f-476b-a984-f1cb653b2b2a	8a23e469c315776043a099148a67107fc45d7c61	434	4	125448	3.1808	125448	3.0816	1213	24.7845	unclassified	chr6	155090975	155092185	0	1205	+	1212	1203	1202	2	7	1	60	0.993405	0.999169	0.991749	0
PBC68281_skip_005c8e05_8a23e469_75.pod5	843cee93-ac35-4a2a-b436-9f9b7a48faf5	8a23e469c315776043a099148a67107fc45d7c61	658	4	125421	16.6652	125421	16.6632	3313	19.2872	unclassified	chr18	39320428	39323676	13	3281	-	3275	3241	3229	27	7	12	60	0.986417	0.996297	0.985954	0
PBC68281_skip_005c8e05_8a23e469_75.pod5	b0ced340-d18f-4525-bb99-e85adb68077e	8a23e469c315776043a099148a67107fc45d7c61	969	2	125445	9.9872	125446	9.72	1433	13.9215	unclassified	chr11	104642775	104644179	0	1433	+	1437	1400	1385	33	4	15	60	1	0.989286	0.963813	0
PBC68281_skip_005c8e05_8a23e469_75.pod5	06348ae7-8686-42bb-9b43-3cc4f784e6e6	8a23e469c315776043a099148a67107fc45d7c61	2866	2	125557	12.8052	125557	12.8032	5459	10.7278	unclassified	chr5	157215783	157221241	41	5449	+	5616	5250	4968	158	208	282	60	0.990658	0.946286	0.884615	0
PBC68281_skip_005c8e05_8a23e469_75.pod5	9876d5e5-2b04-4db7-8dd2-73ac755877d5	8a23e469c315776043a099148a67107fc45d7c61	1576	3	125473	16.1072	125473	15.984	7267	24.1476	unclassified	chr1	188041787	188049045	0	7260	+	7274	7244	7229	16	14	15	60	0.999037	0.997929	0.993814	0
PBC68281_skip_005c8e05_8a23e469_75.pod5	57938056-33b6-482c-aa06-23e238595d72	8a23e469c315776043a099148a67107fc45d7c61	1875	3	125459	6.5052	125459	6.5032	1494	3.57202	unclassified	*	-1	-1	-1	-1	*	0	0	0	0	0	0	0	0	0	0	0
PBC68281_skip_005c8e05_8a23e469_75.pod5	e1a7575c-302b-4775-9a2b-cd86f8fee4e6	8a23e469c315776043a099148a67107fc45d7c61	1518	2	125442	7.2296	125443	7.152	2837	19.5638	unclassified	chr17	22124546	22127369	4	2837	-	2860	2796	2685	37	27	111	60	0.99859	0.9603	0.938811	0
PBC68281_skip_005c8e05_8a23e469_75.pod5	4a53b234-7441-460e-b7ab-d58d11e7cf2f	8a23e469c315776043a099148a67107fc45d7c61	439	2	125431	2.6156	125431	2.4876	965	32.8698	unclassified	chr3	106166016	106166981	0	965	-	965	965	965	0	0	0	60	1	1	1	0
PBC68281_skip_005c8e05_8a23e469_75.pod5	8921b4d9-8373-4b44-b35a-fe854c30c30f	8a23e469c315776043a099148a67107fc45d7c61	420	4	125429	4.8512	125430	4.7352	2076	31.488	unclassified	chr13	94783393	94785468	5	2076	-	2075	2071	2069	0	4	2	60	0.997591	0.999034	0.997108	0
PBC68281_skip_005c8e05_8a23e469_75.pod5	0ac44fb9-a3bc-49e0-826c-1c5fa56d4ce5	8a23e469c315776043a099148a67107fc45d7c61	2577	3	125460	8.2352	125460	8.0904	3392	26.0246	unclassified	chr20	60216601	60219987	0	3385	+	3387	3384	3378	1	2	6	60	0.997936	0.998227	0.997343	0
PBC68281_skip_005c8e05_8a23e469_75.pod5	62ff3dbb-ae40-4073-b362-c6e876f2ea0a	8a23e469c315776043a099148a67107fc45d7c61	2425	4	125437	24.2384	125437	24.132	8648	31.2163	unclassified	chr10	3260535	3269175	7	8648	-	8647	8634	8593	7	6	41	60	0.999191	0.995251	0.993755	0
PBC68281_skip_005c8e05_8a23e469_75.pod5	5cf17b2b-24cf-496b-8845-8e45d58a5e6d	8a23e469c315776043a099148a67107fc45d7c61	2208	4	125432	6.0248	125432	5.9388	2598	26.4986	unclassified	chr14	65769057	65771653	1	2598	+	2597	2596	2594	1	0	2	60	0.999615	0.99923	0.998845	0
PBC68281_skip_005c8e05_8a23e469_75.pod5	bf808dfc-d221-41ac-84eb-0728397703f9	8a23e469c315776043a099148a67107fc45d7c61	526	1	125425	8.4846	125425	8.4826	5536	14.7253	unclassified	chr8	28419936	28425505	29	5528	+	5620	5448	5351	51	121	97	60	0.993316	0.982195	0.952135	0
PBC68281_skip_005c8e05_8a23e469_75.pod5	75cb3b9d-0c39-49a2-b512-5097a77c133b	8a23e469c315776043a099148a67107fc45d7c61	1225	4	125425	7.5054	125425	7.5034	2993	25.1932	unclassified	chrX	59285652	59288613	35	2988	+	2961	2953	2938	0	8	15	1	0.986636	0.99492	0.992232	0
PBC68281_skip_005c8e05_8a23e469_75.pod5	0092da5f-79b8-43bd-88bd-dc82c7224fde	8a23e469c315776043a099148a67107fc45d7c61	120	4	125427	15.653	125427	15.651	3512	2.62321	unclassified	*	-1	-1	-1	-1	*	0	0	0	0	0	0	0	0	0	0	0
PBC68281_skip_005c8e05_8a23e469_75.pod5	233aab56-8131-4f67-96aa-b0fdd159946a	8a23e469c315776043a099148a67107fc45d7c61	905	2	125463	3.4424	125463	3.3312	1181	27.3599	unclassified	chr17	73345916	73347092	8	1181	-	1179	1170	1166	3	6	4	60	0.993226	0.996581	0.988974	0
PBC68281_skip_005c8e05_8a23e469_75.pod5	39d97b43-7cc1-42e5-8f14-4ac591f5e9e8	8a23e469c315776043a099148a67107fc45d7c61	2620	2	125434	14.431	125434	14.429	3498	2.79035	unclassified	*	-1	-1	-1	-1	*	0	0	0	0	0	0	0	0	0	0	0
PBC68281_skip_005c8e05_8a23e469_75.pod5	37d0275c-30cc-4da2-becc-e16d7481ac40	8a23e469c315776043a099148a67107fc45d7c61	1201	2	125458	6.5408	125459	6.396	2904	23.5389	unclassified	chrX	43899656	43902563	0	2901	+	2910	2898	2891	3	9	7	60	0.998967	0.997585	0.993471	0
PBC68281_skip_005c8e05_8a23e469_75.pod5	72d3bf50-b397-4e64-882c-ef3049d35dae	8a23e469c315776043a099148a67107fc45d7c61	1192	2	125458	10.4804	125458	10.3524	4686	26.0306	unclassified	chrX	100129533	100134223	0	4686	+	4694	4682	4677	4	8	5	60	1	0.998932	0.996378	0
PBC68281_skip_005c8e05_8a23e469_75.pod5	f26d736d-bbf6-461f-aa0c-80126a0e0bf0	8a23e469c315776043a099148a67107fc45d7c61	1288	3	125453	13.7024	125453	13.596	6192	27.974	unclassified	chr6	156525671	156531863	0	6186	+	6194	6184	6182	2	8	2	60	0.999031	0.999677	0.998063	0
PBC68281_skip_005c8e05_8a23e469_75.pod5	6c178158-6611-466b-a408-bdee569afe27	8a23e469c315776043a099148a67107fc45d7c61	434	4	125462	4.9208	125462	4.7184	861	21.1883	unclassified	chr2	111634705	111635566	0	861	-	861	861	860	0	0	1	60	1	0.998839	0.998839	0
PBC68281_skip_005c8e05_8a23e469_75.pod5	989371e5-d72e-4a44-8f5b-91adaab605f7	8a23e469c315776043a099148a67107fc45d7c61	2618	2	125431	13.8502	125431	13.8482	5275	6.62238	unclassified	chr11	78147502	78152715	7	5218	-	5588	4836	4183	375	377	653	44	0.987867	0.864971	0.748568	0
PBC68281_skip_005c8e05_8a23e469_75.pod5	6b45ba97-ae05-4847-ac8e-f061a0f41ff2	8a23e469c315776043a099148a67107fc45d7c61	843	1	125435	20.5088	125435	20.388	7740	27.2051	unclassified	chr15	35278653	35286373	7	7740	-	7745	7708	7696	25	12	12	60	0.999096	0.998443	0.993673	0
PBC68281_skip_005c8e05_8a23e469_75.pod5	755d83ef-d976-4079-be76-af7cc8ffc9a4	8a23e469c315776043a099148a67107fc45d7c61	658	4	125441	7.1864	125441	6.9168	1252	25.4596	unclassified	chr18	50535453	50536707	0	1252	-	1256	1250	1247	2	4	3	60	1	0.9976	0.992834	0
PBC68281_skip_005c8e05_8a23e469_75.pod5	d6a3e315-f69d-43ec-a8e5-c3f3e715b319	8a23e469c315776043a099148a67107fc45d7c61	579	1	125444	7.5496	125444	7.5476	3092	25.5811	unclassified	chr8	76312186	76315254	7	3071	-	3076	3056	3047	8	12	9	60	0.990944	0.997055	0.990572	0
PBC68281_skip_005c8e05_8a23e469_75.pod5	78621982-158e-428d-a096-f1f8656623de	8a23e469c315776043a099148a67107fc45d7c61	419	2	125403	42.8462	125403	42.8442	18336	30.8002	unclassified	chr11	48283665	48301974	7	18311	-	18314	18299	18277	5	10	22	60	0.998255	0.998798	0.99798	0
PBC68281_skip_005c8e05_8a23e469_75.pod5	efa91daf-e163-46ec-981e-c19493ed53a5	8a23e469c315776043a099148a67107fc45d7c61	2617	2	125429	20.3196	125429	20.3176	7776	24.7789	unclassified	chr17	80093205	80100972	5	7741	-	7784	7719	7671	17	48	48	60	0.994856	0.993782	0.985483	0
PBC68281_skip_005c8e05_8a23e469_75.pod5	12e8d64f-372e-4614-92cd-1f02f4a876db	8a23e469c315776043a099148a67107fc45d7c61	120	4	125488	2.4862	125488	2.4842	594	2.35722	unclassified	*	-1	-1	-1	-1	*	0	0	0	0	0	0	0	0	0	0	0
PBC68281_skip_005c8e05_8a23e469_75.pod5	0cce7c50-99dd-4ef8-b72c-a4c851f691b4	8a23e469c315776043a099148a67107fc45d7c61	375	1	125449	15.3464	125450	15.2184	6568	11.0901	unclassified	chr20	63832103	63838783	5	6559	+	6850	6384	6077	170	296	307	60	0.997868	0.951911	0.887153	0
PBC68281_skip_005c8e05_8a23e469_75.pod5	3f88c97c-a4f6-4308-a555-99d8d2cde8cc	8a23e469c315776043a099148a67107fc45d7c61	658	4	125466	4.6988	125466	4.6116	1186	31.8581	unclassified	chr12	37747336	37748522	0	1186	-	1186	1186	1186	0	0	0	60	1	1	1	0
PBC68281_skip_005c8e05_8a23e469_75.pod5	3995f1cc-6166-49cb-b515-453a8bd46e71	8a23e469c315776043a099148a67107fc45d7c61	1727	2	125448	10.4732	125448	10.4712	4491	18.9918	unclassified	chr18	2373827	2378285	0	4461	-	4482	4437	4400	24	21	37	60	0.99332	0.991661	0.981705	0
PBC68281_skip_005c8e05_8a23e469_75.pod5	63758646-13ef-448e-a86c-4bd0c9cf7fc3	8a23e469c315776043a099148a67107fc45d7c61	2273	3	125461	9.8592	125461	9.8572	4161	10.4359	unclassified	chr7	43103962	43108197	8	4123	-	4327	4023	3821	92	212	202	60	0.988945	0.949789	0.88306	0
PBC68281_skip_005c8e05_8a23e469_75.pod5	c41bd003-82c0-42b3-b009-d6afadf09014	8a23e469c315776043a099148a67107fc45d7c61	120	4	125462	9.2246	125462	9.2226	2144	2.8803	unclassified	*	-1	-1	-1	-1	*	0	0	0	0	0	0	0	0	0	0	0
PBC68281_skip_005c8e05_8a23e469_75.pod5	f8f2ae1e-7f32-42b9-a5fe-fd9b5e8c558f	8a23e469c315776043a099148a67107fc45d7c61	421	4	125440	9.4268	125440	9.3132	3924	32.5174	unclassified	chr6	74027022	74030938	6	3924	-	3919	3915	3908	3	1	7	60	0.998471	0.998212	0.997193	0
PBC68281_skip_005c8e05_8a23e469_75.pod5	f754ff1e-b4b5-4457-90ce-5f16dc37b81d	8a23e469c315776043a099148a67107fc45d7c61	1110	4	125430	15.89	125430	15.7596	7061	25.2149	unclassified	chr1	235900325	235907380	0	7052	+	7069	7038	7013	14	17	25	60	0.998725	0.996448	0.992078	0
PBC68281_skip_005c8e05_8a23e469_75.pod5	9d5e6d8b-848f-45f3-87d7-3e5636e0afd5	8a23e469c315776043a099148a67107fc45d7c61	1158	4	125461	18.7364	125461	18.6156	8126	29.3541	unclassified	chrX	78277498	78285620	0	8118	+	8126	8114	8112	4	8	2	60	0.999016	0.999754	0.998277	0
PBC68281_skip_005c8e05_8a23e469_75.pod5	b0a56c57-948d-4a62-a7b3-0ca222fe8530	8a23e469c315776043a099148a67107fc45d7c61	1015	3	125436	9.1084	125436	9.1064	3721	25.3777	unclassified	chr17	20901479	20905134	35	3712	+	3682	3650	3647	27	5	3	60	0.988175	0.999178	0.990494	0
PBC68281_skip_005c8e05_8a23e469_75.pod5	a9de4239-93e6-426b-8b05-e00bea9152b4	8a23e469c315776043a099148a67107fc45d7c61	2042	4	125459	6.6508	125459	6.6488	4020	15.1394	unclassified	chrX	42046998	42051002	39	4010	+	4035	3940	3862	31	64	78	60	0.987811	0.980203	0.957125	0
PBC68281_skip_005c8e05_8a23e469_75.pod5	7a19a421-43b4-4fcf-b861-db4725e30195	8a23e469c315776043a099148a67107fc45d7c61	2116	2	125519	1.7236	125519	1.7216	481	2.51527	unclassified	*	-1	-1	-1	-1	*	0	0	0	0	0	0	0	0	0	0	0
PBC68281_skip_005c8e05_8a23e469_75.pod5	0b9d2011-5d1f-4f21-bc1e-2c7c9b7a6209	8a23e469c315776043a099148a67107fc45d7c61	2670	4	125445	15.9764	125445	15.8772	6058	26.514	unclassified	chr6	119396788	119402372	477	6058	-	5586	5579	5576	2	5	3	60	0.921261	0.999462	0.99821	0
PBC68281_skip_005c8e05_8a23e469_75.pod5	848214eb-4d47-4309-9b5a-313de9f3fe0d	8a23e469c315776043a099148a67107fc45d7c61	436	3	125455	13.9796	125455	13.878	5326	34.3805	unclassified	chr6	79417995	79423321	0	5326	+	5327	5325	5316	1	1	9	60	1	0.99831	0.997935	0
PBC68281_skip_005c8e05_8a23e469_75.pod5	81a50e8a-4c16-49e2-baf9-7446d922e361	8a23e469c315776043a099148a67107fc45d7c61	420	4	125468	13.6484	125468	13.4652	5705	23.3293	unclassified	chr3	177626383	177632081	8	5705	-	5714	5681	5657	16	17	24	60	0.998598	0.995775	0.990025	0
PBC68281_skip_005c8e05_8a23e469_75.pod5	ed8ed0e8-03a2-460c-98c3-7be39bc0a777	8a23e469c315776043a099148a67107fc45d7c61	877	4	125434	17.3708	125434	17.2188	6226	25.3958	unclassified	chr1	108094285	108100530	0	6219	+	6254	6210	6170	9	35	40	60	0.998876	0.993559	0.986569	0
PBC68281_skip_005c8e05_8a23e469_75.pod5	7f8a3f7a-e66c-4765-b7a2-b724f9fcdaed	8a23e469c315776043a099148a67107fc45d7c61	932	2	125382	52.0676	125382	51.9144	19940	28.4031	unclassified	chr12	77442085	77462013	0	19934	+	19960	19902	19865	32	26	37	60	0.999699	0.998141	0.995241	0
PBC68281_skip_005c8e05_8a23e469_75.pod5	1e25ad72-0565-4eaa-bbec-18297759a0fc	8a23e469c315776043a099148a67107fc45d7c61	333	2	125534	1.6656	125534	1.6636	365	3.80571	unclassified	*	-1	-1	-1	-1	*	0	0	0	0	0	0	0	0	0	0	0
PBC68281_skip_005c8e05_8a23e469_75.pod5	24f1235b-d54b-4b6b-9bb7-60fd57b494ac	8a23e469c315776043a099148a67107fc45d7c61	1805	4	125503	4.3682	125503	4.3662	1477	13.7643	unclassified	chr3	132081357	132082807	18	1445	-	1461	1416	1384	11	34	32	60	0.966148	0.977401	0.947296	0
PBC68281_skip_005c8e05_8a23e469_75.pod5	221b875b-a1af-42b1-8d1b-895707388f7a	8a23e469c315776043a099148a67107fc45d7c61	863	3	125430	13.0154	125430	13.0134	5636	29.2036	unclassified	chr5	88196075	88201671	7	5603	-	5600	5592	5589	4	4	3	60	0.992903	0.999463	0.998036	0
PBC68281_skip_005c8e05_8a23e469_75.pod5	577c0b3e-f0d8-4f56-9415-8ab6462add03	8a23e469c315776043a099148a67107fc45d7c61	1551	2	125449	20.1176	125450	20.0148	8120	26.7662	unclassified	chr14	66299888	66307998	5	8111	+	8114	8102	8093	4	8	9	60	0.998276	0.998889	0.997412	0
PBC68281_skip_005c8e05_8a23e469_75.pod5	bbb33d0f-0690-4855-857d-ce0f9114ccd6	8a23e469c315776043a099148a67107fc45d7c61	1576	3	125435	7.7696	125435	7.6536	3861	25.2763	unclassified	chr21	8463092	8466969	0	3851	+	3886	3842	3835	9	35	7	23	0.99741	0.998178	0.986876	0
PBC68281_skip_005c8e05_8a23e469_75.pod5	b9c15c3a-f5dc-4c2d-bdeb-ec4fd1cc0f83	8a23e469c315776043a099148a67107fc45d7c61	2620	2	125448	24.7746	125448	24.7726	8771	7.21966	unclassified	chr10	98616220	98625076	208	8717	-	9217	8148	7370	361	708	778	60	0.970129	0.904516	0.799609	0
PBC68281_skip_005c8e05_8a23e469_75.pod5	6f07fff3-40c1-4e29-b30d-23b01fdc77d7	8a23e469c315776043a099148a67107fc45d7c61	1201	2	125503	8.3708	125503	8.2932	3885	22.0946	unclassified	chr6	344813	348708	0	3885	-	3904	3876	3855	9	19	21	60	1	0.994582	0.987449	0
PBC68281_skip_005c8e05_8a23e469_75.pod5	64e95f4f-45d9-409d-a6f9-ea83c139e34e	8a23e469c315776043a099148a67107fc45d7c61	526	1	125528	4.094	125528	3.9864	2494	17.0822	unclassified	chr10	35198255	35200758	3	2484	+	2511	2473	2437	8	30	36	60	0.994788	0.985443	0.97053	0
PBC68281_skip_005c8e05_8a23e469_75.pod5	68e738d8-32b7-4814-8c2a-8514e58ddfc3	8a23e469c315776043a099148a67107fc45d7c61	563	1	125519	2.1954	125519	2.1934	494	3.9957	unclassified	*	-1	-1	-1	-1	*	0	0	0	0	0	0	0	0	0	0	0
PBC68281_skip_005c8e05_8a23e469_75.pod5	652bc1cd-ab52-4a63-9483-f935d8708de6	8a23e469c315776043a099148a67107fc45d7c61	2116	2	125551	1.403	125551	1.401	304	2	unclassified	*	-1	-1	-1	-1	*	0	0	0	0	0	0	0	0	0	0	0
PBC68281_skip_005c8e05_8a23e469_75.pod5	c0d6145f-8d2f-4c72-822d-b8213cf66eca	8a23e469c315776043a099148a67107fc45d7c61	1142	3	125513	6.7674	125513	6.7654	2400	4.54155	unclassified	*	-1	-1	-1	-1	*	0	0	0	0	0	0	0	0	0	0	0
PBC68281_skip_005c8e05_8a23e469_75.pod5	ebb7ecba-a310-414d-b939-345ccec79ed4	8a23e469c315776043a099148a67107fc45d7c61	2116	2	125561	1.7986	125561	1.7966	386	2.00001	unclassified	*	-1	-1	-1	-1	*	0	0	0	0	0	0	0	0	0	0	0
PBC68281_skip_005c8e05_8a23e469_75.pod5	84c5171b-e272-4936-a38f-570400eaaaf4	8a23e469c315776043a099148a67107fc45d7c61	2436	1	125512	5.8252	125512	5.8232	1491	3.16748	unclassified	*	-1	-1	-1	-1	*	0	0	0	0	0	0	0	0	0	0	0
PBC68281_skip_005c8e05_8a23e469_75.pod5	2ccd0309-b01b-4787-858f-045cfb688e92	8a23e469c315776043a099148a67107fc45d7c61	1578	3	125455	16.3028	125455	16.1916	7537	26.711	unclassified	chr2	11858345	11865883	6	7537	-	7554	7515	7506	16	23	9	60	0.999204	0.998802	0.993646	0
PBC68281_skip_005c8e05_8a23e469_75.pod5	1b201aa5-d40f-4e58-ae19-9e85ce1a6729	8a23e469c315776043a099148a67107fc45d7c61	2577	3	125476	21.0824	125477	20.9688	7818	30.6928	unclassified	chr17	35911409	35919222	0	7811	+	7815	7809	7807	2	4	2	60	0.999105	0.999744	0.998976	0
PBC68281_skip_005c8e05_8a23e469_75.pod5	034cfb75-a555-4dcb-889e-6f6f4d78c459	8a23e469c315776043a099148a67107fc45d7c61	475	2	125513	4.8476	125514	4.7364	1960	34.5912	unclassified	chr7	43472057	43474018	0	1960	-	1961	1960	1957	0	1	3	60	1	0.998469	0.99796	0
PBC68281_skip_005c8e05_8a23e469_75.pod5	577f93d0-9dbe-4b8e-9687-01699861b590	8a23e469c315776043a099148a67107fc45d7c61	1698	2	125494	23.8388	125494	23.7348	12174	21.1669	unclassified	chr13	55564613	55576780	0	12164	+	12212	12119	12056	45	48	63	60	0.999179	0.994802	0.987226	0
PBC68281_skip_005c8e05_8a23e469_75.pod5	e93b8a04-6835-4a8b-80e0-46b58313f54f	8a23e469c315776043a099148a67107fc45d7c61	274	2	125495	7.3808	125495	7.2456	2935	28.5099	unclassified	chr2	101637176	101640111	0	2935	+	2939	2931	2917	4	4	14	60	1	0.995223	0.992514	0
PBC68281_skip_005c8e05_8a23e469_75.pod5	cfc98e4c-d387-4ee1-923e-1cc88d637087	8a23e469c315776043a099148a67107fc45d7c61	2072	4	125488	5.7404	125488	5.67	3454	31.5953	unclassified	chr8	98871550	98875006	4	3454	-	3457	3449	3448	1	7	1	60	0.998842	0.99971	0.997397	0
PBC68281_skip_005c8e05_8a23e469_75.pod5	a7daff9e-221e-43cb-9834-95ba8393b9db	8a23e469c315776043a099148a67107fc45d7c61	1866	3	125590	1.3106	125590	1.3086	374	2.99999	unclassified	*	-1	-1	-1	-1	*	0	0	0	0	0	0	0	0	0	0	0
PBC68281_skip_005c8e05_8a23e469_75.pod5	5b13878f-7ca5-44a6-b91f-3f7325e3cfaf	8a23e469c315776043a099148a67107fc45d7c61	29	4	125474	13.8404	125474	13.7412	5767	23.8045	unclassified	chr4	148638203	148643976	0	5767	-	5782	5758	5736	9	15	22	60	1	0.996179	0.992044	0
PBC68281_skip_005c8e05_8a23e469_75.pod5	9521d34d-7487-4bcf-b297-2a3638e9e8b0	8a23e469c315776043a099148a67107fc45d7c61	2070	3	125597	1.7774	125597	1.7754	337	3.7128	unclassified	*	-1	-1	-1	-1	*	0	0	0	0	0	0	0	0	0	0	0
PBC68281_skip_005c8e05_8a23e469_75.pod5	2e1b4d19-d652-4905-bc22-64f7a2d026d7	8a23e469c315776043a099148a67107fc45d7c61	2625	1	125529	3.9542	125529	3.9522	980	2.97085	unclassified	*	-1	-1	-1	-1	*	0	0	0	0	0	0	0	0	0	0	0
PBC68281_skip_005c8e05_8a23e469_75.pod5	ac5ab389-5c27-419b-9d10-a990bced9bf3	8a23e469c315776043a099148a67107fc45d7c61	1882	1	125541	6.4562	125541	6.4542	1717	5.35447	unclassified	*	-1	-1	-1	-1	*	0	0	0	0	0	0	0	0	0	0	0
PBC68281_skip_005c8e05_8a23e469_75.pod5	731cc365-aadc-4211-99cc-55381ba54b05	8a23e469c315776043a099148a67107fc45d7c61	439	2	125506	13.5524	125506	13.4076	4990	32.3126	unclassified	chr2	116903919	116908898	7	4990	-	4983	4979	4977	4	0	2	60	0.998597	0.999598	0.998796	0
PBC68281_skip_005c8e05_8a23e469_75.pod5	62aa2c38-2606-456e-9ead-b08fe5c2e47c	8a23e469c315776043a099148a67107fc45d7c61	2127	1	125529	9.5864	125529	9.4584	4107	21.2458	unclassified	chr8	95692344	95696455	0	4102	+	4122	4091	4077	11	20	14	60	0.998783	0.996578	0.989083	0
PBC68281_skip_005c8e05_8a23e469_75.pod5	8455243f-96b4-431f-8add-3c4f57b7fe0b	8a23e469c315776043a099148a67107fc45d7c61	1473	4	125477	11.1784	125477	11.1764	4532	11.8318	unclassified	chr11	97189752	97194309	9	4499	-	4647	4400	4263	90	157	137	60	0.990733	0.968864	0.917366	0
PBC68281_skip_005c8e05_8a23e469_75.pod5	fee1a515-1bee-47dd-acf2-44a708aa7253	8a23e469c315776043a099148a67107fc45d7c61	2072	4	125479	3.1196	125479	3.0084	1394	27.2251	unclassified	chr12	63090485	63091874	6	1394	-	1390	1387	1385	1	2	2	60	0.995696	0.998558	0.996403	0
PBC68281_skip_005c8e05_8a23e469_75.pod5	f6586fdd-d688-4094-adae-550c1cf88338	8a23e469c315776043a099148a67107fc45d7c61	1786	2	125471	16.79	125472	16.6668	5480	13.2613	unclassified	chr3	24788978	24794447	0	5474	+	5577	5366	5242	108	103	124	60	0.998905	0.976892	0.939932	0
PBC68281_skip_005c8e05_8a23e469_75.pod5	4fe90f84-9edd-4d7b-a0fc-6014c64328a5	8a23e469c315776043a099148a67107fc45d7c61	1551	2	125476	13.2532	125476	13.2512	5443	19.2999	unclassified	chr14	35496995	35502424	7	5407	-	5447	5382	5357	18	47	25	60	0.9921	0.995355	0.983477	0
PBC68281_skip_005c8e05_8a23e469_75.pod5	e1a1fcc7-4ef4-4aeb-acd3-c85cc3ca52c3	8a23e469c315776043a099148a67107fc45d7c61	1626	1	125548	6.4316	125548	6.3288	2792	25.7352	unclassified	chr9	137572944	137575737	1	2784	+	2793	2783	2780	0	10	3	60	0.996777	0.998922	0.995346	0
PBC68281_skip_005c8e05_8a23e469_75.pod5	8e876d82-2017-4591-8bfe-0a6a3376529f	8a23e469c315776043a099148a67107fc45d7c61	439	2	125520	10.3544	125520	10.2816	4984	23.7947	unclassified	chr2	116903919	116908903	0	4984	+	4999	4969	4960	15	15	9	60	1	0.998189	0.992198	0
PBC68281_skip_005c8e05_8a23e469_75.pod5	6d9a6b6a-4b47-4ece-8d4b-671053125832	8a23e469c315776043a099148a67107fc45d7c61	2612	1	125547	9.938	125547	9.8316	4539	31.9458	unclassified	chr2	150427679	150432209	0	4533	+	4534	4529	4523	4	1	6	60	0.998678	0.998675	0.997574	0
PBC68281_skip_005c8e05_8a23e469_75.pod5	8ce9f2ae-4d8d-4350-b7cb-84ec22297ccc	8a23e469c315776043a099148a67107fc45d7c61	927	3	125489	2.1702	125489	2.1682	753	21.757	unclassified	chr8	68693346	68694075	28	753	+	729	725	723	0	4	2	60	0.962815	0.997241	0.99177	0
PBC68281_skip_005c8e05_8a23e469_75.pod5	eb18497b-9aaf-49bd-9983-07acec364583	8a23e469c315776043a099148a67107fc45d7c61	2208	4	125588	8.2904	125588	8.1696	3262	24.5068	unclassified	chr2	84785245	84788498	8	3262	-	3256	3251	3248	3	2	3	60	0.997548	0.999077	0.997543	0
PBC68281_skip_005c8e05_8a23e469_75.pod5	e40300ad-10dd-41cf-98a4-e1f75d0c8c61	8a23e469c315776043a099148a67107fc45d7c61	350	2	125529	13.1806	125529	13.1786	5511	12.7841	unclassified	chrY	11319804	11325374	0	5455	-	5684	5341	4524	114	229	817	60	0.989838	0.847032	0.795918	0
PBC68281_skip_005c8e05_8a23e469_75.pod5	69c94e04-7d18-4b8f-a303-53fea8c7f324	8a23e469c315776043a099148a67107fc45d7c61	1518	2	125556	8.204	125556	8.1048	3217	16.1255	unclassified	chr8	26697196	26700416	0	3217	+	3241	3196	3162	21	24	34	60	1	0.989362	0.975625	0
PBC68281_skip_005c8e05_8a23e469_75.pod5	372d8363-7d1a-45d7-ad53-27aac025a962	8a23e469c315776043a099148a67107fc45d7c61	1555	2	125453	17.8148	125453	17.7324	7586	27.3472	unclassified	chr14	66318514	66326091	0	7581	+	7587	7571	7566	10	6	5	60	0.999341	0.99934	0.997232	0
PBC68281_skip_005c8e05_8a23e469_75.pod5	2b0066d2-8baa-4e14-80ad-45f07725c849	8a23e469c315776043a099148a67107fc45d7c61	579	1	125470	7.5716	125470	7.3344	3466	17.5002	unclassified	chr20	4365464	4368922	9	3466	-	3479	3436	3411	21	22	25	60	0.997403	0.992724	0.980454	0
PBC68281_skip_005c8e05_8a23e469_75.pod5	93e9d152-8fbe-4632-b09b-9e5e78ac806f	8a23e469c315776043a099148a67107fc45d7c61	2319	2	125453	19.5028	125453	19.5008	7139	25.3056	unclassified	chr15	51989568	51996661	38	7133	+	7104	7084	7069	11	9	15	60	0.993837	0.997883	0.995073	0
PBC68281_skip_005c8e05_8a23e469_75.pod5	298e82ba-0a3c-4405-a981-4e7c73fa3bc9	8a23e469c315776043a099148a67107fc45d7c61	2823	3	125572	22.9664	125572	22.8696	7960	20.3578	unclassified	chr6	155208119	155216096	0	7952	+	8001	7928	7872	24	49	56	60	0.998995	0.992936	0.983877	0
PBC68281_skip_005c8e05_8a23e469_75.pod5	32eb8905-c876-4a76-878b-e12c8112ed64	8a23e469c315776043a099148a67107fc45d7c61	1064	1	125574	4.4018	125574	4.3998	1024	2.08609	unclassified	*	-1	-1	-1	-1	*	0	0	0	0	0	0	0	0	0	0	0
PBC68281_skip_005c8e05_8a23e469_75.pod5	16de3381-3620-4943-8f38-db458b4ecf0f	8a23e469c315776043a099148a67107fc45d7c61	1201	2	125556	8.8512	125556	8.8492	3468	28.5543	unclassified	chr6	47392815	47396242	7	3435	-	3439	3416	3411	12	11	5	60	0.988466	0.998536	0.991858	0
PBC68281_skip_005c8e05_8a23e469_75.pod5	1da45e5c-c0c9-4e35-a427-85ead5f6ec9a	8a23e469c315776043a099148a67107fc45d7c61	448	4	125560	11.3096	125560	11.1648	4465	25.8724	unclassified	chr2	102613932	102618380	0	4456	+	4458	4446	4440	10	2	6	60	0.997984	0.99865	0.995962	0
PBC68281_skip_005c8e05_8a23e469_75.pod5	8a78c22f-e773-4b93-9cc5-e4d730fea0d2	8a23e469c315776043a099148a67107fc45d7c61	2625	1	125505	2.2544	125505	2.2524	466	3.23125	unclassified	*	-1	-1	-1	-1	*	0	0	0	0	0	0	0	0	0	0	0
PBC68281_skip_005c8e05_8a23e469_75.pod5	cfe01807-de76-47dd-97e1-ea699faf2ce2	8a23e469c315776043a099148a67107fc45d7c61	1698	2	125568	4.3196	125568	4.1748	1750	26.4151	unclassified	chr5	137658399	137660153	0	1750	-	1757	1747	1740	3	7	7	60	1	0.995993	0.990324	0
PBC68281_skip_005c8e05_8a23e469_75.pod5	2f3cf381-afa0-45a4-97dc-3bb61ca15600	8a23e469c315776043a099148a67107fc45d7c61	35	4	125510	7.5884	125510	7.4628	2824	30.1558	unclassified	chr8	48603785	48606611	0	2824	-	2827	2823	2823	1	3	0	60	1	1	0.998585	0
PBC68281_skip_005c8e05_8a23e469_75.pod5	9a2bac96-fafe-4d6f-8d7a-4517c7e3f703	8a23e469c315776043a099148a67107fc45d7c61	1044	3	125569	7.118	125569	6.9984	3174	25.5593	unclassified	chr2	50228244	50231411	6	3172	-	3169	3164	3161	2	3	3	60	0.997479	0.999052	0.997476	0
PBC68281_skip_005c8e05_8a23e469_75.pod5	e644814c-cd8a-45e9-aa5a-713c252ecf5f	8a23e469c315776043a099148a67107fc45d7c61	841	4	125528	8.4812	125528	8.3532	3007	25.2059	unclassified	chr10	33699418	33702415	6	3007	-	3002	2996	2992	5	1	4	60	0.998005	0.998665	0.996669	0
PBC68281_skip_005c8e05_8a23e469_75.pod5	96d44fca-4be6-4de6-9560-1accbd09cd3c	8a23e469c315776043a099148a67107fc45d7c61	2065	3	125528	5.996	125528	5.8872	2912	23.8404	unclassified	chr17	15560817	15563798	10	2912	-	2986	2897	2891	5	84	6	52	0.996566	0.997929	0.968185	0
PBC68281_skip_005c8e05_8a23e469_75.pod5	f038fba3-d519-43c9-88a7-33d131c89ef0	8a23e469c315776043a099148a67107fc45d7c61	579	1	125488	13.7752	125488	13.7732	4426	21.3131	unclassified	chrX	129909463	129913846	12	4390	-	4402	4359	4339	19	24	20	60	0.989155	0.995412	0.985688	0
PBC68281_skip_005c8e05_8a23e469_75.pod5	78510a3a-9ebd-476c-945f-00513075a8e5	8a23e469c315776043a099148a67107fc45d7c61	2444	1	125570	7.0196	125570	6.9372	3271	15.0928	unclassified	chr21	33011707	33015037	0	3266	+	3353	3243	3184	23	87	59	60	0.998471	0.981807	0.949597	0
PBC68281_skip_005c8e05_8a23e469_75.pod5	61925cd7-193d-4eab-b5c2-04db3876f07d	8a23e469c315776043a099148a67107fc45d7c61	1786	2	125427	20.3866	125427	20.3846	8244	28.8572	unclassified	chr3	35447644	35455847	8	8214	-	8217	8192	8184	14	11	8	60	0.995391	0.999023	0.995984	0
PBC68281_skip_005c8e05_8a23e469_75.pod5	6f83af9a-9352-4ed5-a3b8-dd1f5a6cc104	8a23e469c315776043a099148a67107fc45d7c61	2823	3	125489	3.6306	125489	3.6286	1324	25.4598	unclassified	chr4	45555549	45556514	327	1289	-	965	962	961	0	3	1	60	0.726586	0.99896	0.995855	0
PBC68281_skip_005c8e05_8a23e469_75.pod5	7c575c42-044b-4264-9524-0018800368e8	8a23e469c315776043a099148a67107fc45d7c61	1640	1	125496	9.308	125496	9.306	4868	26.0484	unclassified	chr3	194182055	194186886	11	4839	-	4841	4818	4808	10	13	10	60	0.991783	0.997924	0.993183	0
PBC68281_skip_005c8e05_8a23e469_75.pod5	c1c6cf16-d989-40ee-ab51-0de7b2b37a08	8a23e469c315776043a099148a67107fc45d7c61	2098	1	125582	17.618	125582	17.616	2085	2.62557	unclassified	*	-1	-1	-1	-1	*	0	0	0	0	0	0	0	0	0	0	0
PBC68281_skip_005c8e05_8a23e469_75.pod5	2a08747a-2a69-41d6-a8cb-faa97a314cdd	8a23e469c315776043a099148a67107fc45d7c61	2219	4	125478	6.05	125478	5.8908	2183	35.7065	unclassified	chr3	106513012	106515188	7	2183	-	2176	2176	2175	0	0	1	60	0.996793	0.99954	0.99954	0
PBC68281_skip_005c8e05_8a23e469_75.pod5	aa41f5ef-857d-4104-9450-a345af478f14	8a23e469c315776043a099148a67107fc45d7c61	2189	4	125493	6.098	125493	6.0084	2973	28.3038	unclassified	chr10	47079695	47082668	0	2969	+	2974	2968	2966	1	5	2	60	0.998655	0.999326	0.99731	0
PBC68281_skip_005c8e05_8a23e469_75.pod5	d818aa2b-cebe-48a6-90fe-0b8cf4dfc605	8a23e469c315776043a099148a67107fc45d7c61	964	4	125529	11.6732	125530	11.6052	4951	22.826	unclassified	chr1	509569	514529	8	4951	-	4963	4940	4931	3	20	9	44	0.998384	0.998178	0.993552	0
PBC68281_skip_005c8e05_8a23e469_75.pod5	ce9342ba-9918-43a2-a69d-af6686967313	8a23e469c315776043a099148a67107fc45d7c61	563	1	125428	2.0006	125428	1.9986	478	3.29655	unclassified	*	-1	-1	-1	-1	*	0	0	0	0	0	0	0	0	0	0	0
PBC68281_skip_005c8e05_8a23e469_75.pod5	278711ce-a536-4a26-9baf-3d97b31ccb8b	8a23e469c315776043a099148a67107fc45d7c61	841	4	125490	5.5904	125490	5.5056	2025	27.6276	unclassified	chr13	103521253	103523270	0	2018	+	2018	2017	2016	1	0	1	60	0.996543	0.999504	0.999009	0
PBC68281_skip_005c8e05_8a23e469_75.pod5	8f8c6c08-e8d2-4466-8eff-4b3fdb813cf2	8a23e469c315776043a099148a67107fc45d7c61	1959	2	125486	7.08	125486	7.078	3430	20.5466	unclassified	chr12	67211454	67214842	5	3399	-	3404	3378	3359	16	10	19	60	0.989504	0.994375	0.98678	0
PBC68281_skip_005c8e05_8a23e469_75.pod5	4ba5fec8-b827-4a0b-80b8-cae1c431aae9	8a23e469c315776043a099148a67107fc45d7c61	845	4	125539	6.116	125539	6.0072	2638	31.8032	unclassified	chr5	146170747	146173374	7	2638	-	2632	2626	2616	5	1	10	60	0.997346	0.996192	0.993921	0
PBC68281_skip_005c8e05_8a23e469_75.pod5	02861fe3-89a5-4115-938e-c5fb8c4a75d9	8a23e469c315776043a099148a67107fc45d7c61	2115	1	125477	14.0264	125477	13.9032	6103	24.2195	unclassified	chr17	12662527	12668606	0	6097	+	6107	6069	6056	28	10	13	60	0.999017	0.997858	0.991649	0
PBC68281_skip_005c8e05_8a23e469_75.pod5	c5c020b4-5435-487c-9700-649bf7305b4a	8a23e469c315776043a099148a67107fc45d7c61	2042	4	125564	10.5258	125564	10.5238	6321	16.1449	unclassified	chr19	46015449	46021775	32	6313	+	6362	6245	6182	36	81	63	60	0.993672	0.989912	0.971707	0
PBC68281_skip_005c8e05_8a23e469_75.pod5	91683415-ce60-4973-a3d6-6dbe803744df	8a23e469c315776043a099148a67107fc45d7c61	2319	2	125498	5.6408	125498	5.2332	1937	29.2853	unclassified	chr2	114290154	114292085	0	1932	+	1932	1931	1928	1	0	3	60	0.997419	0.998446	0.99793	0
PBC68281_skip_005c8e05_8a23e469_75.pod5	a1e364b5-87e8-44a3-9a94-0330dd6f87a7	8a23e469c315776043a099148a67107fc45d7c61	2042	4	125500	4.0592	125500	3.8952	2288	16.7001	unclassified	chr8	62268615	62270899	7	2288	-	2299	2266	2244	15	18	22	60	0.996941	0.990291	0.976077	0
PBC68281_skip_005c8e05_8a23e469_75.pod5	44c9b63b-b351-42d2-99de-9a8a26882c87	8a23e469c315776043a099148a67107fc45d7c61	2654	4	125579	14.9984	125579	14.8752	6142	30.3215	unclassified	chr21	18058679	18064823	0	6142	+	6146	6140	6122	2	4	18	60	1	0.997068	0.996095	0
PBC68281_skip_005c8e05_8a23e469_75.pod5	a6d01cf9-dfb8-49a1-811a-ecbcabd0999b	8a23e469c315776043a099148a67107fc45d7c61	2065	3	125469	21.686	125469	21.4392	8974	24.6397	unclassified	chrX	78198037	78205781	0	8974	-	8990	7728	7713	1246	16	15	60	1	0.998059	0.857953	0
PBC68281_skip_005c8e05_8a23e469_75.pod5	1bb67685-c07a-4370-8cdd-675b64f4af44	8a23e469c315776043a099148a67107fc45d7c61	1373	4	125499	3.896	125499	3.8172	1669	32.9973	unclassified	chr2	70000848	70002516	1	1669	+	1668	1668	1667	0	0	1	60	0.999401	0.9994	0.9994	0
PBC68281_skip_005c8e05_8a23e469_75.pod5	2ab63191-ad48-4b2c-b1fa-bc88e9c2b42b	8a23e469c315776043a099148a67107fc45d7c61	343	2	125451	22.4586	125451	22.4566	11111	21.4858	unclassified	chr9	107304423	107315533	2	11090	-	11133	11065	11021	23	45	44	60	0.99793	0.996023	0.98994	0
PBC68281_skip_005c8e05_8a23e469_75.pod5	80e6ea49-ce88-4ddf-8434-b310b9f28075	8a23e469c315776043a099148a67107fc45d7c61	1698	2	125579	15.4136	125579	15.4116	5227	7.28255	unclassified	chr9	3918501	3921969	1709	5195	-	3500	3454	3423	32	14	31	60	0.666922	0.991025	0.978	0
PBC68281_skip_005c8e05_8a23e469_75.pod5	44460376-7520-464a-9882-a233bc844f42	8a23e469c315776043a099148a67107fc45d7c61	1641	4	125419	12.7022	125419	12.7002	4393	21.6231	unclassified	chr3	117612717	117617063	7	4351	-	4370	4320	4293	24	26	27	60	0.988846	0.99375	0.98238	0
PBC68281_skip_005c8e05_8a23e469_75.pod5	fe938fb3-973e-4316-a380-7b7ee0c26312	8a23e469c315776043a099148a67107fc45d7c61	1882	1	125516	1.5362	125516	1.5342	389	3.15048	unclassified	*	-1	-1	-1	-1	*	0	0	0	0	0	0	0	0	0	0	0
PBC68281_skip_005c8e05_8a23e469_75.pod5	e93e9629-8b94-45aa-947a-a0c551f6dd53	8a23e469c315776043a099148a67107fc45d7c61	2004	3	125426	4.982	125426	4.98	1614	20.1885	unclassified	chr18	68249338	68250929	26	1614	+	1595	1584	1575	4	7	9	60	0.983891	0.994318	0.987461	0
PBC68281_skip_005c8e05_8a23e469_75.pod5	8b3cd9d9-3d5e-46c3-95f6-24dab64ecfd5	8a23e469c315776043a099148a67107fc45d7c61	526	1	125489	6.1136	125489	6.1116	3918	18.8836	unclassified	chr19	7811321	7815213	38	3911	+	3908	3857	3822	16	35	35	60	0.988515	0.990926	0.977994	0
PBC68281_skip_005c8e05_8a23e469_75.pod5	f7123980-b78c-434c-9f1e-c54b616b7214	8a23e469c315776043a099148a67107fc45d7c61	877	4	125485	12.1588	125485	12.1568	6413	21.9203	unclassified	chrX	10751867	10758262	8	6383	-	6409	6361	6347	14	34	14	60	0.994075	0.997799	0.990326	0
PBC68281_skip_005c8e05_8a23e469_75.pod5	945c1cb9-992d-4f1a-9c1e-f65219aaf1ee	8a23e469c315776043a099148a67107fc45d7c61	288	3	125427	5.054	125428	4.9476	2438	19.4652	unclassified	chr11	42974503	42976925	0	2422	+	2438	2406	2397	16	16	9	60	0.993437	0.996259	0.983183	0
PBC68281_skip_005c8e05_8a23e469_75.pod5	e7342a13-cf5b-4367-94d7-6f51b570c76e	8a23e469c315776043a099148a67107fc45d7c61	1373	4	125510	3.6248	125510	3.5376	1550	29.5713	unclassified	chr7	31981663	31983130	0	1464	+	1467	1464	1462	0	3	2	60	0.944516	0.998634	0.996592	0
PBC68281_skip_005c8e05_8a23e469_75.pod5	ab10933b-7fa2-44b1-b5b6-10aefb2a9911	8a23e469c315776043a099148a67107fc45d7c61	1555	2	125500	11.1232	125500	11.1212	5194	24.4482	unclassified	chr18	73050023	73055189	9	5159	-	5167	5149	5133	1	17	16	60	0.991529	0.996893	0.99342	0
PBC68281_skip_005c8e05_8a23e469_75.pod5	4ba2f519-f26b-4185-866d-b10033d3bd04	8a23e469c315776043a099148a67107fc45d7c61	140	2	125426	6.9848	125426	6.8736	2834	27.5474	unclassified	chr1	203329477	203332314	0	2834	+	2843	2828	2822	6	9	6	60	1	0.997878	0.992613	0
PBC68281_skip_005c8e05_8a23e469_75.pod5	8365c86d-9fca-4dd9-9f63-9db630b8e2d5	8a23e469c315776043a099148a67107fc45d7c61	691	4	125474	11.8856	125474	11.7696	4759	28.2613	unclassified	chr11	70350846	70355593	11	4759	-	4750	4745	4741	3	2	4	60	0.997689	0.999157	0.998105	0
PBC68281_skip_005c8e05_8a23e469_75.pod5	689eb739-d0d8-4149-b380-65b04d692410	8a23e469c315776043a099148a67107fc45d7c61	905	2	125419	13.118	125419	13.002	4940	32.2112	unclassified	chr10	83239696	83244641	0	4940	+	4948	4937	4934	3	8	3	60	1	0.999392	0.997171	0
PBC68281_skip_005c8e05_8a23e469_75.pod5	d9001f3b-2198-4055-bb11-f9599cc43252	8a23e469c315776043a099148a67107fc45d7c61	2442	4	125473	22.9158	125473	22.9138	9712	30.4637	unclassified	chr11	9469288	9478947	30	9706	+	9688	9647	9647	29	12	0	60	0.996293	1	0.995768	0
PBC68281_skip_005c8e05_8a23e469_75.pod5	b9694bd3-ca63-4335-9bb1-786a2f965534	8a23e469c315776043a099148a67107fc45d7c61	434	4	125411	21.0862	125411	21.0842	8554	25.2116	unclassified	chr2	52469023	52477540	7	8521	-	8527	8504	8470	10	13	34	60	0.995324	0.996002	0.993315	0
PBC68281_skip_005c8e05_8a23e469_75.pod5	e5ac2bb6-0a9f-4aad-8061-ba17585ad373	8a23e469c315776043a099148a67107fc45d7c61	2866	2	125496	11.0798	125496	11.0778	3522	9.14803	unclassified	chr2	168034445	168037777	5	3297	-	3435	3189	3024	103	143	165	60	0.934696	0.94826	0.880349	0
PBC68281_skip_005c8e05_8a23e469_75.pod5	603c6b54-9f45-43f4-909b-9352104ffa67	8a23e469c315776043a099148a67107fc45d7c61	1882	1	125522	4.0308	125522	4.0288	991	2.79773	unclassified	*	-1	-1	-1	-1	*	0	0	0	0	0	0	0	0	0	0	0
PBC68281_skip_005c8e05_8a23e469_75.pod5	41ca4159-d130-47bd-916b-94ea682e61db	8a23e469c315776043a099148a67107fc45d7c61	2116	2	125536	1.934	125536	1.932	461	3.17963	unclassified	*	-1	-1	-1	-1	*	0	0	0	0	0	0	0	0	0	0	0
PBC68281_skip_005c8e05_8a23e469_75.pod5	f82c16af-96fb-4470-985f-94863a33d990	8a23e469c315776043a099148a67107fc45d7c61	2208	4	125423	8.7764	125423	8.6316	3807	29.7134	unclassified	chr12	116216994	116220792	0	3798	+	3800	3796	3794	2	2	2	60	0.997636	0.999473	0.998421	0
PBC68281_skip_005c8e05_8a23e469_75.pod5	104cdd44-beae-49fb-a031-58170e1a2193	8a23e469c315776043a099148a67107fc45d7c61	2208	4	125479	17.384	125480	17.2152	7183	27.5791	unclassified	chr1	84827670	84834847	0	7177	+	7183	7171	7162	6	6	9	60	0.999165	0.998745	0.997076	0
PBC68281_skip_005c8e05_8a23e469_75.pod5	ec399dd0-f817-4d90-85bd-64c5775e5692	8a23e469c315776043a099148a67107fc45d7c61	285	1	125463	28.4408	125464	28.2768	11369	26.2391	unclassified	chr8	42222201	42233556	6	11369	-	11373	11345	11328	18	10	17	60	0.999472	0.998502	0.996043	0
PBC68281_skip_005c8e05_8a23e469_75.pod5	06b7aec4-9c35-4da6-aadc-2fcc977e8281	8a23e469c315776043a099148a67107fc45d7c61	1158	4	125492	14.0372	125492	13.9248	6257	30.5992	unclassified	chr7	104635701	104641948	10	6257	-	6253	6241	6226	6	6	15	60	0.998402	0.997597	0.995682	0
PBC68281_skip_005c8e05_8a23e469_75.pod5	ed86c47c-4401-4f3c-a246-d8f4f001b92b	8a23e469c315776043a099148a67107fc45d7c61	343	2	125419	13.4024	125419	13.3272	6741	24.4506	unclassified	chr4	71115622	71122357	0	6736	+	6759	6712	6686	24	23	26	60	0.999258	0.996126	0.9892	0
PBC68281_skip_005c8e05_8a23e469_75.pod5	be5288c7-7493-4b70-ab65-d7ff298b641c	8a23e469c315776043a099148a67107fc45d7c61	1640	1	125474	17.5924	125474	17.5904	8605	21.8804	unclassified	chr9	17041600	17050187	6	8572	-	8611	8542	8526	24	45	16	60	0.995468	0.998127	0.990129	0
PBC68281_skip_005c8e05_8a23e469_75.pod5	a1fba576-3dc6-45cd-ad47-1891e22cd453	8a23e469c315776043a099148a67107fc45d7c61	439	2	125401	29.3552	125402	29.2656	12769	25.3722	unclassified	chrX	64309146	64321927	7	12769	-	12802	12741	12718	21	40	23	60	0.999452	0.998195	0.993439	0
PBC68281_skip_005c8e05_8a23e469_75.pod5	8d24f616-7ad8-495b-a8c4-450bf2519aec	8a23e469c315776043a099148a67107fc45d7c61	691	4	125512	6.1676	125513	6.03	2649	26.0777	unclassified	chr16	23740892	23743539	4	2649	-	2651	2641	2632	4	6	9	60	0.99849	0.996592	0.992833	0
PBC68281_skip_005c8e05_8a23e469_75.pod5	2dde5bee-276b-4fd6-9c38-c4f7033542c6	8a23e469c315776043a099148a67107fc45d7c61	78	2	125498	15.8804	125499	15.7272	6469	24.4513	unclassified	chr7	155876910	155883376	7	6469	-	6477	6451	6436	11	15	15	60	0.998918	0.997675	0.99367	0
PBC68281_skip_005c8e05_8a23e469_75.pod5	0264a76d-16c9-47bd-950b-1f8af7b1ac62	8a23e469c315776043a099148a67107fc45d7c61	1142	3	125519	4.8152	125519	4.8132	1764	4.63925	unclassified	*	-1	-1	-1	-1	*	0	0	0	0	0	0	0	0	0	0	0
PBC68281_skip_005c8e05_8a23e469_75.pod5	7ea6aedb-75ee-41d4-8d78-e9fc35b3165a	8a23e469c315776043a099148a67107fc45d7c61	843	1	125517	3.6208	125517	3.6188	1349	42.5614	unclassified	chr2	138885530	138886843	36	1349	+	1313	1313	1312	0	0	1	60	0.973314	0.999238	0.999238	0
PBC68281_skip_005c8e05_8a23e469_75.pod5	1d5a46bd-5dee-4a6f-9441-95b00e298fb9	8a23e469c315776043a099148a67107fc45d7c61	1142	3	125524	7.3938	125524	7.3918	2179	3.21822	unclassified	*	-1	-1	-1	-1	*	0	0	0	0	0	0	0	0	0	0	0
PBC68281_skip_005c8e05_8a23e469_75.pod5	e0df5c5f-9058-459a-b5df-a659014244c8	8a23e469c315776043a099148a67107fc45d7c61	877	4	125509	8.4464	125510	8.34	2899	26.289	unclassified	chr6	146219020	146221915	0	2899	-	2899	2895	2893	4	0	2	60	1	0.999309	0.99793	0
PBC68281_skip_005c8e05_8a23e469_75.pod5	e02fae35-a504-4426-a452-1f6893d1eda6	8a23e469c315776043a099148a67107fc45d7c61	2617	2	125497	53.252	125497	53.0136	20785	25.8675	unclassified	chr15	99917784	99939020	0	20785	-	21276	20745	20709	40	491	36	60	1	0.998265	0.97335	0
PBC68281_skip_005c8e05_8a23e469_75.pod5	71e3659e-aeb5-4a8b-8b0c-16032ce096e4	8a23e469c315776043a099148a67107fc45d7c61	2116	2	125553	4.315	125553	4.313	976	2.92379	unclassified	*	-1	-1	-1	-1	*	0	0	0	0	0	0	0	0	0	0	0
PBC68281_skip_005c8e05_8a23e469_75.pod5	927f3014-dee3-4b24-8a9c-35d7825d3903	8a23e469c315776043a099148a67107fc45d7c61	2273	3	125527	5.9232	125527	5.9212	2538	9.9253	unclassified	chr16	71513548	71516117	22	2498	-	2631	2414	2279	62	155	135	60	0.975571	0.944076	0.866211	0
PBC68281_skip_005c8e05_8a23e469_75.pod5	dec2e346-f5f6-4240-879e-26522fba7097	8a23e469c315776043a099148a67107fc45d7c61	1626	1	125495	16.4514	125495	16.4494	6572	31.1905	unclassified	chr2	78917930	78924493	15	6566	+	6569	6545	6515	6	18	30	60	0.996805	0.995416	0.99178	0
PBC68281_skip_005c8e05_8a23e469_75.pod5	20f103c3-766f-4b53-bf35-5b67cb62d1fc	8a23e469c315776043a099148a67107fc45d7c61	2042	4	125410	12.3836	125410	12.258	7462	17.3738	unclassified	chr13	96949341	96956828	0	7462	-	7529	7420	7348	42	67	72	60	1	0.990296	0.97596	0
PBC68281_skip_005c8e05_8a23e469_75.pod5	95a159b8-cf0e-4403-8e15-0ad6aef912cf	8a23e469c315776043a099148a67107fc45d7c61	2577	3	125501	14.1394	125501	14.1374	6293	29.0713	unclassified	chr8	87494653	87500948	0	6293	-	6298	6290	6276	3	5	14	60	1	0.997774	0.996507	0
PBC68281_skip_005c8e05_8a23e469_75.pod5	ee345d35-c180-44cc-9f2e-8acd6c278fdc	8a23e469c315776043a099148a67107fc45d7c61	927	3	125462	26.072	125462	25.8336	10702	24.237	unclassified	chr6	2330186	2340895	0	10702	+	10728	10683	10660	19	26	23	60	1	0.997847	0.993661	0
PBC68281_skip_005c8e05_8a23e469_75.pod5	9b8d2f00-1698-40b1-98b4-695adeba690b	8a23e469c315776043a099148a67107fc45d7c61	2116	2	125564	1.4262	125564	1.4242	341	2.99999	unclassified	*	-1	-1	-1	-1	*	0	0	0	0	0	0	0	0	0	0	0
PBC68281_skip_005c8e05_8a23e469_75.pod5	c355b435-42b6-4fcb-80aa-ed2e28087cab	8a23e469c315776043a099148a67107fc45d7c61	2070	3	125568	1.7388	125568	1.7368	586	2.96132	unclassified	*	-1	-1	-1	-1	*	0	0	0	0	0	0	0	0	0	0	0
PBC68281_skip_005c8e05_8a23e469_75.pod5	aec48c11-9542-4165-9ed9-75e70674c0b4	8a23e469c315776043a099148a67107fc45d7c61	1884	1	125523	8.2398	125523	8.2378	3567	30.71	unclassified	chr1	122488826	122492341	14	3530	-	3516	3515	3455	1	0	60	24	0.985702	0.98293	0.982651	0
PBC68281_skip_005c8e05_8a23e469_75.pod5	f71164ad-dde6-442a-a5e5-ee7e748dc93f	8a23e469c315776043a099148a67107fc45d7c61	1963	3	125501	13.2224	125501	13.0176	3802	26.7743	unclassified	chr2	55999406	56003198	0	3798	+	3798	3792	3789	6	0	3	60	0.998948	0.999209	0.99763	0
PBC68281_skip_005c8e05_8a23e469_75.pod5	216df0db-c1bf-4aca-a3d7-1319c6db8e9b	8a23e469c315776043a099148a67107fc45d7c61	326	3	125541	4.0124	125542	3.8844	1539	27.488	unclassified	chr2	104817257	104818790	0	1533	+	1536	1530	1526	3	3	4	60	0.996101	0.997386	0.99349	0
PBC68281_skip_005c8e05_8a23e469_75.pod5	394a2ae9-b1e0-419b-ad59-8660b512ab14	8a23e469c315776043a099148a67107fc45d7c61	563	1	125575	2.334	125575	2.332	489	2.30196	unclassified	*	-1	-1	-1	-1	*	0	0	0	0	0	0	0	0	0	0	0
PBC68281_skip_005c8e05_8a23e469_75.pod5	8ac4b499-7b9b-413a-a9be-4913c750b651	8a23e469c315776043a099148a67107fc45d7c61	353	2	125571	8.3934	125571	8.3914	1904	2.86999	unclassified	*	-1	-1	-1	-1	*	0	0	0	0	0	0	0	0	0	0	0
PBC68281_skip_005c8e05_8a23e469_75.pod5	16759c32-5833-497c-b7b6-554b1917f44c	8a23e469c315776043a099148a67107fc45d7c61	353	2	125580	6.3512	125580	6.3492	1743	2.93174	unclassified	*	-1	-1	-1	-1	*	0	0	0	0	0	0	0	0	0	0	0
PBC68281_skip_005c8e05_8a23e469_75.pod5	07e362b9-5c4d-460f-97d5-3480eb351795	8a23e469c315776043a099148a67107fc45d7c61	1413	2	125532	3.5486	125532	3.5466	1498	27.8724	unclassified	chr11	73739263	73740714	1	1466	-	1466	1450	1449	15	1	1	60	0.977971	0.99931	0.988404	0
PBC68281_skip_005c8e05_8a23e469_75.pod5	d810bf70-906d-4dcb-89be-6affd51ac998	8a23e469c315776043a099148a67107fc45d7c61	140	2	125535	5.3324	125535	5.2032	2085	28.0227	unclassified	chr3	189907540	189909619	5	2084	-	2081	2077	2074	2	2	3	60	0.997122	0.998556	0.996636	0
PBC68281_skip_005c8e05_8a23e469_75.pod5	d2d13ac4-fd39-4892-a497-1d90a2452eeb	8a23e469c315776043a099148a67107fc45d7c61	861	4	125528	11.5496	125528	11.4048	5042	28.6546	unclassified	chr1	58847988	58853017	11	5042	-	5034	5026	5016	5	3	10	60	0.997818	0.99801	0.996424	0
PBC68281_skip_005c8e05_8a23e469_75.pod5	22623cc1-9878-499d-84d1-08aa0298e407	8a23e469c315776043a099148a67107fc45d7c61	375	1	125518	9.2516	125518	9.1488	4054	10.2248	unclassified	chr4	164812453	164816607	10	4051	+	4246	3949	3745	92	205	204	60	0.996793	0.948341	0.882007	0
PBC68281_skip_005c8e05_8a23e469_75.pod5	83fb1ce7-320e-4c09-8f97-876132dfee7b	8a23e469c315776043a099148a67107fc45d7c61	120	4	125554	5.3002	125554	5.2982	1299	3.31051	unclassified	*	-1	-1	-1	-1	*	0	0	0	0	0	0	0	0	0	0	0
PBC68281_skip_005c8e05_8a23e469_75.pod5	4aa080f8-4877-44e4-bcc4-d47b8a238a2b	8a23e469c315776043a099148a67107fc45d7c61	563	1	125552	6.2556	125552	6.2536	1493	3.54508	unclassified	*	-1	-1	-1	-1	*	0	0	0	0	0	0	0	0	0	0	0
PBC68281_skip_005c8e05_8a23e469_75.pod5	47f63f1a-9380-4cfa-8173-2221b8878b9a	8a23e469c315776043a099148a67107fc45d7c61	326	3	125545	8.024	125545	8.022	2717	27.4332	unclassified	chr2	50787339	50790020	37	2710	+	2686	2668	2662	5	13	6	60	0.983806	0.997751	0.991065	0
PBC68281_skip_005c8e05_8a23e469_75.pod5	f883dcb5-1a9d-4d14-ac8e-edb7bbed56e5	8a23e469c315776043a099148a67107fc45d7c61	2623	4	125503	15.6434	125503	15.6414	7716	15.1294	unclassified	chr3	130897063	130904818	7	7686	-	7833	7601	7456	78	154	145	60	0.995205	0.980924	0.95187	0
PBC68281_skip_005c8e05_8a23e469_75.pod5	aae0c164-7ff3-4b2a-b8e1-9dbdb8b175fd	8a23e469c315776043a099148a67107fc45d7c61	1193	2	125496	22.3136	125496	22.1304	9092	23.9788	unclassified	chr18	26488464	26497576	0	9080	+	9126	9066	9051	14	46	15	60	0.99868	0.998345	0.991782	0
PBC68281_skip_005c8e05_8a23e469_75.pod5	a4f47d72-dd76-461d-8392-27e0f5c3e2c5	8a23e469c315776043a099148a67107fc45d7c61	1555	2	125518	18.8782	125518	18.8762	8400	26.6799	unclassified	chr10	38647252	38655607	36	8393	+	8365	8347	8337	10	8	10	60	0.994881	0.998802	0.996653	0
PBC68281_skip_005c8e05_8a23e469_75.pod5	5f262384-f27d-468d-a61e-087ce317496d	8a23e469c315776043a099148a67107fc45d7c61	2612	1	125531	11.9912	125531	11.9892	7528	21.0825	unclassified	chr2	191717345	191724849	7	7493	-	7526	7464	7424	22	40	40	60	0.994421	0.994641	0.986447	0
PBC68281_skip_005c8e05_8a23e469_75.pod5	469fc324-a73b-463b-abba-2b850d247018	8a23e469c315776043a099148a67107fc45d7c61	448	4	125551	5.744	125551	5.5704	1840	26.4486	unclassified	chr19	9018206	9020040	6	1840	-	1838	1830	1828	4	4	2	60	0.996739	0.998907	0.994559	0
PBC68281_skip_005c8e05_8a23e469_75.pod5	18bc0151-2501-426e-ae17-740a2f51d2e9	8a23e469c315776043a099148a67107fc45d7c61	1373	4	125546	11.306	125546	11.2188	4931	30.5359	unclassified	chr18	29703284	29708205	7	4931	-	4924	4921	4910	3	0	11	60	0.99858	0.997765	0.997157	0
PBC68281_skip_005c8e05_8a23e469_75.pod5	766aa8bb-9bcc-4fb8-aa6a-f5f9e184f4cc	8a23e469c315776043a099148a67107fc45d7c61	1015	3	125540	5.0576	125540	4.9332	3028	19.3941	unclassified	chr2	241839933	241842964	1	3020	+	3038	3012	3002	7	19	10	60	0.997028	0.99668	0.98815	0
PBC68281_skip_005c8e05_8a23e469_75.pod5	a245892f-4a58-43e4-baa1-558e990149c8	8a23e469c315776043a099148a67107fc45d7c61	465	2	125517	22.2162	125517	22.2142	8271	20.095	unclassified	chr3	13937663	13945893	40	8271	+	8268	8193	8156	38	37	37	60	0.995164	0.995484	0.986454	0
PBC68281_skip_005c8e05_8a23e469_75.pod5	c37bacd4-ddd4-47c9-ace9-e7dcc9240f6e	8a23e469c315776043a099148a67107fc45d7c61	1857	4	125484	28.5644	125484	28.4556	13025	26.8384	unclassified	chr4	63232800	63245823	0	13018	+	13042	12999	12948	19	24	51	60	0.999463	0.996077	0.992792	0
PBC68281_skip_005c8e05_8a23e469_75.pod5	2d632cbf-7ec4-4d6a-9b1b-4df0fa47e30d	8a23e469c315776043a099148a67107fc45d7c61	2625	1	125570	9.0964	125570	9.0944	1780	2.87551	unclassified	*	-1	-1	-1	-1	*	0	0	0	0	0	0	0	0	0	0	0
PBC68281_skip_005c8e05_8a23e469_75.pod5	d86c64ce-d1ad-42ec-b721-f39578aa1b1b	8a23e469c315776043a099148a67107fc45d7c61	579	1	125503	35.3096	125503	34.9476	7103	16.4993	unclassified	chr15	74073315	74079804	0	6487	+	6561	6415	6347	72	74	68	12	0.913276	0.9894	0.967383	0
PBC68281_skip_005c8e05_8a23e469_75.pod5	fd104a97-b9bd-4934-8f42-5914f7691dd1	8a23e469c315776043a099148a67107fc45d7c61	1818	1	125551	5.9372	125551	5.9352	1388	3.4922	unclassified	*	-1	-1	-1	-1	*	0	0	0	0	0	0	0	0	0	0	0
PBC68281_skip_005c8e05_8a23e469_75.pod5	41417cb8-f693-4409-b5b8-0c40cf2f26d8	8a23e469c315776043a099148a67107fc45d7c61	2635	2	125534	11.6276	125534	11.5452	4851	28.2912	unclassified	chr17	81520619	81525448	0	4844	+	4851	4822	4816	22	7	6	60	0.998557	0.998756	0.992785	0
PBC68281_skip_005c8e05_8a23e469_75.pod5	0168c1c8-6585-496f-a995-80029dcf46d9	8a23e469c315776043a099148a67107fc45d7c61	1963	3	125553	8.6804	125553	8.5692	3758	26.7326	unclassified	chr3	24818005	24821763	0	3753	+	3759	3752	3748	1	6	4	60	0.99867	0.998934	0.997074	0
PBC68281_skip_005c8e05_8a23e469_75.pod5	b42c2807-e521-4ea2-9623-4ba1a106c4bf	8a23e469c315776043a099148a67107fc45d7c61	2461	3	125427	4.8332	125427	4.8312	2077	8.91851	unclassified	chr12	83581412	83583515	8	2044	-	2164	1975	1821	61	128	154	60	0.98026	0.922025	0.841497	0
PBC68281_skip_005c8e05_8a23e469_75.pod5	dd88fafa-fd80-4820-90bb-5fde68d3be9a	8a23e469c315776043a099148a67107fc45d7c61	1555	2	125425	8.575	125425	8.573	1836	2.6307	unclassified	*	-1	-1	-1	-1	*	0	0	0	0	0	0	0	0	0	0	0
PBC68281_skip_005c8e05_8a23e469_75.pod5	b0b046b3-2175-48b5-b40c-c4ba235e34c4	8a23e469c315776043a099148a67107fc45d7c61	2588	2	125566	13.8812	125566	13.8792	5200	16.5241	unclassified	chr2	240777440	240782418	10	5166	-	5219	4915	4854	241	63	61	60	0.991538	0.987589	0.930063	0
PBC68281_skip_005c8e05_8a23e469_75.pod5	87a1d56b-e552-4f74-b010-2566f080c0fb	8a23e469c315776043a099148a67107fc45d7c61	2640	4	125561	18.9632	125561	18.852	9068	31.2802	unclassified	chr3	109199590	109208652	10	9068	-	9066	9054	9050	4	8	4	60	0.998897	0.999558	0.998235	0
PBC68281_skip_005c8e05_8a23e469_75.pod5	de9ab60d-5d43-4fe6-8dc5-f85f9fa443ad	8a23e469c315776043a099148a67107fc45d7c61	922	4	125535	11.9864	125535	11.8632	5781	31.9995	unclassified	chr17	26868768	26874487	73	5781	-	5992	5435	4529	273	284	906	1	0.987372	0.833303	0.755841	0
PBC68281_skip_005c8e05_8a23e469_75.pod5	054044b1-7a67-41b1-ae02-6cca3098fd79	8a23e469c315776043a099148a67107fc45d7c61	343	2	125537	11.498	125537	11.4084	4633	28.0468	unclassified	chr6	137092267	137096898	0	4633	+	4639	4625	4621	8	6	4	60	1	0.999135	0.99612	0
PBC68281_skip_005c8e05_8a23e469_75.pod5	385f7473-7b93-46f2-b376-9764565fb95a	8a23e469c315776043a099148a67107fc45d7c61	2612	1	125405	25.6592	125405	25.5708	11063	32.9958	unclassified	chr8	45005603	45018013	6	11059	-	12416	11047	10876	6	1363	171	1	0.999096	0.984521	0.875966	0
PBC68281_skip_005c8e05_8a23e469_75.pod5	a6ee26f1-0494-4152-ae33-73f202f62cfb	8a23e469c315776043a099148a67107fc45d7c61	2618	2	125533	23.256	125533	23.254	9734	18.3208	unclassified	chr4	49103299	49113676	0	9725	-	10802	9300	8081	425	1077	1219	1	0.999075	0.868925	0.748102	0
PBC68281_skip_005c8e05_8a23e469_75.pod5	f9357ba5-47d3-42e1-8819-71ba3b87ea6b	8a23e469c315776043a099148a67107fc45d7c61	2444	1	125561	8.4534	125561	8.4514	3347	16.0804	unclassified	chr21	33011706	33015037	5	3319	-	3353	3292	3246	22	39	46	60	0.99014	0.986027	0.968088	0
PBC68281_skip_005c8e05_8a23e469_75.pod5	92dc5d0a-8908-4059-a3e0-f59a4a77411a	8a23e469c315776043a099148a67107fc45d7c61	877	4	125424	10.0052	125424	10.0032	4301	19.8767	unclassified	chr13	28655998	28660264	34	4295	+	4281	4246	4224	15	20	22	60	0.9907	0.994819	0.986685	0
PBC68281_skip_005c8e05_8a23e469_75.pod5	50404cf0-7f9e-4ef6-a24e-96e63435ce36	8a23e469c315776043a099148a67107fc45d7c61	78	2	125407	23.2004	125407	23.1156	10018	23.1899	unclassified	chr2	126774093	126784114	0	10018	+	10035	10004	9981	14	17	23	60	1	0.997701	0.994619	0
PBC68281_skip_005c8e05_8a23e469_75.pod5	e2214f42-74f4-456d-9bba-8c9ed398e410	8a23e469c315776043a099148a67107fc45d7c61	1142	3	125551	9.4648	125551	9.4628	3369	4.57568	unclassified	*	-1	-1	-1	-1	*	0	0	0	0	0	0	0	0	0	0	0
PBC68281_skip_005c8e05_8a23e469_75.pod5	897fea39-c57f-460d-821b-e110582204d6	8a23e469c315776043a099148a67107fc45d7c61	1950	1	125558	13.7348	125559	13.4208	6633	21.8156	unclassified	chr18	36792168	36798810	0	6633	-	6660	6615	6591	18	27	24	60	1	0.996372	0.98964	0
PBC68281_skip_005c8e05_8a23e469_75.pod5	d4160e7c-67be-4a43-a9f5-bd9974c74d70	8a23e469c315776043a099148a67107fc45d7c61	1721	2	125559	8.8808	125559	8.784	4078	22.5624	unclassified	chr18	34789193	34793212	0	4012	+	4026	4005	4000	7	14	5	60	0.983816	0.998752	0.993542	0
PBC68281_skip_005c8e05_8a23e469_75.pod5	40239d4c-8b94-4ca3-b548-d4c31cce74b2	8a23e469c315776043a099148a67107fc45d7c61	526	1	125567	8.887	125567	8.885	4240	18.6098	unclassified	chr7	65323874	65328079	7	4200	-	4233	4165	4117	28	40	48	60	0.988915	0.988475	0.972596	0
PBC68281_skip_005c8e05_8a23e469_75.pod5	332a16ec-779d-4b3c-be22-a76e8cb72df5	8a23e469c315776043a099148a67107fc45d7c61	2862	4	125427	4.7084	125427	4.7064	1822	8.04399	unclassified	chr4	153395534	153397444	0	1792	-	1961	1741	1596	51	169	145	60	0.983535	0.916715	0.81387	0
PBC68281_skip_005c8e05_8a23e469_75.pod5	f17521bd-f415-49c0-b642-5c6e113d523b	8a23e469c315776043a099148a67107fc45d7c61	1288	3	125417	15.29	125417	15.1572	7615	24.1099	unclassified	chr8	64848941	64856554	9	7615	-	7620	7599	7578	7	14	21	60	0.998818	0.997236	0.994488	0
PBC68281_skip_005c8e05_8a23e469_75.pod5	90100e09-514a-4632-b106-bf955eff205d	8a23e469c315776043a099148a67107fc45d7c61	434	4	125568	11.0178	125568	11.0158	4424	26.2378	unclassified	chr2	238945534	238949918	35	4418	+	4390	4377	4370	6	7	7	60	0.990732	0.998401	0.995444	0
PBC68281_skip_005c8e05_8a23e469_75.pod5	5323e38c-2b1e-4cc7-a3e4-d0a5464fb9b9	8a23e469c315776043a099148a67107fc45d7c61	1473	4	125565	5.3234	125565	5.3214	2333	10.3863	unclassified	chr12	120534243	120536598	9	2300	-	2396	2250	2141	41	105	109	60	0.981997	0.951556	0.893573	0
PBC68281_skip_005c8e05_8a23e469_75.pod5	ae5b4489-faf1-4a05-b0a9-3cc0af5b3918	8a23e469c315776043a099148a67107fc45d7c61	1473	4	125541	22.3028	125541	22.3008	9308	9.41896	unclassified	chr5	45823504	45833181	28	9308	+	9883	9074	8539	206	603	535	60	0.996992	0.94104	0.864009	0
PBC68281_skip_005c8e05_8a23e469_75.pod5	0f900e5d-a1e8-4cb3-a920-38f466cee9f9	8a23e469c315776043a099148a67107fc45d7c61	1669	3	125428	6.3694	125428	6.3674	1801	7.72376	unclassified	chr3	129776043	129777906	29	1798	+	1931	1701	1543	68	162	158	60	0.982232	0.907113	0.799068	0
PBC68281_skip_005c8e05_8a23e469_75.pod5	2e5c2a13-ff00-4922-b779-b3bd61db4b59	8a23e469c315776043a099148a67107fc45d7c61	841	4	125411	21.1292	125411	21.0348	10022	27.6142	unclassified	chrX	71469423	71479437	8	10022	-	10027	10001	9992	13	13	9	60	0.999202	0.9991	0.996509	0
PBC68281_skip_005c8e05_8a23e469_75.pod5	e2caeb72-3049-4cf4-a33e-9711c1544113	8a23e469c315776043a099148a67107fc45d7c61	1279	2	125567	16.0028	125567	15.8772	6276	27.4101	unclassified	chr15	22264362	22270639	10	6276	-	6283	6260	6246	6	17	14	60	0.998407	0.997764	0.994111	0
PBC68281_skip_005c8e05_8a23e469_75.pod5	6c1ed6b1-6ebd-4b82-b17c-14253232b402	8a23e469c315776043a099148a67107fc45d7c61	2654	4	125560	10.5428	125560	10.3548	4927	21.4733	unclassified	chr1	73102879	73107796	6	4927	-	4933	4905	4884	16	12	21	60	0.998782	0.995719	0.990067	0
PBC68281_skip_005c8e05_8a23e469_75.pod5	a54c8468-1f89-464c-9aed-b2bc1d3c85fc	8a23e469c315776043a099148a67107fc45d7c61	826	4	125553	17.5064	125553	17.3328	8134	20.3993	unclassified	chrX	138753734	138761841	0	8116	+	8147	8076	8033	40	31	43	60	0.997787	0.994676	0.986007	0
PBC68281_skip_005c8e05_8a23e469_75.pod5	4dee596f-df4d-492d-b811-c7bcd57d1940	8a23e469c315776043a099148a67107fc45d7c61	843	1	125404	28.0028	125404	27.834	10621	29.3378	unclassified	chr1	221526492	221536387	9	9867	-	9917	9836	9825	22	59	11	60	0.928161	0.998882	0.990723	0
PBC68281_skip_005c8e05_8a23e469_75.pod5	fb6b324c-6d54-415a-af38-9a2658daaa56	8a23e469c315776043a099148a67107fc45d7c61	1142	3	125421	15.4512	125421	15.4492	6169	4.73895	unclassified	*	-1	-1	-1	-1	*	0	0	0	0	0	0	0	0	0	0	0
PBC68281_skip_005c8e05_8a23e469_75.pod5	8a565bcb-870c-4f01-9a7a-4e67777f26c5	8a23e469c315776043a099148a67107fc45d7c61	2425	4	125429	6.8192	125429	6.72	3550	24.441	unclassified	chr5	74701585	74705142	0	3545	+	3560	3542	3526	3	15	16	60	0.998592	0.995483	0.990449	0
PBC68281_skip_005c8e05_8a23e469_75.pod5	8c4dfecd-d28d-461f-9caf-bcd19f1c7ab7	8a23e469c315776043a099148a67107fc45d7c61	1193	2	125403	30.848	125403	30.6816	6555	28.4035	unclassified	chr19	42775976	42782526	7	6555	-	6551	6547	6540	1	3	7	60	0.998932	0.998931	0.998321	0
PBC68281_skip_005c8e05_8a23e469_75.pod5	7b36d903-e233-4cdf-b8fd-67da4cdcf587	8a23e469c315776043a099148a67107fc45d7c61	563	1	125435	5.6874	125435	5.6854	1325	3.69211	unclassified	*	-1	-1	-1	-1	*	0	0	0	0	0	0	0	0	0	0	0
PBC68281_skip_005c8e05_8a23e469_75.pod5	5a22f095-4bfc-43f3-80d5-fcfef6288848	8a23e469c315776043a099148a67107fc45d7c61	2127	1	125430	11.3132	125430	11.1972	4755	24.6118	unclassified	chr17	65864995	65869748	0	4755	-	4764	4744	4724	11	9	20	60	1	0.995784	0.991604	0
PBC68281_skip_005c8e05_8a23e469_75.pod5	a7b67e3f-6420-485a-a872-3749f0737082	8a23e469c315776043a099148a67107fc45d7c61	2407	1	125408	26.4152	125408	26.3064	11443	27.9081	unclassified	chr18	71686447	71697894	6	11443	-	11452	11432	11409	5	15	23	60	0.999476	0.997988	0.996245	0
PBC68281_skip_005c8e05_8a23e469_75.pod5	3e9668db-5f93-4d21-8a0b-ddb34d866571	8a23e469c315776043a099148a67107fc45d7c61	1805	4	125411	24.3722	125411	24.3702	8065	16.1295	unclassified	chr11	69021686	69029752	45	8054	+	8128	7947	7850	62	119	97	60	0.993056	0.987794	0.965797	0
PBC68281_skip_005c8e05_8a23e469_75.pod5	61f9b888-dacc-4a9c-bd46-5ea08f442e7c	8a23e469c315776043a099148a67107fc45d7c61	1044	3	125381	57.17	125382	56.9532	13110	24.0983	unclassified	chr11	55845298	55858405	0	13110	-	13138	13079	13045	31	28	34	60	1	0.9974	0.992921	0
PBC68281_skip_005c8e05_8a23e469_75.pod5	0a779ca3-e7f5-44b5-927e-a5ce117de9f8	8a23e469c315776043a099148a67107fc45d7c61	421	4	125406	33.632	125406	33.3984	14015	21.2918	unclassified	chr18	4057374	4071449	7	14015	-	14122	13961	13831	47	114	130	60	0.999501	0.990688	0.979394	0
PBC68281_skip_005c8e05_8a23e469_75.pod5	54964513-41e0-4029-b1af-33cc4e8af747	8a23e469c315776043a099148a67107fc45d7c61	1413	2	125424	13.4696	125425	13.2144	5212	29.3353	unclassified	chr8	13478567	13483812	6	5212	-	5246	5205	5202	1	40	3	60	0.998849	0.999424	0.991613	0
PBC68281_skip_005c8e05_8a23e469_75.pod5	46edbb01-0e6d-4c61-805b-8599bdeb503c	8a23e469c315776043a099148a67107fc45d7c61	888	4	125421	16.8686	125421	16.8666	6999	21.1232	unclassified	chr2	13418688	13425663	28	6990	+	6991	6946	6916	16	29	30	60	0.994714	0.995681	0.989272	0
PBC68281_skip_005c8e05_8a23e469_75.pod5	7907b559-6ef1-4b26-9bb1-f271ff5ad81e	8a23e469c315776043a099148a67107fc45d7c61	2065	3	125425	11.336	125425	11.172	5088	25.4061	unclassified	chr10	124310193	124315314	0	5082	+	5128	5075	5053	7	46	22	60	0.998821	0.995665	0.985374	0
PBC68281_skip_005c8e05_8a23e469_75.pod5	264dd32a-729a-4089-9534-697421f89644	8a23e469c315776043a099148a67107fc45d7c61	1518	2	125401	33.7352	125401	33.7332	13376	19.3505	unclassified	chr1	201695712	201709096	7	13341	-	13429	13289	13201	45	95	88	60	0.99686	0.993378	0.983022	0
PBC68281_skip_005c8e05_8a23e469_75.pod5	fa1e21c8-e9a1-4f37-807d-7336ee13976f	8a23e469c315776043a099148a67107fc45d7c61	1578	3	125409	27.662	125409	27.5736	12630	29.1681	unclassified	chr3	62492444	62505083	0	12630	-	12649	12620	12617	10	19	3	60	1	0.999762	0.99747	0
PBC68281_skip_005c8e05_8a23e469_75.pod5	64d9954a-4818-48b0-ab2e-5fc9ea250824	8a23e469c315776043a099148a67107fc45d7c61	2721	1	125400	38.7612	125400	38.7592	14513	16.7722	unclassified	chr21	13066755	13081291	0	14470	-	14638	14368	14158	102	168	210	60	0.997037	0.985384	0.967209	0
PBC68281_skip_005c8e05_8a23e469_75.pod5	e9003031-43d2-46b8-8ad7-7ecfd159bd17	8a23e469c315776043a099148a67107fc45d7c61	375	1	125536	9.3154	125536	9.3134	4092	9.52165	unclassified	chr9	85033589	85037714	4	4062	-	4247	3936	3697	122	189	239	60	0.991691	0.939278	0.870497	0
PBC68281_skip_005c8e05_8a23e469_75.pod5	daee615d-231f-4afa-a68e-28ef13cc2f09	8a23e469c315776043a099148a67107fc45d7c61	2116	2	125446	2.6194	125446	2.6174	708	2.83752	unclassified	*	-1	-1	-1	-1	*	0	0	0	0	0	0	0	0	0	0	0
PBC68281_skip_005c8e05_8a23e469_75.pod5	b3f49f23-ca47-4889-8a7f-3e20f14e5376	8a23e469c315776043a099148a67107fc45d7c61	841	4	125433	12.2022	125433	12.2002	5249	19.5322	unclassified	chr7	136022827	136028071	6	5217	-	5258	5197	5157	14	47	40	60	0.992761	0.992303	0.980791	0
PBC68281_skip_005c8e05_8a23e469_75.pod5	908da4e4-dc6f-4a81-a506-fe6ac097b22e	8a23e469c315776043a099148a67107fc45d7c61	691	4	125417	18.581	125417	18.579	7648	24.3285	unclassified	chr7	51960985	51968606	30	7648	+	7633	7606	7573	12	15	33	60	0.996077	0.995661	0.992139	0
PBC68281_skip_005c8e05_8a23e469_75.pod5	db05ffde-b12c-48bf-9975-0a8f027f23ce	8a23e469c315776043a099148a67107fc45d7c61	1402	4	125437	8.2016	125437	8.0628	3414	28.0204	unclassified	chr8	100597679	100601089	0	3407	+	3411	3406	3406	1	4	0	60	0.99795	1	0.998534	0
PBC68281_skip_005c8e05_8a23e469_75.pod5	bb23b85c-deca-4d55-9ce8-ff329eee692d	8a23e469c315776043a099148a67107fc45d7c61	1555	2	125434	11.0612	125434	10.95	5202	20.1947	unclassified	chr1	165885270	165890504	0	5189	+	5237	5186	5155	3	48	31	60	0.997501	0.994022	0.984342	0
PBC68281_skip_005c8e05_8a23e469_75.pod5	6f2dc978-2c6e-4eb1-893e-27c57a6dc167	8a23e469c315776043a099148a67107fc45d7c61	29	4	125422	12.8096	125422	12.6972	4548	24.8311	unclassified	chr1	110159834	110164373	0	4544	+	4547	4536	4530	8	3	6	60	0.99912	0.998677	0.996261	0
PBC68281_skip_005c8e05_8a23e469_75.pod5	e2bf7637-1624-4d28-8d5a-e18b091cc99d	8a23e469c315776043a099148a67107fc45d7c61	1192	2	125417	30.332	125417	30.204	12315	28.5225	unclassified	chr15	50726950	50739259	0	12313	+	12332	12290	12261	23	19	29	60	0.999838	0.99764	0.994243	0
PBC68281_skip_005c8e05_8a23e469_75.pod5	b9927199-7bb5-4330-ab8b-81bc9b54d867	8a23e469c315776043a099148a67107fc45d7c61	288	3	125434	8.2952	125434	8.1816	3613	27.2436	unclassified	chr20	58881233	58884845	0	3607	+	3615	3604	3597	3	8	7	60	0.998339	0.998058	0.995021	0
PBC68281_skip_005c8e05_8a23e469_75.pod5	1d2f9106-e036-4ffa-b595-b192dd77a76d	8a23e469c315776043a099148a67107fc45d7c61	1576	3	125390	44.1284	125390	44.0076	19630	25.8301	unclassified	chr6	160235844	160255493	0	19623	+	19669	19603	19547	20	46	56	60	0.999643	0.997143	0.993797	0
PBC68281_skip_005c8e05_8a23e469_75.pod5	14d4dc36-19be-4cce-9bdf-8064ad416e42	8a23e469c315776043a099148a67107fc45d7c61	1372	1	125402	34.0464	125402	34.0444	11933	6.86519	unclassified	chr3	40052463	40064761	110	11918	+	12928	11178	10021	630	1120	1157	60	0.989525	0.896493	0.775139	0
PBC68281_skip_005c8e05_8a23e469_75.pod5	d96cddc3-c8d1-42c6-a425-46470b4e5516	8a23e469c315776043a099148a67107fc45d7c61	356	1	125419	22.4864	125419	22.3896	9487	22.2907	unclassified	chr4	180870471	180879997	0	9487	-	9553	9460	9416	27	66	44	60	1	0.995349	0.985659	0
PBC68281_skip_005c8e05_8a23e469_75.pod5	655c314c-3ef7-442e-8235-767fc30266e4	8a23e469c315776043a099148a67107fc45d7c61	1288	3	125433	9.1074	125433	9.1054	4305	36.4513	unclassified	chr1	122811869	122816486	6	4280	-	4621	4270	4070	4	347	200	1	0.992799	0.953162	0.880762	0
PBC68281_skip_005c8e05_8a23e469_75.pod5	7e2fa31b-626f-4340-9a94-68efcf433958	8a23e469c315776043a099148a67107fc45d7c61	1193	2	125436	13.3232	125436	13.2216	5124	29.6335	unclassified	chr21	15383016	15388134	5	5124	-	5124	5113	5110	6	5	3	60	0.999024	0.999413	0.997268	0
PBC68281_skip_005c8e05_8a23e469_75.pod5	b29b2665-0161-4c74-852a-c8b06314e1da	8a23e469c315776043a099148a67107fc45d7c61	1142	3	125437	11.8776	125437	11.8756	4531	4.54161	unclassified	*	-1	-1	-1	-1	*	0	0	0	0	0	0	0	0	0	0	0
PBC68281_skip_005c8e05_8a23e469_75.pod5	f1b83066-1884-4bc4-b2b8-bdd5e7abb648	8a23e469c315776043a099148a67107fc45d7c61	2640	4	125414	25.9304	125414	25.8192	10225	23.688	unclassified	chr3	72030282	72036914	0	6634	-	6650	6616	6599	18	16	17	60	0.648802	0.99743	0.992331	0
PBC68281_skip_005c8e05_8a23e469_75.pod5	b20546fe-f689-4d7d-a86d-581778295d01	8a23e469c315776043a099148a67107fc45d7c61	2612	1	125433	19.0388	125433	18.834	5886	31.6386	unclassified	chr1	8499096	8504314	0	5886	-	5886	5218	5209	668	0	9	60	1	0.998275	0.884981	0
PBC68281_skip_005c8e05_8a23e469_75.pod5	1dffeea6-f453-4133-b2cf-069aca7be273	8a23e469c315776043a099148a67107fc45d7c61	78	2	125431	19.5628	125431	19.5608	8431	27.311	unclassified	chr18	25216584	25224982	9	8400	-	8400	8389	8373	2	9	16	60	0.995256	0.998093	0.996786	0
PBC68281_skip_005c8e05_8a23e469_75.pod5	a55a9954-b79d-41ed-b030-3a69feb6c4c9	8a23e469c315776043a099148a67107fc45d7c61	2072	4	125433	14.6264	125433	14.6244	6472	27.341	unclassified	chr9	13286090	13292521	0	6440	-	6444	6427	6415	13	4	12	60	0.995056	0.998133	0.9955	0
PBC68281_skip_005c8e05_8a23e469_75.pod5	87bf29a0-91fc-4901-b49d-6bdf70254e61	8a23e469c315776043a099148a67107fc45d7c61	1288	3	125445	5.4536	125445	5.3616	2646	22.7697	unclassified	chr11	14673608	14676265	0	2646	-	2663	2640	2630	6	17	10	60	1	0.996212	0.987608	0
PBC68281_skip_005c8e05_8a23e469_75.pod5	44478926-cd8f-4560-8df4-a9e6f5f2116d	8a23e469c315776043a099148a67107fc45d7c61	713	1	125431	20.5086	125431	20.5066	6925	24.3266	unclassified	chr6	81955838	81962717	6	6897	-	6904	6866	6839	25	13	27	60	0.99509	0.996068	0.990585	0
PBC68281_skip_005c8e05_8a23e469_75.pod5	8f7558fd-bd18-4394-b4dd-65b70fd121d5	8a23e469c315776043a099148a67107fc45d7c61	29	4	125437	12.4148	125437	12.3396	4660	29.3793	unclassified	chr13	104460408	104465045	0	4654	+	4654	4637	4634	17	0	3	60	0.998712	0.999353	0.995703	0
PBC68281_skip_005c8e05_8a23e469_75.pod5	f849f895-189c-4640-a608-cf84cb5b7518	8a23e469c315776043a099148a67107fc45d7c61	2670	4	125428	15.2228	125428	15.1044	6066	22.9056	unclassified	chr2	186139376	186145449	0	6066	-	6090	6049	6025	17	24	24	60	1	0.996032	0.989327	0
PBC68281_skip_005c8e05_8a23e469_75.pod5	21b85013-112a-4034-acfc-974cb20dc44b	8a23e469c315776043a099148a67107fc45d7c61	1963	3	125426	20.2208	125426	20.0496	8052	31.1751	unclassified	chr17	37249965	37258018	0	8052	+	8059	8046	8039	6	7	7	60	1	0.99913	0.997518	0
PBC68281_skip_005c8e05_8a23e469_75.pod5	295f0085-1984-45ef-bc01-f0b33715f67d	8a23e469c315776043a099148a67107fc45d7c61	1882	1	125369	75.8086	125369	75.8066	17250	3.40493	unclassified	*	-1	-1	-1	-1	*	0	0	0	0	0	0	0	0	0	0	0
PBC68281_skip_005c8e05_8a23e469_75.pod5	572afe5b-2854-4cd4-a17b-67d2e2c08bb0	8a23e469c315776043a099148a67107fc45d7c61	861	4	125428	20.2348	125428	20.2328	6373	31.6268	unclassified	chr6	85770618	85776940	35	6369	+	6335	6321	6319	13	1	2	60	0.99388	0.999684	0.997474	0
PBC68281_skip_005c8e05_8a23e469_75.pod5	f8e0f5a1-318c-4958-87fc-0cb6962ee2e9	8a23e469c315776043a099148a67107fc45d7c61	861	4	125449	5.3168	125449	5.2344	2446	23.4906	unclassified	chr3	126541858	126544312	0	2439	+	2458	2435	2427	4	19	8	60	0.997138	0.996715	0.987388	0
PBC68281_skip_005c8e05_8a23e469_75.pod5	f539e16f-71fb-4bae-b61e-57927976ad84	8a23e469c315776043a099148a67107fc45d7c61	1578	3	125445	9.6464	125445	9.5544	4500	23.9899	unclassified	chr2	11858345	11862858	0	4500	+	4522	4491	4480	9	22	11	60	1	0.997551	0.990712	0
PBC68281_skip_005c8e05_8a23e469_75.pod5	7977cde3-8df0-403b-854b-2733f1860d3d	8a23e469c315776043a099148a67107fc45d7c61	285	1	125432	20.6312	125432	20.5032	8008	23.8446	unclassified	chr2	1581710	1589742	7	8008	-	8043	7990	7969	11	42	21	60	0.999126	0.997372	0.990799	0
PBC68281_skip_005c8e05_8a23e469_75.pod5	f1096df5-cc83-4f82-811a-71d8bca23f7b	8a23e469c315776043a099148a67107fc45d7c61	343	2	125432	18.4148	125433	18.2412	7911	23.5054	unclassified	chr2	54981314	54989223	15	7911	-	7911	7894	7883	2	15	11	60	0.998104	0.998607	0.996461	0
PBC68281_skip_005c8e05_8a23e469_75.pod5	5d69a642-b3e2-4beb-922f-cb679ad6916d	8a23e469c315776043a099148a67107fc45d7c61	964	4	125419	22.82	125419	22.6584	9452	28.9998	unclassified	chr2	236257101	236266543	0	9447	+	9454	9435	9434	12	7	1	60	0.999471	0.999894	0.997885	0
PBC68281_skip_005c8e05_8a23e469_75.pod5	5dd919c1-69db-4f9c-8092-8c16ddf187b8	8a23e469c315776043a099148a67107fc45d7c61	2189	4	125431	19.5896	125432	19.3896	10428	25.4204	unclassified	chr8	29477971	29488409	0	10424	+	10453	10409	10369	15	29	40	60	0.999616	0.996157	0.991964	0
PBC68281_skip_005c8e05_8a23e469_75.pod5	b1073a47-eb0d-4ad5-89d7-113e8dbac427	8a23e469c315776043a099148a67107fc45d7c61	1959	2	125418	25.1606	125418	25.1586	10066	28.3014	unclassified	chr9	42157712	42167730	34	10055	+	10026	10013	9978	8	5	35	60	0.99553	0.996505	0.995212	0
PBC68281_skip_005c8e05_8a23e469_75.pod5	87fbc741-1fd1-40c0-b83f-72cb70ecbf5a	8a23e469c315776043a099148a67107fc45d7c61	1759	3	125379	60.6558	125379	60.6538	12556	10.7741	unclassified	chr9	27784702	27795422	37	10679	+	11007	10355	9882	287	365	473	60	0.847563	0.954322	0.897792	0
PBC68281_skip_005c8e05_8a23e469_75.pod5	aa66fe15-e527-4557-811b-d1c8d5d13256	8a23e469c315776043a099148a67107fc45d7c61	2635	2	125415	26.6432	125415	26.5584	11917	27.1188	unclassified	chr9	110193425	110205379	0	11917	-	11980	11891	11846	26	63	45	60	1	0.996216	0.988815	0
PBC68281_skip_005c8e05_8a23e469_75.pod5	c19c2db1-a4b5-4408-944d-a5900d38228c	8a23e469c315776043a099148a67107fc45d7c61	2462	4	125397	42.8096	125397	42.6672	17049	33.8038	unclassified	chr14	18230966	18248008	6	17049	-	17043	17042	17035	1	0	7	60	0.999648	0.999589	0.999531	0
PBC68281_skip_005c8e05_8a23e469_75.pod5	9e9e75be-c1b2-49a0-bf4e-6eca5e8b2925	8a23e469c315776043a099148a67107fc45d7c61	691	4	125437	14.936	125437	14.8272	6715	23.2761	unclassified	chr12	29992647	29999327	0	6708	+	6721	6667	6642	41	13	25	60	0.998958	0.99625	0.988246	0
PBC68281_skip_005c8e05_8a23e469_75.pod5	b3b9e081-8bd9-4b39-96cc-1a7d5ac57f3b	8a23e469c315776043a099148a67107fc45d7c61	2407	1	125435	16.8878	125435	16.8858	7751	28.9031	unclassified	chr12	68562793	68570509	9	7714	-	7722	7699	7690	6	17	9	60	0.994065	0.998831	0.995856	0
PBC68281_skip_005c8e05_8a23e469_75.pod5	3f8a3301-3820-4bae-b75b-51824f62f3d6	8a23e469c315776043a099148a67107fc45d7c61	1192	2	125449	7.724	125449	7.6392	3394	24.6795	unclassified	chr13	79024329	79027720	0	3386	+	3393	3384	3368	2	7	16	60	0.997643	0.995272	0.992632	0
PBC68281_skip_005c8e05_8a23e469_75.pod5	49db6cb2-dc57-4533-85f7-fbe265787825	8a23e469c315776043a099148a67107fc45d7c61	2862	4	125478	53.4726	125478	53.4706	18831	8.92567	unclassified	chr14	68703725	68723049	31	18828	+	19948	18173	16873	624	1151	1300	60	0.998194	0.928465	0.845849	0
PBC68281_skip_005c8e05_8a23e469_75.pod5	8681f424-dfe0-442a-abac-bd05a842adfe	8a23e469c315776043a099148a67107fc45d7c61	2617	2	125450	7.1252	125450	6.9804	3155	22.2772	unclassified	chr12	33425721	33428866	0	3150	+	3155	3140	3127	10	5	13	60	0.998415	0.99586	0.991125	0
PBC68281_skip_005c8e05_8a23e469_75.pod5	2792386b-3b55-44d3-9a50-77cdbbd48ec9	8a23e469c315776043a099148a67107fc45d7c61	932	2	125435	16.7768	125435	16.5372	4560	24.0882	unclassified	chr1	16229249	16233798	5	4559	-	4564	4539	4533	15	10	6	60	0.998684	0.998678	0.993208	0
PBC68281_skip_005c8e05_8a23e469_75.pod5	59d0d69a-6eba-410f-b5b4-cf91200918ac	8a23e469c315776043a099148a67107fc45d7c61	1881	4	125425	20.2892	125425	20.2872	9523	16.8692	unclassified	chr3	54419250	54428466	310	9523	+	9233	9196	9168	17	20	28	60	0.967447	0.996955	0.99296	0
PBC68281_skip_005c8e05_8a23e469_75.pod5	376537be-60fd-4658-b522-b9b1184819c7	8a23e469c315776043a099148a67107fc45d7c61	2862	4	125446	15.1058	125446	15.1038	5417	9.45546	unclassified	chr3	79202917	79208363	6	5363	-	5617	5186	4818	171	260	368	60	0.988924	0.92904	0.857753	0
PBC68281_skip_005c8e05_8a23e469_75.pod5	16e31dc2-d866-49fc-aaee-ed5c8cfaf94a	8a23e469c315776043a099148a67107fc45d7c61	1056	3	125455	4.5276	125455	4.5256	1257	4.43983	unclassified	chr4	16112615	16112792	138	310	+	181	168	160	4	9	8	1	0.136834	0.952381	0.883978	0
PBC68281_skip_005c8e05_8a23e469_75.pod5	1877f412-38d0-467b-babf-e716aa01e540	8a23e469c315776043a099148a67107fc45d7c61	436	3	125431	23.0936	125431	22.9824	9018	29.9973	unclassified	chr12	61861819	61870831	0	9011	+	9016	9007	8981	4	5	26	60	0.999224	0.997113	0.996118	0
PBC68281_skip_005c8e05_8a23e469_75.pod5	a34692f8-66b8-489b-b778-0bee4cebbff0	8a23e469c315776043a099148a67107fc45d7c61	2600	4	125433	21.0574	125433	21.0554	9046	24.7231	unclassified	chr8	114416511	114425516	11	9014	-	9018	8990	8976	13	15	14	60	0.995247	0.998443	0.995343	0
PBC68281_skip_005c8e05_8a23e469_75.pod5	e438efd5-ecc2-49ce-a39e-80d2e58b2880	8a23e469c315776043a099148a67107fc45d7c61	845	4	125425	29.9972	125425	29.8908	12701	25.1066	unclassified	chr1	165163247	165175944	7	12701	-	12713	12678	12658	16	19	20	60	0.999449	0.998422	0.995674	0
PBC68281_skip_005c8e05_8a23e469_75.pod5	cd4e8dca-59a0-4b9d-8b60-b444fcaf8ad7	8a23e469c315776043a099148a67107fc45d7c61	1518	2	125453	6.8072	125453	6.7128	1888	13.087	unclassified	chr10	99716460	99718301	0	1888	+	1896	1833	1815	55	8	18	60	1	0.99018	0.957278	0
PBC68281_skip_005c8e05_8a23e469_75.pod5	a8d2553d-166d-4727-89ca-4f7e8b3e4c18	8a23e469c315776043a099148a67107fc45d7c61	905	2	125435	19.0652	125435	18.9588	7709	32.7006	unclassified	chr10	43144835	43152542	0	7699	+	7712	7694	7683	5	13	11	60	0.998703	0.99857	0.99624	0
PBC68281_skip_005c8e05_8a23e469_75.pod5	e4ea32f9-ae77-4465-beb5-c4f36fc976ca	8a23e469c315776043a099148a67107fc45d7c61	927	3	125429	24.7916	125429	24.7896	8903	26.3654	unclassified	chr4	158745485	158754349	6	8858	-	8874	8842	8824	10	22	18	60	0.994272	0.997964	0.994366	0
PBC68281_skip_005c8e05_8a23e469_75.pod5	44a6baa1-156c-4073-8639-0091c9a0a987	8a23e469c315776043a099148a67107fc45d7c61	1631	2	125419	13.3592	125419	13.3572	6618	13.0483	unclassified	chr17	80107932	80114229	7	6591	-	6747	6134	5962	450	163	172	60	0.994862	0.97196	0.883652	0
PBC68281_skip_005c8e05_8a23e469_75.pod5	3e7b2ae1-f5d3-4117-9539-e6e0d8e1315c	8a23e469c315776043a099148a67107fc45d7c61	1838	4	125429	24.8192	125429	24.7344	10926	20.9971	unclassified	chr14	32716086	32726990	0	10920	+	10962	10862	10802	58	42	60	60	0.999451	0.994476	0.985404	0
PBC68281_skip_005c8e05_8a23e469_75.pod5	ec803a07-24d5-4d64-be44-adf4ca59717d	8a23e469c315776043a099148a67107fc45d7c61	2115	1	125434	19.268	125435	19.1652	8575	23.2831	unclassified	chr15	70272112	70280889	7	8574	-	8786	8558	8521	9	219	37	60	0.999067	0.995677	0.969838	0
PBC68281_skip_005c8e05_8a23e469_75.pod5	5189c31d-04ce-47c8-880e-f9dfc7f74748	8a23e469c315776043a099148a67107fc45d7c61	614	2	125430	32.0204	125430	31.8108	7358	31.4714	unclassified	chr18	40025553	40032904	0	7358	+	7367	7342	7337	16	9	5	60	1	0.999319	0.995928	0
PBC68281_skip_005c8e05_8a23e469_75.pod5	4947a764-060d-4b8b-8536-b41033e2661b	8a23e469c315776043a099148a67107fc45d7c61	1551	2	125400	49.7312	125400	49.572	21710	23.6609	unclassified	chr3	183366371	183388105	0	21704	+	21770	21668	21604	36	66	64	60	0.999724	0.997046	0.992375	0
PBC68281_skip_005c8e05_8a23e469_75.pod5	bf646d84-c006-4c4f-88ff-8fa6f2f0fc95	8a23e469c315776043a099148a67107fc45d7c61	658	4	125459	7.0832	125459	6.9552	2130	29.7452	unclassified	chr8	39192675	39194800	0	2124	+	2125	2124	2117	0	1	7	60	0.997183	0.996704	0.996235	0
PBC68281_skip_005c8e05_8a23e469_75.pod5	f3314f34-f37f-4bca-92bf-707739893c02	8a23e469c315776043a099148a67107fc45d7c61	863	3	125443	14.4392	125443	14.3424	6074	25.5229	unclassified	chr11	27871901	27877965	0	6062	+	6068	6058	6045	4	6	13	60	0.998024	0.997854	0.99621	0
PBC68281_skip_005c8e05_8a23e469_75.pod5	2b409bba-9a59-43fb-8b48-84caeae7e611	8a23e469c315776043a099148a67107fc45d7c61	1279	2	125444	16.01	125444	15.9012	6435	19.6113	unclassified	chr4	7801741	7808168	0	6435	-	6457	6405	6367	30	22	38	60	1	0.994067	0.986062	0
PBC68281_skip_005c8e05_8a23e469_75.pod5	ea53c154-ed07-4fab-82b2-84d22046753e	8a23e469c315776043a099148a67107fc45d7c61	2116	2	125463	5.5992	125463	5.5972	1491	3.0393	unclassified	*	-1	-1	-1	-1	*	0	0	0	0	0	0	0	0	0	0	0
PBC68281_skip_005c8e05_8a23e469_75.pod5	efe03d5b-6f3b-43be-908c-9abc493d78dc	8a23e469c315776043a099148a67107fc45d7c61	2273	3	125431	28.7602	125431	28.7582	11976	9.96107	unclassified	chr9	39874524	39886771	10	11940	-	12571	11606	10960	324	641	646	1	0.996159	0.944339	0.871848	0
PBC68281_skip_005c8e05_8a23e469_75.pod5	3eb68661-64c5-4e6e-97b7-f152ad960850	8a23e469c315776043a099148a67107fc45d7c61	2127	1	125449	15.5576	125449	15.432	7121	24.3703	unclassified	chr9	97056227	97063365	7	7121	-	7144	7108	7094	6	30	14	60	0.999017	0.99803	0.993001	0
PBC68281_skip_005c8e05_8a23e469_75.pod5	6f40b103-dca1-42ca-9b22-899e2e7b70b4	8a23e469c315776043a099148a67107fc45d7c61	691	4	125452	17.1896	125452	17.0664	7046	24.6344	unclassified	chr10	36135351	36142386	0	7039	+	7042	7032	7022	7	3	10	60	0.999007	0.998578	0.99716	0
PBC68281_skip_005c8e05_8a23e469_75.pod5	0eee3361-c223-45f1-b2d3-2d823ef73767	8a23e469c315776043a099148a67107fc45d7c61	2208	4	125444	18.7628	125444	18.7608	6041	29.8577	unclassified	chr2	60707021	60713030	0	6007	-	6014	6002	5999	5	7	3	60	0.994372	0.9995	0.997506	0
PBC68281_skip_005c8e05_8a23e469_75.pod5	72a503bb-f6fe-405a-860c-5255c2eb8298	8a23e469c315776043a099148a67107fc45d7c61	2823	3	125429	31.4156	125429	31.2588	11012	27.9007	unclassified	chr2	208159878	208168778	12	8930	-	8935	8883	8855	35	17	28	60	0.809844	0.996848	0.991046	0
PBC68281_skip_005c8e05_8a23e469_75.pod5	2c9a51a1-bb2e-4644-bbb5-f33d2dab0845	8a23e469c315776043a099148a67107fc45d7c61	1576	3	125443	17.7092	125443	17.6076	8137	26.0237	unclassified	chr2	23413121	23421259	0	8137	+	8146	8129	8117	8	9	12	60	1	0.998524	0.99644	0
PBC68281_skip_005c8e05_8a23e469_75.pod5	99c1e3e8-56b3-49e9-9c7d-eaa8d4c26eb7	8a23e469c315776043a099148a67107fc45d7c61	1282	1	125407	40.4924	125407	40.3716	18613	24.6799	unclassified	chr6	90684530	90703174	7	18613	-	18663	18587	18531	19	57	56	60	0.999624	0.996987	0.992927	0
PBC68281_skip_005c8e05_8a23e469_75.pod5	62932bca-93c9-417d-81c8-1b4321ff34f7	8a23e469c315776043a099148a67107fc45d7c61	526	1	125440	22.4086	125440	22.4066	13155	18.3658	unclassified	chr10	117075720	117088884	6	13127	-	13224	13061	12947	60	103	114	60	0.997415	0.991272	0.979053	0
PBC68281_skip_005c8e05_8a23e469_75.pod5	07d17458-6001-43c4-ba47-418e944a00ca	8a23e469c315776043a099148a67107fc45d7c61	2410	4	125448	15.6164	125448	15.4884	6340	29.7256	unclassified	chr21	8423198	8428944	0	5747	+	5761	5732	5724	15	14	8	0	0.906467	0.998604	0.993577	0
PBC68281_skip_005c8e05_8a23e469_75.pod5	7d6f44a2-37d9-4049-b47e-946e9d0f04b4	8a23e469c315776043a099148a67107fc45d7c61	326	3	125418	34.282	125418	34.28	14450	22.1842	unclassified	chr1	74734702	74748863	236	14409	-	14210	14124	14068	49	37	56	60	0.98083	0.996035	0.990007	0
PBC68281_skip_005c8e05_8a23e469_75.pod5	c679e249-050d-404d-9f48-5fba68ac55ac	8a23e469c315776043a099148a67107fc45d7c61	1410	1	125450	16.5044	125451	16.3644	4277	27.6985	unclassified	chr7	113760902	113765174	0	4277	-	4278	4271	4257	6	1	14	60	1	0.996722	0.995091	0
PBC68281_skip_005c8e05_8a23e469_75.pod5	a0adcffd-1830-4098-8928-1fc0f365c5dd	8a23e469c315776043a099148a67107fc45d7c61	1959	2	125455	13.7324	125455	13.6116	5311	27.6797	unclassified	chr9	118846204	118851521	0	5311	+	5319	5309	5305	2	8	4	60	1	0.999247	0.997368	0
PBC68281_skip_005c8e05_8a23e469_75.pod5	f756092c-8bc9-4991-9075-c5b684e4a6eb	8a23e469c315776043a099148a67107fc45d7c61	1838	4	125457	9.2174	125457	9.2154	4200	19.3536	unclassified	chr3	77209024	77213195	9	4166	-	4185	4143	4122	14	28	21	60	0.989762	0.994931	0.984946	0
PBC68281_skip_005c8e05_8a23e469_75.pod5	8975117b-cde3-4702-a38c-cf20fb2f1217	8a23e469c315776043a099148a67107fc45d7c61	1402	4	125453	14.1212	125453	14.0172	5731	30.0275	unclassified	chrX	66108795	66114530	0	5724	+	5737	5722	5712	2	13	10	60	0.998779	0.998252	0.995642	0
PBC68281_skip_005c8e05_8a23e469_75.pod5	6f21ddf2-b658-4235-9ddb-85803ca962fa	8a23e469c315776043a099148a67107fc45d7c61	2462	4	125451	13.8058	125451	13.8038	6079	27.4833	unclassified	chr19	27391050	27397100	27	6061	+	6064	6020	5680	14	30	340	60	0.992597	0.943522	0.936675	0
PBC68281_skip_005c8e05_8a23e469_75.pod5	a00d013a-96a3-44e6-93fd-6f71c4306d16	8a23e469c315776043a099148a67107fc45d7c61	439	2	125435	30.5084	125436	30.3468	12143	29.2671	unclassified	chr2	164332705	164344847	0	12136	+	12145	12133	12128	3	9	5	60	0.999424	0.999588	0.9986	0
PBC68281_skip_005c8e05_8a23e469_75.pod5	3b36f356-f1d5-4ba0-abd9-5bfbbe51727e	8a23e469c315776043a099148a67107fc45d7c61	1641	4	125432	38.0202	125432	38.0182	10200	21.3474	unclassified	chr15	86284427	86294599	39	10193	+	10210	10116	10080	38	56	36	60	0.99549	0.996441	0.987267	0
PBC68281_skip_005c8e05_8a23e469_75.pod5	4974a849-5771-4a33-b182-19c98b1eef8a	8a23e469c315776043a099148a67107fc45d7c61	2410	4	125467	7.2092	125467	7.1148	3184	28.3848	unclassified	chr11	17092587	17095766	6	3184	-	3183	3174	3169	4	5	5	60	0.998116	0.998425	0.995602	0
PBC68281_skip_005c8e05_8a23e469_75.pod5	019cb4f6-3aa1-4cf2-904f-df47f558ac7c	8a23e469c315776043a099148a67107fc45d7c61	381	1	125421	33.6056	125422	33.5064	14967	31.3394	unclassified	chr1	124221380	124229748	6599	14967	-	8389	8347	7698	21	21	649	8	0.559097	0.922248	0.91763	0
PBC68281_skip_005c8e05_8a23e469_75.pod5	99dfeb82-2675-499d-84a6-e7f8b276ae8b	8a23e469c315776043a099148a67107fc45d7c61	353	2	125471	6.7578	125471	6.7558	1943	2.96914	unclassified	*	-1	-1	-1	-1	*	0	0	0	0	0	0	0	0	0	0	0
PBC68281_skip_005c8e05_8a23e469_75.pod5	9d8c17ba-02bb-4072-acea-365739f2a8f9	8a23e469c315776043a099148a67107fc45d7c61	1882	1	125452	21.4196	125452	21.4176	4974	2.65135	unclassified	*	-1	-1	-1	-1	*	0	0	0	0	0	0	0	0	0	0	0
PBC68281_skip_005c8e05_8a23e469_75.pod5	1b827490-dac2-4dc6-90be-7338e60a32e8	8a23e469c315776043a099148a67107fc45d7c61	2862	4	125464	10.3016	125464	10.2996	3489	9.49086	unclassified	chr6	22255184	22258696	52	3484	+	3616	3328	3099	104	184	229	60	0.983663	0.93119	0.857024	0
PBC68281_skip_005c8e05_8a23e469_75.pod5	6caa8553-3824-4f77-b816-272a5252570f	8a23e469c315776043a099148a67107fc45d7c61	2617	2	125464	5.4644	125464	5.2764	2084	25.8955	unclassified	chr1	24748568	24750652	0	2083	+	2086	2081	2079	2	3	2	60	0.99952	0.999039	0.996644	0
PBC68281_skip_005c8e05_8a23e469_75.pod5	763c87a9-dd58-40b0-a42e-edbc823721c5	8a23e469c315776043a099148a67107fc45d7c61	29	4	125456	16.8548	125456	16.6296	6118	29.4284	unclassified	chr4	148637864	148643976	0	6111	+	6116	6107	6099	4	5	8	60	0.998856	0.99869	0.99722	0
PBC68281_skip_005c8e05_8a23e469_75.pod5	ff0cef9b-a1be-44a4-ad28-1425607cd2a6	8a23e469c315776043a099148a67107fc45d7c61	354	1	125413	17.3002	125413	17.2982	5928	19.8616	unclassified	chr1	24563028	24568910	35	5922	+	5915	5854	5841	33	28	13	60	0.993084	0.997779	0.987489	0
PBC68281_skip_005c8e05_8a23e469_75.pod5	5df376df-b922-4878-819a-d4e97772685c	8a23e469c315776043a099148a67107fc45d7c61	922	4	125465	10.9628	125465	10.818	5116	25.6709	unclassified	chr20	56728181	56733293	0	5116	+	5119	5109	5106	7	3	3	60	1	0.999413	0.99746	0
PBC68281_skip_005c8e05_8a23e469_75.pod5	789b0c30-e8d4-4cb4-b525-0894995e6309	8a23e469c315776043a099148a67107fc45d7c61	1282	1	125464	3.206	125464	3.0204	1190	13.4229	unclassified	chr7	100145907	100147095	0	1190	-	1208	1170	1143	20	18	27	60	1	0.976923	0.946192	0
PBC68281_skip_005c8e05_8a23e469_75.pod5	d4f090c8-7bd7-4839-a1bb-a7bfa72b9922	8a23e469c315776043a099148a67107fc45d7c61	420	4	125434	32.018	125435	31.8648	12121	25.7059	unclassified	chr20	35650437	35662575	7	12121	-	12146	12106	12095	8	32	11	60	0.999422	0.999091	0.995801	0
PBC68281_skip_005c8e05_8a23e469_75.pod5	44f6e8ce-f8db-49bb-a0d6-7705ac60ba31	8a23e469c315776043a099148a67107fc45d7c61	863	3	125459	16.5284	125459	16.4508	7422	26.2808	unclassified	chr4	31387549	31394967	0	7418	+	7424	7412	7391	6	6	21	60	0.999461	0.997167	0.995555	0
PBC68281_skip_005c8e05_8a23e469_75.pod5	2e238985-3f59-4495-9aee-abeffc324958	8a23e469c315776043a099148a67107fc45d7c61	2208	4	125465	14.228	125465	14.1336	5067	26.8752	unclassified	chr11	132855829	132860892	0	5059	+	5064	5058	5048	1	5	10	60	0.998421	0.998023	0.99684	0
PBC68281_skip_005c8e05_8a23e469_75.pod5	9c823a64-37c6-4157-a4a4-c154b0f9c14a	8a23e469c315776043a099148a67107fc45d7c61	2623	4	125467	12.3028	125467	12.3008	5262	14.9653	unclassified	chr12	34025201	34030427	3	5224	-	5286	5161	5044	60	65	117	60	0.992208	0.97733	0.954219	0
PBC68281_skip_005c8e05_8a23e469_75.pod5	a90e44aa-80fc-4ddc-a3a3-865dc83e4af6	8a23e469c315776043a099148a67107fc45d7c61	1015	3	125460	18.7592	125460	18.6672	8291	25.0223	unclassified	chr2	114193674	114201958	0	8285	+	8300	8269	8258	16	15	11	60	0.999276	0.99867	0.99494	0
PBC68281_skip_005c8e05_8a23e469_75.pod5	bf7641fe-70cd-4193-9c83-d2bed9e6c42f	8a23e469c315776043a099148a67107fc45d7c61	1473	4	125457	19.6462	125457	19.6442	8412	9.37949	unclassified	chr3	132203275	132211966	5	8375	-	8901	8160	7687	210	531	473	60	0.995007	0.942034	0.863611	0
PBC68281_skip_005c8e05_8a23e469_75.pod5	4d96f4fd-ca4c-4e6d-a255-bf93d8521f26	8a23e469c315776043a099148a67107fc45d7c61	2612	1	125452	21.8144	125452	21.696	9521	27.9326	unclassified	chr9	82914847	82924352	1	9514	+	9515	9503	9495	10	2	8	60	0.99916	0.999158	0.997898	0
PBC68281_skip_005c8e05_8a23e469_75.pod5	2d29f7b5-a5bb-464b-bfd1-671d57d90abc	8a23e469c315776043a099148a67107fc45d7c61	2462	4	125465	12.7226	125465	12.7206	5736	27.2068	unclassified	chrX	141560586	141566308	0	5715	-	5722	5715	5705	0	7	10	0	0.996339	0.99825	0.997029	0
PBC68281_skip_005c8e05_8a23e469_75.pod5	9f3f53b4-1c41-442a-8d31-65d7c2373bd2	8a23e469c315776043a099148a67107fc45d7c61	2618	2	125452	24.5948	125452	24.5928	9994	6.85328	unclassified	chr7	9971883	9981632	22	9897	-	10481	9143	8067	732	606	1076	60	0.988093	0.882314	0.769678	0
PBC68281_skip_005c8e05_8a23e469_75.pod5	abef1045-5b27-4f77-a64b-6cb03d18bd96	8a23e469c315776043a099148a67107fc45d7c61	563	1	125481	2.7444	125481	2.7424	657	3.00599	unclassified	*	-1	-1	-1	-1	*	0	0	0	0	0	0	0	0	0	0	0
PBC68281_skip_005c8e05_8a23e469_75.pod5	8b36d199-1557-4bac-ade0-038a08c0014a	8a23e469c315776043a099148a67107fc45d7c61	2297	3	125460	18.2228	125460	18.0708	7093	30.3145	unclassified	chr4	166568420	166575508	7	7093	-	7090	7084	7060	2	4	24	60	0.999013	0.996612	0.995769	0
PBC68281_skip_005c8e05_8a23e469_75.pod5	909737b2-993c-4342-81f0-66df59e26511	8a23e469c315776043a099148a67107fc45d7c61	2654	4	125462	15.6824	125463	15.5592	6481	26.8858	unclassified	chr1	156445600	156452095	0	6481	-	6499	6477	6465	4	18	12	60	1	0.998147	0.994768	0
PBC68281_skip_005c8e05_8a23e469_75.pod5	348ded82-1958-4f34-859c-5755c1f99e5f	8a23e469c315776043a099148a67107fc45d7c61	1201	2	125469	13.1576	125469	13.0728	5598	26.1036	unclassified	chr12	77887843	77893438	0	5598	-	5605	5588	5571	10	7	17	60	1	0.996958	0.993934	0
PBC68281_skip_005c8e05_8a23e469_75.pod5	f6f3f66d-6837-423f-85b6-d867f8bee25c	8a23e469c315776043a099148a67107fc45d7c61	2072	4	125449	25.9844	125449	25.8132	11596	21.2171	unclassified	chr9	13280920	13292519	0	11590	+	11630	11559	11512	31	40	47	60	0.999483	0.995934	0.989854	0
PBC68281_skip_005c8e05_8a23e469_75.pod5	76f34f06-b0fc-4c75-8096-eaa25aa7c100	8a23e469c315776043a099148a67107fc45d7c61	922	4	125476	7.7852	125476	7.686	3196	29.3155	unclassified	chr10	27228678	27231882	5	3191	-	3207	3183	3167	3	21	16	60	0.996871	0.994973	0.987527	0
PBC68281_skip_005c8e05_8a23e469_75.pod5	dc0eff5a-0256-412d-a45b-e29d920091f1	8a23e469c315776043a099148a67107fc45d7c61	1838	4	125474	7.2128	125474	7.0632	2933	23.8511	unclassified	chr3	28029059	28031991	0	2926	+	2938	2920	2916	6	12	4	60	0.997613	0.99863	0.992512	0
PBC68281_skip_005c8e05_8a23e469_75.pod5	31d8e930-0e30-40d9-a8a0-072c64f8c37e	8a23e469c315776043a099148a67107fc45d7c61	1882	1	125480	3.2814	125480	3.2794	678	3.03279	unclassified	*	-1	-1	-1	-1	*	0	0	0	0	0	0	0	0	0	0	0
PBC68281_skip_005c8e05_8a23e469_75.pod5	6273a1df-0b10-4d09-9c8a-26285900d83f	8a23e469c315776043a099148a67107fc45d7c61	861	4	125468	14.888	125469	14.7432	6376	28.4405	unclassified	chr4	15532459	15538828	7	6376	-	6370	6368	6362	1	1	6	60	0.998902	0.999058	0.998744	0
PBC68281_skip_005c8e05_8a23e469_75.pod5	f73de356-97e0-4fa7-a047-a0cceedac645	8a23e469c315776043a099148a67107fc45d7c61	1959	2	125469	10.79	125469	10.6188	4435	25.7725	unclassified	chr12	33217832	33222265	6	4435	-	4436	4426	4419	3	7	7	60	0.998647	0.998418	0.996168	0
PBC68281_skip_005c8e05_8a23e469_75.pod5	3b02ffb5-fded-48f7-a23a-293d2351a2c5	8a23e469c315776043a099148a67107fc45d7c61	1698	2	125422	48.4046	125422	48.4026	23552	24.2001	unclassified	chr7	5148938	5172398	6	23452	-	23516	23390	23341	56	70	49	60	0.995499	0.997905	0.992558	0
PBC68281_skip_005c8e05_8a23e469_75.pod5	a9ac3914-52d7-419b-abb6-898152782fce	8a23e469c315776043a099148a67107fc45d7c61	2425	4	125462	17.1362	125462	17.1342	8665	22.0104	unclassified	chr10	3260538	3269175	29	8659	+	8669	8598	8540	32	39	58	60	0.995961	0.993254	0.985119	0
PBC68281_skip_005c8e05_8a23e469_75.pod5	5cb0e966-316c-40c0-95fc-b1d3aaca5506	8a23e469c315776043a099148a67107fc45d7c61	1626	1	125468	14.5004	125469	14.3724	6249	23.021	unclassified	chr12	41645988	41652250	4	6249	-	6284	6223	6201	22	39	22	60	0.99936	0.996465	0.986792	0
PBC68281_skip_005c8e05_8a23e469_75.pod5	2a102951-c271-4ef5-bb11-9ccc6dd68a5b	8a23e469c315776043a099148a67107fc45d7c61	2273	3	125473	10.123	125473	10.121	4651	9.3454	unclassified	chr6	109884100	109888938	5	4619	-	4925	4527	4208	87	311	319	60	0.992045	0.929534	0.854416	0
PBC68281_skip_005c8e05_8a23e469_75.pod5	97cd65c2-e33d-4283-851c-372d88f46808	8a23e469c315776043a099148a67107fc45d7c61	1786	2	125447	12.53	125447	12.528	5273	30.3104	unclassified	chr5	153396050	153401286	0	5235	-	5242	5229	5227	6	7	2	60	0.992794	0.999618	0.997139	0
PBC68281_skip_005c8e05_8a23e469_75.pod5	30a43460-f2f6-4744-aca0-3a95dd8ceb75	8a23e469c315776043a099148a67107fc45d7c61	1818	1	125431	50.4886	125431	50.4866	11338	3.16622	unclassified	*	-1	-1	-1	-1	*	0	0	0	0	0	0	0	0	0	0	0
PBC68281_skip_005c8e05_8a23e469_75.pod5	96f3e0f9-ab7b-4e51-9ff1-9b76925b63fe	8a23e469c315776043a099148a67107fc45d7c61	1882	1	125483	4.0174	125483	4.0154	809	2.8952	unclassified	*	-1	-1	-1	-1	*	0	0	0	0	0	0	0	0	0	0	0
PBC68281_skip_005c8e05_8a23e469_75.pod5	1a60631e-edc6-4d2f-ae8a-f33984e6cf7e	8a23e469c315776043a099148a67107fc45d7c61	1279	2	125467	14.2784	125467	14.1672	5939	26.1187	unclassified	chr14	24064399	24070335	10	5939	-	5951	5914	5902	15	22	12	60	0.998316	0.997971	0.991766	0
PBC68281_skip_005c8e05_8a23e469_75.pod5	0158a277-98a7-46dd-9a2a-5a569d7df679	8a23e469c315776043a099148a67107fc45d7c61	1857	4	125422	58.4496	125422	58.4476	26814	26.8383	unclassified	chr6	113256713	113283500	7	26784	-	26816	26748	26698	29	39	50	60	0.99862	0.998131	0.9956	0
PBC68281_skip_005c8e05_8a23e469_75.pod5	57e5a080-5796-4c5b-998d-c7da6665bbcb	8a23e469c315776043a099148a67107fc45d7c61	1721	2	125474	11.3804	125475	11.2236	3572	21.5117	unclassified	chr5	130735185	130738129	0	2946	+	2946	2944	2930	2	0	14	58	0.824748	0.995245	0.994569	0
PBC68281_skip_005c8e05_8a23e469_75.pod5	005f89ca-ba2d-4949-a3c2-21266abd119a	8a23e469c315776043a099148a67107fc45d7c61	354	1	125447	34.6508	125447	34.5624	13725	22.5099	unclassified	chr9	9402237	9415933	5	13721	-	13745	13667	13599	49	29	68	60	0.999344	0.995025	0.989378	0
PBC68281_skip_005c8e05_8a23e469_75.pod5	03dac93d-5f5a-4071-b491-180f632b726d	8a23e469c315776043a099148a67107fc45d7c61	2640	4	125471	12.5732	125471	12.4476	6182	23.7745	unclassified	chr14	58881707	58887910	7	6182	-	6209	6169	6136	6	34	33	60	0.998868	0.994651	0.988243	0
PBC68281_skip_005c8e05_8a23e469_75.pod5	5ac9e08c-1031-4dce-a5a0-9f4cc51f2e10	8a23e469c315776043a099148a67107fc45d7c61	1875	3	125480	8.6812	125480	8.6792	1976	3.38816	unclassified	*	-1	-1	-1	-1	*	0	0	0	0	0	0	0	0	0	0	0
PBC68281_skip_005c8e05_8a23e469_75.pod5	70cb9fae-461b-48c9-8e13-d51d16b6649d	8a23e469c315776043a099148a67107fc45d7c61	1881	4	125462	23.3888	125463	23.2824	10220	28.9616	unclassified	chr6	46218715	46228931	6	10220	-	10224	10206	10191	8	10	15	60	0.999413	0.99853	0.996772	0
PBC68281_skip_005c8e05_8a23e469_75.pod5	1909b720-4306-4555-8c00-2f831ee1e9d9	8a23e469c315776043a099148a67107fc45d7c61	863	3	125478	9.5472	125478	9.5452	4330	28.5194	unclassified	chr18	72026466	72030760	37	4324	+	4296	4285	4274	2	9	11	60	0.990069	0.997433	0.994879	0
PBC68281_skip_005c8e05_8a23e469_75.pod5	6f9bb119-f747-4aa6-a7e1-276386a08082	8a23e469c315776043a099148a67107fc45d7c61	843	1	125456	31.0868	125456	30.9564	11966	33.8011	unclassified	chr6	85117294	85129253	0	11960	+	11968	11951	11932	9	8	19	60	0.999499	0.99841	0.996992	0
PBC68281_skip_005c8e05_8a23e469_75.pod5	a4364c7b-541d-44c6-80fd-0c58c65f18ee	8a23e469c315776043a099148a67107fc45d7c61	826	4	125422	51.0352	125422	51.0332	24564	24.7468	unclassified	chr1	216787025	216811570	10	24532	-	24572	24495	24416	27	50	79	60	0.99829	0.996775	0.993651	0
PBC68281_skip_005c8e05_8a23e469_75.pod5	7007009f-aa74-4768-9104-e5cb3324fef0	8a23e469c315776043a099148a67107fc45d7c61	1373	4	125448	38.9588	125448	38.6868	9127	26.9385	unclassified	chr3	170395470	170404908	0	9127	-	9470	9095	9073	32	343	22	60	1	0.997581	0.958078	0
PBC68281_skip_005c8e05_8a23e469_75.pod5	278166ab-32cf-48c9-9064-8e80f7c4dffa	8a23e469c315776043a099148a67107fc45d7c61	344	4	125431	48.6406	125431	48.6386	18444	13.608	unclassified	chr1	20035859	20053988	35	18428	+	18854	17668	17245	725	461	423	60	0.997235	0.976058	0.91466	0
PBC68281_skip_005c8e05_8a23e469_75.pod5	8409dac6-b35d-4cdd-93be-6b13976aa225	8a23e469c315776043a099148a67107fc45d7c61	2823	3	125466	17.228	125466	17.076	6157	29.3746	unclassified	chr13	66164017	66170170	7	6157	-	6155	6148	6146	2	5	2	60	0.998863	0.999675	0.998538	0
PBC68281_skip_005c8e05_8a23e469_75.pod5	39a1e355-5cfd-49f7-8cb1-3acef81d1dad	8a23e469c315776043a099148a67107fc45d7c61	2189	4	125458	25.7396	125458	25.6644	13351	34.4139	unclassified	chr1	123132824	123146839	5	13334	+	14034	13310	12259	19	705	1051	1	0.998352	0.921037	0.873521	0
PBC68281_skip_005c8e05_8a23e469_75.pod5	5610e2f4-b44c-4e5b-82d3-d19ac2b1de23	8a23e469c315776043a099148a67107fc45d7c61	2436	1	125482	7.7832	125482	7.7812	2076	3.81825	unclassified	*	-1	-1	-1	-1	*	0	0	0	0	0	0	0	0	0	0	0
PBC68281_skip_005c8e05_8a23e469_75.pod5	cdc333aa-5432-4d5f-afab-a809f7845bfe	8a23e469c315776043a099148a67107fc45d7c61	140	2	125476	14.288	125476	14.1192	5386	26.0494	unclassified	chr7	141664980	141670363	4	5386	-	5387	5378	5371	4	5	7	60	0.999257	0.998698	0.99703	0
PBC68281_skip_005c8e05_8a23e469_75.pod5	5d998bea-7d9e-402b-9b29-a2d95be97e9d	8a23e469c315776043a099148a67107fc45d7c61	1575	4	125454	31.8992	125454	31.7568	9502	32.5357	unclassified	chrX	43868716	43878207	0	9495	+	9496	9490	9488	5	1	2	60	0.999263	0.999789	0.999158	0
PBC68281_skip_005c8e05_8a23e469_75.pod5	57cd0a42-0987-4a98-a1bb-005507be542c	8a23e469c315776043a099148a67107fc45d7c61	465	2	125478	13.5492	125478	13.5472	5635	34.5063	unclassified	chr5	46394795	46400398	25	5628	+	5603	5603	5602	0	0	1	60	0.994321	0.999822	0.999822	0
PBC68281_skip_005c8e05_8a23e469_75.pod5	201b9b2d-b8e6-4ba7-8a57-0f1d36d99d04	8a23e469c315776043a099148a67107fc45d7c61	713	1	125476	14.162	125476	14.0196	4293	19.4039	unclassified	chr1	160649800	160654095	8	4293	-	4316	4264	4236	21	31	28	60	0.998137	0.993433	0.981464	0
PBC68281_skip_005c8e05_8a23e469_75.pod5	83c0cc44-a307-4824-ab44-75d426968081	8a23e469c315776043a099148a67107fc45d7c61	1882	1	125487	4.956	125487	4.954	1014	2.81002	unclassified	*	-1	-1	-1	-1	*	0	0	0	0	0	0	0	0	0	0	0
PBC68281_skip_005c8e05_8a23e469_75.pod5	03dfce3b-b807-4444-ab50-86b8cac0e451	8a23e469c315776043a099148a67107fc45d7c61	1413	2	125440	37.5582	125440	37.5562	18844	20.5892	unclassified	chr9	594465	613248	38	18842	+	18865	18722	18636	82	61	86	60	0.997877	0.995406	0.987861	0
PBC68281_skip_005c8e05_8a23e469_75.pod5	fbacedac-76cb-4a7c-8948-b21e4ab0bd14	8a23e469c315776043a099148a67107fc45d7c61	1142	3	125457	29.4296	125457	29.4276	10075	4.27072	unclassified	*	-1	-1	-1	-1	*	0	0	0	0	0	0	0	0	0	0	0
PBC68281_skip_005c8e05_8a23e469_75.pod5	d003701e-4c95-4769-ba55-4bcca9fe96e2	8a23e469c315776043a099148a67107fc45d7c61	1963	3	125447	41.6972	125447	41.622	14062	9.79486	unclassified	chr13	97375165	97386687	0	14054	+	14092	11484	11452	2570	38	32	60	0.999431	0.997214	0.81266	0
PBC68281_skip_005c8e05_8a23e469_75.pod5	eaac266e-856c-41f4-98e9-423a6e784e4f	8a23e469c315776043a099148a67107fc45d7c61	286	3	125428	57.4558	125428	57.4538	19478	29.7442	unclassified	chr4	126139666	126159108	7	19449	-	19464	19420	19399	22	22	21	60	0.998152	0.998919	0.996661	0
PBC68281_skip_005c8e05_8a23e469_75.pod5	a63b1ac4-803e-4125-9cb5-370c221af183	8a23e469c315776043a099148a67107fc45d7c61	35	4	125428	59.1716	125428	59.0484	21983	28.8118	unclassified	chr12	84556746	84577757	0	21974	+	21990	20995	20959	979	16	36	60	0.999591	0.998285	0.953115	0
PBC68281_skip_005c8e05_8a23e469_75.pod5	7df96759-fc3e-4bec-ad5d-62c96e799b22	8a23e469c315776043a099148a67107fc45d7c61	563	1	125487	7.788	125487	7.786	1788	3.20176	unclassified	*	-1	-1	-1	-1	*	0	0	0	0	0	0	0	0	0	0	0
PBC68281_skip_005c8e05_8a23e469_75.pod5	a12c1c66-f412-48d2-be4c-41f0a01281e4	8a23e469c315776043a099148a67107fc45d7c61	714	1	125430	49.622	125430	49.4124	20918	26.3606	unclassified	chr16	4271929	4292910	0	20912	+	21029	20864	20824	48	117	40	60	0.999713	0.998083	0.990252	0
PBC68281_skip_005c8e05_8a23e469_75.pod5	b93c9215-1a94-4975-a60d-e8825067fd99	8a23e469c315776043a099148a67107fc45d7c61	47	1	125401	80.7392	125401	80.5776	27386	28.3163	unclassified	chr12	48709425	48736794	0	27377	+	27409	27337	27314	40	32	23	60	0.999671	0.999159	0.996534	0
PBC68281_skip_005c8e05_8a23e469_75.pod5	730497f7-f8db-48da-a9da-e44e5f75418f	8a23e469c315776043a099148a67107fc45d7c61	2654	4	125483	8.684	125483	8.5872	3946	20.085	unclassified	chr5	73901826	73905757	10	3946	-	3949	3918	3894	18	13	24	60	0.997466	0.993874	0.986072	0
PBC68281_skip_005c8e05_8a23e469_75.pod5	fa45fb0a-6ec8-4c98-a115-a13e8bb3abaf	8a23e469c315776043a099148a67107fc45d7c61	2042	4	125475	19.3124	125475	19.2324	12804	14.5029	unclassified	chr1	5711654	5724571	1	12795	+	13029	12682	12457	112	235	225	60	0.999219	0.982258	0.956098	0
PBC68281_skip_005c8e05_8a23e469_75.pod5	aa9e8c76-cb30-4d16-9516-e404af3308a1	8a23e469c315776043a099148a67107fc45d7c61	1193	2	125449	9.8804	125449	9.7764	4150	24.9385	unclassified	chr21	15383016	15387190	0	4150	+	4178	4146	4139	4	28	7	60	1	0.998312	0.990665	0
PBC68281_skip_005c8e05_8a23e469_75.pod5	c14287ff-9fde-48d8-a4aa-4eb670e174c3	8a23e469c315776043a099148a67107fc45d7c61	1950	1	125415	18.7916	125415	18.7896	8288	13.4831	unclassified	chr4	54327325	54335841	39	8288	+	8591	8174	7978	75	342	196	60	0.995294	0.976022	0.928646	0
PBC68281_skip_005c8e05_8a23e469_75.pod5	03ee95b3-34a5-419b-a35a-614f6472bc53	8a23e469c315776043a099148a67107fc45d7c61	2219	4	125409	68.04	125409	68.038	26911	28.1147	unclassified	chr1	99060313	99087182	7	26875	-	26906	26831	26785	37	38	46	60	0.998402	0.998286	0.995503	0
PBC68281_skip_005c8e05_8a23e469_75.pod5	13be88e3-931a-400c-84d9-bf9e06056047	8a23e469c315776043a099148a67107fc45d7c61	1698	2	125472	20.5846	125472	20.5826	8616	26.0031	unclassified	chr1	15629682	15638251	11	8576	-	8580	8554	8546	11	15	8	60	0.994081	0.999065	0.996037	0
PBC68281_skip_005c8e05_8a23e469_75.pod5	362aed8a-6731-43ef-a45e-aacb11246af1	8a23e469c315776043a099148a67107fc45d7c61	2393	4	125416	66.4736	125416	66.2808	27594	29.0387	unclassified	chr4	31539853	31567454	0	27594	-	27611	27584	27564	10	17	20	60	1	0.999275	0.998298	0
PBC68281_skip_005c8e05_8a23e469_75.pod5	1af6e147-5ac2-496b-af8a-76bb2654a21c	8a23e469c315776043a099148a67107fc45d7c61	2312	1	125401	57.1262	125401	57.1242	23303	21.3522	unclassified	chr1	149924575	149947828	37	23295	+	23334	23177	23074	81	76	103	60	0.998069	0.995556	0.988857	0
PBC68281_skip_005c8e05_8a23e469_75.pod5	0fc4b5fa-a147-4147-95b7-bcd0fb90d0a1	8a23e469c315776043a099148a67107fc45d7c61	274	2	125392	72.5888	125392	72.468	28954	28.2543	unclassified	chr8	104446857	104475801	0	28947	+	28980	28911	28856	36	33	55	60	0.999758	0.998098	0.995721	0
PBC68281_skip_005c8e05_8a23e469_75.pod5	2c659aa5-4adb-4618-8457-90e5eb28f422	8a23e469c315776043a099148a67107fc45d7c61	274	2	125478	17.4428	125478	17.298	7043	28.8274	unclassified	chr9	40973936	40980979	5	7043	-	7048	7033	7022	5	10	11	60	0.99929	0.998436	0.996311	0
PBC68281_skip_005c8e05_8a23e469_75.pod5	909cceb2-d565-4458-9a7e-83ebc7cb63e7	8a23e469c315776043a099148a67107fc45d7c61	2393	4	125484	13.8104	125485	13.7136	6007	27.9957	unclassified	chr18	68819116	68825106	6	6007	-	6005	5986	5948	15	4	38	60	0.999001	0.993652	0.990508	0
PBC68281_skip_005c8e05_8a23e469_75.pod5	8c433683-b433-46b7-97dd-d0c77f74db2f	8a23e469c315776043a099148a67107fc45d7c61	1721	2	125487	11.314	125487	11.312	4885	32.0229	unclassified	chr2	89226838	89231683	6	4849	-	4846	4842	4839	1	3	3	60	0.991402	0.99938	0.998555	0
PBC68281_skip_005c8e05_8a23e469_75.pod5	9e9cc06f-4da1-4599-b9d0-daefed7de0c7	8a23e469c315776043a099148a67107fc45d7c61	78	2	125452	44.1536	125452	43.9776	11408	30.2282	unclassified	chr17	80766096	80777495	6	11408	-	11409	11392	11376	10	7	16	60	0.999474	0.998595	0.997108	0
PBC68281_skip_005c8e05_8a23e469_75.pod5	0dc5f769-c982-44ff-bedf-63def5ac2d6b	8a23e469c315776043a099148a67107fc45d7c61	1805	4	125470	28.803	125470	28.801	8715	13.7582	unclassified	chr19	56817902	56826657	6	8679	-	8858	8570	8368	103	185	202	60	0.995181	0.976429	0.944683	0
PBC68281_skip_005c8e05_8a23e469_75.pod5	c769ae7d-aef8-4ca6-a3c4-814557afb304	8a23e469c315776043a099148a67107fc45d7c61	2640	4	125484	11.6876	125484	11.598	6193	21.0261	unclassified	chr14	58881707	58887911	0	6183	+	6223	6164	6128	19	40	36	60	0.998385	0.99416	0.984734	0
PBC68281_skip_005c8e05_8a23e469_75.pod5	1d0d6c29-01ef-4eb8-836f-2e977e9a6544	8a23e469c315776043a099148a67107fc45d7c61	354	1	125484	16.3052	125484	16.206	6572	21.9507	unclassified	chr14	100213200	100219782	0	6572	-	6599	6555	6527	17	27	28	60	1	0.995728	0.989089	0
PBC68281_skip_005c8e05_8a23e469_75.pod5	501067b1-5ad0-4081-8e39-d332d0978b3d	8a23e469c315776043a099148a67107fc45d7c61	1413	2	125482	18.4664	125482	18.3672	7835	27.8419	unclassified	chr10	90676028	90683854	0	7828	+	7838	7816	7807	12	10	9	60	0.999107	0.998848	0.996045	0
PBC68281_skip_005c8e05_8a23e469_75.pod5	22083448-6fca-46f4-a266-87eebd7d156d	8a23e469c315776043a099148a67107fc45d7c61	927	3	125491	10.4864	125492	10.2888	4100	26.4237	unclassified	chr3	68583513	68593087	0	4100	-	9586	4088	4082	12	5486	6	60	1	0.998532	0.425829	0
PBC68281_skip_005c8e05_8a23e469_75.pod5	b132b338-1cb4-433e-8de2-690e6820292f	8a23e469c315776043a099148a67107fc45d7c61	2189	4	125499	7.3268	125499	7.1868	2977	25.416	unclassified	chr10	47079695	47082667	7	2977	-	2975	2967	2962	3	5	5	60	0.997649	0.998315	0.99563	0
PBC68281_skip_005c8e05_8a23e469_75.pod5	913fd4a6-ccf5-4d95-9f72-c275a5b13ad7	8a23e469c315776043a099148a67107fc45d7c61	863	3	125491	11.408	125491	11.3016	4809	22.668	unclassified	chr2	64905174	64909974	0	4803	+	4812	4791	4774	12	9	17	60	0.998752	0.996452	0.992103	0
PBC68281_skip_005c8e05_8a23e469_75.pod5	a151e732-44cd-4310-9bc3-be786ab85cc3	8a23e469c315776043a099148a67107fc45d7c61	713	1	125490	10.9222	125490	10.9202	4322	20.0911	unclassified	chr1	160649800	160654095	39	4316	+	4308	4264	4251	13	31	13	60	0.989588	0.996951	0.986769	0
PBC68281_skip_005c8e05_8a23e469_75.pod5	d499bbb5-8743-4a4a-8bba-475666d9a95e	8a23e469c315776043a099148a67107fc45d7c61	691	4	125491	11.0756	125491	10.9452	4655	24.9847	unclassified	chr22	21964090	21968737	0	4649	+	4651	4645	4641	4	2	4	60	0.998711	0.999139	0.99785	0
PBC68281_skip_005c8e05_8a23e469_75.pod5	25a6bec7-2a4f-47f2-a95c-e4d995332719	8a23e469c315776043a099148a67107fc45d7c61	1576	3	125490	14.9816	125490	14.8656	6802	29.4446	unclassified	chrX	11233960	11240769	0	6802	+	6809	6802	6797	0	7	5	60	1	0.999265	0.998238	0
PBC68281_skip_005c8e05_8a23e469_75.pod5	d09a1d23-9a9a-4084-ba22-9c5b1bbe0d3c	8a23e469c315776043a099148a67107fc45d7c61	2127	1	125469	26.1944	125469	26.0736	11126	20.1164	unclassified	chr10	81954795	81965958	8	11126	-	11184	11097	11045	21	66	52	60	0.999281	0.995314	0.987572	0
PBC68281_skip_005c8e05_8a23e469_75.pod5	5a925db4-68c2-4579-8ff9-5523dfc0591b	8a23e469c315776043a099148a67107fc45d7c61	1142	3	125493	11.9458	125493	11.9438	3455	4.04956	unclassified	*	-1	-1	-1	-1	*	0	0	0	0	0	0	0	0	0	0	0
PBC68281_skip_005c8e05_8a23e469_75.pod5	9f35b66d-a97a-4490-aee4-2745097b64a3	8a23e469c315776043a099148a67107fc45d7c61	344	4	125481	10.3808	125481	10.2552	3871	13.0113	unclassified	chr2	110167895	110171772	6	3858	-	3942	3787	3682	65	90	105	60	0.995092	0.972274	0.934044	0
PBC68281_skip_005c8e05_8a23e469_75.pod5	36f05259-af77-4457-a762-2503fb892d46	8a23e469c315776043a099148a67107fc45d7c61	2297	3	125479	11.8264	125479	11.8244	4986	22.5561	unclassified	chr1	55955786	55960740	31	4979	+	4960	4942	4929	6	12	13	60	0.992379	0.997369	0.99375	0
PBC68281_skip_005c8e05_8a23e469_75.pod5	d3dfe1d5-4f43-4311-9eba-948077ed3f8e	8a23e469c315776043a099148a67107fc45d7c61	2273	3	125501	7.1348	125501	7.1328	2776	9.24545	unclassified	chr18	40257798	40260590	15	2737	-	2865	2649	2484	73	143	165	60	0.980548	0.937712	0.867016	0
PBC68281_skip_005c8e05_8a23e469_75.pod5	75f34e99-7091-45b0-8efc-f1f6ab920db3	8a23e469c315776043a099148a67107fc45d7c61	2600	4	125486	16.3484	125486	16.242	6363	28.7662	unclassified	chrX	11176933	11183285	0	6354	+	6360	6346	6344	8	6	2	60	0.998586	0.999685	0.997484	0
PBC68281_skip_005c8e05_8a23e469_75.pod5	821c1e99-9678-46bc-9ea6-da781b785bf7	8a23e469c315776043a099148a67107fc45d7c61	2462	4	125481	20.3488	125481	20.3468	8336	27.7514	unclassified	chr1	53143034	53151319	39	8330	+	8296	8280	8250	11	5	30	60	0.994602	0.996377	0.994455	0
PBC68281_skip_005c8e05_8a23e469_75.pod5	a37b8598-340c-436c-a70a-ee4832bacecf	8a23e469c315776043a099148a67107fc45d7c61	1721	2	125499	10.5812	125499	10.5792	4890	23.7104	unclassified	chr2	89226838	89231683	32	4884	+	4861	4836	4824	16	9	12	60	0.992229	0.997519	0.992388	0
PBC68281_skip_005c8e05_8a23e469_75.pod5	2a72f52e-365f-4476-b424-d30789e3ed38	8a23e469c315776043a099148a67107fc45d7c61	1786	2	125499	7.3868	125499	7.2972	3152	32.0726	unclassified	chrX	116551895	116555037	0	3152	+	3154	3140	3137	12	2	3	60	1	0.999045	0.99461	0
PBC68281_skip_005c8e05_8a23e469_75.pod5	563663c7-e9f4-4754-8bff-9cd399ca8ca3	8a23e469c315776043a099148a67107fc45d7c61	2297	3	125491	15.668	125491	15.5928	6698	30.1955	unclassified	chrX	147925655	147932347	6	6698	-	6698	6686	6680	6	6	6	60	0.999104	0.999103	0.997313	0
PBC68281_skip_005c8e05_8a23e469_75.pod5	b6e8e471-c9df-4813-8e8a-c7f68c9e212d	8a23e469c315776043a099148a67107fc45d7c61	2654	4	125492	10.2128	125492	10.0776	4425	28.6086	unclassified	chr21	8225106	8229558	0	4425	+	4464	4413	4407	12	39	6	1	1	0.99864	0.987231	0
PBC68281_skip_005c8e05_8a23e469_75.pod5	789bcda4-d0a5-4718-b605-13561c6b1916	8a23e469c315776043a099148a67107fc45d7c61	465	2	125491	18.536	125491	18.4488	7582	28.8877	unclassified	chr3	157678563	157686139	0	7582	+	7585	7573	7569	9	3	4	60	1	0.999472	0.997891	0
PBC68281_skip_005c8e05_8a23e469_75.pod5	bbc5909e-151c-4b59-8ff5-50f59ec5bff9	8a23e469c315776043a099148a67107fc45d7c61	2623	4	125485	18.0212	125485	17.9184	7716	16.4438	unclassified	chr3	130897063	130904818	0	7710	+	7795	7670	7565	40	85	105	60	0.999222	0.98631	0.970494	0
PBC68281_skip_005c8e05_8a23e469_75.pod5	ff0de87e-0993-4605-8b71-ceef60b404b6	8a23e469c315776043a099148a67107fc45d7c61	2620	2	125482	26.143	125482	26.141	7786	7.41936	unclassified	chr9	2043550	2051784	32	7777	+	8566	7413	6680	332	821	733	60	0.994734	0.90112	0.779827	0
PBC68281_skip_005c8e05_8a23e469_75.pod5	798c98d1-e95d-4d5c-bbb6-aff823cb2871	8a23e469c315776043a099148a67107fc45d7c61	2004	3	125476	32.5508	125476	32.4624	12452	17.2619	unclassified	chr3	141311345	141322882	1	11522	+	11617	11441	11319	80	96	122	60	0.925233	0.989337	0.974348	0
PBC68281_skip_005c8e05_8a23e469_75.pod5	d759cb9a-4148-4c36-913f-a92b077db8de	8a23e469c315776043a099148a67107fc45d7c61	343	2	125474	33.2348	125474	33.0588	6915	26.9064	unclassified	chr4	164663768	164670668	7	6915	-	6916	6892	6867	16	8	25	60	0.998988	0.996373	0.992915	0
PBC68281_skip_005c8e05_8a23e469_75.pod5	2242241c-2820-4bbb-b67a-dbb859f1e7d8	8a23e469c315776043a099148a67107fc45d7c61	1201	2	125482	20.7042	125482	20.7022	7000	28.6254	unclassified	chr6	341782	348708	38	6992	+	6998	6882	6871	72	44	11	60	0.993429	0.998402	0.981852	0
PBC68281_skip_005c8e05_8a23e469_75.pod5	3c2909f3-3a69-4695-9cf6-5a076c5aa204	8a23e469c315776043a099148a67107fc45d7c61	2436	1	125505	6.8294	125505	6.8274	1976	3.90676	unclassified	*	-1	-1	-1	-1	*	0	0	0	0	0	0	0	0	0	0	0
PBC68281_skip_005c8e05_8a23e469_75.pod5	8c8cfa19-4f5e-4f99-8e5f-b7a63c280cda	8a23e469c315776043a099148a67107fc45d7c61	1807	4	125489	12.3104	125489	12.3084	4487	14.7208	unclassified	chr1	233220202	233224639	32	4487	+	4512	4380	4322	75	57	58	60	0.992868	0.986758	0.95789	0
PBC68281_skip_005c8e05_8a23e469_75.pod5	8897bf35-76d1-452f-8a91-1667a1fcf31a	8a23e469c315776043a099148a67107fc45d7c61	526	1	125502	9.3996	125502	9.3976	5685	14.9956	unclassified	chr1	227172894	227178598	33	5676	+	5734	5613	5526	30	91	87	60	0.992612	0.9845	0.963725	0
PBC68281_skip_005c8e05_8a23e469_75.pod5	edd9fca8-15e2-4a24-aa99-863ed48eafe4	8a23e469c315776043a099148a67107fc45d7c61	964	4	125497	15.1028	125497	15.1008	6065	27.12	unclassified	chr3	187586793	187592806	8	6026	-	6025	6006	5990	12	7	16	60	0.992251	0.997336	0.994191	0
PBC68281_skip_005c8e05_8a23e469_75.pod5	a0e3a2e5-9bb1-4c91-a66d-316341a3267c	8a23e469c315776043a099148a67107fc45d7c61	2473	4	125468	34.9016	125468	34.7592	13666	27.503	unclassified	chr14	78804460	78818132	0	13660	+	13685	13647	13619	13	25	28	60	0.999561	0.997948	0.995177	0
PBC68281_skip_005c8e05_8a23e469_75.pod5	3fa2bc25-3eeb-49dc-912b-9451263e8e93	8a23e469c315776043a099148a67107fc45d7c61	285	1	125499	13.1856	125499	13.1836	5168	29.8039	unclassified	chr21	9186060	9191184	35	5162	+	5128	5123	5102	4	1	21	60	0.992067	0.995901	0.99493	0
PBC68281_skip_005c8e05_8a23e469_75.pod5	4caca580-1cb5-41e9-9b94-8d3c9eb3d159	8a23e469c315776043a099148a67107fc45d7c61	964	4	125447	49.2584	125447	49.116	19469	26.1455	unclassified	chr2	106842735	106862218	0	19462	+	19504	19441	19386	21	42	55	60	0.99964	0.997171	0.99395	0
PBC68281_skip_005c8e05_8a23e469_75.pod5	de1c6888-ed8c-40dc-be06-12c139aa8fb8	8a23e469c315776043a099148a67107fc45d7c61	326	3	125465	43.5566	125465	43.5546	17945	23.2234	unclassified	chr1	172568789	172586370	36	17939	+	17960	17524	17441	379	57	83	60	0.99766	0.995264	0.971102	0
PBC68281_skip_005c8e05_8a23e469_75.pod5	1c99d757-9efd-4440-b694-663084c67806	8a23e469c315776043a099148a67107fc45d7c61	2444	1	125472	25.8008	125472	25.7988	10332	14.6123	unclassified	chr6	151617254	151627568	68	10329	+	10445	10130	9947	131	184	183	60	0.993128	0.981935	0.952322	0
PBC68281_skip_005c8e05_8a23e469_75.pod5	701738dc-a7a8-4b4a-8e28-8091fa76029e	8a23e469c315776043a099148a67107fc45d7c61	691	4	125502	9.8492	125502	9.6756	3922	28.1314	unclassified	chr4	177807397	177810882	0	3482	+	3486	3481	3471	1	4	10	60	0.887812	0.997127	0.995697	0
PBC68281_skip_005c8e05_8a23e469_75.pod5	a409ec42-6e2b-4740-aa1f-b1f1f992223c	8a23e469c315776043a099148a67107fc45d7c61	541	4	125455	50.8656	125455	50.8636	19753	25.0578	unclassified	chr3	106809572	106829285	10	19712	-	19734	19681	19644	21	32	37	60	0.997418	0.99812	0.995439	0
PBC68281_skip_005c8e05_8a23e469_75.pod5	ef3adc3b-3318-479e-a866-ed9adee3a9e4	8a23e469c315776043a099148a67107fc45d7c61	1818	1	125487	27.0812	125487	27.0792	6604	3.78642	unclassified	*	-1	-1	-1	-1	*	0	0	0	0	0	0	0	0	0	0	0
PBC68281_skip_005c8e05_8a23e469_75.pod5	601ce565-f8c2-4eb9-b7ff-d2f8da83190a	8a23e469c315776043a099148a67107fc45d7c61	475	2	125459	50.3912	125459	49.9728	23024	26.2144	unclassified	chr15	24191527	24214528	0	23017	+	23063	22955	22868	62	46	87	60	0.999696	0.99621	0.991545	0
PBC68281_skip_005c8e05_8a23e469_75.pod5	2c8d6b40-e961-4063-8377-e98c0c2f46bd	8a23e469c315776043a099148a67107fc45d7c61	2410	4	125504	9.1484	125504	9.0468	3799	29.5629	unclassified	chr6	98964263	98968055	0	3791	+	3792	3791	3783	0	1	8	60	0.997894	0.99789	0.997627	0
PBC68281_skip_005c8e05_8a23e469_75.pod5	35e59138-2ffe-4640-a8ce-a2f1148ba169	8a23e469c315776043a099148a67107fc45d7c61	434	4	125468	41.9	125468	41.7768	17296	29.5889	unclassified	chr5	86544133	86561416	5	17296	-	17312	17262	17244	29	21	18	60	0.999711	0.998957	0.996072	0
PBC68281_skip_005c8e05_8a23e469_75.pod5	b0d9f4e1-abd7-4e4d-9e6a-182333b23f63	8a23e469c315776043a099148a67107fc45d7c61	439	2	125475	30.6604	125475	30.6584	13581	24.8545	unclassified	chr18	61601895	61615448	25	13581	+	13579	13530	13492	26	23	38	60	0.998159	0.997191	0.993593	0
PBC68281_skip_005c8e05_8a23e469_75.pod5	7ad6c4ba-8577-45d0-b241-5648dece32dc	8a23e469c315776043a099148a67107fc45d7c61	637	4	125512	5.843	125512	5.841	1549	3.76763	unclassified	*	-1	-1	-1	-1	*	0	0	0	0	0	0	0	0	0	0	0
PBC68281_skip_005c8e05_8a23e469_75.pod5	3ed7cade-cac9-46f5-b905-987ee3ef96d9	8a23e469c315776043a099148a67107fc45d7c61	420	4	125483	25.9208	125483	25.8048	10576	27.8269	unclassified	chrY	11324214	11331206	17	7556	-	7881	6650	5620	889	342	1030	46	0.71284	0.845113	0.713107	0
PBC68281_skip_005c8e05_8a23e469_75.pod5	0c897933-d375-4094-9482-9481a801b692	8a23e469c315776043a099148a67107fc45d7c61	1044	3	125488	20.9802	125488	20.9782	10226	22.6646	unclassified	chr15	75728506	75738698	34	10219	+	10231	10146	10101	39	46	45	60	0.995991	0.995565	0.987294	0
PBC68281_skip_005c8e05_8a23e469_75.pod5	bcd100ed-1759-4554-8c3b-ff7c2b59c835	8a23e469c315776043a099148a67107fc45d7c61	614	2	125463	44.0396	125463	43.8396	19229	27.7087	unclassified	chr3	190490106	190509339	0	19225	+	19244	19214	19176	11	19	38	60	0.999792	0.998022	0.996466	0
PBC68281_skip_005c8e05_8a23e469_75.pod5	ce720717-0a72-4b90-b3b5-31a4296833ef	8a23e469c315776043a099148a67107fc45d7c61	1192	2	125497	18.4496	125497	18.3456	7909	27.611	unclassified	chr5	13291072	13298980	5	7909	-	7913	7899	7886	5	9	13	60	0.999368	0.998354	0.996588	0
PBC68281_skip_005c8e05_8a23e469_75.pod5	3db247db-ae1e-406c-b6a3-5e51ea58bc5b	8a23e469c315776043a099148a67107fc45d7c61	1225	4	125464	43.5164	125464	43.2996	14840	23.681	unclassified	chr19	974100	988919	0	14834	+	14865	14788	14739	46	31	49	60	0.999596	0.996687	0.991524	0
PBC68281_skip_005c8e05_8a23e469_75.pod5	2ad538ce-30ea-47d6-ab1a-1ba68b9c7740	8a23e469c315776043a099148a67107fc45d7c61	1279	2	125482	27.8288	125482	27.6672	11687	27.1539	unclassified	chr15	27273200	27284893	0	11687	-	11701	11679	11671	8	14	8	60	1	0.999315	0.997436	0
PBC68281_skip_005c8e05_8a23e469_75.pod5	a2525c97-2d93-4610-a8d2-c27bca2f790e	8a23e469c315776043a099148a67107fc45d7c61	436	3	125480	35.6392	125480	35.6372	14143	27.6329	unclassified	chr22	27855083	27869195	0	14107	-	14123	14096	14081	11	16	15	60	0.997455	0.998936	0.997026	0
PBC68281_skip_005c8e05_8a23e469_75.pod5	11531439-8706-444b-b1b7-ef4f7093d824	8a23e469c315776043a099148a67107fc45d7c61	877	4	125452	22.1228	125452	21.9924	8482	25.8021	unclassified	chr9	29582085	29590562	6	8482	-	8490	8463	8418	13	14	45	60	0.999293	0.994683	0.991519	0
PBC68281_skip_005c8e05_8a23e469_75.pod5	5ede5bd3-ad9b-49f6-9472-ee668f2d2c00	8a23e469c315776043a099148a67107fc45d7c61	2065	3	125436	32.45	125436	32.3556	14653	26.2288	unclassified	chr2	3089411	3104059	0	14647	+	14671	14624	14587	23	24	37	60	0.999591	0.99747	0.994274	0
PBC68281_skip_005c8e05_8a23e469_75.pod5	e895359c-8f32-485f-afdc-e5b8d9cad704	8a23e469c315776043a099148a67107fc45d7c61	1575	4	125486	27.5684	125486	27.426	9460	27.1349	unclassified	chrX	43868715	43878207	6	9460	-	9494	9452	9437	2	40	15	60	0.999366	0.998413	0.993996	0
PBC68281_skip_005c8e05_8a23e469_75.pod5	d38f9fd2-acb5-4379-bb3d-259dd94e4a73	8a23e469c315776043a099148a67107fc45d7c61	932	2	125456	31.4888	125456	31.3296	11613	27.0171	unclassified	chr17	80376364	80387978	0	11613	+	11623	11604	11590	9	10	14	60	1	0.998794	0.997161	0
PBC68281_skip_005c8e05_8a23e469_75.pod5	dbc58f63-54ba-461b-a845-42d1fc832b1b	8a23e469c315776043a099148a67107fc45d7c61	1518	2	125464	28.5534	125464	28.5514	11348	20.4116	unclassified	chr19	32406628	32417932	36	11344	+	11362	11250	11202	58	54	48	60	0.996475	0.995733	0.985918	0
PBC68281_skip_005c8e05_8a23e469_75.pod5	11a3c235-eba8-48c1-abee-e613b012ce89	8a23e469c315776043a099148a67107fc45d7c61	286	3	125502	16.272	125502	16.27	5808	30.203	unclassified	chr11	20613536	20619319	5	5772	-	5788	5762	5747	5	21	15	60	0.992941	0.997397	0.992916	0
PBC68281_skip_005c8e05_8a23e469_75.pod5	aac506c5-dc5b-48df-9464-a5ce5e9ed35a	8a23e469c315776043a099148a67107fc45d7c61	922	4	125374	89.6564	125374	89.526	37830	27.762	unclassified	chr7	145630040	145667903	9	37830	-	37900	37784	37760	37	79	24	60	0.999762	0.999365	0.996306	0
PBC68281_skip_005c8e05_8a23e469_75.pod5	3d3d0a38-c989-49ee-aefc-75fbb8760731	8a23e469c315776043a099148a67107fc45d7c61	1559	1	125451	20.957	125451	20.955	6420	13.3622	unclassified	chr12	55968112	55974484	42	6394	-	6460	6264	6121	88	108	143	60	0.989408	0.977171	0.947523	0
PBC68281_skip_005c8e05_8a23e469_75.pod5	9a5d1053-2e12-4c6d-be66-fc02858764da	8a23e469c315776043a099148a67107fc45d7c61	2640	4	125441	26.932	125441	26.93	13961	23.7438	unclassified	chr4	83063456	83077375	36	13954	+	13949	13888	13852	30	31	36	60	0.99692	0.997408	0.993046	0
PBC68281_skip_005c8e05_8a23e469_75.pod5	41f230fd-6718-4a82-ba98-69cf557e576c	8a23e469c315776043a099148a67107fc45d7c61	1640	1	125429	40.5716	125429	40.4652	17908	30.0283	unclassified	chr5	19429768	19447693	8	17908	-	17937	17888	17857	12	37	31	60	0.999553	0.998267	0.99554	0
PBC68281_skip_005c8e05_8a23e469_75.pod5	4c78b3da-f7b5-406e-b42a-1a1b473db52f	8a23e469c315776043a099148a67107fc45d7c61	2954	4	125491	5.598	125491	5.596	2380	19.5303	unclassified	chr5	159492404	159494760	6	2352	-	2364	2338	2322	8	18	16	60	0.985714	0.993157	0.982234	0
PBC68281_skip_005c8e05_8a23e469_75.pod5	f67bc4cb-d6b2-4a30-9c87-1bc065cc5b56	8a23e469c315776043a099148a67107fc45d7c61	2442	4	125498	16.7206	125498	16.7186	6840	31.2238	unclassified	chrX	78999177	79005954	50	6831	+	6783	6775	6770	6	2	5	60	0.991374	0.999262	0.998083	0
PBC68281_skip_005c8e05_8a23e469_75.pod5	580f9cbb-077b-4959-91fa-3a910f8f75fb	8a23e469c315776043a099148a67107fc45d7c61	2273	3	125484	11.896	125484	11.894	5090	12.5168	unclassified	chr6	107167584	107172692	12	5049	-	5176	4969	4821	68	139	148	60	0.989587	0.970215	0.931414	0
PBC68281_skip_005c8e05_8a23e469_75.pod5	704deada-3769-4b31-a339-1928c0ac6370	8a23e469c315776043a099148a67107fc45d7c61	1192	2	125474	19.4852	125474	19.3212	8482	25.9889	unclassified	chr3	120889318	120897787	0	8470	+	8488	8451	8437	19	18	14	60	0.998585	0.998343	0.993991	0
PBC68281_skip_005c8e05_8a23e469_75.pod5	1a40ab22-b409-4224-9d1d-f50961f91573	8a23e469c315776043a099148a67107fc45d7c61	2219	4	125484	10.5236	125485	10.386	3576	25.8087	unclassified	chr10	27883799	27887373	7	3576	-	3578	3565	3559	4	9	6	60	0.998043	0.998317	0.99469	0
PBC68281_skip_005c8e05_8a23e469_75.pod5	e240b0aa-1546-4980-babe-08b6536020e5	8a23e469c315776043a099148a67107fc45d7c61	1158	4	125421	38.69	125421	38.5476	11690	32.0745	unclassified	chr17	17437811	17449556	0	11683	+	11751	11677	11662	6	68	15	60	0.999401	0.998715	0.992426	0
PBC68281_skip_005c8e05_8a23e469_75.pod5	498547a3-fecc-46f8-a714-f3ef5e4ae265	8a23e469c315776043a099148a67107fc45d7c61	1193	2	125473	23.036	125473	22.9428	10177	23.234	unclassified	chr18	68373490	68383653	0	10168	+	10205	10126	10052	42	37	74	60	0.999116	0.992692	0.985007	0
PBC68281_skip_005c8e05_8a23e469_75.pod5	52d5577b-1658-4c5a-ae70-10894dd8c50d	8a23e469c315776043a099148a67107fc45d7c61	2612	1	125475	20.4392	125475	20.2776	10238	24.6138	unclassified	chr12	52503045	52513274	0	10227	+	10250	10206	10178	21	23	28	60	0.998926	0.997257	0.992976	0
PBC68281_skip_005c8e05_8a23e469_75.pod5	40e7925e-a86d-43e2-8f20-4cf91d0cb420	8a23e469c315776043a099148a67107fc45d7c61	2654	4	125423	38.6048	125423	38.4648	16318	22.7393	unclassified	chr4	667526	683759	49	16318	-	16356	16146	16098	123	87	48	60	0.996997	0.997027	0.984226	0
PBC68281_skip_005c8e05_8a23e469_75.pod5	8de026dc-bf72-4c02-b268-b503f53c5b48	8a23e469c315776043a099148a67107fc45d7c61	845	4	125461	25.6628	125461	25.5588	13960	24.6178	unclassified	chr2	237505317	237519294	0	13960	-	13995	13942	13917	18	35	25	60	1	0.998207	0.994427	0
PBC68281_skip_005c8e05_8a23e469_75.pod5	20bf409c-7c29-40e2-bcc6-b2f29c4e2196	8a23e469c315776043a099148a67107fc45d7c61	1473	4	125489	22.2532	125489	22.2512	9245	10.845	unclassified	chr12	108934849	108944167	28	9240	+	9554	8976	8555	236	342	421	60	0.996431	0.953097	0.895436	0
PBC68281_skip_005c8e05_8a23e469_75.pod5	1a7647df-2651-42b1-addd-f2459616f5b1	8a23e469c315776043a099148a67107fc45d7c61	1626	1	125392	76.4672	125392	76.284	25931	28.9545	unclassified	chr8	25145947	25171865	9	25931	-	25986	25854	25801	68	64	53	60	0.999653	0.99795	0.992881	0
PBC68281_skip_005c8e05_8a23e469_75.pod5	8783f41f-d97b-4bdb-978a-68cc9e07152c	8a23e469c315776043a099148a67107fc45d7c61	1805	4	125439	31.115	125439	31.113	10545	14.6582	unclassified	chr3	96732762	96742985	15	10501	-	10650	10059	9899	427	164	160	60	0.994405	0.984094	0.929484	0
PBC68281_skip_005c8e05_8a23e469_75.pod5	8df2eac9-97f8-40dd-b339-423e64e83831	8a23e469c315776043a099148a67107fc45d7c61	841	4	125446	43.658	125446	43.5444	16638	25.2613	unclassified	chr9	69115312	69137185	5	16638	-	21923	16583	16513	50	5290	70	60	0.999699	0.995779	0.753227	0
PBC68281_skip_005c8e05_8a23e469_75.pod5	d4d39845-cf82-4fe9-aa7c-43bd9162b057	8a23e469c315776043a099148a67107fc45d7c61	2600	4	125455	29.3132	125456	29.0976	13509	25.7955	unclassified	chr17	58942117	58955625	1	13502	+	13536	13473	13447	28	35	26	60	0.999408	0.99807	0.993425	0
PBC68281_skip_005c8e05_8a23e469_75.pod5	ca5c7961-9783-4896-bc41-9ee2b3e49098	8a23e469c315776043a099148a67107fc45d7c61	2444	1	125424	35.118	125424	35.116	13625	18.3505	unclassified	chr1	20758494	20770465	2	11916	-	12031	11854	11747	60	117	107	60	0.874422	0.990974	0.976394	0
PBC68281_skip_005c8e05_8a23e469_75.pod5	3a9984fe-c7ae-4bf5-b14c-590008808c74	8a23e469c315776043a099148a67107fc45d7c61	475	2	125349	91.2836	125349	91.1484	38196	26.6506	unclassified	chr22	48484794	48523363	0	38189	+	38632	38126	38025	63	443	101	60	0.999817	0.997351	0.984288	0
PBC68281_skip_005c8e05_8a23e469_75.pod5	67797598-6590-4602-8c6e-277ec537f8b2	8a23e469c315776043a099148a67107fc45d7c61	2461	3	125452	22.1132	125452	22.1112	6208	6.75888	unclassified	chr13	76553057	76557201	2144	6165	-	4252	3913	3689	108	231	224	60	0.647713	0.942755	0.867592	0
PBC68281_skip_005c8e05_8a23e469_75.pod5	a85817b7-b8bb-47c2-957e-0dd6b474fe96	8a23e469c315776043a099148a67107fc45d7c61	1373	4	125388	47.119	125388	47.117	21763	22.9838	unclassified	chr20	15481080	15502814	28	21757	+	21791	21672	21594	57	62	78	60	0.998438	0.996401	0.99096	0
PBC68281_skip_005c8e05_8a23e469_75.pod5	38045fc5-0b09-4ea8-8ff1-1558b0d9d8b1	8a23e469c315776043a099148a67107fc45d7c61	2461	3	125485	34.5614	125485	34.5594	13793	10.295	unclassified	chr11	43804615	43818687	30	13781	+	14419	13404	12708	347	668	696	60	0.996955	0.948075	0.881337	0
PBC68281_skip_005c8e05_8a23e469_75.pod5	57e6137f-126d-4187-b018-90f7681e61ed	8a23e469c315776043a099148a67107fc45d7c61	845	4	125487	27.4064	125487	27.3216	11859	24.6978	unclassified	chr16	82662568	82674430	7	11859	-	11880	11834	11768	18	28	66	60	0.99941	0.994423	0.990572	0
PBC68281_skip_005c8e05_8a23e469_75.pod5	6dd9b941-4ecc-471f-9453-b07e99d58f52	8a23e469c315776043a099148a67107fc45d7c61	2640	4	125502	17.0052	125502	17.0032	7390	22.5682	unclassified	chr1	49604286	49611664	29	7384	+	7390	7343	7324	12	35	19	60	0.995264	0.997413	0.991069	0
PBC68281_skip_005c8e05_8a23e469_75.pod5	c09c4055-f5a2-466c-a911-bb8168157de6	8a23e469c315776043a099148a67107fc45d7c61	2273	3	125515	8.8404	125515	8.8384	4122	10.106	unclassified	chr16	24997038	25001237	11	4095	-	4283	4000	3782	84	199	218	60	0.990781	0.9455	0.883026	0
PBC68281_skip_005c8e05_8a23e469_75.pod5	3c4b7448-e348-4a91-9fcc-11e2f3c18e84	8a23e469c315776043a099148a67107fc45d7c61	1721	2	125420	40.1912	125420	40.0656	16089	29.9274	unclassified	chr21	9319436	9335461	6	16086	-	16290	15815	15133	265	210	682	16	0.999441	0.956876	0.928975	0
PBC68281_skip_005c8e05_8a23e469_75.pod5	7fcf84e3-56d3-4256-8ed9-6f10471f0e1b	8a23e469c315776043a099148a67107fc45d7c61	826	4	125474	42.6812	125475	42.4368	20782	25.0998	unclassified	chr3	134432244	134453042	0	20776	+	20827	20747	20705	29	51	42	60	0.999711	0.997976	0.994142	0
PBC68281_skip_005c8e05_8a23e469_75.pod5	2e5c2f4d-e421-4302-bd64-bbd506b96341	8a23e469c315776043a099148a67107fc45d7c61	2312	1	125458	51.0248	125458	50.8776	21019	23.0014	unclassified	chr15	62462511	62483527	7	21019	-	21071	20957	20886	55	59	71	60	0.999667	0.996612	0.99122	0
PBC68281_skip_005c8e05_8a23e469_75.pod5	b450ddfa-2bb7-4108-88f0-9d39393d4de5	8a23e469c315776043a099148a67107fc45d7c61	1372	1	125510	11.2212	125510	11.2192	4561	6.39239	unclassified	chr5	93277662	93282374	19	4526	-	4950	4269	3767	238	443	502	60	0.98816	0.882408	0.76101	0
PBC68281_skip_005c8e05_8a23e469_75.pod5	57106399-74fb-436f-94f6-b7562a110aab	8a23e469c315776043a099148a67107fc45d7c61	2322	1	125428	53.804	125428	53.7216	20156	14.1	unclassified	chr8	89284493	89303304	1355	20156	-	18870	18742	18671	59	69	71	60	0.932774	0.996212	0.989454	0
PBC68281_skip_005c8e05_8a23e469_75.pod5	caa3cdf5-57b8-48db-be68-a1986fce7dc2	8a23e469c315776043a099148a67107fc45d7c61	388	2	125412	79.2896	125412	79.2	33581	26.6919	unclassified	chr22	45688865	45722414	0	33572	+	33609	33512	33470	60	37	42	60	0.999732	0.998747	0.995864	0
PBC68281_skip_005c8e05_8a23e469_75.pod5	c67320c7-3d18-4fda-917d-5240cccd3183	8a23e469c315776043a099148a67107fc45d7c61	843	1	125487	29.324	125487	29.244	11973	30.0467	unclassified	chr6	85117292	85129253	5	11973	-	11978	11951	11928	17	10	23	60	0.999582	0.998075	0.995826	0
PBC68281_skip_005c8e05_8a23e469_75.pod5	9a86c311-fd29-4bba-8080-54221fe9f4e0	8a23e469c315776043a099148a67107fc45d7c61	2407	1	125458	53.7044	125458	53.5452	22384	27.008	unclassified	chr16	29156827	29179219	0	22378	+	22412	22358	22331	20	34	27	60	0.999732	0.998792	0.996386	0
PBC68281_skip_005c8e05_8a23e469_75.pod5	9bb08d01-dcf1-47c3-abc7-1ab239d0ec3c	8a23e469c315776043a099148a67107fc45d7c61	1721	2	125510	16.6184	125510	16.512	6527	20.5222	unclassified	chr14	69910160	69916689	6	6527	-	6545	6505	6479	16	24	26	60	0.999081	0.996003	0.989916	0
PBC68281_skip_005c8e05_8a23e469_75.pod5	ba70b18c-f9ef-4d11-896c-45dd29533223	8a23e469c315776043a099148a67107fc45d7c61	2115	1	125457	15.5444	125457	15.4548	6687	31.9862	unclassified	chr2	92559199	92566738	0	6682	+	7541	6680	6461	2	859	219	1	0.999252	0.967216	0.856783	0
PBC68281_skip_005c8e05_8a23e469_75.pod5	fdfc37c1-991e-42fc-8216-72aa3d7ee4f0	8a23e469c315776043a099148a67107fc45d7c61	2425	4	125492	28.7144	125492	28.6176	14440	24.3146	unclassified	chr12	62641024	62655471	0	14433	+	14465	14415	14382	18	32	33	60	0.999515	0.997711	0.994262	0
PBC68281_skip_005c8e05_8a23e469_75.pod5	8d241501-81c0-4ff7-b2e2-77a5ea6d9600	8a23e469c315776043a099148a67107fc45d7c61	1626	1	125516	9.35	125516	9.2292	4152	28.6756	unclassified	chr3	188579932	188584084	0	4152	+	4155	4149	4130	3	3	19	60	1	0.995421	0.993983	0
PBC68281_skip_005c8e05_8a23e469_75.pod5	8de24ce2-2f26-4f8c-8914-f63a9131c117	8a23e469c315776043a099148a67107fc45d7c61	2618	2	125524	2.6848	125524	2.6828	975	18.8104	unclassified	chr4	49148830	49149811	15	940	-	1001	905	795	20	76	110	1	0.948718	0.878453	0.794206	0
PBC68281_skip_005c8e05_8a23e469_75.pod5	3f506b77-f1a8-41e1-ae97-03bdfd3154a9	8a23e469c315776043a099148a67107fc45d7c61	1518	2	125498	16.677	125498	16.675	6539	19.1553	unclassified	chr10	126903559	126910061	7	6511	-	6529	6477	6408	27	25	69	60	0.994648	0.989347	0.981467	0
PBC68281_skip_005c8e05_8a23e469_75.pod5	151f9e7e-34c6-4263-84fc-4c2888e898aa	8a23e469c315776043a099148a67107fc45d7c61	344	4	125496	25.4458	125496	25.4438	9642	15.5859	unclassified	chr10	87468492	87478138	13	9603	-	9747	9489	9327	101	157	162	60	0.994607	0.982928	0.95691	0
PBC68281_skip_005c8e05_8a23e469_75.pod5	08199afd-c9db-444d-87d6-2b8d6044b3ec	8a23e469c315776043a099148a67107fc45d7c61	2461	3	125522	6.5172	125522	6.5152	2946	9.77694	unclassified	chr12	128678968	128681957	30	2936	+	3064	2831	2647	75	158	184	60	0.986422	0.935005	0.863903	0
PBC68281_skip_005c8e05_8a23e469_75.pod5	53e11ef3-a404-44d9-8b17-1ddeb1024794	8a23e469c315776043a099148a67107fc45d7c61	140	2	125516	6.9056	125516	6.8208	2900	23.788	unclassified	chr3	144262543	144265440	6	2900	-	2902	2889	2885	5	8	4	60	0.997931	0.998615	0.994142	0
PBC68281_skip_005c8e05_8a23e469_75.pod5	24264c98-eede-44f3-9d1b-874060a2ce4f	8a23e469c315776043a099148a67107fc45d7c61	1786	2	125508	17.8784	125508	17.76	7552	25.1981	unclassified	chr5	136836687	136844242	0	7547	+	7565	7537	7527	10	18	10	60	0.999338	0.998673	0.994977	0
PBC68281_skip_005c8e05_8a23e469_75.pod5	1d6547d6-190d-48ca-90e2-db1fdfd0fedf	8a23e469c315776043a099148a67107fc45d7c61	1551	2	125490	24.8068	125490	24.8048	10137	26.4397	unclassified	chr2	16366589	16376677	5	10103	-	10111	10075	10051	23	13	24	60	0.996153	0.997618	0.994066	0
PBC68281_skip_005c8e05_8a23e469_75.pod5	623627b3-13b5-420d-943c-a69c0cf96dfb	8a23e469c315776043a099148a67107fc45d7c61	1759	3	125470	43.1444	125470	43.1424	10292	10.8309	unclassified	chr11	120508442	120518882	41	10282	+	10685	9996	9554	245	444	442	60	0.995045	0.955782	0.894151	0
PBC68281_skip_005c8e05_8a23e469_75.pod5	f15a118e-3fcd-47c4-a000-bfb6b0b94926	8a23e469c315776043a099148a67107fc45d7c61	47	1	125486	35.3348	125487	35.1708	12062	27.6261	unclassified	chr5	31119537	31131597	0	12055	+	12074	12041	12025	14	19	16	60	0.99942	0.998671	0.995942	0
PBC68281_skip_005c8e05_8a23e469_75.pod5	d1e65113-da78-4383-946a-bfd0ee044887	8a23e469c315776043a099148a67107fc45d7c61	2462	4	125502	20.5088	125502	20.3808	9199	23.4617	unclassified	chr19	57698313	57707534	0	9194	+	9229	9186	9164	8	35	22	60	0.999456	0.997605	0.992957	0
PBC68281_skip_005c8e05_8a23e469_75.pod5	0ac3d4d9-320c-4da1-b52c-ec2c5616aadc	8a23e469c315776043a099148a67107fc45d7c61	934	4	125408	81.8612	125408	81.738	33657	29.0638	unclassified	chr16	35258073	35291731	6	33657	-	33681	33628	33593	23	30	35	60	0.999822	0.998959	0.997387	0
PBC68281_skip_005c8e05_8a23e469_75.pod5	f855f8b3-6d0e-43ec-84d8-a28ee7833fb1	8a23e469c315776043a099148a67107fc45d7c61	2116	2	125530	1.9038	125530	1.9018	484	3.62423	unclassified	*	-1	-1	-1	-1	*	0	0	0	0	0	0	0	0	0	0	0
PBC68281_skip_005c8e05_8a23e469_75.pod5	bc8a6fff-d16c-474e-8495-81cfd2577fd1	8a23e469c315776043a099148a67107fc45d7c61	826	4	125517	11.6624	125517	11.496	5946	25.0608	unclassified	chrX	3299380	3305318	4	5946	-	5951	5929	5926	13	9	3	60	0.999327	0.999494	0.995799	0
PBC68281_skip_005c8e05_8a23e469_75.pod5	f0735b92-0ca3-406b-8eb8-e4a0aa7a7a42	8a23e469c315776043a099148a67107fc45d7c61	1631	2	125444	68.21	125444	68.208	27336	17.394	unclassified	chr13	65225077	65252343	0	27298	-	27480	27084	26838	214	182	246	60	0.99861	0.990917	0.976638	0
PBC68281_skip_005c8e05_8a23e469_75.pod5	8f88442c-c1e1-4c50-9a4a-675eaa46044f	8a23e469c315776043a099148a67107fc45d7c61	922	4	125510	20.7788	125510	20.6316	7989	34.5155	unclassified	chr4	75265477	75273467	0	7989	+	7990	7989	7975	0	1	14	60	1	0.998248	0.998123	0
PBC68281_skip_005c8e05_8a23e469_75.pod5	0feba293-e3de-499f-8c93-646d1133ec8d	8a23e469c315776043a099148a67107fc45d7c61	2612	1	125502	22.3734	125502	22.3714	10425	27.9358	unclassified	chr8	92762423	92772810	24	10418	+	10402	10379	10370	15	8	9	60	0.997026	0.999133	0.996924	0
PBC68281_skip_005c8e05_8a23e469_75.pod5	d082157f-4a68-4794-bf95-d4b10490e26f	8a23e469c315776043a099148a67107fc45d7c61	845	4	125515	15.3656	125515	15.168	6859	22.1993	unclassified	chr10	16653085	16659688	0	6581	+	6614	6570	6545	11	33	25	60	0.959469	0.996195	0.989568	0
PBC68281_skip_005c8e05_8a23e469_75.pod5	e1cdacb3-93c0-4732-80f9-3f6d3531e039	8a23e469c315776043a099148a67107fc45d7c61	421	4	125523	9.1412	125523	9.0672	3875	24.9422	unclassified	chr1	196355624	196359494	0	3870	+	3875	3865	3860	5	5	5	60	0.99871	0.998706	0.996129	0
PBC68281_skip_005c8e05_8a23e469_75.pod5	44a19de8-8fac-4118-b5c8-5c1acb32c07c	8a23e469c315776043a099148a67107fc45d7c61	2322	1	125516	13.2008	125516	13.0824	6089	22.0599	unclassified	chr16	1307583	1313727	0	6083	+	6159	6068	6051	15	76	17	60	0.999015	0.997198	0.982465	0
PBC68281_skip_005c8e05_8a23e469_75.pod5	b7878bfe-28b1-4222-b9e4-e3f3ea2ea8f6	8a23e469c315776043a099148a67107fc45d7c61	2072	4	125508	13.8464	125508	13.6968	6127	27.6416	unclassified	chr7	65022297	65028437	0	6127	-	6145	6122	6103	5	18	19	60	1	0.996896	0.993165	0
PBC68281_skip_005c8e05_8a23e469_75.pod5	62bd89f2-ef3e-48c7-9f17-1ce6033820ed	8a23e469c315776043a099148a67107fc45d7c61	964	4	125516	11.5688	125516	11.4576	4961	23.4632	unclassified	chr1	509569	514529	0	4954	+	4964	4950	4943	4	10	7	42	0.998589	0.998586	0.99577	0
PBC68281_skip_005c8e05_8a23e469_75.pod5	750d7f5a-9858-48e9-8113-c3ccbeb9144a	8a23e469c315776043a099148a67107fc45d7c61	2042	4	125511	16.2158	125511	16.2138	3746	22.74	unclassified	chrX	20423617	20427317	7	3712	-	3711	3694	3684	11	6	10	60	0.989055	0.997293	0.992724	0
PBC68281_skip_005c8e05_8a23e469_75.pod5	be282f1a-d80c-4793-ba58-b2912358a12e	8a23e469c315776043a099148a67107fc45d7c61	841	4	125496	31.6868	125496	31.5108	12291	25.341	unclassified	chr8	18275424	18287718	5	12291	-	12338	12242	12188	44	52	54	60	0.999593	0.995589	0.987842	0
PBC68281_skip_005c8e05_8a23e469_75.pod5	5c187df5-9aed-4ad6-8a38-5a286d93be0a	8a23e469c315776043a099148a67107fc45d7c61	2618	2	125527	6.0916	125527	6.0896	2437	21.4998	unclassified	chr4	49147053	49149648	7	2435	-	2711	2312	2053	116	283	259	1	0.996307	0.887976	0.757285	0
PBC68281_skip_005c8e05_8a23e469_75.pod5	301eea4a-2d39-4e19-97aa-fcd4fa756999	8a23e469c315776043a099148a67107fc45d7c61	421	4	125461	58.8692	125461	58.7676	25686	21.5482	unclassified	chr13	103721122	103746818	0	25686	+	25799	25583	25466	103	113	117	60	1	0.995427	0.987092	0
PBC68281_skip_005c8e05_8a23e469_75.pod5	e82c88ef-eb4a-48b3-81ef-ea4bac5bc280	8a23e469c315776043a099148a67107fc45d7c61	2635	2	125513	20.2244	125513	20.1564	7836	30.0105	unclassified	chr17	6952671	6960505	0	7830	+	7836	7828	7818	2	6	10	60	0.999234	0.998723	0.997703	0
PBC68281_skip_005c8e05_8a23e469_75.pod5	7d124c01-9132-41f6-a97b-e71c1ea8770a	8a23e469c315776043a099148a67107fc45d7c61	420	4	125509	23.4512	125509	23.3256	9346	30.8183	unclassified	chr18	11960546	11966360	3535	9339	+	5826	5792	5776	12	22	16	60	0.621014	0.997238	0.991418	0
PBC68281_skip_005c8e05_8a23e469_75.pod5	8cfcdc9a-21e9-4b5e-aec2-caa8fc5995e3	8a23e469c315776043a099148a67107fc45d7c61	2866	2	125508	24.8212	125508	24.8192	9466	11.5312	unclassified	chr6	64759484	64768985	5	9417	-	9695	9218	8877	194	283	341	60	0.994295	0.963007	0.915627	0
PBC68281_skip_005c8e05_8a23e469_75.pod5	c23456cc-e7e1-4ede-8c4c-29092fb1e904	8a23e469c315776043a099148a67107fc45d7c61	2532	4	125418	74.5014	125418	74.4994	31385	31.7757	unclassified	chr13	17758701	17780283	8823	31356	-	23505	20610	19333	1923	972	1277	14	0.717954	0.93804	0.822506	0
PBC68281_skip_005c8e05_8a23e469_75.pod5	57efa46d-04f3-466c-a345-8565c98051ed	8a23e469c315776043a099148a67107fc45d7c61	2127	1	125504	23.9968	125504	23.9948	10219	24.8254	unclassified	chr8	143191531	143201714	32	10213	+	10202	10162	10131	19	21	31	60	0.996281	0.996949	0.993041	0
PBC68281_skip_005c8e05_8a23e469_75.pod5	6636f843-229a-4cd0-adb4-e8cbb725e786	8a23e469c315776043a099148a67107fc45d7c61	1413	2	125513	18.35	125513	18.1692	7844	28.3021	unclassified	chr5	73470585	73478414	0	7837	+	7845	7821	7812	16	8	9	60	0.999108	0.998849	0.995794	0
PBC68281_skip_005c8e05_8a23e469_75.pod5	7174fb23-9e63-4d06-9750-142d80104d98	8a23e469c315776043a099148a67107fc45d7c61	1698	2	125524	11.0624	125524	10.9632	3882	28.463	unclassified	chr12	50236124	50240008	0	3882	+	3891	3875	3871	7	9	4	60	1	0.998968	0.99486	0
PBC68281_skip_005c8e05_8a23e469_75.pod5	5905dd90-9d02-4b09-810e-6a3becd7e289	8a23e469c315776043a099148a67107fc45d7c61	1875	3	125587	5.9598	125587	5.9578	1444	3.3836	unclassified	*	-1	-1	-1	-1	*	0	0	0	0	0	0	0	0	0	0	0
PBC68281_skip_005c8e05_8a23e469_75.pod5	ef306343-efdc-47d1-85e4-1ad491e45aa6	8a23e469c315776043a099148a67107fc45d7c61	29	4	125575	12.7116	125575	12.7096	4345	27.6818	unclassified	chr12	108953143	108957451	35	4340	+	4313	4300	4289	5	8	11	60	0.990794	0.997442	0.994435	0
PBC68281_skip_005c8e05_8a23e469_75.pod5	1efdebfe-6dcb-4719-ac4e-cedcd6f63991	8a23e469c315776043a099148a67107fc45d7c61	1578	3	125582	7.454	125582	7.3404	3297	27.9336	unclassified	chr12	88288471	88291763	0	3291	+	3294	3289	3285	2	3	4	60	0.99818	0.998784	0.997268	0
PBC68281_skip_005c8e05_8a23e469_75.pod5	122e8cc6-0a01-44c0-922e-ea55116b8a61	8a23e469c315776043a099148a67107fc45d7c61	2189	4	125506	24.7616	125506	24.6672	12488	25.3613	unclassified	chr10	127177825	127190334	9	12487	-	12521	12466	12436	12	43	30	60	0.999199	0.997593	0.993211	0
PBC68281_skip_005c8e05_8a23e469_75.pod5	576bf570-8b6a-446f-b334-3cc695214266	8a23e469c315776043a099148a67107fc45d7c61	1963	3	125515	17.9404	125515	17.9384	7600	22.9817	unclassified	chr21	9820300	9827824	8	7570	-	7634	7452	6697	110	72	755	1	0.995	0.898685	0.87726	0
PBC68281_skip_005c8e05_8a23e469_75.pod5	71a85cbb-0135-4be3-922c-dd45d14cf4df	8a23e469c315776043a099148a67107fc45d7c61	2116	2	125593	1.2874	125593	1.2854	310	3.35729	unclassified	*	-1	-1	-1	-1	*	0	0	0	0	0	0	0	0	0	0	0
PBC68281_skip_005c8e05_8a23e469_75.pod5	fcd6dbd2-344c-4a6f-b2e4-c8c62f73a940	8a23e469c315776043a099148a67107fc45d7c61	2215	3	125365	111.884	125365	111.882	47393	20.986	unclassified	chr12	92234588	92281927	29	47386	+	47568	47128	46849	229	211	279	60	0.99924	0.99408	0.984885	0
PBC68281_skip_005c8e05_8a23e469_75.pod5	577591ac-8e10-4bd8-b9fb-c84ea7e6aa85	8a23e469c315776043a099148a67107fc45d7c61	1288	3	125509	19.4216	125509	19.2408	8946	26.2989	unclassified	chr19	45211269	45220212	0	8940	+	8957	8926	8919	14	17	7	60	0.999329	0.999216	0.995758	0
PBC68281_skip_005c8e05_8a23e469_75.pod5	a1daf6b1-1f55-45a1-a904-4d5f2a77085e	8a23e469c315776043a099148a67107fc45d7c61	2116	2	125595	2.4184	125595	2.4164	475	3.00101	unclassified	*	-1	-1	-1	-1	*	0	0	0	0	0	0	0	0	0	0	0
PBC68281_skip_005c8e05_8a23e469_75.pod5	6b974219-b389-4ca7-8b4f-b808f8209710	8a23e469c315776043a099148a67107fc45d7c61	1279	2	125520	17.145	125520	17.143	7203	28.2011	unclassified	chr4	159837204	159844376	0	7163	-	7181	7154	7125	9	18	29	60	0.994447	0.995946	0.992202	0
PBC68281_skip_005c8e05_8a23e469_75.pod5	8bc07281-d5b3-408f-bc17-7b5be846cb68	8a23e469c315776043a099148a67107fc45d7c61	2312	1	125511	23.6396	125511	23.5068	9138	21.7614	unclassified	chr10	120259368	120268483	0	9129	+	9148	9096	9058	33	19	38	60	0.999015	0.995822	0.990162	0
PBC68281_skip_005c8e05_8a23e469_75.pod5	9f218ed7-6685-4fdb-973e-298f8f73e4be	8a23e469c315776043a099148a67107fc45d7c61	658	4	125472	57.9404	125472	57.8052	12546	29.2609	unclassified	chr3	334076	346638	0	12546	-	12566	12542	12503	4	20	39	60	1	0.99689	0.994986	0
PBC68281_skip_005c8e05_8a23e469_75.pod5	50b5bbb1-81a9-4645-ab6e-a628a4ec6f24	8a23e469c315776043a099148a67107fc45d7c61	1631	2	125527	9.934	125527	9.932	4388	16.7072	unclassified	chr6	28238982	28243338	39	4378	+	4381	4314	4259	25	42	55	60	0.988833	0.987251	0.972152	0
PBC68281_skip_005c8e05_8a23e469_75.pod5	13eea7ad-8eab-40bb-bb30-b25b6aa60cc8	8a23e469c315776043a099148a67107fc45d7c61	861	4	125490	37.6988	125490	37.5396	15948	24.6436	unclassified	chr7	22711086	22727037	0	15940	+	15967	15924	15887	16	27	37	60	0.999498	0.997676	0.99499	0
PBC68281_skip_005c8e05_8a23e469_75.pod5	eeca0a4d-6237-4182-9704-4b0b4a45b399	8a23e469c315776043a099148a67107fc45d7c61	356	1	125567	20.568	125567	20.566	7931	25.6758	unclassified	chr9	42836135	42844031	37	7924	+	7905	7878	7862	9	18	16	60	0.994452	0.997969	0.99456	0
PBC68281_skip_005c8e05_8a23e469_75.pod5	60df1ed1-6760-49ca-8d97-aec27b1ebf1d	8a23e469c315776043a099148a67107fc45d7c61	2635	2	125442	70.7684	125442	70.6428	27530	29.3387	unclassified	chr11	30624799	30652307	0	27530	-	27560	27478	27459	52	30	19	60	1	0.999309	0.996335	0
PBC68281_skip_005c8e05_8a23e469_75.pod5	04b9d016-d744-4118-bdbe-dd5c4f561131	8a23e469c315776043a099148a67107fc45d7c61	1373	4	125516	20.012	125516	19.92	8831	25.2124	unclassified	chr11	41271354	41280172	0	8822	+	8833	8807	8789	15	11	18	60	0.998981	0.997956	0.995019	0
PBC68281_skip_005c8e05_8a23e469_75.pod5	c7997bd1-ace6-4213-b0cf-6a76c1648a4f	8a23e469c315776043a099148a67107fc45d7c61	2436	1	125591	4.5392	125591	4.5372	1161	2.49267	unclassified	*	-1	-1	-1	-1	*	0	0	0	0	0	0	0	0	0	0	0
PBC68281_skip_005c8e05_8a23e469_75.pod5	1d9f8a45-ff3d-44e8-aee3-b1c41b9fe910	8a23e469c315776043a099148a67107fc45d7c61	1015	3	125527	11.9092	125527	11.9072	5295	23.9238	unclassified	chrX	153176373	153181633	28	5287	+	5272	5247	5227	12	13	20	60	0.993201	0.996188	0.991464	0
PBC68281_skip_005c8e05_8a23e469_75.pod5	862cb43f-1e8d-4129-8798-475a46657bb8	8a23e469c315776043a099148a67107fc45d7c61	1640	1	125575	13.4984	125575	13.3752	5364	34.475	unclassified	chrX	149747479	149752835	7	5364	-	5357	5356	5354	1	0	2	60	0.998695	0.999627	0.99944	0
PBC68281_skip_005c8e05_8a23e469_75.pod5	1d8908e7-b603-4fad-9d7b-17318979839e	8a23e469c315776043a099148a67107fc45d7c61	1959	2	125505	30.104	125505	29.9712	11944	31.9572	unclassified	chrX	126483340	126494925	5	11944	-	11945	11579	11570	360	6	9	60	0.999581	0.999223	0.968606	0
PBC68281_skip_005c8e05_8a23e469_75.pod5	2fe5a460-60cd-4f4f-8970-f0bdd1c94f8b	8a23e469c315776043a099148a67107fc45d7c61	1641	4	125517	21.3294	125517	21.3274	6311	20.1205	unclassified	chr14	87899030	87905324	33	6306	+	6307	6260	6219	13	34	41	60	0.993979	0.99345	0.986047	0
PBC68281_skip_005c8e05_8a23e469_75.pod5	7addc0ea-2644-4ccd-bfc9-3e12d1954afe	8a23e469c315776043a099148a67107fc45d7c61	2215	3	125482	46.0262	125482	46.0242	18892	19.5941	unclassified	chr1	178346721	178365624	0	18863	-	18974	18792	18667	71	111	125	60	0.998465	0.993348	0.98382	0
PBC68281_skip_005c8e05_8a23e469_75.pod5	569b0e9e-ada7-4c9e-8368-e6e5ef44e1ad	8a23e469c315776043a099148a67107fc45d7c61	1473	4	125514	20.2464	125514	20.2444	9212	10.1461	unclassified	chr2	87163368	87172823	39	9197	+	9649	8964	8447	194	491	517	56	0.994138	0.942325	0.875427	0
PBC68281_skip_005c8e05_8a23e469_75.pod5	e63e9284-0233-4e12-9ed8-f4614785d120	8a23e469c315776043a099148a67107fc45d7c61	2618	2	125483	41.1384	125483	41.1364	18687	6.5178	unclassified	chr5	107698844	107717385	46	18679	+	19888	17286	14932	1347	1255	2354	60	0.99711	0.86382	0.750804	0
PBC68281_skip_005c8e05_8a23e469_75.pod5	c78265ba-601b-4563-b981-a92f8e819305	8a23e469c315776043a099148a67107fc45d7c61	388	2	125579	14.426	125579	14.334	6145	27.0236	unclassified	chr11	97533287	97539432	0	6136	+	6159	6122	6112	14	23	10	60	0.998535	0.998367	0.992369	0
PBC68281_skip_005c8e05_8a23e469_75.pod5	c3d0e372-b03c-491f-a4d7-c1947e8a2e77	8a23e469c315776043a099148a67107fc45d7c61	2866	2	125572	22.1822	125572	22.1802	8687	12.0506	unclassified	chr1	186645207	186653958	13	8656	-	8924	8470	8182	173	281	288	60	0.994935	0.965998	0.916853	0
PBC68281_skip_005c8e05_8a23e469_75.pod5	fc0913b0-8438-4887-9055-a367ab11306f	8a23e469c315776043a099148a67107fc45d7c61	1473	4	125579	18.0938	125579	18.0918	5630	8.68855	unclassified	chr5	64831196	64836697	6	5437	-	5763	5169	4806	262	332	363	60	0.964654	0.929774	0.833941	0
PBC68281_skip_005c8e05_8a23e469_75.pod5	f02d89c7-1403-4a3b-be51-cb1450c6bbb7	8a23e469c315776043a099148a67107fc45d7c61	877	4	125497	9.9336	125497	9.9316	4288	22.5195	unclassified	chr18	28426329	28430588	0	4253	-	4270	4242	4224	11	17	18	60	0.991838	0.995757	0.989227	0
PBC68281_skip_005c8e05_8a23e469_75.pod5	e97a70e3-70be-48c9-8ce7-5d7034fae4f4	8a23e469c315776043a099148a67107fc45d7c61	728	2	125516	22.9124	125516	22.7208	9148	27.8617	unclassified	chrX	101444414	101453551	0	9148	+	9165	9120	9105	28	17	15	60	1	0.998355	0.993453	0
PBC68281_skip_005c8e05_8a23e469_75.pod5	ca1087c4-c5e9-49e9-b0aa-763766730fb8	8a23e469c315776043a099148a67107fc45d7c61	2654	4	125508	26.1524	125508	26.0292	10556	29.4673	unclassified	chr7	33737432	33747986	0	10550	+	10559	10545	10523	5	9	22	60	0.999432	0.997914	0.996591	0
PBC68281_skip_005c8e05_8a23e469_75.pod5	110da4ce-449f-48ee-8cfc-ed84c1b3bb9f	8a23e469c315776043a099148a67107fc45d7c61	1805	4	125510	29.1464	125510	29.016	10783	14.0306	unclassified	chr1	246767541	246778430	5	10781	-	10998	10667	10422	109	222	245	60	0.999351	0.977032	0.947627	0
PBC68281_skip_005c8e05_8a23e469_75.pod5	e7395a09-5a71-46b4-83ac-31b43bc35fdf	8a23e469c315776043a099148a67107fc45d7c61	888	4	125447	75.7208	125447	75.624	29427	21.6826	unclassified	chr9	74043584	74072978	5	29427	-	29549	29267	29091	155	127	176	60	0.99983	0.993986	0.9845	0
PBC68281_skip_005c8e05_8a23e469_75.pod5	fd40ebbd-6679-4fbf-8730-7deec9eb89a0	8a23e469c315776043a099148a67107fc45d7c61	1110	4	125454	69.6456	125454	69.6436	29733	27.5785	unclassified	chr14	25971748	26001399	39	29723	+	29725	29610	29544	74	41	66	60	0.998352	0.997771	0.993911	0
PBC68281_skip_005c8e05_8a23e469_75.pod5	45415928-d5d7-4515-baac-1df9fc721345	8a23e469c315776043a099148a67107fc45d7c61	434	4	125514	25.7612	125515	25.6644	16051	22.761	unclassified	chr5	64805877	64821911	0	16041	+	16087	15988	15917	53	46	71	60	0.999377	0.995559	0.989432	0
PBC68281_skip_005c8e05_8a23e469_75.pod5	716863fd-fbad-4917-8490-9c3493f593d4	8a23e469c315776043a099148a67107fc45d7c61	2461	3	125589	9.396	125589	9.394	3699	10.493	unclassified	chr2	224314124	224317853	36	3699	+	3811	3581	3401	82	148	180	60	0.990268	0.949735	0.892417	0
PBC68281_skip_005c8e05_8a23e469_75.pod5	f99a7656-faf3-4a9e-a2e2-ef697d869715	8a23e469c315776043a099148a67107fc45d7c61	861	4	125583	9.5024	125583	9.3552	4115	25.5167	unclassified	chr11	73373496	73377607	7	4115	-	4114	4105	4100	3	6	5	60	0.998299	0.998782	0.996597	0
PBC68281_skip_005c8e05_8a23e469_75.pod5	3379281d-e187-4dfa-bde0-0182530151a0	8a23e469c315776043a099148a67107fc45d7c61	1576	3	125516	23.0432	125516	22.9536	6946	14.6911	unclassified	chr12	101446666	101452498	0	5836	+	5850	5818	5796	18	14	22	60	0.840196	0.996219	0.990769	0
PBC68281_skip_005c8e05_8a23e469_75.pod5	0af4694c-48a7-4457-a0b3-81341878e834	8a23e469c315776043a099148a67107fc45d7c61	2625	1	125533	9.156	125533	9.154	2018	2.5531	unclassified	*	-1	-1	-1	-1	*	0	0	0	0	0	0	0	0	0	0	0
PBC68281_skip_005c8e05_8a23e469_75.pod5	13128694-f4c4-4c0d-a517-0c8806727eca	8a23e469c315776043a099148a67107fc45d7c61	343	2	125510	26.9804	125510	26.8812	11748	26.1331	unclassified	chr9	1461963	1473709	0	11739	+	11760	11725	11707	14	21	18	60	0.999234	0.998465	0.995493	0
PBC68281_skip_005c8e05_8a23e469_75.pod5	d7d9fcf0-9cbd-480a-8649-2c7d91a4b6b6	8a23e469c315776043a099148a67107fc45d7c61	2823	3	125507	33.3392	125507	33.228	13272	29.0924	unclassified	chrX	1224264	1237922	9	13272	-	13705	13216	13115	47	442	101	60	0.999322	0.992358	0.95695	0
PBC68281_skip_005c8e05_8a23e469_75.pod5	6c928f83-b160-41ce-a1f9-9d1f0ee0766f	8a23e469c315776043a099148a67107fc45d7c61	1142	3	125534	7.2114	125534	7.2094	2249	4.38191	unclassified	*	-1	-1	-1	-1	*	0	0	0	0	0	0	0	0	0	0	0
PBC68281_skip_005c8e05_8a23e469_75.pod5	8c8d58c6-eec4-4272-aafb-64ad41cef58f	8a23e469c315776043a099148a67107fc45d7c61	1698	2	125535	7.6614	125535	7.6594	3387	25.8733	unclassified	chr4	59356352	59359711	5	3359	-	3362	3351	3348	3	8	3	60	0.990257	0.999105	0.995836	0
PBC68281_skip_005c8e05_8a23e469_75.pod5	01f319ea-7d60-49e8-b659-41c0bd191bcf	8a23e469c315776043a099148a67107fc45d7c61	658	4	125534	10.6232	125535	10.4112	2991	27.0998	unclassified	chr8	121097807	121100807	0	2991	+	3003	2988	2976	3	12	12	60	1	0.995984	0.991009	0
PBC68281_skip_005c8e05_8a23e469_75.pod5	7532e1de-b895-4f10-b10f-ab09efa1500e	8a23e469c315776043a099148a67107fc45d7c61	326	3	125515	22.7216	125516	22.5456	7871	25.3003	unclassified	chr19	41295092	41302956	6	7871	-	7877	7852	7845	13	12	7	60	0.999238	0.999108	0.995938	0
PBC68281_skip_005c8e05_8a23e469_75.pod5	650be212-a702-4386-97dc-0d6acdf48756	8a23e469c315776043a099148a67107fc45d7c61	78	2	125515	25.7236	125515	25.7216	10873	28.8175	unclassified	chr7	153806091	153816929	32	10870	+	10844	10832	10823	6	6	9	60	0.996781	0.999169	0.998063	0
PBC68281_skip_005c8e05_8a23e469_75.pod5	d6a9ae86-dcce-44fc-925a-21c18cb69d6a	8a23e469c315776043a099148a67107fc45d7c61	614	2	125511	29.0192	125511	28.9152	12636	23.5472	unclassified	chr5	98041137	98053755	0	12630	+	12645	12603	12582	27	15	21	60	0.999525	0.998334	0.995018	0
PBC68281_skip_005c8e05_8a23e469_75.pod5	e0f0d35b-b5c0-4d65-8ac2-d255d126d418	8a23e469c315776043a099148a67107fc45d7c61	1578	3	125500	37.3172	125501	37.2252	16830	26.9049	unclassified	chr1	247018715	247035561	7	16830	-	16857	16812	16798	11	34	14	60	0.999584	0.999167	0.9965	0
PBC68281_skip_005c8e05_8a23e469_75.pod5	53f58a25-edc6-4a3e-be58-6b23aff7ddec	8a23e469c315776043a099148a67107fc45d7c61	1884	1	125430	84.9488	125431	84.8124	34395	16.6779	unclassified	chr21	8552846	8584815	0	31940	+	32031	31878	31784	62	91	94	49	0.928623	0.997051	0.992289	0
PBC68281_skip_005c8e05_8a23e469_75.pod5	79f466ff-8b77-4e0e-8f81-89c49cd18ba3	8a23e469c315776043a099148a67107fc45d7c61	2208	4	125503	37.8308	125503	37.698	14334	26.5027	unclassified	chr7	141262392	141276721	0	14329	+	14349	14309	14285	20	20	24	60	0.999651	0.998323	0.99554	0
PBC68281_skip_005c8e05_8a23e469_75.pod5	c4a62874-2ce8-4215-bc05-4521362325f3	8a23e469c315776043a099148a67107fc45d7c61	2465	2	125526	13.856	125526	13.716	5469	27.5949	unclassified	chr9	25411885	25417356	9	5469	-	5473	5458	5442	2	13	16	60	0.998354	0.997069	0.994336	0
PBC68281_skip_005c8e05_8a23e469_75.pod5	0b3f7bca-a83b-4e12-9ee9-7826f81d0b32	8a23e469c315776043a099148a67107fc45d7c61	1626	1	125534	10.9016	125534	10.7688	4904	27.1212	unclassified	chr21	25091174	25096072	0	4904	-	4906	4896	4889	8	2	7	60	1	0.99857	0.996535	0
PBC68281_skip_005c8e05_8a23e469_75.pod5	a14c8b22-74aa-4569-a0dc-630c6db642d7	8a23e469c315776043a099148a67107fc45d7c61	1950	1	125533	10.3784	125533	10.2816	3156	23.598	unclassified	chr21	8405522	8408680	5	3156	-	3191	3118	3108	33	40	10	0	0.998416	0.996793	0.973989	0
PBC68281_skip_005c8e05_8a23e469_75.pod5	31349545-7991-4da4-8677-e2469fe2a561	8a23e469c315776043a099148a67107fc45d7c61	2116	2	125542	6.4936	125542	6.4916	1614	3.25441	unclassified	*	-1	-1	-1	-1	*	0	0	0	0	0	0	0	0	0	0	0
PBC68281_skip_005c8e05_8a23e469_75.pod5	ef0ad63c-50bf-41f4-ac77-db58cccf3615	8a23e469c315776043a099148a67107fc45d7c61	563	1	125541	4.5424	125541	4.5404	1063	3.57738	unclassified	*	-1	-1	-1	-1	*	0	0	0	0	0	0	0	0	0	0	0
PBC68281_skip_005c8e05_8a23e469_75.pod5	99d5aa98-b96d-4884-bda6-f1257b60272d	8a23e469c315776043a099148a67107fc45d7c61	691	4	125523	17.5604	125523	17.4276	7887	23.8245	unclassified	chr11	98495986	98503889	0	7887	-	7913	7877	7858	10	26	19	60	1	0.997588	0.993049	0
PBC68281_skip_005c8e05_8a23e469_75.pod5	974ece3e-7bac-4f83-ad74-c3a8a0e248d4	8a23e469c315776043a099148a67107fc45d7c61	2866	2	125545	1.2946	125545	1.2926	458	12.7026	unclassified	chr10	118009169	118009598	23	450	+	438	418	405	9	11	13	60	0.932314	0.9689	0.924658	0
PBC68281_skip_005c8e05_8a23e469_75.pod5	3215b3b8-d0fc-4c63-8fa6-31b1b6d634dc	8a23e469c315776043a099148a67107fc45d7c61	2640	4	125521	23.5028	125521	23.3844	12891	23.8872	unclassified	chr12	17903823	17916728	9	12891	-	12921	12866	12832	16	39	34	60	0.999302	0.997357	0.993112	0
PBC68281_skip_005c8e05_8a23e469_75.pod5	7ae6031f-a813-49ca-bb71-87ad100712f8	8a23e469c315776043a099148a67107fc45d7c61	2620	2	125511	30.2638	125511	30.2618	9999	8.03915	unclassified	chr3	186875720	186886142	35	9942	+	10751	9578	8796	329	844	782	60	0.990799	0.918355	0.818156	0
PBC68281_skip_005c8e05_8a23e469_75.pod5	be2e263b-97af-4a32-ac2f-f5af627bbd15	8a23e469c315776043a099148a67107fc45d7c61	1866	3	125546	2.9444	125546	2.9424	854	2.98302	unclassified	*	-1	-1	-1	-1	*	0	0	0	0	0	0	0	0	0	0	0
PBC68281_skip_005c8e05_8a23e469_75.pod5	ef940835-b5d8-436e-bb42-071fa52ad735	8a23e469c315776043a099148a67107fc45d7c61	1208	3	125524	17.4554	125524	17.4534	6562	11.5373	unclassified	chr2	222530243	222536851	14	6530	-	6716	6408	6184	108	200	224	60	0.99299	0.965044	0.920786	0
PBC68281_skip_005c8e05_8a23e469_75.pod5	33461de0-018f-4b2f-9511-efe533ad11e3	8a23e469c315776043a099148a67107fc45d7c61	2297	3	125508	33.3968	125508	33.2256	12769	23.3607	unclassified	chr14	98356903	98369695	6	12769	-	12818	12737	12692	26	55	45	60	0.99953	0.996467	0.99017	0
PBC68281_skip_005c8e05_8a23e469_75.pod5	84fe38a5-981d-48b2-9e56-eecba2361548	8a23e469c315776043a099148a67107fc45d7c61	905	2	125518	22.9556	125518	22.8612	9644	28.5503	unclassified	chr1	175218358	175227990	6	9644	-	9654	9616	9597	22	16	19	60	0.999378	0.998024	0.994096	0
PBC68281_skip_005c8e05_8a23e469_75.pod5	63e434ae-8bf7-4c5e-bb31-57f616b00c1b	8a23e469c315776043a099148a67107fc45d7c61	1959	2	125541	5.2748	125541	5.166	2101	27.296	unclassified	chr17	75774447	75776536	0	2088	+	2089	2088	2085	0	1	3	60	0.993812	0.998563	0.998085	0
PBC68281_skip_005c8e05_8a23e469_75.pod5	28ab81c7-c426-413e-99a4-60f6b50e7725	8a23e469c315776043a099148a67107fc45d7c61	1192	2	125522	20.5412	125522	20.4156	8338	32.8151	unclassified	chr13	65808185	65816509	10	8338	-	8331	8321	8313	7	3	8	60	0.998801	0.999039	0.997839	0
PBC68281_skip_005c8e05_8a23e469_75.pod5	e745f073-fcbc-4cd9-845f-3f06008c492c	8a23e469c315776043a099148a67107fc45d7c61	598	4	125524	23.0228	125524	22.866	7539	21.7897	unclassified	chr20	16252128	16259320	9	7115	-	7241	7057	6909	49	135	148	60	0.942565	0.979028	0.95415	0
PBC68281_skip_005c8e05_8a23e469_75.pod5	5072afb5-6e6b-49c9-bac4-228d2d1c4d93	8a23e469c315776043a099148a67107fc45d7c61	2600	4	125510	21.7256	125510	21.6156	9436	28.2116	unclassified	chr7	94534223	94543664	5	9433	-	9446	9423	9414	5	18	9	60	0.999152	0.999045	0.996612	0
PBC68281_skip_005c8e05_8a23e469_75.pod5	259db69e-0b2c-4f25-b6b7-c27eb1454884	8a23e469c315776043a099148a67107fc45d7c61	1288	3	125529	16.6724	125529	16.5564	7882	24.3718	unclassified	chr17	57312003	57319900	6	7882	-	7913	7860	7843	16	37	17	60	0.999239	0.997837	0.991154	0
PBC68281_skip_005c8e05_8a23e469_75.pod5	da3373bb-09fa-4283-8037-3c84594c0255	8a23e469c315776043a099148a67107fc45d7c61	2670	4	125465	66.7352	125465	66.648	30361	24.8294	unclassified	chr5	131865202	131895603	6	30361	-	30436	30320	30255	35	81	65	60	0.999802	0.997856	0.994053	0
PBC68281_skip_005c8e05_8a23e469_75.pod5	67963277-3026-4150-a332-8bef8cb1be47	8a23e469c315776043a099148a67107fc45d7c61	2442	4	125547	1.9822	125547	1.9802	884	22.6731	unclassified	chr6	54978105	54978956	32	884	+	857	846	839	6	5	7	60	0.963801	0.991726	0.978997	0
PBC68281_skip_005c8e05_8a23e469_75.pod5	a2afb4b4-0613-42ef-9dbc-e4fea3d08bb8	8a23e469c315776043a099148a67107fc45d7c61	1402	4	125494	45.4256	125494	45.288	18289	17.5348	unclassified	chr15	58045460	58063335	0	17845	+	17899	17821	17773	24	54	48	60	0.975723	0.997307	0.992961	0
PBC68281_skip_005c8e05_8a23e469_75.pod5	3ca4ab38-e769-4218-b7f7-102a6ccc79fb	8a23e469c315776043a099148a67107fc45d7c61	1575	4	125514	30.6428	125514	30.4644	8898	29.8983	unclassified	chr2	121081022	121089921	0	8891	+	8908	8882	8866	9	17	16	60	0.999213	0.998199	0.995285	0
PBC68281_skip_005c8e05_8a23e469_75.pod5	dc278d3c-ef5b-4a5b-b323-169f722c6293	8a23e469c315776043a099148a67107fc45d7c61	1963	3	125541	6.9056	125542	6.7728	2887	36.0806	unclassified	chr3	125892787	125895673	0	2887	-	2888	2885	2883	2	1	2	60	1	0.999307	0.998269	0
PBC68281_skip_005c8e05_8a23e469_75.pod5	5821ffc1-c616-4d1d-887b-e5b744298508	8a23e469c315776043a099148a67107fc45d7c61	2462	4	125542	6.1306	125542	6.1286	3538	22.5015	unclassified	chr2	82270357	82273851	36	3532	+	3499	3491	3481	5	3	10	60	0.988129	0.997136	0.994856	0
PBC68281_skip_005c8e05_8a23e469_75.pod5	353467b3-e2f4-4684-b93a-8dd675d67b19	8a23e469c315776043a099148a67107fc45d7c61	2600	4	125533	16.1504	125533	16.0452	6932	39.0649	unclassified	chr7	95381130	95388056	0	6925	+	6926	6925	6920	0	1	5	60	0.99899	0.999278	0.999134	0
PBC68281_skip_005c8e05_8a23e469_75.pod5	56a68cdc-eb5a-4e14-8116-89735257251c	8a23e469c315776043a099148a67107fc45d7c61	2462	4	125527	14.0722	125527	14.0702	6758	23.0706	unclassified	chr10	6042206	6048927	8	6727	-	6738	6702	6678	17	19	24	60	0.994229	0.996419	0.991095	0
PBC68281_skip_005c8e05_8a23e469_75.pod5	44102641-efff-465d-aba7-751ffb29d10c	8a23e469c315776043a099148a67107fc45d7c61	2625	1	125542	6.82	125542	6.818	1333	2.34385	unclassified	*	-1	-1	-1	-1	*	0	0	0	0	0	0	0	0	0	0	0
PBC68281_skip_005c8e05_8a23e469_75.pod5	b536850d-1380-4cfe-8363-b50d21ae2b42	8a23e469c315776043a099148a67107fc45d7c61	1551	2	125514	31.31	125515	31.2324	13029	27.8664	unclassified	chr1	176569214	176582261	0	13029	+	13049	13027	13009	2	20	18	60	1	0.998618	0.996935	0
PBC68281_skip_005c8e05_8a23e469_75.pod5	af269adc-3f27-4a50-ab40-3d7356fc5add	8a23e469c315776043a099148a67107fc45d7c61	598	4	125439	80.738	125440	80.5812	22369	31.9422	unclassified	chr16	46382612	46405895	0	22340	+	24938	20685	18736	1655	2598	1949	60	0.998704	0.905777	0.751303	0
PBC68281_skip_005c8e05_8a23e469_75.pod5	2be00048-4808-4913-8a93-69078904682a	8a23e469c315776043a099148a67107fc45d7c61	2208	4	125541	8.1668	125541	8.0724	3894	24.2703	unclassified	chr8	67274769	67278671	0	3889	+	3908	3883	3877	6	19	6	60	0.998716	0.998455	0.992068	0
PBC68281_skip_005c8e05_8a23e469_75.pod5	fd1f3f12-f376-439f-8e50-52d6bad654f4	8a23e469c315776043a099148a67107fc45d7c61	1372	1	125524	23.8092	125524	23.8072	8695	6.51378	unclassified	chr6	155705698	155714456	104	8617	-	9300	7971	7077	542	787	894	60	0.979068	0.887843	0.760968	0
PBC68281_skip_005c8e05_8a23e469_75.pod5	44073b2f-8cf7-4f99-8cc7-7e99518ba084	8a23e469c315776043a099148a67107fc45d7c61	905	2	125477	25.8172	125477	25.8152	10412	27.2738	unclassified	chr7	32411266	32421766	38	10407	+	10511	10358	10329	11	142	29	60	0.99587	0.9972	0.982685	0
PBC68281_skip_005c8e05_8a23e469_75.pod5	c6140012-a935-4bce-a02a-32accc295a7f	8a23e469c315776043a099148a67107fc45d7c61	2923	3	125548	5.9156	125548	5.724	2391	24.6868	unclassified	chr16	6470148	6472536	0	2384	+	2388	2384	2382	0	4	2	60	0.997072	0.999161	0.997487	0
PBC68281_skip_005c8e05_8a23e469_75.pod5	d1951649-37d8-4d99-bc7a-73572619e651	8a23e469c315776043a099148a67107fc45d7c61	356	1	125540	12.0476	125540	11.8488	4858	25.9132	unclassified	chr1	39255670	39260517	9	4858	-	4858	4838	4829	11	9	9	60	0.998147	0.99814	0.99403	0
PBC68281_skip_005c8e05_8a23e469_75.pod5	5f1f691b-22e7-4f09-9e8f-20c67a00d2b1	8a23e469c315776043a099148a67107fc45d7c61	826	4	125529	17.9096	125529	17.7636	9049	21.4357	unclassified	chr2	77096400	77105457	8	9049	-	9095	9003	8939	38	54	64	60	0.999116	0.992891	0.982848	0
PBC68281_skip_005c8e05_8a23e469_75.pod5	a816ae21-6309-428b-94da-f1f865c7ebe7	8a23e469c315776043a099148a67107fc45d7c61	2410	4	125516	27.65	125516	27.5616	12637	25.3645	unclassified	chr1	86687760	86700403	0	12637	+	12658	12622	12586	15	21	36	60	1	0.997148	0.994312	0
PBC68281_skip_005c8e05_8a23e469_75.pod5	d390720d-adec-4d4f-bcde-1ae5858dc1bf	8a23e469c315776043a099148a67107fc45d7c61	1641	4	125543	9.9116	125543	9.7956	2439	14.433	unclassified	chr16	21719486	21721912	0	2439	-	2458	2407	2388	32	19	19	60	1	0.992106	0.971522	0
PBC68281_skip_005c8e05_8a23e469_75.pod5	12e96d15-432a-4344-985d-f2670ec26cce	8a23e469c315776043a099148a67107fc45d7c61	2072	4	125531	15.3078	125531	15.3058	6562	23.2913	unclassified	chr3	70031792	70038320	35	6557	+	6544	6506	6491	16	22	15	60	0.993904	0.997694	0.991901	0
PBC68281_skip_005c8e05_8a23e469_75.pod5	24afeefb-dee9-4f8a-9007-1e6e3510f3e5	8a23e469c315776043a099148a67107fc45d7c61	356	1	125448	74.9204	125448	74.7876	29097	19.551	unclassified	chr5	20461498	20489980	0	29097	+	29164	28415	28286	682	67	129	60	1	0.99546	0.969894	0
PBC68281_skip_005c8e05_8a23e469_75.pod5	39c45cd6-a880-44de-a36c-40040304e68a	8a23e469c315776043a099148a67107fc45d7c61	78	2	125541	14.2112	125542	14.0928	5897	19.8095	unclassified	chr10	94244059	94249977	0	5892	+	5936	5874	5839	18	44	35	60	0.999152	0.994042	0.983659	0
PBC68281_skip_005c8e05_8a23e469_75.pod5	080db140-052e-4d0e-91cb-d7db097b503d	8a23e469c315776043a099148a67107fc45d7c61	1227	1	125540	15.0364	125540	15.0344	5976	25.6654	unclassified	chr17	29972389	29978329	31	5968	+	5945	5932	5922	5	8	10	60	0.993474	0.998314	0.996131	0
PBC68281_skip_005c8e05_8a23e469_75.pod5	ba58b984-7d45-417e-8b5b-3e1f1ba1ea0a	8a23e469c315776043a099148a67107fc45d7c61	841	4	125546	8.2214	125546	8.2194	3423	23.3982	unclassified	chr16	20525806	20529200	39	3423	+	3397	3381	3374	3	13	7	4	0.988607	0.99793	0.993229	0
PBC68281_skip_005c8e05_8a23e469_75.pod5	bb4febf3-ada2-446c-b2bb-1c727ec55b48	8a23e469c315776043a099148a67107fc45d7c61	439	2	125537	16.8608	125537	16.728	7203	29.6504	unclassified	chr13	58791482	58798689	0	7203	+	7209	7201	7192	2	6	9	60	1	0.99875	0.997642	0
PBC68281_skip_005c8e05_8a23e469_75.pod5	fd2b4fc5-bdce-42b1-be79-20246928294b	8a23e469c315776043a099148a67107fc45d7c61	2425	4	125520	28.1048	125520	28.044	14439	22.0749	unclassified	chr12	62641029	62655471	14	14439	-	14474	14393	14357	32	49	36	60	0.99903	0.997499	0.991917	0
PBC68281_skip_005c8e05_8a23e469_75.pod5	5bc74d3d-0fdb-4018-953a-2906266a54fb	8a23e469c315776043a099148a67107fc45d7c61	436	3	125524	27.1796	125524	27.078	10391	30.8908	unclassified	chr4	157601814	157612215	11	10391	-	10405	10376	10374	4	25	2	60	0.998941	0.999807	0.997021	0
PBC68281_skip_005c8e05_8a23e469_75.pod5	741966ec-2951-4fe6-a6d7-f63032a1f215	8a23e469c315776043a099148a67107fc45d7c61	1445	4	125538	16.6124	125539	16.4628	5896	26.0939	unclassified	chr15	75661666	75667552	12	5896	-	5891	5879	5867	5	7	12	60	0.997965	0.997959	0.995926	0
PBC68281_skip_005c8e05_8a23e469_75.pod5	1c9023bb-48ef-4acb-a54a-e2e1b80c0b8c	8a23e469c315776043a099148a67107fc45d7c61	419	2	125551	7.5032	125551	7.4088	3241	25.5287	unclassified	chr6	3701585	3704822	7	3241	-	3240	3231	3227	3	6	4	60	0.99784	0.998762	0.995988	0
PBC68281_skip_005c8e05_8a23e469_75.pod5	cf4ff2ff-d46c-425c-b5cd-012340e9984d	8a23e469c315776043a099148a67107fc45d7c61	2442	4	125515	30.8144	125515	30.72	13196	28.5251	unclassified	chr8	43424438	43437189	445	13196	-	12759	12743	12734	8	8	9	60	0.966278	0.999294	0.998041	0
PBC68281_skip_005c8e05_8a23e469_75.pod5	2e20e490-afc7-4608-9085-0f60230280db	8a23e469c315776043a099148a67107fc45d7c61	922	4	125547	10.4312	125548	10.3032	4810	24.3696	unclassified	chr10	56728721	56733521	10	4810	-	4804	4796	4782	4	4	14	60	0.997921	0.997081	0.99542	0
PBC68281_skip_005c8e05_8a23e469_75.pod5	b14d914a-07e2-4775-8a93-a2fbfcdaf248	8a23e469c315776043a099148a67107fc45d7c61	1044	3	125510	37.2992	125510	37.2132	16717	27.9605	unclassified	chr6	68069748	68086481	0	16713	+	16753	16693	16656	20	40	37	60	0.999761	0.997783	0.99421	0
PBC68281_skip_005c8e05_8a23e469_75.pod5	75a00299-ebbd-4eb8-9608-0e4bae9707d5	8a23e469c315776043a099148a67107fc45d7c61	1288	3	125546	13.2428	125546	13.1388	6173	28.7875	unclassified	chr7	86344654	86350820	9	6173	-	6171	6159	6122	5	7	37	60	0.998542	0.993993	0.99206	0
PBC68281_skip_005c8e05_8a23e469_75.pod5	9ed1e91d-908a-46fa-b8f7-0aaa2842cb57	8a23e469c315776043a099148a67107fc45d7c61	824	1	125545	13.6184	125546	13.5264	5744	21.4449	unclassified	chr8	76658484	76664240	0	5741	+	5763	5734	5709	7	22	25	60	0.999478	0.99564	0.99063	0
PBC68281_skip_005c8e05_8a23e469_75.pod5	375806bd-210e-463a-86cf-d40decdfd235	8a23e469c315776043a099148a67107fc45d7c61	2219	4	125547	12.4448	125547	12.2952	4734	27.3352	unclassified	chr16	21943378	21948102	9	4734	-	4727	4722	4714	3	2	8	60	0.998099	0.998306	0.99725	0
PBC68281_skip_005c8e05_8a23e469_75.pod5	055c7044-0c82-4344-9728-e845d9bef3bb	8a23e469c315776043a099148a67107fc45d7c61	927	3	125506	38.4908	125506	38.334	15060	23.1538	unclassified	chr3	198142440	198157497	8	15060	-	15079	15030	14994	22	27	36	60	0.999469	0.997605	0.994363	0
PBC68281_skip_005c8e05_8a23e469_75.pod5	408abbf1-886a-48f2-a78b-6f415a811fe5	8a23e469c315776043a099148a67107fc45d7c61	1158	4	125506	34.1924	125506	34.1004	17733	23.5925	unclassified	chr20	48486163	48503955	0	17733	-	17831	17694	17610	39	98	84	60	1	0.995253	0.987606	0
PBC68281_skip_005c8e05_8a23e469_75.pod5	b3491376-27a8-474e-9545-9bc38d4123b5	8a23e469c315776043a099148a67107fc45d7c61	1857	4	125514	35.3972	125514	35.2548	16144	26.3816	unclassified	chr6	43803062	43819217	6	16144	-	16168	16125	16090	13	30	35	60	0.999628	0.997829	0.995176	0
PBC68281_skip_005c8e05_8a23e469_75.pod5	52984a56-bb31-4cd2-be24-a4f182840840	8a23e469c315776043a099148a67107fc45d7c61	420	4	125537	18.7808	125537	18.5292	6205	28.2434	unclassified	chr5	62319565	62325750	0	6199	+	6206	6178	6167	21	7	11	60	0.999033	0.998219	0.993716	0
PBC68281_skip_005c8e05_8a23e469_75.pod5	4382145d-323d-451e-8afd-940c69a8e880	8a23e469c315776043a099148a67107fc45d7c61	354	1	125506	36.0974	125506	36.0954	14033	22.8218	unclassified	chr19	17850107	17864102	38	14027	+	14030	13954	13904	35	41	50	60	0.996865	0.996417	0.991019	0
PBC68281_skip_005c8e05_8a23e469_75.pod5	c36de004-1537-49df-8622-90f422ebb84a	8a23e469c315776043a099148a67107fc45d7c61	927	3	125545	15.2732	125545	15.1116	6261	27.5136	unclassified	chr7	73126455	73132719	0	6261	-	6279	6246	6242	15	18	4	49	1	0.99936	0.994107	0
PBC68281_skip_005c8e05_8a23e469_75.pod5	0046067b-3f73-4683-925a-1b388e190d74	8a23e469c315776043a099148a67107fc45d7c61	1142	3	125561	2.3652	125561	2.3632	792	4.40883	unclassified	*	-1	-1	-1	-1	*	0	0	0	0	0	0	0	0	0	0	0
PBC68281_skip_005c8e05_8a23e469_75.pod5	8e2bb9c0-8506-433f-babb-4a6fe5559bfe	8a23e469c315776043a099148a67107fc45d7c61	1721	2	125537	21.9018	125537	21.8998	11022	25.4685	unclassified	chr9	132086115	132097078	25	11022	+	11025	10935	10902	62	28	33	60	0.997732	0.996982	0.988844	0
PBC68281_skip_005c8e05_8a23e469_75.pod5	a02f5364-f40d-4816-a1cb-4d13234b9cb7	8a23e469c315776043a099148a67107fc45d7c61	1201	2	125514	41.648	125514	41.5248	15006	29.913	unclassified	chr6	130623566	130638881	9	15002	-	15324	14984	14962	9	331	22	60	0.999134	0.998532	0.976377	0
PBC68281_skip_005c8e05_8a23e469_75.pod5	66e3887e-ac62-41d2-9280-005ff3b865fd	8a23e469c315776043a099148a67107fc45d7c61	2219	4	125497	49.5356	125497	49.374	19174	28.11	unclassified	chr18	68021461	68040645	0	19169	+	19205	19148	19104	21	36	44	60	0.999739	0.997702	0.994741	0
PBC68281_skip_005c8e05_8a23e469_75.pod5	4ed08aa1-3dcb-416d-a9e2-024fbb636a1d	8a23e469c315776043a099148a67107fc45d7c61	2654	4	125549	10.9858	125549	10.9838	4502	23.4474	unclassified	chr1	73103306	73107797	5	4497	+	4503	4480	4464	12	11	16	60	0.997779	0.996429	0.991339	0
PBC68281_skip_005c8e05_8a23e469_75.pod5	0568c7ba-d2fe-413d-901b-a295dd9f78bf	8a23e469c315776043a099148a67107fc45d7c61	1110	4	125526	24.2706	125526	24.2686	10107	30.3509	unclassified	chr21	9246148	9256335	85	10104	+	10453	9753	9103	266	434	650	60	0.991293	0.933354	0.87085	0
PBC68281_skip_005c8e05_8a23e469_75.pod5	43625081-957b-4dbc-8602-11459ef7fc2b	8a23e469c315776043a099148a67107fc45d7c61	1578	3	125552	10.4828	125552	10.3968	4734	27.7225	unclassified	chr3	12113773	12118506	6	4734	-	4737	4724	4710	4	9	14	60	0.998733	0.997036	0.9943	0
PBC68281_skip_005c8e05_8a23e469_75.pod5	9278dd28-80e2-4fe5-8882-061e86f4597b	8a23e469c315776043a099148a67107fc45d7c61	2425	4	125549	11.7452	125549	11.6124	5167	24.773	unclassified	chr6	127939070	127944238	7	5167	-	5172	5156	5143	4	12	13	60	0.998645	0.997479	0.994393	0
PBC68281_skip_005c8e05_8a23e469_75.pod5	7cea26d8-adac-41c7-be96-794db00a54bd	8a23e469c315776043a099148a67107fc45d7c61	598	4	125550	10.2692	125551	10.17	5795	22.0153	unclassified	chr5	5412067	5417852	0	5778	+	5790	5773	5750	5	12	23	60	0.997066	0.996016	0.993092	0
PBC68281_skip_005c8e05_8a23e469_75.pod5	a1d04ddb-fe12-48ee-a2b0-05950f57f682	8a23e469c315776043a099148a67107fc45d7c61	465	2	125545	15.9392	125545	15.8568	7077	22.2861	unclassified	chr3	59427686	59434757	0	7070	+	7100	7041	6983	29	30	58	60	0.999011	0.991763	0.983521	0
PBC68281_skip_005c8e05_8a23e469_75.pod5	41668641-24cf-440f-a702-c2efb6c1e538	8a23e469c315776043a099148a67107fc45d7c61	714	1	125480	66.6896	125480	66.6876	8586	9.2375	unclassified	chr5	164311199	164318425	0	8551	-	8604	7173	7091	1378	53	82	60	0.995924	0.988568	0.824152	0
PBC68281_skip_005c8e05_8a23e469_75.pod5	f724f31a-1d5e-4b4a-8ffb-6408a2c81a99	8a23e469c315776043a099148a67107fc45d7c61	2444	1	125523	34.4708	125523	34.398	14307	17.7129	unclassified	chr13	108427385	108441703	6	14307	-	14430	14189	14052	112	129	137	60	0.999581	0.990345	0.973805	0
PBC68281_skip_005c8e05_8a23e469_75.pod5	47d369a7-a9c5-45e4-a38a-f937886a2836	8a23e469c315776043a099148a67107fc45d7c61	861	4	125540	19.8128	125540	19.632	8945	24.7884	unclassified	chr3	166442502	166451442	7	8945	-	8949	8929	8915	9	11	14	60	0.999217	0.998432	0.996201	0
PBC68281_skip_005c8e05_8a23e469_75.pod5	3e831876-ee70-4063-aaa3-d6317adee267	8a23e469c315776043a099148a67107fc45d7c61	1279	2	125542	22.0412	125542	21.9204	8033	30.0632	unclassified	chr6	100068873	100076903	6	8033	-	8034	8023	8010	4	7	13	60	0.999253	0.99838	0.997013	0
PBC68281_skip_005c8e05_8a23e469_75.pod5	292974c0-d354-4f4c-9c92-569508b51d1e	8a23e469c315776043a099148a67107fc45d7c61	29	4	125560	6.4028	125560	6.3036	2284	30.8395	unclassified	chr16	62634999	62637289	0	2284	+	2290	2284	2283	0	6	1	60	1	0.999562	0.996943	0
PBC68281_skip_005c8e05_8a23e469_75.pod5	b8724dd2-c9a1-451d-bfa9-f9a26281531c	8a23e469c315776043a099148a67107fc45d7c61	35	4	125519	34.7816	125519	34.6632	14537	25.922	unclassified	chr8	28848108	28862643	7	14537	-	14555	14510	14486	20	25	24	60	0.999518	0.998346	0.995259	0
PBC68281_skip_005c8e05_8a23e469_75.pod5	fdaa2963-c310-4b50-a227-b4b624b54f53	8a23e469c315776043a099148a67107fc45d7c61	863	3	125515	38.5364	125515	38.2932	16199	21.1799	unclassified	chr6	144379567	144395714	0	16098	+	16186	16059	16004	39	88	55	60	0.993765	0.996575	0.988756	0
PBC68281_skip_005c8e05_8a23e469_75.pod5	208583eb-99a3-4311-afc3-554d2d0b0b0a	8a23e469c315776043a099148a67107fc45d7c61	2923	3	125557	6.6236	125557	6.5136	2559	41.6898	unclassified	chr5	50120154	50122708	7	2559	-	2554	2552	2537	0	2	15	13	0.997265	0.994122	0.993344	0
PBC68281_skip_005c8e05_8a23e469_75.pod5	2913977e-bfbf-4541-a7f3-7f6b3b0ca560	8a23e469c315776043a099148a67107fc45d7c61	350	2	125542	19.9518	125542	19.9498	8116	11.5901	unclassified	chr1	40897043	40905266	40	8111	+	8370	7924	7629	147	299	295	60	0.994455	0.962771	0.91147	0
PBC68281_skip_005c8e05_8a23e469_75.pod5	3398cc4b-9f74-48cf-9962-d28bda7fdf8f	8a23e469c315776043a099148a67107fc45d7c61	2473	4	125505	43.5968	125505	43.5	20157	21.4681	unclassified	chr4	166606683	166626842	6	20157	-	20227	20083	20000	68	76	83	60	0.999702	0.995867	0.988777	0
PBC68281_skip_005c8e05_8a23e469_75.pod5	a41c1f0c-9e73-4cf1-9733-3d7854489e7c	8a23e469c315776043a099148a67107fc45d7c61	344	4	125523	36.7452	125523	36.7432	13900	10.5941	unclassified	chr11	17677533	17691782	46	13895	+	14536	13562	12905	287	687	657	60	0.996331	0.951556	0.887796	0
PBC68281_skip_005c8e05_8a23e469_75.pod5	4229c333-804f-41e3-bd41-6df17d1b83dd	8a23e469c315776043a099148a67107fc45d7c61	888	4	125524	35.5952	125524	35.4552	14888	22.8653	unclassified	chr2	208861136	208876006	0	14880	+	14915	14835	14795	45	35	40	60	0.999463	0.997304	0.991954	0
PBC68281_skip_005c8e05_8a23e469_75.pod5	25af931c-41b0-493c-b5f2-fa34ed8234b3	8a23e469c315776043a099148a67107fc45d7c61	2116	2	125568	1.974	125568	1.972	474	3.33166	unclassified	*	-1	-1	-1	-1	*	0	0	0	0	0	0	0	0	0	0	0
PBC68281_skip_005c8e05_8a23e469_75.pod5	8337e2b1-55ec-4d58-ab4f-7dc03c402039	8a23e469c315776043a099148a67107fc45d7c61	2072	4	125547	16.208	125547	16.0596	7848	25.7527	unclassified	chr4	17812425	17820269	6	7848	-	7853	7833	7824	9	11	9	60	0.999235	0.998851	0.996307	0
PBC68281_skip_005c8e05_8a23e469_75.pod5	e9eaf499-4227-4f39-b450-06611bfd698c	8a23e469c315776043a099148a67107fc45d7c61	932	2	125524	32.695	125524	32.693	12879	23.6375	unclassified	chr1	241787921	241800733	45	12872	+	12853	12786	12745	41	26	41	60	0.995962	0.996793	0.991597	0
PBC68281_skip_005c8e05_8a23e469_75.pod5	1adea90e-b145-43dc-a970-d66394a13699	8a23e469c315776043a099148a67107fc45d7c61	436	3	125561	5.888	125561	5.6448	2235	20.3653	unclassified	chr12	63877977	63880198	0	2228	+	2233	2216	2204	12	5	12	60	0.996868	0.994585	0.987013	0
PBC68281_skip_005c8e05_8a23e469_75.pod5	b16dcb46-5b9a-4d9c-ac6c-0b3387c9f984	8a23e469c315776043a099148a67107fc45d7c61	2442	4	125551	16.0592	125551	15.9732	6913	24.6098	unclassified	chrX	128545674	128552584	1	6908	+	6919	6898	6882	9	12	16	60	0.999132	0.99768	0.994652	0
PBC68281_skip_005c8e05_8a23e469_75.pod5	3b0440ac-bd37-497a-a205-d799f7346692	8a23e469c315776043a099148a67107fc45d7c61	841	4	125558	9.1952	125558	9.0672	3526	32.1721	unclassified	chr4	44601193	44604728	0	3526	-	3537	3524	3501	2	11	23	60	1	0.993473	0.989822	0
PBC68281_skip_005c8e05_8a23e469_75.pod5	b0063895-0c87-4f37-a647-c683e6ead31e	8a23e469c315776043a099148a67107fc45d7c61	120	4	125564	3.4974	125564	3.4954	927	3.63263	unclassified	*	-1	-1	-1	-1	*	0	0	0	0	0	0	0	0	0	0	0
PBC68281_skip_005c8e05_8a23e469_75.pod5	c7acf45a-5669-4519-bb88-af50fa84121f	8a23e469c315776043a099148a67107fc45d7c61	2461	3	125540	24.5474	125540	24.5454	9488	9.68504	unclassified	chr1	95542965	95552770	9	9454	-	10034	9216	8635	229	589	581	60	0.995468	0.936957	0.860574	0
PBC68281_skip_005c8e05_8a23e469_75.pod5	b15d4f7d-f5ac-4e7f-b25b-ae34aefdea82	8a23e469c315776043a099148a67107fc45d7c61	927	3	125564	4.5774	125564	4.5754	1973	24.4936	unclassified	chr12	70815192	70817132	0	1938	-	1944	1934	1932	4	6	2	60	0.982261	0.998966	0.993827	0
PBC68281_skip_005c8e05_8a23e469_75.pod5	e3b3a427-5e28-42b8-9ebb-90970ef43869	8a23e469c315776043a099148a67107fc45d7c61	2628	1	125534	27.7856	125534	27.6744	11496	27.0581	unclassified	chr17	53619810	53631277	0	11490	+	11501	11456	11425	34	11	31	60	0.999478	0.997294	0.993392	0
PBC68281_skip_005c8e05_8a23e469_75.pod5	f67d8c8e-f6a2-452f-8db4-e6897f9c16b7	8a23e469c315776043a099148a67107fc45d7c61	1445	4	125436	100.215	125436	100.061	42880	26.9331	unclassified	chr6	16697025	16739915	0	42872	+	42960	42802	42677	70	88	125	60	0.999813	0.99708	0.993412	0
PBC68281_skip_005c8e05_8a23e469_75.pod5	80e07630-86bc-481f-a396-ceb2ca81e9c6	8a23e469c315776043a099148a67107fc45d7c61	728	2	125540	24.2264	125541	24.0048	9385	27.8377	unclassified	chr22	33393812	33403173	12	9385	-	9378	9356	9356	17	5	0	60	0.998721	1	0.997654	0
PBC68281_skip_005c8e05_8a23e469_75.pod5	34eb846e-5039-47c6-b6f5-b4718f691650	8a23e469c315776043a099148a67107fc45d7c61	2312	1	125539	28.982	125539	28.7988	12129	20.527	unclassified	chr13	61352704	61364822	8	12129	-	12165	12074	12017	47	44	57	60	0.99934	0.995279	0.987834	0
PBC68281_skip_005c8e05_8a23e469_75.pod5	b3a64d05-aac0-4fb2-a3e3-a63a5c20f92c	8a23e469c315776043a099148a67107fc45d7c61	465	2	125561	6.1796	125561	6.09	2793	21.3706	unclassified	chr5	98076538	98079320	0	2787	+	2799	2770	2762	17	12	8	60	0.997852	0.997112	0.986781	0
PBC68281_skip_005c8e05_8a23e469_75.pod5	6764b335-f78f-442e-87af-071f7ead7051	8a23e469c315776043a099148a67107fc45d7c61	1192	2	125546	17.5412	125546	17.4036	7165	25.1619	unclassified	chr17	82694481	82701659	0	7160	+	7203	7135	7126	25	43	9	60	0.999302	0.998739	0.98931	0
PBC68281_skip_005c8e05_8a23e469_75.pod5	2b9e1cef-7b7e-4d92-8be4-36043da28b95	8a23e469c315776043a099148a67107fc45d7c61	2465	2	125565	7.1168	125565	6.9888	3342	28.4747	unclassified	chr6	93533871	93537120	0	3249	+	3251	3247	3243	2	2	4	60	0.972172	0.998768	0.997539	0
PBC68281_skip_005c8e05_8a23e469_75.pod5	b2ef6437-ac36-4b92-aff1-16c0fd718e64	8a23e469c315776043a099148a67107fc45d7c61	1838	4	125490	70.5334	125490	70.5314	15691	24.9528	unclassified	chr8	90257360	90272974	36	15683	+	15656	15605	15577	42	9	28	60	0.997196	0.998206	0.994954	0
PBC68281_skip_005c8e05_8a23e469_75.pod5	60521c51-6473-4f8d-ba05-9dd9be669f0e	8a23e469c315776043a099148a67107fc45d7c61	2823	3	125541	24.2036	125541	24.0924	7295	9.76688	unclassified	chr8	113611956	113617423	0	5473	+	5476	5464	5459	9	3	5	60	0.75024	0.999085	0.996896	0
PBC68281_skip_005c8e05_8a23e469_75.pod5	2a0ebaa9-f22a-40d6-ab56-4c654827e1bc	8a23e469c315776043a099148a67107fc45d7c61	2115	1	125554	17.1668	125554	16.9428	7488	26.81	unclassified	chr13	44157149	44164603	0	7478	+	7489	7443	7427	35	11	16	60	0.998665	0.99785	0.991721	0
PBC68281_skip_005c8e05_8a23e469_75.pod5	a454a9e6-2226-41e7-bb44-aba87ffd9a48	8a23e469c315776043a099148a67107fc45d7c61	2065	3	125549	16.1864	125550	16.0152	7993	23.7984	unclassified	chr11	63593625	63601636	5	7993	-	8023	7976	7951	12	35	25	60	0.999374	0.996866	0.991026	0
PBC68281_skip_005c8e05_8a23e469_75.pod5	d2b51af7-8ed5-4538-8087-4428407a6cb5	8a23e469c315776043a099148a67107fc45d7c61	932	2	125557	17.105	125557	17.103	6370	31.649	unclassified	chr8	74633869	74640192	36	6367	+	6333	6321	6318	10	2	3	60	0.993878	0.999525	0.997631	0
PBC68281_skip_005c8e05_8a23e469_75.pod5	554bd5a7-3f7c-4d1c-9a58-895d072704bf	8a23e469c315776043a099148a67107fc45d7c61	2923	3	125567	7.4936	125567	7.404	3121	19.8213	unclassified	chr8	136908730	136911868	5	3121	-	3142	3112	3096	4	26	16	60	0.998398	0.994859	0.98536	0
PBC68281_skip_005c8e05_8a23e469_75.pod5	23518345-1607-4728-991b-3e5337faefbe	8a23e469c315776043a099148a67107fc45d7c61	1413	2	125537	29.0972	125537	28.9548	11916	29.163	unclassified	chr3	170713642	170723536	7	9890	-	9902	9875	9872	8	19	3	60	0.829389	0.999696	0.99697	0
PBC68281_skip_005c8e05_8a23e469_75.pod5	abd45823-1a6f-4010-95d6-c745b69f6770	8a23e469c315776043a099148a67107fc45d7c61	905	2	125541	24.1748	125541	24.0684	9634	24.396	unclassified	chr1	175218359	175227990	0	9627	+	9650	9608	9580	19	23	28	60	0.999273	0.997086	0.992746	0
PBC68281_skip_005c8e05_8a23e469_75.pod5	74568d45-b79f-4155-a9be-a4347d4465f8	8a23e469c315776043a099148a67107fc45d7c61	2465	2	125541	24.062	125541	24.06	8446	29.9092	unclassified	chr9	82435712	82444080	36	8438	+	8418	8352	8346	50	16	6	60	0.99479	0.999282	0.991447	0
PBC68281_skip_005c8e05_8a23e469_75.pod5	d74ff377-f0ac-4299-96d7-b647975ae49a	8a23e469c315776043a099148a67107fc45d7c61	1759	3	125516	53.8952	125516	53.8932	10746	11.7598	unclassified	chr19	16232583	16243317	34	10715	-	11004	10411	10063	270	323	348	60	0.993951	0.966574	0.914486	0
PBC68281_skip_005c8e05_8a23e469_75.pod5	f453c889-afb9-4380-8bfb-2184629b4f64	8a23e469c315776043a099148a67107fc45d7c61	1626	1	125563	9.7004	125563	9.6228	4853	20.7755	unclassified	chr9	15212397	15217250	9	4853	-	4859	4838	4812	6	15	26	60	0.998145	0.994626	0.990327	0
PBC68281_skip_005c8e05_8a23e469_75.pod5	8f166a99-7d57-487d-9841-eb53668ff50d	8a23e469c315776043a099148a67107fc45d7c61	863	3	125554	16.3164	125554	16.3144	7924	22.7637	unclassified	chrX	4893087	4901004	25	7918	+	7929	7881	7837	12	36	44	60	0.996088	0.994417	0.988397	0
PBC68281_skip_005c8e05_8a23e469_75.pod5	9beef910-ba19-49a0-bcf4-02aee04fceca	8a23e469c315776043a099148a67107fc45d7c61	2115	1	125493	55.8846	125493	55.8826	24510	27.5786	unclassified	chr13	94244345	94268844	31	24503	+	24522	24449	24413	23	50	36	60	0.99845	0.998528	0.995555	0
PBC68281_skip_005c8e05_8a23e469_75.pod5	77c977a6-935e-4ba8-b545-8f7a41268589	8a23e469c315776043a099148a67107fc45d7c61	843	1	125571	5.3468	125571	5.2368	1974	31.5405	unclassified	chr4	89875372	89877344	2	1974	+	1975	1969	1967	3	3	2	60	0.998987	0.998984	0.995949	0
PBC68281_skip_005c8e05_8a23e469_75.pod5	73fa069f-c88d-40ac-ad71-cfbb967d8500	8a23e469c315776043a099148a67107fc45d7c61	35	4	125560	13.382	125560	13.2576	4942	33.4157	unclassified	chrX	122723462	122728408	6	4942	-	4947	4935	4932	1	11	3	60	0.998786	0.999392	0.996968	0
PBC68281_skip_005c8e05_8a23e469_75.pod5	eb5eac1a-3a4e-4deb-9955-48be2fba7248	8a23e469c315776043a099148a67107fc45d7c61	2127	1	125541	25.64	125541	25.5312	11199	29.477	unclassified	chr19	46677839	46689046	0	11199	+	11225	11181	11165	18	26	16	60	1	0.998569	0.994655	0
PBC68281_skip_005c8e05_8a23e469_75.pod5	7acef4a2-d832-4e2f-8782-066fde50158f	8a23e469c315776043a099148a67107fc45d7c61	2618	2	125561	9.428	125561	9.426	3527	10.5891	unclassified	chr18	17192465	17195969	66	3516	+	3557	3397	3151	53	107	246	1	0.978168	0.927583	0.885859	0
PBC68281_skip_005c8e05_8a23e469_75.pod5	5052ca13-74dc-445d-b315-205dba3d6ee5	8a23e469c315776043a099148a67107fc45d7c61	434	4	125541	26.696	125541	26.5872	10583	25.7506	unclassified	chr8	83906037	83916629	6	10583	-	10600	10569	10533	8	23	36	60	0.999433	0.996594	0.993679	0
PBC68281_skip_005c8e05_8a23e469_75.pod5	ec555fe1-2f4e-4a79-ab7c-97fd610ce813	8a23e469c315776043a099148a67107fc45d7c61	1445	4	125555	20.5064	125555	20.3064	9353	23.9647	unclassified	chr11	83249703	83259087	0	9353	-	9391	9346	9320	7	38	26	60	1	0.997218	0.99244	0
PBC68281_skip_005c8e05_8a23e469_75.pod5	e903f2d7-4224-4fc9-8e5c-35750f73c0cd	8a23e469c315776043a099148a67107fc45d7c61	2116	2	125578	4.38	125578	4.378	955	2.62483	unclassified	*	-1	-1	-1	-1	*	0	0	0	0	0	0	0	0	0	0	0
PBC68281_skip_005c8e05_8a23e469_75.pod5	7c71e0d3-19ee-4d05-8b27-13032105e0a8	8a23e469c315776043a099148a67107fc45d7c61	375	1	125568	7.8224	125568	7.8204	3492	8.91576	unclassified	chr20	42592590	42596156	42	3492	+	3668	3348	3159	102	218	189	60	0.987972	0.943548	0.861232	0
PBC68281_skip_005c8e05_8a23e469_75.pod5	9a99d877-de7c-44da-a7c3-4d88a31cacba	8a23e469c315776043a099148a67107fc45d7c61	614	2	125540	30.2948	125540	30.2052	13389	15.0523	unclassified	chr5	98041590	98053755	1227	13389	-	12175	12152	12138	10	13	14	60	0.908358	0.998848	0.996961	0
PBC68281_skip_005c8e05_8a23e469_75.pod5	084bd5b1-b6b5-465c-b8e7-33cdb89a50d4	8a23e469c315776043a099148a67107fc45d7c61	2215	3	125567	11.2108	125567	11.2088	6001	17.7955	unclassified	chr20	27280479	27286458	36	5992	+	5997	5938	5760	18	41	178	1	0.992501	0.970024	0.96048	0
PBC68281_skip_005c8e05_8a23e469_75.pod5	efde7d34-72e0-466a-84fe-340c7ca4c816	8a23e469c315776043a099148a67107fc45d7c61	2577	3	125520	38.1172	125520	38.1152	16002	34.8827	unclassified	chr6	58760319	58776264	35	15995	+	15965	15940	15824	20	5	116	1	0.997375	0.992723	0.991168	0
PBC68281_skip_005c8e05_8a23e469_75.pod5	c6c5fef2-0dbe-4854-a181-986fa0046465	8a23e469c315776043a099148a67107fc45d7c61	922	4	125558	14.8124	125558	14.7252	6383	26.4558	unclassified	chr11	5420218	5426605	4	6383	-	6391	6375	6370	4	12	5	60	0.999373	0.999216	0.996714	0
PBC68281_skip_005c8e05_8a23e469_75.pod5	3d67c6ce-4a4a-4e7f-b855-b096c1a401df	8a23e469c315776043a099148a67107fc45d7c61	1807	4	125535	31.8476	125535	31.6932	12239	30.0322	unclassified	chr4	162949747	162961985	0	12239	-	12250	12227	12201	12	11	26	60	1	0.997874	0.996	0
PBC68281_skip_005c8e05_8a23e469_75.pod5	4f4d1b3b-c60c-498a-a8b5-8220fcab97a1	8a23e469c315776043a099148a67107fc45d7c61	1578	3	125566	15.0572	125566	14.9628	6763	24.391	unclassified	chr2	67228589	67235361	5	6763	-	6774	6756	6730	2	16	26	60	0.999261	0.996152	0.993505	0
PBC68281_skip_005c8e05_8a23e469_75.pod5	e6bc2bb3-487f-4cbd-906d-0c91bcb20669	8a23e469c315776043a099148a67107fc45d7c61	579	1	125543	30.7594	125543	30.7574	12133	23.0033	unclassified	chr4	127585288	127597343	46	12094	-	12077	12026	12000	22	29	26	60	0.992994	0.997838	0.993624	0
PBC68281_skip_005c8e05_8a23e469_75.pod5	d32b9b99-0e5f-47de-8f24-31caf8122870	8a23e469c315776043a099148a67107fc45d7c61	1193	2	125524	46.5728	125524	46.4208	18094	29.6134	unclassified	chr13	82408120	82426189	8	18094	-	18100	18055	18028	31	14	27	60	0.999558	0.998505	0.996022	0
PBC68281_skip_005c8e05_8a23e469_75.pod5	0a12efc4-d0a6-4ee0-9640-23d7abec5903	8a23e469c315776043a099148a67107fc45d7c61	1786	2	125531	39.7798	125531	39.7778	17438	29.8403	unclassified	chr2	79285109	79302496	37	17431	+	17405	17376	17345	18	11	31	60	0.997477	0.998216	0.996553	0
PBC68281_skip_005c8e05_8a23e469_75.pod5	d66875e5-1ebd-453a-b59b-0b5925a87e60	8a23e469c315776043a099148a67107fc45d7c61	2670	4	125532	40.76	125532	40.6416	14152	25.3505	unclassified	chr5	45640345	45654491	9	14152	-	14165	14124	14103	19	22	21	60	0.999364	0.998513	0.995623	0
PBC68281_skip_005c8e05_8a23e469_75.pod5	48b7ecff-2f49-4a9a-a55e-6ed2fa9ecb65	8a23e469c315776043a099148a67107fc45d7c61	1410	1	125529	33.2392	125529	33.2372	10802	16.2569	unclassified	chr13	40210021	40214463	33	4525	+	4502	4432	4428	60	10	4	60	0.415849	0.999097	0.983563	0
PBC68281_skip_005c8e05_8a23e469_75.pod5	94bb538c-f5c4-41fc-b6ef-ec4477b7ab97	8a23e469c315776043a099148a67107fc45d7c61	1373	4	125560	20.3636	125561	20.1564	9557	23.1738	unclassified	chr5	72464287	72473835	0	9551	+	9570	9529	9506	22	19	23	60	0.999372	0.997586	0.993312	0
PBC68281_skip_005c8e05_8a23e469_75.pod5	a36803de-65d0-4162-a2be-7234d05e1e87	8a23e469c315776043a099148a67107fc45d7c61	475	2	125522	55.3844	125522	55.2108	14280	28.8782	unclassified	chr3	81173486	81187758	8	14280	-	14277	14267	14226	5	5	41	60	0.99944	0.997126	0.996428	0
PBC68281_skip_005c8e05_8a23e469_75.pod5	3a3af271-0075-475d-ad57-1e5e52176724	8a23e469c315776043a099148a67107fc45d7c61	714	1	125559	19.4744	125559	19.3872	8131	25.0064	unclassified	chr18	55494566	55502699	7	8131	-	8143	8114	8097	10	19	17	60	0.999139	0.997905	0.994351	0
PBC68281_skip_005c8e05_8a23e469_75.pod5	27493cdf-cc5c-43ba-8ee7-3fdeca8705fc	8a23e469c315776043a099148a67107fc45d7c61	2473	4	125563	19.544	125563	19.4616	8637	24.3882	unclassified	chr14	41418351	41427003	5	8637	-	8663	8621	8612	11	31	9	60	0.999421	0.998956	0.994113	0
PBC68281_skip_005c8e05_8a23e469_75.pod5	4eb6ea86-4412-432c-aa82-eee08b5a4329	8a23e469c315776043a099148a67107fc45d7c61	2312	1	125568	15.6944	125569	15.5952	5977	20.552	unclassified	chr11	92888760	92894766	0	5969	+	6023	5952	5908	17	54	44	60	0.998662	0.992608	0.980907	0
PBC68281_skip_005c8e05_8a23e469_75.pod5	951f5bf4-613a-46d9-be9b-33f2e2cb6250	8a23e469c315776043a099148a67107fc45d7c61	375	1	125580	6.8364	125580	6.8344	2926	10.0998	unclassified	chr4	7764854	7767810	1	2896	-	3022	2829	2695	66	127	134	60	0.989405	0.952633	0.891793	0
PBC68281_skip_005c8e05_8a23e469_75.pod5	901a87c9-a3d6-4d66-9654-6748f1931b23	8a23e469c315776043a099148a67107fc45d7c61	2556	2	125549	15.986	125549	15.8664	5513	18.3097	unclassified	chr8	102059717	102065217	0	5513	+	5538	5475	5436	38	25	39	60	1	0.992877	0.981582	0
PBC68281_skip_005c8e05_8a23e469_75.pod5	f3e1ebe1-fec8-4b8d-8002-a1f7c78be570	8a23e469c315776043a099148a67107fc45d7c61	2620	2	125545	35.104	125545	35.102	10898	7.84043	unclassified	chr2	208544706	208555947	106	10888	+	11665	10358	9413	424	883	945	60	0.989356	0.908766	0.806944	0
PBC68281_skip_005c8e05_8a23e469_75.pod5	3499eb1e-9ef8-467b-a962-d4d1c0b664e3	8a23e469c315776043a099148a67107fc45d7c61	388	2	125533	45.668	125533	45.576	19461	27.7317	unclassified	chr4	24053157	24070591	7	17440	-	17456	17411	17364	22	23	47	60	0.895792	0.997301	0.99473	0
PBC68281_skip_005c8e05_8a23e469_75.pod5	2971ae91-4e28-4a88-a172-b8484631a17e	8a23e469c315776043a099148a67107fc45d7c61	286	3	125521	54.83	125521	54.7092	17978	30.3337	unclassified	chrX	38509655	38527614	9	17978	-	17982	17946	17939	23	13	7	60	0.999499	0.99961	0.997609	0
PBC68281_skip_005c8e05_8a23e469_75.pod5	bd93d714-eb75-41c1-a60b-a5d6eba87330	8a23e469c315776043a099148a67107fc45d7c61	2903	1	125586	1.5728	125586	1.5708	309	2.54828	unclassified	*	-1	-1	-1	-1	*	0	0	0	0	0	0	0	0	0	0	0
PBC68281_skip_005c8e05_8a23e469_75.pod5	44e572be-d8eb-44e0-8558-8327b5875f03	8a23e469c315776043a099148a67107fc45d7c61	1110	4	125561	21.8972	125561	21.7644	9329	28.2074	unclassified	chr13	55944769	55954079	0	9322	+	9330	9302	9289	20	8	13	60	0.99925	0.998602	0.995606	0
PBC68281_skip_005c8e05_8a23e469_75.pod5	8e691ea8-069a-4f17-b668-86d118f16f50	8a23e469c315776043a099148a67107fc45d7c61	475	2	125443	15.614	125443	15.5076	6386	26.9084	unclassified	chr5	113232203	113238583	0	6380	+	6387	6373	6371	7	7	2	60	0.99906	0.999686	0.997495	0
PBC68281_skip_005c8e05_8a23e469_75.pod5	6c84b70c-2d13-4294-8dfd-4580f903d70b	8a23e469c315776043a099148a67107fc45d7c61	861	4	125560	19.1828	125560	19.1196	8921	24.2624	unclassified	chr3	166442502	166451437	0	8909	+	8941	8903	8882	6	32	21	60	0.998655	0.997641	0.993401	0
PBC68281_skip_005c8e05_8a23e469_75.pod5	4aed585c-5ce2-4a01-9b59-3a05844d0aff	8a23e469c315776043a099148a67107fc45d7c61	843	1	125521	48.6608	125521	48.4704	17377	25.2131	unclassified	chr19	17991181	18008561	0	17371	+	17396	17355	17322	16	25	33	60	0.999655	0.998099	0.995746	0
PBC68281_skip_005c8e05_8a23e469_75.pod5	614a42fc-40a9-479a-a062-890282339113	8a23e469c315776043a099148a67107fc45d7c61	2072	4	125567	16.34	125567	16.1688	7147	24.6474	unclassified	chr14	87683880	87691052	0	7147	-	7183	7136	7125	11	36	11	60	1	0.998459	0.991925	0
PBC68281_skip_005c8e05_8a23e469_75.pod5	ae457a5d-83dd-49bd-a70d-7ea8524b861f	8a23e469c315776043a099148a67107fc45d7c61	2065	3	125567	14.636	125567	14.634	7040	21.9636	unclassified	chr3	168809052	168816076	18	7040	+	7049	6997	6960	25	27	37	60	0.997443	0.994712	0.987374	0
PBC68281_skip_005c8e05_8a23e469_75.pod5	4e2f5a85-1e8d-4de6-b7eb-8c3712e0a51b	8a23e469c315776043a099148a67107fc45d7c61	286	3	125576	10.575	125576	10.573	5012	25.4196	unclassified	chr4	40236508	40241474	41	5005	+	4974	4956	4941	8	10	15	60	0.990423	0.996973	0.993366	0
PBC68281_skip_005c8e05_8a23e469_75.pod5	f997764c-b917-49d7-bbbe-01a357788bfa	8a23e469c315776043a099148a67107fc45d7c61	964	4	125549	32.3534	125549	32.3514	12723	27.6287	unclassified	chr3	154659374	154672053	6	12684	-	12692	12665	12656	13	14	9	60	0.996463	0.999289	0.997164	0
PBC68281_skip_005c8e05_8a23e469_75.pod5	63c46087-90dd-45fb-8a53-d4827bd05123	8a23e469c315776043a099148a67107fc45d7c61	1288	3	125567	15.5936	125567	15.4872	8606	18.0257	unclassified	chr20	30296403	30305028	0	8601	+	8677	8549	8483	52	76	66	60	0.999419	0.99228	0.977642	0
PBC68281_skip_005c8e05_8a23e469_75.pod5	4bfef332-11cc-4d6a-8e36-e3f125a797dc	8a23e469c315776043a099148a67107fc45d7c61	1551	2	125549	25.532	125549	25.4304	10057	34.272	unclassified	chr6	58771235	58781288	0	10047	+	10065	10035	9735	12	18	300	1	0.999006	0.970105	0.967213	0
PBC68281_skip_005c8e05_8a23e469_75.pod5	dbd7c356-e65c-4783-8012-2a7abffa1a2d	8a23e469c315776043a099148a67107fc45d7c61	1626	1	125574	14.438	125574	14.3268	6519	25.6069	unclassified	chr22	40522394	40528434	474	6519	-	6053	6032	6021	13	8	11	60	0.927289	0.998176	0.994713	0
PBC68281_skip_005c8e05_8a23e469_75.pod5	dd02e4bb-7187-42a9-8a1d-f76e2bd873a3	8a23e469c315776043a099148a67107fc45d7c61	465	2	125573	13.262	125573	13.1556	6459	24.5044	unclassified	chr17	22139760	22146241	0	6456	+	6539	6398	6166	58	83	232	60	0.999536	0.963739	0.942958	0
PBC68281_skip_005c8e05_8a23e469_75.pod5	5dcf6fe3-f1bb-4c2c-8326-63d4321978ab	8a23e469c315776043a099148a67107fc45d7c61	420	4	125579	11.1092	125579	11.0172	4296	23.1034	unclassified	chrX	83494090	83498384	2	4280	+	4300	4272	4265	6	22	7	60	0.99581	0.998361	0.99186	0
PBC68281_skip_005c8e05_8a23e469_75.pod5	0663e113-3137-4539-928f-e8c16383d5cf	8a23e469c315776043a099148a67107fc45d7c61	614	2	125571	8.2928	125572	8.172	4458	35.7038	unclassified	chr5	49657837	49661867	0	3961	+	4239	3752	3290	209	278	462	1	0.888515	0.876866	0.776126	0
PBC68281_skip_005c8e05_8a23e469_75.pod5	09a7ed92-2be5-441e-b470-44b505f8610b	8a23e469c315776043a099148a67107fc45d7c61	419	2	125446	105.02	125446	105.018	45055	29.544	unclassified	chr3	152982157	153027151	6	45027	-	45109	44906	44844	115	88	62	60	0.999245	0.998619	0.994125	0
PBC68281_skip_005c8e05_8a23e469_75.pod5	bc7e578b-23b4-4662-afd2-b450ed22ee79	8a23e469c315776043a099148a67107fc45d7c61	373	2	125561	26.9672	125561	26.9652	2114	9.12281	unclassified	*	-1	-1	-1	-1	*	0	0	0	0	0	0	0	0	0	0	0
PBC68281_skip_005c8e05_8a23e469_75.pod5	64c900af-6dda-42e3-84d5-79ce9c21794c	8a23e469c315776043a099148a67107fc45d7c61	1838	4	125586	5.1144	125586	5.1124	2153	26.7942	unclassified	chr1	120571257	120573375	30	2153	+	2124	2117	2113	6	1	4	60	0.986066	0.998111	0.994821	0
PBC68281_skip_005c8e05_8a23e469_75.pod5	dea3ff2a-8b8a-4d70-8e1d-94e0ad1e6fdb	8a23e469c315776043a099148a67107fc45d7c61	1193	2	125578	12.8156	125578	12.7284	5502	23.1536	unclassified	chrX	149004580	149010078	0	5502	-	5510	5490	5472	12	8	18	60	1	0.996721	0.993103	0
PBC68281_skip_005c8e05_8a23e469_75.pod5	e84863bf-c23b-49f2-b803-17a56f768a6e	8a23e469c315776043a099148a67107fc45d7c61	563	1	125593	3.0788	125593	3.0768	760	2.64245	unclassified	*	-1	-1	-1	-1	*	0	0	0	0	0	0	0	0	0	0	0
PBC68281_skip_005c8e05_8a23e469_75.pod5	0534dfc7-51ca-4748-b51e-43c616ee9597	8a23e469c315776043a099148a67107fc45d7c61	2670	4	125580	10.4408	125580	10.2312	3624	24.5289	unclassified	chr4	88904985	88908614	0	3618	+	3629	3618	3615	0	11	3	60	0.998344	0.999171	0.996142	0
PBC68281_skip_005c8e05_8a23e469_75.pod5	1db13932-480e-4d14-9a3a-3ea9b78e4526	8a23e469c315776043a099148a67107fc45d7c61	932	2	125578	11.8184	125578	11.688	4138	27.9824	unclassified	chrX	17563952	17568092	0	4129	+	4145	4124	4119	5	16	5	60	0.997825	0.998788	0.993727	0
PBC68281_skip_005c8e05_8a23e469_75.pod5	dc2dfc1f-5469-4ba3-93d2-a11ab537fbf9	8a23e469c315776043a099148a67107fc45d7c61	1142	3	125594	1.3736	125594	1.3716	480	4.43172	unclassified	*	-1	-1	-1	-1	*	0	0	0	0	0	0	0	0	0	0	0
PBC68281_skip_005c8e05_8a23e469_75.pod5	0de5db40-7cae-4185-a952-30d18d05f881	8a23e469c315776043a099148a67107fc45d7c61	2462	4	125561	26.7776	125561	26.6232	10990	27.395	unclassified	chr15	30999482	31010449	6	10990	-	10993	10958	10941	26	9	17	60	0.999454	0.998449	0.99527	0
PBC68281_skip_005c8e05_8a23e469_75.pod5	4b132284-d938-4ae5-bc9d-fa187baeae63	8a23e469c315776043a099148a67107fc45d7c61	350	2	125565	24.4352	125565	24.3168	10242	11.4705	unclassified	chr15	98613447	98623896	6	10242	-	10636	10049	9661	187	400	388	60	0.999414	0.961389	0.90833	0
PBC68281_skip_005c8e05_8a23e469_75.pod5	c8adfd2b-a2e9-4c36-9a24-0033432b7c31	8a23e469c315776043a099148a67107fc45d7c61	2465	2	125581	11.3804	125581	11.2596	4148	27.1509	unclassified	chr7	158197857	158202099	6	4148	-	4248	4136	4124	6	106	12	60	0.998554	0.997099	0.97081	0
PBC68281_skip_005c8e05_8a23e469_75.pod5	726ef536-8ed0-4ede-a55b-60312d0241d9	8a23e469c315776043a099148a67107fc45d7c61	2461	3	125566	22.065	125566	22.063	8781	10.0905	unclassified	chr4	153615057	153624014	31	8776	+	9197	8505	8045	240	452	460	60	0.9959	0.945914	0.874742	0
PBC68281_skip_005c8e05_8a23e469_75.pod5	94c99d20-5bb3-4aa4-84e2-42777c965177	8a23e469c315776043a099148a67107fc45d7c61	1279	2	125583	13.07	125583	13.068	5251	28.3458	unclassified	chr8	92928722	92933925	9	5215	-	5208	5201	5199	5	2	2	60	0.99143	0.999615	0.998272	0
PBC68281_skip_005c8e05_8a23e469_75.pod5	5e0259d5-745e-4aa8-b08c-100702e82f7e	8a23e469c315776043a099148a67107fc45d7c61	2219	4	125563	28.0748	125563	27.9732	11017	26.7044	unclassified	chr7	22047898	22058926	0	11017	+	11044	11001	10987	16	27	14	60	1	0.998727	0.994839	0
PBC68281_skip_005c8e05_8a23e469_75.pod5	50f5ec17-8a8a-4114-97d0-95af055203e7	8a23e469c315776043a099148a67107fc45d7c61	776	4	125597	2.1048	125597	2.1028	535	2.96462	unclassified	*	-1	-1	-1	-1	*	0	0	0	0	0	0	0	0	0	0	0
PBC68281_skip_005c8e05_8a23e469_75.pod5	e007faa9-dce7-42c7-8d36-6353b7a5e9a2	8a23e469c315776043a099148a67107fc45d7c61	2618	2	125571	18.2952	125571	18.2932	7561	6.68539	unclassified	chrX	143612005	143619380	75	7530	+	7926	6904	6004	551	471	900	60	0.985981	0.869641	0.757507	0
PBC68281_skip_005c8e05_8a23e469_75.pod5	12c0f83b-51dd-4fac-8000-fc978402e60c	8a23e469c315776043a099148a67107fc45d7c61	436	3	125567	22.6088	125567	22.5048	9329	20.9652	unclassified	chr6	145247793	145257132	0	9320	+	9362	9297	9243	23	42	54	60	0.999035	0.994192	0.987289	0
PBC68281_skip_005c8e05_8a23e469_75.pod5	31f4ce51-f8e4-4e31-89fa-b60eae819e22	8a23e469c315776043a099148a67107fc45d7c61	1952	2	125442	105.374	125442	105.193	47709	23.5056	unclassified	chr1	244889358	244937143	0	47709	+	47893	47601	47486	108	184	115	60	1	0.997584	0.991502	0
PBC68281_skip_005c8e05_8a23e469_75.pod5	d4bd5f1c-efdc-46e7-9958-cce9b3ffb5cf	8a23e469c315776043a099148a67107fc45d7c61	2410	4	125555	33.9824	125555	33.8208	12999	26.9035	unclassified	chr21	8455234	8468082	8	12999	-	13118	12721	12695	270	127	26	36	0.999385	0.997956	0.967754	0
PBC68281_skip_005c8e05_8a23e469_75.pod5	3dfb20ff-e075-41e3-87d9-7090911aae7a	8a23e469c315776043a099148a67107fc45d7c61	1669	3	125456	115.555	125456	115.553	27136	5.12259	unclassified	chr2	175084659	175094371	17391	27060	+	10015	9366	8920	303	346	446	60	0.356316	0.952381	0.890664	0
PBC68281_skip_005c8e05_8a23e469_75.pod5	2842d066-9653-49b0-abd3-263d0a4e14cb	8a23e469c315776043a099148a67107fc45d7c61	286	3	125588	9.7508	125588	9.6036	3398	40.9685	unclassified	chr12	61539295	61542687	7	3398	-	3392	3391	3383	0	1	8	60	0.99794	0.997641	0.997347	0
PBC68281_skip_005c8e05_8a23e469_75.pod5	72df6f0f-7c53-400c-ab27-acc5656958d3	8a23e469c315776043a099148a67107fc45d7c61	35	4	125576	21.8972	125576	21.7092	4951	30.0283	unclassified	chrX	122723463	122728408	0	4945	+	4949	4941	4939	4	4	2	60	0.998788	0.999595	0.997979	0
PBC68281_skip_005c8e05_8a23e469_75.pod5	07033d2a-95a6-46d3-9e52-e91de085f60e	8a23e469c315776043a099148a67107fc45d7c61	728	2	125579	16.777	125579	16.775	6628	25.3947	unclassified	chr8	31071583	31078161	37	6620	+	6592	6569	6553	14	9	16	60	0.993211	0.997564	0.994084	0
PBC68281_skip_005c8e05_8a23e469_75.pod5	dce64b83-ed07-45df-97e5-5b6f67775d0b	8a23e469c315776043a099148a67107fc45d7c61	475	2	125581	15.1724	125582	15.0756	7026	26.9747	unclassified	chr12	42265060	42272084	9	7026	-	7035	7006	6999	11	18	7	60	0.998719	0.999001	0.994883	0
PBC68281_skip_005c8e05_8a23e469_75.pod5	c31bdee4-6bef-4579-ba17-aa60ac538215	8a23e469c315776043a099148a67107fc45d7c61	843	1	125578	15.8024	125578	15.7104	6987	25.3476	unclassified	chr1	193924717	193931706	0	6987	-	6994	6982	6971	5	7	11	60	1	0.998425	0.996711	0
PBC68281_skip_005c8e05_8a23e469_75.pod5	2236685d-7a5d-4a44-9322-af2e1b2487dc	8a23e469c315776043a099148a67107fc45d7c61	927	3	125572	14.626	125572	14.624	5803	26.4067	unclassified	chr1	17567390	17573149	8	5775	-	5772	5754	5748	13	5	6	60	0.993796	0.998957	0.995842	0
PBC68281_skip_005c8e05_8a23e469_75.pod5	f9a1381c-3e3b-436d-88e1-e0258a7436c3	8a23e469c315776043a099148a67107fc45d7c61	863	3	125571	25.964	125571	25.8456	10215	27.7496	unclassified	chr12	89721588	89731775	5	10215	-	10228	10169	10154	41	18	15	60	0.999511	0.998525	0.992765	0
PBC68281_skip_005c8e05_8a23e469_75.pod5	349376bd-1160-4ea7-8ef6-2bb780d26639	8a23e469c315776043a099148a67107fc45d7c61	1413	2	125572	15.6536	125573	15.5256	6240	25.5637	unclassified	chr19	5001423	5007434	233	6240	-	6023	5995	5982	12	16	13	60	0.96266	0.997832	0.993193	0
PBC68281_skip_005c8e05_8a23e469_75.pod5	e274603c-2907-4604-8ab4-be51439a607d	8a23e469c315776043a099148a67107fc45d7c61	2617	2	125567	20.1872	125567	20.0016	8354	22.2527	unclassified	chr5	17507148	17515495	5	8354	-	8364	8332	8286	17	15	46	60	0.999402	0.994479	0.990674	0
PBC68281_skip_005c8e05_8a23e469_75.pod5	ac109c9a-cf02-4617-a3c7-14bbca4df3ed	8a23e469c315776043a099148a67107fc45d7c61	2628	1	125569	24.8744	125569	24.6888	11703	29.1572	unclassified	chr11	8413891	8425593	0	11694	+	11708	11688	11675	6	14	13	60	0.999231	0.998888	0.997181	0
PBC68281_skip_005c8e05_8a23e469_75.pod5	5951b81e-fa78-4d8f-bdb6-d2a9c11b2b06	8a23e469c315776043a099148a67107fc45d7c61	1721	2	125569	16.3496	125569	16.1856	6756	26.9639	unclassified	chr13	43595153	43601906	7	6756	-	6760	6742	6720	7	11	22	60	0.998964	0.996737	0.994083	0
PBC68281_skip_005c8e05_8a23e469_75.pod5	2498be6f-1872-41f2-ba2b-bab943280af3	8a23e469c315776043a099148a67107fc45d7c61	29	4	125589	10.2752	125589	10.1688	4326	26.8623	unclassified	chr12	108953134	108957450	8	4326	-	4325	4309	4299	9	7	10	60	0.998151	0.997679	0.993988	0
PBC68281_skip_005c8e05_8a23e469_75.pod5	0bbf8abf-6fa5-480a-8cbc-3d2dee39d381	8a23e469c315776043a099148a67107fc45d7c61	2425	4	125576	11.8074	125576	11.8054	5971	30.2615	unclassified	chr5	99073075	99078995	30	5962	+	5933	5919	5917	13	1	2	60	0.993468	0.999662	0.997303	0
PBC68281_skip_005c8e05_8a23e469_75.pod5	6719b062-5dd4-4ff7-a136-5182695d1a8d	8a23e469c315776043a099148a67107fc45d7c61	2208	4	125551	35.702	125551	35.5812	12167	30.3209	unclassified	chr19	56897253	56909395	8	12167	-	12162	12139	12133	20	3	6	60	0.999343	0.999506	0.997616	0
PBC68281_skip_005c8e05_8a23e469_75.pod5	fd642555-7e08-4476-b057-b47b54f610ad	8a23e469c315776043a099148a67107fc45d7c61	1162	1	125545	34.6124	125545	34.512	15621	24.5886	unclassified	chr2	236317488	236333113	0	15615	+	15641	15599	15581	16	26	18	60	0.999616	0.998846	0.996164	0
PBC68281_skip_005c8e05_8a23e469_75.pod5	dee99c62-bfd6-41c5-8ce3-f28068ebcc48	8a23e469c315776043a099148a67107fc45d7c61	691	4	125541	43.13	125542	42.978	18322	25.7211	unclassified	chr11	59781346	59799687	0	18322	+	18355	18308	18283	14	33	25	60	1	0.998634	0.996077	0
PBC68281_skip_005c8e05_8a23e469_75.pod5	272372dd-55b4-4951-b1b8-d149c68cddf9	8a23e469c315776043a099148a67107fc45d7c61	2425	4	125588	11.0396	125588	10.95	5918	22.6749	unclassified	chr5	99073075	99078995	7	5918	-	5936	5895	5879	16	25	16	60	0.998817	0.997286	0.990398	0
PBC68281_skip_005c8e05_8a23e469_75.pod5	244377c9-768f-44f5-9107-d0ed1308b5dd	8a23e469c315776043a099148a67107fc45d7c61	381	1	125457	104.87	125457	104.711	44371	25.3943	unclassified	chr2	151579467	151623939	5	44371	-	44537	44301	44140	65	171	161	60	0.999887	0.996366	0.991086	0
PBC68281_skip_005c8e05_8a23e469_75.pod5	f1dd5a89-9b60-4ded-88a0-199002962d8c	8a23e469c315776043a099148a67107fc45d7c61	419	2	125560	22.0472	125560	21.9672	8432	22.509	unclassified	chr3	39706637	39715077	0	8426	+	8459	8407	8375	19	33	32	60	0.999288	0.996194	0.99007	0
PBC68281_skip_005c8e05_8a23e469_75.pod5	3a1b4390-d095-45b6-a9fb-8c3f6ec55b3f	8a23e469c315776043a099148a67107fc45d7c61	120	4	125582	16.7876	125582	16.7856	3982	3.30615	unclassified	*	-1	-1	-1	-1	*	0	0	0	0	0	0	0	0	0	0	0
PBC68281_skip_005c8e05_8a23e469_75.pod5	4cee3c3b-90ec-48a3-8ce0-3aa7566c4228	8a23e469c315776043a099148a67107fc45d7c61	2612	1	125578	19.8896	125578	19.7904	9228	26.2497	unclassified	chr4	132286705	132295933	0	9222	+	9236	9214	9199	8	14	15	60	0.99935	0.998372	0.995994	0
PBC68281_skip_005c8e05_8a23e469_75.pod5	6699e9ae-9e24-4b34-afe1-979a653e2af6	8a23e469c315776043a099148a67107fc45d7c61	563	1	125598	3.6386	125598	3.6366	820	2.1631	unclassified	*	-1	-1	-1	-1	*	0	0	0	0	0	0	0	0	0	0	0
PBC68281_skip_005c8e05_8a23e469_75.pod5	981c3a86-d498-4faf-9b9c-014d96b8768e	8a23e469c315776043a099148a67107fc45d7c61	2444	1	125578	22.0748	125578	22.0728	9089	16.3493	unclassified	chr14	51162583	51171640	29	9084	+	9143	8969	8877	86	88	92	60	0.996259	0.989742	0.970907	0
PBC68281_skip_005c8e05_8a23e469_75.pod5	45037ebd-2db8-4aff-9f04-70477b730374	8a23e469c315776043a099148a67107fc45d7c61	1227	1	125556	43.049	125556	43.047	17308	27.9536	unclassified	chr11	25413286	25430564	6	17279	-	17340	17211	16949	62	67	262	60	0.997978	0.984777	0.977451	0
PBC68281_skip_005c8e05_8a23e469_75.pod5	208d5817-2c65-429a-aec6-b836e56a5ef7	8a23e469c315776043a099148a67107fc45d7c61	2116	2	125598	3.74	125598	3.738	922	3.17915	unclassified	chr1	238757147	238757317	10	202	+	198	164	157	28	6	7	1	0.208243	0.957317	0.792929	0
PBC68281_skip_005c8e05_8a23e469_75.pod5	53705c4e-fe29-476e-acb0-80ac9a2d4586	8a23e469c315776043a099148a67107fc45d7c61	2556	2	125579	21.3452	125579	21.3432	8825	24.2885	unclassified	chr8	102051260	102059928	28	8674	+	8675	8639	8618	7	29	21	60	0.979717	0.997569	0.993429	0
PBC68281_skip_005c8e05_8a23e469_75.pod5	bab5fb14-4532-45da-abde-4ec968fda94d	8a23e469c315776043a099148a67107fc45d7c61	434	4	125585	17.8124	125585	17.7108	7258	29.2183	unclassified	chr5	36853012	36860265	0	7252	+	7254	7251	7246	1	2	5	60	0.999173	0.99931	0.998897	0
PBC68281_skip_005c8e05_8a23e469_75.pod5	8da1a76c-8160-4607-9dc9-be231b5fe4b9	8a23e469c315776043a099148a67107fc45d7c61	2862	4	125590	11.6544	125590	11.6524	3985	8.52985	unclassified	chr2	6423712	6427508	241	3949	-	3940	3564	3260	144	232	304	60	0.930489	0.914703	0.827411	0
PBC68281_skip_005c8e05_8a23e469_75.pod5	ad06e05d-c642-46ee-ae4b-7cb6d8e91006	8a23e469c315776043a099148a67107fc45d7c61	2617	2	125471	19.4036	125471	19.2588	6950	27.44	unclassified	chr12	111780337	111787282	10	6950	-	6949	6936	6929	4	9	7	60	0.998561	0.998991	0.997122	0
PBC68281_skip_005c8e05_8a23e469_75.pod5	e0b96828-fae1-49e8-beb5-e137a93e733a	8a23e469c315776043a099148a67107fc45d7c61	1640	1	125507	67.9858	125507	67.9838	29815	28.5545	unclassified	chr1	1476185	1505829	37	29806	+	29809	29604	29535	165	40	69	60	0.998457	0.997669	0.990808	0
PBC68281_skip_005c8e05_8a23e469_75.pod5	1c004716-dd7b-4d7c-84f0-0cf8428e6510	8a23e469c315776043a099148a67107fc45d7c61	563	1	125602	2.2796	125602	2.2776	527	4.04679	unclassified	*	-1	-1	-1	-1	*	0	0	0	0	0	0	0	0	0	0	0
PBC68281_skip_005c8e05_8a23e469_75.pod5	6def4c51-664b-4ad9-ac8b-a82e702d56f5	8a23e469c315776043a099148a67107fc45d7c61	1473	4	125598	4.6766	125598	4.6746	2170	9.58787	unclassified	chr10	56376074	56377716	556	2139	-	1682	1543	1449	40	99	94	60	0.729493	0.93908	0.861474	0
PBC68281_skip_005c8e05_8a23e469_75.pod5	0416a4ac-f9d4-48b1-9bcf-7eb36ec7d48b	8a23e469c315776043a099148a67107fc45d7c61	1142	3	125563	30.3572	125563	30.3552	10800	4.42071	unclassified	*	-1	-1	-1	-1	*	0	0	0	0	0	0	0	0	0	0	0
PBC68281_skip_005c8e05_8a23e469_75.pod5	00f81997-530d-42d6-8d8c-da26f27252a4	8a23e469c315776043a099148a67107fc45d7c61	388	2	125597	6.5768	125597	6.4896	2985	22.3419	unclassified	chr10	64167287	64170273	4	2985	-	2995	2972	2959	9	14	13	60	0.99866	0.995626	0.98798	0
PBC68281_skip_005c8e05_8a23e469_75.pod5	af24dbf7-50ab-4eac-96e3-8b934de7088d	8a23e469c315776043a099148a67107fc45d7c61	1288	3	125469	37.214	125469	37.1124	13727	28.9539	unclassified	chr21	9984298	9994476	0	10189	+	10198	10169	10142	20	9	27	60	0.74226	0.997345	0.994509	0
PBC68281_skip_005c8e05_8a23e469_75.pod5	989479f8-48c9-4026-a58e-c1e23aeed8ef	8a23e469c315776043a099148a67107fc45d7c61	1225	4	125529	67.5788	125529	67.4676	26492	21.3723	unclassified	chr2	125649107	125675631	2	26486	+	26624	26384	26253	100	140	131	60	0.999698	0.995035	0.986065	0
PBC68281_skip_005c8e05_8a23e469_75.pod5	242a6c8b-df6f-4692-9ed4-65ab1b5396dc	8a23e469c315776043a099148a67107fc45d7c61	1805	4	125551	36.8972	125551	36.8952	11615	14.0358	unclassified	chr15	67038707	67050379	34	11615	+	11824	11429	11175	152	243	254	60	0.997073	0.977776	0.945112	0
PBC68281_skip_005c8e05_8a23e469_75.pod5	7e405a80-8267-44e0-8244-4cdf2f2ad05d	8a23e469c315776043a099148a67107fc45d7c61	579	1	125587	15.5096	125587	15.3456	5282	18.2736	unclassified	chr14	101237674	101242969	0	5276	+	5321	5250	5204	26	45	46	60	0.998864	0.991238	0.978012	0
PBC68281_skip_005c8e05_8a23e469_75.pod5	fd019476-7914-448e-971c-4553c8edd10f	8a23e469c315776043a099148a67107fc45d7c61	2410	4	125589	14.4188	125589	14.3124	6059	30.0181	unclassified	chr10	113816164	113822215	0	6050	+	6054	6047	6041	3	4	6	60	0.998515	0.999008	0.997853	0
PBC68281_skip_005c8e05_8a23e469_75.pod5	eb5a0eb8-255e-4d5c-8aef-38aa439056c2	8a23e469c315776043a099148a67107fc45d7c61	826	4	125572	30.722	125572	30.72	15254	23.7855	unclassified	chr6	18313927	18329195	14	15254	+	15313	15195	15134	45	73	61	60	0.999082	0.995986	0.988311	0
PBC68281_skip_005c8e05_8a23e469_75.pod5	901958aa-1b1f-4a01-b5e5-5ee0e9fe7247	8a23e469c315776043a099148a67107fc45d7c61	1551	2	125603	1.8796	125603	1.8776	772	31.0502	unclassified	chr4	38371011	38371745	0	734	-	734	734	731	0	0	3	60	0.950777	0.995913	0.995913	0
PBC68281_skip_005c8e05_8a23e469_75.pod5	75fe4e67-386b-4a9c-b1b5-c19133e96618	8a23e469c315776043a099148a67107fc45d7c61	658	4	125596	7.568	125596	7.2552	1583	32.4464	unclassified	chr7	138255563	138257146	0	1583	-	1583	1583	1580	0	0	3	60	1	0.998105	0.998105	0
PBC68281_skip_005c8e05_8a23e469_75.pod5	5adb9608-b787-4033-94bc-07ea1bd9a0b1	8a23e469c315776043a099148a67107fc45d7c61	120	4	125602	2.9474	125602	2.9454	708	2.82932	unclassified	*	-1	-1	-1	-1	*	0	0	0	0	0	0	0	0	0	0	0
PBC68281_skip_005c8e05_8a23e469_75.pod5	43c59cad-99ca-46ed-b678-c33040f7eb28	8a23e469c315776043a099148a67107fc45d7c61	2618	2	125591	12.9854	125591	12.9834	2492	5.28164	unclassified	*	-1	-1	-1	-1	*	0	0	0	0	0	0	0	0	0	0	0
PBC68281_skip_005c8e05_8a23e469_75.pod5	0346ce96-cdbd-4279-902f-90f24c42575f	8a23e469c315776043a099148a67107fc45d7c61	861	4	125593	11.1344	125593	10.9656	3792	24.2539	unclassified	chr22	32380664	32384194	0	3532	+	3535	3527	3519	5	3	8	60	0.931435	0.997732	0.995474	0
PBC68281_skip_005c8e05_8a23e469_75.pod5	4f8aa795-c4bc-4183-becb-d3138b33ef1d	8a23e469c315776043a099148a67107fc45d7c61	120	4	125605	1.4078	125605	1.4058	338	3.37779	unclassified	*	-1	-1	-1	-1	*	0	0	0	0	0	0	0	0	0	0	0
PBC68281_skip_005c8e05_8a23e469_75.pod5	37cc4684-d497-4201-b411-246ff17580d7	8a23e469c315776043a099148a67107fc45d7c61	2625	1	125583	20.838	125583	20.836	4550	2.83957	unclassified	*	-1	-1	-1	-1	*	0	0	0	0	0	0	0	0	0	0	0
PBC68281_skip_005c8e05_8a23e469_75.pod5	2ef53b53-196a-41bf-b847-0e6073f26793	8a23e469c315776043a099148a67107fc45d7c61	343	2	125549	51.308	125549	51.1848	22557	27.1488	unclassified	chr8	71705072	71727601	3	22556	+	22575	22507	22440	46	22	67	60	0.999823	0.997023	0.99402	0
PBC68281_skip_005c8e05_8a23e469_75.pod5	67e7d96b-8160-4d9c-ac7b-adb7b5d18e41	8a23e469c315776043a099148a67107fc45d7c61	2670	4	125592	11.8982	125592	11.8962	4379	25.5032	unclassified	chr6	12625017	12629340	6	4351	-	4355	4313	4300	32	10	13	60	0.992236	0.996986	0.987371	0
PBC68281_skip_005c8e05_8a23e469_75.pod5	2c0be108-b5fd-44f6-a547-81fa4f9ffd3f	8a23e469c315776043a099148a67107fc45d7c61	326	3	125554	21.1604	125555	21.0612	8423	16.3598	unclassified	chrX	76014288	76022527	20	8423	-	8512	8130	8048	273	109	82	60	0.997626	0.989914	0.945489	0
PBC68281_skip_005c8e05_8a23e469_75.pod5	47a30725-6e9f-4e61-9c08-c156e9c74276	8a23e469c315776043a099148a67107fc45d7c61	78	2	125556	46.6736	125557	46.572	19620	28.9889	unclassified	chr2	35495910	35515551	0	19614	+	19654	19601	19520	13	40	81	60	0.999694	0.995868	0.993182	0
PBC68281_skip_005c8e05_8a23e469_75.pod5	c6706774-26cc-4c62-8ffc-272ce05c8d52	8a23e469c315776043a099148a67107fc45d7c61	1578	3	125606	1.5524	125606	1.4508	597	29.1582	unclassified	chr1	67319154	67319752	0	597	-	599	596	596	1	2	0	60	1	1	0.994992	0
PBC68281_skip_005c8e05_8a23e469_75.pod5	82e45780-b9ca-4e64-8561-6d2d73229c01	8a23e469c315776043a099148a67107fc45d7c61	1838	4	125601	4.4252	125601	4.2684	1806	19.3366	unclassified	chrX	12035860	12037517	0	1654	+	1661	1650	1640	4	7	10	60	0.915836	0.993939	0.987357	0
PBC68281_skip_005c8e05_8a23e469_75.pod5	5a19a29a-e24e-41fb-9d08-54b7192cc17b	8a23e469c315776043a099148a67107fc45d7c61	1413	2	125589	18.2486	125589	18.2466	6055	24.5715	unclassified	chr6	158358780	158364794	38	6048	+	6035	5989	5976	21	25	13	60	0.992568	0.997829	0.990224	0
PBC68281_skip_005c8e05_8a23e469_75.pod5	e55b2faa-2bef-4e30-a75f-c5be864711c1	8a23e469c315776043a099148a67107fc45d7c61	1807	4	125570	32.5436	125570	32.3748	12697	29.9661	unclassified	chr3	167911859	167924561	0	12693	+	12707	12688	12682	5	14	6	60	0.999685	0.999527	0.998033	0
PBC68281_skip_005c8e05_8a23e469_75.pod5	2d68cbeb-b38b-44da-9e17-1a87be7f9e9f	8a23e469c315776043a099148a67107fc45d7c61	841	4	125569	32.5844	125569	32.4084	12742	27.2562	unclassified	chr1	110616486	110629227	6	12742	-	12752	12725	12712	11	16	13	60	0.999529	0.998978	0.996863	0
PBC68281_skip_005c8e05_8a23e469_75.pod5	c110d844-bab2-4558-9e87-dd37fda6e3b0	8a23e469c315776043a099148a67107fc45d7c61	381	1	125574	28.2412	125574	28.2392	12655	19.2647	unclassified	chr5	98971325	98983967	27	12650	+	12700	12565	12463	58	77	102	60	0.997471	0.991882	0.981339	0
PBC68281_skip_005c8e05_8a23e469_75.pod5	998b8bfe-d414-4e71-81bc-f038c2815ae6	8a23e469c315776043a099148a67107fc45d7c61	845	4	125589	18.746	125589	18.6516	8327	26.0448	unclassified	chr3	78314545	78322874	5	8327	-	8341	8310	8298	12	19	12	60	0.9994	0.998556	0.994845	0
PBC68281_skip_005c8e05_8a23e469_75.pod5	f3ff08c4-8e5f-4681-b28a-8b56ecd54e11	8a23e469c315776043a099148a67107fc45d7c61	350	2	125590	15.1848	125590	15.1828	6111	11.5279	unclassified	chr3	19459723	19465877	43	6101	+	6277	5935	5710	123	219	225	60	0.991327	0.962089	0.90967	0
PBC68281_skip_005c8e05_8a23e469_75.pod5	a7e56cc6-be55-418b-a0e8-21639c222f91	8a23e469c315776043a099148a67107fc45d7c61	1721	2	125588	13.7394	125588	13.7374	5903	34.1902	unclassified	chr4	49105558	49111645	3	5861	-	6373	5572	4839	286	515	733	1	0.992377	0.868449	0.759297	0
PBC68281_skip_005c8e05_8a23e469_75.pod5	233a681f-bedd-4fd2-a96d-901d9f962f61	8a23e469c315776043a099148a67107fc45d7c61	922	4	125578	27.338	125578	27.2148	11039	27.1569	unclassified	chrX	104825816	104836846	6	11039	-	11043	11020	11006	13	10	14	60	0.999456	0.99873	0.996649	0
PBC68281_skip_005c8e05_8a23e469_75.pod5	bd73de71-c499-45d8-9589-babcbae32fbc	8a23e469c315776043a099148a67107fc45d7c61	1292	2	125604	5.9036	125604	5.9016	1466	2.13139	unclassified	*	-1	-1	-1	-1	*	0	0	0	0	0	0	0	0	0	0	0
PBC68281_skip_005c8e05_8a23e469_75.pod5	0c3545a2-cdda-4526-ab20-8feabdb13935	8a23e469c315776043a099148a67107fc45d7c61	691	4	125596	10.9916	125596	10.7772	4682	24.8479	unclassified	chr10	63406794	63411473	0	4677	+	4691	4665	4656	12	14	9	60	0.998932	0.998071	0.992539	0
PBC68281_skip_005c8e05_8a23e469_75.pod5	ff3375e4-9f34-4b0c-884e-d446a8d61908	8a23e469c315776043a099148a67107fc45d7c61	120	4	125607	2.6586	125607	2.6566	652	2.68429	unclassified	*	-1	-1	-1	-1	*	0	0	0	0	0	0	0	0	0	0	0
PBC68281_skip_005c8e05_8a23e469_75.pod5	d24498ac-8e53-4e3c-998b-822bc29b34eb	8a23e469c315776043a099148a67107fc45d7c61	2625	1	125604	4.5076	125604	4.5056	961	2.72419	unclassified	*	-1	-1	-1	-1	*	0	0	0	0	0	0	0	0	0	0	0
PBC68281_skip_005c8e05_8a23e469_75.pod5	115f5029-d683-4ca4-9f8e-f5965c7d4120	8a23e469c315776043a099148a67107fc45d7c61	1518	2	125596	10.0484	125596	9.5004	2371	21.1135	unclassified	chr5	125266468	125268832	0	2371	+	2375	2360	2353	11	4	7	60	1	0.997034	0.990737	0
PBC68281_skip_005c8e05_8a23e469_75.pod5	a18141b0-5629-430b-9294-6fb0c2f1b22a	8a23e469c315776043a099148a67107fc45d7c61	35	4	125600	7.2956	125600	7.1724	2740	28.1245	unclassified	chr1	32814676	32817414	8	2740	-	2739	2731	2725	1	7	6	60	0.99708	0.997803	0.994889	0
PBC68281_skip_005c8e05_8a23e469_75.pod5	73b643d3-5ac3-4bc2-b132-731573bddfe1	8a23e469c315776043a099148a67107fc45d7c61	598	4	125567	38.9384	125567	38.7312	11565	21.3791	unclassified	chr10	56730580	56742188	13	11565	-	11626	11534	11478	18	74	56	60	0.998876	0.995145	0.98727	0
PBC68281_skip_005c8e05_8a23e469_75.pod5	6cbbb3fa-064b-47ce-ac2c-bc958393d703	8a23e469c315776043a099148a67107fc45d7c61	1142	3	125595	14.3122	125595	14.3102	5330	4.57289	unclassified	*	-1	-1	-1	-1	*	0	0	0	0	0	0	0	0	0	0	0
PBC68281_skip_005c8e05_8a23e469_75.pod5	3f14e024-caac-4486-98c9-6b0c6097df1b	8a23e469c315776043a099148a67107fc45d7c61	388	2	125603	6.2564	125603	6.1608	2987	25.3061	unclassified	chr10	64167289	64170274	0	2981	+	2987	2979	2967	2	6	12	60	0.997991	0.995972	0.993304	0
PBC68281_skip_005c8e05_8a23e469_75.pod5	ae693f64-e78a-4a8f-b2da-d3cea716b321	8a23e469c315776043a099148a67107fc45d7c61	2628	1	125598	9.8216	125598	9.648	3947	25.8525	unclassified	chr18	25450031	25453974	0	3940	+	3948	3935	3924	5	8	11	60	0.998227	0.997205	0.993921	0
PBC68281_skip_005c8e05_8a23e469_75.pod5	09082b94-1995-434c-a0b7-c8052721e8e5	8a23e469c315776043a099148a67107fc45d7c61	2462	4	125594	12.7532	125595	12.5772	5324	27.7822	unclassified	chr10	26121948	26127268	6	5324	-	5326	5312	5305	6	8	7	60	0.998873	0.998682	0.996057	0
PBC68281_skip_005c8e05_8a23e469_75.pod5	e113c0e1-b480-4013-9274-d1336589b995	8a23e469c315776043a099148a67107fc45d7c61	526	1	125599	10.4008	125599	10.3988	7595	15.1135	unclassified	chr7	10527648	10535288	29	7593	+	7684	7520	7422	44	120	98	60	0.995918	0.986968	0.965903	0
PBC68281_skip_005c8e05_8a23e469_75.pod5	c76027fc-7dcf-4c5c-b98b-2d7db1d00797	8a23e469c315776043a099148a67107fc45d7c61	1372	1	125596	13.6408	125596	13.6388	4893	7.03653	unclassified	chr2	9042578	9047477	160	4811	-	5074	4476	4047	175	423	429	15	0.950542	0.904155	0.797596	0
PBC68281_skip_005c8e05_8a23e469_75.pod5	e41d50a9-92df-4adf-8c8e-1d82978dc4d4	8a23e469c315776043a099148a67107fc45d7c61	905	2	125595	12.6584	125595	12.5712	6027	29.7638	unclassified	chr17	43510880	43516890	5	6027	-	6027	6005	5992	17	5	13	60	0.99917	0.997835	0.994193	0
PBC68281_skip_005c8e05_8a23e469_75.pod5	c94d3b0e-1cac-4c35-81ab-e769a2babc5b	8a23e469c315776043a099148a67107fc45d7c61	1698	2	125598	9.7092	125598	9.7072	4407	23.8773	unclassified	chr4	153843008	153847372	6	4368	-	4368	4358	4339	4	6	19	60	0.989789	0.99564	0.993361	0
PBC68281_skip_005c8e05_8a23e469_75.pod5	ba3b9467-abbb-4951-97a2-e48a11592e56	8a23e469c315776043a099148a67107fc45d7c61	1489	3	125608	4.2396	125608	4.2376	1158	2.59729	unclassified	*	-1	-1	-1	-1	*	0	0	0	0	0	0	0	0	0	0	0
PBC68281_skip_005c8e05_8a23e469_75.pod5	03a48d41-422a-47a3-aab5-8de841dffef4	8a23e469c315776043a099148a67107fc45d7c61	1162	1	125604	6.1196	125604	5.958	2462	27.817	unclassified	chr20	12069795	12072255	6	2462	-	2461	2455	2451	1	5	4	60	0.997563	0.998371	0.995937	0
PBC68281_skip_005c8e05_8a23e469_75.pod5	95634c69-f81e-4f0c-a049-2a03fa9490ea	8a23e469c315776043a099148a67107fc45d7c61	1967	3	125596	13.6088	125596	13.4952	5645	29.225	unclassified	chrX	6496761	6502407	3	5645	-	5649	5639	5627	3	7	12	60	0.999469	0.997872	0.996105	0
PBC68281_skip_005c8e05_8a23e469_75.pod5	8bc9f154-e114-43cb-bc9a-772342f688e8	8a23e469c315776043a099148a67107fc45d7c61	1631	2	125589	18.7676	125589	18.7656	5070	15.8181	unclassified	chr17	79766263	79771246	0	5028	-	5052	4959	4912	69	24	47	60	0.991716	0.990522	0.972288	0
PBC68281_skip_005c8e05_8a23e469_75.pod5	f88acb38-15c1-47fb-a85b-8a8d16d206c6	8a23e469c315776043a099148a67107fc45d7c61	1162	1	125581	20.762	125581	20.6364	5600	25.0803	unclassified	chrY	11309654	11313171	2398	5592	-	3532	3179	2831	15	338	348	1	0.570357	0.890532	0.801529	0
PBC68281_skip_005c8e05_8a23e469_75.pod5	00f4d506-304a-4599-9972-203f67b3a457	8a23e469c315776043a099148a67107fc45d7c61	1015	3	125564	39.1544	125564	39.1524	17505	23.9937	unclassified	chr13	26822191	26839779	0	17468	-	17618	17438	17372	30	150	66	60	0.997886	0.996215	0.986037	0
PBC68281_skip_005c8e05_8a23e469_75.pod5	0376bb5e-4a91-4a4b-af96-c66807f9ec65	8a23e469c315776043a099148a67107fc45d7c61	286	3	125600	10.46	125600	10.2576	3413	22.7076	unclassified	chr4	126753865	126757270	6	3413	-	3417	3395	3379	12	10	16	60	0.998242	0.995287	0.988879	0
PBC68281_skip_005c8e05_8a23e469_75.pod5	87e533f2-e6ac-473a-97ab-b967d30b90c5	8a23e469c315776043a099148a67107fc45d7c61	2189	4	125538	70.1696	125538	70.0272	18119	27.6231	unclassified	chr18	169513	187606	8	18119	-	18131	18073	18064	38	20	9	60	0.999558	0.999502	0.996305	0
PBC68281_skip_005c8e05_8a23e469_75.pod5	02ce7952-8d05-41e1-8877-7ed1c0ea1a0a	8a23e469c315776043a099148a67107fc45d7c61	2410	4	125606	5.7044	125606	5.7024	2618	22.6651	unclassified	chr6	115685864	115688443	6	2580	-	2586	2567	2561	7	12	6	60	0.983193	0.997663	0.990333	0
PBC68281_skip_005c8e05_8a23e469_75.pod5	fb9de9e6-0288-4300-8e7a-510383646551	8a23e469c315776043a099148a67107fc45d7c61	2618	2	125611	2.0764	125611	2.0744	878	6.22439	unclassified	*	-1	-1	-1	-1	*	0	0	0	0	0	0	0	0	0	0	0
PBC68281_skip_005c8e05_8a23e469_75.pod5	0fd07759-a2a1-4bf6-afc8-2f9398e83d79	8a23e469c315776043a099148a67107fc45d7c61	1193	2	125609	3.4688	125609	3.3528	1374	23.5296	unclassified	chr4	181466402	181467808	0	1367	+	1407	1366	1355	1	40	11	60	0.994905	0.991947	0.963042	0
PBC68281_skip_005c8e05_8a23e469_75.pod5	16c8b082-ed5c-4813-9037-54eaa451668c	8a23e469c315776043a099148a67107fc45d7c61	2640	4	125584	21.9528	125584	21.9508	11853	22.7276	unclassified	chr19	7513941	7525771	12	11816	-	11859	11775	11741	29	55	34	60	0.995866	0.997113	0.99005	0
PBC68281_skip_005c8e05_8a23e469_75.pod5	877794ae-eea8-4d4f-aa9e-8397c7c74654	8a23e469c315776043a099148a67107fc45d7c61	1727	2	125501	95.5102	125501	95.5082	38656	13.7404	unclassified	chr16	55191585	55230317	39	38651	+	39420	37924	36953	688	808	971	60	0.998862	0.974396	0.937418	0
PBC68281_skip_005c8e05_8a23e469_75.pod5	019199a7-7ae1-4343-9c87-a3118cc97f3e	8a23e469c315776043a099148a67107fc45d7c61	439	2	125603	9.6524	125603	9.5388	4090	29.3926	unclassified	chr14	50056308	50060394	4	4090	-	4090	4082	4074	4	4	8	60	0.999022	0.99804	0.996088	0
PBC68281_skip_005c8e05_8a23e469_75.pod5	bfa475c5-1bed-4aaf-852f-5b7597525959	8a23e469c315776043a099148a67107fc45d7c61	728	2	125596	12.4238	125596	12.4218	5163	22.4075	unclassified	chr18	69399804	69404936	0	5123	-	5142	5113	5098	10	19	15	60	0.992253	0.997066	0.991443	0
PBC68281_skip_005c8e05_8a23e469_75.pod5	3b7f9406-490b-41a1-b198-11a9869f149c	8a23e469c315776043a099148a67107fc45d7c61	2625	1	125608	5.7386	125608	5.7366	1114	2.55803	unclassified	*	-1	-1	-1	-1	*	0	0	0	0	0	0	0	0	0	0	0
PBC68281_skip_005c8e05_8a23e469_75.pod5	5571b909-4b51-42de-bf02-e7c9e9386c1e	8a23e469c315776043a099148a67107fc45d7c61	2425	4	125600	10.9256	125600	10.8096	5704	27.3733	unclassified	chr4	30197157	30202857	0	5694	+	5713	5681	5676	13	19	5	60	0.998247	0.99912	0.993524	0
PBC68281_skip_005c8e05_8a23e469_75.pod5	878fcbca-8151-4792-87e2-8303c342285d	8a23e469c315776043a099148a67107fc45d7c61	2473	4	125586	21.4532	125586	21.3144	7858	27.7809	unclassified	chr1	150441940	150449789	1	7850	+	7857	7841	7833	8	8	8	60	0.998855	0.99898	0.996945	0
PBC68281_skip_005c8e05_8a23e469_75.pod5	30c87579-f6c7-4940-a869-822e23c67d1e	8a23e469c315776043a099148a67107fc45d7c61	344	4	125565	36.5508	125565	36.5488	15114	12.6553	unclassified	chr22	38716255	38731561	8	15072	-	15599	14771	14312	293	535	459	60	0.996692	0.968926	0.917495	0
PBC68281_skip_005c8e05_8a23e469_75.pod5	5e8d1ee4-4d3f-4800-a063-eb84dd74e0f4	8a23e469c315776043a099148a67107fc45d7c61	1786	2	125595	15.8504	125595	15.8484	6521	29.0656	unclassified	chr4	113732268	113738755	0	6486	-	6501	6472	6468	14	15	4	60	0.994633	0.999382	0.994924	0
PBC68281_skip_005c8e05_8a23e469_75.pod5	168a9f61-a34e-4a6f-a44c-f147d94e640a	8a23e469c315776043a099148a67107fc45d7c61	1759	3	125587	26.1892	125587	26.1872	4560	11.1045	unclassified	chr12	48543452	48547948	32	4551	+	4648	4367	4195	152	129	172	60	0.991009	0.960614	0.902539	0
PBC68281_skip_005c8e05_8a23e469_75.pod5	4a5a347a-e931-4b1f-b7b6-49cd08be6ac9	8a23e469c315776043a099148a67107fc45d7c61	1875	3	125593	22.1084	125593	22.1064	5114	3.44346	unclassified	*	-1	-1	-1	-1	*	0	0	0	0	0	0	0	0	0	0	0
PBC68281_skip_005c8e05_8a23e469_75.pod5	1b8fde5b-1d00-4e99-bf37-e4b3d0da8800	8a23e469c315776043a099148a67107fc45d7c61	888	4	125561	43.016	125561	42.9336	19604	19.6676	unclassified	chr14	98692802	98712412	7	19604	-	19690	19517	19420	80	93	97	60	0.999643	0.99503	0.986287	0
PBC68281_skip_005c8e05_8a23e469_75.pod5	a16c9d0c-a608-4bce-a78d-70e01a6b7625	8a23e469c315776043a099148a67107fc45d7c61	843	1	125594	17.9694	125594	17.9674	6760	18.1713	unclassified	chr15	23743962	23750719	0	6733	-	6790	6700	6639	33	57	61	60	0.996006	0.990896	0.977761	0
PBC68281_skip_005c8e05_8a23e469_75.pod5	3c04b82f-5477-4e09-9660-b884cc6ec870	8a23e469c315776043a099148a67107fc45d7c61	691	4	125610	5.4164	125610	5.286	2461	24.5145	unclassified	chr3	69613660	69616120	7	2461	-	2464	2450	2439	4	10	11	60	0.997156	0.99551	0.989854	0
PBC68281_skip_005c8e05_8a23e469_75.pod5	d084c5a9-a774-4bd7-8ebe-5324e9e21fe4	8a23e469c315776043a099148a67107fc45d7c61	1201	2	125607	7.8116	125607	7.6932	4119	24.3813	unclassified	chr10	125727244	125731366	0	4119	+	4128	4113	4102	6	9	11	60	1	0.997326	0.993702	0
PBC68281_skip_005c8e05_8a23e469_75.pod5	62aa428c-8024-4f9b-8d12-40a98dfae6b8	8a23e469c315776043a099148a67107fc45d7c61	614	2	125602	10.0412	125602	9.9012	4368	28.5787	unclassified	chr1	196744903	196749270	9	4368	-	4368	4358	4351	1	9	7	60	0.99794	0.998394	0.996108	0
PBC68281_skip_005c8e05_8a23e469_75.pod5	ef6e2971-c203-4af9-9aaf-a43e128222da	8a23e469c315776043a099148a67107fc45d7c61	465	2	125589	18.6584	125589	18.522	8443	26.9961	unclassified	chr8	44404934	44414930	0	8443	+	10000	8439	8354	4	1557	85	1	1	0.989928	0.8354	0
PBC68281_skip_005c8e05_8a23e469_75.pod5	207da014-a91c-4891-a62d-00d05b5d1577	8a23e469c315776043a099148a67107fc45d7c61	2442	4	125578	31.2112	125578	31.2092	8567	14.574	unclassified	chr22	42476735	42485288	4	8534	-	8687	8396	8210	134	157	186	60	0.995681	0.977847	0.94509	0
PBC68281_skip_005c8e05_8a23e469_75.pod5	ffa754b1-f689-435f-8f5a-644efe79d81b	8a23e469c315776043a099148a67107fc45d7c61	2116	2	125610	7.5412	125610	7.5392	1702	3.16452	unclassified	*	-1	-1	-1	-1	*	0	0	0	0	0	0	0	0	0	0	0
PBC68281_skip_005c8e05_8a23e469_75.pod5	a7d882ce-2d04-4ec6-8ba4-1a245c77c3e9	8a23e469c315776043a099148a67107fc45d7c61	465	2	125608	4.7972	125608	4.7952	1864	25.3199	unclassified	chr8	22169050	22170900	0	1854	-	1857	1847	1840	7	3	7	60	0.994635	0.99621	0.990845	0
PBC68281_skip_005c8e05_8a23e469_75.pod5	cd82bd9e-7eb6-411a-8f57-6092de45f163	8a23e469c315776043a099148a67107fc45d7c61	1227	1	125599	12.8996	125599	12.8004	5320	28.6005	unclassified	chr11	29915985	29921304	0	5317	+	5324	5312	5299	5	7	13	60	0.999436	0.997553	0.995304	0
PBC68281_skip_005c8e05_8a23e469_75.pod5	8e26cd2a-11f5-45e6-bab4-42c3efcb9aa3	8a23e469c315776043a099148a67107fc45d7c61	1142	3	125609	6.738	125609	6.736	2853	4.89069	unclassified	*	-1	-1	-1	-1	*	0	0	0	0	0	0	0	0	0	0	0
PBC68281_skip_005c8e05_8a23e469_75.pod5	6f9f09f7-07b4-4dde-b382-669f263165cf	8a23e469c315776043a099148a67107fc45d7c61	1555	2	125544	59.2448	125544	59.0952	24108	28.6911	unclassified	chr16	21029423	21053515	0	24099	+	24125	24066	24030	33	26	36	60	0.999627	0.998504	0.996062	0
PBC68281_skip_005c8e05_8a23e469_75.pod5	a4bd7baa-ae52-491d-a4c3-84f1b8baeb62	8a23e469c315776043a099148a67107fc45d7c61	2635	2	125592	17.9576	125592	17.8512	7200	29.4657	unclassified	chr10	87451647	87458839	5	7200	-	7197	7190	7178	5	2	12	12	0.999306	0.998331	0.99736	0
PBC68281_skip_005c8e05_8a23e469_75.pod5	4cb34c32-bab9-4570-bd2f-a2e93388fd32	8a23e469c315776043a099148a67107fc45d7c61	2115	1	125592	21.614	125592	21.4812	9315	24.7516	unclassified	chr18	62101958	62111272	0	9306	+	9328	9292	9276	14	22	16	60	0.999034	0.998278	0.994425	0
PBC68281_skip_005c8e05_8a23e469_75.pod5	74e8c4e3-220d-494f-bf1c-3c6842582ad3	8a23e469c315776043a099148a67107fc45d7c61	1626	1	125589	27.3224	125589	27.1704	11902	26.0011	unclassified	chr11	112288967	112300875	0	11902	-	11930	11880	11853	22	28	27	60	1	0.997727	0.993546	0
PBC68281_skip_005c8e05_8a23e469_75.pod5	6ed0316a-b40d-4596-bfc6-c118a8e24e51	8a23e469c315776043a099148a67107fc45d7c61	2215	3	125592	21.9224	125592	21.8124	8937	22.5851	unclassified	chr12	1976478	1985126	0	8931	+	8996	8583	8545	348	65	38	60	0.999329	0.995573	0.949867	0
PBC68281_skip_005c8e05_8a23e469_75.pod5	9dfb0612-52fd-419e-b5a2-1da255eb4695	8a23e469c315776043a099148a67107fc45d7c61	420	4	125591	25.8554	125591	25.8534	11216	24.9716	unclassified	chr2	224446836	224458030	40	11211	+	11211	11154	11122	17	40	32	60	0.995988	0.997131	0.992061	0
PBC68281_skip_005c8e05_8a23e469_75.pod5	c41dedbc-a29b-4ac3-849e-1cf7adb23f05	8a23e469c315776043a099148a67107fc45d7c61	922	4	125606	13.2548	125606	13.0476	5368	23.8706	unclassified	chr5	121666906	121672273	0	5368	-	5371	5364	5346	4	3	18	60	1	0.996644	0.995345	0
PBC68281_skip_005c8e05_8a23e469_75.pod5	73dd7525-70ac-409a-95c8-13864d8d8d3e	8a23e469c315776043a099148a67107fc45d7c61	1410	1	125588	27.2384	125588	27.1344	7476	17.5993	unclassified	chr7	74184759	74192184	0	7436	+	7476	7385	7341	51	40	44	60	0.99465	0.994042	0.981942	0
PBC68281_skip_005c8e05_8a23e469_75.pod5	2ffe64f5-812c-4407-b96c-ae54124388e0	8a23e469c315776043a099148a67107fc45d7c61	2116	2	125618	2.302	125618	2.3	589	2.90953	unclassified	*	-1	-1	-1	-1	*	0	0	0	0	0	0	0	0	0	0	0
PBC68281_skip_005c8e05_8a23e469_75.pod5	224778d4-ac5e-41ac-90b1-c122708414f1	8a23e469c315776043a099148a67107fc45d7c61	2042	4	125606	8.5868	125606	8.5848	5056	23.4249	unclassified	chr12	35998409	36003789	7	5043	-	5383	5033	4974	3	347	59	1	0.996044	0.988277	0.92402	0
PBC68281_skip_005c8e05_8a23e469_75.pod5	31e75e12-2128-4892-be29-669231927ec6	8a23e469c315776043a099148a67107fc45d7c61	2588	2	125581	30.7508	125581	30.6468	14683	16.2754	unclassified	chr8	4767687	4782394	0	14676	+	14854	14529	14323	147	178	206	60	0.999523	0.985821	0.964252	0
PBC68281_skip_005c8e05_8a23e469_75.pod5	394bdf4e-f1e3-450e-afd5-eb811118d490	8a23e469c315776043a099148a67107fc45d7c61	140	2	125611	4.8176	125611	4.6416	1856	29.7469	unclassified	chr17	33895070	33896917	9	1856	-	1848	1846	1846	1	1	0	60	0.995151	1	0.998918	0
PBC68281_skip_005c8e05_8a23e469_75.pod5	fe3b7b38-da70-4fb7-9e98-3a6250fadb2a	8a23e469c315776043a099148a67107fc45d7c61	2635	2	125615	3.8444	125615	3.7068	1230	17.7175	unclassified	chr19	47960315	47961280	0	965	+	966	964	962	1	1	2	60	0.784553	0.997925	0.995859	0
PBC68281_skip_005c8e05_8a23e469_75.pod5	3190a593-fd1e-40af-aee3-5266a386d6e8	8a23e469c315776043a099148a67107fc45d7c61	343	2	125602	11.9648	125603	11.8716	5688	24.5915	unclassified	chr1	87482445	87488125	11	5688	-	5687	5670	5665	7	10	5	60	0.998066	0.999118	0.996132	0
PBC68281_skip_005c8e05_8a23e469_75.pod5	b2410b67-7550-4439-9366-792f01bb03d6	8a23e469c315776043a099148a67107fc45d7c61	877	4	125521	84.3584	125521	84.1944	26196	28.2364	unclassified	chr6	115846659	115872883	0	26189	+	26233	26180	26164	9	44	16	60	0.999733	0.999389	0.99737	0
PBC68281_skip_005c8e05_8a23e469_75.pod5	c572bd5f-117a-4b69-a15c-778f0f001c60	8a23e469c315776043a099148a67107fc45d7c61	1786	2	125612	5.0216	125612	4.9176	2381	22.8096	unclassified	chr4	178190594	178192973	0	2374	+	2382	2371	2357	3	8	14	60	0.99706	0.994095	0.989505	0
PBC68281_skip_005c8e05_8a23e469_75.pod5	95a9c7ba-b123-4a02-a07e-bf3166c3b78e	8a23e469c315776043a099148a67107fc45d7c61	843	1	125613	5.6792	125614	5.5728	2260	20.3188	unclassified	chr1	158366465	158368275	450	2260	-	1810	1810	1810	0	0	0	60	0.800885	1	1	0
PBC68281_skip_005c8e05_8a23e469_75.pod5	08c89e61-c2ce-4b91-a71a-e19ac64fb1dd	8a23e469c315776043a099148a67107fc45d7c61	419	2	125593	21.2612	125593	21.102	7063	32.0972	unclassified	chr12	35997561	36004614	0	7057	+	7060	7050	6901	7	3	149	1	0.999151	0.978865	0.977479	0
PBC68281_skip_005c8e05_8a23e469_75.pod5	3001a182-1838-41d5-b519-db0002515e58	8a23e469c315776043a099148a67107fc45d7c61	526	1	125610	9.2084	125610	9.1428	5464	15.1792	unclassified	chr20	30271635	30277095	18	5464	-	5523	5383	5315	63	77	68	60	0.996706	0.987368	0.962339	0
PBC68281_skip_005c8e05_8a23e469_75.pod5	5e76c16d-282c-412f-9252-15a9caf6e4de	8a23e469c315776043a099148a67107fc45d7c61	436	3	125598	21.512	125599	21.3456	8182	30.0091	unclassified	chr16	14190217	14198389	0	8175	+	8184	8163	8161	12	9	2	60	0.999144	0.999755	0.99719	0
PBC68281_skip_005c8e05_8a23e469_75.pod5	e36a84dc-64d1-4e6c-8df8-f9edc833bad4	8a23e469c315776043a099148a67107fc45d7c61	78	2	125610	5.4644	125610	5.352	2232	26.5061	unclassified	chr3	62367080	62369299	8	2232	-	2224	2219	2218	5	0	1	60	0.996416	0.999549	0.997302	0
PBC68281_skip_005c8e05_8a23e469_75.pod5	31e9964c-fc00-4fa9-a3c4-5abbf4f98be7	8a23e469c315776043a099148a67107fc45d7c61	932	2	125590	23.4464	125590	23.2524	11131	22.0266	unclassified	chr2	125348228	125359344	7	11131	-	11151	11089	11041	35	27	48	60	0.999371	0.995671	0.990135	0
PBC68281_skip_005c8e05_8a23e469_75.pod5	09ef46f5-573e-4c0d-a445-a2f452aa4911	8a23e469c315776043a099148a67107fc45d7c61	35	4	125611	5.7092	125611	5.5716	2549	22.7715	unclassified	chrX	139425802	139428353	8	2549	-	2553	2539	2534	2	12	5	60	0.996862	0.998031	0.992558	0
PBC68281_skip_005c8e05_8a23e469_75.pod5	c9436416-d26a-4788-89b2-adc05fdb3680	8a23e469c315776043a099148a67107fc45d7c61	120	4	125621	1.7688	125621	1.7668	370	2.35507	unclassified	*	-1	-1	-1	-1	*	0	0	0	0	0	0	0	0	0	0	0
PBC68281_skip_005c8e05_8a23e469_75.pod5	cf735d0a-08b8-49da-a09c-c1d81f69cf22	8a23e469c315776043a099148a67107fc45d7c61	120	4	125615	5.8182	125615	5.8162	1353	2.68021	unclassified	*	-1	-1	-1	-1	*	0	0	0	0	0	0	0	0	0	0	0
PBC68281_skip_005c8e05_8a23e469_75.pod5	4dfa62b4-edac-45ca-8b20-da7a0cdc84ed	8a23e469c315776043a099148a67107fc45d7c61	2461	3	125601	19.1352	125601	19.1332	8215	10.0684	unclassified	chr5	130939298	130947662	41	8210	+	8550	7983	7561	186	381	422	60	0.994401	0.947138	0.884327	0
PBC68281_skip_005c8e05_8a23e469_75.pod5	2926fe0b-1e8c-4507-8df3-a93ebd24b338	8a23e469c315776043a099148a67107fc45d7c61	1838	4	125608	11.3468	125609	11.2116	3936	26.4112	unclassified	chrX	35929627	35933555	7	3936	-	3931	3926	3921	3	2	5	60	0.998222	0.998726	0.997456	0
PBC68281_skip_005c8e05_8a23e469_75.pod5	f488db2c-9e72-46bf-9ccb-3f15c75ad8a8	8a23e469c315776043a099148a67107fc45d7c61	140	2	125620	2.1452	125620	2.0436	805	33.5646	unclassified	chr11	17112743	17113537	0	794	+	794	794	793	0	0	1	60	0.986335	0.998741	0.998741	0
PBC68281_skip_005c8e05_8a23e469_75.pod5	4a6b4072-7580-4d67-ae21-5f6ff477a422	8a23e469c315776043a099148a67107fc45d7c61	2116	2	125621	2.4662	125621	2.4642	624	3.34115	unclassified	*	-1	-1	-1	-1	*	0	0	0	0	0	0	0	0	0	0	0
PBC68281_skip_005c8e05_8a23e469_75.pod5	d623cc92-f885-4774-9db5-700abd99abd7	8a23e469c315776043a099148a67107fc45d7c61	2923	3	125575	42.1508	125576	42.03	14304	28.6476	unclassified	chr19	19911185	19925481	0	14299	+	14319	14276	14247	23	20	29	60	0.99965	0.997969	0.994972	0
PBC68281_skip_005c8e05_8a23e469_75.pod5	2495212b-0f81-495d-890d-5fea67581543	8a23e469c315776043a099148a67107fc45d7c61	344	4	125602	18.8082	125602	18.8062	6721	13.8712	unclassified	chr20	41765415	41772125	31	6715	+	6834	6560	6373	124	150	187	60	0.994495	0.971494	0.932543	0
PBC68281_skip_005c8e05_8a23e469_75.pod5	aebb6030-082a-42eb-a998-bfa6cec2fc19	8a23e469c315776043a099148a67107fc45d7c61	1413	2	125617	3.4196	125617	3.3492	1376	27.3075	unclassified	chr7	139325020	139326396	5	1376	-	1376	1371	1366	0	5	5	60	0.996366	0.996353	0.992733	0
PBC68281_skip_005c8e05_8a23e469_75.pod5	ae0c5535-2f70-4694-9248-66b0bc5ce151	8a23e469c315776043a099148a67107fc45d7c61	2532	4	125613	9.3764	125613	9.27	4251	31.0501	unclassified	chr3	39552699	39556944	10	4251	-	4248	4238	4232	3	7	6	60	0.997648	0.998584	0.996234	0
PBC68281_skip_005c8e05_8a23e469_75.pod5	1b185c49-a87d-4739-bc0d-8ba9498e840d	8a23e469c315776043a099148a67107fc45d7c61	2654	4	125602	15.452	125602	15.3696	7579	30.9261	unclassified	chr1	144824505	144831027	10	7579	-	7642	6449	6423	1120	73	26	60	0.998681	0.995968	0.840487	0
PBC68281_skip_005c8e05_8a23e469_75.pod5	af6dd82e-1909-4c0b-92fb-9761ff706657	8a23e469c315776043a099148a67107fc45d7c61	824	1	125577	38.9936	125577	38.8632	17763	25.1706	unclassified	chrX	3018147	3035889	0	17751	+	17791	17702	17640	49	40	62	60	0.999324	0.996498	0.991513	0
PBC68281_skip_005c8e05_8a23e469_75.pod5	af953ac9-a72f-41c0-af08-933a7c668751	8a23e469c315776043a099148a67107fc45d7c61	1142	3	125616	5.6148	125616	5.6128	2258	4.71957	unclassified	*	-1	-1	-1	-1	*	0	0	0	0	0	0	0	0	0	0	0
PBC68281_skip_005c8e05_8a23e469_75.pod5	47d01705-a386-4065-a675-9e00e9f04754	8a23e469c315776043a099148a67107fc45d7c61	1963	3	125600	13.1732	125600	13.0716	5811	27.8767	unclassified	chr9	18493148	18498957	0	5811	-	5819	5801	5796	10	8	5	60	1	0.999138	0.996047	0
PBC68281_skip_005c8e05_8a23e469_75.pod5	8e91d120-0fbd-4175-86a7-1b8e5b5213db	8a23e469c315776043a099148a67107fc45d7c61	2866	2	125599	22.5776	125599	22.4844	8510	12.8128	unclassified	chr2	189398565	189406915	155	8510	-	8486	8219	8010	136	131	209	60	0.981786	0.974571	0.943908	0
PBC68281_skip_005c8e05_8a23e469_75.pod5	36f148fd-752e-4b64-a8a3-dd95a7d9dab5	8a23e469c315776043a099148a67107fc45d7c61	1110	4	125615	8.96	125615	8.8608	3831	26.1164	unclassified	chrX	150105302	150109132	0	3831	-	3836	3825	3822	6	5	3	60	1	0.999216	0.99635	0
PBC68281_skip_005c8e05_8a23e469_75.pod5	5ac21295-00f0-4bd3-929d-64144e150f60	8a23e469c315776043a099148a67107fc45d7c61	934	4	125612	10.9916	125613	10.7316	4322	26.2037	unclassified	chr4	116607014	116611202	0	4180	+	4191	4177	4164	3	11	13	60	0.967145	0.996888	0.993558	0
PBC68281_skip_005c8e05_8a23e469_75.pod5	538ddf3b-696a-4f9d-95f7-ea055c025d21	8a23e469c315776043a099148a67107fc45d7c61	1727	2	125601	16.4858	125601	16.4838	7236	16.7335	unclassified	chr13	48355949	48363174	0	7194	-	7276	7143	7059	51	82	84	60	0.994196	0.98824	0.970176	0
PBC68281_skip_005c8e05_8a23e469_75.pod5	cfaeb91e-7a4a-4723-a2a5-ac77aee2d12b	8a23e469c315776043a099148a67107fc45d7c61	2297	3	125554	53.912	125554	53.8224	22241	23.0099	unclassified	chr15	93313634	93334265	0	20557	-	20668	20520	20449	37	111	71	60	0.924284	0.99654	0.989404	0
