filename	read_id	run_id	channel	mux	start_time	duration	template_start	template_duration	sequence_length_template	mean_qscore_template	barcode	alignment_genome	alignment_genome_start	alignment_genome_end	alignment_strand_start	alignment_strand_end	alignment_direction	alignment_length	alignment_num_aligned	alignment_num_correct	alignment_num_insertions	alignment_num_deletions	alignment_num_substitutions	alignment_mapq	alignment_strand_coverage	alignment_identity	alignment_accuracy	alignment_bed_hits
PBE64913_skip_063df7c3_28887eb2_40.pod5	ef1c7113-394e-47f9-bd38-b1cb58e22358	28887eb2dd71b2d61668f65dd373b08db80b7c51	898	3	28366.9	2.132	28367.1	1.968	742	26.735	unclassified	chr5	7713453	7714188	0	734	+	736	733	730	1	2	3	60	0.989218	0.995907	0.991848	0
PBE64913_skip_063df7c3_28887eb2_40.pod5	f077e915-64d5-4749-b770-d5e43f502246	28887eb2dd71b2d61668f65dd373b08db80b7c51	1968	1	28360.3	2.564	28360.4	2.472	1004	32.3394	unclassified	chrX	32828352	32829360	0	1004	-	1008	1004	1003	0	4	1	60	1	0.999004	0.99504	0
PBE64913_skip_063df7c3_28887eb2_40.pod5	25a06718-7535-4a86-a6c5-c297ea0dd9f9	28887eb2dd71b2d61668f65dd373b08db80b7c51	2289	1	28371.2	1.8992	28371.4	1.752	800	25.9214	unclassified	chr9	16682572	16683374	0	800	+	802	800	798	0	2	2	60	1	0.9975	0.995012	0
PBE64913_skip_063df7c3_28887eb2_40.pod5	bc16cb97-2419-4361-8dc8-f6a67c5be43e	28887eb2dd71b2d61668f65dd373b08db80b7c51	916	2	28363.7	2.2748	28363.8	2.1156	895	30.5872	unclassified	chr13	53918778	53919663	8	895	-	887	885	884	2	0	1	60	0.991061	0.99887	0.996618	0
PBE64913_skip_063df7c3_28887eb2_40.pod5	f180881b-8b7a-466d-af83-cb67a782dc70	28887eb2dd71b2d61668f65dd373b08db80b7c51	2368	1	28360.4	1.9932	28360.4	1.9912	1087	21.4523	unclassified	chr2	201673084	201674120	36	1075	+	1040	1035	1033	4	1	2	60	0.955842	0.998068	0.993269	0
PBE64913_skip_063df7c3_28887eb2_40.pod5	8415e440-64e3-4314-b1cf-feeed897c7a9	28887eb2dd71b2d61668f65dd373b08db80b7c51	1595	1	28363.3	3.3908	28363.5	3.2628	1346	25.7575	unclassified	chr3	192448431	192449771	0	1341	+	1341	1340	1339	1	0	1	60	0.996285	0.999254	0.998509	0
PBE64913_skip_063df7c3_28887eb2_40.pod5	d9e315f5-4975-4489-9db3-70f2240c25df	28887eb2dd71b2d61668f65dd373b08db80b7c51	2432	1	28369.3	2.7056	28369.5	2.5536	919	39.5609	unclassified	chr9	15973950	15974869	0	919	+	919	919	916	0	0	3	60	1	0.996736	0.996736	0
PBE64913_skip_063df7c3_28887eb2_40.pod5	23e1a115-fb9d-4d0b-b578-d4d82113abb8	28887eb2dd71b2d61668f65dd373b08db80b7c51	2395	1	28365.7	4.2428	28365.8	4.1388	1698	24.7819	unclassified	chr3	140842705	140844397	5	1698	-	1696	1689	1684	4	3	5	60	0.997055	0.99704	0.992925	0
PBE64913_skip_063df7c3_28887eb2_40.pod5	8eea1e67-6ca0-45b0-8a30-7849d29846b6	28887eb2dd71b2d61668f65dd373b08db80b7c51	1888	2	28368.9	3.998	28369.1	3.8364	1471	24.6853	unclassified	chr5	71880150	71881605	18	1471	-	1455	1453	1452	0	2	1	60	0.987763	0.999312	0.997938	0
PBE64913_skip_063df7c3_28887eb2_40.pod5	8b2f6788-0e70-495a-9244-5215a69f6e55	28887eb2dd71b2d61668f65dd373b08db80b7c51	917	1	28366.9	3.1266	28366.9	3.1246	1095	36.0142	unclassified	chr1	28557784	28558852	0	1063	-	1068	1063	1063	0	5	0	60	0.970776	1	0.995318	0
PBE64913_skip_063df7c3_28887eb2_40.pod5	80024643-2744-4aa8-a65f-b5156218245b	28887eb2dd71b2d61668f65dd373b08db80b7c51	2863	1	28368.6	1.7802	28368.6	1.7782	784	10.4442	unclassified	chr9	28161067	28161815	10	747	-	763	722	663	15	26	59	60	0.940051	0.918283	0.868938	0
PBE64913_skip_063df7c3_28887eb2_40.pod5	689772f4-a80b-446d-9275-27533ca46579	28887eb2dd71b2d61668f65dd373b08db80b7c51	2632	3	28367.1	4.5452	28367.3	4.3788	1707	25.4153	unclassified	chrX	55488344	55490039	7	1701	+	1695	1694	1690	0	1	4	60	0.992384	0.997639	0.99705	0
PBE64913_skip_063df7c3_28887eb2_40.pod5	37af3b1d-bceb-4b76-97f0-2b9cd84b01e6	28887eb2dd71b2d61668f65dd373b08db80b7c51	813	1	28359.9	2.8494	28359.9	2.8474	644	3.34535	unclassified	*	-1	-1	-1	-1	*	0	0	0	0	0	0	0	0	0	0	0
PBE64913_skip_063df7c3_28887eb2_40.pod5	5de6e757-4b89-4572-b010-b5f4c6d3a7be	28887eb2dd71b2d61668f65dd373b08db80b7c51	1222	2	28357.7	8.576	28357.7	8.574	3296	32.4918	unclassified	chr9	42743714	42746976	32	3287	+	3263	3254	3251	1	8	3	60	0.987561	0.999078	0.996322	0
PBE64913_skip_063df7c3_28887eb2_40.pod5	77764922-9432-4f67-aaae-ba0400fe3728	28887eb2dd71b2d61668f65dd373b08db80b7c51	145	2	28353.3	13.91	28353.5	13.7364	6050	21.6099	unclassified	chr13	41973640	41979678	0	6043	+	6059	6022	6003	21	16	19	60	0.998843	0.996845	0.990758	0
PBE64913_skip_063df7c3_28887eb2_40.pod5	7576dd14-b74a-400d-a6da-5c6cb59ba476	28887eb2dd71b2d61668f65dd373b08db80b7c51	1102	1	28363.9	4.3146	28363.9	4.3126	791	3.84287	unclassified	*	-1	-1	-1	-1	*	0	0	0	0	0	0	0	0	0	0	0
PBE64913_skip_063df7c3_28887eb2_40.pod5	0259ec65-52e7-4679-9c66-0713fbe3f8fe	28887eb2dd71b2d61668f65dd373b08db80b7c51	886	2	28356.9	4.2768	28356.9	4.2748	1637	26.6922	unclassified	chr15	43687823	43689427	5	1607	-	1604	1602	1599	0	2	3	12	0.978619	0.998127	0.996883	0
PBE64913_skip_063df7c3_28887eb2_40.pod5	646a3cff-20e6-415d-8755-f6d00f32cf27	28887eb2dd71b2d61668f65dd373b08db80b7c51	849	3	28353.6	13.6112	28353.7	13.5072	5568	37.499	unclassified	chr1	123145544	123151161	6	5568	-	5626	5553	5210	9	64	343	1	0.998922	0.938232	0.926058	0
PBE64913_skip_063df7c3_28887eb2_40.pod5	31cace2d-44b2-4424-a095-14d21f9180bc	28887eb2dd71b2d61668f65dd373b08db80b7c51	1627	1	28363.8	9.1532	28363.9	9.0852	4021	26.0457	unclassified	chr8	8578207	8582221	9	4021	-	4022	4004	3996	8	10	8	60	0.997762	0.998002	0.993536	0
PBE64913_skip_063df7c3_28887eb2_40.pod5	3af96ff4-92c2-442a-9f7b-ef637d0d5a07	28887eb2dd71b2d61668f65dd373b08db80b7c51	1544	1	28343	24.0872	28343.1	24.0048	12529	10.7509	unclassified	chr4	49316336	49327540	1746	12522	+	11532	10448	9310	328	756	1138	13	0.860085	0.89108	0.807319	0
PBE64913_skip_063df7c3_28887eb2_40.pod5	0d3d0cc0-479f-45c3-b79f-918528bd2616	28887eb2dd71b2d61668f65dd373b08db80b7c51	327	2	28370.2	3.0188	28370.3	2.8692	1340	24.9426	unclassified	chr12	50237258	50238589	0	1329	+	1331	1329	1329	0	2	0	60	0.991791	1	0.998497	0
PBE64913_skip_063df7c3_28887eb2_40.pod5	bbf169af-4076-4dce-89dc-9298ab7be8f4	28887eb2dd71b2d61668f65dd373b08db80b7c51	1184	4	28364.9	3.7472	28365	3.6672	1806	29.815	unclassified	chr6	44758665	44760471	0	1806	+	1806	1806	1805	0	0	1	60	1	0.999446	0.999446	0
PBE64913_skip_063df7c3_28887eb2_40.pod5	07fd3dbe-8b09-4853-a7ba-73fc96afaeec	28887eb2dd71b2d61668f65dd373b08db80b7c51	1109	2	28356.6	6.2	28356.8	6.0216	2417	28.6795	unclassified	chr13	42131012	42133424	0	2412	+	2412	2412	2412	0	0	0	60	0.997931	1	1	0
PBE64913_skip_063df7c3_28887eb2_40.pod5	eedc0566-273b-4200-a470-140b451ef009	28887eb2dd71b2d61668f65dd373b08db80b7c51	1056	4	28355.2	8.2568	28355.4	8.0928	3411	28.5487	unclassified	chr19	42689454	42692854	2	3404	+	3407	3395	3392	7	5	3	60	0.997361	0.999116	0.995597	0
PBE64913_skip_063df7c3_28887eb2_40.pod5	591e8a86-ecd9-4a7e-8c21-209029e1ada4	28887eb2dd71b2d61668f65dd373b08db80b7c51	1339	2	28356.5	6.8168	28356.7	6.6624	3201	29.6406	unclassified	chr14	82746664	82749851	0	3193	+	3197	3183	3177	10	4	6	60	0.997501	0.998115	0.993744	0
PBE64913_skip_063df7c3_28887eb2_40.pod5	e1c9b88a-1f69-4d41-832a-ae7034d42fc0	28887eb2dd71b2d61668f65dd373b08db80b7c51	869	4	28359.4	3.7974	28359.4	3.7954	1447	39.4283	unclassified	chr20	55445459	55446863	6	1411	-	1405	1404	1403	1	0	1	60	0.970974	0.999288	0.998577	0
PBE64913_skip_063df7c3_28887eb2_40.pod5	4bc45715-6ae2-498c-8077-dc2100ababe8	28887eb2dd71b2d61668f65dd373b08db80b7c51	1535	1	28356.7	5.9372	28356.8	5.8524	2289	25.9179	unclassified	chr15	94908860	94911138	0	2281	+	2283	2276	2265	5	2	11	60	0.996505	0.995167	0.992116	0
PBE64913_skip_063df7c3_28887eb2_40.pod5	ef8efac4-7550-446b-a868-43073168192e	28887eb2dd71b2d61668f65dd373b08db80b7c51	2278	1	28354.8	6.7172	28355	6.5892	2806	24.325	unclassified	chr1	94057423	94060225	0	2801	+	2808	2795	2785	6	7	10	60	0.998218	0.996422	0.991809	0
PBE64913_skip_063df7c3_28887eb2_40.pod5	d85e5581-9377-4ede-9218-d3a5c944e025	28887eb2dd71b2d61668f65dd373b08db80b7c51	715	4	28361.3	6.2732	28361.4	6.186	2615	24.2376	unclassified	chr3	146492481	146495107	0	2613	+	2630	2609	2602	4	17	7	60	0.999235	0.997317	0.989354	0
PBE64913_skip_063df7c3_28887eb2_40.pod5	7c3d1424-4ffe-44cf-b949-f5481a4238a5	28887eb2dd71b2d61668f65dd373b08db80b7c51	1613	2	28356.6	5.6672	28356.7	5.5704	2497	25.3639	unclassified	chr22	35325526	35328019	0	2489	+	2493	2489	2484	0	4	5	60	0.996796	0.997991	0.99639	0
PBE64913_skip_063df7c3_28887eb2_40.pod5	d15bc5f2-8b6e-4117-8a2b-96333296b6fb	28887eb2dd71b2d61668f65dd373b08db80b7c51	1851	4	28365.4	2.4622	28365.4	2.4602	1145	9.32971	unclassified	chr11	100106712	100107757	20	1068	+	1082	1011	959	37	34	52	60	0.915284	0.948566	0.886322	0
PBE64913_skip_063df7c3_28887eb2_40.pod5	1c5fe671-77fe-438f-9dfd-f3908b334914	28887eb2dd71b2d61668f65dd373b08db80b7c51	1266	3	28355.8	8.8916	28355.9	8.796	3825	28.4165	unclassified	chr5	122451972	122455785	9	3825	-	3819	3810	3806	6	3	4	60	0.997647	0.99895	0.996596	0
PBE64913_skip_063df7c3_28887eb2_40.pod5	e456168b-fbcc-48f8-9e20-e3ab468ddf58	28887eb2dd71b2d61668f65dd373b08db80b7c51	2584	2	28366.2	4.0796	28366.3	3.9684	2047	23.4708	unclassified	chr19	46828514	46830557	0	2040	+	2059	2024	2015	16	19	9	60	0.99658	0.995553	0.97863	0
PBE64913_skip_063df7c3_28887eb2_40.pod5	ef0f1bdc-b075-499f-8ee6-a2188516133d	28887eb2dd71b2d61668f65dd373b08db80b7c51	159	4	28360.5	7.028	28360.5	7.026	3027	26.9703	unclassified	chr21	9331996	9334981	39	3022	+	2994	2974	2955	9	11	19	60	0.985464	0.993611	0.986974	0
PBE64913_skip_063df7c3_28887eb2_40.pod5	dc688d32-f6a6-42cd-a005-86abd700d715	28887eb2dd71b2d61668f65dd373b08db80b7c51	2851	1	28303.9	56.7764	28304	56.5944	24207	30.3335	unclassified	chr4	131600766	131624982	0	24200	+	24236	24180	24143	20	36	37	60	0.999711	0.99847	0.996163	0
PBE64913_skip_063df7c3_28887eb2_40.pod5	66ea62e6-e208-4d91-bbec-9611648b7706	28887eb2dd71b2d61668f65dd373b08db80b7c51	1090	4	28367.5	3.3824	28367.6	3.3	1379	29.1987	unclassified	chr1	241201692	241203064	0	1372	+	1376	1368	1366	4	4	2	60	0.994924	0.998538	0.992733	0
PBE64913_skip_063df7c3_28887eb2_40.pod5	d521a2ef-dbf0-4fc9-8efc-5a4be8899b59	28887eb2dd71b2d61668f65dd373b08db80b7c51	1092	3	28361.3	5.4212	28361.5	5.304	2177	27.0666	unclassified	chr15	31955272	31957442	7	2177	-	2172	2168	2166	2	2	2	60	0.996785	0.999077	0.997238	0
PBE64913_skip_063df7c3_28887eb2_40.pod5	c72bbcf4-7a8b-492d-81f4-89a622d38971	28887eb2dd71b2d61668f65dd373b08db80b7c51	1462	2	28357.1	4.2106	28357.1	4.2086	2861	18.9805	unclassified	chr6	139718705	139721541	32	2856	+	2850	2810	2790	14	26	20	60	0.987067	0.992883	0.978947	0
PBE64913_skip_063df7c3_28887eb2_40.pod5	f8b083cb-49eb-4a5a-a7db-280624503aa8	28887eb2dd71b2d61668f65dd373b08db80b7c51	930	3	28359.1	6.4196	28359.3	6.2568	2644	32.8682	unclassified	chr2	148598885	148601527	6	2644	-	2644	2636	2634	2	6	2	60	0.997731	0.999241	0.996218	0
PBE64913_skip_063df7c3_28887eb2_40.pod5	1ae792d9-e8ee-47d4-a2f0-91cc48fee5e8	28887eb2dd71b2d61668f65dd373b08db80b7c51	1851	4	28349.3	12.6784	28349.3	12.6764	5539	10.5573	unclassified	chr11	100099532	100105166	32	5537	+	5774	5365	5089	140	269	276	60	0.993862	0.948555	0.881365	0
PBE64913_skip_063df7c3_28887eb2_40.pod5	4597392a-d48e-40c6-831d-8f9c4cde257e	28887eb2dd71b2d61668f65dd373b08db80b7c51	624	4	28356.5	4.0256	28356.5	4.0236	1747	17.9014	unclassified	chr17	81995271	81996988	0	1708	-	1724	1701	1684	7	16	17	60	0.977676	0.990006	0.976798	0
PBE64913_skip_063df7c3_28887eb2_40.pod5	3bccc29c-dc59-4fb6-a060-9a85d28a61e8	28887eb2dd71b2d61668f65dd373b08db80b7c51	2032	1	28361.5	6.2814	28361.5	6.2794	1648	3.19387	unclassified	*	-1	-1	-1	-1	*	0	0	0	0	0	0	0	0	0	0	0
PBE64913_skip_063df7c3_28887eb2_40.pod5	e6584b6f-a591-4a69-ad8b-facd73518dc2	28887eb2dd71b2d61668f65dd373b08db80b7c51	1678	2	28363	2.87	28363.1	2.7732	1159	26.4939	unclassified	chr8	81242313	81243470	0	1159	+	1161	1155	1154	4	2	1	60	1	0.999134	0.993971	0
PBE64913_skip_063df7c3_28887eb2_40.pod5	9e9d3a89-ae8a-410c-8106-4c3bcf33c4e0	28887eb2dd71b2d61668f65dd373b08db80b7c51	2080	4	28359.3	7.6808	28359.4	7.5804	2728	18.85	unclassified	chr1	214815248	214817973	0	2728	-	2737	2716	2698	12	9	18	60	1	0.993373	0.985751	0
PBE64913_skip_063df7c3_28887eb2_40.pod5	fb5bcb11-642a-4739-9ad8-d23ec4c9b2c7	28887eb2dd71b2d61668f65dd373b08db80b7c51	2214	2	28350.6	10.1816	28350.7	10.0464	4191	31.6472	unclassified	chr10	26485802	26489985	0	4183	+	4184	4182	4181	1	1	1	60	0.998091	0.999761	0.999283	0
PBE64913_skip_063df7c3_28887eb2_40.pod5	4afdfce2-127b-4692-9d36-8af39c98f2b9	28887eb2dd71b2d61668f65dd373b08db80b7c51	580	1	28353.2	9.3632	28353.3	9.2568	4291	24.0825	unclassified	chrX	96977679	96981971	0	4285	+	4302	4275	4264	10	17	11	60	0.998602	0.997427	0.991167	0
PBE64913_skip_063df7c3_28887eb2_40.pod5	6aa68c21-a30a-4a02-89e7-7151d1af4100	28887eb2dd71b2d61668f65dd373b08db80b7c51	2077	2	28354.3	11.1584	28354.4	11.0256	4526	27.5428	unclassified	chr19	55698685	55703199	0	4520	+	4527	4507	4495	13	7	12	60	0.998674	0.997337	0.992931	0
PBE64913_skip_063df7c3_28887eb2_40.pod5	9c5c2234-a922-409c-917b-3cb136ecb151	28887eb2dd71b2d61668f65dd373b08db80b7c51	818	4	28359.7	13.3724	28359.8	13.2348	5631	26.3219	unclassified	chr7	1823111	1828835	0	5624	+	5732	5616	5584	8	108	32	60	0.998757	0.994302	0.97418	0
PBE64913_skip_063df7c3_28887eb2_40.pod5	981a25f4-3601-4aa2-9ad6-6d2a14885a6d	28887eb2dd71b2d61668f65dd373b08db80b7c51	524	1	28338.9	29.016	28338.9	29.014	14403	21.0765	unclassified	chr5	91941031	91955404	38	14397	+	14418	14314	14228	45	59	86	60	0.996945	0.993992	0.986822	0
PBE64913_skip_063df7c3_28887eb2_40.pod5	0f8b0323-59c3-4242-91b1-224039b7db93	28887eb2dd71b2d61668f65dd373b08db80b7c51	2302	1	28365.8	6.1676	28365.9	6.054	1938	28.8486	unclassified	chr7	56738676	56740597	8	1938	-	1934	1917	1907	13	4	10	49	0.995872	0.994784	0.986039	0
PBE64913_skip_063df7c3_28887eb2_40.pod5	8220ccca-eeec-4bdb-b952-4f7038de1068	28887eb2dd71b2d61668f65dd373b08db80b7c51	2181	2	28361.4	9.8	28361.5	9.7104	4569	28.1304	unclassified	chr13	83220001	83224564	6	4569	-	4566	4560	4548	3	3	12	60	0.998687	0.997368	0.996058	0
PBE64913_skip_063df7c3_28887eb2_40.pod5	8ad379cc-52ab-42d0-81d9-db65cd5d7299	28887eb2dd71b2d61668f65dd373b08db80b7c51	2903	2	28348.2	19.2096	28348.2	19.2076	7963	27.1926	unclassified	chr4	90427479	90435403	9	7936	-	7932	7919	7916	8	5	3	60	0.995479	0.999621	0.997983	0
PBE64913_skip_063df7c3_28887eb2_40.pod5	4ec5182a-b0dd-4236-90ab-58bad6e44c42	28887eb2dd71b2d61668f65dd373b08db80b7c51	1841	1	28360.6	6.4844	28360.7	6.378	2454	25.155	unclassified	chr5	132101337	132103785	0	2449	+	2454	2443	2438	6	5	5	60	0.997963	0.997953	0.99348	0
PBE64913_skip_063df7c3_28887eb2_40.pod5	fbdfb06d-34e1-42fa-b82d-330a4cfb9e2f	28887eb2dd71b2d61668f65dd373b08db80b7c51	780	1	28355	7.4624	28355.1	7.3176	2960	24.0213	unclassified	chrX	55484236	55487195	0	2953	+	2960	2952	2944	1	7	8	60	0.997635	0.99729	0.994595	0
PBE64913_skip_063df7c3_28887eb2_40.pod5	a51231b8-7f96-4fb3-8e0f-52fdfde5b5d0	28887eb2dd71b2d61668f65dd373b08db80b7c51	1294	3	28361	10.0244	28361.1	9.8784	4209	25.0166	unclassified	chr11	74942248	74946424	6	4209	-	4206	4173	4158	30	3	15	60	0.998574	0.996405	0.988588	0
PBE64913_skip_063df7c3_28887eb2_40.pod5	ba517f3e-680a-4da9-b022-b024aa5deb88	28887eb2dd71b2d61668f65dd373b08db80b7c51	2632	3	28348.8	18.2312	28349	18.0744	6785	29.3724	unclassified	chr8	67128122	67134902	0	6778	+	6781	6777	6775	1	3	2	60	0.998968	0.999705	0.999115	0
PBE64913_skip_063df7c3_28887eb2_40.pod5	9c6afcb2-85c0-4520-834f-68c7df9de66b	28887eb2dd71b2d61668f65dd373b08db80b7c51	1369	3	28365	6.4076	28365.1	6.294	2807	30.1748	unclassified	chr8	98306283	98309080	0	2800	+	2802	2795	2792	5	2	3	60	0.997506	0.998927	0.996431	0
PBE64913_skip_063df7c3_28887eb2_40.pod5	20f418a4-e104-40b4-bba3-18be69780f1d	28887eb2dd71b2d61668f65dd373b08db80b7c51	2672	2	28352.2	18.2432	28352.3	18.1824	8031	25.9397	unclassified	chr8	25097568	25105594	0	8024	+	8038	8012	8001	12	14	11	60	0.999128	0.998627	0.995397	0
PBE64913_skip_063df7c3_28887eb2_40.pod5	24dbd35f-d389-4afc-8a5c-59c4196ed85f	28887eb2dd71b2d61668f65dd373b08db80b7c51	2704	4	28348.2	24.4508	28348.3	24.306	10515	27.1842	unclassified	chr15	48694918	48705412	9	10515	-	10517	10483	10453	23	11	30	60	0.999144	0.997138	0.993915	0
PBE64913_skip_063df7c3_28887eb2_40.pod5	f3e75644-63e4-4371-b52f-66280e09a8ba	28887eb2dd71b2d61668f65dd373b08db80b7c51	2064	2	28365.5	3.6352	28365.5	3.6332	1035	28.2861	unclassified	chr11	110935945	110936934	41	1030	+	989	989	986	0	0	3	60	0.955556	0.996967	0.996967	0
PBE64913_skip_063df7c3_28887eb2_40.pod5	2b4bc4c2-0df5-4361-ac4b-eaa1313bb262	28887eb2dd71b2d61668f65dd373b08db80b7c51	770	3	28366.6	6.5624	28366.7	6.444	2857	25.8243	unclassified	chr2	87518825	87521682	0	2857	+	2862	2852	2848	5	5	4	60	1	0.998598	0.995108	0
PBE64913_skip_063df7c3_28887eb2_40.pod5	64aa0d24-7828-44ad-97ab-fb2c6852f370	28887eb2dd71b2d61668f65dd373b08db80b7c51	618	1	28363.5	6.326	28363.6	6.222	2914	25.4424	unclassified	chr3	28556076	28558980	4	2914	-	2911	2903	2900	7	1	3	60	0.998627	0.998967	0.996221	0
PBE64913_skip_063df7c3_28887eb2_40.pod5	bb6a50ac-8090-48c1-8933-05e7bdde6150	28887eb2dd71b2d61668f65dd373b08db80b7c51	1306	1	28350.2	12.902	28350.3	12.7956	5616	26.3494	unclassified	chr10	38926997	38932559	0	5608	+	5657	5513	5311	95	49	202	19	0.998576	0.963359	0.938837	0
PBE64913_skip_063df7c3_28887eb2_40.pod5	a803256a-70ce-4d1b-94c9-c901bc9dd5a5	28887eb2dd71b2d61668f65dd373b08db80b7c51	640	4	28336.3	26.4032	28336.5	26.1288	5454	26.3303	unclassified	chr14	25558805	25564242	0	5448	+	5454	5431	5416	17	6	15	60	0.9989	0.997238	0.993033	0
PBE64913_skip_063df7c3_28887eb2_40.pod5	e21417b2-e897-473f-a476-062c91330148	28887eb2dd71b2d61668f65dd373b08db80b7c51	2278	1	28361.8	6.068	28361.9	5.9736	2806	26.8828	unclassified	chr1	94057423	94060224	5	2806	-	2804	2798	2791	3	3	7	60	0.998218	0.997498	0.995364	0
PBE64913_skip_063df7c3_28887eb2_40.pod5	38e58949-b170-4622-84de-8ac5f405ff77	28887eb2dd71b2d61668f65dd373b08db80b7c51	2077	2	28365.7	7.874	28365.8	7.7412	3272	29.5174	unclassified	chr3	66387294	66390566	0	3266	+	3273	3265	3259	1	7	6	60	0.998166	0.998162	0.995723	0
PBE64913_skip_063df7c3_28887eb2_40.pod5	ccf98e97-31b5-49ae-8332-ae78631b51b0	28887eb2dd71b2d61668f65dd373b08db80b7c51	2169	1	28359.3	10.5756	28359.3	10.5736	4476	13.9333	unclassified	chr19	44805823	44810280	5	4430	-	4515	4367	4290	58	90	77	60	0.988606	0.982368	0.950166	0
PBE64913_skip_063df7c3_28887eb2_40.pod5	67e48b0f-68df-4252-8566-fddd0a003670	28887eb2dd71b2d61668f65dd373b08db80b7c51	803	2	28362.5	6.539	28362.5	6.537	2621	11.7027	unclassified	chr22	23369277	23371876	32	2616	+	2660	2523	2442	61	76	81	60	0.985883	0.967895	0.918045	0
PBE64913_skip_063df7c3_28887eb2_40.pod5	c6a6df30-9cce-4ce9-9702-07c6570dd2e4	28887eb2dd71b2d61668f65dd373b08db80b7c51	50	1	28355.4	15.2204	28355.5	15.1188	6533	27.0233	unclassified	chr12	24875281	24881801	7	6533	-	6528	6518	6505	8	2	13	60	0.998928	0.998006	0.996477	0
PBE64913_skip_063df7c3_28887eb2_40.pod5	7c15ada6-0b0a-4b33-bf9e-c0f103f7b9d9	28887eb2dd71b2d61668f65dd373b08db80b7c51	2985	3	28343.4	17.2348	28343.4	17.2328	7257	11.839	unclassified	chr18	30725677	30732930	38	7249	+	7434	7030	6790	181	223	240	60	0.993661	0.965861	0.913371	0
PBE64913_skip_063df7c3_28887eb2_40.pod5	5ac24c49-a8b1-45d1-9f45-39c65f3e85cc	28887eb2dd71b2d61668f65dd373b08db80b7c51	910	1	28342.7	10.2296	28342.8	10.164	4007	13.7701	unclassified	chr5	85818684	85822461	0	4007	+	4018	3766	3756	241	11	10	60	1	0.997345	0.934793	0
PBE64913_skip_063df7c3_28887eb2_40.pod5	c4630d42-ee27-47f7-a385-fd0c4f141d84	28887eb2dd71b2d61668f65dd373b08db80b7c51	2617	3	28351.3	21.3068	28351.4	21.1704	8252	23.0093	unclassified	chr7	151057612	151065878	0	8246	+	8284	8228	8210	18	38	18	60	0.999273	0.997812	0.991067	0
PBE64913_skip_063df7c3_28887eb2_40.pod5	d5599d50-5040-41c7-ab43-ebf29a5cdb8b	28887eb2dd71b2d61668f65dd373b08db80b7c51	293	2	28355.8	6.0872	28355.9	5.9592	2505	34.2625	unclassified	chr4	49103192	49106119	34	2500	-	3006	2387	2088	79	540	299	3	0.984431	0.874738	0.694611	0
PBE64913_skip_063df7c3_28887eb2_40.pod5	c749ffa2-ad28-4525-9bc3-a052ada77562	28887eb2dd71b2d61668f65dd373b08db80b7c51	1584	2	28362.4	3.0788	28362.5	2.9316	1168	29.2125	unclassified	chr7	18762532	18763696	0	1162	+	1164	1162	1162	0	2	0	60	0.994863	1	0.998282	0
PBE64913_skip_063df7c3_28887eb2_40.pod5	58e7d614-92f2-4b30-9414-845805d97359	28887eb2dd71b2d61668f65dd373b08db80b7c51	1040	1	28345.5	16.8452	28345.7	16.6644	4011	30.6966	unclassified	chr15	49673077	49677081	5	4011	-	4006	4004	4001	2	0	3	60	0.998753	0.999251	0.998752	0
PBE64913_skip_063df7c3_28887eb2_40.pod5	fe13c7ef-1894-4432-b276-d0d26b06d1ea	28887eb2dd71b2d61668f65dd373b08db80b7c51	1627	1	28353.8	9.932	28354	9.7944	4019	29.026	unclassified	chr8	8578207	8582221	0	4012	+	4016	4010	4000	2	4	10	60	0.998258	0.997506	0.996016	0
PBE64913_skip_063df7c3_28887eb2_40.pod5	fd96c406-59f0-4074-834e-c30ed9a5375f	28887eb2dd71b2d61668f65dd373b08db80b7c51	2522	1	28356.8	11.7968	28357	11.64	4380	31.5744	unclassified	chr16	30977328	30981701	0	4372	+	4374	4371	4370	1	2	1	60	0.998174	0.999771	0.999085	0
PBE64913_skip_063df7c3_28887eb2_40.pod5	7f2d5e28-a3f6-4da3-a033-f614d0c54491	28887eb2dd71b2d61668f65dd373b08db80b7c51	1791	1	28348.5	14.9792	28348.6	14.8584	6621	27.2431	unclassified	chr2	78703092	78709702	0	6614	+	6616	6608	6599	6	2	9	60	0.998943	0.998638	0.99743	0
PBE64913_skip_063df7c3_28887eb2_40.pod5	3997e94a-1bf5-428b-b214-ee33459c72b8	28887eb2dd71b2d61668f65dd373b08db80b7c51	2911	2	28348.1	13.1084	28348.2	12.9924	6211	31.22	unclassified	chr5	78852849	78859052	0	6205	+	6207	6201	6197	4	2	4	60	0.999034	0.999355	0.998389	0
PBE64913_skip_063df7c3_28887eb2_40.pod5	e8b0361c-cc39-44ff-8650-50bd690b7112	28887eb2dd71b2d61668f65dd373b08db80b7c51	2642	3	28349.2	24.6452	28349.3	24.5316	9095	30.2832	unclassified	chr3	136906070	136915170	0	9089	+	9105	9084	9067	5	16	17	60	0.99934	0.998129	0.995826	0
PBE64913_skip_063df7c3_28887eb2_40.pod5	43e91eb9-10ef-4d5a-b533-617352c90c42	28887eb2dd71b2d61668f65dd373b08db80b7c51	295	1	28342.9	19.9784	28343.1	19.7856	8331	29.6319	unclassified	chr4	60938383	60946707	0	8324	+	8334	8314	8290	10	10	24	60	0.99916	0.997113	0.99472	0
PBE64913_skip_063df7c3_28887eb2_40.pod5	7ce858a1-0e4b-4a67-84e1-714d1761b33d	28887eb2dd71b2d61668f65dd373b08db80b7c51	2187	3	28341.3	20.017	28341.3	20.015	7873	25.0101	unclassified	chr5	168629867	168637655	78	7868	+	7798	7780	7765	10	8	15	60	0.989458	0.998072	0.995768	0
PBE64913_skip_063df7c3_28887eb2_40.pod5	0a7e2712-7a3b-4d15-bf64-01e2472645d9	28887eb2dd71b2d61668f65dd373b08db80b7c51	2064	2	28345.1	20.348	28345.2	20.2392	7625	26.7541	unclassified	chr4	56174382	56182006	8	7625	-	7636	7605	7593	12	19	12	60	0.998951	0.998422	0.994369	0
PBE64913_skip_063df7c3_28887eb2_40.pod5	a8fa56ac-80b8-4b9a-97a2-800ba4f081da	28887eb2dd71b2d61668f65dd373b08db80b7c51	1678	2	28336.7	26.1954	28336.7	26.1934	12088	31.5711	unclassified	chr7	62089736	62101826	45	12078	+	12093	12030	12006	3	60	24	14	0.99545	0.998005	0.992806	0
PBE64913_skip_063df7c3_28887eb2_40.pod5	04972d5e-9950-4da5-9b0c-dccef36d0c94	28887eb2dd71b2d61668f65dd373b08db80b7c51	2576	3	28350.1	12.2052	28350.1	12.2032	5050	40.0175	unclassified	chr1	143215800	143221429	30	5043	+	6003	4639	4519	374	990	120	1	0.992673	0.974132	0.75279	0
PBE64913_skip_063df7c3_28887eb2_40.pod5	c468179b-9230-4169-b733-273359943502	28887eb2dd71b2d61668f65dd373b08db80b7c51	2566	1	28341	21.08	28341.1	20.9448	6537	34.3217	unclassified	chr1	123267050	123273926	3	6537	-	6881	6529	6111	5	347	418	1	0.999541	0.935978	0.888098	0
PBE64913_skip_063df7c3_28887eb2_40.pod5	832bfe43-5a0b-4f60-9c5f-4a8fc7f84952	28887eb2dd71b2d61668f65dd373b08db80b7c51	2584	2	28359.5	6.6904	28359.5	6.6884	2082	30.5873	unclassified	chr19	46828512	46830557	4	2044	-	2050	2035	2026	5	10	9	60	0.979827	0.995577	0.988293	0
PBE64913_skip_063df7c3_28887eb2_40.pod5	9f5de2cb-92e4-44b9-a86d-36f89f30c019	28887eb2dd71b2d61668f65dd373b08db80b7c51	284	3	28356.3	8.3948	28356.3	8.3316	3621	25.4821	unclassified	chr1	28183753	28187371	6	3621	-	3622	3611	3607	4	7	4	60	0.998343	0.998892	0.995859	0
PBE64913_skip_063df7c3_28887eb2_40.pod5	a437b620-2174-45dc-abab-2cb0c59f1b29	28887eb2dd71b2d61668f65dd373b08db80b7c51	1109	2	28363	3.6632	28363.1	3.5424	1406	35.0267	unclassified	chr15	32978536	32979937	0	1399	+	1403	1397	1394	2	4	3	60	0.995021	0.997853	0.993585	0
PBE64913_skip_063df7c3_28887eb2_40.pod5	d93fc4f6-1f0b-4437-85c1-d6209fa94402	28887eb2dd71b2d61668f65dd373b08db80b7c51	770	3	28358.1	8.396	28358.2	8.2968	3621	20.0187	unclassified	chr11	112792847	112796480	0	3621	-	3639	3615	3587	6	18	28	60	1	0.992254	0.98571	0
PBE64913_skip_063df7c3_28887eb2_40.pod5	c8c6f609-a3e5-44f7-b884-6328e0c19fad	28887eb2dd71b2d61668f65dd373b08db80b7c51	2167	2	28359.5	6.723	28359.5	6.721	1291	3.19476	unclassified	*	-1	-1	-1	-1	*	0	0	0	0	0	0	0	0	0	0	0
PBE64913_skip_063df7c3_28887eb2_40.pod5	b44bbeba-c5f1-443d-acd0-8047e85231d1	28887eb2dd71b2d61668f65dd373b08db80b7c51	2633	4	28346.9	19.0042	28346.9	19.0022	4969	18.2716	unclassified	chr17	65517828	65522684	6	4852	-	4860	4842	4826	4	14	16	60	0.975247	0.996696	0.993004	0
PBE64913_skip_063df7c3_28887eb2_40.pod5	69957643-03cf-4105-b675-3c87a4f29038	28887eb2dd71b2d61668f65dd373b08db80b7c51	2694	1	28346.8	19.285	28346.8	19.283	7785	26.9944	unclassified	chr2	201455000	201462750	31	7778	+	7753	7744	7740	3	6	4	60	0.995119	0.999483	0.998323	0
PBE64913_skip_063df7c3_28887eb2_40.pod5	d18c6901-d1c4-4419-9c4e-bb96a0754c57	28887eb2dd71b2d61668f65dd373b08db80b7c51	1089	3	28357	9.602	28357.1	9.5052	4200	23.7694	unclassified	chr9	130655405	130659606	0	4194	+	4205	4190	4183	4	11	7	60	0.998571	0.998329	0.994768	0
PBE64913_skip_063df7c3_28887eb2_40.pod5	49ca32ca-c4a1-4099-bbd8-dac90624d360	28887eb2dd71b2d61668f65dd373b08db80b7c51	655	1	28354.6	11.0972	28354.6	11.0952	3897	24.9092	unclassified	chr22	31013350	31017204	6	3866	-	3867	3847	3841	13	7	6	60	0.990506	0.99844	0.993276	0
PBE64913_skip_063df7c3_28887eb2_40.pod5	adbfdb47-615f-4c20-bfba-37cb9c877221	28887eb2dd71b2d61668f65dd373b08db80b7c51	317	2	28346.2	18.6344	28346.3	18.5232	8690	29.1733	unclassified	chr10	94841055	94849741	0	8681	+	8690	8677	8667	4	9	10	60	0.998964	0.998848	0.997353	0
PBE64913_skip_063df7c3_28887eb2_40.pod5	97fd2437-0772-4792-8d0e-fda642266e12	28887eb2dd71b2d61668f65dd373b08db80b7c51	507	3	28355.2	12.4112	28355.3	12.3408	5896	26.6166	unclassified	chr13	19767351	19773230	14	5896	-	5886	5875	5855	7	4	20	60	0.997626	0.996596	0.994733	0
PBE64913_skip_063df7c3_28887eb2_40.pod5	22d9c85a-9d04-4fd8-8852-2d7707690ac3	28887eb2dd71b2d61668f65dd373b08db80b7c51	1473	4	28357.1	10.55	28357.2	10.458	4312	29.2941	unclassified	chr17	21875368	21880204	5	4299	+	5032	4098	3520	196	738	578	1	0.995826	0.858956	0.699523	0
PBE64913_skip_063df7c3_28887eb2_40.pod5	35ba8139-8be7-43cf-8585-aab0abc1a509	28887eb2dd71b2d61668f65dd373b08db80b7c51	2761	1	28361.9	6.8092	28361.9	6.8072	1959	4.0737	unclassified	*	-1	-1	-1	-1	*	0	0	0	0	0	0	0	0	0	0	0
PBE64913_skip_063df7c3_28887eb2_40.pod5	deb17d17-b10c-4ce3-a580-6923c1fbccb6	28887eb2dd71b2d61668f65dd373b08db80b7c51	897	3	28363.6	5.5004	28363.7	5.3868	2264	29.7676	unclassified	chr2	170854458	170856716	0	2257	+	2261	2254	2254	3	4	0	60	0.996908	1	0.996904	0
PBE64913_skip_063df7c3_28887eb2_40.pod5	ab5eba2e-d3a1-4547-9f1e-95b97c9a8579	28887eb2dd71b2d61668f65dd373b08db80b7c51	2080	4	28367	3.5802	28367	3.5782	1250	17.9693	unclassified	chr1	214813985	214815242	0	1250	-	1265	1242	1231	8	15	11	60	1	0.991143	0.973123	0
PBE64913_skip_063df7c3_28887eb2_40.pod5	e61e30d9-07b7-4f4f-8cf7-9ee579f7de36	28887eb2dd71b2d61668f65dd373b08db80b7c51	917	1	28346.8	19.8032	28346.9	19.7016	7767	32.1464	unclassified	chrX	73499547	73507303	0	7761	+	7764	7753	7742	8	3	11	60	0.999228	0.998581	0.997166	0
PBE64913_skip_063df7c3_28887eb2_40.pod5	3aa0a715-24c3-4d69-b4f3-3824183b7b12	28887eb2dd71b2d61668f65dd373b08db80b7c51	301	1	28341.8	23.83	28341.8	23.828	9936	30.6346	unclassified	chrX	116995844	117005774	26	9931	+	9953	9882	9865	23	48	17	60	0.99688	0.99828	0.991158	0
PBE64913_skip_063df7c3_28887eb2_40.pod5	cce18abe-ffc3-4619-a39a-acb96d8a16fc	28887eb2dd71b2d61668f65dd373b08db80b7c51	2623	3	28338.4	31.5704	28338.5	31.4592	12853	28.9256	unclassified	chr13	104368411	104381253	0	12847	+	12861	12828	12799	19	14	29	60	0.999533	0.997739	0.995179	0
PBE64913_skip_063df7c3_28887eb2_40.pod5	dec1dd5d-6afe-4444-8f6b-afe471060c04	28887eb2dd71b2d61668f65dd373b08db80b7c51	559	2	28338.5	27.5732	28338.7	27.414	13269	21.8297	unclassified	chr4	106853563	106866636	0	13057	+	13124	13006	12964	51	67	42	60	0.984023	0.996771	0.987809	0
PBE64913_skip_063df7c3_28887eb2_40.pod5	4481e43c-7a79-468a-9676-bc0d874cd08a	28887eb2dd71b2d61668f65dd373b08db80b7c51	543	2	28341	22.2972	28341	22.2952	12821	16.4613	unclassified	chr14	24422846	24435726	5	12791	-	12952	12714	12582	72	166	132	60	0.99727	0.989618	0.971433	0
PBE64913_skip_063df7c3_28887eb2_40.pod5	91922351-a6aa-4e43-b902-a0a5f626d034	28887eb2dd71b2d61668f65dd373b08db80b7c51	2532	3	28364.8	3.5266	28364.8	3.5246	1374	22.8821	unclassified	chr18	17098276	17099613	5	1342	-	1337	1337	1332	0	0	5	0	0.973071	0.99626	0.99626	0
PBE64913_skip_063df7c3_28887eb2_40.pod5	4933fc3c-8b6c-4757-b77f-6e48e91a4f3f	28887eb2dd71b2d61668f65dd373b08db80b7c51	326	4	28359.6	9.3248	28359.7	9.1848	3481	26.4599	unclassified	chr5	136103049	136106519	6	3481	-	3476	3469	3461	6	1	8	60	0.998276	0.997694	0.995685	0
PBE64913_skip_063df7c3_28887eb2_40.pod5	d8506b1b-c96c-4a25-87b5-61e37551e3c4	28887eb2dd71b2d61668f65dd373b08db80b7c51	2337	3	28359.8	11.1716	28359.9	11.0388	4518	34.3334	unclassified	chr13	16452878	16457053	7	4518	-	4518	4168	4087	343	7	81	1	0.998451	0.980566	0.904604	0
PBE64913_skip_063df7c3_28887eb2_40.pod5	cd28e88f-fc5f-4ddf-8277-658daa539d0e	28887eb2dd71b2d61668f65dd373b08db80b7c51	1580	3	28356	12.134	28356.1	12.0456	4588	19.295	unclassified	chr3	192440785	192445400	0	4587	+	4630	4572	4538	15	43	34	60	0.999782	0.992563	0.98013	0
PBE64913_skip_063df7c3_28887eb2_40.pod5	5260e6bc-769a-4051-8a6c-75050ca0d225	28887eb2dd71b2d61668f65dd373b08db80b7c51	1125	2	28349.1	19.2136	28349.1	19.2116	7739	11.7535	unclassified	chr13	73587887	73595718	36	7730	+	7977	7548	7302	146	283	246	60	0.994185	0.967409	0.915382	0
PBE64913_skip_063df7c3_28887eb2_40.pod5	6d67ce34-78ee-4998-a593-d37367d6036d	28887eb2dd71b2d61668f65dd373b08db80b7c51	295	1	28363	7.0112	28363.1	6.8904	2845	35.6664	unclassified	chr7	21784547	21787386	8	2845	-	2844	2832	2825	5	7	7	60	0.997188	0.997528	0.993319	0
PBE64913_skip_063df7c3_28887eb2_40.pod5	a44b1eea-6f5c-443d-b981-927b4cb3e2e4	28887eb2dd71b2d61668f65dd373b08db80b7c51	2825	4	28359.2	9.9728	28359.3	9.876	3492	38.747	unclassified	chr4	49109685	49113527	7	3476	-	4052	3259	2939	210	583	320	15	0.993414	0.90181	0.725321	0
PBE64913_skip_063df7c3_28887eb2_40.pod5	3eb5bb74-9a17-459d-813e-3fabb935caa5	28887eb2dd71b2d61668f65dd373b08db80b7c51	1665	2	28340.6	25.4546	28340.6	25.4526	10566	12.8538	unclassified	chr15	61952204	61962751	8	10428	-	10659	10308	9981	112	239	327	60	0.986182	0.968277	0.936392	0
PBE64913_skip_063df7c3_28887eb2_40.pod5	e901601a-a476-43f2-bb65-1b621d2a5015	28887eb2dd71b2d61668f65dd373b08db80b7c51	1624	2	28328.2	35.0972	28328.3	34.9596	15136	28.6273	unclassified	chr10	99060777	99075905	0	15129	+	15161	15096	15065	33	32	31	60	0.999538	0.997947	0.993668	0
PBE64913_skip_063df7c3_28887eb2_40.pod5	24e2ce0d-c365-48b0-92de-93d26ac86f95	28887eb2dd71b2d61668f65dd373b08db80b7c51	2564	4	28328.7	33.7148	28328.9	33.5868	14999	29.835	unclassified	chr2	218099790	218114790	8	14999	-	15006	14985	14955	6	15	30	60	0.999467	0.997998	0.996601	0
PBE64913_skip_063df7c3_28887eb2_40.pod5	eabf898f-6e49-4e6c-8051-425b7e344650	28887eb2dd71b2d61668f65dd373b08db80b7c51	2588	1	28367.7	4.0056	28367.7	4.0036	1683	41.6679	unclassified	chrX	152676244	152677892	28	1676	+	1648	1648	1648	0	0	0	60	0.979204	1	1	0
PBE64913_skip_063df7c3_28887eb2_40.pod5	1af27c43-0af2-4544-ae8f-6869550d53d2	28887eb2dd71b2d61668f65dd373b08db80b7c51	401	1	28359.7	9.2518	28359.7	9.2498	3672	25.3642	unclassified	chr16	51126251	51129882	34	3667	+	3638	3626	3613	7	5	13	60	0.989379	0.996415	0.993128	0
PBE64913_skip_063df7c3_28887eb2_40.pod5	7e7e3cab-823f-404d-bc93-4cc8c19f317e	28887eb2dd71b2d61668f65dd373b08db80b7c51	60	4	28358.4	14.798	28358.5	14.6892	6357	34.0803	unclassified	chr11	96055026	96061363	0	6350	+	6352	6335	6326	15	2	9	60	0.998899	0.998579	0.995907	0
PBE64913_skip_063df7c3_28887eb2_40.pod5	441fae03-d896-4643-bdac-f20bb7b619e0	28887eb2dd71b2d61668f65dd373b08db80b7c51	109	4	28361.4	7.0652	28361.5	6.9468	3026	29.5925	unclassified	chr4	20407721	20410749	0	3026	+	3030	3024	3022	2	4	2	60	1	0.999339	0.99736	0
PBE64913_skip_063df7c3_28887eb2_40.pod5	a29e99f4-a517-4096-be07-f038be308f6a	28887eb2dd71b2d61668f65dd373b08db80b7c51	1946	4	28359.1	10.6928	28359.2	10.5888	5313	20.233	unclassified	chr8	57391449	57396773	7	5313	-	5338	5292	5267	14	32	25	60	0.998682	0.995276	0.986699	0
PBE64913_skip_063df7c3_28887eb2_40.pod5	e8b8db8b-edb3-44ae-bbc8-1fda8fbd4138	28887eb2dd71b2d61668f65dd373b08db80b7c51	1038	3	28358	15.4364	28358.1	15.3468	6503	29.8929	unclassified	chr5	99564796	99571294	6	6503	-	6500	6495	6484	2	3	11	60	0.999077	0.998306	0.997538	0
PBE64913_skip_063df7c3_28887eb2_40.pod5	eea236c2-24cf-412c-a458-ed19f5c80251	28887eb2dd71b2d61668f65dd373b08db80b7c51	2362	4	28351.8	9.3452	28351.9	9.24	2754	28.81	unclassified	chr8	91949891	91952642	0	2754	-	2754	2751	2740	3	0	11	60	1	0.996001	0.994916	0
PBE64913_skip_063df7c3_28887eb2_40.pod5	41c7bf72-7565-44e3-9a06-b13402230cdc	28887eb2dd71b2d61668f65dd373b08db80b7c51	1181	3	28356.9	14.58	28356.9	14.578	5039	10.943	unclassified	chrX	141699581	141704664	32	5025	+	5167	4909	4637	84	174	272	60	0.990871	0.944592	0.897426	0
PBE64913_skip_063df7c3_28887eb2_40.pod5	0c79362a-4a63-4f80-9dd5-557ec4d4e5e0	28887eb2dd71b2d61668f65dd373b08db80b7c51	335	3	28317	48.95	28317.1	48.8556	19830	27.258	unclassified	chr14	30212691	30232542	0	19830	-	19867	19814	19786	16	37	28	60	1	0.998587	0.995923	0
PBE64913_skip_063df7c3_28887eb2_40.pod5	831f555a-76e2-4241-bbc2-d917059fe09d	28887eb2dd71b2d61668f65dd373b08db80b7c51	2532	3	28336.9	27.8168	28337	27.6648	11995	28.7255	unclassified	chr16	46383509	46400656	7	11995	-	17262	11873	11114	115	5274	759	60	0.999416	0.936073	0.643842	0
PBE64913_skip_063df7c3_28887eb2_40.pod5	29e40ef3-773c-4fc1-bfcf-429b2ba6c1f6	28887eb2dd71b2d61668f65dd373b08db80b7c51	2953	1	28357.3	3.908	28357.4	3.7632	1517	33.2157	unclassified	chr15	60469855	60471366	0	1511	+	1512	1510	1508	1	1	2	60	0.996045	0.998676	0.997355	0
PBE64913_skip_063df7c3_28887eb2_40.pod5	da23f73f-a934-4258-ad1f-8fac0b1cbf3b	28887eb2dd71b2d61668f65dd373b08db80b7c51	342	4	28350.9	13.3484	28351	13.2516	7094	34.2894	unclassified	chrY	10754138	10761418	138	7056	+	7694	6504	5315	414	776	1189	1	0.97519	0.817189	0.690798	0
PBE64913_skip_063df7c3_28887eb2_40.pod5	c3a5acfe-8c57-4ce7-8f5c-2c7d99591544	28887eb2dd71b2d61668f65dd373b08db80b7c51	1673	1	28353.2	7.9558	28353.2	7.9538	2308	18.728	unclassified	chr10	93631589	93632876	980	2271	-	1293	1285	1271	6	2	14	60	0.559359	0.989105	0.982985	0
PBE64913_skip_063df7c3_28887eb2_40.pod5	69e93534-12db-4886-a89c-f54091310224	28887eb2dd71b2d61668f65dd373b08db80b7c51	2803	4	28349.7	22.2992	28349.8	22.1688	10740	25.8578	unclassified	chr2	205144695	205155422	9	10740	-	10749	10709	10692	22	18	17	60	0.999162	0.998413	0.994697	0
PBE64913_skip_063df7c3_28887eb2_40.pod5	32057142-5c5b-4499-a563-91c99487dded	28887eb2dd71b2d61668f65dd373b08db80b7c51	780	1	28366.7	3.6236	28366.8	3.4728	1578	22.7082	unclassified	chr2	195209594	195211170	8	1578	-	1578	1568	1563	2	8	5	60	0.99493	0.996811	0.990494	0
PBE64913_skip_063df7c3_28887eb2_40.pod5	6a17039e-6cf3-4c3b-8484-74fcb860de01	28887eb2dd71b2d61668f65dd373b08db80b7c51	1613	2	28365.9	6.8752	28365.9	6.8732	3369	25.1155	unclassified	chr9	41973373	41976693	9	3329	-	3328	3312	3306	8	8	6	41	0.985456	0.998188	0.993389	0
PBE64913_skip_063df7c3_28887eb2_40.pod5	4bf81e9f-4363-4b31-81c9-17785ab6f9fb	28887eb2dd71b2d61668f65dd373b08db80b7c51	1226	2	28325.3	35.8898	28325.3	35.8878	14775	12.5542	unclassified	chr12	91529926	91544649	37	14768	+	15110	14344	13848	387	379	496	60	0.997022	0.965421	0.916479	0
PBE64913_skip_063df7c3_28887eb2_40.pod5	eece1a44-6b45-47f9-be5d-fdf992d73060	28887eb2dd71b2d61668f65dd373b08db80b7c51	1639	3	28355.1	17.2004	28355.2	17.0364	5953	26.0171	unclassified	chr2	44494596	44500537	0	5946	+	5949	5938	5932	8	3	6	60	0.998824	0.99899	0.997142	0
PBE64913_skip_063df7c3_28887eb2_40.pod5	1e254b4e-c74e-4a76-9705-a095714d27d2	28887eb2dd71b2d61668f65dd373b08db80b7c51	820	2	28344.7	23.6384	28344.9	23.4912	9882	27.6178	unclassified	chr14	51054084	51063950	7	9882	-	9881	9860	9846	15	6	14	60	0.999292	0.99858	0.996458	0
PBE64913_skip_063df7c3_28887eb2_40.pod5	39a81768-b805-4f61-a449-fc2ecf0aca9b	28887eb2dd71b2d61668f65dd373b08db80b7c51	408	3	28346.3	24.2398	28346.3	24.2378	10735	24.3034	unclassified	chr3	88090923	88101612	11	10705	-	10707	10676	10641	18	13	35	60	0.996181	0.996722	0.993836	0
PBE64913_skip_063df7c3_28887eb2_40.pod5	f33cbdc4-8a7c-409b-a8a0-a465e78bf08d	28887eb2dd71b2d61668f65dd373b08db80b7c51	2078	2	28349.3	23.3252	28349.9	22.6836	9203	25.9489	unclassified	chr10	38952487	38961680	0	9189	+	9203	9179	9171	10	14	8	60	0.998479	0.999128	0.996523	0
PBE64913_skip_063df7c3_28887eb2_40.pod5	43b8d912-843e-4264-8a38-72ae43e91798	28887eb2dd71b2d61668f65dd373b08db80b7c51	1781	4	28350.5	11.126	28350.6	10.9836	5901	19.6099	unclassified	chr2	166040717	166046635	0	5896	+	5934	5880	5828	16	38	52	60	0.999153	0.991156	0.982137	0
PBE64913_skip_063df7c3_28887eb2_40.pod5	d950c62e-ed4b-482e-a047-8e8814cd2a96	28887eb2dd71b2d61668f65dd373b08db80b7c51	578	4	28352.3	20.6564	28352.4	20.514	6024	21.7596	unclassified	chr11	10434624	10440653	11	6024	-	6046	5996	5974	17	33	22	60	0.998174	0.996331	0.988091	0
PBE64913_skip_063df7c3_28887eb2_40.pod5	7efda961-e42c-4264-8a74-b298ec98d814	28887eb2dd71b2d61668f65dd373b08db80b7c51	1132	4	28308	40.1324	28308.1	40.0476	16100	20.7582	unclassified	chr2	14751822	14767746	220	16100	-	15945	15859	15831	21	65	28	60	0.986335	0.998234	0.99285	0
PBE64913_skip_063df7c3_28887eb2_40.pod5	5e3614d2-cbc9-4973-bec2-e6582f6a5fb2	28887eb2dd71b2d61668f65dd373b08db80b7c51	696	3	28359.5	1.8104	28359.7	1.668	437	24.9786	unclassified	chr15	31609194	31609622	0	429	+	429	428	426	1	0	2	60	0.981693	0.995327	0.993007	0
PBE64913_skip_063df7c3_28887eb2_40.pod5	b5de9acb-7efd-4289-9e08-f22dd9324bca	28887eb2dd71b2d61668f65dd373b08db80b7c51	207	4	28326.6	34.604	28326.7	34.4136	13946	29.2048	unclassified	chr4	165992947	166006889	0	13935	+	13958	13919	13901	16	23	18	60	0.999211	0.998707	0.995916	0
PBE64913_skip_063df7c3_28887eb2_40.pod5	d446a9ca-92ef-4cf0-a74c-e3c2d79a7559	28887eb2dd71b2d61668f65dd373b08db80b7c51	2192	3	28353.4	18.2506	28353.4	18.2486	9817	10.1599	unclassified	chr6	148562755	148572676	35	9807	+	10221	9472	8997	300	449	475	60	0.995416	0.949852	0.880247	0
PBE64913_skip_063df7c3_28887eb2_40.pod5	72d94d4e-d6e4-45ff-b1a6-b0a1040bdccd	28887eb2dd71b2d61668f65dd373b08db80b7c51	2140	1	28337.3	31.5632	28337.4	31.4712	12272	27.9256	unclassified	chr22	27383365	27395665	0	12265	+	12311	12254	12224	11	46	30	60	0.99943	0.997552	0.992933	0
PBE64913_skip_063df7c3_28887eb2_40.pod5	360b3bc1-c5c4-4993-bf19-9a2e23879de3	28887eb2dd71b2d61668f65dd373b08db80b7c51	1548	2	28331.7	29.4576	28331.7	29.4556	11769	29.8012	unclassified	chr2	15184160	15195873	39	11763	+	11726	11711	11703	13	2	8	60	0.996176	0.999317	0.998039	0
PBE64913_skip_063df7c3_28887eb2_40.pod5	86e46e33-6f18-449e-9f6d-283b6d64d5d2	28887eb2dd71b2d61668f65dd373b08db80b7c51	282	3	28359.4	14.2916	28359.6	14.0892	3915	27.4572	unclassified	chr8	12206344	12209435	8	3915	-	3915	3083	3079	824	8	4	1	0.997957	0.998703	0.786462	0
PBE64913_skip_063df7c3_28887eb2_40.pod5	338b530d-0958-435a-bde0-f7c76e331393	28887eb2dd71b2d61668f65dd373b08db80b7c51	209	3	28341.1	20.3216	28341.2	20.2032	8217	30.6991	unclassified	chr7	61930220	61938430	7	8217	-	8214	8206	8189	4	4	17	60	0.999148	0.997928	0.996956	0
PBE64913_skip_063df7c3_28887eb2_40.pod5	519d4143-f2d2-4114-b913-7d60a288b296	28887eb2dd71b2d61668f65dd373b08db80b7c51	2594	4	28337.4	36.3092	28337.6	36.1452	13763	29.197	unclassified	chr17	54536597	54550361	5	13763	-	13772	13750	13745	8	14	5	60	0.999637	0.999636	0.998039	0
PBE64913_skip_063df7c3_28887eb2_40.pod5	0ab8e887-e618-4a64-bc1e-9e563cd6cac4	28887eb2dd71b2d61668f65dd373b08db80b7c51	455	4	28333.1	28.2536	28333.3	28.0752	10461	26.8993	unclassified	chrX	87623207	87633668	12	10461	-	10469	10441	10418	8	20	23	60	0.998853	0.997797	0.995128	0
PBE64913_skip_063df7c3_28887eb2_40.pod5	c0dfb9f0-e5b1-495f-bc07-e51553def83a	28887eb2dd71b2d61668f65dd373b08db80b7c51	2261	1	28325.6	35.4524	28325.8	35.3268	14915	28.3858	unclassified	chr10	18327235	18342147	0	14908	+	14933	14887	14862	21	25	25	60	0.999531	0.998321	0.995245	0
PBE64913_skip_063df7c3_28887eb2_40.pod5	a67f2d16-b41f-4e9d-bc45-558b29151751	28887eb2dd71b2d61668f65dd373b08db80b7c51	1802	2	28340.6	31.106	28340.7	31.014	13189	28.4147	unclassified	chr22	15528657	15541839	0	13182	+	13194	13170	13164	12	12	6	60	0.999469	0.999544	0.997726	0
PBE64913_skip_063df7c3_28887eb2_40.pod5	ae0bd67e-21fa-4154-a7db-4391272ea407	28887eb2dd71b2d61668f65dd373b08db80b7c51	1139	4	28324	37.8584	28324.1	37.7328	15709	25.6031	unclassified	chr3	43258605	43274303	0	15703	+	15721	15680	15638	23	18	42	60	0.999618	0.997321	0.99472	0
PBE64913_skip_063df7c3_28887eb2_40.pod5	7294d99b-1ce3-47be-a72d-e0e0189a373d	28887eb2dd71b2d61668f65dd373b08db80b7c51	40	2	28357.4	5.2116	28357.4	5.2096	1298	2.85322	unclassified	*	-1	-1	-1	-1	*	0	0	0	0	0	0	0	0	0	0	0
PBE64913_skip_063df7c3_28887eb2_40.pod5	d9600957-c60e-4ddc-a7aa-d6f0da452752	28887eb2dd71b2d61668f65dd373b08db80b7c51	1078	1	28338.9	22.712	28339.1	22.59	8582	33.4184	unclassified	chr4	5521996	5530547	6	8582	-	8588	8539	8520	37	12	19	60	0.999301	0.997775	0.992082	0
PBE64913_skip_063df7c3_28887eb2_40.pod5	0950292a-5343-45bc-8ed4-d4a624bd3934	28887eb2dd71b2d61668f65dd373b08db80b7c51	1636	1	28337.8	24.4532	28337.9	24.2916	9601	24.208	unclassified	chr17	32504779	32514379	0	9601	-	9619	9582	9559	19	18	23	60	1	0.9976	0.993762	0
PBE64913_skip_063df7c3_28887eb2_40.pod5	0995250e-862d-49ed-a54d-1b8608611388	28887eb2dd71b2d61668f65dd373b08db80b7c51	148	4	28338.6	23.45	28338.8	23.3124	8784	31.3214	unclassified	chr14	19966789	19975562	7	8784	-	8780	8770	8743	7	3	27	60	0.999203	0.996921	0.995786	0
PBE64913_skip_063df7c3_28887eb2_40.pod5	da523c2a-84de-4e50-82ba-23424594fa05	28887eb2dd71b2d61668f65dd373b08db80b7c51	390	4	28347.3	14.8064	28347.4	14.6688	6613	18.4499	unclassified	chr1	206653890	206660500	0	6608	+	6649	6569	6505	39	41	64	60	0.999244	0.990257	0.978343	0
PBE64913_skip_063df7c3_28887eb2_40.pod5	faefd4bf-6e23-43ff-9c6d-0ea623a2435f	28887eb2dd71b2d61668f65dd373b08db80b7c51	609	2	28339	16.4216	28339	16.4196	4329	12.3168	unclassified	chr9	105223622	105227408	27	3858	+	3844	3773	3756	58	13	17	60	0.884962	0.995494	0.977107	0
PBE64913_skip_063df7c3_28887eb2_40.pod5	6db55338-a328-4835-8ea0-c07bebc3dfd2	28887eb2dd71b2d61668f65dd373b08db80b7c51	1437	2	28302.7	35.144	28302.7	35.142	15722	20.235	unclassified	chr3	116191496	116207251	0	15722	+	15829	15648	15535	74	107	113	60	1	0.992779	0.981426	0
PBE64913_skip_063df7c3_28887eb2_40.pod5	0962fa9d-5976-420b-bda1-1916b5d59f29	28887eb2dd71b2d61668f65dd373b08db80b7c51	2549	4	28306.6	54.458	28306.7	54.3612	22832	25.9611	unclassified	chr11	34307495	34330337	7	22832	-	22880	22787	22749	38	55	38	60	0.999693	0.998332	0.994274	0
PBE64913_skip_063df7c3_28887eb2_40.pod5	e481fac9-a9fc-462f-9024-5d5a32e6c27f	28887eb2dd71b2d61668f65dd373b08db80b7c51	2160	4	28355.2	6.7948	28355.2	6.7928	2866	35.3224	unclassified	chr13	16598368	16601196	32	2861	+	2830	2827	2770	2	1	57	1	0.98709	0.979837	0.978799	0
PBE64913_skip_063df7c3_28887eb2_40.pod5	5fdc74c9-d9d6-4962-8453-48d9200a92f1	28887eb2dd71b2d61668f65dd373b08db80b7c51	1431	3	28347.1	14.8724	28347.3	14.7492	5987	26.6371	unclassified	chr7	50613794	50619776	0	5979	+	5988	5973	5963	6	9	10	60	0.998664	0.998326	0.995825	0
PBE64913_skip_063df7c3_28887eb2_40.pod5	191946b8-5487-43a2-b811-b90e645e823d	28887eb2dd71b2d61668f65dd373b08db80b7c51	1584	2	28331.4	30.2316	28331.4	30.2296	13517	24.8454	unclassified	chr17	61806077	61819564	6	13476	-	13511	13446	13407	24	41	39	60	0.996523	0.9971	0.992303	0
PBE64913_skip_063df7c3_28887eb2_40.pod5	80ac4fe8-6fe9-4699-bbfa-39c9fc00bda7	28887eb2dd71b2d61668f65dd373b08db80b7c51	109	4	28313	48.2468	28313.2	48.126	21247	27.8703	unclassified	chr5	166087512	166108787	9	21247	-	21289	21224	21189	14	51	35	60	0.999576	0.998351	0.995303	0
PBE64913_skip_063df7c3_28887eb2_40.pod5	0ed77969-5d5a-480b-99a3-d59bc3a6af1c	28887eb2dd71b2d61668f65dd373b08db80b7c51	2181	2	28323.7	37.6502	28323.7	37.6482	16228	33.0735	unclassified	chrX	66675388	66691574	9	16193	-	16190	16180	16171	4	6	9	60	0.997289	0.999444	0.998826	0
PBE64913_skip_063df7c3_28887eb2_40.pod5	c305dfd6-df84-4ae5-afef-93e51218e297	28887eb2dd71b2d61668f65dd373b08db80b7c51	806	3	28339.9	22.3376	28340	22.2336	10544	24.3412	unclassified	chr11	101725392	101735898	0	10538	+	10557	10487	10465	51	19	22	60	0.999431	0.997902	0.991285	0
PBE64913_skip_063df7c3_28887eb2_40.pod5	a13be574-8bf1-4621-bdb3-919e805a85db	28887eb2dd71b2d61668f65dd373b08db80b7c51	618	1	28350.4	12.1484	28350.5	12.0564	5448	27.4286	unclassified	chr15	73677692	73683132	0	5435	+	5443	5432	5420	3	8	12	60	0.997614	0.997791	0.995774	0
PBE64913_skip_063df7c3_28887eb2_40.pod5	cf03221c-153a-4e96-acb2-b90ce6796390	28887eb2dd71b2d61668f65dd373b08db80b7c51	460	2	28320.1	42.1136	28320.3	41.9904	14108	26.8443	unclassified	chr4	60069371	60083485	8	14108	-	14135	14079	14001	21	35	78	60	0.999433	0.99446	0.99052	0
PBE64913_skip_063df7c3_28887eb2_40.pod5	e0267778-fabc-495a-99c4-54f3fecca169	28887eb2dd71b2d61668f65dd373b08db80b7c51	1351	1	28345.5	17.1832	28345.5	17.1812	7148	31.518	unclassified	chr12	64558836	64565954	28	7142	+	7121	7111	7109	3	7	2	60	0.995243	0.999719	0.998315	0
PBE64913_skip_063df7c3_28887eb2_40.pod5	ac27d6fa-586b-487f-b607-8da64761bb00	28887eb2dd71b2d61668f65dd373b08db80b7c51	405	2	28314.2	47.6686	28314.2	47.6666	20002	29.4735	unclassified	chr1	217256595	217276563	6	19970	-	19988	19944	19876	20	24	68	60	0.9981	0.99659	0.994397	0
PBE64913_skip_063df7c3_28887eb2_40.pod5	e6a03036-2aae-49db-8524-0eab3e7e626a	28887eb2dd71b2d61668f65dd373b08db80b7c51	1469	1	28285.7	75.5612	28285.9	75.4308	27600	22.4813	unclassified	chr16	2869507	2897188	8	27600	-	27756	27517	27390	75	164	127	60	0.99971	0.995385	0.986814	0
PBE64913_skip_063df7c3_28887eb2_40.pod5	dc1d6648-98a5-4690-9d4e-3398eb87f0c3	28887eb2dd71b2d61668f65dd373b08db80b7c51	1595	1	28354.2	6.0884	28354.3	5.9892	2695	31.2922	unclassified	chr15	59052071	59054675	0	2695	+	2704	2595	2590	100	9	5	60	1	0.998073	0.95784	0
PBE64913_skip_063df7c3_28887eb2_40.pod5	aa453647-de03-45df-861d-2773f2cac1fc	28887eb2dd71b2d61668f65dd373b08db80b7c51	2165	3	28352	10.6016	28352.1	10.5132	4694	25.8994	unclassified	chr1	195115835	195120527	0	4688	+	4697	4683	4644	5	9	39	60	0.998722	0.991672	0.988716	0
PBE64913_skip_063df7c3_28887eb2_40.pod5	67eea1f8-b013-4d44-8c4a-873f4aa30ae5	28887eb2dd71b2d61668f65dd373b08db80b7c51	2678	2	28342.7	20.0552	28342.7	20.0532	8436	14.2513	unclassified	chr16	23110029	23118124	7	8111	-	8186	8013	7921	91	82	92	60	0.960645	0.988519	0.967628	0
PBE64913_skip_063df7c3_28887eb2_40.pod5	d9eb719d-981f-40ac-ac44-89ca5f3f1d25	28887eb2dd71b2d61668f65dd373b08db80b7c51	1119	1	28317.7	44.6468	28317.8	44.5524	18441	21.5644	unclassified	chr8	117743588	117762050	5	18441	-	18510	18388	18297	48	74	91	60	0.999729	0.995051	0.988493	0
PBE64913_skip_063df7c3_28887eb2_40.pod5	0a4c20b4-1b6f-40f5-a817-0d5fd7a8ca80	28887eb2dd71b2d61668f65dd373b08db80b7c51	2925	3	28312.3	40.7852	28312.4	40.6764	15161	25.6746	unclassified	chr3	13753753	13768938	0	15161	-	15203	15143	15111	18	42	32	60	1	0.997887	0.993949	0
PBE64913_skip_063df7c3_28887eb2_40.pod5	1338dac8-27a4-494d-b130-c5e48c4f7092	28887eb2dd71b2d61668f65dd373b08db80b7c51	324	2	28305.6	56.2444	28305.6	56.2424	23308	25.8909	unclassified	chr1	23169246	23192571	6	23276	-	23354	23241	23212	29	84	29	60	0.99837	0.998752	0.99392	0
PBE64913_skip_063df7c3_28887eb2_40.pod5	3d92c96b-95d9-4656-a868-76044bdf4947	28887eb2dd71b2d61668f65dd373b08db80b7c51	2040	3	28280.5	80.27	28280.6	80.166	34983	24.1116	unclassified	chr10	6047019	6082480	9	34983	-	35570	34865	34780	109	596	85	60	0.999743	0.997562	0.97779	0
PBE64913_skip_063df7c3_28887eb2_40.pod5	7e3d645c-6b94-45fd-9a2a-de10ab9c787e	28887eb2dd71b2d61668f65dd373b08db80b7c51	1603	2	28295.5	66.2552	28295.6	66.1536	25490	28.8998	unclassified	chr20	55444073	55469525	7	25490	-	25526	25409	25374	74	43	35	60	0.999725	0.998623	0.994045	0
PBE64913_skip_063df7c3_28887eb2_40.pod5	d6e8c8d0-b984-4e83-b3e3-d5afce7f5e5d	28887eb2dd71b2d61668f65dd373b08db80b7c51	2391	4	28309.4	52.364	28309.5	52.236	22794	30.3565	unclassified	chr3	70668841	70691640	7	22794	-	22803	22783	22771	4	16	12	60	0.999693	0.999473	0.998597	0
PBE64913_skip_063df7c3_28887eb2_40.pod5	23063938-ffb1-43f7-8473-07ebac1501e2	28887eb2dd71b2d61668f65dd373b08db80b7c51	635	2	28301.2	60.1688	28301.3	60.0192	17903	20.9793	unclassified	chr22	15806500	15824428	6	17903	-	17974	17851	17757	46	77	94	60	0.999665	0.994734	0.987927	0
PBE64913_skip_063df7c3_28887eb2_40.pod5	18564fde-adec-44da-878f-97398b4a8a94	28887eb2dd71b2d61668f65dd373b08db80b7c51	1441	3	28344.6	18.2726	28344.6	18.2706	7162	21.4808	unclassified	chr9	134383426	134390521	34	7156	+	7135	7082	7052	40	13	30	60	0.994415	0.995764	0.988367	0
PBE64913_skip_063df7c3_28887eb2_40.pod5	3a8c1a5e-9302-49e9-98d2-155aab4d7cde	28887eb2dd71b2d61668f65dd373b08db80b7c51	1311	1	28343.5	18.9066	28343.5	18.9046	9243	27.9996	unclassified	chr4	39980275	39989509	6	9218	-	9244	9202	9182	10	32	20	60	0.996646	0.997827	0.993293	0
PBE64913_skip_063df7c3_28887eb2_40.pod5	fef2b08f-8e8b-475a-9844-43297e03f9fe	28887eb2dd71b2d61668f65dd373b08db80b7c51	899	2	28331.3	30.7268	28331.5	30.5388	10132	31.4523	unclassified	chr6	31514434	31524549	0	10126	+	10135	10106	10068	20	9	38	60	0.999408	0.99624	0.993389	0
PBE64913_skip_063df7c3_28887eb2_40.pod5	c8b74115-ff37-4c33-a569-5d823d9bca3f	28887eb2dd71b2d61668f65dd373b08db80b7c51	1712	3	28309.3	52.8104	28309.5	52.5792	18690	24.3326	unclassified	chr3	170733632	170752325	11	18690	-	18708	18664	18634	15	29	30	60	0.999411	0.998393	0.996044	0
PBE64913_skip_063df7c3_28887eb2_40.pod5	256c974b-3da5-48e9-b13b-4a68bbaa669e	28887eb2dd71b2d61668f65dd373b08db80b7c51	1863	2	28333.1	29.7044	28333.2	29.61	12680	27.4978	unclassified	chr17	7633847	7646503	0	12673	+	12684	12645	12627	28	11	18	60	0.999448	0.998577	0.995506	0
PBE64913_skip_063df7c3_28887eb2_40.pod5	16e854b1-d78d-4fc3-989b-a59807fe94c8	28887eb2dd71b2d61668f65dd373b08db80b7c51	2122	3	28302.5	59.726	28302.6	59.6268	25493	28.2339	unclassified	chr6	50703283	50728777	6	25493	-	25546	25435	25406	52	59	29	60	0.999765	0.99886	0.99452	0
PBE64913_skip_063df7c3_28887eb2_40.pod5	1e1dcafe-de78-4a93-9275-f9da56c5a5b0	28887eb2dd71b2d61668f65dd373b08db80b7c51	912	4	28347.3	15.8792	28347.5	15.696	5689	27.9588	unclassified	chr10	56869522	56875171	7	5689	-	5687	5644	5622	38	5	22	60	0.99877	0.996102	0.98857	0
PBE64913_skip_063df7c3_28887eb2_40.pod5	f880149f-aa2f-40da-a583-7de11ed579c7	28887eb2dd71b2d61668f65dd373b08db80b7c51	2964	1	28354.8	8.2724	28354.8	8.2704	3546	18.6324	unclassified	chr9	22524879	22528348	47	3540	+	3514	3448	3414	45	21	34	60	0.985054	0.990139	0.971542	0
PBE64913_skip_063df7c3_28887eb2_40.pod5	2d607970-d148-4c63-9284-4d0bc39ac808	28887eb2dd71b2d61668f65dd373b08db80b7c51	916	2	28345.6	17.4212	28345.7	17.3508	7085	31.8044	unclassified	chr4	9785031	9792103	5	7085	-	7082	7070	7063	10	2	7	60	0.999294	0.99901	0.997317	0
PBE64913_skip_063df7c3_28887eb2_40.pod5	5913e7d4-39d0-434a-95af-6dbd86b2a627	28887eb2dd71b2d61668f65dd373b08db80b7c51	1813	1	28329.4	33.2688	28329.4	33.2668	13482	28.2903	unclassified	chr14	80416582	80430040	7	13447	-	13467	13431	13423	9	27	8	60	0.996885	0.999404	0.996733	0
PBE64913_skip_063df7c3_28887eb2_40.pod5	7a70cef1-24e9-4f51-bea6-392e82305330	28887eb2dd71b2d61668f65dd373b08db80b7c51	2683	3	28331.7	31.0004	28331.8	30.882	12528	26.9757	unclassified	chr13	106137048	106149558	6	12528	-	12534	12498	12472	24	12	26	60	0.999521	0.99792	0.995053	0
PBE64913_skip_063df7c3_28887eb2_40.pod5	29b5f2ad-7546-482d-bb72-e1bd74b0d2aa	28887eb2dd71b2d61668f65dd373b08db80b7c51	897	3	28344.4	18.9056	28344.5	18.8208	8051	28.7249	unclassified	chr1	16864161	16872209	0	8043	+	8050	8041	8024	2	7	17	60	0.999006	0.997886	0.99677	0
PBE64913_skip_063df7c3_28887eb2_40.pod5	193878fe-9c8a-4a78-88b5-702630fbc17d	28887eb2dd71b2d61668f65dd373b08db80b7c51	2832	4	28360	3.332	28360.2	3.1296	1325	22.5588	unclassified	chr1	39272708	39274038	3	1325	-	1332	1320	1315	2	10	5	60	0.997736	0.996212	0.987237	0
PBE64913_skip_063df7c3_28887eb2_40.pod5	432c33e7-5df1-4e02-9a6d-0f4d9cc03ebd	28887eb2dd71b2d61668f65dd373b08db80b7c51	328	2	28331.1	31.9964	28331.2	31.8876	11587	19.9708	unclassified	chr4	76946544	76958135	7	11587	-	11642	11529	11466	51	62	63	60	0.999396	0.994536	0.984882	0
PBE64913_skip_063df7c3_28887eb2_40.pod5	b6bebca4-3c30-44fc-81dc-b2497ab41462	28887eb2dd71b2d61668f65dd373b08db80b7c51	1955	3	28339.4	23.5592	28339.5	23.4396	9391	26.8126	unclassified	chr18	53418027	53427413	0	9385	+	9413	9358	9307	27	28	51	60	0.999361	0.99455	0.988739	0
PBE64913_skip_063df7c3_28887eb2_40.pod5	59a09c24-54d6-42a5-9d31-2ecaac780ded	28887eb2dd71b2d61668f65dd373b08db80b7c51	982	4	28338.5	24.9068	28338.6	24.7488	9936	25.994	unclassified	chr3	1434047	1443992	0	9928	+	9952	9921	9901	7	24	20	60	0.999195	0.997984	0.994875	0
PBE64913_skip_063df7c3_28887eb2_40.pod5	8d27aa31-976d-4167-937c-b499a0614c7e	28887eb2dd71b2d61668f65dd373b08db80b7c51	2535	1	28342.2	20.882	28342.3	20.79	9268	25.1358	unclassified	chr3	191388906	191398165	7	9268	-	9273	9247	9230	14	12	17	60	0.999245	0.998162	0.995363	0
PBE64913_skip_063df7c3_28887eb2_40.pod5	8bced9ac-757a-49fd-a13c-512ccdddeab5	28887eb2dd71b2d61668f65dd373b08db80b7c51	1138	2	28309.1	53.936	28309.3	53.8092	21666	27.4423	unclassified	chr21	5701492	5723193	7	21666	-	21728	21632	21538	27	69	94	0	0.999677	0.995655	0.991256	0
PBE64913_skip_063df7c3_28887eb2_40.pod5	ce488ab8-f8d1-4fb0-879e-da0687cb42eb	28887eb2dd71b2d61668f65dd373b08db80b7c51	835	2	28326.9	36.2552	28327.1	36.1392	15159	21.8636	unclassified	chr11	106978551	106993720	7	15159	-	15210	15111	15031	41	58	80	60	0.999538	0.994706	0.988231	0
PBE64913_skip_063df7c3_28887eb2_40.pod5	1dffa34d-b5cd-4302-ba4d-49c5e6e4dbd3	28887eb2dd71b2d61668f65dd373b08db80b7c51	1795	4	28290.5	71.7152	28290.6	71.6424	35445	24.0694	unclassified	chr5	4120926	4156395	0	35438	+	35524	35383	35306	55	86	77	60	0.999803	0.997824	0.993863	0
PBE64913_skip_063df7c3_28887eb2_40.pod5	1286690a-4e8a-44ae-a645-9089fcaecae7	28887eb2dd71b2d61668f65dd373b08db80b7c51	949	4	28348.2	15.4328	28348.3	15.306	5697	13.028	unclassified	chr2	167975053	167980845	0	5692	+	5854	5630	5492	62	162	138	60	0.999122	0.975488	0.938162	0
PBE64913_skip_063df7c3_28887eb2_40.pod5	87b203fd-fed3-4992-9547-12031f8f73b6	28887eb2dd71b2d61668f65dd373b08db80b7c51	2224	1	28344.9	18.2984	28345.1	18.084	6517	21.5189	unclassified	chr21	8448850	8455293	0	6509	+	6561	6391	6369	118	52	22	8	0.998772	0.996558	0.970736	0
PBE64913_skip_063df7c3_28887eb2_40.pod5	65eb396d-df3c-4c23-bb9c-ebc9b235a7c6	28887eb2dd71b2d61668f65dd373b08db80b7c51	2534	3	28329.7	33.7388	28329.8	33.6252	11342	24.5414	unclassified	chr14	92635343	92646637	0	11334	+	11371	11257	11220	77	37	37	60	0.999295	0.996713	0.986721	0
PBE64913_skip_063df7c3_28887eb2_40.pod5	78014f19-decc-4dc0-9f90-3cde9391af5c	28887eb2dd71b2d61668f65dd373b08db80b7c51	1788	4	28267.8	94.592	28267.9	94.4736	33382	27.2693	unclassified	chr4	4217534	4250898	7	33382	-	33445	33294	33166	81	70	128	60	0.99979	0.996155	0.991658	0
PBE64913_skip_063df7c3_28887eb2_40.pod5	a8e1eb34-ae62-43b1-aad9-665e5aeaecd9	28887eb2dd71b2d61668f65dd373b08db80b7c51	1395	3	28356.6	7.0652	28356.6	6.9804	3226	27.4768	unclassified	chr4	184726158	184729376	0	3219	+	3221	3216	3203	3	2	13	60	0.99783	0.995958	0.994412	0
PBE64913_skip_063df7c3_28887eb2_40.pod5	9b660d52-dddc-4e96-8a15-d4137e9ab374	28887eb2dd71b2d61668f65dd373b08db80b7c51	690	1	28340.5	23.0828	28340.6	22.9668	9077	28.4762	unclassified	chr3	24030653	24039721	0	9070	+	9079	9059	9057	11	9	2	60	0.999229	0.999779	0.997577	0
PBE64913_skip_063df7c3_28887eb2_40.pod5	1449237e-9ea2-4a78-ada8-7412bec1548c	28887eb2dd71b2d61668f65dd373b08db80b7c51	2159	1	28321.6	41.6972	28321.7	41.598	17651	28.7395	unclassified	chr9	106835459	106853110	10	17651	-	17658	17634	17618	7	17	16	60	0.999433	0.999093	0.997735	0
PBE64913_skip_063df7c3_28887eb2_40.pod5	73d0ea0c-e013-45e4-baa5-089413f49bc3	28887eb2dd71b2d61668f65dd373b08db80b7c51	671	3	28311.7	51.5924	28311.7	51.5304	13548	9.95153	unclassified	chr2	127158216	127169849	0	13541	+	13602	11572	11497	1969	61	75	60	0.999483	0.993519	0.845243	0
PBE64913_skip_063df7c3_28887eb2_40.pod5	dd86e812-806b-4790-a026-378f34e39b09	28887eb2dd71b2d61668f65dd373b08db80b7c51	1600	4	28314.1	48.5578	28314.1	48.5558	20309	10.2146	unclassified	chr3	14014285	14035038	30	20300	+	21259	19764	18693	506	989	1071	60	0.99808	0.945811	0.879298	0
PBE64913_skip_063df7c3_28887eb2_40.pod5	7eb4e668-1ffd-46eb-9ee4-d0e0f00cc943	28887eb2dd71b2d61668f65dd373b08db80b7c51	424	4	28305.4	57.872	28305.7	57.612	22302	25.5822	unclassified	chr9	115481002	115503310	0	22291	+	22342	22257	22193	34	51	64	60	0.999507	0.997124	0.993331	0
PBE64913_skip_063df7c3_28887eb2_40.pod5	99419c30-f25a-406a-8f32-bcdc12dcd3b3	28887eb2dd71b2d61668f65dd373b08db80b7c51	1364	2	28325.4	38.3	28325.6	38.0832	15683	26.1018	unclassified	chrX	32701931	32717612	0	15674	+	15693	15662	15645	12	19	17	60	0.999426	0.998915	0.996941	0
PBE64913_skip_063df7c3_28887eb2_40.pod5	0a9f0606-68e9-4948-b1e0-691efa329e85	28887eb2dd71b2d61668f65dd373b08db80b7c51	575	3	28343.8	19.7756	28344.1	19.5156	8236	25.8068	unclassified	chr17	80513235	80521474	0	8227	+	8242	8224	8210	3	15	14	60	0.998907	0.998298	0.996117	0
PBE64913_skip_063df7c3_28887eb2_40.pod5	402b400a-1b27-4e31-90f6-44020aa6b026	28887eb2dd71b2d61668f65dd373b08db80b7c51	1540	2	28324.6	38.6948	28324.7	38.5836	15907	27.4001	unclassified	chr17	34914313	34930231	8	15907	-	15927	15890	15864	9	28	26	60	0.999497	0.998364	0.996044	0
PBE64913_skip_063df7c3_28887eb2_40.pod5	1a20394f-b3b1-4f2c-9e09-7acf02881467	28887eb2dd71b2d61668f65dd373b08db80b7c51	1122	3	28351.3	12.6064	28351.3	12.6044	4440	24.7008	unclassified	chr10	2670787	2675185	7	4406	-	4409	4388	4368	11	10	20	60	0.990766	0.995442	0.990701	0
PBE64913_skip_063df7c3_28887eb2_40.pod5	700719e5-5691-403b-8031-90267322f992	28887eb2dd71b2d61668f65dd373b08db80b7c51	1610	1	28358.6	5.3468	28358.7	5.2584	3472	8.67663	unclassified	chr10	25529438	25533090	0	3465	+	3736	3381	3147	84	271	234	60	0.997984	0.93079	0.842345	0
PBE64913_skip_063df7c3_28887eb2_40.pod5	8d2448cc-cc24-4f3d-9ae8-b8ddd361b859	28887eb2dd71b2d61668f65dd373b08db80b7c51	2372	4	28349.9	13.6748	28350	13.566	5565	29.3084	unclassified	chr16	46659139	46664673	7	5565	-	5559	5533	5525	25	1	8	60	0.998742	0.998554	0.993884	0
PBE64913_skip_063df7c3_28887eb2_40.pod5	69db637b-6c77-4884-9c47-bfc0b26f6736	28887eb2dd71b2d61668f65dd373b08db80b7c51	933	1	28340.4	23.2808	28340.5	23.1816	9770	23.9678	unclassified	chr8	54097002	54106759	0	9760	+	9785	9732	9706	28	25	26	60	0.998976	0.997328	0.991926	0
PBE64913_skip_063df7c3_28887eb2_40.pod5	9d917d52-3bf4-4c73-a51a-2abe3799e7ec	28887eb2dd71b2d61668f65dd373b08db80b7c51	2468	4	28298	64.6074	28298	64.6054	25958	27.3065	unclassified	chr4	180674204	180700143	38	25953	+	25975	25879	25820	36	60	59	60	0.998343	0.99772	0.994033	0
PBE64913_skip_063df7c3_28887eb2_40.pod5	8ac9eed9-dfb7-46b8-abcb-64ee587cdf3d	28887eb2dd71b2d61668f65dd373b08db80b7c51	1592	4	28339.5	24.3212	28339.6	24.2124	9969	29.2195	unclassified	chr8	137340681	137350654	7	9969	-	9998	9937	9913	25	36	24	60	0.999298	0.997585	0.991498	0
PBE64913_skip_063df7c3_28887eb2_40.pod5	2ffdda46-9f8e-415b-9ae2-e03b76604fc1	28887eb2dd71b2d61668f65dd373b08db80b7c51	842	3	28320.4	43.4528	28320.6	43.308	13500	24.5474	unclassified	chr5	6646754	6660260	9	13500	-	13523	13474	13444	17	32	30	60	0.999333	0.997773	0.994158	0
PBE64913_skip_063df7c3_28887eb2_40.pod5	91c83e70-5eb0-468a-9db4-769b587ff5a7	28887eb2dd71b2d61668f65dd373b08db80b7c51	1564	3	28332.2	31.4276	28332.3	31.3416	15350	21.8298	unclassified	chr1	87274048	87289398	0	15345	+	15397	15298	15234	47	52	64	60	0.999674	0.995816	0.989413	0
PBE64913_skip_063df7c3_28887eb2_40.pod5	1b15be2f-f9e2-4ea3-8c48-eea86f19ae34	28887eb2dd71b2d61668f65dd373b08db80b7c51	1452	1	28300	63.392	28300.1	63.2724	25554	26.7404	unclassified	chrX	109738676	109764235	7	25554	-	25593	25513	25463	34	46	50	60	0.999726	0.99804	0.99492	0
PBE64913_skip_063df7c3_28887eb2_40.pod5	8e2660ea-24cc-403a-9d36-810afbd66dcc	28887eb2dd71b2d61668f65dd373b08db80b7c51	445	1	28343.5	20.5292	28343.6	20.382	8782	32.9733	unclassified	chrX	62470168	62478943	0	8777	+	8779	8773	8603	4	2	170	1	0.999431	0.980622	0.979952	0
PBE64913_skip_063df7c3_28887eb2_40.pod5	6021befd-d0b1-4fb0-b529-16706889fb0a	28887eb2dd71b2d61668f65dd373b08db80b7c51	337	1	28316.3	47.552	28316.4	47.4168	16322	22.4426	unclassified	chr6	80397378	80405443	7	8073	-	8067	8064	8052	2	1	12	60	0.49418	0.998512	0.998141	0
PBE64913_skip_063df7c3_28887eb2_40.pod5	40fed8b6-4d24-4f4f-8a29-876064b1cd16	28887eb2dd71b2d61668f65dd373b08db80b7c51	523	2	28295.2	67.688	28295.3	67.578	26334	23.772	unclassified	chr6	115447308	115473651	0	26326	+	26401	26268	26193	58	75	75	60	0.999696	0.997145	0.992122	0
PBE64913_skip_063df7c3_28887eb2_40.pod5	19d49693-0b56-4ef2-901c-5ed896036d8b	28887eb2dd71b2d61668f65dd373b08db80b7c51	2699	1	28345.7	18.3212	28345.8	18.2364	8779	25.7132	unclassified	chrX	16855027	16863791	10	8779	-	8787	8746	8725	23	18	21	60	0.998861	0.997599	0.992944	0
PBE64913_skip_063df7c3_28887eb2_40.pod5	62e11481-92eb-4d41-a730-38a060ddeec2	28887eb2dd71b2d61668f65dd373b08db80b7c51	765	4	28354.3	9.801	28354.3	9.799	4203	21.4777	unclassified	chr13	61032831	61036998	27	4197	+	4179	4158	4136	12	9	22	60	0.992148	0.994709	0.98971	0
PBE64913_skip_063df7c3_28887eb2_40.pod5	cdabfa8c-7aff-414b-b943-c898bd05e337	28887eb2dd71b2d61668f65dd373b08db80b7c51	708	4	28303.9	59.6922	28303.9	59.6902	19056	12.8287	unclassified	chr8	21807357	21826491	6	19022	-	19500	18650	18108	366	484	542	60	0.997901	0.970938	0.928615	0
PBE64913_skip_063df7c3_28887eb2_40.pod5	d982e238-1b1b-4023-9a37-2e26c54cff7a	28887eb2dd71b2d61668f65dd373b08db80b7c51	1385	1	28344.4	5.1336	28344.6	5.0076	1995	18.9366	unclassified	chr1	186306584	186308572	7	1995	-	1995	1981	1966	7	7	15	60	0.996491	0.992428	0.985464	0
PBE64913_skip_063df7c3_28887eb2_40.pod5	ecaa138a-e32e-4d4e-88b3-d2445dee5260	28887eb2dd71b2d61668f65dd373b08db80b7c51	2184	4	28354.7	9.5036	28354.8	9.3588	4076	29.1338	unclassified	chr20	31065574	31069588	7	4076	-	4307	3776	3463	293	238	313	34	0.998283	0.917108	0.80404	0
PBE64913_skip_063df7c3_28887eb2_40.pod5	dc7b9bc9-a06f-4351-ac9f-c33c86bded6d	28887eb2dd71b2d61668f65dd373b08db80b7c51	1840	1	28353.6	10.5636	28353.6	10.5616	4400	15.6855	unclassified	chr8	41392960	41397335	39	4388	+	4403	4321	4266	28	54	55	60	0.988409	0.987271	0.968885	0
PBE64913_skip_063df7c3_28887eb2_40.pod5	36646329-153c-4cfa-b0bd-6a79819bffc8	28887eb2dd71b2d61668f65dd373b08db80b7c51	1416	3	28352.6	11.5652	28352.7	11.4396	4855	17.1465	unclassified	chr7	144958574	144963422	9	4855	-	4875	4819	4761	27	29	58	60	0.998146	0.987964	0.976615	0
PBE64913_skip_063df7c3_28887eb2_40.pod5	177a9a7f-d71b-4158-ad3c-c3bc6d9f561b	28887eb2dd71b2d61668f65dd373b08db80b7c51	1922	3	28306.5	57.1436	28306.6	57.0408	22851	29.5942	unclassified	chr12	83022018	83044880	0	22846	+	22888	22820	22762	26	42	58	60	0.999781	0.997458	0.994495	0
PBE64913_skip_063df7c3_28887eb2_40.pod5	27dea7f9-686c-4d07-bcd7-8fea444d8294	28887eb2dd71b2d61668f65dd373b08db80b7c51	2292	3	28296.1	67.3256	28296.2	67.2024	28528	27.4761	unclassified	chrX	105099752	105128291	0	28522	+	28565	28496	28449	26	43	47	60	0.99979	0.998351	0.995939	0
PBE64913_skip_063df7c3_28887eb2_40.pod5	fb51ffc0-856e-4efe-9683-2d795b2d83a6	28887eb2dd71b2d61668f65dd373b08db80b7c51	709	1	28249.9	113.095	28250	113.01	44123	26.6819	unclassified	chr12	102037344	102081498	6	44123	-	44187	44084	44037	33	70	47	60	0.999864	0.998934	0.996605	0
PBE64913_skip_063df7c3_28887eb2_40.pod5	cebf1f8f-c7b6-4503-ae13-c2082fc2b87d	28887eb2dd71b2d61668f65dd373b08db80b7c51	1385	1	28349.6	14.5356	28349.7	14.3952	5797	26.5965	unclassified	chr2	213919370	213925167	0	5792	+	5805	5784	5778	8	13	6	60	0.999137	0.998963	0.995349	0
PBE64913_skip_063df7c3_28887eb2_40.pod5	ecb2cc84-80d3-4b0e-aac4-a6f1f84f09b7	28887eb2dd71b2d61668f65dd373b08db80b7c51	2307	3	28298.5	64.6148	28298.6	64.5144	27427	28.8241	unclassified	chr4	26292234	26319599	1	27423	+	27476	27311	27267	111	54	44	60	0.999818	0.998389	0.992393	0
PBE64913_skip_063df7c3_28887eb2_40.pod5	4281050b-43f8-4a5b-a4e9-6aa0738252b7	28887eb2dd71b2d61668f65dd373b08db80b7c51	633	2	28343	21.4028	28343.1	21.2844	8944	28.8789	unclassified	chr5	23754651	23763586	0	8937	+	8942	8930	8923	7	5	7	60	0.999217	0.999216	0.997875	0
PBE64913_skip_063df7c3_28887eb2_40.pod5	527445b0-b15e-4178-853f-f9bfe080baa8	28887eb2dd71b2d61668f65dd373b08db80b7c51	2739	1	28281.6	82.148	28281.7	81.9912	31113	26.6982	unclassified	chr2	36453831	36484935	0	31113	+	31154	31063	30979	50	41	84	60	1	0.997296	0.994383	0
PBE64913_skip_063df7c3_28887eb2_40.pod5	a5fcf084-fe14-404a-a590-bb1c2a0f2949	28887eb2dd71b2d61668f65dd373b08db80b7c51	918	3	28353.7	10.9834	28353.7	10.9814	3233	27.0014	unclassified	chr3	51907996	51911216	4	3225	+	3229	3212	3206	9	8	6	60	0.996288	0.998132	0.992877	0
PBE64913_skip_063df7c3_28887eb2_40.pod5	8798c235-3985-4497-9113-c4266fb53173	28887eb2dd71b2d61668f65dd373b08db80b7c51	1333	3	28346.1	18.2396	28346.2	18.1068	6739	23.873	unclassified	chrX	55553241	55558727	10	5477	-	5490	5463	5455	4	23	8	60	0.811248	0.998536	0.993625	0
PBE64913_skip_063df7c3_28887eb2_40.pod5	7f80932d-921a-4767-aa84-c1e3a722ac8c	28887eb2dd71b2d61668f65dd373b08db80b7c51	108	2	28336	28.5812	28336.2	28.422	12333	29.2732	unclassified	chr7	63127017	63139339	0	12327	+	12334	12315	12302	12	7	13	60	0.999514	0.998944	0.997406	0
PBE64913_skip_063df7c3_28887eb2_40.pod5	0be078b9-91bd-4e90-aa9f-1f770e014056	28887eb2dd71b2d61668f65dd373b08db80b7c51	2805	3	28297.2	66.3652	28297.2	66.3632	24770	19.3948	unclassified	chr12	98930611	98955404	37	24766	+	24905	24617	24418	112	176	199	60	0.998345	0.991916	0.980446	0
PBE64913_skip_063df7c3_28887eb2_40.pod5	54ecbd81-cfab-4a69-9fd8-1941e4ea5271	28887eb2dd71b2d61668f65dd373b08db80b7c51	1609	1	28357.2	7.2968	28357.4	7.1184	3311	24.0876	unclassified	chr9	35390721	35394017	7	3311	-	3305	3295	3287	9	1	8	60	0.997886	0.997572	0.994554	0
PBE64913_skip_063df7c3_28887eb2_40.pod5	0b049933-f3cd-4a0f-bcf0-2401bcddb6f8	28887eb2dd71b2d61668f65dd373b08db80b7c51	803	2	28243.5	118.647	28243.8	118.39	49777	11.3534	unclassified	chr11	38801476	38851869	6	49776	-	51566	48597	46409	1173	1796	2188	60	0.999859	0.954977	0.899992	0
PBE64913_skip_063df7c3_28887eb2_40.pod5	af7939c6-97c5-4f33-a647-fa85ece2054f	28887eb2dd71b2d61668f65dd373b08db80b7c51	2520	2	28357.8	6.7232	28357.9	6.6072	2852	36.3217	unclassified	chr8	5289016	5291818	10	2852	-	2842	2802	2786	40	0	16	60	0.996494	0.99429	0.980296	0
PBE64913_skip_063df7c3_28887eb2_40.pod5	7c0c3283-a600-408f-a55f-c6433640dcb8	28887eb2dd71b2d61668f65dd373b08db80b7c51	1739	4	28339.2	25.0808	28339.3	24.9696	9470	34.9849	unclassified	chr15	17075778	17083573	15	8061	+	8210	7631	6862	415	164	769	1	0.84963	0.899227	0.83581	0
PBE64913_skip_063df7c3_28887eb2_40.pod5	0a350141-ae3b-4ea9-880a-86f2b6c74ce5	28887eb2dd71b2d61668f65dd373b08db80b7c51	1082	1	28354.8	9.7076	28354.9	9.5892	3883	26.0626	unclassified	chrX	52268025	52271898	7	3883	-	3878	3871	3867	5	2	4	60	0.998197	0.998967	0.997163	0
PBE64913_skip_063df7c3_28887eb2_40.pod5	59eb7c01-afdb-4f2f-bce9-a89480553c1c	28887eb2dd71b2d61668f65dd373b08db80b7c51	1048	2	28356.9	7.796	28357.2	7.4856	1462	28.8408	unclassified	chr10	48944153	48945615	0	1462	-	1462	1462	1460	0	0	2	60	1	0.998632	0.998632	0
PBE64913_skip_063df7c3_28887eb2_40.pod5	808cef83-0c68-4b3c-bf91-6f157f704f43	28887eb2dd71b2d61668f65dd373b08db80b7c51	871	3	28353.6	11.216	28353.7	11.1132	5415	29.3241	unclassified	chr8	72917556	72922962	11	5415	-	5407	5403	5400	1	3	3	60	0.997969	0.999445	0.998705	0
PBE64913_skip_063df7c3_28887eb2_40.pod5	9a4c28aa-0b76-4a10-9ccc-a0357c98c892	28887eb2dd71b2d61668f65dd373b08db80b7c51	2126	2	28347.1	17.3096	28347.2	17.1528	6426	34.3738	unclassified	chr2	202986686	202993122	0	6420	+	6444	6412	6407	8	24	5	60	0.999066	0.99922	0.994258	0
PBE64913_skip_063df7c3_28887eb2_40.pod5	8c8e81fe-2f20-4971-b4cc-8dbcbf195bc1	28887eb2dd71b2d61668f65dd373b08db80b7c51	1730	3	28351.3	13.3904	28351.4	13.2792	5674	37.4409	unclassified	chr18	70735715	70741387	8	5674	-	5672	5666	5658	0	6	8	60	0.99859	0.998588	0.997532	0
PBE64913_skip_063df7c3_28887eb2_40.pod5	cec4ce03-a945-4cb0-9492-6759bc230659	28887eb2dd71b2d61668f65dd373b08db80b7c51	126	2	28338	26.7248	28338	26.6472	12295	20.8847	unclassified	chr10	122750576	122762881	0	12288	+	12337	12256	12189	32	49	67	60	0.999431	0.994533	0.988004	0
PBE64913_skip_063df7c3_28887eb2_40.pod5	15e4eac3-7c5d-4e5f-86fa-56f3c3508889	28887eb2dd71b2d61668f65dd373b08db80b7c51	1812	3	28360	4.9592	28360.1	4.8504	2021	33.5397	unclassified	chr8	26565685	26567687	7	2021	-	2014	2002	1999	12	0	3	60	0.996536	0.998501	0.992552	0
PBE64913_skip_063df7c3_28887eb2_40.pod5	e1a19a4a-d8e0-4daf-b999-0f27cd572cb1	28887eb2dd71b2d61668f65dd373b08db80b7c51	1681	4	28248.3	114.798	28248.4	114.703	50665	18.3431	unclassified	chr7	108263816	108313755	659	50665	-	50220	49725	49504	281	214	221	60	0.986993	0.995556	0.985743	0
PBE64913_skip_063df7c3_28887eb2_40.pod5	ba2f7aca-c5bc-41ff-b248-ffe30eda0657	28887eb2dd71b2d61668f65dd373b08db80b7c51	812	1	28344.9	19.6572	28344.9	19.6552	7276	12.4051	unclassified	chr10	86771580	86778909	38	7256	+	7432	7115	6891	103	214	224	60	0.992029	0.968517	0.927207	0
PBE64913_skip_063df7c3_28887eb2_40.pod5	96e56502-e039-42db-9c88-c0f7da005e4b	28887eb2dd71b2d61668f65dd373b08db80b7c51	2599	2	28300.2	33.0852	28300.2	33.0852	14119	27.2819	unclassified	chr3	163114858	163128943	11	14091	-	14100	14065	14031	15	20	34	60	0.997238	0.997583	0.995106	0
PBE64913_skip_063df7c3_28887eb2_40.pod5	5af34b02-2250-423b-9ae9-28d461b98f48	28887eb2dd71b2d61668f65dd373b08db80b7c51	2781	3	28363.1	1.7528	28363.2	1.68	800	38.0362	unclassified	chr16	46400191	46400980	9	798	-	789	789	771	0	0	18	24	0.98625	0.977186	0.977186	0
PBE64913_skip_063df7c3_28887eb2_40.pod5	52316ca5-7448-41d7-ac69-640784f6aa30	28887eb2dd71b2d61668f65dd373b08db80b7c51	1295	3	28340.6	23.9012	28340.7	23.8164	10200	26.4308	unclassified	chr6	16262511	16272798	9	10200	-	10296	10182	10165	9	105	17	60	0.999118	0.99833	0.987277	0
PBE64913_skip_063df7c3_28887eb2_40.pod5	5202ac8c-4929-4244-a227-23643a61b369	28887eb2dd71b2d61668f65dd373b08db80b7c51	2302	1	28338.6	26.126	28338.6	26.124	8201	23.5872	unclassified	chr2	70433826	70440843	7	8165	-	8186	6989	6981	1169	28	8	60	0.994757	0.998855	0.852797	0
PBE64913_skip_063df7c3_28887eb2_40.pod5	877be744-7832-4b93-a0dc-833b80a7cc92	28887eb2dd71b2d61668f65dd373b08db80b7c51	2542	3	28325.3	38.9566	28325.3	38.9546	15147	12.6836	unclassified	chr13	18171248	18179526	3123	11349	-	8448	8056	7712	170	222	344	60	0.543078	0.957299	0.912879	0
PBE64913_skip_063df7c3_28887eb2_40.pod5	d37a5335-d700-4272-bb86-cd628e45c361	28887eb2dd71b2d61668f65dd373b08db80b7c51	2773	3	28338.7	26.1328	28338.7	26.1308	9365	25.4019	unclassified	chr9	132721499	132730832	6	9337	-	9344	9320	9291	11	13	29	60	0.996369	0.996888	0.994328	0
PBE64913_skip_063df7c3_28887eb2_40.pod5	fddbe0e1-44ed-4169-85af-93607c4c0801	28887eb2dd71b2d61668f65dd373b08db80b7c51	2391	4	28362	3.272	28362.3	2.9688	1131	30.9661	unclassified	chr12	103704818	103705942	7	1131	-	1124	1124	1121	0	0	3	60	0.993811	0.997331	0.997331	0
PBE64913_skip_063df7c3_28887eb2_40.pod5	c64bb121-fd7e-4322-ac92-60fcf6c69e66	28887eb2dd71b2d61668f65dd373b08db80b7c51	1369	3	28354	11.069	28354	11.067	5245	20.3938	unclassified	chr6	168903643	168908861	35	5237	+	5233	5187	5151	15	31	36	60	0.991802	0.99306	0.98433	0
PBE64913_skip_063df7c3_28887eb2_40.pod5	79e4e6b7-a36c-40bf-924b-551e5ae5e795	28887eb2dd71b2d61668f65dd373b08db80b7c51	2647	1	28337.5	27.5552	28337.7	27.2976	4155	10.5326	unclassified	chr10	23893129	23896964	40	4155	-	4152	3798	3754	317	37	44	60	0.990373	0.988415	0.904143	0
PBE64913_skip_063df7c3_28887eb2_40.pod5	0d0421cb-b4c7-4ae2-af59-2590ba95c2e4	28887eb2dd71b2d61668f65dd373b08db80b7c51	2395	1	28341.2	24.032	28341.4	23.8608	8385	30.3358	unclassified	chr3	77620431	77628812	6	8385	-	8389	8371	8356	8	10	15	60	0.999284	0.998208	0.996066	0
PBE64913_skip_063df7c3_28887eb2_40.pod5	3e1c72be-8653-41e4-b6e7-23611fc6a550	28887eb2dd71b2d61668f65dd373b08db80b7c51	1377	1	28339.8	25.0292	28339.9	24.8964	10452	31.8223	unclassified	chr17	56502083	56512547	7	10452	-	10468	10441	10431	4	23	10	60	0.99933	0.999042	0.996465	0
PBE64913_skip_063df7c3_28887eb2_40.pod5	49e25f3f-332b-4f26-9ec8-d1f69fabd8d2	28887eb2dd71b2d61668f65dd373b08db80b7c51	1155	1	28338.8	25.5426	28338.8	25.5406	10459	11.6408	unclassified	chr1	100205625	100216215	1	10432	-	10829	10192	9813	239	398	379	60	0.997323	0.962814	0.906178	0
PBE64913_skip_063df7c3_28887eb2_40.pod5	1d4c046c-1106-4db5-941e-d46d6645dbf3	28887eb2dd71b2d61668f65dd373b08db80b7c51	2599	2	28333.3	30.6012	28333.4	30.5124	14076	26.0775	unclassified	chr3	163114858	163128943	0	14070	+	14097	14058	14015	12	27	43	60	0.999574	0.996941	0.994183	0
PBE64913_skip_063df7c3_28887eb2_40.pod5	a6450475-57ca-44fd-a583-16a28dd90e71	28887eb2dd71b2d61668f65dd373b08db80b7c51	1718	1	28341.4	23.6984	28341.5	23.5572	9966	23.2656	unclassified	chr12	100356285	100366252	7	9966	-	9985	9941	9920	18	26	21	60	0.999298	0.997888	0.99349	0
PBE64913_skip_063df7c3_28887eb2_40.pod5	d62e856f-f132-41e4-a7b4-5eacd64f51e6	28887eb2dd71b2d61668f65dd373b08db80b7c51	1459	1	28292.8	71.0048	28292.9	70.908	32056	22.5808	unclassified	chr1	4284565	4316635	8	32056	-	32194	31924	31797	124	146	127	60	0.99975	0.996022	0.987669	0
PBE64913_skip_063df7c3_28887eb2_40.pod5	30d59a58-f7c9-4fdd-8d96-07910a27163e	28887eb2dd71b2d61668f65dd373b08db80b7c51	647	1	28309.8	54.2744	28310	54.036	15489	27.6173	unclassified	chr13	32407705	32423211	8	15489	-	15519	15468	15450	13	38	18	60	0.999484	0.998836	0.995554	0
PBE64913_skip_063df7c3_28887eb2_40.pod5	d2962906-6837-4170-8b74-94217a529010	28887eb2dd71b2d61668f65dd373b08db80b7c51	547	2	28308	56.9132	28308	56.9112	30376	22.9877	unclassified	chr13	98509179	98539560	7	30338	-	30437	30275	30198	56	106	77	60	0.998519	0.997457	0.992148	0
PBE64913_skip_063df7c3_28887eb2_40.pod5	c618e2fa-8f17-4a26-96a9-acde1a5d8c21	28887eb2dd71b2d61668f65dd373b08db80b7c51	1049	1	28338.8	26.5622	28338.8	26.5602	10916	28.4912	unclassified	chr9	120673477	120684378	20	10913	+	10904	10890	10874	3	11	16	60	0.997893	0.998531	0.997249	0
PBE64913_skip_063df7c3_28887eb2_40.pod5	1346c7bd-72e6-47b3-b18b-6a3e1dc69d8a	28887eb2dd71b2d61668f65dd373b08db80b7c51	2103	4	28346.1	18.9986	28346.1	18.9966	5340	30.9092	unclassified	chrX	6748926	6754223	0	5302	-	5307	5292	5283	10	5	9	60	0.992884	0.998299	0.995478	0
PBE64913_skip_063df7c3_28887eb2_40.pod5	725e5920-3082-49c5-9b37-20ecc4c89980	28887eb2dd71b2d61668f65dd373b08db80b7c51	2268	3	28331.9	33.458	28332.1	33.2652	13033	10.6045	unclassified	chr8	74813881	74827103	6	13032	-	13578	12670	12125	356	552	545	60	0.999463	0.956985	0.892989	0
PBE64913_skip_063df7c3_28887eb2_40.pod5	a8a9de64-34f1-413b-a416-25cdb914f2b3	28887eb2dd71b2d61668f65dd373b08db80b7c51	2774	3	28353.3	12.0224	28353.4	11.9112	4287	23.5239	unclassified	chr16	29176828	29181117	0	4279	+	4305	4263	4239	16	26	24	60	0.998134	0.99437	0.984669	0
PBE64913_skip_063df7c3_28887eb2_40.pod5	fd73fdf4-adf7-4747-a5b9-c511cf3de8fb	28887eb2dd71b2d61668f65dd373b08db80b7c51	648	1	28345.2	20.3652	28345.2	20.3632	8329	26.6935	unclassified	chr7	15743709	15752000	7	8297	-	8298	8283	8266	7	8	17	60	0.995318	0.997948	0.996144	0
PBE64913_skip_063df7c3_28887eb2_40.pod5	c825a687-3ead-4873-bf89-3a4c7cdf62b7	28887eb2dd71b2d61668f65dd373b08db80b7c51	1037	1	28339.4	25.9496	28339.5	25.8204	9982	26.3584	unclassified	chr3	76810349	76820333	7	9982	-	9998	9961	9952	14	23	9	60	0.999299	0.999096	0.995399	0
PBE64913_skip_063df7c3_28887eb2_40.pod5	b9c7fabc-8203-4191-9324-e1b483ab69bf	28887eb2dd71b2d61668f65dd373b08db80b7c51	1815	2	28336.5	28.6388	28336.7	28.5084	11302	27.9788	unclassified	chr20	38015601	38026907	0	11297	+	11311	11292	11285	5	14	7	60	0.999558	0.99938	0.997701	0
PBE64913_skip_063df7c3_28887eb2_40.pod5	09c3ed05-e7e2-4265-a732-9642fa0edcbc	28887eb2dd71b2d61668f65dd373b08db80b7c51	2097	4	28320.7	33.6428	28320.8	33.5508	17090	19.8065	unclassified	chr6	115081424	115098510	2	17090	-	17203	16971	16849	117	115	122	60	0.999883	0.992811	0.979422	0
PBE64913_skip_063df7c3_28887eb2_40.pod5	375c188e-4407-444a-a84f-c4e15e823f7d	28887eb2dd71b2d61668f65dd373b08db80b7c51	1184	4	28323.9	30.908	28324	30.7836	17159	23.0791	unclassified	chr17	63315216	63332393	0	17159	-	17212	17124	17078	35	53	46	60	1	0.997314	0.992215	0
PBE64913_skip_063df7c3_28887eb2_40.pod5	9c950c0f-8675-4c51-861c-3231d8b55d68	28887eb2dd71b2d61668f65dd373b08db80b7c51	1514	3	28351.2	14.6492	28351.3	14.5428	6052	28.9344	unclassified	chr15	56701132	56707182	5	6052	-	6063	6034	6029	13	16	5	60	0.999174	0.999171	0.994392	0
PBE64913_skip_063df7c3_28887eb2_40.pod5	fe381afb-019d-4b10-80f0-7c23d18f2338	28887eb2dd71b2d61668f65dd373b08db80b7c51	2402	3	28275.9	87.9812	28276	87.8868	39269	23.4631	unclassified	chr19	23687297	23726523	8	39269	-	39438	39049	38773	212	177	276	60	0.999796	0.992932	0.983138	0
PBE64913_skip_063df7c3_28887eb2_40.pod5	a23a5552-ea50-40ed-a50d-f1e1a568524d	28887eb2dd71b2d61668f65dd373b08db80b7c51	2871	1	28324.6	40.2452	28324.7	40.11	18277	24.4924	unclassified	chr8	134277371	134295637	0	18270	+	18302	18234	18190	36	32	44	60	0.999617	0.997587	0.99388	0
PBE64913_skip_063df7c3_28887eb2_40.pod5	65586822-9177-4eec-994c-f4abcdad0b24	28887eb2dd71b2d61668f65dd373b08db80b7c51	1794	3	28284.7	79.9352	28284.8	79.8312	32494	27.4416	unclassified	chr13	49405963	49438467	8	32494	-	32538	32452	32373	34	52	79	60	0.999754	0.997566	0.994929	0
PBE64913_skip_063df7c3_28887eb2_40.pod5	e0391ea1-a45c-432e-b347-e76f074c7ad9	28887eb2dd71b2d61668f65dd373b08db80b7c51	378	1	28340.8	24.9104	28340.8	24.8388	12840	23.1122	unclassified	chr3	69023791	69036657	6	12840	-	12896	12804	12758	30	62	46	60	0.999533	0.996407	0.989299	0
PBE64913_skip_063df7c3_28887eb2_40.pod5	5ebebe26-b3fd-4b70-a002-af673982e6c3	28887eb2dd71b2d61668f65dd373b08db80b7c51	725	1	28334	31.7864	28334.2	31.6176	10345	18.1241	unclassified	chr11	49651580	49661931	0	10345	-	10401	10295	10212	50	56	83	60	1	0.991938	0.981829	0
PBE64913_skip_063df7c3_28887eb2_40.pod5	643b40e1-8ea7-4bce-a7d8-27d184ca901d	28887eb2dd71b2d61668f65dd373b08db80b7c51	729	1	28352.1	14.0996	28352.2	14.022	5867	27.2344	unclassified	chr15	54198710	54204567	7	5867	-	5865	5852	5842	8	5	10	60	0.998807	0.998291	0.996078	0
PBE64913_skip_063df7c3_28887eb2_40.pod5	2ebfc29b-951b-428a-a16a-672fca43fbf5	28887eb2dd71b2d61668f65dd373b08db80b7c51	860	2	28347.1	18.8262	28347.1	18.8242	8285	15.4468	unclassified	chr12	129485090	129493370	42	8279	+	8362	8155	8037	82	125	118	60	0.994206	0.98553	0.961134	0
PBE64913_skip_063df7c3_28887eb2_40.pod5	5b252383-8c30-45d7-83fa-97c3484763dd	28887eb2dd71b2d61668f65dd373b08db80b7c51	1283	3	28313	52.1912	28313	52.1892	18822	24.5902	unclassified	chr9	98385260	98404079	39	18816	+	18840	18756	18720	21	63	36	60	0.997609	0.998081	0.993631	0
PBE64913_skip_063df7c3_28887eb2_40.pod5	201dcc74-d96b-48a3-b34a-64929a453f77	28887eb2dd71b2d61668f65dd373b08db80b7c51	1766	4	28321.8	43.0284	28321.8	43.0264	14959	21.1099	unclassified	chrX	24446121	24461119	2	14952	+	15034	14914	14860	36	84	54	60	0.999398	0.996379	0.988426	0
PBE64913_skip_063df7c3_28887eb2_40.pod5	3801b40d-1f91-4e3a-919d-b8f1e1d2c67a	28887eb2dd71b2d61668f65dd373b08db80b7c51	2339	1	28347.9	16.8164	28348	16.7328	6671	26.7633	unclassified	chr7	146243182	146249837	11	6671	-	6665	6650	6632	10	5	18	60	0.998351	0.997293	0.995049	0
PBE64913_skip_063df7c3_28887eb2_40.pod5	f0409479-c68d-42e9-8b94-48383b1c0657	28887eb2dd71b2d61668f65dd373b08db80b7c51	1102	1	28274.9	73.8284	28275	73.7052	30436	27.8211	unclassified	chr8	133154961	133185403	0	30436	-	30464	30414	30368	22	28	46	60	1	0.998488	0.996849	0
PBE64913_skip_063df7c3_28887eb2_40.pod5	97e3a2e3-e559-4df6-b6f8-a27bb3e0dbd5	28887eb2dd71b2d61668f65dd373b08db80b7c51	2668	3	28350.9	14.7368	28351	14.616	5855	32.8362	unclassified	chr4	50610216	50616065	8	5855	-	5854	5842	5759	5	7	83	1	0.998634	0.985793	0.983772	0
PBE64913_skip_063df7c3_28887eb2_40.pod5	e6f660c5-b793-4673-b4b8-014b96fc3b60	28887eb2dd71b2d61668f65dd373b08db80b7c51	1906	4	28323.5	41.3588	28323.6	41.2284	16159	28.0472	unclassified	chr1	190156396	190172540	0	16152	+	16164	16132	16116	20	12	16	60	0.999567	0.999008	0.99703	0
PBE64913_skip_063df7c3_28887eb2_40.pod5	c088f374-7ffe-4bbd-ad22-a4428f8e5189	28887eb2dd71b2d61668f65dd373b08db80b7c51	1285	4	28319.8	44.444	28319.9	44.328	18558	30.166	unclassified	chr8	22790734	22809288	0	18551	+	18565	18540	18537	11	14	3	60	0.999623	0.999838	0.998492	0
PBE64913_skip_063df7c3_28887eb2_40.pod5	0fb0510d-77cf-4ace-84da-8423454bac54	28887eb2dd71b2d61668f65dd373b08db80b7c51	325	2	28282.3	81.9596	28282.4	81.84	37876	25.1128	unclassified	chr8	57865337	57903199	0	37868	+	37924	37806	37746	62	56	60	60	0.999789	0.998413	0.995306	0
PBE64913_skip_063df7c3_28887eb2_40.pod5	bae920f0-ab84-44f1-a84c-12980423e084	28887eb2dd71b2d61668f65dd373b08db80b7c51	632	4	28335.9	30.0404	28336	29.9004	12690	25.4823	unclassified	chr20	43051964	43064672	6	12690	-	12721	12671	12649	13	37	22	60	0.999527	0.998264	0.99434	0
PBE64913_skip_063df7c3_28887eb2_40.pod5	86e11c59-fe8d-437c-8c34-3fb599884b2e	28887eb2dd71b2d61668f65dd373b08db80b7c51	2558	1	28352.7	13.4252	28352.8	13.3068	5558	31.1943	unclassified	chr5	96330217	96335771	0	5551	+	5556	5549	5543	2	5	6	60	0.998741	0.998919	0.99766	0
PBE64913_skip_063df7c3_28887eb2_40.pod5	01151d96-f149-4fb5-ab1b-f45bbdd33ba2	28887eb2dd71b2d61668f65dd373b08db80b7c51	2172	3	28346.5	19.6334	28346.5	19.6314	8229	28.512	unclassified	chr15	34776709	34784908	26	8223	+	8210	8186	8167	11	13	19	60	0.996111	0.997679	0.994762	0
PBE64913_skip_063df7c3_28887eb2_40.pod5	6c76af4d-a917-43be-bbb9-98791ccee8d4	28887eb2dd71b2d61668f65dd373b08db80b7c51	2982	1	28310.7	54.104	28310.9	53.94	21255	23.9939	unclassified	chr9	66314927	66336246	0	21247	+	21335	21231	21184	16	88	47	60	0.999624	0.997786	0.992922	0
PBE64913_skip_063df7c3_28887eb2_40.pod5	804d673f-ce4e-467c-8f28-a522768452b5	28887eb2dd71b2d61668f65dd373b08db80b7c51	2328	4	28355.9	10.0856	28356	9.96	3513	25.6208	unclassified	chr9	111344059	111347578	0	3508	+	3522	3505	3500	3	14	5	60	0.998577	0.998573	0.993754	0
PBE64913_skip_063df7c3_28887eb2_40.pod5	f04e461d-612f-433b-8998-d0083f46d4a6	28887eb2dd71b2d61668f65dd373b08db80b7c51	2179	3	28337.1	28.4744	28337.4	28.1688	11476	29.6859	unclassified	chr12	105391361	105402831	0	11470	+	11483	11457	11447	13	13	10	60	0.999477	0.999127	0.996865	0
PBE64913_skip_063df7c3_28887eb2_40.pod5	8f06097c-0f63-4187-a0bf-1247bfb2a9bc	28887eb2dd71b2d61668f65dd373b08db80b7c51	789	3	28330.8	35.2358	28330.8	35.2338	19816	20.6311	unclassified	chr2	143921370	143941218	32	19786	+	19917	19685	19587	69	163	98	60	0.996871	0.995022	0.983431	0
PBE64913_skip_063df7c3_28887eb2_40.pod5	5522fc98-f223-40a6-bc88-31432c006775	28887eb2dd71b2d61668f65dd373b08db80b7c51	1938	1	28297.8	66.9718	28297.8	66.9698	28115	9.25883	unclassified	chr6	112873929	112893379	8	18978	-	20091	18329	17164	641	1121	1165	60	0.674729	0.93644	0.854313	0
PBE64913_skip_063df7c3_28887eb2_40.pod5	2c3e6d8d-ca9d-4938-b8e9-4b988ebee5b0	28887eb2dd71b2d61668f65dd373b08db80b7c51	2702	4	28332.5	33.4546	28332.5	33.4526	12991	10.1608	unclassified	chr18	62342110	62355252	10	12959	-	13463	12628	11974	321	514	654	60	0.996767	0.94821	0.889401	0
PBE64913_skip_063df7c3_28887eb2_40.pod5	3bc598e6-a469-4564-8229-74c96db09e62	28887eb2dd71b2d61668f65dd373b08db80b7c51	2562	1	28318.2	47.546	28318.3	47.406	19943	26.5895	unclassified	chr5	93218426	93238350	0	19936	+	19982	19878	19829	58	46	49	60	0.999649	0.997535	0.992343	0
PBE64913_skip_063df7c3_28887eb2_40.pod5	9dae4a6d-1a7d-440f-9961-7c1e293408a0	28887eb2dd71b2d61668f65dd373b08db80b7c51	374	2	28318.3	47.66	28318.4	47.5752	19929	27.6693	unclassified	chr4	34566092	34586010	0	19923	+	19947	19894	19875	29	24	19	60	0.999699	0.999045	0.99639	0
PBE64913_skip_063df7c3_28887eb2_40.pod5	5ae1caa9-618c-4a9e-b242-2bda754c0eec	28887eb2dd71b2d61668f65dd373b08db80b7c51	780	1	28363	3.6512	28363.1	3.5616	1582	24.5455	unclassified	chr2	195209593	195211170	0	1573	+	1583	1567	1567	6	10	0	60	0.994311	1	0.989893	0
PBE64913_skip_063df7c3_28887eb2_40.pod5	bfe79585-4105-4157-8988-93ad5576297d	28887eb2dd71b2d61668f65dd373b08db80b7c51	873	2	28315.1	50.894	28315.2	50.802	18907	27.6004	unclassified	chr4	143682360	143701262	0	18900	+	18915	18887	18860	13	15	27	60	0.99963	0.99857	0.997092	0
PBE64913_skip_063df7c3_28887eb2_40.pod5	1955b660-d24b-45ee-ab8a-e5b593d1efc7	28887eb2dd71b2d61668f65dd373b08db80b7c51	2226	4	28300	65.078	28300.1	64.9464	26610	27.7116	unclassified	chr3	43015881	43042488	9	26610	-	26635	26573	26521	28	34	52	60	0.999662	0.998043	0.99572	0
PBE64913_skip_063df7c3_28887eb2_40.pod5	5913cf1e-6642-4297-9449-0fd725103b02	28887eb2dd71b2d61668f65dd373b08db80b7c51	397	2	28346.1	20.3804	28346.3	20.2428	7568	25.3583	unclassified	chr10	118966082	118973655	9	7568	-	7589	7543	7507	16	30	36	60	0.998811	0.995227	0.989195	0
PBE64913_skip_063df7c3_28887eb2_40.pod5	61afa82a-c33b-4f6c-b44b-00b5a9b98106	28887eb2dd71b2d61668f65dd373b08db80b7c51	1055	2	28255	109.586	28255	109.584	51491	24.3957	unclassified	chr19	27628121	27679621	27	51484	+	51572	51385	51271	72	115	114	60	0.99934	0.997781	0.994164	0
PBE64913_skip_063df7c3_28887eb2_40.pod5	baabcbde-7ca2-40d7-908d-e86ca42ba122	28887eb2dd71b2d61668f65dd373b08db80b7c51	695	3	28326.6	39.8084	28326.7	39.6996	16696	32.5103	unclassified	chr15	17064589	17081126	7	16696	-	16696	16530	16493	159	7	37	60	0.999581	0.997762	0.987841	0
PBE64913_skip_063df7c3_28887eb2_40.pod5	fb6bcc67-ac51-4db3-a4fa-a4e44f09cc45	28887eb2dd71b2d61668f65dd373b08db80b7c51	1543	2	28316.8	49.3712	28317	49.2	19622	26.1361	unclassified	chr5	170667845	170687473	5	19622	-	19661	19584	19565	33	44	19	60	0.999745	0.99903	0.995117	0
PBE64913_skip_063df7c3_28887eb2_40.pod5	fff6bbd7-a39e-44e1-b4d1-6fa9b3ec4651	28887eb2dd71b2d61668f65dd373b08db80b7c51	2539	3	28292.2	73.5764	28292.3	73.47	33690	25.0748	unclassified	chr4	19255992	19289655	10	33690	-	33741	33602	33522	78	61	80	60	0.999703	0.997619	0.993509	0
PBE64913_skip_063df7c3_28887eb2_40.pod5	1a55d3ad-890a-428b-a6f8-7fc3325f2d86	28887eb2dd71b2d61668f65dd373b08db80b7c51	2270	3	28316.7	48.8196	28316.7	48.744	22327	26.7853	unclassified	chr4	136074133	136096470	8	22327	-	22365	22291	22243	28	46	48	60	0.999642	0.997847	0.994545	0
PBE64913_skip_063df7c3_28887eb2_40.pod5	156c0d44-fb5e-431a-9c33-ab3285810d47	28887eb2dd71b2d61668f65dd373b08db80b7c51	844	1	28308.6	57.4376	28308.7	57.2856	24264	27.6618	unclassified	chr1	9249814	9274104	7	24264	-	24326	24221	24177	36	69	44	60	0.999712	0.998183	0.993875	0
PBE64913_skip_063df7c3_28887eb2_40.pod5	80ba042f-462a-4555-a437-f614959a2439	28887eb2dd71b2d61668f65dd373b08db80b7c51	2687	3	28293.3	72.0776	28293.4	71.9808	28553	29.5951	unclassified	chr17	46579971	46608526	0	28546	+	28612	28489	28444	57	66	45	5	0.999755	0.99842	0.994128	0
PBE64913_skip_063df7c3_28887eb2_40.pod5	4d67b0c4-2312-4222-8e16-81ff91301d65	28887eb2dd71b2d61668f65dd373b08db80b7c51	1605	4	28287.3	78.272	28287.4	78.1392	33347	26.7459	unclassified	chr16	13702315	13735621	0	33347	+	33382	33271	33178	76	35	93	60	1	0.997205	0.993889	0
PBE64913_skip_063df7c3_28887eb2_40.pod5	c8daf6e2-9c5a-4114-978d-43404991fa30	28887eb2dd71b2d61668f65dd373b08db80b7c51	2049	1	28272.1	93.5372	28272.2	93.402	38550	26.8164	unclassified	chr5	98375982	98414535	8	38550	-	38579	38516	38476	26	37	40	60	0.999792	0.998961	0.99733	0
PBE64913_skip_063df7c3_28887eb2_40.pod5	e673f9f9-480d-4034-83eb-4d10e3dd514a	28887eb2dd71b2d61668f65dd373b08db80b7c51	272	3	28339.6	27.2768	28339.7	27.1752	11628	26.6105	unclassified	chr8	104393811	104405460	0	11619	+	11658	11610	11587	9	39	23	60	0.999226	0.998019	0.99391	0
PBE64913_skip_063df7c3_28887eb2_40.pod5	8836a6ef-1ecf-49ac-935e-f28c766117ed	28887eb2dd71b2d61668f65dd373b08db80b7c51	1366	3	28256.9	108.014	28257	107.922	37578	26.9337	unclassified	chr6	74279980	74317572	7	37578	-	37629	37534	37459	37	58	75	60	0.999814	0.998002	0.995482	0
PBE64913_skip_063df7c3_28887eb2_40.pod5	a3a50106-5998-495e-997c-11e881ccc04e	28887eb2dd71b2d61668f65dd373b08db80b7c51	1216	1	28336.6	29.7822	28336.6	29.7802	9072	6.2684	unclassified	chr10	4263400	4273162	58	9034	-	10200	8538	7434	438	1224	1104	44	0.989418	0.870696	0.728824	0
PBE64913_skip_063df7c3_28887eb2_40.pod5	aafdc316-fc0e-47be-835e-f7309ff35e3d	28887eb2dd71b2d61668f65dd373b08db80b7c51	883	2	28328.2	38.5532	28328.3	38.4108	15954	28.6343	unclassified	chr11	60593950	60609889	5	15954	-	15980	15908	15882	41	31	26	60	0.999687	0.998366	0.993867	0
PBE64913_skip_063df7c3_28887eb2_40.pod5	e7f9f96c-c50e-43f4-83f5-57b85e06b030	28887eb2dd71b2d61668f65dd373b08db80b7c51	2443	1	28318.1	47.336	28318.2	47.2092	18997	33.8868	unclassified	chr13	17057005	17075989	1	18987	+	18998	18972	18583	14	12	389	1	0.999421	0.979496	0.978156	0
PBE64913_skip_063df7c3_28887eb2_40.pod5	41e75972-40f6-4396-88ef-321a7f5cc1aa	28887eb2dd71b2d61668f65dd373b08db80b7c51	1350	1	28328.4	37.844	28328.5	37.7184	15836	28.4615	unclassified	chr8	91698320	91714161	0	15831	+	15849	15823	15802	8	18	21	60	0.999684	0.998673	0.997034	0
PBE64913_skip_063df7c3_28887eb2_40.pod5	02b68ad6-1509-4db5-8c3c-d53a006adabf	28887eb2dd71b2d61668f65dd373b08db80b7c51	1879	3	28337	29.702	28337.2	29.5752	12112	15.9817	unclassified	chr22	23508912	23521081	0	12105	+	12251	12023	11866	82	146	157	60	0.999422	0.986942	0.968574	0
PBE64913_skip_063df7c3_28887eb2_40.pod5	8d17f1b2-0c14-4801-94dc-c349dfe45352	28887eb2dd71b2d61668f65dd373b08db80b7c51	785	3	28302.9	62.0276	28303.2	61.7544	28019	34.2858	unclassified	chr4	49709113	49711958	14691	18547	+	3877	2824	2469	1032	21	355	1	0.137621	0.874292	0.636833	0
PBE64913_skip_063df7c3_28887eb2_40.pod5	fa35e854-7a8d-42e1-9679-f8b0c9b54f34	28887eb2dd71b2d61668f65dd373b08db80b7c51	395	2	28331.5	35.5572	28331.5	35.5552	18192	20.7669	unclassified	chr15	54965258	54983521	0	18187	-	18309	18141	18038	46	122	103	60	0.999725	0.994322	0.985199	0
PBE64913_skip_063df7c3_28887eb2_40.pod5	a8e69c73-26be-47b1-a5b8-2e0b3048565d	28887eb2dd71b2d61668f65dd373b08db80b7c51	2117	4	28281.8	83.5136	28281.9	83.3928	37230	26.0952	unclassified	chr6	134529835	134567068	0	37223	+	37317	37139	37054	84	94	85	60	0.999812	0.997711	0.992952	0
PBE64913_skip_063df7c3_28887eb2_40.pod5	15df339b-4552-491f-9f16-53e9eb61037c	28887eb2dd71b2d61668f65dd373b08db80b7c51	1800	1	28358.2	9.2528	28358.3	9.1536	3482	28.152	unclassified	chr3	20433046	20436527	0	3476	+	3482	3475	3470	1	6	5	60	0.998277	0.998561	0.996554	0
PBE64913_skip_063df7c3_28887eb2_40.pod5	7834ce81-3dff-491e-aa29-5f04cb9b1588	28887eb2dd71b2d61668f65dd373b08db80b7c51	898	3	28342.6	24.266	28342.7	24.126	9890	29.2963	unclassified	chr3	16929445	16939321	7	9890	-	9885	9874	9871	9	2	3	60	0.999292	0.999696	0.998584	0
PBE64913_skip_063df7c3_28887eb2_40.pod5	a3310d1d-c54f-4005-bddf-4e84555896ee	28887eb2dd71b2d61668f65dd373b08db80b7c51	1966	2	28319.9	45.9758	28319.9	45.9738	17994	42.2771	unclassified	chr1	123927274	123936141	9106	17986	+	8885	8862	8103	18	5	759	8	0.493498	0.914353	0.911986	0
PBE64913_skip_063df7c3_28887eb2_40.pod5	f83f4568-6796-4051-8be5-6a92328d4f40	28887eb2dd71b2d61668f65dd373b08db80b7c51	1460	3	28340.2	26.3936	28340.3	26.304	11561	24.957	unclassified	chr2	162233177	162244737	8	11561	-	11585	11528	11516	25	32	12	60	0.999308	0.998959	0.994044	0
PBE64913_skip_063df7c3_28887eb2_40.pod5	f6feae94-2e0f-4d52-bcd3-4f9d2e56f40e	28887eb2dd71b2d61668f65dd373b08db80b7c51	2270	3	28262.8	53.8188	28262.9	53.6784	22337	32.3221	unclassified	chr4	136074132	136096470	0	22327	+	22350	22315	22281	12	23	34	60	0.999552	0.998476	0.996913	0
PBE64913_skip_063df7c3_28887eb2_40.pod5	892b58b7-b668-4f85-9b6b-eac7b1a214fa	28887eb2dd71b2d61668f65dd373b08db80b7c51	915	1	28347.6	19.5848	28347.6	19.5828	6696	6.97715	unclassified	chr14	80034368	80041403	58	6693	+	7269	6401	5789	234	634	612	30	0.99089	0.90439	0.796396	0
PBE64913_skip_063df7c3_28887eb2_40.pod5	965ea21d-1f1b-42ec-9b8b-fba26237f559	28887eb2dd71b2d61668f65dd373b08db80b7c51	1097	2	28316	50.5398	28316	50.5378	20226	18.0563	unclassified	chr8	91315016	91335235	7	20191	-	20384	20019	19838	165	200	181	60	0.997923	0.990959	0.973214	0
PBE64913_skip_063df7c3_28887eb2_40.pod5	495d4f9d-8c82-4e1a-b005-682ad5e88bc5	28887eb2dd71b2d61668f65dd373b08db80b7c51	687	2	28330.2	36.8816	28330.3	36.7656	15650	28.4254	unclassified	chrX	139558413	139574054	0	15650	+	15662	15629	15617	21	12	12	60	1	0.999232	0.997127	0
PBE64913_skip_063df7c3_28887eb2_40.pod5	c4414596-46b8-4f23-a311-ca55227d1c96	28887eb2dd71b2d61668f65dd373b08db80b7c51	1114	3	28336.3	30.8004	28336.3	30.7984	15193	15.7213	unclassified	chr8	123470645	123485810	7	15126	-	15291	14993	14773	126	172	220	60	0.995129	0.985326	0.966124	0
PBE64913_skip_063df7c3_28887eb2_40.pod5	2a12e93a-bc14-4a63-96e6-eca4902c311f	28887eb2dd71b2d61668f65dd373b08db80b7c51	2129	4	28352.6	14.4632	28352.7	14.376	5988	29.0392	unclassified	chr4	94775281	94781261	0	5988	+	5992	5976	5966	12	4	10	60	1	0.998327	0.995661	0
PBE64913_skip_063df7c3_28887eb2_40.pod5	74e9f274-c312-4402-b87e-a2982feb6bc5	28887eb2dd71b2d61668f65dd373b08db80b7c51	2625	4	28343.1	23.3528	28343.2	23.232	9414	32.1282	unclassified	chr11	118843153	118852556	8	9414	-	9419	9390	9344	16	13	46	60	0.99915	0.995101	0.992037	0
PBE64913_skip_063df7c3_28887eb2_40.pod5	e08e2bd1-6dfc-4b74-829e-5954ed678624	28887eb2dd71b2d61668f65dd373b08db80b7c51	2852	1	28320.5	45.8552	28320.6	45.75	19286	30.1944	unclassified	chr2	9466585	9485883	6	19286	-	19313	19265	19247	15	33	18	60	0.999689	0.999066	0.996583	0
PBE64913_skip_063df7c3_28887eb2_40.pod5	30c4fdc3-c908-4b95-9352-3b1eac25dec4	28887eb2dd71b2d61668f65dd373b08db80b7c51	362	4	28323.8	43.3208	28323.9	43.2288	17821	20.4553	unclassified	chr17	32643184	32661004	6	17821	-	17902	17733	17639	82	87	94	60	0.999663	0.994699	0.985309	0
PBE64913_skip_063df7c3_28887eb2_40.pod5	4513055a-3b34-474a-9032-3fba8d067a8f	28887eb2dd71b2d61668f65dd373b08db80b7c51	1336	3	28329.9	37.2116	28330	37.1364	16160	16.8438	unclassified	chrX	84735311	84751132	10	16160	-	16236	15735	15636	415	86	99	60	0.999381	0.993708	0.963045	0
PBE64913_skip_063df7c3_28887eb2_40.pod5	b1ca0e44-c5e7-495f-a303-6092f6d93d78	28887eb2dd71b2d61668f65dd373b08db80b7c51	66	3	28330.4	36.459	28330.4	36.457	10130	29.3815	unclassified	chr7	60739970	60750046	33	10124	+	10094	10073	9997	18	3	76	1	0.99615	0.992455	0.99039	0
PBE64913_skip_063df7c3_28887eb2_40.pod5	4fe69bc5-9a54-43fc-b993-fda5bcffe769	28887eb2dd71b2d61668f65dd373b08db80b7c51	1757	3	28306.2	61.2188	28306.3	61.122	26996	24.8024	unclassified	chr16	13076088	13103067	0	26992	+	27039	26932	26906	60	47	26	60	0.999852	0.999035	0.995081	0
PBE64913_skip_063df7c3_28887eb2_40.pod5	8b2173cf-983b-4462-80b1-bac797642685	28887eb2dd71b2d61668f65dd373b08db80b7c51	336	1	28300.4	66.4088	28300.5	66.3	29680	26.3868	unclassified	chr18	26339021	26368659	0	29673	+	29733	29578	29518	95	60	60	60	0.999764	0.997971	0.992769	0
PBE64913_skip_063df7c3_28887eb2_40.pod5	83e30a20-9aeb-4e39-b636-54f672d4a29b	28887eb2dd71b2d61668f65dd373b08db80b7c51	782	3	28338.2	29.4824	28338.5	29.2272	12216	12.745	unclassified	chr2	166352950	166365265	9	12216	-	12500	12022	11630	185	293	392	60	0.999263	0.967393	0.9304	0
PBE64913_skip_063df7c3_28887eb2_40.pod5	c81460f6-833d-4466-84aa-4d4cb2400247	28887eb2dd71b2d61668f65dd373b08db80b7c51	2588	1	28345.1	22.5254	28345.1	22.5234	9837	25.0198	unclassified	chr18	51493125	51502945	14	9830	+	9840	9796	9756	20	24	40	60	0.997865	0.995917	0.991463	0
PBE64913_skip_063df7c3_28887eb2_40.pod5	25253408-8439-495b-8d2c-e5a441cbdf00	28887eb2dd71b2d61668f65dd373b08db80b7c51	204	2	28289.6	77.3492	28289.7	77.274	34089	23.428	unclassified	chr3	147604972	147639089	7	34088	-	34179	34019	33897	62	98	122	60	0.999765	0.996414	0.991749	0
PBE64913_skip_063df7c3_28887eb2_40.pod5	320cb959-e9dc-4c88-add3-15d7bea97b34	28887eb2dd71b2d61668f65dd373b08db80b7c51	1959	3	28357.2	10.3936	28357.2	10.3916	3356	23.075	unclassified	chr20	24885977	24889301	9	3330	-	3328	3317	3307	4	7	10	60	0.989571	0.996985	0.99369	0
PBE64913_skip_063df7c3_28887eb2_40.pod5	59113311-93a8-4a2f-911d-2300aec129f0	28887eb2dd71b2d61668f65dd373b08db80b7c51	1774	3	28350.7	16.9424	28350.8	16.8096	7407	30.6361	unclassified	chr2	186454167	186461563	0	7400	+	7408	7388	7378	12	8	10	60	0.999055	0.998646	0.99595	0
PBE64913_skip_063df7c3_28887eb2_40.pod5	d0876d15-6565-450c-a95b-bd9b6895f04d	28887eb2dd71b2d61668f65dd373b08db80b7c51	2021	2	28338.3	28.9544	28338.4	28.8264	12475	28.9897	unclassified	chr2	211717106	211729573	0	12468	+	12479	12456	12425	12	11	31	60	0.999439	0.997511	0.995673	0
PBE64913_skip_063df7c3_28887eb2_40.pod5	1a70f4b0-7906-49cf-be9c-5d0fabd6ae50	28887eb2dd71b2d61668f65dd373b08db80b7c51	1699	2	28330.9	36.584	28331	36.432	13858	30.7761	unclassified	chrX	143413707	143427561	6	13858	-	13861	13845	13832	7	9	13	60	0.999567	0.999061	0.997908	0
PBE64913_skip_063df7c3_28887eb2_40.pod5	50d9b2aa-b288-4b8b-bb58-7489d89f6953	28887eb2dd71b2d61668f65dd373b08db80b7c51	2451	2	28344	23.5088	28344.2	23.3688	9640	26.9391	unclassified	chr5	46250400	46260035	6	9640	-	9644	9625	9594	9	10	31	60	0.999378	0.996779	0.994815	0
PBE64913_skip_063df7c3_28887eb2_40.pod5	4e2bf83b-2cec-4234-960f-825c414b5f7b	28887eb2dd71b2d61668f65dd373b08db80b7c51	1889	4	28358.6	9.5132	28358.8	9.2868	3969	29.1306	unclassified	chr4	78639736	78643701	7	3969	-	3970	3957	3947	5	8	10	60	0.998236	0.997473	0.994207	0
PBE64913_skip_063df7c3_28887eb2_40.pod5	5d2693d2-b844-4834-95aa-ff6bf347305d	28887eb2dd71b2d61668f65dd373b08db80b7c51	1090	4	28341.2	26.3456	28341.3	26.2512	10233	30.8288	unclassified	chr8	84739589	84749811	0	10223	+	10227	10218	10215	5	4	3	60	0.999023	0.999706	0.998827	0
PBE64913_skip_063df7c3_28887eb2_40.pod5	557bf4b1-5c46-421d-bfd3-6f72bceb55ed	28887eb2dd71b2d61668f65dd373b08db80b7c51	320	1	28308.1	58.7036	28308.2	58.5732	23457	35.1749	unclassified	chr1	121634282	121657730	0	23451	+	23464	23435	22892	16	13	543	15	0.999744	0.97683	0.975622	0
PBE64913_skip_063df7c3_28887eb2_40.pod5	761afa8f-010c-4f78-a248-314ed7072671	28887eb2dd71b2d61668f65dd373b08db80b7c51	1126	1	28264.5	101.458	28264.6	101.352	38474	26.5343	unclassified	chr3	191294168	191332608	0	38468	+	38524	38384	38284	84	56	100	60	0.999844	0.997395	0.99377	0
PBE64913_skip_063df7c3_28887eb2_40.pod5	d04b901a-f747-4a9c-bdc7-5803a73a7237	28887eb2dd71b2d61668f65dd373b08db80b7c51	1601	4	28356.5	11.6226	28356.5	11.6206	4555	17.4353	unclassified	chr14	86490980	86495489	15	4523	-	4545	4472	4426	36	37	46	60	0.989682	0.989714	0.973817	0
PBE64913_skip_063df7c3_28887eb2_40.pod5	5e9144dd-25b1-4953-adf3-feaf41975fe9	28887eb2dd71b2d61668f65dd373b08db80b7c51	1542	3	28335	32.8052	28335.1	32.7084	13311	26.8821	unclassified	chr9	86170782	86184078	11	13311	-	13314	13282	13254	18	14	28	60	0.999174	0.997892	0.995493	0
PBE64913_skip_063df7c3_28887eb2_40.pod5	2bd2cff6-55e6-4cbd-be17-f4cb0aca21fb	28887eb2dd71b2d61668f65dd373b08db80b7c51	710	2	28291.6	75.3874	28291.6	75.3854	30047	14.5285	unclassified	chr9	124798257	124828342	3	30013	-	30506	29589	28958	421	496	631	60	0.998769	0.978675	0.949256	0
PBE64913_skip_063df7c3_28887eb2_40.pod5	f22cc544-600b-4b5a-a4b1-1d8d24baa730	28887eb2dd71b2d61668f65dd373b08db80b7c51	1918	3	28340.5	27.548	28340.6	27.4464	9456	27.3064	unclassified	chr1	106554505	106563951	0	9449	+	9465	9430	9422	19	16	8	60	0.99926	0.999152	0.995457	0
PBE64913_skip_063df7c3_28887eb2_40.pod5	f0995353-91ad-4a36-8ec3-b3937063135a	28887eb2dd71b2d61668f65dd373b08db80b7c51	1550	4	28347	21.2814	28347	21.2794	9179	31.8088	unclassified	chr18	72967535	72976726	7	9149	-	9201	9132	8965	10	59	167	60	0.995969	0.981713	0.974351	0
PBE64913_skip_063df7c3_28887eb2_40.pod5	70ad28b2-4c6b-4270-9b1c-fe9618cb8c6b	28887eb2dd71b2d61668f65dd373b08db80b7c51	1782	2	28323.3	44.3336	28323.3	44.3316	15313	13.0528	unclassified	chr7	75929320	75944771	36	15307	+	15695	15027	14681	244	424	346	60	0.997257	0.976975	0.935393	0
PBE64913_skip_063df7c3_28887eb2_40.pod5	802a42a8-b4d7-4488-8976-e0d8f1e14bf6	28887eb2dd71b2d61668f65dd373b08db80b7c51	1560	3	28352.5	15.914	28352.6	15.798	6660	27.5578	unclassified	chr20	54745823	54752478	4	6660	-	6660	6651	6641	5	4	10	60	0.999399	0.998496	0.997147	0
PBE64913_skip_063df7c3_28887eb2_40.pod5	3c6978ec-1993-40f3-a129-efd7111cc940	28887eb2dd71b2d61668f65dd373b08db80b7c51	1288	3	28266.6	100.539	28266.6	100.537	29995	9.7698	unclassified	chr12	89308039	89338211	24	29946	-	31263	28831	27100	1091	1341	1731	60	0.997566	0.93996	0.866839	0
PBE64913_skip_063df7c3_28887eb2_40.pod5	a1becf89-6564-43e6-8afd-fa990b6b72a0	28887eb2dd71b2d61668f65dd373b08db80b7c51	2354	2	28332.7	35.4488	28332.9	35.3256	13123	32.7523	unclassified	chr15	46608435	46621559	9	13123	-	13132	13106	13092	8	18	14	60	0.999314	0.998932	0.996954	0
PBE64913_skip_063df7c3_28887eb2_40.pod5	c00a1caa-5770-44fd-9af0-0ad636ab5b46	28887eb2dd71b2d61668f65dd373b08db80b7c51	940	3	28336.2	30.6068	28336.3	30.5076	14900	24.6041	unclassified	chr17	21982738	21991012	6593	14871	-	8796	7756	6088	522	518	1668	14	0.55557	0.784941	0.692133	0
PBE64913_skip_063df7c3_28887eb2_40.pod5	ef28b09a-ca43-4992-ab42-67a8238f2732	28887eb2dd71b2d61668f65dd373b08db80b7c51	2059	1	28339.2	29.354	28339.2	29.352	12597	26.1806	unclassified	chr1	73416940	73429516	28	12595	+	12587	12556	12542	11	20	14	60	0.997618	0.998885	0.996425	0
PBE64913_skip_063df7c3_28887eb2_40.pod5	351fba5b-2030-493f-8ebb-0e1b5700699d	28887eb2dd71b2d61668f65dd373b08db80b7c51	2628	2	28303.8	63.1352	28304	62.9448	25317	27.8454	unclassified	chr4	37988114	38013454	9	25317	-	25350	25298	25237	10	42	61	60	0.999645	0.997589	0.995542	0
PBE64913_skip_063df7c3_28887eb2_40.pod5	98b0d3da-49c7-43d8-a073-7cc123001498	28887eb2dd71b2d61668f65dd373b08db80b7c51	2069	3	28278.1	89.3036	28278.2	89.1972	32588	27.0183	unclassified	chr16	56144164	56176751	3	32588	-	32631	32541	32487	44	46	54	60	0.999908	0.998341	0.995587	0
PBE64913_skip_063df7c3_28887eb2_40.pod5	237a0645-56df-40e8-972f-50499deb3f22	28887eb2dd71b2d61668f65dd373b08db80b7c51	1888	2	28343.1	25.3662	28343.1	25.3642	9244	31.0825	unclassified	chrX	58354890	58364102	27	9239	+	9213	9211	9206	1	1	5	60	0.996538	0.999457	0.99924	0
PBE64913_skip_063df7c3_28887eb2_40.pod5	09683b42-0394-4a10-96c9-375aa7682fe1	28887eb2dd71b2d61668f65dd373b08db80b7c51	2725	3	28340.7	27.1152	28340.7	27.1132	11800	7.93586	unclassified	chr7	73260348	73272720	9	11749	-	12700	11412	10433	328	960	979	4	0.994915	0.914213	0.821496	0
PBE64913_skip_063df7c3_28887eb2_40.pod5	b689e62c-73b1-49dc-b18a-339880a16318	28887eb2dd71b2d61668f65dd373b08db80b7c51	1117	2	28334	33.7964	28334.1	33.6924	14193	32.4468	unclassified	chr5	34457394	34471577	7	14193	-	14194	14175	14093	11	8	82	60	0.999507	0.994215	0.992884	0
PBE64913_skip_063df7c3_28887eb2_40.pod5	5edb0b94-671d-43fd-b178-2fb1eac9dbb6	28887eb2dd71b2d61668f65dd373b08db80b7c51	1145	3	28355.4	13.3	28355.4	13.298	6009	26.1264	unclassified	chr11	83655509	83661478	32	6002	+	5975	5964	5957	6	5	7	60	0.99351	0.998826	0.996987	0
PBE64913_skip_063df7c3_28887eb2_40.pod5	d43f245c-8594-485e-9ba0-690955c63a84	28887eb2dd71b2d61668f65dd373b08db80b7c51	2193	3	28359	9.458	28359.2	9.3012	3971	26.0846	unclassified	chr4	39615801	39619776	0	3971	-	3983	3963	3961	8	12	2	60	1	0.999495	0.994476	0
PBE64913_skip_063df7c3_28887eb2_40.pod5	729726a8-b97e-426c-90fc-9633cae851c8	28887eb2dd71b2d61668f65dd373b08db80b7c51	2863	1	28358.8	9.7486	28358.8	9.7466	3646	11.8079	unclassified	chr16	14591621	14595293	31	3638	+	3732	3547	3427	60	125	120	60	0.989303	0.966169	0.918274	0
PBE64913_skip_063df7c3_28887eb2_40.pod5	6e4b88da-3cb1-4552-9179-dc5ca089dec8	28887eb2dd71b2d61668f65dd373b08db80b7c51	608	4	28342.9	25.8284	28343	25.6596	9081	32.9903	unclassified	chr3	43287798	43296854	6	9081	-	9077	9054	9048	21	2	6	60	0.999339	0.999337	0.996805	0
PBE64913_skip_063df7c3_28887eb2_40.pod5	22f31a97-148f-4cd9-93c7-24a330b53dbb	28887eb2dd71b2d61668f65dd373b08db80b7c51	949	4	28363.9	5.1828	28363.9	5.1808	2031	12.4853	unclassified	chr4	19037908	19039903	33	2024	+	2027	1959	1911	32	36	48	60	0.980305	0.975498	0.942773	0
PBE64913_skip_063df7c3_28887eb2_40.pod5	8b0f0d98-c448-43ed-8896-a3c2dcfe0a25	28887eb2dd71b2d61668f65dd373b08db80b7c51	975	3	28309.4	47.162	28309.6	46.9284	19197	27.5168	unclassified	chr21	31384755	31403947	0	19197	+	19222	19167	19144	30	25	23	60	1	0.9988	0.995942	0
PBE64913_skip_063df7c3_28887eb2_40.pod5	03fea6fe-75c8-4a7a-8409-675f84f91951	28887eb2dd71b2d61668f65dd373b08db80b7c51	2622	4	28359.5	9.2918	28359.5	9.2898	1789	12.2404	unclassified	chr2	163062168	163063827	37	1786	+	1760	1648	1619	101	11	29	60	0.977641	0.982403	0.919886	0
PBE64913_skip_063df7c3_28887eb2_40.pod5	100ca451-912b-400d-8383-5a30f125781f	28887eb2dd71b2d61668f65dd373b08db80b7c51	890	1	28314.1	53.7464	28314.2	53.6592	18929	30.4903	unclassified	chr3	155122579	155141497	4	18929	-	18931	18912	18900	13	6	12	60	0.999789	0.999366	0.998362	0
PBE64913_skip_063df7c3_28887eb2_40.pod5	dec348ec-e1d5-4ec6-8116-afcb73953e32	28887eb2dd71b2d61668f65dd373b08db80b7c51	2873	3	28306	62.2664	28306.1	62.1384	26112	25.1499	unclassified	chr19	58282923	58309058	0	26106	+	26171	26070	26014	36	65	56	60	0.99977	0.997852	0.994001	0
PBE64913_skip_063df7c3_28887eb2_40.pod5	1d3c9287-2f65-4224-b581-53622f0f86ed	28887eb2dd71b2d61668f65dd373b08db80b7c51	2100	1	28341.4	26.7128	28341.6	26.5344	10855	25.5008	unclassified	chr15	73316514	73327364	0	10849	+	10870	10829	10813	20	21	16	60	0.999447	0.998522	0.994756	0
PBE64913_skip_063df7c3_28887eb2_40.pod5	79dba259-4147-42ff-90b7-4df4503b5e4c	28887eb2dd71b2d61668f65dd373b08db80b7c51	1887	1	28279.3	87.827	28279.3	87.825	34531	10.4691	unclassified	chr5	94541676	94575293	1482	34495	-	34385	32245	30647	768	1372	1598	60	0.956039	0.950442	0.89129	0
PBE64913_skip_063df7c3_28887eb2_40.pod5	e1946de6-b4f7-475d-9d9b-2e0ae1547f9f	28887eb2dd71b2d61668f65dd373b08db80b7c51	529	3	28271.9	94.678	28271.9	94.676	40255	10.0609	unclassified	chr4	145146488	145187847	38	40244	+	42303	39262	37048	944	2097	2214	60	0.998783	0.94361	0.875777	0
PBE64913_skip_063df7c3_28887eb2_40.pod5	415b1481-c6d4-43e5-9e44-80a293c68ab5	28887eb2dd71b2d61668f65dd373b08db80b7c51	1428	3	28256.5	109.92	28256.7	109.772	47558	13.8701	unclassified	chr1	14988633	15036429	30	47558	-	48447	46877	45837	651	919	1040	60	0.999369	0.977814	0.946127	0
PBE64913_skip_063df7c3_28887eb2_40.pod5	37960f9e-e832-412f-ba6d-6eb68c39d9ec	28887eb2dd71b2d61668f65dd373b08db80b7c51	1786	2	28337	31.7828	28337.1	31.6788	12584	25.7619	unclassified	chr4	131291368	131303951	6	12584	-	12598	12563	12533	15	20	30	60	0.999523	0.997612	0.99484	0
PBE64913_skip_063df7c3_28887eb2_40.pod5	0a2de6e2-3e8a-45e4-b758-5d3381192519	28887eb2dd71b2d61668f65dd373b08db80b7c51	1263	3	28313.9	54.6928	28313.9	54.6908	23221	27.3148	unclassified	chr7	90098938	90122125	8	23173	-	23210	23142	23103	23	45	39	60	0.997588	0.998315	0.99539	0
PBE64913_skip_063df7c3_28887eb2_40.pod5	733a3831-e675-4fb1-8a06-e0f29a8ac08c	28887eb2dd71b2d61668f65dd373b08db80b7c51	1686	1	28332.2	36.5874	28332.3	36.5854	13037	30.4363	unclassified	chr6	161577098	161590095	5	13001	-	13015	12978	12954	18	19	24	60	0.996855	0.998151	0.995313	0
PBE64913_skip_063df7c3_28887eb2_40.pod5	34b671a8-942b-4d3d-a421-7344fcc5bf5e	28887eb2dd71b2d61668f65dd373b08db80b7c51	1878	1	28278.5	88.8812	28278.6	88.7904	33751	26.7762	unclassified	chr18	6951103	6984876	7	33751	-	33820	33697	33622	47	76	75	60	0.999793	0.997774	0.994145	0
PBE64913_skip_063df7c3_28887eb2_40.pod5	de4a4dfd-e68a-494d-80f8-494089889d61	28887eb2dd71b2d61668f65dd373b08db80b7c51	1870	4	28341.4	27.714	28341.4	27.712	12244	28.5097	unclassified	chr12	41897731	41909951	29	12231	+	12224	12198	12176	4	22	22	60	0.99657	0.998196	0.996073	0
PBE64913_skip_063df7c3_28887eb2_40.pod5	e17cfa9c-4405-4529-8195-4ec1c33d98a4	28887eb2dd71b2d61668f65dd373b08db80b7c51	1842	1	28330.1	38.4344	28330.2	38.352	17800	25.2687	unclassified	chr10	123724658	123742464	0	17800	+	17846	17760	17717	40	46	43	60	1	0.997579	0.992772	0
PBE64913_skip_063df7c3_28887eb2_40.pod5	75929111-aea1-435e-b40e-c5c301c4a457	28887eb2dd71b2d61668f65dd373b08db80b7c51	2365	4	28343.1	25.5464	28343.3	25.428	8861	29.9796	unclassified	chr19	44101345	44110193	9	8861	-	8857	8843	8818	9	5	25	60	0.998984	0.997173	0.995597	0
PBE64913_skip_063df7c3_28887eb2_40.pod5	2a41a724-d3f2-4d08-a0f2-691109e04a52	28887eb2dd71b2d61668f65dd373b08db80b7c51	2822	1	28335.2	33.6356	28335.3	33.5172	13372	24.1742	unclassified	chr1	203319264	203332615	0	13366	+	13387	13330	13293	36	21	37	60	0.999551	0.997224	0.992978	0
PBE64913_skip_063df7c3_28887eb2_40.pod5	3efedd4a-c7d7-42cf-9899-f3b0f6742c86	28887eb2dd71b2d61668f65dd373b08db80b7c51	2165	3	28362.7	6.7952	28362.8	6.66	2822	28.9774	unclassified	chr2	218038705	218041522	7	2822	-	2818	2814	2813	1	3	1	60	0.997519	0.999645	0.998226	0
PBE64913_skip_063df7c3_28887eb2_40.pod5	b60fcc6b-4fa4-420f-b7ae-4cf01edf97e7	28887eb2dd71b2d61668f65dd373b08db80b7c51	1445	3	28351.8	17.8172	28351.9	17.7012	7466	28.1565	unclassified	chr6	45516652	45524113	4	7466	-	7471	7452	7442	10	9	10	60	0.999464	0.998658	0.996118	0
PBE64913_skip_063df7c3_28887eb2_40.pod5	65817b7d-65c3-43e1-8fc0-304ac65d76e1	28887eb2dd71b2d61668f65dd373b08db80b7c51	1654	1	28338.3	30.788	28338.4	30.6912	13444	25.1056	unclassified	chr2	81225169	81238625	0	13438	+	13471	13423	13382	15	33	41	60	0.999554	0.996946	0.993393	0
PBE64913_skip_063df7c3_28887eb2_40.pod5	55bed126-c3d8-4609-83cf-1a15cf814904	28887eb2dd71b2d61668f65dd373b08db80b7c51	2399	2	28304.5	63.2864	28304.7	63.0948	22427	16.672	unclassified	chr19	50318234	50340945	7	22427	-	22835	22296	22062	124	415	234	60	0.999688	0.989505	0.966148	0
PBE64913_skip_063df7c3_28887eb2_40.pod5	102a2846-8d81-4e4f-90f1-a8ec94b4c9a2	28887eb2dd71b2d61668f65dd373b08db80b7c51	845	2	28336.2	33.262	28336.2	33.26	14361	29.4907	unclassified	chr1	187480806	187495128	27	14352	+	14352	14295	14248	30	27	47	60	0.997493	0.996712	0.992754	0
PBE64913_skip_063df7c3_28887eb2_40.pod5	b190c4df-5fcf-4e06-8042-a3b97c7766a1	28887eb2dd71b2d61668f65dd373b08db80b7c51	2363	2	28350.7	18.7988	28350.8	18.6828	7660	25.4948	unclassified	chr12	109156062	109163707	0	7660	-	7674	7631	7604	29	14	27	60	1	0.996462	0.990878	0
PBE64913_skip_063df7c3_28887eb2_40.pod5	6e7aad81-2375-4cbc-8fc5-b6acea7cfe3c	28887eb2dd71b2d61668f65dd373b08db80b7c51	2953	1	28364.6	4.4634	28364.6	4.4614	1617	29.3582	unclassified	chr7	74327626	74329213	23	1611	+	1588	1587	1583	1	0	4	60	0.982066	0.997479	0.996851	0
PBE64913_skip_063df7c3_28887eb2_40.pod5	79b68b38-bcef-46a4-888e-88161efb8d5b	28887eb2dd71b2d61668f65dd373b08db80b7c51	1834	3	28334.5	34.22	28334.7	34.02	13830	23.1441	unclassified	chrX	114387676	114401512	0	13825	+	13851	13810	13770	15	26	40	60	0.999638	0.997104	0.994152	0
PBE64913_skip_063df7c3_28887eb2_40.pod5	77d930a1-3c92-4820-b285-6a3184aca0de	28887eb2dd71b2d61668f65dd373b08db80b7c51	29	3	28354.1	15.2984	28354.1	15.2964	6123	22.2726	unclassified	chr1	55079670	55085742	34	6115	+	6087	6066	6045	15	6	21	60	0.993141	0.996538	0.9931	0
PBE64913_skip_063df7c3_28887eb2_40.pod5	be57bef7-6613-42b9-8645-a57a2f7e1c6a	28887eb2dd71b2d61668f65dd373b08db80b7c51	1512	1	28282.5	84.8648	28282.6	84.7272	36684	29.8898	unclassified	chr5	69333011	69369618	9	36684	-	36732	36550	36496	125	57	54	60	0.999755	0.998523	0.993575	0
PBE64913_skip_063df7c3_28887eb2_40.pod5	480b49f4-e413-45c0-85b0-c7d585d31d88	28887eb2dd71b2d61668f65dd373b08db80b7c51	1157	3	28357.5	11.8604	28357.6	11.7372	5113	27.055	unclassified	chr1	149576734	149581856	0	5109	+	5124	5107	5103	2	15	4	60	0.999218	0.999217	0.995902	0
PBE64913_skip_063df7c3_28887eb2_40.pod5	5a437767-7c03-41e4-be6a-88e77087a6b5	28887eb2dd71b2d61668f65dd373b08db80b7c51	1647	4	28359.6	10.0914	28359.6	10.0894	4005	9.13369	unclassified	chr9	997379	1000845	37	3990	+	4160	3259	3022	694	207	237	60	0.987016	0.927278	0.726442	0
PBE64913_skip_063df7c3_28887eb2_40.pod5	985d9e70-239e-4ef1-a2d8-7dffd0446d32	28887eb2dd71b2d61668f65dd373b08db80b7c51	2062	2	28314.8	53.5532	28314.9	53.4636	21387	26.2784	unclassified	chr1	225882102	225903468	0	21384	+	21425	21325	21283	59	41	42	60	0.99986	0.99803	0.993372	0
PBE64913_skip_063df7c3_28887eb2_40.pod5	5c6a5267-47fa-426d-a5c1-ad5c5b062cf8	28887eb2dd71b2d61668f65dd373b08db80b7c51	2090	1	28311.6	57.0956	28311.7	56.9748	22230	27.2058	unclassified	chr7	86959225	86981452	6	22230	-	22258	22193	22177	31	34	16	60	0.99973	0.999279	0.996361	0
PBE64913_skip_063df7c3_28887eb2_40.pod5	78b597c4-8376-44b6-b387-247e5e024eb4	28887eb2dd71b2d61668f65dd373b08db80b7c51	894	1	28349.6	20.0072	28349.8	19.878	8060	20.6538	unclassified	chrX	45568152	45576216	1	8051	+	8103	8011	7966	39	53	45	60	0.998759	0.994383	0.983093	0
PBE64913_skip_063df7c3_28887eb2_40.pod5	98991444-3bff-4368-a650-50e5a1506e38	28887eb2dd71b2d61668f65dd373b08db80b7c51	305	2	28351.5	18.5272	28351.5	18.5252	8204	27.9545	unclassified	chr21	22371998	22380162	7	8167	-	8166	8158	8148	2	6	10	60	0.994637	0.998774	0.997796	0
PBE64913_skip_063df7c3_28887eb2_40.pod5	bc61dea9-4855-408e-96bc-2a7eaf63b9f1	28887eb2dd71b2d61668f65dd373b08db80b7c51	528	3	28350.6	19.2728	28350.7	19.1616	7679	29.1711	unclassified	chr2	162869852	162877530	4	7679	-	7684	7669	7660	6	9	9	60	0.999479	0.998826	0.996877	0
PBE64913_skip_063df7c3_28887eb2_40.pod5	24909997-8529-4d8f-a9c1-136fe9debac8	28887eb2dd71b2d61668f65dd373b08db80b7c51	2446	3	28298.4	70.7108	28298.6	70.5804	27246	28.9155	unclassified	chr4	138912121	138939398	0	27246	-	27304	27219	27081	27	58	138	60	1	0.99493	0.991833	0
PBE64913_skip_063df7c3_28887eb2_40.pod5	dc8bd1e2-3c6f-48d3-8c23-593cb82561c5	28887eb2dd71b2d61668f65dd373b08db80b7c51	1304	2	28348.6	20.8232	28348.7	20.7144	8367	33.245	unclassified	chr6	59751298	59759659	0	8358	+	8361	8358	8300	0	3	58	1	0.998924	0.993061	0.992704	0
PBE64913_skip_063df7c3_28887eb2_40.pod5	06b1845a-75da-4e79-9328-40a0e3443573	28887eb2dd71b2d61668f65dd373b08db80b7c51	1818	1	28338.4	31.0434	28338.4	31.0414	12501	26.5493	unclassified	chr16	70280747	70293223	7	12471	-	12494	12446	12432	18	30	14	60	0.99704	0.998875	0.995038	0
PBE64913_skip_063df7c3_28887eb2_40.pod5	42a54a9d-2256-4d80-9b98-0f14cff8079e	28887eb2dd71b2d61668f65dd373b08db80b7c51	2286	3	28336	33.6284	28336.1	33.5052	14989	24.5269	unclassified	chr10	26167063	26182047	0	14979	+	15011	14952	14909	27	32	43	60	0.999333	0.997124	0.993205	0
PBE64913_skip_063df7c3_28887eb2_40.pod5	a776e84e-ba80-4454-92e5-6e798aff61fe	28887eb2dd71b2d61668f65dd373b08db80b7c51	1713	1	28274	93.2084	28274	93.2064	37628	11.6008	unclassified	chr19	40213934	40252206	2	37594	-	38993	36871	35517	721	1401	1354	60	0.999043	0.963277	0.910856	0
PBE64913_skip_063df7c3_28887eb2_40.pod5	a49f42d3-5c3a-4e38-b633-e6241669b02c	28887eb2dd71b2d61668f65dd373b08db80b7c51	430	3	28354.9	14.9696	28355.1	14.7696	6317	25.9595	unclassified	chr14	102231278	102237580	0	6311	+	6318	6295	6280	16	7	15	60	0.99905	0.997617	0.993985	0
PBE64913_skip_063df7c3_28887eb2_40.pod5	249f03c2-8344-4c7b-9f76-22428d9bd2fe	28887eb2dd71b2d61668f65dd373b08db80b7c51	2432	1	28281.1	87.9896	28281.2	87.8688	23766	24.8051	unclassified	chr5	171622178	171645939	7	23766	-	23801	23719	23688	40	42	31	60	0.999705	0.998693	0.995252	0
PBE64913_skip_063df7c3_28887eb2_40.pod5	63420c91-2505-4e17-818c-f3f4a42196c1	28887eb2dd71b2d61668f65dd373b08db80b7c51	1717	3	28341.9	27.6378	28341.9	27.6358	11103	27.788	unclassified	chr17	1067910	1078523	6	11068	-	11072	10603	10587	459	10	16	60	0.996307	0.998491	0.956196	0
PBE64913_skip_063df7c3_28887eb2_40.pod5	01b2f5a6-08b8-4d85-8c1e-7948b2bb1b90	28887eb2dd71b2d61668f65dd373b08db80b7c51	1805	3	28354	16.0328	28354.1	15.9456	6930	28.4156	unclassified	chr15	42392990	42399921	0	6924	+	6940	6915	6913	9	16	2	60	0.999134	0.999711	0.996109	0
PBE64913_skip_063df7c3_28887eb2_40.pod5	ce9ae23d-5975-4d4e-a988-419ccb8bb478	28887eb2dd71b2d61668f65dd373b08db80b7c51	914	1	28341.6	28.7668	28341.6	28.7648	12465	15.7791	unclassified	chr5	104725711	104738220	0	12428	-	12613	12324	12150	104	185	174	60	0.997032	0.985881	0.963292	0
PBE64913_skip_063df7c3_28887eb2_40.pod5	e124c556-a241-4b39-bf3f-7be778d41fd8	28887eb2dd71b2d61668f65dd373b08db80b7c51	1403	4	28360.7	9.5924	28360.9	9.4644	4425	26.8627	unclassified	chr7	63212533	63216948	0	4418	+	4422	4411	4400	7	4	11	60	0.998418	0.997506	0.995025	0
PBE64913_skip_063df7c3_28887eb2_40.pod5	ae2bdfda-8297-4af5-8f81-c0aa6d6b3f0e	28887eb2dd71b2d61668f65dd373b08db80b7c51	327	2	28348.7	21.4434	28348.7	21.4414	9131	22.9027	unclassified	chr2	48992006	49001105	8	9096	-	9115	9072	9030	16	27	42	60	0.995291	0.99537	0.990675	0
PBE64913_skip_063df7c3_28887eb2_40.pod5	4f7db709-ca20-470e-a9b5-a2cf542beb78	28887eb2dd71b2d61668f65dd373b08db80b7c51	1296	4	28344.7	25.1426	28344.7	25.1406	10032	28.0224	unclassified	chr1	11748480	11758483	7	9999	-	10007	9988	9963	4	15	25	60	0.996013	0.997497	0.995603	0
PBE64913_skip_063df7c3_28887eb2_40.pod5	add54dd8-7a3c-4329-867c-8a8d0552bd88	28887eb2dd71b2d61668f65dd373b08db80b7c51	582	4	28324.9	44.8028	28325	44.67	20981	25.3897	unclassified	chr10	95508543	95529529	0	20973	+	21020	20939	20857	34	47	82	60	0.999619	0.996084	0.992245	0
PBE64913_skip_063df7c3_28887eb2_40.pod5	10be766d-41ff-4c2d-8af0-68b504386015	28887eb2dd71b2d61668f65dd373b08db80b7c51	1170	3	28349.6	20.4404	28349.7	20.3292	8991	26.0322	unclassified	chr11	97286480	97295473	0	8983	+	9006	8970	8947	13	23	23	60	0.99911	0.997436	0.993449	0
PBE64913_skip_063df7c3_28887eb2_40.pod5	ec4f4e2b-5eb6-4a3b-9308-075b0af2bd16	28887eb2dd71b2d61668f65dd373b08db80b7c51	1327	2	28277.6	91.7708	28277.7	91.6416	39092	29.2177	unclassified	chr4	63340577	63379673	0	39087	+	39131	39052	38966	35	44	86	60	0.999872	0.997798	0.995783	0
PBE64913_skip_063df7c3_28887eb2_40.pod5	4440c524-93e3-4cc9-8eb5-f44c56425c2b	28887eb2dd71b2d61668f65dd373b08db80b7c51	2322	1	28256.8	110.283	28256.9	110.201	44456	28.8903	unclassified	chr8	62066443	62110929	0	44451	+	44500	44437	44415	14	49	22	60	0.999888	0.999505	0.99809	0
PBE64913_skip_063df7c3_28887eb2_40.pod5	9b1b43e9-e48e-4f99-9270-119eed4d1143	28887eb2dd71b2d61668f65dd373b08db80b7c51	2582	1	28344.6	25.7048	28344.6	25.62	10716	28.8135	unclassified	chr14	57053606	57064323	0	10710	+	10719	10708	10693	2	9	15	60	0.99944	0.998599	0.997574	0
PBE64913_skip_063df7c3_28887eb2_40.pod5	dd4a1838-1bd7-466d-a2d8-e4fa119fd863	28887eb2dd71b2d61668f65dd373b08db80b7c51	2215	1	28345.6	24.7444	28345.6	24.7424	8595	22.593	unclassified	chr18	74091944	74100523	7	8567	-	8603	8536	8498	24	43	38	60	0.995928	0.995548	0.987795	0
PBE64913_skip_063df7c3_28887eb2_40.pod5	af055f14-1bf6-49b6-a2c0-162c5cad14b4	28887eb2dd71b2d61668f65dd373b08db80b7c51	1954	3	28287.1	81.8348	28287.2	81.7476	34249	27.5106	unclassified	chr9	17751067	17785427	0	34243	+	34393	34210	34122	33	150	88	60	0.999825	0.997428	0.992121	0
PBE64913_skip_063df7c3_28887eb2_40.pod5	59c3bf2d-fced-4f0e-81ed-927a7793a0ad	28887eb2dd71b2d61668f65dd373b08db80b7c51	1374	3	28348.2	21.8524	28348.2	21.8504	8660	22.0371	unclassified	chr1	2464369	2472993	34	8654	+	8640	8604	8572	16	20	32	60	0.995381	0.996281	0.99213	0
PBE64913_skip_063df7c3_28887eb2_40.pod5	ebb3340a-5bf8-44bd-86d6-8f6800a7308a	28887eb2dd71b2d61668f65dd373b08db80b7c51	2679	3	28356.9	13.0064	28357	12.9168	5819	26.9609	unclassified	chr8	27368985	27374800	7	5819	-	5823	5804	5792	8	11	12	60	0.998797	0.997932	0.994676	0
PBE64913_skip_063df7c3_28887eb2_40.pod5	fe25c36b-e594-4db6-a58c-2bb5abd83377	28887eb2dd71b2d61668f65dd373b08db80b7c51	2832	4	28363.3	6.7676	28363.5	6.654	2471	30.8892	unclassified	chr15	60682469	60684924	0	2464	+	2469	2450	2447	14	5	3	60	0.997167	0.998775	0.99109	0
PBE64913_skip_063df7c3_28887eb2_40.pod5	083b949b-c6f3-4edf-9ead-c772254556a1	28887eb2dd71b2d61668f65dd373b08db80b7c51	1111	1	28340.8	29.4488	28341	29.328	15395	18.9918	unclassified	chr1	222430786	222446215	0	15390	+	15507	15312	15210	78	117	102	60	0.999675	0.993339	0.980847	0
PBE64913_skip_063df7c3_28887eb2_40.pod5	a8a6c9c0-9cc1-4136-8eff-e96bc218c817	28887eb2dd71b2d61668f65dd373b08db80b7c51	1923	3	28356.7	13.7792	28357.1	13.404	5532	30.6774	unclassified	chr12	82158280	82163821	2	5532	-	5541	5530	5522	0	11	8	60	0.999638	0.998553	0.996571	0
PBE64913_skip_063df7c3_28887eb2_40.pod5	4538bce0-3b63-4945-a880-381b385711cb	28887eb2dd71b2d61668f65dd373b08db80b7c51	550	3	28351.2	19.4584	28351.2	19.4564	9063	20.3747	unclassified	chr18	78793479	78802514	9	9033	-	9056	9003	8957	21	32	46	60	0.995697	0.994891	0.989068	0
PBE64913_skip_063df7c3_28887eb2_40.pod5	b2a2955f-1e74-40d9-a8b4-72269835ffd6	28887eb2dd71b2d61668f65dd373b08db80b7c51	1278	1	28328.8	41.6672	28328.9	41.532	17613	22.1529	unclassified	chr10	34382520	34400461	7	17613	-	18005	17542	17478	64	399	64	60	0.999603	0.996352	0.97073	0
PBE64913_skip_063df7c3_28887eb2_40.pod5	c6b685ca-9ea9-4eae-a2f5-2ae1ae3a3305	28887eb2dd71b2d61668f65dd373b08db80b7c51	1706	4	28351.6	18.9488	28351.8	18.7092	4568	12.2995	unclassified	chr5	160729876	160734400	9	4568	+	4648	4435	4266	124	89	169	60	0.99803	0.961894	0.917814	0
PBE64913_skip_063df7c3_28887eb2_40.pod5	4febb843-ecac-45c8-b0e6-ea4d53aa5158	28887eb2dd71b2d61668f65dd373b08db80b7c51	593	1	28317.5	52.6424	28317.6	52.5696	22843	26.2179	unclassified	chr4	98530581	98553429	10	22843	-	22880	22801	22778	32	47	23	60	0.999562	0.998991	0.995542	0
PBE64913_skip_063df7c3_28887eb2_40.pod5	e3770686-948c-426d-8c26-7345e2e73cb0	28887eb2dd71b2d61668f65dd373b08db80b7c51	1213	1	28333.3	36.6764	28333.5	36.5484	15239	26.1271	unclassified	chr4	94631234	94646474	0	15232	+	15259	15213	15179	19	27	34	60	0.999541	0.997765	0.994757	0
PBE64913_skip_063df7c3_28887eb2_40.pod5	2f3c85c0-30b9-4dff-b1bd-490069f750ff	28887eb2dd71b2d61668f65dd373b08db80b7c51	1068	3	28359.8	11.054	28360.2	10.65	2641	12.4383	unclassified	chr2	194275780	194278410	0	2633	+	2687	2576	2494	57	54	82	60	0.996971	0.968168	0.928173	0
PBE64913_skip_063df7c3_28887eb2_40.pod5	897ad6e7-6cc2-42e3-bc80-79daae5d631c	28887eb2dd71b2d61668f65dd373b08db80b7c51	2661	3	28343.7	26.564	28343.9	26.4	8294	28.0848	unclassified	chrX	145113762	145122050	10	8294	-	8296	8276	8255	8	12	21	60	0.998794	0.997463	0.995058	0
PBE64913_skip_063df7c3_28887eb2_40.pod5	421428eb-dd91-485a-9b79-1dc05e020cd9	28887eb2dd71b2d61668f65dd373b08db80b7c51	838	2	28340.6	30.2192	28340.7	30.1188	13714	23.8633	unclassified	chr3	53207728	53221364	0	13708	+	13760	13584	13532	124	52	52	60	0.999563	0.996172	0.98343	0
PBE64913_skip_063df7c3_28887eb2_40.pod5	1d5cd1bb-b305-4f6e-aa61-099786117abf	28887eb2dd71b2d61668f65dd373b08db80b7c51	2630	2	28355.2	15.8816	28355.3	15.7152	6439	13.275	unclassified	chr16	7061916	7068438	0	6428	-	6619	6331	6173	97	191	158	60	0.998292	0.975043	0.932618	0
PBE64913_skip_063df7c3_28887eb2_40.pod5	f7c79916-f1d0-43c2-9a39-af5766d0b7cd	28887eb2dd71b2d61668f65dd373b08db80b7c51	1031	2	28286	83.1904	28286	83.1884	36160	14.7639	unclassified	chr2	171631695	171668042	9	36155	+	36913	35580	34963	566	767	617	60	0.999613	0.982659	0.947173	0
PBE64913_skip_063df7c3_28887eb2_40.pod5	2481c499-9f0b-4dbe-ab81-d90a2f129485	28887eb2dd71b2d61668f65dd373b08db80b7c51	1712	3	28362.1	8.9936	28362.3	8.8368	2906	23.5148	unclassified	chr22	22099981	22102877	0	2899	+	2901	2894	2884	5	2	10	60	0.997591	0.996545	0.99414	0
PBE64913_skip_063df7c3_28887eb2_40.pod5	b15afb7e-e259-4e41-8172-55071dd7c6dc	28887eb2dd71b2d61668f65dd373b08db80b7c51	1359	1	28295.8	74.5312	28295.8	74.5292	28531	26.471	unclassified	chr5	36649407	36677930	6	28497	-	28544	28470	28425	21	53	45	60	0.998598	0.998419	0.995831	0
PBE64913_skip_063df7c3_28887eb2_40.pod5	f2a5b3f5-01b7-403b-8704-20938d889451	28887eb2dd71b2d61668f65dd373b08db80b7c51	2465	3	28347.9	22.9172	28348	22.7496	9515	26.2049	unclassified	chr6	68621138	68630642	7	9515	-	9523	9489	9468	19	15	21	60	0.999264	0.997787	0.994224	0
PBE64913_skip_063df7c3_28887eb2_40.pod5	3b2d0b63-7726-4208-ad93-3a4849593130	28887eb2dd71b2d61668f65dd373b08db80b7c51	137	4	28331	39.2396	28331.1	39.1452	17789	24.7862	unclassified	chr7	116093524	116111292	0	17779	+	17806	17741	17701	38	27	40	60	0.999438	0.997745	0.994103	0
PBE64913_skip_063df7c3_28887eb2_40.pod5	be210813-1ac0-4eab-bbc7-4973f92d0ca2	28887eb2dd71b2d61668f65dd373b08db80b7c51	317	2	28364.9	6.4928	28365.1	6.3792	2487	27.8784	unclassified	chr3	71903171	71905660	4	2487	-	2490	2482	2472	1	7	10	60	0.998392	0.995971	0.992771	0
PBE64913_skip_063df7c3_28887eb2_40.pod5	e043819b-41c2-4886-a07c-405cb6bd0c1c	28887eb2dd71b2d61668f65dd373b08db80b7c51	1947	2	28339.5	31.2788	28339.6	31.1364	13574	28.1501	unclassified	chrX	8133822	8147370	7	13574	-	13579	13536	13522	31	12	14	60	0.999484	0.998966	0.995802	0
PBE64913_skip_063df7c3_28887eb2_40.pod5	6f5b8199-d3f5-4efb-80d0-3206c2a316b2	28887eb2dd71b2d61668f65dd373b08db80b7c51	2408	2	28344.1	25.782	28344.2	25.71	11667	29.9484	unclassified	chr15	19147923	19160942	0	11657	+	13027	11649	11468	8	1370	181	1	0.999143	0.984462	0.880325	0
PBE64913_skip_063df7c3_28887eb2_40.pod5	5e397826-9015-4814-a798-7fbab55c58ba	28887eb2dd71b2d61668f65dd373b08db80b7c51	679	2	28289.7	79.8344	28289.9	79.644	34095	24.8184	unclassified	chrX	112670068	112704185	8	34095	-	34159	34045	33984	42	72	61	60	0.999765	0.998208	0.994877	0
PBE64913_skip_063df7c3_28887eb2_40.pod5	1e453cde-dd2e-4b43-83a7-03ab8b65d9ab	28887eb2dd71b2d61668f65dd373b08db80b7c51	615	1	28309	61.0994	28309	61.0974	28683	18.8723	unclassified	chr19	10085759	10114426	6	28649	-	28811	28499	28302	144	168	197	60	0.998605	0.993087	0.982333	0
PBE64913_skip_063df7c3_28887eb2_40.pod5	bdebd9fb-36c0-46ed-a950-8458a6f0cdd2	28887eb2dd71b2d61668f65dd373b08db80b7c51	2289	1	28348.1	22.9088	28348.2	22.8024	10599	26.7006	unclassified	chr5	143272898	143283504	0	10591	+	10615	10582	10574	9	24	8	60	0.999245	0.999244	0.996138	0
PBE64913_skip_063df7c3_28887eb2_40.pod5	1021d579-43ea-4bfe-bbb5-e7499ceaf93d	28887eb2dd71b2d61668f65dd373b08db80b7c51	2408	2	28317.5	26.5764	28317.6	26.4984	11675	33.2013	unclassified	chr15	19147923	19160947	10	11675	-	13033	11656	11473	9	1368	183	1	0.999143	0.9843	0.880304	0
PBE64913_skip_063df7c3_28887eb2_40.pod5	f8d74826-2c63-43d8-95e0-e4f3a92fd6a7	28887eb2dd71b2d61668f65dd373b08db80b7c51	933	1	28363.8	7.3904	28363.9	7.2936	4195	21.2849	unclassified	chr11	89626765	89630996	0	4188	+	4241	4178	4128	10	53	50	60	0.998331	0.988033	0.973355	0
PBE64913_skip_063df7c3_28887eb2_40.pod5	471d9d63-8ae6-4388-8ad8-c0a6e553a72d	28887eb2dd71b2d61668f65dd373b08db80b7c51	1059	3	28350.7	20.7392	28350.8	20.5824	8247	28.9295	unclassified	chr17	32288436	32296672	0	8240	+	8254	8222	8219	18	14	3	60	0.999151	0.999635	0.99576	0
PBE64913_skip_063df7c3_28887eb2_40.pod5	5832dd7e-8531-4bba-9e86-8f5e9ba1d64f	28887eb2dd71b2d61668f65dd373b08db80b7c51	664	3	28358.4	12.9918	28358.4	12.9898	4240	11.7152	unclassified	chr11	61855771	61860041	29	4230	+	4343	4128	3961	73	142	167	60	0.990802	0.959545	0.912042	0
PBE64913_skip_063df7c3_28887eb2_40.pod5	be64d641-88e0-470d-aec8-22dabe698138	28887eb2dd71b2d61668f65dd373b08db80b7c51	1877	3	28352.1	19.1432	28352.2	19.0368	7384	23.7863	unclassified	chr18	37612924	37620315	0	7378	+	7397	7372	7328	6	19	44	60	0.999187	0.994031	0.990672	0
PBE64913_skip_063df7c3_28887eb2_40.pod5	17d8464d-6d92-4253-935a-87e10449be9a	28887eb2dd71b2d61668f65dd373b08db80b7c51	354	4	28327.6	43.628	28327.7	43.47	12628	14.9647	unclassified	chr19	14537398	14549965	8	12628	-	12780	12407	12227	213	160	180	60	0.999366	0.985492	0.956729	0
PBE64913_skip_063df7c3_28887eb2_40.pod5	5065cc26-9178-444b-a9ab-93d024a61af9	28887eb2dd71b2d61668f65dd373b08db80b7c51	706	3	28333.9	37.0652	28334.4	36.5964	12661	26.5606	unclassified	chr1	72180702	72193370	6	12661	-	12681	12642	12619	13	26	23	60	0.999526	0.998181	0.995111	0
PBE64913_skip_063df7c3_28887eb2_40.pod5	9054102c-9452-47d5-a66b-3924907d9857	28887eb2dd71b2d61668f65dd373b08db80b7c51	625	2	28270.6	98.0756	28270.7	98.004	42106	20.4552	unclassified	chr6	30631140	30673258	6	42105	-	42307	41910	41670	189	208	240	60	0.999834	0.994273	0.984943	0
PBE64913_skip_063df7c3_28887eb2_40.pod5	e641f823-51b9-4643-80e4-69605fe3fa30	28887eb2dd71b2d61668f65dd373b08db80b7c51	389	1	28355.2	15.3634	28355.2	15.3614	7612	39.478	unclassified	chr10	41898743	41907061	8	7612	-	8556	7366	6387	238	952	979	1	0.998949	0.867092	0.746494	0
PBE64913_skip_063df7c3_28887eb2_40.pod5	e775dfca-17cb-42bd-8bad-cf0bafccd174	28887eb2dd71b2d61668f65dd373b08db80b7c51	2112	2	28317.2	53.3348	28317.3	53.2188	22719	27.4105	unclassified	chr13	40338762	40361489	7	22719	-	22752	22687	22631	25	40	56	60	0.999692	0.997532	0.994682	0
PBE64913_skip_063df7c3_28887eb2_40.pod5	c2f89951-2b58-40f4-9e5c-863a17ed66c6	28887eb2dd71b2d61668f65dd373b08db80b7c51	1398	2	28359.1	12.5924	28359.2	12.5076	4879	23.9767	unclassified	chr13	105075504	105080388	0	4873	+	4903	4854	4816	19	30	38	60	0.99877	0.992171	0.982256	0
PBE64913_skip_063df7c3_28887eb2_40.pod5	a9b1928a-4ecd-4646-8d3d-735c906d226d	28887eb2dd71b2d61668f65dd373b08db80b7c51	1847	1	28319.9	51.1184	28320	50.988	20301	28.3749	unclassified	chr16	78717892	78738207	0	20294	+	20329	20280	20265	14	35	15	60	0.999655	0.99926	0.996852	0
PBE64913_skip_063df7c3_28887eb2_40.pod5	c85c3ed9-4680-4e0f-bb08-be7461ed2955	28887eb2dd71b2d61668f65dd373b08db80b7c51	2924	3	28309.3	61.2464	28309.4	61.1592	26091	25.0051	unclassified	chr12	126490273	126516353	8	26091	-	26138	26025	25953	58	55	72	60	0.999693	0.997233	0.992922	0
PBE64913_skip_063df7c3_28887eb2_40.pod5	f6b4493d-0007-4f8e-ba85-97a939d74f81	28887eb2dd71b2d61668f65dd373b08db80b7c51	1805	3	28370.1	1.9676	28370.2	1.8492	726	40.8404	unclassified	chr8	79679515	79680232	9	726	-	717	717	717	0	0	0	60	0.987603	1	1	0
PBE64913_skip_063df7c3_28887eb2_40.pod5	bbc0941d-a5e7-4603-b0b8-4283ad8b06b7	28887eb2dd71b2d61668f65dd373b08db80b7c51	772	2	28353.7	17.7488	28353.8	17.646	8124	22.4615	unclassified	chr17	70810132	70818258	0	8113	+	8146	8093	8061	20	33	32	60	0.998646	0.996046	0.989565	0
PBE64913_skip_063df7c3_28887eb2_40.pod5	d4ba0850-1fcc-45ca-bcc6-7e039a7dc761	28887eb2dd71b2d61668f65dd373b08db80b7c51	2154	2	28266.2	103.504	28266.3	103.417	34198	31.1234	unclassified	chr22	18342947	18377153	2	34198	-	34223	34179	34119	17	27	60	60	0.999942	0.998245	0.996961	0
PBE64913_skip_063df7c3_28887eb2_40.pod5	22c65fe0-b483-415e-aaec-a8c056304b81	28887eb2dd71b2d61668f65dd373b08db80b7c51	905	2	28348.1	23.4332	28348.3	23.2716	9802	25.6704	unclassified	chrX	139552739	139562545	9	9802	-	9819	9780	9768	13	26	12	60	0.999082	0.998773	0.994806	0
PBE64913_skip_063df7c3_28887eb2_40.pod5	0f515340-21e5-46d0-ab6b-035583aa9b15	28887eb2dd71b2d61668f65dd373b08db80b7c51	2203	1	28311.8	58.8716	28311.9	58.7796	24233	25.5948	unclassified	chr4	77350002	77374239	8	24233	-	24266	24196	24121	29	41	75	60	0.99967	0.9969	0.994025	0
PBE64913_skip_063df7c3_28887eb2_40.pod5	5a2a7b58-6edd-4e57-9673-f42acea23041	28887eb2dd71b2d61668f65dd373b08db80b7c51	1307	4	28344.8	26.617	28344.9	26.615	11293	11.0175	unclassified	chr3	9038714	9050226	33	11283	+	11763	10999	10509	251	513	490	60	0.996192	0.95545	0.893395	0
PBE64913_skip_063df7c3_28887eb2_40.pod5	eaecb419-e1f2-4265-bcff-4d0b4fd97aa7	28887eb2dd71b2d61668f65dd373b08db80b7c51	1570	3	28336.9	34.8672	28336.9	34.8652	14176	19.7341	unclassified	chr12	118889492	118903648	40	14175	+	14219	14072	13968	63	84	104	60	0.997108	0.992609	0.982348	0
PBE64913_skip_063df7c3_28887eb2_40.pod5	a49c0dcf-a36a-4446-a2ef-37edd778b6d5	28887eb2dd71b2d61668f65dd373b08db80b7c51	1584	2	28365.5	6.848	28365.6	6.7536	2737	29.3731	unclassified	chr6	129193335	129196064	7	2737	-	2730	2729	2728	1	0	1	60	0.997442	0.999634	0.999267	0
PBE64913_skip_063df7c3_28887eb2_40.pod5	2649a745-1928-418e-91ad-f18b27293aab	28887eb2dd71b2d61668f65dd373b08db80b7c51	813	1	28363.2	9.097	28363.2	9.095	1988	2.74449	unclassified	*	-1	-1	-1	-1	*	0	0	0	0	0	0	0	0	0	0	0
PBE64913_skip_063df7c3_28887eb2_40.pod5	a2930f33-97c0-4acd-922a-4cbd05027d7e	28887eb2dd71b2d61668f65dd373b08db80b7c51	464	4	28346.5	25.2794	28346.5	25.2774	10331	10.8665	unclassified	chr6	103481709	103492159	162	10301	-	10612	9977	9487	162	473	490	60	0.981415	0.950887	0.893988	0
PBE64913_skip_063df7c3_28887eb2_40.pod5	0d225ba4-aeef-4b72-a19a-6f5a5c08af14	28887eb2dd71b2d61668f65dd373b08db80b7c51	623	1	28298	73.0162	28298	73.0142	22071	28.0811	unclassified	chrX	26529792	26551833	31	22065	+	22057	22018	21996	16	23	22	60	0.998324	0.999001	0.997234	0
PBE64913_skip_063df7c3_28887eb2_40.pod5	15e7c9db-d00e-48fb-8232-db36ed64638e	28887eb2dd71b2d61668f65dd373b08db80b7c51	2373	2	28344.8	26.7968	28344.9	26.664	11074	26.795	unclassified	chr13	94974689	94985719	0	11067	+	11092	11005	10967	62	25	38	60	0.999368	0.996547	0.988731	0
PBE64913_skip_063df7c3_28887eb2_40.pod5	c58fab98-5edf-40d9-944d-e547c91638e5	28887eb2dd71b2d61668f65dd373b08db80b7c51	1197	4	28345.3	26.3924	28345.4	26.3028	8069	26.8426	unclassified	chr6	114670598	114678679	6	8069	-	8096	8048	8027	15	33	21	60	0.999256	0.997391	0.991477	0
PBE64913_skip_063df7c3_28887eb2_40.pod5	8a45d34e-e4eb-407e-b172-38d4fe2b4d92	28887eb2dd71b2d61668f65dd373b08db80b7c51	1425	3	28294.2	76.232	28294.3	76.0596	31613	27.0749	unclassified	chr4	152266480	152298078	0	31607	+	31639	31566	31511	41	32	55	60	0.99981	0.998258	0.995954	0
PBE64913_skip_063df7c3_28887eb2_40.pod5	f1a128be-f4f1-456c-ae68-10862bf03003	28887eb2dd71b2d61668f65dd373b08db80b7c51	1374	3	28370.1	2.5832	28370.2	2.4864	999	36.9581	unclassified	chrX	63083594	63084585	0	992	+	992	991	991	1	0	0	60	0.992993	1	0.998992	0
PBE64913_skip_063df7c3_28887eb2_40.pod5	715d3ee8-560a-481f-8843-d1575a06108e	28887eb2dd71b2d61668f65dd373b08db80b7c51	1703	3	28334	37.1348	28334.2	36.9672	14717	29.0907	unclassified	chr13	78610386	78625093	0	14709	+	14722	14694	14691	15	13	3	60	0.999456	0.999796	0.997894	0
PBE64913_skip_063df7c3_28887eb2_40.pod5	921b191e-2ddb-44eb-ad65-0b8c9f4863d8	28887eb2dd71b2d61668f65dd373b08db80b7c51	2349	4	28332	38.936	28332.1	38.7888	17117	24.0595	unclassified	chr18	51451098	51468188	7	17117	-	17172	17028	16969	82	62	59	60	0.999591	0.996535	0.988178	0
PBE64913_skip_063df7c3_28887eb2_40.pod5	37d2197f-f8e7-4281-9963-731254078947	28887eb2dd71b2d61668f65dd373b08db80b7c51	2683	3	28365.9	5.5148	28366.1	5.3292	2065	31.2547	unclassified	chrX	77441821	77443881	0	2058	+	2060	2058	2057	0	2	1	60	0.99661	0.999514	0.998544	0
PBE64913_skip_063df7c3_28887eb2_40.pod5	68469898-3c0d-4fe0-a521-ec5f5a79ecf8	28887eb2dd71b2d61668f65dd373b08db80b7c51	530	1	28333.6	37.9496	28333.8	37.7424	15663	31.4998	unclassified	chr20	10102394	10118069	0	15663	+	15679	15659	15653	4	16	6	60	1	0.999617	0.998342	0
PBE64913_skip_063df7c3_28887eb2_40.pod5	0edc2a29-c3d9-49fe-8ddc-f5de6aeb0b20	28887eb2dd71b2d61668f65dd373b08db80b7c51	2084	4	28358.4	13.9568	28358.5	13.8384	6057	26.2968	unclassified	chr4	94679111	94685162	8	6057	-	6057	6043	6039	6	8	4	60	0.998679	0.999338	0.997028	0
PBE64913_skip_063df7c3_28887eb2_40.pod5	dc5cc1e6-697d-4e65-893b-6d40cc325911	28887eb2dd71b2d61668f65dd373b08db80b7c51	1528	3	28298.9	71.4032	28299	71.3136	32112	24.8267	unclassified	chr6	68850452	68882630	0	32104	+	32247	32035	31914	69	143	121	60	0.999751	0.996223	0.989673	0
PBE64913_skip_063df7c3_28887eb2_40.pod5	a222aa6b-39f9-4314-bcbf-ec19c8d3037e	28887eb2dd71b2d61668f65dd373b08db80b7c51	2342	1	28354.7	8.606	28354.8	8.4684	3210	33.5474	unclassified	chr4	190177688	190180274	5	2924	-	2941	2564	2222	355	22	342	16	0.909346	0.866615	0.755525	0
PBE64913_skip_063df7c3_28887eb2_40.pod5	d13e3725-c27f-4af5-a560-1a675a87af44	28887eb2dd71b2d61668f65dd373b08db80b7c51	1449	2	28357.2	14.5112	28357.3	14.412	6103	26.901	unclassified	chr4	2484400	2490483	0	6084	+	6087	6080	6068	4	3	12	60	0.996887	0.998026	0.996879	0
PBE64913_skip_063df7c3_28887eb2_40.pod5	cdc0c9ad-c515-4211-9940-0c3f817da3e2	28887eb2dd71b2d61668f65dd373b08db80b7c51	1391	2	28337.3	34.1516	28337.5	34.026	14060	27.9223	unclassified	chr12	45527613	45541662	7	14060	-	14073	14029	14001	24	20	28	60	0.999502	0.998004	0.994884	0
PBE64913_skip_063df7c3_28887eb2_40.pod5	8c716604-6136-4588-9e3b-8a5a6d17346f	28887eb2dd71b2d61668f65dd373b08db80b7c51	2230	4	28348.6	23.7664	28348.6	23.7644	9348	10.3583	unclassified	chr4	173590461	173599900	10	9303	-	9693	9039	8601	254	400	438	60	0.994116	0.951543	0.887341	0
PBE64913_skip_063df7c3_28887eb2_40.pod5	6e2a5279-d1b6-44b5-bef5-5436b8a2b50a	28887eb2dd71b2d61668f65dd373b08db80b7c51	2043	3	28348.7	23.486	28348.9	23.2992	7048	26.5803	unclassified	chr7	42485668	42492708	0	7043	+	7054	7029	7023	14	11	6	60	0.999291	0.999146	0.995605	0
PBE64913_skip_063df7c3_28887eb2_40.pod5	89417f57-61b7-41d1-a6f1-fe2cc37d72f5	28887eb2dd71b2d61668f65dd373b08db80b7c51	1940	3	28351.9	20.318	28351.9	20.316	7903	9.84873	unclassified	chr17	70224874	70232931	12	7868	-	8275	7638	7239	218	419	399	60	0.994053	0.947761	0.874804	0
PBE64913_skip_063df7c3_28887eb2_40.pod5	ecf7f036-662a-421a-a91f-455a67c98835	28887eb2dd71b2d61668f65dd373b08db80b7c51	2054	4	28329.4	42.6956	28329.5	42.5676	18166	27.4732	unclassified	chr5	160798807	160816993	7	18166	-	18198	18147	18108	12	39	39	60	0.999615	0.997851	0.995054	0
PBE64913_skip_063df7c3_28887eb2_40.pod5	2e85b53a-828d-4f13-8e33-0f31d5e4eb62	28887eb2dd71b2d61668f65dd373b08db80b7c51	465	4	28334.9	37.4432	28335	37.2924	15757	27.8232	unclassified	chr8	128117094	128132972	9	15757	-	15890	15736	15704	12	142	32	60	0.999429	0.997966	0.988295	0
PBE64913_skip_063df7c3_28887eb2_40.pod5	b91f5ccc-8c72-4dbf-baa0-f148f9680cf3	28887eb2dd71b2d61668f65dd373b08db80b7c51	271	2	28349.8	22.6316	28349.9	22.5132	9019	29.7127	unclassified	chr7	48865478	48874497	6	9019	-	9022	9010	8986	3	9	24	60	0.999335	0.997336	0.99601	0
PBE64913_skip_063df7c3_28887eb2_40.pod5	f75621e3-41a1-4a99-b9ee-204d669896ce	28887eb2dd71b2d61668f65dd373b08db80b7c51	1315	3	28332.4	40.1498	28332.4	40.1478	16612	29.9491	unclassified	chr16	35408689	35425274	5	16580	-	16591	16569	16550	6	16	19	60	0.997773	0.998853	0.997529	0
PBE64913_skip_063df7c3_28887eb2_40.pod5	48348897-04cf-46bf-b37f-bf42d1c4105c	28887eb2dd71b2d61668f65dd373b08db80b7c51	803	2	28369.1	4.0292	28369.1	4.0272	1687	11.3357	unclassified	chr7	152251583	152253264	5	1656	-	1719	1613	1544	38	68	69	60	0.97866	0.957223	0.898197	0
PBE64913_skip_063df7c3_28887eb2_40.pod5	831b66db-e1ec-4744-8c00-70f7347ef285	28887eb2dd71b2d61668f65dd373b08db80b7c51	1977	1	28296.7	73.8044	28296.8	73.6932	31817	26.6952	unclassified	chr10	123939900	123971734	0	31811	+	31898	31747	31659	64	87	88	60	0.999811	0.997228	0.992507	0
PBE64913_skip_063df7c3_28887eb2_40.pod5	b07c8e52-5e59-4379-8cfd-c84cacff25d0	28887eb2dd71b2d61668f65dd373b08db80b7c51	839	3	28271.9	99.1796	28272	99.0516	44744	26.0799	unclassified	chr18	27185868	27230885	0	44744	+	45111	44650	44567	94	367	83	60	1	0.998141	0.987941	0
PBE64913_skip_063df7c3_28887eb2_40.pod5	c0d8abdd-4194-41cb-9126-4477cf9a8caa	28887eb2dd71b2d61668f65dd373b08db80b7c51	2328	4	28366	6.9044	28366.1	6.8148	3520	23.2571	unclassified	chr9	111344058	111347577	8	3520	-	3525	3506	3495	6	13	11	60	0.997727	0.996863	0.991489	0
PBE64913_skip_063df7c3_28887eb2_40.pod5	8242d6a1-49d3-43a2-9aa5-2b3b2bca2552	28887eb2dd71b2d61668f65dd373b08db80b7c51	1840	1	28364.6	8.4844	28364.6	8.4824	3491	16.8938	unclassified	chr2	185853736	185857188	4	3449	-	3465	3432	3396	13	20	36	60	0.986823	0.98951	0.980087	0
PBE64913_skip_063df7c3_28887eb2_40.pod5	6f37739c-a876-46b1-a037-ce1230b780d1	28887eb2dd71b2d61668f65dd373b08db80b7c51	1604	2	28340.9	30.5816	28341	30.4752	10979	32.6364	unclassified	chr16	46386093	46403340	9	10972	-	17307	10903	10397	60	6344	506	60	0.998543	0.953591	0.60074	0
PBE64913_skip_063df7c3_28887eb2_40.pod5	b658e2ac-5c3a-4a51-bcf0-e4d1e298b8a0	28887eb2dd71b2d61668f65dd373b08db80b7c51	1155	1	28365.1	7.9244	28365.2	7.8204	3045	9.6347	unclassified	chr12	46067581	46070732	13	3041	+	3215	2964	2793	64	187	171	60	0.994417	0.942308	0.86874	0
PBE64913_skip_063df7c3_28887eb2_40.pod5	be5780af-3373-48f5-8053-2583bdc6550c	28887eb2dd71b2d61668f65dd373b08db80b7c51	1071	1	28333.8	38.4016	28333.8	38.3996	14931	8.4208	unclassified	chr2	9983365	9998780	33	14921	+	15991	14312	13021	576	1103	1291	60	0.99712	0.909796	0.814271	0
PBE64913_skip_063df7c3_28887eb2_40.pod5	72dd41be-25a3-4700-8fea-0facff663466	28887eb2dd71b2d61668f65dd373b08db80b7c51	2141	3	28358.1	14.8478	28358.1	14.8458	6139	26.6261	unclassified	chr14	51177156	51183192	0	6105	-	6110	6031	6007	74	5	24	60	0.994462	0.996021	0.983142	0
PBE64913_skip_063df7c3_28887eb2_40.pod5	eb18a9db-05f6-412f-9f8f-55d597e128db	28887eb2dd71b2d61668f65dd373b08db80b7c51	79	2	28330.2	41.5088	28330.4	41.3328	11976	22.4889	unclassified	chr11	92931324	92943306	0	11970	+	12006	11946	11909	24	36	37	60	0.999499	0.996903	0.991921	0
PBE64913_skip_063df7c3_28887eb2_40.pod5	abb8b0ef-6075-449d-8900-1313f878bada	28887eb2dd71b2d61668f65dd373b08db80b7c51	1856	3	28335.5	36.5828	28335.6	36.4524	11732	14.7178	unclassified	chr2	26829445	26840505	0	11727	+	11746	11041	11031	686	19	10	60	0.999574	0.999094	0.939128	0
PBE64913_skip_063df7c3_28887eb2_40.pod5	220ec724-c8bf-451e-87a7-ef4c52228c2a	28887eb2dd71b2d61668f65dd373b08db80b7c51	1871	2	28341	31.5632	28341.1	31.44	12485	27.2335	unclassified	chr19	5558161	5570653	0	12478	+	12506	12464	12445	14	28	19	60	0.999439	0.998476	0.995122	0
PBE64913_skip_063df7c3_28887eb2_40.pod5	6413793d-1d16-4350-8a60-b56660d5ad93	28887eb2dd71b2d61668f65dd373b08db80b7c51	1108	1	28335.6	36.104	28335.7	35.9856	18258	21.6724	unclassified	chr3	20085118	20103375	7	18258	-	18336	18172	18074	79	85	98	60	0.999617	0.994607	0.985711	0
PBE64913_skip_063df7c3_28887eb2_40.pod5	a662d10e-7344-4db2-b54c-5b8428628266	28887eb2dd71b2d61668f65dd373b08db80b7c51	2040	3	28360.8	12.704	28360.9	12.6288	5342	31.079	unclassified	chr1	23206625	23211969	0	5336	+	5347	5333	5326	3	11	7	60	0.998877	0.998687	0.996073	0
PBE64913_skip_063df7c3_28887eb2_40.pod5	f4dcb437-4283-4a86-af0c-c1390ba1aef2	28887eb2dd71b2d61668f65dd373b08db80b7c51	908	3	28318.9	52.4916	28318.9	52.4896	21409	25.5101	unclassified	chr7	46840460	46861863	38	21409	+	21421	21353	21291	18	50	62	60	0.998225	0.997096	0.993931	0
PBE64913_skip_063df7c3_28887eb2_40.pod5	fa38c6c1-de67-4886-9262-3286c645a046	28887eb2dd71b2d61668f65dd373b08db80b7c51	1866	1	28337.5	34.9244	28337.6	34.8216	15327	24.7419	unclassified	chr8	139540333	139555664	7	15327	-	15367	15284	15208	36	47	76	60	0.999543	0.995027	0.989653	0
PBE64913_skip_063df7c3_28887eb2_40.pod5	83b062b0-7533-4ab6-bbdb-07dffdbb8c2c	28887eb2dd71b2d61668f65dd373b08db80b7c51	638	4	28339.1	33.9464	28339.2	33.7872	13747	26.6603	unclassified	chr10	25706982	25720753	0	13739	+	13779	13731	13707	8	40	24	60	0.999418	0.998252	0.994775	0
PBE64913_skip_063df7c3_28887eb2_40.pod5	305788c7-012d-4c00-8941-7219c8d0a69c	28887eb2dd71b2d61668f65dd373b08db80b7c51	769	2	28318.3	54.458	28318.4	54.3516	20996	22.252	unclassified	chr1	202910338	202931316	0	20990	+	21069	20899	20809	91	79	90	60	0.999714	0.995694	0.98766	0
PBE64913_skip_063df7c3_28887eb2_40.pod5	c95c1dd5-611c-43c0-ad4a-d36ea86270c2	28887eb2dd71b2d61668f65dd373b08db80b7c51	227	4	28352.9	21.0008	28353	20.9088	8701	29.5478	unclassified	chr11	45876565	45885247	7	8701	-	8697	8679	8676	15	3	3	60	0.999196	0.999654	0.997585	0
PBE64913_skip_063df7c3_28887eb2_40.pod5	75c0fe2d-0bf1-4026-b840-01e4a0fca76a	28887eb2dd71b2d61668f65dd373b08db80b7c51	384	4	28335.9	37.6604	28336	37.5684	16499	27.7017	unclassified	chr12	100090537	100107032	0	16492	+	16517	16470	16450	22	25	20	60	0.999576	0.998786	0.995944	0
PBE64913_skip_063df7c3_28887eb2_40.pod5	87cd8e8d-5edb-41fc-b75f-4c08ec6a9317	28887eb2dd71b2d61668f65dd373b08db80b7c51	2442	3	28281.8	80.5016	28282	80.3424	24640	31.6778	unclassified	chr14	65028663	65053312	0	24640	+	24702	24587	24565	53	62	22	60	1	0.999105	0.994454	0
PBE64913_skip_063df7c3_28887eb2_40.pod5	ef2a1499-f220-48c0-be88-015a071242a1	28887eb2dd71b2d61668f65dd373b08db80b7c51	1266	3	28364.9	8.7524	28365	8.6232	4144	27.6371	unclassified	chr3	60404312	60408460	0	4144	+	4153	4139	4135	5	9	4	60	1	0.999034	0.995666	0
PBE64913_skip_063df7c3_28887eb2_40.pod5	2c93d5e1-0452-4147-9944-343121525e3f	28887eb2dd71b2d61668f65dd373b08db80b7c51	702	1	28360.1	13.8212	28360.2	13.6932	5521	31.3405	unclassified	chr10	37607814	37613341	7	5521	-	5528	5513	5500	1	14	13	60	0.998732	0.997642	0.994935	0
PBE64913_skip_063df7c3_28887eb2_40.pod5	be664273-872f-4991-8d6c-23c50c398cbd	28887eb2dd71b2d61668f65dd373b08db80b7c51	1919	2	28352.1	20.7836	28352.2	20.6316	8779	25.8668	unclassified	chr7	2053811	2062672	6	8779	-	8866	8768	8757	5	93	11	60	0.999317	0.998745	0.987706	0
PBE64913_skip_063df7c3_28887eb2_40.pod5	9b85eaef-4534-4433-90a4-35207a7bdf9e	28887eb2dd71b2d61668f65dd373b08db80b7c51	2327	4	28316.7	55.7732	28316.7	55.698	24968	25.1195	unclassified	chr5	147614454	147639417	0	24968	-	25012	24919	24872	49	44	47	60	1	0.998114	0.994403	0
PBE64913_skip_063df7c3_28887eb2_40.pod5	a188c93c-0807-4b5b-92a1-ac56b03d047a	28887eb2dd71b2d61668f65dd373b08db80b7c51	2636	4	28333.3	39.903	28333.3	39.901	16643	11.8096	unclassified	chr7	118868952	118885674	16	16606	-	17134	16178	15539	412	544	639	60	0.996816	0.960502	0.90691	0
PBE64913_skip_063df7c3_28887eb2_40.pod5	a77eadf8-f6e1-4406-8a22-e3dffb743545	28887eb2dd71b2d61668f65dd373b08db80b7c51	159	4	28367.5	6.5624	28367.6	6.456	2981	26.0032	unclassified	chr21	9331994	9334981	8	2981	-	2990	2970	2951	3	17	19	31	0.997316	0.993603	0.986957	0
PBE64913_skip_063df7c3_28887eb2_40.pod5	7e9d7592-5f77-406d-b828-4c097756603e	28887eb2dd71b2d61668f65dd373b08db80b7c51	1796	1	28321.2	45.6524	28321.3	45.546	19434	30.0464	unclassified	chr5	89115055	89134485	7	19434	-	19446	19411	19396	16	19	15	60	0.99964	0.999227	0.997429	0
PBE64913_skip_063df7c3_28887eb2_40.pod5	0e016008-ee1c-4b7b-a10a-cee8366c4f16	28887eb2dd71b2d61668f65dd373b08db80b7c51	869	4	28363.4	10.5716	28363.5	10.4172	4265	26.4515	unclassified	chr10	37676340	37680610	0	4265	+	4271	4264	4261	1	6	3	60	1	0.999296	0.997659	0
PBE64913_skip_063df7c3_28887eb2_40.pod5	046402bb-2a07-4a9f-947b-c090b3a6b47e	28887eb2dd71b2d61668f65dd373b08db80b7c51	1364	2	28364.1	9.7976	28364.3	9.6504	4128	25.981	unclassified	chr5	169818041	169822164	0	4128	+	4128	4123	4113	5	0	10	60	1	0.997575	0.996366	0
PBE64913_skip_063df7c3_28887eb2_40.pod5	e8e83ba7-3bb8-42d8-9e36-aa37c917c4d3	28887eb2dd71b2d61668f65dd373b08db80b7c51	1760	3	28365.9	7.8736	28365.9	7.8716	1293	8.52157	unclassified	chr11	119892039	119892974	354	1290	+	957	914	895	22	21	19	60	0.723898	0.979212	0.935214	0
PBE64913_skip_063df7c3_28887eb2_40.pod5	235b9133-97cd-414c-8b19-b2a85c40624c	28887eb2dd71b2d61668f65dd373b08db80b7c51	1597	1	28343.6	29.5964	28343.8	29.4252	12277	27.8662	unclassified	chr4	21265344	21277627	0	12268	+	12290	12261	12253	7	22	8	60	0.999267	0.999348	0.996989	0
PBE64913_skip_063df7c3_28887eb2_40.pod5	41fb0a32-7646-403d-b1b4-1515f70a3fbb	28887eb2dd71b2d61668f65dd373b08db80b7c51	1822	4	28303.6	68.1608	28303.6	68.088	28261	27.3744	unclassified	chr19	52356184	52384492	0	28255	+	28332	28231	28168	24	77	63	60	0.999788	0.997768	0.994211	0
PBE64913_skip_063df7c3_28887eb2_40.pod5	81315146-1eb1-4db2-b81c-1ad933b2f5a1	28887eb2dd71b2d61668f65dd373b08db80b7c51	1135	2	28318.4	54.9464	28318.5	54.8604	22966	25.691	unclassified	chr2	223017930	223040588	7	22966	-	23002	22615	22546	344	43	69	60	0.999695	0.996949	0.980176	0
PBE64913_skip_063df7c3_28887eb2_40.pod5	ef359cc0-b6dc-473a-9591-7fd4ffc08e10	28887eb2dd71b2d61668f65dd373b08db80b7c51	1911	3	28327.6	45.4568	28327.7	45.3432	15918	30.1427	unclassified	chr13	41310108	41326036	0	15918	-	15940	15906	15882	12	22	24	60	1	0.998491	0.996361	0
PBE64913_skip_063df7c3_28887eb2_40.pod5	8537d5f9-3152-40ca-bc81-e2f3bbf429b8	28887eb2dd71b2d61668f65dd373b08db80b7c51	1054	2	28355.3	18.7112	28355.4	18.588	7918	23.2999	unclassified	chr7	3935910	3943668	7	7918	-	7933	7736	7719	175	22	17	60	0.999116	0.997802	0.973024	0
PBE64913_skip_063df7c3_28887eb2_40.pod5	fdd9e619-eea3-4309-b8d3-8fc8d1d97dc1	28887eb2dd71b2d61668f65dd373b08db80b7c51	423	2	28299.4	63.8468	28299.6	63.6612	21841	29.3403	unclassified	chr9	42441583	42463426	0	21841	-	21869	21815	21779	26	28	36	60	1	0.99835	0.995885	0
PBE64913_skip_063df7c3_28887eb2_40.pod5	cf9f6d05-ceee-404a-a022-5944fe1722e9	28887eb2dd71b2d61668f65dd373b08db80b7c51	2387	1	28354	19.7756	28354.1	19.6284	6573	31.7786	unclassified	chr3	191448960	191455526	0	6565	+	6567	6564	6564	1	2	0	60	0.998783	1	0.999543	0
PBE64913_skip_063df7c3_28887eb2_40.pod5	183a8782-da49-437d-8057-37ea0b901c16	28887eb2dd71b2d61668f65dd373b08db80b7c51	1340	2	28354.9	18.863	28354.9	18.861	8476	26.8193	unclassified	chr5	32664317	32672763	31	8469	+	8451	8433	8408	5	13	25	60	0.995517	0.997035	0.994912	0
PBE64913_skip_063df7c3_28887eb2_40.pod5	d5c371a6-5ec0-4de3-bdcb-b910818dd176	28887eb2dd71b2d61668f65dd373b08db80b7c51	1519	1	28343.6	30.2766	28343.6	30.2746	13306	18.2282	unclassified	chr1	8533118	8546397	5	13271	-	13363	13182	13080	84	97	102	60	0.996994	0.992262	0.978822	0
PBE64913_skip_063df7c3_28887eb2_40.pod5	96ca097f-51b0-4856-a3cd-3b5994f5749d	28887eb2dd71b2d61668f65dd373b08db80b7c51	1289	2	28300.6	72.2912	28300.8	72.156	27351	26.2026	unclassified	chr5	157320335	157347674	0	27345	+	27380	27304	27265	41	35	39	60	0.999781	0.998572	0.9958	0
PBE64913_skip_063df7c3_28887eb2_40.pod5	2a56143a-107b-48fe-922d-943ac304fc92	28887eb2dd71b2d61668f65dd373b08db80b7c51	2966	4	28367.7	5.0188	28367.7	5.0168	1888	30.6858	unclassified	chr12	121582579	121584427	35	1881	+	1848	1846	1846	0	2	0	60	0.977754	1	0.998918	0
PBE64913_skip_063df7c3_28887eb2_40.pod5	796f0009-e38c-4de8-be37-3a4a17cbd759	28887eb2dd71b2d61668f65dd373b08db80b7c51	677	3	28257.4	115.042	28257.5	114.967	51247	24.0575	unclassified	chr3	29591776	29643048	0	51239	+	51342	51169	51056	70	103	113	60	0.999844	0.997792	0.99443	0
PBE64913_skip_063df7c3_28887eb2_40.pod5	4fea4496-6ab1-485d-be7f-f60a6f095b2b	28887eb2dd71b2d61668f65dd373b08db80b7c51	356	2	28317.8	55.3916	28317.8	55.3896	24897	21.2877	unclassified	chr16	46382564	46402734	861	18639	+	20479	17469	15960	309	2701	1509	60	0.714062	0.913618	0.779335	0
PBE64913_skip_063df7c3_28887eb2_40.pod5	5819386e-93ea-4596-a3f3-d32cf7dabeb8	28887eb2dd71b2d61668f65dd373b08db80b7c51	2596	4	28337.1	36.3476	28337.2	36.2364	15073	26.9127	unclassified	chr6	163337376	163352451	0	15068	+	15085	15058	15022	10	17	36	60	0.999668	0.997609	0.995824	0
PBE64913_skip_063df7c3_28887eb2_40.pod5	28c2a27a-bbbf-4582-bbc0-72a9bb61d1b8	28887eb2dd71b2d61668f65dd373b08db80b7c51	888	3	28362.4	11.834	28362.5	11.7444	5037	24.67	unclassified	chr1	102148866	102153896	9	5037	-	5034	5024	5011	4	6	13	60	0.998213	0.997412	0.995431	0
PBE64913_skip_063df7c3_28887eb2_40.pod5	6800f5f3-87ae-4f63-800f-b0af5ae963da	28887eb2dd71b2d61668f65dd373b08db80b7c51	1332	2	28354.3	19.862	28354.4	19.7412	8182	24.3663	unclassified	chr9	93632646	93640816	10	8182	-	8183	8159	8142	13	11	17	60	0.998778	0.997916	0.99499	0
PBE64913_skip_063df7c3_28887eb2_40.pod5	3b193a88-00c7-45ba-8c6c-2fd559555796	28887eb2dd71b2d61668f65dd373b08db80b7c51	1977	1	28370.6	3.266	28370.8	3.0792	1841	22.01	unclassified	chr9	8643222	8645063	6	1841	-	1843	1833	1822	2	8	11	60	0.996741	0.993999	0.988606	0
PBE64913_skip_063df7c3_28887eb2_40.pod5	6ae1e6ac-49f9-4f89-8592-728edef4ac10	28887eb2dd71b2d61668f65dd373b08db80b7c51	390	4	28362.3	11.9456	28362.4	11.8152	4928	25.1851	unclassified	chr4	1558731	1563659	8	4928	-	4931	4917	4903	3	11	14	60	0.998377	0.997153	0.994322	0
PBE64913_skip_063df7c3_28887eb2_40.pod5	9798cdec-5aff-44ec-8bc2-f795c8881cdf	28887eb2dd71b2d61668f65dd373b08db80b7c51	1866	1	28372.4	1.6652	28372.6	1.5252	698	30.2273	unclassified	chr16	21851447	21852144	0	698	+	698	697	696	1	0	1	32	1	0.998565	0.997135	0
PBE64913_skip_063df7c3_28887eb2_40.pod5	98e46cc7-55ab-447f-b895-b32508428332	28887eb2dd71b2d61668f65dd373b08db80b7c51	1359	1	28370.5	3.7544	28370.7	3.6384	1415	20.5003	unclassified	chrX	34589434	34590849	9	1415	-	1417	1404	1393	2	11	11	60	0.99364	0.992165	0.983063	0
PBE64913_skip_063df7c3_28887eb2_40.pod5	bb9b0c27-ee8e-4d07-8275-1f8e4b013865	28887eb2dd71b2d61668f65dd373b08db80b7c51	2074	3	28347.4	26.1944	28347.5	26.07	11568	28.3841	unclassified	chr15	83472728	83484301	8	11568	-	11582	11551	11531	9	22	20	60	0.999308	0.998269	0.995597	0
PBE64913_skip_063df7c3_28887eb2_40.pod5	1af8e057-84ee-4ab5-bcfd-362f846109a3	28887eb2dd71b2d61668f65dd373b08db80b7c51	2013	3	28357.8	15.9622	28357.8	15.9602	4855	12.0416	unclassified	chr10	1158995	1161771	28	2995	+	2969	2774	2765	193	2	9	60	0.611123	0.996756	0.93129	0
PBE64913_skip_063df7c3_28887eb2_40.pod5	7ceaeeb9-171b-45ff-94e0-644303da1c9d	28887eb2dd71b2d61668f65dd373b08db80b7c51	2896	2	28343.7	29.7236	28343.8	29.5572	11735	26.1736	unclassified	chr15	98641360	98647294	0	5945	+	5948	5931	5919	14	3	12	60	0.506604	0.997977	0.995124	0
PBE64913_skip_063df7c3_28887eb2_40.pod5	0cc947fc-5ab1-453b-b65e-51a11bc5225e	28887eb2dd71b2d61668f65dd373b08db80b7c51	1885	1	28356.8	17.2844	28357	17.082	5973	33.7237	unclassified	chr2	70802712	70808682	0	5973	+	5974	5969	5961	4	1	8	60	1	0.99866	0.997824	0
PBE64913_skip_063df7c3_28887eb2_40.pod5	05356ffb-11be-4a10-9a38-4bb368f5a55b	28887eb2dd71b2d61668f65dd373b08db80b7c51	2566	1	28362.1	8.5112	28362.2	8.4192	2908	26.3552	unclassified	chr1	124124168	124127081	0	2904	+	2917	2900	2749	4	13	151	1	0.998625	0.947931	0.942407	0
PBE64913_skip_063df7c3_28887eb2_40.pod5	bcac08c8-15f9-4265-839d-227902336190	28887eb2dd71b2d61668f65dd373b08db80b7c51	2157	1	28327.5	45.6596	28327.6	45.5484	16513	29.9734	unclassified	chr16	67744640	67761157	9	16513	-	16525	16496	16485	8	21	11	60	0.999455	0.999333	0.997579	0
PBE64913_skip_063df7c3_28887eb2_40.pod5	1bbba57d-a65c-4f11-93a1-5f65f9ca751c	28887eb2dd71b2d61668f65dd373b08db80b7c51	725	1	28366.4	8.31	28366.4	8.308	3116	17.9707	unclassified	chr6	105078234	105081331	31	3106	+	3103	3069	3046	6	28	23	60	0.986842	0.992506	0.981631	0
PBE64913_skip_063df7c3_28887eb2_40.pod5	ae14751b-750d-4172-bdd7-b77e824bad54	28887eb2dd71b2d61668f65dd373b08db80b7c51	140	2	28341.8	32.7872	28342	32.64	12910	27.0573	unclassified	chr11	41340081	41352983	5	12910	-	12925	12882	12846	23	20	36	60	0.999613	0.997205	0.993888	0
PBE64913_skip_063df7c3_28887eb2_40.pod5	da889583-5180-49a6-a217-50273a803146	28887eb2dd71b2d61668f65dd373b08db80b7c51	1316	1	28316.1	57.38	28316.2	57.264	20741	29.7498	unclassified	chr3	8946163	8966887	0	20734	+	20742	20716	20678	18	8	38	60	0.999663	0.998166	0.996914	0
PBE64913_skip_063df7c3_28887eb2_40.pod5	3e8a9c93-962e-4033-9ad3-b4477099d3b5	28887eb2dd71b2d61668f65dd373b08db80b7c51	285	3	28338	35.7848	28338.1	35.676	15595	28.3136	unclassified	chr15	20580025	20595606	6	15595	-	15599	15571	15556	18	10	15	58	0.999615	0.999037	0.997243	0
PBE64913_skip_063df7c3_28887eb2_40.pod5	64d83b7c-3263-4578-8a7b-35bbf801c8af	28887eb2dd71b2d61668f65dd373b08db80b7c51	1084	4	28336.7	37.3388	28336.9	37.218	15874	29.1247	unclassified	chr1	190448448	190464319	0	15868	+	15895	15844	15831	24	27	13	60	0.999622	0.999179	0.995974	0
PBE64913_skip_063df7c3_28887eb2_40.pod5	ed3a66dd-f227-4b24-b1a5-a71c5c715339	28887eb2dd71b2d61668f65dd373b08db80b7c51	2388	2	28353.3	21.0638	28353.3	21.0618	8241	10.3225	unclassified	chr17	37014034	37022385	31	8231	+	8559	7992	7566	208	359	426	60	0.995025	0.946697	0.883982	0
PBE64913_skip_063df7c3_28887eb2_40.pod5	bccda218-cebe-4ddb-86c0-b6a821fec5a5	28887eb2dd71b2d61668f65dd373b08db80b7c51	1028	4	28357.5	17.2364	28357.6	17.1492	7269	23.0801	unclassified	chr1	218081128	218088383	7	7269	-	7283	7234	7215	28	21	19	60	0.999037	0.997374	0.990663	0
PBE64913_skip_063df7c3_28887eb2_40.pod5	d0d739e4-0d71-43ee-abe6-fdc2d3ec22a8	28887eb2dd71b2d61668f65dd373b08db80b7c51	2635	2	28307	66.302	28307.2	66.126	26832	30.3674	unclassified	chr6	8582708	8609547	0	26823	+	26851	26811	26788	12	28	23	60	0.999665	0.999142	0.997654	0
PBE64913_skip_063df7c3_28887eb2_40.pod5	642eeab5-9d87-49ad-a6f6-591ed04ac774	28887eb2dd71b2d61668f65dd373b08db80b7c51	2677	4	28265.2	106.867	28265.2	106.865	32515	29.7513	unclassified	chr2	577130	609100	6	32484	-	32519	31929	31856	549	41	73	60	0.998862	0.997714	0.979612	0
PBE64913_skip_063df7c3_28887eb2_40.pod5	6c0c8a28-a06c-4851-8e49-d6e6caff6099	28887eb2dd71b2d61668f65dd373b08db80b7c51	119	4	28358.5	16.2644	28358.6	16.1148	6474	23.3501	unclassified	chr5	17064072	17070553	9	6474	-	6489	6457	6432	8	24	25	60	0.99861	0.996128	0.991216	0
PBE64913_skip_063df7c3_28887eb2_40.pod5	f939eca0-dcbe-41a3-bbb6-70916530662a	28887eb2dd71b2d61668f65dd373b08db80b7c51	1189	3	28356.1	18.4988	28356.2	18.372	6446	25.2046	unclassified	chr9	94340866	94347315	7	6446	-	6455	6433	6414	6	16	19	60	0.998914	0.997046	0.993648	0
PBE64913_skip_063df7c3_28887eb2_40.pod5	fdb704c7-7eef-475d-a848-16cd5107c2c7	28887eb2dd71b2d61668f65dd373b08db80b7c51	2283	4	28342.7	30.6332	28342.8	30.4908	11288	32.8114	unclassified	chr13	45638771	45650056	0	11282	+	11291	11276	11231	6	9	45	60	0.999468	0.996009	0.994686	0
PBE64913_skip_063df7c3_28887eb2_40.pod5	93b95cac-931f-4de1-ab56-10e2239204de	28887eb2dd71b2d61668f65dd373b08db80b7c51	915	1	28367.2	7.598	28367.2	7.596	2974	8.67628	unclassified	chr14	80041425	80044470	11	2942	+	3119	2857	2677	74	188	180	10	0.985541	0.936997	0.858288	0
PBE64913_skip_063df7c3_28887eb2_40.pod5	55b01011-caca-4d33-80b6-a391b7c62e90	28887eb2dd71b2d61668f65dd373b08db80b7c51	1034	3	28351.7	22.7648	28351.8	22.668	9061	24.9397	unclassified	chr11	76663734	76672806	0	9055	+	9078	9049	9038	6	23	11	60	0.999338	0.998784	0.995594	0
PBE64913_skip_063df7c3_28887eb2_40.pod5	3c5f9f1e-1313-4584-adc9-0072490d7dc0	28887eb2dd71b2d61668f65dd373b08db80b7c51	2580	4	28358.3	16.3052	28358.5	16.1112	6509	23.9869	unclassified	chr2	84589418	84595892	1	6507	+	6520	6460	6451	46	14	9	60	0.999539	0.998607	0.989417	0
PBE64913_skip_063df7c3_28887eb2_40.pod5	cf2f3070-953f-4bdb-8207-da49f1e14a85	28887eb2dd71b2d61668f65dd373b08db80b7c51	1406	3	28359	15.5048	28359.2	15.3888	6820	28.996	unclassified	chr2	193824130	193830945	9	6820	-	6817	6809	6808	2	6	1	60	0.99868	0.999853	0.99868	0
PBE64913_skip_063df7c3_28887eb2_40.pod5	beccf56c-5519-4c4c-a24e-d2dd0d7f61a0	28887eb2dd71b2d61668f65dd373b08db80b7c51	2102	4	28345.1	29.0552	28345.2	28.9368	12785	26.9545	unclassified	chr11	45423059	45435846	0	12771	+	12799	12759	12730	12	28	29	60	0.998905	0.997727	0.994609	0
PBE64913_skip_063df7c3_28887eb2_40.pod5	af9a522d-8af4-481b-b80a-bf42f07f86b2	28887eb2dd71b2d61668f65dd373b08db80b7c51	1931	2	28356.6	17.2856	28356.6	17.2836	9232	24.4589	unclassified	chr22	41960412	41969617	0	9194	-	9229	9170	9154	24	35	16	60	0.995884	0.998255	0.991873	0
PBE64913_skip_063df7c3_28887eb2_40.pod5	d53338bd-955a-41fe-b35b-7bb98e2dc713	28887eb2dd71b2d61668f65dd373b08db80b7c51	2834	4	28340.5	33.4172	28340.6	33.2892	13652	27.9256	unclassified	chr18	43546177	43559827	6	13652	-	13661	13635	13615	11	15	20	60	0.99956	0.998533	0.996633	0
PBE64913_skip_063df7c3_28887eb2_40.pod5	3d1088e9-9db4-4df0-8716-fe897b55abd0	28887eb2dd71b2d61668f65dd373b08db80b7c51	921	1	28329.8	44.5616	28329.9	44.4588	18996	30.4601	unclassified	chr5	161734445	161753441	0	18996	+	19020	18972	18938	24	24	34	60	1	0.998208	0.995689	0
PBE64913_skip_063df7c3_28887eb2_40.pod5	5c51dfdb-f772-43f1-ab81-9d7e90bf4882	28887eb2dd71b2d61668f65dd373b08db80b7c51	308	4	28330.7	43.4672	28330.8	43.3752	19522	25.1295	unclassified	chr3	166507514	166527034	5	19522	-	19556	19481	19436	36	39	45	60	0.999744	0.99769	0.993864	0
PBE64913_skip_063df7c3_28887eb2_40.pod5	89fc9d96-ee58-47cc-93b8-7cd0a38d7927	28887eb2dd71b2d61668f65dd373b08db80b7c51	2974	4	28340.6	33.77	28340.6	33.768	9669	23.6341	unclassified	chr6	80079968	80089600	3	9643	-	9668	9604	9572	36	28	32	60	0.997001	0.996668	0.99007	0
PBE64913_skip_063df7c3_28887eb2_40.pod5	dc4be141-4aba-4b31-b902-c0cf3c12baf5	28887eb2dd71b2d61668f65dd373b08db80b7c51	647	1	28364.2	10.6976	28364.3	10.596	4611	26.7283	unclassified	chr8	26471539	26476162	0	4606	+	4628	4601	4583	5	22	18	60	0.998916	0.996088	0.990277	0
PBE64913_skip_063df7c3_28887eb2_40.pod5	c879b68e-d18a-4e0a-8b6e-5c246557ba50	28887eb2dd71b2d61668f65dd373b08db80b7c51	2155	4	28323.3	50.9324	28323.5	50.79	20885	26.9981	unclassified	chr6	126575178	126596061	0	20885	-	20916	20852	20823	33	31	29	60	1	0.998609	0.995554	0
PBE64913_skip_063df7c3_28887eb2_40.pod5	5acae849-5dd2-46b8-a738-02812b32f41d	28887eb2dd71b2d61668f65dd373b08db80b7c51	1681	4	28363.1	11.792	28363.2	11.6928	5030	31.0219	unclassified	chr18	1818124	1823146	7	5030	-	5024	5021	5017	2	1	4	60	0.998608	0.999203	0.998607	0
PBE64913_skip_063df7c3_28887eb2_40.pod5	54d6d1f5-92e4-4210-a3ff-66b72756bd3c	28887eb2dd71b2d61668f65dd373b08db80b7c51	1176	4	28352.7	22.3928	28352.7	22.3104	7941	20.7663	unclassified	chr8	81536027	81543969	0	7930	+	7982	7890	7844	40	52	46	60	0.998615	0.99417	0.982711	0
PBE64913_skip_063df7c3_28887eb2_40.pod5	ff775330-014a-433b-b42e-589557144bb1	28887eb2dd71b2d61668f65dd373b08db80b7c51	1106	1	28355.5	19.432	28355.5	19.43	8837	21.0838	unclassified	chr8	53876071	53884920	21	8837	+	8876	8789	8757	27	60	32	60	0.997624	0.996359	0.986593	0
PBE64913_skip_063df7c3_28887eb2_40.pod5	fc4242ed-3505-4edb-af66-f68f7e0888d7	28887eb2dd71b2d61668f65dd373b08db80b7c51	2059	1	28369	5.966	28369.2	5.7996	2455	33.709	unclassified	chr3	132740825	132743274	6	2455	-	2451	2447	2446	2	2	1	60	0.997556	0.999591	0.99796	0
PBE64913_skip_063df7c3_28887eb2_40.pod5	f983f7d3-62f5-4b09-a8a6-8dc0a6c92214	28887eb2dd71b2d61668f65dd373b08db80b7c51	1417	2	28340.1	34.4792	28340.2	34.356	14013	27.5124	unclassified	chr18	43738967	43752990	0	14009	+	14031	14001	13948	8	22	53	60	0.999715	0.996215	0.994085	0
PBE64913_skip_063df7c3_28887eb2_40.pod5	37c382e7-2527-42d8-a662-0e94f419d285	28887eb2dd71b2d61668f65dd373b08db80b7c51	1788	4	28363.3	11.78	28363.4	11.688	4124	31.2041	unclassified	chr14	29077204	29081328	0	4124	-	4127	4121	4115	3	3	6	60	1	0.998544	0.997092	0
PBE64913_skip_063df7c3_28887eb2_40.pod5	429bceba-e499-4283-9986-b38f544aec2e	28887eb2dd71b2d61668f65dd373b08db80b7c51	1241	4	28358.7	16.418	28358.9	16.2852	6564	25.6326	unclassified	chr6	46178441	46185026	6	6564	-	6595	6548	6534	10	37	14	60	0.999086	0.997862	0.990751	0
PBE64913_skip_063df7c3_28887eb2_40.pod5	60f2ebff-a59b-47bb-b4cd-7452bd17d726	28887eb2dd71b2d61668f65dd373b08db80b7c51	806	3	28362.2	12.7856	28362.4	12.588	5282	27.2232	unclassified	chr6	108004018	108009305	0	5272	+	5289	5270	5253	2	17	17	60	0.998107	0.996774	0.993193	0
PBE64913_skip_063df7c3_28887eb2_40.pod5	b65c9f89-3686-4cba-ae45-6f0ae8389a99	28887eb2dd71b2d61668f65dd373b08db80b7c51	1047	1	28359.7	15.2696	28359.8	15.0984	4745	30.0783	unclassified	chr5	16852575	16857311	0	4738	+	4740	4734	4733	4	2	1	60	0.998525	0.999789	0.998523	0
PBE64913_skip_063df7c3_28887eb2_40.pod5	e809f6a1-2b40-4cd4-a3d1-390cb1374fbb	28887eb2dd71b2d61668f65dd373b08db80b7c51	2030	1	28356.5	18.5556	28356.5	18.5536	8016	27.8941	unclassified	chr6	148734949	148739775	36	8011	+	7983	4818	4814	3157	8	4	60	0.994885	0.99917	0.603031	0
PBE64913_skip_063df7c3_28887eb2_40.pod5	965ebf93-56a7-40fc-ba8e-b6e6f6a1489d	28887eb2dd71b2d61668f65dd373b08db80b7c51	1477	1	28320.8	53.186	28320.9	53.0436	21397	26.2832	unclassified	chr6	107950942	107972345	10	21397	-	21427	21363	21309	24	40	54	60	0.999533	0.997472	0.994493	0
PBE64913_skip_063df7c3_28887eb2_40.pod5	918f4b71-2a8c-463b-b588-34bbe81c95f6	28887eb2dd71b2d61668f65dd373b08db80b7c51	534	4	28367.5	7.9248	28367.5	7.9228	1702	2.83857	unclassified	*	-1	-1	-1	-1	*	0	0	0	0	0	0	0	0	0	0	0
PBE64913_skip_063df7c3_28887eb2_40.pod5	f45bf561-5dc8-4a2e-ab4c-075a748d3971	28887eb2dd71b2d61668f65dd373b08db80b7c51	318	1	28339.5	35.6	28339.6	35.5128	15188	25.4564	unclassified	chr3	185275259	185290443	5	15188	-	15215	15152	15124	31	32	28	60	0.999671	0.998152	0.994019	0
PBE64913_skip_063df7c3_28887eb2_40.pod5	6f55506f-86b8-4f9a-9e2f-8aa1f7b17fa8	28887eb2dd71b2d61668f65dd373b08db80b7c51	2098	1	28293	80.309	28293	80.307	35276	17.2721	unclassified	chr19	314615	350713	8	35248	-	36380	34958	34522	282	1140	436	60	0.998979	0.987528	0.948928	0
PBE64913_skip_063df7c3_28887eb2_40.pod5	e1acf583-32c8-4aea-9fc4-f0495a76fa03	28887eb2dd71b2d61668f65dd373b08db80b7c51	563	1	28356.4	9.23	28356.4	9.1476	3694	28.2615	unclassified	chr10	26485004	26488696	0	3694	+	3695	3691	3685	3	1	6	60	1	0.998374	0.997294	0
PBE64913_skip_063df7c3_28887eb2_40.pod5	98ee9b51-44fb-4017-965a-b1c7252bffcd	28887eb2dd71b2d61668f65dd373b08db80b7c51	1941	3	28340.1	34.8422	28340.1	34.8402	14073	26.8929	unclassified	chr20	57771732	57785798	5	14045	-	14075	14031	13991	9	35	40	60	0.997655	0.997149	0.994032	0
PBE64913_skip_063df7c3_28887eb2_40.pod5	638b7566-8208-4d52-9fac-aa4118c5d5a2	28887eb2dd71b2d61668f65dd373b08db80b7c51	1778	4	28308.8	65.1164	28308.9	64.998	27200	27.607	unclassified	chr5	15196481	15223706	9	27200	-	27237	27179	27157	12	46	22	60	0.999669	0.999191	0.997063	0
PBE64913_skip_063df7c3_28887eb2_40.pod5	25478708-6418-48b5-9ad8-92226ebd6d9b	28887eb2dd71b2d61668f65dd373b08db80b7c51	2021	2	28367.3	8.0828	28367.5	7.8204	3334	27.2164	unclassified	chr8	111500057	111503378	7	3334	-	3327	3321	3312	6	0	9	60	0.9979	0.99729	0.995491	0
PBE64913_skip_063df7c3_28887eb2_40.pod5	76148633-83da-45e4-b4bf-65a41df10b59	28887eb2dd71b2d61668f65dd373b08db80b7c51	2167	2	28366.4	8.9382	28366.4	8.9362	1639	2.51221	unclassified	*	-1	-1	-1	-1	*	0	0	0	0	0	0	0	0	0	0	0
PBE64913_skip_063df7c3_28887eb2_40.pod5	a621fb7e-5b79-44e8-a77e-b52d4be0c65e	28887eb2dd71b2d61668f65dd373b08db80b7c51	1171	3	28358.3	17.0768	28358.4	16.9536	6675	24.6992	unclassified	chr11	30488602	30495287	0	6666	+	6694	6657	6646	9	28	11	60	0.998652	0.998348	0.992829	0
PBE64913_skip_063df7c3_28887eb2_40.pod5	169e8b9e-53e9-46ae-834b-05c7fc5a161a	28887eb2dd71b2d61668f65dd373b08db80b7c51	1566	2	28350.4	24.7736	28350.6	24.6192	9797	23.7062	unclassified	chr19	53250356	53260141	0	9793	+	9806	9772	9755	21	13	17	60	0.999592	0.99826	0.994799	0
PBE64913_skip_063df7c3_28887eb2_40.pod5	e936b614-586f-4c0f-9edc-05b5a04de229	28887eb2dd71b2d61668f65dd373b08db80b7c51	562	1	28332.3	42.854	28332.4	42.7068	17236	28.5892	unclassified	chr3	159364271	159381522	5	17236	-	17281	17201	17176	30	50	25	60	0.99971	0.998547	0.993924	0
PBE64913_skip_063df7c3_28887eb2_40.pod5	9e04ba2e-9fb3-44f4-ac6d-7c777dfd7c5e	28887eb2dd71b2d61668f65dd373b08db80b7c51	1307	4	28371.5	4.0846	28371.5	4.0826	1547	13.6664	unclassified	chr17	82963833	82965427	33	1538	+	1601	1498	1472	7	96	26	60	0.972851	0.982644	0.919425	0
PBE64913_skip_063df7c3_28887eb2_40.pod5	0f5a1f21-a83b-427a-bd0d-9bbfbade8778	28887eb2dd71b2d61668f65dd373b08db80b7c51	989	4	28298.9	39.6648	28298.9	39.6648	18451	21.0958	unclassified	chr3	95305925	95324347	9	18418	-	18484	18347	18232	62	75	115	60	0.997724	0.993732	0.986367	0
PBE64913_skip_063df7c3_28887eb2_40.pod5	72b03936-e39e-444f-bd18-c9811f1e258c	28887eb2dd71b2d61668f65dd373b08db80b7c51	1918	3	28368.2	7.5068	28368.4	7.3572	2678	26.4718	unclassified	chr12	27910834	27913502	5	2678	-	2675	2666	2660	7	2	6	60	0.998133	0.997749	0.994393	0
PBE64913_skip_063df7c3_28887eb2_40.pod5	565173f3-509f-47d6-bc9c-d81ac9720763	28887eb2dd71b2d61668f65dd373b08db80b7c51	2346	4	28331.9	42.7352	28332	42.5952	17162	32.2983	unclassified	chr11	46848260	46865400	6	17162	-	17175	17121	17106	35	19	15	60	0.99965	0.999124	0.995983	0
PBE64913_skip_063df7c3_28887eb2_40.pod5	744157eb-2f15-43a9-9f91-63fcb2a3c37a	28887eb2dd71b2d61668f65dd373b08db80b7c51	2060	4	28335.1	39.4832	28335.2	39.3408	16924	28.1452	unclassified	chr5	141189100	141205996	5	16924	-	16940	16875	16818	44	21	57	60	0.999705	0.996622	0.992798	0
PBE64913_skip_063df7c3_28887eb2_40.pod5	b0044c2b-6f53-4a66-ba00-480693cf3cad	28887eb2dd71b2d61668f65dd373b08db80b7c51	827	4	28343.8	31.5056	28344	31.3224	14929	23.8813	unclassified	chr11	130671410	130686347	6	14929	-	14959	14901	14870	22	36	31	60	0.999598	0.99792	0.99405	0
PBE64913_skip_063df7c3_28887eb2_40.pod5	1664ba91-70c8-44a6-9479-c9d9a5e7e8ab	28887eb2dd71b2d61668f65dd373b08db80b7c51	1883	4	28360.3	15.0404	28360.4	14.9508	6842	25.2632	unclassified	chr17	75518195	75525040	0	6826	+	6850	6821	6812	5	24	9	60	0.997662	0.998681	0.994453	0
PBE64913_skip_063df7c3_28887eb2_40.pod5	a004f62e-9b8f-4647-a171-3a7c2927c33f	28887eb2dd71b2d61668f65dd373b08db80b7c51	1814	3	28351.6	13.8332	28351.7	13.7712	7007	24.615	unclassified	chr5	151640034	151647051	0	6999	+	7028	6988	6975	11	29	13	60	0.998858	0.99814	0.992459	0
PBE64913_skip_063df7c3_28887eb2_40.pod5	e296cc76-cfc3-4a40-ba3c-f2a2f53cae32	28887eb2dd71b2d61668f65dd373b08db80b7c51	2394	4	28335.8	39.6128	28335.9	39.534	16708	30.6573	unclassified	chr8	14765392	14782096	0	16704	+	16717	16691	16643	13	13	48	60	0.999761	0.997124	0.995573	0
PBE64913_skip_063df7c3_28887eb2_40.pod5	96dccd6a-bf46-494f-9a73-a101df983818	28887eb2dd71b2d61668f65dd373b08db80b7c51	706	3	28371	4.6508	28371.2	4.5348	1647	28.8859	unclassified	chr9	80802145	80803792	5	1647	-	1648	1641	1639	1	6	2	60	0.996964	0.998781	0.994539	0
PBE64913_skip_063df7c3_28887eb2_40.pod5	fe7fac40-119b-473b-80d1-a60951f71da1	28887eb2dd71b2d61668f65dd373b08db80b7c51	917	1	28370.5	5.3252	28370.6	5.2308	1485	29.5905	unclassified	chr15	77233956	77235442	0	1485	-	1486	1485	1485	0	1	0	60	1	1	0.999327	0
PBE64913_skip_063df7c3_28887eb2_40.pod5	0734407c-cc46-4e1f-9f85-0c720664d135	28887eb2dd71b2d61668f65dd373b08db80b7c51	1546	3	28335	39.5408	28335.2	39.39	17702	25.56	unclassified	chr5	629002	647769	0	17695	+	18961	17501	17376	194	1266	125	60	0.999605	0.992858	0.916407	0
PBE64913_skip_063df7c3_28887eb2_40.pod5	2613298a-dcc6-4f18-b9da-08fe1ac2e697	28887eb2dd71b2d61668f65dd373b08db80b7c51	1718	1	28365.6	9.8252	28365.7	9.7044	4000	31.1595	unclassified	chr2	78060481	78064474	9	4000	-	3997	3987	3983	4	6	4	60	0.99775	0.998997	0.996497	0
PBE64913_skip_063df7c3_28887eb2_40.pod5	d70dea7a-44fd-41fc-87e8-7e2f3c874f6c	28887eb2dd71b2d61668f65dd373b08db80b7c51	2911	2	28361.2	14.534	28361.2	14.532	6245	26.6392	unclassified	chr5	78852849	78859052	7	6211	-	6207	6200	6195	4	3	5	60	0.993435	0.999194	0.998067	0
PBE64913_skip_063df7c3_28887eb2_40.pod5	5e02231e-3e8d-4731-893c-236e534cd877	28887eb2dd71b2d61668f65dd373b08db80b7c51	989	4	28338.6	36.4008	28338.7	36.282	18371	17.4182	unclassified	chr3	95305925	95324349	0	18360	+	18546	18238	17971	122	186	267	60	0.999401	0.98536	0.968996	0
PBE64913_skip_063df7c3_28887eb2_40.pod5	fe1b27dc-8a1a-4b46-b6eb-d85e6c0e6dae	28887eb2dd71b2d61668f65dd373b08db80b7c51	1145	3	28368.8	6.9992	28368.9	6.8928	3065	37.8887	unclassified	chr2	119664232	119667291	0	3057	+	3060	3056	3052	1	3	4	60	0.99739	0.998691	0.997386	0
PBE64913_skip_063df7c3_28887eb2_40.pod5	396f35ea-9f46-4af0-86bd-5fe518ac0355	28887eb2dd71b2d61668f65dd373b08db80b7c51	2131	3	28325.3	49.4264	28325.5	49.2912	20831	28.9596	unclassified	chr7	138701568	138722292	7	20831	-	20862	20686	20672	138	38	14	60	0.999664	0.999323	0.990893	0
PBE64913_skip_063df7c3_28887eb2_40.pod5	33f2cb1f-b2d1-4a59-ac1e-3b7e6ca6b6fc	28887eb2dd71b2d61668f65dd373b08db80b7c51	1306	1	28363.4	12.1124	28363.5	12.054	5604	24.3399	unclassified	chr10	38926998	38932559	7	5604	-	5657	5501	5286	96	60	215	25	0.998751	0.960916	0.934418	0
PBE64913_skip_063df7c3_28887eb2_40.pod5	af081c14-0a8d-4d36-89b1-802a6c630bb5	28887eb2dd71b2d61668f65dd373b08db80b7c51	883	2	28366.9	9.1232	28367	9.0192	4356	27.0435	unclassified	chr11	60593951	60598311	0	4356	+	4366	4350	4341	6	10	9	60	1	0.997931	0.994274	0
PBE64913_skip_063df7c3_28887eb2_40.pod5	afe052ca-ece0-447c-9204-bd8d7d4e57eb	28887eb2dd71b2d61668f65dd373b08db80b7c51	2327	4	28372.6	3.2084	28372.7	3.0948	1322	37.0666	unclassified	chr8	66072548	66073864	7	1322	-	1316	1315	1315	0	1	0	60	0.994705	1	0.99924	0
PBE64913_skip_063df7c3_28887eb2_40.pod5	9441c30d-f88b-4dcc-88fa-e24cef7c7dab	28887eb2dd71b2d61668f65dd373b08db80b7c51	1357	1	28323.7	51.0464	28323.8	50.9376	20350	24.9439	unclassified	chr16	50846922	50867273	0	20337	+	20381	20307	20261	30	44	46	60	0.999361	0.997735	0.994112	0
PBE64913_skip_063df7c3_28887eb2_40.pod5	55e7c4d4-468e-47ac-af83-32b4ed965a81	28887eb2dd71b2d61668f65dd373b08db80b7c51	2190	2	28313.4	61.8198	28313.4	61.8178	25218	29.1826	unclassified	chr7	149235116	149260321	6	25202	-	25233	25168	25150	28	37	18	60	0.999128	0.999285	0.996711	0
PBE64913_skip_063df7c3_28887eb2_40.pod5	c3586042-933d-454a-981e-2e8775c16016	28887eb2dd71b2d61668f65dd373b08db80b7c51	327	2	28373.2	3.122	28373.2	3.12	1366	29.9508	unclassified	chr12	50237257	50238589	7	1335	-	1332	1328	1327	0	4	1	60	0.972182	0.999247	0.996246	0
PBE64913_skip_063df7c3_28887eb2_40.pod5	b977bd2f-62f9-4482-abba-b331df2d7dcf	28887eb2dd71b2d61668f65dd373b08db80b7c51	1543	2	28366.2	9.5648	28366.3	9.4824	3753	23.3144	unclassified	chr2	239324274	239328017	0	3746	+	3752	3737	3721	9	6	16	60	0.998135	0.995718	0.991738	0
PBE64913_skip_063df7c3_28887eb2_40.pod5	a2788a86-f777-483c-a560-2c8f3bafd7f3	28887eb2dd71b2d61668f65dd373b08db80b7c51	2621	1	28357.6	18.2376	28357.6	18.2356	7338	13.5167	unclassified	chr12	5963889	5971259	36	7332	+	7464	7202	7046	94	168	156	60	0.994276	0.978339	0.943998	0
PBE64913_skip_063df7c3_28887eb2_40.pod5	cbd35e76-1eb8-461a-993e-2ccd6a752526	28887eb2dd71b2d61668f65dd373b08db80b7c51	1268	4	28314.3	61.1048	28314.4	60.9888	25070	25.8655	unclassified	chr11	119894938	119919997	5	25063	+	25098	25019	24962	39	40	57	60	0.999521	0.997722	0.994581	0
PBE64913_skip_063df7c3_28887eb2_40.pod5	62b8ec35-1ec1-478a-b1f3-fa6c27db3ed2	28887eb2dd71b2d61668f65dd373b08db80b7c51	669	2	28320.9	54.6632	28321.1	54.5064	28971	24.147	unclassified	chr2	217239863	217268842	0	28966	+	29042	28903	28819	63	76	84	60	0.999827	0.997094	0.992321	0
PBE64913_skip_063df7c3_28887eb2_40.pod5	026c10a5-8e5d-436d-b371-bcc0a867c2a8	28887eb2dd71b2d61668f65dd373b08db80b7c51	2282	3	28316	59.248	28316	59.246	23606	26.8674	unclassified	chr8	136440474	136464062	36	23601	+	23612	23541	23508	24	47	33	60	0.998263	0.998598	0.995595	0
PBE64913_skip_063df7c3_28887eb2_40.pod5	138787e6-d9e3-4ff3-a459-1c87d07ee783	28887eb2dd71b2d61668f65dd373b08db80b7c51	1217	4	28360.5	15.3128	28360.6	15.2136	6078	32.5071	unclassified	chr13	105590599	105596664	0	6071	+	6073	6063	6052	8	2	11	60	0.998848	0.998186	0.996542	0
PBE64913_skip_063df7c3_28887eb2_40.pod5	b770e364-31d8-4d1b-9ecf-9a30c9211bbb	28887eb2dd71b2d61668f65dd373b08db80b7c51	772	2	28371.5	4.5866	28371.5	4.5846	2302	22.3322	unclassified	chr15	93749360	93751631	26	2295	+	2275	2265	2253	4	6	12	60	0.985665	0.994702	0.99033	0
PBE64913_skip_063df7c3_28887eb2_40.pod5	600a3cc1-5b86-4a6c-8e8c-14f995e1db64	28887eb2dd71b2d61668f65dd373b08db80b7c51	1068	3	28370.9	5.3174	28370.9	5.3154	2265	14.1071	unclassified	chr2	85991506	85993736	33	2259	+	2266	2190	2133	36	40	57	60	0.982781	0.973973	0.941306	0
PBE64913_skip_063df7c3_28887eb2_40.pod5	85711ef1-65f8-45d4-b476-dae3ca150a2d	28887eb2dd71b2d61668f65dd373b08db80b7c51	342	4	28365	11.3084	28365.2	11.166	4384	32.6273	unclassified	chr1	244591301	244595685	0	4378	+	4385	4377	4377	1	7	0	60	0.998631	1	0.998176	0
PBE64913_skip_063df7c3_28887eb2_40.pod5	ee53d724-b01a-445e-bbaf-75161a94bbcd	28887eb2dd71b2d61668f65dd373b08db80b7c51	2578	3	28315.3	60.0344	28315.5	59.88	23982	30.2677	unclassified	chr3	6306702	6330686	0	23976	+	23991	23969	23962	7	15	7	60	0.99975	0.999708	0.998791	0
PBE64913_skip_063df7c3_28887eb2_40.pod5	cc20701a-5cb3-40dd-a5e7-1f0c0b122e96	28887eb2dd71b2d61668f65dd373b08db80b7c51	1944	1	28340.5	35.1056	28340.6	35.0256	13867	28.9907	unclassified	chrX	36232980	36246838	8	13867	-	13867	13850	13843	9	8	7	60	0.999423	0.999495	0.998269	0
PBE64913_skip_063df7c3_28887eb2_40.pod5	fa15d3af-09c3-4147-80dc-8e35ba024268	28887eb2dd71b2d61668f65dd373b08db80b7c51	1443	3	28358.5	17.5916	28358.6	17.4588	7206	26.8504	unclassified	chr5	83417452	83424657	5	7206	-	7214	7192	7182	9	13	10	60	0.999306	0.99861	0.995564	0
PBE64913_skip_063df7c3_28887eb2_40.pod5	693b5c77-9ca4-45b3-99a2-046e091f1283	28887eb2dd71b2d61668f65dd373b08db80b7c51	617	3	28317.7	58.1528	28317.8	58.0416	21859	26.7345	unclassified	chr8	46569585	46591399	5	21859	-	21874	21794	21744	60	20	50	60	0.999771	0.997706	0.994057	0
PBE64913_skip_063df7c3_28887eb2_40.pod5	fc919753-8912-491e-93ad-4d30a38a6aa1	28887eb2dd71b2d61668f65dd373b08db80b7c51	656	3	28350.9	25.4504	28351	25.356	11180	23.3046	unclassified	chr17	12125740	12136932	0	11180	-	11215	11157	11125	23	35	32	60	1	0.997132	0.991975	0
PBE64913_skip_063df7c3_28887eb2_40.pod5	205ad7c5-6bee-49fb-8ae3-c454970150bb	28887eb2dd71b2d61668f65dd373b08db80b7c51	207	4	28361.4	14.8364	28361.6	14.706	6146	27.7591	unclassified	chrX	91298785	91304913	0	6139	+	6147	6120	6115	19	8	5	60	0.998861	0.999183	0.994794	0
PBE64913_skip_063df7c3_28887eb2_40.pod5	a12bff45-4f28-4e79-bc60-1dcac0f8655d	28887eb2dd71b2d61668f65dd373b08db80b7c51	2854	1	28351.5	23.9288	28351.6	23.8368	9940	29.4283	unclassified	chr7	50898878	50904190	4620	9929	+	5320	5301	5065	8	11	236	1	0.534105	0.95548	0.952068	0
PBE64913_skip_063df7c3_28887eb2_40.pod5	9ca4577a-a314-4e27-a5d3-c82f573487d3	28887eb2dd71b2d61668f65dd373b08db80b7c51	1949	4	28336.3	39.6956	28336.5	39.5436	16463	26.2968	unclassified	chr7	50406068	50422551	0	16456	+	16496	16443	16421	13	40	22	60	0.999575	0.998662	0.995453	0
PBE64913_skip_063df7c3_28887eb2_40.pod5	a3ecc3ed-953c-4003-86d5-412461a23873	28887eb2dd71b2d61668f65dd373b08db80b7c51	326	4	28368.9	7.5056	28369.1	7.3848	3475	26.5627	unclassified	chr5	136103049	136106519	0	3467	+	3471	3466	3456	1	4	10	60	0.997698	0.997115	0.995678	0
PBE64913_skip_063df7c3_28887eb2_40.pod5	221c3db5-a508-4d85-a65f-83cbcf46f741	28887eb2dd71b2d61668f65dd373b08db80b7c51	2683	3	28371.6	4.5236	28371.7	4.4556	2069	29.8734	unclassified	chrX	77441821	77443881	10	2069	-	2061	2058	2056	1	2	2	60	0.995167	0.999028	0.997574	0
PBE64913_skip_063df7c3_28887eb2_40.pod5	0f625dcc-8f53-4c78-9175-df2b59fc30c8	28887eb2dd71b2d61668f65dd373b08db80b7c51	408	3	28370.8	5.648	28371	5.4912	2210	29.6158	unclassified	chr12	116573580	116575780	0	2203	+	2205	2198	2194	5	2	4	60	0.996833	0.99818	0.995011	0
PBE64913_skip_063df7c3_28887eb2_40.pod5	b3b1b099-5875-4af1-a7b9-ee7e83ccaffd	28887eb2dd71b2d61668f65dd373b08db80b7c51	2165	3	28370.5	5.8196	28370.6	5.7324	2829	25.8773	unclassified	chr2	218038705	218041524	0	2819	+	2822	2816	2813	3	3	3	60	0.996465	0.998935	0.996811	0
PBE64913_skip_063df7c3_28887eb2_40.pod5	48cde58c-a157-40cf-bc65-305c60e816c9	28887eb2dd71b2d61668f65dd373b08db80b7c51	1414	4	28345.5	30.5876	28345.5	30.5856	12858	27.9231	unclassified	chr2	191814710	191827541	6	12827	-	12846	12806	12780	15	25	26	60	0.997122	0.99797	0.994862	0
PBE64913_skip_063df7c3_28887eb2_40.pod5	69f76a96-0bf0-4ea5-a44d-0efb0b66d36c	28887eb2dd71b2d61668f65dd373b08db80b7c51	1304	2	28369.5	6.944	28369.6	6.804	2915	25.9064	unclassified	chr11	118115025	118117943	8	2915	-	2921	2904	2887	3	14	17	60	0.997256	0.994146	0.98836	0
PBE64913_skip_063df7c3_28887eb2_40.pod5	1b4345e5-0a18-484d-8446-e872c5eeeda5	28887eb2dd71b2d61668f65dd373b08db80b7c51	424	4	28363.8	12.6644	28363.9	12.5628	4926	31.149	unclassified	chr3	136571824	136576743	0	4920	+	4922	4917	4915	3	2	2	60	0.998782	0.999593	0.998578	0
PBE64913_skip_063df7c3_28887eb2_40.pod5	427d351a-1892-4aa2-ab0e-d44162b811a7	28887eb2dd71b2d61668f65dd373b08db80b7c51	1114	3	28367.2	9.3964	28367.2	9.3944	4565	15.639	unclassified	chr17	69221835	69226391	5	4522	-	4576	4497	4424	20	59	73	60	0.989485	0.983767	0.966783	0
PBE64913_skip_063df7c3_28887eb2_40.pod5	8a137d54-1584-4519-98ea-a0d2e5154b15	28887eb2dd71b2d61668f65dd373b08db80b7c51	341	3	28365.8	10.6868	28366	10.5612	4106	12.7057	unclassified	chr11	89390360	89394501	0	4097	+	4206	4032	3924	65	109	108	60	0.997808	0.973214	0.932953	0
PBE64913_skip_063df7c3_28887eb2_40.pod5	8d52515d-3072-40c7-8c73-40dfab7f52a5	28887eb2dd71b2d61668f65dd373b08db80b7c51	2583	1	28368.5	7.8596	28368.6	7.7628	3150	30.0868	unclassified	chr3	73563463	73566643	0	3142	+	3183	3139	3134	3	41	5	60	0.99746	0.998407	0.984606	0
PBE64913_skip_063df7c3_28887eb2_40.pod5	b3d9b124-b024-4d49-a4c7-88b9d9be7735	28887eb2dd71b2d61668f65dd373b08db80b7c51	2049	1	28365.6	10.7588	28366	10.422	2887	33.0782	unclassified	chr13	21442079	21444961	6	2887	-	2883	2880	2879	1	2	1	60	0.997922	0.999653	0.998613	0
PBE64913_skip_063df7c3_28887eb2_40.pod5	640c4852-4434-4fb4-8821-d05dcbf2fd88	28887eb2dd71b2d61668f65dd373b08db80b7c51	2565	3	28336.7	39.7484	28336.8	39.6216	16440	25.4259	unclassified	chr8	109277818	109294273	0	16433	+	16472	16416	16395	17	39	21	60	0.999574	0.998721	0.995325	0
PBE64913_skip_063df7c3_28887eb2_40.pod5	c9f2e9c0-19b8-408d-ba6a-44f6cd10fa68	28887eb2dd71b2d61668f65dd373b08db80b7c51	1619	1	28328.4	47.8892	28328.6	47.6652	19443	29.3738	unclassified	chr5	146456852	146476290	7	19443	-	19475	19399	19359	37	39	40	60	0.99964	0.997938	0.994044	0
PBE64913_skip_063df7c3_28887eb2_40.pod5	1042157e-1427-47bb-9384-fc1da115cb7e	28887eb2dd71b2d61668f65dd373b08db80b7c51	1129	4	28360	16.9368	28360	16.9348	6612	31.3434	unclassified	chr7	10001478	10008051	37	6606	+	6577	6565	6563	4	8	2	60	0.993497	0.999695	0.997871	0
PBE64913_skip_063df7c3_28887eb2_40.pod5	9e393430-aea1-41bd-a3e0-ac5a0f1a976f	28887eb2dd71b2d61668f65dd373b08db80b7c51	1641	1	28353	23.2352	28353.2	23.1048	10052	29.2933	unclassified	chr2	210621998	210632039	6	10052	-	10058	10029	10025	17	12	4	60	0.999403	0.999601	0.996719	0
PBE64913_skip_063df7c3_28887eb2_40.pod5	cbfd108d-d7b9-4c54-917c-d6a5fe7914ef	28887eb2dd71b2d61668f65dd373b08db80b7c51	1143	1	28350.1	26.6678	28350.1	26.6658	10701	26.1496	unclassified	chr21	36633189	36643845	7	10670	-	10671	10648	10594	15	8	54	60	0.996449	0.994929	0.992784	0
PBE64913_skip_063df7c3_28887eb2_40.pod5	ed8b55c5-8b84-49d3-8ff2-b29cd505434a	28887eb2dd71b2d61668f65dd373b08db80b7c51	66	3	28367.2	9.6574	28367.2	9.6554	3401	22.6388	unclassified	chr8	135513881	135517227	5	3360	-	3363	3338	3327	17	8	11	60	0.986475	0.996705	0.989295	0
PBE64913_skip_063df7c3_28887eb2_40.pod5	083b517a-ed26-42ed-8d08-392f8f755f70	28887eb2dd71b2d61668f65dd373b08db80b7c51	2535	1	28363.4	13.0892	28363.5	13.0116	6191	20.4534	unclassified	chr1	30163201	30169403	4	6182	+	6214	6166	6143	12	36	23	60	0.9979	0.99627	0.988574	0
PBE64913_skip_063df7c3_28887eb2_40.pod5	0080e240-4d7e-4965-854a-27b661748bc8	28887eb2dd71b2d61668f65dd373b08db80b7c51	2099	2	28339.9	36.4544	28340.1	36.2232	15283	25.6092	unclassified	chr13	106936994	106952289	0	15276	+	15311	15260	15239	16	35	21	60	0.999542	0.998624	0.995297	0
PBE64913_skip_063df7c3_28887eb2_40.pod5	c0bea36c-913b-4e47-ac38-8caf6f7e6b0a	28887eb2dd71b2d61668f65dd373b08db80b7c51	1967	1	28347.2	29.279	28347.2	29.277	11157	27.6568	unclassified	chr2	7615523	7626634	36	11151	+	11126	11100	11092	15	11	8	60	0.996236	0.999279	0.996944	0
PBE64913_skip_063df7c3_28887eb2_40.pod5	d2da3478-30ce-4120-8e98-ae614e10d2ed	28887eb2dd71b2d61668f65dd373b08db80b7c51	866	2	28319.4	56.654	28319.5	56.5164	24222	27.339	unclassified	chr10	84931370	84955597	0	24214	+	24241	24200	24174	14	27	26	60	0.99967	0.998926	0.997236	0
PBE64913_skip_063df7c3_28887eb2_40.pod5	71fa0d42-4f3d-4717-b159-702240fc68cf	28887eb2dd71b2d61668f65dd373b08db80b7c51	1789	4	28330.8	45.428	28330.9	45.336	21679	25.215	unclassified	chr15	24724920	24746637	0	21672	+	21740	21649	21582	23	68	67	60	0.999677	0.996905	0.992732	0
PBE64913_skip_063df7c3_28887eb2_40.pod5	1d52fc92-6f7d-40ea-b017-a099daca1551	28887eb2dd71b2d61668f65dd373b08db80b7c51	1221	4	28348	28.6868	28348.1	28.5732	10821	23.9107	unclassified	chr8	103157037	103167849	0	10816	+	10836	10792	10769	24	20	23	60	0.999538	0.997869	0.993817	0
PBE64913_skip_063df7c3_28887eb2_40.pod5	ee5539f2-9492-4d68-948d-d440bc98c931	28887eb2dd71b2d61668f65dd373b08db80b7c51	2184	4	28364.3	12.4268	28364.5	12.2448	3779	32.1057	unclassified	chr6	144374947	144378725	2	3779	-	3779	3776	3775	1	2	1	60	0.999471	0.999735	0.998942	0
PBE64913_skip_063df7c3_28887eb2_40.pod5	0e23f414-0fbc-4af4-881f-1c3d75def515	28887eb2dd71b2d61668f65dd373b08db80b7c51	2215	1	28370.5	6.3548	28370.7	6.2148	2506	31.7784	unclassified	chr16	87526365	87528864	7	2506	-	2500	2498	2493	1	1	5	60	0.997207	0.997998	0.9972	0
PBE64913_skip_063df7c3_28887eb2_40.pod5	413dd015-06fa-46aa-9517-982ceacf51ae	28887eb2dd71b2d61668f65dd373b08db80b7c51	28	4	28365	12.2084	28365.1	12.0924	4683	26.9296	unclassified	chr4	61608363	61613041	0	4678	+	4686	4670	4662	8	8	8	60	0.998932	0.998287	0.994878	0
PBE64913_skip_063df7c3_28887eb2_40.pod5	51ea9dcd-5ccc-4bd0-9298-c0dc164d4703	28887eb2dd71b2d61668f65dd373b08db80b7c51	631	1	28342.9	33.7808	28343	33.6528	13704	26.925	unclassified	chr3	196063432	196077134	0	13704	+	13745	13661	13622	43	41	39	60	1	0.997145	0.991051	0
PBE64913_skip_063df7c3_28887eb2_40.pod5	f9fd6c55-9286-4c7a-8337-d79808da4888	28887eb2dd71b2d61668f65dd373b08db80b7c51	1142	1	28349.7	27.0648	28349.7	27.0628	13024	24.6845	unclassified	chr7	80658754	80671762	1	12993	-	13030	12970	12941	22	38	29	60	0.997543	0.997764	0.99317	0
PBE64913_skip_063df7c3_28887eb2_40.pod5	416d46f8-5230-4e0d-ac62-78883c1a621f	28887eb2dd71b2d61668f65dd373b08db80b7c51	2028	1	28348.3	28.4684	28348.4	28.338	11968	30.5072	unclassified	chr15	64617739	64629723	0	11963	+	11997	11950	11940	13	34	10	60	0.999582	0.999163	0.995249	0
PBE64913_skip_063df7c3_28887eb2_40.pod5	606cdfcf-09c7-4b92-a23b-64c6af84176a	28887eb2dd71b2d61668f65dd373b08db80b7c51	1331	2	28330.1	46.4228	28330.1	46.3404	19680	27.8938	unclassified	chr14	29259617	29279308	6	19680	-	19707	19658	19609	16	33	49	60	0.999695	0.997507	0.995027	0
PBE64913_skip_063df7c3_28887eb2_40.pod5	fe4b611b-aaa5-4a0a-87dd-56667d7187f9	28887eb2dd71b2d61668f65dd373b08db80b7c51	373	1	28340.1	36.7256	28340.3	36.5808	13693	33.5562	unclassified	chr6	55870634	55884323	6	13693	-	13691	13685	13677	2	4	8	60	0.999562	0.999415	0.998977	0
PBE64913_skip_063df7c3_28887eb2_40.pod5	6c7218a9-26fb-4646-b6cf-48de7052d757	28887eb2dd71b2d61668f65dd373b08db80b7c51	1644	1	28358.2	18.6788	28358.3	18.5748	11284	20.718	unclassified	chrX	153318517	153329784	0	11274	+	11304	11237	11164	37	30	73	60	0.999114	0.993504	0.987615	0
PBE64913_skip_063df7c3_28887eb2_40.pod5	efe81c7d-e7be-4558-b097-321df82de359	28887eb2dd71b2d61668f65dd373b08db80b7c51	2074	3	28373.7	3.2808	28373.7	3.2788	1520	31.1409	unclassified	chr16	47205793	47207274	35	1513	+	1481	1478	1478	0	3	0	60	0.972368	1	0.997974	0
PBE64913_skip_063df7c3_28887eb2_40.pod5	7d2cce75-67aa-47cd-afda-1352c7304ee6	28887eb2dd71b2d61668f65dd373b08db80b7c51	1781	4	28362	15.0728	28362.1	14.9808	8181	21.5358	unclassified	chr7	117429462	117437654	0	8175	+	8211	8156	8126	19	36	30	60	0.999267	0.996322	0.989648	0
PBE64913_skip_063df7c3_28887eb2_40.pod5	9d022c6e-b119-46b2-befe-be4b025e31ef	28887eb2dd71b2d61668f65dd373b08db80b7c51	588	2	28312.2	64.3148	28312.3	64.2168	27805	29.2632	unclassified	chr13	102009501	102037298	6	27805	-	27814	27782	27764	17	15	18	60	0.999784	0.999352	0.998202	0
PBE64913_skip_063df7c3_28887eb2_40.pod5	6b599cc2-7fa6-4452-bc8b-5046e68ee4ff	28887eb2dd71b2d61668f65dd373b08db80b7c51	368	1	28351.8	25.1492	28351.9	25.0764	13863	20.196	unclassified	chr13	69462039	69475933	9	13863	-	13931	13817	13754	37	77	63	60	0.999351	0.99544	0.987294	0
PBE64913_skip_063df7c3_28887eb2_40.pod5	69a33848-3c10-4fc4-bf53-07f791ad8a2e	28887eb2dd71b2d61668f65dd373b08db80b7c51	1807	1	28339.6	37.0868	28339.7	36.9852	17138	24.666	unclassified	chr10	43344459	43361557	0	17131	+	17159	17070	17024	61	28	46	60	0.999592	0.997305	0.992132	0
PBE64913_skip_063df7c3_28887eb2_40.pod5	1dcd66a4-769a-407a-b9da-e3485eed7164	28887eb2dd71b2d61668f65dd373b08db80b7c51	1798	1	28348.4	28.2512	28348.5	28.1556	13055	35.4964	unclassified	chr9	43479582	43487356	5620	13055	-	7782	7427	7227	8	347	200	1	0.569514	0.973071	0.928682	0
PBE64913_skip_063df7c3_28887eb2_40.pod5	b1139612-8c38-4b9b-9e6a-4eed00b08da8	28887eb2dd71b2d61668f65dd373b08db80b7c51	1779	4	28340.2	36.5084	28340.3	36.3804	15232	29.2897	unclassified	chr6	130681132	130696355	0	15225	+	15238	15210	15191	15	13	19	60	0.99954	0.998751	0.996916	0
PBE64913_skip_063df7c3_28887eb2_40.pod5	c64f2d1e-0407-487a-b0cb-623e3f317b93	28887eb2dd71b2d61668f65dd373b08db80b7c51	686	4	28353.4	23.906	28353.4	23.904	9218	14.7083	unclassified	chr5	152742101	152751363	37	9212	+	9329	9108	8953	67	154	155	60	0.995335	0.982982	0.959696	0
PBE64913_skip_063df7c3_28887eb2_40.pod5	8ab49bb1-1ada-4283-9dbb-4a734ca18af3	28887eb2dd71b2d61668f65dd373b08db80b7c51	1287	3	28330.2	46.7828	28330.4	46.5708	13769	35.3535	unclassified	chr1	88222717	88236472	6	13769	-	13766	13752	13739	11	3	13	60	0.999564	0.999055	0.998039	0
PBE64913_skip_063df7c3_28887eb2_40.pod5	637f1c85-30bd-41f8-b6e1-3f16893280fb	28887eb2dd71b2d61668f65dd373b08db80b7c51	906	2	28348.2	28.9496	28348.4	28.8072	11627	26.3016	unclassified	chr2	221917438	221929065	0	11621	+	11635	11613	11587	8	14	26	60	0.999484	0.997761	0.995875	0
PBE64913_skip_063df7c3_28887eb2_40.pod5	80d22a51-dd6d-43ff-8f0b-255c57dabf13	28887eb2dd71b2d61668f65dd373b08db80b7c51	2916	1	28355.4	21.6728	28355.5	21.5664	10448	30.9418	unclassified	chr17	5844183	5854624	0	10441	+	10457	10425	10395	16	16	30	60	0.99933	0.997122	0.994071	0
PBE64913_skip_063df7c3_28887eb2_40.pod5	e30fcfec-30cf-4223-bab4-d8c6cf984747	28887eb2dd71b2d61668f65dd373b08db80b7c51	1364	2	28374.4	3.1412	28374.5	3.0444	1161	33.4182	unclassified	chrX	95417171	95418324	0	1161	-	1161	1153	1153	8	0	0	60	1	1	0.993109	0
PBE64913_skip_063df7c3_28887eb2_40.pod5	e3b0fc71-bd12-4c82-8a25-f5d53a2cdff9	28887eb2dd71b2d61668f65dd373b08db80b7c51	933	1	28371.2	6.1184	28371.3	5.9916	3149	28.1254	unclassified	chr14	49523226	49526368	7	3149	-	3146	3138	3135	4	4	3	60	0.997777	0.999044	0.996503	0
PBE64913_skip_063df7c3_28887eb2_40.pod5	d5db001d-1661-4542-b2ba-ae23fe690836	28887eb2dd71b2d61668f65dd373b08db80b7c51	1170	3	28371.3	5.9888	28371.4	5.8872	2280	39.0426	unclassified	chr13	16931766	16934038	0	2272	+	2272	2272	2237	0	0	35	1	0.996491	0.984595	0.984595	0
PBE64913_skip_063df7c3_28887eb2_40.pod5	8b9697f1-2a06-4eee-83ba-475aa1e6d8b0	28887eb2dd71b2d61668f65dd373b08db80b7c51	587	4	28357.8	19.5826	28357.8	19.5806	5143	4.13998	unclassified	*	-1	-1	-1	-1	*	0	0	0	0	0	0	0	0	0	0	0
PBE64913_skip_063df7c3_28887eb2_40.pod5	c7bcd15d-42b6-4214-9dfa-d19225778355	28887eb2dd71b2d61668f65dd373b08db80b7c51	1823	3	28333.9	43.0772	28334.1	42.9276	19102	27.6331	unclassified	chr11	58243810	58262913	0	19095	+	19119	19079	19050	16	24	29	60	0.999634	0.99848	0.996391	0
PBE64913_skip_063df7c3_28887eb2_40.pod5	ed8b1016-8555-42f0-be0b-b9a5a8923bbe	28887eb2dd71b2d61668f65dd373b08db80b7c51	1937	2	28338.6	38.4782	28338.6	38.4762	15672	10.4506	unclassified	chr6	156488520	156504400	45	15654	+	16293	15196	14438	413	684	758	60	0.99598	0.950118	0.886147	0
PBE64913_skip_063df7c3_28887eb2_40.pod5	9fe84eb8-3d7e-4213-bec9-cc0c71d6aacf	28887eb2dd71b2d61668f65dd373b08db80b7c51	317	2	28371.6	6.3224	28371.7	6.2256	3935	23.9239	unclassified	chr5	157129299	157133220	6	3935	-	3936	3914	3907	15	7	7	60	0.998475	0.998212	0.992632	0
PBE64913_skip_063df7c3_28887eb2_40.pod5	09b6cd90-3bc3-48bd-b603-c077e06fdd95	28887eb2dd71b2d61668f65dd373b08db80b7c51	2574	4	28338.8	37.2168	28338.9	37.1172	16921	27.623	unclassified	chr18	8087309	8104254	6	16921	-	16955	16905	16896	10	40	9	60	0.999645	0.999468	0.99652	0
PBE64913_skip_063df7c3_28887eb2_40.pod5	bab3a029-e832-4a0a-93c6-de4d54f7d648	28887eb2dd71b2d61668f65dd373b08db80b7c51	293	2	28362.1	15.68	28362.2	15.5688	6962	24.3799	unclassified	chr17	18507163	18514127	8	6962	-	6971	6947	6936	7	17	11	60	0.998851	0.998417	0.994979	0
PBE64913_skip_063df7c3_28887eb2_40.pod5	8ada139f-0366-4317-a1d3-5daba5172c65	28887eb2dd71b2d61668f65dd373b08db80b7c51	1385	1	28364.1	13.4456	28364.2	13.3512	5806	25.2862	unclassified	chr2	213919369	213925167	5	5806	-	5812	5787	5777	14	11	10	60	0.999139	0.998272	0.993978	0
PBE64913_skip_063df7c3_28887eb2_40.pod5	a0051a59-f0ad-4140-994b-707a064e7d2a	28887eb2dd71b2d61668f65dd373b08db80b7c51	2934	1	28256.4	117.44	28256.4	117.438	46814	21.9714	unclassified	chr18	15479069	15530961	8	46794	-	51970	46708	45660	78	5184	1048	5	0.999402	0.977563	0.878584	0
PBE64913_skip_063df7c3_28887eb2_40.pod5	7273a93a-2a0b-41a7-b89b-55b84ac1fa1c	28887eb2dd71b2d61668f65dd373b08db80b7c51	1649	3	28355.1	22.208	28355.3	22.068	8996	20.4073	unclassified	chr8	36718913	36727920	8	8996	-	9031	8964	8924	24	43	40	60	0.999111	0.995538	0.988152	0
PBE64913_skip_063df7c3_28887eb2_40.pod5	05db076d-0fbd-4385-b1b7-e9313e834614	28887eb2dd71b2d61668f65dd373b08db80b7c51	2442	3	28372.6	5.2844	28372.6	5.2824	1152	2.64649	unclassified	*	-1	-1	-1	-1	*	0	0	0	0	0	0	0	0	0	0	0
PBE64913_skip_063df7c3_28887eb2_40.pod5	898bf3ef-eb12-4616-969a-5096f02fbe91	28887eb2dd71b2d61668f65dd373b08db80b7c51	1028	4	28375	2.864	28375.1	2.76	1174	34.9955	unclassified	chr20	17795301	17796467	9	1174	-	1166	1165	1164	0	1	1	60	0.992334	0.999142	0.998285	0
PBE64913_skip_063df7c3_28887eb2_40.pod5	435cb18c-9078-40e9-baa2-b86035236291	28887eb2dd71b2d61668f65dd373b08db80b7c51	2574	4	28299.4	39.4104	28299.4	39.4104	16978	28.3514	unclassified	chr18	8087308	8104254	32	16967	+	16954	16927	16918	8	19	9	60	0.997467	0.999468	0.997877	0
PBE64913_skip_063df7c3_28887eb2_40.pod5	6d876d21-2e3b-47b8-933b-d860bc6fce76	28887eb2dd71b2d61668f65dd373b08db80b7c51	1360	3	28367.2	10.4434	28367.2	10.4414	4584	21.0636	unclassified	chr8	63015382	63019907	5	4542	-	4553	4509	4487	28	16	22	60	0.989747	0.995121	0.985504	0
PBE64913_skip_063df7c3_28887eb2_40.pod5	12c0c180-2471-418c-9d14-84be41a2cb43	28887eb2dd71b2d61668f65dd373b08db80b7c51	2159	1	28363.5	14.4248	28363.5	14.3424	6144	29.0136	unclassified	chr3	790924	797064	8	6144	-	6145	6131	6123	5	9	8	60	0.998698	0.998695	0.99642	0
PBE64913_skip_063df7c3_28887eb2_40.pod5	2c00b61c-9911-4a55-a31a-815a521c2de7	28887eb2dd71b2d61668f65dd373b08db80b7c51	2687	3	28370.1	3.9488	28370.2	3.8532	1659	31.126	unclassified	chr1	53294755	53296415	0	1659	+	1661	1658	1656	1	2	2	60	1	0.998794	0.99699	0
PBE64913_skip_063df7c3_28887eb2_40.pod5	8e0a17fd-b0b9-4712-813e-156c09da8409	28887eb2dd71b2d61668f65dd373b08db80b7c51	2095	4	28314.1	62.3518	28314.1	62.3498	20804	22.7238	unclassified	chr3	173560714	173581489	8	20772	-	20837	20702	20614	62	73	88	60	0.998077	0.995749	0.989298	0
PBE64913_skip_063df7c3_28887eb2_40.pod5	f64d14aa-78e4-4390-b253-078c1b0ed949	28887eb2dd71b2d61668f65dd373b08db80b7c51	592	2	28313.8	62.342	28313.9	62.2164	29084	26.2819	unclassified	chr3	74529936	74559054	7	29084	-	29152	29043	28980	34	75	63	60	0.999759	0.997831	0.9941	0
PBE64913_skip_063df7c3_28887eb2_40.pod5	9137bb62-6a37-4592-a5fc-6bf1fdd8f785	28887eb2dd71b2d61668f65dd373b08db80b7c51	1148	2	28338.7	37.7576	28338.8	37.68	14342	25.4558	unclassified	chr15	32414312	32428633	4	14342	-	14355	14304	14274	34	17	30	60	0.999721	0.997903	0.994357	0
PBE64913_skip_063df7c3_28887eb2_40.pod5	e254472d-5507-4b10-a19e-fc10ca34eb33	28887eb2dd71b2d61668f65dd373b08db80b7c51	1956	2	28317.1	59.0816	28317.2	58.9596	25844	30.4741	unclassified	chr6	59194144	59219974	7	25844	-	25859	25808	25660	29	22	148	1	0.999729	0.994265	0.992304	0
PBE64913_skip_063df7c3_28887eb2_40.pod5	83d6a3bc-c1df-4bc2-b3d8-f6ded4413862	28887eb2dd71b2d61668f65dd373b08db80b7c51	1561	3	28350	25.8356	28350.2	25.6908	10258	28.2002	unclassified	chr1	46641904	46652145	6	10258	-	10257	10236	10213	16	5	23	60	0.999415	0.997753	0.99571	0
PBE64913_skip_063df7c3_28887eb2_40.pod5	db44f733-3a5a-484d-ba20-39efea003dba	28887eb2dd71b2d61668f65dd373b08db80b7c51	1149	1	28352.4	23.4812	28352.5	23.3676	9199	29.1619	unclassified	chr17	43068815	43077972	0	9192	+	9204	9145	9126	47	12	19	60	0.999239	0.997922	0.991525	0
PBE64913_skip_063df7c3_28887eb2_40.pod5	0bb7ba56-5da2-49f3-861c-0c7d63ba9bfc	28887eb2dd71b2d61668f65dd373b08db80b7c51	1819	4	28327.3	1.5012	28327.3	1.5012	397	2.3004	unclassified	*	-1	-1	-1	-1	*	0	0	0	0	0	0	0	0	0	0	0
PBE64913_skip_063df7c3_28887eb2_40.pod5	883d0f4e-b9c5-469e-83a5-3a72fb3e757c	28887eb2dd71b2d61668f65dd373b08db80b7c51	2548	2	28336	39.8504	28336.1	39.7488	18751	23.5455	unclassified	chr20	15301196	15319935	0	18742	+	18793	18688	18630	54	51	58	60	0.99952	0.996896	0.991327	0
PBE64913_skip_063df7c3_28887eb2_40.pod5	b44f32fd-4a30-4d86-8c21-50839bb0f099	28887eb2dd71b2d61668f65dd373b08db80b7c51	110	1	28356.4	19.8104	28356.5	19.7016	9371	26.4791	unclassified	chr7	102387229	102396594	0	9364	+	9388	9341	9323	23	24	18	60	0.999253	0.998073	0.993076	0
PBE64913_skip_063df7c3_28887eb2_40.pod5	d9f97a42-ae46-416d-8340-3afbd675c1c2	28887eb2dd71b2d61668f65dd373b08db80b7c51	2591	2	28340.7	35.2496	28340.9	35.0712	14035	29.7871	unclassified	chr15	61948647	61962683	6	14035	-	14055	14010	14000	19	26	10	60	0.999573	0.999286	0.996087	0
PBE64913_skip_063df7c3_28887eb2_40.pod5	eba293e8-3c98-4aa4-bca3-09eadadaaf41	28887eb2dd71b2d61668f65dd373b08db80b7c51	1659	3	28327.6	37.8476	28327.8	37.65	18819	26.281	unclassified	chr19	32590080	32608427	0	18818	-	18868	18297	18246	521	50	51	60	0.999947	0.997213	0.967034	0
PBE64913_skip_063df7c3_28887eb2_40.pod5	471fe972-d1e5-4665-93b6-273da53990c2	28887eb2dd71b2d61668f65dd373b08db80b7c51	1482	2	28322.8	52.8872	28322.9	52.7976	21968	24.7148	unclassified	chr15	90786365	90808411	0	21960	+	22072	21934	21892	26	112	42	60	0.999636	0.998085	0.991845	0
PBE64913_skip_063df7c3_28887eb2_40.pod5	8f4ea194-b159-4c94-8ec5-dd7abd645bfe	28887eb2dd71b2d61668f65dd373b08db80b7c51	2490	2	28304.1	70.748	28304.3	70.6272	27748	27.8869	unclassified	chr5	118142190	118169931	6	27747	-	27767	27715	27688	26	26	27	60	0.999748	0.999026	0.997155	0
PBE64913_skip_063df7c3_28887eb2_40.pod5	a35d0703-1dac-4818-8739-b79cfe285feb	28887eb2dd71b2d61668f65dd373b08db80b7c51	2088	3	28302.4	73.01	28302.6	72.9012	33669	26.2039	unclassified	chr10	24553063	24586510	5	33669	-	33749	33362	33298	302	85	64	60	0.999852	0.998082	0.986637	0
PBE64913_skip_063df7c3_28887eb2_40.pod5	4bcf4023-bccb-47c7-8cd6-5ad30755b0ea	28887eb2dd71b2d61668f65dd373b08db80b7c51	409	3	28263.6	111.225	28263.7	111.121	51912	24.2857	unclassified	chr19	33008202	33060190	0	51900	+	52096	51792	51652	108	196	140	60	0.999769	0.997297	0.991477	0
PBE64913_skip_063df7c3_28887eb2_40.pod5	4e89f33d-64c0-493e-93e2-5ac9703aca01	28887eb2dd71b2d61668f65dd373b08db80b7c51	140	2	28374.9	3.6848	28375.2	3.456	1514	23.2879	unclassified	chr16	26148875	26150398	0	1514	+	1523	1514	1507	0	9	7	60	1	0.995376	0.989494	0
PBE64913_skip_063df7c3_28887eb2_40.pod5	d39fe650-b264-4eca-8713-de0f8d3213b9	28887eb2dd71b2d61668f65dd373b08db80b7c51	1871	2	28372.5	5.3948	28372.7	5.2788	1818	42.1579	unclassified	chr2	131614714	131616524	8	1818	-	1810	1810	1809	0	0	1	60	0.9956	0.999448	0.999448	0
PBE64913_skip_063df7c3_28887eb2_40.pod5	bc47f239-8092-4e09-b625-a217bee4a849	28887eb2dd71b2d61668f65dd373b08db80b7c51	1357	1	28374.9	3.836	28375	3.7152	1495	34.3268	unclassified	chr15	81989931	81991418	0	1486	+	1487	1486	1486	0	1	0	60	0.99398	1	0.999327	0
PBE64913_skip_063df7c3_28887eb2_40.pod5	392bf511-c442-4cd7-aa63-a6f3d328cf32	28887eb2dd71b2d61668f65dd373b08db80b7c51	2110	4	28303.1	72.5502	28303.1	72.5482	27992	7.04914	unclassified	chr5	129910772	129940213	7	27992	+	30498	26928	23953	1057	2513	2975	60	0.99975	0.88952	0.785396	0
PBE64913_skip_063df7c3_28887eb2_40.pod5	0ed4a07d-dad0-4472-949b-c2640434a102	28887eb2dd71b2d61668f65dd373b08db80b7c51	1955	3	28364.1	13.7984	28364.2	13.6512	5290	27.6261	unclassified	chr6	75592008	75597293	0	5280	+	5290	5275	5267	5	10	8	60	0.99811	0.998483	0.995652	0
PBE64913_skip_063df7c3_28887eb2_40.pod5	a5b2c8b7-b7e7-4c1b-9ea6-f4964cd579de	28887eb2dd71b2d61668f65dd373b08db80b7c51	1417	2	28374.6	4.1384	28374.7	4.0128	1618	28.5736	unclassified	chr4	185293109	185294718	0	1612	+	1614	1607	1604	5	2	3	60	0.996292	0.998133	0.993804	0
PBE64913_skip_063df7c3_28887eb2_40.pod5	67c5bcde-7689-4dec-9cb4-0985627ec497	28887eb2dd71b2d61668f65dd373b08db80b7c51	2209	2	28318.1	58.8164	28318.3	58.6464	23733	20.3845	unclassified	chr5	78488856	78512586	0	23729	+	23828	23631	23517	98	99	114	60	0.999831	0.995176	0.986948	0
PBE64913_skip_063df7c3_28887eb2_40.pod5	c01b06d6-f84b-44ed-9451-8d41a8f8415f	28887eb2dd71b2d61668f65dd373b08db80b7c51	464	4	28371.8	6.6232	28371.8	6.6212	2685	11.501	unclassified	chr6	103478754	103481438	13	2643	-	2740	2574	2464	56	110	110	60	0.979516	0.957265	0.89927	0
PBE64913_skip_063df7c3_28887eb2_40.pod5	889f3591-193f-434b-b1e3-0f2ef58e99a0	28887eb2dd71b2d61668f65dd373b08db80b7c51	2112	2	28370.8	7.3774	28370.8	7.3754	3708	22.1928	unclassified	chrX	91643998	91647667	7	3675	-	3677	3660	3652	8	9	8	56	0.989213	0.997814	0.993201	0
PBE64913_skip_063df7c3_28887eb2_40.pod5	86941995-7a81-4a55-9a4f-649f2d26529d	28887eb2dd71b2d61668f65dd373b08db80b7c51	1895	1	28365.5	12.5108	28365.7	12.3996	5429	28.945	unclassified	chr10	120328141	120333578	0	5427	+	5437	5427	5424	0	10	3	60	0.999632	0.999447	0.997609	0
PBE64913_skip_063df7c3_28887eb2_40.pod5	0dcfee2b-c65f-4799-9023-41f30bd3060e	28887eb2dd71b2d61668f65dd373b08db80b7c51	978	2	28362.8	14.5566	28362.8	14.5546	6391	22.8092	unclassified	chr4	49142966	49149554	1	6384	+	6962	6009	5247	374	579	762	1	0.998748	0.87319	0.753663	0
PBE64913_skip_063df7c3_28887eb2_40.pod5	e425eeeb-017b-4f33-95b7-c1d20fe9099c	28887eb2dd71b2d61668f65dd373b08db80b7c51	2164	2	28360.7	17.3432	28360.8	17.2512	7804	23.0507	unclassified	chr10	131792695	131800507	0	7796	+	7824	7784	7765	12	28	19	60	0.998975	0.997559	0.992459	0
PBE64913_skip_063df7c3_28887eb2_40.pod5	a4873d95-c94f-46e8-a2c7-ff3ea71a9505	28887eb2dd71b2d61668f65dd373b08db80b7c51	1819	4	28328.8	22.4784	28328.9	22.4016	9434	24.3977	unclassified	chr4	54873743	54883203	0	9434	-	9477	9417	9375	17	43	42	60	1	0.99554	0.989237	0
PBE64913_skip_063df7c3_28887eb2_40.pod5	c7bfa6f6-dca4-411d-a698-f5ebefd936f6	28887eb2dd71b2d61668f65dd373b08db80b7c51	1542	3	28367.9	10.6892	28368	10.578	4071	27.7193	unclassified	chr11	58701050	58705109	0	4059	+	4062	4056	4053	3	3	3	60	0.997052	0.99926	0.997784	0
PBE64913_skip_063df7c3_28887eb2_40.pod5	be2dd6ee-bc9d-4ff7-9cc6-d4312e71dc66	28887eb2dd71b2d61668f65dd373b08db80b7c51	1717	3	28369.6	9.0752	28369.8	8.9376	3753	28.8208	unclassified	chr17	46540030	46543778	7	3753	-	3751	3743	3739	3	5	4	60	0.998135	0.998931	0.996801	0
PBE64913_skip_063df7c3_28887eb2_40.pod5	d3311853-d9c3-49d0-a234-2615e0cda759	28887eb2dd71b2d61668f65dd373b08db80b7c51	2897	1	28351.2	26.5916	28351.3	26.4948	10772	26.3996	unclassified	chr20	46991700	47002463	0	10767	+	10785	10745	10723	22	18	22	60	0.999536	0.997953	0.994251	0
PBE64913_skip_063df7c3_28887eb2_40.pod5	71a497a8-c7fc-40be-96db-27575242ad90	28887eb2dd71b2d61668f65dd373b08db80b7c51	1770	2	28349.1	29.3402	28349.1	29.3382	12436	25.3499	unclassified	chr6	20421666	20434062	6	12410	-	12417	12383	12353	21	13	30	60	0.997427	0.997577	0.994846	0
PBE64913_skip_063df7c3_28887eb2_40.pod5	c4db7e99-f668-4a9b-8aa2-e806e384bf46	28887eb2dd71b2d61668f65dd373b08db80b7c51	1787	1	28284.2	92.9684	28284.3	92.88	34261	29.2942	unclassified	chr1	64332442	64366726	0	34261	+	34328	34217	34148	44	67	69	60	1	0.997983	0.994756	0
PBE64913_skip_063df7c3_28887eb2_40.pod5	93b36dc0-1933-42af-a2f4-6ce4368e27ec	28887eb2dd71b2d61668f65dd373b08db80b7c51	671	3	28363.3	15.5252	28363.4	15.4536	6272	28.0001	unclassified	chr6	40416499	40422770	0	6272	+	6278	6265	6248	7	6	17	60	1	0.997286	0.995221	0
PBE64913_skip_063df7c3_28887eb2_40.pod5	43188da7-77c7-4cb8-a88d-af8401dea5ad	28887eb2dd71b2d61668f65dd373b08db80b7c51	1851	4	28367.8	10.9092	28367.8	10.9072	4937	9.97852	unclassified	chr11	100107874	100112830	16	4910	+	5121	4729	4441	165	227	288	60	0.99129	0.939099	0.867213	0
PBE64913_skip_063df7c3_28887eb2_40.pod5	1223d6fe-64c5-4176-9e9c-d4dbe8b26a6b	28887eb2dd71b2d61668f65dd373b08db80b7c51	483	4	28330.1	48.2516	28330.2	48.1308	19786	24.2736	unclassified	chr15	33741059	33760855	5	19786	-	19834	19743	19676	38	53	67	60	0.999747	0.996606	0.992034	0
PBE64913_skip_063df7c3_28887eb2_40.pod5	1e0fdf28-63f6-4f15-830d-52b0b4395b71	28887eb2dd71b2d61668f65dd373b08db80b7c51	148	4	28362.2	16.6844	28362.4	16.5396	6394	29.5945	unclassified	chr10	17864567	17870966	0	6394	+	6402	6391	6386	3	8	5	60	1	0.999218	0.997501	0
PBE64913_skip_063df7c3_28887eb2_40.pod5	ea6f293c-e7c5-460c-a18a-f2cd45026601	28887eb2dd71b2d61668f65dd373b08db80b7c51	1652	3	28359.1	19.8872	28359.2	19.7664	7551	21.1759	unclassified	chr13	89163668	89171225	0	7546	+	7574	7529	7490	17	28	39	60	0.999338	0.99482	0.988909	0
PBE64913_skip_063df7c3_28887eb2_40.pod5	cd4d550d-d046-434c-ba70-f7ef20d61685	28887eb2dd71b2d61668f65dd373b08db80b7c51	843	3	28352	27.0108	28352	27.0088	11195	13.3011	unclassified	chr2	195997170	196008533	30	11183	+	11503	11013	10740	140	350	273	60	0.996248	0.975211	0.933669	0
PBE64913_skip_063df7c3_28887eb2_40.pod5	089f554e-f5a4-410a-aa92-fc0edef084a5	28887eb2dd71b2d61668f65dd373b08db80b7c51	1905	2	28345.5	33.1424	28345.6	33.0048	13416	26.8384	unclassified	chr13	65399882	65413295	0	13410	+	13437	13386	13369	24	27	17	60	0.999553	0.99873	0.994939	0
PBE64913_skip_063df7c3_28887eb2_40.pod5	c935e9e4-365e-4419-b65b-026f2659b126	28887eb2dd71b2d61668f65dd373b08db80b7c51	377	1	28343.5	35.2016	28343.6	35.088	13948	30.0504	unclassified	chr1	248749601	248763555	0	13943	+	13966	13931	13916	12	23	15	60	0.999642	0.998923	0.99642	0
PBE64913_skip_063df7c3_28887eb2_40.pod5	6da36167-8358-498b-a040-c8b52b391a47	28887eb2dd71b2d61668f65dd373b08db80b7c51	1713	1	28367.3	11.7758	28367.3	11.7738	4775	10.3066	unclassified	chr8	71341419	71346284	6	4742	-	4967	4634	4402	102	231	232	60	0.991832	0.949935	0.886249	0
PBE64913_skip_063df7c3_28887eb2_40.pod5	5c724e77-2bf8-45b2-9462-66d2f64c89b8	28887eb2dd71b2d61668f65dd373b08db80b7c51	1945	3	28331	45.0524	28331.1	44.9484	18150	29.2623	unclassified	chr13	89160299	89178440	0	18142	+	18168	18115	18078	27	26	37	60	0.999559	0.997957	0.995046	0
PBE64913_skip_063df7c3_28887eb2_40.pod5	2f3391a5-3538-4c97-b747-94a9ea2ebadc	28887eb2dd71b2d61668f65dd373b08db80b7c51	2092	3	28343.8	33.7384	28343.8	33.7364	17230	14.1287	unclassified	chr10	34950175	34967488	29	17222	+	17520	16986	16635	207	327	351	60	0.997853	0.979336	0.949486	0
PBE64913_skip_063df7c3_28887eb2_40.pod5	db6fcb7b-1888-4625-ac8e-7720fde0fcf2	28887eb2dd71b2d61668f65dd373b08db80b7c51	1632	2	28255	119.436	28255.1	119.324	50445	28.4054	unclassified	chr18	60541954	60592404	0	50445	-	50510	50385	50305	60	65	80	60	1	0.998412	0.995941	0
PBE64913_skip_063df7c3_28887eb2_40.pod5	85180f78-4597-4ae5-8c78-8e062090466e	28887eb2dd71b2d61668f65dd373b08db80b7c51	1027	3	28315.9	60.6764	28315.9	60.6012	24456	22.9276	unclassified	chr8	68398036	68422419	0	24451	+	24487	24347	24302	104	36	45	60	0.999796	0.998152	0.992445	0
PBE64913_skip_063df7c3_28887eb2_40.pod5	8dede391-3fa2-41f2-9ebf-2b0a6688f877	28887eb2dd71b2d61668f65dd373b08db80b7c51	1619	1	28376.4	2.918	28376.5	2.8068	1123	31.448	unclassified	chr15	43765807	43766926	7	1123	-	1119	1116	1115	0	3	1	60	0.993767	0.999104	0.996425	0
PBE64913_skip_063df7c3_28887eb2_40.pod5	0e02e66e-20fe-4913-a7d8-1b0aa2824814	28887eb2dd71b2d61668f65dd373b08db80b7c51	1109	2	28366.6	12.7076	28366.8	12.5856	5061	24.9703	unclassified	chrX	18325744	18330804	7	5061	-	5071	5043	5038	11	17	5	60	0.998617	0.999009	0.993492	0
PBE64913_skip_063df7c3_28887eb2_40.pod5	e22ec109-ed29-42f2-9954-8b7bf0dae978	28887eb2dd71b2d61668f65dd373b08db80b7c51	1403	4	28370.3	8.9852	28370.5	8.838	3759	24.576	unclassified	chr3	54748427	54752189	0	3755	+	3767	3750	3746	5	12	4	60	0.998936	0.998933	0.994425	0
PBE64913_skip_063df7c3_28887eb2_40.pod5	8d7d05fc-99aa-40f0-ae4c-6c2a2c6e7abb	28887eb2dd71b2d61668f65dd373b08db80b7c51	1699	2	28367.8	11.5736	28367.9	11.4384	4369	24.0859	unclassified	chr6	92526707	92531064	8	4369	-	4365	4353	4350	8	4	3	60	0.998169	0.999311	0.996564	0
PBE64913_skip_063df7c3_28887eb2_40.pod5	62aca564-23a7-4fcf-bac3-d8e86572259d	28887eb2dd71b2d61668f65dd373b08db80b7c51	1395	3	28363.7	15.4724	28363.9	15.2916	4566	29.6984	unclassified	chr5	25731145	25735692	0	4557	+	4559	4545	4539	12	2	6	60	0.998029	0.99868	0.995613	0
PBE64913_skip_063df7c3_28887eb2_40.pod5	7a033847-5dff-4c06-b59b-1b29beef59d1	28887eb2dd71b2d61668f65dd373b08db80b7c51	2621	1	28376	3.2168	28376.1	3.09	1173	13.0438	unclassified	chr5	86159265	86160457	0	1161	+	1207	1146	1121	15	46	25	60	0.98977	0.978185	0.928749	0
PBE64913_skip_063df7c3_28887eb2_40.pod5	3826336c-137e-4427-a138-54a36522be3c	28887eb2dd71b2d61668f65dd373b08db80b7c51	2408	2	28370.2	7.3568	28370.4	7.212	3050	33.1454	unclassified	chr21	38694434	38697480	7	3050	-	3046	3043	3037	0	3	6	60	0.997705	0.998028	0.997045	0
PBE64913_skip_063df7c3_28887eb2_40.pod5	efaa4681-4e0f-40f0-ab61-eeabfaa457e7	28887eb2dd71b2d61668f65dd373b08db80b7c51	1312	4	28353.4	24.3956	28353.4	24.3936	11660	22.3806	unclassified	chr7	134497874	134509496	9	11628	-	11654	11587	11543	32	35	44	60	0.996484	0.996203	0.990475	0
PBE64913_skip_063df7c3_28887eb2_40.pod5	32151289-b4ca-4efd-9074-2359845c7ac3	28887eb2dd71b2d61668f65dd373b08db80b7c51	2055	3	28353.1	24.4364	28353.2	24.3348	10003	26.3961	unclassified	chr9	36182194	36192197	5	10003	-	10034	9967	9951	31	36	16	60	0.9995	0.998395	0.991728	0
PBE64913_skip_063df7c3_28887eb2_40.pod5	da0f725d-0a8a-459b-ad69-a06550a355e1	28887eb2dd71b2d61668f65dd373b08db80b7c51	565	1	28329.2	48.4232	28329.3	48.324	23404	21.5291	unclassified	chr18	42860445	42883904	0	23400	+	23511	23348	23264	52	111	84	60	0.999829	0.996402	0.989494	0
PBE64913_skip_063df7c3_28887eb2_40.pod5	271150b8-d07b-4332-8c1f-89fef39b32ea	28887eb2dd71b2d61668f65dd373b08db80b7c51	2360	3	28329.3	47.5158	28329.3	47.5138	20086	28.6455	unclassified	chr10	37430548	37450589	39	20080	+	20062	20020	20001	21	21	19	60	0.99776	0.999051	0.996959	0
PBE64913_skip_063df7c3_28887eb2_40.pod5	be3eff02-3204-4bcf-85e8-27806bbcd10f	28887eb2dd71b2d61668f65dd373b08db80b7c51	294	1	28349	29.0158	28349	29.0138	12298	10.4219	unclassified	chr11	56437959	56450518	33	12291	+	12832	11985	11381	273	574	604	60	0.996747	0.949604	0.886923	0
PBE64913_skip_063df7c3_28887eb2_40.pod5	8dd27904-baa9-4aca-af06-b49003399226	28887eb2dd71b2d61668f65dd373b08db80b7c51	644	3	28324.7	52.658	28325	52.4028	17145	24.6019	unclassified	chr11	6167051	6184202	6	17145	-	17187	17103	17045	36	48	58	60	0.99965	0.996609	0.991738	0
PBE64913_skip_063df7c3_28887eb2_40.pod5	2a8320fb-db78-47f6-a47f-6b7403bd58db	28887eb2dd71b2d61668f65dd373b08db80b7c51	2609	4	28317.5	59.233	28317.5	59.231	19714	16.0743	unclassified	chr13	40858444	40878162	16	19679	-	19892	19489	19089	174	229	400	60	0.997413	0.979476	0.959632	0
PBE64913_skip_063df7c3_28887eb2_40.pod5	d2b9ffff-a26b-4546-812a-6835f9cb6130	28887eb2dd71b2d61668f65dd373b08db80b7c51	786	4	28307.9	69.5612	28308.1	69.4188	28812	29.4661	unclassified	chr2	172581069	172609884	6	28812	-	28836	28785	28770	21	30	15	60	0.999792	0.999479	0.997711	0
PBE64913_skip_063df7c3_28887eb2_40.pod5	66f37dd4-f5ae-4d4b-a050-19db1fe8d02e	28887eb2dd71b2d61668f65dd373b08db80b7c51	872	2	28293.3	83.8216	28293.3	83.8196	34743	30.2067	unclassified	chrX	80892969	80927674	28	34736	+	34729	34684	34655	24	21	29	60	0.998993	0.999164	0.997869	0
PBE64913_skip_063df7c3_28887eb2_40.pod5	73e44096-e753-4091-aaf2-dc8b194b4a04	28887eb2dd71b2d61668f65dd373b08db80b7c51	2072	4	28312.6	64.4312	28312.7	64.3056	26641	28.3105	unclassified	chr9	40098707	40124682	7	26641	-	26664	25945	25898	689	30	47	60	0.999737	0.998188	0.971272	0
PBE64913_skip_063df7c3_28887eb2_40.pod5	9db7b9ae-52d4-4122-87af-64e1d8cd0eb8	28887eb2dd71b2d61668f65dd373b08db80b7c51	1923	3	28370.6	8.5412	28370.8	8.4252	3463	26.2847	unclassified	chr19	17793622	17797078	0	3455	+	3458	3453	3451	2	3	2	60	0.99769	0.999421	0.997976	0
PBE64913_skip_063df7c3_28887eb2_40.pod5	8f364fb7-0265-418e-9d55-4a36fb711150	28887eb2dd71b2d61668f65dd373b08db80b7c51	837	1	28354.4	25.322	28354.6	25.2132	10756	29.0344	unclassified	chr5	106098422	106109188	0	10748	+	10770	10744	10728	4	22	16	60	0.999256	0.998511	0.9961	0
PBE64913_skip_063df7c3_28887eb2_40.pod5	93fa9b8a-cf70-4646-93a1-ab5665a8ced9	28887eb2dd71b2d61668f65dd373b08db80b7c51	2110	4	28375.6	4.2868	28375.6	4.2848	1637	6.80397	unclassified	chr5	129940233	129941900	11	1607	+	1740	1523	1355	73	144	168	13	0.974954	0.889691	0.778736	0
PBE64913_skip_063df7c3_28887eb2_40.pod5	2207f9ba-0ed9-4c7c-9f42-ae389d0a4c9c	28887eb2dd71b2d61668f65dd373b08db80b7c51	2286	3	28373.3	6.5038	28373.3	6.5018	2357	26.3922	unclassified	chr11	102615601	102617920	8	2320	-	2319	2312	2312	0	7	0	60	0.980908	1	0.996981	0
PBE64913_skip_063df7c3_28887eb2_40.pod5	cefb90d6-0aec-4fdd-86af-83a26f94baf2	28887eb2dd71b2d61668f65dd373b08db80b7c51	1285	4	28364.7	15.1804	28364.7	15.1784	6336	22.4514	unclassified	chr14	71776024	71782336	5	6300	-	6320	6287	6266	8	25	21	60	0.993529	0.99666	0.991456	0
PBE64913_skip_063df7c3_28887eb2_40.pod5	ed664f2a-60f7-4016-ae4e-4952c6f39436	28887eb2dd71b2d61668f65dd373b08db80b7c51	2306	1	28355.2	24.1364	28355.4	23.9544	9639	23.6272	unclassified	chr15	28185370	28194939	73	9638	-	9575	9559	9543	6	10	16	60	0.992323	0.998326	0.996658	0
PBE64913_skip_063df7c3_28887eb2_40.pod5	e2879e3f-9c71-4646-aa92-4a439449acb8	28887eb2dd71b2d61668f65dd373b08db80b7c51	2852	1	28366.5	12.7724	28366.6	12.6744	5461	27.8876	unclassified	chrX	64618954	64624408	7	5460	-	5456	5451	5439	2	3	12	60	0.998535	0.997799	0.996884	0
PBE64913_skip_063df7c3_28887eb2_40.pod5	d3b4843a-8abb-48d2-abe2-33ac74dab8bd	28887eb2dd71b2d61668f65dd373b08db80b7c51	523	2	28363	16.9856	28363.2	16.7928	6498	22.5075	unclassified	chr3	57405185	57411687	7	6498	-	6517	6476	6460	15	26	16	60	0.998923	0.997529	0.991254	0
PBE64913_skip_063df7c3_28887eb2_40.pod5	3b5bc42d-972a-44a8-ad67-96a1a34b9a5e	28887eb2dd71b2d61668f65dd373b08db80b7c51	519	4	28345.5	34.1334	28345.5	34.1314	15064	9.92601	unclassified	chr2	79515457	79530858	12	15032	-	15816	14605	13778	415	796	827	60	0.997079	0.943376	0.871143	0
PBE64913_skip_063df7c3_28887eb2_40.pod5	81e3740b-cd47-430c-88fb-a4d6a93f47cb	28887eb2dd71b2d61668f65dd373b08db80b7c51	1664	4	28265.1	113.913	28265.1	113.911	33840	30.4673	unclassified	chr8	123116097	123149925	28	33831	+	33851	33780	33758	23	48	22	60	0.998907	0.999349	0.997253	0
PBE64913_skip_063df7c3_28887eb2_40.pod5	1bdd894a-823d-4e46-8c27-c4b05a808745	28887eb2dd71b2d61668f65dd373b08db80b7c51	383	2	28309.3	70.4252	28309.5	70.272	20460	12.6969	unclassified	chr4	186432516	186452400	7	20460	-	20679	19658	19115	795	226	543	60	0.999658	0.972378	0.924368	0
PBE64913_skip_063df7c3_28887eb2_40.pod5	4907d09e-e009-4fb8-a941-64af5e69ebe1	28887eb2dd71b2d61668f65dd373b08db80b7c51	390	4	28374.3	5.9082	28374.3	5.9062	2373	15.9091	unclassified	chr13	31131487	31133821	5	2343	-	2375	2297	2272	41	37	25	60	0.985251	0.989116	0.956632	0
PBE64913_skip_063df7c3_28887eb2_40.pod5	f3d294b6-897d-4b19-a00c-f3200586ed32	28887eb2dd71b2d61668f65dd373b08db80b7c51	2661	3	28370.6	9.434	28370.7	9.3156	3577	32.502	unclassified	chr16	67493136	67496706	6	3577	-	3571	3570	3569	1	0	1	60	0.998323	0.99972	0.99944	0
PBE64913_skip_063df7c3_28887eb2_40.pod5	44b44b86-4bfd-4a81-a87f-7ee07bb4398c	28887eb2dd71b2d61668f65dd373b08db80b7c51	2493	2	28342.1	36.86	28342.3	36.7224	15479	25.4749	unclassified	chr8	3119986	3135462	0	15473	+	15492	15457	15426	16	19	31	60	0.999612	0.997994	0.99574	0
PBE64913_skip_063df7c3_28887eb2_40.pod5	5353d68e-d35c-4b0a-be47-59f1d200bb04	28887eb2dd71b2d61668f65dd373b08db80b7c51	1337	1	28358.7	21.4424	28358.8	21.2976	7499	24.7853	unclassified	chr8	104728070	104735564	8	7499	-	7505	7480	7467	11	14	13	60	0.998933	0.998262	0.994937	0
PBE64913_skip_063df7c3_28887eb2_40.pod5	28614763-d58b-4e8d-afcc-5d4660636499	28887eb2dd71b2d61668f65dd373b08db80b7c51	2881	1	28356.2	22.9976	28356.3	22.8972	10316	31.3497	unclassified	chr9	44050664	44061486	1	10316	-	10836	10301	10008	14	521	293	1	0.999903	0.971556	0.923588	0
PBE64913_skip_063df7c3_28887eb2_40.pod5	10613fe2-1b9e-41d5-908f-3b6b31df2493	28887eb2dd71b2d61668f65dd373b08db80b7c51	1914	2	28378.6	1.6376	28378.7	1.5072	623	30.4354	unclassified	chr3	9292978	9293595	0	619	+	619	617	616	2	0	1	60	0.993579	0.998379	0.995153	0
PBE64913_skip_063df7c3_28887eb2_40.pod5	9759daa1-4e9e-47e4-bd87-8b6cb60f8c8e	28887eb2dd71b2d61668f65dd373b08db80b7c51	1800	1	28369.1	11.1548	28369.3	10.9068	3992	27.5158	unclassified	chrX	20299080	20303086	0	3981	+	4008	3979	3978	2	27	1	60	0.997244	0.999749	0.992515	0
PBE64913_skip_063df7c3_28887eb2_40.pod5	60de870d-94d2-44f3-a777-5f7a0249e8fc	28887eb2dd71b2d61668f65dd373b08db80b7c51	2558	1	28366.2	12.5228	28366.3	12.4236	5539	26.8261	unclassified	chr5	96330217	96335771	7	5539	-	5560	5526	5516	6	28	10	60	0.998736	0.99819	0.992086	0
PBE64913_skip_063df7c3_28887eb2_40.pod5	6d84f99f-b0d9-401a-8b5b-04b9682aca4b	28887eb2dd71b2d61668f65dd373b08db80b7c51	2357	1	28345.1	33.5804	28345.2	33.4584	11139	11.904	unclassified	chr7	38766272	38777510	1	11132	+	11445	10924	10551	207	314	373	60	0.999282	0.965855	0.921887	0
PBE64913_skip_063df7c3_28887eb2_40.pod5	557568c6-c556-4206-bc43-166f948053c5	28887eb2dd71b2d61668f65dd373b08db80b7c51	2711	4	28344	34.7576	28344.2	34.6452	14211	26.9959	unclassified	chr2	173620899	173635099	1	14204	+	14231	14172	14154	31	28	18	60	0.999437	0.99873	0.994589	0
PBE64913_skip_063df7c3_28887eb2_40.pod5	00143577-ebc4-41bd-8af8-3d6dd5f620aa	28887eb2dd71b2d61668f65dd373b08db80b7c51	1705	4	28310.5	68.0904	28310.5	68.0884	16778	19.4714	unclassified	chr2	144462137	144478866	7	16735	-	16838	16619	16510	109	110	109	60	0.99702	0.993441	0.98052	0
PBE64913_skip_063df7c3_28887eb2_40.pod5	c5bb9047-1192-4bc1-a853-abfeafe10e80	28887eb2dd71b2d61668f65dd373b08db80b7c51	2782	3	28334.2	43.982	28334.3	43.878	17652	25.7797	unclassified	chr9	70326397	70344049	7	17652	-	17677	17620	17585	25	32	35	60	0.999603	0.998014	0.994796	0
PBE64913_skip_063df7c3_28887eb2_40.pod5	ff309fa8-615a-4b47-a071-b4e9a9659d3c	28887eb2dd71b2d61668f65dd373b08db80b7c51	2656	3	28356.6	21.8652	28356.6	21.8632	9000	27.4963	unclassified	chr4	84475387	84484355	31	8994	+	8975	8956	8946	7	12	10	60	0.995889	0.998883	0.996769	0
PBE64913_skip_063df7c3_28887eb2_40.pod5	616c05f1-fa44-4568-86ab-90005239b275	28887eb2dd71b2d61668f65dd373b08db80b7c51	2652	2	28349.6	28.3578	28349.6	28.3558	11138	26.5277	unclassified	chr10	121426792	121437883	42	11133	+	11113	11069	11045	22	22	24	60	0.99578	0.997832	0.993881	0
PBE64913_skip_063df7c3_28887eb2_40.pod5	93dc5212-1ac9-43db-a024-bfa1c874bbd7	28887eb2dd71b2d61668f65dd373b08db80b7c51	1820	1	28328.5	49.8812	28328.6	49.782	21121	27.989	unclassified	chr4	125047500	125068644	0	21115	+	21153	21106	21078	9	38	28	60	0.999716	0.998673	0.996454	0
PBE64913_skip_063df7c3_28887eb2_40.pod5	5c66ca81-3f68-4927-a7bf-aaf1e9fb5d91	28887eb2dd71b2d61668f65dd373b08db80b7c51	1447	4	28328.5	49.646	28328.5	49.644	22269	24.495	unclassified	chr4	99383152	99405397	39	22262	+	22282	22186	22106	37	59	80	60	0.997934	0.996394	0.992101	0
PBE64913_skip_063df7c3_28887eb2_40.pod5	87d272f9-776f-45fe-bc4d-7f4a782172e9	28887eb2dd71b2d61668f65dd373b08db80b7c51	851	1	28329.2	49.0736	28329.2	48.9984	21941	24.2701	unclassified	chr7	50947861	50969800	0	21931	+	21980	21890	21821	41	49	69	60	0.999544	0.996848	0.992766	0
PBE64913_skip_063df7c3_28887eb2_40.pod5	b77faa00-73d5-439f-8d94-bbd1191e8155	28887eb2dd71b2d61668f65dd373b08db80b7c51	58	2	28316.1	62.2988	28316.2	62.1816	26559	31.1192	unclassified	chr14	40658012	40684519	11	26559	-	26572	26483	26441	65	24	42	60	0.999586	0.998414	0.99507	0
PBE64913_skip_063df7c3_28887eb2_40.pod5	b22c3cca-0b21-4e49-b710-76a72bcaadf7	28887eb2dd71b2d61668f65dd373b08db80b7c51	1712	3	28371.1	8.5448	28371.2	8.4456	3793	27.2759	unclassified	chr2	232677108	232680884	0	3784	+	3796	3764	3763	20	12	1	60	0.997627	0.999734	0.991307	0
PBE64913_skip_063df7c3_28887eb2_40.pod5	782a7a01-01b5-4bfa-8f9b-ef09a41f5f52	28887eb2dd71b2d61668f65dd373b08db80b7c51	2179	3	28365.8	13.1444	28365.9	13.0332	5371	30.3857	unclassified	chr18	37909205	37914573	0	5365	+	5369	5364	5361	1	4	3	60	0.998883	0.999441	0.99851	0
PBE64913_skip_063df7c3_28887eb2_40.pod5	2f893041-380f-4667-b9fe-d2654b112897	28887eb2dd71b2d61668f65dd373b08db80b7c51	1914	2	28340.9	37.106	28341	36.9684	15298	25.2641	unclassified	chr11	65133323	65148660	8	15298	-	15364	15263	15233	27	74	30	60	0.999477	0.998034	0.991474	0
PBE64913_skip_063df7c3_28887eb2_40.pod5	6b02ee17-adf4-4df4-891d-bbb7b4a4b582	28887eb2dd71b2d61668f65dd373b08db80b7c51	1531	4	28361.3	18.3248	28361.4	18.2244	7596	27.3876	unclassified	chr6	76567444	76575020	0	7590	+	7593	7573	7562	17	3	11	60	0.99921	0.998547	0.995917	0
PBE64913_skip_063df7c3_28887eb2_40.pod5	dadd8bc7-510a-4814-b657-b52e8058fc3d	28887eb2dd71b2d61668f65dd373b08db80b7c51	554	1	28343	36.3018	28343	36.2998	16732	24.2917	unclassified	chr4	90731687	90748363	33	16725	+	16720	16648	16606	44	28	42	60	0.997609	0.997477	0.993182	0
PBE64913_skip_063df7c3_28887eb2_40.pod5	9a909961-4eec-495f-90fd-9fa7cacd82af	28887eb2dd71b2d61668f65dd373b08db80b7c51	938	1	28353.4	25.9676	28353.5	25.8756	11147	26.8366	unclassified	chr2	127712478	127723630	0	11144	+	11158	11138	11114	6	14	24	60	0.999731	0.997845	0.996057	0
PBE64913_skip_063df7c3_28887eb2_40.pod5	bafd48f6-1915-490d-b0f4-153c0beb030b	28887eb2dd71b2d61668f65dd373b08db80b7c51	1321	3	28326.6	52.3688	28326.7	52.2336	24012	24.6119	unclassified	chr5	155648848	155672854	0	24003	+	24037	23972	23897	31	34	75	60	0.999625	0.996871	0.994176	0
PBE64913_skip_063df7c3_28887eb2_40.pod5	0ec80c7d-05fd-44ea-91cc-59a8743b9836	28887eb2dd71b2d61668f65dd373b08db80b7c51	1118	4	28266.8	110.832	28266.9	110.73	47548	28.3473	unclassified	chr2	124262570	124309810	7	47548	-	47615	47166	47082	375	74	84	60	0.999853	0.998219	0.988806	0
PBE64913_skip_063df7c3_28887eb2_40.pod5	21778b93-f98e-4401-95d0-7d136b755410	28887eb2dd71b2d61668f65dd373b08db80b7c51	375	1	28302.8	76.0496	28302.9	75.9384	29632	26.8405	unclassified	chr12	42158300	42187959	6	29632	-	29693	29592	29540	34	67	52	60	0.999798	0.998243	0.994847	0
PBE64913_skip_063df7c3_28887eb2_40.pod5	22366f7f-9af9-4b5f-801f-ff3d95e1cf52	28887eb2dd71b2d61668f65dd373b08db80b7c51	967	1	28263.1	113.402	28263.3	113.269	46372	27.4815	unclassified	chr11	3191995	3238429	5	46372	-	46536	46265	46186	102	169	79	60	0.999892	0.998292	0.992479	0
PBE64913_skip_063df7c3_28887eb2_40.pod5	d6bdbdd3-5442-4494-9fdc-5411e377fef2	28887eb2dd71b2d61668f65dd373b08db80b7c51	447	1	28261.6	116.248	28261.6	116.246	48710	16.6532	unclassified	chr7	111934175	111983018	34	48703	+	49284	48228	47637	441	615	591	60	0.999158	0.987746	0.966581	0
PBE64913_skip_063df7c3_28887eb2_40.pod5	55215a7b-770a-4d0b-951c-ebe697ca0bfe	28887eb2dd71b2d61668f65dd373b08db80b7c51	1105	3	28326.3	52.5524	28326.4	52.4232	17175	28.9705	unclassified	chr3	56047259	56064426	7	17175	-	17183	17152	17118	16	15	34	60	0.999592	0.998018	0.996217	0
PBE64913_skip_063df7c3_28887eb2_40.pod5	5bfaa037-2252-4573-8062-b63efbdc22a0	28887eb2dd71b2d61668f65dd373b08db80b7c51	935	1	28341.1	38.2	28341.1	38.198	10878	6.66979	unclassified	chr1	191122530	191133984	145	10871	-	11934	10246	8997	480	1208	1249	38	0.986027	0.878099	0.753896	0
PBE64913_skip_063df7c3_28887eb2_40.pod5	eb1acf7d-e2ac-4e7e-a407-ad92799e467e	28887eb2dd71b2d61668f65dd373b08db80b7c51	1631	4	28329.9	48.896	28330.1	48.7704	21320	29.7903	unclassified	chr1	49038786	49060102	2	21320	-	21326	21308	21296	10	8	12	60	0.999906	0.999437	0.998593	0
PBE64913_skip_063df7c3_28887eb2_40.pod5	78508722-072e-41d6-b393-3d8d6d9c0bc2	28887eb2dd71b2d61668f65dd373b08db80b7c51	2218	4	28325.9	52.3004	28326.1	52.0932	20524	31.3452	unclassified	chr16	32405168	32425600	0	20517	+	20549	20400	20217	117	32	183	60	0.999659	0.991029	0.983844	0
PBE64913_skip_063df7c3_28887eb2_40.pod5	62037708-3373-4be4-ae07-4b90df163ab9	28887eb2dd71b2d61668f65dd373b08db80b7c51	2160	4	28379.6	0.6264	28379.7	0.4896	185	22.5674	unclassified	chr12	1067401	1067582	0	181	+	181	181	180	0	0	1	60	0.978378	0.994475	0.994475	0
PBE64913_skip_063df7c3_28887eb2_40.pod5	7c76dfd0-9542-4890-b47d-c15407084870	28887eb2dd71b2d61668f65dd373b08db80b7c51	625	2	28368.7	11.9254	28368.7	11.9234	4700	26.1977	unclassified	chrX	57381680	57386351	23	4692	+	4676	4664	4653	5	7	11	60	0.993404	0.997642	0.995081	0
PBE64913_skip_063df7c3_28887eb2_40.pod5	1c24976d-aa84-4a28-b8f9-b10acf36e12b	28887eb2dd71b2d61668f65dd373b08db80b7c51	1561	3	28376	4.4864	28376.2	4.3632	1790	27.1187	unclassified	chr13	21535165	21536954	5	1790	-	1790	1784	1781	1	5	3	60	0.997207	0.998318	0.994972	0
PBE64913_skip_063df7c3_28887eb2_40.pod5	202deb08-a104-438b-91f0-1cb9f3dcf534	28887eb2dd71b2d61668f65dd373b08db80b7c51	1840	1	28373.7	6.6644	28373.9	6.5052	2632	15.5323	unclassified	chr10	14203714	14206349	6	2631	-	2659	2601	2563	24	34	38	60	0.99734	0.98539	0.963896	0
PBE64913_skip_063df7c3_28887eb2_40.pod5	0f72b182-be34-4a9d-b9d3-d6747fc2fbae	28887eb2dd71b2d61668f65dd373b08db80b7c51	2160	4	28362.4	17.1708	28362.5	17.0616	6670	27.433	unclassified	chr15	45221136	45227783	0	6660	+	6666	6641	6614	19	6	27	60	0.998501	0.995934	0.992199	0
PBE64913_skip_063df7c3_28887eb2_40.pod5	84179a3b-6981-450d-beaf-e02589322b8f	28887eb2dd71b2d61668f65dd373b08db80b7c51	1429	3	28347.7	31.2788	28347.7	31.2768	11550	12.9589	unclassified	chr5	87028986	87040572	7	11524	-	11805	11298	10934	219	288	364	60	0.997143	0.967782	0.926218	0
PBE64913_skip_063df7c3_28887eb2_40.pod5	fd757b22-cbbd-4a23-a21c-7b60d7706325	28887eb2dd71b2d61668f65dd373b08db80b7c51	1083	1	28338.4	40.4588	28338.5	40.3632	16933	24.7763	unclassified	chr2	50629712	50646649	0	16926	+	16952	16911	16862	15	26	49	60	0.999587	0.997102	0.994691	0
PBE64913_skip_063df7c3_28887eb2_40.pod5	3c731ac0-53c9-4b67-9609-2137587bfc3c	28887eb2dd71b2d61668f65dd373b08db80b7c51	2363	2	28369.8	10.49	28369.9	10.3692	2235	25.5383	unclassified	chr1	154223285	154225520	0	2235	-	2236	2234	2232	1	1	2	60	1	0.999105	0.998211	0
PBE64913_skip_063df7c3_28887eb2_40.pod5	7f295ac4-89f6-4724-bdd6-d4525bb8afbf	28887eb2dd71b2d61668f65dd373b08db80b7c51	168	3	28307.1	71.5892	28307.2	71.4444	20098	27.8051	unclassified	chr14	48735043	48755136	0	20093	+	20111	20075	20045	18	18	30	60	0.999751	0.998506	0.996718	0
PBE64913_skip_063df7c3_28887eb2_40.pod5	d506b7f6-faec-42db-8fe0-fa6f96ae06dc	28887eb2dd71b2d61668f65dd373b08db80b7c51	1912	1	28329.4	49.328	28329.5	49.248	22296	23.858	unclassified	chr20	60764101	60786374	72	22288	+	22355	22134	22014	82	139	120	60	0.996412	0.994578	0.984746	0
PBE64913_skip_063df7c3_28887eb2_40.pod5	d12a4e88-a60f-4039-b2d6-ba784e48f6b9	28887eb2dd71b2d61668f65dd373b08db80b7c51	1409	4	28355.6	24.5992	28355.6	24.5972	10595	29.4133	unclassified	chr5	81364894	81375458	5	10566	-	10566	10559	10541	2	5	18	60	0.996791	0.998295	0.997634	0
PBE64913_skip_063df7c3_28887eb2_40.pod5	7d357d39-9b1e-4031-a34d-ba87fb6fe922	28887eb2dd71b2d61668f65dd373b08db80b7c51	777	2	28311	67.6962	28311	67.6942	29915	14.3273	unclassified	chr1	33408200	33438184	26	29910	+	30355	29513	28923	371	471	590	60	0.998964	0.980009	0.952825	0
PBE64913_skip_063df7c3_28887eb2_40.pod5	9916d16e-2e86-4d5e-b37c-8bb02ea03f81	28887eb2dd71b2d61668f65dd373b08db80b7c51	1365	4	28356.2	23.9748	28356.2	23.9728	10446	28.3368	unclassified	chr4	143422797	143433223	8	10415	-	10435	10398	10389	9	28	9	60	0.996266	0.999134	0.995592	0
PBE64913_skip_063df7c3_28887eb2_40.pod5	ff0850bc-d071-405b-9df8-f21aac31c02d	28887eb2dd71b2d61668f65dd373b08db80b7c51	661	1	28273	104.622	28273.1	104.519	42325	28.7349	unclassified	chr1	99728672	99771012	1	42323	+	42372	42290	42262	32	50	28	60	0.999929	0.999338	0.997404	0
PBE64913_skip_063df7c3_28887eb2_40.pod5	0fde4eb3-4fac-44d6-b6da-fe266eeeabea	28887eb2dd71b2d61668f65dd373b08db80b7c51	567	4	28356.8	12.6116	28357	12.48	4969	27.8512	unclassified	chr7	103195362	103200340	0	4968	-	4979	4967	4963	1	11	4	60	0.999799	0.999195	0.996786	0
PBE64913_skip_063df7c3_28887eb2_40.pod5	d8421220-11cc-499c-891a-34167e333a3e	28887eb2dd71b2d61668f65dd373b08db80b7c51	1100	3	28299.2	80.2146	28299.2	80.2126	32943	27.5765	unclassified	chr14	21397957	21430974	7	32906	-	33039	32877	32847	22	140	30	60	0.998664	0.999088	0.994189	0
PBE64913_skip_063df7c3_28887eb2_40.pod5	f332aa68-082e-4db0-a0f6-77edfcd33e19	28887eb2dd71b2d61668f65dd373b08db80b7c51	871	3	28365	15.9332	28365.1	15.8268	5407	22.3248	unclassified	chr8	72917556	72922956	0	5394	+	5407	5387	5371	7	13	16	60	0.997596	0.99703	0.993342	0
PBE64913_skip_063df7c3_28887eb2_40.pod5	1fe9e9f6-99ad-44cd-aa84-0d6d5c784068	28887eb2dd71b2d61668f65dd373b08db80b7c51	2339	1	28364.8	15.1952	28365	15.036	6182	26.6605	unclassified	chr8	28021666	28027864	0	6180	+	6204	6174	6169	6	24	5	60	0.999676	0.99919	0.994358	0
PBE64913_skip_063df7c3_28887eb2_40.pod5	c46a6775-0ebb-4c00-8338-b27419a1317b	28887eb2dd71b2d61668f65dd373b08db80b7c51	1856	3	28372.5	8.1944	28372.6	8.0496	2628	22.6781	unclassified	chr5	73519922	73522539	6	2628	-	2628	2611	2602	11	6	9	60	0.997717	0.996553	0.990107	0
PBE64913_skip_063df7c3_28887eb2_40.pod5	3439d7cc-3e92-4492-9539-3bd6aac68594	28887eb2dd71b2d61668f65dd373b08db80b7c51	2032	1	28372.6	8.3084	28372.6	8.3064	2168	2.65783	unclassified	*	-1	-1	-1	-1	*	0	0	0	0	0	0	0	0	0	0	0
PBE64913_skip_063df7c3_28887eb2_40.pod5	b625e688-4d58-4ac9-aa7f-37dd4eee7de6	28887eb2dd71b2d61668f65dd373b08db80b7c51	1667	3	28356.3	24.592	28356.3	24.59	9945	9.85244	unclassified	chr1	220920902	220931079	40	9936	+	10443	9630	9069	266	547	561	60	0.995073	0.941745	0.868429	0
PBE64913_skip_063df7c3_28887eb2_40.pod5	a92eee78-5713-4785-8bf9-5224f74ba9d1	28887eb2dd71b2d61668f65dd373b08db80b7c51	2584	2	28370.3	10.1192	28370.3	10.1172	2866	16.2375	unclassified	chrX	30916953	30919654	159	2859	+	2707	2694	2682	6	7	12	60	0.94208	0.995546	0.990765	0
PBE64913_skip_063df7c3_28887eb2_40.pod5	d1624dfd-893d-4f18-957b-e870c11f6b18	28887eb2dd71b2d61668f65dd373b08db80b7c51	639	3	28324.2	56.2364	28324.4	56.07	21749	30.2689	unclassified	chr21	13239817	13261582	0	21742	+	21778	21729	21715	13	36	14	60	0.999678	0.999356	0.997107	0
PBE64913_skip_063df7c3_28887eb2_40.pod5	da21d975-bfa2-451e-93bd-e38ad6ee56fe	28887eb2dd71b2d61668f65dd373b08db80b7c51	1891	3	28357.2	14.8328	28357.3	14.6988	5579	34.2885	unclassified	chr5	16457473	16463056	0	5579	-	5583	5579	5574	0	4	5	60	1	0.999104	0.998388	0
PBE64913_skip_063df7c3_28887eb2_40.pod5	bd7f7276-ddc7-4e54-ac49-d8e87358317d	28887eb2dd71b2d61668f65dd373b08db80b7c51	362	4	28367.3	13.9196	28367.4	13.7988	5644	20.2066	unclassified	chr13	37550048	37555697	0	5635	+	5658	5626	5597	9	23	29	60	0.998405	0.994845	0.989219	0
PBE64913_skip_063df7c3_28887eb2_40.pod5	0480f5ca-27b4-4196-84d4-7d32912a87d6	28887eb2dd71b2d61668f65dd373b08db80b7c51	2964	1	28363.1	17.2968	28363.1	17.2948	8926	21.2262	unclassified	chr2	184809535	184818410	8	8897	-	8916	8848	8807	41	27	41	60	0.995855	0.995366	0.987775	0
PBE64913_skip_063df7c3_28887eb2_40.pod5	7e80f1d7-f9a3-4ef0-a141-5ab25ef0c8fb	28887eb2dd71b2d61668f65dd373b08db80b7c51	908	3	28371.5	8.8196	28371.6	8.6964	3020	27.7654	unclassified	chr1	62386247	62389227	7	3020	-	3013	2980	2971	33	0	9	60	0.997682	0.99698	0.98606	0
PBE64913_skip_063df7c3_28887eb2_40.pod5	a848db11-6b13-48f2-9a82-570853e66b4d	28887eb2dd71b2d61668f65dd373b08db80b7c51	1374	3	28372.7	4.922	28372.8	4.794	1879	25.9457	unclassified	chr8	23898258	23900108	0	1874	+	1876	1848	1846	26	2	2	60	0.997339	0.998918	0.984009	0
PBE64913_skip_063df7c3_28887eb2_40.pod5	8246a9c8-3779-4052-a4f4-c80e2718d924	28887eb2dd71b2d61668f65dd373b08db80b7c51	2278	1	28367.9	12.1568	28368	12.0312	5231	20.957	unclassified	chr9	31447822	31453051	0	5224	+	5244	5209	5196	15	20	13	60	0.998662	0.997504	0.990847	0
PBE64913_skip_063df7c3_28887eb2_40.pod5	15831356-05f0-4231-ae78-e3e2fc520758	28887eb2dd71b2d61668f65dd373b08db80b7c51	2600	4	28358.5	20.9156	28358.6	20.8092	7870	21.0135	unclassified	chr5	170343930	170351797	0	7863	+	7891	7839	7819	24	28	20	60	0.999111	0.997449	0.990876	0
PBE64913_skip_063df7c3_28887eb2_40.pod5	c170ee19-3544-4f80-9886-c9f72b62c7a0	28887eb2dd71b2d61668f65dd373b08db80b7c51	2637	2	28359.8	20.0756	28359.8	20.0736	8742	26.9236	unclassified	chr5	65639934	65648644	37	8733	+	8719	8687	8678	9	23	9	60	0.994738	0.998964	0.995298	0
PBE64913_skip_063df7c3_28887eb2_40.pod5	a4f4b694-628d-4188-bb6b-dd756f555ff1	28887eb2dd71b2d61668f65dd373b08db80b7c51	2219	1	28349.5	30.5816	28349.6	30.4392	11049	24.0154	unclassified	chr4	101066451	101077471	0	11042	+	11056	11006	10993	36	14	13	60	0.999366	0.998819	0.994302	0
PBE64913_skip_063df7c3_28887eb2_40.pod5	0d29cf92-ba2a-41e7-9a4e-487408331946	28887eb2dd71b2d61668f65dd373b08db80b7c51	1958	4	28330.6	48.41	28330.7	48.3288	19977	24.6935	unclassified	chr6	125213037	125233052	0	19977	-	20043	19949	19894	28	66	55	60	1	0.997243	0.992566	0
PBE64913_skip_063df7c3_28887eb2_40.pod5	2ab935f4-bce5-4870-93fa-57d67de71191	28887eb2dd71b2d61668f65dd373b08db80b7c51	1226	2	28361.2	19.6594	28361.2	19.6574	8420	12.5096	unclassified	chr22	46799735	46808128	9	8386	-	8598	8172	7881	205	221	291	60	0.994893	0.964391	0.916609	0
PBE64913_skip_063df7c3_28887eb2_40.pod5	ce70d5fc-7f7d-4d82-acf4-6a0aadef4cf8	28887eb2dd71b2d61668f65dd373b08db80b7c51	1291	2	28308.2	71.1596	28308.2	71.1576	29677	21.7962	unclassified	chr10	82696715	82726181	6	29641	-	29717	29384	29288	251	82	96	60	0.998585	0.996733	0.985564	0
PBE64913_skip_063df7c3_28887eb2_40.pod5	553dde82-47c4-4893-946c-620d14de9dfd	28887eb2dd71b2d61668f65dd373b08db80b7c51	2476	2	28343.9	35.2916	28344	35.1876	11945	15.8203	unclassified	chr7	40905193	40916907	9	11945	-	12092	11558	11382	378	156	176	60	0.999247	0.984772	0.941283	0
PBE64913_skip_063df7c3_28887eb2_40.pod5	c3d91dfa-f59f-439c-9ec0-257fd5158846	28887eb2dd71b2d61668f65dd373b08db80b7c51	1702	4	28271.6	106.642	28271.6	106.64	45158	15.9491	unclassified	chr11	61584794	61630143	6	45060	-	45570	44833	44176	221	516	657	60	0.997697	0.985346	0.96941	0
PBE64913_skip_063df7c3_28887eb2_40.pod5	2e3bf6aa-d954-4c51-93f9-2a7414e5f5fd	28887eb2dd71b2d61668f65dd373b08db80b7c51	1851	4	28379.3	1.6574	28379.3	1.6554	725	10.3625	unclassified	chr11	100113125	100113896	0	725	+	786	710	661	15	61	49	53	1	0.930986	0.840967	0
PBE64913_skip_063df7c3_28887eb2_40.pod5	758abbf2-140d-439c-92ce-2f53ba4cd0b7	28887eb2dd71b2d61668f65dd373b08db80b7c51	2623	3	28370	10.1744	28370.1	10.056	4315	34.5726	unclassified	chr13	90022653	90026961	0	4308	+	4309	4307	4279	1	1	28	60	0.998378	0.993499	0.993038	0
PBE64913_skip_063df7c3_28887eb2_40.pod5	014a6983-576c-43d7-9b0b-4b430ce41f02	28887eb2dd71b2d61668f65dd373b08db80b7c51	2126	2	28364.7	15.4388	28364.8	15.3324	6462	27.8889	unclassified	chr7	20410103	20416568	6	6462	-	6468	6453	6438	3	12	15	60	0.999071	0.997675	0.995362	0
PBE64913_skip_063df7c3_28887eb2_40.pod5	e5b8c2e1-a5f5-4ac0-a77b-c958d42c8600	28887eb2dd71b2d61668f65dd373b08db80b7c51	1062	4	28337.9	32.714	28338	32.622	12972	23.8045	unclassified	chr17	49774861	49787844	0	12972	+	13001	12954	12920	18	29	34	60	1	0.997375	0.99377	0
PBE64913_skip_063df7c3_28887eb2_40.pod5	2caac8ee-8302-462a-8067-40ed85cf3eb7	28887eb2dd71b2d61668f65dd373b08db80b7c51	155	2	28352.5	27.5924	28352.6	27.4668	11304	28.9648	unclassified	chr10	79675442	79686845	0	11299	+	11433	11269	11182	30	134	87	60	0.999558	0.99228	0.978046	0
PBE64913_skip_063df7c3_28887eb2_40.pod5	36b40152-3a40-42f7-8141-80298f87ba1c	28887eb2dd71b2d61668f65dd373b08db80b7c51	369	3	28345.6	34.6796	28345.6	34.6776	14718	26.4134	unclassified	chr2	200283217	200297913	0	14677	-	14714	14659	14622	18	37	37	60	0.997214	0.997476	0.993747	0
PBE64913_skip_063df7c3_28887eb2_40.pod5	20a14970-8e2c-4a87-94c2-2861707d4986	28887eb2dd71b2d61668f65dd373b08db80b7c51	1919	2	28373.2	7.8896	28373.4	7.7112	3135	31.8908	unclassified	chr2	26424681	26427810	8	3135	-	3129	3127	3126	0	2	1	60	0.997448	0.99968	0.999041	0
PBE64913_skip_063df7c3_28887eb2_40.pod5	4bfdd749-975c-4ddf-acdf-583778a749b6	28887eb2dd71b2d61668f65dd373b08db80b7c51	2730	3	28303.8	75.5768	28304.1	75.2736	29448	25.5867	unclassified	chr3	37714314	37743752	0	29442	+	29472	29408	29376	34	30	32	60	0.999796	0.998912	0.996743	0
PBE64913_skip_063df7c3_28887eb2_40.pod5	36e58ee9-e0a6-4a9a-942d-b4400f8cce60	28887eb2dd71b2d61668f65dd373b08db80b7c51	2575	2	28377	4.1552	28377.1	4.0584	1505	33.8406	unclassified	chr1	172474194	172475692	6	1505	-	1499	1498	1498	1	0	0	60	0.996013	1	0.999333	0
PBE64913_skip_063df7c3_28887eb2_40.pod5	2ad5d52c-8e1a-4978-bb8e-e2e3d68b42d2	28887eb2dd71b2d61668f65dd373b08db80b7c51	1148	2	28376.6	5.1512	28376.7	5.0208	1967	28.7994	unclassified	chr4	103272540	103274507	1	1967	+	1967	1966	1960	0	1	6	60	0.999492	0.996948	0.996441	0
PBE64913_skip_063df7c3_28887eb2_40.pod5	a9010252-a48e-4a03-a561-5b3be31b1ad3	28887eb2dd71b2d61668f65dd373b08db80b7c51	2289	1	28373.3	8.1436	28373.3	8.1416	3590	28.8728	unclassified	chr4	161907891	161911434	37	3584	+	3547	3543	3539	4	0	4	60	0.988022	0.998871	0.997745	0
PBE64913_skip_063df7c3_28887eb2_40.pod5	fa4d8bd9-f299-440a-a57b-b9c58f250927	28887eb2dd71b2d61668f65dd373b08db80b7c51	2609	4	28377.3	4.1552	28377.6	3.8808	977	14.3408	unclassified	chr7	90140479	90141458	7	977	-	990	959	940	11	20	19	60	0.992835	0.980188	0.949495	0
PBE64913_skip_063df7c3_28887eb2_40.pod5	ee53e056-dc02-4972-859e-acad80612cab	28887eb2dd71b2d61668f65dd373b08db80b7c51	2571	2	28357	23.2352	28357.1	23.1072	9832	29.2287	unclassified	chrX	44586042	44595905	6	9832	-	9874	9815	9787	11	48	28	60	0.99939	0.997147	0.991189	0
PBE64913_skip_063df7c3_28887eb2_40.pod5	e0b07b10-1e43-4fae-ab86-4fcefe280d27	28887eb2dd71b2d61668f65dd373b08db80b7c51	2457	3	28355.6	24.5066	28355.6	24.5046	10473	30.6572	unclassified	chr9	135445051	135454189	6	10433	-	10439	9126	9124	1301	12	2	60	0.995608	0.999781	0.87403	0
PBE64913_skip_063df7c3_28887eb2_40.pod5	4e974dc4-ea1d-404c-8644-d867d5a22176	28887eb2dd71b2d61668f65dd373b08db80b7c51	1780	3	28330.7	49.4576	28330.8	49.362	19707	27.7106	unclassified	chr9	100624648	100644360	6	19707	-	19740	19673	19639	28	39	34	60	0.999696	0.998272	0.994883	0
PBE64913_skip_063df7c3_28887eb2_40.pod5	064fb7d1-d9fb-4859-b971-b393bd3c6713	28887eb2dd71b2d61668f65dd373b08db80b7c51	768	1	28319.8	59.924	28319.9	59.8296	23707	29.849	unclassified	chr21	38829628	38853307	10	23707	-	23714	23662	23614	35	17	48	60	0.999578	0.997971	0.995783	0
PBE64913_skip_063df7c3_28887eb2_40.pod5	9ae49e2d-922e-4394-a641-f5567fdaef4c	28887eb2dd71b2d61668f65dd373b08db80b7c51	1368	4	28305	75.0056	28305.1	74.8656	27301	32.2636	unclassified	chr4	126028196	126055505	0	27294	+	27322	27281	27244	13	28	37	60	0.999744	0.998644	0.997145	0
PBE64913_skip_063df7c3_28887eb2_40.pod5	787a23e0-1834-4f18-8158-8156975a2aad	28887eb2dd71b2d61668f65dd373b08db80b7c51	1783	2	28298.4	81.3092	28298.6	81.15	32602	29.0067	unclassified	chr9	16525585	16558249	0	32593	+	32689	32568	32522	25	96	46	60	0.999724	0.998588	0.994891	0
PBE64913_skip_063df7c3_28887eb2_40.pod5	835c9aea-683d-4dc2-b403-f106ee778adb	28887eb2dd71b2d61668f65dd373b08db80b7c51	1846	1	28352.1	28.1916	28352.1	28.1896	17639	8.1677	unclassified	chr5	122072741	122091653	12	17604	-	19345	17159	15775	433	1753	1384	60	0.997335	0.919343	0.815456	0
PBE64913_skip_063df7c3_28887eb2_40.pod5	b12de1e9-7be4-4143-80ea-b1ffaf830f16	28887eb2dd71b2d61668f65dd373b08db80b7c51	2857	2	28303.8	76.214	28303.9	76.062	26263	31.9812	unclassified	chr12	128627867	128654138	0	26256	+	26277	26250	26235	6	21	15	60	0.999733	0.999429	0.998402	0
PBE64913_skip_063df7c3_28887eb2_40.pod5	c5033fc8-6be1-44a5-becd-8603cc8c2415	28887eb2dd71b2d61668f65dd373b08db80b7c51	1723	3	28265.6	113.37	28265.8	113.239	46048	26.2804	unclassified	chr7	18567608	18613636	0	46038	+	46093	45973	45890	65	55	83	60	0.999783	0.998195	0.995596	0
PBE64913_skip_063df7c3_28887eb2_40.pod5	42cbf65e-d5e1-4c29-ab36-6e854e572535	28887eb2dd71b2d61668f65dd373b08db80b7c51	1050	4	28376.9	5.2316	28377.2	4.9812	1252	30.2734	unclassified	chr9	71008616	71009862	6	1252	-	1246	1246	1246	0	0	0	60	0.995208	1	1	0
PBE64913_skip_063df7c3_28887eb2_40.pod5	f3f93546-afbe-4c1f-a7cd-0b0810f8946c	28887eb2dd71b2d61668f65dd373b08db80b7c51	1678	2	28366.3	15.1708	28366.3	15.1688	6593	27.7649	unclassified	chr17	60269443	60276005	26	6587	+	6572	6551	6546	10	11	5	60	0.995146	0.999237	0.996044	0
PBE64913_skip_063df7c3_28887eb2_40.pod5	cd8b2d75-1092-4f92-8f15-c90c1cf4fc55	28887eb2dd71b2d61668f65dd373b08db80b7c51	1385	1	28377.7	4.046	28377.7	4.044	1664	32.9611	unclassified	chr10	28479007	28480623	38	1656	+	1618	1616	1614	2	0	2	60	0.972356	0.998762	0.997528	0
PBE64913_skip_063df7c3_28887eb2_40.pod5	7b22d20f-0d8f-4dc3-9023-01094f0facb0	28887eb2dd71b2d61668f65dd373b08db80b7c51	410	1	28352.1	29.519	28352.1	29.517	12217	10.0339	unclassified	chr5	32120550	32133114	36	12211	+	12836	11903	11232	272	661	671	60	0.996562	0.943628	0.875039	0
PBE64913_skip_063df7c3_28887eb2_40.pod5	71b6d3ff-ee2b-4c39-95ad-d6c6eefa37de	28887eb2dd71b2d61668f65dd373b08db80b7c51	1437	2	28368.5	13.178	28368.6	13.05	5706	23.362	unclassified	chrX	122924097	122929805	4	5706	-	5711	5699	5686	3	9	13	60	0.999299	0.997719	0.995622	0
PBE64913_skip_063df7c3_28887eb2_40.pod5	2955fe04-f9c6-45ad-8f3f-9f49e276f0ea	28887eb2dd71b2d61668f65dd373b08db80b7c51	2816	1	28336.4	35.6228	28336.4	35.6208	16548	21.8031	unclassified	chrX	73810273	73826704	0	16421	-	16464	16388	16346	33	43	42	60	0.992325	0.997437	0.992833	0
PBE64913_skip_063df7c3_28887eb2_40.pod5	83defbaf-08ee-484e-bb17-e8c4a006d2b5	28887eb2dd71b2d61668f65dd373b08db80b7c51	1512	1	28367.6	14.606	28367.7	14.502	6000	28.0453	unclassified	chr4	116838878	116844863	7	6000	-	5997	5981	5973	12	4	8	60	0.998833	0.998662	0.995998	0
PBE64913_skip_063df7c3_28887eb2_40.pod5	f844389e-e817-4133-b486-bd3aecce5106	28887eb2dd71b2d61668f65dd373b08db80b7c51	1795	4	28362.3	10.6556	28362.5	10.4688	4860	26.6824	unclassified	chr12	86495158	86500012	0	4859	+	4863	4850	4841	9	4	9	60	0.999794	0.998144	0.995476	0
PBE64913_skip_063df7c3_28887eb2_40.pod5	0035671d-7501-46c0-b6b5-9248ae4b4073	28887eb2dd71b2d61668f65dd373b08db80b7c51	2132	4	28320.1	61.0592	28320.2	60.9192	24739	29.1111	unclassified	chr18	71405136	71429772	8	24737	-	24750	24615	24579	114	21	36	60	0.999596	0.998537	0.993091	0
PBE64913_skip_063df7c3_28887eb2_40.pod5	f87c3c25-fb8f-4ca7-99f1-1d07532a9d96	28887eb2dd71b2d61668f65dd373b08db80b7c51	2567	2	28339.3	32.996	28339.3	32.994	13977	30.4508	unclassified	chr6	63832876	63841939	4901	13977	+	9078	9061	9047	15	2	14	60	0.649352	0.998455	0.996585	0
PBE64913_skip_063df7c3_28887eb2_40.pod5	13226f7f-8eb7-4b7d-aecc-1eb6b2feba83	28887eb2dd71b2d61668f65dd373b08db80b7c51	1566	2	28375.2	6.9464	28375.4	6.8208	3529	25.3193	unclassified	chr2	106432801	106436320	0	3522	+	3527	3514	3502	8	5	12	50	0.998016	0.996585	0.992912	0
PBE64913_skip_063df7c3_28887eb2_40.pod5	a4c05852-8370-4e88-9400-8a59003cd1d4	28887eb2dd71b2d61668f65dd373b08db80b7c51	1835	4	28342.4	38.2676	28342.5	38.1564	16087	25.6655	unclassified	chr12	9603175	9619278	0	16087	-	16199	15991	15937	96	112	54	60	1	0.996623	0.983826	0
PBE64913_skip_063df7c3_28887eb2_40.pod5	4e3caf5d-df8b-4991-a42b-d3d43f99227c	28887eb2dd71b2d61668f65dd373b08db80b7c51	1723	3	28379.2	3.235	28379.2	3.233	1784	25.7362	unclassified	chr10	52133034	52134782	0	1751	-	1754	1745	1742	6	3	3	60	0.981502	0.998281	0.993159	0
PBE64913_skip_063df7c3_28887eb2_40.pod5	21de2f1b-d020-479f-93be-1c99a1536862	28887eb2dd71b2d61668f65dd373b08db80b7c51	2208	2	28335.3	46.1528	28335.4	46.032	17541	25.5765	unclassified	chr6	42616854	42634389	7	17541	-	17587	17482	17451	52	53	31	60	0.999601	0.998227	0.992267	0
PBE64913_skip_063df7c3_28887eb2_40.pod5	ac6e44a5-37d6-449f-95cb-8b4234bd4afd	28887eb2dd71b2d61668f65dd373b08db80b7c51	2965	1	28325	56.0534	28325	56.0514	22033	34.7844	unclassified	chr6	59261262	59268130	7	6874	-	6868	6867	6812	0	1	55	2	0.311669	0.991991	0.991846	0
PBE64913_skip_063df7c3_28887eb2_40.pod5	a57c35b1-2a96-4227-bad3-abe948d84a22	28887eb2dd71b2d61668f65dd373b08db80b7c51	555	3	28356.6	24.897	28356.6	24.895	11227	35.0331	unclassified	chr1	143216504	143233618	22	11227	+	17148	11171	10931	34	5943	240	13	0.99804	0.978516	0.63745	0
PBE64913_skip_063df7c3_28887eb2_40.pod5	a2cd79ec-c0f0-4846-b9c9-78a44b09fe7e	28887eb2dd71b2d61668f65dd373b08db80b7c51	1222	2	28367.9	14.3744	28368.1	14.256	5765	31.1053	unclassified	chr6	81876225	81881998	10	5765	-	5775	5753	5746	2	20	7	60	0.998265	0.998783	0.994978	0
PBE64913_skip_063df7c3_28887eb2_40.pod5	ad859692-bfdb-4e98-92a9-81f54d3dfbb0	28887eb2dd71b2d61668f65dd373b08db80b7c51	2515	2	28336.4	45.3524	28336.5	45.2556	17325	28.3955	unclassified	chr4	79033084	79050415	0	17316	+	17341	17306	17281	10	25	25	60	0.999481	0.998555	0.99654	0
PBE64913_skip_063df7c3_28887eb2_40.pod5	49794a55-749d-4167-a8e5-bd27527d5812	28887eb2dd71b2d61668f65dd373b08db80b7c51	648	1	28365.5	16.7708	28365.6	16.6788	8291	24.3301	unclassified	chr7	15743709	15752000	0	8284	+	8302	8273	8254	11	18	19	60	0.999156	0.997703	0.994218	0
PBE64913_skip_063df7c3_28887eb2_40.pod5	61aeb7f3-a932-4efa-a5c3-70eb47c250be	28887eb2dd71b2d61668f65dd373b08db80b7c51	2361	1	28352.4	29.5734	28352.5	29.5714	7377	5.27998	unclassified	*	-1	-1	-1	-1	*	0	0	0	0	0	0	0	0	0	0	0
PBE64913_skip_063df7c3_28887eb2_40.pod5	4b704b85-bf5b-450a-a6be-fb6aea29f0b5	28887eb2dd71b2d61668f65dd373b08db80b7c51	610	3	28360.4	22.262	28360.5	22.1676	9024	28.2225	unclassified	chr15	46830470	46839488	8	9024	-	9027	9007	8990	9	11	17	60	0.999114	0.998113	0.995901	0
PBE64913_skip_063df7c3_28887eb2_40.pod5	80e166ac-9304-46fb-b7aa-b694ce4e5f8e	28887eb2dd71b2d61668f65dd373b08db80b7c51	1333	3	28364.4	18.2754	28364.4	18.2734	7178	24.1044	unclassified	chr8	29992366	29999524	32	7168	+	7166	7128	7107	8	30	21	60	0.994149	0.997054	0.991767	0
PBE64913_skip_063df7c3_28887eb2_40.pod5	22ad5881-3015-49d4-941e-9a66e06e9044	28887eb2dd71b2d61668f65dd373b08db80b7c51	2412	4	28325.8	55.7912	28326	55.674	23384	29.8865	unclassified	chr1	193103783	193127158	0	23377	+	23400	23352	23337	25	23	15	60	0.999701	0.999358	0.997308	0
PBE64913_skip_063df7c3_28887eb2_40.pod5	5e5bc8ec-b457-4610-abab-37108e67a869	28887eb2dd71b2d61668f65dd373b08db80b7c51	1411	2	28343.3	38.4738	28343.3	38.4718	16042	29.7607	unclassified	chr7	6736111	6752123	32	16038	+	16026	15992	15988	14	20	4	60	0.997756	0.99975	0.997629	0
PBE64913_skip_063df7c3_28887eb2_40.pod5	420c6a42-8a77-47d8-98dc-924dbca04f06	28887eb2dd71b2d61668f65dd373b08db80b7c51	2056	3	28327.5	54.4592	28327.6	54.3804	21360	27.591	unclassified	chr1	201523112	201544469	0	21353	+	21373	21337	21318	16	20	19	60	0.999672	0.99911	0.997427	0
PBE64913_skip_063df7c3_28887eb2_40.pod5	f45bbfe0-f64a-4d40-b71a-e181aa79c793	28887eb2dd71b2d61668f65dd373b08db80b7c51	894	1	28369.9	12.841	28369.9	12.839	5530	18.8341	unclassified	chr5	77764712	77770502	36	5523	+	5827	5450	5397	37	340	53	60	0.992224	0.990275	0.926206	0
PBE64913_skip_063df7c3_28887eb2_40.pod5	2f04e058-14ee-462c-90db-d4e44343b30f	28887eb2dd71b2d61668f65dd373b08db80b7c51	58	2	28381.6	1.3964	28381.7	1.2636	559	20.3674	unclassified	chr12	122097204	122097761	0	559	+	559	557	554	2	0	3	60	1	0.994614	0.991055	0
PBE64913_skip_063df7c3_28887eb2_40.pod5	d0a7b313-3904-4d9a-bbca-d6bd85aee1b7	28887eb2dd71b2d61668f65dd373b08db80b7c51	2344	1	28337.8	44.2328	28337.9	44.0976	17498	12.6679	unclassified	chr9	63433982	63451746	0	17489	+	18068	17185	16653	304	579	532	53	0.999486	0.969043	0.921685	0
PBE64913_skip_063df7c3_28887eb2_40.pod5	323984d1-f04c-478d-a831-f81c61c2a1b0	28887eb2dd71b2d61668f65dd373b08db80b7c51	957	1	28359.7	21.214	28359.7	21.212	8535	25.9263	unclassified	chr12	22233835	22242336	32	8530	+	8512	8487	8463	11	14	24	60	0.995665	0.997172	0.994243	0
PBE64913_skip_063df7c3_28887eb2_40.pod5	a9d3b881-6b66-469e-9889-e717a679d8ef	28887eb2dd71b2d61668f65dd373b08db80b7c51	2027	1	28352	28.5012	28352.1	28.4992	8774	13.9606	unclassified	chr3	53173427	53182137	0	8710	-	8835	8585	8416	125	125	169	60	0.992706	0.980314	0.952575	0
PBE64913_skip_063df7c3_28887eb2_40.pod5	639a6916-375d-4d6e-8ef1-3dddf8535eeb	28887eb2dd71b2d61668f65dd373b08db80b7c51	294	1	28378.1	4.9868	28378.2	4.8972	2033	9.75698	unclassified	chr4	46948758	46950808	11	2021	-	2107	1953	1825	57	97	128	60	0.988687	0.93446	0.86616	0
PBE64913_skip_063df7c3_28887eb2_40.pod5	490c49a9-3ae1-405b-a3ed-39c4c0509e8f	28887eb2dd71b2d61668f65dd373b08db80b7c51	1044	1	28335.9	44.6456	28336.1	44.5344	17831	29.833	unclassified	chr13	94815547	94833391	0	17831	-	17867	17808	17780	23	36	28	60	1	0.998428	0.995131	0
PBE64913_skip_063df7c3_28887eb2_40.pod5	d823eaa0-5f34-4dfb-8092-7c237a5f1b6a	28887eb2dd71b2d61668f65dd373b08db80b7c51	217	4	28334.3	46.4744	28334.5	46.278	19247	29.0978	unclassified	chr5	35206706	35225939	0	19240	+	19254	19219	19213	21	14	6	60	0.999636	0.999688	0.997871	0
PBE64913_skip_063df7c3_28887eb2_40.pod5	31f11c9f-c25b-4682-9069-f59066f800f0	28887eb2dd71b2d61668f65dd373b08db80b7c51	1557	3	28330.2	50.3324	28330.3	50.1996	21107	24.4065	unclassified	chr1	105444388	105458241	7238	21107	-	13894	13828	13781	41	25	47	60	0.657081	0.996601	0.991867	0
PBE64913_skip_063df7c3_28887eb2_40.pod5	f74b89ad-c263-4e25-9a78-d7145082aac6	28887eb2dd71b2d61668f65dd373b08db80b7c51	1815	2	28365.4	16.9796	28365.4	16.902	7176	33.6355	unclassified	chrX	104832911	104840085	0	7170	+	7175	7169	7168	1	5	1	60	0.999164	0.999861	0.999024	0
PBE64913_skip_063df7c3_28887eb2_40.pod5	c632f411-cd70-42a5-b74c-dd1f65392e21	28887eb2dd71b2d61668f65dd373b08db80b7c51	2548	2	28375.9	5.4176	28375.9	5.4156	1670	23.6623	unclassified	chr13	22969401	22971037	0	1635	-	1636	1635	1632	0	1	3	60	0.979042	0.998165	0.997555	0
PBE64913_skip_063df7c3_28887eb2_40.pod5	9bd6867e-bdc4-47af-b1fd-6b7429bfa950	28887eb2dd71b2d61668f65dd373b08db80b7c51	799	1	28332.5	47.9948	28332.6	47.8956	19747	26.7289	unclassified	chr8	131610800	131630547	0	19740	+	19770	19717	19673	23	30	44	60	0.999646	0.997768	0.995094	0
PBE64913_skip_063df7c3_28887eb2_40.pod5	27753e02-1b3b-4b16-9d8f-cc4835df0676	28887eb2dd71b2d61668f65dd373b08db80b7c51	2729	4	28333	47.2688	28333.1	47.172	19969	24.2111	unclassified	chr21	24569968	24589965	0	19959	+	20020	19936	19865	23	61	71	60	0.999499	0.996439	0.992258	0
PBE64913_skip_063df7c3_28887eb2_40.pod5	432d6932-fc8b-436d-9957-3d4471108f52	28887eb2dd71b2d61668f65dd373b08db80b7c51	982	4	28363.8	18.9092	28363.9	18.7932	9896	19.9273	unclassified	chr3	1434047	1443991	7	9896	-	9975	9858	9805	31	86	53	60	0.999293	0.994624	0.982957	0
PBE64913_skip_063df7c3_28887eb2_40.pod5	08e4a834-c818-476b-9b91-75bee5328e2a	28887eb2dd71b2d61668f65dd373b08db80b7c51	893	1	28342.4	39.4736	28342.5	39.3744	16458	29.363	unclassified	chr8	134007306	134023757	7	16458	-	16457	16445	16437	6	6	8	60	0.999575	0.999514	0.998785	0
PBE64913_skip_063df7c3_28887eb2_40.pod5	037258a3-df44-4c56-8d06-de02caa75c02	28887eb2dd71b2d61668f65dd373b08db80b7c51	55	1	28334.5	47.006	28334.6	46.8576	17505	25.0786	unclassified	chrX	35936418	35953930	8	17505	-	17539	17470	17439	27	42	31	60	0.999543	0.998226	0.994298	0
PBE64913_skip_063df7c3_28887eb2_40.pod5	16f37dfa-1d5a-41a0-9366-7d3f4ce73f45	28887eb2dd71b2d61668f65dd373b08db80b7c51	700	4	28344.2	38.4254	28344.2	38.4234	18605	18.0021	unclassified	chr6	9612791	9631418	15	18569	-	18749	18432	18279	122	195	153	60	0.997259	0.991699	0.974932	0
PBE64913_skip_063df7c3_28887eb2_40.pod5	61a89d4c-cf00-4305-9153-5d9316d8fe8a	28887eb2dd71b2d61668f65dd373b08db80b7c51	2042	4	28308.1	72.4232	28308.3	72.3036	29161	29.0242	unclassified	chr1	173815050	173844241	6	29161	-	29212	29134	29099	21	57	35	60	0.999794	0.998799	0.996132	0
PBE64913_skip_063df7c3_28887eb2_40.pod5	73d95890-9a3a-48aa-9d6d-8e1b3f5c3d0a	28887eb2dd71b2d61668f65dd373b08db80b7c51	2911	2	28375.7	6.5408	28375.9	6.384	2602	30.0762	unclassified	chr13	37828456	37831058	0	2602	+	2603	2601	2597	1	1	4	60	1	0.998462	0.997695	0
PBE64913_skip_063df7c3_28887eb2_40.pod5	83861a03-1d66-42ca-b383-2ecc63e59340	28887eb2dd71b2d61668f65dd373b08db80b7c51	2023	1	28357.1	25.3436	28357.3	25.146	10279	32.2336	unclassified	chrX	34235841	34246117	0	10272	+	10278	10270	10264	2	6	6	60	0.999319	0.999416	0.998638	0
PBE64913_skip_063df7c3_28887eb2_40.pod5	b7b15cdd-26f6-4f4a-b4ad-a4527471affa	28887eb2dd71b2d61668f65dd373b08db80b7c51	1355	4	28349.8	32.834	28350	32.658	13374	28.1376	unclassified	chr5	142525840	142538901	8	13374	-	13389	13038	13004	328	23	34	60	0.999402	0.997392	0.971245	0
PBE64913_skip_063df7c3_28887eb2_40.pod5	bb4b8b3a-1186-48fc-9631-a5202d091b0d	28887eb2dd71b2d61668f65dd373b08db80b7c51	1301	1	28261	117.699	28261.1	117.601	48561	27.0391	unclassified	chr18	61936201	61984668	0	48561	+	48684	48344	48234	217	123	110	60	1	0.997725	0.990757	0
PBE64913_skip_063df7c3_28887eb2_40.pod5	b21e0a4f-b5ea-4017-ad8b-a2b1ef28c6ee	28887eb2dd71b2d61668f65dd373b08db80b7c51	554	1	28379.8	3.0398	28379.8	3.0378	1372	30.874	unclassified	chr5	62867088	62868423	6	1341	-	1335	1335	1327	0	0	8	38	0.973032	0.994007	0.994007	0
PBE64913_skip_063df7c3_28887eb2_40.pod5	6988907e-35e9-447f-b8a5-6f1022e820bf	28887eb2dd71b2d61668f65dd373b08db80b7c51	1212	1	28360.5	22.1708	28360.7	22.0032	9543	21.9503	unclassified	chr15	29097623	29107167	7	9541	-	9560	9518	9473	16	26	45	60	0.999057	0.995272	0.9909	0
PBE64913_skip_063df7c3_28887eb2_40.pod5	b0a1ea37-866f-4696-8f6f-f489968bf214	28887eb2dd71b2d61668f65dd373b08db80b7c51	1837	1	28357.6	24.5992	28357.6	24.5972	11195	13.2486	unclassified	chr1	113831816	113843053	12	11160	-	11421	10964	10692	184	273	272	60	0.995802	0.975192	0.93617	0
PBE64913_skip_063df7c3_28887eb2_40.pod5	cc9963fa-ea5c-42c0-ac99-3f5f163a689f	28887eb2dd71b2d61668f65dd373b08db80b7c51	1470	3	28348.3	34.4492	28348.5	34.2108	13524	28.7703	unclassified	chr10	1553566	1567033	8	13524	-	13656	13327	13281	189	140	46	60	0.999408	0.996548	0.97254	0
PBE64913_skip_063df7c3_28887eb2_40.pod5	4bef57d0-42b0-4672-afe9-98c638f3024d	28887eb2dd71b2d61668f65dd373b08db80b7c51	1089	3	28366.6	16.2464	28366.7	16.164	7160	26.5236	unclassified	chr8	123902337	123909490	6	7160	-	7166	7141	7125	13	12	16	60	0.999162	0.997759	0.994279	0
PBE64913_skip_063df7c3_28887eb2_40.pod5	142a1cc3-b68b-475e-af0c-8828ccbf60ce	28887eb2dd71b2d61668f65dd373b08db80b7c51	2545	1	28321.8	60.2972	28321.9	60.174	27913	23.7463	unclassified	chrX	65949862	65977816	7	27913	-	27992	27868	27794	38	86	74	60	0.999749	0.997345	0.992927	0
PBE64913_skip_063df7c3_28887eb2_40.pod5	f020bee3-a84c-4104-a1d0-96b1c5cbc1a7	28887eb2dd71b2d61668f65dd373b08db80b7c51	1620	1	28351.1	29.4746	28351.1	29.4726	12742	34.5633	unclassified	chr9	43479213	43487109	5357	12730	-	7898	7371	7222	2	525	149	1	0.578638	0.979786	0.914409	0
PBE64913_skip_063df7c3_28887eb2_40.pod5	365e9b03-7ac7-403a-9605-1af3a33d63e7	28887eb2dd71b2d61668f65dd373b08db80b7c51	1334	4	28332.5	49.0904	28332.7	48.9	21041	33.3757	unclassified	chr16	46382552	46401626	1112	14316	+	19316	12962	12182	242	6112	780	60	0.627537	0.939824	0.630669	0
PBE64913_skip_063df7c3_28887eb2_40.pod5	aef020f8-0d00-4e6e-8a2e-8d9ee41e617f	28887eb2dd71b2d61668f65dd373b08db80b7c51	2557	3	28346.9	35.504	28347	35.3616	14823	27.9337	unclassified	chr4	134338596	134353428	9	14823	-	14842	14804	14753	10	28	51	60	0.999393	0.996555	0.994003	0
PBE64913_skip_063df7c3_28887eb2_40.pod5	a7ff8f5c-00eb-48a5-8c9a-446d434d9d16	28887eb2dd71b2d61668f65dd373b08db80b7c51	2490	2	28375	7.6052	28375.1	7.4772	2738	26.3547	unclassified	chr8	51790811	51791313	2234	2738	-	505	501	499	3	1	2	60	0.184076	0.996008	0.988119	0
PBE64913_skip_063df7c3_28887eb2_40.pod5	f07e2396-4f38-4e45-b55c-7a02737c6fdc	28887eb2dd71b2d61668f65dd373b08db80b7c51	399	4	28361.5	21.5914	28361.5	21.5894	8907	32.0146	unclassified	chr5	12473118	12481962	25	8899	+	8881	8837	8836	37	7	1	60	0.996295	0.999887	0.994933	0
PBE64913_skip_063df7c3_28887eb2_40.pod5	d50a9720-f488-452a-8e9e-e621b180def6	28887eb2dd71b2d61668f65dd373b08db80b7c51	2079	3	28353	29.7896	28353.1	29.664	13414	27.0585	unclassified	chr4	65435319	65448718	8	13414	-	13415	13390	13369	16	9	21	60	0.999404	0.998432	0.996571	0
PBE64913_skip_063df7c3_28887eb2_40.pod5	cac62dc5-5895-436b-8b14-b9019c90c03b	28887eb2dd71b2d61668f65dd373b08db80b7c51	2111	3	28350	30.3716	28350.1	30.258	12719	35.9747	unclassified	chr1	122569975	122582687	0	12712	+	12727	12697	11699	15	15	998	1	0.99945	0.921399	0.919227	0
PBE64913_skip_063df7c3_28887eb2_40.pod5	8964a46a-31db-4744-b099-2dd6fe0edefa	28887eb2dd71b2d61668f65dd373b08db80b7c51	813	1	28373	10.3234	28373	10.3214	2600	2.51777	unclassified	*	-1	-1	-1	-1	*	0	0	0	0	0	0	0	0	0	0	0
PBE64913_skip_063df7c3_28887eb2_40.pod5	c0cf58b3-539a-4754-ae9b-ef8d01bdbd55	28887eb2dd71b2d61668f65dd373b08db80b7c51	848	3	28308.6	74.108	28308.7	74.0124	30897	25.4757	unclassified	chr16	18538797	18569685	7	30896	-	30941	30836	30778	53	52	58	60	0.999741	0.998119	0.994732	0
PBE64913_skip_063df7c3_28887eb2_40.pod5	d6274c71-0038-45b4-82a0-ae4f0e31c8b8	28887eb2dd71b2d61668f65dd373b08db80b7c51	1082	1	28364.5	18.3056	28364.6	18.1872	7646	27.2849	unclassified	chr1	19772260	19779904	6	7646	-	7651	7633	7631	7	11	2	60	0.999215	0.999738	0.997386	0
PBE64913_skip_063df7c3_28887eb2_40.pod5	0e8914d1-5d8d-4ffd-9eca-ae766d7bf1a4	28887eb2dd71b2d61668f65dd373b08db80b7c51	1270	3	28360.2	22.6364	28360.3	22.5204	9020	25.5032	unclassified	chr5	146844881	146853882	0	9006	+	9022	8985	8963	21	16	22	60	0.998448	0.997552	0.99346	0
PBE64913_skip_063df7c3_28887eb2_40.pod5	28987714-51a0-4320-8120-48c369020515	28887eb2dd71b2d61668f65dd373b08db80b7c51	1829	2	28353.8	28.6196	28353.9	28.518	12261	20.5852	unclassified	chr14	27235008	27247277	0	12254	+	12295	12228	12178	26	41	50	60	0.999429	0.995911	0.990484	0
PBE64913_skip_063df7c3_28887eb2_40.pod5	23a66bb4-716a-4179-9d74-0fb137e134a5	28887eb2dd71b2d61668f65dd373b08db80b7c51	1912	1	28378.8	4.2296	28378.9	4.0872	1626	25.366	unclassified	chr10	94083278	94084901	0	1620	+	1624	1619	1618	1	4	1	60	0.99631	0.999382	0.996305	0
PBE64913_skip_063df7c3_28887eb2_40.pod5	3fc1468c-3948-4520-8527-83bffb526761	28887eb2dd71b2d61668f65dd373b08db80b7c51	1445	3	28369.6	13.4612	28369.7	13.3668	5249	36.4887	unclassified	chr16	46387302	46395595	0	5212	+	8322	5183	5022	29	3110	161	60	0.992951	0.968937	0.603461	0
PBE64913_skip_063df7c3_28887eb2_40.pod5	dcf5b027-dd94-4795-8b78-1b20765f8b39	28887eb2dd71b2d61668f65dd373b08db80b7c51	1101	4	28316.3	64.0964	28316.5	63.9252	21550	20.8725	unclassified	chr4	49709070	49711961	1526	5098	+	3584	2879	2633	693	12	246	60	0.165754	0.914554	0.734654	0
PBE64913_skip_063df7c3_28887eb2_40.pod5	73cab475-b60c-4563-b69b-0698e63c60e8	28887eb2dd71b2d61668f65dd373b08db80b7c51	543	2	28363.3	19.754	28363.4	19.692	12701	12.8037	unclassified	chr14	24422857	24435725	7	12687	+	12991	12557	12266	123	311	291	60	0.998347	0.976826	0.944192	0
PBE64913_skip_063df7c3_28887eb2_40.pod5	381cf1a2-1ce4-4bad-8f2c-59430e8439bf	28887eb2dd71b2d61668f65dd373b08db80b7c51	2599	2	28364.1	18.4784	28364.2	18.3624	8071	26.3362	unclassified	chr7	71449558	71457624	0	8064	+	8077	8053	8034	11	13	19	60	0.999133	0.997641	0.994676	0
PBE64913_skip_063df7c3_28887eb2_40.pod5	64538266-5c95-41d8-9665-c0ca6482e66b	28887eb2dd71b2d61668f65dd373b08db80b7c51	2027	1	28380.6	2.4304	28380.6	2.4284	701	20.9154	unclassified	chr3	53172725	53173417	5	698	-	693	692	691	1	0	1	60	0.988588	0.998555	0.997114	0
PBE64913_skip_063df7c3_28887eb2_40.pod5	2740e861-8bca-4b7a-a62b-ec4990f57426	28887eb2dd71b2d61668f65dd373b08db80b7c51	663	4	28359.4	23.6674	28359.4	23.6654	9488	39.9176	unclassified	chr1	122789037	122799170	31	9483	+	10139	9446	8874	6	687	572	1	0.996206	0.939445	0.875234	0
PBE64913_skip_063df7c3_28887eb2_40.pod5	be653731-9a11-4505-93c8-3a5f78224390	28887eb2dd71b2d61668f65dd373b08db80b7c51	970	1	28333.2	49.5788	28333.4	49.434	14600	25.3566	unclassified	chr4	94752972	94767605	5	14600	-	14638	14590	14562	5	43	28	60	0.999658	0.998081	0.994808	0
PBE64913_skip_063df7c3_28887eb2_40.pod5	a73ffe3d-60d2-4bdd-acff-52f40783f531	28887eb2dd71b2d61668f65dd373b08db80b7c51	2049	1	28376.4	6.4028	28376.5	6.306	2560	26.6191	unclassified	chr5	144064966	144067522	0	2553	+	2556	2553	2548	0	3	5	60	0.997266	0.998042	0.99687	0
PBE64913_skip_063df7c3_28887eb2_40.pod5	ea34a76f-4b4b-49d3-9016-285f6459dbb5	28887eb2dd71b2d61668f65dd373b08db80b7c51	1977	1	28374	8.9708	28374.2	8.8524	3787	30.0647	unclassified	chr1	45977759	45981544	0	3781	+	3789	3777	3768	4	8	9	60	0.998416	0.997617	0.994458	0
PBE64913_skip_063df7c3_28887eb2_40.pod5	8a2e8e87-3292-40ed-8913-df27a4ed944f	28887eb2dd71b2d61668f65dd373b08db80b7c51	309	1	28344.6	29.222	28344.6	29.1252	12363	31.6086	unclassified	chr5	120419119	120431476	0	12363	-	12366	12354	12350	9	3	4	60	1	0.999676	0.998706	0
PBE64913_skip_063df7c3_28887eb2_40.pod5	3e00ac23-b930-4d1e-8f50-83546497a9fc	28887eb2dd71b2d61668f65dd373b08db80b7c51	1631	4	28379	4.2702	28379	4.2682	1786	33.2723	unclassified	chr11	92209617	92211356	39	1778	+	1740	1738	1736	1	1	2	60	0.973684	0.998849	0.997701	0
PBE64913_skip_063df7c3_28887eb2_40.pod5	6bbe1c73-3c4b-481a-b120-d6e36e4bea01	28887eb2dd71b2d61668f65dd373b08db80b7c51	708	4	28364	19.3698	28364	19.3678	5530	19.1069	unclassified	chr1	143215898	143222268	1	5530	+	6469	5430	5305	99	940	125	1	0.999819	0.97698	0.820065	0
PBE64913_skip_063df7c3_28887eb2_40.pod5	55f23142-97a5-4dd3-8f2d-931250dbd163	28887eb2dd71b2d61668f65dd373b08db80b7c51	1129	4	28377.3	6.0882	28377.3	6.0862	2497	25.7859	unclassified	chr5	55232608	55235083	9	2466	-	2476	2456	2453	1	19	3	60	0.983981	0.998779	0.990711	0
PBE64913_skip_063df7c3_28887eb2_40.pod5	1023958e-c76c-4c4d-bf7d-b4b03b76e969	28887eb2dd71b2d61668f65dd373b08db80b7c51	1784	1	28352.6	30.3828	28352.6	30.3808	12694	27.7606	unclassified	chr8	19850986	19863653	28	12689	+	12676	12652	12631	9	15	21	60	0.9974	0.99834	0.99645	0
PBE64913_skip_063df7c3_28887eb2_40.pod5	67779ce8-48bb-4ecc-bd7b-f7be391066c3	28887eb2dd71b2d61668f65dd373b08db80b7c51	1308	1	28312.8	16.1484	28312.8	16.1484	7040	27.3713	unclassified	chr10	40388269	40395967	9	7018	-	7699	7008	6927	1	690	81	1	0.995597	0.988442	0.899727	0
PBE64913_skip_063df7c3_28887eb2_40.pod5	96f2638a-129d-4afe-b72e-64bb02ffd894	28887eb2dd71b2d61668f65dd373b08db80b7c51	1464	3	28303.5	79.1784	28303.5	79.1764	34122	12.5498	unclassified	chr8	135531003	135565321	45	34118	+	34954	33437	32418	636	881	1019	60	0.998564	0.969525	0.927447	0
PBE64913_skip_063df7c3_28887eb2_40.pod5	94a09c08-f141-4c7e-80a5-c377622637ec	28887eb2dd71b2d61668f65dd373b08db80b7c51	293	2	28377.7	5.7908	28377.8	5.6976	2569	24.4627	unclassified	chr11	132608015	132610570	7	2568	-	2566	2550	2540	11	5	10	60	0.996886	0.996078	0.989868	0
PBE64913_skip_063df7c3_28887eb2_40.pod5	fd031915-6860-4531-9f97-d292e1b0b76d	28887eb2dd71b2d61668f65dd373b08db80b7c51	2885	3	28336.3	46.2572	28336.4	46.1604	18867	25.6848	unclassified	chr8	19660316	19679169	8	18867	-	18902	18810	18765	49	43	45	60	0.999576	0.997608	0.992752	0
PBE64913_skip_063df7c3_28887eb2_40.pod5	3d5778a5-4fc5-43ab-8d2c-a84212155640	28887eb2dd71b2d61668f65dd373b08db80b7c51	935	1	28379.3	2.0106	28379.3	2.0086	553	5.91321	unclassified	*	-1	-1	-1	-1	*	0	0	0	0	0	0	0	0	0	0	0
PBE64913_skip_063df7c3_28887eb2_40.pod5	90cf18c3-6684-49e8-8ecd-da327a3f2a30	28887eb2dd71b2d61668f65dd373b08db80b7c51	866	2	28376.1	5.504	28376.2	5.3856	2293	30.2463	unclassified	chr4	173154936	173157231	0	2287	+	2295	2287	2282	0	8	5	60	0.997383	0.997814	0.994336	0
PBE64913_skip_063df7c3_28887eb2_40.pod5	570c9ac9-98e8-4184-85ad-c7111ad6f45c	28887eb2dd71b2d61668f65dd373b08db80b7c51	1473	4	28367.7	13.3544	28367.7	13.2744	5653	29.9433	unclassified	chr8	36310418	36316070	5	5653	-	5653	5647	5643	1	5	4	60	0.999116	0.999292	0.998231	0
PBE64913_skip_063df7c3_28887eb2_40.pod5	af9d2885-2ba3-4a2c-b6e0-7747a1f55d38	28887eb2dd71b2d61668f65dd373b08db80b7c51	1092	3	28366.8	14.3304	28366.8	14.3284	7439	18.1934	unclassified	chr8	137846508	137853915	35	7427	+	7460	7339	7287	53	68	52	60	0.993682	0.992915	0.97681	0
PBE64913_skip_063df7c3_28887eb2_40.pod5	f5fef8ba-b07d-4c0f-ba90-757071481ecb	28887eb2dd71b2d61668f65dd373b08db80b7c51	1581	4	28360.7	20.5976	28360.7	20.5296	8683	22.9284	unclassified	chr19	18461139	18469819	7	8683	-	8698	8658	8634	18	22	24	60	0.999194	0.997228	0.992642	0
PBE64913_skip_063df7c3_28887eb2_40.pod5	109d9c5e-e214-46cb-8092-00041dcc74b8	28887eb2dd71b2d61668f65dd373b08db80b7c51	37	4	28295.8	86.6192	28296	86.5116	33105	26.7676	unclassified	chr5	167150745	167183860	0	33099	+	33150	33064	33033	35	51	31	60	0.999819	0.999062	0.996471	0
PBE64913_skip_063df7c3_28887eb2_40.pod5	b310bfe2-8461-4dd1-8d7f-796b2c3d5c6d	28887eb2dd71b2d61668f65dd373b08db80b7c51	1562	4	28358	23.1816	28358	23.1796	10000	18.2183	unclassified	chr11	7226804	7236775	8	9960	-	10022	9901	9819	51	70	82	60	0.9952	0.991718	0.979745	0
PBE64913_skip_063df7c3_28887eb2_40.pod5	97ea0824-c146-45e9-8859-d6d1ddc6c432	28887eb2dd71b2d61668f65dd373b08db80b7c51	384	4	28373.7	7.6724	28373.9	7.542	3176	22.8007	unclassified	chr2	191428903	191432063	0	3169	+	3176	3153	3146	16	7	7	60	0.997796	0.99778	0.990554	0
PBE64913_skip_063df7c3_28887eb2_40.pod5	89109b4d-9bd0-4bc1-b490-d639bc52c923	28887eb2dd71b2d61668f65dd373b08db80b7c51	958	2	28334.7	40.868	28334.8	40.7976	16340	15.5872	unclassified	chr9	120404415	120420124	0	15665	+	15775	15599	15486	66	110	113	60	0.95869	0.992756	0.98168	0
PBE64913_skip_063df7c3_28887eb2_40.pod5	dc084f2a-b24e-4de3-addc-0fe89959fb28	28887eb2dd71b2d61668f65dd373b08db80b7c51	2265	3	28317.1	63.3256	28317.1	63.3236	27459	27.4762	unclassified	chr6	100386607	100414038	29	27459	+	27453	27408	27381	22	23	27	60	0.998944	0.999015	0.997377	0
PBE64913_skip_063df7c3_28887eb2_40.pod5	fb95a516-5e1d-4bdd-a85f-0d66f34ca630	28887eb2dd71b2d61668f65dd373b08db80b7c51	2040	3	28373.6	8.3252	28373.7	8.226	3631	26.6733	unclassified	chr10	132095200	132098775	0	3624	+	3635	3564	3531	60	11	33	60	0.998072	0.990741	0.971389	0
PBE64913_skip_063df7c3_28887eb2_40.pod5	fc57aaea-a9ad-4b0c-aa85-6b61d6b80651	28887eb2dd71b2d61668f65dd373b08db80b7c51	2855	1	28321.6	58.7948	28321.7	58.662	26177	27.1543	unclassified	chrX	152840163	152866334	0	26168	+	26202	26137	26104	31	34	33	60	0.999656	0.998737	0.99626	0
PBE64913_skip_063df7c3_28887eb2_40.pod5	b287bb35-6473-4335-91ec-ea1bdefe22db	28887eb2dd71b2d61668f65dd373b08db80b7c51	2026	4	28353	28.9084	28353	28.9064	12159	27.965	unclassified	chr16	24313241	24325463	5	12128	-	12236	12109	12072	14	113	37	60	0.997039	0.996944	0.986597	0
PBE64913_skip_063df7c3_28887eb2_40.pod5	a40699c7-c0d9-4a2f-a3f8-a9ea6244c91d	28887eb2dd71b2d61668f65dd373b08db80b7c51	2143	1	28360.3	21.278	28360.4	21.174	9203	27.198	unclassified	chr15	28017788	28026983	0	9197	+	9212	9180	9162	17	15	18	60	0.999348	0.998039	0.994572	0
PBE64913_skip_063df7c3_28887eb2_40.pod5	46b73216-6018-4f35-8a13-dd31ecd58da5	28887eb2dd71b2d61668f65dd373b08db80b7c51	46	2	28343.3	38.8172	28343.4	38.6892	15736	25.5359	unclassified	chr8	133104256	133120005	7	15736	-	15776	15702	15645	27	47	57	60	0.999555	0.99637	0.991696	0
PBE64913_skip_063df7c3_28887eb2_40.pod5	aa2fcdff-a6aa-48dd-97fe-c7d792bffeb7	28887eb2dd71b2d61668f65dd373b08db80b7c51	852	3	28302	78.8792	28302.2	78.7104	33587	28.2579	unclassified	chr19	34434042	34467656	6	33587	-	33654	33541	33494	40	73	47	60	0.999821	0.998599	0.995246	0
PBE64913_skip_063df7c3_28887eb2_40.pod5	e8e68a4f-d8e9-4afd-bf92-9c7bafd4e56d	28887eb2dd71b2d61668f65dd373b08db80b7c51	2319	1	28357	24.7028	28357.2	24.5748	11699	18.9587	unclassified	chr10	116803832	116815528	0	11691	+	11767	11620	11529	71	76	91	60	0.999316	0.992169	0.979774	0
PBE64913_skip_063df7c3_28887eb2_40.pod5	4cd3c29b-3ea7-4d82-8d87-c33f0009bf1f	28887eb2dd71b2d61668f65dd373b08db80b7c51	1343	4	28346.2	35.786	28346.3	35.6688	15120	28.0384	unclassified	chr2	102693537	102709012	0	15111	+	15486	15100	15081	11	375	19	60	0.999405	0.998742	0.973847	0
PBE64913_skip_063df7c3_28887eb2_40.pod5	f19fba6e-ddfd-4700-984e-6f812b87d6f7	28887eb2dd71b2d61668f65dd373b08db80b7c51	1810	1	28347.7	34.3928	28347.8	34.284	14621	31.776	unclassified	chr9	128019798	128034433	0	14612	+	14654	14593	14560	19	42	33	60	0.999384	0.997739	0.993585	0
PBE64913_skip_063df7c3_28887eb2_40.pod5	f32b7ff4-61ac-4f7b-a07a-5da811aea94f	28887eb2dd71b2d61668f65dd373b08db80b7c51	1371	4	28292.2	89.6384	28292.4	89.4576	25762	11.939	unclassified	chr2	96267431	96291803	1158	25752	-	24959	24007	23572	587	365	435	60	0.954662	0.98188	0.944429	0
PBE64913_skip_063df7c3_28887eb2_40.pod5	5c340944-4b23-4ab7-aae8-3398141c1ec9	28887eb2dd71b2d61668f65dd373b08db80b7c51	138	4	28328.6	52.7516	28328.7	52.6068	22041	29.1455	unclassified	chr17	43307460	43323809	8	16974	-	17036	16279	16231	687	70	48	60	0.769747	0.997051	0.952747	0
PBE64913_skip_063df7c3_28887eb2_40.pod5	9a1de083-f385-4c5b-9580-9cc3d041cde4	28887eb2dd71b2d61668f65dd373b08db80b7c51	589	1	28307.7	74.3372	28307.9	74.1708	32799	25.2345	unclassified	chr18	41545619	41578456	7	32799	-	32878	32751	32653	41	86	98	60	0.999787	0.997008	0.993156	0
PBE64913_skip_063df7c3_28887eb2_40.pod5	a23a932d-5f74-4616-86c5-0ef2d8d86d7f	28887eb2dd71b2d61668f65dd373b08db80b7c51	1872	1	28283.2	88.1396	28283.3	88.038	35938	28.7144	unclassified	chr3	40177040	40212198	0	35938	+	36019	35077	34981	861	81	96	60	1	0.997263	0.971182	0
PBE64913_skip_063df7c3_28887eb2_40.pod5	0fe40090-2767-4978-90ab-0f428cd90ada	28887eb2dd71b2d61668f65dd373b08db80b7c51	822	2	28282.4	98.354	28282.6	98.1744	40621	27.242	unclassified	chr18	29321103	29361759	8	40621	-	40665	40604	40562	9	52	42	60	0.999803	0.998966	0.997467	0
PBE64913_skip_063df7c3_28887eb2_40.pod5	abedd918-f420-4d84-8170-cc1434cd4ad9	28887eb2dd71b2d61668f65dd373b08db80b7c51	401	1	28369.1	14.6708	28369.3	14.4732	5443	24.9726	unclassified	chr20	11494773	11500156	0	5434	+	5437	5380	5364	54	3	16	60	0.998347	0.997026	0.986573	0
PBE64913_skip_063df7c3_28887eb2_40.pod5	2a015106-7528-4de1-95b9-c70d1406a0b3	28887eb2dd71b2d61668f65dd373b08db80b7c51	1037	1	28365.4	18.3236	28365.5	18.138	6854	25.3535	unclassified	chr14	60284601	60291446	7	6854	-	6857	6835	6828	12	10	7	60	0.998979	0.998976	0.995771	0
PBE64913_skip_063df7c3_28887eb2_40.pod5	97fa57db-c7cb-466b-9eb7-62e74fe45641	28887eb2dd71b2d61668f65dd373b08db80b7c51	877	3	28356	27.2128	28356	27.2108	10879	25.8703	unclassified	chr1	177389806	177400637	32	10872	+	10850	10821	10809	19	10	12	60	0.996415	0.998891	0.996221	0
PBE64913_skip_063df7c3_28887eb2_40.pod5	f34359d2-daa3-4839-8dcd-20e305ea59c8	28887eb2dd71b2d61668f65dd373b08db80b7c51	449	3	28357	26.198	28357.1	26.058	11172	22.1164	unclassified	chr11	38658772	38669918	1	11164	+	11213	11096	11053	67	50	43	60	0.999194	0.996125	0.985731	0
PBE64913_skip_063df7c3_28887eb2_40.pod5	0d29e4e4-39df-442b-a48a-334d729a1b37	28887eb2dd71b2d61668f65dd373b08db80b7c51	1635	4	28271.5	110.97	28271.6	110.849	39588	28.1142	unclassified	chr14	76837650	76877230	0	39580	+	39698	39462	39377	118	118	85	60	0.999798	0.997846	0.991914	0
PBE64913_skip_063df7c3_28887eb2_40.pod5	28b6f255-ea25-45af-b74d-6a679410a8e2	28887eb2dd71b2d61668f65dd373b08db80b7c51	2550	3	28330.7	52.016	28330.9	51.8592	15511	29.5794	unclassified	chr4	99964565	99980071	0	15505	+	15512	15499	15494	6	7	5	60	0.999613	0.999677	0.99884	0
PBE64913_skip_063df7c3_28887eb2_40.pod5	65329cc8-06c4-46b5-8a5c-0702fa875035	28887eb2dd71b2d61668f65dd373b08db80b7c51	570	1	28318.8	63.7616	28318.9	63.6348	24503	9.87494	unclassified	chr5	71343568	71368588	0	24503	-	25718	23805	22390	698	1215	1415	60	1	0.940559	0.870596	0
PBE64913_skip_063df7c3_28887eb2_40.pod5	5e5cb933-18bc-4cb0-837c-0c2855ca74bb	28887eb2dd71b2d61668f65dd373b08db80b7c51	1223	1	28333.6	49.227	28333.6	49.225	20164	26.3039	unclassified	chr1	214127507	214147676	34	20164	+	20186	20113	20078	17	56	35	60	0.998314	0.99826	0.99465	0
PBE64913_skip_063df7c3_28887eb2_40.pod5	7d9afa6a-0d6a-4646-8228-dc35f4079b16	28887eb2dd71b2d61668f65dd373b08db80b7c51	1948	4	28329	53.7092	28329.2	53.5092	21259	24.8344	unclassified	chr8	69145941	69166308	0	21256	+	21311	20312	20251	944	55	61	60	0.999859	0.996997	0.95026	0
PBE64913_skip_063df7c3_28887eb2_40.pod5	bedafdbe-a524-4213-a53b-ecd2ff03b8a2	28887eb2dd71b2d61668f65dd373b08db80b7c51	1308	1	28329	54.0228	28329.4	53.6352	19516	27.5764	unclassified	chr7	98405680	98425196	6	19516	-	19564	19462	19426	48	54	36	60	0.999693	0.99815	0.992946	0
PBE64913_skip_063df7c3_28887eb2_40.pod5	7dd14188-e8ca-4ab5-83a7-aff4e525cea1	28887eb2dd71b2d61668f65dd373b08db80b7c51	2194	4	28351.9	31.0328	28351.9	30.9504	14026	25.2965	unclassified	chr2	147344785	147358828	7	14026	-	14080	13982	13944	37	61	38	60	0.999501	0.997282	0.990341	0
PBE64913_skip_063df7c3_28887eb2_40.pod5	e0859630-b0f6-4dba-9d12-819cb35ee226	28887eb2dd71b2d61668f65dd373b08db80b7c51	938	1	28379.6	4.2656	28379.7	4.1544	2302	25.7783	unclassified	chr7	159019742	159022048	4	2302	-	2306	2298	2293	0	8	5	60	0.998262	0.997824	0.994363	0
PBE64913_skip_063df7c3_28887eb2_40.pod5	56f38b00-cc73-433c-bb41-5b52e26b74f7	28887eb2dd71b2d61668f65dd373b08db80b7c51	1105	3	28378.9	5.09	28379	5.01	1943	34.4598	unclassified	chr20	2848355	2850299	0	1943	-	1945	1942	1941	1	2	1	60	1	0.999485	0.997943	0
PBE64913_skip_063df7c3_28887eb2_40.pod5	4147b35e-d9c4-4914-b475-c6fb9c761f36	28887eb2dd71b2d61668f65dd373b08db80b7c51	2530	1	28310.2	72.5336	28310.4	72.3936	17795	33.0189	unclassified	chr11	87736931	87754745	0	17795	-	17815	17794	17790	1	20	4	60	1	0.999775	0.998597	0
PBE64913_skip_063df7c3_28887eb2_40.pod5	ab3d9100-b1ed-4f34-a24a-dd3add1b6865	28887eb2dd71b2d61668f65dd373b08db80b7c51	1864	4	28353.2	30.036	28353.2	30.034	11502	12.4628	unclassified	chr2	227451320	227462825	29	11490	+	11750	11216	10860	245	289	356	60	0.996435	0.96826	0.924255	0
PBE64913_skip_063df7c3_28887eb2_40.pod5	bc0f589c-b7a7-475c-be07-ea32e75644f9	28887eb2dd71b2d61668f65dd373b08db80b7c51	2577	1	28346	37.0196	28346.1	36.9468	14230	11.6578	unclassified	chr3	83702709	83716801	0	14223	+	14660	13655	13114	568	437	541	60	0.999508	0.960381	0.894543	0
PBE64913_skip_063df7c3_28887eb2_40.pod5	4ef5965a-5d94-49be-aa36-437fd1d74304	28887eb2dd71b2d61668f65dd373b08db80b7c51	2169	1	28370	13.4484	28370	13.4464	5570	17.9512	unclassified	chr15	97096888	97102405	8	5544	-	5569	5484	5426	52	33	58	60	0.993896	0.989424	0.974322	0
