filename	read_id	run_id	channel	mux	start_time	duration	template_start	template_duration	sequence_length_template	mean_qscore_template	barcode	alignment_genome	alignment_genome_start	alignment_genome_end	alignment_strand_start	alignment_strand_end	alignment_direction	alignment_length	alignment_num_aligned	alignment_num_correct	alignment_num_insertions	alignment_num_deletions	alignment_num_substitutions	alignment_mapq	alignment_strand_coverage	alignment_identity	alignment_accuracy	alignment_bed_hits
PBC68292_skip_a8343fc7_49bbca40_19.pod5	faf94893-4fd2-4aa1-88f9-b7a1db238326	49bbca403119fbcaf15d1a174c1fa0ef541a5e4b	1556	2	13805.8	2.1332	13805.8	2.1312	498	4.06706	unclassified	*	-1	-1	-1	-1	*	0	0	0	0	0	0	0	0	0	0	0
PBC68292_skip_a8343fc7_49bbca40_19.pod5	8f4346a5-31cf-482e-8b87-4ca9aed32696	49bbca403119fbcaf15d1a174c1fa0ef541a5e4b	1230	4	13800.6	3.5162	13800.6	3.5142	762	3.23708	unclassified	*	-1	-1	-1	-1	*	0	0	0	0	0	0	0	0	0	0	0
PBC68292_skip_a8343fc7_49bbca40_19.pod5	640df18f-da12-4170-a11b-8c3ac90a3873	49bbca403119fbcaf15d1a174c1fa0ef541a5e4b	1135	3	13807.7	1.268	13807.8	1.1808	421	24.4596	unclassified	chr3	19694198	19694610	10	421	-	412	411	409	0	1	2	60	0.976247	0.995134	0.992718	0
PBC68292_skip_a8343fc7_49bbca40_19.pod5	e20ac675-0f6a-4eca-8fb2-fb635f142fea	49bbca403119fbcaf15d1a174c1fa0ef541a5e4b	376	3	13802.4	1.37	13802.5	1.2708	616	21.7271	unclassified	chr2	56892114	56892717	11	616	-	606	602	600	3	1	2	60	0.982143	0.996678	0.990099	0
PBC68292_skip_a8343fc7_49bbca40_19.pod5	82bbf8f3-b724-4d80-bc07-d88bfb258ece	49bbca403119fbcaf15d1a174c1fa0ef541a5e4b	1625	1	13810.4	1.598	13810.5	1.4796	608	31.3723	unclassified	chr4	147504080	147504687	0	607	+	607	607	607	0	0	0	60	0.998355	1	1	0
PBC68292_skip_a8343fc7_49bbca40_19.pod5	8a74276b-405f-42c4-8487-cd1b351d187d	49bbca403119fbcaf15d1a174c1fa0ef541a5e4b	479	3	13802.8	1.7008	13802.8	1.6988	818	12.0036	unclassified	chr14	30054191	30054951	28	785	-	763	754	728	3	6	26	60	0.925428	0.965517	0.954128	0
PBC68292_skip_a8343fc7_49bbca40_19.pod5	e8aca483-76a3-4701-8147-5e446dd76c74	49bbca403119fbcaf15d1a174c1fa0ef541a5e4b	1160	1	13806.1	1.6712	13806.3	1.4976	676	25.32	unclassified	chr19	19652140	19652803	0	663	+	663	663	663	0	0	0	60	0.980769	1	1	0
PBC68292_skip_a8343fc7_49bbca40_19.pod5	195b09df-1994-4126-99e2-86a6530fd62b	49bbca403119fbcaf15d1a174c1fa0ef541a5e4b	328	2	13802.9	2.4812	13803	2.3724	904	21.254	unclassified	chr22	24530806	24531704	6	904	-	898	898	898	0	0	0	60	0.993363	1	1	0
PBC68292_skip_a8343fc7_49bbca40_19.pod5	fa81fb0f-0a4c-47bd-ae41-7ad3c6e49a5d	49bbca403119fbcaf15d1a174c1fa0ef541a5e4b	2559	4	13805.8	1.7816	13805.8	1.7796	653	6.84799	unclassified	chr18	67682259	67682907	0	630	+	673	605	551	25	43	54	60	0.964778	0.910744	0.818722	0
PBC68292_skip_a8343fc7_49bbca40_19.pod5	9a68d53d-6fc2-45dd-af9b-2e9c72c7a367	49bbca403119fbcaf15d1a174c1fa0ef541a5e4b	2373	1	13797.1	6.2858	13797.1	6.2838	1227	2.27815	unclassified	*	-1	-1	-1	-1	*	0	0	0	0	0	0	0	0	0	0	0
PBC68292_skip_a8343fc7_49bbca40_19.pod5	22efb0a4-6fae-4ae0-afe2-d5d85a7443c7	49bbca403119fbcaf15d1a174c1fa0ef541a5e4b	541	3	13800.9	3.2442	13800.9	3.2422	1256	31.4785	unclassified	chr14	32236226	32237446	0	1220	-	1220	1220	1217	0	0	3	60	0.971338	0.997541	0.997541	0
PBC68292_skip_a8343fc7_49bbca40_19.pod5	dc84a72b-fae5-41a9-9752-9f5984e6ff94	49bbca403119fbcaf15d1a174c1fa0ef541a5e4b	935	3	13806	1.3752	13806	1.3732	316	6.27804	unclassified	*	-1	-1	-1	-1	*	0	0	0	0	0	0	0	0	0	0	0
PBC68292_skip_a8343fc7_49bbca40_19.pod5	830de4e4-7824-486f-bbbf-6de8823c1f75	49bbca403119fbcaf15d1a174c1fa0ef541a5e4b	2559	4	13809.4	1.3602	13809.4	1.3582	494	9.30404	unclassified	*	-1	-1	-1	-1	*	0	0	0	0	0	0	0	0	0	0	0
PBC68292_skip_a8343fc7_49bbca40_19.pod5	d553f19f-b785-4a07-821c-cf5259e792da	49bbca403119fbcaf15d1a174c1fa0ef541a5e4b	2378	2	13809	2.9022	13809.1	2.9002	575	5.03085	unclassified	*	-1	-1	-1	-1	*	0	0	0	0	0	0	0	0	0	0	0
PBC68292_skip_a8343fc7_49bbca40_19.pod5	15994e6a-74d2-460c-b0a3-930549a0df03	49bbca403119fbcaf15d1a174c1fa0ef541a5e4b	1946	2	13798.2	5.1656	13798.3	5.0592	2228	20.242	unclassified	chr4	6853669	6855911	0	2228	+	2247	2223	2214	5	19	9	60	1	0.995951	0.985314	0
PBC68292_skip_a8343fc7_49bbca40_19.pod5	64e7cd11-458e-44f8-b8da-8a5ae43b29e1	49bbca403119fbcaf15d1a174c1fa0ef541a5e4b	309	1	13803.4	4.3814	13803.4	4.3794	934	2.52685	unclassified	*	-1	-1	-1	-1	*	0	0	0	0	0	0	0	0	0	0	0
PBC68292_skip_a8343fc7_49bbca40_19.pod5	7f19e870-092a-4742-ac69-ed8db1310404	49bbca403119fbcaf15d1a174c1fa0ef541a5e4b	2761	3	13799.9	4.6868	13800	4.5456	2005	27.6178	unclassified	chr9	135848266	135850262	0	2002	+	2004	1994	1993	8	2	1	60	0.998504	0.999498	0.994511	0
PBC68292_skip_a8343fc7_49bbca40_19.pod5	69178834-3590-41c2-bd6a-0088ba015694	49bbca403119fbcaf15d1a174c1fa0ef541a5e4b	728	2	13800	5.894	13800	5.892	2391	23.3402	unclassified	chr16	19167247	19169588	6	2359	-	2357	2337	2332	16	4	5	60	0.984107	0.99786	0.989393	0
PBC68292_skip_a8343fc7_49bbca40_19.pod5	327a697d-583b-47f9-be9a-94b9f2de8610	49bbca403119fbcaf15d1a174c1fa0ef541a5e4b	2204	2	13799	6.3356	13799	6.3336	2530	28.9091	unclassified	chr14	48606102	48608597	5	2500	-	2496	2494	2491	1	1	3	60	0.986166	0.998797	0.997997	0
PBC68292_skip_a8343fc7_49bbca40_19.pod5	a1390f60-deb1-451d-a408-c4951900d72e	49bbca403119fbcaf15d1a174c1fa0ef541a5e4b	2073	4	13802.3	3.5552	13802.3	3.5532	839	2.72957	unclassified	*	-1	-1	-1	-1	*	0	0	0	0	0	0	0	0	0	0	0
PBC68292_skip_a8343fc7_49bbca40_19.pod5	0a96e349-4f2f-495c-aa9d-6541649b3262	49bbca403119fbcaf15d1a174c1fa0ef541a5e4b	1781	1	13797.2	7.1672	13797.3	7.0512	2556	21.1849	unclassified	chr3	101692473	101695028	0	2546	+	2557	2544	2524	2	11	20	60	0.996088	0.992138	0.987094	0
PBC68292_skip_a8343fc7_49bbca40_19.pod5	164b8ef0-1d2c-4c21-a342-5ff866a357d8	49bbca403119fbcaf15d1a174c1fa0ef541a5e4b	594	1	13803.6	5.2842	13803.6	5.2822	1140	3.21719	unclassified	*	-1	-1	-1	-1	*	0	0	0	0	0	0	0	0	0	0	0
PBC68292_skip_a8343fc7_49bbca40_19.pod5	33532e13-fde7-4337-9bb7-872f8dff8ffd	49bbca403119fbcaf15d1a174c1fa0ef541a5e4b	675	3	13798.5	8.283	13798.5	8.281	2804	23.4519	unclassified	chr2	61073052	61075827	4	2770	-	2782	2759	2751	7	16	8	60	0.986448	0.9971	0.988857	0
PBC68292_skip_a8343fc7_49bbca40_19.pod5	51757007-5ee8-46dd-91f9-d96ff7604aa9	49bbca403119fbcaf15d1a174c1fa0ef541a5e4b	894	3	13804.7	7.3376	13804.8	7.224	2986	31.7979	unclassified	chr10	121866478	121869460	0	2986	+	2989	2979	2976	7	3	3	60	1	0.998993	0.995651	0
PBC68292_skip_a8343fc7_49bbca40_19.pod5	c398b2a6-173d-4df5-9437-976c6d7bc5b0	49bbca403119fbcaf15d1a174c1fa0ef541a5e4b	293	4	13792.4	13.9964	13792.5	13.8708	4557	22.1569	unclassified	chrX	78267673	78269633	7	2329	-	2322	1960	1947	362	0	13	60	0.509546	0.993367	0.838501	0
PBC68292_skip_a8343fc7_49bbca40_19.pod5	2541e87c-bb3e-4f52-96bd-27507f3dfd2e	49bbca403119fbcaf15d1a174c1fa0ef541a5e4b	2666	2	13797.5	8.1754	13797.5	8.1734	1856	3.12061	unclassified	*	-1	-1	-1	-1	*	0	0	0	0	0	0	0	0	0	0	0
PBC68292_skip_a8343fc7_49bbca40_19.pod5	c68c1d7f-de89-4413-ad84-105ddcc959fb	49bbca403119fbcaf15d1a174c1fa0ef541a5e4b	1124	4	13799.4	4.1052	13799.4	4.1032	1882	9.72506	unclassified	chr14	43876984	43878890	26	1877	+	1954	1803	1692	48	103	111	60	0.983528	0.938436	0.865916	0
PBC68292_skip_a8343fc7_49bbca40_19.pod5	1c5cc6ef-3651-4bfc-8da6-bcd8497d6bd5	49bbca403119fbcaf15d1a174c1fa0ef541a5e4b	1272	3	13801.8	6.1592	13801.9	6.0324	2313	28.6203	unclassified	chr4	49311700	49314000	2	2305	+	2317	2286	2100	17	14	186	1	0.995677	0.918635	0.906344	0
PBC68292_skip_a8343fc7_49bbca40_19.pod5	d8a30cf6-6aab-4d83-b48c-2dc9c315ab86	49bbca403119fbcaf15d1a174c1fa0ef541a5e4b	2559	4	13802.3	1.6886	13802.3	1.6866	611	6.67182	unclassified	*	-1	-1	-1	-1	*	0	0	0	0	0	0	0	0	0	0	0
PBC68292_skip_a8343fc7_49bbca40_19.pod5	c67eb94f-761a-4842-9176-338893ebaca4	49bbca403119fbcaf15d1a174c1fa0ef541a5e4b	2074	4	13805.1	1.3852	13805.1	1.3832	269	2.98804	unclassified	*	-1	-1	-1	-1	*	0	0	0	0	0	0	0	0	0	0	0
PBC68292_skip_a8343fc7_49bbca40_19.pod5	ab685d65-4589-43a9-ab57-df3cae9ce081	49bbca403119fbcaf15d1a174c1fa0ef541a5e4b	1170	3	13792.6	10.5872	13792.7	10.5	4016	31.0528	unclassified	chr16	69647901	69651909	6	4016	-	4014	4004	4002	6	4	2	60	0.998506	0.999501	0.99701	0
PBC68292_skip_a8343fc7_49bbca40_19.pod5	942ab709-733b-4d6b-afc6-8eb6d0261493	49bbca403119fbcaf15d1a174c1fa0ef541a5e4b	547	3	13799.4	4.2044	13799.6	4.0788	1300	32.0256	unclassified	chr2	137766628	137767922	0	1293	+	1294	1293	1291	0	1	2	60	0.994615	0.998453	0.997682	0
PBC68292_skip_a8343fc7_49bbca40_19.pod5	225ed7de-c99b-4f30-9620-4e8a3673dbf3	49bbca403119fbcaf15d1a174c1fa0ef541a5e4b	1131	3	13798.6	4.7168	13798.7	4.6032	1908	16.7785	unclassified	chr14	35265580	35267501	0	1901	+	1928	1894	1869	7	27	25	60	0.996331	0.9868	0.969398	0
PBC68292_skip_a8343fc7_49bbca40_19.pod5	70e02396-2c15-4c80-9ea5-4f7daed25c0d	49bbca403119fbcaf15d1a174c1fa0ef541a5e4b	1354	2	13791.4	11.8184	13791.5	11.7192	4617	14.8067	unclassified	chr4	80880856	80885238	0	4617	+	4625	4374	4367	243	8	7	60	1	0.9984	0.944216	0
PBC68292_skip_a8343fc7_49bbca40_19.pod5	c41b1c61-76e4-43ea-b617-545ff29673ab	49bbca403119fbcaf15d1a174c1fa0ef541a5e4b	860	3	13800.5	7.1624	13800.7	7.0152	2531	32.1931	unclassified	chr17	35065960	35068486	6	2531	-	2526	2525	2525	0	1	0	60	0.997629	1	0.999604	0
PBC68292_skip_a8343fc7_49bbca40_19.pod5	ec5fc271-7801-4258-a798-f22690b80b5d	49bbca403119fbcaf15d1a174c1fa0ef541a5e4b	1204	2	13802.2	2.5304	13802.3	2.436	985	33.1542	unclassified	chr15	47756426	47757403	8	985	-	977	977	976	0	0	1	60	0.991878	0.998976	0.998976	0
PBC68292_skip_a8343fc7_49bbca40_19.pod5	4d9cd6db-1a05-4480-b5bd-6a170bcabd8c	49bbca403119fbcaf15d1a174c1fa0ef541a5e4b	606	2	13797.8	6.7196	13798	6.5532	2536	29.1987	unclassified	chr21	5710020	5712553	6	2536	-	2539	2524	2523	6	9	1	0	0.997634	0.999604	0.993698	0
PBC68292_skip_a8343fc7_49bbca40_19.pod5	74fc8b86-8cf2-40b0-92ac-7b20fd22c368	49bbca403119fbcaf15d1a174c1fa0ef541a5e4b	648	4	13795.2	8.4476	13795.4	8.298	3211	28.8753	unclassified	chr3	61197043	61200254	6	3211	-	3212	3204	3200	1	7	4	60	0.998131	0.998752	0.996264	0
PBC68292_skip_a8343fc7_49bbca40_19.pod5	f15bd4c1-d3bd-4097-a814-61396e58a34e	49bbca403119fbcaf15d1a174c1fa0ef541a5e4b	2009	3	13798.1	5.3876	13798.2	5.2812	2198	18.656	unclassified	chr17	13048443	13050646	0	2192	+	2215	2180	2161	12	23	19	60	0.99727	0.991284	0.975621	0
PBC68292_skip_a8343fc7_49bbca40_19.pod5	524dec4a-6b61-4cbe-a096-1ead6ef368be	49bbca403119fbcaf15d1a174c1fa0ef541a5e4b	1426	4	13799.4	6.4232	13799.5	6.3384	2957	28.0606	unclassified	chr9	71185802	71188782	0	2950	+	2980	2950	2942	0	30	8	60	0.997633	0.997288	0.987248	0
PBC68292_skip_a8343fc7_49bbca40_19.pod5	8ab0dfbf-aab3-4ed5-a9fd-a0210b46d9c2	49bbca403119fbcaf15d1a174c1fa0ef541a5e4b	1235	4	13796.6	7.131	13796.6	7.129	2620	26.5684	unclassified	chr22	47756570	47759152	4	2585	-	2584	2579	2571	2	3	8	60	0.985115	0.996898	0.994969	0
PBC68292_skip_a8343fc7_49bbca40_19.pod5	63e5946f-1a92-4166-8bb6-f6f29eaa9a9e	49bbca403119fbcaf15d1a174c1fa0ef541a5e4b	939	4	13799	8.2016	13799.1	8.1144	3339	30.0183	unclassified	chr5	100120411	100123741	0	3332	+	3333	3329	3321	3	1	8	60	0.997904	0.997597	0.9964	0
PBC68292_skip_a8343fc7_49bbca40_19.pod5	c7f4e688-a6bb-4017-bc9c-250074a4aedb	49bbca403119fbcaf15d1a174c1fa0ef541a5e4b	2041	2	13791.5	14.6012	13791.6	14.49	5121	34.6991	unclassified	chr1	97693337	97698454	6	5121	-	5118	5114	5113	1	3	1	60	0.998828	0.999804	0.999023	0
PBC68292_skip_a8343fc7_49bbca40_19.pod5	b59bb3c2-eabf-4f5e-92dc-a8ef4d36dd45	49bbca403119fbcaf15d1a174c1fa0ef541a5e4b	1275	1	13791.5	16.25	13791.7	16.0908	7406	24.8477	unclassified	chr5	53924255	53931673	0	7400	+	7428	7390	7374	10	28	16	60	0.99919	0.997835	0.99273	0
PBC68292_skip_a8343fc7_49bbca40_19.pod5	abbcbbd6-0eeb-4e6e-b7af-a42eb71ee0b1	49bbca403119fbcaf15d1a174c1fa0ef541a5e4b	962	1	13795.1	8.3636	13795.2	8.2404	2910	32.0476	unclassified	chrY	56681812	56684783	0	2903	+	2971	2903	2829	0	68	74	4	0.997594	0.974509	0.952205	0
PBC68292_skip_a8343fc7_49bbca40_19.pod5	c90abc91-4898-4a6f-90c2-d71da6353351	49bbca403119fbcaf15d1a174c1fa0ef541a5e4b	487	2	13790.7	13.6568	13790.9	13.512	5422	32.5046	unclassified	chrX	48232796	48238211	0	5415	+	5417	5413	5409	2	2	4	60	0.998709	0.999261	0.998523	0
PBC68292_skip_a8343fc7_49bbca40_19.pod5	62a4dddf-9676-47d9-aa3b-6aba63e82312	49bbca403119fbcaf15d1a174c1fa0ef541a5e4b	149	1	13800	7.766	13800.2	7.65	2848	21.1336	unclassified	chr4	130847050	130849920	8	2846	-	2878	2830	2802	8	40	28	60	0.996489	0.990106	0.973593	0
PBC68292_skip_a8343fc7_49bbca40_19.pod5	fbec6fb4-d746-4238-8ec0-6db66531f930	49bbca403119fbcaf15d1a174c1fa0ef541a5e4b	340	1	13805.6	2.0752	13805.6	2.0732	841	16.6265	unclassified	chr14	19874394	19875197	7	811	-	814	793	781	11	10	12	60	0.956005	0.984868	0.959459	0
PBC68292_skip_a8343fc7_49bbca40_19.pod5	7430191b-9001-4208-9675-252af2ee47d8	49bbca403119fbcaf15d1a174c1fa0ef541a5e4b	1911	2	13802.1	2.8928	13802.2	2.7804	1534	23.5273	unclassified	chr13	103042201	103043731	1	1527	+	1530	1526	1520	0	4	6	60	0.994785	0.996068	0.993464	0
PBC68292_skip_a8343fc7_49bbca40_19.pod5	ecbdd62d-ea1d-4fbb-9f2b-d4f40d237afc	49bbca403119fbcaf15d1a174c1fa0ef541a5e4b	2428	2	13799.7	6.6008	13799.9	6.4728	2699	26.7633	unclassified	chr15	56654766	56657454	10	2699	-	2690	2687	2682	2	1	5	60	0.996295	0.998139	0.997026	0
PBC68292_skip_a8343fc7_49bbca40_19.pod5	3e095f6d-7e32-414e-8d07-816b94844e84	49bbca403119fbcaf15d1a174c1fa0ef541a5e4b	2925	1	13791.4	12.6788	13791.5	12.5796	5112	26.875	unclassified	chr15	47988107	47993194	0	5105	+	5106	5086	5080	19	1	6	60	0.998631	0.99882	0.994908	0
PBC68292_skip_a8343fc7_49bbca40_19.pod5	082b91ab-d8e5-497a-b4de-98378ccb2509	49bbca403119fbcaf15d1a174c1fa0ef541a5e4b	525	3	13801	6.0788	13801.1	5.922	2470	25.5994	unclassified	chr8	60501301	60503765	5	2470	-	2469	2460	2456	5	4	4	60	0.997976	0.998374	0.994735	0
PBC68292_skip_a8343fc7_49bbca40_19.pod5	dd208cff-0892-464d-b4dc-df7add47fca5	49bbca403119fbcaf15d1a174c1fa0ef541a5e4b	309	1	13807.8	2.945	13807.8	2.943	644	2.33293	unclassified	*	-1	-1	-1	-1	*	0	0	0	0	0	0	0	0	0	0	0
PBC68292_skip_a8343fc7_49bbca40_19.pod5	c55c6e4e-e8d9-4835-a9ce-3f26017afb35	49bbca403119fbcaf15d1a174c1fa0ef541a5e4b	1791	1	13802.6	7.2912	13802.6	7.2892	1776	2.81254	unclassified	*	-1	-1	-1	-1	*	0	0	0	0	0	0	0	0	0	0	0
PBC68292_skip_a8343fc7_49bbca40_19.pod5	a8d74b1d-76bf-4733-a059-5165b120ad4f	49bbca403119fbcaf15d1a174c1fa0ef541a5e4b	1138	3	13802.7	5.7812	13802.8	5.6508	2565	30.11	unclassified	chr10	14276078	14278635	7	2565	-	2558	2557	2551	1	0	6	60	0.997271	0.997653	0.997263	0
PBC68292_skip_a8343fc7_49bbca40_19.pod5	02b0a1a2-ff59-49aa-82f2-33a17a107135	49bbca403119fbcaf15d1a174c1fa0ef541a5e4b	60	4	13802.5	9.086	13802.6	9.0036	3928	30.4273	unclassified	chr9	30867729	30871650	0	3923	+	3923	3921	3920	2	0	1	60	0.998727	0.999745	0.999235	0
PBC68292_skip_a8343fc7_49bbca40_19.pod5	0f25d433-adbf-4bc6-8664-b003b4ed7c27	49bbca403119fbcaf15d1a174c1fa0ef541a5e4b	1417	1	13801.3	7.5476	13801.4	7.4244	2454	19.2952	unclassified	chr6	118916522	118918971	7	2454	-	2455	2441	2420	6	8	21	60	0.997148	0.991397	0.985743	0
PBC68292_skip_a8343fc7_49bbca40_19.pod5	e473a358-1f2a-44e8-ab68-4034bb19a173	49bbca403119fbcaf15d1a174c1fa0ef541a5e4b	2023	3	13800.7	6.0326	13800.7	6.0306	2378	29.4845	unclassified	chr6	5108955	5111289	35	2369	+	2334	2334	2325	0	0	9	60	0.981497	0.996144	0.996144	0
PBC68292_skip_a8343fc7_49bbca40_19.pod5	623084a3-d46c-45e0-befa-d5ecb91b013d	49bbca403119fbcaf15d1a174c1fa0ef541a5e4b	2559	4	13807.6	1.8328	13807.6	1.8308	691	8.20229	unclassified	*	-1	-1	-1	-1	*	0	0	0	0	0	0	0	0	0	0	0
PBC68292_skip_a8343fc7_49bbca40_19.pod5	b451e5b4-4bc4-402a-ae8a-7b3bf68202ad	49bbca403119fbcaf15d1a174c1fa0ef541a5e4b	2867	2	13801.4	9.4628	13801.7	9.2196	3442	25.2646	unclassified	chr15	62569179	62572609	0	3439	+	3439	3430	3426	9	0	4	60	0.999128	0.998834	0.99622	0
PBC68292_skip_a8343fc7_49bbca40_19.pod5	a0012fe5-b475-48f9-abf9-aa0b29f3b763	49bbca403119fbcaf15d1a174c1fa0ef541a5e4b	722	4	13787.3	16.2776	13787.4	16.1328	4701	29.1334	unclassified	chr13	17025231	17029919	13	4699	-	4690	4684	4598	2	4	86	1	0.996809	0.98164	0.980384	0
PBC68292_skip_a8343fc7_49bbca40_19.pod5	6a453a92-426c-4ba4-9a4b-f61ba0be3f21	49bbca403119fbcaf15d1a174c1fa0ef541a5e4b	2344	2	13803.5	7.6844	13803.6	7.5876	2691	24.7009	unclassified	chr1	162676910	162679598	0	2684	+	2689	2683	2679	1	5	4	60	0.997399	0.998509	0.996281	0
PBC68292_skip_a8343fc7_49bbca40_19.pod5	5c6c75b9-93ea-4d56-be0a-7fad8f1ca626	49bbca403119fbcaf15d1a174c1fa0ef541a5e4b	342	1	13796.4	8.1764	13796.5	8.0412	3249	30.6731	unclassified	chr14	104047076	104049486	0	2403	+	2411	2402	2397	1	8	5	60	0.739612	0.997918	0.994193	0
PBC68292_skip_a8343fc7_49bbca40_19.pod5	60319614-660c-48bd-9103-fb92840b320d	49bbca403119fbcaf15d1a174c1fa0ef541a5e4b	1367	3	13803.1	6.6716	13803.2	6.558	2674	27.0664	unclassified	chr22	38705194	38707864	8	2674	-	2670	2666	2662	0	4	4	60	0.997008	0.9985	0.997004	0
PBC68292_skip_a8343fc7_49bbca40_19.pod5	fa23af96-93a5-4bb2-b93b-19bc7cf43d65	49bbca403119fbcaf15d1a174c1fa0ef541a5e4b	1798	4	13810.8	1.277	13810.8	1.275	258	4.53696	unclassified	*	-1	-1	-1	-1	*	0	0	0	0	0	0	0	0	0	0	0
PBC68292_skip_a8343fc7_49bbca40_19.pod5	7e9b217b-b1ef-4a3a-ac3e-dcd31baf0ceb	49bbca403119fbcaf15d1a174c1fa0ef541a5e4b	2384	3	13804	5.3672	13804	5.3652	1331	3.71243	unclassified	*	-1	-1	-1	-1	*	0	0	0	0	0	0	0	0	0	0	0
PBC68292_skip_a8343fc7_49bbca40_19.pod5	3b23dccf-1fd1-4f16-b8fc-b59140c36d1e	49bbca403119fbcaf15d1a174c1fa0ef541a5e4b	1363	4	13810.2	2.3288	13810.3	2.208	841	28.6874	unclassified	chr4	94290557	94291387	11	841	-	830	830	829	0	0	1	60	0.98692	0.998795	0.998795	0
PBC68292_skip_a8343fc7_49bbca40_19.pod5	1d03db70-c656-4218-81c3-37bf465653d5	49bbca403119fbcaf15d1a174c1fa0ef541a5e4b	1646	3	13804.6	4.4954	13804.6	4.4934	1609	20.5553	unclassified	chr18	36964170	36965732	5	1566	-	1570	1553	1545	8	9	8	60	0.970168	0.994849	0.984076	0
PBC68292_skip_a8343fc7_49bbca40_19.pod5	74018be5-ab28-47b7-8f5c-04faff6a0aec	49bbca403119fbcaf15d1a174c1fa0ef541a5e4b	1922	2	13809.6	1.9988	13809.7	1.866	773	31.2633	unclassified	chrX	78765043	78765805	11	773	-	762	762	761	0	0	1	60	0.98577	0.998688	0.998688	0
PBC68292_skip_a8343fc7_49bbca40_19.pod5	dba34469-6eec-42c8-8e7a-861c9aeb0ce7	49bbca403119fbcaf15d1a174c1fa0ef541a5e4b	1160	1	13808.5	4.0568	13808.6	3.936	1536	36.3435	unclassified	chr13	55363209	55364740	0	1531	+	1531	1531	1531	0	0	0	60	0.996745	1	1	0
PBC68292_skip_a8343fc7_49bbca40_19.pod5	f53be58e-e193-4a59-be72-9801309bee81	49bbca403119fbcaf15d1a174c1fa0ef541a5e4b	809	3	13799.3	7.7904	13799.3	7.7884	3323	27.1152	unclassified	chr6	133844666	133847952	29	3317	+	3291	3283	3282	5	3	1	60	0.989467	0.999695	0.997265	0
PBC68292_skip_a8343fc7_49bbca40_19.pod5	46090998-1266-451c-98d7-535645f5d652	49bbca403119fbcaf15d1a174c1fa0ef541a5e4b	1376	1	13794.5	13.3484	13794.6	13.2708	5713	28.7437	unclassified	chr2	82045864	82051566	6	5713	-	5708	5701	5694	6	1	7	60	0.99895	0.998772	0.997547	0
PBC68292_skip_a8343fc7_49bbca40_19.pod5	a84874f1-fa2f-40d1-b332-7b786124013f	49bbca403119fbcaf15d1a174c1fa0ef541a5e4b	2271	2	13801.4	3.3564	13801.4	3.3544	1578	17.1233	unclassified	chr8	9217565	9219086	34	1576	+	1553	1510	1494	32	11	16	60	0.977186	0.989404	0.962009	0
PBC68292_skip_a8343fc7_49bbca40_19.pod5	4f455827-71d7-4ce5-beeb-c12c7bf9d581	49bbca403119fbcaf15d1a174c1fa0ef541a5e4b	722	4	13803.6	6.1616	13803.7	6.0504	2453	26.1343	unclassified	chr1	4876872	4879317	7	2453	-	2446	2445	2440	1	0	5	60	0.997146	0.997955	0.997547	0
PBC68292_skip_a8343fc7_49bbca40_19.pod5	fb10f5f8-d431-49a6-9d16-9f1853d46865	49bbca403119fbcaf15d1a174c1fa0ef541a5e4b	918	4	13792.2	15.542	13792.4	15.3612	4544	28.1173	unclassified	chr5	103120328	103124865	6	4544	-	4544	4531	4529	7	6	2	60	0.99868	0.999559	0.996699	0
PBC68292_skip_a8343fc7_49bbca40_19.pod5	ecb82368-c7a7-46d0-8c61-88c6c68bce2a	49bbca403119fbcaf15d1a174c1fa0ef541a5e4b	862	1	13795.3	9.6344	13795.4	9.5424	3611	34.4332	unclassified	chr18	33534199	33537809	0	3611	-	3612	3609	3608	2	1	1	60	1	0.999723	0.998893	0
PBC68292_skip_a8343fc7_49bbca40_19.pod5	5138399d-5a45-497a-9847-c2c33da0bf5a	49bbca403119fbcaf15d1a174c1fa0ef541a5e4b	422	2	13797.7	10.2632	13797.8	10.134	6094	22.0085	unclassified	chr3	151743897	151749990	0	6094	-	6107	6080	6056	14	13	24	60	1	0.996053	0.991649	0
PBC68292_skip_a8343fc7_49bbca40_19.pod5	0f0b16d3-a07b-4583-8ee6-99f576ea7693	49bbca403119fbcaf15d1a174c1fa0ef541a5e4b	2436	4	13794.1	13.7588	13794.2	13.6572	5597	29.1116	unclassified	chr13	69824682	69830271	0	5589	+	5591	5587	5580	2	2	7	60	0.998571	0.998747	0.998033	0
PBC68292_skip_a8343fc7_49bbca40_19.pod5	94fd6e1f-8998-49c3-bf98-d532fdd4dcf1	49bbca403119fbcaf15d1a174c1fa0ef541a5e4b	2136	4	13805.8	3.832	13805.8	3.83	885	6.05291	unclassified	*	-1	-1	-1	-1	*	0	0	0	0	0	0	0	0	0	0	0
PBC68292_skip_a8343fc7_49bbca40_19.pod5	6a28142d-2774-4008-a280-507e7bd232f3	49bbca403119fbcaf15d1a174c1fa0ef541a5e4b	149	1	13810.2	1.7638	13810.2	1.7618	618	21.542	unclassified	chr2	44709241	44709814	37	607	+	575	568	568	2	5	0	60	0.92233	1	0.987826	0
PBC68292_skip_a8343fc7_49bbca40_19.pod5	156a6a2b-555c-4438-bb98-0b494a947289	49bbca403119fbcaf15d1a174c1fa0ef541a5e4b	381	1	13806	5.2568	13806.1	5.112	1170	26.2401	unclassified	chr14	50481179	50482340	0	1170	-	1170	1161	1159	9	0	2	60	1	0.998277	0.990598	0
PBC68292_skip_a8343fc7_49bbca40_19.pod5	a9e7fb5a-20e6-40a9-87be-3d48bff4076e	49bbca403119fbcaf15d1a174c1fa0ef541a5e4b	646	4	13805.2	4.3396	13805.2	4.3376	1670	29.9613	unclassified	chr21	16682539	16684167	7	1629	-	1628	1622	1619	0	6	3	60	0.971258	0.99815	0.994472	0
PBC68292_skip_a8343fc7_49bbca40_19.pod5	9945ae6c-bce8-4152-bc7e-49bd529c780a	49bbca403119fbcaf15d1a174c1fa0ef541a5e4b	125	2	13803.9	4.7816	13803.9	4.7796	1994	25.9435	unclassified	chr15	20735965	20737915	38	1988	+	1950	1950	1946	0	0	4	60	0.977934	0.997949	0.997949	0
PBC68292_skip_a8343fc7_49bbca40_19.pod5	c0c2539b-cbed-4433-ac85-fb5750bd21a0	49bbca403119fbcaf15d1a174c1fa0ef541a5e4b	2124	4	13807.1	4.7304	13807.1	4.7284	942	2.23641	unclassified	*	-1	-1	-1	-1	*	0	0	0	0	0	0	0	0	0	0	0
PBC68292_skip_a8343fc7_49bbca40_19.pod5	c4d746e6-5fdf-4cf5-9655-cc1f558fdb67	49bbca403119fbcaf15d1a174c1fa0ef541a5e4b	2588	3	13802.4	5.7116	13802.4	5.7096	1942	6.49802	unclassified	chr5	24100838	24102419	433	1930	+	1653	1425	1284	72	156	141	53	0.770855	0.901053	0.77677	0
PBC68292_skip_a8343fc7_49bbca40_19.pod5	9cd0291d-50a0-4086-9264-af566a62bb70	49bbca403119fbcaf15d1a174c1fa0ef541a5e4b	791	4	13768.2	35.1116	13768.3	34.9908	11354	26.7719	unclassified	chr2	154003489	154014812	4	11354	-	11363	11310	11277	40	13	33	60	0.999648	0.997082	0.992432	0
PBC68292_skip_a8343fc7_49bbca40_19.pod5	21177e73-1aa7-42ce-b547-e0bdc89e56fa	49bbca403119fbcaf15d1a174c1fa0ef541a5e4b	2073	4	13809.2	1.7772	13809.2	1.7752	336	2.21693	unclassified	*	-1	-1	-1	-1	*	0	0	0	0	0	0	0	0	0	0	0
PBC68292_skip_a8343fc7_49bbca40_19.pod5	d0291b48-c6c2-441b-bc44-49f0caf4dcb3	49bbca403119fbcaf15d1a174c1fa0ef541a5e4b	909	2	13784.1	12.2472	13784.1	12.2472	2692	2.66168	unclassified	*	-1	-1	-1	-1	*	0	0	0	0	0	0	0	0	0	0	0
PBC68292_skip_a8343fc7_49bbca40_19.pod5	0274b611-eeea-4409-885f-e1be3bf20bdd	49bbca403119fbcaf15d1a174c1fa0ef541a5e4b	1365	1	13801.8	6.2914	13801.8	6.2894	1203	2.42251	unclassified	*	-1	-1	-1	-1	*	0	0	0	0	0	0	0	0	0	0	0
PBC68292_skip_a8343fc7_49bbca40_19.pod5	31bb1486-f01f-45d9-99e5-057b72d905e7	49bbca403119fbcaf15d1a174c1fa0ef541a5e4b	139	3	13801.5	9.6688	13801.5	9.6668	2783	28.4074	unclassified	chr2	205971128	205973868	7	2754	-	2748	2739	2729	8	1	10	60	0.987064	0.996349	0.993086	0
PBC68292_skip_a8343fc7_49bbca40_19.pod5	d5b394e1-f192-4e39-9b19-965c201aa44f	49bbca403119fbcaf15d1a174c1fa0ef541a5e4b	588	2	13799.8	9.279	13799.8	9.277	3679	24.7596	unclassified	chr10	86499263	86502890	7	3636	-	3634	3622	3614	7	5	8	60	0.986409	0.997791	0.994496	0
PBC68292_skip_a8343fc7_49bbca40_19.pod5	22c10706-2fbc-4aaa-b2c9-048b9d60ef6c	49bbca403119fbcaf15d1a174c1fa0ef541a5e4b	1040	2	13795.1	11.5148	13795.2	11.3868	4454	20.2549	unclassified	chr20	37346185	37350651	0	4454	-	4484	4436	4424	18	30	12	60	1	0.997295	0.986619	0
PBC68292_skip_a8343fc7_49bbca40_19.pod5	1c0741c3-8f40-499b-9a94-67fb14241af5	49bbca403119fbcaf15d1a174c1fa0ef541a5e4b	1116	3	13764.9	38.2472	13765	38.1168	15049	22.355	unclassified	chr9	38330129	38345183	0	15041	+	15105	14990	14927	51	64	63	60	0.999468	0.995797	0.988216	0
PBC68292_skip_a8343fc7_49bbca40_19.pod5	f0d421a9-7611-42cb-866e-e77fca7c919e	49bbca403119fbcaf15d1a174c1fa0ef541a5e4b	2254	3	13799.8	8.1812	13799.9	8.0556	3427	33.7183	unclassified	chr16	59852821	59856247	0	3427	-	3428	3425	3425	2	1	0	60	1	1	0.999125	0
PBC68292_skip_a8343fc7_49bbca40_19.pod5	14adb23c-1308-4c57-86bf-48d24fa98295	49bbca403119fbcaf15d1a174c1fa0ef541a5e4b	285	3	13800.5	10.76	13800.6	10.6608	4387	27.5558	unclassified	chr1	196433143	196437413	0	4247	+	4289	4228	4178	19	42	50	60	0.968088	0.988174	0.97412	0
PBC68292_skip_a8343fc7_49bbca40_19.pod5	1d5dc520-b5b6-43ef-8507-7d121055a047	49bbca403119fbcaf15d1a174c1fa0ef541a5e4b	284	2	13780	24.4376	13780.1	24.3432	9844	23.2975	unclassified	chr9	63769408	63779179	0	9844	+	9900	9715	9319	129	56	396	1	1	0.959238	0.941313	0
PBC68292_skip_a8343fc7_49bbca40_19.pod5	d1173e23-fce2-41b1-b785-ade58c517a95	49bbca403119fbcaf15d1a174c1fa0ef541a5e4b	302	4	13794.5	14	13794.6	13.8336	5870	24.944	unclassified	chr9	105367033	105372909	2	5870	-	5882	5862	5849	6	14	13	60	0.999659	0.997782	0.99439	0
PBC68292_skip_a8343fc7_49bbca40_19.pod5	7b1e9350-9f69-42d3-9068-0eb95e7eb7bd	49bbca403119fbcaf15d1a174c1fa0ef541a5e4b	1021	4	13805.8	5.816	13806	5.6124	2014	39.5371	unclassified	chr2	16858962	16860975	0	2008	+	2014	2007	2001	1	6	6	60	0.997021	0.99701	0.993545	0
PBC68292_skip_a8343fc7_49bbca40_19.pod5	950a2fae-4f96-4697-8dbc-04c243e4af8f	49bbca403119fbcaf15d1a174c1fa0ef541a5e4b	1866	1	13795.6	9.1298	13795.6	9.1278	3815	24.9565	unclassified	chr8	106534895	106538674	32	3806	+	3787	3766	3764	8	13	2	60	0.989253	0.999469	0.993927	0
PBC68292_skip_a8343fc7_49bbca40_19.pod5	2f6c232e-1c90-481b-a281-f66a417d384f	49bbca403119fbcaf15d1a174c1fa0ef541a5e4b	1100	2	13793.3	11.852	13793.4	11.7264	4649	34.6556	unclassified	chr8	96361932	96366578	0	4643	+	4646	4643	4642	0	3	1	60	0.998709	0.999785	0.999139	0
PBC68292_skip_a8343fc7_49bbca40_19.pod5	2a85065e-1931-473c-97f9-7381a22ae26e	49bbca403119fbcaf15d1a174c1fa0ef541a5e4b	2713	4	13782.4	20.7236	13782.6	20.6052	8298	28.1937	unclassified	chr1	49621422	49629710	0	8291	+	8295	8284	8283	7	4	1	60	0.999156	0.999879	0.998553	0
PBC68292_skip_a8343fc7_49bbca40_19.pod5	e87fe1cb-17fb-4715-8d7f-010c9d4d12d0	49bbca403119fbcaf15d1a174c1fa0ef541a5e4b	1795	3	13800	3.5148	13800	3.5128	1782	17.7696	unclassified	chr14	51777692	51779442	31	1781	+	1760	1740	1726	10	10	14	60	0.982043	0.991954	0.980682	0
PBC68292_skip_a8343fc7_49bbca40_19.pod5	f7130a9d-b96c-4b02-96a4-43c1267458c2	49bbca403119fbcaf15d1a174c1fa0ef541a5e4b	2541	3	13790.4	12.7232	13790.5	12.6216	5212	25.6079	unclassified	chr11	100973044	100978246	0	5203	+	5207	5198	5189	5	4	9	60	0.998273	0.998269	0.996543	0
PBC68292_skip_a8343fc7_49bbca40_19.pod5	be69b6a1-8512-4b63-b8cb-8b78a3969caa	49bbca403119fbcaf15d1a174c1fa0ef541a5e4b	240	4	13776.4	28.0928	13776.6	27.9024	10357	18.7571	unclassified	chr3	111735773	111746124	5	10357	-	10418	10285	10205	67	66	80	60	0.999517	0.992222	0.979555	0
PBC68292_skip_a8343fc7_49bbca40_19.pod5	c62b03e2-13ed-429c-8282-7b8585febfdf	49bbca403119fbcaf15d1a174c1fa0ef541a5e4b	1262	1	13799.2	5.2166	13799.2	5.2146	1768	27.5563	unclassified	chr4	57187542	57189270	31	1763	+	1732	1728	1723	4	0	5	60	0.979638	0.997106	0.994804	0
PBC68292_skip_a8343fc7_49bbca40_19.pod5	e939524c-345c-4a19-b69d-8603c09b7332	49bbca403119fbcaf15d1a174c1fa0ef541a5e4b	1657	1	13800.2	9.5132	13800.3	9.426	3723	33.623	unclassified	chr19	42418220	42421932	0	3717	+	3719	3710	3710	7	2	0	60	0.998388	1	0.99758	0
PBC68292_skip_a8343fc7_49bbca40_19.pod5	0e24cfea-bc50-44f4-9aee-c28216122c9c	49bbca403119fbcaf15d1a174c1fa0ef541a5e4b	2533	3	13798.5	12.9308	13798.7	12.738	4048	38.6151	unclassified	chr5	33392053	33396111	0	4042	+	4058	4042	4032	0	16	10	60	0.998518	0.997526	0.993593	0
PBC68292_skip_a8343fc7_49bbca40_19.pod5	6e958697-f443-44b6-b7ee-b8b05c86c6f3	49bbca403119fbcaf15d1a174c1fa0ef541a5e4b	2134	1	13799.4	11.9996	13799.5	11.9196	4551	32.7832	unclassified	chr5	17717504	17722046	6	4551	-	4548	4539	4525	6	3	14	60	0.998682	0.996916	0.994943	0
PBC68292_skip_a8343fc7_49bbca40_19.pod5	d3da0c30-bef2-439f-996a-1e1abd056739	49bbca403119fbcaf15d1a174c1fa0ef541a5e4b	2139	4	13792	18.7376	13792.1	18.5664	6827	26.7275	unclassified	chr1	36155666	36162490	0	6820	+	6832	6812	6788	8	12	24	60	0.998975	0.996477	0.99356	0
PBC68292_skip_a8343fc7_49bbca40_19.pod5	39936925-dae6-4fa6-be1a-5d5d1ba7ce5c	49bbca403119fbcaf15d1a174c1fa0ef541a5e4b	648	4	13803.7	7.6092	13803.7	7.6072	3250	26.2065	unclassified	chr3	61197043	61200254	33	3241	+	3214	3205	3196	3	6	9	60	0.987077	0.997192	0.994399	0
PBC68292_skip_a8343fc7_49bbca40_19.pod5	b5e1075e-3d1b-4c18-a35d-b66672951b35	49bbca403119fbcaf15d1a174c1fa0ef541a5e4b	2375	3	13794.6	10.2616	13794.6	10.2596	2303	3.11026	unclassified	*	-1	-1	-1	-1	*	0	0	0	0	0	0	0	0	0	0	0
PBC68292_skip_a8343fc7_49bbca40_19.pod5	4352ae2e-c67e-4294-8d2e-2d28623b9ddc	49bbca403119fbcaf15d1a174c1fa0ef541a5e4b	909	2	13796.4	7.8492	13796.5	7.6764	3054	31.394	unclassified	chr10	74968547	74971595	0	3048	+	3048	3048	3047	0	0	1	60	0.998035	0.999672	0.999672	0
PBC68292_skip_a8343fc7_49bbca40_19.pod5	4055a3c0-60ed-4b27-952e-4d36caba8223	49bbca403119fbcaf15d1a174c1fa0ef541a5e4b	1171	4	13796.6	7.3604	13796.7	7.2492	2923	28.1897	unclassified	chr4	158906596	158909518	7	2923	-	2923	2915	2913	1	7	2	60	0.997605	0.999314	0.996579	0
PBC68292_skip_a8343fc7_49bbca40_19.pod5	5aff2c96-97b1-42c3-aa2b-89314e1f317a	49bbca403119fbcaf15d1a174c1fa0ef541a5e4b	1641	4	13796.3	7.5776	13796.4	7.44	3053	25.8773	unclassified	chr15	68109287	68112342	7	3053	-	3056	3045	3035	1	10	10	60	0.997707	0.996716	0.993128	0
PBC68292_skip_a8343fc7_49bbca40_19.pod5	58d5367c-fb12-40af-84cd-2fec1763d66b	49bbca403119fbcaf15d1a174c1fa0ef541a5e4b	1858	2	13801.1	10.2644	13801.1	10.2624	3896	7.88015	unclassified	chr5	100087784	100090922	815	3865	-	3176	3012	2893	38	126	119	24	0.782854	0.960491	0.910894	0
PBC68292_skip_a8343fc7_49bbca40_19.pod5	e9985d6a-f0f8-4449-a393-3d3be831ef74	49bbca403119fbcaf15d1a174c1fa0ef541a5e4b	1352	2	13795.3	8.456	13795.4	8.292	2997	29.0436	unclassified	chr5	111923861	111926843	7	2997	-	2992	2980	2973	10	2	7	60	0.997664	0.997651	0.99365	0
PBC68292_skip_a8343fc7_49bbca40_19.pod5	9e37411e-8773-4a02-89f8-4994d5fa1d0f	49bbca403119fbcaf15d1a174c1fa0ef541a5e4b	592	1	13803.5	8.702	13803.6	8.5908	3476	28.3985	unclassified	chr3	95212642	95216115	0	3469	+	3478	3464	3462	5	9	2	60	0.997986	0.999423	0.9954	0
PBC68292_skip_a8343fc7_49bbca40_19.pod5	e3223f25-ef7a-4b59-80b2-c9ef84cf6d88	49bbca403119fbcaf15d1a174c1fa0ef541a5e4b	2914	1	13794.6	8.9156	13794.7	8.8092	5136	32.6728	unclassified	chr1	122516268	122521401	0	5129	+	5133	5129	4927	0	4	202	1	0.998637	0.960616	0.959868	0
PBC68292_skip_a8343fc7_49bbca40_19.pod5	dcb60b1a-c1b6-4e7f-969a-5c9e385d658c	49bbca403119fbcaf15d1a174c1fa0ef541a5e4b	2618	3	13794.2	10.1298	13794.2	10.1278	3130	4.78434	unclassified	*	-1	-1	-1	-1	*	0	0	0	0	0	0	0	0	0	0	0
PBC68292_skip_a8343fc7_49bbca40_19.pod5	6d6bea68-210b-45b4-83e7-f67ef60c9c86	49bbca403119fbcaf15d1a174c1fa0ef541a5e4b	85	2	13799.5	4.988	13799.7	4.8312	1903	33.0805	unclassified	chr13	30800359	30802260	0	1898	+	1902	1897	1894	1	4	3	60	0.997373	0.998419	0.995794	0
PBC68292_skip_a8343fc7_49bbca40_19.pod5	f33e4dde-5b1c-4910-8778-97b10722e85b	49bbca403119fbcaf15d1a174c1fa0ef541a5e4b	1542	3	13790.4	12.9888	13790.4	12.9868	5566	27.3151	unclassified	chr13	40473100	40478628	35	5559	+	5531	5521	5516	3	7	5	60	0.992454	0.999094	0.997288	0
PBC68292_skip_a8343fc7_49bbca40_19.pod5	bbd77e93-51ab-48c5-b328-6f7633b92fbc	49bbca403119fbcaf15d1a174c1fa0ef541a5e4b	693	1	13792.6	12.2012	13792.7	12.03	4665	27.4475	unclassified	chr3	151866928	151871594	6	4665	-	4668	4657	4651	2	9	6	60	0.998714	0.998712	0.996358	0
PBC68292_skip_a8343fc7_49bbca40_19.pod5	dba0469f-a8fb-42cf-ae61-94a0be91b682	49bbca403119fbcaf15d1a174c1fa0ef541a5e4b	374	2	13793.3	11.5112	13793.4	11.3856	4444	32.7647	unclassified	chr2	221354031	221358474	0	4439	+	4443	4439	4439	0	4	0	60	0.998875	1	0.9991	0
PBC68292_skip_a8343fc7_49bbca40_19.pod5	0c33ceea-0d11-46a8-b63c-62d13ec936c0	49bbca403119fbcaf15d1a174c1fa0ef541a5e4b	2579	4	13799	7.8192	13799	7.8172	1977	3.28155	unclassified	*	-1	-1	-1	-1	*	0	0	0	0	0	0	0	0	0	0	0
PBC68292_skip_a8343fc7_49bbca40_19.pod5	c8f2c629-9c1e-4ee7-a13f-30ab231b66d0	49bbca403119fbcaf15d1a174c1fa0ef541a5e4b	306	1	13804.8	7.3028	13804.9	7.17	3028	27.1348	unclassified	chr2	123671528	123674549	0	3021	+	3026	3016	3010	5	5	6	60	0.997688	0.998011	0.994712	0
PBC68292_skip_a8343fc7_49bbca40_19.pod5	f001dcc4-bc4d-4501-90ed-97a8340faf4f	49bbca403119fbcaf15d1a174c1fa0ef541a5e4b	1668	1	13795.6	9.6692	13795.7	9.5532	3124	27.829	unclassified	chr17	31861041	31864165	0	3118	+	3128	3114	3110	4	10	4	60	0.998079	0.998715	0.994246	0
PBC68292_skip_a8343fc7_49bbca40_19.pod5	f4259bc0-8912-4488-b511-f26cf12065db	49bbca403119fbcaf15d1a174c1fa0ef541a5e4b	942	3	13794.1	10.8128	13794.2	10.6968	4359	29.3434	unclassified	chr10	45093869	45098221	9	4359	-	4353	4349	4347	1	3	2	60	0.997935	0.99954	0.998622	0
PBC68292_skip_a8343fc7_49bbca40_19.pod5	57e1689a-df6e-442e-be13-11ee812461ad	49bbca403119fbcaf15d1a174c1fa0ef541a5e4b	2259	3	13789.5	16.6028	13789.7	16.458	6143	23.8951	unclassified	chr12	123795852	123801992	0	6137	+	6157	6120	6101	17	20	19	60	0.999023	0.996895	0.990905	0
PBC68292_skip_a8343fc7_49bbca40_19.pod5	d2cb9d04-ce8d-4a01-a280-6156acf6f519	49bbca403119fbcaf15d1a174c1fa0ef541a5e4b	1087	4	13795.4	10.5368	13795.6	10.35	4659	14.7442	unclassified	chr14	41290088	41294775	7	4659	+	4733	4606	4501	46	81	105	60	0.998498	0.977204	0.950982	0
PBC68292_skip_a8343fc7_49bbca40_19.pod5	6b91100f-68ad-4584-8b17-2970b812860f	49bbca403119fbcaf15d1a174c1fa0ef541a5e4b	2608	4	13801	5.288	13801.1	5.286	1212	3.01688	unclassified	*	-1	-1	-1	-1	*	0	0	0	0	0	0	0	0	0	0	0
PBC68292_skip_a8343fc7_49bbca40_19.pod5	1ab8a69f-31ed-4637-a9b6-2de8ccf72e5f	49bbca403119fbcaf15d1a174c1fa0ef541a5e4b	2559	4	13804	1.7208	13804	1.7188	643	8.57402	unclassified	chr18	67681571	67682199	1	622	+	651	598	557	23	30	41	60	0.965785	0.931438	0.855607	0
PBC68292_skip_a8343fc7_49bbca40_19.pod5	622a5b9e-7ede-4cce-b0b4-30f767ebc3f0	49bbca403119fbcaf15d1a174c1fa0ef541a5e4b	2528	4	13800.6	5.2424	13800.6	5.2404	985	2.58297	unclassified	*	-1	-1	-1	-1	*	0	0	0	0	0	0	0	0	0	0	0
PBC68292_skip_a8343fc7_49bbca40_19.pod5	9874c113-72d7-4de9-9445-c07297078739	49bbca403119fbcaf15d1a174c1fa0ef541a5e4b	856	3	13793.9	11.2656	13793.9	11.2636	4416	23.5661	unclassified	chr1	18284043	18288456	0	4408	+	4421	4400	4383	8	13	17	60	0.998188	0.996136	0.991405	0
PBC68292_skip_a8343fc7_49bbca40_19.pod5	eb0146b5-b4c6-4d78-9def-a9a7b3f0c60c	49bbca403119fbcaf15d1a174c1fa0ef541a5e4b	2145	4	13801.5	5.6096	13801.6	5.484	2206	25.4222	unclassified	chr10	96280295	96282491	0	2199	+	2205	2190	2183	9	6	7	60	0.996827	0.996804	0.990023	0
PBC68292_skip_a8343fc7_49bbca40_19.pod5	92c3e2eb-b22e-4960-84eb-a8f36223635e	49bbca403119fbcaf15d1a174c1fa0ef541a5e4b	1325	4	13790.7	14.7764	13790.8	14.6796	5743	27.7225	unclassified	chr7	93571673	93577418	1	5735	+	5748	5731	5720	3	14	11	60	0.998433	0.998081	0.995129	0
PBC68292_skip_a8343fc7_49bbca40_19.pod5	c897e770-5f3e-44cd-933e-f735c15b410d	49bbca403119fbcaf15d1a174c1fa0ef541a5e4b	2334	3	13795	9.0992	13795.1	8.9688	3719	31.9887	unclassified	chr13	114262284	114265989	0	3711	+	3711	3705	3705	6	0	0	60	0.997849	1	0.998383	0
PBC68292_skip_a8343fc7_49bbca40_19.pod5	b6b696cb-b8f8-4023-abb9-416536939e94	49bbca403119fbcaf15d1a174c1fa0ef541a5e4b	218	3	13791.1	13.76	13791.3	13.6104	4842	30.3201	unclassified	chrX	9313423	9318266	5	4842	-	4845	4835	4832	2	8	3	60	0.998967	0.99938	0.997317	0
PBC68292_skip_a8343fc7_49bbca40_19.pod5	187a833b-2e68-4e17-a28b-2d317ea31c0b	49bbca403119fbcaf15d1a174c1fa0ef541a5e4b	928	1	13797.7	7.9736	13797.9	7.7856	3112	27.1259	unclassified	chr5	176702620	176705723	0	3103	+	3105	3101	3095	2	2	6	60	0.997108	0.998065	0.996779	0
PBC68292_skip_a8343fc7_49bbca40_19.pod5	f844c885-902b-4497-9703-d7cf34cd9f17	49bbca403119fbcaf15d1a174c1fa0ef541a5e4b	2089	1	13797.8	7.2116	13797.8	7.2096	2744	11.9082	unclassified	chr12	76535152	76537880	9	2726	-	2792	2653	2549	64	75	104	60	0.99016	0.960799	0.912966	0
PBC68292_skip_a8343fc7_49bbca40_19.pod5	44f9f801-5a72-433a-8b81-c6354ef94b15	49bbca403119fbcaf15d1a174c1fa0ef541a5e4b	2651	1	13779.6	23.948	13779.7	23.8584	9860	24.1931	unclassified	chr12	6359070	6368293	11	9860	-	9875	9197	9162	652	26	35	60	0.998884	0.996194	0.927797	0
PBC68292_skip_a8343fc7_49bbca40_19.pod5	abdd9134-f36f-45fe-ab61-38c5618c2201	49bbca403119fbcaf15d1a174c1fa0ef541a5e4b	1924	2	13801.2	3.4808	13801.3	3.3444	1443	38.5462	unclassified	chr1	125178926	125180934	1	1437	+	2009	1435	1420	1	573	15	44	0.995149	0.989547	0.706819	0
PBC68292_skip_a8343fc7_49bbca40_19.pod5	1bd59511-2433-41e9-b5e4-d68bb35936a7	49bbca403119fbcaf15d1a174c1fa0ef541a5e4b	1091	4	13795.8	13.0136	13795.9	12.9048	6031	40.5389	unclassified	chr3	93106781	93112808	6	6031	-	6027	6025	5988	0	2	37	1	0.999005	0.993859	0.993529	0
PBC68292_skip_a8343fc7_49bbca40_19.pod5	a66be477-395a-4b3b-937b-3c5e60ac2ff9	49bbca403119fbcaf15d1a174c1fa0ef541a5e4b	795	3	13798.1	10.191	13798.1	10.189	4351	14.8882	unclassified	chr16	26392497	26396828	38	4344	+	4371	4266	4198	40	65	68	60	0.989658	0.98406	0.960421	0
PBC68292_skip_a8343fc7_49bbca40_19.pod5	ae51592c-813a-4500-b362-b645e76e7b34	49bbca403119fbcaf15d1a174c1fa0ef541a5e4b	1845	2	13795.5	11.882	13795.6	11.7612	4962	26.7362	unclassified	chr11	23866627	23871582	0	4954	+	4961	4948	4938	6	7	10	60	0.998388	0.997979	0.995364	0
PBC68292_skip_a8343fc7_49bbca40_19.pod5	85014978-3cba-4455-b32d-2b4e4b5e091e	49bbca403119fbcaf15d1a174c1fa0ef541a5e4b	1764	3	13798.1	7.7792	13798.4	7.5456	2492	26.4269	unclassified	chr4	31899061	31901539	8	2492	-	2485	2477	2471	7	1	6	60	0.99679	0.997578	0.994366	0
PBC68292_skip_a8343fc7_49bbca40_19.pod5	fdcc3049-1c28-4a95-8b0d-b44eff994239	49bbca403119fbcaf15d1a174c1fa0ef541a5e4b	2525	2	13795.8	10.0628	13796	9.8796	4834	37.3082	unclassified	chr17	26832508	26837312	8	4777	-	5008	4565	3775	204	239	790	1	0.986554	0.826944	0.753794	0
PBC68292_skip_a8343fc7_49bbca40_19.pod5	d104da01-1591-46ae-b5fb-420cf0e0cdb4	49bbca403119fbcaf15d1a174c1fa0ef541a5e4b	623	4	13796.9	10.0928	13797.2	9.8424	2567	34.7135	unclassified	chr3	1733123	1735683	8	2567	-	2560	2559	2558	0	1	1	60	0.996884	0.999609	0.999219	0
PBC68292_skip_a8343fc7_49bbca40_19.pod5	23ba78fc-2cfb-43e5-8a0c-34fbe27d5c52	49bbca403119fbcaf15d1a174c1fa0ef541a5e4b	1236	4	13788.5	16.1276	13788.5	16.1256	6736	23.3828	unclassified	chr19	16524815	16531509	8	6703	-	6710	6679	6664	16	15	15	60	0.993913	0.997754	0.993145	0
PBC68292_skip_a8343fc7_49bbca40_19.pod5	58c423eb-c29c-4fe9-ac92-aaed35ce1bb3	49bbca403119fbcaf15d1a174c1fa0ef541a5e4b	715	3	13800.5	7.008	13800.5	7.006	2800	34.3469	unclassified	chr9	10180184	10182942	39	2794	+	2759	2754	2754	1	4	0	60	0.983929	1	0.998188	0
PBC68292_skip_a8343fc7_49bbca40_19.pod5	42ab9e47-1d4a-4481-83e8-d8ded9e6b873	49bbca403119fbcaf15d1a174c1fa0ef541a5e4b	2535	3	13797.9	9.182	13798.1	9.018	2984	24.3356	unclassified	chr3	31430060	31433039	0	2978	+	2981	2976	2967	2	3	9	60	0.997989	0.996976	0.995304	0
PBC68292_skip_a8343fc7_49bbca40_19.pod5	589749af-9af7-4446-ae0f-6e0d77ad9d8b	49bbca403119fbcaf15d1a174c1fa0ef541a5e4b	1120	4	13800.2	7.2668	13800.4	7.146	2842	32.5007	unclassified	chr6	67815050	67817890	5	2842	-	2841	2836	2828	1	4	8	60	0.998241	0.997179	0.995424	0
PBC68292_skip_a8343fc7_49bbca40_19.pod5	6d6f58fe-9458-4fc2-a786-1d1f2e51519d	49bbca403119fbcaf15d1a174c1fa0ef541a5e4b	308	3	13777.2	26.6756	13777.4	26.4972	11913	31.7851	unclassified	chr14	42946481	42958374	0	11913	-	11931	11875	11820	38	18	55	60	1	0.995368	0.990696	0
PBC68292_skip_a8343fc7_49bbca40_19.pod5	c91c797f-5ea3-4339-88b5-3c1629457edc	49bbca403119fbcaf15d1a174c1fa0ef541a5e4b	2406	3	13799.3	7.9434	13799.3	7.9414	3287	31.7441	unclassified	chr3	108914025	108917271	38	3282	+	3246	3244	3240	0	2	4	60	0.986918	0.998767	0.998152	0
PBC68292_skip_a8343fc7_49bbca40_19.pod5	03e55c63-0448-4376-9d64-2d0e67194563	49bbca403119fbcaf15d1a174c1fa0ef541a5e4b	373	2	13800.3	6.9572	13800.4	6.8484	2748	24.131	unclassified	chr10	116087363	116090110	0	2742	+	2755	2734	2726	8	13	8	60	0.997817	0.997074	0.989474	0
PBC68292_skip_a8343fc7_49bbca40_19.pod5	c4c8db95-3246-49f6-b912-2fa009db6e23	49bbca403119fbcaf15d1a174c1fa0ef541a5e4b	335	1	13800.3	8.7466	13800.3	8.7446	4301	22.8005	unclassified	chr2	231666782	231671057	25	4295	+	4282	4263	4242	7	12	21	60	0.992792	0.995074	0.990659	0
PBC68292_skip_a8343fc7_49bbca40_19.pod5	d5d4e52b-2382-4e4e-846f-57a39facb2c3	49bbca403119fbcaf15d1a174c1fa0ef541a5e4b	977	1	13794	12.4632	13794	12.4612	5295	23.4986	unclassified	chr9	101328656	101333920	35	5287	+	5280	5236	5215	16	28	21	60	0.991879	0.995989	0.987689	0
PBC68292_skip_a8343fc7_49bbca40_19.pod5	f5a07356-11c9-48e4-965e-2f520ea6fd1f	49bbca403119fbcaf15d1a174c1fa0ef541a5e4b	180	3	13804.8	4.4824	13804.8	4.4804	1655	36.5574	unclassified	chr1	188928538	188930158	28	1648	+	1620	1620	1620	0	0	0	60	0.978852	1	1	0
PBC68292_skip_a8343fc7_49bbca40_19.pod5	73e74016-e887-41b0-975d-737113da4948	49bbca403119fbcaf15d1a174c1fa0ef541a5e4b	2293	1	13806.8	3.0284	13807	2.814	973	33.5824	unclassified	chr10	35219416	35220380	0	964	+	964	964	964	0	0	0	60	0.99075	1	1	0
PBC68292_skip_a8343fc7_49bbca40_19.pod5	5969b63c-5a0a-42c8-b558-e0abc3487833	49bbca403119fbcaf15d1a174c1fa0ef541a5e4b	1331	3	13803.1	6.2946	13803.1	6.2926	1433	2.69572	unclassified	*	-1	-1	-1	-1	*	0	0	0	0	0	0	0	0	0	0	0
PBC68292_skip_a8343fc7_49bbca40_19.pod5	043ff5e5-ea57-43a6-a6a5-22283904980b	49bbca403119fbcaf15d1a174c1fa0ef541a5e4b	1844	2	13792.6	15.38	13792.7	15.2808	5235	28.7716	unclassified	chr12	89690138	89695356	0	5230	+	5231	5217	5209	13	1	8	60	0.999045	0.998467	0.995794	0
PBC68292_skip_a8343fc7_49bbca40_19.pod5	d493808c-2f74-4177-a740-53d27423bc47	49bbca403119fbcaf15d1a174c1fa0ef541a5e4b	2045	2	13801.8	7.778	13801.9	7.698	3000	20.8405	unclassified	chr5	116693233	116696246	0	3000	-	3020	2993	2968	7	20	25	60	1	0.991647	0.982781	0
PBC68292_skip_a8343fc7_49bbca40_19.pod5	1130ca92-109d-4148-a008-692cbc4618c3	49bbca403119fbcaf15d1a174c1fa0ef541a5e4b	626	4	13802.2	6.164	13802.4	6.0144	2442	30.4997	unclassified	chr5	78185613	78188051	4	2442	-	2439	2437	2436	1	1	1	60	0.998362	0.99959	0.99877	0
PBC68292_skip_a8343fc7_49bbca40_19.pod5	9b4ae7dd-aa14-4471-9e12-1bc9c5e6b58f	49bbca403119fbcaf15d1a174c1fa0ef541a5e4b	524	3	13796.6	11.2868	13796.7	11.1828	4641	28.9698	unclassified	chr6	36465939	36470590	0	4635	+	4655	4631	4625	4	20	6	60	0.998707	0.998704	0.993555	0
PBC68292_skip_a8343fc7_49bbca40_19.pod5	55ab63ef-e5c9-4686-bb4f-4096bdff87bc	49bbca403119fbcaf15d1a174c1fa0ef541a5e4b	2431	2	13789.9	16.946	13790	16.8444	5461	33.2924	unclassified	chr6	139159319	139164775	0	5455	+	5458	5453	5453	2	3	0	60	0.998901	1	0.999084	0
PBC68292_skip_a8343fc7_49bbca40_19.pod5	ed39c0e7-934b-4dfb-8b3e-e78b09e7052f	49bbca403119fbcaf15d1a174c1fa0ef541a5e4b	1719	2	13791.9	16.2056	13792.1	16.0512	4732	27.9848	unclassified	chr9	107116773	107121494	7	4732	-	4726	4720	4715	5	1	5	60	0.998521	0.998941	0.997672	0
PBC68292_skip_a8343fc7_49bbca40_19.pod5	1113a90e-7660-4040-b1cc-e12bb6e9d66e	49bbca403119fbcaf15d1a174c1fa0ef541a5e4b	297	3	13791.5	16.3388	13791.6	16.2012	6317	19.7489	unclassified	chr12	53585803	53592101	0	6311	+	6352	6257	6220	54	41	37	60	0.99905	0.994087	0.979219	0
PBC68292_skip_a8343fc7_49bbca40_19.pod5	dee62753-7585-4f34-93d7-86ffeff86750	49bbca403119fbcaf15d1a174c1fa0ef541a5e4b	1756	3	13802.1	7.3122	13802.1	7.3102	2601	37.974	unclassified	chr4	49139335	49142040	8	2561	-	2835	2423	2099	130	282	324	1	0.981546	0.866281	0.740388	0
PBC68292_skip_a8343fc7_49bbca40_19.pod5	fcbb037d-f5e6-4560-b0c8-7ad415261c5c	49bbca403119fbcaf15d1a174c1fa0ef541a5e4b	1289	4	13796.3	11.6954	13796.3	11.6934	3891	30.5004	unclassified	chr12	88550430	88554302	24	3891	+	3875	3864	3858	3	8	6	60	0.993832	0.998447	0.995613	0
PBC68292_skip_a8343fc7_49bbca40_19.pod5	60134562-1548-4bc1-9497-945d2a83b023	49bbca403119fbcaf15d1a174c1fa0ef541a5e4b	1446	3	13783.4	21.3008	13783.5	21.192	8622	29.0167	unclassified	chr7	79349320	79357954	0	8622	+	8638	8618	8604	4	16	14	60	1	0.998375	0.996064	0
PBC68292_skip_a8343fc7_49bbca40_19.pod5	df16857e-7834-492e-81d9-a54befa54ca7	49bbca403119fbcaf15d1a174c1fa0ef541a5e4b	2853	1	13788.2	17.3036	13788.3	17.2116	8036	25.6266	unclassified	chrX	82431568	82439615	0	8036	+	8051	8032	8025	4	15	7	60	1	0.999128	0.996771	0
PBC68292_skip_a8343fc7_49bbca40_19.pod5	e73d0b92-a84a-4aea-9e31-c97de142b4b9	49bbca403119fbcaf15d1a174c1fa0ef541a5e4b	338	2	13784.9	23.2354	13784.9	23.2334	9581	10.0717	unclassified	chr1	208819633	208829353	17	9541	-	9943	9301	8770	223	419	531	60	0.994051	0.942909	0.882028	0
PBC68292_skip_a8343fc7_49bbca40_19.pod5	512b92ff-393f-4872-a729-a10c75fbb09a	49bbca403119fbcaf15d1a174c1fa0ef541a5e4b	363	1	13799.6	11.6078	13799.6	11.6058	5097	23.9213	unclassified	chr10	120885451	120890501	32	5092	+	5065	5045	5031	15	5	14	60	0.992741	0.997225	0.993287	0
PBC68292_skip_a8343fc7_49bbca40_19.pod5	a1177e6e-41b6-442a-a00a-5ec69396818c	49bbca403119fbcaf15d1a174c1fa0ef541a5e4b	1286	1	13806.2	5.002	13806.2	5	943	2.29181	unclassified	*	-1	-1	-1	-1	*	0	0	0	0	0	0	0	0	0	0	0
PBC68292_skip_a8343fc7_49bbca40_19.pod5	f84c79ae-5e2f-4ec2-b154-683e788b19da	49bbca403119fbcaf15d1a174c1fa0ef541a5e4b	1677	1	13806.6	4.8188	13806.7	4.7316	1208	11.064	unclassified	chr1	143214103	143215168	0	1208	+	1208	1065	1044	143	0	21	9	1	0.980282	0.864238	0
PBC68292_skip_a8343fc7_49bbca40_19.pod5	2e4a3881-50f6-4be8-b0cf-79c0c3d8c82c	49bbca403119fbcaf15d1a174c1fa0ef541a5e4b	1075	1	13797.2	11.2484	13797.3	11.0976	4176	37.4811	unclassified	chr7	59654519	59658695	0	4176	+	4176	4176	4161	0	0	15	1	1	0.996408	0.996408	0
PBC68292_skip_a8343fc7_49bbca40_19.pod5	df32b419-9d16-4aba-8b06-8a08cdbeb50c	49bbca403119fbcaf15d1a174c1fa0ef541a5e4b	2728	4	13792.3	14.5568	13792.4	14.4432	6031	28.6605	unclassified	chr10	19831036	19837059	6	6031	-	6027	6021	6016	4	2	5	60	0.999005	0.99917	0.998175	0
PBC68292_skip_a8343fc7_49bbca40_19.pod5	5333fd41-87ea-44a4-b99f-3b2721ca5892	49bbca403119fbcaf15d1a174c1fa0ef541a5e4b	2884	2	13796.1	12.8216	13796.3	12.6624	5063	23.7994	unclassified	chr3	21592029	21597107	0	5058	+	5092	5044	5019	14	34	25	60	0.999012	0.995044	0.985664	0
PBC68292_skip_a8343fc7_49bbca40_19.pod5	880bec03-8601-4751-bb91-123f96a5a3c0	49bbca403119fbcaf15d1a174c1fa0ef541a5e4b	1448	4	13796	12.8392	13796	12.8372	7792	24.7258	unclassified	chr8	77214030	77221771	10	7758	-	7759	7730	7703	18	11	27	60	0.994353	0.996507	0.992783	0
PBC68292_skip_a8343fc7_49bbca40_19.pod5	c19a7fc5-a5d5-426e-9461-b97a0abe82f1	49bbca403119fbcaf15d1a174c1fa0ef541a5e4b	2858	3	13803.8	6.044	13803.9	5.94	2674	23.642	unclassified	chr4	93467740	93470412	0	2674	+	2677	2669	2661	5	3	8	60	1	0.997003	0.994023	0
PBC68292_skip_a8343fc7_49bbca40_19.pod5	df3ed388-5108-47b7-ab94-17f2cf9abf4e	49bbca403119fbcaf15d1a174c1fa0ef541a5e4b	2987	4	13786	17.66	13786.2	17.5128	5327	21.6633	unclassified	chr8	95753275	95758597	0	5322	+	5343	5301	5289	21	21	12	60	0.999061	0.997736	0.989893	0
PBC68292_skip_a8343fc7_49bbca40_19.pod5	59eb40ff-9630-4f89-a594-eb592d0ebeb3	49bbca403119fbcaf15d1a174c1fa0ef541a5e4b	2634	4	13797.3	10.84	13797.3	10.838	4509	29.0273	unclassified	chr1	46398904	46403384	6	4483	-	4484	4473	4470	4	7	3	60	0.992903	0.999329	0.996878	0
PBC68292_skip_a8343fc7_49bbca40_19.pod5	181103a7-ba62-4423-83fe-9348a80a2562	49bbca403119fbcaf15d1a174c1fa0ef541a5e4b	2591	1	13794.9	12.333	13794.9	12.331	4899	27.5411	unclassified	chr15	41128603	41133458	35	4892	+	4860	4852	4850	5	3	2	60	0.991427	0.999588	0.997942	0
PBC68292_skip_a8343fc7_49bbca40_19.pod5	5af4ff4a-66f1-4fa1-9a6b-478896c75ccd	49bbca403119fbcaf15d1a174c1fa0ef541a5e4b	2265	4	13799.8	10.1042	13799.8	10.1022	3505	16.2762	unclassified	chr11	4580274	4583181	577	3466	-	2931	2865	2835	24	42	30	60	0.824251	0.989529	0.967247	0
PBC68292_skip_a8343fc7_49bbca40_19.pod5	b18cdf61-8111-4c8e-ad9a-0ba375f6495b	49bbca403119fbcaf15d1a174c1fa0ef541a5e4b	1865	4	13773.6	32.42	13773.8	32.2824	13638	26.5835	unclassified	chr11	3835818	3849459	0	13630	+	13656	13615	13590	15	26	25	60	0.999413	0.998164	0.995167	0
PBC68292_skip_a8343fc7_49bbca40_19.pod5	bb852f24-36b5-4741-82bd-c6fd6e607770	49bbca403119fbcaf15d1a174c1fa0ef541a5e4b	2831	2	13805.6	6.2878	13805.6	6.2858	1221	2.46877	unclassified	*	-1	-1	-1	-1	*	0	0	0	0	0	0	0	0	0	0	0
PBC68292_skip_a8343fc7_49bbca40_19.pod5	3ce69a1f-7b9c-4fbc-b464-bde701e4d174	49bbca403119fbcaf15d1a174c1fa0ef541a5e4b	1227	4	13744.3	59.948	13744.5	59.8248	23185	29.5674	unclassified	chr8	122975926	122998978	0	23177	+	23202	23027	22981	150	25	46	60	0.999655	0.998002	0.990475	0
PBC68292_skip_a8343fc7_49bbca40_19.pod5	f581ca3b-424d-40e0-b5af-8d0daf629e79	49bbca403119fbcaf15d1a174c1fa0ef541a5e4b	1136	3	13789.4	19.7408	13789.6	19.584	7078	30.0406	unclassified	chr6	70335604	70342675	7	7078	-	7076	7066	7038	5	5	28	60	0.999011	0.996037	0.99463	0
PBC68292_skip_a8343fc7_49bbca40_19.pod5	2dd9a1bf-73f8-4b5f-8267-1d6df95740de	49bbca403119fbcaf15d1a174c1fa0ef541a5e4b	2904	2	13800	9.038	13800.1	8.9196	3603	42.0788	unclassified	chr2	211219579	211223176	7	3603	-	3597	3596	3589	0	1	7	53	0.998057	0.998053	0.997776	0
PBC68292_skip_a8343fc7_49bbca40_19.pod5	be2d0c28-8dcf-4cbd-bed6-da2039a02076	49bbca403119fbcaf15d1a174c1fa0ef541a5e4b	1351	4	13790.1	13.2212	13790.2	13.1052	5403	33.4248	unclassified	chr11	31565692	31571084	8	5403	-	5398	5389	5384	6	3	5	60	0.998519	0.999072	0.997406	0
PBC68292_skip_a8343fc7_49bbca40_19.pod5	8886ff38-cc49-4b0a-a5b6-81fe7ff8c6c0	49bbca403119fbcaf15d1a174c1fa0ef541a5e4b	2525	2	13806.2	5.4692	13806.4	5.3244	1966	24.153	unclassified	chr4	44584064	44586018	0	1953	+	1955	1952	1948	1	2	4	60	0.993388	0.997951	0.996419	0
PBC68292_skip_a8343fc7_49bbca40_19.pod5	0c08ef35-c4c3-4f20-b867-06dc28648a36	49bbca403119fbcaf15d1a174c1fa0ef541a5e4b	1051	2	13802.9	7.3244	13803	7.194	2953	27.0004	unclassified	chr12	19124343	19127285	5	2953	-	2951	2939	2936	9	3	3	60	0.998307	0.998979	0.994917	0
PBC68292_skip_a8343fc7_49bbca40_19.pod5	1c1beb90-143b-4e07-b43c-7a21126e48b6	49bbca403119fbcaf15d1a174c1fa0ef541a5e4b	2347	4	13795.7	11.7272	13795.8	11.6328	4581	29.6356	unclassified	chr13	21544207	21548780	12	4581	-	4573	4569	4565	0	4	4	60	0.99738	0.999125	0.998251	0
PBC68292_skip_a8343fc7_49bbca40_19.pod5	c9932f65-24cb-47ff-bc51-f1093775d6be	49bbca403119fbcaf15d1a174c1fa0ef541a5e4b	1327	2	13799.2	11.352	13799.2	11.35	4747	34.4743	unclassified	chr9	15750035	15754744	28	4740	+	4712	4709	4698	3	0	11	60	0.992627	0.997664	0.997029	0
PBC68292_skip_a8343fc7_49bbca40_19.pod5	90b9678d-4fa5-48a2-a446-ddcd67474519	49bbca403119fbcaf15d1a174c1fa0ef541a5e4b	980	3	13796.4	8.0642	13796.4	8.0622	3503	24.4327	unclassified	chr13	46020708	46024185	6	3475	-	3481	3465	3453	4	12	12	60	0.990294	0.996537	0.991956	0
PBC68292_skip_a8343fc7_49bbca40_19.pod5	a3728e18-406c-4420-829e-76adb332ae25	49bbca403119fbcaf15d1a174c1fa0ef541a5e4b	1363	4	13798.7	11.4452	13798.8	11.3148	4497	35.349	unclassified	chr3	173625127	173629617	7	4497	-	4492	4488	4488	2	2	0	60	0.998443	1	0.99911	0
PBC68292_skip_a8343fc7_49bbca40_19.pod5	187293f2-15b9-44f6-9665-ab2362260f14	49bbca403119fbcaf15d1a174c1fa0ef541a5e4b	1308	3	13791.3	12.1328	13791.4	12.0024	4651	24.5034	unclassified	chr5	106543174	106547833	0	4644	+	4664	4639	4628	5	20	11	60	0.998495	0.997629	0.992281	0
PBC68292_skip_a8343fc7_49bbca40_19.pod5	58519c58-f553-4770-8361-e7caddc93f19	49bbca403119fbcaf15d1a174c1fa0ef541a5e4b	1898	1	13801.9	7.454	13802	7.2924	3236	29.6664	unclassified	chr6	53963857	53967088	1	3236	-	3236	3230	3219	5	1	11	60	0.999691	0.996594	0.994747	0
PBC68292_skip_a8343fc7_49bbca40_19.pod5	0e0d3324-1f7b-4d16-95a2-dd751f674149	49bbca403119fbcaf15d1a174c1fa0ef541a5e4b	1309	4	13789.5	13.7492	13789.6	13.6356	5328	27.9613	unclassified	chr14	21279394	21284704	0	5322	+	5327	5305	5301	17	5	4	60	0.998874	0.999246	0.995119	0
PBC68292_skip_a8343fc7_49bbca40_19.pod5	aa782fb6-e595-4c24-93f3-4b2ed8e507a3	49bbca403119fbcaf15d1a174c1fa0ef541a5e4b	912	2	13802	9.6416	13802.1	9.5784	4157	20.7375	unclassified	chr6	137063430	137067605	0	4148	+	4184	4139	4128	9	36	11	60	0.997835	0.997342	0.986616	0
PBC68292_skip_a8343fc7_49bbca40_19.pod5	6656a3eb-8748-419a-987a-bdabf35cd9c3	49bbca403119fbcaf15d1a174c1fa0ef541a5e4b	2546	3	13789.7	19.9268	13789.8	19.842	8357	28.8293	unclassified	chr1	233393871	233402230	9	8357	-	8364	8343	8328	5	16	15	60	0.998923	0.998202	0.995696	0
PBC68292_skip_a8343fc7_49bbca40_19.pod5	ce5f8836-4a3d-4ebc-ace5-4d175bd80f47	49bbca403119fbcaf15d1a174c1fa0ef541a5e4b	1237	4	13791.4	14.4986	13791.4	14.4966	5435	8.18133	unclassified	chr9	130169612	130175128	12	5393	-	5777	5120	4710	261	396	410	60	0.990064	0.919922	0.815302	0
PBC68292_skip_a8343fc7_49bbca40_19.pod5	ae7a9f6a-e78a-440a-9b58-018c24e82ab0	49bbca403119fbcaf15d1a174c1fa0ef541a5e4b	1338	4	13794.7	16.4432	13794.8	16.3344	6796	31.9882	unclassified	chr2	222206588	222213393	10	6796	-	6806	6785	6783	1	20	2	60	0.998529	0.999705	0.996621	0
PBC68292_skip_a8343fc7_49bbca40_19.pod5	87c8c752-2496-4030-88c9-52f7be70f104	49bbca403119fbcaf15d1a174c1fa0ef541a5e4b	576	4	13801.1	10.1384	13801.2	10.0344	3675	32.4157	unclassified	chr3	63831686	63835358	0	3670	+	3674	3668	3668	2	4	0	60	0.998639	1	0.998367	0
PBC68292_skip_a8343fc7_49bbca40_19.pod5	b9a3e52c-97da-403e-a7f7-e50542451689	49bbca403119fbcaf15d1a174c1fa0ef541a5e4b	2298	3	13797.4	5.8928	13797.5	5.8152	2403	19.4372	unclassified	chr3	185589287	185591697	0	2396	+	2419	2387	2376	9	23	11	60	0.997087	0.995392	0.982224	0
PBC68292_skip_a8343fc7_49bbca40_19.pod5	55b56b96-a0e1-42b4-b9e2-2fce21c0b002	49bbca403119fbcaf15d1a174c1fa0ef541a5e4b	594	1	13793.8	9.7978	13793.8	9.7958	2145	2.63851	unclassified	*	-1	-1	-1	-1	*	0	0	0	0	0	0	0	0	0	0	0
PBC68292_skip_a8343fc7_49bbca40_19.pod5	6f4c1c4d-6de5-47f7-bc9c-32ba3b60a5d0	49bbca403119fbcaf15d1a174c1fa0ef541a5e4b	2052	4	13800.8	9.1436	13800.9	9.012	3557	31.8792	unclassified	chr3	106073453	106077065	7	3557	-	3627	3535	3530	15	77	5	60	0.998032	0.998586	0.973256	0
PBC68292_skip_a8343fc7_49bbca40_19.pod5	599b66c6-e466-4a48-998f-c57f20487d04	49bbca403119fbcaf15d1a174c1fa0ef541a5e4b	225	2	13787.7	23.1392	13787.8	23.0304	9386	29.3659	unclassified	chr6	127708349	127717730	0	9380	+	9389	9372	9364	8	9	8	60	0.999361	0.999146	0.997337	0
PBC68292_skip_a8343fc7_49bbca40_19.pod5	705825d6-a634-49bc-a9ff-ab80257609d5	49bbca403119fbcaf15d1a174c1fa0ef541a5e4b	849	2	13793.3	10.3388	13793.6	10.1172	3296	33.2941	unclassified	chrX	59502093	59505385	7	3296	-	3292	3289	3232	0	3	57	1	0.997876	0.98267	0.981774	0
PBC68292_skip_a8343fc7_49bbca40_19.pod5	00940de1-1911-43f5-a0ca-571c5ad26eb9	49bbca403119fbcaf15d1a174c1fa0ef541a5e4b	919	4	13797.1	15.2096	13797.2	15.1224	5921	32.5684	unclassified	chr16	9414644	9420565	0	5920	+	5923	5918	5913	2	3	5	60	0.999831	0.999155	0.998312	0
PBC68292_skip_a8343fc7_49bbca40_19.pod5	cd20d961-bfca-458d-9446-a4fe5ce6e018	49bbca403119fbcaf15d1a174c1fa0ef541a5e4b	674	2	13788	15.6332	13788.1	15.5172	6380	25.9176	unclassified	chr13	84249944	84256308	0	6375	+	6381	6358	6343	17	6	15	60	0.999216	0.997641	0.994045	0
PBC68292_skip_a8343fc7_49bbca40_19.pod5	b07e4e6d-3676-4cd1-8420-15a792be2ce0	49bbca403119fbcaf15d1a174c1fa0ef541a5e4b	2585	2	13779.7	29.3348	13779.7	29.2452	12077	29.0796	unclassified	chr14	89330934	89343009	0	12068	+	12114	12029	12002	39	46	27	60	0.999255	0.997755	0.990754	0
PBC68292_skip_a8343fc7_49bbca40_19.pod5	f02d3fed-e3a5-40f6-a9f2-a4878e9ddcf2	49bbca403119fbcaf15d1a174c1fa0ef541a5e4b	2379	4	13782	27.254	13782.2	27.0996	8785	33.5626	unclassified	chr20	45470271	45479053	0	8778	+	8784	8776	8773	2	6	3	60	0.999203	0.999658	0.998748	0
PBC68292_skip_a8343fc7_49bbca40_19.pod5	68dfc770-3169-4f16-8f44-37471a67e28a	49bbca403119fbcaf15d1a174c1fa0ef541a5e4b	1302	2	13797.1	6.3872	13797.3	6.204	2522	31.6892	unclassified	chr17	515105	517622	0	2517	+	2522	2512	2506	5	5	6	60	0.998017	0.997611	0.993656	0
PBC68292_skip_a8343fc7_49bbca40_19.pod5	e2be04e4-5d83-4b92-a4df-b854d80af28e	49bbca403119fbcaf15d1a174c1fa0ef541a5e4b	2543	1	13793.2	7.3028	13793.3	7.1604	2812	28.4605	unclassified	chrX	90400942	90403755	0	2812	+	2814	2811	2810	1	2	1	60	1	0.999644	0.998579	0
PBC68292_skip_a8343fc7_49bbca40_19.pod5	64dc1725-6fa4-4a22-95e5-23aa379a7508	49bbca403119fbcaf15d1a174c1fa0ef541a5e4b	393	4	13796.8	6.842	13797	6.6996	3337	23.5938	unclassified	chr12	117890148	117893469	10	3337	-	3344	3304	3285	23	17	19	60	0.997003	0.994249	0.982356	0
PBC68292_skip_a8343fc7_49bbca40_19.pod5	4ab34202-740c-4349-8da9-34926c41a88e	49bbca403119fbcaf15d1a174c1fa0ef541a5e4b	1007	2	13779.5	23.8316	13779.8	23.5428	6873	18.1972	unclassified	chr13	99771538	99778232	0	6867	+	6876	6685	6674	182	9	11	60	0.999127	0.998355	0.970622	0
PBC68292_skip_a8343fc7_49bbca40_19.pod5	9001b3ae-3b50-4dff-838f-e748cb07af68	49bbca403119fbcaf15d1a174c1fa0ef541a5e4b	1481	2	13769.7	33.9392	13769.9	33.7464	10201	28.4048	unclassified	chrY	6660344	6668573	1968	10201	+	8235	8227	8222	6	2	5	60	0.807078	0.999392	0.998421	0
PBC68292_skip_a8343fc7_49bbca40_19.pod5	3cd2328c-2b1e-450c-b916-5a75a3015d9b	49bbca403119fbcaf15d1a174c1fa0ef541a5e4b	2193	2	13793.4	9.9428	13793.5	9.8172	4026	28.3125	unclassified	chr8	57912536	57916556	6	4026	-	4021	4019	4014	1	1	5	60	0.99851	0.998756	0.998259	0
PBC68292_skip_a8343fc7_49bbca40_19.pod5	71b5bc97-768d-43b9-bfb2-c2cefe7d0b51	49bbca403119fbcaf15d1a174c1fa0ef541a5e4b	1794	2	13786.6	16.7492	13786.7	16.6452	6833	26.2162	unclassified	chr7	112136051	112142874	7	6833	-	6831	6818	6804	8	5	14	60	0.998976	0.997947	0.996047	0
PBC68292_skip_a8343fc7_49bbca40_19.pod5	5d566c84-db55-4b94-8413-5a64fc722fd8	49bbca403119fbcaf15d1a174c1fa0ef541a5e4b	954	2	13759.1	44.9408	13759.3	44.808	17787	30.0688	unclassified	chr14	39852714	39870475	9	17786	-	17817	17721	17673	56	40	48	60	0.999438	0.997291	0.991918	0
PBC68292_skip_a8343fc7_49bbca40_19.pod5	20fbaba8-1893-49eb-bbed-722687b2b1a4	49bbca403119fbcaf15d1a174c1fa0ef541a5e4b	2613	1	13800.8	2.7496	13800.8	2.7476	570	3.30667	unclassified	*	-1	-1	-1	-1	*	0	0	0	0	0	0	0	0	0	0	0
PBC68292_skip_a8343fc7_49bbca40_19.pod5	85dfcc93-9a95-4ccb-a115-2da0d7bd890d	49bbca403119fbcaf15d1a174c1fa0ef541a5e4b	1536	2	13776.3	27.1844	13776.4	27.054	11201	29.5765	unclassified	chr22	20336402	20338528	991	3158	+	2285	2008	1744	159	118	264	1	0.193465	0.868526	0.763238	0
PBC68292_skip_a8343fc7_49bbca40_19.pod5	6c3b71c7-2b93-4d89-9972-e6c022f8f07b	49bbca403119fbcaf15d1a174c1fa0ef541a5e4b	1688	2	13792.5	11.258	13792.6	11.1516	5206	27.586	unclassified	chr3	75044956	75050167	0	5206	-	5216	5201	5187	5	10	14	60	1	0.997308	0.99444	0
PBC68292_skip_a8343fc7_49bbca40_19.pod5	81778750-fa82-489a-9723-2220ab7d521d	49bbca403119fbcaf15d1a174c1fa0ef541a5e4b	1970	1	13779.3	24.2816	13779.5	24.0828	5450	25.1697	unclassified	chr4	157784843	157790290	9	5450	-	5450	5438	5424	3	9	14	60	0.998349	0.997425	0.995229	0
PBC68292_skip_a8343fc7_49bbca40_19.pod5	1656bf98-1a90-42b8-9cb9-2b49a7f9f31e	49bbca403119fbcaf15d1a174c1fa0ef541a5e4b	2417	2	13785.5	17.7128	13785.6	17.6376	7156	23.4201	unclassified	chr15	49513608	49520754	0	7149	+	7155	7140	7113	9	6	27	60	0.999022	0.996219	0.99413	0
PBC68292_skip_a8343fc7_49bbca40_19.pod5	4d2303f9-18e7-4897-9475-5d65c262b702	49bbca403119fbcaf15d1a174c1fa0ef541a5e4b	1824	3	13783.5	20.2604	13783.7	20.094	8022	27.4767	unclassified	chr13	56969277	56977305	0	8016	+	8034	8010	8004	6	18	6	60	0.999252	0.999251	0.996266	0
PBC68292_skip_a8343fc7_49bbca40_19.pod5	0d4a13bb-a047-4cfc-b2e5-a80c44ba0cc1	49bbca403119fbcaf15d1a174c1fa0ef541a5e4b	713	4	13782.8	21.0764	13782.9	20.946	8099	29.7851	unclassified	chr1	89495737	89503837	6	8099	-	8102	8091	8082	2	9	9	60	0.999259	0.998888	0.997531	0
PBC68292_skip_a8343fc7_49bbca40_19.pod5	cb93d050-b61e-4adb-9137-698f346425e4	49bbca403119fbcaf15d1a174c1fa0ef541a5e4b	2642	3	13796.9	6.7868	13796.9	6.7848	2682	26.2523	unclassified	chr9	131930975	131933623	6	2647	-	2650	2639	2634	2	9	5	60	0.984713	0.998105	0.993962	0
PBC68292_skip_a8343fc7_49bbca40_19.pod5	2ac7f746-d10d-48ee-810b-063c76598c31	49bbca403119fbcaf15d1a174c1fa0ef541a5e4b	1828	3	13778.8	25.0904	13778.9	24.9576	8720	29.4045	unclassified	chr5	84852483	84861215	0	8712	+	8734	8710	8700	2	22	10	60	0.999083	0.998852	0.996107	0
PBC68292_skip_a8343fc7_49bbca40_19.pod5	bac72b96-7f5a-42f1-b437-be47fa86c39a	49bbca403119fbcaf15d1a174c1fa0ef541a5e4b	1021	4	13773.1	30.374	13773.2	30.2652	11282	27.5294	unclassified	chr4	33882103	33893384	7	11282	-	11294	11262	11251	13	19	11	60	0.99938	0.999023	0.996193	0
PBC68292_skip_a8343fc7_49bbca40_19.pod5	8a64ae9d-1ffd-49cb-afe6-b04ba619eac9	49bbca403119fbcaf15d1a174c1fa0ef541a5e4b	1589	1	13782.7	20.672	13782.7	20.67	9918	15.6562	unclassified	chr12	125276605	125286548	4	9890	-	10026	9803	9661	83	140	142	60	0.996774	0.985515	0.963595	0
PBC68292_skip_a8343fc7_49bbca40_19.pod5	19065931-d1d9-4c76-bd89-529452f1b47f	49bbca403119fbcaf15d1a174c1fa0ef541a5e4b	1105	3	13784.4	19.6784	13784.6	19.4532	6931	35.2117	unclassified	chr9	25308993	25315911	10	6931	-	6923	6916	6906	5	2	10	60	0.998557	0.998554	0.997544	0
PBC68292_skip_a8343fc7_49bbca40_19.pod5	35017f4d-4183-402f-8d9e-1e4086461172	49bbca403119fbcaf15d1a174c1fa0ef541a5e4b	894	3	13775.5	28.0772	13775.7	27.966	11280	28.3241	unclassified	chr16	50940245	50951518	0	11274	+	11283	11264	11253	10	9	11	60	0.999468	0.999023	0.997341	0
PBC68292_skip_a8343fc7_49bbca40_19.pod5	d237cd96-af92-460d-b25c-fb4df575e05a	49bbca403119fbcaf15d1a174c1fa0ef541a5e4b	981	1	13753.5	49.9316	13753.6	49.8012	17401	28.4801	unclassified	chr6	39129294	39146697	6	17401	-	17419	17379	17356	16	24	23	60	0.999655	0.998677	0.996383	0
PBC68292_skip_a8343fc7_49bbca40_19.pod5	887c7ee4-6a92-4849-8407-4f5095111b52	49bbca403119fbcaf15d1a174c1fa0ef541a5e4b	2858	3	13797.1	6.6428	13797.1	6.6408	2701	25.7227	unclassified	chr4	93467740	93470413	9	2683	-	2676	2671	2664	3	2	7	60	0.990004	0.997379	0.995516	0
PBC68292_skip_a8343fc7_49bbca40_19.pod5	e4f0d0cd-60cf-488e-a427-0c2cedfee78b	49bbca403119fbcaf15d1a174c1fa0ef541a5e4b	2794	3	13791.2	12.7556	13791.3	12.6684	5248	29.7248	unclassified	chr17	13606272	13611519	0	5238	+	5250	5235	5232	3	12	3	60	0.998094	0.999427	0.996571	0
PBC68292_skip_a8343fc7_49bbca40_19.pod5	08f806cb-633a-4b01-83b8-1ce009960600	49bbca403119fbcaf15d1a174c1fa0ef541a5e4b	1521	2	13775.9	28.2788	13776	28.1268	10388	31.7723	unclassified	chr6	133491274	133501626	0	10377	+	10381	10348	10340	29	4	8	60	0.998941	0.999227	0.99605	0
PBC68292_skip_a8343fc7_49bbca40_19.pod5	07092ecd-327c-4206-a618-7223a28c3906	49bbca403119fbcaf15d1a174c1fa0ef541a5e4b	2951	2	13791.1	12.8632	13791.1	12.8612	5282	13.2625	unclassified	chr17	13038092	13041502	8	3419	-	3484	3337	3233	74	73	104	60	0.645778	0.968834	0.927956	0
PBC68292_skip_a8343fc7_49bbca40_19.pod5	9caf1f97-97c2-472b-8eba-330802af0345	49bbca403119fbcaf15d1a174c1fa0ef541a5e4b	1653	4	13780.6	23.372	13780.7	23.2848	10292	28.4927	unclassified	chr13	19615903	19626201	0	10283	+	10308	10273	10262	10	25	11	60	0.999126	0.998929	0.995537	0
PBC68292_skip_a8343fc7_49bbca40_19.pod5	69c78ed8-03a6-461e-9e93-4f0a51abf750	49bbca403119fbcaf15d1a174c1fa0ef541a5e4b	1026	2	13775.1	28.9004	13775.2	28.7484	11047	32.2562	unclassified	chr5	106146067	106157108	0	11040	+	11052	11029	11020	11	12	9	60	0.999366	0.999184	0.997105	0
PBC68292_skip_a8343fc7_49bbca40_19.pod5	f1626e92-368e-446c-b074-03eda508b224	49bbca403119fbcaf15d1a174c1fa0ef541a5e4b	592	1	13737	66.5072	13737.1	66.3384	25880	27.3474	unclassified	chr4	174518053	174543934	0	25873	+	25910	25844	25790	29	37	54	60	0.99973	0.997911	0.995369	0
PBC68292_skip_a8343fc7_49bbca40_19.pod5	bec1109c-9277-4756-80e2-ecf3350b322a	49bbca403119fbcaf15d1a174c1fa0ef541a5e4b	108	3	13794.3	10.04	13794.6	9.8184	3931	24.3194	unclassified	chr3	39371203	39375122	7	3931	-	3928	3915	3909	9	4	6	60	0.998219	0.998467	0.995163	0
PBC68292_skip_a8343fc7_49bbca40_19.pod5	e5fcc242-9b21-436a-83e2-a99aaa9aa8e4	49bbca403119fbcaf15d1a174c1fa0ef541a5e4b	2874	4	13759.7	43.0944	13759.8	43.0924	20600	11.992	unclassified	chr13	17824499	17835521	29	10980	+	11151	10822	10096	129	200	726	1	0.531602	0.932914	0.90539	0
PBC68292_skip_a8343fc7_49bbca40_19.pod5	ee0f9d55-3d4e-4808-a44c-9d38d6457454	49bbca403119fbcaf15d1a174c1fa0ef541a5e4b	545	3	13794.6	9.6968	13794.9	9.4296	4123	23.7511	unclassified	chr17	13179910	13184033	4	4123	-	4130	4112	4104	7	11	8	60	0.99903	0.998055	0.993705	0
PBC68292_skip_a8343fc7_49bbca40_19.pod5	039e6b81-33f4-4847-8df1-bf943dadad40	49bbca403119fbcaf15d1a174c1fa0ef541a5e4b	2054	2	13794.2	9.8732	13794.3	9.7908	3949	28.4842	unclassified	chr1	207468910	207472850	7	3949	-	3945	3937	3933	5	3	4	60	0.998227	0.998984	0.996958	0
PBC68292_skip_a8343fc7_49bbca40_19.pod5	f708ff0d-4ba6-4c23-aa8c-906c60871ded	49bbca403119fbcaf15d1a174c1fa0ef541a5e4b	2538	3	13784.6	18.8876	13784.8	18.7812	7139	27.7848	unclassified	chr8	138843072	138850206	6	7139	-	7141	7126	7119	7	8	7	60	0.99916	0.999018	0.996919	0
PBC68292_skip_a8343fc7_49bbca40_19.pod5	fa34399a-8f83-4b46-ab36-253de3234fe7	49bbca403119fbcaf15d1a174c1fa0ef541a5e4b	1887	1	13781.9	22.256	13782	22.1328	9074	28.7742	unclassified	chr6	83471335	83480417	0	9067	+	9087	9062	9056	5	20	6	60	0.999229	0.999338	0.996589	0
PBC68292_skip_a8343fc7_49bbca40_19.pod5	64afb0f4-c935-46f4-81d0-94776bfa90af	49bbca403119fbcaf15d1a174c1fa0ef541a5e4b	827	3	13766.4	37.6628	13766.5	37.5684	14678	27.5776	unclassified	chr14	87137329	87151987	7	14678	-	14693	14636	14621	35	22	15	60	0.999523	0.998975	0.9951	0
PBC68292_skip_a8343fc7_49bbca40_19.pod5	f3ea581d-148a-43b8-87cc-81e8f1b42451	49bbca403119fbcaf15d1a174c1fa0ef541a5e4b	2344	2	13704.8	98.3818	13704.8	98.3798	37252	17.5866	unclassified	chr11	8617629	8653223	1514	37218	-	35845	35453	35371	251	141	82	60	0.958445	0.997687	0.986776	0
PBC68292_skip_a8343fc7_49bbca40_19.pod5	8e0114b4-e05a-42b8-b3a5-4c21118f8045	49bbca403119fbcaf15d1a174c1fa0ef541a5e4b	2885	1	13779.3	23.6848	13779.3	23.6828	10408	32.4855	unclassified	chr5	49656261	49661871	1646	7423	+	6103	5284	4636	493	326	648	1	0.555054	0.877366	0.759626	0
PBC68292_skip_a8343fc7_49bbca40_19.pod5	480b37f6-e69f-4754-b9b6-9c4467c3dff3	49bbca403119fbcaf15d1a174c1fa0ef541a5e4b	567	2	13779	25.1036	13779.1	25.0188	10527	29.8455	unclassified	chr6	137373364	137383893	0	10521	+	10545	10505	10484	16	24	21	60	0.99943	0.998001	0.994215	0
PBC68292_skip_a8343fc7_49bbca40_19.pod5	53cd9f3f-cf48-4488-ac05-fbb01e9792f2	49bbca403119fbcaf15d1a174c1fa0ef541a5e4b	1879	3	13769	35.2052	13769.1	35.0436	11528	23.6087	unclassified	chr1	26253727	26265248	4	11528	-	11551	11494	11462	30	27	32	60	0.999653	0.997216	0.992295	0
PBC68292_skip_a8343fc7_49bbca40_19.pod5	5c7f01f9-5d20-44f1-a1f2-2a05d7a373a7	49bbca403119fbcaf15d1a174c1fa0ef541a5e4b	2581	3	13789.9	14.3464	13789.9	14.3444	5481	9.19388	unclassified	chr2	49002901	49008472	9	5447	-	5747	5262	4930	176	309	332	60	0.992155	0.936906	0.857839	0
PBC68292_skip_a8343fc7_49bbca40_19.pod5	4995755a-4737-4e23-8edb-de26feb403c1	49bbca403119fbcaf15d1a174c1fa0ef541a5e4b	1821	2	13778.5	25.7468	13778.6	25.614	9828	25.6767	unclassified	chr2	74464528	74474368	8	9828	-	9857	9803	9783	17	37	20	60	0.999186	0.99796	0.992493	0
PBC68292_skip_a8343fc7_49bbca40_19.pod5	c07f7392-a95f-4488-bbbf-fa7e158b7ae0	49bbca403119fbcaf15d1a174c1fa0ef541a5e4b	2804	2	13778.1	25.6352	13778.2	25.5216	9760	30.5713	unclassified	chr5	87513640	87523394	0	9752	+	9756	9750	9749	2	4	1	60	0.99918	0.999897	0.999282	0
PBC68292_skip_a8343fc7_49bbca40_19.pod5	ed1de9e8-a329-4a96-9138-134edb5f842d	49bbca403119fbcaf15d1a174c1fa0ef541a5e4b	646	4	13787	17.4956	13787.1	17.418	7515	23.5534	unclassified	chr1	99455733	99463250	5	7515	-	7526	7501	7472	9	16	29	60	0.999335	0.996134	0.992825	0
PBC68292_skip_a8343fc7_49bbca40_19.pod5	714a7a76-af01-4b9e-b9e9-bc28e01faa2b	49bbca403119fbcaf15d1a174c1fa0ef541a5e4b	2649	3	13787.4	16.8104	13787.5	16.7136	7110	22.5104	unclassified	chr2	130592781	130599891	9	7110	-	7130	7081	7066	20	29	15	40	0.998734	0.997882	0.991024	0
PBC68292_skip_a8343fc7_49bbca40_19.pod5	4cab7751-5bc8-4f59-b62f-3e181949d26c	49bbca403119fbcaf15d1a174c1fa0ef541a5e4b	1165	4	13755.6	47.612	13755.7	47.4888	16771	28.7364	unclassified	chr19	55472141	55488876	9	16667	-	16753	16640	16609	18	95	31	60	0.993262	0.998137	0.991405	0
PBC68292_skip_a8343fc7_49bbca40_19.pod5	8e8ef0a2-0fb7-4ed8-8f9e-6781323705ad	49bbca403119fbcaf15d1a174c1fa0ef541a5e4b	2572	1	13778.2	26.0024	13778.4	25.8552	9745	28.3858	unclassified	chr7	123205851	123215660	7	9745	-	9832	9715	9669	23	94	46	60	0.999282	0.995265	0.983422	0
PBC68292_skip_a8343fc7_49bbca40_19.pod5	33a20fed-bfb0-4ff1-8c7b-fd24a140cafb	49bbca403119fbcaf15d1a174c1fa0ef541a5e4b	2348	1	13793.4	11.2484	13793.5	11.1444	4505	26.0093	unclassified	chr12	7808790	7813302	7	4505	-	4521	4489	4468	9	23	21	60	0.998446	0.995322	0.988277	0
PBC68292_skip_a8343fc7_49bbca40_19.pod5	5df8e96a-a81a-43fc-b9b2-2493eb4248c7	49bbca403119fbcaf15d1a174c1fa0ef541a5e4b	2966	1	13785.9	18.2756	13786	18.1668	6373	28.0572	unclassified	chr6	55142849	55149229	10	6373	-	6390	6353	6343	10	27	10	60	0.998431	0.998426	0.992645	0
PBC68292_skip_a8343fc7_49bbca40_19.pod5	3708454f-f8e9-457b-87e5-03e27b7d9e4d	49bbca403119fbcaf15d1a174c1fa0ef541a5e4b	1408	2	13793.2	11.0888	13793.3	11.0112	4303	28.8844	unclassified	chr10	77254861	77259149	0	4296	+	4296	4288	4284	8	0	4	60	0.998373	0.999067	0.997207	0
PBC68292_skip_a8343fc7_49bbca40_19.pod5	aeb936c0-c2c3-4307-b83c-b5d2d69abe89	49bbca403119fbcaf15d1a174c1fa0ef541a5e4b	1833	3	13780.4	23.5988	13780.5	23.4948	11017	27.0717	unclassified	chr9	42748472	42759491	0	11011	+	11024	11006	10994	5	13	12	60	0.999455	0.99891	0.997279	0
PBC68292_skip_a8343fc7_49bbca40_19.pod5	89de938e-342a-47ad-9595-268f06610353	49bbca403119fbcaf15d1a174c1fa0ef541a5e4b	1578	1	13745.3	50.0324	13745.5	49.9068	16304	20.1307	unclassified	chr4	38361864	38377951	0	16304	+	16331	16060	15989	244	27	71	60	1	0.995579	0.979058	0
PBC68292_skip_a8343fc7_49bbca40_19.pod5	d69882db-f71b-4cde-b2fa-999a0e02ce1e	49bbca403119fbcaf15d1a174c1fa0ef541a5e4b	2661	4	13731.1	71.9336	13731.3	71.7384	29156	22.8677	unclassified	chrX	110373689	110402884	0	29149	+	29268	29076	29015	73	119	61	60	0.99976	0.997902	0.991356	0
PBC68292_skip_a8343fc7_49bbca40_19.pod5	de2c4b36-a805-44f7-85a2-5a5fbe7bacd5	49bbca403119fbcaf15d1a174c1fa0ef541a5e4b	584	4	13795.7	9.1832	13795.8	9.0708	3748	22.4289	unclassified	chr5	174184068	174187804	0	3739	+	3747	3728	3715	11	8	13	60	0.997599	0.996513	0.99146	0
PBC68292_skip_a8343fc7_49bbca40_19.pod5	5303fd9b-580d-46bc-88ec-7183d928a50f	49bbca403119fbcaf15d1a174c1fa0ef541a5e4b	1429	4	13765.9	38.6948	13766	38.5884	15819	27.5729	unclassified	chr14	27245215	27261028	6	15819	-	15834	15792	15751	21	21	41	60	0.999621	0.997404	0.994758	0
PBC68292_skip_a8343fc7_49bbca40_19.pod5	adb28cdb-03c7-492d-839c-34d591ef3295	49bbca403119fbcaf15d1a174c1fa0ef541a5e4b	2136	4	13790.6	14.1436	13790.6	14.1416	2997	4.89409	unclassified	*	-1	-1	-1	-1	*	0	0	0	0	0	0	0	0	0	0	0
PBC68292_skip_a8343fc7_49bbca40_19.pod5	c9b85cc1-e546-4f48-ac5b-f9b4907739b1	49bbca403119fbcaf15d1a174c1fa0ef541a5e4b	1066	4	13798.7	6.1172	13798.7	6.1152	2777	23.8731	unclassified	chr2	57936474	57939200	5	2740	-	2738	2723	2715	12	3	8	60	0.984876	0.997062	0.9916	0
PBC68292_skip_a8343fc7_49bbca40_19.pod5	0441078d-1f01-45b3-9d13-98b9976e5ebe	49bbca403119fbcaf15d1a174c1fa0ef541a5e4b	590	2	13781.9	22.9916	13782	22.8708	8854	29.9852	unclassified	chr3	36257235	36266074	6	8854	-	8859	8828	8813	20	11	15	60	0.999322	0.998301	0.994808	0
PBC68292_skip_a8343fc7_49bbca40_19.pod5	0e92d6a6-34c2-49ec-8409-ee5be25025ab	49bbca403119fbcaf15d1a174c1fa0ef541a5e4b	180	3	13776.7	28.0856	13776.8	27.9708	8747	30.6994	unclassified	chr4	49649678	49658089	166	8126	+	8695	7676	6184	284	735	1492	1	0.910026	0.805628	0.711213	0
PBC68292_skip_a8343fc7_49bbca40_19.pod5	f5c3961b-efce-4947-bf27-d0ed59e11dfb	49bbca403119fbcaf15d1a174c1fa0ef541a5e4b	369	4	13787.3	17.3708	13787.4	17.2764	7609	27.8207	unclassified	chr4	72498559	72506155	6	7609	-	7607	7592	7578	11	4	14	60	0.999211	0.998156	0.996188	0
PBC68292_skip_a8343fc7_49bbca40_19.pod5	193ee099-817c-4e52-8196-ac5219894da5	49bbca403119fbcaf15d1a174c1fa0ef541a5e4b	2974	1	13774.1	30.053	13774.1	30.051	12998	27.4688	unclassified	chr6	138636333	138649299	9	12962	-	12974	12945	12939	8	21	6	60	0.996538	0.999537	0.997302	0
PBC68292_skip_a8343fc7_49bbca40_19.pod5	404e07df-a637-4305-a5f7-0b91e7635c62	49bbca403119fbcaf15d1a174c1fa0ef541a5e4b	2928	3	13766	38.0072	13766.2	37.8744	13571	29.1228	unclassified	chr21	37108979	37122564	5	13571	-	13612	13539	13508	27	46	31	60	0.999632	0.99771	0.99236	0
PBC68292_skip_a8343fc7_49bbca40_19.pod5	16808a02-6287-48a1-8fb8-9e503c47825b	49bbca403119fbcaf15d1a174c1fa0ef541a5e4b	1473	1	13775	29.4752	13775.1	29.364	10563	30.1946	unclassified	chr2	88368694	88379265	0	10555	+	10581	10545	10532	10	26	13	60	0.999243	0.998767	0.995369	0
PBC68292_skip_a8343fc7_49bbca40_19.pod5	97d22767-6843-494d-8917-6745e23784b2	49bbca403119fbcaf15d1a174c1fa0ef541a5e4b	2082	1	13768.7	35.7332	13768.8	35.6268	13849	33.782	unclassified	chr5	119803500	119817348	0	13843	+	13854	13837	13818	6	11	19	60	0.999567	0.998627	0.997401	0
PBC68292_skip_a8343fc7_49bbca40_19.pod5	ae1000f7-d373-455c-960e-204fa13c4fce	49bbca403119fbcaf15d1a174c1fa0ef541a5e4b	2444	2	13747.4	56.4044	13747.5	56.3196	21049	26.6467	unclassified	chrY	9753849	9774902	7	21049	-	21078	21017	20995	25	36	22	1	0.999667	0.998953	0.996062	0
PBC68292_skip_a8343fc7_49bbca40_19.pod5	e1f6ab02-3d4b-4b6c-8d18-8cde06e5d107	49bbca403119fbcaf15d1a174c1fa0ef541a5e4b	2895	2	13766	38.0504	13766.1	37.9416	14827	31.2959	unclassified	chr10	38419827	38434651	0	14827	-	14837	14814	14807	13	10	7	60	1	0.999527	0.997978	0
PBC68292_skip_a8343fc7_49bbca40_19.pod5	2b5d962d-eee2-432e-89b4-740cfedca1be	49bbca403119fbcaf15d1a174c1fa0ef541a5e4b	26	4	13791.2	13.9052	13791.4	13.7676	4582	26.9684	unclassified	chr7	63405710	63410283	12	4579	-	4578	4562	4561	5	11	1	7	0.996726	0.999781	0.996287	0
PBC68292_skip_a8343fc7_49bbca40_19.pod5	afebab85-5ead-41f3-9032-7e9ef0c1642e	49bbca403119fbcaf15d1a174c1fa0ef541a5e4b	2474	3	13774.9	29.696	13775	29.556	12079	30.5725	unclassified	chrY	15104625	15116685	8	12079	-	12077	12054	12042	17	6	12	60	0.999338	0.999004	0.997102	0
PBC68292_skip_a8343fc7_49bbca40_19.pod5	e6eaecc0-76af-463c-aafa-721eee96cf65	49bbca403119fbcaf15d1a174c1fa0ef541a5e4b	253	3	13784.4	20.4488	13784.5	20.3088	6838	20.8887	unclassified	chr9	30429711	30436495	9	6838	-	6837	6776	6759	53	8	17	60	0.998684	0.997491	0.988591	0
PBC68292_skip_a8343fc7_49bbca40_19.pod5	631c8c44-f204-41f8-9aa4-d52e2087729b	49bbca403119fbcaf15d1a174c1fa0ef541a5e4b	2637	2	13776.2	28.406	13776.4	28.206	6237	23.7825	unclassified	chr1	199453678	199459919	7	6237	-	6246	6225	6203	5	16	22	60	0.998878	0.996466	0.993116	0
PBC68292_skip_a8343fc7_49bbca40_19.pod5	11770de0-633d-48f2-8d4d-088e0a18f37c	49bbca403119fbcaf15d1a174c1fa0ef541a5e4b	838	4	13762.4	41.954	13762.6	41.814	17497	24.2305	unclassified	chr11	69294151	69311639	0	17485	+	17516	17457	17399	28	31	58	60	0.999314	0.996678	0.99332	0
PBC68292_skip_a8343fc7_49bbca40_19.pod5	f0279bd0-446f-45e5-a942-b33e8451e3c3	49bbca403119fbcaf15d1a174c1fa0ef541a5e4b	1420	1	13795	9.734	13795.1	9.654	4258	26.1933	unclassified	chr13	104857368	104861648	9	4255	-	4285	4241	4229	5	39	12	60	0.997182	0.997171	0.986931	0
PBC68292_skip_a8343fc7_49bbca40_19.pod5	47d0aab1-a101-40a3-88dc-cb99624c7290	49bbca403119fbcaf15d1a174c1fa0ef541a5e4b	1711	2	13749.2	54.216	13749.4	54.0912	24961	23.4264	unclassified	chr15	36946163	36971178	0	24953	+	25057	24911	24851	42	104	60	60	0.99968	0.997591	0.991779	0
PBC68292_skip_a8343fc7_49bbca40_19.pod5	e31748d3-ace6-4b35-b6a4-fe6c362bc32f	49bbca403119fbcaf15d1a174c1fa0ef541a5e4b	1711	2	13694.8	54.3936	13694.9	54.2928	25001	23.6735	unclassified	chr15	36946162	36971177	10	25001	-	25047	24959	24899	32	56	60	60	0.9996	0.997596	0.994091	0
PBC68292_skip_a8343fc7_49bbca40_19.pod5	fe228e0b-4440-4f18-a3f8-5ab6c162c211	49bbca403119fbcaf15d1a174c1fa0ef541a5e4b	306	1	13776.7	28.0556	13776.7	28.0536	11595	27.5889	unclassified	chr14	86666670	86678221	6	11566	-	11574	11537	11523	23	14	14	60	0.996981	0.998787	0.995594	0
PBC68292_skip_a8343fc7_49bbca40_19.pod5	c4d7a4a1-3b36-4b71-bc51-e4d1791dc3e1	49bbca403119fbcaf15d1a174c1fa0ef541a5e4b	610	1	13781.3	23.7584	13781.4	23.6256	6925	22.6018	unclassified	chr5	28781238	28788166	0	6918	+	6937	6909	6883	9	19	26	60	0.998989	0.996237	0.992216	0
PBC68292_skip_a8343fc7_49bbca40_19.pod5	12bc221b-b579-439f-a448-5f84a64a49ef	49bbca403119fbcaf15d1a174c1fa0ef541a5e4b	2042	3	13741.5	62.6098	13741.5	62.6078	25680	28.8893	unclassified	chr7	4918076	4943729	36	25674	+	25704	25587	25520	51	66	67	60	0.998365	0.997382	0.992842	0
PBC68292_skip_a8343fc7_49bbca40_19.pod5	66132b74-98fe-4732-91f6-b1c591650766	49bbca403119fbcaf15d1a174c1fa0ef541a5e4b	1876	4	13764.5	39.9232	13764.5	39.9212	15584	30.3543	unclassified	chrY	5618699	5634259	37	15584	+	15563	15544	15533	3	16	11	60	0.997626	0.999292	0.998072	0
PBC68292_skip_a8343fc7_49bbca40_19.pod5	55218912-4b66-493e-bb40-d7ecbd37a79e	49bbca403119fbcaf15d1a174c1fa0ef541a5e4b	340	1	13798.4	6.9548	13798.6	6.8268	2865	19.4235	unclassified	chr17	76380902	76383771	0	2865	+	2888	2846	2826	19	23	20	60	1	0.992973	0.978532	0
PBC68292_skip_a8343fc7_49bbca40_19.pod5	5dea268a-fb8b-430c-99cb-9d966f119ceb	49bbca403119fbcaf15d1a174c1fa0ef541a5e4b	2062	2	13754.8	50.0228	13755	49.818	13508	24.5215	unclassified	chr11	121088473	121101981	0	13501	+	13528	13481	13458	20	27	23	60	0.999482	0.998294	0.994826	0
PBC68292_skip_a8343fc7_49bbca40_19.pod5	ce3f87ef-b76d-49da-bdb8-52181fed000e	49bbca403119fbcaf15d1a174c1fa0ef541a5e4b	868	4	13791.8	13.382	13791.9	13.2852	4581	28.8393	unclassified	chr8	141900037	141904618	0	4576	+	4583	4574	4570	2	7	4	60	0.998909	0.999125	0.997163	0
PBC68292_skip_a8343fc7_49bbca40_19.pod5	1db6d70a-1624-4c10-aa18-2ce4d442a6ee	49bbca403119fbcaf15d1a174c1fa0ef541a5e4b	2836	1	13755.9	48.7192	13755.9	48.7172	21380	31.4043	unclassified	chr10	99136291	99157304	29	21372	+	21364	20992	20955	351	21	37	60	0.998269	0.998237	0.980856	0
PBC68292_skip_a8343fc7_49bbca40_19.pod5	d272f5a6-647b-4c7e-8ea2-7ad8fef18ae2	49bbca403119fbcaf15d1a174c1fa0ef541a5e4b	1383	1	13790.5	14.7776	13790.6	14.6256	5442	37.6684	unclassified	chr18	33248594	33254030	3	5442	-	5440	5435	5425	4	1	10	60	0.999449	0.99816	0.997243	0
PBC68292_skip_a8343fc7_49bbca40_19.pod5	c87e7994-c30d-4dee-b54f-a6a0818d2bea	49bbca403119fbcaf15d1a174c1fa0ef541a5e4b	819	4	13763.7	41.4706	13763.7	41.4686	8137	14.3916	unclassified	chr1	222625300	222632990	7	8093	-	8099	7677	7655	409	13	22	60	0.993732	0.997134	0.945178	0
PBC68292_skip_a8343fc7_49bbca40_19.pod5	69f440c5-ab84-4f2c-9588-2b147c74e64f	49bbca403119fbcaf15d1a174c1fa0ef541a5e4b	1319	4	13795	10.016	13795.1	9.9168	4181	27.1108	unclassified	chr17	77402392	77406569	0	4181	+	4184	4174	4168	7	3	6	60	1	0.998563	0.996176	0
PBC68292_skip_a8343fc7_49bbca40_19.pod5	4a39c0a6-ca86-4bdd-97ab-a7c01f87147c	49bbca403119fbcaf15d1a174c1fa0ef541a5e4b	1512	3	13789.7	15.4698	13789.7	15.4678	8414	15.8843	unclassified	chr4	104165464	104173896	29	8408	+	8487	8324	8220	55	108	104	60	0.99584	0.987506	0.96854	0
PBC68292_skip_a8343fc7_49bbca40_19.pod5	f8d0f074-4980-4482-ac36-9d58da9c17de	49bbca403119fbcaf15d1a174c1fa0ef541a5e4b	1629	3	13771.8	33.008	13771.9	32.8752	12312	27.9558	unclassified	chr8	136024582	136034917	6	12312	-	12309	10332	10314	1974	3	18	60	0.999513	0.998258	0.837923	0
PBC68292_skip_a8343fc7_49bbca40_19.pod5	5e027e3d-ee75-46f3-8084-d1b00cdc292c	49bbca403119fbcaf15d1a174c1fa0ef541a5e4b	463	2	13760.2	44.9996	13760.4	44.826	16337	28.4454	unclassified	chr10	72418692	72435019	0	16329	+	16348	16308	16299	21	19	9	60	0.99951	0.999448	0.997003	0
PBC68292_skip_a8343fc7_49bbca40_19.pod5	a46dce86-8740-489d-9ab8-0d7bd646b90c	49bbca403119fbcaf15d1a174c1fa0ef541a5e4b	2402	2	13791.7	13.4614	13791.7	13.4594	2482	6.23259	unclassified	*	-1	-1	-1	-1	*	0	0	0	0	0	0	0	0	0	0	0
PBC68292_skip_a8343fc7_49bbca40_19.pod5	67bd4a17-4668-4def-94d2-c2870dc5f25e	49bbca403119fbcaf15d1a174c1fa0ef541a5e4b	1784	4	13789.8	14.9036	13790	14.778	8586	22.7633	unclassified	chr9	115767505	115776060	7	8586	-	8599	8535	8505	44	20	30	60	0.999185	0.996485	0.989069	0
PBC68292_skip_a8343fc7_49bbca40_19.pod5	d8678c10-3032-4041-933f-ce6ee462aca0	49bbca403119fbcaf15d1a174c1fa0ef541a5e4b	1883	4	13782.2	22.9472	13782.4	22.7616	9836	27.3159	unclassified	chr12	92154221	92164050	5	9836	-	9841	9819	9807	12	10	12	60	0.999492	0.998778	0.996545	0
PBC68292_skip_a8343fc7_49bbca40_19.pod5	65d3817d-5944-45f9-ba48-98dfcb5478c1	49bbca403119fbcaf15d1a174c1fa0ef541a5e4b	1925	2	13774.5	30.2744	13774.5	30.2724	11430	23.218	unclassified	chr5	174942952	174954321	6	11394	-	11420	11337	11310	51	32	27	60	0.996325	0.997618	0.990368	0
PBC68292_skip_a8343fc7_49bbca40_19.pod5	1d88c2bd-450d-4c49-95a5-f2347423e57b	49bbca403119fbcaf15d1a174c1fa0ef541a5e4b	815	2	13791.5	13.9824	13791.5	13.9804	5989	22.3105	unclassified	chr10	106302943	106308897	5	5951	-	5966	5934	5904	12	20	30	60	0.99282	0.994944	0.989608	0
PBC68292_skip_a8343fc7_49bbca40_19.pod5	0da578fe-1c59-42d4-a9d8-29db9399aa54	49bbca403119fbcaf15d1a174c1fa0ef541a5e4b	1439	2	13797	8.2616	13797.1	8.1672	3724	24.2204	unclassified	chr11	104334378	104338091	7	3724	-	3720	3710	3701	7	3	9	60	0.99812	0.997574	0.994892	0
PBC68292_skip_a8343fc7_49bbca40_19.pod5	86746fd3-4d8b-49b0-b23e-f0c088cabed5	49bbca403119fbcaf15d1a174c1fa0ef541a5e4b	1594	1	13789.4	16.0592	13789.7	15.8196	6454	30.2588	unclassified	chr18	40126165	40132603	0	6448	+	6452	6434	6419	14	4	15	60	0.99907	0.997669	0.994885	0
PBC68292_skip_a8343fc7_49bbca40_19.pod5	9eeb5886-97bb-48f9-a101-b764a68961e8	49bbca403119fbcaf15d1a174c1fa0ef541a5e4b	398	4	13774.4	30.5816	13774.5	30.48	11672	22.332	unclassified	chr8	102888275	102899955	6	11672	-	11710	11636	11600	30	44	36	60	0.999486	0.996906	0.990606	0
PBC68292_skip_a8343fc7_49bbca40_19.pod5	d6576be3-e4c8-4c87-9155-0389a0eb2d64	49bbca403119fbcaf15d1a174c1fa0ef541a5e4b	2542	2	13782	23.0288	13782.2	22.8888	9291	29.608	unclassified	chr10	17728272	17737551	5	9291	-	9289	9276	9272	10	3	4	60	0.999462	0.999569	0.99817	0
PBC68292_skip_a8343fc7_49bbca40_19.pod5	391cd7d4-67f6-4da5-82f9-40ebbacc43f5	49bbca403119fbcaf15d1a174c1fa0ef541a5e4b	128	1	13780.7	24.5948	13780.8	24.462	9788	26.3862	unclassified	chr12	31783597	31793378	0	9782	+	9804	9759	9742	23	22	17	60	0.999387	0.998258	0.993676	0
PBC68292_skip_a8343fc7_49bbca40_19.pod5	8190b4b5-5a26-48a8-8a5c-71e923bf8de4	49bbca403119fbcaf15d1a174c1fa0ef541a5e4b	475	1	13782.9	22.5644	13783	22.392	8661	31.0361	unclassified	chr2	26371684	26380347	0	8656	+	8664	8655	8649	1	8	6	60	0.999423	0.999307	0.998269	0
PBC68292_skip_a8343fc7_49bbca40_19.pod5	207301ee-ee7f-49b4-a1da-76f1bbe495f5	49bbca403119fbcaf15d1a174c1fa0ef541a5e4b	700	4	13791.7	13.605	13791.7	13.603	4702	9.96677	unclassified	chr9	2226378	2231090	13	4661	-	4869	4491	4258	157	221	233	60	0.988515	0.948118	0.874512	0
PBC68292_skip_a8343fc7_49bbca40_19.pod5	2380a16a-f7e9-4ff8-b5c6-ef447beadaf6	49bbca403119fbcaf15d1a174c1fa0ef541a5e4b	2724	3	13788.2	17.0312	13788.2	17.0292	6578	18.9447	unclassified	chr5	76322728	76329257	43	6567	+	6559	6494	6451	30	35	43	60	0.991791	0.993379	0.983534	0
PBC68292_skip_a8343fc7_49bbca40_19.pod5	e77d87ff-9dfe-4489-9773-f2d3353e26c3	49bbca403119fbcaf15d1a174c1fa0ef541a5e4b	2354	3	13789.7	15.7188	13789.7	15.7168	3956	5.73364	unclassified	chr6	98427532	98431392	43	3928	+	4243	3502	2977	383	358	525	40	0.982053	0.850086	0.701626	0
PBC68292_skip_a8343fc7_49bbca40_19.pod5	7e833ab4-526a-4953-a53a-0f13e4c62afd	49bbca403119fbcaf15d1a174c1fa0ef541a5e4b	1350	4	13770.9	34.172	13771.1	33.9816	9598	29.1086	unclassified	chr15	61783045	61792632	6	9598	-	9599	9580	9571	12	7	9	60	0.999375	0.999061	0.997083	0
PBC68292_skip_a8343fc7_49bbca40_19.pod5	09a0da52-f3ae-4329-a8e5-ca1473734dc1	49bbca403119fbcaf15d1a174c1fa0ef541a5e4b	1506	2	13782.5	22.8518	13782.6	22.8498	9299	12.4885	unclassified	chr7	129436161	129445516	39	9290	+	9523	9083	8798	168	272	285	60	0.994838	0.968623	0.923869	0
PBC68292_skip_a8343fc7_49bbca40_19.pod5	f0fbd31c-97a6-49b7-836f-2dc3f9475b8c	49bbca403119fbcaf15d1a174c1fa0ef541a5e4b	1486	2	13785.4	19.8236	13785.5	19.6668	9167	17.8323	unclassified	chr1	27013705	27022894	2	9161	+	9240	9108	9030	51	81	78	60	0.999127	0.991436	0.977273	0
PBC68292_skip_a8343fc7_49bbca40_19.pod5	63800db8-23d6-46d4-a20c-f6eb8475f317	49bbca403119fbcaf15d1a174c1fa0ef541a5e4b	763	2	13795.5	8.2284	13795.6	8.1552	3013	31.7753	unclassified	chr16	60003436	60006440	8	3013	-	3006	3003	2993	2	1	10	60	0.997345	0.99667	0.995675	0
PBC68292_skip_a8343fc7_49bbca40_19.pod5	e3b8f32a-ea5b-41eb-84d1-539bad05fed0	49bbca403119fbcaf15d1a174c1fa0ef541a5e4b	2680	4	13789.6	15.1384	13789.6	15.1364	5484	31.0882	unclassified	chr6	148319800	148325240	37	5478	+	5444	5437	5436	4	3	1	60	0.992159	0.999816	0.998531	0
PBC68292_skip_a8343fc7_49bbca40_19.pod5	9027f629-a533-45df-ad03-93cf4f2a40a7	49bbca403119fbcaf15d1a174c1fa0ef541a5e4b	983	4	13792.9	12.872	13793.1	12.6672	6309	25.0566	unclassified	chr21	39320316	39326615	0	6302	+	6312	6289	6278	13	10	11	60	0.99889	0.998251	0.994613	0
PBC68292_skip_a8343fc7_49bbca40_19.pod5	f41a7d12-aa26-4154-9aaf-0ebd13136c84	49bbca403119fbcaf15d1a174c1fa0ef541a5e4b	636	4	13770.3	35.0826	13770.3	35.0806	15137	25.6846	unclassified	chr22	49216535	49231591	37	15130	+	15172	14977	14904	116	79	73	60	0.997093	0.995126	0.982336	0
PBC68292_skip_a8343fc7_49bbca40_19.pod5	de908abd-88a7-4f07-8f60-3c336b8b7e84	49bbca403119fbcaf15d1a174c1fa0ef541a5e4b	2791	1	13711.6	92.7716	13711.8	92.5716	36234	26.5283	unclassified	chr6	13064819	13101049	9	36234	-	36269	36186	36129	39	44	57	60	0.999752	0.998425	0.99614	0
PBC68292_skip_a8343fc7_49bbca40_19.pod5	8bc13c67-5771-4e5b-94ff-f227af7f7d13	49bbca403119fbcaf15d1a174c1fa0ef541a5e4b	2783	1	13796	9.3488	13796.2	9.192	3711	34.3375	unclassified	chr17	16075163	16078816	0	3705	+	3707	3651	3649	54	2	2	60	0.998383	0.999452	0.984354	0
PBC68292_skip_a8343fc7_49bbca40_19.pod5	87d00749-38e9-4ba7-80c2-eb7038bd72ad	49bbca403119fbcaf15d1a174c1fa0ef541a5e4b	2441	2	13794.8	10.5968	13794.9	10.5192	5868	20.6614	unclassified	chr7	97965263	97971120	10	5868	-	5878	5837	5791	21	20	46	60	0.998296	0.992119	0.985199	0
PBC68292_skip_a8343fc7_49bbca40_19.pod5	a87c71fc-0ed3-481f-976f-54f3606e92a3	49bbca403119fbcaf15d1a174c1fa0ef541a5e4b	2716	3	13766.7	38.3948	13766.8	38.2572	15371	26.6164	unclassified	chr19	28007846	28023192	9	15371	-	15392	15316	15297	46	30	19	60	0.999415	0.998759	0.993828	0
PBC68292_skip_a8343fc7_49bbca40_19.pod5	a50b42ad-9871-431c-9b71-284771c7e35e	49bbca403119fbcaf15d1a174c1fa0ef541a5e4b	117	4	13776.9	28.9052	13777.3	28.5228	11323	32.9326	unclassified	chr7	46176152	46187465	9	11323	-	11320	11307	11302	7	6	5	60	0.999205	0.999558	0.99841	0
PBC68292_skip_a8343fc7_49bbca40_19.pod5	5ac1ef9c-11ab-420e-82c5-b4eb7d91bb35	49bbca403119fbcaf15d1a174c1fa0ef541a5e4b	1761	3	13793.4	12.4862	13793.4	12.4842	4641	28.0681	unclassified	chr2	22914989	22919616	28	4641	+	4645	4595	4578	18	32	17	60	0.993967	0.9963	0.985576	0
PBC68292_skip_a8343fc7_49bbca40_19.pod5	b9fee415-26b2-4b0d-a874-bd48128db671	49bbca403119fbcaf15d1a174c1fa0ef541a5e4b	2129	2	13800.2	5.6634	13800.2	5.6614	1144	2.32104	unclassified	*	-1	-1	-1	-1	*	0	0	0	0	0	0	0	0	0	0	0
PBC68292_skip_a8343fc7_49bbca40_19.pod5	c3797c98-e204-405d-8ff5-f9517869880c	49bbca403119fbcaf15d1a174c1fa0ef541a5e4b	2020	1	13798	7.8656	13798.1	7.7496	3218	27.9181	unclassified	chr2	222926532	222929747	7	3218	-	3215	3211	3204	0	4	7	60	0.997825	0.99782	0.996579	0
PBC68292_skip_a8343fc7_49bbca40_19.pod5	358de41b-6c55-4d48-a8d0-5f4f192a09cc	49bbca403119fbcaf15d1a174c1fa0ef541a5e4b	2295	4	13776.4	29.361	13776.4	29.359	10509	27.3659	unclassified	chr5	170358984	170369457	6	10472	-	10481	10458	10453	8	15	5	60	0.995908	0.999522	0.997329	0
PBC68292_skip_a8343fc7_49bbca40_19.pod5	7e8b8a09-2795-436b-b95b-16148de65a96	49bbca403119fbcaf15d1a174c1fa0ef541a5e4b	2273	4	13797.5	8.4488	13797.6	8.3568	3315	32.1575	unclassified	chr3	66676155	66679463	9	3315	-	3309	3305	3300	1	3	5	60	0.997285	0.998487	0.99728	0
PBC68292_skip_a8343fc7_49bbca40_19.pod5	a1fdcc3a-7f44-4741-a740-6d1b1697d432	49bbca403119fbcaf15d1a174c1fa0ef541a5e4b	2376	3	13796.2	9.9176	13796.3	9.7824	3787	33.4193	unclassified	chr5	171247803	171251579	0	3780	+	3784	3772	3770	8	4	2	60	0.998152	0.99947	0.9963	0
PBC68292_skip_a8343fc7_49bbca40_19.pod5	7eb71633-08cd-4e09-b5ba-08deac9ba173	49bbca403119fbcaf15d1a174c1fa0ef541a5e4b	266	3	13765.8	39.6636	13765.8	39.6616	14770	28.7994	unclassified	chr21	40475069	40489807	7	14742	-	14757	14716	14677	19	22	39	60	0.99763	0.99735	0.994579	0
PBC68292_skip_a8343fc7_49bbca40_19.pod5	8941cdda-ca61-4451-80c1-1c4bd317fb31	49bbca403119fbcaf15d1a174c1fa0ef541a5e4b	641	2	13769.9	35.7536	13770.1	35.6304	10382	30.2351	unclassified	chr7	104307707	104318076	9	10382	-	10382	10360	10359	13	9	1	60	0.999133	0.999904	0.997785	0
PBC68292_skip_a8343fc7_49bbca40_19.pod5	5a0ee0d2-ac96-4d16-ba05-5230e73b2cd5	49bbca403119fbcaf15d1a174c1fa0ef541a5e4b	528	2	13782.3	23.7056	13782.4	23.5896	9854	28.1774	unclassified	chr6	31938375	31948231	0	9851	+	9868	9839	9832	12	17	7	60	0.999696	0.999289	0.996352	0
PBC68292_skip_a8343fc7_49bbca40_19.pod5	5087759a-4392-4f20-a658-e3d39b0ddb49	49bbca403119fbcaf15d1a174c1fa0ef541a5e4b	1619	3	13745.7	59.4692	13745.9	59.3064	23290	26.4992	unclassified	chrX	81299258	81322499	7	23246	+	23292	23188	23141	51	53	47	60	0.99781	0.997973	0.993517	0
PBC68292_skip_a8343fc7_49bbca40_19.pod5	1f419118-d071-45f3-ab14-a70c2da0da65	49bbca403119fbcaf15d1a174c1fa0ef541a5e4b	2861	1	13778.3	27.3716	13778.4	27.2172	11143	32.5177	unclassified	chr7	64688168	64699299	5	11143	-	11147	11122	11109	16	9	13	60	0.999551	0.998831	0.996591	0
PBC68292_skip_a8343fc7_49bbca40_19.pod5	6684e702-1ee6-4789-8bb4-d0e4e01c2d50	49bbca403119fbcaf15d1a174c1fa0ef541a5e4b	2291	2	13797.2	9.0584	13797.3	8.9592	3785	21.0419	unclassified	chr13	53490895	53494678	8	3785	-	3789	3771	3755	6	12	16	60	0.997886	0.995757	0.991027	0
PBC68292_skip_a8343fc7_49bbca40_19.pod5	a08b51b1-ca45-41d1-ad82-b31e5a5d341f	49bbca403119fbcaf15d1a174c1fa0ef541a5e4b	219	1	13791	15.02	13791.1	14.9088	5676	26.4486	unclassified	chr3	152675060	152680728	0	5669	+	5675	5662	5653	7	6	9	60	0.998767	0.99841	0.996123	0
PBC68292_skip_a8343fc7_49bbca40_19.pod5	0d8c1243-de2c-4088-9c3e-7efa4c0ed425	49bbca403119fbcaf15d1a174c1fa0ef541a5e4b	381	1	13783.9	21.8432	13784	21.7728	9614	24.8785	unclassified	chr5	8177795	8187397	0	9607	+	9620	9589	9552	18	13	37	60	0.999272	0.996141	0.992931	0
PBC68292_skip_a8343fc7_49bbca40_19.pod5	196024c8-4803-4d29-b44b-5d17b17bc593	49bbca403119fbcaf15d1a174c1fa0ef541a5e4b	1207	3	13780.9	24.878	13780.9	24.876	9676	17.1239	unclassified	chr10	67370008	67379347	28	9671	+	9727	9255	9159	388	84	96	60	0.996589	0.989627	0.941606	0
PBC68292_skip_a8343fc7_49bbca40_19.pod5	68fd224f-c6a8-4869-a62c-8199bdd0350f	49bbca403119fbcaf15d1a174c1fa0ef541a5e4b	1065	2	13783.3	22.4072	13783.5	22.2252	9164	26.804	unclassified	chr6	21859043	21868219	9	9160	-	9185	9142	9132	9	34	10	60	0.998581	0.998906	0.99423	0
PBC68292_skip_a8343fc7_49bbca40_19.pod5	ce5348e3-d3a3-4546-8d51-20247c734cab	49bbca403119fbcaf15d1a174c1fa0ef541a5e4b	1785	3	13762.8	42.6848	13763	42.528	17164	26.3311	unclassified	chrX	67074199	67091331	7	17164	-	17178	17111	17065	46	21	46	60	0.999592	0.997312	0.993422	0
PBC68292_skip_a8343fc7_49bbca40_19.pod5	eef813c9-564c-4562-b80a-92a5deaf46c6	49bbca403119fbcaf15d1a174c1fa0ef541a5e4b	2021	3	13792.4	13.9418	13792.4	13.9398	5194	28.2612	unclassified	chr11	26089321	26094482	31	5189	+	5163	5156	5148	2	5	8	60	0.993069	0.998448	0.997095	0
PBC68292_skip_a8343fc7_49bbca40_19.pod5	61c7f893-a094-428a-881d-723d2251da91	49bbca403119fbcaf15d1a174c1fa0ef541a5e4b	388	4	13771.3	34.1216	13771.5	33.9288	12300	30.6048	unclassified	chr8	2397780	2410088	5	12300	-	12318	12285	12205	10	23	80	1	0.999593	0.993488	0.990826	0
PBC68292_skip_a8343fc7_49bbca40_19.pod5	dbb0285e-3a9b-4e9d-a992-d3d5d26cc5fb	49bbca403119fbcaf15d1a174c1fa0ef541a5e4b	2293	1	13789.5	16.5956	13789.8	16.3668	6511	26.1161	unclassified	chr7	22658368	22664888	0	6507	+	6523	6504	6498	3	16	6	60	0.999386	0.999077	0.996167	0
PBC68292_skip_a8343fc7_49bbca40_19.pod5	309d49b9-1c85-4ed7-9ea2-35eabac60e5e	49bbca403119fbcaf15d1a174c1fa0ef541a5e4b	238	4	13792.1	14.1236	13792.2	14.0412	6087	24.044	unclassified	chr9	104410676	104416754	0	6078	+	6090	6066	6048	12	12	18	60	0.998521	0.997033	0.993103	0
PBC68292_skip_a8343fc7_49bbca40_19.pod5	c38b9126-34d2-44e2-9988-a7f8e4b7be85	49bbca403119fbcaf15d1a174c1fa0ef541a5e4b	2624	1	13768.4	37.0388	13768.5	36.942	15176	31.5429	unclassified	chrY	14244950	14260127	0	15170	+	15186	15161	15156	9	16	5	60	0.999605	0.99967	0.998025	0
PBC68292_skip_a8343fc7_49bbca40_19.pod5	14f9afc6-dafc-4076-8bd4-9b8cdf11b48d	49bbca403119fbcaf15d1a174c1fa0ef541a5e4b	763	2	13745.6	49.806	13745.7	49.6932	20352	31.589	unclassified	chr1	177659097	177679457	0	20352	-	20367	20345	20340	7	15	5	60	1	0.999754	0.998674	0
PBC68292_skip_a8343fc7_49bbca40_19.pod5	6897e768-4923-4544-8cc3-3db3e577f002	49bbca403119fbcaf15d1a174c1fa0ef541a5e4b	1233	2	13796.1	10.5502	13796.1	10.5482	4147	20.1378	unclassified	chr8	16933163	16937252	9	4095	-	4112	4063	4027	23	26	36	60	0.985291	0.99114	0.979329	0
PBC68292_skip_a8343fc7_49bbca40_19.pod5	a126f7d1-3e22-4fd4-a282-0aa933a081b8	49bbca403119fbcaf15d1a174c1fa0ef541a5e4b	1665	4	13787.9	18.3392	13788.1	18.18	6549	28.7638	unclassified	chr4	76465231	76471773	0	6549	-	6558	6533	6525	16	9	8	60	1	0.998775	0.994968	0
PBC68292_skip_a8343fc7_49bbca40_19.pod5	794296f5-beb8-408b-bd6d-f269d548486c	49bbca403119fbcaf15d1a174c1fa0ef541a5e4b	2818	3	13791.6	14.5304	13791.7	14.4384	6043	23.9198	unclassified	chr7	64732177	64738226	0	6039	+	6056	6032	6009	7	17	23	60	0.999338	0.996187	0.992239	0
PBC68292_skip_a8343fc7_49bbca40_19.pod5	4753897a-456a-4e27-a1bf-62d7f141e777	49bbca403119fbcaf15d1a174c1fa0ef541a5e4b	1440	1	13786	20.5992	13786	20.5972	7612	28.6396	unclassified	chr2	86783839	86791391	37	7606	+	7576	7545	7539	24	7	6	60	0.994351	0.999205	0.995116	0
PBC68292_skip_a8343fc7_49bbca40_19.pod5	ee53d930-3335-4606-8d6b-a96377846d98	49bbca403119fbcaf15d1a174c1fa0ef541a5e4b	2578	2	13782.3	23.6084	13782.4	23.4864	9324	22.5291	unclassified	chr1	27868863	27878171	0	9319	+	9343	9284	9251	35	24	33	60	0.999464	0.996445	0.990153	0
PBC68292_skip_a8343fc7_49bbca40_19.pod5	235006bb-1aa3-4d0e-91f3-d3f263602f6f	49bbca403119fbcaf15d1a174c1fa0ef541a5e4b	2338	2	13772.4	33.5768	13772.5	33.4248	12871	26.0978	unclassified	chr19	14081285	14093827	10	12871	-	12886	12517	12486	344	25	31	60	0.999223	0.997523	0.968959	0
PBC68292_skip_a8343fc7_49bbca40_19.pod5	2e4c5685-035c-499d-9bf9-34cccd653fcc	49bbca403119fbcaf15d1a174c1fa0ef541a5e4b	2203	4	13710.8	50.2848	13710.9	50.1948	18643	25.4889	unclassified	chr5	108313662	108332310	8	18643	-	18664	18619	18582	16	29	37	60	0.999571	0.998013	0.995607	0
PBC68292_skip_a8343fc7_49bbca40_19.pod5	901fe4c3-0cd9-4b40-bd93-0422e9a52f33	49bbca403119fbcaf15d1a174c1fa0ef541a5e4b	916	3	13790.1	16.5284	13790.2	16.4556	6326	25.6973	unclassified	chr9	38950401	38956738	0	6326	+	6346	6317	6304	9	20	13	49	1	0.997942	0.993382	0
PBC68292_skip_a8343fc7_49bbca40_19.pod5	8541de6e-604b-4f02-991a-815486d5d226	49bbca403119fbcaf15d1a174c1fa0ef541a5e4b	1699	4	13800.8	5.7692	13800.9	5.6556	2417	23.482	unclassified	chr4	56922313	56924728	0	2413	+	2419	2409	2407	4	6	2	60	0.998345	0.99917	0.995039	0
PBC68292_skip_a8343fc7_49bbca40_19.pod5	62066934-63b4-4ffa-ac71-09f3bf122ec8	49bbca403119fbcaf15d1a174c1fa0ef541a5e4b	1625	1	13786.2	20.4644	13786.3	20.3508	6742	31.5745	unclassified	chr18	73709761	73716489	0	6732	+	6735	6725	6717	7	3	8	60	0.998517	0.99881	0.997327	0
PBC68292_skip_a8343fc7_49bbca40_19.pod5	20352fbf-ba05-492e-8f2d-1208fcc73c1f	49bbca403119fbcaf15d1a174c1fa0ef541a5e4b	2203	4	13761.1	44.2104	13761.2	44.1048	18632	26.2164	unclassified	chr5	108313663	108332310	0	18621	+	18657	18611	18566	10	36	45	60	0.99941	0.997582	0.995122	0
PBC68292_skip_a8343fc7_49bbca40_19.pod5	595e32ae-afe5-4c29-bd1c-84449883369e	49bbca403119fbcaf15d1a174c1fa0ef541a5e4b	2457	3	13789.3	17.4008	13789.5	17.2584	5220	33.5637	unclassified	chr8	108155258	108160468	0	5212	+	5212	5210	5209	2	0	1	60	0.998467	0.999808	0.999424	0
PBC68292_skip_a8343fc7_49bbca40_19.pod5	c6b63167-144e-47ae-90f8-b5885d69485c	49bbca403119fbcaf15d1a174c1fa0ef541a5e4b	832	1	13776.1	30.2324	13776.3	30.1236	12187	25.1162	unclassified	chr2	5905804	5917983	0	12178	+	12197	12160	12135	18	19	25	60	0.999261	0.997944	0.994917	0
PBC68292_skip_a8343fc7_49bbca40_19.pod5	e080aac3-c297-4a16-a334-078b0a14ed93	49bbca403119fbcaf15d1a174c1fa0ef541a5e4b	2403	3	13795.5	11.0456	13795.6	10.9296	4919	25.0864	unclassified	chr4	49177726	49182628	0	4914	+	4922	4894	4748	20	8	146	41	0.998984	0.970168	0.964649	0
PBC68292_skip_a8343fc7_49bbca40_19.pod5	98e06c28-e337-4401-b639-eaae8ec6c782	49bbca403119fbcaf15d1a174c1fa0ef541a5e4b	1639	4	13788.3	18.2696	13788.4	18.1368	6772	28.7325	unclassified	chr2	183028032	183034804	7	6772	-	6775	6762	6760	3	10	2	60	0.998966	0.999704	0.997786	0
PBC68292_skip_a8343fc7_49bbca40_19.pod5	97974dd4-4c98-45fa-a419-6951cd902eed	49bbca403119fbcaf15d1a174c1fa0ef541a5e4b	438	4	13779.4	27.188	13779.5	27.0648	10536	24.9662	unclassified	chr10	71262973	71273496	0	10531	+	10548	10506	10479	25	17	27	60	0.999525	0.99743	0.993458	0
PBC68292_skip_a8343fc7_49bbca40_19.pod5	84a5db02-ae9b-467e-907b-7af93184440f	49bbca403119fbcaf15d1a174c1fa0ef541a5e4b	2286	4	13797.1	9.4974	13797.1	9.4954	3562	32.1757	unclassified	chr1	40891984	40895519	19	3555	+	3537	3534	3534	2	1	0	60	0.992701	1	0.999152	0
PBC68292_skip_a8343fc7_49bbca40_19.pod5	5b58b96b-c495-432a-b37c-2caecafe4202	49bbca403119fbcaf15d1a174c1fa0ef541a5e4b	1584	1	13793.2	13.4576	13793.3	13.3368	5472	27.3028	unclassified	chr10	77265338	77270804	0	5472	+	5477	5461	5447	11	5	14	60	1	0.997436	0.994523	0
PBC68292_skip_a8343fc7_49bbca40_19.pod5	35db177b-8787-452d-8be9-5e9b639a7b6c	49bbca403119fbcaf15d1a174c1fa0ef541a5e4b	2389	1	13777.2	29.306	13777.4	29.0964	10698	27.1656	unclassified	chr19	55607800	55618498	6	10698	-	10708	10682	10667	10	16	15	60	0.999439	0.998596	0.996171	0
PBC68292_skip_a8343fc7_49bbca40_19.pod5	3be7548c-118a-4c04-834f-c6a553ca0ac6	49bbca403119fbcaf15d1a174c1fa0ef541a5e4b	70	4	13774.9	31.6328	13775	31.4928	9641	23.0016	unclassified	chr19	52485952	52495602	0	9634	+	9676	9608	9585	26	42	23	60	0.999274	0.997606	0.990595	0
PBC68292_skip_a8343fc7_49bbca40_19.pod5	3f1604d7-4250-4776-8be3-07c51b59fd69	49bbca403119fbcaf15d1a174c1fa0ef541a5e4b	1863	4	13790.6	16.1708	13790.7	16.0668	6581	27.3188	unclassified	chr3	187432856	187439432	0	6572	+	6578	6570	6561	2	6	9	60	0.998632	0.99863	0.997416	0
PBC68292_skip_a8343fc7_49bbca40_19.pod5	96b2a3f8-3b1d-4b92-a6b6-4afa1aee155b	49bbca403119fbcaf15d1a174c1fa0ef541a5e4b	1546	3	13747.9	58.4276	13748.1	58.212	21548	29.5804	unclassified	chr3	47327992	47349548	6	21548	-	21572	21526	21502	16	30	24	60	0.999722	0.998885	0.996755	0
PBC68292_skip_a8343fc7_49bbca40_19.pod5	e7c23dec-8941-49d6-9b87-1274f3bfa03e	49bbca403119fbcaf15d1a174c1fa0ef541a5e4b	1042	2	13800.7	6.1468	13800.7	6.1448	2517	21.2176	unclassified	chr4	186730628	186733113	6	2488	-	2489	2478	2472	4	7	6	60	0.986095	0.997579	0.99317	0
PBC68292_skip_a8343fc7_49bbca40_19.pod5	fb667dec-c13a-4798-8002-bceec419a7e6	49bbca403119fbcaf15d1a174c1fa0ef541a5e4b	530	3	13781.5	25.3244	13781.6	25.206	10299	29.7574	unclassified	chr11	21736955	21747255	7	10299	-	10302	10290	10277	2	10	13	60	0.99932	0.998737	0.997573	0
PBC68292_skip_a8343fc7_49bbca40_19.pod5	971a4895-a8bb-42a7-a9ca-515b7c175b7a	49bbca403119fbcaf15d1a174c1fa0ef541a5e4b	1659	1	13781.3	25.3266	13781.3	25.3246	10433	22.1043	unclassified	chr9	14983350	14993635	40	10426	+	10418	10253	10224	133	32	29	60	0.995495	0.997172	0.981378	0
PBC68292_skip_a8343fc7_49bbca40_19.pod5	7a57d0a4-cc65-44e5-90b3-dcfc986561a9	49bbca403119fbcaf15d1a174c1fa0ef541a5e4b	1324	4	13770.5	35.8748	13770.6	35.778	15640	21.5579	unclassified	chr5	125667336	125682984	0	15634	+	15694	15588	15522	46	60	66	60	0.999616	0.995766	0.98904	0
PBC68292_skip_a8343fc7_49bbca40_19.pod5	e77558fd-3861-4cfc-9b76-ca4865bd7bc5	49bbca403119fbcaf15d1a174c1fa0ef541a5e4b	723	2	13700.2	42.4824	13700.3	42.402	24716	22.3888	unclassified	chr3	179079382	179104137	5	24716	-	24810	24656	24591	55	99	65	60	0.999798	0.997364	0.991173	0
PBC68292_skip_a8343fc7_49bbca40_19.pod5	9c37cc7f-691a-42e5-8a2e-dae61c22e9ec	49bbca403119fbcaf15d1a174c1fa0ef541a5e4b	453	3	13790.1	16.4384	13790.2	16.308	5745	36.1571	unclassified	chr2	92325759	92332184	0	5738	+	6425	5738	5619	0	687	119	1	0.998782	0.979261	0.874553	0
PBC68292_skip_a8343fc7_49bbca40_19.pod5	42c5e67c-1b0a-4cd4-922e-b8c4c26cfe8e	49bbca403119fbcaf15d1a174c1fa0ef541a5e4b	2438	2	13765.2	40.9508	13765.3	40.8516	16027	25.5048	unclassified	chr13	41415451	41431483	7	16027	-	16131	15921	15888	99	111	33	60	0.999563	0.997927	0.984936	0
PBC68292_skip_a8343fc7_49bbca40_19.pod5	cc48e20e-cb80-4981-8613-8d3c4ee2d4be	49bbca403119fbcaf15d1a174c1fa0ef541a5e4b	615	2	13799.2	7.6508	13799.4	7.5108	3101	32.8456	unclassified	chr19	7220440	7223534	0	3095	+	3104	3085	3080	10	9	5	60	0.998065	0.998379	0.992268	0
PBC68292_skip_a8343fc7_49bbca40_19.pod5	594d8213-e4cf-420a-a021-f68aeb84a9b7	49bbca403119fbcaf15d1a174c1fa0ef541a5e4b	600	4	13786.7	20.0144	13786.7	20.0124	7575	10.7212	unclassified	chr10	24947360	24955036	8	7537	-	7846	7359	7008	170	317	351	60	0.993927	0.952303	0.893194	0
PBC68292_skip_a8343fc7_49bbca40_19.pod5	8d66bb45-4b2a-4309-a374-609574e7ba6a	49bbca403119fbcaf15d1a174c1fa0ef541a5e4b	1074	4	13775	17.2664	13775.3	16.992	8063	27.6861	unclassified	chr10	43530072	43538143	0	8063	-	8072	8062	8032	1	9	30	60	1	0.996279	0.995045	0
PBC68292_skip_a8343fc7_49bbca40_19.pod5	50f7ae12-6e56-4688-9c46-79a93eeeb161	49bbca403119fbcaf15d1a174c1fa0ef541a5e4b	858	3	13781.5	25.5212	13781.6	25.3836	9929	29.7411	unclassified	chr11	11601326	11611253	5	9929	-	9930	9921	9908	3	6	13	60	0.999496	0.99869	0.997784	0
PBC68292_skip_a8343fc7_49bbca40_19.pod5	df5d5819-7429-4339-80d2-b3badb513b4f	49bbca403119fbcaf15d1a174c1fa0ef541a5e4b	1603	2	13799.4	7.556	13799.6	7.4112	3023	28.3623	unclassified	chr4	186752462	186755482	0	3017	+	3020	3017	3017	0	3	0	60	0.998015	1	0.999007	0
PBC68292_skip_a8343fc7_49bbca40_19.pod5	1c456c8c-c02a-4c7e-a6c8-e6a72a408dfb	49bbca403119fbcaf15d1a174c1fa0ef541a5e4b	1045	2	13783.4	23.4752	13783.5	23.3112	8508	11.8135	unclassified	chr11	100870964	100879571	0	8505	+	8777	8335	8033	170	272	302	60	0.999647	0.963767	0.915233	0
PBC68292_skip_a8343fc7_49bbca40_19.pod5	1fee65fe-439a-4768-9f7b-435f9d8f78f7	49bbca403119fbcaf15d1a174c1fa0ef541a5e4b	819	4	13805.2	2.1428	13805.2	2.0676	978	27.7407	unclassified	chr13	26157200	26158174	0	978	-	978	974	968	4	0	6	60	1	0.99384	0.989775	0
PBC68292_skip_a8343fc7_49bbca40_19.pod5	419ef96b-97c6-4fb3-801e-ca08c7a6fad6	49bbca403119fbcaf15d1a174c1fa0ef541a5e4b	955	3	13796.3	10.9052	13796.4	10.818	4202	27.4533	unclassified	chr3	71355600	71359791	11	4202	-	4196	4186	4182	5	5	4	60	0.997382	0.999044	0.996664	0
PBC68292_skip_a8343fc7_49bbca40_19.pod5	497ae979-3fd5-469e-b94a-a66d0513f39a	49bbca403119fbcaf15d1a174c1fa0ef541a5e4b	1539	3	13786.4	20.5964	13786.6	20.454	8280	29.5161	unclassified	chr11	43665688	43673957	0	8272	+	8285	8256	8243	16	13	13	60	0.999034	0.998425	0.994931	0
PBC68292_skip_a8343fc7_49bbca40_19.pod5	a4b80b44-f4f5-4fc6-a956-c1ac25dfbf4f	49bbca403119fbcaf15d1a174c1fa0ef541a5e4b	2333	4	13791.1	15.932	13791.4	15.6816	4310	32.03	unclassified	chr3	83870410	83874716	0	4304	+	4312	4298	4271	6	8	27	60	0.998608	0.993718	0.990492	0
PBC68292_skip_a8343fc7_49bbca40_19.pod5	6f35cd2f-927a-4661-af22-1b77d6f5d5f0	49bbca403119fbcaf15d1a174c1fa0ef541a5e4b	2152	3	13777.6	28.9652	13777.7	28.8684	11285	25.748	unclassified	chr10	109259610	109270880	0	11279	+	11285	11264	11206	15	6	58	60	0.999468	0.994851	0.993	0
PBC68292_skip_a8343fc7_49bbca40_19.pod5	59ec2b5b-70c3-4c2f-9bc2-3c6b1e7963e6	49bbca403119fbcaf15d1a174c1fa0ef541a5e4b	1859	4	13790.5	16.466	13790.7	16.302	6026	14.0447	unclassified	chr7	1714439	1720436	9	6026	-	6130	5884	5744	133	113	140	60	0.998506	0.976207	0.937031	0
PBC68292_skip_a8343fc7_49bbca40_19.pod5	b1acf035-7eec-41c8-830b-8ac84b63c09d	49bbca403119fbcaf15d1a174c1fa0ef541a5e4b	1920	1	13784.3	22.6558	13784.3	22.6538	9102	24.178	unclassified	chr3	43448420	43457486	35	9096	+	9088	9039	9025	22	27	14	60	0.995495	0.998451	0.993068	0
PBC68292_skip_a8343fc7_49bbca40_19.pod5	1bba0e31-dd8c-4130-8332-8df72f6269fc	49bbca403119fbcaf15d1a174c1fa0ef541a5e4b	1549	2	13779.2	27.7724	13779.3	27.6012	10314	29.3067	unclassified	chrX	91530779	91541082	5	10314	-	10317	10295	10285	14	8	10	60	0.999515	0.999029	0.996898	0
PBC68292_skip_a8343fc7_49bbca40_19.pod5	cd65df6a-2f92-456a-b94f-74daf85b310e	49bbca403119fbcaf15d1a174c1fa0ef541a5e4b	2808	1	13745.6	60.8576	13745.7	60.7536	25870	20.5595	unclassified	chr2	177524958	177550827	0	25864	+	25959	25774	25639	90	95	135	60	0.999768	0.994762	0.987673	0
PBC68292_skip_a8343fc7_49bbca40_19.pod5	3bb7b4d2-5064-4ad8-ba60-531d79d39281	49bbca403119fbcaf15d1a174c1fa0ef541a5e4b	548	1	13754.5	52.4852	13754.6	52.3932	21701	30.3086	unclassified	chr1	174944497	174966213	1	21701	-	21739	21677	21664	23	39	13	60	0.999954	0.9994	0.99655	0
PBC68292_skip_a8343fc7_49bbca40_19.pod5	78563d4a-8c63-48f6-952a-b10851b378c0	49bbca403119fbcaf15d1a174c1fa0ef541a5e4b	723	2	13742.7	63.4604	13742.7	63.4604	24800	26.8133	unclassified	chr3	179079382	179104138	34	24792	+	24805	24709	24671	49	47	38	60	0.998306	0.998462	0.994598	0
PBC68292_skip_a8343fc7_49bbca40_19.pod5	9a24a5e8-2937-4d8d-bb86-762ba417d5ea	49bbca403119fbcaf15d1a174c1fa0ef541a5e4b	2627	2	13759.2	47.349	13759.2	47.347	17308	16.9998	unclassified	chrY	56736891	56745850	8862	17298	+	8974	8421	8264	15	538	157	1	0.487405	0.981356	0.920883	0
PBC68292_skip_a8343fc7_49bbca40_19.pod5	771bde3f-33d8-40ac-a4a6-3ec45f512551	49bbca403119fbcaf15d1a174c1fa0ef541a5e4b	1036	3	13777.6	28.5332	13777.8	28.4028	8244	9.77857	unclassified	chr2	211821124	211827152	0	6026	+	6032	6022	5992	4	6	30	60	0.730956	0.995018	0.993369	0
PBC68292_skip_a8343fc7_49bbca40_19.pod5	490ed8ef-b999-4424-9d87-11dfd4824090	49bbca403119fbcaf15d1a174c1fa0ef541a5e4b	2806	2	13800.2	6.6992	13800.3	6.5712	2436	36.0087	unclassified	chr5	72850805	72853230	3	2426	+	2425	2423	2418	0	2	5	60	0.994663	0.997936	0.997113	0
PBC68292_skip_a8343fc7_49bbca40_19.pod5	cc24b3b5-0e06-4855-b8e6-e3114b990745	49bbca403119fbcaf15d1a174c1fa0ef541a5e4b	587	1	13800.5	7.087	13800.5	7.085	2106	5.55713	unclassified	*	-1	-1	-1	-1	*	0	0	0	0	0	0	0	0	0	0	0
PBC68292_skip_a8343fc7_49bbca40_19.pod5	7b0a5928-e376-4913-b0a9-cf6fa91f6998	49bbca403119fbcaf15d1a174c1fa0ef541a5e4b	1724	4	13791.8	15.4268	13791.9	15.3132	5705	28.798	unclassified	chr15	94207171	94212884	0	5699	+	5715	5697	5690	2	16	7	60	0.998948	0.998771	0.995626	0
PBC68292_skip_a8343fc7_49bbca40_19.pod5	58c53eec-2712-452e-9579-66fb6edb8955	49bbca403119fbcaf15d1a174c1fa0ef541a5e4b	1974	4	13800.6	6.7236	13800.6	6.7216	2742	25.2383	unclassified	chr15	50121026	50123729	26	2735	+	2709	2703	2695	6	0	8	60	0.987965	0.99704	0.994832	0
PBC68292_skip_a8343fc7_49bbca40_19.pod5	3ed2522f-b143-495b-9915-43a20228145a	49bbca403119fbcaf15d1a174c1fa0ef541a5e4b	1990	4	13800	7.1714	13800	7.1694	2948	13.0576	unclassified	chr10	94439555	94442487	10	2917	-	2981	2858	2762	49	74	96	60	0.986092	0.96641	0.926535	0
PBC68292_skip_a8343fc7_49bbca40_19.pod5	e462171c-c061-4680-a5d1-dbca3e21d6d8	49bbca403119fbcaf15d1a174c1fa0ef541a5e4b	1121	2	13793.1	14.2988	13793.3	14.1444	5994	28.4478	unclassified	chr1	106285536	106291510	9	5994	-	5990	5969	5952	16	5	17	60	0.998498	0.997152	0.993656	0
PBC68292_skip_a8343fc7_49bbca40_19.pod5	4c8e2102-c98e-44fd-a399-9f3d282410c4	49bbca403119fbcaf15d1a174c1fa0ef541a5e4b	1485	2	13764	42.7982	13764	42.7962	15016	12.0158	unclassified	chr8	133087167	133101663	375	14810	-	14718	14213	13875	222	283	338	60	0.961308	0.976219	0.942723	0
PBC68292_skip_a8343fc7_49bbca40_19.pod5	afb9f337-ccaf-4c42-9f14-6cd9f3de3381	49bbca403119fbcaf15d1a174c1fa0ef541a5e4b	982	1	13784.5	22.6112	13784.7	22.4676	8032	24.8528	unclassified	chr4	3609710	3618010	9	8031	-	8312	8010	7986	12	290	24	60	0.998755	0.997004	0.96078	0
PBC68292_skip_a8343fc7_49bbca40_19.pod5	8f2253aa-daef-46fe-a2be-d6f04c283d35	49bbca403119fbcaf15d1a174c1fa0ef541a5e4b	1115	3	13771.7	35.2976	13771.8	35.136	14034	29.4775	unclassified	chr3	99312562	99326862	2	14034	-	14353	13979	13958	53	321	21	60	0.999857	0.998498	0.97248	0
PBC68292_skip_a8343fc7_49bbca40_19.pod5	a169e937-fbc3-49f0-970c-2650bd1222a9	49bbca403119fbcaf15d1a174c1fa0ef541a5e4b	662	2	13757	50.0348	13757.1	49.8972	21241	26.9829	unclassified	chr7	120484194	120505420	7	21241	-	21264	21196	21143	38	30	53	60	0.99967	0.9975	0.99431	0
PBC68292_skip_a8343fc7_49bbca40_19.pod5	bd3fa322-cb68-48d6-9f57-8417ecdad6c3	49bbca403119fbcaf15d1a174c1fa0ef541a5e4b	1478	3	13787.2	20.186	13787.3	20.0388	8185	31.6991	unclassified	chr5	35712815	35719448	11	8185	-	8180	6627	6559	1547	6	68	60	0.998656	0.989739	0.801834	0
PBC68292_skip_a8343fc7_49bbca40_19.pod5	e4588f1c-05db-4f44-a54d-858388d92f9c	49bbca403119fbcaf15d1a174c1fa0ef541a5e4b	684	3	13797.3	10.2872	13797.4	10.1208	3789	28.7967	unclassified	chr15	32351202	32354981	0	3782	+	3783	3778	3774	4	1	4	7	0.998153	0.998941	0.997621	0
PBC68292_skip_a8343fc7_49bbca40_19.pod5	7e114245-1949-4bbc-890b-e57cbb1894c3	49bbca403119fbcaf15d1a174c1fa0ef541a5e4b	2570	1	13800.6	6.742	13800.6	6.74	1417	2.87861	unclassified	*	-1	-1	-1	-1	*	0	0	0	0	0	0	0	0	0	0	0
PBC68292_skip_a8343fc7_49bbca40_19.pod5	3d036e53-25a6-4bf1-9964-4a29b445f20d	49bbca403119fbcaf15d1a174c1fa0ef541a5e4b	1597	4	13791.5	15.6032	13791.8	15.3984	3851	20.5392	unclassified	chr2	212162833	212166676	9	3851	-	3853	3832	3815	10	11	17	60	0.997663	0.995564	0.990138	0
PBC68292_skip_a8343fc7_49bbca40_19.pod5	7a227938-4484-4ed8-8862-33ff1553d44f	49bbca403119fbcaf15d1a174c1fa0ef541a5e4b	2050	2	13794	13.4996	13794.1	13.3956	5935	29.7838	unclassified	chr6	63190883	63196823	7	5935	-	5947	5921	5899	7	19	22	60	0.998821	0.996284	0.991929	0
PBC68292_skip_a8343fc7_49bbca40_19.pod5	0908b86b-fb82-4caa-b9b1-e56c2aad42ac	49bbca403119fbcaf15d1a174c1fa0ef541a5e4b	1645	1	13754.8	52.034	13755	51.8808	19953	22.5763	unclassified	chr7	90462950	90482926	0	19947	+	20022	19901	19822	46	75	79	60	0.999699	0.99603	0.990011	0
PBC68292_skip_a8343fc7_49bbca40_19.pod5	7e9d380a-bcfa-4bc3-bd45-d62a3c451a31	49bbca403119fbcaf15d1a174c1fa0ef541a5e4b	2524	3	13782.9	21.236	13783	21.132	7398	18.4791	unclassified	chr8	122681198	122686893	0	5718	+	5724	5689	5672	29	6	17	60	0.772912	0.997012	0.990915	0
PBC68292_skip_a8343fc7_49bbca40_19.pod5	dac33b8b-b950-4e5a-a6b8-8458fd287e37	49bbca403119fbcaf15d1a174c1fa0ef541a5e4b	1016	3	13790.5	16.6634	13790.5	16.6614	7215	25.7962	unclassified	chr15	78432675	78439859	6	7182	-	7192	7168	7157	8	16	11	60	0.994595	0.998465	0.995133	0
PBC68292_skip_a8343fc7_49bbca40_19.pod5	03df44bc-bcc9-4619-ad7c-d7f6e978aa9c	49bbca403119fbcaf15d1a174c1fa0ef541a5e4b	1682	3	13791.2	16.184	13791.3	16.0488	6718	31.9749	unclassified	chr5	38701799	38708511	0	6712	+	6726	6698	6688	14	14	10	60	0.999107	0.998507	0.99435	0
PBC68292_skip_a8343fc7_49bbca40_19.pod5	3a1fade7-51d9-4059-ad45-e2b9dcc8dd94	49bbca403119fbcaf15d1a174c1fa0ef541a5e4b	874	1	13773.6	34.1336	13773.7	33.9504	13256	27.4051	unclassified	chr14	50381322	50394568	9	13256	-	13284	13209	13181	38	37	28	60	0.999321	0.99788	0.992246	0
PBC68292_skip_a8343fc7_49bbca40_19.pod5	8dede4e2-80ec-4381-a377-b35057760f7e	49bbca403119fbcaf15d1a174c1fa0ef541a5e4b	1703	2	13757	49.9304	13757.1	49.8024	19069	20.3754	unclassified	chr3	82813002	82822555	0	9566	+	9570	9549	9540	17	4	9	60	0.501652	0.999057	0.996865	0
PBC68292_skip_a8343fc7_49bbca40_19.pod5	295902ca-dfcc-4cf8-a656-a93469fa14d9	49bbca403119fbcaf15d1a174c1fa0ef541a5e4b	2138	3	13789.8	17.7992	13789.9	17.7	7755	31.4028	unclassified	chr2	7075593	7083336	9	7755	-	7746	7743	7740	3	0	3	60	0.998839	0.999613	0.999225	0
PBC68292_skip_a8343fc7_49bbca40_19.pod5	a3f014e5-966e-4e65-8c2c-52be89080e28	49bbca403119fbcaf15d1a174c1fa0ef541a5e4b	2935	3	13789.3	17.804	13789.5	17.646	6841	23.1678	unclassified	chr3	177615245	177622101	0	6833	+	6862	6827	6809	6	29	18	60	0.998831	0.997363	0.992276	0
PBC68292_skip_a8343fc7_49bbca40_19.pod5	a8b290e4-336a-47ff-93be-9ea699196d8e	49bbca403119fbcaf15d1a174c1fa0ef541a5e4b	150	3	13789	18.8348	13789.2	18.6588	7034	24.5233	unclassified	chr5	78179460	78186491	5	7034	-	7046	7014	6998	15	17	16	60	0.999289	0.997719	0.993188	0
PBC68292_skip_a8343fc7_49bbca40_19.pod5	a2aaf721-4dc5-4782-8221-b13bd6be5fa4	49bbca403119fbcaf15d1a174c1fa0ef541a5e4b	2313	1	13769.9	37.0898	13769.9	37.0878	13747	16.8644	unclassified	chr5	158871442	158885218	8	13716	-	13880	13604	13446	104	172	158	60	0.997163	0.988386	0.968732	0
PBC68292_skip_a8343fc7_49bbca40_19.pod5	8c93f5a2-92b8-4a78-8453-e14ccba3ec44	49bbca403119fbcaf15d1a174c1fa0ef541a5e4b	179	4	13714.8	91.808	13715.1	91.5648	33182	28.3066	unclassified	chr16	77558334	77591475	0	33173	+	33219	33095	32926	78	46	169	60	0.999729	0.994893	0.99118	0
PBC68292_skip_a8343fc7_49bbca40_19.pod5	002fbc64-3dc3-4659-9abb-4e9dfc627b4a	49bbca403119fbcaf15d1a174c1fa0ef541a5e4b	2894	2	13791.7	15.4712	13791.8	15.3888	6353	28.0337	unclassified	chr13	53031365	53037707	0	6343	+	6349	6336	6319	7	6	17	60	0.998426	0.997317	0.995275	0
PBC68292_skip_a8343fc7_49bbca40_19.pod5	759cc7ca-b18e-4e6a-9d9a-9f9a70a70a8d	49bbca403119fbcaf15d1a174c1fa0ef541a5e4b	2133	1	13789.2	18.4108	13789.2	18.4088	7558	11.1219	unclassified	chr3	135363617	135371255	42	7553	+	7782	7367	7047	144	271	320	60	0.993781	0.956563	0.905551	0
PBC68292_skip_a8343fc7_49bbca40_19.pod5	a1ab7772-77b5-4306-9f3a-c4dabab80bfd	49bbca403119fbcaf15d1a174c1fa0ef541a5e4b	537	4	13714.5	92.1488	13714.6	92.0688	39075	23.7678	unclassified	chr6	137768388	137807482	7	39075	-	39189	38973	38862	95	121	111	60	0.999821	0.997152	0.991656	0
PBC68292_skip_a8343fc7_49bbca40_19.pod5	41d66cd9-d4e9-48ab-90af-c1315f16e8a1	49bbca403119fbcaf15d1a174c1fa0ef541a5e4b	1798	4	13796.6	11.1886	13796.6	11.1866	2510	3.54191	unclassified	*	-1	-1	-1	-1	*	0	0	0	0	0	0	0	0	0	0	0
PBC68292_skip_a8343fc7_49bbca40_19.pod5	be628f6f-243d-4036-9c43-f1e393aa078b	49bbca403119fbcaf15d1a174c1fa0ef541a5e4b	1712	1	13787.1	20.792	13787.3	20.6376	8273	30.5518	unclassified	chr15	97976527	97984803	0	8265	+	8276	8265	8258	0	11	7	60	0.999033	0.999153	0.997825	0
PBC68292_skip_a8343fc7_49bbca40_19.pod5	d2b49fbd-21a6-4aa2-8e8c-789c1d788d1a	49bbca403119fbcaf15d1a174c1fa0ef541a5e4b	88	4	13796.3	11.414	13796.5	11.2308	3841	22.1665	unclassified	chr2	82709724	82713558	0	3830	+	3841	3823	3815	7	11	8	60	0.997136	0.997907	0.993231	0
PBC68292_skip_a8343fc7_49bbca40_19.pod5	13ef2c31-6b87-43d3-bc3a-eeb3dd50c85c	49bbca403119fbcaf15d1a174c1fa0ef541a5e4b	2215	1	13772.3	35.3816	13772.4	35.2512	13792	28.5339	unclassified	chr11	121220118	121233947	7	13792	-	13844	13770	13734	15	59	36	60	0.999492	0.997386	0.992054	0
PBC68292_skip_a8343fc7_49bbca40_19.pod5	ca318c4f-5ed2-40ac-8e35-7a4d65b98835	49bbca403119fbcaf15d1a174c1fa0ef541a5e4b	518	1	13800.3	7.8344	13800.4	7.692	2976	23.7134	unclassified	chr22	24111026	24114004	0	2968	+	2980	2966	2955	2	12	11	60	0.997312	0.996291	0.991611	0
PBC68292_skip_a8343fc7_49bbca40_19.pod5	00136771-0c30-454a-93be-f2810df5ab7f	49bbca403119fbcaf15d1a174c1fa0ef541a5e4b	1772	1	13779.6	28.2656	13779.7	28.1076	11489	30.9309	unclassified	chr10	88481675	88493162	0	11482	+	11497	11472	11457	10	15	15	60	0.999391	0.998692	0.996521	0
PBC68292_skip_a8343fc7_49bbca40_19.pod5	57cb2f86-9268-4d54-b66f-5a8847e9457b	49bbca403119fbcaf15d1a174c1fa0ef541a5e4b	2382	2	13794.2	13.37	13794.2	13.368	5137	20.8996	unclassified	chr6	143400321	143405418	6	5090	-	5109	5072	5047	12	25	25	60	0.989683	0.995071	0.987865	0
PBC68292_skip_a8343fc7_49bbca40_19.pod5	45f7e5d9-bb3b-4fed-83d4-f6ac107d3637	49bbca403119fbcaf15d1a174c1fa0ef541a5e4b	2813	1	13785.9	21.4448	13786.1	21.2712	6174	33.8134	unclassified	chr14	61288005	61294178	0	6168	+	6176	6165	6160	3	8	5	60	0.999028	0.999189	0.997409	0
PBC68292_skip_a8343fc7_49bbca40_19.pod5	7d398c07-5414-402a-abfa-852168f8077f	49bbca403119fbcaf15d1a174c1fa0ef541a5e4b	1135	3	13785.1	22.4792	13785.3	22.3476	7797	22.1514	unclassified	chr10	85188832	85196640	0	7790	+	7818	7780	7752	10	28	28	60	0.999102	0.996401	0.991558	0
PBC68292_skip_a8343fc7_49bbca40_19.pod5	7f3a323b-5c86-40b1-9437-26643466eb84	49bbca403119fbcaf15d1a174c1fa0ef541a5e4b	2452	3	13789.3	18.254	13789.5	18.1332	6527	10.3762	unclassified	chr5	108336549	108343122	10	6527	-	6765	6325	5991	192	248	334	60	0.998468	0.947194	0.885588	0
PBC68292_skip_a8343fc7_49bbca40_19.pod5	0c3603e0-6a89-4cda-8c5c-0f4c285516a3	49bbca403119fbcaf15d1a174c1fa0ef541a5e4b	1515	1	13741.4	65.894	13741.6	65.736	27030	28.4388	unclassified	chr13	92145458	92172479	0	27030	+	27055	26996	26980	34	25	16	60	1	0.999407	0.997228	0
PBC68292_skip_a8343fc7_49bbca40_19.pod5	4094f67c-a356-42c7-ba65-db2386cdc4df	49bbca403119fbcaf15d1a174c1fa0ef541a5e4b	2232	3	13804	3.8756	13804	3.8736	817	3.27623	unclassified	*	-1	-1	-1	-1	*	0	0	0	0	0	0	0	0	0	0	0
PBC68292_skip_a8343fc7_49bbca40_19.pod5	d752ef53-7af9-4bd0-b6d4-922cbf038f52	49bbca403119fbcaf15d1a174c1fa0ef541a5e4b	2458	2	13794.1	11.8664	13794.2	11.7504	5199	27.5846	unclassified	chr12	47049530	47054727	0	5199	+	5205	5191	5177	8	6	14	60	1	0.997303	0.994621	0
PBC68292_skip_a8343fc7_49bbca40_19.pod5	5ea12aa2-470b-4422-a8ea-743dc587bc2d	49bbca403119fbcaf15d1a174c1fa0ef541a5e4b	2184	1	13767	38.5498	13767	38.5478	16225	32.4843	unclassified	chr7	87046730	87062906	30	16218	+	16197	16167	16142	21	9	25	60	0.99772	0.998454	0.996604	0
PBC68292_skip_a8343fc7_49bbca40_19.pod5	5f93431c-ce47-4436-9538-ccf85c76bfd9	49bbca403119fbcaf15d1a174c1fa0ef541a5e4b	1677	1	13744.6	61.3172	13744.6	61.3152	11662	22.3413	unclassified	chr15	50893625	50905190	6	11603	-	11620	11542	11489	55	23	53	60	0.994426	0.995408	0.988726	0
PBC68292_skip_a8343fc7_49bbca40_19.pod5	4762437f-83a0-4d3a-9b39-c5e7916de5de	49bbca403119fbcaf15d1a174c1fa0ef541a5e4b	2234	1	13778	28.0016	13778.1	27.9048	13857	22.7106	unclassified	chr3	45373916	45387779	0	13848	+	13901	13810	13778	38	53	32	60	0.99935	0.997683	0.991152	0
PBC68292_skip_a8343fc7_49bbca40_19.pod5	ffe2cb6c-0732-4ed4-9854-ae75f6d77ac1	49bbca403119fbcaf15d1a174c1fa0ef541a5e4b	2101	3	13770.2	35.4788	13770.3	35.3628	10944	31.5448	unclassified	chr11	82830804	82841774	2	10944	-	10974	10938	10919	4	32	19	60	0.999817	0.998263	0.994988	0
PBC68292_skip_a8343fc7_49bbca40_19.pod5	809d95d3-ec12-46f2-ae9e-5b9f06cbac00	49bbca403119fbcaf15d1a174c1fa0ef541a5e4b	1806	2	13783.1	24.6896	13783.2	24.5448	9451	21.2166	unclassified	chr12	44833024	44842449	6	9451	-	9477	9393	9349	52	32	44	60	0.999365	0.995316	0.986494	0
PBC68292_skip_a8343fc7_49bbca40_19.pod5	5d3dded1-5aac-43df-8d3a-2ecf67e55790	49bbca403119fbcaf15d1a174c1fa0ef541a5e4b	327	3	13767	40.3472	13767.1	40.2168	15790	25.026	unclassified	chr11	104749862	104765680	5	15790	-	15848	15755	15706	30	63	49	60	0.999683	0.99689	0.99104	0
PBC68292_skip_a8343fc7_49bbca40_19.pod5	9846b031-aa12-4e24-8240-d8ecfe93f305	49bbca403119fbcaf15d1a174c1fa0ef541a5e4b	901	2	13754.2	51.7952	13754.3	51.7044	18942	19.997	unclassified	chr14	65406837	65425444	0	18933	+	18972	18568	18547	365	39	21	60	0.999525	0.998869	0.977599	0
PBC68292_skip_a8343fc7_49bbca40_19.pod5	53154cc4-8d33-4887-a56d-d027f067564e	49bbca403119fbcaf15d1a174c1fa0ef541a5e4b	893	3	13772.5	34.9796	13772.6	34.8444	13937	27.327	unclassified	chr12	89420741	89434675	0	13937	-	13948	13923	13896	14	11	27	60	1	0.998061	0.996272	0
PBC68292_skip_a8343fc7_49bbca40_19.pod5	4d1ab7d3-b9d2-496a-8666-0d2c0be61869	49bbca403119fbcaf15d1a174c1fa0ef541a5e4b	1200	1	13711.8	94.2164	13712	94.0428	33068	27.051	unclassified	chr10	421057	453335	7	33068	-	33106	32233	32159	828	45	74	60	0.999788	0.997704	0.971395	0
PBC68292_skip_a8343fc7_49bbca40_19.pod5	b0857faf-ab0b-4fb7-ab43-ae1de56c9b24	49bbca403119fbcaf15d1a174c1fa0ef541a5e4b	2572	1	13804.4	1.3844	13804.5	1.266	547	31.017	unclassified	chr20	63668965	63669505	7	547	-	540	540	540	0	0	0	60	0.987203	1	1	0
PBC68292_skip_a8343fc7_49bbca40_19.pod5	1526fad0-e342-41d4-8667-c5cb36e13918	49bbca403119fbcaf15d1a174c1fa0ef541a5e4b	527	3	13786.7	20.9744	13786.9	20.8296	7269	24.5547	unclassified	chr18	62603434	62610678	7	7269	-	7278	7228	7207	34	16	21	60	0.999037	0.997095	0.990245	0
PBC68292_skip_a8343fc7_49bbca40_19.pod5	9d3174cc-27f8-4a0b-9bad-577f2b68b73f	49bbca403119fbcaf15d1a174c1fa0ef541a5e4b	2893	3	13797.5	8.491	13797.5	8.489	3085	18.2758	unclassified	chr13	16611303	16614364	23	3078	+	3067	3049	2958	6	12	91	1	0.990276	0.970154	0.96446	0
PBC68292_skip_a8343fc7_49bbca40_19.pod5	35ee845a-349e-4a4b-b4cc-4e7bad317c5f	49bbca403119fbcaf15d1a174c1fa0ef541a5e4b	930	3	13769.8	36.1076	13769.9	36.0276	16062	22.7583	unclassified	chr2	5744965	5761156	0	16062	+	16226	16027	15954	35	164	73	60	1	0.995445	0.983237	0
PBC68292_skip_a8343fc7_49bbca40_19.pod5	0b796c2d-9ffe-4fbf-840b-4be263c7abc7	49bbca403119fbcaf15d1a174c1fa0ef541a5e4b	597	2	13783.1	22.8992	13783.2	22.7184	9176	29.645	unclassified	chr5	64653204	64662394	0	9176	-	9197	9169	9166	7	21	3	60	1	0.999673	0.996629	0
PBC68292_skip_a8343fc7_49bbca40_19.pod5	42323101-c236-4115-98d5-860317dc3446	49bbca403119fbcaf15d1a174c1fa0ef541a5e4b	1127	4	13767.7	38.2292	13767.9	38.0748	15413	29.1735	unclassified	chr7	124643533	124658937	0	15407	+	15423	15388	15368	19	16	20	60	0.999611	0.9987	0.996434	0
PBC68292_skip_a8343fc7_49bbca40_19.pod5	3ad26ffc-9468-41bc-8d17-f2e8d83875eb	49bbca403119fbcaf15d1a174c1fa0ef541a5e4b	332	3	13770.1	35.5676	13770.2	35.4552	13179	21.2903	unclassified	chr8	133644745	133657925	6	13179	-	13215	13138	13074	35	42	64	60	0.999545	0.995129	0.98933	0
PBC68292_skip_a8343fc7_49bbca40_19.pod5	461285c7-7e84-48c1-ba05-3a1c25025250	49bbca403119fbcaf15d1a174c1fa0ef541a5e4b	1061	1	13754.3	51.4196	13754.6	51.1404	18123	26.312	unclassified	chr1	48941176	48959288	0	18115	+	18134	18093	18078	22	19	15	60	0.999559	0.999171	0.996912	0
PBC68292_skip_a8343fc7_49bbca40_19.pod5	86a12ef5-2f7d-4b30-827b-10831553e79f	49bbca403119fbcaf15d1a174c1fa0ef541a5e4b	1067	1	13761.6	44.4176	13761.8	44.232	18230	28.3581	unclassified	chr2	166508620	166526832	0	18220	+	18234	18198	18163	22	14	35	60	0.999451	0.998077	0.996106	0
PBC68292_skip_a8343fc7_49bbca40_19.pod5	4e385270-82e2-4134-b104-97451bc00350	49bbca403119fbcaf15d1a174c1fa0ef541a5e4b	1160	1	13777.2	28.8618	13777.2	28.8598	12077	31.5161	unclassified	chr6	104346625	104358672	32	12070	+	12057	12028	11996	10	19	32	60	0.996771	0.99734	0.994941	0
PBC68292_skip_a8343fc7_49bbca40_19.pod5	d0ed351a-5b4a-45e7-b212-0bfe700d2f00	49bbca403119fbcaf15d1a174c1fa0ef541a5e4b	2737	2	13776.5	29.0084	13776.7	28.8828	12381	24.5542	unclassified	chr9	82880159	82892545	0	12380	+	12410	12356	12315	24	30	41	60	0.999919	0.996682	0.992345	0
PBC68292_skip_a8343fc7_49bbca40_19.pod5	1d0d9232-ab8a-4ed3-a5df-a5c3895fc810	49bbca403119fbcaf15d1a174c1fa0ef541a5e4b	533	1	13740	65.1706	13740	65.1686	24332	23.354	unclassified	chr5	154666106	154681923	8507	24322	+	15858	15774	15728	41	43	46	60	0.649967	0.997084	0.991802	0
PBC68292_skip_a8343fc7_49bbca40_19.pod5	9332a328-824c-4685-ab83-27cabe1aaae4	49bbca403119fbcaf15d1a174c1fa0ef541a5e4b	2195	2	13732.9	71.5208	13733.1	71.3544	29067	22.4641	unclassified	chr4	140219390	140248428	5	29067	-	29127	28973	28879	89	65	94	60	0.999828	0.996756	0.991486	0
PBC68292_skip_a8343fc7_49bbca40_19.pod5	bfd9d6fb-efe2-4ad0-8f0f-d0458f65805f	49bbca403119fbcaf15d1a174c1fa0ef541a5e4b	820	4	13786.2	20.774	13786.4	20.61	7361	28.3217	unclassified	chr9	25781984	25789377	9	7361	-	7403	7342	7324	10	51	18	60	0.998777	0.997548	0.989329	0
PBC68292_skip_a8343fc7_49bbca40_19.pod5	89951d4e-f46e-413f-8c67-0df3e40a1db8	49bbca403119fbcaf15d1a174c1fa0ef541a5e4b	1344	3	13783.4	23.5076	13783.5	23.3268	7617	17.7038	unclassified	chrX	142618062	142625507	181	7617	-	7455	7426	7414	10	19	12	60	0.976237	0.998384	0.9945	0
PBC68292_skip_a8343fc7_49bbca40_19.pod5	967ff3c4-5f5a-41d4-b43f-88744b38f739	49bbca403119fbcaf15d1a174c1fa0ef541a5e4b	2602	3	13778.5	28.1756	13778.7	27.9732	11989	26.774	unclassified	chr7	7728721	7740714	7	11989	-	12006	11969	11954	13	24	15	60	0.999416	0.998747	0.995669	0
PBC68292_skip_a8343fc7_49bbca40_19.pod5	90267625-fa25-49f9-898e-cacc9eb9697c	49bbca403119fbcaf15d1a174c1fa0ef541a5e4b	136	1	13770	37.0376	13770.1	36.8964	13206	31.9405	unclassified	chr5	142747003	142760196	4	13200	+	13205	13184	13167	12	9	17	60	0.999243	0.998711	0.997122	0
PBC68292_skip_a8343fc7_49bbca40_19.pod5	f2f89670-7fae-427d-94a8-aa30852588ec	49bbca403119fbcaf15d1a174c1fa0ef541a5e4b	658	2	13775.5	32.4104	13775.7	32.2224	11555	27.0917	unclassified	chr8	35626748	35638288	0	11544	+	11552	11532	11512	12	8	20	60	0.999048	0.998266	0.996537	0
PBC68292_skip_a8343fc7_49bbca40_19.pod5	48e1db7e-8b40-4503-b8c7-f5f5cab9b581	49bbca403119fbcaf15d1a174c1fa0ef541a5e4b	1422	1	13801.3	6.8576	13801.5	6.7224	3821	20.29	unclassified	chr1	241610940	241614739	0	3814	+	3818	3795	3775	19	4	20	60	0.998168	0.99473	0.988738	0
PBC68292_skip_a8343fc7_49bbca40_19.pod5	1048a0c6-758f-4b0b-8bcf-8c71ed9c345b	49bbca403119fbcaf15d1a174c1fa0ef541a5e4b	439	4	13754.5	52.2404	13754.6	52.122	20326	28.5915	unclassified	chr2	53979243	53999547	9	20326	-	20354	20267	20226	50	37	41	60	0.999557	0.997977	0.993711	0
PBC68292_skip_a8343fc7_49bbca40_19.pod5	7a668a62-269c-4924-9914-9649d5fd8139	49bbca403119fbcaf15d1a174c1fa0ef541a5e4b	920	1	13785.7	22.0256	13785.8	21.9384	8438	24.5994	unclassified	chr12	57704410	57712844	0	8435	+	8450	8419	8408	16	15	11	60	0.999644	0.998693	0.99503	0
PBC68292_skip_a8343fc7_49bbca40_19.pod5	1840b75a-b426-471a-a8be-14770ee50f6c	49bbca403119fbcaf15d1a174c1fa0ef541a5e4b	1335	1	13780.3	27.6812	13780.5	27.4764	8744	31.0535	unclassified	chr7	85099628	85108368	0	8738	+	8740	8738	8737	0	2	1	60	0.999314	0.999886	0.999657	0
PBC68292_skip_a8343fc7_49bbca40_19.pod5	542cae87-5f85-4d02-823a-208cb82bec74	49bbca403119fbcaf15d1a174c1fa0ef541a5e4b	2700	2	13769.4	38.3228	13769.5	38.202	15953	26.7334	unclassified	chrX	87912295	87928232	13	15953	-	15953	15924	15895	16	13	29	60	0.999185	0.998179	0.996364	0
PBC68292_skip_a8343fc7_49bbca40_19.pod5	2c9f2aed-302a-4fd2-81c3-7f7c60593f89	49bbca403119fbcaf15d1a174c1fa0ef541a5e4b	1279	4	13722.1	84.278	13722.3	84.1668	37407	25.0037	unclassified	chr10	65590314	65627690	0	37407	+	37477	37306	37211	101	70	95	60	1	0.997454	0.992902	0
PBC68292_skip_a8343fc7_49bbca40_19.pod5	0c7b8ab5-373f-49fb-8518-8f5cb77b42cb	49bbca403119fbcaf15d1a174c1fa0ef541a5e4b	935	3	13769.1	36.9348	13769.1	36.9328	6251	6.1509	unclassified	chr7	143076105	143081721	0	6130	-	6505	5241	4742	889	375	499	60	0.980643	0.904789	0.728978	0
PBC68292_skip_a8343fc7_49bbca40_19.pod5	7556fe38-01c2-43a3-a256-55c888952237	49bbca403119fbcaf15d1a174c1fa0ef541a5e4b	374	2	13805.5	2.8676	13805.7	2.6604	955	21.4345	unclassified	chr1	122694076	122695022	12	955	-	946	943	919	0	3	24	1	0.987435	0.974549	0.971459	0
PBC68292_skip_a8343fc7_49bbca40_19.pod5	d8c3de3f-dae9-4440-bca4-95a66554186e	49bbca403119fbcaf15d1a174c1fa0ef541a5e4b	1678	2	13797.3	10.736	13797.4	10.6296	4268	29.2667	unclassified	chr11	86948745	86953006	6	4268	-	4266	4257	4255	5	4	2	60	0.998594	0.99953	0.997421	0
PBC68292_skip_a8343fc7_49bbca40_19.pod5	74eb8fef-57ce-4d72-9b96-d907cdfcc0f1	49bbca403119fbcaf15d1a174c1fa0ef541a5e4b	2739	2	13799.1	8.7896	13799.3	8.6352	2570	24.9178	unclassified	chr12	38302924	38305490	6	2570	-	2568	2562	2556	2	4	6	60	0.997665	0.997658	0.995327	0
PBC68292_skip_a8343fc7_49bbca40_19.pod5	2c7ee1ec-204e-47d5-ac0c-23da18d667d2	49bbca403119fbcaf15d1a174c1fa0ef541a5e4b	1239	1	13786.2	21.908	13786.3	21.7992	8077	29.5151	unclassified	chrX	92230285	92238342	0	8068	+	8071	8054	8039	14	3	15	60	0.998886	0.998138	0.996035	0
PBC68292_skip_a8343fc7_49bbca40_19.pod5	cd9c7496-873e-42bd-99a4-5fa3f26ea0f5	49bbca403119fbcaf15d1a174c1fa0ef541a5e4b	726	2	13796	12.0404	13796.3	11.8152	4819	30.493	unclassified	chr21	10096741	10101570	0	4819	+	4838	4810	4792	9	19	18	60	1	0.996258	0.990492	0
PBC68292_skip_a8343fc7_49bbca40_19.pod5	b1d77194-a854-43f3-8bde-76e8066bdcb7	49bbca403119fbcaf15d1a174c1fa0ef541a5e4b	1908	4	13796	11.918	13796	11.916	5201	28.2896	unclassified	chr16	79086550	79091719	26	5193	+	5174	5162	5152	5	7	10	60	0.993463	0.998063	0.995748	0
PBC68292_skip_a8343fc7_49bbca40_19.pod5	9f22407a-8617-4e13-b8ec-13126c37b396	49bbca403119fbcaf15d1a174c1fa0ef541a5e4b	2336	2	13772.5	35.0638	13772.5	35.0618	9214	12.7217	unclassified	chr12	50769284	50778564	38	9208	+	9404	9046	8771	124	234	275	60	0.995225	0.9696	0.932688	0
PBC68292_skip_a8343fc7_49bbca40_19.pod5	b71105df-6c8f-4f78-b3cc-61a2eccff2b3	49bbca403119fbcaf15d1a174c1fa0ef541a5e4b	2387	4	13744.6	62.954	13744.8	62.8296	23895	30.7976	unclassified	chr13	79293692	79317584	0	23888	+	23902	23878	23836	10	14	42	60	0.999707	0.998241	0.997239	0
PBC68292_skip_a8343fc7_49bbca40_19.pod5	ab378659-f433-43e7-bc0a-303f2cb9cbe8	49bbca403119fbcaf15d1a174c1fa0ef541a5e4b	2407	2	13799.6	8.144	13799.7	8.0424	3683	22.8695	unclassified	chr3	189080857	189084516	13	3683	-	3684	3645	3633	25	14	12	60	0.99647	0.996708	0.986156	0
PBC68292_skip_a8343fc7_49bbca40_19.pod5	4ac773af-03c7-46ec-9cb3-b594383d1b88	49bbca403119fbcaf15d1a174c1fa0ef541a5e4b	869	4	13789.6	18.5972	13789.7	18.486	7333	27.7979	unclassified	chr13	22427471	22434799	7	7333	-	7333	7321	7316	5	7	5	60	0.999045	0.999317	0.997682	0
PBC68292_skip_a8343fc7_49bbca40_19.pod5	cbb56dcf-48d6-4e28-a5b1-d5abf395b2a0	49bbca403119fbcaf15d1a174c1fa0ef541a5e4b	707	2	13771.6	34.28	13771.8	34.1016	12828	25.2497	unclassified	chr2	91558199	91570921	5	12828	-	12838	12707	12687	116	15	20	60	0.99961	0.998426	0.988238	0
PBC68292_skip_a8343fc7_49bbca40_19.pod5	d18c66de-9e6c-4ef0-8ada-749f101f5c5c	49bbca403119fbcaf15d1a174c1fa0ef541a5e4b	2668	2	13788.1	19.0728	13788.1	19.0708	8546	21.286	unclassified	chr1	153676103	153684654	33	8540	+	8563	8495	8463	12	56	32	60	0.995436	0.996233	0.988322	0
PBC68292_skip_a8343fc7_49bbca40_19.pod5	29932c7b-d2d9-4354-add4-2031f17e1660	49bbca403119fbcaf15d1a174c1fa0ef541a5e4b	472	2	13785.4	22.3976	13785.6	22.2264	8745	25.7645	unclassified	chr9	134881745	134890493	8	8745	-	8753	8732	8710	5	16	22	60	0.999085	0.997481	0.995087	0
PBC68292_skip_a8343fc7_49bbca40_19.pod5	dab5d271-aa23-4c8d-9c49-c3b5adccde67	49bbca403119fbcaf15d1a174c1fa0ef541a5e4b	987	3	13791	12.1412	13791.1	12.0276	4321	14.4554	unclassified	chr1	66428856	66432309	867	4321	-	3457	3450	3446	4	3	4	60	0.799352	0.998841	0.996818	0
PBC68292_skip_a8343fc7_49bbca40_19.pod5	afc3b776-766b-4542-9ca9-679893563a2e	49bbca403119fbcaf15d1a174c1fa0ef541a5e4b	2173	4	13799.1	9.1814	13799.1	9.1794	5110	22.923	unclassified	chr2	43671273	43676338	32	5097	+	5077	5053	5037	12	12	16	60	0.991194	0.996834	0.992121	0
PBC68292_skip_a8343fc7_49bbca40_19.pod5	bcd34544-a833-4d82-b70c-86e4c3c5e28b	49bbca403119fbcaf15d1a174c1fa0ef541a5e4b	1222	1	13791.5	16.796	13791.5	16.794	6122	15.5327	unclassified	chr19	14055982	14061813	9	6087	-	6090	5819	5807	259	12	12	60	0.992813	0.997938	0.95353	0
PBC68292_skip_a8343fc7_49bbca40_19.pod5	d7b5a51d-4a8c-4635-8559-ab79ebf4140b	49bbca403119fbcaf15d1a174c1fa0ef541a5e4b	730	2	13792.3	16.3172	13792.4	16.1868	6271	27.4616	unclassified	chr4	127129126	127135395	4	6271	-	6277	6259	6245	8	10	14	60	0.999362	0.997763	0.994902	0
PBC68292_skip_a8343fc7_49bbca40_19.pod5	0cb4f401-d136-487c-864a-77d83ded1e92	49bbca403119fbcaf15d1a174c1fa0ef541a5e4b	1451	3	13798.4	10.1312	13798.5	9.99	3911	25.5753	unclassified	chr20	4438150	4442055	0	3905	+	3905	3905	3898	0	0	7	60	0.998466	0.998207	0.998207	0
PBC68292_skip_a8343fc7_49bbca40_19.pod5	da59dd4f-b0a1-446a-aa49-daf861e225c0	49bbca403119fbcaf15d1a174c1fa0ef541a5e4b	1037	4	13800.2	8.1656	13800.4	7.9824	2915	23.64	unclassified	chr4	1554198	1557143	5	2915	-	2952	2903	2856	7	42	47	60	0.998285	0.98381	0.96748	0
PBC68292_skip_a8343fc7_49bbca40_19.pod5	02d1667d-5dd7-4a8f-926e-f4d1d19f3084	49bbca403119fbcaf15d1a174c1fa0ef541a5e4b	1290	4	13781.3	27.3236	13781.5	27.138	7761	28.294	unclassified	chr18	5874201	5881955	10	7761	-	7759	7746	7740	5	8	6	60	0.998712	0.999225	0.997551	0
PBC68292_skip_a8343fc7_49bbca40_19.pod5	2d246d9f-47d1-46c6-af9a-78fc8c794c24	49bbca403119fbcaf15d1a174c1fa0ef541a5e4b	367	1	13789.5	19.0976	13789.6	18.9912	7750	30.5245	unclassified	chr8	73949960	73957704	7	7750	-	7754	7733	7719	10	11	14	60	0.999097	0.99819	0.995486	0
PBC68292_skip_a8343fc7_49bbca40_19.pod5	0c0a0d4d-1703-4dbf-84e1-61daf3c9c382	49bbca403119fbcaf15d1a174c1fa0ef541a5e4b	2946	1	13789.2	18.5108	13789.4	18.3612	7293	27.8994	unclassified	chr5	98208957	98216254	0	7288	+	7301	7284	7268	4	13	16	60	0.999314	0.997803	0.99548	0
PBC68292_skip_a8343fc7_49bbca40_19.pod5	40b0d64c-dc61-4153-bf3f-9239dedd6de2	49bbca403119fbcaf15d1a174c1fa0ef541a5e4b	599	2	13799.3	7.3532	13799.3	7.3512	3234	18.0576	unclassified	chr2	24650947	24654155	35	3234	+	3217	3190	3168	9	18	22	60	0.989177	0.993103	0.984768	0
PBC68292_skip_a8343fc7_49bbca40_19.pod5	9b1f9589-c9e2-4f93-b11f-048423b0ba47	49bbca403119fbcaf15d1a174c1fa0ef541a5e4b	847	3	13793.9	14.8532	13794.1	14.6964	4471	27.7232	unclassified	chr2	66367193	66371657	0	4464	+	4468	4460	4457	4	4	3	60	0.998434	0.999327	0.997538	0
PBC68292_skip_a8343fc7_49bbca40_19.pod5	5c8da70f-d59c-4609-8fcd-9354e86701f4	49bbca403119fbcaf15d1a174c1fa0ef541a5e4b	679	1	13747.6	60.8012	13747.8	60.6708	18338	24.7963	unclassified	chr17	28196587	28214889	0	18331	+	18357	18276	18248	55	26	28	60	0.999618	0.998468	0.994062	0
PBC68292_skip_a8343fc7_49bbca40_19.pod5	a41062bb-9d5c-41a3-8df9-cd5f6f304eac	49bbca403119fbcaf15d1a174c1fa0ef541a5e4b	2401	4	13788.2	19.7476	13788.2	19.7456	9974	15.2032	unclassified	chr7	137813227	137823313	10	9948	-	10179	9845	9686	93	241	159	60	0.996391	0.98385	0.951567	0
PBC68292_skip_a8343fc7_49bbca40_19.pod5	24c71d6d-9d24-4242-9eea-bf67849c441b	49bbca403119fbcaf15d1a174c1fa0ef541a5e4b	2191	2	13774.7	32.7968	13774.8	32.6808	12842	24.561	unclassified	chr7	923235	935960	0	12836	+	13502	12059	12009	777	666	50	60	0.999533	0.995854	0.889424	0
PBC68292_skip_a8343fc7_49bbca40_19.pod5	a87206b6-cf20-4edd-8fb6-80f88a8f5a47	49bbca403119fbcaf15d1a174c1fa0ef541a5e4b	1864	3	13797.3	11.2184	13797.4	11.088	3999	24.4589	unclassified	chr17	7888551	7892554	0	3992	+	4006	3989	3976	3	14	13	60	0.99825	0.996741	0.992511	0
PBC68292_skip_a8343fc7_49bbca40_19.pod5	b67694a5-001e-460e-af86-d7424b10c405	49bbca403119fbcaf15d1a174c1fa0ef541a5e4b	816	3	13785.1	14.1056	13785.3	13.9416	5345	24.2055	unclassified	chr1	53045119	53050464	2	5345	-	5350	5338	5329	5	7	9	60	0.999626	0.998314	0.996075	0
PBC68292_skip_a8343fc7_49bbca40_19.pod5	0d97c3ca-e82d-4807-846e-f272fcfd002e	49bbca403119fbcaf15d1a174c1fa0ef541a5e4b	1793	2	13783.5	24.8648	13783.7	24.6624	9846	14.9573	unclassified	chr2	13173231	13183118	5	9846	-	9994	9734	9554	107	153	180	60	0.999492	0.981508	0.955974	0
PBC68292_skip_a8343fc7_49bbca40_19.pod5	4cb88213-79ad-41ec-a38e-abf4a09e2fe4	49bbca403119fbcaf15d1a174c1fa0ef541a5e4b	899	2	13776.8	31.6736	13776.9	31.5528	12804	23.2854	unclassified	chr1	204284865	204297668	0	12798	+	12839	12762	12722	36	41	40	60	0.999531	0.996866	0.990887	0
PBC68292_skip_a8343fc7_49bbca40_19.pod5	78a697ee-ea0d-4be5-8a6e-24dd5dd86a41	49bbca403119fbcaf15d1a174c1fa0ef541a5e4b	1450	3	13790.6	17.7284	13790.7	17.6388	6102	17.9799	unclassified	chr1	113812835	113818955	0	6094	+	6152	6062	6006	32	58	56	60	0.998689	0.990762	0.976268	0
PBC68292_skip_a8343fc7_49bbca40_19.pod5	c5db0c74-c261-4e61-a368-ec9abea3e6d5	49bbca403119fbcaf15d1a174c1fa0ef541a5e4b	532	1	13783.1	25.358	13783.3	25.1484	10329	31.4844	unclassified	chr2	61645477	61655798	6	10329	-	10330	10314	10311	9	7	3	60	0.999419	0.999709	0.998161	0
PBC68292_skip_a8343fc7_49bbca40_19.pod5	39167f9f-4564-4b5b-8683-413b70a4f314	49bbca403119fbcaf15d1a174c1fa0ef541a5e4b	2321	2	13804.6	3.7642	13804.6	3.7622	758	2.57292	unclassified	*	-1	-1	-1	-1	*	0	0	0	0	0	0	0	0	0	0	0
PBC68292_skip_a8343fc7_49bbca40_19.pod5	4a18ccc8-ab1d-4b8d-ab55-0625428b2bc7	49bbca403119fbcaf15d1a174c1fa0ef541a5e4b	2603	4	13774.2	33.9356	13774.3	33.8424	14392	25.0832	unclassified	chr8	30635681	30650077	2	14384	+	14427	14351	14327	31	45	24	60	0.999305	0.998328	0.993069	0
PBC68292_skip_a8343fc7_49bbca40_19.pod5	39f3e8f1-5863-4753-87a2-c885c492ec39	49bbca403119fbcaf15d1a174c1fa0ef541a5e4b	1826	4	13737.2	70.4984	13737.2	70.4964	18455	7.89857	unclassified	chr2	164744792	164763136	167	18328	+	19273	17232	15819	929	1112	1413	60	0.984069	0.918001	0.820786	0
PBC68292_skip_a8343fc7_49bbca40_19.pod5	8728f143-7a09-45a5-b4ba-4565103396fd	49bbca403119fbcaf15d1a174c1fa0ef541a5e4b	1362	1	13712.8	95.0648	13712.9	94.8984	38171	22.1411	unclassified	chr16	77188840	77226963	0	38165	+	38285	38003	37758	162	120	245	60	0.999843	0.993553	0.986235	0
PBC68292_skip_a8343fc7_49bbca40_19.pod5	4c6c88d4-93ee-44e1-b4dd-a1fd111d5f02	49bbca403119fbcaf15d1a174c1fa0ef541a5e4b	2261	2	13782.1	26.2184	13782.2	26.136	11928	24.6472	unclassified	chr3	63381632	63393517	0	11899	+	11913	11871	11840	28	14	31	60	0.997569	0.997389	0.993872	0
PBC68292_skip_a8343fc7_49bbca40_19.pod5	8352c70d-27b6-4349-ba10-115aa4450d6b	49bbca403119fbcaf15d1a174c1fa0ef541a5e4b	1527	3	13734.7	72.3752	13734.8	72.2544	28141	27.5271	unclassified	chr10	5477001	5505270	9	28141	-	28293	28108	28032	24	161	76	60	0.99968	0.997296	0.990775	0
PBC68292_skip_a8343fc7_49bbca40_19.pod5	41e10cf1-a17e-4466-9c0f-5aba3fadaddc	49bbca403119fbcaf15d1a174c1fa0ef541a5e4b	2013	2	13801.4	7.3748	13801.5	7.2612	3111	27.8788	unclassified	chr5	20854128	20857228	11	3111	-	3101	3099	3092	1	1	7	60	0.996464	0.997741	0.997098	0
PBC68292_skip_a8343fc7_49bbca40_19.pod5	0839fba6-0a09-48a3-a0ba-63f4e1958f65	49bbca403119fbcaf15d1a174c1fa0ef541a5e4b	307	2	13778.4	30.098	13778.5	29.9652	11248	33.0191	unclassified	chr10	41860806	41872564	11	11240	+	12239	10748	9245	481	1010	1503	1	0.998311	0.86016	0.755372	0
PBC68292_skip_a8343fc7_49bbca40_19.pod5	d107fbbb-6cb5-44ce-b226-3f63251d4887	49bbca403119fbcaf15d1a174c1fa0ef541a5e4b	2226	3	13778.4	30.1904	13778.6	30.0192	7816	21.6266	unclassified	chr1	90007388	90015184	0	7806	+	7822	7780	7772	26	16	8	60	0.998721	0.998972	0.993608	0
PBC68292_skip_a8343fc7_49bbca40_19.pod5	05930a47-036c-4317-ae70-ff7f8570e3f4	49bbca403119fbcaf15d1a174c1fa0ef541a5e4b	2814	2	13787.2	11.984	13787.3	11.886	5413	24.7698	unclassified	chr8	49251908	49257324	0	5412	-	5427	5401	5384	11	15	17	60	0.999815	0.996852	0.992077	0
PBC68292_skip_a8343fc7_49bbca40_19.pod5	e87eefbb-66c3-44ae-959c-3867218721f2	49bbca403119fbcaf15d1a174c1fa0ef541a5e4b	871	1	13767.9	40.7528	13768	40.6308	17612	21.6324	unclassified	chr6	167338199	167347036	8781	17611	-	8840	8827	8813	3	10	14	60	0.501363	0.998414	0.996946	0
PBC68292_skip_a8343fc7_49bbca40_19.pod5	0bbe7668-47da-47cb-8225-33d6d13eeafa	49bbca403119fbcaf15d1a174c1fa0ef541a5e4b	2068	2	13790.2	18.2492	13790.3	18.1572	7685	27.7462	unclassified	chr12	7923746	7931417	0	7678	+	7684	7665	7650	13	6	15	60	0.999089	0.998043	0.995575	0
PBC68292_skip_a8343fc7_49bbca40_19.pod5	07413ff0-1ad3-4e4b-81b1-c2fd4d303f1e	49bbca403119fbcaf15d1a174c1fa0ef541a5e4b	2239	4	13767.8	40.394	13767.9	40.2924	17686	21.8867	unclassified	chr22	22168084	22185782	6	17686	-	17755	17623	17570	57	75	53	60	0.999661	0.996993	0.98958	0
PBC68292_skip_a8343fc7_49bbca40_19.pod5	36fd2fed-1daf-4df0-8dc7-be24e35599a6	49bbca403119fbcaf15d1a174c1fa0ef541a5e4b	1267	4	13771	37.8334	13771	37.8314	15926	12.3406	unclassified	chr17	52760867	52776917	9	15901	-	16317	15625	15109	267	425	516	60	0.997865	0.966976	0.925967	0
PBC68292_skip_a8343fc7_49bbca40_19.pod5	4d269526-5c1b-4aca-8fdc-ccce135a977a	49bbca403119fbcaf15d1a174c1fa0ef541a5e4b	2393	2	13739.9	67.889	13739.9	67.887	19050	30.0878	unclassified	chr3	94337337	94356404	7	19029	-	19075	19014	18973	8	53	41	60	0.99853	0.997844	0.994653	0
PBC68292_skip_a8343fc7_49bbca40_19.pod5	805cf297-e7a2-4a74-8ff6-8f9be439848e	49bbca403119fbcaf15d1a174c1fa0ef541a5e4b	555	1	13759.1	49.022	13759.2	48.9132	20777	24.814	unclassified	chr20	47064538	47085302	8	20776	-	20799	20733	20684	35	31	49	60	0.999567	0.997637	0.994471	0
PBC68292_skip_a8343fc7_49bbca40_19.pod5	fd0ea1cd-9fd2-45d0-91fc-c0ca24629844	49bbca403119fbcaf15d1a174c1fa0ef541a5e4b	2886	3	13794.8	13.6448	13795	13.4808	4102	39.1887	unclassified	chr1	122542619	122546715	0	4099	-	4100	4095	3865	4	1	230	1	0.999269	0.943834	0.942683	0
PBC68292_skip_a8343fc7_49bbca40_19.pod5	817c3994-cbe3-4e98-86af-02cc374be44f	49bbca403119fbcaf15d1a174c1fa0ef541a5e4b	481	1	13792.7	16.0076	13792.9	15.8676	6281	41.1119	unclassified	chr1	143214162	143222242	3	6281	-	8104	6254	6104	24	1826	150	26	0.999522	0.976015	0.753208	0
PBC68292_skip_a8343fc7_49bbca40_19.pod5	8348ac0b-b24d-4868-9496-f18f53099b89	49bbca403119fbcaf15d1a174c1fa0ef541a5e4b	2012	4	13793.5	15.068	13793.5	15.066	6030	28.009	unclassified	chr18	25676727	25682721	32	6025	+	6001	5986	5979	7	8	7	60	0.993864	0.998831	0.996334	0
PBC68292_skip_a8343fc7_49bbca40_19.pod5	2f8361d5-5233-4b14-90b9-35b0b0b36082	49bbca403119fbcaf15d1a174c1fa0ef541a5e4b	892	1	13779	30.1532	13779.2	29.9532	10042	31.5543	unclassified	chr4	72243987	72254020	0	10035	+	10044	10024	10017	11	9	7	60	0.999303	0.999302	0.997312	0
PBC68292_skip_a8343fc7_49bbca40_19.pod5	72684b0d-6d93-42b1-a973-8344a037b3f1	49bbca403119fbcaf15d1a174c1fa0ef541a5e4b	368	4	13769	39.6008	13769	39.5988	16866	20.3548	unclassified	chr12	64236427	64244949	33	8564	+	8538	8515	8495	16	7	20	60	0.50581	0.997651	0.994964	0
PBC68292_skip_a8343fc7_49bbca40_19.pod5	9f49955a-c73d-4db6-ae91-6cc60f260a7b	49bbca403119fbcaf15d1a174c1fa0ef541a5e4b	1027	3	13779.2	29.6168	13779.2	29.55	13061	28.5874	unclassified	chr1	149266071	149279112	8	13061	-	13064	13030	13001	23	11	29	4	0.999388	0.997774	0.995178	0
PBC68292_skip_a8343fc7_49bbca40_19.pod5	e7a8f790-e25e-4201-9cc7-6d92d11a2b6f	49bbca403119fbcaf15d1a174c1fa0ef541a5e4b	1031	1	13782.2	26.912	13782.3	26.814	10300	26.2169	unclassified	chr3	9360533	9370845	3	10300	-	10328	10281	10259	16	31	22	60	0.999709	0.99786	0.993319	0
PBC68292_skip_a8343fc7_49bbca40_19.pod5	826b29e0-4b43-4a41-bb11-a677a232ec2f	49bbca403119fbcaf15d1a174c1fa0ef541a5e4b	849	2	13803.7	5.486	13803.8	5.3652	2373	23.295	unclassified	chr5	13230511	13232875	6	2373	-	2369	2362	2360	5	2	2	60	0.997472	0.999153	0.996201	0
PBC68292_skip_a8343fc7_49bbca40_19.pod5	d198fc70-1d35-423f-bf1a-63ee33300f61	49bbca403119fbcaf15d1a174c1fa0ef541a5e4b	2146	2	13769.5	38.9492	13769.6	38.8476	13627	29.7399	unclassified	chr13	108705937	108719550	3	13627	-	13631	13606	13571	18	7	35	60	0.99978	0.997428	0.995598	0
PBC68292_skip_a8343fc7_49bbca40_19.pod5	1d0b4404-19f1-4714-b3b0-f64dd77a1cb1	49bbca403119fbcaf15d1a174c1fa0ef541a5e4b	851	3	13781.2	28.0076	13781.4	27.8472	10336	27.3625	unclassified	chr1	196057872	196068200	10	10336	-	10336	10318	10296	8	10	22	60	0.999032	0.997868	0.99613	0
PBC68292_skip_a8343fc7_49bbca40_19.pod5	ff95e537-6145-46db-9703-82e87800f779	49bbca403119fbcaf15d1a174c1fa0ef541a5e4b	1953	1	13795.3	13.636	13795.3	13.634	5793	11.2091	unclassified	chr1	19570420	19576269	25	5787	+	5949	5662	5464	100	187	198	60	0.994649	0.96503	0.918474	0
PBC68292_skip_a8343fc7_49bbca40_19.pod5	464774f4-c555-443a-b972-46a188a752e9	49bbca403119fbcaf15d1a174c1fa0ef541a5e4b	1425	1	13783.8	13.1784	13784	13.026	4600	32.0494	unclassified	chr16	28939496	28944085	0	4592	+	4599	4582	4581	10	7	1	60	0.998261	0.999782	0.996086	0
PBC68292_skip_a8343fc7_49bbca40_19.pod5	cecff7c2-6230-449b-8e2f-b97c9303d1b9	49bbca403119fbcaf15d1a174c1fa0ef541a5e4b	2422	2	13770.5	38.1272	13770.7	37.9704	10201	25.3245	unclassified	chr22	43457891	43468064	0	10191	+	10219	10145	10117	46	28	28	60	0.99902	0.99724	0.990019	0
PBC68292_skip_a8343fc7_49bbca40_19.pod5	f6814961-30f5-460b-8689-21ec7d07bb41	49bbca403119fbcaf15d1a174c1fa0ef541a5e4b	2378	2	13796.7	11.9708	13796.7	11.9688	3069	6.60804	unclassified	*	-1	-1	-1	-1	*	0	0	0	0	0	0	0	0	0	0	0
PBC68292_skip_a8343fc7_49bbca40_19.pod5	fd5187fd-93f9-4b0c-9f5d-e18314bd68e0	49bbca403119fbcaf15d1a174c1fa0ef541a5e4b	1425	1	13797	12.1332	13797.1	12.048	4587	25.2573	unclassified	chr16	28939495	28944084	6	4587	-	4594	4576	4570	5	13	6	60	0.998692	0.998689	0.994776	0
PBC68292_skip_a8343fc7_49bbca40_19.pod5	c988a051-b7e4-4c94-9943-752397e4b51a	49bbca403119fbcaf15d1a174c1fa0ef541a5e4b	1474	4	13782.4	26.6332	13782.4	26.6312	10203	22.5496	unclassified	chr15	78886183	78896337	38	10196	+	10186	10126	10083	32	28	43	60	0.99559	0.995754	0.989888	0
PBC68292_skip_a8343fc7_49bbca40_19.pod5	bd8d7720-c411-44d4-8762-b602ca3f5cee	49bbca403119fbcaf15d1a174c1fa0ef541a5e4b	2361	1	13799.6	9.4388	13799.7	9.3084	3981	26.9042	unclassified	chr7	69400651	69404625	0	3975	+	3983	3966	3963	9	8	3	60	0.998493	0.999244	0.994979	0
PBC68292_skip_a8343fc7_49bbca40_19.pod5	36d47e74-fd9b-41a4-9c0c-ea74b3f7f3ae	49bbca403119fbcaf15d1a174c1fa0ef541a5e4b	2632	4	13785.1	23.6972	13785.1	23.6052	10311	27.0251	unclassified	chr1	47858331	47868655	0	10306	+	10329	10301	10278	5	23	23	60	0.999515	0.997767	0.995062	0
PBC68292_skip_a8343fc7_49bbca40_19.pod5	a587aeaa-6dbc-42e5-bfae-780dc5d33721	49bbca403119fbcaf15d1a174c1fa0ef541a5e4b	1393	3	13771.4	37.5032	13771.6	37.3896	13677	25.4057	unclassified	chr3	11458109	11471768	9	13677	-	13698	13629	13591	39	30	38	60	0.999342	0.997212	0.992189	0
PBC68292_skip_a8343fc7_49bbca40_19.pod5	c1aee68c-9f0e-4355-a007-c1be74329ecb	49bbca403119fbcaf15d1a174c1fa0ef541a5e4b	1240	3	13688.2	120.039	13688.4	119.822	37009	28.1717	unclassified	chr6	97796846	97833846	7	37009	-	37065	36937	36898	65	63	39	60	0.999811	0.998944	0.995494	0
PBC68292_skip_a8343fc7_49bbca40_19.pod5	f114fb17-d1f7-4ac5-8338-bddf7d8711d5	49bbca403119fbcaf15d1a174c1fa0ef541a5e4b	340	1	13807.7	1.8584	13807.8	1.7736	819	16.7248	unclassified	chr14	19874396	19875198	0	808	+	810	800	791	8	2	9	60	0.986569	0.98875	0.976543	0
PBC68292_skip_a8343fc7_49bbca40_19.pod5	018d9782-e1bd-4309-a753-fa3ff5b18c09	49bbca403119fbcaf15d1a174c1fa0ef541a5e4b	638	4	13800	9.3596	13800	9.3576	3689	12.1994	unclassified	chr19	2658401	2662085	46	3684	+	3749	3573	3449	65	111	124	60	0.986175	0.965295	0.919979	0
PBC68292_skip_a8343fc7_49bbca40_19.pod5	74acf45f-bc8a-4dd9-a0c8-31646db34cdb	49bbca403119fbcaf15d1a174c1fa0ef541a5e4b	478	3	13795.2	14.3648	13795.3	14.2416	6145	28.6067	unclassified	chr18	30457962	30464099	5	6145	-	6148	6129	6124	11	8	5	60	0.999186	0.999184	0.996096	0
PBC68292_skip_a8343fc7_49bbca40_19.pod5	5893d0a9-1829-403d-8523-3c5a00cfb00d	49bbca403119fbcaf15d1a174c1fa0ef541a5e4b	1922	2	13755.1	53.9252	13755.1	53.874	16040	10.9559	unclassified	chr13	96790497	96802464	0	16032	+	16059	11940	11877	4092	27	63	60	0.999501	0.994724	0.739585	0
PBC68292_skip_a8343fc7_49bbca40_19.pod5	4a8b7d47-edbb-487a-933b-f53b2e3a9f07	49bbca403119fbcaf15d1a174c1fa0ef541a5e4b	914	3	13739.9	68.906	13740.1	68.7264	29185	20.6166	unclassified	chr6	116377141	116406354	19	29178	+	29293	29079	28925	80	134	154	60	0.999109	0.994704	0.987437	0
PBC68292_skip_a8343fc7_49bbca40_19.pod5	300c094d-ab8b-493f-89a3-d07c2de6bae4	49bbca403119fbcaf15d1a174c1fa0ef541a5e4b	451	2	13789	20.558	13789	20.4624	8006	31.4066	unclassified	chr12	74607337	74615337	0	7999	+	8004	7995	7976	4	5	19	60	0.999126	0.997624	0.996502	0
PBC68292_skip_a8343fc7_49bbca40_19.pod5	95b2b066-bd16-4c47-8a2e-905b0440fed1	49bbca403119fbcaf15d1a174c1fa0ef541a5e4b	1084	4	13787.2	22.0724	13787.3	21.9084	8615	30.4032	unclassified	chr3	99046716	99055316	0	8606	+	8606	8600	8597	6	0	3	60	0.998955	0.999651	0.998954	0
PBC68292_skip_a8343fc7_49bbca40_19.pod5	d2a846ab-fa9f-4cf8-a0de-2af1bf9e65b4	49bbca403119fbcaf15d1a174c1fa0ef541a5e4b	2453	1	13798.9	10.2296	13799.1	10.0848	3717	29.3282	unclassified	chr10	40389074	40392802	0	3717	-	3729	3716	3672	1	12	44	1	1	0.988159	0.984714	0
PBC68292_skip_a8343fc7_49bbca40_19.pod5	ff4b597c-1163-42db-9527-548a573e9736	49bbca403119fbcaf15d1a174c1fa0ef541a5e4b	1028	2	13725	83.6178	13725	83.6158	25042	11.1765	unclassified	chr1	73858086	73883482	5	25003	-	26047	24347	23269	651	1049	1078	60	0.998243	0.955724	0.893347	0
PBC68292_skip_a8343fc7_49bbca40_19.pod5	1f8e7247-17c0-4329-b556-f316eae5270d	49bbca403119fbcaf15d1a174c1fa0ef541a5e4b	2953	4	13758.4	50.5124	13758.5	50.3292	17119	26.962	unclassified	chr5	85343029	85360156	0	17119	-	17154	17092	17060	27	35	32	60	1	0.998128	0.99452	0
PBC68292_skip_a8343fc7_49bbca40_19.pod5	e381d441-f333-4fbc-8071-a98948ead1d0	49bbca403119fbcaf15d1a174c1fa0ef541a5e4b	200	3	13791.6	17.8712	13791.7	17.76	8738	26.5681	unclassified	chr10	68037964	68046697	7	8738	-	8749	8715	8704	16	18	11	60	0.999199	0.998738	0.994857	0
PBC68292_skip_a8343fc7_49bbca40_19.pod5	9260977d-2c6c-406f-97dd-09463400e8e6	49bbca403119fbcaf15d1a174c1fa0ef541a5e4b	2332	4	13735.1	73.2896	13735.3	73.14	29824	26.7784	unclassified	chr4	181199285	181229114	0	29818	+	29878	29769	29689	49	60	80	60	0.999799	0.997313	0.993674	0
PBC68292_skip_a8343fc7_49bbca40_19.pod5	994dbeb6-89f9-4d5b-8acd-dceb56c170fc	49bbca403119fbcaf15d1a174c1fa0ef541a5e4b	1349	1	13717.2	81.5708	13717.3	81.4716	33210	26.9842	unclassified	chr2	11372882	11406387	0	33210	+	33555	33160	33088	50	345	72	60	1	0.997829	0.986083	0
PBC68292_skip_a8343fc7_49bbca40_19.pod5	a0c3eb16-fea5-470f-8abf-ed7b3543a6ba	49bbca403119fbcaf15d1a174c1fa0ef541a5e4b	1581	1	13769.1	40.1264	13769.3	39.9648	15866	28.5671	unclassified	chr9	104186957	104202807	9	15866	-	15865	15842	15792	15	8	50	60	0.999433	0.996844	0.995399	0
PBC68292_skip_a8343fc7_49bbca40_19.pod5	0880d6a0-a454-442d-896d-b08eaf3257ee	49bbca403119fbcaf15d1a174c1fa0ef541a5e4b	1633	2	13790.1	19.2308	13790.2	19.1412	8093	28.7688	unclassified	chr4	36849550	36857637	10	8093	-	8089	8081	8058	2	6	23	60	0.998764	0.997154	0.996168	0
PBC68292_skip_a8343fc7_49bbca40_19.pod5	89f0ab36-04ac-43d7-abf7-280cbb623d80	49bbca403119fbcaf15d1a174c1fa0ef541a5e4b	2562	1	13785.7	23.402	13785.9	23.2788	8936	30.1825	unclassified	chr3	94573562	94582492	6	8936	-	8940	8920	8890	10	10	30	60	0.999329	0.996637	0.994407	0
PBC68292_skip_a8343fc7_49bbca40_19.pod5	f3172774-c3c0-43f6-9bab-7157b1b693f5	49bbca403119fbcaf15d1a174c1fa0ef541a5e4b	1837	4	13788.8	20.6252	13789	20.5044	8392	31.0299	unclassified	chr2	203793958	203802342	0	8386	+	8394	8376	8367	10	8	9	60	0.999285	0.998926	0.996783	0
PBC68292_skip_a8343fc7_49bbca40_19.pod5	b3c42c51-1509-4b97-9ffa-5dbc0efac8e5	49bbca403119fbcaf15d1a174c1fa0ef541a5e4b	2298	3	13803.6	5.88	13803.6	5.878	2616	18.3938	unclassified	chr19	36349351	36351914	6	2578	-	2587	2548	2531	24	15	17	60	0.98318	0.993328	0.978353	0
PBC68292_skip_a8343fc7_49bbca40_19.pod5	69186ba8-a1a1-4719-b304-2f626a66a6d7	49bbca403119fbcaf15d1a174c1fa0ef541a5e4b	2328	4	13782.2	27.3032	13782.4	27.1368	10709	28.4389	unclassified	chr5	105903868	105914568	7	10709	-	10713	10689	10673	13	11	16	60	0.999346	0.998503	0.996266	0
PBC68292_skip_a8343fc7_49bbca40_19.pod5	02c93960-3225-4ebb-b113-b5c57be9c721	49bbca403119fbcaf15d1a174c1fa0ef541a5e4b	2753	3	13799.5	9.7184	13799.6	9.636	5165	26.1724	unclassified	chr1	180505483	180510646	5	5165	-	5170	5153	5142	7	10	11	60	0.999032	0.997865	0.994584	0
PBC68292_skip_a8343fc7_49bbca40_19.pod5	1db5f7db-cac7-4cba-803f-22da2a709bca	49bbca403119fbcaf15d1a174c1fa0ef541a5e4b	2270	2	13767.7	41.21	13767.9	41.0892	11908	28.3592	unclassified	chr15	78471509	78483407	0	11901	+	11920	11879	11865	22	19	14	60	0.999412	0.998821	0.995386	0
PBC68292_skip_a8343fc7_49bbca40_19.pod5	6584ca09-be3b-4178-869a-6a24339ce3d3	49bbca403119fbcaf15d1a174c1fa0ef541a5e4b	1766	1	13791.4	18.068	13791.5	17.9616	7144	32.5744	unclassified	chr18	105701	111634	968	7097	+	6189	5873	4860	256	60	1013	27	0.857923	0.827516	0.785264	0
PBC68292_skip_a8343fc7_49bbca40_19.pod5	423d55e2-dd9e-4ac1-8e6e-391c35dfaaf8	49bbca403119fbcaf15d1a174c1fa0ef541a5e4b	1302	2	13804.1	5.6612	13804.3	5.5404	2523	35.3305	unclassified	chr17	515105	517622	7	2523	-	2521	2512	2505	4	5	7	60	0.997226	0.997213	0.993653	0
PBC68292_skip_a8343fc7_49bbca40_19.pod5	1f530a84-5137-4213-bc67-5e8084518c04	49bbca403119fbcaf15d1a174c1fa0ef541a5e4b	431	3	13770.7	38.4884	13770.8	38.3796	15779	29.1039	unclassified	chr11	101561328	101577103	0	15772	+	15786	15761	15728	11	14	33	60	0.999556	0.997906	0.996326	0
PBC68292_skip_a8343fc7_49bbca40_19.pod5	77bc18d2-f0b8-4e5c-9226-09b23c70bf97	49bbca403119fbcaf15d1a174c1fa0ef541a5e4b	1820	1	13802.2	7.6424	13802.3	7.5336	3146	27.7574	unclassified	chr12	51361064	51364206	6	3146	-	3143	3139	3138	1	3	1	60	0.998093	0.999681	0.998409	0
PBC68292_skip_a8343fc7_49bbca40_19.pod5	887098e0-1c48-417d-9c6f-57980ad61572	49bbca403119fbcaf15d1a174c1fa0ef541a5e4b	2405	3	13760	49.0616	13760.2	48.8352	10793	29.6852	unclassified	chr9	70262557	70273375	7	10793	-	10826	10778	10777	8	40	1	60	0.999351	0.999907	0.995474	0
PBC68292_skip_a8343fc7_49bbca40_19.pod5	77a2e8e7-e1d2-49c7-a44e-e87fbdb99fe5	49bbca403119fbcaf15d1a174c1fa0ef541a5e4b	89	3	13790.9	18.4312	13790.9	18.4292	7080	24.8369	unclassified	chr3	101908220	101912164	32	3980	+	3950	3942	3932	6	2	10	60	0.557627	0.997463	0.995443	0
PBC68292_skip_a8343fc7_49bbca40_19.pod5	994c3bb1-a3a5-4935-a689-e92c168b26bd	49bbca403119fbcaf15d1a174c1fa0ef541a5e4b	1972	1	13792	17.0416	13792	17.0396	6512	38.2919	unclassified	chr1	143214722	143221609	6	6501	-	7506	5876	5744	619	1011	132	2	0.997389	0.977536	0.765254	0
PBC68292_skip_a8343fc7_49bbca40_19.pod5	1cf324b4-3264-40fa-96bc-b5c52416d69d	49bbca403119fbcaf15d1a174c1fa0ef541a5e4b	897	1	13791.5	18.284	13791.5	18.282	6810	30.6541	unclassified	chr14	103160345	103167115	9	6777	-	6770	6768	6744	0	2	24	60	0.993833	0.996454	0.99616	0
PBC68292_skip_a8343fc7_49bbca40_19.pod5	13268964-ccb5-4ca3-8f83-91cce9b3def8	49bbca403119fbcaf15d1a174c1fa0ef541a5e4b	2086	2	13797.1	12.62	13797.3	12.4344	3533	29.177	unclassified	chr5	68275010	68278537	0	3527	+	3530	3524	3519	3	3	5	60	0.998302	0.998581	0.996884	0
PBC68292_skip_a8343fc7_49bbca40_19.pod5	70268768-32dd-4707-b72e-3e8284ad7b8f	49bbca403119fbcaf15d1a174c1fa0ef541a5e4b	2565	3	13795.7	13.814	13795.8	13.6836	5557	28.0954	unclassified	chr2	221712829	221718385	0	5548	+	5557	5547	5543	1	9	4	60	0.99838	0.999279	0.997481	0
PBC68292_skip_a8343fc7_49bbca40_19.pod5	854da567-d39f-493d-bc3c-6dba4a6084f7	49bbca403119fbcaf15d1a174c1fa0ef541a5e4b	2317	3	13805.5	1.442	13805.5	1.44	708	10.8605	unclassified	chr6	83973030	83973713	0	679	-	696	666	639	13	17	27	60	0.95904	0.959459	0.918103	0
PBC68292_skip_a8343fc7_49bbca40_19.pod5	b4ef2e57-c5d6-4764-89eb-c6985513e5a1	49bbca403119fbcaf15d1a174c1fa0ef541a5e4b	393	4	13803.7	6.254	13803.9	6.126	3147	25.5445	unclassified	chr5	43951470	43954609	0	3142	+	3145	3136	3132	6	3	4	60	0.998411	0.998724	0.995866	0
PBC68292_skip_a8343fc7_49bbca40_19.pod5	5917743a-148c-464b-9d7c-79d6d6d8c9d3	49bbca403119fbcaf15d1a174c1fa0ef541a5e4b	1212	4	13793.6	16.5092	13793.8	16.3212	6789	31.0493	unclassified	chr2	136567633	136574426	12	6789	-	6797	6773	6766	4	20	7	60	0.998232	0.998966	0.995439	0
PBC68292_skip_a8343fc7_49bbca40_19.pod5	7522065a-fba4-44b7-aded-979903e5abd8	49bbca403119fbcaf15d1a174c1fa0ef541a5e4b	467	3	13779.9	29.552	13780	29.4168	12042	31.0553	unclassified	chr5	169673462	169685491	13	12042	-	12032	12026	12011	3	3	15	60	0.99892	0.998753	0.998255	0
PBC68292_skip_a8343fc7_49bbca40_19.pod5	5bb26c79-d48f-46c5-8bc1-2c2f9b3efd85	49bbca403119fbcaf15d1a174c1fa0ef541a5e4b	2740	1	13796.7	12.2876	13796.8	12.1956	4763	21.1331	unclassified	chr13	42074666	42079423	7	4763	-	4771	4742	4712	14	15	30	60	0.99853	0.993674	0.987634	0
PBC68292_skip_a8343fc7_49bbca40_19.pod5	53bc23a1-3930-488c-9858-d631cdbbdaff	49bbca403119fbcaf15d1a174c1fa0ef541a5e4b	1388	3	13751.4	57.7652	13751.5	57.6516	26002	21.3777	unclassified	chr10	42128187	42153900	0	25993	+	26009	25697	25655	296	16	42	60	0.999654	0.998366	0.986389	0
PBC68292_skip_a8343fc7_49bbca40_19.pod5	809f9a71-f798-4c16-9f52-ade97bafad28	49bbca403119fbcaf15d1a174c1fa0ef541a5e4b	2873	4	13779.5	29.9384	13779.8	29.6424	7276	21.6612	unclassified	chr20	51284074	51291377	6	7276	-	7334	7239	7218	31	64	21	60	0.999175	0.997099	0.984183	0
PBC68292_skip_a8343fc7_49bbca40_19.pod5	c35d1be3-3288-4a40-ba23-18b816b78d39	49bbca403119fbcaf15d1a174c1fa0ef541a5e4b	448	4	13786.6	22.994	13786.8	22.8636	9853	26.0112	unclassified	chr14	56167227	56177069	6	9853	-	9860	9829	9818	18	13	11	60	0.999391	0.998881	0.99574	0
PBC68292_skip_a8343fc7_49bbca40_19.pod5	2d2688d1-8e19-49a5-bfce-6a92584bdc9d	49bbca403119fbcaf15d1a174c1fa0ef541a5e4b	1412	3	13773.2	36.8624	13773.3	36.7224	10722	27.2099	unclassified	chr1	83967059	83977792	5	10722	-	10742	10708	10694	9	25	14	60	0.999534	0.998693	0.995532	0
PBC68292_skip_a8343fc7_49bbca40_19.pod5	0fdcdae4-6e61-4200-a6d0-c3ef5f6f1719	49bbca403119fbcaf15d1a174c1fa0ef541a5e4b	1024	3	13755.5	53.7392	13755.7	53.4672	26145	21.455	unclassified	chr9	77519169	77545336	0	26140	+	26237	26070	25960	70	97	110	60	0.999809	0.995781	0.989442	0
PBC68292_skip_a8343fc7_49bbca40_19.pod5	e0b065d4-c2e0-4f9c-88c6-d2680131d828	49bbca403119fbcaf15d1a174c1fa0ef541a5e4b	2015	1	13779.4	30.224	13779.6	30.0696	11492	27.3004	unclassified	chr3	37249108	37260598	0	11487	+	11505	11472	11460	15	18	12	60	0.999565	0.998954	0.996089	0
PBC68292_skip_a8343fc7_49bbca40_19.pod5	0765fcee-1e1d-4f5b-b0da-6c0ab3275c64	49bbca403119fbcaf15d1a174c1fa0ef541a5e4b	2460	3	13799.3	10.5668	13799.4	10.4292	4626	27.6677	unclassified	chrX	86419112	86423744	9	4626	-	4632	4617	4611	0	15	6	60	0.998055	0.9987	0.995466	0
PBC68292_skip_a8343fc7_49bbca40_19.pod5	e0a8f3b2-f562-49b5-95ed-26217f385d1c	49bbca403119fbcaf15d1a174c1fa0ef541a5e4b	2034	4	13787.1	22.8056	13787.2	22.6968	10332	25.5879	unclassified	chr2	241836186	241846532	0	10326	+	10356	10316	10300	10	30	16	60	0.999419	0.998449	0.994592	0
PBC68292_skip_a8343fc7_49bbca40_19.pod5	27c536b0-930c-4a58-8d55-9d6b199e9dd6	49bbca403119fbcaf15d1a174c1fa0ef541a5e4b	1378	3	13791.8	18.1436	13791.9	18.0276	5974	19.2293	unclassified	chr21	6676933	6682898	0	5968	+	6001	5932	5845	36	33	87	0	0.998996	0.985334	0.974004	0
PBC68292_skip_a8343fc7_49bbca40_19.pod5	d8fb0910-9b8a-40ed-81bf-59c2945ae66a	49bbca403119fbcaf15d1a174c1fa0ef541a5e4b	1964	4	13802.9	7.0322	13802.9	7.0302	2921	24.7503	unclassified	chr8	33468633	33471537	9	2894	-	2904	2885	2880	0	19	5	60	0.987675	0.998267	0.991736	0
PBC68292_skip_a8343fc7_49bbca40_19.pod5	e4686854-3ad6-40d3-bf19-2b08eb8845cc	49bbca403119fbcaf15d1a174c1fa0ef541a5e4b	1694	4	13779.7	29.6366	13779.7	29.6346	13091	25.4746	unclassified	chr2	65820420	65833480	30	13084	+	13069	13045	13023	9	15	22	60	0.997174	0.998314	0.99648	0
PBC68292_skip_a8343fc7_49bbca40_19.pod5	5f7455f8-4e50-43d9-a41d-77387e8b8d15	49bbca403119fbcaf15d1a174c1fa0ef541a5e4b	673	1	13765.8	43.6832	13765.9	43.5696	16404	25.3498	unclassified	chr15	77566183	77582566	0	16402	+	16442	16343	16261	59	40	82	60	0.999878	0.994983	0.988992	0
PBC68292_skip_a8343fc7_49bbca40_19.pod5	41d9ef92-6adc-4e39-bbae-ee8a663856a9	49bbca403119fbcaf15d1a174c1fa0ef541a5e4b	369	4	13804.8	5.516	13804.9	5.3832	2328	31.3907	unclassified	chr3	38399684	38402006	6	2328	-	2323	2321	2314	1	1	7	60	0.997423	0.996984	0.996126	0
PBC68292_skip_a8343fc7_49bbca40_19.pod5	8e0e01a6-4ea4-46df-8211-565ad5594117	49bbca403119fbcaf15d1a174c1fa0ef541a5e4b	783	1	13769.9	40.1936	13770	40.0944	15402	28.8103	unclassified	chr15	96664604	96680019	0	15395	+	15425	15385	15344	10	30	41	60	0.999546	0.997335	0.994749	0
PBC68292_skip_a8343fc7_49bbca40_19.pod5	25fac8ee-e093-4c8a-812d-b580edaad6c5	49bbca403119fbcaf15d1a174c1fa0ef541a5e4b	1523	2	13755.1	54.5096	13755.2	54.3648	17900	25.2483	unclassified	chr13	104181411	104199337	6	17900	-	17937	17883	17862	11	43	21	60	0.999665	0.998826	0.995819	0
PBC68292_skip_a8343fc7_49bbca40_19.pod5	74459f6c-b3ac-4973-9ac5-722acb3380bf	49bbca403119fbcaf15d1a174c1fa0ef541a5e4b	2069	1	13685	118.534	13685.2	118.409	42264	27.2132	unclassified	chr11	8311118	8353367	0	42254	+	42328	42175	42084	79	74	91	60	0.999763	0.997842	0.994236	0
PBC68292_skip_a8343fc7_49bbca40_19.pod5	ba2b9138-f622-4f7c-95f9-50480b6a0257	49bbca403119fbcaf15d1a174c1fa0ef541a5e4b	2512	2	13777.9	22.01	13778.1	21.8748	9820	9.0191	unclassified	chr8	114038997	114048329	9	9819	-	10187	8955	8526	855	377	429	55	0.998982	0.952094	0.836949	0
PBC68292_skip_a8343fc7_49bbca40_19.pod5	d28768b4-a7ea-4c1a-b45e-83f8a4424869	49bbca403119fbcaf15d1a174c1fa0ef541a5e4b	2984	1	13780.1	29.2376	13780.2	29.076	11074	23.7278	unclassified	chr16	29486793	29497843	9	11074	-	11084	11031	11014	34	19	17	13	0.999187	0.998459	0.993685	0
PBC68292_skip_a8343fc7_49bbca40_19.pod5	e0e1989b-7182-4f56-acf9-1d77fc05491d	49bbca403119fbcaf15d1a174c1fa0ef541a5e4b	2063	4	13785	24.9728	13785.1	24.8688	10189	27.1086	unclassified	chr3	2784271	2794455	5	10189	-	10199	10169	10149	15	15	20	60	0.999509	0.998033	0.995098	0
PBC68292_skip_a8343fc7_49bbca40_19.pod5	5b4c8af8-7579-489b-bd76-234170c38da3	49bbca403119fbcaf15d1a174c1fa0ef541a5e4b	577	4	13792.6	17.7224	13792.7	17.6208	7347	29.0956	unclassified	chr1	118318798	118325846	178	7347	-	7199	7018	6978	151	30	40	60	0.975772	0.9943	0.969301	0
PBC68292_skip_a8343fc7_49bbca40_19.pod5	d0e40201-c3ea-46bb-9684-9702b24471e9	49bbca403119fbcaf15d1a174c1fa0ef541a5e4b	647	2	13785.6	24.6104	13785.6	24.6084	5202	2.89666	unclassified	*	-1	-1	-1	-1	*	0	0	0	0	0	0	0	0	0	0	0
PBC68292_skip_a8343fc7_49bbca40_19.pod5	63a93b54-cd7a-4884-82b1-8a07e0a10702	49bbca403119fbcaf15d1a174c1fa0ef541a5e4b	494	4	13797.9	12.5744	13798.1	12.3888	4242	27.581	unclassified	chr3	95182929	95187157	0	4235	+	4248	4215	4203	20	13	12	60	0.99835	0.997153	0.989407	0
PBC68292_skip_a8343fc7_49bbca40_19.pod5	795fe7c7-4012-4aef-b802-62aa9d03693b	49bbca403119fbcaf15d1a174c1fa0ef541a5e4b	1534	4	13790.9	16.592	13791	16.5096	7380	25.8863	unclassified	chr12	125107851	125115221	0	7373	+	7387	7356	7344	17	14	12	60	0.999052	0.998369	0.994179	0
PBC68292_skip_a8343fc7_49bbca40_19.pod5	6920510d-4911-4e2d-85c9-4d58d046f447	49bbca403119fbcaf15d1a174c1fa0ef541a5e4b	2619	2	13794.1	15.8624	13794.2	15.7488	6520	29.4978	unclassified	chr5	34827091	34833556	0	6514	+	6517	6462	6453	52	3	9	60	0.99908	0.998607	0.99018	0
PBC68292_skip_a8343fc7_49bbca40_19.pod5	7c28b754-9e1a-4481-b987-52800c89657d	49bbca403119fbcaf15d1a174c1fa0ef541a5e4b	1565	2	13732.2	77.6492	13732.3	77.55	28184	31.7576	unclassified	chr13	68302986	68331180	0	28178	+	28202	28170	28134	8	24	36	60	0.999787	0.998722	0.997589	0
PBC68292_skip_a8343fc7_49bbca40_19.pod5	0d5350ca-bf75-4ce4-8712-ae0368fceb21	49bbca403119fbcaf15d1a174c1fa0ef541a5e4b	1781	1	13804.7	5.7188	13804.8	5.6364	2562	25.9359	unclassified	chr3	101692473	101695028	7	2562	-	2559	2551	2549	4	4	2	60	0.997268	0.999216	0.996092	0
PBC68292_skip_a8343fc7_49bbca40_19.pod5	e8b6361c-c819-48ba-b107-79d8dc9166c3	49bbca403119fbcaf15d1a174c1fa0ef541a5e4b	300	2	13757.2	52.0964	13757.3	51.9888	22558	25.4336	unclassified	chr2	59671822	59694399	0	22549	+	22593	22533	22500	16	44	33	60	0.999601	0.998535	0.995884	0
PBC68292_skip_a8343fc7_49bbca40_19.pod5	5875bf9b-9beb-445f-9109-92668eb8b67d	49bbca403119fbcaf15d1a174c1fa0ef541a5e4b	1470	4	13735.4	73.5344	13735.5	73.41	28379	26.543	unclassified	chr8	46391249	46419625	6	28379	-	28412	28337	28266	36	39	71	60	0.999789	0.997494	0.994861	0
PBC68292_skip_a8343fc7_49bbca40_19.pod5	53d97be9-293e-4aa9-bfe1-6545bc2b77b4	49bbca403119fbcaf15d1a174c1fa0ef541a5e4b	456	3	13790	20.3384	13790.1	20.1936	8121	24.9177	unclassified	chr10	94639797	94647913	0	8111	+	8128	8099	8084	12	17	15	60	0.998769	0.998148	0.994587	0
PBC68292_skip_a8343fc7_49bbca40_19.pod5	6d5da83f-19aa-4c8b-a9fb-ad82e2261ff2	49bbca403119fbcaf15d1a174c1fa0ef541a5e4b	2456	1	13793.4	16.844	13793.6	16.692	6479	35.481	unclassified	chr7	138653797	138658262	2035	6479	-	4468	4441	4432	3	24	9	60	0.685908	0.997973	0.991943	0
PBC68292_skip_a8343fc7_49bbca40_19.pod5	a7ef080c-fea7-4378-9ef7-ebb1bbc8699a	49bbca403119fbcaf15d1a174c1fa0ef541a5e4b	589	2	13792.8	17.7464	13792.9	17.6328	5940	28.1276	unclassified	chr3	132425714	132431658	0	5935	+	5944	5935	5931	0	9	4	60	0.999158	0.999326	0.997813	0
PBC68292_skip_a8343fc7_49bbca40_19.pod5	b91e94bb-132a-4564-adf4-d32c01e07a11	49bbca403119fbcaf15d1a174c1fa0ef541a5e4b	2584	2	13790.9	18.9656	13791	18.8688	8313	26.3156	unclassified	chr15	51972685	51980991	5	8313	-	8326	8288	8271	20	18	17	60	0.999399	0.997949	0.993394	0
PBC68292_skip_a8343fc7_49bbca40_19.pod5	c8f8ed21-ce48-4a64-9be6-36925091e9f3	49bbca403119fbcaf15d1a174c1fa0ef541a5e4b	2540	3	13796.6	13.629	13796.6	13.627	5807	25.0108	unclassified	chr21	39108360	39114153	18	5798	+	5796	5777	5767	3	16	10	60	0.99535	0.998269	0.994997	0
PBC68292_skip_a8343fc7_49bbca40_19.pod5	8714021c-a98b-4880-a2e4-ab21c0b04387	49bbca403119fbcaf15d1a174c1fa0ef541a5e4b	228	1	13764.7	45.2768	13764.9	45.138	17674	28.2334	unclassified	chr9	26510702	26528374	0	17668	+	17686	17654	17639	14	18	15	60	0.99966	0.99915	0.997343	0
PBC68292_skip_a8343fc7_49bbca40_19.pod5	d90aac7c-ffd9-4511-a700-51e98dd95407	49bbca403119fbcaf15d1a174c1fa0ef541a5e4b	2776	2	13770.4	39.3884	13770.6	39.2292	15169	25.6366	unclassified	chr6	75283817	75298985	9	15169	-	15184	15144	15125	16	24	19	60	0.999407	0.998745	0.996114	0
PBC68292_skip_a8343fc7_49bbca40_19.pod5	a3ae21a4-82ab-46c1-b35c-cfcfba633f27	49bbca403119fbcaf15d1a174c1fa0ef541a5e4b	379	1	13792	18.6704	13792.2	18.4272	4534	28.9664	unclassified	chr4	125639152	125643684	1	4534	-	4539	4526	4522	7	6	4	60	0.999779	0.999116	0.996255	0
PBC68292_skip_a8343fc7_49bbca40_19.pod5	9b4a3d51-6c17-4276-b92c-703073c04680	49bbca403119fbcaf15d1a174c1fa0ef541a5e4b	1591	1	13732.1	77.8352	13732.2	77.7192	30112	29.7436	unclassified	chr14	57320106	57350207	0	30102	+	30126	30077	30052	25	24	25	60	0.999668	0.999169	0.997544	0
PBC68292_skip_a8343fc7_49bbca40_19.pod5	7b8dc579-5c09-4aac-ad92-f60650a22ed8	49bbca403119fbcaf15d1a174c1fa0ef541a5e4b	1144	3	13740.2	69.6956	13740.3	69.5844	23587	26.8292	unclassified	chr17	64062576	64086177	0	23582	+	23620	23563	23515	19	38	48	60	0.999788	0.997963	0.995555	0
PBC68292_skip_a8343fc7_49bbca40_19.pod5	b7909b33-ff95-4f04-b60c-f8563a3e0487	49bbca403119fbcaf15d1a174c1fa0ef541a5e4b	439	4	13807	3.7484	13807.2	3.6156	1225	28.5523	unclassified	chr18	39198154	39199380	0	1225	-	1226	1225	1224	0	1	1	60	1	0.999184	0.998369	0
PBC68292_skip_a8343fc7_49bbca40_19.pod5	3a6fd05b-4163-4788-9476-07d6dd3f33eb	49bbca403119fbcaf15d1a174c1fa0ef541a5e4b	947	2	13789	21.4514	13789	21.4494	7947	27.0236	unclassified	chrX	4839582	4847517	38	7941	+	7945	7893	7875	10	42	18	60	0.994463	0.99772	0.991189	0
PBC68292_skip_a8343fc7_49bbca40_19.pod5	345e5ada-a87a-4ee2-8331-7570dfebb100	49bbca403119fbcaf15d1a174c1fa0ef541a5e4b	1914	2	13768.5	41.552	13768.7	41.3664	12651	13.3662	unclassified	chrX	119063869	119076553	10	12651	-	12904	12421	12137	220	263	284	60	0.99921	0.977135	0.940561	0
PBC68292_skip_a8343fc7_49bbca40_19.pod5	d2f44850-0de4-4310-a0ce-f9d9db84df1a	49bbca403119fbcaf15d1a174c1fa0ef541a5e4b	1343	4	13796.3	14.4308	13796.4	14.3076	6258	25.9531	unclassified	chr15	37121717	37127969	0	6252	+	6261	6243	6239	9	9	4	60	0.999041	0.999359	0.996486	0
PBC68292_skip_a8343fc7_49bbca40_19.pod5	97c1d215-1e7e-4c3f-b453-a3f10df1444e	49bbca403119fbcaf15d1a174c1fa0ef541a5e4b	319	2	13795	15.803	13795	15.801	6632	14.7959	unclassified	chrX	111024234	111030811	32	6620	+	6673	6492	6358	96	85	134	60	0.993366	0.979359	0.952795	0
PBC68292_skip_a8343fc7_49bbca40_19.pod5	14dcb65b-8594-4686-b81d-ce3ba411c758	49bbca403119fbcaf15d1a174c1fa0ef541a5e4b	2836	1	13804.7	5.6636	13804.9	5.5308	2496	27.2779	unclassified	chr13	16552871	16555363	7	2496	-	2492	2489	2443	0	3	46	1	0.997196	0.981519	0.980337	0
PBC68292_skip_a8343fc7_49bbca40_19.pod5	a05575bc-9d1a-490a-8b4e-092f64221db5	49bbca403119fbcaf15d1a174c1fa0ef541a5e4b	406	3	13786.3	24.3608	13786.4	24.2568	10228	23.8461	unclassified	chr6	1613030	1623242	8	10228	-	10246	10186	10159	34	26	27	60	0.999218	0.997349	0.991509	0
PBC68292_skip_a8343fc7_49bbca40_19.pod5	2265de36-62b5-4bfe-b275-988e297e3f99	49bbca403119fbcaf15d1a174c1fa0ef541a5e4b	1955	1	13768.6	41.57	13768.7	41.4612	16728	27.9412	unclassified	chr15	62753591	62770341	0	16728	-	16764	16714	16658	14	36	56	60	1	0.99665	0.993677	0
PBC68292_skip_a8343fc7_49bbca40_19.pod5	9a17de9a-2f13-4585-b43c-c3c948d1dfa1	49bbca403119fbcaf15d1a174c1fa0ef541a5e4b	1020	1	13755.3	55.202	13755.3	55.2	22551	24.7731	unclassified	chr8	138357123	138379629	9	22522	-	22552	22467	22398	46	39	69	60	0.998315	0.996929	0.993171	0
PBC68292_skip_a8343fc7_49bbca40_19.pod5	71de90e7-1f75-4595-85c7-b3537d19ae96	49bbca403119fbcaf15d1a174c1fa0ef541a5e4b	974	3	13791.6	19.3242	13791.6	19.3222	5227	6.87216	unclassified	chr20	40788763	40793955	70	5149	-	5492	4779	4293	300	413	486	60	0.971685	0.898305	0.781682	0
PBC68292_skip_a8343fc7_49bbca40_19.pod5	f19fc3db-479a-4843-9906-a9531b26776a	49bbca403119fbcaf15d1a174c1fa0ef541a5e4b	2394	3	13760.8	49.3532	13761	49.1844	16622	27.887	unclassified	chr11	20301047	20317682	6	16622	-	16648	16603	16564	13	32	39	60	0.999639	0.997651	0.994954	0
PBC68292_skip_a8343fc7_49bbca40_19.pod5	f5c2a102-1dd5-476c-87b5-cf07d7a5c779	49bbca403119fbcaf15d1a174c1fa0ef541a5e4b	1664	3	13745.2	65.0132	13745.4	64.8204	16898	27.9797	unclassified	chr2	197358125	197375040	5	16898	-	16949	16859	16824	34	56	35	60	0.999704	0.997924	0.992625	0
PBC68292_skip_a8343fc7_49bbca40_19.pod5	5619e0fd-2246-4995-b0ba-c647ea09ed79	49bbca403119fbcaf15d1a174c1fa0ef541a5e4b	519	2	13710.1	98.9696	13710.2	98.8728	32895	22.7389	unclassified	chr21	8202449	8220463	0	17806	+	18208	17612	17537	194	402	75	2	0.541298	0.995742	0.963148	0
PBC68292_skip_a8343fc7_49bbca40_19.pod5	1c6f84f8-d4a3-41cf-91b2-f6f947515085	49bbca403119fbcaf15d1a174c1fa0ef541a5e4b	1829	3	13717.9	92.1618	13717.9	92.1598	28315	11.9839	unclassified	chr10	125275648	125303796	53	27934	+	28604	27425	26594	456	723	831	60	0.984672	0.969699	0.92973	0
PBC68292_skip_a8343fc7_49bbca40_19.pod5	7a9c0885-837a-4ea2-a717-d6e19abe18e6	49bbca403119fbcaf15d1a174c1fa0ef541a5e4b	79	4	13790.5	20.4596	13790.7	20.3124	8089	26.8899	unclassified	chr12	70593038	70601130	5	8089	-	8099	8077	8072	7	15	5	60	0.999382	0.999381	0.996666	0
PBC68292_skip_a8343fc7_49bbca40_19.pod5	a7a9d4c6-d257-41cf-a024-45ec454eb6bf	49bbca403119fbcaf15d1a174c1fa0ef541a5e4b	772	1	13788	23.0468	13788.1	22.938	9424	26.6424	unclassified	chr13	62617409	62626816	8	9424	-	9427	9396	9378	20	11	18	60	0.999151	0.998084	0.994802	0
PBC68292_skip_a8343fc7_49bbca40_19.pod5	0220089a-5a58-4bd3-9753-7469720384b0	49bbca403119fbcaf15d1a174c1fa0ef541a5e4b	77	4	13802	9.2902	13802	9.2882	3214	19.2039	unclassified	chr5	28659870	28663032	0	3172	-	3190	3144	3119	28	18	25	60	0.986932	0.992048	0.977743	0
PBC68292_skip_a8343fc7_49bbca40_19.pod5	141f833f-d239-4ff6-aa1a-21774681412c	49bbca403119fbcaf15d1a174c1fa0ef541a5e4b	382	3	13805.1	6.3328	13805.1	6.3308	1608	3.34295	unclassified	*	-1	-1	-1	-1	*	0	0	0	0	0	0	0	0	0	0	0
PBC68292_skip_a8343fc7_49bbca40_19.pod5	8522b102-62f9-4a5a-8faf-37e640f3257a	49bbca403119fbcaf15d1a174c1fa0ef541a5e4b	1960	4	13766.9	44.0456	13767.1	43.86	11883	31.2051	unclassified	chr10	52447577	52459461	8	11883	-	11885	11874	11864	1	10	10	60	0.999327	0.999158	0.998233	0
PBC68292_skip_a8343fc7_49bbca40_19.pod5	bb9085fc-4aa9-4509-863b-12d77620719d	49bbca403119fbcaf15d1a174c1fa0ef541a5e4b	2863	1	13791.1	19.2876	13791.1	19.2856	7729	32.0814	unclassified	chr18	48790582	48798260	37	7723	+	7688	7676	7668	10	2	8	60	0.994437	0.998958	0.997399	0
PBC68292_skip_a8343fc7_49bbca40_19.pod5	ec837ace-a311-47be-a9ac-ab036f17b9b3	49bbca403119fbcaf15d1a174c1fa0ef541a5e4b	542	2	13772.9	37.6724	13773	37.5492	14524	29.8115	unclassified	chr4	97689166	97703704	0	14518	+	14544	14512	14484	6	26	28	60	0.999587	0.998071	0.995875	0
PBC68292_skip_a8343fc7_49bbca40_19.pod5	f3d4e9a7-3096-49b7-8bab-ad0faa183594	49bbca403119fbcaf15d1a174c1fa0ef541a5e4b	614	1	13784.3	26.642	13784.4	26.5092	11167	22.7535	unclassified	chr6	146843377	146854534	8	11167	-	11185	11131	11100	28	26	31	60	0.999284	0.997215	0.992401	0
PBC68292_skip_a8343fc7_49bbca40_19.pod5	bd031b81-75a9-4b30-a600-d44dc229b9b8	49bbca403119fbcaf15d1a174c1fa0ef541a5e4b	2539	4	13774.2	35.882	13774.4	35.7684	13782	25.5815	unclassified	chr16	61370986	61384757	0	13773	+	13786	13758	13745	15	13	13	60	0.999347	0.999055	0.997026	0
PBC68292_skip_a8343fc7_49bbca40_19.pod5	567b2803-ff28-4726-9d99-b1f20c9fde3f	49bbca403119fbcaf15d1a174c1fa0ef541a5e4b	2521	2	13788.7	21.8998	13788.7	21.8978	9063	14.892	unclassified	chr3	11963697	11972756	3	9034	-	9181	8909	8755	122	150	154	60	0.996469	0.982714	0.9536	0
PBC68292_skip_a8343fc7_49bbca40_19.pod5	2d0e4ce1-53ba-4d5d-9dee-5b6f836d663b	49bbca403119fbcaf15d1a174c1fa0ef541a5e4b	1877	3	13789	22.0508	13789.2	21.9276	7219	32.4795	unclassified	chr10	43714730	43721941	0	7212	+	7217	7206	7204	6	5	2	60	0.99903	0.999722	0.998199	0
PBC68292_skip_a8343fc7_49bbca40_19.pod5	5a9cb424-1aa6-42b3-883e-497013f99447	49bbca403119fbcaf15d1a174c1fa0ef541a5e4b	808	4	13765.7	44.8436	13766	44.5116	16994	26.2979	unclassified	chr4	83194570	83211573	9	16994	-	17015	16973	16900	12	30	73	60	0.99947	0.995699	0.993241	0
PBC68292_skip_a8343fc7_49bbca40_19.pod5	18a68767-9909-4915-a351-e083688e2065	49bbca403119fbcaf15d1a174c1fa0ef541a5e4b	660	3	13792.2	18.656	13792.3	18.54	7691	28.1887	unclassified	chr4	159274342	159282024	0	7687	+	7698	7671	7657	16	11	14	60	0.99948	0.998175	0.994674	0
PBC68292_skip_a8343fc7_49bbca40_19.pod5	78d55f07-22a2-4a11-a51c-60a929f8e2b4	49bbca403119fbcaf15d1a174c1fa0ef541a5e4b	1079	2	13786.2	25.208	13786.3	25.0944	10266	23.1726	unclassified	chr5	40879376	40889624	0	10257	+	10278	10227	10150	30	21	77	60	0.999123	0.992471	0.987546	0
PBC68292_skip_a8343fc7_49bbca40_19.pod5	7a45570b-3fa2-421b-831a-dba80f43733c	49bbca403119fbcaf15d1a174c1fa0ef541a5e4b	1601	1	13722.4	85.5956	13722.7	85.3548	37982	32.8972	unclassified	chrY	10750256	10758369	2	7616	+	8476	7251	5998	363	862	1253	10	0.200463	0.827196	0.707645	0
PBC68292_skip_a8343fc7_49bbca40_19.pod5	ffc06a5c-2ba2-4c01-a39b-dfc1ff35b445	49bbca403119fbcaf15d1a174c1fa0ef541a5e4b	1124	4	13803.5	7.8528	13803.5	7.8508	3774	8.64814	unclassified	chr21	39041112	39044954	38	3771	+	3967	3608	3358	125	234	250	60	0.989136	0.93071	0.846483	0
PBC68292_skip_a8343fc7_49bbca40_19.pod5	fc227b6c-f0a7-46ba-80b1-827ffda0d313	49bbca403119fbcaf15d1a174c1fa0ef541a5e4b	692	3	13725.1	85.5188	13725.3	85.338	19408	24.7039	unclassified	chr11	64784595	64802547	0	17963	+	17974	17941	17932	22	11	9	60	0.925546	0.999498	0.997663	0
PBC68292_skip_a8343fc7_49bbca40_19.pod5	f80fb924-3c08-4f95-94f9-528bd6c51058	49bbca403119fbcaf15d1a174c1fa0ef541a5e4b	1032	2	13796.3	15.0908	13796.4	14.9436	5670	10.7368	unclassified	chr20	38594636	38600432	0	5660	+	5885	5571	5295	89	225	276	60	0.998236	0.950458	0.899745	0
PBC68292_skip_a8343fc7_49bbca40_19.pod5	aa9dddd0-cab3-4cc4-a7d9-72d15df7e5dd	49bbca403119fbcaf15d1a174c1fa0ef541a5e4b	86	1	13766.2	44.0396	13766.3	43.938	17645	30.6493	unclassified	chr13	17041899	17059544	8	17645	-	17654	17628	17206	9	17	422	1	0.999547	0.976061	0.974623	0
PBC68292_skip_a8343fc7_49bbca40_19.pod5	9987a1f0-b3f3-411d-822c-c151e5f892b6	49bbca403119fbcaf15d1a174c1fa0ef541a5e4b	322	1	13718.1	92.5688	13718.3	92.34	31494	13.3211	unclassified	chr13	71703916	71735208	0	31488	+	32164	30616	29900	872	676	716	60	0.99981	0.976614	0.929611	0
PBC68292_skip_a8343fc7_49bbca40_19.pod5	b8d9adb5-61fe-49d5-8bbb-6b37eff6fcb7	49bbca403119fbcaf15d1a174c1fa0ef541a5e4b	2694	3	13777	33.5466	13777	33.5446	13136	29.6825	unclassified	chrX	78595704	78608804	6	13101	-	13115	13080	13074	15	20	6	60	0.996879	0.999541	0.996874	0
PBC68292_skip_a8343fc7_49bbca40_19.pod5	2ff2c4cd-99d2-4762-ab9d-4bbcb1e93800	49bbca403119fbcaf15d1a174c1fa0ef541a5e4b	2049	1	13802.8	8.3456	13803	8.1816	4292	27.9952	unclassified	chr7	123060021	123064309	5	4292	-	4293	4282	4272	5	6	10	60	0.998835	0.997665	0.995108	0
PBC68292_skip_a8343fc7_49bbca40_19.pod5	47d0f339-122b-40c8-8bcf-c70a145a0afe	49bbca403119fbcaf15d1a174c1fa0ef541a5e4b	295	3	13722.4	88.31	13722.6	88.1772	27802	28.335	unclassified	chr16	19694194	19721987	5	27802	-	27821	27769	27756	28	24	13	60	0.99982	0.999532	0.997664	0
PBC68292_skip_a8343fc7_49bbca40_19.pod5	de039479-2cb1-4782-b502-fbe9046e675a	49bbca403119fbcaf15d1a174c1fa0ef541a5e4b	2455	1	13787.8	23.1668	13787.9	23.0676	12621	22.0638	unclassified	chr15	90282898	90295528	0	12614	+	12662	12582	12535	32	48	47	60	0.999445	0.996265	0.98997	0
PBC68292_skip_a8343fc7_49bbca40_19.pod5	3e4a49a7-9992-4360-9518-bc8bf986481e	49bbca403119fbcaf15d1a174c1fa0ef541a5e4b	352	3	13702.3	106.934	13702.4	106.831	43887	27.3455	unclassified	chrX	49902034	49945932	9	43887	-	43940	43836	43778	42	62	58	60	0.999795	0.998677	0.996313	0
PBC68292_skip_a8343fc7_49bbca40_19.pod5	b626ff61-126f-4eec-8e3c-9edf2ceecd73	49bbca403119fbcaf15d1a174c1fa0ef541a5e4b	2130	3	13801.6	9.3024	13801.6	9.3004	2206	2.57018	unclassified	*	-1	-1	-1	-1	*	0	0	0	0	0	0	0	0	0	0	0
PBC68292_skip_a8343fc7_49bbca40_19.pod5	8a5552d0-6ace-424a-990c-2b5f28d2f914	49bbca403119fbcaf15d1a174c1fa0ef541a5e4b	1354	2	13803.4	8.2244	13803.5	8.082	3189	31.3859	unclassified	chr7	18699126	18702310	0	3184	+	3185	3183	3181	1	1	2	60	0.998432	0.999372	0.998744	0
PBC68292_skip_a8343fc7_49bbca40_19.pod5	115512a8-f7dc-4f5f-81f2-337c95c239b4	49bbca403119fbcaf15d1a174c1fa0ef541a5e4b	1234	4	13796.4	14.888	13796.6	14.724	5736	34.5542	unclassified	chrX	77027874	77033601	0	5731	+	5731	5727	5726	4	0	1	60	0.999128	0.999825	0.999128	0
PBC68292_skip_a8343fc7_49bbca40_19.pod5	2cc290aa-60db-4169-8ff3-06fe59d2584f	49bbca403119fbcaf15d1a174c1fa0ef541a5e4b	1414	3	13772.6	38.3108	13772.8	38.202	14797	30.5893	unclassified	chr13	33687372	33702136	0	14791	+	14799	14756	14713	35	8	43	60	0.999595	0.997086	0.994189	0
PBC68292_skip_a8343fc7_49bbca40_19.pod5	c479c0b9-2112-4a89-a253-ac92ef403dbb	49bbca403119fbcaf15d1a174c1fa0ef541a5e4b	1205	2	13769.2	41.2314	13769.2	41.2294	12363	11.9142	unclassified	chr1	108001343	108013696	39	12359	+	12639	12034	11666	286	319	368	60	0.996522	0.96942	0.923016	0
PBC68292_skip_a8343fc7_49bbca40_19.pod5	e1b67f9a-2119-45c5-a983-574fe3305534	49bbca403119fbcaf15d1a174c1fa0ef541a5e4b	1949	4	13780.8	30.2096	13780.9	30.1008	11615	23.5681	unclassified	chrX	29750384	29761993	0	11607	+	11624	11592	11568	15	17	24	60	0.999311	0.99793	0.995182	0
PBC68292_skip_a8343fc7_49bbca40_19.pod5	09497ade-8682-40e6-b0cd-a7073c890fdf	49bbca403119fbcaf15d1a174c1fa0ef541a5e4b	550	4	13767.7	43.2042	13767.7	43.2022	17243	29.499	unclassified	chr11	113876273	113893479	33	17237	+	17227	17183	17174	21	23	9	60	0.997738	0.999476	0.996923	0
PBC68292_skip_a8343fc7_49bbca40_19.pod5	4392cb45-7b6f-476b-a81d-4bde288bc7c0	49bbca403119fbcaf15d1a174c1fa0ef541a5e4b	2069	1	13804.4	7.2056	13804.5	7.0776	2672	38.2674	unclassified	chr8	29201366	29204029	7	2672	-	2665	2663	2661	2	0	2	60	0.99738	0.999249	0.998499	0
PBC68292_skip_a8343fc7_49bbca40_19.pod5	8bc5fb57-b142-40ee-8db8-8bdcd45016f7	49bbca403119fbcaf15d1a174c1fa0ef541a5e4b	977	1	13806.5	4.9724	13806.6	4.878	2119	34.1278	unclassified	chr2	154794790	154796899	0	2111	+	2111	2109	2108	2	0	1	60	0.996225	0.999526	0.998579	0
PBC68292_skip_a8343fc7_49bbca40_19.pod5	4b5f5ec7-f5da-4aad-9b79-4dd48e58617c	49bbca403119fbcaf15d1a174c1fa0ef541a5e4b	2326	3	13783.2	27.6788	13783.3	27.582	10680	30.1194	unclassified	chr4	64008868	64019534	0	10673	+	10677	10662	10636	11	4	26	60	0.999345	0.997561	0.99616	0
PBC68292_skip_a8343fc7_49bbca40_19.pod5	fe36bdb3-c9cb-423c-8a6a-6a4d3ec4f43c	49bbca403119fbcaf15d1a174c1fa0ef541a5e4b	2845	2	13791.1	19.856	13791.2	19.7376	8078	23.3735	unclassified	chr2	131152752	131160811	0	8069	+	8082	8046	8031	23	13	15	60	0.998886	0.998136	0.99369	0
PBC68292_skip_a8343fc7_49bbca40_19.pod5	2936071f-d1c1-4ec2-b6ac-8375ec34b266	49bbca403119fbcaf15d1a174c1fa0ef541a5e4b	1611	1	13734.6	76.0844	13734.7	75.9852	31211	28.9018	unclassified	chr3	109110351	109141535	0	31204	+	31243	31145	31105	59	39	40	60	0.999776	0.998716	0.995583	0
PBC68292_skip_a8343fc7_49bbca40_19.pod5	d6eccb57-77b9-46c6-bffc-2cfafc8931f6	49bbca403119fbcaf15d1a174c1fa0ef541a5e4b	613	4	13796.5	15.1628	13796.6	15.0276	6093	26.5611	unclassified	chr8	110851104	110857196	7	6093	-	6098	6080	6064	6	12	16	60	0.998851	0.997368	0.994424	0
PBC68292_skip_a8343fc7_49bbca40_19.pod5	241f5675-3905-460b-8f2b-0834ab18fed2	49bbca403119fbcaf15d1a174c1fa0ef541a5e4b	2201	3	13795.7	15.914	13795.8	15.8268	6946	26.8655	unclassified	chr7	131447429	131454374	6	6946	-	6947	6938	6932	2	7	6	60	0.999136	0.999135	0.997841	0
PBC68292_skip_a8343fc7_49bbca40_19.pod5	cc5b5ddb-2ce6-42d9-b954-5eee43a79a5e	49bbca403119fbcaf15d1a174c1fa0ef541a5e4b	403	2	13799.9	12.068	13800	11.9208	4166	32.2394	unclassified	chr2	109741332	109745500	5	4166	-	4170	4159	4153	2	9	6	60	0.9988	0.998557	0.995923	0
PBC68292_skip_a8343fc7_49bbca40_19.pod5	616ab543-b803-4f83-8412-33a78b50bfa9	49bbca403119fbcaf15d1a174c1fa0ef541a5e4b	2418	1	13778.3	32.7358	13778.3	32.7338	12038	8.51896	unclassified	chr2	72247392	72259764	11	11995	-	12759	11597	10506	387	775	1091	60	0.995514	0.905924	0.823419	0
PBC68292_skip_a8343fc7_49bbca40_19.pod5	4d8e5650-2f2f-43eb-9f9e-47e20e30083d	49bbca403119fbcaf15d1a174c1fa0ef541a5e4b	408	2	13797.2	14.036	13797.4	13.9008	6196	29.9559	unclassified	chr3	78113151	78119346	0	6189	+	6196	6188	6188	1	7	0	60	0.99887	1	0.998709	0
PBC68292_skip_a8343fc7_49bbca40_19.pod5	aa8649bb-5e96-488b-ab89-5351b0211f84	49bbca403119fbcaf15d1a174c1fa0ef541a5e4b	1190	1	13762.5	48.7808	13762.6	48.684	24035	22.204	unclassified	chr9	7345806	7369883	0	24035	-	24122	23990	23925	45	87	65	60	1	0.997291	0.991833	0
PBC68292_skip_a8343fc7_49bbca40_19.pod5	c9fb6fd8-66ee-4c6e-a2a5-056a4b0541c3	49bbca403119fbcaf15d1a174c1fa0ef541a5e4b	383	1	13780.4	31.394	13780.5	31.3236	12093	29.7229	unclassified	chr10	10817891	10829992	6	12093	-	12108	12080	12057	7	21	23	60	0.999504	0.998096	0.995788	0
PBC68292_skip_a8343fc7_49bbca40_19.pod5	52b6e51f-d0e6-483d-a75a-f67386133f6e	49bbca403119fbcaf15d1a174c1fa0ef541a5e4b	2464	4	13776.9	34.0352	13777.2	33.7536	13065	25.6637	unclassified	chr13	21006373	21019629	7	13065	-	13272	13042	13011	16	214	31	60	0.999464	0.997623	0.980335	0
PBC68292_skip_a8343fc7_49bbca40_19.pod5	259c204e-ff67-47d6-88ac-5e2267c14282	49bbca403119fbcaf15d1a174c1fa0ef541a5e4b	572	1	13796.7	14.6744	13796.9	14.562	5221	28.96	unclassified	chr8	119622946	119628165	7	5221	-	5224	5209	5202	5	10	7	60	0.998659	0.998656	0.995789	0
PBC68292_skip_a8343fc7_49bbca40_19.pod5	390e163d-89d2-415c-a2dd-5cc0dcdce160	49bbca403119fbcaf15d1a174c1fa0ef541a5e4b	671	1	13798.8	13.1312	13798.9	13.0344	5103	26.819	unclassified	chr4	83032640	83037752	0	5094	+	5130	5076	5065	18	36	11	60	0.998236	0.997833	0.987329	0
PBC68292_skip_a8343fc7_49bbca40_19.pod5	811fd370-f730-437f-b748-2ad9de78e117	49bbca403119fbcaf15d1a174c1fa0ef541a5e4b	37	2	13760.8	7.3368	13760.9	7.1988	3474	25.111	unclassified	chr4	88372058	88375517	10	3474	-	3466	3457	3451	7	2	6	60	0.997121	0.998264	0.995672	0
PBC68292_skip_a8343fc7_49bbca40_19.pod5	261e3186-2430-45c3-93f4-36b4e499ff8e	49bbca403119fbcaf15d1a174c1fa0ef541a5e4b	1173	1	13801.5	10.4288	13801.7	10.3104	2876	22.6528	unclassified	chr2	110174596	110177467	0	2870	+	2876	2865	2856	5	6	9	60	0.997914	0.996859	0.993046	0
PBC68292_skip_a8343fc7_49bbca40_19.pod5	68718b76-d0dd-4fbf-b5b8-9d69dd6516cf	49bbca403119fbcaf15d1a174c1fa0ef541a5e4b	541	3	13804.3	7.438	13804.3	7.436	2852	23.8166	unclassified	chrX	59244785	59247610	9	2831	-	2827	2820	2790	2	5	30	1	0.989481	0.989362	0.986912	0
PBC68292_skip_a8343fc7_49bbca40_19.pod5	15b6a569-8d2c-46e7-b749-dbbf12d0c02d	49bbca403119fbcaf15d1a174c1fa0ef541a5e4b	189	1	13802.2	10.0364	13802.4	9.8628	3795	30.7723	unclassified	chr11	45958005	45961782	5	3795	-	3795	3772	3768	18	5	4	60	0.998682	0.99894	0.992885	0
PBC68292_skip_a8343fc7_49bbca40_19.pod5	d7c499d3-a1c1-4bf2-8853-ab4e16247d08	49bbca403119fbcaf15d1a174c1fa0ef541a5e4b	1437	4	13796.1	15.7736	13796.2	15.636	6343	29.1369	unclassified	chr6	22042844	22049188	0	6338	+	6348	6334	6329	4	10	5	60	0.999212	0.999211	0.997007	0
PBC68292_skip_a8343fc7_49bbca40_19.pod5	55f3bd5a-5ec8-4e2a-a110-8079dd64a3cd	49bbca403119fbcaf15d1a174c1fa0ef541a5e4b	533	1	13805.8	6.356	13805.9	6.204	2565	28.4117	unclassified	chrX	141874474	141877044	0	2565	-	2571	2564	2559	1	6	5	60	1	0.99805	0.995333	0
PBC68292_skip_a8343fc7_49bbca40_19.pod5	62d95b28-1911-417b-ab46-b7c85a3a486a	49bbca403119fbcaf15d1a174c1fa0ef541a5e4b	1714	1	13780.6	30.9272	13780.8	30.744	12210	25.6136	unclassified	chr4	83604476	83616707	0	12204	+	12255	12180	12113	24	51	67	60	0.999509	0.994499	0.988413	0
PBC68292_skip_a8343fc7_49bbca40_19.pod5	48fb3d34-820a-4a9d-b68c-4157cc1d7e9d	49bbca403119fbcaf15d1a174c1fa0ef541a5e4b	447	2	13800.4	11.6336	13800.4	11.6316	5271	23.5745	unclassified	chrX	9709573	9714801	28	5266	+	5245	5221	5212	17	7	9	60	0.993739	0.998276	0.993708	0
PBC68292_skip_a8343fc7_49bbca40_19.pod5	e33fee79-b63a-4043-bb59-c2d7f85310c8	49bbca403119fbcaf15d1a174c1fa0ef541a5e4b	2784	1	13774	37.0328	13774.2	36.8424	14999	29.0034	unclassified	chr3	108610080	108625076	8	14999	-	15005	14982	14969	9	14	13	60	0.999467	0.999132	0.997601	0
PBC68292_skip_a8343fc7_49bbca40_19.pod5	567a22f1-4507-418a-93f5-5ce99bb77f62	49bbca403119fbcaf15d1a174c1fa0ef541a5e4b	2064	1	13798.2	13.6944	13798.2	13.6924	5394	23.0842	unclassified	chr1	9795963	9800450	834	5364	-	4589	4428	4306	102	59	122	60	0.839822	0.972448	0.938331	0
PBC68292_skip_a8343fc7_49bbca40_19.pod5	de0441c3-5eeb-476a-a661-0fa0f39c55f4	49bbca403119fbcaf15d1a174c1fa0ef541a5e4b	247	1	13770.4	40.8272	13770.5	40.7136	15972	32.8611	unclassified	chr18	15827300	15839033	4576	15965	+	12083	11039	10618	350	694	421	1	0.71306	0.961863	0.878755	0
PBC68292_skip_a8343fc7_49bbca40_19.pod5	b976215f-be9a-4d6a-92de-52f36861b175	49bbca403119fbcaf15d1a174c1fa0ef541a5e4b	2824	4	13780.8	29.9648	13780.9	29.8464	11388	21.0437	unclassified	chr8	6969285	6980739	0	11388	-	11485	11357	11251	31	97	106	60	1	0.990667	0.979626	0
PBC68292_skip_a8343fc7_49bbca40_19.pod5	d24c4be7-dba5-4059-9053-6961161137ab	49bbca403119fbcaf15d1a174c1fa0ef541a5e4b	1014	3	13794.9	17.2986	13794.9	17.2966	7064	23.2734	unclassified	chr3	95602359	95609384	32	7057	+	7033	7017	6999	8	8	18	60	0.994479	0.997435	0.995166	0
PBC68292_skip_a8343fc7_49bbca40_19.pod5	c7fbfa5a-03dc-4602-abb2-dca8be9c8787	49bbca403119fbcaf15d1a174c1fa0ef541a5e4b	1178	4	13790.8	21.4472	13791	21.2808	8171	26.2189	unclassified	chr12	57881377	57889544	4	8171	-	8182	8152	8138	15	15	14	60	0.99951	0.998283	0.994622	0
PBC68292_skip_a8343fc7_49bbca40_19.pod5	271c6ac5-4d26-4faf-8e90-4926a78856f1	49bbca403119fbcaf15d1a174c1fa0ef541a5e4b	945	1	13798.4	13.5368	13798.4	13.5348	4761	15.313	unclassified	chr18	21839266	21844010	0	4726	-	4790	4680	4604	46	64	76	60	0.992649	0.983761	0.961169	0
PBC68292_skip_a8343fc7_49bbca40_19.pod5	ca7f8d36-c958-4a93-820d-21d2ce5ff2f1	49bbca403119fbcaf15d1a174c1fa0ef541a5e4b	1049	1	13779	32.2376	13779.1	32.1576	12433	22.6698	unclassified	chr14	92676287	92688719	6	12433	-	12476	12383	12308	44	49	75	60	0.999517	0.993943	0.986534	0
PBC68292_skip_a8343fc7_49bbca40_19.pod5	0d8e0935-3043-40dd-81a1-e7a36806f175	49bbca403119fbcaf15d1a174c1fa0ef541a5e4b	1068	2	13788.8	23.3528	13789	23.208	9584	23.2253	unclassified	chr11	81810405	81819965	0	9578	+	9601	9537	9492	41	23	45	60	0.999374	0.995282	0.988647	0
PBC68292_skip_a8343fc7_49bbca40_19.pod5	3fd78574-dcb8-49a2-83f2-bb4d01a51c60	49bbca403119fbcaf15d1a174c1fa0ef541a5e4b	2543	1	13803.9	7.5896	13804	7.4808	3384	32.6218	unclassified	chr4	49151745	49155251	23	3374	+	3662	3195	2752	156	311	443	1	0.990248	0.861346	0.751502	0
PBC68292_skip_a8343fc7_49bbca40_19.pod5	2e752d22-ad8f-453e-ae64-70b1b31644be	49bbca403119fbcaf15d1a174c1fa0ef541a5e4b	2348	1	13805.1	7.1696	13805.2	7.0392	2852	19.3239	unclassified	chr12	66317282	66320130	0	2852	-	2860	2840	2826	12	8	14	60	1	0.99507	0.988112	0
PBC68292_skip_a8343fc7_49bbca40_19.pod5	7834d272-ac9c-4fbf-97b0-0062ead05ad1	49bbca403119fbcaf15d1a174c1fa0ef541a5e4b	1550	4	13760.4	51.0146	13760.4	51.0126	20595	22.7175	unclassified	chr6	97706818	97727384	30	20585	+	20609	20512	20466	43	54	46	60	0.998058	0.997757	0.993061	0
PBC68292_skip_a8343fc7_49bbca40_19.pod5	d57bd805-7336-435e-95be-46aa0b869b2c	49bbca403119fbcaf15d1a174c1fa0ef541a5e4b	1273	1	13790.9	21.2012	13791.2	20.9556	7640	24.2442	unclassified	chr2	196694616	196702240	0	7633	+	7643	7614	7586	19	10	28	60	0.999084	0.996323	0.992542	0
PBC68292_skip_a8343fc7_49bbca40_19.pod5	9f3cdef9-c30c-4a40-b0e7-8fcec7f6a1d3	49bbca403119fbcaf15d1a174c1fa0ef541a5e4b	2805	1	13790.3	21.128	13790.4	20.9976	8434	29.0867	unclassified	chr14	59637443	59645871	6	8434	-	8430	8426	8408	2	2	18	60	0.999289	0.997864	0.99739	0
PBC68292_skip_a8343fc7_49bbca40_19.pod5	00300692-9168-49d1-bfa8-0c4389c00515	49bbca403119fbcaf15d1a174c1fa0ef541a5e4b	2861	1	13805.9	6.3776	13806	6.2592	2661	25.4827	unclassified	chr3	99644443	99647098	6	2661	-	2661	2649	2646	6	6	3	60	0.997745	0.998868	0.994363	0
PBC68292_skip_a8343fc7_49bbca40_19.pod5	f40ff79e-f4e8-4a6b-a9b5-3595be36e4b0	49bbca403119fbcaf15d1a174c1fa0ef541a5e4b	266	3	13805.9	6.3932	13806.1	6.2628	2421	35.2669	unclassified	chr12	51037636	51040047	0	2412	+	2412	2411	2406	1	0	5	60	0.996283	0.997926	0.997512	0
PBC68292_skip_a8343fc7_49bbca40_19.pod5	6bf8d52c-b01d-4868-867e-fd96cb597a4c	49bbca403119fbcaf15d1a174c1fa0ef541a5e4b	2878	1	13799.1	12.8986	13799.1	12.8966	2609	5.33541	unclassified	*	-1	-1	-1	-1	*	0	0	0	0	0	0	0	0	0	0	0
PBC68292_skip_a8343fc7_49bbca40_19.pod5	c262c417-e876-4168-a8da-82b06158edec	49bbca403119fbcaf15d1a174c1fa0ef541a5e4b	37	2	13768.1	43.4808	13768.2	43.3452	17450	31.1341	unclassified	chr10	91730753	91748022	0	17443	+	17458	17254	17227	189	15	27	60	0.999599	0.998435	0.986768	0
PBC68292_skip_a8343fc7_49bbca40_19.pod5	aa0e1db4-6979-4a4c-8d57-da69404b4f98	49bbca403119fbcaf15d1a174c1fa0ef541a5e4b	2649	3	13804.3	7.8104	13804.4	7.6752	2987	24.6191	unclassified	chr8	11073265	11076253	0	2978	+	2991	2975	2970	3	13	5	60	0.996987	0.998319	0.992979	0
PBC68292_skip_a8343fc7_49bbca40_19.pod5	021fcc79-1215-4ad7-ab06-ff5170f567a4	49bbca403119fbcaf15d1a174c1fa0ef541a5e4b	29	4	13799.6	12.992	13799.7	12.8496	5657	22.5833	unclassified	chr3	155732331	155737969	0	5641	+	5655	5624	5606	17	14	18	60	0.997172	0.996799	0.991335	0
PBC68292_skip_a8343fc7_49bbca40_19.pod5	d5e7672b-e636-4ae0-b1bb-7d226acda22b	49bbca403119fbcaf15d1a174c1fa0ef541a5e4b	2635	3	13786.9	25.0364	13787.1	24.9108	9886	30.9799	unclassified	chr1	7163127	7173001	0	9877	+	9879	9872	9868	5	2	4	60	0.99909	0.999595	0.998887	0
PBC68292_skip_a8343fc7_49bbca40_19.pod5	4e5c6301-5436-477f-8439-3f8d47d7e99b	49bbca403119fbcaf15d1a174c1fa0ef541a5e4b	1123	1	13698.3	112.16	13698.4	112.044	48250	11.1112	unclassified	chr22	18893218	18896565	1429	4909	-	3689	3138	2717	342	209	421	20	0.0721244	0.865838	0.736514	0
PBC68292_skip_a8343fc7_49bbca40_19.pod5	3d007574-dfa5-41ad-9af0-7980706847e1	49bbca403119fbcaf15d1a174c1fa0ef541a5e4b	2560	3	13790.2	21.4324	13790.2	21.4304	10061	36.7983	unclassified	chr4	49115206	49125570	0	10044	+	10880	9528	8245	516	836	1283	5	0.99831	0.865344	0.757812	0
PBC68292_skip_a8343fc7_49bbca40_19.pod5	a3931bdd-5da8-495b-adcf-5766608ae92d	49bbca403119fbcaf15d1a174c1fa0ef541a5e4b	778	4	13694.8	115.953	13695	115.825	38364	28.4763	unclassified	chr14	51852167	51890536	6	38364	-	38399	38328	38278	30	41	50	60	0.999844	0.998695	0.996849	0
PBC68292_skip_a8343fc7_49bbca40_19.pod5	94605475-a7a9-4513-989f-2323df9b4458	49bbca403119fbcaf15d1a174c1fa0ef541a5e4b	887	1	13764	47.6372	13764.2	47.4972	18634	28.5303	unclassified	chr5	119251688	119270304	7	18634	-	18644	18599	18562	28	17	37	60	0.999624	0.998011	0.995602	0
PBC68292_skip_a8343fc7_49bbca40_19.pod5	42bc148c-67a2-4ad9-9844-19df12548863	49bbca403119fbcaf15d1a174c1fa0ef541a5e4b	2804	2	13803.9	8.1692	13804.1	7.9884	2146	29.297	unclassified	chr7	13546639	13548780	0	2140	+	2141	2140	2138	0	1	2	60	0.997204	0.999065	0.998599	0
PBC68292_skip_a8343fc7_49bbca40_19.pod5	45723241-74a5-4cec-b6c4-0116358cd19d	49bbca403119fbcaf15d1a174c1fa0ef541a5e4b	1786	4	13770.5	41.204	13770.6	41.0424	16872	27.0707	unclassified	chr1	113025401	113042279	6	16872	-	16910	16834	16778	32	44	56	60	0.999644	0.996673	0.992194	0
PBC68292_skip_a8343fc7_49bbca40_19.pod5	4c21d764-03aa-4110-8e37-ef05f1b57ac0	49bbca403119fbcaf15d1a174c1fa0ef541a5e4b	786	2	13783.3	29.0732	13783.5	28.8972	11007	27.3086	unclassified	chr3	65286619	65296265	1357	11007	-	9659	9637	9622	13	9	15	60	0.876715	0.998443	0.996169	0
PBC68292_skip_a8343fc7_49bbca40_19.pod5	63d2913c-6381-4788-b328-a458295fd39b	49bbca403119fbcaf15d1a174c1fa0ef541a5e4b	2606	4	13801.3	11.0012	13801.4	10.842	3679	32.5748	unclassified	chr16	46387156	46391062	6	3663	-	3923	3640	3565	17	266	75	60	0.99402	0.979396	0.908743	0
PBC68292_skip_a8343fc7_49bbca40_19.pod5	53e90db0-199c-4a8c-b999-1dc474317eed	49bbca403119fbcaf15d1a174c1fa0ef541a5e4b	361	3	13785.8	26.256	13785.8	26.254	11298	22.454	unclassified	chr6	83807507	83818794	39	11291	+	11303	11236	11185	16	51	51	60	0.995928	0.995461	0.98956	0
PBC68292_skip_a8343fc7_49bbca40_19.pod5	bb379c28-369e-4fef-a909-b8d6c37143f3	49bbca403119fbcaf15d1a174c1fa0ef541a5e4b	1973	2	13747.6	63.9296	13747.7	63.816	22669	26.1469	unclassified	chr8	7355592	7378312	4	22669	-	22760	22625	22443	40	95	182	60	0.999824	0.991956	0.986072	0
PBC68292_skip_a8343fc7_49bbca40_19.pod5	bb91d9fe-571b-4c09-8aa5-7a1563885f08	49bbca403119fbcaf15d1a174c1fa0ef541a5e4b	1561	1	13779	31.3928	13779	31.3908	12905	29.3171	unclassified	chr2	148663504	148676375	34	12898	+	12880	12855	12849	9	16	6	60	0.996823	0.999533	0.997593	0
PBC68292_skip_a8343fc7_49bbca40_19.pod5	7dbe4cf4-cdf9-4076-ba6b-3aaf98d934f7	49bbca403119fbcaf15d1a174c1fa0ef541a5e4b	404	2	13758.3	53.6978	13758.3	53.6958	22370	25.976	unclassified	chr1	73745133	73767455	7	22335	-	22352	22298	22267	30	24	31	60	0.998123	0.99861	0.996197	0
PBC68292_skip_a8343fc7_49bbca40_19.pod5	40ef643d-9f28-4cd0-8275-a0243c64a16c	49bbca403119fbcaf15d1a174c1fa0ef541a5e4b	907	4	13796.4	13.9414	13796.4	13.9394	5630	27.6566	unclassified	chr6	28551527	28557120	9	5598	-	5600	5582	5577	7	11	5	60	0.992718	0.999104	0.995893	0
PBC68292_skip_a8343fc7_49bbca40_19.pod5	a13f8a25-c8a2-460a-8196-87db727b8d8c	49bbca403119fbcaf15d1a174c1fa0ef541a5e4b	546	2	13789.9	22.544	13790	22.4112	8844	17.7011	unclassified	chr20	58094670	58103542	0	8838	+	8918	8792	8722	46	80	70	60	0.999322	0.992038	0.978022	0
PBC68292_skip_a8343fc7_49bbca40_19.pod5	3b78c14c-45f1-4afb-8a70-12ed3da7c699	49bbca403119fbcaf15d1a174c1fa0ef541a5e4b	18	3	13759.8	52.1288	13759.9	52.0224	21427	25.9033	unclassified	chr7	44299267	44320680	6	21427	-	21452	21382	21348	39	31	34	60	0.99972	0.99841	0.995152	0
PBC68292_skip_a8343fc7_49bbca40_19.pod5	ff6a81f4-f551-4492-9924-81d8dee16477	49bbca403119fbcaf15d1a174c1fa0ef541a5e4b	1512	3	13805.2	7.3352	13805.3	7.2408	3098	24.4562	unclassified	chr2	24768283	24771368	9	3098	-	3093	3081	3074	8	4	7	60	0.997095	0.997728	0.993857	0
PBC68292_skip_a8343fc7_49bbca40_19.pod5	6d86401a-0b91-4de9-905d-cb308ec9c910	49bbca403119fbcaf15d1a174c1fa0ef541a5e4b	940	3	13780.5	32.0612	13780.6	31.9188	11095	26.8341	unclassified	chr9	118298804	118309905	11	11095	-	11114	11071	11045	13	30	26	60	0.999009	0.997652	0.993792	0
PBC68292_skip_a8343fc7_49bbca40_19.pod5	cf02f1e2-e15c-4ff3-9ead-cb04debb74bb	49bbca403119fbcaf15d1a174c1fa0ef541a5e4b	2142	3	13803.7	8.7118	13803.7	8.7098	1636	3.20517	unclassified	*	-1	-1	-1	-1	*	0	0	0	0	0	0	0	0	0	0	0
PBC68292_skip_a8343fc7_49bbca40_19.pod5	105b6106-dd07-4365-9bee-05a1506238ea	49bbca403119fbcaf15d1a174c1fa0ef541a5e4b	1227	4	13804.4	8	13804.6	7.8648	3033	36.2288	unclassified	chr6	147989842	147992868	6	3033	-	3029	3024	3019	3	2	5	60	0.998022	0.998347	0.996699	0
PBC68292_skip_a8343fc7_49bbca40_19.pod5	33be68dc-6bc2-4221-bda8-e89110c8c12b	49bbca403119fbcaf15d1a174c1fa0ef541a5e4b	1817	3	13776.2	35.5712	13776.2	35.5692	15798	26.2676	unclassified	chr8	110717688	110733452	26	15792	+	15798	15732	15720	34	32	12	60	0.997974	0.999237	0.995063	0
PBC68292_skip_a8343fc7_49bbca40_19.pod5	20e72ac1-8ef9-4534-b204-6688e739f0da	49bbca403119fbcaf15d1a174c1fa0ef541a5e4b	712	4	13782.4	30.1724	13782.5	30.0588	16983	24.8065	unclassified	chr18	38768924	38785894	7	16983	-	16994	16952	16919	24	18	33	60	0.999588	0.998053	0.995587	0
PBC68292_skip_a8343fc7_49bbca40_19.pod5	2e33311a-4312-4cfb-90f5-3d9bfdce43ae	49bbca403119fbcaf15d1a174c1fa0ef541a5e4b	2308	1	13760.8	50.9228	13760.9	50.8452	17777	28.3429	unclassified	chr10	67222850	67240663	0	17772	+	17844	17741	17694	31	72	47	60	0.999719	0.997351	0.991594	0
PBC68292_skip_a8343fc7_49bbca40_19.pod5	d9dfe553-d058-4b67-addc-cb8aab5d9e58	49bbca403119fbcaf15d1a174c1fa0ef541a5e4b	40	3	13763.5	48.578	13763.7	48.426	19224	29.6552	unclassified	chr4	76224403	76243622	6	19224	-	19239	19198	19159	20	21	39	60	0.999688	0.997969	0.995842	0
PBC68292_skip_a8343fc7_49bbca40_19.pod5	0509f579-b3c7-4296-88f1-1c80770611f8	49bbca403119fbcaf15d1a174c1fa0ef541a5e4b	2532	1	13741.3	70.58	13741.4	70.4784	25533	33.9853	unclassified	chr12	37859480	37885020	0	25526	+	25546	25520	25470	6	20	50	60	0.999726	0.998041	0.997025	0
PBC68292_skip_a8343fc7_49bbca40_19.pod5	77e2b680-875c-4a0f-82b5-ab10ef3001da	49bbca403119fbcaf15d1a174c1fa0ef541a5e4b	2293	1	13809.8	2.7644	13810	2.6076	970	41.0879	unclassified	chr10	35219416	35220379	7	970	-	963	963	963	0	0	0	60	0.992783	1	1	0
PBC68292_skip_a8343fc7_49bbca40_19.pod5	6d3620eb-372e-42da-b97e-d2648394abc6	49bbca403119fbcaf15d1a174c1fa0ef541a5e4b	1475	1	13757.9	52.4648	13758.1	52.356	18599	32.04	unclassified	chr11	21485903	21504504	0	18599	-	18617	18583	18561	16	18	22	60	1	0.998816	0.996992	0
PBC68292_skip_a8343fc7_49bbca40_19.pod5	6ade9736-d9d3-403b-a283-1558dd25632c	49bbca403119fbcaf15d1a174c1fa0ef541a5e4b	1272	3	13808	4.7036	13808.1	4.6032	1836	30.0288	unclassified	chr6	73514680	73516510	9	1835	-	1830	1826	1826	0	4	0	60	0.994553	1	0.997814	0
PBC68292_skip_a8343fc7_49bbca40_19.pod5	3410fbf6-8951-4632-aeac-a233ac550c6c	49bbca403119fbcaf15d1a174c1fa0ef541a5e4b	761	3	13795.2	16.4012	13795.3	16.2876	3214	9.77417	unclassified	chr2	135403875	135406751	0	3214	-	3224	2866	2831	348	10	35	60	1	0.987788	0.878102	0
PBC68292_skip_a8343fc7_49bbca40_19.pod5	75f2e845-0575-4164-80c5-c451ec64ee8c	49bbca403119fbcaf15d1a174c1fa0ef541a5e4b	326	3	13799.3	13.4192	13799.4	13.3056	5135	24.9421	unclassified	chr8	123793226	123798348	0	5128	+	5134	5116	5103	12	6	13	60	0.998637	0.997459	0.993962	0
PBC68292_skip_a8343fc7_49bbca40_19.pod5	0dd0040a-3b16-4fa6-947f-a3ed0535ee6f	49bbca403119fbcaf15d1a174c1fa0ef541a5e4b	1404	2	13776.5	35.5974	13776.5	35.5954	16304	23.2479	unclassified	chr9	112331218	112347501	9	16269	-	16347	16196	16132	64	87	64	60	0.997301	0.996048	0.986848	0
PBC68292_skip_a8343fc7_49bbca40_19.pod5	28a40c66-f0fc-4d2c-b5a4-6d76e734cf02	49bbca403119fbcaf15d1a174c1fa0ef541a5e4b	1961	4	13716.5	94.946	13716.6	94.8012	37297	29.7041	unclassified	chr10	57853013	57890360	9	37297	-	37375	37260	37221	28	87	39	60	0.999759	0.998953	0.99588	0
PBC68292_skip_a8343fc7_49bbca40_19.pod5	1e46c064-dbc9-4d4e-b279-2aa73329215b	49bbca403119fbcaf15d1a174c1fa0ef541a5e4b	2660	2	13802.1	10.3558	13802.1	10.3538	4885	13.8125	unclassified	chr12	71997742	72002595	34	4877	+	4933	4763	4638	80	90	125	60	0.991402	0.973756	0.940199	0
PBC68292_skip_a8343fc7_49bbca40_19.pod5	02f8f048-d4b9-42a0-8251-d09f8437bef9	49bbca403119fbcaf15d1a174c1fa0ef541a5e4b	2211	3	13802	10.6184	13802.2	10.4544	3940	29.6733	unclassified	chr18	32811875	32815808	6	3940	-	3938	3929	3929	5	4	0	60	0.998477	1	0.997715	0
PBC68292_skip_a8343fc7_49bbca40_19.pod5	7feafe5a-8523-4ef0-9586-58dff672ccbb	49bbca403119fbcaf15d1a174c1fa0ef541a5e4b	2447	4	13786.6	25.9772	13786.7	25.8444	10189	31.7041	unclassified	chr1	143834923	143845107	0	10182	+	10199	10167	10150	15	17	17	60	0.999313	0.998328	0.995196	0
PBC68292_skip_a8343fc7_49bbca40_19.pod5	00640132-2cec-4439-b0c7-294a799808f2	49bbca403119fbcaf15d1a174c1fa0ef541a5e4b	2851	1	13804.2	8.7102	13804.2	8.7082	2168	6.08499	unclassified	chr2	22908229	22909627	403	1798	-	1466	1327	1180	68	71	147	39	0.64345	0.889224	0.804911	0
PBC68292_skip_a8343fc7_49bbca40_19.pod5	33bdb07c-8d48-4a72-a3d8-3027b2c02d2d	49bbca403119fbcaf15d1a174c1fa0ef541a5e4b	2296	4	13799	13.6764	13799	13.6744	5097	28.2071	unclassified	chr1	227856161	227861207	41	5087	+	5048	5044	5037	2	2	7	60	0.989994	0.998612	0.997821	0
PBC68292_skip_a8343fc7_49bbca40_19.pod5	33748487-d923-43fc-8d1c-123549f7365f	49bbca403119fbcaf15d1a174c1fa0ef541a5e4b	2252	3	13800	12.4268	13800.1	12.342	6106	21.0048	unclassified	chr3	148213012	148219126	6	6106	-	6127	6087	6049	13	27	38	60	0.999017	0.993757	0.987269	0
PBC68292_skip_a8343fc7_49bbca40_19.pod5	11e1df15-e161-47b7-9a94-e3764192b528	49bbca403119fbcaf15d1a174c1fa0ef541a5e4b	300	2	13809.3	3.419	13809.3	3.417	1486	24.8566	unclassified	chr8	139349712	139351149	37	1474	+	1439	1435	1432	2	2	3	60	0.967026	0.997909	0.995135	0
PBC68292_skip_a8343fc7_49bbca40_19.pod5	dd4fb259-fce0-4589-bad2-01cde31b5ced	49bbca403119fbcaf15d1a174c1fa0ef541a5e4b	1544	3	13793.3	19.2896	13793.4	19.188	8052	32.9732	unclassified	chr1	67489902	67497937	7	8052	-	8049	8031	8016	14	4	15	60	0.999131	0.998132	0.9959	0
PBC68292_skip_a8343fc7_49bbca40_19.pod5	1bae90f5-e349-4afa-b860-856d175b4b90	49bbca403119fbcaf15d1a174c1fa0ef541a5e4b	308	3	13805.4	7.7372	13805.5	7.626	3234	28.3124	unclassified	chr11	74533363	74536588	0	3227	+	3228	3224	3223	3	1	1	60	0.997836	0.99969	0.998451	0
PBC68292_skip_a8343fc7_49bbca40_19.pod5	c3db4842-88ba-4d3c-8a0a-41272b917cd1	49bbca403119fbcaf15d1a174c1fa0ef541a5e4b	718	4	13771.2	40.9304	13771.3	40.8432	14862	27.3598	unclassified	chr3	33982729	33993121	4475	14862	-	10404	10375	10351	12	17	24	60	0.698897	0.997687	0.994906	0
PBC68292_skip_a8343fc7_49bbca40_19.pod5	29142ce1-a33a-4a28-9e4d-08a8422f1fde	49bbca403119fbcaf15d1a174c1fa0ef541a5e4b	120	1	13803.1	10.0832	13803.2	9.9696	4308	16.5198	unclassified	chr6	31399728	31404037	8	4308	-	4341	4268	4196	32	41	72	60	0.998143	0.98313	0.966598	0
PBC68292_skip_a8343fc7_49bbca40_19.pod5	73d6b34b-c52a-4809-89a6-48e6006512a9	49bbca403119fbcaf15d1a174c1fa0ef541a5e4b	379	1	13810.7	2.3982	13810.7	2.3962	671	24.8433	unclassified	chr4	125638487	125639147	11	671	-	660	660	659	0	0	1	60	0.983607	0.998485	0.998485	0
PBC68292_skip_a8343fc7_49bbca40_19.pod5	5af042ae-3873-489e-8ac4-09745cfccbb8	49bbca403119fbcaf15d1a174c1fa0ef541a5e4b	723	2	13806.3	6.7718	13806.3	6.7698	2558	26.5445	unclassified	chr1	52797853	52800366	30	2551	+	2522	2512	2506	9	1	6	60	0.985536	0.997611	0.993656	0
PBC68292_skip_a8343fc7_49bbca40_19.pod5	bab3f22b-e82f-4d9a-99b8-30d3f9047452	49bbca403119fbcaf15d1a174c1fa0ef541a5e4b	69	4	13785.2	27.524	13785.4	27.3312	10651	23.3105	unclassified	chr7	4053562	4064213	0	10646	+	10665	10632	10613	14	19	19	60	0.999531	0.998213	0.995124	0
PBC68292_skip_a8343fc7_49bbca40_19.pod5	f5956b0b-5ebb-46e2-a3d8-b56146df369c	49bbca403119fbcaf15d1a174c1fa0ef541a5e4b	453	3	13807	6.038	13807.1	5.9388	2766	23.9431	unclassified	chr2	64623311	64626096	7	2766	-	2786	2758	2750	1	27	8	60	0.997469	0.997099	0.987078	0
PBC68292_skip_a8343fc7_49bbca40_19.pod5	a54d55ca-ad20-4e88-b8bb-33301dbe9d35	49bbca403119fbcaf15d1a174c1fa0ef541a5e4b	2359	2	13796.7	16.2176	13796.8	16.0728	6354	30.9193	unclassified	chr13	87427789	87434137	7	6354	-	6351	6344	6343	3	4	1	60	0.998898	0.999842	0.99874	0
PBC68292_skip_a8343fc7_49bbca40_19.pod5	ff04c328-01fa-40ca-b06c-df61ceda7380	49bbca403119fbcaf15d1a174c1fa0ef541a5e4b	1204	2	13805.6	7.5656	13805.6	7.5636	2704	29.4402	unclassified	chr4	4110206	4112881	31	2698	+	2680	2662	2650	5	13	12	60	0.986317	0.995492	0.988806	0
PBC68292_skip_a8343fc7_49bbca40_19.pod5	0316fce7-c4b7-401c-951b-9974488b6c05	49bbca403119fbcaf15d1a174c1fa0ef541a5e4b	511	1	13710.8	100.971	13711	100.807	33206	26.191	unclassified	chr8	50524438	50557630	0	33197	+	33237	33152	33112	45	40	40	60	0.999729	0.998793	0.996239	0
PBC68292_skip_a8343fc7_49bbca40_19.pod5	d54bcdc6-08be-4c6c-888a-5d32abbf0c26	49bbca403119fbcaf15d1a174c1fa0ef541a5e4b	583	1	13798	15.0992	13798.1	14.9472	5716	28.9294	unclassified	chr3	178088794	178094502	0	5708	+	5712	5704	5698	4	4	6	60	0.9986	0.998948	0.997549	0
PBC68292_skip_a8343fc7_49bbca40_19.pod5	fe83203a-0df2-4887-a721-74f03ed67012	49bbca403119fbcaf15d1a174c1fa0ef541a5e4b	364	4	13793.2	19.7888	13793.4	19.6488	7748	29.8562	unclassified	chr13	25946891	25954635	0	7741	+	7748	7737	7717	4	7	20	60	0.999097	0.997415	0.995999	0
PBC68292_skip_a8343fc7_49bbca40_19.pod5	019e4390-adf3-4edc-9d0f-daefbed8123e	49bbca403119fbcaf15d1a174c1fa0ef541a5e4b	845	2	13795	17.696	13795.1	17.5848	5464	28.7271	unclassified	chr11	41760865	41766316	9	5464	-	5459	5447	5442	8	4	5	60	0.998353	0.999082	0.996886	0
PBC68292_skip_a8343fc7_49bbca40_19.pod5	fc8d21bc-50c7-4800-87fb-f7458e70a040	49bbca403119fbcaf15d1a174c1fa0ef541a5e4b	2396	1	13793.8	18.6848	13793.9	18.5832	6314	25.025	unclassified	chr2	114660600	114666912	0	6306	+	6322	6296	6279	10	16	17	60	0.998733	0.9973	0.993198	0
PBC68292_skip_a8343fc7_49bbca40_19.pod5	a8d09a41-80a7-4a8c-9444-560c6c22e03d	49bbca403119fbcaf15d1a174c1fa0ef541a5e4b	1627	2	13777.4	35.0576	13777.5	34.9512	11998	22.8761	unclassified	chr7	49437487	49449461	10	11998	-	12011	11951	11906	37	23	45	60	0.999167	0.996235	0.991258	0
PBC68292_skip_a8343fc7_49bbca40_19.pod5	78dabc74-12b9-4e81-9a10-f5f405ba3639	49bbca403119fbcaf15d1a174c1fa0ef541a5e4b	2704	2	13802.8	9.548	13802.9	9.4464	3730	32.0445	unclassified	chr4	164154033	164157768	4	3730	-	3736	3725	3702	1	10	23	60	0.998928	0.993825	0.990899	0
PBC68292_skip_a8343fc7_49bbca40_19.pod5	428827d5-d2dc-43b1-b14e-cb44c15ec0bc	49bbca403119fbcaf15d1a174c1fa0ef541a5e4b	374	2	13809	4.1684	13809.1	4.0656	1958	28.8207	unclassified	chr17	21874573	21876489	14	1954	-	2057	1799	1577	141	117	222	4	0.990807	0.876598	0.76665	0
PBC68292_skip_a8343fc7_49bbca40_19.pod5	5d7f97b7-ea7b-4c49-a86d-8b70c1cbcd50	49bbca403119fbcaf15d1a174c1fa0ef541a5e4b	2026	3	13790.6	22.5548	13790.7	22.3812	5441	21.3522	unclassified	chr5	98451166	98456591	6	5441	-	5443	5417	5410	18	8	7	60	0.998897	0.998708	0.993937	0
PBC68292_skip_a8343fc7_49bbca40_19.pod5	471dad6f-de4b-4d97-bf90-f083de4defd9	49bbca403119fbcaf15d1a174c1fa0ef541a5e4b	2197	4	13799.1	14.0852	13799.2	13.9476	5045	35.3784	unclassified	chr3	80928336	80933381	0	5045	-	5045	5045	5039	0	0	6	60	1	0.998811	0.998811	0
PBC68292_skip_a8343fc7_49bbca40_19.pod5	cfbafb49-2b1c-4afe-9efb-ff89e44288cc	49bbca403119fbcaf15d1a174c1fa0ef541a5e4b	1852	2	13795.1	18.1232	13795.2	17.9952	5258	27.4368	unclassified	chr1	174602752	174608003	9	5258	-	5256	5244	5235	5	7	9	60	0.998288	0.998284	0.996005	0
PBC68292_skip_a8343fc7_49bbca40_19.pod5	0219c676-933c-404d-a6a1-858af92103ac	49bbca403119fbcaf15d1a174c1fa0ef541a5e4b	2825	4	13772.2	39.9502	13772.2	39.9482	18823	19.4049	unclassified	chr12	118594434	118613295	5	18794	-	18969	18681	18550	108	180	131	60	0.998194	0.992988	0.977911	0
PBC68292_skip_a8343fc7_49bbca40_19.pod5	9f150759-628e-4423-84a5-2a8aa801bf8a	49bbca403119fbcaf15d1a174c1fa0ef541a5e4b	1622	2	13781.7	31.034	13781.9	30.888	12554	27.2737	unclassified	chr15	100400952	100413493	9	12554	-	12559	12527	12507	18	14	20	60	0.999283	0.998403	0.99586	0
PBC68292_skip_a8343fc7_49bbca40_19.pod5	fcc3542e-5787-4ca9-925c-6ac96be22daf	49bbca403119fbcaf15d1a174c1fa0ef541a5e4b	2334	3	13804.7	8.3492	13804.9	8.214	3703	24.6921	unclassified	chr13	114262284	114265988	8	3703	-	3707	3692	3686	3	12	6	60	0.99784	0.998375	0.994335	0
PBC68292_skip_a8343fc7_49bbca40_19.pod5	349fb0c6-19ce-4521-aa8e-f06055383e0d	49bbca403119fbcaf15d1a174c1fa0ef541a5e4b	2620	1	13802.3	10.7624	13802.4	10.6536	4691	24.2331	unclassified	chr2	151832256	151836939	0	4686	+	4695	4674	4662	12	9	12	60	0.998934	0.997433	0.992971	0
PBC68292_skip_a8343fc7_49bbca40_19.pod5	3b556762-82be-449c-ab99-536e4cae76c4	49bbca403119fbcaf15d1a174c1fa0ef541a5e4b	1668	1	13805.3	7.6658	13805.3	7.6638	3197	17.4967	unclassified	chr17	31861041	31864165	64	3166	-	3147	3079	3046	23	45	33	60	0.970285	0.989282	0.967906	0
PBC68292_skip_a8343fc7_49bbca40_19.pod5	5bbc12a8-64d0-4514-b485-09ec2b55efd1	49bbca403119fbcaf15d1a174c1fa0ef541a5e4b	1922	2	13811.6	1.808	13811.7	1.7136	776	23.7636	unclassified	chrX	78765043	78765809	0	769	+	769	766	764	3	0	2	60	0.990979	0.997389	0.993498	0
PBC68292_skip_a8343fc7_49bbca40_19.pod5	fea44c5e-fecc-44b8-825c-0d2bc272c283	49bbca403119fbcaf15d1a174c1fa0ef541a5e4b	1143	3	13788.4	15.6032	13788.4	15.6012	6385	25.1795	unclassified	chr12	11660996	11667337	0	6347	-	6349	6339	6315	8	2	24	60	0.994049	0.996214	0.994645	0
PBC68292_skip_a8343fc7_49bbca40_19.pod5	9491e3ce-00df-40be-963e-24dc6d5d514b	49bbca403119fbcaf15d1a174c1fa0ef541a5e4b	668	3	13779.5	24.5216	13779.5	24.5196	10460	17.1618	unclassified	chr13	50013518	50023974	6	10421	-	10533	10338	10219	77	118	119	60	0.995698	0.988489	0.970189	0
PBC68292_skip_a8343fc7_49bbca40_19.pod5	91f98df2-6bd7-4438-a32b-bb4c36520a01	49bbca403119fbcaf15d1a174c1fa0ef541a5e4b	1558	4	13773.4	38.9792	13773.6	38.8608	17256	27.8368	unclassified	chr10	76302799	76320063	0	17249	+	17276	17237	17195	12	27	42	60	0.999594	0.997563	0.995311	0
PBC68292_skip_a8343fc7_49bbca40_19.pod5	14ddacf0-e74f-4bdc-951a-264991122f2b	49bbca403119fbcaf15d1a174c1fa0ef541a5e4b	2284	3	13773	39.8048	13773.2	39.6432	16338	26.3906	unclassified	chr14	72091977	72108322	7	16338	-	16363	16313	16273	18	32	40	60	0.999572	0.997548	0.9945	0
PBC68292_skip_a8343fc7_49bbca40_19.pod5	827e6d5a-44ea-4923-b5c0-65970a2dcd32	49bbca403119fbcaf15d1a174c1fa0ef541a5e4b	1649	4	13771.5	41.6348	13771.7	41.514	17532	29.6852	unclassified	chr13	73424339	73441862	0	17526	+	17545	17504	17501	22	19	3	60	0.999658	0.999829	0.997492	0
PBC68292_skip_a8343fc7_49bbca40_19.pod5	ce9d3565-6719-47c9-8ba8-1baceebce86b	49bbca403119fbcaf15d1a174c1fa0ef541a5e4b	56	1	13792.8	20.7308	13792.9	20.6124	7698	26.5134	unclassified	chr22	39057848	39065549	0	7691	+	7706	7686	7675	5	15	11	60	0.999091	0.998569	0.995977	0
PBC68292_skip_a8343fc7_49bbca40_19.pod5	c23adaf3-bbcb-4154-95ee-8a6fe6931d4c	49bbca403119fbcaf15d1a174c1fa0ef541a5e4b	77	4	13812	1.7096	13812	1.7076	666	22.4497	unclassified	chr4	32569300	32569929	3	631	-	629	628	628	0	1	0	60	0.942943	1	0.99841	0
PBC68292_skip_a8343fc7_49bbca40_19.pod5	6c9ee171-052b-4704-91ff-0a8980c76cb8	49bbca403119fbcaf15d1a174c1fa0ef541a5e4b	2054	2	13804.1	9.1496	13804.2	9.0696	3942	24.8461	unclassified	chr1	207468910	207472850	0	3933	+	3946	3927	3925	6	13	2	60	0.997717	0.999491	0.994678	0
PBC68292_skip_a8343fc7_49bbca40_19.pod5	ea190476-a41f-4193-a9f1-9675a7a72ede	49bbca403119fbcaf15d1a174c1fa0ef541a5e4b	2371	4	13790.8	21.7308	13790.9	21.6384	8941	25.4059	unclassified	chr19	9303875	9312815	0	8934	+	8953	8921	8894	13	19	27	60	0.999217	0.996973	0.99341	0
PBC68292_skip_a8343fc7_49bbca40_19.pod5	8e1a9230-c78d-45f3-b854-df3416e9fef1	49bbca403119fbcaf15d1a174c1fa0ef541a5e4b	1206	1	13778.1	34.3412	13778.2	34.1928	13312	29.5293	unclassified	chr12	67431766	67445077	0	13302	+	13318	13295	13285	7	16	10	60	0.999249	0.999248	0.997522	0
PBC68292_skip_a8343fc7_49bbca40_19.pod5	7aee8be4-65c5-421d-ae97-6f663844098f	49bbca403119fbcaf15d1a174c1fa0ef541a5e4b	626	4	13808.5	4.7648	13808.6	4.6416	1852	24.0712	unclassified	chr13	26945897	26947743	6	1852	-	1848	1844	1840	2	2	4	60	0.99676	0.997831	0.995671	0
PBC68292_skip_a8343fc7_49bbca40_19.pod5	e7e73794-7ee9-4333-ba71-10629a9be58b	49bbca403119fbcaf15d1a174c1fa0ef541a5e4b	164	3	13780.6	10.9028	13780.7	10.7964	4216	24.3858	unclassified	chr2	215070183	215074410	0	4216	-	4234	4209	4200	7	18	9	60	1	0.997862	0.99197	0
PBC68292_skip_a8343fc7_49bbca40_19.pod5	97e03482-42ce-4941-8614-3960fe90c3be	49bbca403119fbcaf15d1a174c1fa0ef541a5e4b	296	4	13796.7	16.3988	13796.7	16.3968	6709	24.7335	unclassified	chr21	8459116	8465687	6	6683	-	6818	6430	6420	247	141	10	1	0.99523	0.998445	0.941625	0
PBC68292_skip_a8343fc7_49bbca40_19.pod5	ea245eef-0774-4eb4-a444-ab6059fd5723	49bbca403119fbcaf15d1a174c1fa0ef541a5e4b	2075	4	13795.2	8.8676	13795.3	8.766	4618	21.0892	unclassified	chr21	8217562	8222237	0	4618	+	4745	4548	4514	70	127	34	60	1	0.992524	0.951317	0
PBC68292_skip_a8343fc7_49bbca40_19.pod5	67477396-1b79-4f5b-ba8c-1885a68d9cf0	49bbca403119fbcaf15d1a174c1fa0ef541a5e4b	2312	2	13781.3	31.4636	13781.4	31.3524	11009	34.5728	unclassified	chr11	102127723	102132829	5912	11009	-	5107	5096	5091	1	10	5	60	0.462985	0.999019	0.996867	0
PBC68292_skip_a8343fc7_49bbca40_19.pod5	c1d050a1-51e8-4adc-a365-3395fd09c94d	49bbca403119fbcaf15d1a174c1fa0ef541a5e4b	2320	3	13791.9	21.4544	13792	21.3648	8405	28.4996	unclassified	chr5	10838587	10846995	0	8405	+	8411	8402	8392	3	6	10	60	1	0.99881	0.997741	0
PBC68292_skip_a8343fc7_49bbca40_19.pod5	5f3b2c18-cd36-4751-8d17-c9099664bdc9	49bbca403119fbcaf15d1a174c1fa0ef541a5e4b	2834	4	13791.7	21.5624	13791.8	21.4512	8168	25.8345	unclassified	chr5	181094692	181102433	0	8161	+	8222	7680	7660	481	61	20	60	0.999143	0.997396	0.931647	0
PBC68292_skip_a8343fc7_49bbca40_19.pod5	8502a0e2-8d87-432f-823e-2b5b6504e8c5	49bbca403119fbcaf15d1a174c1fa0ef541a5e4b	361	3	13812.1	1.748	13812.2	1.6488	804	21.3688	unclassified	chr6	108281006	108281799	0	792	+	793	792	788	0	1	4	60	0.985075	0.99495	0.993695	0
PBC68292_skip_a8343fc7_49bbca40_19.pod5	c322b78c-8954-4b4c-a5c2-86bed8d72654	49bbca403119fbcaf15d1a174c1fa0ef541a5e4b	665	4	13793.2	20.1284	13793.3	19.9716	5068	30.1252	unclassified	chr2	237066342	237071390	0	5059	+	5062	5045	5043	14	3	2	60	0.998224	0.999604	0.996247	0
PBC68292_skip_a8343fc7_49bbca40_19.pod5	5f69383d-8eb1-47f0-b611-626de28fe8df	49bbca403119fbcaf15d1a174c1fa0ef541a5e4b	2526	3	13796.2	17.0132	13796.3	16.9284	7438	26.3436	unclassified	chr4	81077510	81084946	0	7431	+	7445	7422	7415	9	14	7	60	0.999059	0.999057	0.99597	0
PBC68292_skip_a8343fc7_49bbca40_19.pod5	f23c8f69-bca2-4890-a0fc-777bf7c51cfd	49bbca403119fbcaf15d1a174c1fa0ef541a5e4b	2371	4	13754.7	36.0588	13754.7	36.0588	14673	23.3869	unclassified	chr22	16962185	16976825	8	14635	-	14661	14606	14564	21	34	42	60	0.996865	0.997124	0.993384	0
PBC68292_skip_a8343fc7_49bbca40_19.pod5	6c94f940-f676-482f-8287-3b9c4562419f	49bbca403119fbcaf15d1a174c1fa0ef541a5e4b	287	2	13787.7	26.0264	13787.8	25.9008	9299	13.0094	unclassified	chr5	40884127	40892675	733	9299	-	8580	8534	8489	32	14	45	60	0.921174	0.994727	0.989394	0
PBC68292_skip_a8343fc7_49bbca40_19.pod5	e414b1c9-c8aa-48f1-af6a-b4c443686061	49bbca403119fbcaf15d1a174c1fa0ef541a5e4b	840	2	13801.4	12.242	13801.5	12.054	5350	22.4204	unclassified	chr2	21475621	21480782	191	5342	+	5172	5140	5123	11	21	17	60	0.962804	0.996693	0.990526	0
PBC68292_skip_a8343fc7_49bbca40_19.pod5	bdadda84-f618-4870-b911-57201e77ae30	49bbca403119fbcaf15d1a174c1fa0ef541a5e4b	1665	4	13806.4	7.1576	13806.5	7.0728	2808	25.1467	unclassified	chr18	58670945	58673749	0	2803	+	2806	2801	2796	2	3	5	60	0.998219	0.998215	0.996436	0
PBC68292_skip_a8343fc7_49bbca40_19.pod5	f9ff60a9-83e1-461c-9c98-270807e122b5	49bbca403119fbcaf15d1a174c1fa0ef541a5e4b	1596	1	13791.7	21.6612	13791.7	21.6592	10817	11.9453	unclassified	chr3	114193956	114204860	27	10808	+	11078	10607	10207	174	297	400	60	0.996672	0.962289	0.921376	0
PBC68292_skip_a8343fc7_49bbca40_19.pod5	49463c80-d083-4353-b486-681f3b191445	49bbca403119fbcaf15d1a174c1fa0ef541a5e4b	1907	1	13793.6	19.9616	13793.7	19.8312	7318	27.131	unclassified	chr5	60968990	60976302	8	7318	-	7323	7299	7286	11	13	13	60	0.998907	0.998219	0.994947	0
PBC68292_skip_a8343fc7_49bbca40_19.pod5	702d5019-0f58-4549-bc83-6a5b94584985	49bbca403119fbcaf15d1a174c1fa0ef541a5e4b	900	3	13802.6	10.9244	13802.6	10.9224	4023	11.5568	unclassified	chr2	63014166	63018195	15	3987	-	4119	3882	3704	90	147	178	60	0.987323	0.954147	0.899247	0
PBC68292_skip_a8343fc7_49bbca40_19.pod5	aa24423c-e726-4f83-b75d-5f7611f02230	49bbca403119fbcaf15d1a174c1fa0ef541a5e4b	470	2	13800.6	12.9344	13800.7	12.816	4522	32.5236	unclassified	chr6	150039878	150044394	6	4522	-	4517	4515	4514	1	1	1	60	0.998673	0.999779	0.999336	0
PBC68292_skip_a8343fc7_49bbca40_19.pod5	82e083cc-c488-4858-a986-f66eb42416be	49bbca403119fbcaf15d1a174c1fa0ef541a5e4b	2678	4	13769.2	44.0288	13769.3	43.896	17373	28.5686	unclassified	chr15	51524238	51541622	7	17373	-	17388	17362	17354	4	22	8	60	0.999597	0.999539	0.998045	0
PBC68292_skip_a8343fc7_49bbca40_19.pod5	e0aa506b-4f90-45c3-adbd-e382e68a2650	49bbca403119fbcaf15d1a174c1fa0ef541a5e4b	1631	4	13798.2	14.4188	13798.3	14.3244	7733	25.1694	unclassified	chr10	41857152	41865148	16	7731	-	8286	7425	5962	290	571	1463	1	0.997672	0.802963	0.719527	0
PBC68292_skip_a8343fc7_49bbca40_19.pod5	c4c48851-e62d-4642-ad7e-9688afee9908	49bbca403119fbcaf15d1a174c1fa0ef541a5e4b	2534	4	13795.3	17.9708	13795.4	17.8548	6797	28.3398	unclassified	chr8	39147769	39154668	5	6797	-	6918	6773	6765	19	126	8	60	0.999264	0.998819	0.977884	0
PBC68292_skip_a8343fc7_49bbca40_19.pod5	41899f1c-8ffa-4613-8e08-3c38f4e0b99e	49bbca403119fbcaf15d1a174c1fa0ef541a5e4b	594	1	13809.7	3.7284	13809.7	3.7264	682	3.46099	unclassified	*	-1	-1	-1	-1	*	0	0	0	0	0	0	0	0	0	0	0
PBC68292_skip_a8343fc7_49bbca40_19.pod5	78a01b98-fe98-4191-a621-fa1ae93f73a6	49bbca403119fbcaf15d1a174c1fa0ef541a5e4b	38	1	13764.5	48.6704	13764.6	48.5256	13408	28.874	unclassified	chr6	152015713	152029116	0	13401	+	13412	13392	13384	9	11	8	60	0.999478	0.999403	0.997912	0
PBC68292_skip_a8343fc7_49bbca40_19.pod5	6db5085f-2c61-4106-9af4-880be8effb5a	49bbca403119fbcaf15d1a174c1fa0ef541a5e4b	463	2	13805.4	8.4572	13805.6	8.2524	3183	25.343	unclassified	chr11	33607244	33610424	0	3183	-	3188	3175	3170	8	5	5	60	1	0.998425	0.994354	0
PBC68292_skip_a8343fc7_49bbca40_19.pod5	8a1b637c-74ba-482c-bb6b-93a94ac94290	49bbca403119fbcaf15d1a174c1fa0ef541a5e4b	2783	1	13805.4	8.4452	13805.5	8.298	3710	23.9229	unclassified	chr17	16075157	16078816	5	3710	-	3717	3647	3636	58	12	11	60	0.998652	0.996984	0.978208	0
PBC68292_skip_a8343fc7_49bbca40_19.pod5	09ddccee-f965-4a9c-8f41-fca87e035782	49bbca403119fbcaf15d1a174c1fa0ef541a5e4b	942	3	13804.9	9.2552	13805.1	9.084	4360	27.5622	unclassified	chr10	45093870	45098222	0	4353	+	4356	4349	4344	4	3	5	60	0.998394	0.99885	0.997245	0
PBC68292_skip_a8343fc7_49bbca40_19.pod5	7a1c1ec3-c3ae-489f-bc51-fb6e217b4e4e	49bbca403119fbcaf15d1a174c1fa0ef541a5e4b	2559	4	13810.8	2.8812	13810.8	2.8792	963	6.79938	unclassified	chr18	67684152	67685130	0	957	+	1015	920	821	37	58	99	48	0.993769	0.892391	0.808867	0
PBC68292_skip_a8343fc7_49bbca40_19.pod5	4c5d88a5-101e-466f-9dfb-df867e28e87f	49bbca403119fbcaf15d1a174c1fa0ef541a5e4b	2433	1	13793	20.5808	13793.2	20.4072	9228	12.8799	unclassified	chr21	45684189	45693434	2	9221	+	9398	9066	8827	153	179	239	60	0.999025	0.973638	0.939242	0
PBC68292_skip_a8343fc7_49bbca40_19.pod5	1b49ffaf-fe00-4c80-be9d-32bf57bd5c85	49bbca403119fbcaf15d1a174c1fa0ef541a5e4b	1571	1	13800.9	12.8044	13800.9	12.8024	5357	23.3974	unclassified	chr7	122803652	122808968	0	5319	-	5325	5310	5302	9	6	8	60	0.992906	0.998493	0.995681	0
PBC68292_skip_a8343fc7_49bbca40_19.pod5	dde8c86a-f2cd-470d-bb0d-85bc62fab395	49bbca403119fbcaf15d1a174c1fa0ef541a5e4b	1761	3	13806.6	7.396	13806.6	7.394	3345	30.4033	unclassified	chr1	172988327	172991632	32	3337	+	3306	3304	3287	1	1	17	60	0.988042	0.994855	0.994253	0
PBC68292_skip_a8343fc7_49bbca40_19.pod5	e6b2c07d-1478-478a-a713-7b4532b8d987	49bbca403119fbcaf15d1a174c1fa0ef541a5e4b	1337	4	13783.7	29.582	13783.8	29.442	11500	28.3121	unclassified	chr8	64039220	64050730	3	11500	-	11522	11485	11474	12	25	11	60	0.999739	0.999042	0.995834	0
PBC68292_skip_a8343fc7_49bbca40_19.pod5	33888ec0-7934-476b-9f69-e685fa49fad7	49bbca403119fbcaf15d1a174c1fa0ef541a5e4b	804	4	13786.4	27.0224	13786.6	26.862	10351	29.667	unclassified	chr1	63732092	63742448	0	10343	+	10374	10325	10285	18	31	40	60	0.999227	0.996126	0.991421	0
PBC68292_skip_a8343fc7_49bbca40_19.pod5	fcbb09a7-06eb-4b63-82b3-188500f40a63	49bbca403119fbcaf15d1a174c1fa0ef541a5e4b	2028	2	13795	18.6448	13795	18.6428	7232	28.4735	unclassified	chr11	98535538	98542734	39	7226	+	7202	7181	7175	6	15	6	60	0.993778	0.999164	0.996251	0
PBC68292_skip_a8343fc7_49bbca40_19.pod5	af41baed-812a-4392-a3fc-bfbffd5d49d5	49bbca403119fbcaf15d1a174c1fa0ef541a5e4b	1526	2	13767.6	45.4568	13767.8	45.2904	18155	32.6313	unclassified	chr4	43720207	43738346	6	18155	-	18155	18133	18092	16	6	41	60	0.999669	0.997739	0.99653	0
PBC68292_skip_a8343fc7_49bbca40_19.pod5	49ccd980-9010-436c-a15d-26c2fdbd22b7	49bbca403119fbcaf15d1a174c1fa0ef541a5e4b	1576	2	13785.7	28.0808	13785.8	27.984	11108	27.4778	unclassified	chr7	153469844	153480951	0	11102	+	11112	11097	11069	5	10	28	60	0.99946	0.997477	0.99613	0
PBC68292_skip_a8343fc7_49bbca40_19.pod5	cde9e2f5-d88b-477b-ad80-6a6c57fc7bbb	49bbca403119fbcaf15d1a174c1fa0ef541a5e4b	959	2	13768.8	44.576	13768.9	44.448	17068	31.0896	unclassified	chr4	152471117	152488182	0	17068	-	17082	17051	17013	17	14	38	60	1	0.997771	0.995961	0
PBC68292_skip_a8343fc7_49bbca40_19.pod5	962643ee-f7c1-41b9-8172-bdaa5be22b76	49bbca403119fbcaf15d1a174c1fa0ef541a5e4b	2022	1	13794.3	19.2184	13794.3	19.2164	4538	6.59974	unclassified	chr4	153056417	153061129	1	4528	+	4927	4312	3812	215	400	500	41	0.997576	0.884045	0.773696	0
PBC68292_skip_a8343fc7_49bbca40_19.pod5	9f11d827-d4fe-460e-a185-115fdda4324d	49bbca403119fbcaf15d1a174c1fa0ef541a5e4b	2956	4	13797.7	15.7424	13797.8	15.6192	7044	35.4772	unclassified	chr10	41883321	41890665	6	7044	-	7682	6700	5740	338	644	960	1	0.999148	0.856716	0.747201	0
PBC68292_skip_a8343fc7_49bbca40_19.pod5	319dfef5-d2fb-46c5-b2c8-3d3ad90869b5	49bbca403119fbcaf15d1a174c1fa0ef541a5e4b	2844	3	13802.1	11.3852	13802.3	11.1972	5356	35.3864	unclassified	chr5	1043063	1048413	7	5346	-	5399	5290	5285	49	60	5	60	0.996826	0.999055	0.978885	0
PBC68292_skip_a8343fc7_49bbca40_19.pod5	611798de-d161-421c-9cd2-f2e12af0f93a	49bbca403119fbcaf15d1a174c1fa0ef541a5e4b	2231	4	13766.4	46.622	13766.4	46.5228	20177	26.6659	unclassified	chr8	119021552	119041722	0	20170	+	20197	20143	20079	27	27	64	60	0.999653	0.996823	0.994158	0
PBC68292_skip_a8343fc7_49bbca40_19.pod5	5e7878cf-15c3-47b2-99e6-01343b09498f	49bbca403119fbcaf15d1a174c1fa0ef541a5e4b	2773	3	13781.1	32.492	13781.2	32.3616	12412	30.3987	unclassified	chr2	160764817	160777217	0	12405	+	12417	12388	12318	17	12	70	60	0.999436	0.994349	0.992027	0
PBC68292_skip_a8343fc7_49bbca40_19.pod5	27b80290-d0aa-43fa-9c5e-498fa1de3a38	49bbca403119fbcaf15d1a174c1fa0ef541a5e4b	1767	4	13802.9	10.9808	13803	10.8528	3094	31.7907	unclassified	chr12	80148288	80151376	0	3086	+	3088	3086	3079	0	2	7	60	0.997414	0.997732	0.997086	0
PBC68292_skip_a8343fc7_49bbca40_19.pod5	b45034e3-987a-4a50-aa0c-1c376f5f8c6e	49bbca403119fbcaf15d1a174c1fa0ef541a5e4b	1291	2	13804.6	9.5204	13804.7	9.3972	3464	34.4741	unclassified	chr1	28292072	28295531	0	3458	+	3460	3457	3457	1	2	0	60	0.998268	1	0.999133	0
PBC68292_skip_a8343fc7_49bbca40_19.pod5	8b5313c5-e58a-406f-b220-99c24543f95c	49bbca403119fbcaf15d1a174c1fa0ef541a5e4b	2222	1	13797.1	16.7658	13797.1	16.7638	6003	29.9217	unclassified	chr8	37324600	37330561	6	5971	-	5965	5961	5955	4	0	6	60	0.99367	0.998993	0.998324	0
PBC68292_skip_a8343fc7_49bbca40_19.pod5	59bfed95-035b-411e-bb93-8806e9cffffc	49bbca403119fbcaf15d1a174c1fa0ef541a5e4b	2206	1	13801	12.848	13801	12.846	4053	12.6705	unclassified	chr3	100934335	100938374	40	4046	+	4101	3944	3841	62	95	103	60	0.988404	0.973884	0.936601	0
PBC68292_skip_a8343fc7_49bbca40_19.pod5	9c219b4d-356f-4b1e-a9f1-7f3cc5a875ef	49bbca403119fbcaf15d1a174c1fa0ef541a5e4b	1286	1	13813.9	1.545	13813.9	1.543	256	2.84877	unclassified	*	-1	-1	-1	-1	*	0	0	0	0	0	0	0	0	0	0	0
PBC68292_skip_a8343fc7_49bbca40_19.pod5	bd0a4ee6-cdaf-4caa-aba6-11a5f54c21ed	49bbca403119fbcaf15d1a174c1fa0ef541a5e4b	831	4	13797.8	16.2884	13797.9	16.1724	6064	24.8353	unclassified	chr10	73202305	73208376	0	6057	+	6077	6051	6049	6	20	2	60	0.998846	0.999669	0.995392	0
PBC68292_skip_a8343fc7_49bbca40_19.pod5	d73a5b5a-af93-4532-b248-2d386fde4c95	49bbca403119fbcaf15d1a174c1fa0ef541a5e4b	2418	1	13811.2	3.9156	13811.2	3.9136	1293	7.46677	unclassified	chr3	100832376	100833437	283	1288	+	1084	982	872	23	79	110	45	0.777262	0.887984	0.804428	0
PBC68292_skip_a8343fc7_49bbca40_19.pod5	c4a508ae-51fe-4bb4-a543-1c81fb9b2fca	49bbca403119fbcaf15d1a174c1fa0ef541a5e4b	2538	3	13803.7	11.3804	13803.8	11.298	4074	27.3537	unclassified	chr2	122879707	122883776	0	4068	+	4073	4064	4063	4	5	1	60	0.998527	0.999754	0.997545	0
PBC68292_skip_a8343fc7_49bbca40_19.pod5	229ba6ef-89b4-4a94-95e9-a8efe69168bf	49bbca403119fbcaf15d1a174c1fa0ef541a5e4b	2136	4	13812	3.4342	13812	3.4322	734	4.88688	unclassified	*	-1	-1	-1	-1	*	0	0	0	0	0	0	0	0	0	0	0
PBC68292_skip_a8343fc7_49bbca40_19.pod5	a89c461a-41af-4e5c-9ee0-288b0e6a7e93	49bbca403119fbcaf15d1a174c1fa0ef541a5e4b	1852	2	13813.6	2.0372	13813.7	1.9044	558	28.8997	unclassified	chr2	210870198	210870755	0	557	+	557	557	557	0	0	0	60	0.998208	1	1	0
PBC68292_skip_a8343fc7_49bbca40_19.pod5	88395079-92fd-4149-8df3-7c67d6ad87d8	49bbca403119fbcaf15d1a174c1fa0ef541a5e4b	1106	3	13795.9	17.9924	13796	17.8764	7397	18.8976	unclassified	chr7	134010326	134017745	0	7397	-	7458	7358	7306	39	61	52	60	1	0.992933	0.979619	0
PBC68292_skip_a8343fc7_49bbca40_19.pod5	85e464e8-89a2-4f59-b282-ca0cc55fe199	49bbca403119fbcaf15d1a174c1fa0ef541a5e4b	1197	1	13815	1.3338	13815	1.3318	304	3.83904	unclassified	*	-1	-1	-1	-1	*	0	0	0	0	0	0	0	0	0	0	0
PBC68292_skip_a8343fc7_49bbca40_19.pod5	052ee02b-2a71-4c63-86d5-7278d63390ff	49bbca403119fbcaf15d1a174c1fa0ef541a5e4b	2461	2	13784.3	29.0204	13784.4	28.8684	8780	30.8693	unclassified	chr4	85238562	85247340	6	8780	-	8784	8768	8762	6	10	6	60	0.999317	0.999316	0.997495	0
PBC68292_skip_a8343fc7_49bbca40_19.pod5	1b6cddb6-f8ee-454d-8f81-28079e3dd464	49bbca403119fbcaf15d1a174c1fa0ef541a5e4b	739	2	13785.8	27.7136	13786	27.5616	10623	25.1152	unclassified	chr14	39019590	39030209	5	10623	-	10632	10605	10577	13	14	28	60	0.999529	0.99736	0.994827	0
PBC68292_skip_a8343fc7_49bbca40_19.pod5	72896441-8dfd-4f07-9bd3-ebb065d9855e	49bbca403119fbcaf15d1a174c1fa0ef541a5e4b	361	3	13813.8	2.1392	13814	2.0232	932	23.87	unclassified	chr6	94364378	94365294	13	932	-	923	912	900	7	4	12	60	0.986051	0.986842	0.975081	0
PBC68292_skip_a8343fc7_49bbca40_19.pod5	b0d3e587-e6a6-4659-8a51-0117a94c1d1c	49bbca403119fbcaf15d1a174c1fa0ef541a5e4b	1319	4	13805.6	8.5232	13805.6	8.5212	3228	33.8911	unclassified	chr20	15757801	15760989	33	3220	+	3191	3184	3177	3	4	7	60	0.987299	0.997801	0.995613	0
PBC68292_skip_a8343fc7_49bbca40_19.pod5	8fd6ad88-c0b3-4d1c-a8bf-52377a58ec3f	49bbca403119fbcaf15d1a174c1fa0ef541a5e4b	2845	2	13811.3	5.1212	13811.4	5.0076	1749	28.7765	unclassified	chrY	56739102	56740875	0	1742	+	1773	1742	1720	0	31	22	8	0.995998	0.987371	0.970107	0
PBC68292_skip_a8343fc7_49bbca40_19.pod5	eb5dfccf-1ae0-4289-8f65-2cfda00c9427	49bbca403119fbcaf15d1a174c1fa0ef541a5e4b	1955	1	13810.2	3.8756	13810.3	3.75	1508	25.0701	unclassified	chr9	73194355	73195856	0	1503	+	1503	1501	1497	2	0	4	60	0.996684	0.997335	0.996008	0
PBC68292_skip_a8343fc7_49bbca40_19.pod5	11ca12ad-8834-41b2-afc7-c76c27fd1e5b	49bbca403119fbcaf15d1a174c1fa0ef541a5e4b	2328	4	13810.6	5.1872	13810.7	5.0304	2045	29.7212	unclassified	chr9	18071307	18073343	9	2045	-	2036	2036	2036	0	0	0	60	0.995599	1	1	0
PBC68292_skip_a8343fc7_49bbca40_19.pod5	0fbe808d-1d8b-4a4c-bb36-7aef2379e0a1	49bbca403119fbcaf15d1a174c1fa0ef541a5e4b	2559	4	13813.6	3.2504	13813.6	3.2484	1023	7.33642	unclassified	chr18	67685153	67686235	3	1019	+	1118	980	894	36	102	86	51	0.993157	0.912245	0.799642	0
PBC68292_skip_a8343fc7_49bbca40_19.pod5	7d69e652-4e71-4e85-9df3-cbd6d54deb96	49bbca403119fbcaf15d1a174c1fa0ef541a5e4b	2020	1	13805.9	8.2352	13806	8.1312	3215	28.9673	unclassified	chr2	222926534	222929750	0	3211	+	3216	3211	3204	0	5	7	60	0.998756	0.99782	0.996269	0
PBC68292_skip_a8343fc7_49bbca40_19.pod5	f893388c-0c2e-4ff2-811e-eb04e31e831d	49bbca403119fbcaf15d1a174c1fa0ef541a5e4b	1930	4	13792.3	21.8768	13792.4	21.7056	8213	26.1276	unclassified	chr1	226908029	226916235	0	8207	+	8218	8195	8173	12	11	22	60	0.999269	0.997315	0.994524	0
PBC68292_skip_a8343fc7_49bbca40_19.pod5	706fd96a-a217-40ff-84af-be4b4f76631e	49bbca403119fbcaf15d1a174c1fa0ef541a5e4b	169	3	13794.2	19.8788	13794.3	19.7316	8341	26.5478	unclassified	chr2	89839917	89848276	8	8341	-	8407	8285	8167	48	74	118	60	0.999041	0.985757	0.971452	0
PBC68292_skip_a8343fc7_49bbca40_19.pod5	e2d8aac9-3183-4487-880b-e9ac1ac65eec	49bbca403119fbcaf15d1a174c1fa0ef541a5e4b	1547	2	13797.4	16.6782	13797.4	16.6762	6470	29.1154	unclassified	chr13	80244344	80250780	10	6433	-	6439	6420	6418	3	16	2	60	0.992736	0.999688	0.996739	0
PBC68292_skip_a8343fc7_49bbca40_19.pod5	42884639-1555-4e9b-bb98-3a1255bb5421	49bbca403119fbcaf15d1a174c1fa0ef541a5e4b	1160	1	13812.7	3.6584	13812.8	3.54	1539	32.8633	unclassified	chr13	55363208	55364738	8	1539	-	1531	1530	1530	1	0	0	60	0.994802	1	0.999347	0
PBC68292_skip_a8343fc7_49bbca40_19.pod5	5ae473db-4e3c-45e8-bb71-1a5a0b3f5dc1	49bbca403119fbcaf15d1a174c1fa0ef541a5e4b	1351	4	13803.4	12.1904	13803.5	12.0696	5388	27.0087	unclassified	chr11	31565692	31571085	0	5379	+	5399	5373	5363	6	20	10	60	0.99833	0.998139	0.993332	0
PBC68292_skip_a8343fc7_49bbca40_19.pod5	9ed814a3-ccf1-4d4f-b14d-5169472d3934	49bbca403119fbcaf15d1a174c1fa0ef541a5e4b	2853	1	13805.6	8.4848	13805.7	8.3952	3110	28.8281	unclassified	chr4	126974960	126978062	0	3104	+	3107	3099	3089	5	3	10	60	0.998071	0.996773	0.994207	0
PBC68292_skip_a8343fc7_49bbca40_19.pod5	bbe1581b-2dfd-47c8-a939-9d1b483e547c	49bbca403119fbcaf15d1a174c1fa0ef541a5e4b	2632	4	13809.2	4.8356	13809.3	4.7244	2035	23.937	unclassified	chr2	26551326	26553357	0	2030	+	2032	2029	2023	1	2	6	60	0.997543	0.997043	0.995571	0
PBC68292_skip_a8343fc7_49bbca40_19.pod5	a856c4d4-f175-4934-8f46-a87733fc9a8c	49bbca403119fbcaf15d1a174c1fa0ef541a5e4b	2023	3	13808.2	5.7608	13808.3	5.6472	2401	28.0449	unclassified	chr2	25466646	25469033	11	2401	-	2393	2384	2382	6	3	2	60	0.995419	0.999161	0.995403	0
PBC68292_skip_a8343fc7_49bbca40_19.pod5	15b2793f-e1ff-4ab6-ba9b-6a4851b690f5	49bbca403119fbcaf15d1a174c1fa0ef541a5e4b	2184	1	13806.3	7.6796	13806.4	7.5636	2955	31.0219	unclassified	chr1	182926031	182929012	0	2948	+	2984	2945	2945	3	36	0	60	0.997631	1	0.98693	0
PBC68292_skip_a8343fc7_49bbca40_19.pod5	ca03a6c3-7087-48b2-888b-d7a048337b45	49bbca403119fbcaf15d1a174c1fa0ef541a5e4b	1856	4	13768.7	45.3644	13768.9	45.2412	16245	26.7827	unclassified	chr7	80831454	80847716	0	16245	+	16268	16239	16223	6	23	16	60	1	0.999015	0.997234	0
PBC68292_skip_a8343fc7_49bbca40_19.pod5	21006381-9aab-4880-b0c6-4f60083aab4b	49bbca403119fbcaf15d1a174c1fa0ef541a5e4b	215	3	13799.2	14.9936	13799.4	14.8248	5985	27.7964	unclassified	chr3	87381097	87387083	0	5979	+	5987	5978	5970	1	8	8	60	0.998998	0.998662	0.99716	0
PBC68292_skip_a8343fc7_49bbca40_19.pod5	2550fef9-d16c-44ff-b4a9-edd980282b4e	49bbca403119fbcaf15d1a174c1fa0ef541a5e4b	1796	3	13785.2	28.7936	13785.3	28.6512	11829	28.3566	unclassified	chr1	214083249	214095064	8	11829	-	11828	11808	11797	13	7	11	60	0.999324	0.999068	0.997379	0
PBC68292_skip_a8343fc7_49bbca40_19.pod5	0c39fc32-d27b-4cc3-bf34-e987407faa3e	49bbca403119fbcaf15d1a174c1fa0ef541a5e4b	2528	4	13806.2	7.6726	13806.2	7.6706	1130	2.52258	unclassified	*	-1	-1	-1	-1	*	0	0	0	0	0	0	0	0	0	0	0
PBC68292_skip_a8343fc7_49bbca40_19.pod5	3082fbca-5f94-4d0f-8bd4-f9ca93e4fca3	49bbca403119fbcaf15d1a174c1fa0ef541a5e4b	2615	1	13810.2	3.9374	13810.2	3.9354	945	3.72122	unclassified	*	-1	-1	-1	-1	*	0	0	0	0	0	0	0	0	0	0	0
PBC68292_skip_a8343fc7_49bbca40_19.pod5	b49ab1b1-e3ef-4d3e-bd4c-5355e49af127	49bbca403119fbcaf15d1a174c1fa0ef541a5e4b	1125	4	13790.4	23.462	13790.5	23.346	9840	24.3489	unclassified	chr6	104080920	104090765	0	9835	+	9862	9818	9805	17	27	13	60	0.999492	0.998676	0.99422	0
PBC68292_skip_a8343fc7_49bbca40_19.pod5	5c4343eb-09ba-4c8f-85b5-0b1def40f486	49bbca403119fbcaf15d1a174c1fa0ef541a5e4b	2017	1	13738.6	75.1256	13738.8	74.9676	30084	27.2493	unclassified	chr4	57473528	57503627	0	30077	+	30150	30026	29947	51	73	79	60	0.999767	0.997369	0.993267	0
PBC68292_skip_a8343fc7_49bbca40_19.pod5	5cf81715-c4fd-4472-a379-5f5d31cec230	49bbca403119fbcaf15d1a174c1fa0ef541a5e4b	356	2	13788.9	24.811	13788.9	24.809	8440	25.5396	unclassified	chr21	8216455	8224870	32	8433	+	8477	8339	8315	62	76	24	60	0.995379	0.997122	0.980889	0
PBC68292_skip_a8343fc7_49bbca40_19.pod5	07d8cf3c-5ea6-4345-98c1-be22b62e9a50	49bbca403119fbcaf15d1a174c1fa0ef541a5e4b	621	3	13803	11.3178	13803	11.3158	4840	16.0682	unclassified	chr4	148478123	148482946	36	4840	+	4866	4761	4704	43	62	57	60	0.992562	0.988028	0.966708	0
PBC68292_skip_a8343fc7_49bbca40_19.pod5	bdbb766f-8970-4edf-a2bd-1dfa7c1a101a	49bbca403119fbcaf15d1a174c1fa0ef541a5e4b	827	3	13804.1	10.2884	13804.2	10.2036	3452	32.3931	unclassified	chr11	15138861	15142310	0	3446	+	3454	3441	3438	5	8	3	60	0.998262	0.999128	0.995368	0
PBC68292_skip_a8343fc7_49bbca40_19.pod5	1c4a1fe7-6ea2-44d3-bcf2-5082b9547efd	49bbca403119fbcaf15d1a174c1fa0ef541a5e4b	1036	3	13808.4	5.9816	13808.5	5.8716	2211	28.7132	unclassified	chr8	16484707	16486914	1	2204	+	2207	2203	2201	0	4	2	60	0.996382	0.999092	0.997281	0
PBC68292_skip_a8343fc7_49bbca40_19.pod5	85e031a6-c4c6-4b23-b3d3-47c8478a9c8a	49bbca403119fbcaf15d1a174c1fa0ef541a5e4b	941	3	13781.3	32.6372	13781.4	32.5308	14414	27.2257	unclassified	chr4	157878721	157893127	0	14408	+	14423	14391	14366	17	15	25	60	0.999584	0.998263	0.996048	0
PBC68292_skip_a8343fc7_49bbca40_19.pod5	5bb10c10-8554-4fdc-bdf5-40d1ead45ba2	49bbca403119fbcaf15d1a174c1fa0ef541a5e4b	1486	2	13807.4	7.0208	13807.5	6.8544	2421	17.4218	unclassified	chr3	57905567	57907991	6	2421	-	2447	2392	2368	23	32	24	60	0.997522	0.989967	0.967716	0
PBC68292_skip_a8343fc7_49bbca40_19.pod5	7e4c96f2-304f-4ed6-8d98-2d22dd22db69	49bbca403119fbcaf15d1a174c1fa0ef541a5e4b	190	3	13796.9	17.3036	13797	17.202	6950	28.2616	unclassified	chr10	29221485	29228440	0	6950	-	6963	6942	6931	8	13	11	60	1	0.998415	0.995404	0
PBC68292_skip_a8343fc7_49bbca40_19.pod5	f5865829-b53b-48f5-a863-c5fa56864752	49bbca403119fbcaf15d1a174c1fa0ef541a5e4b	672	1	13727.8	85.6604	13728	85.41	33580	30.8195	unclassified	chr1	219913174	219946733	0	33574	+	33617	33516	33471	58	43	45	60	0.999821	0.998657	0.995657	0
PBC68292_skip_a8343fc7_49bbca40_19.pod5	21037db5-b02a-4af0-bba1-fab911769519	49bbca403119fbcaf15d1a174c1fa0ef541a5e4b	1279	4	13806.9	7.334	13807.1	7.1556	2858	29.1724	unclassified	chr7	15936856	15939707	0	2849	+	2851	2849	2842	0	2	7	60	0.996851	0.997543	0.996843	0
PBC68292_skip_a8343fc7_49bbca40_19.pod5	05b16ad0-265c-4e25-a566-920d12573b2c	49bbca403119fbcaf15d1a174c1fa0ef541a5e4b	2057	4	13761.8	52.01	13761.9	51.9084	20836	29.6316	unclassified	chr18	49249955	49270814	0	20830	+	20880	20809	20783	21	50	26	60	0.999712	0.998751	0.995354	0
PBC68292_skip_a8343fc7_49bbca40_19.pod5	f115d9fb-3f5a-4dbf-b144-79697f0271ad	49bbca403119fbcaf15d1a174c1fa0ef541a5e4b	2033	2	13794.6	19.6916	13794.7	19.566	7788	19.6441	unclassified	chr4	101122820	101130589	0	7782	+	7816	7735	7701	47	34	34	60	0.99923	0.995604	0.985287	0
PBC68292_skip_a8343fc7_49bbca40_19.pod5	70040b86-85bd-4f86-b5a8-ca685f4f4e91	49bbca403119fbcaf15d1a174c1fa0ef541a5e4b	1684	4	13787.9	26.4452	13788	26.3268	7640	26.5675	unclassified	chr8	63790359	63798026	0	7638	+	7671	7634	7628	4	33	6	60	0.999738	0.999214	0.994394	0
PBC68292_skip_a8343fc7_49bbca40_19.pod5	9d9ac94b-cd19-463d-a13e-662280e80a9d	49bbca403119fbcaf15d1a174c1fa0ef541a5e4b	1545	1	13803.1	11.2076	13803.2	11.0988	5030	28.574	unclassified	chr5	1276063	1281089	0	5023	+	5033	5016	5004	7	10	12	60	0.998608	0.997608	0.994238	0
PBC68292_skip_a8343fc7_49bbca40_19.pod5	de586459-d9ff-41c6-8ef8-4e86b8f6f853	49bbca403119fbcaf15d1a174c1fa0ef541a5e4b	1632	4	13796.6	17.588	13796.8	17.4216	7139	27.4208	unclassified	chr2	230327104	230334234	0	7132	+	7140	7122	7118	10	8	4	60	0.999019	0.999438	0.996919	0
PBC68292_skip_a8343fc7_49bbca40_19.pod5	b4afa748-4477-43f6-b231-594e8bb20544	49bbca403119fbcaf15d1a174c1fa0ef541a5e4b	375	1	13790.2	23.9432	13790.4	23.784	8118	28.6831	unclassified	chr16	58784109	58792221	6	8118	-	8121	8103	8100	9	9	3	60	0.999261	0.99963	0.997414	0
PBC68292_skip_a8343fc7_49bbca40_19.pod5	e8cedea9-1591-4538-b478-04bb7fa3ba81	49bbca403119fbcaf15d1a174c1fa0ef541a5e4b	329	4	13797.4	17.0684	13797.6	16.9356	6826	31.1375	unclassified	chr3	51650374	51657199	0	6819	+	6828	6816	6812	3	9	4	60	0.998975	0.999413	0.997657	0
PBC68292_skip_a8343fc7_49bbca40_19.pod5	940af7e1-9040-4b38-bbda-c62f30116578	49bbca403119fbcaf15d1a174c1fa0ef541a5e4b	284	2	13805.1	9.633	13805.1	9.631	3703	35.4347	unclassified	chr3	193182159	193185820	29	3697	+	3671	3658	3653	10	3	5	60	0.990548	0.998633	0.995097	0
PBC68292_skip_a8343fc7_49bbca40_19.pod5	c90980bb-696b-4c5c-85f8-88f0bcf93857	49bbca403119fbcaf15d1a174c1fa0ef541a5e4b	1097	1	13797.3	16.8884	13797.4	16.8156	7257	21.9974	unclassified	chrY	11312501	11319562	8	7224	+	7256	7021	6142	195	40	879	60	0.99435	0.874804	0.846472	0
PBC68292_skip_a8343fc7_49bbca40_19.pod5	77c981ca-22f9-4adf-9b64-82e3aaa28ed7	49bbca403119fbcaf15d1a174c1fa0ef541a5e4b	2912	2	13732.9	80.708	13733.1	80.5656	32380	30.7865	unclassified	chr2	147831916	147864289	0	32371	+	32398	32346	32315	25	27	31	60	0.999722	0.999042	0.997438	0
PBC68292_skip_a8343fc7_49bbca40_19.pod5	1f4cdc3c-1a11-40e1-abb0-5ef3a4548673	49bbca403119fbcaf15d1a174c1fa0ef541a5e4b	2039	3	13788.8	25.0024	13788.8	25.0004	9765	36.2219	unclassified	chr17	26790968	26800568	35	9755	+	10366	8954	7578	766	646	1376	1	0.995392	0.846326	0.731044	0
PBC68292_skip_a8343fc7_49bbca40_19.pod5	43aa371d-f6d4-4036-b476-0437e4dd835e	49bbca403119fbcaf15d1a174c1fa0ef541a5e4b	878	4	13789.4	24.9284	13789.6	24.7524	10869	26.2412	unclassified	chr3	98605736	98616598	0	10862	+	10891	10833	10802	29	29	31	60	0.999356	0.997138	0.991828	0
PBC68292_skip_a8343fc7_49bbca40_19.pod5	bb0e8c7c-1773-4cd2-9018-c213d51315bb	49bbca403119fbcaf15d1a174c1fa0ef541a5e4b	344	3	13792.7	21.8408	13792.8	21.7152	7097	25.317	unclassified	chr1	215093251	215100399	0	7082	+	7157	7073	7058	9	75	15	60	0.997886	0.997879	0.986167	0
PBC68292_skip_a8343fc7_49bbca40_19.pod5	3a9035fb-27c9-4798-836d-e2d67e0fc319	49bbca403119fbcaf15d1a174c1fa0ef541a5e4b	2515	2	13771.3	42.6608	13771.4	42.5784	18414	25.4579	unclassified	chr7	91664801	91683225	2	18414	-	18453	18383	18362	29	41	21	60	0.999891	0.998858	0.995069	0
PBC68292_skip_a8343fc7_49bbca40_19.pod5	14889a52-6b73-41e1-bb82-56120219d584	49bbca403119fbcaf15d1a174c1fa0ef541a5e4b	867	1	13793.1	21.632	13793.2	21.5256	9525	25.997	unclassified	chr16	80047918	80057437	0	9515	+	9529	9505	9491	10	14	14	60	0.99895	0.998527	0.996012	0
PBC68292_skip_a8343fc7_49bbca40_19.pod5	2b92a84e-3ba7-4b43-ba6d-86884826f537	49bbca403119fbcaf15d1a174c1fa0ef541a5e4b	1193	1	13799.7	14.7548	13799.9	14.5524	6606	26.2219	unclassified	chr6	142335442	142342039	9	6606	-	6614	6580	6570	17	17	10	60	0.998638	0.99848	0.993347	0
PBC68292_skip_a8343fc7_49bbca40_19.pod5	ba36b170-ac33-48ce-b205-509a73eff6f2	49bbca403119fbcaf15d1a174c1fa0ef541a5e4b	338	2	13809.1	5.5232	13809.2	5.4216	2108	11.6589	unclassified	chr10	26603980	26606131	0	2108	-	2198	2061	1990	47	90	71	60	1	0.965551	0.905369	0
PBC68292_skip_a8343fc7_49bbca40_19.pod5	c962a3bb-9e7d-411a-b690-837d5198cdc2	49bbca403119fbcaf15d1a174c1fa0ef541a5e4b	2681	2	13785.5	28.7348	13785.6	28.6548	12423	25.8569	unclassified	chr6	107265854	107278278	0	12418	+	12455	12387	12369	31	37	18	60	0.999598	0.998547	0.993095	0
PBC68292_skip_a8343fc7_49bbca40_19.pod5	547952d3-eccb-48d0-a11f-350866e7ad9b	49bbca403119fbcaf15d1a174c1fa0ef541a5e4b	2665	3	13796.7	17.6852	13796.9	17.4828	7971	27.0441	unclassified	chr6	54982207	54990173	0	7965	+	7970	7961	7937	4	5	24	60	0.999247	0.996985	0.995859	0
PBC68292_skip_a8343fc7_49bbca40_19.pod5	97b11f4c-ce5e-4240-94de-8c67aac74291	49bbca403119fbcaf15d1a174c1fa0ef541a5e4b	2680	4	13805.2	9.2228	13805.4	9.0924	3399	25.2921	unclassified	chr2	218005542	218008938	0	3393	+	3400	3389	3380	4	7	9	60	0.998235	0.997344	0.994118	0
PBC68292_skip_a8343fc7_49bbca40_19.pod5	f48486a4-99bc-4ca3-a713-42357053a850	49bbca403119fbcaf15d1a174c1fa0ef541a5e4b	404	2	13812.6	2.3684	13812.7	2.2644	815	27.9314	unclassified	chr11	124923699	124924505	0	806	+	806	806	804	0	0	2	60	0.988957	0.997519	0.997519	0
PBC68292_skip_a8343fc7_49bbca40_19.pod5	efc097c6-13a8-48cd-8042-187ebd0a4d14	49bbca403119fbcaf15d1a174c1fa0ef541a5e4b	2507	3	13800.6	14.0456	13800.7	13.944	5724	28.5181	unclassified	chr12	13810447	13816161	9	5724	-	5721	5708	5694	7	6	14	60	0.998428	0.997547	0.995281	0
PBC68292_skip_a8343fc7_49bbca40_19.pod5	3e3b35e3-557d-425e-aeef-9f6a1cfea56e	49bbca403119fbcaf15d1a174c1fa0ef541a5e4b	1161	1	13799.2	15.2876	13799.4	15.1116	4468	25.761	unclassified	chrX	150224473	150228938	0	4462	+	4473	4454	4446	8	11	8	60	0.998657	0.998204	0.993964	0
PBC68292_skip_a8343fc7_49bbca40_19.pod5	4384c498-9865-40c7-b895-14925d560c04	49bbca403119fbcaf15d1a174c1fa0ef541a5e4b	1035	2	13744.6	69.635	13744.6	69.633	23142	24.1453	unclassified	chr2	16530331	16553464	39	23136	+	23175	23055	22958	42	78	97	60	0.998055	0.995793	0.990636	0
PBC68292_skip_a8343fc7_49bbca40_19.pod5	81191537-bbec-4e9f-af1c-019aa756559a	49bbca403119fbcaf15d1a174c1fa0ef541a5e4b	1118	4	13718.9	95.2256	13719	95.1024	39165	29.2048	unclassified	chr4	391924	431376	0	39159	+	39533	39078	38986	81	374	92	60	0.999847	0.997646	0.986163	0
PBC68292_skip_a8343fc7_49bbca40_19.pod5	de2fef12-f935-4402-a091-83a8075c1bb5	49bbca403119fbcaf15d1a174c1fa0ef541a5e4b	1700	4	13760.5	53.4776	13760.6	53.3472	20888	27.2006	unclassified	chr18	79407599	79428664	0	20881	+	21118	20828	20804	53	237	24	60	0.999665	0.998848	0.985131	0
PBC68292_skip_a8343fc7_49bbca40_19.pod5	c8945e93-fff9-4fda-9bfa-a23ddc94fb88	49bbca403119fbcaf15d1a174c1fa0ef541a5e4b	1276	4	13793.6	21.0396	13793.6	21.0376	9062	25.3166	unclassified	chr10	18918185	18927212	31	9062	+	9042	9016	8994	15	11	22	60	0.996579	0.99756	0.994691	0
PBC68292_skip_a8343fc7_49bbca40_19.pod5	012735db-9e6b-46c3-82ee-46237b333c97	49bbca403119fbcaf15d1a174c1fa0ef541a5e4b	779	1	13802.7	11.606	13802.7	11.604	6156	18.6493	unclassified	chr17	25295850	25301807	161	6116	-	6011	5901	4893	54	56	1008	1	0.967349	0.829181	0.814008	0
PBC68292_skip_a8343fc7_49bbca40_19.pod5	c6653015-bede-4882-a6e3-3c2491f06198	49bbca403119fbcaf15d1a174c1fa0ef541a5e4b	781	1	13803.1	11.8568	13803.2	11.7096	4211	31.8994	unclassified	chr3	81134955	81139161	0	4205	+	4209	4202	4198	3	4	4	60	0.998575	0.999048	0.997387	0
PBC68292_skip_a8343fc7_49bbca40_19.pod5	a5f03091-f775-401e-8dc2-988847ba9149	49bbca403119fbcaf15d1a174c1fa0ef541a5e4b	768	4	13800.4	14.2376	13800.5	14.1024	5969	23.7339	unclassified	chr20	31903807	31909773	0	5960	+	5979	5947	5937	13	19	10	60	0.998492	0.998318	0.992975	0
PBC68292_skip_a8343fc7_49bbca40_19.pod5	2ecdf43e-5519-4e2d-ad83-b2f03abdc4e9	49bbca403119fbcaf15d1a174c1fa0ef541a5e4b	378	3	13779.1	35.4272	13779.3	35.2308	13905	25.0292	unclassified	chr8	139144706	139158621	0	13905	+	13929	13891	13869	14	24	22	60	1	0.998416	0.995692	0
PBC68292_skip_a8343fc7_49bbca40_19.pod5	351b14bb-1f2d-4f8f-a0fc-1a8272cddcdb	49bbca403119fbcaf15d1a174c1fa0ef541a5e4b	670	3	13788.8	25.8284	13789	25.6356	5186	31.8887	unclassified	chr5	80180017	80185161	6	5186	-	5181	5143	5135	37	1	8	60	0.998843	0.998444	0.991121	0
PBC68292_skip_a8343fc7_49bbca40_19.pod5	2002884c-81e7-43b1-b7fe-7b017a4f6ed4	49bbca403119fbcaf15d1a174c1fa0ef541a5e4b	585	4	13799.4	15.5	13799.5	15.3768	5947	20.8833	unclassified	chr4	2407179	2413118	9	5947	-	5958	5919	5888	19	20	31	60	0.998487	0.994763	0.988251	0
PBC68292_skip_a8343fc7_49bbca40_19.pod5	2f6078b2-b753-404c-8d73-098072c6030d	49bbca403119fbcaf15d1a174c1fa0ef541a5e4b	595	4	13798.1	16.6352	13798.3	16.4688	5956	27.3949	unclassified	chr16	2073632	2079582	6	5956	-	5955	5945	5936	5	5	9	60	0.998993	0.998486	0.996809	0
PBC68292_skip_a8343fc7_49bbca40_19.pod5	e073cf36-18fc-404d-847d-9615a3805bb2	49bbca403119fbcaf15d1a174c1fa0ef541a5e4b	1814	2	13787.4	27.5252	13787.5	27.4476	12214	28.6332	unclassified	chr1	57352864	57365070	9	12214	-	12217	12194	12185	11	12	9	60	0.999263	0.999262	0.997381	0
PBC68292_skip_a8343fc7_49bbca40_19.pod5	7e923224-4116-498e-8d5b-285ce4e2c40f	49bbca403119fbcaf15d1a174c1fa0ef541a5e4b	2597	1	13747.3	66.61	13747.3	66.608	25395	13.7188	unclassified	chr1	52795351	52816927	3818	25361	-	21607	21512	21488	31	64	24	60	0.848317	0.998884	0.994493	0
PBC68292_skip_a8343fc7_49bbca40_19.pod5	0c53782a-8fbe-4e10-a487-9b8239ec45c7	49bbca403119fbcaf15d1a174c1fa0ef541a5e4b	1417	1	13808.8	5.6744	13808.9	5.5872	2458	18.0343	unclassified	chr6	118916522	118918971	0	2448	+	2463	2434	2405	14	15	29	60	0.995932	0.988085	0.976451	0
PBC68292_skip_a8343fc7_49bbca40_19.pod5	4bf41599-1c36-4ec9-ae73-a62f36905b31	49bbca403119fbcaf15d1a174c1fa0ef541a5e4b	2549	4	13796.1	18.6392	13796.2	18.5016	7375	27.69	unclassified	chr5	89189244	89196612	0	7369	+	7378	7359	7349	10	9	10	60	0.999186	0.998641	0.996069	0
PBC68292_skip_a8343fc7_49bbca40_19.pod5	08dce04c-dcfe-46f3-8e0f-d39cf702a3ec	49bbca403119fbcaf15d1a174c1fa0ef541a5e4b	437	2	13790.5	24.2684	13790.7	24.1308	9586	31.9137	unclassified	chr3	173252550	173262142	8	9586	-	9594	9576	9568	2	16	8	60	0.999165	0.999165	0.99729	0
PBC68292_skip_a8343fc7_49bbca40_19.pod5	c9ef6abc-6795-4f62-9ed9-cff123c4cc3b	49bbca403119fbcaf15d1a174c1fa0ef541a5e4b	367	1	13808.7	6.6272	13808.8	6.516	2548	28.0399	unclassified	chr4	1317861	1320265	0	2541	+	2542	2403	2390	138	1	13	60	0.997253	0.99459	0.940205	0
PBC68292_skip_a8343fc7_49bbca40_19.pod5	f70f576d-ebc0-4dde-9865-ecd53cd5ca90	49bbca403119fbcaf15d1a174c1fa0ef541a5e4b	795	3	13808.6	6.7376	13808.7	6.5892	2579	13.9191	unclassified	chr2	170866839	170869430	9	2578	-	2620	2540	2488	29	51	52	60	0.996123	0.979528	0.949618	0
PBC68292_skip_a8343fc7_49bbca40_19.pod5	f15fa5ae-36ed-4366-b80e-85f6f894c123	49bbca403119fbcaf15d1a174c1fa0ef541a5e4b	1225	2	13801.1	14.0104	13801.1	14.0084	4845	36.7647	unclassified	chr3	83887830	83892628	6	4807	-	4802	4797	4788	4	1	9	60	0.990918	0.998124	0.997085	0
PBC68292_skip_a8343fc7_49bbca40_19.pod5	8e95c153-cc63-4bec-8a1e-980f9d2429c0	49bbca403119fbcaf15d1a174c1fa0ef541a5e4b	893	3	13807.5	7.844	13807.6	7.716	3247	27.9418	unclassified	chrX	22733915	22737159	0	3241	+	3246	3239	3239	2	5	0	60	0.998152	1	0.997844	0
PBC68292_skip_a8343fc7_49bbca40_19.pod5	91330325-fe11-41b4-ad22-80d54796b1f4	49bbca403119fbcaf15d1a174c1fa0ef541a5e4b	556	4	13783.6	31.1816	13783.6	31.1796	13445	10.5646	unclassified	chr6	111622846	111636396	6	13416	-	13918	13042	12441	368	508	601	60	0.997397	0.953918	0.893878	0
PBC68292_skip_a8343fc7_49bbca40_19.pod5	1b519d5a-5aa9-4e9e-a628-529282cbb72e	49bbca403119fbcaf15d1a174c1fa0ef541a5e4b	689	4	13725	90.194	13725.1	90.0924	37508	23.8299	unclassified	chr9	97521643	97559222	9	37508	-	37634	37444	37374	55	135	70	60	0.99976	0.998131	0.993091	0
PBC68292_skip_a8343fc7_49bbca40_19.pod5	3ef5b9d0-e1c5-4e71-92e0-363c3cc3ebb8	49bbca403119fbcaf15d1a174c1fa0ef541a5e4b	1398	4	13802.9	12.3624	13802.9	12.3604	5144	10.924	unclassified	chr18	6430130	6435325	29	5137	+	5306	4997	4726	111	198	271	60	0.993002	0.945767	0.89069	0
PBC68292_skip_a8343fc7_49bbca40_19.pod5	ee6dab32-ff2f-4b67-b967-aa4eddb9c038	49bbca403119fbcaf15d1a174c1fa0ef541a5e4b	594	1	13815.8	1.907	13815.8	1.905	437	3.76586	unclassified	*	-1	-1	-1	-1	*	0	0	0	0	0	0	0	0	0	0	0
PBC68292_skip_a8343fc7_49bbca40_19.pod5	ccc8a9c7-58b1-4925-aeaa-05139f8f388c	49bbca403119fbcaf15d1a174c1fa0ef541a5e4b	2653	2	13752.7	61.5104	13752.8	61.3728	24030	28.1553	unclassified	chr15	34816995	34841030	5	24030	-	24055	24005	23954	20	30	51	60	0.999792	0.997875	0.995801	0
PBC68292_skip_a8343fc7_49bbca40_19.pod5	c8614829-8e0b-47d2-8d57-e0cb8fe65b99	49bbca403119fbcaf15d1a174c1fa0ef541a5e4b	2283	1	13742.9	71.1788	13743	71.046	29528	25.6843	unclassified	chr11	133195613	133224672	483	29528	-	29097	29007	28929	38	52	78	60	0.983643	0.997311	0.994226	0
PBC68292_skip_a8343fc7_49bbca40_19.pod5	62649c4d-c2d6-4612-a2bd-b1ed637cee7d	49bbca403119fbcaf15d1a174c1fa0ef541a5e4b	58	1	13776.5	38.3588	13776.6	38.2452	15567	27.0793	unclassified	chr14	19037500	19053049	0	15560	+	15570	15539	15489	21	10	50	11	0.99955	0.996782	0.994798	0
PBC68292_skip_a8343fc7_49bbca40_19.pod5	89c8f38f-6d28-4eb0-b6e0-4eb08516bbd1	49bbca403119fbcaf15d1a174c1fa0ef541a5e4b	2366	2	13803.5	11.3828	13803.7	11.2092	4292	28.9981	unclassified	chr7	123544813	123549097	7	4292	-	4286	4283	4281	2	1	2	60	0.998369	0.999533	0.998833	0
PBC68292_skip_a8343fc7_49bbca40_19.pod5	011267c8-8c05-48a6-afa5-6a86b51f9782	49bbca403119fbcaf15d1a174c1fa0ef541a5e4b	207	3	13777.9	37.4902	13777.9	37.4882	8401	15.6508	unclassified	chr9	3040906	3049226	43	8401	+	8437	8241	8144	117	79	97	60	0.994882	0.98823	0.965272	0
PBC68292_skip_a8343fc7_49bbca40_19.pod5	ebfb3e46-1d00-44d8-89f4-93675e877e43	49bbca403119fbcaf15d1a174c1fa0ef541a5e4b	886	2	13789.3	25.7204	13789.4	25.6044	9714	29.4279	unclassified	chr3	65890962	65900675	7	9714	-	9717	9703	9690	4	10	13	60	0.999279	0.99866	0.997221	0
PBC68292_skip_a8343fc7_49bbca40_19.pod5	80657322-de8e-4fea-aa1a-3303fc094bf7	49bbca403119fbcaf15d1a174c1fa0ef541a5e4b	448	4	13811.3	4.1012	13811.4	3.9564	1503	29.8665	unclassified	chr10	112431140	112432638	9	1503	-	1499	1493	1491	1	5	2	60	0.994012	0.99866	0.994663	0
PBC68292_skip_a8343fc7_49bbca40_19.pod5	5403913f-652a-4d00-84aa-0781d02c2c24	49bbca403119fbcaf15d1a174c1fa0ef541a5e4b	1439	2	13805.3	9.9322	13805.3	9.9302	4210	18.1887	unclassified	chr22	18417766	18421807	75	4204	+	4342	3828	3327	301	213	501	1	0.98076	0.869122	0.766237	0
PBC68292_skip_a8343fc7_49bbca40_19.pod5	82a55435-5170-4f77-9d34-3bc2010c9afe	49bbca403119fbcaf15d1a174c1fa0ef541a5e4b	1524	1	13783.4	11.552	13783.6	11.4192	4854	31.4124	unclassified	chr6	9221140	9226001	0	4854	-	4861	4854	4852	0	7	2	60	1	0.999588	0.998149	0
PBC68292_skip_a8343fc7_49bbca40_19.pod5	936f4ed6-d289-4528-9181-604b3e0d78d1	49bbca403119fbcaf15d1a174c1fa0ef541a5e4b	968	4	13763	52.2152	13763.1	52.0908	21009	30.0252	unclassified	chr12	79589924	79610944	0	21009	-	21034	20995	20982	14	25	13	60	1	0.999381	0.997528	0
PBC68292_skip_a8343fc7_49bbca40_19.pod5	5182e10a-c5f3-4198-816f-f8e8f6f2e5b3	49bbca403119fbcaf15d1a174c1fa0ef541a5e4b	366	1	13792.6	22.562	13792.7	22.4484	8281	27.9063	unclassified	chr9	86878653	86886933	5	8281	-	8287	8269	8259	7	11	10	60	0.999396	0.998791	0.996621	0
PBC68292_skip_a8343fc7_49bbca40_19.pod5	3e80bb51-aabc-427b-81fa-8c0161b355d4	49bbca403119fbcaf15d1a174c1fa0ef541a5e4b	2896	4	13766.9	47.6228	13767	47.502	18106	28.9165	unclassified	chr12	113289951	113308076	0	18100	+	18133	18092	18080	8	33	12	60	0.999669	0.999337	0.997077	0
PBC68292_skip_a8343fc7_49bbca40_19.pod5	7d5dca6b-fbe7-4e3b-bbec-f3ff3c064670	49bbca403119fbcaf15d1a174c1fa0ef541a5e4b	95	3	13770.4	43.9582	13770.4	43.9562	16200	26.9481	unclassified	chr20	62567565	62583741	6	16174	-	16245	16099	16034	69	77	65	60	0.998025	0.995963	0.987011	0
PBC68292_skip_a8343fc7_49bbca40_19.pod5	bb2e68d3-1005-4a49-8208-528fd35f9c3e	49bbca403119fbcaf15d1a174c1fa0ef541a5e4b	2872	1	13813.2	1.9084	13813.2	1.9064	355	2.51428	unclassified	*	-1	-1	-1	-1	*	0	0	0	0	0	0	0	0	0	0	0
PBC68292_skip_a8343fc7_49bbca40_19.pod5	5295edb0-a06b-4003-93c1-201b60e46b38	49bbca403119fbcaf15d1a174c1fa0ef541a5e4b	1440	1	13806.8	8.366	13806.8	8.364	3531	28.8773	unclassified	chr4	91526399	91529892	30	3525	+	3498	3490	3487	5	3	3	60	0.989805	0.99914	0.996855	0
PBC68292_skip_a8343fc7_49bbca40_19.pod5	316cd43f-b431-4383-b282-fd0009f4e0c2	49bbca403119fbcaf15d1a174c1fa0ef541a5e4b	2479	4	13791.3	23.5124	13791.3	23.5104	8774	30.7574	unclassified	chr13	19978163	19986883	29	8766	+	8743	8714	8700	23	6	14	60	0.995783	0.998393	0.995082	0
PBC68292_skip_a8343fc7_49bbca40_19.pod5	66dc7900-df2e-453a-a789-655392e3fef1	49bbca403119fbcaf15d1a174c1fa0ef541a5e4b	1297	2	13762.6	52.1204	13762.7	52.0116	21208	32.5201	unclassified	chr12	118666177	118687383	7	21208	-	21219	21188	21155	13	18	33	60	0.99967	0.998443	0.996984	0
PBC68292_skip_a8343fc7_49bbca40_19.pod5	68e2f10a-c3ca-4919-a888-6bba2e67a8e7	49bbca403119fbcaf15d1a174c1fa0ef541a5e4b	405	3	13778.6	36.212	13778.9	35.9484	13854	25.0813	unclassified	chr1	157116956	157130820	5	13853	-	13881	13831	13810	17	33	21	60	0.999567	0.998482	0.994885	0
PBC68292_skip_a8343fc7_49bbca40_19.pod5	e0c471f0-b4b1-439a-85bd-cf0630647ba1	49bbca403119fbcaf15d1a174c1fa0ef541a5e4b	2139	4	13810.7	4.8148	13810.7	4.8128	1967	33.6808	unclassified	chr11	102469620	102471550	32	1961	+	1930	1929	1928	0	1	1	60	0.980681	0.999482	0.998964	0
PBC68292_skip_a8343fc7_49bbca40_19.pod5	7e519fb9-a139-4ade-a57e-3eec552de8d7	49bbca403119fbcaf15d1a174c1fa0ef541a5e4b	612	2	13803.9	11.508	13803.9	11.506	5001	31.8857	unclassified	chr15	53185583	53190566	29	5001	+	4984	4971	4965	1	12	6	60	0.994201	0.998793	0.996188	0
PBC68292_skip_a8343fc7_49bbca40_19.pod5	799ede49-c3ee-4067-b82b-1790be9d715a	49bbca403119fbcaf15d1a174c1fa0ef541a5e4b	2089	1	13805.7	9.5372	13805.9	9.3396	3901	9.87212	unclassified	chr4	117101156	117105113	10	3901	-	4100	3748	3534	143	209	214	60	0.997437	0.942903	0.861951	0
PBC68292_skip_a8343fc7_49bbca40_19.pod5	d3149b39-deab-4a97-aecf-f6d4b944f105	49bbca403119fbcaf15d1a174c1fa0ef541a5e4b	683	2	13784.4	30.9282	13784.4	30.9262	11427	26.4509	unclassified	chr1	19872879	19884269	4	11393	-	11403	11376	11357	13	14	19	60	0.996675	0.99833	0.995966	0
PBC68292_skip_a8343fc7_49bbca40_19.pod5	3e171791-1860-42f2-87b9-42cde8e9afca	49bbca403119fbcaf15d1a174c1fa0ef541a5e4b	1183	4	13774.9	39.8168	13775	39.744	16029	28.6542	unclassified	chr12	91352565	91368588	6	16029	-	16033	16013	16001	10	10	12	60	0.999626	0.999251	0.998004	0
PBC68292_skip_a8343fc7_49bbca40_19.pod5	4b27ae58-fbfb-4fe4-8ea8-8fad4211b9cd	49bbca403119fbcaf15d1a174c1fa0ef541a5e4b	1984	4	13709.4	104.639	13709.4	104.637	41217	20.3802	unclassified	chr4	17295973	17336948	24	41210	+	41400	40761	40573	425	214	188	60	0.999248	0.995388	0.980024	0
PBC68292_skip_a8343fc7_49bbca40_19.pod5	7a5d4890-efa5-4603-80d0-f6c34626a6a8	49bbca403119fbcaf15d1a174c1fa0ef541a5e4b	2874	4	13802.9	12.1522	13802.9	12.1502	5795	8.31252	unclassified	chr8	137170760	137176781	13	5764	-	6209	5563	5113	188	458	450	60	0.992407	0.919108	0.823482	0
PBC68292_skip_a8343fc7_49bbca40_19.pod5	d0153f0e-cc15-4346-8c0e-b9a0fc6b0f93	49bbca403119fbcaf15d1a174c1fa0ef541a5e4b	2886	3	13810.6	5.0528	13810.8	4.8696	1406	29.9188	unclassified	chr2	126032841	126034240	0	1398	+	1399	1398	1398	0	1	0	60	0.99431	1	0.999285	0
PBC68292_skip_a8343fc7_49bbca40_19.pod5	d4c64918-54e0-4357-afb3-af04cb2b76b3	49bbca403119fbcaf15d1a174c1fa0ef541a5e4b	1042	2	13807	8.4452	13807.1	8.3532	3600	32.9158	unclassified	chr5	84713211	84716804	0	3589	+	3593	3589	3585	0	4	4	60	0.996944	0.998886	0.997773	0
PBC68292_skip_a8343fc7_49bbca40_19.pod5	2603493b-0474-4d7d-9edb-3ffa9d3be521	49bbca403119fbcaf15d1a174c1fa0ef541a5e4b	1713	1	13749.2	65.7716	13749.3	65.6364	25712	25.6038	unclassified	chr13	21357177	21382878	5	25712	-	25752	25656	25593	51	45	63	60	0.999806	0.997544	0.993826	0
PBC68292_skip_a8343fc7_49bbca40_19.pod5	7fe1a360-e708-4318-862e-4cdb423c4888	49bbca403119fbcaf15d1a174c1fa0ef541a5e4b	488	1	13753.8	61.5428	13754	61.3512	21604	26.1608	unclassified	chr20	56974254	56995859	0	21604	-	21636	21573	21521	31	32	52	60	1	0.99759	0.994685	0
PBC68292_skip_a8343fc7_49bbca40_19.pod5	d1ec3eb3-37aa-4f85-84a0-ef697c7bea5b	49bbca403119fbcaf15d1a174c1fa0ef541a5e4b	2725	4	13798.6	15.9284	13798.8	15.7992	7051	42.0889	unclassified	chr1	143215277	143224168	7	7051	-	8916	7019	6879	25	1872	140	14	0.999007	0.980054	0.771534	0
PBC68292_skip_a8343fc7_49bbca40_19.pod5	b4c641fe-3f8a-482f-9a6d-2cfe36117ad1	49bbca403119fbcaf15d1a174c1fa0ef541a5e4b	1979	3	13773.9	41.3076	13773.9	41.3056	16795	29.9147	unclassified	chr9	42104762	42121502	37	16784	+	16756	16731	16714	16	9	17	60	0.997142	0.998984	0.997493	0
PBC68292_skip_a8343fc7_49bbca40_19.pod5	58264a14-ba04-431c-9dbc-8f8c28cef178	49bbca403119fbcaf15d1a174c1fa0ef541a5e4b	1945	1	13730.7	83.6168	13730.8	83.4888	34093	23.4907	unclassified	chrX	43853852	43885739	2101	34085	+	32055	31816	31765	168	71	51	60	0.93814	0.998397	0.990953	0
PBC68292_skip_a8343fc7_49bbca40_19.pod5	0093b05e-1fcb-4be3-aaf6-91d507286352	49bbca403119fbcaf15d1a174c1fa0ef541a5e4b	1461	4	13789.7	25.8584	13789.9	25.7544	10628	25.4034	unclassified	chr13	70852119	70862758	0	10614	+	10651	10602	10587	12	37	15	60	0.998683	0.998585	0.993991	0
PBC68292_skip_a8343fc7_49bbca40_19.pod5	baed9877-238a-4308-b4e9-b9c14f00c0ec	49bbca403119fbcaf15d1a174c1fa0ef541a5e4b	796	3	13800.9	14.7788	13801.1	14.634	5358	28.057	unclassified	chr12	62249553	62254892	6	5358	-	5354	5337	5334	15	2	3	60	0.99888	0.999438	0.996264	0
PBC68292_skip_a8343fc7_49bbca40_19.pod5	36c732de-15db-4f4c-974c-3694571483f2	49bbca403119fbcaf15d1a174c1fa0ef541a5e4b	360	1	13789.1	26.7092	13789.3	26.5476	10938	30.0585	unclassified	chr10	99217237	99228174	0	10930	+	10942	10925	10900	5	12	25	60	0.999269	0.997712	0.996162	0
PBC68292_skip_a8343fc7_49bbca40_19.pod5	bf3e504e-552c-46d5-8b3c-7bb9d28b5183	49bbca403119fbcaf15d1a174c1fa0ef541a5e4b	2131	1	13791.8	23.5904	13791.9	23.412	8713	27.471	unclassified	chr9	15575474	15584174	0	8707	+	8723	8684	8671	23	16	13	60	0.999311	0.998503	0.994039	0
PBC68292_skip_a8343fc7_49bbca40_19.pod5	96e26b5c-f320-423a-bb71-fa848f718df1	49bbca403119fbcaf15d1a174c1fa0ef541a5e4b	2735	1	13774.7	40.4552	13774.9	40.3032	16597	29.0938	unclassified	chr10	122290729	122307310	9	16597	-	16600	16569	16541	19	12	28	60	0.999458	0.99831	0.996446	0
PBC68292_skip_a8343fc7_49bbca40_19.pod5	efde60bb-9227-4092-b041-c96c436fdda6	49bbca403119fbcaf15d1a174c1fa0ef541a5e4b	2738	2	13797	18.5696	13797.2	18.408	7385	22.4562	unclassified	chr2	110045751	110053158	4	7385	-	7418	7370	7337	11	37	33	60	0.999458	0.995522	0.989081	0
PBC68292_skip_a8343fc7_49bbca40_19.pod5	518312ed-ae7c-43bd-a68a-edd09cfec15e	49bbca403119fbcaf15d1a174c1fa0ef541a5e4b	2535	3	13807.1	8.3828	13807.2	8.2884	2984	22.9467	unclassified	chr3	31430060	31433039	7	2984	-	2980	2976	2964	1	3	12	60	0.997654	0.995968	0.994631	0
PBC68292_skip_a8343fc7_49bbca40_19.pod5	7b4cc5f8-a802-4a48-8d76-5fdd87c62870	49bbca403119fbcaf15d1a174c1fa0ef541a5e4b	1031	1	13809.6	3.0644	13809.8	2.8548	1093	36.26	unclassified	chr5	136659937	136661030	0	1093	-	1093	1093	1091	0	0	2	60	1	0.99817	0.99817	0
PBC68292_skip_a8343fc7_49bbca40_19.pod5	eca6a3f8-a752-4597-b245-fd1e53034bd2	49bbca403119fbcaf15d1a174c1fa0ef541a5e4b	2214	1	13778.5	36.3068	13778.6	36.2172	14722	29.7182	unclassified	chr5	160587509	160602210	6	14722	-	14721	14696	14649	20	5	47	60	0.999592	0.996802	0.995109	0
PBC68292_skip_a8343fc7_49bbca40_19.pod5	6581d06f-9ece-4336-ab22-9a77fbd3115b	49bbca403119fbcaf15d1a174c1fa0ef541a5e4b	1918	4	13771.2	44.4248	13771.3	44.3088	17897	28.4779	unclassified	chr4	127077793	127095729	0	17891	+	17942	17885	17855	6	51	30	60	0.999665	0.998323	0.995151	0
PBC68292_skip_a8343fc7_49bbca40_19.pod5	f1adc1af-02fe-4110-9b2c-74cf94f1fff2	49bbca403119fbcaf15d1a174c1fa0ef541a5e4b	1838	3	13790.3	16.4192	13790.5	16.2672	6527	21.5444	unclassified	chr22	41453466	41459616	0	6156	+	6164	6142	6130	14	8	12	60	0.943159	0.998046	0.994484	0
PBC68292_skip_a8343fc7_49bbca40_19.pod5	adaeb641-bd2b-4051-ad96-299918ecae66	49bbca403119fbcaf15d1a174c1fa0ef541a5e4b	704	4	13797.9	18.0512	13798.1	17.9016	6606	23.5718	unclassified	chr8	57910300	57916911	7	6606	-	6625	6585	6573	14	26	12	60	0.99894	0.998178	0.992151	0
PBC68292_skip_a8343fc7_49bbca40_19.pod5	1af81356-7725-4cef-8f6f-739df026cc7a	49bbca403119fbcaf15d1a174c1fa0ef541a5e4b	2691	1	13771.1	43.9868	13771.1	43.9848	17592	31.0743	unclassified	chr1	179059536	179072458	4666	17586	+	12929	12913	12887	7	9	26	60	0.734425	0.997986	0.996751	0
PBC68292_skip_a8343fc7_49bbca40_19.pod5	58380a30-2446-44a1-85ee-43aff60a03af	49bbca403119fbcaf15d1a174c1fa0ef541a5e4b	217	4	13766.4	49.2332	13766.5	49.1004	20491	25.225	unclassified	chr15	59520139	59535463	0	15312	+	15341	15295	15249	17	29	46	60	0.747255	0.996992	0.994003	0
PBC68292_skip_a8343fc7_49bbca40_19.pod5	cdc0859a-861e-4ee3-9dd8-2b03abe2a444	49bbca403119fbcaf15d1a174c1fa0ef541a5e4b	1917	4	13715.4	89.3984	13715.4	89.3964	32228	23.3208	unclassified	chr7	16843130	16875175	6	32060	-	32129	31970	31849	84	75	121	60	0.994601	0.996215	0.991285	0
PBC68292_skip_a8343fc7_49bbca40_19.pod5	9a6701fd-3b5a-4c36-a20e-62fffec95630	49bbca403119fbcaf15d1a174c1fa0ef541a5e4b	1130	3	13797.7	18.164	13797.9	17.9712	7021	26.2054	unclassified	chr6	46093526	46100540	5	7021	-	7021	7009	7002	7	5	7	60	0.999288	0.999001	0.997294	0
PBC68292_skip_a8343fc7_49bbca40_19.pod5	6eab32c9-c710-445d-84c6-76a898f294e5	49bbca403119fbcaf15d1a174c1fa0ef541a5e4b	1947	1	13770.1	45.3272	13770.3	45.2016	14351	18.9733	unclassified	chr2	242182174	242183290	0	1401	+	1401	1116	1108	285	0	8	60	0.0976239	0.992832	0.790864	0
PBC68292_skip_a8343fc7_49bbca40_19.pod5	26a9074e-0c8f-444d-b569-83a8df4f3b01	49bbca403119fbcaf15d1a174c1fa0ef541a5e4b	1912	4	13802.5	13.4204	13802.6	13.302	5392	29.2984	unclassified	chr6	128371411	128376797	0	5386	+	5392	5380	5373	6	6	7	60	0.998887	0.998699	0.996476	0
PBC68292_skip_a8343fc7_49bbca40_19.pod5	565d762b-c45e-46ce-a8eb-b06cdd469b2e	49bbca403119fbcaf15d1a174c1fa0ef541a5e4b	1963	4	13800.1	15.7244	13800.3	15.6012	7487	20.0178	unclassified	chr3	183078718	183086216	3	7487	-	7534	7448	7411	36	50	37	60	0.999599	0.995032	0.983674	0
PBC68292_skip_a8343fc7_49bbca40_19.pod5	32dcc97d-4703-45fc-b2a9-6380e6d04d76	49bbca403119fbcaf15d1a174c1fa0ef541a5e4b	1372	4	13780	35.6372	13780.2	35.502	14364	26.0319	unclassified	chr15	28980053	28994406	7	14362	-	14378	14330	14312	25	23	18	60	0.999373	0.998744	0.99541	0
PBC68292_skip_a8343fc7_49bbca40_19.pod5	3ff42688-e4f5-4233-8fba-87c2fc4485d2	49bbca403119fbcaf15d1a174c1fa0ef541a5e4b	1147	1	13788.7	27.0756	13788.7	27.0736	13358	22.4857	unclassified	chr7	40361303	40374481	29	13349	+	13359	13139	13097	181	39	42	60	0.997155	0.996803	0.980388	0
PBC68292_skip_a8343fc7_49bbca40_19.pod5	03d60a59-c524-4be4-987d-7e2893644b72	49bbca403119fbcaf15d1a174c1fa0ef541a5e4b	1151	4	13814.6	1.4356	13814.6	1.4336	337	2.1243	unclassified	*	-1	-1	-1	-1	*	0	0	0	0	0	0	0	0	0	0	0
PBC68292_skip_a8343fc7_49bbca40_19.pod5	93844da6-d3d6-425d-9495-87eb8134cc43	49bbca403119fbcaf15d1a174c1fa0ef541a5e4b	415	3	13787.1	28.667	13787.2	28.665	13515	35.5356	unclassified	chr20	31173325	31186963	9	13484	-	13734	13379	13328	96	259	51	60	0.99704	0.996188	0.970438	0
PBC68292_skip_a8343fc7_49bbca40_19.pod5	74f34f44-e2e9-41d3-8f49-28e5c9915aa1	49bbca403119fbcaf15d1a174c1fa0ef541a5e4b	2289	3	13808.1	7.7774	13808.1	7.7754	1618	2.69318	unclassified	*	-1	-1	-1	-1	*	0	0	0	0	0	0	0	0	0	0	0
PBC68292_skip_a8343fc7_49bbca40_19.pod5	1b2da44a-74da-4529-b884-c5381dfed986	49bbca403119fbcaf15d1a174c1fa0ef541a5e4b	1717	1	13765.4	49.838	13765.6	49.686	15034	24.6521	unclassified	chr14	70533632	70548607	0	15026	+	15032	14969	14962	57	6	7	60	0.999468	0.999532	0.995343	0
PBC68292_skip_a8343fc7_49bbca40_19.pod5	080e08de-c2f2-4373-b73d-b92f016618fe	49bbca403119fbcaf15d1a174c1fa0ef541a5e4b	2973	2	13803.8	11.8784	13804	11.7672	5017	24.7211	unclassified	chr13	98665095	98670108	6	5017	-	5020	5004	4988	7	9	16	60	0.998804	0.996803	0.993626	0
PBC68292_skip_a8343fc7_49bbca40_19.pod5	37271e98-54e3-4c93-acb7-ef70851a163d	49bbca403119fbcaf15d1a174c1fa0ef541a5e4b	1302	2	13813.3	2.7442	13813.3	2.7422	1161	27.5959	unclassified	chr11	105935111	105936237	35	1161	+	1127	1125	1124	1	1	1	60	0.969854	0.999111	0.997338	0
PBC68292_skip_a8343fc7_49bbca40_19.pod5	f6734f56-1947-4833-b28f-23dfd8e12273	49bbca403119fbcaf15d1a174c1fa0ef541a5e4b	578	1	13769.1	46.3892	13769.2	46.2612	16736	25.8785	unclassified	chr17	26838729	26854996	36	16729	+	17769	15191	12882	1502	1076	2309	3	0.997431	0.848002	0.72497	0
PBC68292_skip_a8343fc7_49bbca40_19.pod5	be09ac80-4a5b-4df5-bcfa-6558946ecbcf	49bbca403119fbcaf15d1a174c1fa0ef541a5e4b	2813	1	13808	7.79	13808.1	7.6644	3298	27.6879	unclassified	chr9	80075251	80078552	0	3298	+	3302	3297	3290	1	4	7	60	1	0.997877	0.996366	0
PBC68292_skip_a8343fc7_49bbca40_19.pod5	c8c77206-b660-468a-b826-fe3a082b213a	49bbca403119fbcaf15d1a174c1fa0ef541a5e4b	438	4	13807.8	8.3144	13808	8.1888	3313	32.9969	unclassified	chr2	56514507	56517813	7	3313	-	3306	3306	3301	0	0	5	60	0.997887	0.998488	0.998488	0
PBC68292_skip_a8343fc7_49bbca40_19.pod5	3ffcfa5f-60fd-4574-804f-82f7f63764d9	49bbca403119fbcaf15d1a174c1fa0ef541a5e4b	2632	4	13814.2	1.9532	13814.4	1.722	790	29.3836	unclassified	chr9	66097620	66098401	0	781	+	783	779	777	2	2	2	0	0.988608	0.997433	0.992337	0
PBC68292_skip_a8343fc7_49bbca40_19.pod5	d6ffc775-dc10-4dc4-a78f-5099e05bb7be	49bbca403119fbcaf15d1a174c1fa0ef541a5e4b	730	2	13808.7	7.4252	13808.9	7.2924	2799	26.6718	unclassified	chr2	26062721	26065514	0	2794	+	2795	2792	2790	2	1	2	60	0.998214	0.999284	0.998211	0
PBC68292_skip_a8343fc7_49bbca40_19.pod5	4eaf9a76-7dd6-4958-b3df-a322668bf70f	49bbca403119fbcaf15d1a174c1fa0ef541a5e4b	2013	2	13808.8	7.2836	13808.9	7.1964	3100	25.557	unclassified	chr5	20854128	20857229	0	3094	+	3102	3093	3084	1	8	9	60	0.998065	0.99709	0.994197	0
PBC68292_skip_a8343fc7_49bbca40_19.pod5	e2b740af-d4de-4e6e-9943-28e312b676ce	49bbca403119fbcaf15d1a174c1fa0ef541a5e4b	1067	1	13806.1	10.0724	13806.4	9.7476	3677	35.1542	unclassified	chr13	34620807	34624477	0	3671	+	3674	3667	3664	4	3	3	60	0.998368	0.999182	0.997278	0
PBC68292_skip_a8343fc7_49bbca40_19.pod5	c7579f37-2003-457a-b015-901acef9a03c	49bbca403119fbcaf15d1a174c1fa0ef541a5e4b	598	2	13796.3	19.937	13796.3	19.935	7091	13.1617	unclassified	chr6	127142417	127145769	3734	7085	+	3355	3348	3345	3	4	3	60	0.472571	0.999104	0.997019	0
PBC68292_skip_a8343fc7_49bbca40_19.pod5	2f751668-28ca-4b4b-b378-2ea2d3005da0	49bbca403119fbcaf15d1a174c1fa0ef541a5e4b	1165	4	13803.9	12.3032	13804	12.1464	4556	30.7966	unclassified	chr1	110003944	110008496	0	4556	-	4558	4550	4547	6	2	3	60	1	0.999341	0.997587	0
PBC68292_skip_a8343fc7_49bbca40_19.pod5	e5ba7a39-2745-4c23-8bbd-ff8529ec26b0	49bbca403119fbcaf15d1a174c1fa0ef541a5e4b	1946	2	13803.5	12.8348	13803.7	12.5508	5301	19.8356	unclassified	chr4	12033113	12038406	0	5294	+	5320	5267	5235	27	26	32	60	0.99868	0.993924	0.984023	0
PBC68292_skip_a8343fc7_49bbca40_19.pod5	9bee610c-8cd7-4878-a6b6-454075ef6fea	49bbca403119fbcaf15d1a174c1fa0ef541a5e4b	2631	1	13799.6	16.6148	13799.7	16.5204	6126	36.6892	unclassified	chrX	74037657	74043776	7	6126	-	6120	6118	6117	1	1	1	60	0.998857	0.999837	0.99951	0
PBC68292_skip_a8343fc7_49bbca40_19.pod5	d0f65c12-3d83-4337-9513-d79d4cf0192b	49bbca403119fbcaf15d1a174c1fa0ef541a5e4b	2104	4	13800.7	15.5996	13800.8	15.4356	7477	25.6137	unclassified	chr10	110575847	110583321	0	7466	+	7485	7455	7446	11	19	9	60	0.998529	0.998793	0.99479	0
PBC68292_skip_a8343fc7_49bbca40_19.pod5	81e7e687-0b8f-45ba-b850-81f8e557f8ad	49bbca403119fbcaf15d1a174c1fa0ef541a5e4b	2274	3	13784.5	31.3556	13784.6	31.2348	13261	26.1588	unclassified	chr5	158132073	158145353	7	13259	-	13300	13232	13188	20	48	44	60	0.999321	0.996675	0.991579	0
PBC68292_skip_a8343fc7_49bbca40_19.pod5	60a7679a-d128-455f-a604-918b324450e1	49bbca403119fbcaf15d1a174c1fa0ef541a5e4b	1218	4	13753.7	62.0216	13753.8	61.9332	21615	21.7802	unclassified	chr22	38369371	38390979	6	21615	-	21691	21526	21434	83	82	92	60	0.999722	0.995726	0.988152	0
PBC68292_skip_a8343fc7_49bbca40_19.pod5	7519ca06-16d7-488c-b1b7-9d7cb363c941	49bbca403119fbcaf15d1a174c1fa0ef541a5e4b	587	1	13807.6	9.024	13807.6	9.022	2699	5.39454	unclassified	*	-1	-1	-1	-1	*	0	0	0	0	0	0	0	0	0	0	0
PBC68292_skip_a8343fc7_49bbca40_19.pod5	a8126356-6060-45dd-875c-69cfa0cf1e2e	49bbca403119fbcaf15d1a174c1fa0ef541a5e4b	2414	4	13785	30.944	13785.2	30.8208	13307	28.2503	unclassified	chr6	68442453	68455789	0	13300	+	13346	13290	13272	10	46	18	60	0.999474	0.998646	0.994455	0
PBC68292_skip_a8343fc7_49bbca40_19.pod5	d9f4d8e9-8155-4e15-96d8-31b06847aa53	49bbca403119fbcaf15d1a174c1fa0ef541a5e4b	2594	3	13792.2	23.7536	13792.3	23.652	10141	26.947	unclassified	chr4	167123220	167133369	7	10141	-	10158	10125	10106	9	24	19	60	0.99931	0.998123	0.994881	0
PBC68292_skip_a8343fc7_49bbca40_19.pod5	14589a66-49e2-4b3b-aaa6-24d48d7cd1b2	49bbca403119fbcaf15d1a174c1fa0ef541a5e4b	868	4	13805.2	11.0432	13805.3	10.9464	4571	27.3972	unclassified	chr8	141900037	141904615	8	4571	-	4579	4562	4557	1	16	5	60	0.99825	0.998904	0.995195	0
PBC68292_skip_a8343fc7_49bbca40_19.pod5	741a2807-d47b-464a-904a-d5071182df07	49bbca403119fbcaf15d1a174c1fa0ef541a5e4b	2264	1	13794	21.908	13794.1	21.8328	9857	24.502	unclassified	chr16	20030183	20040062	8	9857	-	9898	9830	9814	19	49	16	60	0.999188	0.998372	0.991513	0
PBC68292_skip_a8343fc7_49bbca40_19.pod5	5ce2807c-3c74-4f76-8191-8543410daa63	49bbca403119fbcaf15d1a174c1fa0ef541a5e4b	1829	3	13810.5	6.114	13810.5	6.112	2036	8.41864	unclassified	chr6	156343926	156345686	245	1999	-	1812	1702	1639	52	58	63	60	0.861493	0.962985	0.904525	0
PBC68292_skip_a8343fc7_49bbca40_19.pod5	09a8a92c-41b0-444a-bf31-cbe5f9bb8fd8	49bbca403119fbcaf15d1a174c1fa0ef541a5e4b	2339	2	13778.7	37.076	13778.8	36.9552	14733	30.1624	unclassified	chrX	138118355	138133094	2	14733	-	14750	14720	14709	11	19	11	60	0.999864	0.999253	0.99722	0
PBC68292_skip_a8343fc7_49bbca40_19.pod5	6002c5ba-dd9f-4672-860e-cd234bc0af91	49bbca403119fbcaf15d1a174c1fa0ef541a5e4b	2312	2	13813.5	3.1058	13813.5	3.1038	1097	35.4314	unclassified	chr13	74520545	74521600	5	1061	-	1056	1055	1054	1	0	1	60	0.962625	0.999052	0.998106	0
PBC68292_skip_a8343fc7_49bbca40_19.pod5	c177b586-dbf2-4973-b396-1a0fb5db8271	49bbca403119fbcaf15d1a174c1fa0ef541a5e4b	2407	2	13807.9	8.5976	13808	8.52	3248	25.1919	unclassified	chr17	43331922	43335163	0	3238	+	3244	3235	3225	3	6	10	60	0.996921	0.996909	0.994143	0
PBC68292_skip_a8343fc7_49bbca40_19.pod5	4704165f-99f9-498a-8c49-057bcf121456	49bbca403119fbcaf15d1a174c1fa0ef541a5e4b	1093	2	13798.7	17.8704	13798.7	17.8684	7399	28.5998	unclassified	chr4	48320368	48327711	32	7390	+	7363	7338	7325	20	5	13	60	0.994459	0.998228	0.994839	0
PBC68292_skip_a8343fc7_49bbca40_19.pod5	d8392239-874b-4517-ab84-7e8d230c05fd	49bbca403119fbcaf15d1a174c1fa0ef541a5e4b	2953	4	13808.9	7.6136	13809	7.5192	2954	28.3604	unclassified	chr7	105523570	105526515	0	2944	+	2951	2938	2934	6	7	4	60	0.996615	0.998639	0.994239	0
