filename	read_id	run_id	channel	mux	start_time	duration	template_start	template_duration	sequence_length_template	mean_qscore_template	barcode	alignment_genome	alignment_genome_start	alignment_genome_end	alignment_strand_start	alignment_strand_end	alignment_direction	alignment_length	alignment_num_aligned	alignment_num_correct	alignment_num_insertions	alignment_num_deletions	alignment_num_substitutions	alignment_mapq	alignment_strand_coverage	alignment_identity	alignment_accuracy	alignment_bed_hits
PBE31016_skip_48cfe1d5_2a56a123_120.pod5	35b6eee5-8459-4549-9ee2-de0ea0e7a71f	2a56a1234efd33c542b8cb6a9627e827d4977d6c	1147	4	94248.1	101.092	94248.3	100.861	39202	27.1054	unclassified	chr1	10001	46054	2909	39192	+	36344	35992	35757	291	61	235	60	0.925539	0.993471	0.983849	0
PBE31016_skip_48cfe1d5_2a56a123_104.pod5	859eb532-4bfd-448a-94a5-d5c00bf654e7	2a56a1234efd33c542b8cb6a9627e827d4977d6c	2106	2	80143.4	66.2	80143.5	66.0648	27735	25.959	unclassified	chr1	10001	35203	2332	27735	+	25455	25150	24967	253	52	183	60	0.915919	0.992724	0.980829	0
PBE31016_skip_48cfe1d5_2a56a123_18.pod5	d66b2f3d-c4ad-4a1a-ae12-aa93cfd980b1	2a56a1234efd33c542b8cb6a9627e827d4977d6c	1149	3	12499.3	87.5778	12499.3	87.5758	34219	10.2036	unclassified	chr1	10001	42027	1503	34210	+	33939	30794	29145	1913	1232	1649	31	0.955814	0.946451	0.858747	0
PBE31016_skip_48cfe1d5_2a56a123_135.pod5	c85fcd31-3df2-4f07-bbd3-a89e1c799cd1	2a56a1234efd33c542b8cb6a9627e827d4977d6c	560	3	107915	86.7686	107915	86.7666	35757	10.7152	unclassified	chr1	10001	43673	2535	35730	-	34613	32254	30606	941	1418	1648	38	0.92835	0.948906	0.884234	0
PBE31016_skip_48cfe1d5_2a56a123_16.pod5	35aa9498-41fb-4a29-9316-cedd2ee37c4f	2a56a1234efd33c542b8cb6a9627e827d4977d6c	1213	3	6830.32	176.322	6830.51	176.125	54919	25.2861	unclassified	chr1	10002	60385	4496	54914	+	50623	50178	49815	240	205	363	20	0.918043	0.992766	0.984039	0
PBE31016_skip_48cfe1d5_2a56a123_158.pod5	0b668bdc-9064-4776-9df5-fd978dd2e624	2a56a1234efd33c542b8cb6a9627e827d4977d6c	1662	2	139401	0.4758	139401	0.4738	113	13.8639	unclassified	chr1	10205	10340	0	113	-	135	113	108	0	22	5	9	1	0.955752	0.8	0
PBE31016_skip_48cfe1d5_2a56a123_147.pod5	3c863f4c-cd41-4685-a5ad-cee28f94d5be	2a56a1234efd33c542b8cb6a9627e827d4977d6c	1820	4	122819	0.309	122819	0.307	111	23.696	unclassified	chr1	10298	10412	0	111	-	115	110	104	1	4	6	30	1	0.945455	0.904348	0
PBE31016_skip_48cfe1d5_2a56a123_142.pod5	5a50fc34-98cc-47b5-ab92-377094c3c06e	2a56a1234efd33c542b8cb6a9627e827d4977d6c	426	1	115814	71.1898	115814	71.1878	25577	25.1924	unclassified	chr1	10319	27563	8319	25569	+	17345	17149	17014	101	95	135	11	0.674434	0.992128	0.980917	0
PBE31016_skip_48cfe1d5_2a56a123_190.pod5	474b921d-c130-48f0-aa43-d137ee8d7585	2a56a1234efd33c542b8cb6a9627e827d4977d6c	2597	3	240231	65.6168	240231	65.4876	20215	18.7108	unclassified	chr1	10319	24931	5835	20209	+	14734	14252	14040	122	360	212	18	0.711056	0.985125	0.952898	0
PBE31016_skip_48cfe1d5_2a56a123_108.pod5	f8b24b99-25ae-4853-a896-514a5a0e05fe	2a56a1234efd33c542b8cb6a9627e827d4977d6c	333	1	83461.8	110.923	83461.9	110.756	43891	28.7687	unclassified	chr1	10319	47252	6896	43884	+	37124	36797	36583	191	136	214	1	0.842724	0.994184	0.985427	0
PBE31016_skip_48cfe1d5_2a56a123_63.pod5	3d408055-dbef-4284-970a-8bb02b811936	2a56a1234efd33c542b8cb6a9627e827d4977d6c	123	2	44604.7	101.354	44604.9	101.146	43209	26.3776	unclassified	chr1	10319	45303	8159	43209	+	35192	34842	34613	208	142	229	1	0.811174	0.993427	0.983547	0
PBE31016_skip_48cfe1d5_2a56a123_105.pod5	4e659593-5026-4cdb-99a8-e0d1660ef689	2a56a1234efd33c542b8cb6a9627e827d4977d6c	129	3	76442.4	372.985	76442.6	372.845	81619	15.4715	unclassified	chr1	10319	80907	10858	81619	-	71657	69692	68314	1069	896	1378	30	0.866967	0.980227	0.953347	0
PBE31016_skip_48cfe1d5_2a56a123_71.pod5	a3d4e12d-2a2a-4ad4-af6f-48e389de3e50	2a56a1234efd33c542b8cb6a9627e827d4977d6c	2698	1	50446.1	110.254	50446.3	110.088	37493	17.4387	unclassified	chr1	10319	42380	5429	37493	-	32468	31657	31188	407	404	469	1	0.8552	0.985185	0.960577	0
PBE31016_skip_48cfe1d5_2a56a123_166.pod5	c290f059-6cda-4641-ba1a-f55b39d2bd4b	2a56a1234efd33c542b8cb6a9627e827d4977d6c	1076	1	156159	50.8988	156159	50.7828	26217	20.3629	unclassified	chr1	10464	36444	602	26217	-	26111	25484	25176	131	496	308	1	0.977038	0.987914	0.964191	0
PBE31016_skip_48cfe1d5_2a56a123_59.pod5	1e519071-3afc-427d-a4d4-66ecb36adbdf	2a56a1234efd33c542b8cb6a9627e827d4977d6c	2691	2	41365.9	109.093	41366	108.986	43955	25.4712	unclassified	chr1	10498	49677	5001	43948	+	39283	38843	38573	104	336	270	3	0.886065	0.993049	0.981926	0
PBE31016_skip_48cfe1d5_2a56a123_128.pod5	5ab7d03f-ca04-41b5-a0eb-3e4d2042d8de	2a56a1234efd33c542b8cb6a9627e827d4977d6c	2242	4	95085.2	141.489	95085.4	141.33	52455	27.8348	unclassified	chr1	10498	58090	5050	52455	-	47691	47306	47028	99	286	278	36	0.903727	0.994123	0.986098	0
PBE31016_skip_48cfe1d5_2a56a123_163.pod5	ab5eabcd-c067-4b2c-bfb4-3a7c88e39b21	2a56a1234efd33c542b8cb6a9627e827d4977d6c	1762	2	145729	203.991	145729	203.89	76657	29.4686	unclassified	chr1	10498	82093	5331	76657	-	71687	71234	70931	92	361	303	60	0.930456	0.995746	0.989454	0
PBE31016_skip_48cfe1d5_2a56a123_24.pod5	30bacea6-4287-43ad-9c14-15ef33579fb7	2a56a1234efd33c542b8cb6a9627e827d4977d6c	1062	3	10819	321.417	10819	321.33	131643	26.9452	unclassified	chr1	10498	70098	71565	131643	-	60212	59466	58987	612	134	479	25	0.456371	0.991945	0.979655	0
PBE31016_skip_48cfe1d5_2a56a123_50.pod5	f7261046-c621-4b40-89f5-36a13f15da15	2a56a1234efd33c542b8cb6a9627e827d4977d6c	415	2	31589.5	200.242	31589.6	200.069	81276	26.3422	unclassified	chr1	10498	84803	7264	81276	-	74423	73894	73569	118	411	325	60	0.910626	0.995602	0.988525	0
PBE31016_skip_48cfe1d5_2a56a123_51.pod5	2f464dd0-822c-41d5-a133-96ef4b7d4d3f	2a56a1234efd33c542b8cb6a9627e827d4977d6c	2535	1	34285.3	70.0984	34285.3	70.0964	19413	11.8342	unclassified	chr1	10517	20614	9396	19383	-	10433	9651	9145	336	446	506	11	0.514449	0.94757	0.876546	0
PBE31016_skip_48cfe1d5_2a56a123_124.pod5	fe4a784a-1267-457c-b630-34eb9d24832d	2a56a1234efd33c542b8cb6a9627e827d4977d6c	2902	3	97517.9	116.019	97517.9	116.017	45082	10.9754	unclassified	chr1	10586	45659	9968	45067	+	36255	33917	32306	1182	1156	1611	1	0.778559	0.952502	0.891077	0
PBE31016_skip_48cfe1d5_2a56a123_9.pod5	f4349570-7851-4936-bfb8-38abb0605eda	2a56a1234efd33c542b8cb6a9627e827d4977d6c	1336	1	5557.73	247.738	5557.86	247.603	95708	22.7338	unclassified	chr1	10854	59166	47446	95708	-	48384	48190	48019	72	122	171	40	0.504263	0.996452	0.992456	0
PBE31016_skip_48cfe1d5_2a56a123_150.pod5	32c44d4b-d710-4140-86b1-4a5a9f154fd3	2a56a1234efd33c542b8cb6a9627e827d4977d6c	2088	3	127483	79.1816	127483	78.948	25302	29.6083	unclassified	chr1	10905	35994	192	25295	+	25138	25054	24912	49	35	142	60	0.992135	0.994332	0.99101	0
PBE31016_skip_48cfe1d5_2a56a123_150.pod5	1c68cde9-4a39-4a1e-807c-e74f98d6bb11	2a56a1234efd33c542b8cb6a9627e827d4977d6c	2088	3	127562	61.7096	127563	61.5984	25292	26.9925	unclassified	chr1	10905	35994	198	25292	-	25142	25041	24877	53	48	164	60	0.992171	0.993451	0.98946	0
PBE31016_skip_48cfe1d5_2a56a123_151.pod5	fa6468a6-13f1-4744-95ea-2eafcd70733a	2a56a1234efd33c542b8cb6a9627e827d4977d6c	1975	3	123705	243.495	123705	243.35	64614	25.1105	unclassified	chr1	10948	68878	6450	64614	-	58298	57796	57353	368	134	443	23	0.900176	0.992335	0.98379	0
PBE31016_skip_48cfe1d5_2a56a123_4.pod5	76b301d8-aa60-4ce7-a3ad-f8ea43a2acb7	2a56a1234efd33c542b8cb6a9627e827d4977d6c	1648	3	3774.79	4.8812	3774.98	4.6956	1643	24.9247	unclassified	chr1	11112	12751	6	1643	-	1640	1636	1631	1	3	5	0	0.996348	0.996944	0.994512	0
PBE31016_skip_48cfe1d5_2a56a123_183.pod5	a14e32f0-513f-46cb-8494-dd7db1c0eb3b	2a56a1234efd33c542b8cb6a9627e827d4977d6c	604	3	214605	35.7164	214605	35.4012	10152	28.6994	unclassified	chr1	11212	20818	5	9623	-	9635	9589	9423	29	17	166	1	0.9474	0.982688	0.977997	0
PBE31016_skip_48cfe1d5_2a56a123_106.pod5	735e4e56-7bdb-4364-a1c1-33da002d7add	2a56a1234efd33c542b8cb6a9627e827d4977d6c	1015	2	81172.6	26.5796	81172.8	26.43	10130	28.3283	unclassified	chr1	11315	21438	0	10126	+	10137	10112	10060	14	11	52	20	0.999605	0.994858	0.992404	0
PBE31016_skip_48cfe1d5_2a56a123_106.pod5	bdd7fc68-2cdf-4394-a330-8f8b48a9501a	2a56a1234efd33c542b8cb6a9627e827d4977d6c	1015	2	81199.3	23.5148	81199.4	23.3976	10129	24.0642	unclassified	chr1	11315	21437	10	10129	-	10138	10103	10038	16	19	65	12	0.999013	0.993566	0.990136	0
PBE31016_skip_48cfe1d5_2a56a123_127.pod5	b6602a68-cfa5-49a0-b84c-c172bfc70780	2a56a1234efd33c542b8cb6a9627e827d4977d6c	1354	1	100255	37.9316	100255	37.7652	8681	25.7031	unclassified	chr1	11438	20091	7	8681	-	8684	8643	8560	31	10	83	60	0.999194	0.990397	0.985721	0
PBE31016_skip_48cfe1d5_2a56a123_89.pod5	c2efb0e3-adaa-497e-966e-b93a411ca031	2a56a1234efd33c542b8cb6a9627e827d4977d6c	1632	4	66670.5	41.7548	66670.8	41.5476	11015	26.3827	unclassified	chr1	11569	22573	0	11009	+	11021	10992	10934	17	12	58	60	0.999455	0.994723	0.992106	0
PBE31016_skip_48cfe1d5_2a56a123_26.pod5	61dc7126-2f04-4806-84ac-f9260ab87490	2a56a1234efd33c542b8cb6a9627e827d4977d6c	434	2	17204.7	5.72	17204.9	5.5344	1835	34.05	unclassified	chr1	12368	14196	0	1827	+	1828	1827	1825	0	1	2	42	0.99564	0.998905	0.998359	0
PBE31016_skip_48cfe1d5_2a56a123_147.pod5	be3fe309-866d-420d-a374-a9f0860985cc	2a56a1234efd33c542b8cb6a9627e827d4977d6c	692	3	122209	0.3344	122209	0.3324	115	43.8842	unclassified	chr1	12625	12736	0	111	+	111	111	111	0	0	0	0	0.965217	1	1	0
PBE31016_skip_48cfe1d5_2a56a123_107.pod5	5717373d-97db-4d92-8184-6c10a9c090e1	2a56a1234efd33c542b8cb6a9627e827d4977d6c	2961	4	82568.5	24.7388	82568.6	24.5748	9098	27.1527	unclassified	chr1	13279	22356	0	9091	+	9099	9069	9018	22	8	51	60	0.999231	0.994376	0.991098	0
PBE31016_skip_48cfe1d5_2a56a123_5.pod5	99fdded5-d4aa-406a-b7d7-02f9f4cb313a	2a56a1234efd33c542b8cb6a9627e827d4977d6c	1884	4	4697.56	20.6924	4697.66	20.5932	9231	21.879	unclassified	chr1	13469	22718	0	9224	+	9270	9203	9137	21	46	66	60	0.999242	0.992828	0.985653	0
PBE31016_skip_48cfe1d5_2a56a123_5.pod5	afb57f99-706c-4c6f-bbae-8759d9ad3dd2	2a56a1234efd33c542b8cb6a9627e827d4977d6c	1884	4	4674.71	22.7576	4674.84	22.6272	9252	28.5798	unclassified	chr1	13469	22717	7	9252	-	9256	9237	9199	8	11	38	60	0.999243	0.995886	0.993842	0
PBE31016_skip_48cfe1d5_2a56a123_106.pod5	d8832023-4006-4fef-b98f-0a7e4bb21900	2a56a1234efd33c542b8cb6a9627e827d4977d6c	957	1	81164.8	2.0994	81164.8	2.0974	768	10.0733	unclassified	chr1	13663	14373	35	751	+	738	688	641	28	22	47	1	0.932292	0.931686	0.868564	0
PBE31016_skip_48cfe1d5_2a56a123_25.pod5	7fac6be4-3054-48c3-be5b-4f3c5d328298	2a56a1234efd33c542b8cb6a9627e827d4977d6c	1948	1	16907.9	48.9452	16908	48.8196	18900	25.7717	unclassified	chr1	13980	32889	3	18892	+	18953	18845	18667	44	64	178	21	0.999418	0.990555	0.98491	0
PBE31016_skip_48cfe1d5_2a56a123_87.pod5	cac3178e-9588-4c53-a413-ed311c63bde4	2a56a1234efd33c542b8cb6a9627e827d4977d6c	2720	1	64530.4	21.277	64530.4	21.275	8404	10.8447	unclassified	chr1	14067	22575	30	8394	+	8702	8170	7802	194	338	368	60	0.99524	0.954957	0.896576	0
PBE31016_skip_48cfe1d5_2a56a123_20.pod5	98998faa-4307-49d1-94cb-a2491abe9281	2a56a1234efd33c542b8cb6a9627e827d4977d6c	2361	1	13669.3	9.6032	13669.4	9.4968	3475	31.0708	unclassified	chr1	14379	17839	0	3464	+	3471	3453	3419	11	7	34	15	0.996835	0.990153	0.985019	0
PBE31016_skip_48cfe1d5_2a56a123_21.pod5	cb91fcab-9585-4a6e-b3d5-dae110865d83	2a56a1234efd33c542b8cb6a9627e827d4977d6c	2886	1	14343.9	36.7414	14343.9	36.7394	14565	30.0166	unclassified	chr1	14465	28995	8	14527	-	14539	14510	14452	9	20	58	58	0.996842	0.996003	0.994016	0
PBE31016_skip_48cfe1d5_2a56a123_21.pod5	71ac565f-d375-4c96-9ded-ce175428c0ee	2a56a1234efd33c542b8cb6a9627e827d4977d6c	2886	1	14380.7	33.9572	14380.8	33.858	14542	25.9181	unclassified	chr1	14466	28995	0	14535	+	14555	14509	14450	26	20	59	55	0.999519	0.995934	0.992786	0
PBE31016_skip_48cfe1d5_2a56a123_54.pod5	3aea8b61-1bf6-47f9-8949-7b6e7fd222a8	2a56a1234efd33c542b8cb6a9627e827d4977d6c	1654	2	37297	12.7244	37297.2	12.5484	5012	32.0607	unclassified	chr1	15223	20229	6	5012	-	5010	5002	4995	4	4	7	60	0.998803	0.998601	0.997006	0
PBE31016_skip_48cfe1d5_2a56a123_93.pod5	893b3a19-a657-4933-a708-52be1e11b0cc	2a56a1234efd33c542b8cb6a9627e827d4977d6c	2690	1	70075.7	9.851	70075.7	9.849	3806	27.0994	unclassified	chr1	15303	19074	36	3797	+	3772	3760	3755	1	11	5	60	0.988177	0.99867	0.995493	0
PBE31016_skip_48cfe1d5_2a56a123_93.pod5	25df2308-bbca-4e4b-b5ed-d628fc72aa9d	2a56a1234efd33c542b8cb6a9627e827d4977d6c	2690	1	70066.1	9.5276	70066.3	9.4116	3775	28.7174	unclassified	chr1	15303	19074	8	3775	-	3773	3765	3758	2	6	7	60	0.997881	0.998141	0.996024	0
PBE31016_skip_48cfe1d5_2a56a123_113.pod5	dae6b13c-3cc8-4f39-8694-f0a507d04876	2a56a1234efd33c542b8cb6a9627e827d4977d6c	971	1	88414.6	15.6648	88414.6	15.6628	5813	29.7573	unclassified	chr1	15491	21267	29	5813	+	5792	5768	5718	16	8	50	9	0.995011	0.991331	0.987224	0
PBE31016_skip_48cfe1d5_2a56a123_124.pod5	3fe0b453-0541-4d81-9843-1f301bc728f9	2a56a1234efd33c542b8cb6a9627e827d4977d6c	2371	3	97017.3	9.3776	97017.5	9.1464	3584	28.4909	unclassified	chr1	15906	19476	6	3577	+	3572	3569	3552	2	1	17	28	0.996373	0.995237	0.994401	0
PBE31016_skip_48cfe1d5_2a56a123_39.pod5	e577f17e-79a7-4f47-bc3e-1bb219f278a7	2a56a1234efd33c542b8cb6a9627e827d4977d6c	355	4	26852.2	19.1084	26852.4	18.918	7151	22.8076	unclassified	chr1	15925	23082	0	7149	+	7174	7132	7053	17	25	79	24	0.99972	0.988923	0.983134	0
PBE31016_skip_48cfe1d5_2a56a123_39.pod5	f630c4ea-5d12-4061-b7be-28f8bdfb0655	2a56a1234efd33c542b8cb6a9627e827d4977d6c	355	4	26833.4	18.7532	26833.5	18.6468	7163	27.6639	unclassified	chr1	15925	23078	7	7163	-	7171	7138	7080	18	15	58	10	0.999023	0.991874	0.98731	0
PBE31016_skip_48cfe1d5_2a56a123_29.pod5	390670b3-58b8-4331-92b0-bcfd719bfe8f	2a56a1234efd33c542b8cb6a9627e827d4977d6c	1967	2	18925.7	9.5132	18925.8	9.3876	3980	18.3824	unclassified	chr1	16044	20033	0	3973	+	4004	3958	3939	15	31	19	60	0.998241	0.9952	0.983766	0
PBE31016_skip_48cfe1d5_2a56a123_29.pod5	b2c7f985-c1de-4ff8-84a5-24e0cb91e181	2a56a1234efd33c542b8cb6a9627e827d4977d6c	1967	2	18915.6	10.1168	18915.7	9.9816	3993	23.0375	unclassified	chr1	16044	20032	7	3993	-	3998	3976	3965	10	12	11	60	0.998247	0.997233	0.991746	0
PBE31016_skip_48cfe1d5_2a56a123_19.pod5	feb54231-84a2-45e1-bf35-38a946f2a56b	2a56a1234efd33c542b8cb6a9627e827d4977d6c	364	2	12840.8	12.4666	12840.8	12.4646	4891	12.1755	unclassified	chr1	16063	18564	47	2532	+	2528	2458	2396	27	43	62	9	0.508076	0.974776	0.947785	0
PBE31016_skip_48cfe1d5_2a56a123_85.pod5	e8017dfb-3faf-4533-b895-4bce375c70a1	2a56a1234efd33c542b8cb6a9627e827d4977d6c	1816	1	63039.5	35.0036	63039.8	34.6836	13388	24.9264	unclassified	chr1	16267	28208	1454	13381	+	11957	11911	11802	16	30	109	7	0.890872	0.990849	0.987037	0
PBE31016_skip_48cfe1d5_2a56a123_85.pod5	95875005-99a7-4dd1-b9f0-94deddaba84a	2a56a1234efd33c542b8cb6a9627e827d4977d6c	1816	1	63010.8	28.64	63010.9	28.5168	11934	29.4818	unclassified	chr1	16281	28207	0	11934	-	11940	11920	11826	14	6	94	19	1	0.992114	0.990452	0
PBE31016_skip_48cfe1d5_2a56a123_152.pod5	be6902a3-d0d8-4609-8f38-1b3bc2de857a	2a56a1234efd33c542b8cb6a9627e827d4977d6c	2802	2	128398	2.3216	128398	2.3196	626	10.4476	unclassified	chr1	16328	16949	2	626	+	640	605	566	19	16	39	10	0.996805	0.935537	0.884375	0
PBE31016_skip_48cfe1d5_2a56a123_174.pod5	8a6134af-2413-47a2-89ce-b87b8179642f	2a56a1234efd33c542b8cb6a9627e827d4977d6c	2704	1	180888	11.882	180888	11.694	3826	26.3293	unclassified	chr1	16350	20168	6	3826	-	3821	3817	3803	3	1	14	42	0.998432	0.996332	0.995289	0
PBE31016_skip_48cfe1d5_2a56a123_56.pod5	213a59a4-41d4-4f1b-b842-9f527197c4de	2a56a1234efd33c542b8cb6a9627e827d4977d6c	562	3	39539.9	10.4768	39539.9	10.4748	3651	22.5524	unclassified	chr1	16614	20230	34	3645	+	3620	3607	3598	4	9	9	60	0.989044	0.997505	0.993923	0
PBE31016_skip_48cfe1d5_2a56a123_59.pod5	d98b0c41-5a5d-4f7e-a61a-3320b6b51ee1	2a56a1234efd33c542b8cb6a9627e827d4977d6c	2702	4	41336.9	12.5432	41337	12.4272	4993	29.3993	unclassified	chr1	17020	22015	0	4993	-	5000	4988	4973	5	7	15	1	1	0.996993	0.9946	0
PBE31016_skip_48cfe1d5_2a56a123_184.pod5	d664613d-7825-4533-920e-7cf63bda290e	2a56a1234efd33c542b8cb6a9627e827d4977d6c	679	1	217620	9.0584	217620	8.7624	2469	30.1663	unclassified	chr1	18337	20803	0	2460	+	2467	2459	2445	1	7	14	46	0.996355	0.994307	0.991082	0
PBE31016_skip_48cfe1d5_2a56a123_159.pod5	65e9ec10-f362-41df-92d3-59017d72ef88	2a56a1234efd33c542b8cb6a9627e827d4977d6c	2050	3	141645	33.7112	141645	33.576	11380	25.5102	unclassified	chr1	18709	30085	0	11371	+	11394	11353	11298	18	23	55	27	0.999209	0.995155	0.991575	0
PBE31016_skip_48cfe1d5_2a56a123_150.pod5	6d481cba-b087-490e-a503-02469d3efcc3	2a56a1234efd33c542b8cb6a9627e827d4977d6c	2156	2	128139	7.759	128139	7.757	2969	24.4951	unclassified	chr1	19023	21996	0	2969	-	2980	2962	2941	7	11	21	1	1	0.99291	0.986913	0
PBE31016_skip_48cfe1d5_2a56a123_69.pod5	2e262a91-4e8d-49df-bc36-6ad2d79d6596	2a56a1234efd33c542b8cb6a9627e827d4977d6c	2203	2	49151.1	6.5492	49151.3	6.4212	2431	26.995	unclassified	chr1	19084	21512	0	2426	+	2428	2426	2411	0	2	15	40	0.997943	0.993817	0.992998	0
PBE31016_skip_48cfe1d5_2a56a123_23.pod5	150c5ad3-b43d-468a-8508-f3949c346680	2a56a1234efd33c542b8cb6a9627e827d4977d6c	2298	3	16279.5	10.0124	16279.6	9.8412	2869	33.4555	unclassified	chr1	19427	22294	8	2869	-	2867	2861	2857	0	6	4	18	0.997212	0.998602	0.996512	0
PBE31016_skip_48cfe1d5_2a56a123_23.pod5	2b320de2-48d9-4388-98b1-7da39b6135d7	2a56a1234efd33c542b8cb6a9627e827d4977d6c	2298	3	16289.5	8.4428	16289.6	8.31	2865	23.7322	unclassified	chr1	19428	22294	0	2859	+	2869	2856	2850	3	10	6	19	0.997906	0.997899	0.993378	0
PBE31016_skip_48cfe1d5_2a56a123_102.pod5	7af91675-ef56-40f5-b05d-e2ad4f3e0f2c	2a56a1234efd33c542b8cb6a9627e827d4977d6c	442	3	79017.1	15.1016	79017.2	14.9436	5328	27.6798	unclassified	chr1	19586	23428	1482	5322	+	3846	3836	3811	4	6	25	0	0.720721	0.993483	0.9909	0
PBE31016_skip_48cfe1d5_2a56a123_192.pod5	42aa9ff4-2c2e-4469-a5e3-6478dbb04207	2a56a1234efd33c542b8cb6a9627e827d4977d6c	642	3	245781	6.8936	245781	6.6552	1585	22.6678	unclassified	chr1	19692	21267	0	1576	+	1582	1569	1560	7	6	9	32	0.994322	0.994264	0.986094	0
PBE31016_skip_48cfe1d5_2a56a123_86.pod5	d76afd21-f40e-476a-bbc7-cb42d782d470	2a56a1234efd33c542b8cb6a9627e827d4977d6c	2922	2	63640.5	23.3024	63640.7	23.1072	5233	17.9224	unclassified	chr1	19838	25059	9	5233	-	5255	5190	5119	34	31	71	13	0.99828	0.98632	0.97412	0
PBE31016_skip_48cfe1d5_2a56a123_110.pod5	24af8dd9-37e2-4370-bf17-f4b2ac0680fe	2a56a1234efd33c542b8cb6a9627e827d4977d6c	188	3	82615.5	125.007	82615.7	124.853	47965	28.3876	unclassified	chr1	19879	67862	8	47965	-	48046	47894	47725	63	89	169	60	0.999833	0.996471	0.993319	0
PBE31016_skip_48cfe1d5_2a56a123_14.pod5	758c008c-3f88-42b7-9e68-dff95d6cee90	2a56a1234efd33c542b8cb6a9627e827d4977d6c	1556	2	9759.72	30.2552	9759.88	30.096	12054	26.6029	unclassified	chr1	20977	33029	0	12043	+	12064	12031	11983	12	21	48	11	0.999087	0.99601	0.993286	0
PBE31016_skip_48cfe1d5_2a56a123_188.pod5	56fce134-e227-4dfc-89b5-c0e21b2792e2	2a56a1234efd33c542b8cb6a9627e827d4977d6c	1872	4	230079	83.173	230079	83.171	29193	25.3352	unclassified	chr1	21406	50560	23	29188	+	29198	29121	29038	44	33	83	26	0.999041	0.99715	0.99452	0
PBE31016_skip_48cfe1d5_2a56a123_99.pod5	67660e95-b90c-4d20-a9a7-4bb55bb36d3e	2a56a1234efd33c542b8cb6a9627e827d4977d6c	2985	3	73665.1	278.107	73665.1	278.105	83304	13.0742	unclassified	chr1	21783	103676	38	83292	+	84971	80176	78306	3078	1717	1870	60	0.9994	0.976676	0.921561	0
PBE31016_skip_48cfe1d5_2a56a123_152.pod5	965b808a-bb85-4a2c-9b66-26143e4ac020	2a56a1234efd33c542b8cb6a9627e827d4977d6c	2532	4	128453	10.1036	128453	9.9756	3451	23.8225	unclassified	chr1	22118	25571	0	3444	+	3455	3442	3410	2	11	32	15	0.997972	0.990703	0.986975	0
PBE31016_skip_48cfe1d5_2a56a123_52.pod5	e55387ec-e6bc-4135-93bb-271a0971ec04	2a56a1234efd33c542b8cb6a9627e827d4977d6c	2375	2	35521.1	12.6368	35521.2	12.4824	4933	23.1508	unclassified	chr1	24193	29112	10	4933	-	4927	4915	4867	8	4	48	1	0.997973	0.990234	0.987822	0
PBE31016_skip_48cfe1d5_2a56a123_158.pod5	59af62cd-b7c1-4399-b581-e83b391ef7f5	2a56a1234efd33c542b8cb6a9627e827d4977d6c	2107	1	138201	22.7336	138201	22.584	5638	23.2979	unclassified	chr1	24317	29936	6	5638	-	5642	5609	5531	23	10	78	9	0.998936	0.986094	0.980326	0
PBE31016_skip_48cfe1d5_2a56a123_143.pod5	49b66526-1dc3-4ddb-bc8a-75319d894616	2a56a1234efd33c542b8cb6a9627e827d4977d6c	2734	4	117686	1.7744	117686	1.632	562	25.2238	unclassified	chr1	26280	26847	0	562	-	567	562	550	0	5	12	0	1	0.978648	0.970018	0
PBE31016_skip_48cfe1d5_2a56a123_138.pod5	a5c69bbb-3dd3-4294-b728-ef5503df8473	2a56a1234efd33c542b8cb6a9627e827d4977d6c	1207	4	111705	84.5084	111705	84.3204	31873	28.9731	unclassified	chr1	28074	59952	7	31873	-	31926	31818	31719	48	60	99	56	0.99978	0.996889	0.993516	0
PBE31016_skip_48cfe1d5_2a56a123_177.pod5	4bb203f6-46b6-4421-96dd-9bdd0ce80d36	2a56a1234efd33c542b8cb6a9627e827d4977d6c	344	2	193137	17.4584	193138	17.304	7150	28.3954	unclassified	chr1	28391	35536	7	7150	-	7156	7132	7125	11	13	7	1	0.999021	0.999018	0.995668	0
PBE31016_skip_48cfe1d5_2a56a123_138.pod5	1faa3826-ec5b-4630-bfc8-259ef6b14cc0	2a56a1234efd33c542b8cb6a9627e827d4977d6c	2672	4	111404	1.268	111404	1.2048	457	20.2485	unclassified	chr1	28884	29329	0	445	+	445	445	445	0	0	0	20	0.973742	1	1	0
PBE31016_skip_48cfe1d5_2a56a123_108.pod5	40239f82-548d-4be6-aa56-fc678467dde4	2a56a1234efd33c542b8cb6a9627e827d4977d6c	320	4	83618.7	19.1828	83618.8	19.0404	7161	29.5883	unclassified	chr1	29341	36503	4	7161	-	7168	7151	7144	6	11	7	1	0.999441	0.999021	0.996652	0
PBE31016_skip_48cfe1d5_2a56a123_135.pod5	8c498496-6058-4df2-9b14-ecfcf2b90a0f	2a56a1234efd33c542b8cb6a9627e827d4977d6c	370	2	108191	5.7512	108191	5.418	2035	31.9843	unclassified	chr1	31122	33152	4	2035	-	2031	2030	2029	1	0	1	22	0.998034	0.999507	0.999015	0
PBE31016_skip_48cfe1d5_2a56a123_1.pod5	d44655c8-eb7d-4624-ae63-7f358c2cb934	2a56a1234efd33c542b8cb6a9627e827d4977d6c	448	3	1772.15	41.7008	1772.26	41.592	16621	30.4205	unclassified	chr1	31399	48020	0	16621	+	16629	16613	16589	8	8	24	7	1	0.998555	0.997595	0
PBE31016_skip_48cfe1d5_2a56a123_54.pod5	c228b874-5fa3-4b47-a158-cfa19b67bea4	2a56a1234efd33c542b8cb6a9627e827d4977d6c	2083	1	37096.7	40.6836	37096.7	40.6816	15454	28.6009	unclassified	chr1	32694	48105	6	15422	-	15433	15394	15339	22	17	55	9	0.997541	0.996427	0.993909	0
PBE31016_skip_48cfe1d5_2a56a123_77.pod5	aafcd9b0-ebc6-456e-ba70-644e9469e5cb	2a56a1234efd33c542b8cb6a9627e827d4977d6c	2684	1	54917.2	57.8066	54917.2	57.8046	22106	10.6428	unclassified	chr1	33732	56090	33	22098	+	23016	21407	20299	658	951	1108	25	0.998145	0.948241	0.881952	0
PBE31016_skip_48cfe1d5_2a56a123_77.pod5	2c143160-153f-43e9-86d7-80c049af53dd	2a56a1234efd33c542b8cb6a9627e827d4977d6c	2684	1	54860.7	56.481	54860.7	56.479	22202	11.304	unclassified	chr1	33732	56090	6	22165	-	22956	21561	20646	598	797	915	25	0.998063	0.957562	0.899373	0
PBE31016_skip_48cfe1d5_2a56a123_6.pod5	eb421cd5-2c26-4b2c-9b29-1a2ba20543e5	2a56a1234efd33c542b8cb6a9627e827d4977d6c	874	1	683.247	243.378	683.249	243.376	76314	29.5085	unclassified	chr1	34111	110250	8	76275	-	76331	76075	75980	192	64	95	60	0.999384	0.998751	0.995402	0
PBE31016_skip_48cfe1d5_2a56a123_25.pod5	a149204f-6298-4ce8-be7b-2f8bcc9893bc	2a56a1234efd33c542b8cb6a9627e827d4977d6c	1064	2	16440.8	44.468	16441	44.2824	16855	29.3697	unclassified	chr1	34546	51372	0	16848	+	16853	16821	16797	27	5	24	36	0.999585	0.998573	0.996677	0
PBE31016_skip_48cfe1d5_2a56a123_83.pod5	3e685470-4611-47ad-937b-bcaa02b094f4	2a56a1234efd33c542b8cb6a9627e827d4977d6c	359	4	61696.3	7.952	61696.4	7.8084	2843	25.2164	unclassified	chr1	35343	38167	1	2833	+	2833	2823	2823	9	1	0	0	0.996131	1	0.99647	0
PBE31016_skip_48cfe1d5_2a56a123_22.pod5	f756e1d9-bb5c-46f0-b9d4-590bb9fde947	2a56a1234efd33c542b8cb6a9627e827d4977d6c	305	3	15515.6	104.222	15515.7	104.114	40081	29.6899	unclassified	chr1	35495	75579	4	40081	-	40112	40049	40000	28	35	49	60	0.9999	0.998776	0.997208	0
PBE31016_skip_48cfe1d5_2a56a123_23.pod5	531326a2-ff55-41dd-a123-dae80ddf52a4	2a56a1234efd33c542b8cb6a9627e827d4977d6c	305	3	15619.9	93.5528	15620	93.444	40062	26.8001	unclassified	chr1	35496	75579	0	40055	+	40119	40019	39949	36	64	70	60	0.999825	0.998251	0.995763	0
PBE31016_skip_48cfe1d5_2a56a123_185.pod5	438f6b07-749e-4bf1-9d5b-d22ab665dc8d	2a56a1234efd33c542b8cb6a9627e827d4977d6c	483	4	222037	1.0108	222037	1.0088	352	8.90166	unclassified	chr1	36145	36496	0	351	-	368	334	312	17	17	22	0	0.997159	0.934132	0.847826	0
PBE31016_skip_48cfe1d5_2a56a123_44.pod5	4500b031-1f8b-41fd-b149-df7285cddc25	2a56a1234efd33c542b8cb6a9627e827d4977d6c	1064	1	30018.6	14.9914	30018.6	14.9894	5874	11.9214	unclassified	chr1	37596	43494	11	5845	-	6033	5699	5450	135	199	249	1	0.99319	0.956308	0.903365	0
PBE31016_skip_48cfe1d5_2a56a123_144.pod5	a17fa103-fd24-4427-ae29-60ab9b37a9c0	2a56a1234efd33c542b8cb6a9627e827d4977d6c	2824	2	119735	28.382	119735	28.2084	10516	30.9884	unclassified	chr1	38896	49401	5	10516	-	10515	10501	10482	10	4	19	39	0.999525	0.998191	0.996862	0
PBE31016_skip_48cfe1d5_2a56a123_87.pod5	da2c8680-3ea2-4dd9-a006-3cfa18f08fd5	2a56a1234efd33c542b8cb6a9627e827d4977d6c	841	4	64423.2	85.2488	64423.3	85.1328	34744	11.817	unclassified	chr1	40481	75161	3	34744	+	35688	33733	32345	1008	947	1388	60	0.999914	0.958853	0.906327	0
PBE31016_skip_48cfe1d5_2a56a123_184.pod5	540f2ebf-972e-4ec7-a5ee-4d8634bdc176	2a56a1234efd33c542b8cb6a9627e827d4977d6c	2164	1	217324	5.126	217324	4.9668	2078	28.1904	unclassified	chr1	42193	44268	7	2078	-	2078	2068	2066	3	7	2	0	0.996631	0.999033	0.994225	0
PBE31016_skip_48cfe1d5_2a56a123_15.pod5	6ae73191-9bdc-45cf-9101-74b3e607d75b	2a56a1234efd33c542b8cb6a9627e827d4977d6c	626	4	10481.8	65.6092	10481.8	65.6072	28398	18.3292	unclassified	chr1	42637	70484	572	28376	+	27902	27749	27685	55	98	64	60	0.979083	0.997694	0.992223	0
PBE31016_skip_48cfe1d5_2a56a123_29.pod5	89c529d2-062f-479f-ba85-32a701d1ffe7	2a56a1234efd33c542b8cb6a9627e827d4977d6c	346	3	19426.5	63.626	19426.7	63.4332	24393	31.0617	unclassified	chr1	42744	67132	5	24393	-	24417	24359	24341	29	29	18	60	0.999795	0.999261	0.996887	0
PBE31016_skip_48cfe1d5_2a56a123_160.pod5	30b01d4b-0a3a-4d39-a2a9-77330d3867cc	2a56a1234efd33c542b8cb6a9627e827d4977d6c	2622	4	144299	15.1892	144299	15.042	5235	35.3387	unclassified	chr1	43537	48762	0	5226	+	5232	5219	5218	7	6	1	47	0.998281	0.999808	0.997324	0
PBE31016_skip_48cfe1d5_2a56a123_48.pod5	5ff48180-ddfa-4a62-8b76-76bb3ad3566e	2a56a1234efd33c542b8cb6a9627e827d4977d6c	1677	2	33091.4	69.8552	33091.5	69.744	23837	28.0845	unclassified	chr1	43780	67609	0	23832	+	23852	23809	23791	23	20	18	60	0.99979	0.999244	0.997443	0
PBE31016_skip_48cfe1d5_2a56a123_62.pod5	a2358b21-ec11-43a7-b70c-094fc7e00cad	2a56a1234efd33c542b8cb6a9627e827d4977d6c	1893	3	43639.3	29.576	43639.5	29.436	11714	29.8797	unclassified	chr1	44300	55988	6	11714	-	11714	11682	11667	26	6	15	60	0.999488	0.998716	0.995988	0
PBE31016_skip_48cfe1d5_2a56a123_104.pod5	4cb3f709-2182-489f-bdf4-9bced15c8b9d	2a56a1234efd33c542b8cb6a9627e827d4977d6c	1378	1	81055.1	13.4036	81055.2	13.2756	4845	31.4181	unclassified	chr1	44573	49408	0	4839	+	4842	4832	4826	7	3	6	60	0.998762	0.998758	0.996696	0
PBE31016_skip_48cfe1d5_2a56a123_36.pod5	c25c2403-ece7-437b-8429-c485181b1baa	2a56a1234efd33c542b8cb6a9627e827d4977d6c	1888	3	23891.5	32.5184	23891.7	32.3268	11594	25.6293	unclassified	chr1	44745	56314	0	11594	-	11605	11558	11545	36	11	13	60	1	0.998875	0.99483	0
PBE31016_skip_48cfe1d5_2a56a123_106.pod5	22fdb955-4d89-49fc-b636-aafc362a378d	2a56a1234efd33c542b8cb6a9627e827d4977d6c	2692	1	81275.9	0.962	81276	0.8364	331	28.4133	unclassified	chr1	45027	45358	0	331	-	331	331	331	0	0	0	0	1	1	1	0
PBE31016_skip_48cfe1d5_2a56a123_3.pod5	17357f47-2880-4b31-83a3-33d94229b771	2a56a1234efd33c542b8cb6a9627e827d4977d6c	1679	3	3058.48	23.8784	3058.58	23.7768	8692	30.0454	unclassified	chr1	45173	53845	9	8692	-	8693	8662	8657	21	10	5	60	0.998965	0.999423	0.995859	0
PBE31016_skip_48cfe1d5_2a56a123_48.pod5	c5408733-7add-455e-bc61-1fcc7490060f	2a56a1234efd33c542b8cb6a9627e827d4977d6c	1922	1	33015.4	5.9056	33015.4	5.9036	2215	23.3634	unclassified	chr1	45283	47459	7	2183	-	2180	2172	2162	4	4	10	40	0.982393	0.995396	0.991743	0
PBE31016_skip_48cfe1d5_2a56a123_48.pod5	1d300b98-60bf-45c4-9a78-fdadce171755	2a56a1234efd33c542b8cb6a9627e827d4977d6c	1922	1	33021.4	5.24	33021.5	5.1432	2166	16.9516	unclassified	chr1	45284	47455	0	2160	+	2186	2145	2125	15	26	20	51	0.99723	0.990676	0.972095	0
PBE31016_skip_48cfe1d5_2a56a123_107.pod5	bfef8013-12fd-4833-b2f9-0ad893c5b87a	2a56a1234efd33c542b8cb6a9627e827d4977d6c	2067	4	82838.3	6.4376	82838.4	6.324	2528	29.3198	unclassified	chr1	45815	48339	5	2528	-	2526	2521	2521	2	3	0	60	0.998022	1	0.998021	0
PBE31016_skip_48cfe1d5_2a56a123_131.pod5	4dda7e65-056b-41d8-8ab0-cd09b3aaca17	2a56a1234efd33c542b8cb6a9627e827d4977d6c	1187	3	104697	5.69	104697	5.5692	2149	29.1115	unclassified	chr1	46069	48212	0	2143	+	2144	2142	2141	1	1	1	60	0.997208	0.999533	0.998601	0
PBE31016_skip_48cfe1d5_2a56a123_96.pod5	fe8c77c7-c1e1-40bd-a18b-cb92f2798b13	2a56a1234efd33c542b8cb6a9627e827d4977d6c	2158	1	73626.4	11.5172	73626.5	11.4204	4839	7.55923	unclassified	chr1	47269	52288	13	4835	-	5213	4628	4150	194	391	478	31	0.996487	0.896716	0.796087	0
PBE31016_skip_48cfe1d5_2a56a123_108.pod5	593f3f49-fcb6-4dd1-840d-768d85557a53	2a56a1234efd33c542b8cb6a9627e827d4977d6c	292	2	83650.5	75.0656	83650.6	74.9832	37331	22.6466	unclassified	chr1	47506	84884	0	37324	+	37464	37238	37125	86	140	113	60	0.999812	0.996965	0.990951	0
PBE31016_skip_48cfe1d5_2a56a123_160.pod5	d957fc00-cfe3-4e47-8483-c161629624da	2a56a1234efd33c542b8cb6a9627e827d4977d6c	660	3	143572	0.9068	143572	0.9048	324	40.4373	unclassified	chr1	47584	47907	0	323	-	323	323	323	0	0	0	0	0.996914	1	1	0
PBE31016_skip_48cfe1d5_2a56a123_48.pod5	3d218bbe-7b15-4c73-9d93-3431eae37d90	2a56a1234efd33c542b8cb6a9627e827d4977d6c	1668	2	33314.2	8.9624	33314.4	8.8176	4055	30.6928	unclassified	chr1	47825	51881	0	4055	+	4057	4054	4051	1	2	3	60	1	0.99926	0.998521	0
PBE31016_skip_48cfe1d5_2a56a123_11.pod5	793a448c-fa18-4129-b8f0-bf3ae47a0744	2a56a1234efd33c542b8cb6a9627e827d4977d6c	1665	1	7683.9	7.4444	7684.13	7.206	2968	30.0558	unclassified	chr1	48006	50968	7	2968	-	2964	2959	2958	2	3	1	60	0.997642	0.999662	0.997976	0
PBE31016_skip_48cfe1d5_2a56a123_83.pod5	b2f02c4b-5ed4-4e8e-b77c-48184062087e	2a56a1234efd33c542b8cb6a9627e827d4977d6c	773	2	61122	9.0464	61122.1	8.9352	3055	41.3198	unclassified	chr1	50720	53776	0	3055	+	3056	3055	3053	0	1	2	60	1	0.999345	0.999018	0
PBE31016_skip_48cfe1d5_2a56a123_65.pod5	aa980408-59a6-4ed0-b4d1-5d2a77189cf5	2a56a1234efd33c542b8cb6a9627e827d4977d6c	2669	4	45148.2	22.904	45148.3	22.7904	8641	28.2218	unclassified	chr1	50745	59391	5	8641	-	8649	8633	8622	3	13	11	60	0.999421	0.998726	0.996878	0
PBE31016_skip_48cfe1d5_2a56a123_36.pod5	07b7f3d6-c813-41ad-8b37-1354356d2e31	2a56a1234efd33c542b8cb6a9627e827d4977d6c	1560	4	23989.9	18.885	23989.9	18.883	7551	11.2511	unclassified	chr1	50969	58525	32	7547	+	7758	7313	6952	202	243	361	60	0.995232	0.950636	0.896107	0
PBE31016_skip_48cfe1d5_2a56a123_114.pod5	d1ac796f-a537-4f0a-9298-642af071cee5	2a56a1234efd33c542b8cb6a9627e827d4977d6c	1534	3	88904	29.188	88904	29.186	10452	15.0106	unclassified	chr1	51197	61625	6	10421	-	10569	10274	10083	141	154	191	60	0.99646	0.981409	0.954016	0
PBE31016_skip_48cfe1d5_2a56a123_89.pod5	578afad6-6fbe-4069-a967-a8bca94aedd0	2a56a1234efd33c542b8cb6a9627e827d4977d6c	1174	4	66709.5	24.8202	66709.5	24.8182	7090	15.9046	unclassified	chr1	52038	58965	7	7044	-	7060	6904	6865	133	23	39	60	0.992525	0.994351	0.97238	0
PBE31016_skip_48cfe1d5_2a56a123_72.pod5	162826e9-1bef-472d-a9d1-e87c13bc2401	2a56a1234efd33c542b8cb6a9627e827d4977d6c	128	1	51325.3	7.8644	51325.4	7.7532	2850	28.682	unclassified	chr1	52314	55169	6	2850	-	2855	2844	2840	0	11	4	60	0.997895	0.998594	0.994746	0
PBE31016_skip_48cfe1d5_2a56a123_134.pod5	c158a2c8-e05a-48ca-b451-cec1be450093	2a56a1234efd33c542b8cb6a9627e827d4977d6c	2087	1	106242	8.8892	106242	8.7912	5366	23.8436	unclassified	chr1	53595	58968	0	5363	+	5382	5354	5337	9	19	17	60	0.999441	0.996825	0.991639	0
PBE31016_skip_48cfe1d5_2a56a123_85.pod5	99237fa4-d91d-49d2-8a06-2e15613d426b	2a56a1234efd33c542b8cb6a9627e827d4977d6c	1973	2	62660.7	5.996	62660.8	5.892	2387	28.6271	unclassified	chr1	53669	56041	0	2380	+	2381	2371	2368	9	1	3	60	0.997067	0.998735	0.99454	0
PBE31016_skip_48cfe1d5_2a56a123_146.pod5	90eeb1cb-06d8-4231-a300-bc0afe063050	2a56a1234efd33c542b8cb6a9627e827d4977d6c	2143	4	121149	15.6416	121149	15.5208	5351	32.3026	unclassified	chr1	53846	59183	8	5351	-	5346	5334	5329	9	3	5	60	0.998505	0.999063	0.99682	0
PBE31016_skip_48cfe1d5_2a56a123_31.pod5	8c3fc6af-7a59-4f8a-b40c-0a93b977a23e	2a56a1234efd33c542b8cb6a9627e827d4977d6c	650	4	20923.8	8.2508	20923.9	8.0916	2920	28.6985	unclassified	chr1	53969	56879	0	2911	+	2916	2905	2898	6	5	7	60	0.996918	0.99759	0.993827	0
PBE31016_skip_48cfe1d5_2a56a123_140.pod5	a00e9ff9-aac6-4a28-aecc-c9677e37348f	2a56a1234efd33c542b8cb6a9627e827d4977d6c	1907	1	113589	11.1236	113589	10.9284	4721	27.9158	unclassified	chr1	54481	59199	0	4717	+	4725	4710	4695	7	8	15	60	0.999153	0.996815	0.993651	0
PBE31016_skip_48cfe1d5_2a56a123_40.pod5	e4d8160e-4281-4f23-a012-2b938ec4e86d	2a56a1234efd33c542b8cb6a9627e827d4977d6c	2431	3	27486.3	15.446	27486.5	15.3156	5418	31.6457	unclassified	chr1	55033	60439	9	5418	-	5413	5402	5390	7	4	12	60	0.998339	0.997779	0.995751	0
PBE31016_skip_48cfe1d5_2a56a123_67.pod5	c8085d80-fb85-45c3-a60e-74e04376747f	2a56a1234efd33c542b8cb6a9627e827d4977d6c	2705	4	47401.8	32.5664	47401.9	32.4432	11991	20.1924	unclassified	chr1	55217	67220	9	11991	-	12071	11914	11838	68	89	76	60	0.999249	0.993621	0.980698	0
PBE31016_skip_48cfe1d5_2a56a123_67.pod5	ca4b8503-0da1-4d4e-a39b-2770706565c9	2a56a1234efd33c542b8cb6a9627e827d4977d6c	2705	4	47434.3	27.6656	47434.4	27.5616	11957	20.0052	unclassified	chr1	55218	67221	0	11950	+	12073	11880	11793	70	123	87	60	0.999415	0.992677	0.976808	0
PBE31016_skip_48cfe1d5_2a56a123_140.pod5	78aee268-7d41-4d90-b8c7-dad4dcd8e0fd	2a56a1234efd33c542b8cb6a9627e827d4977d6c	2015	3	112608	41.0492	112608	40.7964	12829	31.3689	unclassified	chr1	55290	68119	0	12821	+	12834	12816	12809	5	13	7	60	0.999376	0.999454	0.998052	0
PBE31016_skip_48cfe1d5_2a56a123_3.pod5	d1dd080e-b82d-4e2c-8147-62ebb483c14f	2a56a1234efd33c542b8cb6a9627e827d4977d6c	1516	1	3169.46	0.3812	3169.56	0.2796	85	15.1437	unclassified	chr1	55403	55488	0	85	-	85	85	85	0	0	0	0	1	1	1	0
PBE31016_skip_48cfe1d5_2a56a123_159.pod5	52071cd7-c667-4ca2-885c-fc1f54f8c755	2a56a1234efd33c542b8cb6a9627e827d4977d6c	2203	4	140729	17.4896	140729	17.3832	6622	24.8768	unclassified	chr1	55689	62305	0	6611	+	6621	6606	6592	5	10	14	60	0.998339	0.997881	0.99562	0
PBE31016_skip_48cfe1d5_2a56a123_30.pod5	22373dce-c483-4026-b2f5-68bc1240a1b2	2a56a1234efd33c542b8cb6a9627e827d4977d6c	650	4	20320.3	13.124	20320.4	13.026	6662	21.9331	unclassified	chr1	55777	62441	0	6656	+	6683	6637	6613	19	27	24	60	0.999099	0.996384	0.989526	0
PBE31016_skip_48cfe1d5_2a56a123_159.pod5	43ed0d84-0d6a-4a72-a4e4-5fa5562310f6	2a56a1234efd33c542b8cb6a9627e827d4977d6c	1413	2	140437	7.3184	140437	7.2384	2870	24.6057	unclassified	chr1	56024	58893	0	2861	+	2870	2860	2851	1	9	9	60	0.996864	0.996853	0.99338	0
PBE31016_skip_48cfe1d5_2a56a123_62.pod5	09c92e9b-de4e-41fc-8d5d-236d9cbf8981	2a56a1234efd33c542b8cb6a9627e827d4977d6c	16	3	43540.9	2.1224	43540.9	2.1204	814	9.26417	unclassified	chr1	56471	57247	11	797	-	796	766	711	20	10	55	36	0.965602	0.928198	0.893216	0
PBE31016_skip_48cfe1d5_2a56a123_142.pod5	63e4b886-7d6c-4c91-beb3-3bd4c57630ea	2a56a1234efd33c542b8cb6a9627e827d4977d6c	2872	4	116922	11.7164	116922	11.7144	4255	34.6383	unclassified	chr1	56879	61093	7	4225	-	4218	4214	4212	4	0	2	60	0.991304	0.999525	0.998578	0
PBE31016_skip_48cfe1d5_2a56a123_167.pod5	babcf9c8-13a9-4534-867d-b16b36ec9671	2a56a1234efd33c542b8cb6a9627e827d4977d6c	1560	4	160463	30.8422	160463	30.8402	12029	10.7208	unclassified	chr1	57201	69336	29	12017	+	12525	11598	11008	390	537	590	60	0.996592	0.949129	0.878882	0
PBE31016_skip_48cfe1d5_2a56a123_62.pod5	830c37e1-4d4d-4318-a867-201a91bb16b4	2a56a1234efd33c542b8cb6a9627e827d4977d6c	16	3	43539.5	1.299	43539.5	1.297	483	11.0854	unclassified	chr1	57335	57793	21	477	-	469	445	426	11	13	19	1	0.944099	0.957303	0.908316	0
PBE31016_skip_48cfe1d5_2a56a123_62.pod5	ba06313b-7a1d-42fb-a80a-bfbfad4d5293	2a56a1234efd33c542b8cb6a9627e827d4977d6c	16	3	43537.5	0.6634	43537.5	0.6614	184	11.0631	unclassified	chr1	58272	58438	0	173	-	175	164	155	9	2	9	1	0.940217	0.945122	0.885714	0
PBE31016_skip_48cfe1d5_2a56a123_121.pod5	d3ecd386-ad26-4bc9-8e56-e4519ebf40bb	2a56a1234efd33c542b8cb6a9627e827d4977d6c	394	1	95354.9	12.0776	95355.1	11.9328	4355	25.5231	unclassified	chr1	58469	62817	6	4355	-	4359	4338	4332	11	10	6	60	0.998622	0.998617	0.993806	0
PBE31016_skip_48cfe1d5_2a56a123_62.pod5	f9e93dd2-998c-495f-83fc-2aca659571e0	2a56a1234efd33c542b8cb6a9627e827d4977d6c	2210	3	43765.3	67.0988	43765.4	66.9972	26275	25.5647	unclassified	chr1	58660	84945	0	26265	+	26354	26196	26112	69	89	84	60	0.999619	0.996793	0.990817	0
PBE31016_skip_48cfe1d5_2a56a123_143.pod5	3bd76540-6608-4c28-b4f6-bbe6b688aeab	2a56a1234efd33c542b8cb6a9627e827d4977d6c	2379	4	118396	68.7284	118396	68.628	20869	9.15614	unclassified	chr1	58860	74139	0	15068	+	15552	14795	14251	273	484	544	28	0.722028	0.963231	0.916345	0
PBE31016_skip_48cfe1d5_2a56a123_17.pod5	61c3aae2-cacc-4ee4-b65a-45cf6ff7c002	2a56a1234efd33c542b8cb6a9627e827d4977d6c	438	4	11835.8	6.614	11835.9	6.5076	2656	29.7196	unclassified	chr1	58968	61616	7	2656	-	2649	2648	2634	1	0	14	60	0.997364	0.994713	0.994337	0
PBE31016_skip_48cfe1d5_2a56a123_171.pod5	18a7734b-81b8-435b-ba5e-13b2c74b3ed0	2a56a1234efd33c542b8cb6a9627e827d4977d6c	2973	3	169168	21.4592	169169	21.336	8581	19.4653	unclassified	chr1	59226	67846	0	8574	+	8657	8537	8478	37	83	59	60	0.999184	0.993089	0.979323	0
PBE31016_skip_48cfe1d5_2a56a123_10.pod5	1f0e31fd-b1b9-433a-9d65-247c8b150e95	2a56a1234efd33c542b8cb6a9627e827d4977d6c	2659	2	7045.69	7.0176	7045.69	7.0156	2433	9.28752	unclassified	chr1	59510	61917	7	2392	-	2468	2324	2150	61	83	174	53	0.980271	0.925129	0.871151	0
PBE31016_skip_48cfe1d5_2a56a123_142.pod5	98606713-7541-4f72-84da-5af1c4ecfb99	2a56a1234efd33c542b8cb6a9627e827d4977d6c	1354	1	116995	1.4504	116995	1.3368	365	27.6474	unclassified	chr1	60087	60439	13	365	-	352	352	352	0	0	0	36	0.964384	1	1	0
PBE31016_skip_48cfe1d5_2a56a123_23.pod5	fd8c2fa5-af02-4643-a6fb-69420aa5b061	2a56a1234efd33c542b8cb6a9627e827d4977d6c	2426	1	16021.7	98.1438	16021.7	98.1418	35827	11.3879	unclassified	chr1	60897	96938	13	35770	-	37011	34787	33448	970	1254	1339	60	0.998046	0.961509	0.903731	0
PBE31016_skip_48cfe1d5_2a56a123_181.pod5	44a23697-da28-44a3-8ec5-76fcddf17ffe	2a56a1234efd33c542b8cb6a9627e827d4977d6c	298	2	206258	21.9044	206258	21.7572	6934	29.6838	unclassified	chr1	60928	67862	7	6934	-	6936	6925	6918	2	9	7	60	0.99899	0.998989	0.997405	0
PBE31016_skip_48cfe1d5_2a56a123_51.pod5	b079ffa5-2cd5-4b2a-b19e-91b388397da4	2a56a1234efd33c542b8cb6a9627e827d4977d6c	2554	2	34832.3	10.3856	34832.5	10.2384	4100	31.3614	unclassified	chr1	61221	65316	6	4100	-	4098	4091	4089	3	4	2	60	0.998537	0.999511	0.997804	0
PBE31016_skip_48cfe1d5_2a56a123_40.pod5	05930846-821f-47b9-ba81-4ae6002bd5d0	2a56a1234efd33c542b8cb6a9627e827d4977d6c	119	2	27262	6.9816	27262	6.9796	2985	17.4306	unclassified	chr1	61424	64364	6	2948	-	2961	2921	2892	21	19	29	60	0.985595	0.990072	0.976697	0
PBE31016_skip_48cfe1d5_2a56a123_5.pod5	781318b4-bfc5-4361-ac0f-05871e20e7d0	2a56a1234efd33c542b8cb6a9627e827d4977d6c	818	3	4616.79	36.9824	4616.96	36.8112	15556	30.1369	unclassified	chr1	62281	77867	0	15550	+	15591	15545	15506	5	41	39	60	0.999614	0.997491	0.994548	0
PBE31016_skip_48cfe1d5_2a56a123_118.pod5	185d3709-41a0-437e-8204-878779fd79e5	2a56a1234efd33c542b8cb6a9627e827d4977d6c	644	1	92225.9	23.6456	92226	23.5296	9271	31.428	unclassified	chr1	63355	72629	0	9264	+	9276	9262	9256	2	12	6	60	0.999245	0.999352	0.997844	0
PBE31016_skip_48cfe1d5_2a56a123_29.pod5	e62e1e78-9d16-43a7-b23a-0e7b36c490b8	2a56a1234efd33c542b8cb6a9627e827d4977d6c	1632	2	19107.4	10.1662	19107.4	10.1642	3972	11.243	unclassified	chr1	64082	68119	40	3948	+	4096	3849	3708	59	188	141	51	0.983887	0.963367	0.905273	0
PBE31016_skip_48cfe1d5_2a56a123_137.pod5	c26e9695-8661-47f8-a08f-025295b059ae	2a56a1234efd33c542b8cb6a9627e827d4977d6c	1187	3	110956	4.5416	110956	4.4208	1728	22.162	unclassified	chr1	64673	66433	1	1718	+	1764	1713	1706	4	47	7	60	0.993634	0.995914	0.96712	0
PBE31016_skip_48cfe1d5_2a56a123_150.pod5	aaa85772-d4d8-48e8-8f79-bf63729b3b65	2a56a1234efd33c542b8cb6a9627e827d4977d6c	1866	2	126448	37.8748	126448	37.8728	15417	8.08398	unclassified	chr1	65024	80667	10	15352	-	16271	14714	13464	628	929	1250	15	0.995135	0.915047	0.827484	0
PBE31016_skip_48cfe1d5_2a56a123_165.pod5	5f754281-5d5a-4e1d-9323-43fc7419af6a	2a56a1234efd33c542b8cb6a9627e827d4977d6c	1338	4	153388	8.6096	153388	8.5056	3432	22.3015	unclassified	chr1	65321	68802	0	3424	+	3485	3420	3410	4	61	10	60	0.997669	0.997076	0.978479	0
PBE31016_skip_48cfe1d5_2a56a123_44.pod5	1f853a74-d474-4b43-bbf6-1ec74e9e0931	2a56a1234efd33c542b8cb6a9627e827d4977d6c	2560	4	29992.4	9.1722	29992.4	9.1702	4034	11.9784	unclassified	chr1	65551	69581	34	4027	+	4115	3908	3786	85	122	122	60	0.989836	0.968782	0.920049	0
PBE31016_skip_48cfe1d5_2a56a123_119.pod5	34144150-3c10-40d7-8384-452849811961	2a56a1234efd33c542b8cb6a9627e827d4977d6c	2318	4	92773.2	4.9136	92773.3	4.8	1781	34.8653	unclassified	chr1	65552	67362	10	1781	-	1810	1771	1770	0	39	1	60	0.994385	0.999435	0.977901	0
PBE31016_skip_48cfe1d5_2a56a123_21.pod5	18bc9840-f6f3-4385-ba9d-5a7e2310f009	2a56a1234efd33c542b8cb6a9627e827d4977d6c	1039	2	14768.7	13.4826	14768.7	13.4806	2832	6.0063	unclassified	chr1	66160	68053	0	1881	-	2038	1736	1530	145	157	206	26	0.664195	0.881336	0.750736	0
PBE31016_skip_48cfe1d5_2a56a123_181.pod5	c0e51ab3-9b45-4a51-929b-023eb118377a	2a56a1234efd33c542b8cb6a9627e827d4977d6c	168	3	204924	35.924	204924	35.922	12011	29.9582	unclassified	chr1	66313	78289	5	11976	-	11982	11965	11949	6	11	16	60	0.99667	0.998663	0.997246	0
PBE31016_skip_48cfe1d5_2a56a123_73.pod5	591eea9a-5747-40ba-baba-2657a0937cea	2a56a1234efd33c542b8cb6a9627e827d4977d6c	2294	4	52847.1	29.1848	52847.2	29.028	11573	31.4841	unclassified	chr1	66828	78393	0	11567	+	11576	11556	11532	11	9	24	46	0.999482	0.997923	0.996199	0
PBE31016_skip_48cfe1d5_2a56a123_114.pod5	94e6fb8e-eda2-426f-a01c-29f26df076bd	2a56a1234efd33c542b8cb6a9627e827d4977d6c	1584	1	88838.4	17.018	88838.5	16.9152	6412	27.2665	unclassified	chr1	67075	73480	10	6412	-	6413	6394	6384	8	11	10	60	0.99844	0.998436	0.995478	0
PBE31016_skip_48cfe1d5_2a56a123_8.pod5	b63b9c19-322c-4f82-813a-89fbf3cc097f	2a56a1234efd33c542b8cb6a9627e827d4977d6c	348	1	6643	8.7628	6643	8.7608	3191	10.7411	unclassified	chr1	67275	70452	32	3185	+	3283	3047	2915	106	130	132	5	0.988092	0.956679	0.887907	0
PBE31016_skip_48cfe1d5_2a56a123_106.pod5	d24d54f9-f5f0-43de-8c4c-9f865a0fdb18	2a56a1234efd33c542b8cb6a9627e827d4977d6c	440	3	82230.1	8.288	82230.2	8.172	3052	36.5044	unclassified	chr1	67619	70664	0	3045	+	3045	3045	3039	0	0	6	60	0.997706	0.99803	0.99803	0
PBE31016_skip_48cfe1d5_2a56a123_183.pod5	e9c0e2a0-fcc4-4468-b68d-71913787b8a3	2a56a1234efd33c542b8cb6a9627e827d4977d6c	1837	2	213274	43.2032	213274	43.056	16016	22.2559	unclassified	chr1	68252	84273	0	16010	+	16075	15956	15880	54	65	76	60	0.999625	0.995237	0.987869	0
PBE31016_skip_48cfe1d5_2a56a123_38.pod5	57f9fe8f-deb1-461a-9b45-2fcd251c4bca	2a56a1234efd33c542b8cb6a9627e827d4977d6c	128	1	25936.5	0.8324	25936.7	0.6492	201	29.5837	unclassified	chr1	68498	68690	9	201	-	192	192	192	0	0	0	0	0.955224	1	1	0
PBE31016_skip_48cfe1d5_2a56a123_63.pod5	379e02d3-a907-48b7-8b21-aa656f2d087b	2a56a1234efd33c542b8cb6a9627e827d4977d6c	2872	4	44924.7	29.162	44924.8	29.0436	10342	36.9731	unclassified	chr1	68499	78836	0	10342	+	10344	10335	10314	7	2	21	33	1	0.997968	0.9971	0
PBE31016_skip_48cfe1d5_2a56a123_147.pod5	a29b40d8-14b5-45e1-81a9-e7a1216d29ba	2a56a1234efd33c542b8cb6a9627e827d4977d6c	811	3	122782	9.446	122782	9.3084	3010	32.5401	unclassified	chr1	68884	71899	0	3010	+	3015	3010	3005	0	5	5	60	1	0.998339	0.996683	0
PBE31016_skip_48cfe1d5_2a56a123_52.pod5	a4fd7cef-f007-4e2e-ba29-8d3994eda33e	2a56a1234efd33c542b8cb6a9627e827d4977d6c	2398	4	35541.8	12.1976	35542	11.9736	2626	10.3357	unclassified	chr1	68885	71508	1	2626	+	2700	2548	2433	77	75	115	1	0.999619	0.954867	0.901111	0
PBE31016_skip_48cfe1d5_2a56a123_8.pod5	a77d8f38-426d-4197-a3dc-9a28dc6dea0c	2a56a1234efd33c542b8cb6a9627e827d4977d6c	1048	4	6711.38	4.1336	6711.5	4.0128	1546	9.60882	unclassified	chr1	69222	70507	0	1285	+	1285	1285	1282	0	0	3	36	0.831177	0.997665	0.997665	0
PBE31016_skip_48cfe1d5_2a56a123_49.pod5	97023aa5-feaf-43b7-ae4a-1d88a462ef58	2a56a1234efd33c542b8cb6a9627e827d4977d6c	282	2	33892.7	23.9252	33892.8	23.7348	8312	26.7874	unclassified	chr1	69544	77840	0	8304	+	8313	8287	8270	17	9	17	43	0.999038	0.997949	0.994827	0
PBE31016_skip_48cfe1d5_2a56a123_81.pod5	e0bd77e6-f606-41e6-8b0b-cb7585688436	2a56a1234efd33c542b8cb6a9627e827d4977d6c	1011	1	59859.7	15.9576	59859.7	15.9556	5407	17.7637	unclassified	chr1	69624	75075	0	5407	+	5480	5378	5325	29	73	53	47	1	0.990145	0.971715	0
PBE31016_skip_48cfe1d5_2a56a123_191.pod5	cb78cce3-3641-49ee-9198-5088d122aeca	2a56a1234efd33c542b8cb6a9627e827d4977d6c	1306	3	243091	32.0396	243091	31.938	12509	29.3802	unclassified	chr1	70265	82777	8	12509	-	12517	12496	12491	5	16	5	60	0.99936	0.9996	0.997923	0
PBE31016_skip_48cfe1d5_2a56a123_101.pod5	a66531e9-d7bf-4e51-a596-ecf11a2ebdc7	2a56a1234efd33c542b8cb6a9627e827d4977d6c	1893	3	78000.7	14.6372	78000.8	14.5116	5917	32.4144	unclassified	chr1	71432	77347	6	5917	-	5920	5906	5904	5	9	2	49	0.998986	0.999661	0.997297	0
PBE31016_skip_48cfe1d5_2a56a123_81.pod5	38e7db85-f12e-4981-ba52-2556bd9b953e	2a56a1234efd33c542b8cb6a9627e827d4977d6c	2629	4	59861.3	11.8746	59861.3	11.8726	4766	31.6311	unclassified	chr1	71954	76690	24	4761	+	4740	4733	4730	4	3	3	47	0.993915	0.999366	0.99789	0
PBE31016_skip_48cfe1d5_2a56a123_147.pod5	c05394d5-7779-464d-83ea-c3493c08f25f	2a56a1234efd33c542b8cb6a9627e827d4977d6c	811	3	122792	30.443	122792	30.441	12165	29.7983	unclassified	chr1	72226	84400	0	12158	+	12182	12150	12136	8	24	14	60	0.999425	0.998848	0.996224	0
PBE31016_skip_48cfe1d5_2a56a123_104.pod5	b535d0c2-d6ad-4018-afe5-cd450e580d43	2a56a1234efd33c542b8cb6a9627e827d4977d6c	1269	2	81072.7	38.8688	81072.9	38.7432	14706	27.6508	unclassified	chr1	72273	86991	0	14699	+	14724	14693	14675	6	25	18	60	0.999524	0.998775	0.996672	0
PBE31016_skip_48cfe1d5_2a56a123_106.pod5	dbdd908f-799d-499f-b299-0402ef929726	2a56a1234efd33c542b8cb6a9627e827d4977d6c	1269	2	81111.9	36.1256	81112	36.0144	14717	27.2475	unclassified	chr1	72273	86991	6	14717	-	14732	14697	14674	14	21	23	60	0.999592	0.998435	0.996063	0
PBE31016_skip_48cfe1d5_2a56a123_31.pod5	f2a0a641-41b6-4e08-a723-5c7c256c478e	2a56a1234efd33c542b8cb6a9627e827d4977d6c	669	1	20938.5	1.7872	20938.5	1.7852	777	27.0639	unclassified	chr1	72501	73238	29	766	+	737	737	736	0	0	1	30	0.94852	0.998643	0.998643	0
PBE31016_skip_48cfe1d5_2a56a123_149.pod5	0a278250-8ffc-4061-b4e4-0839842bc54c	2a56a1234efd33c542b8cb6a9627e827d4977d6c	570	1	125370	23.4968	125370	23.4096	8972	28.6037	unclassified	chr1	72544	81504	0	8966	+	8967	8959	8949	7	1	10	60	0.999331	0.998884	0.997993	0
PBE31016_skip_48cfe1d5_2a56a123_91.pod5	469c7377-44ae-4092-85c6-857e5053a91f	2a56a1234efd33c542b8cb6a9627e827d4977d6c	20	3	64179	206.425	64179.2	206.227	81282	29.1782	unclassified	chr1	72853	140379	7	66665	-	67663	66521	66322	137	1005	199	60	0.820083	0.997008	0.980181	0
PBE31016_skip_48cfe1d5_2a56a123_15.pod5	c74c24c0-8f0e-4856-8e9c-30bc47fb5957	2a56a1234efd33c542b8cb6a9627e827d4977d6c	566	2	10800.4	5.3864	10800.5	5.2608	2287	36.6377	unclassified	chr1	73105	75388	0	2281	+	2283	2281	2280	0	2	1	49	0.997377	0.999562	0.998686	0
PBE31016_skip_48cfe1d5_2a56a123_33.pod5	af5f637d-8582-4667-88b9-4611d65baad2	2a56a1234efd33c542b8cb6a9627e827d4977d6c	643	3	22032.2	14.494	22032.2	14.492	5253	12.8766	unclassified	chr1	73688	78873	46	5248	+	5275	5112	4974	90	73	138	22	0.990291	0.973005	0.942938	0
PBE31016_skip_48cfe1d5_2a56a123_33.pod5	35e93e6b-11b9-4d26-9e97-f025b37103bc	2a56a1234efd33c542b8cb6a9627e827d4977d6c	643	3	22046.7	12.5544	22046.8	12.5524	5191	13.2711	unclassified	chr1	73696	78873	0	5161	-	5254	5084	4927	77	93	157	26	0.994221	0.969119	0.937762	0
PBE31016_skip_48cfe1d5_2a56a123_165.pod5	d3ff322a-29d9-44cc-9798-b66e760b55ec	2a56a1234efd33c542b8cb6a9627e827d4977d6c	1287	2	153261	71.2532	153261	71.0316	27244	25.1059	unclassified	chr1	73768	100911	7	27244	-	27300	27080	27039	157	63	41	60	0.999743	0.998486	0.99044	0
PBE31016_skip_48cfe1d5_2a56a123_4.pod5	5c1dfd76-abb8-419e-9c3d-8b40abdb736b	2a56a1234efd33c542b8cb6a9627e827d4977d6c	545	2	4191.93	10.1276	4192	10.05	3488	23.696	unclassified	chr1	73776	77261	5	3488	-	3489	3479	3462	4	6	17	30	0.998567	0.995114	0.992261	0
PBE31016_skip_48cfe1d5_2a56a123_4.pod5	92f45e87-c39b-48f1-90e3-5acef376eaf3	2a56a1234efd33c542b8cb6a9627e827d4977d6c	545	2	4180.23	10.4384	4180.37	10.3032	3486	27.5064	unclassified	chr1	73777	77262	0	3482	+	3488	3479	3469	3	6	10	28	0.998853	0.997126	0.994553	0
PBE31016_skip_48cfe1d5_2a56a123_35.pod5	35dd558e-38b6-4d8b-89cc-8d647f239a31	2a56a1234efd33c542b8cb6a9627e827d4977d6c	2120	1	23475.9	29.9396	23476	29.838	12558	26.5684	unclassified	chr1	73845	86387	15	12558	-	12562	12523	12512	20	19	11	60	0.998806	0.999122	0.99602	0
PBE31016_skip_48cfe1d5_2a56a123_8.pod5	ceb1c143-c5bf-4ffd-b0ab-7b7e7cff1633	2a56a1234efd33c542b8cb6a9627e827d4977d6c	2195	3	6194.3	46.2104	6194.3	46.2084	19213	28.5524	unclassified	chr1	73881	93011	33	19204	+	19208	19093	19057	78	37	36	60	0.997814	0.998114	0.992139	0
PBE31016_skip_48cfe1d5_2a56a123_93.pod5	f8d21852-249a-4dc2-93d4-a1f7c0037a48	2a56a1234efd33c542b8cb6a9627e827d4977d6c	317	4	70659.5	12.3394	70659.5	12.3374	5153	13.6878	unclassified	chr1	74166	79269	35	5146	+	5174	5040	4916	71	63	124	34	0.991849	0.975397	0.950135	0
PBE31016_skip_48cfe1d5_2a56a123_58.pod5	08bf22ae-9fc2-42f3-8b34-e88c71736fad	2a56a1234efd33c542b8cb6a9627e827d4977d6c	895	2	39876.9	24.7566	39876.9	24.7546	9647	37.4078	unclassified	chr1	74473	84092	19	9639	+	9628	9611	9606	9	8	5	60	0.997201	0.99948	0.997715	0
PBE31016_skip_48cfe1d5_2a56a123_81.pod5	39efcab9-755f-44e4-9478-805d1dcd3816	2a56a1234efd33c542b8cb6a9627e827d4977d6c	1011	1	59875.7	2.8916	59875.7	2.8896	943	39.5172	unclassified	chr1	75078	76021	0	943	+	943	943	943	0	0	0	20	1	1	1	0
PBE31016_skip_48cfe1d5_2a56a123_3.pod5	51887f9d-fb1c-418b-8bd1-8b2990e57507	2a56a1234efd33c542b8cb6a9627e827d4977d6c	799	2	2823.54	3.512	2823.67	3.3816	1212	35.6015	unclassified	chr1	75693	76905	0	1212	-	1212	1212	1208	0	0	4	31	1	0.9967	0.9967	0
PBE31016_skip_48cfe1d5_2a56a123_81.pod5	940da704-fdaf-4fa4-98a2-a7cbeb79cce5	2a56a1234efd33c542b8cb6a9627e827d4977d6c	1011	1	59878.5	28.7738	59878.5	28.7718	9631	15.4127	unclassified	chr1	76028	85749	0	9628	+	9803	9546	9382	82	175	164	60	0.999689	0.98282	0.957054	0
PBE31016_skip_48cfe1d5_2a56a123_170.pod5	d1fa309b-698b-4dad-899f-35f5e1b04841	2a56a1234efd33c542b8cb6a9627e827d4977d6c	1808	4	167627	67.7012	167627	67.53	24956	31.3774	unclassified	chr1	76148	101044	6	24939	-	24980	24849	24812	84	47	37	60	0.999078	0.998511	0.993275	0
PBE31016_skip_48cfe1d5_2a56a123_102.pod5	8fb0030d-ad0c-4f6e-9e1c-ead33878c754	2a56a1234efd33c542b8cb6a9627e827d4977d6c	2123	3	78477.6	103.69	78477.8	103.526	29876	25.6733	unclassified	chr1	76573	106403	8	29876	-	29948	29750	29670	118	80	80	60	0.999732	0.997311	0.990717	0
PBE31016_skip_48cfe1d5_2a56a123_174.pod5	f76b7a3e-2ac4-4ed5-b83c-d118dcc0cbe2	2a56a1234efd33c542b8cb6a9627e827d4977d6c	2011	3	180564	7.3328	180564	7.1856	2550	26.2686	unclassified	chr1	76582	79129	6	2550	-	2547	2544	2533	0	3	11	17	0.997647	0.995676	0.994503	0
PBE31016_skip_48cfe1d5_2a56a123_181.pod5	641c3a26-ac0e-4b10-9a5d-90b216418e96	2a56a1234efd33c542b8cb6a9627e827d4977d6c	330	3	204872	33.3732	204872	33.3712	9300	13.0158	unclassified	chr1	76843	86090	6	9270	-	9487	9024	8729	240	223	295	60	0.996129	0.967309	0.920101	0
PBE31016_skip_48cfe1d5_2a56a123_129.pod5	330c8a06-d451-41cf-bcba-35dbf5b8870e	2a56a1234efd33c542b8cb6a9627e827d4977d6c	1659	2	101898	63.3008	101898	63.1104	23875	28.4445	unclassified	chr1	77315	101137	0	23868	+	23922	23768	23724	100	54	44	60	0.999707	0.998149	0.991723	0
PBE31016_skip_48cfe1d5_2a56a123_20.pod5	aafb9f19-8b23-4043-981e-08197be69ee7	2a56a1234efd33c542b8cb6a9627e827d4977d6c	799	3	14173.7	38.4932	14173.7	38.3964	16814	24.8317	unclassified	chr1	79896	96592	10	16814	-	16835	16665	16632	139	31	33	60	0.999405	0.99802	0.987942	0
PBE31016_skip_48cfe1d5_2a56a123_18.pod5	859566de-0f4a-4e67-a0f1-06c2b91993bc	2a56a1234efd33c542b8cb6a9627e827d4977d6c	1086	4	12585.9	9.146	12586.1	8.994	3531	26.8225	unclassified	chr1	80081	83600	10	3531	-	3527	3513	3508	8	6	5	60	0.997168	0.998577	0.994613	0
PBE31016_skip_48cfe1d5_2a56a123_5.pod5	7d2e12da-3b39-49f2-8804-b57948da0423	2a56a1234efd33c542b8cb6a9627e827d4977d6c	2703	2	4420.57	6.6788	4420.77	6.4836	2530	37.5894	unclassified	chr1	80159	82682	0	2524	+	2524	2523	2519	1	0	4	60	0.997628	0.998415	0.998019	0
PBE31016_skip_48cfe1d5_2a56a123_28.pod5	a08e4c9b-a15f-4b25-af01-b2eef52134c2	2a56a1234efd33c542b8cb6a9627e827d4977d6c	522	1	18065.9	192.078	18066	191.969	71051	27.3285	unclassified	chr1	80472	140379	0	59073	+	60062	58918	58731	155	989	187	60	0.831417	0.996826	0.97784	0
PBE31016_skip_48cfe1d5_2a56a123_30.pod5	46ed98c8-d9c2-455f-a75b-bd3b909b1ff2	2a56a1234efd33c542b8cb6a9627e827d4977d6c	1851	2	19665.1	6.3432	19665.1	6.3412	1386	14.5722	unclassified	chr1	80515	81880	0	1361	-	1381	1345	1316	16	20	29	60	0.981963	0.978439	0.952933	0
PBE31016_skip_48cfe1d5_2a56a123_46.pod5	049e0396-da09-40a6-818e-45175a4c3d6c	2a56a1234efd33c542b8cb6a9627e827d4977d6c	1803	2	31457.6	16.0544	31457.7	15.9648	6618	26.3087	unclassified	chr1	80776	87401	0	6612	+	6633	6604	6595	8	21	9	60	0.999093	0.998637	0.994271	0
PBE31016_skip_48cfe1d5_2a56a123_59.pod5	c77cfdb3-631e-4e0a-a787-66f1d3687d96	2a56a1234efd33c542b8cb6a9627e827d4977d6c	2570	3	41299.1	16.6508	41299.2	16.5012	6710	31.4197	unclassified	chr1	80906	87628	7	6710	-	6733	6692	6683	11	30	9	60	0.998957	0.998655	0.992574	0
PBE31016_skip_48cfe1d5_2a56a123_44.pod5	622b5895-01d9-4f30-8cb0-647986664b1f	2a56a1234efd33c542b8cb6a9627e827d4977d6c	1564	3	30209.9	11.6804	30210	11.55	4410	31.2444	unclassified	chr1	80954	85366	0	4402	+	4414	4400	4397	2	12	3	60	0.998186	0.999318	0.996149	0
PBE31016_skip_48cfe1d5_2a56a123_146.pod5	8ed2c149-8589-40d8-83b4-2798bc18f61c	2a56a1234efd33c542b8cb6a9627e827d4977d6c	2771	3	119937	76.0904	119937	75.9384	28062	29.1132	unclassified	chr1	81354	109304	7	28062	-	28097	27908	27886	147	42	22	60	0.999751	0.999212	0.99249	0
PBE31016_skip_48cfe1d5_2a56a123_44.pod5	31a05c66-4543-4b8f-ae34-c86ed97859a2	2a56a1234efd33c542b8cb6a9627e827d4977d6c	1680	1	29550.3	0.6472	29550.3	0.6452	253	11.0448	unclassified	chr1	81403	81610	33	239	+	209	204	194	2	3	10	0	0.814229	0.95098	0.92823	0
PBE31016_skip_48cfe1d5_2a56a123_122.pod5	de310b37-9cc9-411c-abb8-558ae72c9e95	2a56a1234efd33c542b8cb6a9627e827d4977d6c	1879	3	91322.9	185.84	91323	185.738	67685	26.8055	unclassified	chr1	81638	147096	1880	67685	-	65934	65329	65183	476	129	146	60	0.972224	0.997765	0.98861	0
PBE31016_skip_48cfe1d5_2a56a123_47.pod5	a5f3bdc0-f9ae-448d-835d-058f604233d1	2a56a1234efd33c542b8cb6a9627e827d4977d6c	1979	2	32257	94.6016	32257	94.5996	42375	11.991	unclassified	chr1	83092	126426	6	42332	-	43983	41677	40248	649	1657	1429	60	0.998844	0.965712	0.915081	0
PBE31016_skip_48cfe1d5_2a56a123_47.pod5	ce0acd2e-a5b9-4ba9-8127-32a1be2eac53	2a56a1234efd33c542b8cb6a9627e827d4977d6c	1979	2	32149	107.632	32149	107.63	42681	11.9231	unclassified	chr1	83110	126494	47	42676	+	44146	41867	40526	762	1517	1341	60	0.998782	0.96797	0.917999	0
PBE31016_skip_48cfe1d5_2a56a123_18.pod5	e0200e3e-af83-4768-93a6-a98042aafb16	2a56a1234efd33c542b8cb6a9627e827d4977d6c	2901	4	12619.7	27.1796	12619.8	27.0588	10703	27.4217	unclassified	chr1	84141	94725	6	10703	-	10705	10576	10559	121	8	17	60	0.999439	0.998393	0.986362	0
PBE31016_skip_48cfe1d5_2a56a123_18.pod5	4d049bec-f162-4fbb-b59e-15c12fb66f61	2a56a1234efd33c542b8cb6a9627e827d4977d6c	2901	4	12646.8	23.6912	12646.9	23.6016	10706	26.7599	unclassified	chr1	84142	94726	0	10698	+	10711	10571	10552	127	13	19	60	0.999253	0.998203	0.985155	0
PBE31016_skip_48cfe1d5_2a56a123_30.pod5	d03256f5-b690-466a-b88f-d8f48a22442f	2a56a1234efd33c542b8cb6a9627e827d4977d6c	1618	2	19891.1	15.6932	19891.2	15.582	6155	33.0699	unclassified	chr1	84174	90320	0	6146	+	6148	6144	6138	2	2	6	60	0.998538	0.999023	0.998373	0
PBE31016_skip_48cfe1d5_2a56a123_115.pod5	64456ef5-ad70-473b-b435-ec7018b37744	2a56a1234efd33c542b8cb6a9627e827d4977d6c	326	4	89544.3	19.2668	89544.3	19.2648	7273	9.6795	unclassified	chr1	84318	91491	15	7231	-	7529	6860	6383	356	313	477	60	0.992163	0.930466	0.847789	0
PBE31016_skip_48cfe1d5_2a56a123_89.pod5	82347a5c-ef6b-4172-a708-121c886ba446	2a56a1234efd33c542b8cb6a9627e827d4977d6c	462	3	66993.6	47.1752	66993.7	47.0496	15481	18.3153	unclassified	chr1	84388	99825	5	15481	-	15576	15337	15206	139	100	131	60	0.999677	0.991459	0.976246	0
PBE31016_skip_48cfe1d5_2a56a123_137.pod5	7c40672f-1f63-413a-be7e-e99d6c55c2ac	2a56a1234efd33c542b8cb6a9627e827d4977d6c	2091	4	109957	7.6652	109957	7.5564	2927	43.2493	unclassified	chr1	84389	87305	0	2917	+	2917	2916	2916	1	0	0	60	0.996584	1	0.999657	0
PBE31016_skip_48cfe1d5_2a56a123_125.pod5	2e552fa6-f6c7-4886-a87c-242df93250ab	2a56a1234efd33c542b8cb6a9627e827d4977d6c	2364	1	98665.9	25.7396	98666.1	25.53	9969	15.6198	unclassified	chr1	84628	94538	5	9969	-	10085	9789	9624	175	121	165	60	0.999498	0.983144	0.954289	0
PBE31016_skip_48cfe1d5_2a56a123_111.pod5	95dfe19f-b96f-495a-851e-f6d3bf6a9f6b	2a56a1234efd33c542b8cb6a9627e827d4977d6c	1904	3	85774.2	14.4912	85774.2	14.4892	5481	32.1366	unclassified	chr1	84748	90193	29	5475	+	5447	5444	5444	2	1	0	60	0.993614	1	0.999449	0
PBE31016_skip_48cfe1d5_2a56a123_111.pod5	4d301cf6-2409-47fc-b7eb-ddcb812ec893	2a56a1234efd33c542b8cb6a9627e827d4977d6c	1904	3	85788.8	12.5216	85788.9	12.432	5428	28.5473	unclassified	chr1	84748	90193	6	5428	-	5446	5421	5414	1	24	7	60	0.998895	0.998709	0.994124	0
PBE31016_skip_48cfe1d5_2a56a123_176.pod5	28eb5838-fc9d-4dbd-baab-87e7bf6adad5	2a56a1234efd33c542b8cb6a9627e827d4977d6c	1013	2	187556	28.2908	187556	28.0956	7071	31.4266	unclassified	chr1	84951	91958	0	7064	+	7070	7001	6994	63	6	7	60	0.99901	0.999	0.98925	0
PBE31016_skip_48cfe1d5_2a56a123_111.pod5	e29aef07-3d59-4887-92d8-f2ffdbf9bdf1	2a56a1234efd33c542b8cb6a9627e827d4977d6c	2411	2	85482.9	7.4612	85483	7.2876	2174	37.4302	unclassified	chr1	85169	87338	7	2174	-	2169	2167	2167	0	2	0	60	0.99678	1	0.999078	0
PBE31016_skip_48cfe1d5_2a56a123_52.pod5	df17f695-ecb1-410f-b3d0-76ca1b52dddd	2a56a1234efd33c542b8cb6a9627e827d4977d6c	2650	2	35657.9	6.6176	35658	6.4416	2078	30.4882	unclassified	chr1	85446	87509	0	2063	+	2063	2063	2063	0	0	0	60	0.992782	1	1	0
PBE31016_skip_48cfe1d5_2a56a123_81.pod5	a7027b04-20a4-4815-b0d2-97b12ee26368	2a56a1234efd33c542b8cb6a9627e827d4977d6c	1011	1	59907.3	16.5698	59907.3	16.5678	6451	16.4984	unclassified	chr1	85763	92178	6	6451	+	6522	6338	6261	107	77	77	60	0.99907	0.987851	0.959982	0
PBE31016_skip_48cfe1d5_2a56a123_30.pod5	c8725264-002e-47cb-ae7d-0b401b6ba163	2a56a1234efd33c542b8cb6a9627e827d4977d6c	800	1	20244	5.0288	20244.1	4.9296	1898	31.8722	unclassified	chr1	86172	88062	0	1892	+	1892	1890	1888	2	0	2	60	0.996839	0.998942	0.997886	0
PBE31016_skip_48cfe1d5_2a56a123_25.pod5	fe3aa9c1-6f33-4728-b4ed-90494e6ae03c	2a56a1234efd33c542b8cb6a9627e827d4977d6c	1773	3	16642.4	11.2796	16642.5	11.1828	5288	24.1839	unclassified	chr1	86216	91387	7	5288	-	5300	5152	5141	129	19	11	60	0.998676	0.997865	0.97	0
PBE31016_skip_48cfe1d5_2a56a123_150.pod5	8836b6dc-dece-4f21-9c61-cbbc465621fe	2a56a1234efd33c542b8cb6a9627e827d4977d6c	2642	3	127453	8.2642	127453	8.2622	3039	13.6022	unclassified	chr1	86262	89281	4	3005	-	3061	2959	2892	42	60	67	60	0.987496	0.977357	0.944789	0
PBE31016_skip_48cfe1d5_2a56a123_181.pod5	0fe10514-6f75-45a5-8881-d8e2ac1c9b5c	2a56a1234efd33c542b8cb6a9627e827d4977d6c	2110	1	206153	10.0712	206153	9.9648	2902	33.298	unclassified	chr1	86311	89210	0	2893	+	2899	2893	2893	0	6	0	60	0.996899	1	0.99793	0
PBE31016_skip_48cfe1d5_2a56a123_31.pod5	130d6d66-06a0-4853-897a-7eb632f01ffb	2a56a1234efd33c542b8cb6a9627e827d4977d6c	1871	4	20435.8	16.7328	20435.8	16.7308	6239	10.8846	unclassified	chr1	86572	92739	7	6210	-	6458	5912	5622	291	255	290	60	0.99423	0.950947	0.870548	0
PBE31016_skip_48cfe1d5_2a56a123_101.pod5	e6924131-6476-4d7a-967b-db01cc9e4fc1	2a56a1234efd33c542b8cb6a9627e827d4977d6c	1150	4	77633.8	3.944	77633.9	3.8664	1870	25.8515	unclassified	chr1	86573	88435	0	1864	+	1867	1859	1853	5	3	6	60	0.996791	0.996772	0.992501	0
PBE31016_skip_48cfe1d5_2a56a123_104.pod5	7df799c5-fd32-4c1e-97bc-8fac745d0006	2a56a1234efd33c542b8cb6a9627e827d4977d6c	2359	4	80624.1	8.9204	80624.3	8.8092	3859	24.9327	unclassified	chr1	87000	90724	0	3852	+	3855	3721	3716	131	3	5	60	0.998186	0.998656	0.963943	0
PBE31016_skip_48cfe1d5_2a56a123_111.pod5	0bb82b09-0169-4cf6-87f1-a5b4de6ed8a4	2a56a1234efd33c542b8cb6a9627e827d4977d6c	2096	4	85605.8	11.9864	85605.9	11.8428	4307	28.8245	unclassified	chr1	87211	91394	8	4307	-	4302	4180	4179	119	3	1	60	0.998143	0.999761	0.971409	0
PBE31016_skip_48cfe1d5_2a56a123_13.pod5	5c95f8c6-af7a-45d7-8eff-74571104241b	2a56a1234efd33c542b8cb6a9627e827d4977d6c	2584	1	9315.03	8.3624	9315.12	8.2776	4135	23.9843	unclassified	chr1	87429	91443	10	4135	-	4133	4006	3998	119	8	8	60	0.997582	0.998003	0.967336	0
PBE31016_skip_48cfe1d5_2a56a123_2.pod5	7c2f8b47-8c9c-4d0e-b476-8626ce492d28	2a56a1234efd33c542b8cb6a9627e827d4977d6c	518	2	2685.9	6.11	2685.9	6.108	1748	20.4342	unclassified	chr1	88466	90163	36	1737	+	1705	1693	1692	8	4	1	60	0.973112	0.999409	0.992375	0
PBE31016_skip_48cfe1d5_2a56a123_2.pod5	e62c7265-294a-492c-ba4e-65105d2e86be	2a56a1234efd33c542b8cb6a9627e827d4977d6c	518	2	2692.18	5.768	2692.32	5.628	1699	22.5263	unclassified	chr1	88466	90161	6	1699	-	1695	1693	1690	0	2	3	60	0.996468	0.998228	0.99705	0
PBE31016_skip_48cfe1d5_2a56a123_73.pod5	f972aa3d-f257-49e4-be7b-dbcde56b9516	2a56a1234efd33c542b8cb6a9627e827d4977d6c	1350	3	52600.2	113.156	52600.4	113.01	43490	28.0675	unclassified	chr1	89153	128884	2862	42370	+	39805	39434	39207	74	297	227	11	0.908439	0.994244	0.984977	0
PBE31016_skip_48cfe1d5_2a56a123_99.pod5	0c006867-7586-4b88-a2a1-17aba7f3aad0	2a56a1234efd33c542b8cb6a9627e827d4977d6c	964	2	75748.4	7.4684	75748.6	7.2564	1584	31.2505	unclassified	chr1	89837	91357	0	1584	+	1584	1520	1518	64	0	2	55	1	0.998684	0.958333	0
PBE31016_skip_48cfe1d5_2a56a123_113.pod5	a55cf77c-c214-4e9b-b60d-9cda489b5de0	2a56a1234efd33c542b8cb6a9627e827d4977d6c	697	1	88384.5	9.8024	88384.6	9.6696	3826	28.1167	unclassified	chr1	90833	94654	0	3819	+	3828	3812	3800	7	9	12	60	0.99817	0.996852	0.992685	0
PBE31016_skip_48cfe1d5_2a56a123_101.pod5	d0ad93c0-03de-43d8-ac74-5f5a5de36112	2a56a1234efd33c542b8cb6a9627e827d4977d6c	329	2	78030.1	36.5852	78030.3	36.3756	13520	31.3779	unclassified	chr1	90952	104460	0	13512	+	13527	13493	13474	19	15	19	60	0.999408	0.998592	0.996082	0
PBE31016_skip_48cfe1d5_2a56a123_101.pod5	997dcd0c-e3c8-4ce2-9af4-2de350fa7113	2a56a1234efd33c542b8cb6a9627e827d4977d6c	329	2	78068	32.3948	78068.1	32.3052	13514	26.5448	unclassified	chr1	90952	104460	8	13514	-	13536	13478	13445	28	30	33	60	0.999408	0.997552	0.993277	0
PBE31016_skip_48cfe1d5_2a56a123_152.pod5	9d403da0-92de-4c19-bab6-df8948484918	2a56a1234efd33c542b8cb6a9627e827d4977d6c	1891	1	128599	11.1776	128599	11.0448	5172	24.5913	unclassified	chr1	91066	96219	0	5165	+	5174	5144	5105	21	9	39	35	0.998647	0.992418	0.986664	0
PBE31016_skip_48cfe1d5_2a56a123_152.pod5	98414586-304a-4970-ad4e-3460efd78b39	2a56a1234efd33c542b8cb6a9627e827d4977d6c	1891	1	128610	12.3692	128610	12.2388	5157	28.6791	unclassified	chr1	91066	96219	7	5157	-	5161	5142	5104	8	11	38	35	0.998643	0.99261	0.988956	0
PBE31016_skip_48cfe1d5_2a56a123_172.pod5	a374f13c-60c7-44d9-b5da-a10438c80348	2a56a1234efd33c542b8cb6a9627e827d4977d6c	614	1	173955	8.3782	173955	8.3762	3037	11.8003	unclassified	chr1	91285	94262	75	3035	+	3065	2872	2748	88	105	124	1	0.974646	0.956825	0.896574	0
PBE31016_skip_48cfe1d5_2a56a123_156.pod5	99951186-877a-4974-a3ca-2274fc1ea04e	2a56a1234efd33c542b8cb6a9627e827d4977d6c	1650	3	137686	8.4656	137686	8.232	1809	27.44	unclassified	chr1	91298	93102	0	1809	-	1810	1803	1795	6	1	8	60	1	0.995563	0.991713	0
PBE31016_skip_48cfe1d5_2a56a123_180.pod5	b83ccdde-78b1-49db-acf9-dceb6d4e157f	2a56a1234efd33c542b8cb6a9627e827d4977d6c	1578	1	204211	7.484	204211	7.3872	3070	28.3411	unclassified	chr1	91392	94452	0	3063	+	3064	3059	3051	4	1	8	48	0.99772	0.997385	0.995757	0
PBE31016_skip_48cfe1d5_2a56a123_5.pod5	ecc1df41-5cc7-49bd-89eb-712ca40a125c	2a56a1234efd33c542b8cb6a9627e827d4977d6c	2165	2	4334.07	16.2392	4334.26	16.0464	3698	24.6078	unclassified	chr1	91397	95089	0	3692	+	3698	3686	3671	6	6	15	60	0.998378	0.995931	0.992699	0
PBE31016_skip_48cfe1d5_2a56a123_55.pod5	f46b572f-2eae-448d-85ea-cdaaee79eed5	2a56a1234efd33c542b8cb6a9627e827d4977d6c	77	2	38131.9	8.99	38132.1	8.8632	2969	29.4444	unclassified	chr1	91424	94391	9	2969	-	2968	2959	2956	1	8	3	60	0.996969	0.998986	0.995957	0
PBE31016_skip_48cfe1d5_2a56a123_137.pod5	73d9ede4-50f7-4906-b976-a3344baa6534	2a56a1234efd33c542b8cb6a9627e827d4977d6c	2346	1	110300	8.8244	110300	8.61	3193	23.0385	unclassified	chr1	91486	94677	7	3193	-	3193	3184	3176	2	7	8	60	0.997808	0.997487	0.994676	0
PBE31016_skip_48cfe1d5_2a56a123_156.pod5	fc90ec6c-7145-4e95-a5cb-369601c65848	2a56a1234efd33c542b8cb6a9627e827d4977d6c	2302	1	137491	7.8392	137491	7.7112	3149	33.3776	unclassified	chr1	91509	94654	0	3142	+	3145	3142	3138	0	3	4	60	0.997777	0.998727	0.997774	0
PBE31016_skip_48cfe1d5_2a56a123_170.pod5	51988154-ee8c-4233-a798-18f79cd718dd	2a56a1234efd33c542b8cb6a9627e827d4977d6c	2158	3	166166	0.2318	166166	0.2298	100	22.2356	unclassified	chr1	92087	92185	2	100	-	98	98	97	0	0	1	0	0.98	0.989796	0.989796	0
PBE31016_skip_48cfe1d5_2a56a123_81.pod5	f87e1ed1-1793-4999-ba79-50b69b9b82ab	2a56a1234efd33c542b8cb6a9627e827d4977d6c	1011	1	59923.9	12.637	59923.9	12.635	4917	13.7323	unclassified	chr1	92185	97132	0	4911	+	5002	4856	4747	55	91	109	60	0.99878	0.977554	0.94902	0
PBE31016_skip_48cfe1d5_2a56a123_92.pod5	c4a04563-8e75-4cd6-a255-2561ecb00fda	2a56a1234efd33c542b8cb6a9627e827d4977d6c	2720	1	68603.9	50.2692	68603.9	50.2672	19508	11.4688	unclassified	chr1	92258	111958	57	19503	+	20111	19035	18343	411	665	692	60	0.996822	0.963646	0.912088	0
PBE31016_skip_48cfe1d5_2a56a123_170.pod5	862fe6cf-f6fb-4258-9513-90908e2146a8	2a56a1234efd33c542b8cb6a9627e827d4977d6c	2158	3	166164	0.2542	166164	0.2522	101	15.4175	unclassified	chr1	92533	92634	0	101	-	101	101	101	0	0	0	0	1	1	1	0
PBE31016_skip_48cfe1d5_2a56a123_75.pod5	596da625-9954-4d23-b435-c9f473ba9783	2a56a1234efd33c542b8cb6a9627e827d4977d6c	1304	4	54731.3	3.17	54731.5	3.0276	877	32.2642	unclassified	chr1	92669	93547	0	877	-	878	877	877	0	1	0	60	1	1	0.998861	0
PBE31016_skip_48cfe1d5_2a56a123_156.pod5	7f9b4acf-9f28-43be-99c5-f02ccf8a5f91	2a56a1234efd33c542b8cb6a9627e827d4977d6c	865	2	137212	5.6828	137212	5.6808	1146	21.4191	unclassified	chr1	92809	93924	1	1113	-	1116	1111	1104	1	4	7	0	0.970332	0.993699	0.989247	0
PBE31016_skip_48cfe1d5_2a56a123_56.pod5	ae0952e3-87cd-4367-af21-25bdda30b539	2a56a1234efd33c542b8cb6a9627e827d4977d6c	2443	4	39363.6	1.7816	39363.7	1.6656	661	26.0644	unclassified	chr1	92896	93547	0	651	+	651	651	650	0	0	1	23	0.984871	0.998464	0.998464	0
PBE31016_skip_48cfe1d5_2a56a123_23.pod5	070e708b-d5fa-41ea-aec4-523daed168d4	2a56a1234efd33c542b8cb6a9627e827d4977d6c	336	2	16045.6	70.7396	16045.7	70.5948	25622	31.2823	unclassified	chr1	93084	118693	7	25622	-	25638	25586	25555	29	23	31	60	0.999727	0.998788	0.996763	0
PBE31016_skip_48cfe1d5_2a56a123_170.pod5	18706e77-f45e-4725-8859-62f768cfcba9	2a56a1234efd33c542b8cb6a9627e827d4977d6c	2158	3	166163	0.2688	166163	0.2668	117	42.4587	unclassified	chr1	93338	93455	0	117	-	117	117	117	0	0	0	0	1	1	1	0
PBE31016_skip_48cfe1d5_2a56a123_161.pod5	7858e22e-a43c-4773-88c0-64fe35310ea9	2a56a1234efd33c542b8cb6a9627e827d4977d6c	2845	1	145741	18.4664	145741	18.3432	7250	27.2416	unclassified	chr1	93471	99860	5	6397	-	6402	6379	6372	13	10	7	49	0.881655	0.998903	0.995314	0
PBE31016_skip_48cfe1d5_2a56a123_161.pod5	b28ae7ce-4c4d-4142-adee-7113f75765e2	2a56a1234efd33c542b8cb6a9627e827d4977d6c	2845	1	145723	17.3048	145724	17.1096	6372	27.0417	unclassified	chr1	93473	99845	0	6372	+	6381	6363	6356	9	9	7	60	1	0.9989	0.996082	0
PBE31016_skip_48cfe1d5_2a56a123_175.pod5	025f8625-10e9-4d2c-854b-d25a92c10f53	2a56a1234efd33c542b8cb6a9627e827d4977d6c	1930	2	185611	0.322	185611	0.32	127	24.7699	unclassified	chr1	94138	94263	2	127	-	125	125	124	0	0	1	0	0.984252	0.992	0.992	0
PBE31016_skip_48cfe1d5_2a56a123_170.pod5	46d11b3b-45e2-4e0e-b5f8-64fb27d6bee4	2a56a1234efd33c542b8cb6a9627e827d4977d6c	1399	4	165792	107.151	165792	107.038	36118	20.5174	unclassified	chr1	94186	126244	6	31952	-	32176	31828	31539	118	230	289	5	0.88449	0.99092	0.980203	0
PBE31016_skip_48cfe1d5_2a56a123_116.pod5	25a41bbd-a053-4b80-8997-4c092df3f6ca	2a56a1234efd33c542b8cb6a9627e827d4977d6c	927	3	90897.5	76.484	90897.5	76.482	28030	14.8079	unclassified	chr1	94568	122606	7	27981	-	28385	27627	27162	347	411	465	60	0.998002	0.983169	0.956914	0
PBE31016_skip_48cfe1d5_2a56a123_164.pod5	4342f1ed-7bfc-4917-b4e6-fd6af9b58c69	2a56a1234efd33c542b8cb6a9627e827d4977d6c	695	1	150527	75.2984	150527	75.1608	17488	28.0575	unclassified	chr1	94653	112126	6	17488	-	17503	17452	17421	30	21	31	60	0.999657	0.998224	0.995315	0
PBE31016_skip_48cfe1d5_2a56a123_164.pod5	7c01acfe-f499-4f85-8b59-330f48fd59dd	2a56a1234efd33c542b8cb6a9627e827d4977d6c	695	1	150603	69.5012	150603	69.342	17475	27.4481	unclassified	chr1	94654	112126	0	17466	+	17506	17432	17399	34	40	33	60	0.999485	0.998107	0.993888	0
PBE31016_skip_48cfe1d5_2a56a123_125.pod5	94c841e5-6f45-4fc2-a4f1-62307b4f6672	2a56a1234efd33c542b8cb6a9627e827d4977d6c	816	2	98158.1	15.6788	98158.2	15.576	6289	18.9095	unclassified	chr1	94744	100939	1	6286	+	6341	6139	6023	146	56	116	6	0.999364	0.981104	0.94985	0
PBE31016_skip_48cfe1d5_2a56a123_58.pod5	0a2412e7-6cf2-48f7-9579-f197386e0c45	2a56a1234efd33c542b8cb6a9627e827d4977d6c	1887	3	40094.8	9.3944	40094.9	9.2496	3758	10.4165	unclassified	chr1	95077	98780	65	3758	-	3835	3561	3360	132	142	201	1	0.982704	0.943555	0.876141	0
PBE31016_skip_48cfe1d5_2a56a123_47.pod5	66e3a590-2aeb-4eb0-8083-c6639b6f8691	2a56a1234efd33c542b8cb6a9627e827d4977d6c	780	4	32645.1	3.818	32645.3	3.696	1584	27.8047	unclassified	chr1	95089	96663	7	1584	-	1577	1574	1570	3	0	4	14	0.995581	0.997459	0.995561	0
PBE31016_skip_48cfe1d5_2a56a123_80.pod5	32849d6b-db89-488f-a965-0813e8ffd613	2a56a1234efd33c542b8cb6a9627e827d4977d6c	2722	4	58636.8	6.2696	58636.9	6.1344	2435	26.289	unclassified	chr1	95101	97532	0	2429	+	2432	2428	2424	1	3	4	52	0.997536	0.998353	0.996711	0
PBE31016_skip_48cfe1d5_2a56a123_175.pod5	bb936c48-e839-43d4-8345-819471c96a70	2a56a1234efd33c542b8cb6a9627e827d4977d6c	1930	2	185607	0.8926	185607	0.8906	282	18.6639	unclassified	chr1	95335	95614	3	282	-	279	279	279	0	0	0	0	0.989362	1	1	0
PBE31016_skip_48cfe1d5_2a56a123_106.pod5	c44fed9f-7bf7-4d02-9e79-6b055cd521f1	2a56a1234efd33c542b8cb6a9627e827d4977d6c	2673	2	81458.4	7.4814	81458.4	7.4794	2897	16.8852	unclassified	chr1	95380	98201	84	2888	+	2834	2791	2737	13	30	54	44	0.967898	0.980652	0.965773	0
PBE31016_skip_48cfe1d5_2a56a123_30.pod5	a9f7bb5c-45e6-45ea-b3e2-711dc0fdca35	2a56a1234efd33c542b8cb6a9627e827d4977d6c	2266	4	20220.4	5.8148	20220.5	5.7012	2364	25.2065	unclassified	chr1	95385	97752	0	2359	+	2369	2357	2351	2	10	6	60	0.997885	0.997454	0.992402	0
PBE31016_skip_48cfe1d5_2a56a123_15.pod5	cd09d572-988b-4c0b-833a-cb43b0d3ed53	2a56a1234efd33c542b8cb6a9627e827d4977d6c	620	4	10807.5	4.3064	10807.7	4.0824	902	22.6487	unclassified	chr1	95565	96458	0	899	+	899	893	891	6	0	2	51	0.996674	0.99776	0.991101	0
PBE31016_skip_48cfe1d5_2a56a123_23.pod5	f30f2263-67a0-4110-86c2-229eb4d1d2a7	2a56a1234efd33c542b8cb6a9627e827d4977d6c	2281	3	16404.4	5.8976	16404.5	5.76	1884	32.7803	unclassified	chr1	95595	97470	0	1876	+	1877	1874	1848	2	1	26	38	0.995754	0.986126	0.98455	0
PBE31016_skip_48cfe1d5_2a56a123_78.pod5	ab44cbd7-714a-44a6-8415-9f7e278df3eb	2a56a1234efd33c542b8cb6a9627e827d4977d6c	1857	2	56620.8	33.0814	56620.8	33.0794	13536	11.3545	unclassified	chr1	95661	109189	26	13530	+	14014	13018	12394	486	510	624	1	0.997636	0.952066	0.884401	0
PBE31016_skip_48cfe1d5_2a56a123_175.pod5	8a4228c0-20e8-428e-a0c2-2e9890deca0e	2a56a1234efd33c542b8cb6a9627e827d4977d6c	1930	2	185604	0.4768	185604	0.4748	189	29.24	unclassified	chr1	96320	96504	4	189	-	185	184	184	1	0	0	0	0.978836	1	0.994595	0
PBE31016_skip_48cfe1d5_2a56a123_100.pod5	a0453573-cf6d-4501-b88d-201b3a55ee96	2a56a1234efd33c542b8cb6a9627e827d4977d6c	2814	3	77295.2	1.0232	77295.2	0.9288	400	23.3695	unclassified	chr1	96456	96844	12	400	-	388	388	388	0	0	0	15	0.97	1	1	0
PBE31016_skip_48cfe1d5_2a56a123_146.pod5	11055d3f-1440-466d-a89e-18c0f4917404	2a56a1234efd33c542b8cb6a9627e827d4977d6c	1367	3	120234	41.9228	120234	41.7756	14536	29.4323	unclassified	chr1	96559	111093	0	14529	+	14552	14511	14483	18	23	28	60	0.999518	0.99807	0.995258	0
PBE31016_skip_48cfe1d5_2a56a123_37.pod5	2a569be7-4acc-45c3-8661-7bf8bab7478c	2a56a1234efd33c542b8cb6a9627e827d4977d6c	705	1	24542.2	5.4512	24542.3	5.316	1151	29.4484	unclassified	chr1	96690	97839	0	1149	+	1149	1149	1148	0	0	1	15	0.998262	0.99913	0.99913	0
PBE31016_skip_48cfe1d5_2a56a123_41.pod5	58da6c54-ee79-4857-88e0-722eca94b1c1	2a56a1234efd33c542b8cb6a9627e827d4977d6c	2057	2	27950	108.177	27950.1	108.08	43946	26.9448	unclassified	chr1	96904	126231	0	29273	+	29381	29219	29070	54	108	149	7	0.666113	0.994901	0.989415	0
PBE31016_skip_48cfe1d5_2a56a123_140.pod5	fe119212-7bde-4e46-a43d-919362380569	2a56a1234efd33c542b8cb6a9627e827d4977d6c	2693	2	112919	8.8652	112919	8.7372	3059	12.7924	unclassified	chr1	96906	99766	0	3057	+	3091	2826	2806	231	34	20	1	0.999346	0.992923	0.907797	0
PBE31016_skip_48cfe1d5_2a56a123_75.pod5	ba145e47-a67d-48ad-8381-6f0e3d3267ed	2a56a1234efd33c542b8cb6a9627e827d4977d6c	680	1	54241	7.9628	54241.2	7.8468	3395	24.2392	unclassified	chr1	96919	100348	0	3388	+	3432	3385	3357	3	44	28	1	0.997938	0.991728	0.978147	0
PBE31016_skip_48cfe1d5_2a56a123_107.pod5	99c1f100-4010-4daf-adda-ffb63ad3fa0a	2a56a1234efd33c542b8cb6a9627e827d4977d6c	897	4	83031.6	13.0292	83031.8	12.8976	4745	29.9931	unclassified	chr1	97444	102178	0	4740	+	4745	4729	4725	11	5	4	60	0.998946	0.999154	0.995785	0
PBE31016_skip_48cfe1d5_2a56a123_166.pod5	6a383fbc-e401-45f3-af92-f60d806fec91	2a56a1234efd33c542b8cb6a9627e827d4977d6c	1462	2	155586	45.5734	155586	45.5714	11554	14.0089	unclassified	chr1	97471	109012	11	11515	-	11710	11335	11130	169	206	205	60	0.995673	0.981914	0.95047	0
PBE31016_skip_48cfe1d5_2a56a123_114.pod5	3950f98c-4ad7-4c27-8c95-303a37d2f1e6	2a56a1234efd33c542b8cb6a9627e827d4977d6c	1646	2	89106.3	3.471	89106.3	3.469	1958	17.6118	unclassified	chr1	98451	100382	7	1927	-	1939	1912	1895	8	19	17	60	0.980592	0.991109	0.977308	0
PBE31016_skip_48cfe1d5_2a56a123_74.pod5	64e260c4-73ca-4c29-ac4e-e23b6d80440f	2a56a1234efd33c542b8cb6a9627e827d4977d6c	2593	3	53135.1	32.9084	53135.2	32.7828	13371	31.1833	unclassified	chr1	98472	111830	7	13371	-	13375	13347	13335	17	11	12	60	0.999476	0.999101	0.997009	0
PBE31016_skip_48cfe1d5_2a56a123_38.pod5	ecec9e62-5a94-4839-a6ec-5600170ec268	2a56a1234efd33c542b8cb6a9627e827d4977d6c	2269	1	25777.1	84.8642	25777.1	84.8622	35466	14.7839	unclassified	chr1	98715	134522	9	35425	-	36111	35112	34315	304	695	797	60	0.99859	0.977301	0.950264	0
PBE31016_skip_48cfe1d5_2a56a123_41.pod5	211f7d62-6995-4c09-b4a6-dea36e2203dd	2a56a1234efd33c542b8cb6a9627e827d4977d6c	2558	1	28104.3	7.124	28104.4	6.9792	2803	31.7477	unclassified	chr1	99550	102352	0	2797	+	2803	2796	2790	1	6	6	53	0.997859	0.997854	0.995362	0
PBE31016_skip_48cfe1d5_2a56a123_191.pod5	551ed21b-1585-444f-a02f-eddd84fefd11	2a56a1234efd33c542b8cb6a9627e827d4977d6c	1901	3	240781	28.6232	240781	28.4424	9507	26.7941	unclassified	chr1	100247	109742	5	9507	-	9520	9477	9455	25	18	22	60	0.999474	0.997679	0.993172	0
PBE31016_skip_48cfe1d5_2a56a123_168.pod5	9f105836-cb50-4cfd-9e71-926d6f50c7b7	2a56a1234efd33c542b8cb6a9627e827d4977d6c	1076	1	155968	191.181	155968	191	67457	25.5718	unclassified	chr1	100474	126231	0	25728	+	25818	25667	25517	61	90	150	1	0.381399	0.994156	0.988341	0
PBE31016_skip_48cfe1d5_2a56a123_123.pod5	68b3fc39-57e6-4ae0-ac0a-76d3009049ea	2a56a1234efd33c542b8cb6a9627e827d4977d6c	2312	1	95814.2	34.8776	95814.4	34.752	13373	29.8846	unclassified	chr1	100811	114153	5	13373	-	13374	13336	13277	32	6	59	30	0.999626	0.995576	0.992747	0
PBE31016_skip_48cfe1d5_2a56a123_179.pod5	8dc9eb79-11e6-41c7-b33c-1f28fbb959e0	2a56a1234efd33c542b8cb6a9627e827d4977d6c	910	2	200203	39.404	200204	39.2496	11611	25.1825	unclassified	chr1	101068	112665	0	11606	+	11619	11584	11525	22	13	59	20	0.999569	0.994907	0.99191	0
PBE31016_skip_48cfe1d5_2a56a123_179.pod5	764b4f6d-defb-4344-a63d-23c2c5ddb3bf	2a56a1234efd33c542b8cb6a9627e827d4977d6c	910	2	200243	25.8524	200243	25.7652	11499	23.0244	unclassified	chr1	101191	112664	0	11499	-	11523	11449	11384	50	24	65	27	1	0.994323	0.987937	0
PBE31016_skip_48cfe1d5_2a56a123_135.pod5	c50016b5-c458-43b5-8c23-9532001532c0	2a56a1234efd33c542b8cb6a9627e827d4977d6c	2526	3	107483	27.7112	107483	27.5532	9436	27.5272	unclassified	chr1	101778	111220	0	9436	+	9453	9425	9409	11	17	16	60	1	0.998302	0.995345	0
PBE31016_skip_48cfe1d5_2a56a123_162.pod5	ff776826-1395-4379-89a8-e5e00a96aaaf	2a56a1234efd33c542b8cb6a9627e827d4977d6c	351	3	148274	20.6408	148274	20.5272	7470	26.5302	unclassified	chr1	101834	109290	0	7463	+	7471	7448	7443	15	8	5	60	0.999063	0.999329	0.996252	0
PBE31016_skip_48cfe1d5_2a56a123_60.pod5	2b8696df-9d0f-46f1-bb28-224c39bf2bce	2a56a1234efd33c542b8cb6a9627e827d4977d6c	2384	3	41723	51.6116	41723.1	51.4932	18669	27.3017	unclassified	chr1	101834	120483	0	18662	+	18681	18630	18557	32	19	73	52	0.999625	0.996082	0.993362	0
PBE31016_skip_48cfe1d5_2a56a123_12.pod5	f2a66817-72af-4fc1-9307-0f6c16d300c7	2a56a1234efd33c542b8cb6a9627e827d4977d6c	476	1	8219.26	5.4236	8219.46	5.2212	2524	29.1934	unclassified	chr1	102061	104578	0	2524	-	2526	2515	2506	9	2	9	60	1	0.996421	0.992082	0
PBE31016_skip_48cfe1d5_2a56a123_126.pod5	232f308b-7b3f-4f81-908e-964187dd1e76	2a56a1234efd33c542b8cb6a9627e827d4977d6c	1791	1	99678.4	45.7268	99678.6	45.594	17330	30.7103	unclassified	chr1	102177	119479	0	17324	+	17328	17298	17248	26	4	50	52	0.999654	0.997109	0.995383	0
PBE31016_skip_48cfe1d5_2a56a123_195.pod5	d82530c4-9fa3-4bd7-89d3-395f062c26a1	2a56a1234efd33c542b8cb6a9627e827d4977d6c	1088	2	255755	34.9148	255755	34.842	14939	23.7835	unclassified	chr1	102177	117129	8	14939	-	14986	14897	14851	34	55	46	60	0.999465	0.996912	0.990992	0
PBE31016_skip_48cfe1d5_2a56a123_39.pod5	b859c601-8141-4456-acd9-f7dc9318e4b7	2a56a1234efd33c542b8cb6a9627e827d4977d6c	1127	2	26238.7	6.4292	26238.8	6.3348	2527	15.2694	unclassified	chr1	102598	105114	1	2516	+	2555	2476	2435	39	40	41	1	0.995251	0.983441	0.953033	0
PBE31016_skip_48cfe1d5_2a56a123_33.pod5	4de01f1e-6ca0-4e81-aa71-af0d2956faed	2a56a1234efd33c542b8cb6a9627e827d4977d6c	539	4	22234.3	74.6428	22234.3	74.6408	27979	29.2948	unclassified	chr1	102615	130563	4	27946	-	27975	27915	27849	27	33	66	60	0.998678	0.997636	0.995496	0
PBE31016_skip_48cfe1d5_2a56a123_161.pod5	7f411118-d72e-499c-a3c9-6f2a01dc772b	2a56a1234efd33c542b8cb6a9627e827d4977d6c	2048	3	145883	40.7336	145883	40.5888	14567	23.6632	unclassified	chr1	102928	117457	7	14567	-	14582	14507	14434	53	22	73	60	0.999519	0.994968	0.989851	0
PBE31016_skip_48cfe1d5_2a56a123_38.pod5	3859f97d-441f-4444-913e-ce8c0d4164db	2a56a1234efd33c542b8cb6a9627e827d4977d6c	1512	1	25545.7	22.1672	25545.9	22.0032	9748	28.4271	unclassified	chr1	102948	112697	6	9748	-	9761	9730	9714	12	19	16	60	0.999384	0.998356	0.995185	0
PBE31016_skip_48cfe1d5_2a56a123_38.pod5	1eff1c5f-180b-4b78-88a5-2260e9281c62	2a56a1234efd33c542b8cb6a9627e827d4977d6c	1512	1	25521.5	24.2144	25521.6	24.0936	9734	33.4347	unclassified	chr1	102949	112684	0	9734	+	9748	9721	9710	13	14	11	60	1	0.998868	0.996102	0
PBE31016_skip_48cfe1d5_2a56a123_8.pod5	aecc8dbf-7444-4c7b-8de7-a1493c13233f	2a56a1234efd33c542b8cb6a9627e827d4977d6c	1555	3	6167.35	9.3156	6167.36	9.3136	4763	24.9371	unclassified	chr1	102988	107704	33	4757	+	4726	4714	4705	10	2	9	60	0.991812	0.998091	0.995556	0
PBE31016_skip_48cfe1d5_2a56a123_8.pod5	7e192eb3-1c61-487e-94fb-c43b5549e14d	2a56a1234efd33c542b8cb6a9627e827d4977d6c	1555	3	6176.67	9.6944	6176.75	9.612	4715	20.3708	unclassified	chr1	102988	107703	6	4715	-	4726	4698	4673	11	17	25	60	0.998727	0.994679	0.988785	0
PBE31016_skip_48cfe1d5_2a56a123_32.pod5	dab51cbc-73e8-4f7c-86e6-b242ae836e49	2a56a1234efd33c542b8cb6a9627e827d4977d6c	1834	4	21514.7	6.082	21514.7	6.08	2481	33.9325	unclassified	chr1	103518	105946	9	2449	-	2440	2428	2412	12	0	16	1	0.983474	0.99341	0.988525	0
PBE31016_skip_48cfe1d5_2a56a123_58.pod5	cf6bab65-9e72-4bc5-aa77-248f1b1e43b8	2a56a1234efd33c542b8cb6a9627e827d4977d6c	564	4	39819.3	10.0532	39819.3	10.0512	3936	7.01715	unclassified	chr1	103669	107704	36	3932	+	4198	3733	3318	163	302	415	10	0.989837	0.888829	0.790376	0
PBE31016_skip_48cfe1d5_2a56a123_180.pod5	b0a55b6c-f9cc-45cf-9b05-9c4edc151bbd	2a56a1234efd33c542b8cb6a9627e827d4977d6c	1981	3	203360	21.3776	203360	21.204	7969	27.6564	unclassified	chr1	104242	112196	2	7960	+	7963	7949	7918	9	5	31	45	0.99862	0.9961	0.994349	0
PBE31016_skip_48cfe1d5_2a56a123_160.pod5	1aa994c0-a0b8-4545-b12a-2201758d323e	2a56a1234efd33c542b8cb6a9627e827d4977d6c	660	3	143784	41.7308	143785	41.5668	14618	30.5951	unclassified	chr1	104281	118899	0	14611	+	14628	14601	14580	10	17	21	60	0.999521	0.998562	0.996719	0
PBE31016_skip_48cfe1d5_2a56a123_39.pod5	c731d41f-edfc-4e1f-91df-97bb99f5dd57	2a56a1234efd33c542b8cb6a9627e827d4977d6c	534	2	26659.8	30.8948	26660	30.7092	10665	30.3491	unclassified	chr1	104392	115049	0	10657	+	10667	10647	10610	10	10	37	60	0.99925	0.996525	0.994656	0
PBE31016_skip_48cfe1d5_2a56a123_142.pod5	a44f4ac9-d5b9-4458-9a0c-97c1a1d7c950	2a56a1234efd33c542b8cb6a9627e827d4977d6c	2302	1	115436	11.3	115436	11.2008	4328	37.7267	unclassified	chr1	104433	108754	0	4321	+	4324	4318	4313	3	3	5	55	0.998383	0.998842	0.997456	0
PBE31016_skip_48cfe1d5_2a56a123_158.pod5	774afff2-05f2-45ce-b862-7158d693bb39	2a56a1234efd33c542b8cb6a9627e827d4977d6c	1680	4	138444	35.9264	138444	35.832	12776	29.8308	unclassified	chr1	104444	117226	0	12776	-	12791	12767	12729	9	15	38	60	1	0.997024	0.995153	0
PBE31016_skip_48cfe1d5_2a56a123_32.pod5	9708c967-f358-4dff-b06a-d46efec4eeb0	2a56a1234efd33c542b8cb6a9627e827d4977d6c	711	3	21770.6	36.7454	21770.6	36.7434	12604	24.4556	unclassified	chr1	104513	117078	6	12566	-	12592	12533	12503	27	32	30	60	0.996509	0.997606	0.992932	0
PBE31016_skip_48cfe1d5_2a56a123_175.pod5	c4fe0b10-8fd7-4b21-8c98-0b7be64db144	2a56a1234efd33c542b8cb6a9627e827d4977d6c	1930	2	185581	1.5002	185581	1.4982	576	30.0367	unclassified	chr1	104518	105091	2	576	-	574	573	571	1	0	2	0	0.996528	0.99651	0.994774	0
PBE31016_skip_48cfe1d5_2a56a123_48.pod5	de2faa30-9442-4439-a90b-4a45ea85beb9	2a56a1234efd33c542b8cb6a9627e827d4977d6c	2062	1	33015.2	1.6736	33015.4	1.5408	599	26.8413	unclassified	chr1	104929	105517	0	588	+	588	588	585	0	0	3	31	0.981636	0.994898	0.994898	0
PBE31016_skip_48cfe1d5_2a56a123_61.pod5	dae45c8b-3cb6-48a1-883b-1db876364b83	2a56a1234efd33c542b8cb6a9627e827d4977d6c	2315	3	42502.8	1.5962	42502.8	1.5942	593	25.998	unclassified	chr1	105045	105590	13	558	-	545	545	545	0	0	0	35	0.919056	1	1	0
PBE31016_skip_48cfe1d5_2a56a123_18.pod5	8de08adc-ba7d-45e1-a341-126bd9b5b0d6	2a56a1234efd33c542b8cb6a9627e827d4977d6c	2071	2	12462.8	37.3694	12462.8	37.3674	12123	20.9673	unclassified	chr1	105160	117082	7	11927	-	11938	11904	11888	16	18	16	60	0.983255	0.998656	0.995812	0
PBE31016_skip_48cfe1d5_2a56a123_58.pod5	b9256e25-5f2a-4a98-a3c7-167bd4c70168	2a56a1234efd33c542b8cb6a9627e827d4977d6c	432	3	40139.5	2.9648	40139.7	2.844	848	41.6026	unclassified	chr1	105373	106220	0	848	+	848	847	839	1	0	8	0	1	0.990555	0.989387	0
PBE31016_skip_48cfe1d5_2a56a123_80.pod5	c0d33538-581d-4f0d-9f34-354c3ba1e6e4	2a56a1234efd33c542b8cb6a9627e827d4977d6c	841	1	57997.6	31.6052	57997.7	31.4724	11174	31.5493	unclassified	chr1	105944	117119	5	11174	-	11185	11159	11145	10	16	14	60	0.999553	0.998745	0.996424	0
PBE31016_skip_48cfe1d5_2a56a123_48.pod5	52387059-d781-490a-9e43-80717bbda707	2a56a1234efd33c542b8cb6a9627e827d4977d6c	438	3	32818.5	67.7144	32818.6	67.5888	26590	29.4799	unclassified	chr1	106009	132589	0	26584	+	26609	26555	26488	29	25	67	60	0.999774	0.997477	0.995453	0
PBE31016_skip_48cfe1d5_2a56a123_86.pod5	cb410b0a-9e30-4821-a13f-18ec728380fc	2a56a1234efd33c542b8cb6a9627e827d4977d6c	2576	1	64109.5	45.2168	64109.6	45.0312	10102	6.1964	unclassified	chr1	106164	111056	0	4899	+	4906	4885	4868	14	7	17	14	0.484953	0.99652	0.992254	0
PBE31016_skip_48cfe1d5_2a56a123_48.pod5	f72be022-2a38-4428-ac57-02c959567ed7	2a56a1234efd33c542b8cb6a9627e827d4977d6c	129	1	32698.7	19.7978	32698.7	19.7958	6430	24.8818	unclassified	chr1	106243	112624	42	6424	+	6394	6369	6350	13	12	19	46	0.992535	0.997017	0.993119	0
PBE31016_skip_48cfe1d5_2a56a123_147.pod5	59335d15-1843-4c92-9229-6560486010c0	2a56a1234efd33c542b8cb6a9627e827d4977d6c	1564	3	121733	18.9584	121733	18.8448	6329	24.7276	unclassified	chr1	106314	112623	5	6329	-	6332	6301	6282	23	8	19	42	0.99921	0.996985	0.992104	0
PBE31016_skip_48cfe1d5_2a56a123_74.pod5	34c6e30a-e419-44a9-a261-6f27def91f38	2a56a1234efd33c542b8cb6a9627e827d4977d6c	2547	1	53734.7	55.682	53734.8	55.5468	20758	32.575	unclassified	chr1	106860	127607	8	20758	-	20762	20735	20703	15	12	32	60	0.999615	0.998457	0.997158	0
PBE31016_skip_48cfe1d5_2a56a123_74.pod5	cd2dc082-04c4-49dd-99f2-911c2a1c2e37	2a56a1234efd33c542b8cb6a9627e827d4977d6c	2547	1	53790.4	50.5472	53790.5	50.4528	20735	25.5382	unclassified	chr1	106861	127607	0	20728	+	20771	20703	20649	25	43	54	60	0.999662	0.997392	0.994126	0
PBE31016_skip_48cfe1d5_2a56a123_113.pod5	a88e0ff5-8140-46d4-95f1-b7ec816ca2f7	2a56a1234efd33c542b8cb6a9627e827d4977d6c	860	3	88244.5	10.6196	88244.6	10.47	4153	12.4819	unclassified	chr1	106930	111056	3	4147	+	4237	4033	3910	111	93	123	25	0.997833	0.969502	0.922823	0
PBE31016_skip_48cfe1d5_2a56a123_159.pod5	abc5ddb1-1ff1-4a4c-8eec-889f4e4c74ac	2a56a1234efd33c542b8cb6a9627e827d4977d6c	2013	3	141505	32.7716	141505	32.6388	12752	29.8973	unclassified	chr1	107016	119756	6	12736	-	12752	12718	12702	12	22	16	60	0.998275	0.998742	0.996079	0
PBE31016_skip_48cfe1d5_2a56a123_75.pod5	59095c89-f2b9-48fe-b0e5-bc1a44c6fab8	2a56a1234efd33c542b8cb6a9627e827d4977d6c	1433	2	54391.2	17.8916	54391.3	17.8044	6745	33.7796	unclassified	chr1	107243	113983	8	6745	-	6748	6729	6724	8	11	5	60	0.998814	0.999257	0.996443	0
PBE31016_skip_48cfe1d5_2a56a123_26.pod5	3a5656d6-7ca8-4dbc-a82b-92a786ff440d	2a56a1234efd33c542b8cb6a9627e827d4977d6c	1830	1	17167.5	7.5704	17167.6	7.4472	3171	31.5822	unclassified	chr1	107279	110442	0	3164	+	3165	3162	3157	2	1	5	42	0.997792	0.998419	0.997472	0
PBE31016_skip_48cfe1d5_2a56a123_37.pod5	4199ae77-4d75-4b92-ac73-33243bcf07db	2a56a1234efd33c542b8cb6a9627e827d4977d6c	1939	4	25120.9	19.6952	25121	19.572	5467	29.3906	unclassified	chr1	107279	112738	4	5467	-	5471	5451	5439	12	8	12	57	0.999268	0.997799	0.994151	0
PBE31016_skip_48cfe1d5_2a56a123_26.pod5	1ab5384f-5cb9-4b3b-a2d6-7d963f875370	2a56a1234efd33c542b8cb6a9627e827d4977d6c	1830	1	17175	8.7716	17175.1	8.6796	3173	33.6328	unclassified	chr1	107279	110442	7	3173	-	3168	3161	3155	5	2	6	44	0.997794	0.998102	0.995896	0
PBE31016_skip_48cfe1d5_2a56a123_62.pod5	57f8642c-04c7-4852-941d-226999265c95	2a56a1234efd33c542b8cb6a9627e827d4977d6c	363	1	43368.4	14.7308	43368.4	14.7288	5380	13.0596	unclassified	chr1	107386	112744	7	5350	-	5462	5239	5056	104	119	183	43	0.993123	0.96507	0.925668	0
PBE31016_skip_48cfe1d5_2a56a123_2.pod5	019315f3-8eca-497a-81a1-fd99d7b83d02	2a56a1234efd33c542b8cb6a9627e827d4977d6c	1448	2	2520.46	5.375	2520.47	5.373	1867	17.9591	unclassified	chr1	107409	109232	5	1825	-	1832	1811	1792	9	12	19	60	0.974826	0.989509	0.978166	0
PBE31016_skip_48cfe1d5_2a56a123_182.pod5	fbb32fd0-1763-436f-9b5f-806d5b661cd4	2a56a1234efd33c542b8cb6a9627e827d4977d6c	1463	2	208793	58.2	208793	58.198	8086	21.7431	unclassified	chr1	107703	115680	13	8024	-	8018	7970	7953	41	7	17	60	0.990725	0.997867	0.991893	0
PBE31016_skip_48cfe1d5_2a56a123_171.pod5	eb41c1f2-1155-4925-abc4-6686c9d46234	2a56a1234efd33c542b8cb6a9627e827d4977d6c	968	3	169271	26.0216	169271	25.884	9127	27.7793	unclassified	chr1	107739	116845	9	9127	-	9122	9102	9080	16	4	22	60	0.999014	0.997583	0.995396	0
PBE31016_skip_48cfe1d5_2a56a123_142.pod5	fff6b527-70fc-40f0-aa06-c92ed0f3c332	2a56a1234efd33c542b8cb6a9627e827d4977d6c	2298	4	116591	95.87	116591	95.868	28428	23.9082	unclassified	chr1	107842	136096	1	28397	-	28429	28221	28151	175	33	70	60	0.998874	0.99752	0.990221	0
PBE31016_skip_48cfe1d5_2a56a123_172.pod5	da248c50-d127-4071-9a15-b262b068556e	2a56a1234efd33c542b8cb6a9627e827d4977d6c	968	3	173400	15.7784	173400	15.6432	5859	27.506	unclassified	chr1	107917	113773	0	5849	+	5864	5841	5830	8	15	11	60	0.998293	0.998117	0.994202	0
PBE31016_skip_48cfe1d5_2a56a123_85.pod5	9a99cd5f-3b7c-4564-a541-d64b0b0dbf17	2a56a1234efd33c542b8cb6a9627e827d4977d6c	319	1	63046.6	10.1144	63046.7	9.9912	3783	29.9719	unclassified	chr1	108041	111816	7	3783	-	3779	3772	3765	4	3	7	47	0.99815	0.998144	0.996295	0
PBE31016_skip_48cfe1d5_2a56a123_86.pod5	864bef8d-408d-4c28-b2b8-ce7625a17b6e	2a56a1234efd33c542b8cb6a9627e827d4977d6c	1310	3	64152.7	11.0264	64152.8	10.9248	3823	29.3347	unclassified	chr1	108090	111901	0	3817	+	3819	3809	3801	8	2	8	60	0.998431	0.9979	0.995287	0
PBE31016_skip_48cfe1d5_2a56a123_86.pod5	a3ea736b-b56a-4b63-b468-cad1e3cc2ace	2a56a1234efd33c542b8cb6a9627e827d4977d6c	1310	3	64164	8.8124	64164.1	8.7156	3814	25.4154	unclassified	chr1	108090	111898	11	3814	-	3821	3790	3785	13	18	5	60	0.997116	0.998681	0.990578	0
PBE31016_skip_48cfe1d5_2a56a123_2.pod5	d166e610-c77e-4016-91b8-c8b058cfcff1	2a56a1234efd33c542b8cb6a9627e827d4977d6c	821	1	2179.69	2.3612	2179.78	2.2656	985	12.3003	unclassified	chr1	108124	109072	16	975	-	979	928	894	31	20	34	5	0.973604	0.963362	0.913177	0
PBE31016_skip_48cfe1d5_2a56a123_135.pod5	2df87616-7dd7-4219-9ae9-887cefcf8763	2a56a1234efd33c542b8cb6a9627e827d4977d6c	1078	4	108472	14.1308	108473	13.9932	5320	25.3425	unclassified	chr1	108148	113471	0	5312	+	5328	5307	5293	5	16	14	60	0.998496	0.997362	0.993431	0
PBE31016_skip_48cfe1d5_2a56a123_144.pod5	d990a867-0da3-4b31-b5d7-ce1287047db2	2a56a1234efd33c542b8cb6a9627e827d4977d6c	361	4	118828	5.9912	118829	5.8512	2116	29.987	unclassified	chr1	108277	110386	6	2116	-	2113	2106	2102	4	3	4	60	0.997164	0.998101	0.994794	0
PBE31016_skip_48cfe1d5_2a56a123_68.pod5	e34820e2-540a-4477-aa62-241395e8b882	2a56a1234efd33c542b8cb6a9627e827d4977d6c	2081	4	48616.8	69.3692	48616.9	69.216	29471	26.8704	unclassified	chr1	108505	126231	0	17676	-	17754	17648	17563	28	78	85	3	0.599776	0.995184	0.989242	0
PBE31016_skip_48cfe1d5_2a56a123_83.pod5	cacf394b-e4c9-40f5-b162-fb514014f9fa	2a56a1234efd33c542b8cb6a9627e827d4977d6c	1690	2	61759.1	27.818	61759.3	27.6684	11139	28.5914	unclassified	chr1	108507	119638	0	11131	+	11147	11115	11097	16	16	18	60	0.999282	0.998381	0.995515	0
PBE31016_skip_48cfe1d5_2a56a123_45.pod5	436c184c-e66f-4fe6-a495-1ae7bf1b3a43	2a56a1234efd33c542b8cb6a9627e827d4977d6c	565	4	30322.5	79.1492	30322.6	79.0284	29834	27.0103	unclassified	chr1	108673	126231	3	17502	-	17590	17467	17386	32	91	81	7	0.586546	0.995363	0.988402	0
PBE31016_skip_48cfe1d5_2a56a123_142.pod5	c4309035-f314-414d-9260-5a619f72ad98	2a56a1234efd33c542b8cb6a9627e827d4977d6c	602	4	116534	14.4662	116534	14.4642	3842	10.4045	unclassified	chr1	108815	111951	697	3836	+	3147	3128	3124	11	8	4	43	0.817022	0.998721	0.992691	0
PBE31016_skip_48cfe1d5_2a56a123_124.pod5	71c7e968-6dc2-4836-9cd5-1df085cad888	2a56a1234efd33c542b8cb6a9627e827d4977d6c	2726	4	97351.9	17.9792	97352	17.8776	8832	21.5021	unclassified	chr1	108936	117775	4	8832	-	8869	8798	8755	30	41	43	60	0.999547	0.995113	0.987146	0
PBE31016_skip_48cfe1d5_2a56a123_121.pod5	3cc8f218-02f5-46bc-aef0-ddd4d53e8aad	2a56a1234efd33c542b8cb6a9627e827d4977d6c	594	2	95444.6	57.1352	95444.9	56.8968	25643	16.7872	unclassified	chr1	108986	126231	5	17180	-	17392	17028	16774	147	217	254	1	0.669773	0.985083	0.964466	0
PBE31016_skip_48cfe1d5_2a56a123_121.pod5	325eb77d-8609-4f5e-ab65-91e98943e543	2a56a1234efd33c542b8cb6a9627e827d4977d6c	594	2	95502	60.2972	95502.1	60.198	25641	23.5104	unclassified	chr1	108988	126231	0	17165	+	17274	17134	17034	31	109	100	2	0.669436	0.994164	0.986106	0
PBE31016_skip_48cfe1d5_2a56a123_183.pod5	5d2eb359-38d7-42d8-959b-1b2045db7c5c	2a56a1234efd33c542b8cb6a9627e827d4977d6c	1317	2	213642	25.1	213642	24.9744	8004	38.1767	unclassified	chr1	109178	117180	4	8004	-	8005	7997	7994	3	5	3	60	0.9995	0.999625	0.998626	0
PBE31016_skip_48cfe1d5_2a56a123_18.pod5	d8648034-0c17-42b1-9f5b-f85b62b77aaf	2a56a1234efd33c542b8cb6a9627e827d4977d6c	2603	2	12655.1	53.4656	12655.1	53.4636	28928	10.842	unclassified	chr1	109290	126042	35	16673	+	16866	16524	16318	114	228	206	5	0.575152	0.987533	0.967509	0
PBE31016_skip_48cfe1d5_2a56a123_18.pod5	1dc7c8b8-6468-4afe-859d-7dc236f8f8c3	2a56a1234efd33c542b8cb6a9627e827d4977d6c	2603	2	12591.5	63.5072	12591.6	63.3768	29289	17.5043	unclassified	chr1	109290	126212	9	16825	-	17021	16717	16479	99	205	238	1	0.57414	0.985763	0.968157	0
PBE31016_skip_48cfe1d5_2a56a123_1.pod5	fd8349eb-917b-44e6-b8e1-90567c25396f	2a56a1234efd33c542b8cb6a9627e827d4977d6c	2951	1	1474.54	31.7948	1474.67	31.6596	12417	28.9823	unclassified	chr1	109387	121796	0	12408	+	12416	12401	12389	7	8	12	60	0.999275	0.999032	0.997825	0
PBE31016_skip_48cfe1d5_2a56a123_161.pod5	6cc7b050-9d6b-44c1-966d-3520cedb08e3	2a56a1234efd33c542b8cb6a9627e827d4977d6c	320	2	146217	38.7332	146217	38.4756	10244	30.7641	unclassified	chr1	109458	119710	0	10242	+	10260	10234	10222	8	18	12	60	0.999805	0.998827	0.996296	0
PBE31016_skip_48cfe1d5_2a56a123_99.pod5	d68868e9-d182-4e0f-8e01-83ba233148bc	2a56a1234efd33c542b8cb6a9627e827d4977d6c	595	2	75495	23.8788	75495.2	23.664	8718	17.6142	unclassified	chr1	109494	114646	3575	8717	-	5205	5089	5006	53	63	83	23	0.589814	0.98369	0.961768	0
PBE31016_skip_48cfe1d5_2a56a123_106.pod5	749ad1be-bb97-489a-aa6d-2590901856f0	2a56a1234efd33c542b8cb6a9627e827d4977d6c	1367	2	81458.2	57.9524	81458.3	57.7812	22041	32.0701	unclassified	chr1	109747	126231	0	16441	+	16504	16421	16358	20	63	63	1	0.745928	0.996163	0.991154	0
PBE31016_skip_48cfe1d5_2a56a123_100.pod5	e83d080a-d904-4afc-916d-2454ce9b01f7	2a56a1234efd33c542b8cb6a9627e827d4977d6c	1686	4	76555.8	11.8352	76555.9	11.712	4910	21.6203	unclassified	chr1	109920	112395	2438	4910	-	2477	2470	2469	2	5	1	22	0.503462	0.999595	0.99677	0
PBE31016_skip_48cfe1d5_2a56a123_44.pod5	22a5fdbb-a011-461b-bbfc-50829f546b1c	2a56a1234efd33c542b8cb6a9627e827d4977d6c	1730	1	29706.3	26.4992	29706.5	26.3796	9906	25.0412	unclassified	chr1	109932	119840	0	9901	+	9914	9895	9881	6	13	14	60	0.999495	0.998585	0.996671	0
PBE31016_skip_48cfe1d5_2a56a123_65.pod5	0d8669ce-cb2b-4a81-aad6-7be36feff4bc	2a56a1234efd33c542b8cb6a9627e827d4977d6c	922	4	45365.3	5.3406	45365.3	5.3386	2188	34.1156	unclassified	chr1	110075	112226	30	2182	+	2153	2150	2147	2	1	3	44	0.983547	0.998605	0.997213	0
PBE31016_skip_48cfe1d5_2a56a123_142.pod5	90440ae6-7a96-48db-9934-b22bd9e83e60	2a56a1234efd33c542b8cb6a9627e827d4977d6c	2384	1	116163	72.4556	116164	72.3108	26024	25.7509	unclassified	chr1	110370	123355	13042	26019	+	12990	12972	12955	5	13	17	60	0.498655	0.998689	0.997306	0
PBE31016_skip_48cfe1d5_2a56a123_72.pod5	a8fb5ab2-33ff-459c-9fd6-3b138e2f1262	2a56a1234efd33c542b8cb6a9627e827d4977d6c	2269	1	50887.5	8.3232	50887.5	8.3212	3470	11.8593	unclassified	chr1	110388	113837	39	3460	+	3498	3372	3266	49	77	106	25	0.985879	0.968565	0.933676	0
PBE31016_skip_48cfe1d5_2a56a123_72.pod5	ff008435-16bf-4182-af0a-e07f6481b360	2a56a1234efd33c542b8cb6a9627e827d4977d6c	2269	1	50896.5	9.0812	50896.7	8.94	3409	12.1115	unclassified	chr1	110388	113837	9	3409	-	3485	3364	3257	36	85	107	55	0.99736	0.968193	0.934577	0
PBE31016_skip_48cfe1d5_2a56a123_69.pod5	0ba19e38-bead-400c-a3d6-f0c23c29279b	2a56a1234efd33c542b8cb6a9627e827d4977d6c	450	3	49213.9	39.1328	49214.1	38.952	15808	11.3201	unclassified	chr1	110535	126515	10	15808	-	16368	15410	14695	388	570	715	52	0.999367	0.953602	0.897788	0
PBE31016_skip_48cfe1d5_2a56a123_148.pod5	e054a7fe-e0ba-4bc8-b6b1-be276e13143d	2a56a1234efd33c542b8cb6a9627e827d4977d6c	2771	3	124640	8.168	124640	8.0544	3093	34.4934	unclassified	chr1	110654	113742	6	3093	-	3091	3084	3081	3	4	3	60	0.99806	0.999027	0.996765	0
PBE31016_skip_48cfe1d5_2a56a123_150.pod5	b20f21f5-ff56-4233-ba24-f56ceebf91ce	2a56a1234efd33c542b8cb6a9627e827d4977d6c	1153	2	126378	5.816	126378	5.6916	2584	21.07	unclassified	chr1	111072	113648	0	2578	+	2583	2571	2562	7	5	9	60	0.997678	0.996499	0.99187	0
PBE31016_skip_48cfe1d5_2a56a123_114.pod5	8ab4c473-cd75-428c-98dd-1bb4c97b69ce	2a56a1234efd33c542b8cb6a9627e827d4977d6c	158	1	89283.3	32.7332	89283.4	32.6388	12095	27.1237	unclassified	chr1	111092	123188	7	12095	-	12106	12078	12046	10	18	32	54	0.999421	0.997351	0.995044	0
PBE31016_skip_48cfe1d5_2a56a123_78.pod5	42e28414-718e-42d0-b74d-8c9c147b5df5	2a56a1234efd33c542b8cb6a9627e827d4977d6c	267	3	55778.7	28.3124	55778.8	28.1844	11061	24.1529	unclassified	chr1	111142	122208	0	11054	+	11080	11040	11014	14	26	26	60	0.999367	0.997645	0.994043	0
PBE31016_skip_48cfe1d5_2a56a123_78.pod5	e776c3e4-22b0-4983-9518-0b3922bc80dd	2a56a1234efd33c542b8cb6a9627e827d4977d6c	267	3	55807	26.6072	55807.1	26.4888	11075	24.2599	unclassified	chr1	111142	122208	6	11075	-	11087	11048	11028	21	18	20	60	0.999458	0.99819	0.994678	0
PBE31016_skip_48cfe1d5_2a56a123_65.pod5	527a7038-d8d9-4b2f-bf2a-0956d40b0e8d	2a56a1234efd33c542b8cb6a9627e827d4977d6c	460	3	45868.8	11.1348	45868.8	11.1328	4714	27.7559	unclassified	chr1	111590	116272	30	4707	+	4684	4675	4668	2	7	7	60	0.992151	0.998503	0.996584	0
PBE31016_skip_48cfe1d5_2a56a123_31.pod5	fad5744f-81ad-4c0f-b7e7-8d1e53aea0ce	2a56a1234efd33c542b8cb6a9627e827d4977d6c	2729	1	21078.2	9.2282	21078.2	9.2262	4291	19.712	unclassified	chr1	111815	116077	39	4285	+	4278	4230	4213	16	32	17	60	0.989513	0.995981	0.984806	0
PBE31016_skip_48cfe1d5_2a56a123_31.pod5	b4bc5036-42dc-4af7-a7d5-5666a8832551	2a56a1234efd33c542b8cb6a9627e827d4977d6c	2729	1	21087.6	7.2428	21087.7	7.1364	4245	17.8171	unclassified	chr1	111815	116076	5	4245	-	4282	4219	4172	21	42	47	60	0.998822	0.98886	0.974311	0
PBE31016_skip_48cfe1d5_2a56a123_33.pod5	8f0895e6-7cf8-4042-b52f-cd98faf91607	2a56a1234efd33c542b8cb6a9627e827d4977d6c	1205	3	22009.6	26.1416	22009.7	26.0088	11102	18.5209	unclassified	chr1	112408	123545	11	11102	-	11172	11056	10963	35	81	93	60	0.999009	0.991588	0.981293	0
PBE31016_skip_48cfe1d5_2a56a123_72.pod5	8b4aff3c-a661-4ec1-a4e7-8224ad02e2b8	2a56a1234efd33c542b8cb6a9627e827d4977d6c	1599	3	51695.5	69.109	51695.5	69.107	23255	10.7519	unclassified	chr1	112455	135998	10	23220	-	24156	22597	21603	613	946	994	55	0.998065	0.956012	0.894312	0
PBE31016_skip_48cfe1d5_2a56a123_13.pod5	c4bac9ec-2d36-410f-9605-7bc734e28556	2a56a1234efd33c542b8cb6a9627e827d4977d6c	26	4	9027	11.2526	9027	11.2506	4434	11.7871	unclassified	chr1	112501	116948	3	4394	-	4535	4303	4141	88	144	162	42	0.990302	0.962352	0.91312	0
PBE31016_skip_48cfe1d5_2a56a123_13.pod5	241b534d-a279-4c5e-9add-4f0906da4f8d	2a56a1234efd33c542b8cb6a9627e827d4977d6c	26	4	9038.3	10.6422	9038.31	10.6402	4322	10.1994	unclassified	chr1	112505	116948	32	4316	+	4515	4212	3990	72	231	222	40	0.991208	0.947293	0.883721	0
PBE31016_skip_48cfe1d5_2a56a123_87.pod5	083d233a-ae69-4e0f-bc8a-c6f8c98fc249	2a56a1234efd33c542b8cb6a9627e827d4977d6c	2824	3	64851.6	3.1874	64851.6	3.1854	1264	11.7412	unclassified	chr1	112622	113840	6	1216	-	1249	1179	1140	31	39	39	33	0.957278	0.966921	0.91273	0
PBE31016_skip_48cfe1d5_2a56a123_30.pod5	53861758-a87f-41bf-9645-7bab73d300be	2a56a1234efd33c542b8cb6a9627e827d4977d6c	1585	2	20155.9	56.84	20156.1	56.6136	23026	27.9744	unclassified	chr1	112948	135987	0	23026	-	23059	23006	22947	20	33	59	60	1	0.997435	0.995143	0
PBE31016_skip_48cfe1d5_2a56a123_173.pod5	6cadcea4-eaf5-47bd-bbe7-2430cf9e6855	2a56a1234efd33c542b8cb6a9627e827d4977d6c	1210	1	176038	1.1156	176038	0.99	397	25.0275	unclassified	chr1	113386	113773	0	387	+	387	387	387	0	0	0	5	0.974811	1	1	0
PBE31016_skip_48cfe1d5_2a56a123_191.pod5	78666854-2e04-4f66-b313-e58e421ce123	2a56a1234efd33c542b8cb6a9627e827d4977d6c	2548	1	235315	129.7	235315	129.565	59024	19.0109	unclassified	chr1	113395	156194	16019	59024	+	43321	42483	42128	522	316	355	46	0.728602	0.991644	0.972461	0
PBE31016_skip_48cfe1d5_2a56a123_67.pod5	0d47c6d0-fb55-45c7-80aa-a33b36637337	2a56a1234efd33c542b8cb6a9627e827d4977d6c	2210	3	47735.8	7.57	47735.8	7.568	2771	26.8475	unclassified	chr1	113642	116380	8	2742	-	2740	2732	2725	2	6	7	54	0.986647	0.997438	0.994526	0
PBE31016_skip_48cfe1d5_2a56a123_66.pod5	32d0c92e-1178-4419-9f1f-930514581029	2a56a1234efd33c542b8cb6a9627e827d4977d6c	724	4	46582	19.7744	46582.1	19.6368	7793	33.0094	unclassified	chr1	113770	121552	4	7793	-	7793	7778	7768	11	4	10	60	0.999487	0.998714	0.996792	0
PBE31016_skip_48cfe1d5_2a56a123_185.pod5	53ccc90d-0781-49f6-bac1-4f29b3e4c703	2a56a1234efd33c542b8cb6a9627e827d4977d6c	2645	3	219953	0.3516	219953	0.3496	145	23.4544	unclassified	chr1	113822	113967	2	145	-	145	143	141	0	2	2	34	0.986207	0.986014	0.972414	0
PBE31016_skip_48cfe1d5_2a56a123_78.pod5	f02022e8-4374-4f6a-8e2f-311f8b4e7194	2a56a1234efd33c542b8cb6a9627e827d4977d6c	1915	4	56129.3	14.8304	56129.4	14.718	5908	34.9755	unclassified	chr1	113849	119742	15	5907	-	5894	5891	5884	1	2	7	55	0.997292	0.998812	0.998303	0
PBE31016_skip_48cfe1d5_2a56a123_106.pod5	408b541a-432e-4294-9f76-fbb86510709d	2a56a1234efd33c542b8cb6a9627e827d4977d6c	2957	3	81337.5	35.5304	81337.6	35.4288	12712	27.7675	unclassified	chr1	113851	126549	0	12693	+	12709	12682	12656	11	16	26	60	0.998505	0.99795	0.99583	0
PBE31016_skip_48cfe1d5_2a56a123_47.pod5	566ae46c-7574-45ee-90b7-4ce155579fd3	2a56a1234efd33c542b8cb6a9627e827d4977d6c	2821	3	32575.1	5.9912	32575.3	5.7888	1973	26.9982	unclassified	chr1	113951	115922	0	1969	+	1971	1969	1967	0	2	2	60	0.997973	0.998984	0.997971	0
PBE31016_skip_48cfe1d5_2a56a123_47.pod5	ce75a1ab-4dd4-4c8d-8d69-a6337f2071ea	2a56a1234efd33c542b8cb6a9627e827d4977d6c	2821	3	32581.1	4.3412	32581.2	4.2516	1974	23.3445	unclassified	chr1	113951	115918	9	1972	-	1969	1961	1952	2	6	9	60	0.994428	0.995411	0.991366	0
PBE31016_skip_48cfe1d5_2a56a123_175.pod5	397a28eb-fa77-47ca-9560-4dda00da9ca7	2a56a1234efd33c542b8cb6a9627e827d4977d6c	1930	2	185556	0.908	185556	0.8364	307	28.8354	unclassified	chr1	113971	114278	0	307	-	307	307	307	0	0	0	0	1	1	1	0
PBE31016_skip_48cfe1d5_2a56a123_185.pod5	a90b0b5a-b867-4c9f-b24e-49a323cd5318	2a56a1234efd33c542b8cb6a9627e827d4977d6c	2645	3	219951	0.9236	219951	0.9216	381	19.1155	unclassified	chr1	114340	114725	2	381	-	385	379	376	0	6	3	14	0.994751	0.992084	0.976623	0
PBE31016_skip_48cfe1d5_2a56a123_10.pod5	36d30717-506b-4b65-b9b0-d933476f0fc2	2a56a1234efd33c542b8cb6a9627e827d4977d6c	1737	3	7451.69	17.678	7451.85	17.5164	5225	26.8718	unclassified	chr1	114395	119612	10	5225	-	5222	5210	5202	5	7	8	60	0.998086	0.998464	0.99617	0
PBE31016_skip_48cfe1d5_2a56a123_123.pod5	de484488-f844-4fd2-aaa0-43e947747136	2a56a1234efd33c542b8cb6a9627e827d4977d6c	985	2	95994.4	8.5042	95994.4	8.5022	2957	8.65273	unclassified	chr1	114410	117398	4	2923	-	3091	2816	2616	103	172	200	6	0.987149	0.928977	0.846328	0
PBE31016_skip_48cfe1d5_2a56a123_66.pod5	8dddb567-5e4a-4a58-9af1-abb41975f325	2a56a1234efd33c542b8cb6a9627e827d4977d6c	2499	1	47057.8	11.1896	47058	10.956	3871	26.1986	unclassified	chr1	114618	118477	0	3859	+	3864	3854	3846	5	5	8	47	0.9969	0.997924	0.995342	0
PBE31016_skip_48cfe1d5_2a56a123_135.pod5	c967cb94-e152-4066-bef7-f136fe28850a	2a56a1234efd33c542b8cb6a9627e827d4977d6c	2690	3	107822	10.731	107822	10.729	5079	20.8303	unclassified	chr1	114670	119712	6	5042	-	5063	5015	5000	21	27	15	58	0.991534	0.997009	0.987557	0
PBE31016_skip_48cfe1d5_2a56a123_179.pod5	47b65a96-c201-4adf-9b65-c456e697f980	2a56a1234efd33c542b8cb6a9627e827d4977d6c	1981	3	199415	47.9468	199415	47.9448	17357	28.556	unclassified	chr1	114715	132041	9	17331	-	17342	17306	17263	16	20	43	60	0.997984	0.997515	0.995445	0
PBE31016_skip_48cfe1d5_2a56a123_185.pod5	a9fecaac-4213-4198-93ba-b7066797bba6	2a56a1234efd33c542b8cb6a9627e827d4977d6c	2645	3	219948	1.41	219948	1.408	557	21.1533	unclassified	chr1	115470	116026	5	557	-	556	552	550	0	4	2	60	0.991023	0.996377	0.989209	0
PBE31016_skip_48cfe1d5_2a56a123_141.pod5	2311b945-7d66-4c4a-a7b6-400feff501cb	2a56a1234efd33c542b8cb6a9627e827d4977d6c	571	4	115381	10.3412	115381	10.122	2840	28.0234	unclassified	chr1	115567	118402	6	2840	-	2836	2833	2830	1	2	3	28	0.997887	0.998941	0.997884	0
PBE31016_skip_48cfe1d5_2a56a123_60.pod5	c4f183e4-403b-47b1-9023-f98dcb7a4a45	2a56a1234efd33c542b8cb6a9627e827d4977d6c	1400	4	41771	5.9852	41771.1	5.8644	2296	26.7073	unclassified	chr1	115773	118063	6	2296	-	2294	2286	2273	4	4	13	3	0.997387	0.994313	0.990846	0
PBE31016_skip_48cfe1d5_2a56a123_185.pod5	4b1cccdc-e4ae-4c5f-bc00-86b4e3792eef	2a56a1234efd33c542b8cb6a9627e827d4977d6c	2645	3	219947	1.4804	219947	1.4784	676	24.9001	unclassified	chr1	116030	116702	3	676	-	673	672	671	1	0	1	0	0.995562	0.998512	0.997028	0
PBE31016_skip_48cfe1d5_2a56a123_116.pod5	0c4fc30b-22a6-4d66-8a06-26e25e513030	2a56a1234efd33c542b8cb6a9627e827d4977d6c	2985	3	90761.9	37.5388	90761.9	37.5368	15338	20.37	unclassified	chr1	116074	131415	0	15311	-	15390	15262	15159	49	79	103	60	0.99824	0.993251	0.98499	0
PBE31016_skip_48cfe1d5_2a56a123_177.pod5	9326319e-675d-4c33-9b8b-e407bbca61e1	2a56a1234efd33c542b8cb6a9627e827d4977d6c	1443	1	193276	25.6904	193276	25.6032	11554	25.0944	unclassified	chr1	116387	127948	7	11554	-	11574	11534	11495	13	27	39	60	0.999394	0.996619	0.993174	0
PBE31016_skip_48cfe1d5_2a56a123_102.pod5	99e0e383-b529-42a8-9871-2cf8f3f7df75	2a56a1234efd33c542b8cb6a9627e827d4977d6c	1354	3	79179.2	10.2944	79179.3	10.218	4289	26.3159	unclassified	chr1	116415	120717	0	4289	+	4304	4287	4282	2	15	5	56	1	0.998834	0.994888	0
PBE31016_skip_48cfe1d5_2a56a123_106.pod5	a3011f11-eccd-4f77-b24e-8c79ef9ef3d6	2a56a1234efd33c542b8cb6a9627e827d4977d6c	2593	1	82245.6	29.4104	82245.7	29.2992	10657	11.8722	unclassified	chr1	116415	127177	0	10644	+	10992	10414	10050	230	348	364	46	0.99878	0.965047	0.914301	0
PBE31016_skip_48cfe1d5_2a56a123_96.pod5	a736a609-0def-47b7-b361-128a0f7843d3	2a56a1234efd33c542b8cb6a9627e827d4977d6c	1092	3	73509.6	5.916	73509.7	5.8116	2328	26.2048	unclassified	chr1	116415	118732	0	2319	+	2319	2317	2316	2	0	1	19	0.996134	0.999568	0.998706	0
PBE31016_skip_48cfe1d5_2a56a123_102.pod5	1cabb599-37fb-45d0-b89b-74bd787068f5	2a56a1234efd33c542b8cb6a9627e827d4977d6c	1354	3	79164.4	14.7584	79164.6	14.5872	5333	33.1704	unclassified	chr1	116415	121745	6	5333	-	5331	5326	5321	1	4	5	60	0.998875	0.999061	0.998124	0
PBE31016_skip_48cfe1d5_2a56a123_37.pod5	4bf1e2dc-a80e-4610-9f85-8bcbc1eb8b2c	2a56a1234efd33c542b8cb6a9627e827d4977d6c	1339	1	25019.6	11.0408	25019.8	10.872	3999	28.0918	unclassified	chr1	116605	120596	8	3999	-	3993	3989	3984	2	2	5	60	0.997999	0.998747	0.997746	0
PBE31016_skip_48cfe1d5_2a56a123_99.pod5	82db299e-eb29-4300-a855-f6a33106cf45	2a56a1234efd33c542b8cb6a9627e827d4977d6c	1487	1	75674.9	27.5668	75674.9	27.5648	10710	9.92208	unclassified	chr1	116715	127536	9	10678	-	11138	10352	9823	317	469	529	60	0.996172	0.948899	0.881936	0
PBE31016_skip_48cfe1d5_2a56a123_48.pod5	20fbb9b7-031d-4651-9913-6072047f930b	2a56a1234efd33c542b8cb6a9627e827d4977d6c	356	4	32844.2	6.4196	32844.4	6.252	2529	38.1734	unclassified	chr1	116937	119459	6	2529	-	2523	2522	2520	1	0	2	1	0.997627	0.999207	0.998811	0
PBE31016_skip_48cfe1d5_2a56a123_146.pod5	75cacead-be00-4e67-bb89-f2fec9c2f9b7	2a56a1234efd33c542b8cb6a9627e827d4977d6c	928	1	121091	2.456	121091	2.3784	968	31.2202	unclassified	chr1	117081	118039	10	968	-	958	958	957	0	0	1	0	0.989669	0.998956	0.998956	0
PBE31016_skip_48cfe1d5_2a56a123_170.pod5	2e547568-ae7b-47a1-86c1-546993779b54	2a56a1234efd33c542b8cb6a9627e827d4977d6c	2845	1	164847	16.1132	164847	15.9852	5784	33.4565	unclassified	chr1	117129	122898	0	5777	+	5780	5766	5757	11	3	9	47	0.99879	0.998439	0.996021	0
PBE31016_skip_48cfe1d5_2a56a123_96.pod5	4fa7b9a8-4a76-48e7-b45c-cb016d303aaf	2a56a1234efd33c542b8cb6a9627e827d4977d6c	2512	3	73700.3	12.7952	73700.5	12.6264	3670	32.8764	unclassified	chr1	117129	120800	0	3664	+	3671	3664	3662	0	7	2	60	0.998365	0.999454	0.997548	0
PBE31016_skip_48cfe1d5_2a56a123_170.pod5	bf5265d4-a372-43f1-bc19-61ac824ed990	2a56a1234efd33c542b8cb6a9627e827d4977d6c	2845	1	164863	14.0972	164864	14.0004	5779	23.1857	unclassified	chr1	117129	122897	7	5779	-	5787	5753	5721	19	15	32	51	0.998789	0.994438	0.988595	0
PBE31016_skip_48cfe1d5_2a56a123_54.pod5	d16943a9-0ac6-4d06-bebb-1e0f5c490b1b	2a56a1234efd33c542b8cb6a9627e827d4977d6c	442	2	37104.1	3.8232	37104.2	3.6876	1429	27.6408	unclassified	chr1	117134	118551	11	1429	-	1418	1417	1417	1	0	0	0	0.992302	1	0.999295	0
PBE31016_skip_48cfe1d5_2a56a123_111.pod5	5145e117-b12e-4df2-ab47-f83e3ef2d86e	2a56a1234efd33c542b8cb6a9627e827d4977d6c	2127	1	85727.1	23.7092	85727.3	23.5164	9983	31.3071	unclassified	chr1	117139	127119	0	9983	-	9987	9976	9960	7	4	16	60	1	0.998396	0.997297	0
PBE31016_skip_48cfe1d5_2a56a123_81.pod5	2f157e00-2a38-4d65-a26f-c13da82dcccd	2a56a1234efd33c542b8cb6a9627e827d4977d6c	551	1	59669.3	4.538	59669.5	4.4196	1674	32.7231	unclassified	chr1	117251	118913	10	1674	-	1664	1662	1660	2	0	2	1	0.994026	0.998797	0.997596	0
PBE31016_skip_48cfe1d5_2a56a123_39.pod5	f4f846e6-b30b-408d-a495-e1b7585c465a	2a56a1234efd33c542b8cb6a9627e827d4977d6c	668	4	26763.1	4.9376	26763.3	4.788	1844	29.6125	unclassified	chr1	117428	119269	0	1844	-	1845	1840	1839	4	1	1	36	1	0.999457	0.996748	0
PBE31016_skip_48cfe1d5_2a56a123_175.pod5	ee83b2be-b3ef-407b-afe6-f5c514c0b646	2a56a1234efd33c542b8cb6a9627e827d4977d6c	1949	4	182621	58.4888	182621	58.4868	20960	12.4323	unclassified	chr1	117711	138320	38	20954	+	21447	20078	19313	838	531	765	60	0.997901	0.961899	0.900499	0
PBE31016_skip_48cfe1d5_2a56a123_87.pod5	dec2d92f-2bed-4e90-8ff7-41dd1a6541c3	2a56a1234efd33c542b8cb6a9627e827d4977d6c	1622	4	64439.8	27.2552	64439.9	27.1008	10812	32.4328	unclassified	chr1	118038	128841	7	10812	-	10811	10797	10782	8	6	15	60	0.999353	0.998611	0.997318	0
PBE31016_skip_48cfe1d5_2a56a123_130.pod5	7db418e0-0b0c-4007-a595-5237281e32ca	2a56a1234efd33c542b8cb6a9627e827d4977d6c	439	4	102649	29.1656	102649	29.052	11167	24.6515	unclassified	chr1	118165	129325	6	11167	-	11173	11148	11119	13	12	29	60	0.999463	0.997399	0.995167	0
PBE31016_skip_48cfe1d5_2a56a123_81.pod5	7bd9fc61-6e0a-4866-8602-6debb7095be8	2a56a1234efd33c542b8cb6a9627e827d4977d6c	451	3	59837.6	9.9164	59837.6	9.9144	4118	29.9435	unclassified	chr1	118550	122648	34	4116	+	4101	4079	4072	3	19	7	34	0.991258	0.998284	0.992929	0
PBE31016_skip_48cfe1d5_2a56a123_65.pod5	967f42d7-3d22-4c29-9504-9759e89f8d1e	2a56a1234efd33c542b8cb6a9627e827d4977d6c	2364	4	45306.5	8.2892	45306.6	8.1948	3666	29.7405	unclassified	chr1	118550	122208	6	3666	-	3662	3656	3646	4	2	10	26	0.998363	0.997265	0.995631	0
PBE31016_skip_48cfe1d5_2a56a123_65.pod5	7850be54-2b25-465b-a8df-c11ee19439dd	2a56a1234efd33c542b8cb6a9627e827d4977d6c	2364	4	45296.9	9.6068	45297	9.4764	3677	33.2093	unclassified	chr1	118551	122208	0	3668	+	3669	3656	3646	12	1	10	26	0.997552	0.997265	0.993731	0
PBE31016_skip_48cfe1d5_2a56a123_61.pod5	8d3b306d-5d96-43b6-8918-442a9aa199fd	2a56a1234efd33c542b8cb6a9627e827d4977d6c	1583	2	43017.9	1.0952	43018.2	0.8628	363	23.1347	unclassified	chr1	118565	118914	13	363	-	350	349	349	1	0	0	45	0.964187	1	0.997143	0
PBE31016_skip_48cfe1d5_2a56a123_9.pod5	d11df5b2-787e-4373-94f9-cd311a146bb4	2a56a1234efd33c542b8cb6a9627e827d4977d6c	2126	1	5659.03	142.522	5659.14	142.408	58931	28.9798	unclassified	chr1	119038	177661	9	58931	-	59059	58486	58181	436	137	305	29	0.999847	0.994785	0.985134	0
PBE31016_skip_48cfe1d5_2a56a123_80.pod5	6cef3627-41ed-48f9-a63f-01e99701d7b6	2a56a1234efd33c542b8cb6a9627e827d4977d6c	1062	1	58461.9	8.8784	58461.9	8.7984	3775	27.495	unclassified	chr1	119097	122868	0	3769	+	3774	3766	3760	3	5	6	60	0.998411	0.998407	0.99629	0
PBE31016_skip_48cfe1d5_2a56a123_41.pod5	756f645d-a871-4c21-bad0-7f9011ee60d0	2a56a1234efd33c542b8cb6a9627e827d4977d6c	2804	2	27719.3	26.3036	27719.4	26.1828	10151	30.5368	unclassified	chr1	119133	129284	0	10144	+	10156	10139	10108	5	12	31	46	0.99931	0.996943	0.995274	0
PBE31016_skip_48cfe1d5_2a56a123_78.pod5	807835fc-0db6-457c-958e-b701467a3d51	2a56a1234efd33c542b8cb6a9627e827d4977d6c	2971	4	56292.2	29.0864	56292.4	28.9632	8509	21.7454	unclassified	chr1	119477	127998	6	8509	-	8544	8480	8435	23	41	45	60	0.999295	0.994693	0.987243	0
PBE31016_skip_48cfe1d5_2a56a123_37.pod5	414c8cb4-d3e6-4dba-bccc-11005a56479f	2a56a1234efd33c542b8cb6a9627e827d4977d6c	1118	1	24616	6.3596	24616.1	6.2148	2396	16.4459	unclassified	chr1	119506	121889	0	2392	-	2415	2360	2322	32	23	38	29	0.998331	0.983898	0.961491	0
PBE31016_skip_48cfe1d5_2a56a123_54.pod5	92f36e10-2f68-4726-a573-bc7dbafc6464	2a56a1234efd33c542b8cb6a9627e827d4977d6c	1911	3	37159.7	3.6968	37159.9	3.5328	1439	30.3771	unclassified	chr1	119754	121181	0	1430	+	1431	1426	1421	4	1	5	28	0.993746	0.996494	0.993012	0
PBE31016_skip_48cfe1d5_2a56a123_32.pod5	c285abcb-34d3-41d8-ae09-69cf78841bc5	2a56a1234efd33c542b8cb6a9627e827d4977d6c	2734	1	21337.3	23.0708	21337.5	22.902	6769	35.6351	unclassified	chr1	119754	126515	6	6769	-	6767	6757	6746	6	4	11	60	0.999114	0.998372	0.996897	0
PBE31016_skip_48cfe1d5_2a56a123_31.pod5	7b6a500c-cabe-480f-b4d5-73818bbeb66e	2a56a1234efd33c542b8cb6a9627e827d4977d6c	1826	3	20811.3	19.9184	20811.5	19.7208	5315	17.4408	unclassified	chr1	119842	125040	6	5315	-	5323	5184	5159	125	14	25	27	0.998871	0.995177	0.96919	0
PBE31016_skip_48cfe1d5_2a56a123_62.pod5	20f23823-d3fc-4e28-9ae1-e79346b51371	2a56a1234efd33c542b8cb6a9627e827d4977d6c	904	3	44205	12.332	44205.2	12.1968	5009	26.1599	unclassified	chr1	119891	124899	0	5001	+	5015	4994	4982	7	14	12	60	0.998403	0.997597	0.99342	0
PBE31016_skip_48cfe1d5_2a56a123_62.pod5	2cc71f47-0ea8-4a76-a73f-4e07aa239d3e	2a56a1234efd33c542b8cb6a9627e827d4977d6c	904	3	44191.7	13.3748	44191.8	13.194	5011	32.1165	unclassified	chr1	119891	124898	7	5011	-	5010	5001	4992	3	6	9	60	0.998603	0.9982	0.996407	0
PBE31016_skip_48cfe1d5_2a56a123_61.pod5	84f93683-746e-494e-a836-89c330e7d5b7	2a56a1234efd33c542b8cb6a9627e827d4977d6c	2358	4	42531.4	13.893	42531.4	13.891	5971	12.3343	unclassified	chr1	120594	126515	38	5960	+	6052	5791	5629	131	130	162	35	0.991794	0.972026	0.930106	0
PBE31016_skip_48cfe1d5_2a56a123_61.pod5	a4bbd5ba-7db9-4971-a1b6-45b4cc1c7c27	2a56a1234efd33c542b8cb6a9627e827d4977d6c	2358	4	42545.3	11.8158	42545.3	11.8138	5893	11.8854	unclassified	chr1	120594	126513	4	5853	-	6040	5728	5504	121	191	224	32	0.992534	0.960894	0.911258	0
PBE31016_skip_48cfe1d5_2a56a123_52.pod5	795558a0-7320-4ee0-ba35-76038a00354e	2a56a1234efd33c542b8cb6a9627e827d4977d6c	800	1	35742.6	14.9724	35742.8	14.7924	5112	31.5573	unclassified	chr1	120875	125982	8	5112	-	5110	5101	5087	3	6	14	7	0.998435	0.997255	0.995499	0
PBE31016_skip_48cfe1d5_2a56a123_49.pod5	6c81532e-7853-45cb-b6eb-75cbe4456202	2a56a1234efd33c542b8cb6a9627e827d4977d6c	2902	2	33916.6	3.5684	33916.7	3.4548	1372	33.8438	unclassified	chr1	120968	121851	488	1372	-	884	883	882	1	0	1	42	0.644315	0.998868	0.997738	0
PBE31016_skip_48cfe1d5_2a56a123_152.pod5	0bd8f0a6-7d77-4dce-89ed-78d247af56b9	2a56a1234efd33c542b8cb6a9627e827d4977d6c	1412	2	128526	4.952	128527	4.8168	1631	28.9832	unclassified	chr1	121137	122760	2	1628	+	1628	1621	1619	5	2	2	5	0.996934	0.998766	0.994472	0
PBE31016_skip_48cfe1d5_2a56a123_150.pod5	1dd23a90-71fd-4121-ad2d-1784a0c57011	2a56a1234efd33c542b8cb6a9627e827d4977d6c	1617	3	128170	13.4696	128170	13.3788	5490	18.973	unclassified	chr1	121303	126809	2	5489	-	5539	5454	5408	33	52	46	60	0.999454	0.991566	0.97635	0
PBE31016_skip_48cfe1d5_2a56a123_173.pod5	b2d370c4-f4cd-4d97-a7a7-bb1e8a921b7b	2a56a1234efd33c542b8cb6a9627e827d4977d6c	866	2	177746	6.3348	177746	6.3328	2360	33.476	unclassified	chr1	121324	123646	33	2355	+	2322	2322	2318	0	0	4	60	0.983898	0.998277	0.998277	0
PBE31016_skip_48cfe1d5_2a56a123_69.pod5	63f0a079-1c57-4736-8134-24ff4caa3980	2a56a1234efd33c542b8cb6a9627e827d4977d6c	2412	1	49637.3	62.2472	49637.4	62.0832	24433	29.7943	unclassified	chr1	121370	145530	0	24431	+	24475	24116	24052	315	44	64	60	0.999918	0.997346	0.982717	0
PBE31016_skip_48cfe1d5_2a56a123_118.pod5	65305950-9cd3-440a-85e3-da532dccf668	2a56a1234efd33c542b8cb6a9627e827d4977d6c	1359	4	91552.6	11.33	91552.8	11.1588	4294	24.3618	unclassified	chr1	121552	125843	8	4294	-	4296	4281	4265	5	10	16	60	0.998137	0.996263	0.992784	0
PBE31016_skip_48cfe1d5_2a56a123_106.pod5	9c46bf8c-bbc1-42df-8b5b-6c42a3d68a8f	2a56a1234efd33c542b8cb6a9627e827d4977d6c	140	3	81546.4	7.7854	81546.4	7.7834	2927	11.3368	unclassified	chr1	121552	124478	7	2890	-	2973	2836	2711	47	90	125	45	0.984968	0.955924	0.911874	0
PBE31016_skip_48cfe1d5_2a56a123_108.pod5	31aef1a8-6dcf-4e8c-b44a-2a02ae48dfb2	2a56a1234efd33c542b8cb6a9627e827d4977d6c	1298	1	83501.3	8.7788	83501.4	8.646	3351	27.3738	unclassified	chr1	121851	125197	0	3344	+	3349	3341	3335	3	5	6	60	0.997911	0.998204	0.99582	0
PBE31016_skip_48cfe1d5_2a56a123_4.pod5	7aec6148-07c5-4886-b9ab-c0a0cf33c59b	2a56a1234efd33c542b8cb6a9627e827d4977d6c	2461	3	3562.23	29.0768	3562.38	28.9344	10641	13.7924	unclassified	chr1	122162	132890	0	10632	+	10885	10475	10188	157	253	287	13	0.999154	0.972601	0.935967	0
PBE31016_skip_48cfe1d5_2a56a123_130.pod5	b938f02e-872b-4e4d-9f20-02a8e7940955	2a56a1234efd33c542b8cb6a9627e827d4977d6c	1286	2	103060	7.2452	103060	7.1124	2975	31.5395	unclassified	chr1	122171	125147	0	2968	+	2981	2963	2956	5	13	7	21	0.997647	0.997638	0.991614	0
PBE31016_skip_48cfe1d5_2a56a123_192.pod5	2e1fb402-4a89-422d-bf44-988309389124	2a56a1234efd33c542b8cb6a9627e827d4977d6c	327	3	245269	114.955	245269	114.738	39549	27.3307	unclassified	chr1	122197	161472	0	39543	+	39617	39201	39039	342	74	162	54	0.999848	0.995867	0.98541	0
PBE31016_skip_48cfe1d5_2a56a123_192.pod5	802b1d26-a327-45e1-81ed-75886998164d	2a56a1234efd33c542b8cb6a9627e827d4977d6c	327	3	245383	105.392	245384	105.259	39547	26.1967	unclassified	chr1	122197	161470	11	39547	-	39632	39177	39007	359	96	170	57	0.999722	0.995661	0.98423	0
PBE31016_skip_48cfe1d5_2a56a123_95.pod5	7b268c78-916a-439b-996c-77dd045c6e85	2a56a1234efd33c542b8cb6a9627e827d4977d6c	2664	3	71839.4	5.9984	71839.6	5.82	2223	32.2336	unclassified	chr1	122208	124425	7	2223	-	2218	2215	2213	1	2	2	56	0.996851	0.999097	0.997746	0
PBE31016_skip_48cfe1d5_2a56a123_125.pod5	36c3c7ec-9898-4567-9d6e-1d9fe4f14c45	2a56a1234efd33c542b8cb6a9627e827d4977d6c	1564	3	98038.9	31.5014	98038.9	31.4994	12857	25.9763	unclassified	chr1	122366	135197	6	12826	-	12848	12803	12779	17	28	24	60	0.997122	0.998125	0.99463	0
PBE31016_skip_48cfe1d5_2a56a123_107.pod5	e7163aca-5f98-4055-b474-90069b4f7510	2a56a1234efd33c542b8cb6a9627e827d4977d6c	2101	2	83120.7	12.0008	83120.9	11.844	4584	33.0163	unclassified	chr1	122367	126947	0	4578	+	4582	4576	4565	2	4	11	60	0.998691	0.997596	0.99629	0
PBE31016_skip_48cfe1d5_2a56a123_107.pod5	9a371f36-7a71-4008-952f-b945fe8ea29f	2a56a1234efd33c542b8cb6a9627e827d4977d6c	399	1	82789.1	4.2704	82789.4	3.9768	1172	33.1834	unclassified	chr1	122427	123599	0	1172	-	1172	1172	1169	0	0	3	53	1	0.99744	0.99744	0
PBE31016_skip_48cfe1d5_2a56a123_124.pod5	63d0e059-bc03-4366-8606-4869c8bb1123	2a56a1234efd33c542b8cb6a9627e827d4977d6c	381	1	97740.6	6.392	97740.9	6.1104	1171	24.5346	unclassified	chr1	122674	123841	4	1171	-	1167	1167	1164	0	0	3	60	0.996584	0.997429	0.997429	0
PBE31016_skip_48cfe1d5_2a56a123_130.pod5	89417012-00f5-428a-be7b-b652a6dc2574	2a56a1234efd33c542b8cb6a9627e827d4977d6c	1286	2	103067	6.8828	103067	6.7752	2386	24.379	unclassified	chr1	122749	125147	0	2386	-	2403	2381	2370	5	17	11	12	1	0.99538	0.986267	0
PBE31016_skip_48cfe1d5_2a56a123_86.pod5	620b842c-9bdc-4e4b-8b2d-add37f347be5	2a56a1234efd33c542b8cb6a9627e827d4977d6c	1535	3	63992.4	6.5324	63992.6	6.3492	2383	31.2368	unclassified	chr1	122872	125254	0	2374	+	2386	2370	2363	4	12	7	1	0.996223	0.997046	0.99036	0
PBE31016_skip_48cfe1d5_2a56a123_73.pod5	90b295f0-4d05-47b7-a9f4-ce3c537f2f46	2a56a1234efd33c542b8cb6a9627e827d4977d6c	2237	3	52809.8	32.6528	52810	32.4816	12467	27.8288	unclassified	chr1	122909	135369	0	12460	+	12476	12444	12422	16	16	22	60	0.999439	0.998232	0.995672	0
PBE31016_skip_48cfe1d5_2a56a123_73.pod5	1c24b384-859d-47dc-bbc7-b438f54d7663	2a56a1234efd33c542b8cb6a9627e827d4977d6c	2237	3	52842.6	30.7892	52842.7	30.6756	12460	23.8714	unclassified	chr1	122909	135369	12	12460	-	12491	12417	12389	31	43	28	60	0.999037	0.997745	0.991834	0
PBE31016_skip_48cfe1d5_2a56a123_31.pod5	783c01f9-6470-4f2a-aba4-9544bed92ee3	2a56a1234efd33c542b8cb6a9627e827d4977d6c	1935	2	20726.4	12.1324	20726.4	12.1304	4818	12.3317	unclassified	chr1	122962	127813	31	4811	+	4936	4695	4568	85	156	127	60	0.992113	0.97295	0.925446	0
PBE31016_skip_48cfe1d5_2a56a123_31.pod5	7d709b73-ebb7-4e8c-9554-7a05d6373253	2a56a1234efd33c542b8cb6a9627e827d4977d6c	1935	2	20738.6	11.2148	20738.6	11.1444	4792	11.6016	unclassified	chr1	122962	127809	4	4792	-	4952	4683	4485	105	164	198	47	0.999165	0.957719	0.905695	0
PBE31016_skip_48cfe1d5_2a56a123_80.pod5	c2d0b0e6-ad68-40bb-9c4c-829925ff6f78	2a56a1234efd33c542b8cb6a9627e827d4977d6c	884	1	58597.5	10.322	58597.6	10.1556	4163	29.3663	unclassified	chr1	123188	127343	7	4163	-	4157	4154	4147	2	1	7	60	0.998318	0.998315	0.997594	0
PBE31016_skip_48cfe1d5_2a56a123_8.pod5	d5abea9f-318b-489e-bed1-f88694598fc0	2a56a1234efd33c542b8cb6a9627e827d4977d6c	651	3	6161.8	3.3512	6162.16	2.9904	982	34.2156	unclassified	chr1	123220	124196	0	976	+	976	976	974	0	0	2	60	0.99389	0.997951	0.997951	0
PBE31016_skip_48cfe1d5_2a56a123_136.pod5	53dce8a0-ffe6-4a72-990f-5bfdff51dba0	2a56a1234efd33c542b8cb6a9627e827d4977d6c	1685	4	108659	99.0478	108659	99.0458	36271	20.1963	unclassified	chr1	123315	159284	34	36264	+	36426	35773	35479	457	196	294	53	0.99887	0.991782	0.974002	0
PBE31016_skip_48cfe1d5_2a56a123_43.pod5	0f05df0a-9fa7-49ce-ba18-a665f667b6b1	2a56a1234efd33c542b8cb6a9627e827d4977d6c	1331	2	29087.3	7.5452	29087.4	7.4244	3029	30.5693	unclassified	chr1	123330	126351	0	3020	+	3024	3017	3011	3	4	6	60	0.997029	0.998011	0.995701	0
PBE31016_skip_48cfe1d5_2a56a123_174.pod5	9e18d902-220e-438a-8d82-89c9059a4e03	2a56a1234efd33c542b8cb6a9627e827d4977d6c	2424	4	182337	44.0852	182337	43.9164	16536	17.9298	unclassified	chr1	123625	139637	371	16536	-	16190	15987	15907	178	25	80	60	0.977564	0.994996	0.98252	0
PBE31016_skip_48cfe1d5_2a56a123_129.pod5	9a1bb98a-9bcb-43b6-ae74-a9fe6d081167	2a56a1234efd33c542b8cb6a9627e827d4977d6c	1913	2	102268	57.3776	102268	57.2328	18786	30.7206	unclassified	chr1	123696	142176	3	18786	-	18796	18467	18440	316	13	27	60	0.99984	0.998538	0.98106	0
PBE31016_skip_48cfe1d5_2a56a123_129.pod5	91933862-3c9e-4790-b190-6a3d932e1d2b	2a56a1234efd33c542b8cb6a9627e827d4977d6c	1913	2	102326	69.1268	102326	69.0372	18958	29.098	unclassified	chr1	123704	142176	0	18948	+	18976	18444	18416	504	28	28	60	0.999472	0.998482	0.970489	0
PBE31016_skip_48cfe1d5_2a56a123_15.pod5	b8e69d6c-609f-4fb5-b0ac-7d21411863ec	2a56a1234efd33c542b8cb6a9627e827d4977d6c	2126	4	10861.3	9.1244	10861.5	8.9904	3610	29.2327	unclassified	chr1	123859	127470	0	3610	+	3611	3610	3602	0	1	8	60	1	0.997784	0.997508	0
PBE31016_skip_48cfe1d5_2a56a123_80.pod5	4ec56b9a-ddb8-44b9-8bba-d05f3eff43ce	2a56a1234efd33c542b8cb6a9627e827d4977d6c	387	3	58938.6	24.54	58938.6	24.538	10023	30.4648	unclassified	chr1	123873	133867	7	9992	-	10000	9979	9949	6	15	30	56	0.996209	0.996994	0.9949	0
PBE31016_skip_48cfe1d5_2a56a123_40.pod5	ae42846a-36bb-4cde-8be2-0ba0a8478553	2a56a1234efd33c542b8cb6a9627e827d4977d6c	462	3	27492.1	11.4632	27492.5	11.1072	3923	19.4233	unclassified	chr1	123889	127799	0	3917	+	3939	3888	3870	29	22	18	60	0.998471	0.99537	0.982483	0
PBE31016_skip_48cfe1d5_2a56a123_112.pod5	d7e52a5b-2c10-49cc-aa67-2dd40785407f	2a56a1234efd33c542b8cb6a9627e827d4977d6c	1098	4	86546	5.2916	86546.2	5.0964	1588	37.3013	unclassified	chr1	123957	125547	0	1588	+	1591	1587	1583	1	3	4	49	1	0.997479	0.994972	0
PBE31016_skip_48cfe1d5_2a56a123_2.pod5	e786f82e-f6e1-4fe2-94c3-abe6d42177f8	2a56a1234efd33c542b8cb6a9627e827d4977d6c	552	2	2031.2	5.8956	2031.2	5.8956	2396	23.5267	unclassified	chr1	123957	126314	29	2383	+	2357	2354	2352	0	3	2	60	0.982471	0.99915	0.997879	0
PBE31016_skip_48cfe1d5_2a56a123_130.pod5	a308c019-1d75-40a1-90d6-dd469b45ab49	2a56a1234efd33c542b8cb6a9627e827d4977d6c	2991	4	103274	32.2328	103274	32.1192	10873	28.7939	unclassified	chr1	123957	134806	8	10873	-	10874	10840	10830	25	9	10	60	0.999264	0.999077	0.995954	0
PBE31016_skip_48cfe1d5_2a56a123_18.pod5	b196a064-ab9b-4b46-842e-14f9709274e5	2a56a1234efd33c542b8cb6a9627e827d4977d6c	2164	4	12685.2	6.9272	12685.4	6.7416	2123	29.9133	unclassified	chr1	124060	126173	7	2123	-	2117	2112	2108	4	1	4	23	0.996703	0.998106	0.995749	0
PBE31016_skip_48cfe1d5_2a56a123_143.pod5	7c23412d-faa7-4ef8-907b-59a63fc94c44	2a56a1234efd33c542b8cb6a9627e827d4977d6c	1634	4	117862	17.8938	117862	17.8918	5868	27.0018	unclassified	chr1	124062	129901	32	5863	+	5847	5823	5801	8	16	22	55	0.993695	0.996222	0.992133	0
PBE31016_skip_48cfe1d5_2a56a123_52.pod5	fd30b5f3-0e8c-4b2e-b823-ce27c6e84483	2a56a1234efd33c542b8cb6a9627e827d4977d6c	691	1	35849.9	6.5576	35850	6.456	2723	35.8179	unclassified	chr1	124116	126836	0	2718	+	2720	2718	2716	0	2	2	60	0.998164	0.999264	0.998529	0
PBE31016_skip_48cfe1d5_2a56a123_52.pod5	54e9373e-ed6d-439f-82ed-c489d3099211	2a56a1234efd33c542b8cb6a9627e827d4977d6c	691	1	35842.9	6.8732	35843.1	6.7668	2712	32.1422	unclassified	chr1	124116	126835	7	2712	-	2719	2705	2703	0	14	2	60	0.997419	0.999261	0.994115	0
PBE31016_skip_48cfe1d5_2a56a123_51.pod5	e597adeb-5081-4c68-8710-861cb54d2945	2a56a1234efd33c542b8cb6a9627e827d4977d6c	334	2	34331.1	16.244	34331.3	16.0248	6605	27.6043	unclassified	chr1	124127	130718	3	6605	-	6604	6589	6583	13	2	6	60	0.999546	0.999089	0.99682	0
PBE31016_skip_48cfe1d5_2a56a123_119.pod5	d160cdf0-f7d7-43d0-bafb-11e9722b3e61	2a56a1234efd33c542b8cb6a9627e827d4977d6c	1451	3	93566	67.127	93566	67.125	24366	29.8285	unclassified	chr1	124128	148188	28	24360	+	24379	24013	23943	319	47	70	60	0.998605	0.997085	0.982116	0
PBE31016_skip_48cfe1d5_2a56a123_102.pod5	a6d6cefd-5da3-41c6-b392-8d1a751066be	2a56a1234efd33c542b8cb6a9627e827d4977d6c	343	3	78825.6	7.058	78825.7	6.9156	2316	37.5013	unclassified	chr1	124505	126815	0	2310	+	2310	2310	2308	0	0	2	60	0.997409	0.999134	0.999134	0
PBE31016_skip_48cfe1d5_2a56a123_153.pod5	1f1cca1b-7d8a-4f3c-9f3d-18724a1e98fe	2a56a1234efd33c542b8cb6a9627e827d4977d6c	2604	4	131278	8.6216	131279	8.508	3200	36.5621	unclassified	chr1	124575	127772	0	3192	+	3197	3192	3184	0	5	8	43	0.9975	0.997494	0.995934	0
PBE31016_skip_48cfe1d5_2a56a123_69.pod5	e514dab3-0d22-45fb-a738-f5c0e9b0bc9e	2a56a1234efd33c542b8cb6a9627e827d4977d6c	1910	3	49198.7	1.523	49198.7	1.521	514	8.32026	unclassified	chr1	124754	125253	44	514	+	508	461	441	9	38	20	33	0.914397	0.956616	0.86811	0
PBE31016_skip_48cfe1d5_2a56a123_135.pod5	02e267c7-d949-4bd8-ad80-be322c184de9	2a56a1234efd33c542b8cb6a9627e827d4977d6c	695	2	108279	48.7292	108280	48.6072	18020	27.6275	unclassified	chr1	124935	140396	10	15795	-	15813	15433	15380	352	28	53	1	0.875971	0.996566	0.972617	0
PBE31016_skip_48cfe1d5_2a56a123_112.pod5	bc42d5fd-5e5c-4dc7-9361-af2658055a5e	2a56a1234efd33c542b8cb6a9627e827d4977d6c	2544	3	86569.4	3.3752	86569.5	3.264	1091	20.1866	unclassified	chr1	124966	126049	0	1083	+	1083	1083	1082	0	0	1	60	0.992667	0.999077	0.999077	0
PBE31016_skip_48cfe1d5_2a56a123_121.pod5	2bbca4c6-b8d0-48a8-bf02-b6d8f39381b0	2a56a1234efd33c542b8cb6a9627e827d4977d6c	873	4	95683	6.218	95683	6.138	2459	24.7544	unclassified	chr1	125163	127619	5	2459	-	2459	2451	2440	3	5	11	29	0.997967	0.995512	0.992273	0
PBE31016_skip_48cfe1d5_2a56a123_108.pod5	5d194759-733d-417f-8f8a-48765e64e379	2a56a1234efd33c542b8cb6a9627e827d4977d6c	1762	2	83590.1	26.8988	83590.1	26.8968	10511	27.7728	unclassified	chr1	125339	135828	1	10482	-	10499	10471	10456	10	18	15	60	0.997146	0.998567	0.995904	0
PBE31016_skip_48cfe1d5_2a56a123_15.pod5	09fd7e09-b7d1-4526-a1b3-df19b1d18dbc	2a56a1234efd33c542b8cb6a9627e827d4977d6c	346	2	10382.1	82.2962	10382.1	82.2942	29035	20.6372	unclassified	chr1	125515	154269	7	28977	-	29133	28591	28379	379	163	212	52	0.997761	0.992585	0.974119	0
PBE31016_skip_48cfe1d5_2a56a123_193.pod5	1e3647bc-cd19-4e43-9f3c-2843aa8403ef	2a56a1234efd33c542b8cb6a9627e827d4977d6c	2418	2	248661	18.7772	248662	18.6168	7436	25.1872	unclassified	chr1	125564	133024	7	7436	-	7467	7422	7393	7	38	29	44	0.999059	0.996093	0.99009	0
PBE31016_skip_48cfe1d5_2a56a123_194.pod5	18e3235c-37a9-4981-9cc5-6be6caf9f5e3	2a56a1234efd33c542b8cb6a9627e827d4977d6c	1929	4	251172	21.2372	251172	21.1644	8483	26.114	unclassified	chr1	126002	134479	0	8476	+	8487	8466	8441	10	11	25	58	0.999175	0.997047	0.99458	0
PBE31016_skip_48cfe1d5_2a56a123_51.pod5	358aef35-3594-4172-b4e5-a81a15a58e22	2a56a1234efd33c542b8cb6a9627e827d4977d6c	431	4	34415.5	0.614	34415.6	0.4932	201	23.04	unclassified	chr1	126002	126194	9	201	-	192	192	191	0	0	1	10	0.955224	0.994792	0.994792	0
PBE31016_skip_48cfe1d5_2a56a123_30.pod5	7c429b09-32cc-4218-9621-4a231d132797	2a56a1234efd33c542b8cb6a9627e827d4977d6c	366	2	20209.8	35.1372	20209.8	35.1352	12582	21.6708	unclassified	chr1	126117	138378	0	12550	-	12593	12218	12163	332	43	55	60	0.997457	0.995498	0.965854	0
PBE31016_skip_48cfe1d5_2a56a123_166.pod5	53732c53-8317-4f99-99ce-bbfd3ba7e2ec	2a56a1234efd33c542b8cb6a9627e827d4977d6c	1876	1	157482	5.1164	157482	4.9908	1859	32.9542	unclassified	chr1	126184	128039	0	1855	+	1855	1855	1849	0	0	6	47	0.997848	0.996765	0.996765	0
PBE31016_skip_48cfe1d5_2a56a123_32.pod5	208cfb63-9df0-4671-a05f-b6daacffd771	2a56a1234efd33c542b8cb6a9627e827d4977d6c	2265	1	21432	56.2256	21432.1	56.0712	19048	29.522	unclassified	chr1	126350	145117	6	19048	-	19082	18727	18677	315	40	50	60	0.999685	0.99733	0.978776	0
PBE31016_skip_48cfe1d5_2a56a123_31.pod5	57935a03-578a-49c0-8169-6f0ef79f54ff	2a56a1234efd33c542b8cb6a9627e827d4977d6c	434	2	20510.8	21.0176	20510.9	20.8728	8213	27.4194	unclassified	chr1	126514	134732	8	8213	-	8223	8200	8191	5	18	9	60	0.999026	0.998902	0.996108	0
PBE31016_skip_48cfe1d5_2a56a123_11.pod5	81f80aab-1801-4df7-b12b-d5d71d594c8a	2a56a1234efd33c542b8cb6a9627e827d4977d6c	1397	4	7583.19	0.6476	7583.37	0.4668	196	20.5951	unclassified	chr1	126535	126722	0	187	+	187	187	187	0	0	0	0	0.954082	1	1	0
PBE31016_skip_48cfe1d5_2a56a123_153.pod5	11c9bb91-56e1-432b-8ee0-cd4cbd859539	2a56a1234efd33c542b8cb6a9627e827d4977d6c	1800	4	131807	9.818	131808	9.6756	3664	34.3496	unclassified	chr1	126809	130469	0	3657	+	3660	3657	3652	0	3	5	60	0.998089	0.998633	0.997814	0
PBE31016_skip_48cfe1d5_2a56a123_14.pod5	5aa59907-bfd0-4337-a693-1cc6e5666e61	2a56a1234efd33c542b8cb6a9627e827d4977d6c	1590	4	9751.56	8.4376	9751.56	8.4356	3055	26.7879	unclassified	chr1	126814	129824	31	3048	+	3019	3008	2996	9	2	12	40	0.987561	0.996011	0.992382	0
PBE31016_skip_48cfe1d5_2a56a123_51.pod5	49ec966b-8165-450d-8332-ac5500f7ccd7	2a56a1234efd33c542b8cb6a9627e827d4977d6c	2093	2	34313.6	14.036	34313.7	13.908	5462	29.428	unclassified	chr1	126844	132296	8	5462	-	5459	5447	5440	7	5	7	60	0.998535	0.998715	0.99652	0
PBE31016_skip_48cfe1d5_2a56a123_170.pod5	5988c601-9df5-4d89-8bd1-4cc170bc7447	2a56a1234efd33c542b8cb6a9627e827d4977d6c	891	3	167485	7.1324	167485	7.0044	2410	33.6528	unclassified	chr1	126881	129284	6	2410	-	2404	2403	2394	1	0	9	20	0.99751	0.996255	0.99584	0
PBE31016_skip_48cfe1d5_2a56a123_177.pod5	538814bb-7f1d-424e-a96f-7f5b25edf73c	2a56a1234efd33c542b8cb6a9627e827d4977d6c	1082	4	192467	82.9064	192467	82.7616	31391	28.1173	unclassified	chr1	127038	158167	6	31391	-	31462	31052	30926	333	77	126	45	0.999809	0.995942	0.982964	0
PBE31016_skip_48cfe1d5_2a56a123_15.pod5	51f65501-3ac1-41df-8387-c15cf155841d	2a56a1234efd33c542b8cb6a9627e827d4977d6c	716	1	10590.4	3.8204	10590.5	3.702	1035	37.6999	unclassified	chr1	127370	128399	0	1029	+	1029	1029	1029	0	0	0	60	0.994203	1	1	0
PBE31016_skip_48cfe1d5_2a56a123_21.pod5	a01d363c-73aa-47ac-a614-92bfa5f0a357	2a56a1234efd33c542b8cb6a9627e827d4977d6c	1201	2	14577.9	1.1624	14578.1	0.9984	370	26.3015	unclassified	chr1	127421	127782	10	370	-	361	360	359	0	1	1	0	0.972973	0.997222	0.99446	0
PBE31016_skip_48cfe1d5_2a56a123_72.pod5	fc3c3cf1-ea1b-4bab-831e-e26a709fdf67	2a56a1234efd33c542b8cb6a9627e827d4977d6c	1625	1	50914.5	52.6966	50914.5	52.6946	14983	19.5198	unclassified	chr1	127603	142275	34	14977	+	15023	14592	14487	351	80	105	60	0.99733	0.992804	0.964321	0
PBE31016_skip_48cfe1d5_2a56a123_100.pod5	c5ba5a2b-fdcc-4f7e-8b5b-8200986c3a18	2a56a1234efd33c542b8cb6a9627e827d4977d6c	1516	1	76905.7	9.116	76905.8	8.9952	4350	25.977	unclassified	chr1	127826	132177	0	4345	+	4354	4342	4332	3	9	10	59	0.998851	0.997697	0.994947	0
PBE31016_skip_48cfe1d5_2a56a123_100.pod5	f06b51ef-be24-4f68-b2ea-c318d13d9a64	2a56a1234efd33c542b8cb6a9627e827d4977d6c	1516	1	76893.7	11.948	76893.9	11.7828	4364	32.4438	unclassified	chr1	127826	132177	7	4364	-	4359	4349	4345	8	2	4	57	0.998396	0.99908	0.996788	0
PBE31016_skip_48cfe1d5_2a56a123_13.pod5	40e23b70-cd24-4026-964c-cf7eed644a3c	2a56a1234efd33c542b8cb6a9627e827d4977d6c	2141	4	9148.55	21.1352	9148.65	21.0336	8619	24.4055	unclassified	chr1	128123	136721	0	8607	+	8616	8589	8575	18	9	14	60	0.998608	0.99837	0.995241	0
PBE31016_skip_48cfe1d5_2a56a123_13.pod5	169b78b0-cfef-484f-9ce7-577f0dae2e8a	2a56a1234efd33c542b8cb6a9627e827d4977d6c	2141	4	9125.37	23.0792	9125.49	22.9536	8597	29.646	unclassified	chr1	128123	136721	7	8597	-	8603	8585	8572	5	13	13	60	0.999186	0.998486	0.996397	0
PBE31016_skip_48cfe1d5_2a56a123_93.pod5	eaf36d1b-8dc1-4a3b-abeb-a23035b50b65	2a56a1234efd33c542b8cb6a9627e827d4977d6c	2466	2	69848.1	90.0098	69848.1	90.0078	34812	12.945	unclassified	chr1	128156	162738	26	34803	+	35615	33744	32567	1033	838	1177	46	0.998995	0.96512	0.914418	0
PBE31016_skip_48cfe1d5_2a56a123_113.pod5	61baf6fd-4c9a-4d9a-aded-e450e9e8bd05	2a56a1234efd33c542b8cb6a9627e827d4977d6c	1957	4	87215.3	39.0968	87215.4	39.0048	14418	28.4489	unclassified	chr1	128312	142432	8	14418	-	14423	14107	14074	303	13	33	60	0.999445	0.997661	0.975803	0
PBE31016_skip_48cfe1d5_2a56a123_36.pod5	525ca4be-2902-4b1f-bab1-6cde70e6bb14	2a56a1234efd33c542b8cb6a9627e827d4977d6c	457	3	24438.5	7.3232	24438.6	7.1976	2588	23.8047	unclassified	chr1	128459	131046	0	2583	+	2591	2579	2569	4	8	10	48	0.998068	0.996123	0.991509	0
PBE31016_skip_48cfe1d5_2a56a123_111.pod5	ad8b31bb-63d8-4a6b-a1eb-db51e8a7e970	2a56a1234efd33c542b8cb6a9627e827d4977d6c	2422	2	85756.1	7.9154	85756.1	7.9134	2466	10.0982	unclassified	chr1	128618	131046	32	2454	+	2493	2357	2222	65	71	135	22	0.982157	0.942724	0.891296	0
PBE31016_skip_48cfe1d5_2a56a123_4.pod5	cf0d830e-66a9-4efc-bb78-210393106af5	2a56a1234efd33c542b8cb6a9627e827d4977d6c	2639	4	3836.8	19.3292	3836.99	19.1364	5463	29.9203	unclassified	chr1	128656	134114	0	5463	+	5464	5457	5453	6	1	4	60	1	0.999267	0.997987	0
PBE31016_skip_48cfe1d5_2a56a123_2.pod5	ffbdbed3-6485-406d-87c6-cb6ac7d23480	2a56a1234efd33c542b8cb6a9627e827d4977d6c	2771	4	2682.33	31.2032	2682.44	31.0896	13524	22.5778	unclassified	chr1	128881	141178	937	13515	+	12623	12252	12202	326	45	50	60	0.93005	0.995919	0.966648	0
PBE31016_skip_48cfe1d5_2a56a123_2.pod5	1b94c8ca-2987-4929-bc36-d86309f00b7d	2a56a1234efd33c542b8cb6a9627e827d4977d6c	2771	4	2649.73	32.592	2649.73	32.59	13560	28.1727	unclassified	chr1	128881	141178	948	13528	-	12600	12277	12244	303	20	33	60	0.927729	0.997312	0.971746	0
PBE31016_skip_48cfe1d5_2a56a123_35.pod5	574cce81-029e-4331-b8c6-7fb7e9b31df5	2a56a1234efd33c542b8cb6a9627e827d4977d6c	178	3	23437.2	17.1872	23437.3	17.0496	6541	26.3428	unclassified	chr1	129110	135659	6	6541	-	6556	6528	6503	7	21	25	60	0.999083	0.99617	0.991916	0
PBE31016_skip_48cfe1d5_2a56a123_153.pod5	d4e40600-8d7c-4079-8ff2-4fd3054c08b0	2a56a1234efd33c542b8cb6a9627e827d4977d6c	1356	4	131062	7.9136	131063	7.7928	2717	28.2776	unclassified	chr1	129451	132162	0	2713	+	2715	2709	2697	4	2	12	1	0.998528	0.99557	0.99337	0
PBE31016_skip_48cfe1d5_2a56a123_189.pod5	101c6621-8d7e-440b-9404-5e0b478cdeb2	2a56a1234efd33c542b8cb6a9627e827d4977d6c	126	1	235931	20.7678	235931	20.7658	7035	22.7355	unclassified	chr1	129800	136802	10	7003	-	7019	6976	6945	17	26	31	60	0.99403	0.995556	0.989457	0
PBE31016_skip_48cfe1d5_2a56a123_120.pod5	e70ffdb3-b540-43d9-a668-888d84cc9743	2a56a1234efd33c542b8cb6a9627e827d4977d6c	823	2	94099	12.2324	94099.1	12.1404	4540	28.3804	unclassified	chr1	129823	134361	7	4540	-	4540	4531	4515	2	7	16	59	0.998458	0.996469	0.994493	0
PBE31016_skip_48cfe1d5_2a56a123_107.pod5	15cb6560-eade-46e8-bc43-307b703820c3	2a56a1234efd33c542b8cb6a9627e827d4977d6c	1884	1	82868.1	5.543	82868.1	5.541	2181	12.5934	unclassified	chr1	130004	132149	26	2167	+	2192	2094	2026	47	51	68	11	0.98166	0.967526	0.92427	0
PBE31016_skip_48cfe1d5_2a56a123_56.pod5	92166927-6995-42bc-a35c-9deae2fb7ad6	2a56a1234efd33c542b8cb6a9627e827d4977d6c	2186	3	38795.6	20.8136	38795.7	20.6832	8822	31.8595	unclassified	chr1	130010	138530	7	8822	-	8821	8514	8504	301	6	10	60	0.999207	0.998825	0.964063	0
PBE31016_skip_48cfe1d5_2a56a123_3.pod5	d31a0c7d-680b-4d1d-bbdd-61d04062827f	2a56a1234efd33c542b8cb6a9627e827d4977d6c	1203	3	2728.37	31.9304	2728.52	31.7856	13391	29.1581	unclassified	chr1	130033	143128	7	13391	-	13398	13081	13047	303	14	34	60	0.999477	0.997401	0.973802	0
PBE31016_skip_48cfe1d5_2a56a123_175.pod5	9fc40e48-da54-429c-9534-c2b656bf3500	2a56a1234efd33c542b8cb6a9627e827d4977d6c	307	2	185872	6.9836	185872	6.8508	2581	31.7191	unclassified	chr1	130139	132724	0	2581	-	2588	2578	2568	3	7	10	26	1	0.996121	0.992272	0
PBE31016_skip_48cfe1d5_2a56a123_21.pod5	79ad04a4-6cec-42ca-ae14-810f88e5211e	2a56a1234efd33c542b8cb6a9627e827d4977d6c	422	4	14797.2	3.0896	14797.3	2.9856	1134	28.1321	unclassified	chr1	130264	131393	0	1125	+	1131	1123	1121	2	6	2	0	0.992063	0.998219	0.991158	0
PBE31016_skip_48cfe1d5_2a56a123_144.pod5	d91f1a1b-9460-4ed1-adbe-57259a05c077	2a56a1234efd33c542b8cb6a9627e827d4977d6c	1356	4	119368	5.6912	119368	5.592	2294	24.9	unclassified	chr1	130365	132656	0	2294	-	2295	2290	2283	4	1	7	28	1	0.996943	0.994771	0
PBE31016_skip_48cfe1d5_2a56a123_146.pod5	f3f3e00d-fa4e-4b3a-b2db-3066946bf7d1	2a56a1234efd33c542b8cb6a9627e827d4977d6c	2063	2	119961	13.6964	119961	13.542	4376	28.8142	unclassified	chr1	130582	134954	0	4368	+	4375	4365	4345	3	7	20	1	0.998172	0.995418	0.993143	0
PBE31016_skip_48cfe1d5_2a56a123_41.pod5	4f04577b-8a18-4d59-a1f7-9b40e8f5b6dd	2a56a1234efd33c542b8cb6a9627e827d4977d6c	789	3	27938.8	12.5888	27939	12.4152	4799	26.8169	unclassified	chr1	130582	135388	0	4794	+	4807	4793	4784	1	13	9	60	0.998958	0.998122	0.995215	0
PBE31016_skip_48cfe1d5_2a56a123_95.pod5	624e23b7-32bc-49fa-b2bd-ac2b20b13b7f	2a56a1234efd33c542b8cb6a9627e827d4977d6c	2309	3	71912	14.72	71912.1	14.6088	4509	33.0002	unclassified	chr1	130584	135091	7	4509	-	4509	4500	4490	2	7	10	60	0.998448	0.997778	0.995786	0
PBE31016_skip_48cfe1d5_2a56a123_170.pod5	22790916-cc64-4cab-b289-7627da282451	2a56a1234efd33c542b8cb6a9627e827d4977d6c	2398	4	166623	38.1894	166623	38.1874	17990	9.68916	unclassified	chr1	130717	148540	5	17946	-	18675	17089	16050	852	734	1039	47	0.997276	0.939201	0.859438	0
PBE31016_skip_48cfe1d5_2a56a123_19.pod5	e1352aad-64a9-4a7c-bebb-91805ca110d1	2a56a1234efd33c542b8cb6a9627e827d4977d6c	2479	2	13075.2	3.471	13075.2	3.469	1193	26.7945	unclassified	chr1	130717	131872	7	1161	-	1157	1152	1150	2	3	2	21	0.967309	0.998264	0.99395	0
PBE31016_skip_48cfe1d5_2a56a123_49.pod5	60aca87c-f492-4fee-9131-c2aca0d42f08	2a56a1234efd33c542b8cb6a9627e827d4977d6c	676	4	33605.9	27.4832	33606	27.372	9709	26.9481	unclassified	chr1	130718	140262	0	9703	+	9713	9534	9469	169	10	65	60	0.999382	0.993182	0.974879	0
PBE31016_skip_48cfe1d5_2a56a123_5.pod5	c2f53d1c-714f-4423-9aa2-208212c81392	2a56a1234efd33c542b8cb6a9627e827d4977d6c	815	2	4431.17	13.6638	4431.17	13.6618	5002	11.6359	unclassified	chr1	130733	135782	6	4972	-	5157	4858	4657	108	191	201	1	0.992803	0.958625	0.903044	0
PBE31016_skip_48cfe1d5_2a56a123_126.pod5	ca7998aa-3441-4c73-8228-5f7088beb249	2a56a1234efd33c542b8cb6a9627e827d4977d6c	1782	1	98931	9.194	98931.2	8.9964	3441	24.9427	unclassified	chr1	130915	134362	0	3435	+	3449	3433	3424	2	14	9	60	0.998256	0.997378	0.992752	0
PBE31016_skip_48cfe1d5_2a56a123_80.pod5	46448ffb-3fd4-412d-8e4e-39e71194e3a5	2a56a1234efd33c542b8cb6a9627e827d4977d6c	1470	4	58043	20.738	58043.1	20.6124	8591	25.4445	unclassified	chr1	130949	139391	0	8583	+	8606	8419	8368	164	23	51	60	0.999069	0.993942	0.972345	0
PBE31016_skip_48cfe1d5_2a56a123_149.pod5	02672a73-25f6-43f1-8873-c2253ac35318	2a56a1234efd33c542b8cb6a9627e827d4977d6c	2539	1	125239	9.6908	125239	9.5892	3862	28.5498	unclassified	chr1	131045	134900	9	3862	-	3860	3848	3844	5	7	4	60	0.99767	0.99896	0.995855	0
PBE31016_skip_48cfe1d5_2a56a123_89.pod5	a490c147-901a-4fc8-a794-9139685b3e5e	2a56a1234efd33c542b8cb6a9627e827d4977d6c	136	3	66904	9.9912	66904	9.9892	3597	10.9914	unclassified	chr1	131092	134715	11	3565	-	3716	3461	3335	93	162	126	12	0.988046	0.963594	0.89747	0
PBE31016_skip_48cfe1d5_2a56a123_81.pod5	d2db0f33-6b5a-4edf-a1cc-4debe13cf86b	2a56a1234efd33c542b8cb6a9627e827d4977d6c	2436	2	59757.5	7.6532	59757.6	7.53	2968	25.61	unclassified	chr1	131172	134134	7	2968	-	2964	2959	2942	2	3	17	60	0.997642	0.994255	0.992578	0
PBE31016_skip_48cfe1d5_2a56a123_98.pod5	1cf73e42-6e21-4111-8341-a5e3186f64ed	2a56a1234efd33c542b8cb6a9627e827d4977d6c	2012	2	74307.5	10.502	74307.7	10.2636	2889	22.6033	unclassified	chr1	131812	134687	7	2880	+	2879	2869	2859	4	6	10	60	0.994462	0.996514	0.993053	0
PBE31016_skip_48cfe1d5_2a56a123_165.pod5	de01b29f-e767-4a8e-8f0d-2b118b819cef	2a56a1234efd33c542b8cb6a9627e827d4977d6c	400	4	154918	8.7308	154918	8.574	2721	26.7617	unclassified	chr1	131853	134581	0	2715	+	2729	2714	2709	1	14	5	60	0.997795	0.998158	0.992671	0
PBE31016_skip_48cfe1d5_2a56a123_108.pod5	1136e803-b765-4ceb-a16b-b7e6bb51a1fb	2a56a1234efd33c542b8cb6a9627e827d4977d6c	940	2	83480.4	22.2212	83480.5	22.092	5873	25.9582	unclassified	chr1	131910	137485	1	5873	+	5887	5560	5548	312	15	12	60	0.99983	0.997842	0.942415	0
PBE31016_skip_48cfe1d5_2a56a123_148.pod5	15cd7e13-9231-4756-8a78-a1a7aec945c4	2a56a1234efd33c542b8cb6a9627e827d4977d6c	1329	2	123637	7.5076	123637	7.5056	2886	28.9259	unclassified	chr1	131947	134813	30	2882	+	2867	2851	2846	1	15	5	60	0.988219	0.998246	0.992675	0
PBE31016_skip_48cfe1d5_2a56a123_173.pod5	6daee1e4-7b4d-4d58-b2a5-56484b60b0da	2a56a1234efd33c542b8cb6a9627e827d4977d6c	1014	4	175820	20.2316	175820	20.0724	6956	25.8054	unclassified	chr1	132270	138880	0	6949	+	6957	6602	6586	347	8	16	60	0.998994	0.997576	0.946672	0
PBE31016_skip_48cfe1d5_2a56a123_53.pod5	7853de4a-c287-4483-979d-da1021d913e6	2a56a1234efd33c542b8cb6a9627e827d4977d6c	880	4	36218.7	26.2798	36218.8	26.2778	9026	30.7445	unclassified	chr1	132302	140996	33	9017	+	8988	8690	8668	294	4	22	60	0.995347	0.997468	0.964397	0
PBE31016_skip_48cfe1d5_2a56a123_53.pod5	8fa84393-e93d-4bc2-897a-93013c06c682	2a56a1234efd33c542b8cb6a9627e827d4977d6c	880	4	36245	22.3196	36245.1	22.218	8980	26.9542	unclassified	chr1	132302	140996	5	8980	-	8991	8678	8653	297	16	25	60	0.999443	0.997119	0.962407	0
PBE31016_skip_48cfe1d5_2a56a123_193.pod5	c512ea6b-33d4-4e7a-befd-369d3da55019	2a56a1234efd33c542b8cb6a9627e827d4977d6c	871	3	249765	14.0768	249765	13.9104	4635	28.4908	unclassified	chr1	132405	136988	0	4628	+	4631	4580	4566	48	3	14	60	0.99849	0.996943	0.985964	0
PBE31016_skip_48cfe1d5_2a56a123_116.pod5	74a9c4c7-87f5-4f57-9f8d-1c70f81d36e7	2a56a1234efd33c542b8cb6a9627e827d4977d6c	1044	2	90563.7	24.9848	90563.8	24.8832	11764	27.9239	unclassified	chr1	132605	144077	0	11764	-	11776	11460	11419	304	12	41	60	1	0.996422	0.969684	0
PBE31016_skip_48cfe1d5_2a56a123_27.pod5	86e76f8f-02dd-4960-8e58-cc76f54cf699	2a56a1234efd33c542b8cb6a9627e827d4977d6c	2067	3	18340.1	8.7084	18340.1	8.7064	3362	21.0439	unclassified	chr1	132743	136062	6	3327	-	3336	3304	3288	17	15	16	60	0.987805	0.995157	0.985611	0
PBE31016_skip_48cfe1d5_2a56a123_109.pod5	22b12d3b-77da-4518-b01f-e03b741719f7	2a56a1234efd33c542b8cb6a9627e827d4977d6c	531	4	84331.5	18.1244	84331.7	17.9064	7025	29.474	unclassified	chr1	133551	140396	6	6998	-	6996	6841	6795	151	4	46	60	0.995302	0.993276	0.971269	0
PBE31016_skip_48cfe1d5_2a56a123_45.pod5	db16d779-878f-4fe5-9e7d-5d315fb25b73	2a56a1234efd33c542b8cb6a9627e827d4977d6c	863	2	30974.7	22.1	30974.7	22.098	7432	26.875	unclassified	chr1	133867	140396	31	6901	+	6878	6521	6501	349	8	20	60	0.924381	0.996933	0.945188	0
PBE31016_skip_48cfe1d5_2a56a123_93.pod5	41269a70-1ffe-429e-9993-a326fb2b8479	2a56a1234efd33c542b8cb6a9627e827d4977d6c	432	4	69821.1	13.7912	69821.1	13.7016	5577	26.9307	unclassified	chr1	133968	139188	0	5577	-	5578	5219	5204	358	1	15	60	1	0.997126	0.932951	0
PBE31016_skip_48cfe1d5_2a56a123_40.pod5	e7d96793-0740-47c6-9146-6c36c8e14392	2a56a1234efd33c542b8cb6a9627e827d4977d6c	2717	1	27067.5	13.1564	27067.6	13.0548	4636	22.09	unclassified	chr1	134222	138554	0	4627	+	4632	4327	4306	300	5	21	60	0.998059	0.995147	0.92962	0
PBE31016_skip_48cfe1d5_2a56a123_40.pod5	35e43239-dc15-4a10-803b-dc06f090fb63	2a56a1234efd33c542b8cb6a9627e827d4977d6c	2717	1	27054.7	12.7256	27054.8	12.6072	4625	25.7494	unclassified	chr1	134222	138553	6	4625	-	4625	4325	4311	294	6	14	60	0.998703	0.996763	0.932108	0
PBE31016_skip_48cfe1d5_2a56a123_26.pod5	1eeab2c6-7e18-43fe-8bde-ce0a2e609134	2a56a1234efd33c542b8cb6a9627e827d4977d6c	978	4	17606.2	14.3924	17606.3	14.2404	5673	27.5938	unclassified	chr1	134469	139807	0	5673	-	5682	5329	5314	344	9	15	60	1	0.997185	0.935234	0
PBE31016_skip_48cfe1d5_2a56a123_176.pod5	b2b65f62-c6e9-496a-bed7-38608d3374c4	2a56a1234efd33c542b8cb6a9627e827d4977d6c	2414	2	187960	16.886	187960	16.7604	6338	28.8913	unclassified	chr1	134672	140721	0	6330	+	6343	6036	6021	294	13	15	60	0.998738	0.997515	0.949235	0
PBE31016_skip_48cfe1d5_2a56a123_176.pod5	6f08b95b-f6f1-49cb-b495-ff5e696832cc	2a56a1234efd33c542b8cb6a9627e827d4977d6c	2414	2	187943	16.6292	187944	16.5228	6346	29.7432	unclassified	chr1	134672	140721	5	6346	-	6346	6044	6026	297	5	18	60	0.999212	0.997022	0.949575	0
PBE31016_skip_48cfe1d5_2a56a123_156.pod5	c41211da-96af-4e8b-967a-35e1182d8832	2a56a1234efd33c542b8cb6a9627e827d4977d6c	2489	4	137144	16.7588	137145	16.6044	6169	35.0323	unclassified	chr1	134726	140596	5	6169	-	6165	5869	5858	295	1	11	60	0.999189	0.998126	0.950203	0
PBE31016_skip_48cfe1d5_2a56a123_12.pod5	01a6467a-a76d-4bc0-90b5-32b909d71082	2a56a1234efd33c542b8cb6a9627e827d4977d6c	1642	1	8448.78	7.9688	8448.91	7.8432	3300	28.1795	unclassified	chr1	134726	137727	5	3300	-	3297	2999	2993	296	2	6	60	0.998485	0.997999	0.907795	0
PBE31016_skip_48cfe1d5_2a56a123_189.pod5	a066e6b8-05a1-4987-9a25-f07f63545c46	2a56a1234efd33c542b8cb6a9627e827d4977d6c	1625	2	235007	1.592	235007	1.4136	479	23.6152	unclassified	chr1	134727	135197	0	470	+	471	469	468	1	1	1	28	0.981211	0.997868	0.993631	0
PBE31016_skip_48cfe1d5_2a56a123_12.pod5	58ec8b45-6bc3-4efb-862b-7319c472e046	2a56a1234efd33c542b8cb6a9627e827d4977d6c	1642	1	8456.91	8.0768	8456.99	7.9968	3295	27.1792	unclassified	chr1	134727	137727	0	3288	+	3296	2992	2984	296	8	8	60	0.997876	0.997326	0.90534	0
PBE31016_skip_48cfe1d5_2a56a123_18.pod5	b2428076-4dda-4b2c-966f-2c27e5df49d9	2a56a1234efd33c542b8cb6a9627e827d4977d6c	2912	1	12186.5	40.04	12186.6	39.9216	10890	27.0297	unclassified	chr1	135296	145910	8	10890	-	10912	10584	10539	298	30	45	60	0.999265	0.995748	0.965817	0
PBE31016_skip_48cfe1d5_2a56a123_132.pod5	1e0b3736-49f6-4bec-be82-43710d486db2	2a56a1234efd33c542b8cb6a9627e827d4977d6c	2336	2	106108	14.4668	106108	14.37	4354	21.2732	unclassified	chr1	135369	139424	0	4347	+	4362	4040	4029	307	15	11	60	0.998392	0.997277	0.923659	0
PBE31016_skip_48cfe1d5_2a56a123_131.pod5	52dbab8f-d4a0-416d-a72a-3ac76a7ebfef	2a56a1234efd33c542b8cb6a9627e827d4977d6c	434	3	104258	14.5832	104258	14.5812	4327	27.3776	unclassified	chr1	135592	139733	33	4320	+	4294	4134	4093	153	7	41	60	0.990756	0.990082	0.953191	0
PBE31016_skip_48cfe1d5_2a56a123_103.pod5	6b45a8b4-a3b6-4eda-b644-2541fd8c8169	2a56a1234efd33c542b8cb6a9627e827d4977d6c	833	3	79309.9	7.077	79309.9	7.075	3193	24.3298	unclassified	chr1	135844	138662	6	3161	-	3167	2806	2796	349	12	10	60	0.988099	0.996436	0.882854	0
PBE31016_skip_48cfe1d5_2a56a123_119.pod5	30a4991e-10f0-4511-9ce3-82cc0d98e4a5	2a56a1234efd33c542b8cb6a9627e827d4977d6c	831	4	93255.8	7.7588	93255.9	7.6116	2756	27.2133	unclassified	chr1	135849	138261	0	2750	+	2753	2409	2401	341	3	8	60	0.997823	0.996679	0.87214	0
PBE31016_skip_48cfe1d5_2a56a123_144.pod5	82b9d298-26a3-45ad-9825-64ea7854ce72	2a56a1234efd33c542b8cb6a9627e827d4977d6c	1695	1	119697	10.7132	119697	10.7112	4265	17.9809	unclassified	chr1	136079	140181	1	4233	-	4270	4064	3990	168	38	74	60	0.992263	0.981791	0.934426	0
PBE31016_skip_48cfe1d5_2a56a123_74.pod5	d3bfd76f-a569-4821-ae51-a36d3e665816	2a56a1234efd33c542b8cb6a9627e827d4977d6c	1328	2	53196.7	13.5584	53196.8	13.446	5878	24.1443	unclassified	chr1	136116	141703	1	5869	+	5886	5569	5551	299	18	18	60	0.998299	0.996768	0.943085	0
PBE31016_skip_48cfe1d5_2a56a123_74.pod5	49c70872-989a-4869-ad8d-5a333b530222	2a56a1234efd33c542b8cb6a9627e827d4977d6c	1328	2	53181.6	15.0848	53181.8	14.9376	5885	32.7204	unclassified	chr1	136116	141702	6	5885	-	5881	5584	5567	295	2	17	60	0.99898	0.996956	0.946608	0
PBE31016_skip_48cfe1d5_2a56a123_38.pod5	e63e56d0-0879-479a-8b0f-07afcb8be456	2a56a1234efd33c542b8cb6a9627e827d4977d6c	633	2	25988.7	35.6828	25988.8	35.5164	11149	28.2866	unclassified	chr1	136118	146993	0	11143	+	11174	10844	10796	299	31	48	60	0.999462	0.995574	0.966171	0
PBE31016_skip_48cfe1d5_2a56a123_58.pod5	af0631af-6c6d-4422-9a9a-5f1de6121373	2a56a1234efd33c542b8cb6a9627e827d4977d6c	977	3	39956.5	37.394	39956.6	37.23	12172	21.4205	unclassified	chr1	136118	148034	0	12172	+	12240	11848	11754	324	68	94	60	1	0.992066	0.960294	0
PBE31016_skip_48cfe1d5_2a56a123_58.pod5	e0c7b954-b28a-4052-b91e-0a7c07cf6690	2a56a1234efd33c542b8cb6a9627e827d4977d6c	977	3	39993.9	32.552	39994	32.4624	12178	18.9939	unclassified	chr1	136119	148046	12	12178	-	12273	11820	11692	346	107	128	60	0.999015	0.989171	0.95266	0
PBE31016_skip_48cfe1d5_2a56a123_152.pod5	8fda007a-cf87-4fb8-a5fc-fd4f3568a29b	2a56a1234efd33c542b8cb6a9627e827d4977d6c	2366	4	129096	37.4168	129096	37.3152	15047	26.9347	unclassified	chr1	136305	151089	10	15047	-	15087	14734	14652	303	50	82	39	0.999335	0.994435	0.971167	0
PBE31016_skip_48cfe1d5_2a56a123_143.pod5	19fca4c4-1997-427e-a518-0f7b4dba3872	2a56a1234efd33c542b8cb6a9627e827d4977d6c	636	2	117840	19.6154	117840	19.6134	7236	13.056	unclassified	chr1	136312	143224	3	7199	-	7340	6768	6560	428	144	208	60	0.994472	0.969267	0.893733	0
PBE31016_skip_48cfe1d5_2a56a123_137.pod5	ac2b0d1c-14ff-4d71-af74-86baaf84c4d4	2a56a1234efd33c542b8cb6a9627e827d4977d6c	2365	4	110048	24.9026	110048	24.9006	5026	25.3049	unclassified	chr1	136402	141425	41	5019	+	5031	4970	4927	8	53	43	60	0.99045	0.991348	0.979328	0
PBE31016_skip_48cfe1d5_2a56a123_60.pod5	d19f1826-6155-45d8-bd88-5f2c0f26f08a	2a56a1234efd33c542b8cb6a9627e827d4977d6c	1669	2	42357.1	6.192	42357.2	6.0612	1869	27.2734	unclassified	chr1	136428	137995	0	1858	+	1862	1563	1555	295	4	8	60	0.994115	0.994882	0.835124	0
PBE31016_skip_48cfe1d5_2a56a123_167.pod5	6185a364-c4cd-4650-941f-300ef0875532	2a56a1234efd33c542b8cb6a9627e827d4977d6c	330	3	160433	20.0434	160433	20.0414	5890	14.8985	unclassified	chr1	136627	142450	6	5859	-	5933	5743	5582	110	80	161	60	0.993718	0.971966	0.940839	0
PBE31016_skip_48cfe1d5_2a56a123_113.pod5	d07ae465-e29d-44e3-baa0-fdfb9e5651b3	2a56a1234efd33c542b8cb6a9627e827d4977d6c	2679	4	87864.6	8.0574	87864.6	8.0554	2835	20.2447	unclassified	chr1	136946	139736	35	2828	+	2801	2782	2766	11	8	16	60	0.985185	0.994249	0.987504	0
PBE31016_skip_48cfe1d5_2a56a123_113.pod5	83f69512-e56a-488d-b874-2045f8a9c055	2a56a1234efd33c542b8cb6a9627e827d4977d6c	2679	4	87872.7	7.1588	87873	6.8676	2774	20.7017	unclassified	chr1	136946	139735	4	2774	-	2790	2769	2763	1	20	6	60	0.998558	0.997833	0.990323	0
PBE31016_skip_48cfe1d5_2a56a123_152.pod5	353e63eb-46c5-4989-aa98-5a3ae5d69035	2a56a1234efd33c542b8cb6a9627e827d4977d6c	1447	2	128839	3.9332	128839	3.8028	1380	24.9565	unclassified	chr1	138436	139807	0	1368	+	1372	1367	1364	1	4	3	60	0.991304	0.997805	0.994169	0
PBE31016_skip_48cfe1d5_2a56a123_108.pod5	ce7453d5-de7d-41b1-891c-782c07fa4e80	2a56a1234efd33c542b8cb6a9627e827d4977d6c	2488	4	83945	3.9372	83945	3.9352	1284	22.0926	unclassified	chr1	138520	139780	34	1281	+	1261	1246	1243	1	14	3	60	0.971184	0.997592	0.985726	0
PBE31016_skip_48cfe1d5_2a56a123_132.pod5	35c3c729-a441-4ae6-bb69-cb00b5c5543d	2a56a1234efd33c542b8cb6a9627e827d4977d6c	2423	3	105336	3.9488	105336	3.8064	1389	31.0619	unclassified	chr1	139797	141178	0	1382	+	1382	1381	1371	1	0	10	1	0.99496	0.992759	0.992041	0
PBE31016_skip_48cfe1d5_2a56a123_172.pod5	06c92851-41e3-43e0-a023-e3d9c9252a6e	2a56a1234efd33c542b8cb6a9627e827d4977d6c	979	1	173107	47.2772	173107	47.124	17334	28.4654	unclassified	chr1	140409	154970	2751	17333	-	14606	14537	14463	45	24	74	1	0.841237	0.99491	0.99021	0
PBE31016_skip_48cfe1d5_2a56a123_132.pod5	4aa2a55d-72d9-4650-8e30-71091b0725bf	2a56a1234efd33c542b8cb6a9627e827d4977d6c	2321	1	105094	6.7304	105094	6.5496	2783	24.438	unclassified	chr1	140727	143502	7	2783	-	2784	2767	2759	9	8	8	0	0.997485	0.997109	0.99102	0
PBE31016_skip_48cfe1d5_2a56a123_74.pod5	df89eb34-2110-437c-9734-412313668a79	2a56a1234efd33c542b8cb6a9627e827d4977d6c	2465	3	53478	15.1964	53478.1	15.0876	5912	31.5922	unclassified	chr1	141179	147062	7	5912	-	5908	5880	5861	25	3	19	1	0.998816	0.996769	0.992045	0
PBE31016_skip_48cfe1d5_2a56a123_136.pod5	100f7ad8-c908-4890-b72e-8ea1f29f644d	2a56a1234efd33c542b8cb6a9627e827d4977d6c	630	4	109574	7.3376	109574	7.1976	2152	18.6092	unclassified	chr1	142595	144720	6	2152	-	2154	2117	2100	29	8	17	1	0.997212	0.99197	0.97493	0
PBE31016_skip_48cfe1d5_2a56a123_114.pod5	773a5062-5a54-434d-b4fb-2ed73010ad45	2a56a1234efd33c542b8cb6a9627e827d4977d6c	2483	1	89125.8	6.6224	89125.9	6.5136	2824	27.2229	unclassified	chr1	142943	145756	7	2824	-	2820	2810	2810	7	3	0	10	0.997521	1	0.996454	0
PBE31016_skip_48cfe1d5_2a56a123_114.pod5	3d09e784-9e02-46ee-bddb-fc64501ce403	2a56a1234efd33c542b8cb6a9627e827d4977d6c	2483	1	89117.4	8.0792	89117.5	7.9728	2826	38.6789	unclassified	chr1	142944	145756	0	2819	+	2819	2812	2812	7	0	0	1	0.997523	1	0.997517	0
PBE31016_skip_48cfe1d5_2a56a123_108.pod5	7bbbfa04-3c35-468a-a363-adde4a98a0a5	2a56a1234efd33c542b8cb6a9627e827d4977d6c	60	2	83757.6	5.2906	83757.6	5.2886	2177	15.6361	unclassified	chr1	145428	147571	40	2169	+	2158	2114	2091	15	29	23	0	0.977951	0.98912	0.968953	0
PBE31016_skip_48cfe1d5_2a56a123_74.pod5	f5dce2b9-9f6b-4424-ae7c-6bb3d6d47198	2a56a1234efd33c542b8cb6a9627e827d4977d6c	944	4	53108.9	68.5872	53108.9	68.5852	26354	13.9966	unclassified	chr1	153378	179756	34	26342	+	26788	25898	25330	410	480	568	1	0.998255	0.978068	0.945573	0
PBE31016_skip_48cfe1d5_2a56a123_136.pod5	20607097-5b33-41fe-9729-b1127f7d105e	2a56a1234efd33c542b8cb6a9627e827d4977d6c	2157	4	109710	22.3928	109711	22.2528	8538	25.805	unclassified	chr1	155937	164462	7	8538	-	8543	8513	8502	18	12	11	1	0.99918	0.998708	0.995201	0
PBE31016_skip_48cfe1d5_2a56a123_1.pod5	0089c384-21eb-4e5c-9642-2b39cd65c31e	2a56a1234efd33c542b8cb6a9627e827d4977d6c	546	4	1714.96	13.8076	1714.96	13.8056	4987	30.9598	unclassified	chr1	156765	161707	31	4977	+	4948	4940	4932	6	2	8	5	0.991779	0.998381	0.996766	0
PBE31016_skip_48cfe1d5_2a56a123_156.pod5	8cc347de-2fbd-4a4a-8b42-b58035eebbc7	2a56a1234efd33c542b8cb6a9627e827d4977d6c	945	4	136654	11.8784	136654	11.76	4819	27.0104	unclassified	chr1	157914	162730	0	4813	+	4820	4809	4799	4	7	10	1	0.998755	0.997921	0.995643	0
PBE31016_skip_48cfe1d5_2a56a123_0.pod5	e25771d4-8f27-4097-b691-c6d2781f9f97	2a56a1234efd33c542b8cb6a9627e827d4977d6c	1287	2	519.686	1.073	519.688	1.071	424	30.8009	unclassified	chr1	162487	162867	10	388	-	380	378	378	0	2	0	0	0.891509	1	0.994737	0
PBE31016_skip_48cfe1d5_2a56a123_101.pod5	b7b3da1c-0a8f-4e7c-9424-c3d4441cbd41	2a56a1234efd33c542b8cb6a9627e827d4977d6c	1183	1	78102.4	15.9294	78102.4	15.9274	5901	30.3911	unclassified	chr1	162852	168731	7	5885	-	5882	5875	5869	3	4	6	0	0.996102	0.998979	0.99779	0
PBE31016_skip_48cfe1d5_2a56a123_187.pod5	b2fd858d-dfd1-47a5-916c-afd570a14ba1	2a56a1234efd33c542b8cb6a9627e827d4977d6c	1920	3	228260	10.3128	228260	10.3108	3706	29.6512	unclassified	chr1	163859	167518	6	3692	-	3689	3656	3646	30	3	10	0	0.994603	0.997265	0.988344	0
PBE31016_skip_48cfe1d5_2a56a123_141.pod5	c5b0974f-50b4-42ff-add7-6c3fb59ceb67	2a56a1234efd33c542b8cb6a9627e827d4977d6c	398	4	114889	60.0236	114889	60.0216	19971	8.40091	unclassified	chr1	164871	180953	652	15998	+	16594	14834	13684	512	1248	1150	1	0.768414	0.922475	0.824635	0
PBE31016_skip_48cfe1d5_2a56a123_11.pod5	d3f343c7-2ce1-4a2a-b936-99a1f0a5d88a	2a56a1234efd33c542b8cb6a9627e827d4977d6c	1143	2	7537.99	50.6804	7538.09	50.5884	24466	23.9839	unclassified	chr1	164871	180576	1101	16753	+	15738	15619	15456	33	86	163	60	0.639745	0.989564	0.982082	0
PBE31016_skip_48cfe1d5_2a56a123_143.pod5	e2ed70a1-c8a0-4d15-b2fd-49a67dee854e	2a56a1234efd33c542b8cb6a9627e827d4977d6c	1934	1	117818	82.8962	117818	82.8942	26475	26.9843	unclassified	chr1	164871	189330	2382	26452	-	24561	23968	23538	102	491	430	60	0.90916	0.982059	0.958349	0
PBE31016_skip_48cfe1d5_2a56a123_156.pod5	accbaf96-27aa-4625-828f-ba4ae4787599	2a56a1234efd33c542b8cb6a9627e827d4977d6c	1307	2	137581	83.5486	137581	83.5466	28664	19.6821	unclassified	chr1	164871	180577	3620	19260	-	15768	15578	15375	62	128	203	60	0.545632	0.986969	0.975076	0
PBE31016_skip_48cfe1d5_2a56a123_153.pod5	b83e4cd2-b0dc-41ca-abb6-118980b0264f	2a56a1234efd33c542b8cb6a9627e827d4977d6c	426	1	131273	88.1228	131273	87.9636	29957	27.3696	unclassified	chr1	164887	189290	5922	29947	+	24629	23799	23424	226	604	375	60	0.801983	0.984243	0.951074	0
PBE31016_skip_48cfe1d5_2a56a123_84.pod5	0f91705d-a55d-41da-bb7a-f3fa380fe044	2a56a1234efd33c542b8cb6a9627e827d4977d6c	2389	1	55489	121.758	55489.1	121.624	46858	29.6268	unclassified	chr1	164887	202130	7981	46851	+	39523	36590	35997	2280	653	593	60	0.829527	0.983793	0.910786	0
PBE31016_skip_48cfe1d5_2a56a123_24.pod5	c521a9d2-6658-43f1-bc41-edd18169f35f	2a56a1234efd33c542b8cb6a9627e827d4977d6c	1856	2	11112.1	120.537	11112.2	120.45	37826	23.3043	unclassified	chr1	164887	191341	10623	36704	-	26711	25824	25375	257	630	449	60	0.689499	0.982613	0.949983	0
PBE31016_skip_48cfe1d5_2a56a123_32.pod5	ae32ac1d-2ec2-4705-bee2-83dd4e8921ab	2a56a1234efd33c542b8cb6a9627e827d4977d6c	1794	1	21316.5	48.2336	21316.7	48.084	18772	25.2551	unclassified	chr1	168153	180577	0	12365	+	12448	12341	12208	24	83	133	60	0.658694	0.989223	0.98072	0
PBE31016_skip_48cfe1d5_2a56a123_103.pod5	93baf495-42bd-43a6-9305-d1d66145ab45	2a56a1234efd33c542b8cb6a9627e827d4977d6c	1840	4	79480.5	11.7728	79480.8	11.5344	4485	25.7245	unclassified	chr1	171008	175499	7	4485	-	4496	4473	4459	5	18	14	1	0.998439	0.99687	0.99177	0
PBE31016_skip_48cfe1d5_2a56a123_104.pod5	51a9a34e-1a3e-49c1-932c-35567c3d2c48	2a56a1234efd33c542b8cb6a9627e827d4977d6c	1762	1	81071.1	35.138	81071.2	35.0028	13417	29.0159	unclassified	chr1	171953	180523	6	8554	-	8587	8531	8415	17	39	116	60	0.637102	0.986403	0.97997	0
PBE31016_skip_48cfe1d5_2a56a123_174.pod5	171ac972-9f47-4f4b-97da-4af75b77196d	2a56a1234efd33c542b8cb6a9627e827d4977d6c	1746	1	179952	31.1	179952	30.9648	11803	27.0826	unclassified	chr1	172353	180576	0	8164	-	8234	8153	8045	11	70	108	60	0.691689	0.986753	0.977046	0
PBE31016_skip_48cfe1d5_2a56a123_81.pod5	0ac08baf-9f73-4632-8af1-45e9f4f14d52	2a56a1234efd33c542b8cb6a9627e827d4977d6c	198	1	59174.1	42.4076	59174.2	42.27	12262	30.3244	unclassified	chr1	172446	180577	0	8098	+	8152	8077	7973	21	54	104	60	0.660414	0.987124	0.978042	0
PBE31016_skip_48cfe1d5_2a56a123_81.pod5	202367c9-906f-4d64-b44e-c3cb798ac6e1	2a56a1234efd33c542b8cb6a9627e827d4977d6c	198	1	59134.3	39.74	59134.5	39.5184	12242	31.6956	unclassified	chr1	172446	180577	9	8091	-	8138	8075	7969	7	56	106	60	0.660186	0.986873	0.979233	0
PBE31016_skip_48cfe1d5_2a56a123_17.pod5	feb5f8f8-6659-4c42-91db-81f5cfead9fd	2a56a1234efd33c542b8cb6a9627e827d4977d6c	1043	1	11902.6	1.2668	11902.6	1.2648	266	21.6011	unclassified	chr1	172747	173014	0	264	+	267	264	262	0	3	2	0	0.992481	0.992424	0.981273	0
PBE31016_skip_48cfe1d5_2a56a123_52.pod5	88887861-1e3b-4ae1-840e-15ab56585e92	2a56a1234efd33c542b8cb6a9627e827d4977d6c	2724	4	35875.6	8.2748	35875.7	8.1924	3819	25.2121	unclassified	chr1	173414	177230	6	3819	-	3820	3809	3795	4	7	14	1	0.998429	0.996324	0.993455	0
PBE31016_skip_48cfe1d5_2a56a123_81.pod5	a78ddaf2-ef75-4eed-87cc-e1a8e0e12109	2a56a1234efd33c542b8cb6a9627e827d4977d6c	709	2	59743.6	1.9472	59743.7	1.9452	822	21.8787	unclassified	chr1	173758	174553	2	797	-	796	794	792	1	1	2	27	0.967153	0.997481	0.994975	0
PBE31016_skip_48cfe1d5_2a56a123_81.pod5	4e77acea-2c0b-452d-ba8e-ffbd9dbd6af4	2a56a1234efd33c542b8cb6a9627e827d4977d6c	709	2	59741.6	2.0684	59741.7	1.9068	803	28.1541	unclassified	chr1	173764	174553	0	792	+	793	788	788	4	1	0	27	0.986301	1	0.993695	0
PBE31016_skip_48cfe1d5_2a56a123_174.pod5	7d0c6d8e-b044-463c-9f63-03867b1eebfb	2a56a1234efd33c542b8cb6a9627e827d4977d6c	469	1	181700	5.516	181700	5.514	2061	13.5927	unclassified	chr1	173908	175926	20	2024	-	2049	1973	1934	31	45	39	7	0.972344	0.980233	0.943875	0
PBE31016_skip_48cfe1d5_2a56a123_36.pod5	c72c5c5b-1d7f-44fa-aadc-da5baba52c1c	2a56a1234efd33c542b8cb6a9627e827d4977d6c	2874	1	24048.7	23.9912	24048.8	23.8344	9888	19.9279	unclassified	chr1	174001	180523	0	6475	+	6542	6455	6350	20	67	105	60	0.654834	0.983734	0.970651	0
PBE31016_skip_48cfe1d5_2a56a123_89.pod5	2585d1db-adff-4cd2-a4da-d716c324e6f2	2a56a1234efd33c542b8cb6a9627e827d4977d6c	1206	1	67282.7	27.305	67282.7	27.303	10254	26.6283	unclassified	chr1	174336	180577	33	6234	+	6259	6183	6087	18	58	96	60	0.60474	0.984474	0.97252	0
PBE31016_skip_48cfe1d5_2a56a123_99.pod5	0ad17121-0043-485c-9e95-a44c3fa765ad	2a56a1234efd33c542b8cb6a9627e827d4977d6c	1631	2	75545.8	2.1212	75545.9	2.0148	859	29.7193	unclassified	chr1	175314	176161	0	849	+	849	847	845	2	0	2	1	0.988359	0.997639	0.995289	0
PBE31016_skip_48cfe1d5_2a56a123_119.pod5	3efa99ec-279c-4d12-9029-07752ed08d8c	2a56a1234efd33c542b8cb6a9627e827d4977d6c	405	3	93152.4	38.282	93152.6	38.1468	13538	29.193	unclassified	chr1	175925	189826	5	13538	-	14117	13317	13025	216	584	292	60	0.999631	0.978073	0.922646	0
PBE31016_skip_48cfe1d5_2a56a123_8.pod5	52e81224-827b-4cc9-9ccc-071c57a1496e	2a56a1234efd33c542b8cb6a9627e827d4977d6c	1092	4	6191.41	0.574	6191.41	0.572	206	7.56566	unclassified	chr1	176787	177005	7	206	-	221	196	179	3	22	17	0	0.966019	0.913265	0.809955	0
PBE31016_skip_48cfe1d5_2a56a123_86.pod5	f1d269b0-57dc-4c41-8447-368d1565408b	2a56a1234efd33c542b8cb6a9627e827d4977d6c	1603	4	64357.5	10.1708	64357.6	10.0404	3845	8.54583	unclassified	chr1	178053	182432	0	3834	+	4626	3587	3188	247	792	399	60	0.997139	0.888765	0.689148	0
PBE31016_skip_48cfe1d5_2a56a123_38.pod5	a45dfd0c-fd52-44d5-82cc-cfb750691a5c	2a56a1234efd33c542b8cb6a9627e827d4977d6c	1476	1	25449.8	14.8412	25450	14.6412	3606	25.6318	unclassified	chr1	178182	182120	0	3599	+	4077	3460	3278	139	478	182	60	0.998059	0.947399	0.804023	0
PBE31016_skip_48cfe1d5_2a56a123_103.pod5	698a9bab-ee9f-44f4-8b80-90f7218077d2	2a56a1234efd33c542b8cb6a9627e827d4977d6c	170	3	79460.4	1.5788	79460.5	1.4388	465	34.0968	unclassified	chr1	178835	179300	0	465	+	465	465	462	0	0	3	0	1	0.993548	0.993548	0
PBE31016_skip_48cfe1d5_2a56a123_8.pod5	8d3d1468-97e8-454f-87b9-f5d73d4f90b9	2a56a1234efd33c542b8cb6a9627e827d4977d6c	2735	2	6724.41	6.7784	6724.41	6.7764	2803	20.7631	unclassified	chr1	178843	180523	9	1678	-	1702	1647	1574	22	33	73	54	0.595433	0.955677	0.924794	0
PBE31016_skip_48cfe1d5_2a56a123_121.pod5	3d9b29a5-5790-4fce-a3f9-b0fd29ccef31	2a56a1234efd33c542b8cb6a9627e827d4977d6c	1698	4	95036	65.8448	95036	65.8428	22282	12.2559	unclassified	chr1	180088	199217	3151	22274	+	19716	18536	17722	587	593	814	1	0.858226	0.956085	0.898864	0
PBE31016_skip_48cfe1d5_2a56a123_121.pod5	07770edc-3b1e-4fe6-868c-134c096fadd9	2a56a1234efd33c542b8cb6a9627e827d4977d6c	1945	1	95504.6	7.6784	95504.7	7.572	4192	23.947	unclassified	chr1	180088	180998	2655	3534	+	920	869	813	10	41	56	1	0.209685	0.935558	0.883696	0
PBE31016_skip_48cfe1d5_2a56a123_124.pod5	ce214e62-b15b-4dc7-99b6-b6df733e250b	2a56a1234efd33c542b8cb6a9627e827d4977d6c	2400	1	96782.9	10.2512	96783.1	10.0848	4754	25.0118	unclassified	chr1	180088	180998	2901	3777	+	917	869	811	7	41	58	50	0.184266	0.933257	0.884406	0
PBE31016_skip_48cfe1d5_2a56a123_127.pod5	fe08baa1-d270-44e0-a016-b3ee592c0116	2a56a1234efd33c542b8cb6a9627e827d4977d6c	1375	1	100571	50.2196	100571	50.0748	19768	26.1656	unclassified	chr1	180088	197509	2211	19763	+	17592	17381	17307	171	40	74	60	0.8879	0.995742	0.983799	0
PBE31016_skip_48cfe1d5_2a56a123_134.pod5	13231eb9-ca40-4cd8-8aab-2756a9179955	2a56a1234efd33c542b8cb6a9627e827d4977d6c	2556	4	106342	82.4452	106342	82.4432	30174	14.563	unclassified	chr1	180088	201415	8028	30167	+	22548	20918	20176	1221	409	742	1	0.733711	0.964528	0.894802	0
PBE31016_skip_48cfe1d5_2a56a123_141.pod5	2e8166f6-44a3-4832-9f96-16654057d059	2a56a1234efd33c542b8cb6a9627e827d4977d6c	2633	3	115130	67.1468	115131	67.0236	26710	26.6128	unclassified	chr1	180088	202790	3885	26704	+	22906	22615	22339	204	87	276	1	0.854324	0.987796	0.975247	0
PBE31016_skip_48cfe1d5_2a56a123_159.pod5	1d0e18fd-c4a0-435e-b04e-a66a9631e8ae	2a56a1234efd33c542b8cb6a9627e827d4977d6c	419	4	141587	55.5944	141587	55.4544	21666	27.6412	unclassified	chr1	180088	199239	2412	21666	+	19311	19094	18859	160	57	235	1	0.888673	0.987692	0.976594	0
PBE31016_skip_48cfe1d5_2a56a123_159.pod5	32e0488b-d191-4b37-aa6c-cb5e1a67bd49	2a56a1234efd33c542b8cb6a9627e827d4977d6c	2318	1	141684	14.5868	141684	14.4108	6196	17.6493	unclassified	chr1	180088	180998	4012	4979	+	1000	877	811	90	33	66	1	0.156068	0.924743	0.811	0
PBE31016_skip_48cfe1d5_2a56a123_172.pod5	2df68611-927a-49f9-93d5-9c35f39cd478	2a56a1234efd33c542b8cb6a9627e827d4977d6c	624	4	172730	32.2436	172730	32.0364	14202	24.4431	unclassified	chr1	180088	190084	4088	14197	+	10159	9946	9876	163	50	70	60	0.711801	0.992962	0.972143	0
PBE31016_skip_48cfe1d5_2a56a123_180.pod5	4bff224d-2db4-46e9-8ae2-4926537889df	2a56a1234efd33c542b8cb6a9627e827d4977d6c	138	3	203990	6.86	203990	6.7476	3115	25.3535	unclassified	chr1	180088	180998	2122	3049	+	964	873	815	54	37	58	51	0.297592	0.933562	0.845436	0
PBE31016_skip_48cfe1d5_2a56a123_29.pod5	32bde6a4-4ea3-4278-a66f-6471a79de00f	2a56a1234efd33c542b8cb6a9627e827d4977d6c	2159	4	19467.6	27.6834	19467.6	27.6814	10387	25.415	unclassified	chr1	180088	188612	1486	10377	+	8942	8473	8369	418	51	104	57	0.855974	0.987726	0.93592	0
PBE31016_skip_48cfe1d5_2a56a123_82.pod5	1981379e-e09a-4896-9885-84cc54432721	2a56a1234efd33c542b8cb6a9627e827d4977d6c	907	2	60116.6	24.2974	60116.6	24.2954	8904	23.8518	unclassified	chr1	180088	185641	3208	8897	+	5721	5521	5458	168	32	63	60	0.638926	0.988589	0.954029	0
PBE31016_skip_48cfe1d5_2a56a123_5.pod5	26cb2a0e-c169-438d-b450-eab96ae3f43a	2a56a1234efd33c542b8cb6a9627e827d4977d6c	2885	1	4459.5	31.5034	4459.5	31.5014	13513	26.8939	unclassified	chr1	180088	190020	3493	13506	+	10060	9885	9752	128	47	133	42	0.74099	0.986545	0.969384	0
PBE31016_skip_48cfe1d5_2a56a123_18.pod5	044399a9-534c-4dc2-8d52-a69578ca65f6	2a56a1234efd33c542b8cb6a9627e827d4977d6c	1112	4	12616.5	52.3592	12616.7	52.2276	21798	27.3454	unclassified	chr1	180088	199028	2752	21787	+	19090	18885	18652	150	55	233	1	0.873245	0.987662	0.977056	0
PBE31016_skip_48cfe1d5_2a56a123_4.pod5	b7988b56-0475-44f6-a022-3c2672e28dc3	2a56a1234efd33c542b8cb6a9627e827d4977d6c	2276	1	3992.2	40.8274	3992.21	40.8254	16596	23.477	unclassified	chr1	180088	193616	2998	16589	+	13671	13448	13249	143	80	199	1	0.818932	0.985202	0.969132	0
PBE31016_skip_48cfe1d5_2a56a123_41.pod5	bacff7bd-5ba5-4271-958d-465a7864de39	2a56a1234efd33c542b8cb6a9627e827d4977d6c	50	3	28078.6	74.276	28078.6	74.1864	29190	21.3592	unclassified	chr1	180088	204557	2889	28005	+	25202	24383	23904	733	86	479	1	0.860432	0.980355	0.948496	0
PBE31016_skip_48cfe1d5_2a56a123_52.pod5	728ac9ce-2fb0-4b69-a6de-d464bbed633d	2a56a1234efd33c542b8cb6a9627e827d4977d6c	1642	1	35329.2	69.2048	35329.4	69.0912	28581	25.0792	unclassified	chr1	180088	205334	3191	28581	+	25487	25149	24851	241	97	298	1	0.888352	0.988151	0.975046	0
PBE31016_skip_48cfe1d5_2a56a123_80.pod5	ecbbace0-8184-4075-9191-5da8c9117e37	2a56a1234efd33c542b8cb6a9627e827d4977d6c	467	1	58072.8	39.7948	58072.8	39.7928	16486	22.1552	unclassified	chr1	180088	192717	3739	16477	+	12812	12555	12453	183	74	102	60	0.772656	0.991876	0.971979	0
PBE31016_skip_48cfe1d5_2a56a123_120.pod5	38b6326d-6a20-4da0-8d8b-f109b9bc1f23	2a56a1234efd33c542b8cb6a9627e827d4977d6c	695	1	94163.5	9.2506	94163.5	9.2486	2780	21.414	unclassified	chr1	180088	180988	1880	2740	-	903	857	799	3	43	58	31	0.309353	0.932322	0.884828	0
PBE31016_skip_48cfe1d5_2a56a123_124.pod5	f65b0c68-f4d4-4712-a8de-800fa23169d1	2a56a1234efd33c542b8cb6a9627e827d4977d6c	546	2	97598	31.277	97598	31.275	14014	15.7892	unclassified	chr1	180088	192036	1941	13973	-	12119	11861	11682	171	87	179	17	0.85857	0.984909	0.963941	0
PBE31016_skip_48cfe1d5_2a56a123_127.pod5	dc1597f3-9c36-4772-a73b-cfb600d2e109	2a56a1234efd33c542b8cb6a9627e827d4977d6c	580	4	100635	89.3564	100635	89.184	28412	27.0493	unclassified	chr1	180088	205346	3019	28412	-	25472	25179	24890	214	79	289	1	0.893742	0.988522	0.977151	0
PBE31016_skip_48cfe1d5_2a56a123_144.pod5	08408d3d-5b7f-41d3-babe-930c53e60a55	2a56a1234efd33c542b8cb6a9627e827d4977d6c	1685	4	119136	44.2388	119136	43.998	7707	20.7034	unclassified	chr1	180088	180901	142	905	-	816	760	702	3	53	58	53	0.0990009	0.923684	0.860294	0
PBE31016_skip_48cfe1d5_2a56a123_161.pod5	33eec1e2-2583-4724-9a20-178cad386aea	2a56a1234efd33c542b8cb6a9627e827d4977d6c	1166	4	146092	13.6688	146092	13.5288	4401	24.2324	unclassified	chr1	180088	183682	664	4401	-	3766	3565	3506	172	29	59	60	0.849125	0.98345	0.930961	0
PBE31016_skip_48cfe1d5_2a56a123_182.pod5	3620e439-f351-465f-85d6-2b06bd8a895a	2a56a1234efd33c542b8cb6a9627e827d4977d6c	1726	2	210740	47.3924	210741	47.2284	15644	26.1772	unclassified	chr1	180088	192038	3320	15644	-	12367	11907	11782	417	43	125	21	0.787778	0.989502	0.952697	0
PBE31016_skip_48cfe1d5_2a56a123_43.pod5	d4343217-4f83-4542-95bc-f320a79ee169	2a56a1234efd33c542b8cb6a9627e827d4977d6c	1370	3	29280.4	14.0228	29280.4	14.0208	5043	11.9236	unclassified	chr1	180088	181898	3109	4994	-	1955	1740	1568	145	70	172	42	0.373785	0.901149	0.802046	0
PBE31016_skip_48cfe1d5_2a56a123_8.pod5	f4e820a3-9601-417c-b0a0-a159450e1cea	2a56a1234efd33c542b8cb6a9627e827d4977d6c	2991	4	6310.47	7.0568	6310.64	6.8856	1759	22.3299	unclassified	chr1	180088	180940	921	1759	-	873	817	762	21	35	55	9	0.476407	0.932681	0.872852	0
PBE31016_skip_48cfe1d5_2a56a123_4.pod5	3fe4ca01-e120-4b11-aebf-10f141c4259c	2a56a1234efd33c542b8cb6a9627e827d4977d6c	2276	1	3941.73	50.406	3941.85	50.28	16584	26.4022	unclassified	chr1	180088	193615	2973	16584	-	13664	13474	13301	137	53	173	1	0.820731	0.98716	0.973434	0
PBE31016_skip_48cfe1d5_2a56a123_35.pod5	cd759593-147b-4003-b76d-2bc6da5b7fc9	2a56a1234efd33c542b8cb6a9627e827d4977d6c	281	2	22747.5	21.578	22747.6	21.4644	7483	23.6893	unclassified	chr1	180088	183779	3609	7483	-	3915	3650	3568	224	41	82	60	0.517707	0.977534	0.911367	0
PBE31016_skip_48cfe1d5_2a56a123_49.pod5	de4c0ef2-97a9-4a5c-9a5d-282a59d48a5e	2a56a1234efd33c542b8cb6a9627e827d4977d6c	2774	1	33952.8	25.165	33952.8	25.163	8508	12.8667	unclassified	chr1	180088	185996	2425	8474	-	6206	5751	5464	298	157	287	13	0.710978	0.950096	0.880438	0
PBE31016_skip_48cfe1d5_2a56a123_51.pod5	3450bd39-d67e-45f6-928d-cab5cd49c4f5	2a56a1234efd33c542b8cb6a9627e827d4977d6c	951	4	35057.2	21.2312	35057.3	21.0528	6666	23.2786	unclassified	chr1	180088	180998	3602	4569	-	1000	877	811	90	33	66	1	0.145065	0.924743	0.811	0
PBE31016_skip_48cfe1d5_2a56a123_20.pod5	ac44eb77-f7d0-4d94-9759-cfdb854d5825	2a56a1234efd33c542b8cb6a9627e827d4977d6c	2279	4	13819.2	50.1842	13819.2	50.1822	19906	12.0933	unclassified	chr1	180088	197053	2392	19869	-	18051	16391	15525	1086	574	866	1	0.877976	0.947166	0.860063	0
PBE31016_skip_48cfe1d5_2a56a123_40.pod5	91afab03-63ab-4b42-a56d-4b97beb6dd59	2a56a1234efd33c542b8cb6a9627e827d4977d6c	687	1	27450.8	30.2048	27451	30.0408	12307	19.9707	unclassified	chr1	180088	190341	1979	12307	-	10411	10170	10005	158	83	165	35	0.839197	0.983776	0.961003	0
PBE31016_skip_48cfe1d5_2a56a123_22.pod5	7a605883-235b-411d-baab-c5e19a045064	2a56a1234efd33c542b8cb6a9627e827d4977d6c	2198	2	15023.1	24.584	15023.2	24.4608	10639	25.821	unclassified	chr1	180089	187537	3105	10632	+	7571	7404	7274	123	44	130	59	0.707491	0.982442	0.960771	0
PBE31016_skip_48cfe1d5_2a56a123_120.pod5	3a346518-c9ea-4d5f-8605-e3a761dde6b2	2a56a1234efd33c542b8cb6a9627e827d4977d6c	695	1	94176.8	24.0234	94176.8	24.0214	9160	20.9072	unclassified	chr1	180156	180999	7977	8837	+	884	819	756	41	24	63	60	0.0938865	0.923077	0.855204	0
PBE31016_skip_48cfe1d5_2a56a123_137.pod5	34c09b3c-9b88-4ed3-8737-d13205c66080	2a56a1234efd33c542b8cb6a9627e827d4977d6c	1730	1	110796	13.416	110796	13.414	6279	23.3681	unclassified	chr1	180156	180998	5012	5870	+	883	817	754	41	25	63	60	0.136646	0.922889	0.853907	0
PBE31016_skip_48cfe1d5_2a56a123_183.pod5	a87734f9-4bce-4c8a-9e75-ae26f6bdb8f4	2a56a1234efd33c542b8cb6a9627e827d4977d6c	1278	4	213273	27.4854	213273	27.4834	6939	25.7738	unclassified	chr1	180156	180999	5727	6588	-	884	820	757	41	23	63	60	0.124081	0.923171	0.856335	0
PBE31016_skip_48cfe1d5_2a56a123_10.pod5	00645cbb-6dd7-4cdd-a7e0-786a5c39293f	2a56a1234efd33c542b8cb6a9627e827d4977d6c	2429	2	6968.59	65.758	6968.59	65.756	19734	22.3501	unclassified	chr1	180164	187671	12056	19703	-	7695	7459	7379	188	48	80	60	0.387504	0.989275	0.958934	0
PBE31016_skip_48cfe1d5_2a56a123_117.pod5	28e8a8c2-5798-4e29-be92-58291e7941d5	2a56a1234efd33c542b8cb6a9627e827d4977d6c	487	2	88708.6	142.761	88708.7	142.637	49917	30.8708	unclassified	chr1	180391	197657	30723	49917	-	19534	16926	16512	2268	340	414	60	0.384518	0.975541	0.845295	0
PBE31016_skip_48cfe1d5_2a56a123_74.pod5	032aa654-f571-4ee7-a81c-3b9374d71efc	2a56a1234efd33c542b8cb6a9627e827d4977d6c	2091	4	53152.6	43.1228	53152.7	42.9972	17274	30.6565	unclassified	chr1	180553	191141	6551	17264	+	10993	10308	10121	405	280	187	60	0.620181	0.981859	0.920677	0
PBE31016_skip_48cfe1d5_2a56a123_41.pod5	9a2076a9-11af-40e5-84c6-28966174a497	2a56a1234efd33c542b8cb6a9627e827d4977d6c	319	1	28186.4	29.0072	28186.6	28.8552	10701	30.7383	unclassified	chr1	180553	190610	525	10693	+	10465	9760	9608	408	297	152	42	0.950192	0.984426	0.918108	0
PBE31016_skip_48cfe1d5_2a56a123_147.pod5	b798508c-40e5-4f82-a000-f6d49aa713b0	2a56a1234efd33c542b8cb6a9627e827d4977d6c	1820	4	122820	0.6322	122820	0.6302	202	20.8865	unclassified	chr1	180775	180985	0	202	-	212	200	199	2	10	1	5	1	0.995	0.938679	0
PBE31016_skip_48cfe1d5_2a56a123_141.pod5	8ea76b66-292a-47a0-817c-434848a6b594	2a56a1234efd33c542b8cb6a9627e827d4977d6c	1853	1	114133	15.4244	114133	15.4224	6877	17.8608	unclassified	chr1	180835	182284	5226	6859	+	1651	1431	1404	202	18	27	60	0.237458	0.981132	0.850394	0
PBE31016_skip_48cfe1d5_2a56a123_148.pod5	6306f528-92a4-4d4b-9a78-a6de1d94365b	2a56a1234efd33c542b8cb6a9627e827d4977d6c	426	4	123901	79.4156	123901	79.2972	24115	23.8277	unclassified	chr1	180835	198532	6263	24115	-	17869	17680	17655	172	17	25	60	0.740286	0.998586	0.988024	0
PBE31016_skip_48cfe1d5_2a56a123_59.pod5	cfe12cef-fcc3-48fa-b7f1-bb2b7b850b0c	2a56a1234efd33c542b8cb6a9627e827d4977d6c	1909	4	40833.8	36.7354	40833.8	36.7334	12427	24.7577	unclassified	chr1	180835	187671	5440	12393	-	6957	6832	6827	121	4	5	60	0.559508	0.999268	0.981314	0
PBE31016_skip_48cfe1d5_2a56a123_25.pod5	28973eb6-118c-46f4-b076-8767c0a435b6	2a56a1234efd33c542b8cb6a9627e827d4977d6c	2942	2	16413.8	37.639	16413.8	37.637	13798	12.3735	unclassified	chr1	180877	187308	7354	13763	-	6705	6135	5829	274	296	306	60	0.464488	0.950122	0.869351	0
PBE31016_skip_48cfe1d5_2a56a123_90.pod5	8788ebf5-b07d-408d-a93d-a06ffa0eba40	2a56a1234efd33c542b8cb6a9627e827d4977d6c	411	4	68221.9	30.6944	68222	30.576	12866	25.082	unclassified	chr1	180956	186358	7274	12859	+	5592	5395	5372	190	7	23	55	0.43409	0.995737	0.960658	0
PBE31016_skip_48cfe1d5_2a56a123_4.pod5	a45b0bd6-f1b7-4f08-a85b-b162e46abf16	2a56a1234efd33c542b8cb6a9627e827d4977d6c	2053	4	3741.88	32.0302	3741.88	32.0282	14690	25.714	unclassified	chr1	180956	187107	8348	14683	+	6340	6146	6122	189	5	24	58	0.431246	0.996095	0.965615	0
PBE31016_skip_48cfe1d5_2a56a123_51.pod5	b4083abf-5bd8-4c9f-a094-d44e546128f8	2a56a1234efd33c542b8cb6a9627e827d4977d6c	2535	1	34239.9	45.348	34239.9	45.346	19061	12.9671	unclassified	chr1	180956	191131	8953	19049	+	10483	9788	9304	308	387	484	13	0.529668	0.950552	0.887532	0
PBE31016_skip_48cfe1d5_2a56a123_46.pod5	085d1efe-7cab-4cc0-b47b-f86ad98211c9	2a56a1234efd33c542b8cb6a9627e827d4977d6c	1058	3	31718.8	35.6336	31719.1	35.4024	15299	25.9288	unclassified	chr1	180956	186587	9580	15292	+	5726	5617	5599	95	14	18	59	0.373358	0.996795	0.97782	0
PBE31016_skip_48cfe1d5_2a56a123_154.pod5	6f248b36-37db-4b0a-920c-33f54cdc63a2	2a56a1234efd33c542b8cb6a9627e827d4977d6c	1867	3	133995	56.5172	133995	56.4276	16573	12.9077	unclassified	chr1	180956	186978	10511	16573	-	6119	5965	5917	97	57	48	60	0.365776	0.991953	0.966988	0
PBE31016_skip_48cfe1d5_2a56a123_173.pod5	63242c59-a24e-41bd-9ffb-10a9c14e811a	2a56a1234efd33c542b8cb6a9627e827d4977d6c	2981	4	177422	54.2898	177422	54.2878	17693	24.1196	unclassified	chr1	180956	189826	8719	17662	-	8963	8850	8814	93	20	36	36	0.505454	0.995932	0.983376	0
PBE31016_skip_48cfe1d5_2a56a123_22.pod5	6b7e8d01-59d2-4fc8-9f27-0ad5ae3f0756	2a56a1234efd33c542b8cb6a9627e827d4977d6c	2580	4	15185.4	58.784	15185.5	58.6752	21034	24.0249	unclassified	chr1	180956	192614	9315	21032	-	11753	11622	11546	95	36	76	1	0.55705	0.993461	0.982387	0
PBE31016_skip_48cfe1d5_2a56a123_150.pod5	4eb4bbe6-61ad-42a7-ae07-9f53cfa394ba	2a56a1234efd33c542b8cb6a9627e827d4977d6c	374	3	126302	41.2376	126303	41.1048	12581	31.0091	unclassified	chr1	180994	191341	1499	11620	+	10385	10083	9898	38	264	185	60	0.804467	0.981652	0.953105	0
PBE31016_skip_48cfe1d5_2a56a123_123.pod5	0f12e5a4-8bd9-4c94-9500-f3c7597fb293	2a56a1234efd33c542b8cb6a9627e827d4977d6c	1687	2	96183.2	23.7428	96183.4	23.634	9282	26.1249	unclassified	chr1	180994	187671	2838	9282	-	6712	6409	6256	35	268	153	60	0.694247	0.976127	0.932062	0
PBE31016_skip_48cfe1d5_2a56a123_140.pod5	2e8ebe35-86fe-404a-9fad-dbc06284bd78	2a56a1234efd33c542b8cb6a9627e827d4977d6c	2354	4	113429	33.9872	113429	33.8856	13061	17.2114	unclassified	chr1	180994	190151	4140	13061	-	9202	8876	8688	45	281	188	60	0.683026	0.978819	0.944143	0
PBE31016_skip_48cfe1d5_2a56a123_146.pod5	d3b247b1-28b7-42b6-9ea0-44c2f99383e4	2a56a1234efd33c542b8cb6a9627e827d4977d6c	1247	1	120094	30.2552	120094	30.2532	10938	27.1481	unclassified	chr1	181113	191934	30	10928	+	10921	10798	10731	100	23	67	60	0.996343	0.993795	0.982602	0
PBE31016_skip_48cfe1d5_2a56a123_85.pod5	74881295-0b79-4886-8453-ed7aa4e2e911	2a56a1234efd33c542b8cb6a9627e827d4977d6c	2961	1	62633.9	8.5856	62634	8.4768	2779	12.1763	unclassified	chr1	181146	183762	186	2779	-	2671	2538	2450	55	78	88	60	0.933069	0.965327	0.917259	0
PBE31016_skip_48cfe1d5_2a56a123_53.pod5	cc78bab5-c7e6-4337-8571-1f3b82434bcb	2a56a1234efd33c542b8cb6a9627e827d4977d6c	48	1	36419.5	30.9668	36419.7	30.846	12094	28.5519	unclassified	chr1	181146	192035	1222	12094	-	10926	10835	10692	37	54	143	1	0.898958	0.986802	0.978583	0
PBE31016_skip_48cfe1d5_2a56a123_187.pod5	df0904c0-ff13-46be-932e-9a3b0f201193	2a56a1234efd33c542b8cb6a9627e827d4977d6c	925	3	227027	11.896	227027	11.894	3744	24.3456	unclassified	chr1	181632	185334	34	3734	+	3711	3691	3685	9	11	6	60	0.988248	0.998374	0.992994	0
PBE31016_skip_48cfe1d5_2a56a123_107.pod5	6812768d-9adb-404e-949a-727d4003254c	2a56a1234efd33c542b8cb6a9627e827d4977d6c	2340	4	82542.6	20.1664	82542.6	20.1644	7672	11.3682	unclassified	chr1	181632	189327	41	7663	+	7868	7449	7141	173	246	308	60	0.993483	0.958652	0.9076	0
PBE31016_skip_48cfe1d5_2a56a123_61.pod5	cf46f543-f9dc-4505-b2cc-c129fbc21eaa	2a56a1234efd33c542b8cb6a9627e827d4977d6c	1820	4	43339.7	1.6864	43339.7	1.6844	748	13.146	unclassified	chr1	181648	182386	5	745	-	745	733	697	7	5	36	16	0.989305	0.950887	0.93557	0
PBE31016_skip_48cfe1d5_2a56a123_112.pod5	6e08ffcb-d24e-4724-98c8-eb4fc77fabfd	2a56a1234efd33c542b8cb6a9627e827d4977d6c	1897	4	86596.9	6.062	86596.9	6.06	2125	30.0379	unclassified	chr1	181689	183779	30	2119	+	2090	2089	2079	0	1	10	60	0.983059	0.995213	0.994737	0
PBE31016_skip_48cfe1d5_2a56a123_112.pod5	cc6170be-49f4-426e-b8cc-9d77f7fff572	2a56a1234efd33c542b8cb6a9627e827d4977d6c	1897	4	86602.9	5.245	86602.9	5.243	2117	23.8709	unclassified	chr1	181691	183779	0	2083	-	2091	2080	2073	3	8	7	60	0.98394	0.996635	0.991392	0
PBE31016_skip_48cfe1d5_2a56a123_73.pod5	d095ffc7-c3c5-4b4c-b42f-16fea88f9118	2a56a1234efd33c542b8cb6a9627e827d4977d6c	647	1	52810.8	11.8448	52810.8	11.8428	4391	26.8973	unclassified	chr1	181909	186285	27	4386	+	4380	4355	4319	4	21	36	43	0.992712	0.991734	0.986073	0
PBE31016_skip_48cfe1d5_2a56a123_73.pod5	c48806a5-9972-4e50-a5ad-7bfa0a035049	2a56a1234efd33c542b8cb6a9627e827d4977d6c	647	1	52834.8	11.0084	52834.9	10.8972	4367	23.7818	unclassified	chr1	181909	186285	7	4367	-	4393	4343	4308	17	33	35	41	0.998397	0.991941	0.980651	0
PBE31016_skip_48cfe1d5_2a56a123_155.pod5	d5b37331-d5e3-4f68-a5d2-86f1ac594139	2a56a1234efd33c542b8cb6a9627e827d4977d6c	1857	3	134991	12.3416	134991	12.2208	4602	20.3803	unclassified	chr1	181967	186561	12	4602	-	4603	4581	4554	9	13	27	60	0.997392	0.994106	0.989355	0
PBE31016_skip_48cfe1d5_2a56a123_149.pod5	b5f28d0b-5854-4d58-a947-fc950449068a	2a56a1234efd33c542b8cb6a9627e827d4977d6c	1746	1	125651	25.3664	125651	25.2528	9011	19.8633	unclassified	chr1	182004	190934	11	9011	-	9013	8917	8858	83	13	59	23	0.998779	0.993383	0.982803	0
PBE31016_skip_48cfe1d5_2a56a123_171.pod5	e9f95a60-bfcb-4064-88a4-7cd8b4729602	2a56a1234efd33c542b8cb6a9627e827d4977d6c	1229	1	168706	20.9588	168707	20.8308	7274	22.4565	unclassified	chr1	182086	189353	8	7274	-	7288	7245	7211	21	22	34	36	0.9989	0.995307	0.989435	0
PBE31016_skip_48cfe1d5_2a56a123_14.pod5	ff0e3923-86a1-48f7-bffd-2a1e731af21e	2a56a1234efd33c542b8cb6a9627e827d4977d6c	1043	2	9941.36	15.2336	9941.71	14.8824	4368	27.8969	unclassified	chr1	182086	186447	5	4368	-	4365	4359	4339	4	2	20	55	0.998855	0.995412	0.994044	0
PBE31016_skip_48cfe1d5_2a56a123_113.pod5	c86d6516-97b5-4955-8daa-c52ac6805b95	2a56a1234efd33c542b8cb6a9627e827d4977d6c	1417	1	87474.4	10.142	87474.5	10.0308	3752	25.2155	unclassified	chr1	182088	185827	0	3733	+	3741	3731	3729	2	8	2	60	0.994936	0.999464	0.996792	0
PBE31016_skip_48cfe1d5_2a56a123_59.pod5	d21edc20-3cce-46c2-a443-1436944249df	2a56a1234efd33c542b8cb6a9627e827d4977d6c	2702	4	41323.5	13.3484	41323.6	13.2276	5425	26.8077	unclassified	chr1	182088	187514	0	5425	+	5431	5420	5395	5	6	25	60	1	0.995387	0.993371	0
PBE31016_skip_48cfe1d5_2a56a123_175.pod5	09e5ea02-3764-4e81-9612-f8d692a9022d	2a56a1234efd33c542b8cb6a9627e827d4977d6c	2882	2	183245	39.6188	183245	39.4812	15226	26.2675	unclassified	chr1	182111	197347	6	15226	-	15272	15184	14966	36	52	218	9	0.999606	0.985643	0.979963	0
PBE31016_skip_48cfe1d5_2a56a123_142.pod5	a0d9623a-2d73-46d4-a38a-7a7b09c8c706	2a56a1234efd33c542b8cb6a9627e827d4977d6c	1714	2	116121	93.2162	116121	93.2142	32724	19.3393	unclassified	chr1	182316	207651	5	25303	-	25468	25165	24977	133	170	188	1	0.773072	0.992529	0.980721	0
PBE31016_skip_48cfe1d5_2a56a123_165.pod5	1fa08a6e-68b6-42ca-9f14-8419d8eaec1b	2a56a1234efd33c542b8cb6a9627e827d4977d6c	2616	1	154655	13.5074	154655	13.5054	4956	10.8566	unclassified	chr1	182709	187672	6	4929	-	5097	4789	4577	134	174	212	60	0.993341	0.955732	0.897979	0
PBE31016_skip_48cfe1d5_2a56a123_143.pod5	abd560ce-c294-405b-8cb0-398af5aea7e1	2a56a1234efd33c542b8cb6a9627e827d4977d6c	968	1	117242	22.472	117242	22.1928	6231	28.259	unclassified	chr1	183276	189508	6	6231	-	6235	6222	6218	3	10	4	60	0.999037	0.999357	0.997273	0
PBE31016_skip_48cfe1d5_2a56a123_20.pod5	5cd9a8c5-b6f8-40e1-8ef8-47abf4c0a487	2a56a1234efd33c542b8cb6a9627e827d4977d6c	1172	2	14094.3	16.439	14094.3	16.437	6598	30.4681	unclassified	chr1	183295	189851	6	6567	-	6564	6553	6525	8	3	28	33	0.994392	0.995727	0.994058	0
PBE31016_skip_48cfe1d5_2a56a123_1.pod5	796dd19f-d317-4d84-a08d-06d804084df2	2a56a1234efd33c542b8cb6a9627e827d4977d6c	2992	4	1446.24	13.4186	1446.24	13.4166	3788	23.5413	unclassified	chr1	183388	187136	8	3753	-	3751	3742	3725	3	6	17	60	0.988648	0.995457	0.993069	0
PBE31016_skip_48cfe1d5_2a56a123_88.pod5	b91d62fb-001d-4249-bb51-fa77cfb1360b	2a56a1234efd33c542b8cb6a9627e827d4977d6c	1528	2	65642.1	4.9868	65642.3	4.8036	1612	35.0706	unclassified	chr1	183462	185074	0	1612	+	1613	1611	1609	1	1	2	60	1	0.998759	0.99752	0
PBE31016_skip_48cfe1d5_2a56a123_152.pod5	4d743fe3-9d68-4bdb-a1b5-6edfd4ccffc1	2a56a1234efd33c542b8cb6a9627e827d4977d6c	1446	3	129730	1.3808	129730	1.2768	549	28.862	unclassified	chr1	183480	184029	0	549	+	549	549	548	0	0	1	60	1	0.998178	0.998178	0
PBE31016_skip_48cfe1d5_2a56a123_23.pod5	bb0abd6a-12ec-458d-bf45-da2da3495116	2a56a1234efd33c542b8cb6a9627e827d4977d6c	2538	1	15738.3	33.1952	15738.4	33.0576	13458	28.8851	unclassified	chr1	183682	197131	0	13452	+	13475	13426	13270	26	23	156	21	0.999554	0.988381	0.984787	0
PBE31016_skip_48cfe1d5_2a56a123_17.pod5	4c4d3319-a6d5-4a94-8843-0f539e0810de	2a56a1234efd33c542b8cb6a9627e827d4977d6c	669	3	11299.5	13.1216	11299.6	12.9804	4000	28.2731	unclassified	chr1	183688	187671	1	3993	+	3998	3977	3912	15	6	65	60	0.998	0.983656	0.978489	0
PBE31016_skip_48cfe1d5_2a56a123_156.pod5	d6bafd65-baa9-4029-9170-20c17411135f	2a56a1234efd33c542b8cb6a9627e827d4977d6c	1193	2	137044	22.7098	137044	22.7078	8425	23.7963	unclassified	chr1	183762	192138	5	8380	-	8404	8347	8245	28	29	102	25	0.994065	0.98778	0.98108	0
PBE31016_skip_48cfe1d5_2a56a123_150.pod5	ee094bd8-1026-4608-90c0-796545184d6b	2a56a1234efd33c542b8cb6a9627e827d4977d6c	1858	3	127568	20.1656	127569	20.0376	7603	29.2536	unclassified	chr1	183779	191341	0	7577	+	7590	7549	7436	28	13	113	7	0.99658	0.985031	0.97971	0
PBE31016_skip_48cfe1d5_2a56a123_8.pod5	bfa12a0d-4d61-4aff-a09e-7dbb80eeff76	2a56a1234efd33c542b8cb6a9627e827d4977d6c	666	3	6103.48	21.8528	6103.6	21.732	8457	29.5759	unclassified	chr1	183857	191341	0	7499	-	7509	7474	7369	25	10	105	1	0.886721	0.985951	0.981356	0
PBE31016_skip_48cfe1d5_2a56a123_112.pod5	51ac5193-fe6b-489c-8596-dbf36145c9c2	2a56a1234efd33c542b8cb6a9627e827d4977d6c	915	2	86337.3	24.6608	86337.5	24.5424	8220	28.5411	unclassified	chr1	183861	191341	9	7508	-	7513	7466	7356	33	14	110	1	0.912287	0.985267	0.979103	0
PBE31016_skip_48cfe1d5_2a56a123_52.pod5	024166ec-3ba4-4aa9-ad40-31eb6e6aea29	2a56a1234efd33c542b8cb6a9627e827d4977d6c	590	4	35677.1	15.6522	35677.1	15.6502	6354	26.0256	unclassified	chr1	183892	190215	8	6315	-	6327	6303	6301	4	20	2	60	0.992603	0.999683	0.995891	0
PBE31016_skip_48cfe1d5_2a56a123_99.pod5	3b53fcb7-73d5-48ff-a446-1bb5d8f50259	2a56a1234efd33c542b8cb6a9627e827d4977d6c	1535	1	75663.5	27.0492	75663.5	27.0472	10696	22.397	unclassified	chr1	184026	194680	3	10671	-	10715	10607	10472	61	47	135	60	0.997382	0.987273	0.977322	0
PBE31016_skip_48cfe1d5_2a56a123_142.pod5	5e1baa0c-9d75-4b70-9194-00d3c3e86d14	2a56a1234efd33c542b8cb6a9627e827d4977d6c	1887	3	116891	25.0224	116891	25.0204	9775	10.5123	unclassified	chr1	184385	194279	11	9736	-	10131	9488	9102	237	406	386	60	0.994885	0.959317	0.898431	0
PBE31016_skip_48cfe1d5_2a56a123_171.pod5	32b598c0-3bbb-4854-8548-361a56951415	2a56a1234efd33c542b8cb6a9627e827d4977d6c	1869	1	169692	20.1692	169692	20.0508	7592	16.1685	unclassified	chr1	184495	192094	7	7586	-	7669	7509	7352	70	90	157	51	0.998288	0.979092	0.958665	0
PBE31016_skip_48cfe1d5_2a56a123_135.pod5	cddcc7c0-47da-40b4-afb7-db423906ff08	2a56a1234efd33c542b8cb6a9627e827d4977d6c	1950	4	107543	6.4508	107543	6.3516	2528	30.5542	unclassified	chr1	184584	187107	0	2521	+	2528	2516	2480	5	7	36	60	0.997231	0.985692	0.981013	0
PBE31016_skip_48cfe1d5_2a56a123_161.pod5	7e79921f-b22c-4770-84d0-290e6688e980	2a56a1234efd33c542b8cb6a9627e827d4977d6c	1356	4	147365	10.634	147365	10.4892	3825	22.0714	unclassified	chr1	184931	188090	665	3825	-	3174	3145	3086	15	14	59	1	0.826144	0.98124	0.972275	0
PBE31016_skip_48cfe1d5_2a56a123_22.pod5	e320c495-251a-486e-b25e-d91cd6257b06	2a56a1234efd33c542b8cb6a9627e827d4977d6c	1848	1	15525.5	13.588	15525.5	13.586	6837	24.801	unclassified	chr1	185284	191341	7	6065	-	6077	6038	5949	20	19	89	1	0.886061	0.98526	0.978937	0
PBE31016_skip_48cfe1d5_2a56a123_132.pod5	b6551784-674b-4af7-a24d-d449f05e9e3f	2a56a1234efd33c542b8cb6a9627e827d4977d6c	465	2	105695	9.7662	105695	9.7642	3664	10.2389	unclassified	chr1	185315	189014	32	3656	+	3787	3536	3357	88	163	179	60	0.989083	0.949378	0.886454	0
PBE31016_skip_48cfe1d5_2a56a123_132.pod5	378a9262-0ef0-40da-89ed-d6f9a0cb2d7b	2a56a1234efd33c542b8cb6a9627e827d4977d6c	465	2	105685	9.9056	105685	9.7824	3645	9.94543	unclassified	chr1	185316	189008	8	3632	-	3808	3508	3351	116	184	157	60	0.994239	0.955245	0.87999	0
PBE31016_skip_48cfe1d5_2a56a123_35.pod5	e21a65b4-47a6-4cf9-8159-5b87c363c4fd	2a56a1234efd33c542b8cb6a9627e827d4977d6c	208	2	23334.1	19.7528	23334.2	19.6308	7689	26.8356	unclassified	chr1	185333	193003	0	7683	+	7695	7658	7589	25	12	69	60	0.99922	0.99099	0.986225	0
PBE31016_skip_48cfe1d5_2a56a123_113.pod5	a551d0ef-530f-4810-87e4-297688e1603c	2a56a1234efd33c542b8cb6a9627e827d4977d6c	1417	1	87484.9	1.184	87485	1.0872	402	26.8457	unclassified	chr1	185421	185824	0	402	-	403	402	402	0	1	0	54	1	1	0.997519	0
PBE31016_skip_48cfe1d5_2a56a123_166.pod5	92c41a7f-861a-4c28-9799-87d52648e659	2a56a1234efd33c542b8cb6a9627e827d4977d6c	1068	2	155643	9.044	155643	8.8296	3087	31.7949	unclassified	chr1	185806	188888	0	3087	+	3099	3070	3024	17	12	46	41	1	0.985016	0.975799	0
PBE31016_skip_48cfe1d5_2a56a123_149.pod5	d2346b0a-349d-4f08-be97-86d56b3dff76	2a56a1234efd33c542b8cb6a9627e827d4977d6c	2194	3	125303	42.0728	125303	41.9784	17080	22.2986	unclassified	chr1	185841	202946	0	17080	-	17154	17031	16980	49	74	51	60	1	0.997005	0.989857	0
PBE31016_skip_48cfe1d5_2a56a123_173.pod5	db939e20-cb82-4238-ba5c-ddf7f58433d7	2a56a1234efd33c542b8cb6a9627e827d4977d6c	2341	2	178667	8.0668	178667	8.0648	3278	12.3375	unclassified	chr1	186355	189600	5	3239	-	3322	3157	3047	77	88	110	26	0.986577	0.965157	0.917219	0
PBE31016_skip_48cfe1d5_2a56a123_5.pod5	da3360b9-f41c-40c4-8d21-efd973124a51	2a56a1234efd33c542b8cb6a9627e827d4977d6c	70	2	4606.36	21.6884	4606.51	21.546	5515	24.573	unclassified	chr1	186439	191937	0	5507	+	5523	5482	5433	25	16	49	60	0.998549	0.991062	0.983705	0
PBE31016_skip_48cfe1d5_2a56a123_31.pod5	8f07f9ef-2617-4950-baae-cd71fd5c4016	2a56a1234efd33c542b8cb6a9627e827d4977d6c	1817	4	20813.8	14.3588	20814	14.1036	4157	22.4216	unclassified	chr1	186443	190555	0	4114	+	4122	4104	4059	10	8	45	1	0.989656	0.989035	0.984716	0
PBE31016_skip_48cfe1d5_2a56a123_45.pod5	6d55fd63-b159-4f7f-b89e-d395e2bec9f6	2a56a1234efd33c542b8cb6a9627e827d4977d6c	2151	1	31010.7	17.0812	31010.7	17.0792	6859	28.7134	unclassified	chr1	186446	193261	8	6825	-	6822	6810	6808	7	5	2	60	0.993877	0.999706	0.997948	0
PBE31016_skip_48cfe1d5_2a56a123_8.pod5	65e4e7e2-0730-4c3c-8e76-86c6786fa0d7	2a56a1234efd33c542b8cb6a9627e827d4977d6c	901	1	6547.51	16.9036	6547.51	16.9016	4464	13.054	unclassified	chr1	186587	191086	30	4458	+	4560	4367	4222	61	132	145	21	0.991935	0.966796	0.925877	0
PBE31016_skip_48cfe1d5_2a56a123_129.pod5	e202ebd3-e19b-43d0-965b-5bc5221ac388	2a56a1234efd33c542b8cb6a9627e827d4977d6c	1790	2	101372	16.3052	101372	16.0848	6526	19.3706	unclassified	chr1	186591	193099	1	6518	+	6545	6480	6381	37	28	99	60	0.998621	0.984722	0.974943	0
PBE31016_skip_48cfe1d5_2a56a123_156.pod5	cca4991b-5a1b-4666-a58c-85b6d2b4b21d	2a56a1234efd33c542b8cb6a9627e827d4977d6c	1342	1	135970	13.172	135970	13.0536	4863	29.575	unclassified	chr1	187136	191987	0	4854	+	4861	4844	4807	10	7	37	60	0.998149	0.992362	0.988891	0
PBE31016_skip_48cfe1d5_2a56a123_30.pod5	3da0d604-8f2a-4807-bd23-534a09c190fc	2a56a1234efd33c542b8cb6a9627e827d4977d6c	2531	2	20040.7	12.1774	20040.7	12.1754	4882	26.8986	unclassified	chr1	187307	192138	39	4875	+	4843	4824	4785	12	7	39	60	0.990578	0.991915	0.988024	0
PBE31016_skip_48cfe1d5_2a56a123_152.pod5	79bd2c32-0c40-4fbf-a7cf-4e1c206d8277	2a56a1234efd33c542b8cb6a9627e827d4977d6c	1580	3	129518	30.2996	129518	30.1644	11202	29.4505	unclassified	chr1	187400	198592	6	11202	-	11215	11173	11013	23	19	160	60	0.999464	0.98568	0.981988	0
PBE31016_skip_48cfe1d5_2a56a123_75.pod5	d4ee2707-6ffd-41f8-bddd-012e828fcd9d	2a56a1234efd33c542b8cb6a9627e827d4977d6c	2087	2	54691.1	9.2556	54691.1	9.2536	2775	12.2118	unclassified	chr1	188159	190915	7	2748	-	2837	2660	2561	81	96	99	1	0.987748	0.962782	0.902714	0
PBE31016_skip_48cfe1d5_2a56a123_144.pod5	fb8f8923-768d-4220-a38b-6fec9f5731b4	2a56a1234efd33c542b8cb6a9627e827d4977d6c	2198	1	119711	9.1532	119711	9.0612	3847	22.4038	unclassified	chr1	188160	192006	0	3838	+	3855	3829	3789	9	17	40	60	0.997661	0.989553	0.982879	0
PBE31016_skip_48cfe1d5_2a56a123_144.pod5	235e2261-0389-45b0-aa65-c7f00292e205	2a56a1234efd33c542b8cb6a9627e827d4977d6c	2198	1	119699	12.5336	119699	12.3192	3858	29.6792	unclassified	chr1	188160	192006	7	3858	-	3856	3841	3818	10	5	23	60	0.998186	0.994012	0.990145	0
PBE31016_skip_48cfe1d5_2a56a123_162.pod5	b2c4c6d7-d5e9-47da-9fc5-009fc0a14549	2a56a1234efd33c542b8cb6a9627e827d4977d6c	1183	3	147471	6.285	147471	6.283	2453	9.55727	unclassified	chr1	188495	190991	1	2422	-	2562	2355	2214	66	141	141	8	0.986955	0.940127	0.864169	0
PBE31016_skip_48cfe1d5_2a56a123_44.pod5	7e143a51-abf2-49d6-b1c5-4c4eb3997ac4	2a56a1234efd33c542b8cb6a9627e827d4977d6c	1906	2	29650.3	9.902	29650.4	9.774	3777	29.6293	unclassified	chr1	188565	192340	0	3771	+	3775	3771	3768	0	4	3	60	0.998411	0.999204	0.998146	0
PBE31016_skip_48cfe1d5_2a56a123_152.pod5	fe664cf5-ee9e-4043-a745-0f9d4ded3bdf	2a56a1234efd33c542b8cb6a9627e827d4977d6c	2802	2	128404	7.3334	128404	7.3314	2063	13.2367	unclassified	chr1	188745	190806	0	2060	+	2103	2018	1957	42	43	61	47	0.998546	0.969772	0.930575	0
PBE31016_skip_48cfe1d5_2a56a123_115.pod5	db176482-04ad-48c0-9525-b01b4aa35caa	2a56a1234efd33c542b8cb6a9627e827d4977d6c	1460	2	89559.4	5.0742	89559.5	5.0722	1687	25.2138	unclassified	chr1	188784	190477	0	1687	+	1696	1684	1671	3	9	13	60	1	0.99228	0.985259	0
PBE31016_skip_48cfe1d5_2a56a123_107.pod5	ca27b4ba-cf9e-4c2e-bec9-81c370d37c54	2a56a1234efd33c542b8cb6a9627e827d4977d6c	2080	3	82883.4	14.2616	82883.5	14.1432	5535	23.0219	unclassified	chr1	188797	194337	0	5526	+	5548	5518	5456	8	22	62	60	0.998374	0.988764	0.983417	0
PBE31016_skip_48cfe1d5_2a56a123_107.pod5	600eddc6-83f8-4556-a8c4-b598ea301cee	2a56a1234efd33c542b8cb6a9627e827d4977d6c	2080	3	82873.7	9.7256	82873.8	9.6168	5546	24.5842	unclassified	chr1	188797	194337	10	5546	-	5546	5530	5468	6	10	62	60	0.998197	0.988788	0.985936	0
PBE31016_skip_48cfe1d5_2a56a123_155.pod5	3f68029f-97c1-4a08-97a4-4a283b983ec3	2a56a1234efd33c542b8cb6a9627e827d4977d6c	734	1	134275	9.5636	134275	9.3948	2830	24.4366	unclassified	chr1	189109	191937	0	2823	+	2835	2816	2793	7	12	23	28	0.997527	0.991832	0.985185	0
PBE31016_skip_48cfe1d5_2a56a123_99.pod5	81c981d6-7642-4b4c-b851-ce6dad174dc3	2a56a1234efd33c542b8cb6a9627e827d4977d6c	69	4	75474.6	26.438	75474.7	26.2956	11496	24.2687	unclassified	chr1	189128	200630	0	11496	-	11523	11475	11457	21	27	18	60	1	0.998431	0.994272	0
PBE31016_skip_48cfe1d5_2a56a123_62.pod5	8108f822-030a-4550-b802-2cc7104c08db	2a56a1234efd33c542b8cb6a9627e827d4977d6c	919	4	43727.4	9.722	43727.5	9.594	3382	35.2673	unclassified	chr1	189378	192759	0	3376	+	3381	3376	3356	0	5	20	60	0.998226	0.994076	0.992606	0
PBE31016_skip_48cfe1d5_2a56a123_172.pod5	b2de96f2-5ff4-4e00-8107-67b10f261eac	2a56a1234efd33c542b8cb6a9627e827d4977d6c	1046	4	173419	31.297	173419	31.295	14023	13.946	unclassified	chr1	189417	203450	30	14017	+	14249	13771	13304	216	262	467	51	0.997433	0.966088	0.93368	0
PBE31016_skip_48cfe1d5_2a56a123_31.pod5	9e3ee94d-5216-42a1-80c5-cb5796851445	2a56a1234efd33c542b8cb6a9627e827d4977d6c	2470	1	20461.1	10.2372	20461.1	10.2352	3663	21.6774	unclassified	chr1	189607	193216	7	3604	-	3614	3592	3560	5	17	32	60	0.981982	0.991091	0.985058	0
PBE31016_skip_48cfe1d5_2a56a123_66.pod5	1f278133-90d8-4529-8218-80a7f32ebebe	2a56a1234efd33c542b8cb6a9627e827d4977d6c	807	2	46804	90.1256	46804.2	89.904	20199	24.1991	unclassified	chr1	190050	207185	7	20199	-	20255	17072	16762	3120	63	310	58	0.999653	0.981842	0.827549	0
PBE31016_skip_48cfe1d5_2a56a123_114.pod5	70314dc3-e415-4355-8dee-b20187da1bf8	2a56a1234efd33c542b8cb6a9627e827d4977d6c	802	4	88765.2	3.491	88765.2	3.489	1059	27.102	unclassified	chr1	190070	191086	36	1052	+	1016	1016	1016	0	0	0	60	0.959396	1	1	0
PBE31016_skip_48cfe1d5_2a56a123_114.pod5	636efeab-3c26-4197-8070-05b5c992a505	2a56a1234efd33c542b8cb6a9627e827d4977d6c	826	1	88886.3	22.2152	88886.4	22.0584	9573	25.1472	unclassified	chr1	190070	199628	10	9573	-	9581	9540	9426	23	18	114	60	0.998955	0.98805	0.983822	0
PBE31016_skip_48cfe1d5_2a56a123_156.pod5	62797b9d-5824-4a6a-ad19-fd4a5e9cb2bb	2a56a1234efd33c542b8cb6a9627e827d4977d6c	471	1	136914	13.0136	136914	12.8388	2882	28.8992	unclassified	chr1	190110	192984	0	2872	+	2878	2868	2850	4	6	18	60	0.99653	0.993724	0.990271	0
PBE31016_skip_48cfe1d5_2a56a123_86.pod5	035f2f33-b43d-4d98-bc6c-816c989a17a2	2a56a1234efd33c542b8cb6a9627e827d4977d6c	2577	3	64133.5	30.008	64133.6	29.856	10875	27.8009	unclassified	chr1	190276	199628	5	9350	-	9368	9329	9171	16	23	158	35	0.85931	0.983064	0.978971	0
PBE31016_skip_48cfe1d5_2a56a123_32.pod5	3d3efd7a-438b-4a2a-8382-f803fdae7834	2a56a1234efd33c542b8cb6a9627e827d4977d6c	2219	2	21853.8	71.8736	21853.8	71.8716	9644	5.66877	unclassified	chr1	190907	193710	1069	4362	+	3481	2615	2266	678	188	349	1	0.341456	0.866539	0.650962	0
PBE31016_skip_48cfe1d5_2a56a123_126.pod5	76f72a9a-11be-4419-a1c0-b4bfdb361ff4	2a56a1234efd33c542b8cb6a9627e827d4977d6c	2116	2	98891.5	19.1324	98891.6	19.0356	8031	23.1872	unclassified	chr1	190928	198951	0	8019	+	8040	8002	7887	17	21	115	50	0.998506	0.985629	0.98097	0
PBE31016_skip_48cfe1d5_2a56a123_165.pod5	e575e30a-4c32-437d-aedc-7caadd93b77c	2a56a1234efd33c542b8cb6a9627e827d4977d6c	445	2	154677	21.056	154677	20.8824	6462	26.6309	unclassified	chr1	190938	197389	0	6457	+	6465	6443	6331	14	8	112	60	0.999226	0.982617	0.979273	0
PBE31016_skip_48cfe1d5_2a56a123_99.pod5	ee165b9f-1bfe-4c48-b336-85006b272306	2a56a1234efd33c542b8cb6a9627e827d4977d6c	1339	4	75460	41.4986	75460	41.4966	14856	29.1406	unclassified	chr1	191086	204557	11	13469	-	13501	13428	13199	30	43	229	47	0.905897	0.982946	0.977631	0
PBE31016_skip_48cfe1d5_2a56a123_3.pod5	c1fac7d7-2907-4aa7-b44d-4009854ec988	2a56a1234efd33c542b8cb6a9627e827d4977d6c	1931	1	2933.57	12.7018	2933.57	12.6998	5118	10.9037	unclassified	chr1	191139	196246	42	5105	+	5261	4909	4620	154	198	289	30	0.989254	0.941129	0.87816	0
PBE31016_skip_48cfe1d5_2a56a123_43.pod5	dfcf9af1-3514-4ef7-8200-352bfec441ce	2a56a1234efd33c542b8cb6a9627e827d4977d6c	1450	4	29181.3	13.1928	29181.3	13.1908	4153	14.0515	unclassified	chr1	191140	195273	7	4120	-	4187	4059	3924	54	74	135	55	0.990368	0.966741	0.937187	0
PBE31016_skip_48cfe1d5_2a56a123_78.pod5	a2f2fa0c-a10b-4979-8091-838f8d7d5681	2a56a1234efd33c542b8cb6a9627e827d4977d6c	2277	2	55947.4	18.926	55947.5	18.8292	7290	29.3312	unclassified	chr1	191370	198653	0	7281	+	7292	7272	7133	9	11	139	30	0.998765	0.980886	0.978195	0
PBE31016_skip_48cfe1d5_2a56a123_78.pod5	15fd8d7e-7e1f-4885-baa4-02f2e07f76db	2a56a1234efd33c542b8cb6a9627e827d4977d6c	2277	2	55966.4	17.048	55966.5	16.9224	7284	25.2108	unclassified	chr1	191370	198653	7	7284	-	7300	7260	7116	17	23	144	23	0.999039	0.980165	0.974795	0
PBE31016_skip_48cfe1d5_2a56a123_60.pod5	89c6ab77-be12-4f20-806d-5fc85d92a9c1	2a56a1234efd33c542b8cb6a9627e827d4977d6c	1378	3	42109.1	33.1412	42109.3	32.8884	12116	17.8171	unclassified	chr1	191401	203535	12	12116	-	12236	12002	11750	102	132	252	1	0.99901	0.979003	0.960281	0
PBE31016_skip_48cfe1d5_2a56a123_147.pod5	27079566-d21e-485a-a366-c31bef9c8d6c	2a56a1234efd33c542b8cb6a9627e827d4977d6c	2811	3	122611	21.5996	122611	21.3996	8096	28.4069	unclassified	chr1	191765	199845	5	8096	-	8100	8071	7961	20	9	110	5	0.999382	0.986371	0.98284	0
PBE31016_skip_48cfe1d5_2a56a123_93.pod5	3fd3f670-cbd3-439e-9300-96ffb1b889f8	2a56a1234efd33c542b8cb6a9627e827d4977d6c	1808	3	70702.2	18.8444	70702.3	18.75	8187	27.9051	unclassified	chr1	192126	200300	0	8178	+	8183	8169	8163	9	5	6	24	0.998901	0.999265	0.997556	0
PBE31016_skip_48cfe1d5_2a56a123_18.pod5	737653ca-9bdf-43cd-88a9-c6e9374b5922	2a56a1234efd33c542b8cb6a9627e827d4977d6c	1393	3	12104.6	25.252	12104.6	25.25	8362	27.7883	unclassified	chr1	192708	201012	38	8352	+	8316	8302	8295	12	2	7	25	0.99426	0.999157	0.997475	0
PBE31016_skip_48cfe1d5_2a56a123_18.pod5	b79e8aa1-3385-4e55-b2c0-62b539f989bb	2a56a1234efd33c542b8cb6a9627e827d4977d6c	1393	3	12129.9	19.5056	12130	19.416	8293	22.3002	unclassified	chr1	192708	201011	11	8293	-	8322	8263	8242	19	40	21	27	0.998674	0.997459	0.990387	0
PBE31016_skip_48cfe1d5_2a56a123_88.pod5	00248f5d-8188-416d-a43e-2b4f747f5118	2a56a1234efd33c542b8cb6a9627e827d4977d6c	2280	4	65397.3	11.7324	65397.3	11.7304	3633	17.6934	unclassified	chr1	193615	197155	32	3626	+	3598	3536	3526	58	4	10	27	0.989265	0.997172	0.979989	0
PBE31016_skip_48cfe1d5_2a56a123_52.pod5	788b6567-e762-41ee-9285-082ba79ffaa2	2a56a1234efd33c542b8cb6a9627e827d4977d6c	2474	2	35568.2	5.2568	35568.4	5.076	2146	27.5891	unclassified	chr1	194425	196567	5	2146	-	2144	2139	2137	2	3	2	27	0.99767	0.999065	0.996735	0
PBE31016_skip_48cfe1d5_2a56a123_21.pod5	98c74dde-d085-4800-8ea6-2b24ff81cca8	2a56a1234efd33c542b8cb6a9627e827d4977d6c	189	4	14499.3	5.7716	14499.4	5.6796	2261	26.0047	unclassified	chr1	194554	196809	0	2255	+	2259	2251	2249	4	4	2	26	0.997346	0.999112	0.995573	0
PBE31016_skip_48cfe1d5_2a56a123_15.pod5	593af333-b361-4109-98ff-4df93537ce72	2a56a1234efd33c542b8cb6a9627e827d4977d6c	1228	4	10546.1	7.7312	10546.2	7.6008	3163	26.8301	unclassified	chr1	195910	199069	5	3163	-	3165	3152	3152	6	7	0	26	0.998419	1	0.995893	0
PBE31016_skip_48cfe1d5_2a56a123_104.pod5	4de94ee2-2836-461e-8558-f0c0da2639e3	2a56a1234efd33c542b8cb6a9627e827d4977d6c	1475	2	80813	5.1152	80813.2	4.8984	1735	27.4833	unclassified	chr1	197218	198951	7	1735	-	1737	1724	1682	4	9	42	14	0.995965	0.975638	0.968336	0
PBE31016_skip_48cfe1d5_2a56a123_30.pod5	34357ac0-b60d-4958-8f00-69ce083820de	2a56a1234efd33c542b8cb6a9627e827d4977d6c	1084	4	19967.6	14.5992	19967.8	14.3988	5374	27.9488	unclassified	chr1	197508	202895	10	5374	-	5396	5355	5267	9	32	88	1	0.998139	0.983567	0.976093	0
PBE31016_skip_48cfe1d5_2a56a123_12.pod5	e6e48b31-c20c-4384-b087-91cf88c46689	2a56a1234efd33c542b8cb6a9627e827d4977d6c	1284	1	8714.32	20.2388	8714.32	20.2368	7412	11.8773	unclassified	chr1	198722	204557	9	5807	-	6023	5610	5291	188	225	319	1	0.782245	0.943137	0.878466	0
PBE31016_skip_48cfe1d5_2a56a123_0.pod5	b311cdcd-485f-4a1b-bbae-bc0883521b8f	2a56a1234efd33c542b8cb6a9627e827d4977d6c	1872	2	450.703	1.394	450.817	1.2804	372	26.548	unclassified	chr1	199628	199989	11	372	-	361	361	351	0	0	10	0	0.97043	0.972299	0.972299	0
PBE31016_skip_48cfe1d5_2a56a123_135.pod5	805c4208-99bd-4f20-bf17-c52d738ef7fb	2a56a1234efd33c542b8cb6a9627e827d4977d6c	1561	1	107407	1.8044	107407	1.686	673	22.8051	unclassified	chr1	199804	200466	0	662	+	662	662	653	0	0	9	0	0.983655	0.986405	0.986405	0
PBE31016_skip_48cfe1d5_2a56a123_89.pod5	c9c59f88-988b-4a39-ae98-1e8bd7b61f08	2a56a1234efd33c542b8cb6a9627e827d4977d6c	2106	4	67247.7	8.6648	67247.8	8.5752	4141	26.9437	unclassified	chr1	199916	204061	6	4141	-	4147	4133	4132	2	12	1	22	0.998551	0.999758	0.996383	0
PBE31016_skip_48cfe1d5_2a56a123_89.pod5	5ae56758-9586-4179-9485-5f6934fdcfc9	2a56a1234efd33c542b8cb6a9627e827d4977d6c	2106	4	67256.4	9.0824	67256.5	8.9808	4149	27.1831	unclassified	chr1	199917	204062	0	4142	+	4152	4135	4134	7	10	1	36	0.998313	0.999758	0.995665	0
PBE31016_skip_48cfe1d5_2a56a123_59.pod5	6cc00d37-ca24-42c2-8151-9b9b9091f5d2	2a56a1234efd33c542b8cb6a9627e827d4977d6c	2704	1	40908.5	8.0426	40908.5	8.0406	3007	23.2117	unclassified	chr1	200639	203607	6	2978	-	2979	2961	2950	11	7	11	44	0.98836	0.996285	0.990265	0
PBE31016_skip_48cfe1d5_2a56a123_32.pod5	4e400da9-4d6a-465e-bc32-19b2b1945245	2a56a1234efd33c542b8cb6a9627e827d4977d6c	836	4	21588.4	14.9156	21588.5	14.8272	6260	27.6443	unclassified	chr1	200689	206942	0	6251	+	6257	6247	6245	4	6	2	32	0.998562	0.99968	0.998082	0
PBE31016_skip_48cfe1d5_2a56a123_32.pod5	8f3606ca-70a5-4a86-a2ad-f4c6bfa98f78	2a56a1234efd33c542b8cb6a9627e827d4977d6c	836	4	21572.6	15.7184	21572.8	15.5808	6253	29.1284	unclassified	chr1	200689	206941	10	6253	-	6257	6238	6234	5	14	4	28	0.998401	0.999359	0.996324	0
PBE31016_skip_48cfe1d5_2a56a123_40.pod5	d9355d25-d7da-4e0c-83bc-7dc20717cdcf	2a56a1234efd33c542b8cb6a9627e827d4977d6c	2274	3	27441.9	7.8332	27442	7.7052	3228	29.9666	unclassified	chr1	202102	205325	5	3228	-	3228	3218	3216	5	5	2	32	0.998451	0.999379	0.996283	0
PBE31016_skip_48cfe1d5_2a56a123_69.pod5	b4ee9707-0231-4fd0-9c35-64ab17d0fc3c	2a56a1234efd33c542b8cb6a9627e827d4977d6c	2105	2	49330.5	9.0968	49330.6	9.0072	3147	29.191	unclassified	chr1	202482	205618	0	3140	+	3143	3133	3130	7	3	3	24	0.997776	0.999042	0.995864	0
PBE31016_skip_48cfe1d5_2a56a123_21.pod5	d790e9b2-cc4b-43e3-9dea-63ceec8a9db6	2a56a1234efd33c542b8cb6a9627e827d4977d6c	2096	4	14658.7	1.9588	14658.7	1.9568	774	29.0218	unclassified	chr1	204018	204752	29	765	+	736	734	734	2	0	0	0	0.950904	1	0.997283	0
PBE31016_skip_48cfe1d5_2a56a123_166.pod5	7c532e5e-22fc-42a0-a7c0-c4fe57f290c9	2a56a1234efd33c542b8cb6a9627e827d4977d6c	1475	1	156938	4.13	156938	3.9948	865	26.1537	unclassified	chr1	204472	205335	0	865	-	865	863	863	2	0	0	32	1	1	0.997688	0
PBE31016_skip_48cfe1d5_2a56a123_144.pod5	517835c6-f53a-45ea-ad00-30dbab9317df	2a56a1234efd33c542b8cb6a9627e827d4977d6c	1412	2	119185	87.7784	119185	87.6624	30748	28.2593	unclassified	chr1	257666	285517	2897	30745	+	27904	27795	27658	53	56	137	60	0.905685	0.995071	0.991184	0
PBE31016_skip_48cfe1d5_2a56a123_159.pod5	77941bca-4d6e-4a1e-bb27-df7f99a34600	2a56a1234efd33c542b8cb6a9627e827d4977d6c	90	3	140844	11.876	140844	11.874	4121	12.4856	unclassified	chr1	257666	261057	754	4121	+	3413	3345	3307	22	46	38	60	0.817035	0.98864	0.968942	0
PBE31016_skip_48cfe1d5_2a56a123_172.pod5	766879fc-0fdf-4e54-8c22-16efc9ccd342	2a56a1234efd33c542b8cb6a9627e827d4977d6c	616	4	174511	37.901	174511	37.899	13436	29.1419	unclassified	chr1	257666	268753	2360	13436	+	11102	11061	11013	15	26	48	38	0.824353	0.99566	0.991983	0
PBE31016_skip_48cfe1d5_2a56a123_187.pod5	9d1daf74-8952-4a34-89bf-c4a25ab3a762	2a56a1234efd33c542b8cb6a9627e827d4977d6c	1139	1	226939	18.6992	226939	18.576	6400	11.3394	unclassified	chr1	257666	262213	1154	6394	+	5257	4530	4501	710	17	29	1	0.81875	0.993598	0.856192	0
PBE31016_skip_48cfe1d5_2a56a123_90.pod5	3e1fd6f1-f9d5-464d-a1b3-9be9cfb00f9a	2a56a1234efd33c542b8cb6a9627e827d4977d6c	1887	1	67521.1	48.578	67521.3	48.3996	17218	30.2608	unclassified	chr1	257666	273704	1186	17209	+	16053	16008	15934	15	30	74	60	0.930596	0.995377	0.992587	0
PBE31016_skip_48cfe1d5_2a56a123_2.pod5	d248f439-4833-4fee-a6a1-c7390d3b7ada	2a56a1234efd33c542b8cb6a9627e827d4977d6c	1674	3	2553.74	21.1436	2553.85	21.0348	8167	26.9232	unclassified	chr1	257666	265256	596	8161	+	7600	7555	7520	10	35	35	60	0.926289	0.995367	0.989474	0
PBE31016_skip_48cfe1d5_2a56a123_47.pod5	c6be8cf8-2976-4a30-b636-f535d80fe471	2a56a1234efd33c542b8cb6a9627e827d4977d6c	1790	2	32295.2	22.3224	32295.2	22.3204	6744	26.127	unclassified	chr1	257666	263869	546	6739	+	6210	6186	6157	7	17	29	60	0.918298	0.995312	0.991465	0
PBE31016_skip_48cfe1d5_2a56a123_104.pod5	07b2ef3d-5fcd-46ef-a184-c8cbdd6337c5	2a56a1234efd33c542b8cb6a9627e827d4977d6c	2966	4	80648	45.8348	80648.1	45.7236	17222	27.7791	unclassified	chr1	257666	273275	1527	17216	+	15719	15579	15487	110	30	92	60	0.910986	0.994095	0.985241	0
PBE31016_skip_48cfe1d5_2a56a123_107.pod5	e0e8ccd7-391b-4ad9-be81-e18a9792c060	2a56a1234efd33c542b8cb6a9627e827d4977d6c	1799	3	82708.2	23.3936	82708.3	23.2464	7837	28.4334	unclassified	chr1	257666	263756	1740	7830	+	6094	6086	6063	4	4	23	47	0.777083	0.996221	0.994913	0
PBE31016_skip_48cfe1d5_2a56a123_10.pod5	16150184-7cd3-4126-b407-98128ea2148d	2a56a1234efd33c542b8cb6a9627e827d4977d6c	962	4	6742.45	54.71	6742.6	54.5676	18614	32.9191	unclassified	chr1	257666	275364	907	18607	+	17709	17689	17676	11	9	13	60	0.950897	0.999265	0.998137	0
PBE31016_skip_48cfe1d5_2a56a123_58.pod5	013f0030-ac00-4f6d-945e-8312887e58b0	2a56a1234efd33c542b8cb6a9627e827d4977d6c	1163	3	39945.2	40.2932	39945.3	40.1436	14159	23.2895	unclassified	chr1	257666	271308	510	14154	+	13681	13605	13496	39	37	109	60	0.963627	0.991988	0.986478	0
PBE31016_skip_48cfe1d5_2a56a123_97.pod5	6200f05c-139f-401c-942d-de15fa69a48d	2a56a1234efd33c542b8cb6a9627e827d4977d6c	1425	2	72470.5	133.741	72470.7	133.543	46507	28.3353	unclassified	chr1	257666	297956	2044	42346	+	40344	40248	40204	54	42	44	60	0.866579	0.998907	0.99653	0
PBE31016_skip_48cfe1d5_2a56a123_80.pod5	f1277539-0437-4872-ae7d-6c06e7a70604	2a56a1234efd33c542b8cb6a9627e827d4977d6c	537	2	58149.8	16.6976	58150	16.5672	6911	28.0462	unclassified	chr1	257666	263799	776	6904	+	6141	6120	6093	8	13	27	60	0.886702	0.995588	0.992184	0
PBE31016_skip_48cfe1d5_2a56a123_88.pod5	833ba9ea-ce63-4ef3-a9ed-cb49bf2b1634	2a56a1234efd33c542b8cb6a9627e827d4977d6c	1101	4	66036.1	12.2432	66036.2	12.1176	4426	34.0824	unclassified	chr1	257666	261411	680	4426	-	3747	3744	3736	2	1	8	9	0.846362	0.997863	0.997064	0
PBE31016_skip_48cfe1d5_2a56a123_90.pod5	bb8d4f0d-4268-4782-8b66-789764cecfc1	2a56a1234efd33c542b8cb6a9627e827d4977d6c	1887	1	67569.7	44.1368	67569.9	43.9728	17214	25.9866	unclassified	chr1	257666	273704	1193	17214	-	16055	16004	15913	17	34	91	60	0.930696	0.994314	0.991155	0
PBE31016_skip_48cfe1d5_2a56a123_2.pod5	ddebf49b-d641-4170-97ab-39e8e77969db	2a56a1234efd33c542b8cb6a9627e827d4977d6c	1674	3	2534.6	19.0844	2534.7	18.9876	8180	22.0438	unclassified	chr1	257666	265255	606	8180	-	7612	7551	7498	23	38	53	60	0.925917	0.992981	0.985024	0
PBE31016_skip_48cfe1d5_2a56a123_104.pod5	1d3a1fe6-198c-4c86-b49c-90055a73b793	2a56a1234efd33c542b8cb6a9627e827d4977d6c	2966	4	80594.2	53.4752	80594.4	53.274	17236	29.9903	unclassified	chr1	257666	273275	1626	17235	-	15637	15581	15506	28	28	75	60	0.905605	0.995186	0.991622	0
PBE31016_skip_48cfe1d5_2a56a123_44.pod5	12dc5041-92c3-42fe-84d2-b076fd29634d	2a56a1234efd33c542b8cb6a9627e827d4977d6c	2098	2	29602.1	53.9552	29602.2	53.8176	18588	26.3786	unclassified	chr1	257666	274008	2252	18588	-	16355	16323	16299	13	19	24	60	0.878847	0.99853	0.996576	0
PBE31016_skip_48cfe1d5_2a56a123_95.pod5	d535e3f0-3cf4-4069-ae1d-7ac6a0421673	2a56a1234efd33c542b8cb6a9627e827d4977d6c	595	3	72316.1	28.7372	72316.2	28.6212	12180	27.2629	unclassified	chr1	257666	269779	58	12180	-	12133	12102	12075	20	11	27	60	0.995238	0.997769	0.99522	0
PBE31016_skip_48cfe1d5_2a56a123_95.pod5	e6c13841-9862-4e6d-890d-6ddf8cbfe739	2a56a1234efd33c542b8cb6a9627e827d4977d6c	1425	2	72604.9	116.223	72605.1	116.068	46469	26.4903	unclassified	chr1	257666	297956	2050	42312	-	40329	40223	40166	39	67	57	60	0.866427	0.998583	0.995958	0
PBE31016_skip_48cfe1d5_2a56a123_109.pod5	ddf690e1-3e97-4c3b-af81-fa20830e1a77	2a56a1234efd33c542b8cb6a9627e827d4977d6c	353	3	84679.2	20.9284	84679.2	20.9264	7656	24.0098	unclassified	chr1	257666	264980	320	7632	-	7326	7300	7270	12	14	30	60	0.955068	0.99589	0.992356	0
PBE31016_skip_48cfe1d5_2a56a123_52.pod5	f2bfbb8e-8fe7-4b14-b56e-eb4e52ffbec4	2a56a1234efd33c542b8cb6a9627e827d4977d6c	699	1	35501.4	35.1992	35501.5	35.0952	15058	25.1645	unclassified	chr1	257666	271307	1345	15058	-	13747	13607	13519	106	34	88	60	0.910679	0.993533	0.983415	0
PBE31016_skip_48cfe1d5_2a56a123_10.pod5	72c67bcd-0906-4269-8ea7-1752a9606716	2a56a1234efd33c542b8cb6a9627e827d4977d6c	962	4	6797.17	46.2572	6797.31	46.1196	18596	28.3012	unclassified	chr1	257666	275364	912	18596	-	17705	17677	17655	7	21	22	60	0.950957	0.998755	0.997176	0
PBE31016_skip_48cfe1d5_2a56a123_80.pod5	8a3910c5-2e05-4ac1-96d6-885bddce05db	2a56a1234efd33c542b8cb6a9627e827d4977d6c	537	2	58130.2	19.5872	58130.4	19.3848	6913	23.1193	unclassified	chr1	257666	263799	783	6913	-	6151	6112	6072	18	21	40	60	0.886735	0.993455	0.987157	0
PBE31016_skip_48cfe1d5_2a56a123_147.pod5	231342d1-2d8c-45ed-9076-b4dca7b26ada	2a56a1234efd33c542b8cb6a9627e827d4977d6c	2628	1	122736	43.9496	122736	43.7808	17659	22.4601	unclassified	chr1	257668	271060	4182	17649	+	13518	13341	13252	126	51	89	1	0.762614	0.993329	0.980323	0
PBE31016_skip_48cfe1d5_2a56a123_71.pod5	2ce51a4e-9bf6-4fdc-9f6f-8c2ce3641382	2a56a1234efd33c542b8cb6a9627e827d4977d6c	824	3	50344.9	43.856	50345.1	43.6752	14962	32.2748	unclassified	chr1	257668	271673	855	14962	-	14115	13997	13941	110	8	56	60	0.942855	0.995999	0.987673	0
PBE31016_skip_48cfe1d5_2a56a123_62.pod5	914535c1-2550-4507-9e12-1ab514420f6b	2a56a1234efd33c542b8cb6a9627e827d4977d6c	569	2	44042.7	43.1756	44042.8	43.0812	17125	25.121	unclassified	chr1	257678	269736	5074	17117	+	12089	12012	11950	31	46	62	1	0.703241	0.994838	0.988502	0
PBE31016_skip_48cfe1d5_2a56a123_160.pod5	94e96967-e4b9-49a6-a140-ce00c21ce014	2a56a1234efd33c542b8cb6a9627e827d4977d6c	895	3	143552	1.0576	143552	1.0556	377	8.77566	unclassified	chr1	257743	258059	53	374	+	338	299	270	22	17	29	1	0.851459	0.90301	0.798817	0
PBE31016_skip_48cfe1d5_2a56a123_156.pod5	e744de18-7f88-4bdb-8f41-ff48dd8db182	2a56a1234efd33c542b8cb6a9627e827d4977d6c	160	3	136547	16.3412	136547	15.8892	6009	29.7778	unclassified	chr1	257800	263804	0	6009	-	6009	6004	5992	5	0	12	60	1	0.998001	0.997171	0
PBE31016_skip_48cfe1d5_2a56a123_73.pod5	5e5d7851-a060-490d-a8e7-d653890c534c	2a56a1234efd33c542b8cb6a9627e827d4977d6c	483	3	52931.8	14.198	52931.9	14.07	5421	29.015	unclassified	chr1	257871	263284	10	5421	-	5419	5405	5381	6	8	24	60	0.998155	0.99556	0.992988	0
PBE31016_skip_48cfe1d5_2a56a123_54.pod5	0a635bf1-b0b3-496d-8804-0d6528d5850e	2a56a1234efd33c542b8cb6a9627e827d4977d6c	2454	1	37413.1	49.5544	37413.1	49.5524	17086	5.82733	unclassified	chr1	258048	274574	1010	16732	-	17428	14820	12764	902	1706	2056	12	0.920169	0.861269	0.732385	0
PBE31016_skip_48cfe1d5_2a56a123_61.pod5	5f347e8f-f404-46fb-9cd3-ddd826a088af	2a56a1234efd33c542b8cb6a9627e827d4977d6c	649	3	43147.4	28.778	43147.5	28.6668	10957	28.3809	unclassified	chr1	258381	269323	0	10942	+	10959	10925	10887	17	17	38	60	0.998631	0.996522	0.99343	0
PBE31016_skip_48cfe1d5_2a56a123_127.pod5	d68dbc67-6e86-4839-8692-ef2d217381d6	2a56a1234efd33c542b8cb6a9627e827d4977d6c	1906	4	101220	12.3454	101220	12.3434	4623	29.6758	unclassified	chr1	258512	263107	29	4618	+	4598	4586	4567	3	9	19	60	0.992645	0.995857	0.993258	0
PBE31016_skip_48cfe1d5_2a56a123_11.pod5	c2e88abe-82a8-49f1-aaba-2cab4b17ffe7	2a56a1234efd33c542b8cb6a9627e827d4977d6c	2359	4	8009.29	28.658	8009.41	28.5432	12940	26.6436	unclassified	chr1	258570	271509	10	12936	-	12948	12917	12897	9	22	20	60	0.998918	0.998452	0.996061	0
PBE31016_skip_48cfe1d5_2a56a123_54.pod5	5b853052-156b-42bb-93a6-152aca7a0577	2a56a1234efd33c542b8cb6a9627e827d4977d6c	2732	1	37231.8	5.3544	37231.8	5.3524	1301	16.4105	unclassified	chr1	258672	259965	0	1270	-	1301	1262	1248	8	31	14	39	0.976172	0.988907	0.959262	0
PBE31016_skip_48cfe1d5_2a56a123_179.pod5	c4cfd6ab-320c-43f4-bf2d-4e6bd2dea59c	2a56a1234efd33c542b8cb6a9627e827d4977d6c	376	2	197065	0.5254	197065	0.5234	178	32.8101	unclassified	chr1	258767	258945	0	178	-	178	178	176	0	0	2	0	1	0.988764	0.988764	0
PBE31016_skip_48cfe1d5_2a56a123_193.pod5	76c548ab-2b06-47a7-bc53-59de639ff455	2a56a1234efd33c542b8cb6a9627e827d4977d6c	1080	1	248998	17.7704	248998	17.5776	6687	22.8154	unclassified	chr1	259037	265719	0	6681	+	6696	6667	6627	14	15	40	60	0.999103	0.994	0.989695	0
PBE31016_skip_48cfe1d5_2a56a123_40.pod5	53fa5ff3-bb66-430d-bd52-d180c41bca39	2a56a1234efd33c542b8cb6a9627e827d4977d6c	1282	4	27120.6	31.3304	27120.7	31.2288	13800	25.038	unclassified	chr1	259086	272904	0	13794	+	13842	13770	13696	24	48	74	60	0.999565	0.994626	0.989452	0
PBE31016_skip_48cfe1d5_2a56a123_25.pod5	a359f478-6919-4186-a653-5d87ccbcca43	2a56a1234efd33c542b8cb6a9627e827d4977d6c	399	1	16885.1	36.7052	16885.2	36.5868	11323	35.234	unclassified	chr1	259132	270462	6	11323	-	11335	11312	11271	5	18	41	60	0.99947	0.996376	0.994354	0
PBE31016_skip_48cfe1d5_2a56a123_12.pod5	5926effa-a21a-4181-b870-3187d66ca4f7	2a56a1234efd33c542b8cb6a9627e827d4977d6c	1703	4	8350.81	8.486	8350.97	8.3268	4078	19.1355	unclassified	chr1	259179	263263	0	4071	+	4091	4064	4030	7	20	34	23	0.998283	0.991634	0.985089	0
PBE31016_skip_48cfe1d5_2a56a123_35.pod5	56691730-a7fa-4c3e-ae5a-9bd8453e6ee0	2a56a1234efd33c542b8cb6a9627e827d4977d6c	1708	3	22720.7	12.8996	22720.8	12.7644	5073	32.3484	unclassified	chr1	259198	264261	6	5073	-	5068	5062	5042	5	1	20	60	0.998817	0.996049	0.99487	0
PBE31016_skip_48cfe1d5_2a56a123_132.pod5	c24b01c7-0f5d-4617-b696-3cc01e952e1f	2a56a1234efd33c542b8cb6a9627e827d4977d6c	1861	2	105095	6.2086	105095	6.2066	1665	16.6537	unclassified	chr1	259354	261016	0	1665	+	1679	1648	1615	17	14	33	7	1	0.979976	0.961882	0
PBE31016_skip_48cfe1d5_2a56a123_29.pod5	d0f27161-3a52-4749-a273-888e0b812658	2a56a1234efd33c542b8cb6a9627e827d4977d6c	2972	1	19595.7	18.1352	19595.8	18.0576	6513	30.8004	unclassified	chr1	259564	266070	6	6513	-	6510	6503	6480	4	3	23	60	0.999079	0.996463	0.995392	0
PBE31016_skip_48cfe1d5_2a56a123_111.pod5	07988d73-85bc-4cac-b495-098e847689d8	2a56a1234efd33c542b8cb6a9627e827d4977d6c	1403	1	86069.4	18.662	86069.5	18.54	7312	28.7896	unclassified	chr1	259754	267070	7	7312	-	7317	7304	7294	1	12	10	60	0.999043	0.998631	0.996857	0
PBE31016_skip_48cfe1d5_2a56a123_111.pod5	14721ce7-f31b-420b-8e0e-3661866131b3	2a56a1234efd33c542b8cb6a9627e827d4977d6c	1403	1	86088.1	17.4392	86088.2	17.3388	7300	26.1937	unclassified	chr1	259755	267070	0	7291	+	7317	7289	7278	2	26	11	60	0.998767	0.998491	0.99467	0
PBE31016_skip_48cfe1d5_2a56a123_82.pod5	09166135-e285-434c-841b-24d3819e6bc8	2a56a1234efd33c542b8cb6a9627e827d4977d6c	276	2	60469.2	29.7312	60469.2	29.7292	13290	20.5317	unclassified	chr1	259794	273058	35	13284	+	13305	13208	13122	41	56	86	60	0.996915	0.993489	0.986246	0
PBE31016_skip_48cfe1d5_2a56a123_75.pod5	c07b89e3-806a-4436-bbcd-91bd8bcfe891	2a56a1234efd33c542b8cb6a9627e827d4977d6c	1051	2	54793.3	14.2232	54793.5	14.0868	6022	25.4909	unclassified	chr1	259807	265812	7	6022	-	6018	6002	5979	13	3	23	60	0.998838	0.996168	0.993519	0
PBE31016_skip_48cfe1d5_2a56a123_14.pod5	5752e311-3aa1-4240-b372-7660e4e49f32	2a56a1234efd33c542b8cb6a9627e827d4977d6c	2698	1	10323.5	15.098	10323.7	14.9028	5471	17.7142	unclassified	chr1	259966	265466	9	5471	-	5529	5433	5356	29	67	77	60	0.998355	0.985827	0.96871	0
PBE31016_skip_48cfe1d5_2a56a123_51.pod5	c912938f-4313-45eb-ba20-18c63217808c	2a56a1234efd33c542b8cb6a9627e827d4977d6c	897	4	34471.4	3.5048	34471.6	3.3792	1353	30.4067	unclassified	chr1	259966	261311	5	1353	-	1348	1345	1341	3	0	4	48	0.996305	0.997026	0.994807	0
PBE31016_skip_48cfe1d5_2a56a123_177.pod5	39dfa853-6c13-4227-9e19-b3941fc59fb0	2a56a1234efd33c542b8cb6a9627e827d4977d6c	2143	3	191391	11.8568	191391	11.8548	4540	28.8695	unclassified	chr1	260043	264546	32	4533	+	4505	4499	4492	2	4	7	60	0.99141	0.998444	0.997114	0
PBE31016_skip_48cfe1d5_2a56a123_32.pod5	e38fbcda-2111-4189-8437-df6949deb3a5	2a56a1234efd33c542b8cb6a9627e827d4977d6c	2520	2	21491.5	23.5472	21491.5	23.5452	7876	27.3858	unclassified	chr1	260140	267976	29	7870	+	7842	7835	7824	6	1	11	60	0.995556	0.998596	0.997705	0
PBE31016_skip_48cfe1d5_2a56a123_174.pod5	722ca499-c534-4f36-bfc2-29cd297167b1	2a56a1234efd33c542b8cb6a9627e827d4977d6c	559	4	182097	17.864	182097	17.6376	6578	33.8932	unclassified	chr1	260383	266956	5	6578	-	6574	6572	6560	1	1	12	60	0.99924	0.998174	0.99787	0
PBE31016_skip_48cfe1d5_2a56a123_17.pod5	f0cac942-3254-4b17-8fb6-4dbb382447c2	2a56a1234efd33c542b8cb6a9627e827d4977d6c	2135	4	11973.4	12.4064	11973.6	12.2808	5075	31.6543	unclassified	chr1	260383	265455	5	5075	-	5073	5069	5052	1	3	17	60	0.999015	0.996646	0.99586	0
PBE31016_skip_48cfe1d5_2a56a123_174.pod5	f7a365b6-1e95-4fd0-a1d4-1b56d574a621	2a56a1234efd33c542b8cb6a9627e827d4977d6c	559	4	182115	16.3316	182115	16.2036	6575	26.8333	unclassified	chr1	260385	266956	0	6568	+	6574	6565	6546	3	6	19	60	0.998935	0.997106	0.995741	0
PBE31016_skip_48cfe1d5_2a56a123_70.pod5	9ae0cc45-0391-429f-a0ed-a4b55473e678	2a56a1234efd33c542b8cb6a9627e827d4977d6c	414	4	49699.9	166.418	49700.1	166.242	43413	22.0592	unclassified	chr1	260430	297889	8	37791	-	37837	37405	37246	378	54	159	14	0.870315	0.995749	0.98438	0
PBE31016_skip_48cfe1d5_2a56a123_47.pod5	d12d7641-5da7-422c-969b-5ed982e6ce40	2a56a1234efd33c542b8cb6a9627e827d4977d6c	1427	2	32373.4	7.052	32373.5	6.8928	2679	32.5625	unclassified	chr1	260606	263284	0	2675	+	2680	2673	2662	2	5	11	60	0.998507	0.995885	0.993284	0
PBE31016_skip_48cfe1d5_2a56a123_47.pod5	9bb153f7-1b05-49d4-aed9-00bc20c723e8	2a56a1234efd33c542b8cb6a9627e827d4977d6c	1427	2	32380.4	6.6812	32380.5	6.5916	2679	28.1133	unclassified	chr1	260606	263279	12	2679	-	2674	2666	2654	1	7	12	60	0.995521	0.995499	0.992521	0
PBE31016_skip_48cfe1d5_2a56a123_18.pod5	283a5e88-9763-44c1-b49e-6b17822744e8	2a56a1234efd33c542b8cb6a9627e827d4977d6c	2186	4	12453.7	32.4404	12453.9	32.2692	12779	32.2993	unclassified	chr1	260628	273405	7	12779	-	12783	12766	12749	6	11	17	60	0.999452	0.998668	0.99734	0
PBE31016_skip_48cfe1d5_2a56a123_5.pod5	994e560c-5076-4a10-b506-a81083511538	2a56a1234efd33c542b8cb6a9627e827d4977d6c	301	4	4256.19	4.4162	4256.19	4.4142	2534	10.1607	unclassified	chr1	260780	262356	936	2532	+	1663	1509	1407	87	67	102	0	0.629834	0.932406	0.846061	0
PBE31016_skip_48cfe1d5_2a56a123_21.pod5	54d6393c-50f9-4813-9fa5-f3409a4e2482	2a56a1234efd33c542b8cb6a9627e827d4977d6c	1525	2	14256.7	28.3388	14256.9	28.1688	10443	31.5864	unclassified	chr1	260786	271219	0	10437	+	10443	10427	10398	10	6	29	60	0.999425	0.997219	0.995691	0
PBE31016_skip_48cfe1d5_2a56a123_82.pod5	52f5089a-4343-4a8e-822e-dc9df37709a2	2a56a1234efd33c542b8cb6a9627e827d4977d6c	2633	4	60064.5	7.5212	60064.7	7.386	2301	25.9078	unclassified	chr1	260828	263122	8	2301	-	2294	2293	2284	0	1	9	60	0.996523	0.996075	0.995641	0
PBE31016_skip_48cfe1d5_2a56a123_29.pod5	5b0c52a1-ab61-430b-8548-acad311d7e01	2a56a1234efd33c542b8cb6a9627e827d4977d6c	626	1	19565.5	57.3368	19565.6	57.2268	17941	12.3491	unclassified	chr1	260859	278739	8	17938	-	18387	17423	16741	507	457	682	60	0.999387	0.960856	0.91048	0
PBE31016_skip_48cfe1d5_2a56a123_146.pod5	819073eb-3bac-43c6-9dbc-57eaf6011316	2a56a1234efd33c542b8cb6a9627e827d4977d6c	1399	3	120161	8.2712	120161	8.16	3300	19.9851	unclassified	chr1	260967	264261	9	3300	-	3299	3286	3260	5	8	26	60	0.997273	0.992088	0.988178	0
PBE31016_skip_48cfe1d5_2a56a123_12.pod5	10815545-33fc-49ea-871d-3741fb8e49f0	2a56a1234efd33c542b8cb6a9627e827d4977d6c	1712	1	8463.41	21.3836	8463.53	21.258	9395	22.2456	unclassified	chr1	261195	270595	1	9389	+	9420	9368	9327	20	32	41	60	0.999255	0.995623	0.990127	0
PBE31016_skip_48cfe1d5_2a56a123_85.pod5	02088d60-bdc7-459e-9bd4-4565c6292404	2a56a1234efd33c542b8cb6a9627e827d4977d6c	882	2	63042.8	2.8964	63042.8	2.8944	1112	11.5992	unclassified	chr1	261380	262445	45	1111	+	1097	1034	987	32	31	47	32	0.958633	0.954545	0.899727	0
PBE31016_skip_48cfe1d5_2a56a123_31.pod5	b267da23-d044-4674-995b-3b48021b5896	2a56a1234efd33c542b8cb6a9627e827d4977d6c	1267	3	20430	7.5536	20430.2	7.3728	3116	30.0038	unclassified	chr1	261435	264546	7	3116	-	3113	3107	3102	2	4	5	30	0.997754	0.998391	0.996466	0
PBE31016_skip_48cfe1d5_2a56a123_72.pod5	50ddadf6-3e05-4618-b67f-782c1893e473	2a56a1234efd33c542b8cb6a9627e827d4977d6c	769	4	51151.5	24.1556	51151.6	24.0492	9348	26.1776	unclassified	chr1	261446	270789	0	9341	+	9359	9325	9291	16	18	34	60	0.999251	0.996354	0.992734	0
PBE31016_skip_48cfe1d5_2a56a123_44.pod5	ece1eb02-c9f8-4d26-a09f-985ea0a6a978	2a56a1234efd33c542b8cb6a9627e827d4977d6c	99	3	30299.9	1.4396	30300	1.314	532	33.0042	unclassified	chr1	261446	261977	1	532	-	531	531	531	0	0	0	33	0.99812	1	1	0
PBE31016_skip_48cfe1d5_2a56a123_153.pod5	191e234b-0c5d-4d1f-a7e5-2bb2aa42f301	2a56a1234efd33c542b8cb6a9627e827d4977d6c	2175	1	130434	9.0668	130434	8.946	4061	24.3636	unclassified	chr1	261519	265576	0	4054	+	4063	4048	4029	6	9	19	60	0.998276	0.995306	0.991632	0
PBE31016_skip_48cfe1d5_2a56a123_72.pod5	31d53b17-6b61-4f2e-b282-93ab802e73a7	2a56a1234efd33c542b8cb6a9627e827d4977d6c	1725	3	51634.3	14.5772	51634.4	14.4636	6081	25.2121	unclassified	chr1	261664	267739	7	6081	-	6083	6066	6060	8	9	6	60	0.998849	0.999011	0.996219	0
PBE31016_skip_48cfe1d5_2a56a123_175.pod5	cc293a7b-33d0-4bc9-8b4f-7f2219326263	2a56a1234efd33c542b8cb6a9627e827d4977d6c	1367	3	182431	132.231	182431	131.914	44998	27.5017	unclassified	chr1	261840	297889	0	36008	+	36088	35969	35913	39	80	56	58	0.800213	0.998443	0.995151	0
PBE31016_skip_48cfe1d5_2a56a123_83.pod5	99502e69-f732-4f20-beed-e98c49e87282	2a56a1234efd33c542b8cb6a9627e827d4977d6c	967	1	61367.1	45.2204	61367.1	45.2184	15145	9.58839	unclassified	chr1	262211	277307	42	15145	+	15697	14502	13645	601	594	857	60	0.997227	0.940905	0.869274	0
PBE31016_skip_48cfe1d5_2a56a123_63.pod5	b56b8b43-7f7e-4b7c-a0c5-9c0cf1f6040d	2a56a1234efd33c542b8cb6a9627e827d4977d6c	299	2	45015.1	7.6708	45015.1	7.6688	3121	10.3368	unclassified	chr1	262218	265371	37	3109	+	3234	2991	2841	81	162	150	60	0.9843	0.94985	0.878479	0
PBE31016_skip_48cfe1d5_2a56a123_106.pod5	48fe3098-2970-47b2-b7ed-d1273799723f	2a56a1234efd33c542b8cb6a9627e827d4977d6c	1762	1	81250.6	48.632	81250.8	48.4812	26368	26.7958	unclassified	chr1	262398	288746	0	26363	+	26391	26320	26295	43	28	25	60	0.99981	0.99905	0.996362	0
PBE31016_skip_48cfe1d5_2a56a123_38.pod5	5c940616-4c24-4c99-aa46-6543df63db28	2a56a1234efd33c542b8cb6a9627e827d4977d6c	2422	1	25957.3	7.4432	25957.5	7.2972	2974	27.4749	unclassified	chr1	262556	265522	7	2974	-	2967	2966	2964	1	0	2	60	0.997646	0.999326	0.998989	0
PBE31016_skip_48cfe1d5_2a56a123_101.pod5	ed554c4c-ae86-4b42-9b04-4ad17650783c	2a56a1234efd33c542b8cb6a9627e827d4977d6c	158	1	77477.1	10.9172	77477.2	10.788	4369	24.1042	unclassified	chr1	262641	266976	25	4366	+	4347	4329	4315	12	6	14	60	0.993591	0.996766	0.992639	0
PBE31016_skip_48cfe1d5_2a56a123_53.pod5	6796cdc8-cc25-4278-80ea-800447efc690	2a56a1234efd33c542b8cb6a9627e827d4977d6c	2473	1	36947	18.602	36947.2	18.4812	7366	30.6821	unclassified	chr1	262761	270123	8	7366	-	7362	7358	7353	0	4	5	60	0.998914	0.99932	0.998778	0
PBE31016_skip_48cfe1d5_2a56a123_116.pod5	6b7b174c-56ba-4844-a00b-788d56b488d9	2a56a1234efd33c542b8cb6a9627e827d4977d6c	1271	2	91048.7	5.9374	91048.7	5.9354	2352	10.2933	unclassified	chr1	262895	265280	6	2316	-	2426	2269	2139	41	116	130	60	0.982143	0.942706	0.881698	0
PBE31016_skip_48cfe1d5_2a56a123_116.pod5	02a782d2-83fa-4acd-b319-e01dc82d6f7f	2a56a1234efd33c542b8cb6a9627e827d4977d6c	1271	2	91042.2	6.083	91042.2	6.081	2435	8.87726	unclassified	chr1	262898	265281	35	2424	+	2496	2276	2115	113	107	161	48	0.981109	0.929262	0.847356	0
PBE31016_skip_48cfe1d5_2a56a123_69.pod5	a5301c13-2af6-48e0-8b08-ee78a4be1cb5	2a56a1234efd33c542b8cb6a9627e827d4977d6c	2133	2	49545.9	12.7232	49546	12.5592	4901	29.0383	unclassified	chr1	263076	267976	6	4901	-	4900	4895	4890	0	5	5	60	0.998776	0.998979	0.997959	0
PBE31016_skip_48cfe1d5_2a56a123_36.pod5	f2df6f42-5c92-480b-8222-6c5a062b61fa	2a56a1234efd33c542b8cb6a9627e827d4977d6c	820	1	24283	9.0092	24283.1	8.9124	4026	28.5983	unclassified	chr1	263122	267140	7	4026	-	4020	4017	4007	2	1	10	60	0.998261	0.997511	0.996766	0
PBE31016_skip_48cfe1d5_2a56a123_58.pod5	246fa090-a4e6-4902-93f8-903b34fc860f	2a56a1234efd33c542b8cb6a9627e827d4977d6c	2489	4	39616.5	7.7192	39616.6	7.5852	2392	35.4653	unclassified	chr1	263286	265674	4	2392	-	2388	2388	2387	0	0	1	60	0.998328	0.999581	0.999581	0
PBE31016_skip_48cfe1d5_2a56a123_108.pod5	e0777c15-4abc-41bf-9cb9-ce5c27d37fd8	2a56a1234efd33c542b8cb6a9627e827d4977d6c	2680	1	83334.2	17.5602	83334.2	17.5582	6151	22.0245	unclassified	chr1	263868	269960	29	6145	+	6128	6080	6072	36	12	8	60	0.99431	0.998684	0.990862	0
PBE31016_skip_48cfe1d5_2a56a123_0.pod5	ae52e485-4d3b-45c5-8555-f7fa1956e74d	2a56a1234efd33c542b8cb6a9627e827d4977d6c	1693	1	849.646	8.6792	849.788	8.5368	3062	26.4458	unclassified	chr1	264407	267471	0	3055	+	3067	3052	3035	3	12	17	60	0.997714	0.99443	0.989566	0
PBE31016_skip_48cfe1d5_2a56a123_31.pod5	c05aa986-b414-49f2-aaa6-e5be599f962c	2a56a1234efd33c542b8cb6a9627e827d4977d6c	2377	2	20557.7	13.2128	20557.8	13.0992	5239	29.257	unclassified	chr1	264470	269703	0	5239	+	5240	5232	5215	7	1	17	60	1	0.996751	0.995229	0
PBE31016_skip_48cfe1d5_2a56a123_87.pod5	68cb450f-28ba-4676-bb0b-a2e81ec40a82	2a56a1234efd33c542b8cb6a9627e827d4977d6c	352	3	65281.5	4.6216	65281.5	4.6216	2058	16.4815	unclassified	chr1	264614	266648	37	2042	+	2051	1988	1958	17	46	30	60	0.974247	0.984909	0.954656	0
PBE31016_skip_48cfe1d5_2a56a123_87.pod5	b24c0bc5-5ee6-4dcc-b527-254d35c48568	2a56a1234efd33c542b8cb6a9627e827d4977d6c	352	3	65275.7	5.7936	65275.8	5.6964	2033	29.2229	unclassified	chr1	264614	266650	12	2033	-	2037	2020	2012	1	16	8	60	0.994097	0.99604	0.987727	0
PBE31016_skip_48cfe1d5_2a56a123_75.pod5	6cad8f3a-bd07-403f-9407-687b79fd98f7	2a56a1234efd33c542b8cb6a9627e827d4977d6c	1924	2	54651.2	50.7284	54651.3	50.6292	21838	24.8938	unclassified	chr1	265003	286826	7	21838	-	21900	21754	21639	77	69	115	60	0.999679	0.994714	0.988082	0
PBE31016_skip_48cfe1d5_2a56a123_149.pod5	288a42cc-e5f4-42b4-94a7-8fc9db4102d8	2a56a1234efd33c542b8cb6a9627e827d4977d6c	1590	4	125758	71.7116	125758	71.5188	25335	24.277	unclassified	chr1	265291	279162	11431	25335	-	13927	13848	13748	56	23	100	60	0.548806	0.992779	0.987147	0
PBE31016_skip_48cfe1d5_2a56a123_3.pod5	6c9ed42e-8319-4a4c-becf-c74e10591631	2a56a1234efd33c542b8cb6a9627e827d4977d6c	1555	4	2860.39	6.6812	2860.53	6.5484	2513	28.8963	unclassified	chr1	265463	267976	0	2513	-	2515	2511	2503	2	2	8	60	1	0.996814	0.995229	0
PBE31016_skip_48cfe1d5_2a56a123_27.pod5	b00df860-f0c6-4485-a65e-688cc9a06b60	2a56a1234efd33c542b8cb6a9627e827d4977d6c	1225	4	18501.2	6.6868	18501.2	6.6848	2544	19.94	unclassified	chr1	265463	267976	4	2521	-	2529	2501	2477	16	12	24	60	0.989387	0.990404	0.979438	0
PBE31016_skip_48cfe1d5_2a56a123_54.pod5	113e25f4-73c9-4722-9a80-aa9b89118d2b	2a56a1234efd33c542b8cb6a9627e827d4977d6c	1628	3	37663.5	4.592	37663.6	4.4832	1959	32.3666	unclassified	chr1	265522	267469	0	1948	+	1948	1947	1942	1	0	5	60	0.994385	0.997432	0.99692	0
PBE31016_skip_48cfe1d5_2a56a123_147.pod5	dba73d05-a1ea-4081-90c9-335a36b864ce	2a56a1234efd33c542b8cb6a9627e827d4977d6c	560	2	123189	10.0556	123189	9.9432	4130	13.6202	unclassified	chr1	265523	269652	6	4130	-	4211	4042	3940	82	87	102	53	0.998547	0.974765	0.935645	0
PBE31016_skip_48cfe1d5_2a56a123_156.pod5	76ad69b4-7d08-4728-9580-d8988367b577	2a56a1234efd33c542b8cb6a9627e827d4977d6c	1321	4	136368	6.4256	136368	6.3096	2397	19.887	unclassified	chr1	265574	267966	5	2397	-	2401	2383	2366	9	9	17	60	0.997914	0.992866	0.985423	0
PBE31016_skip_48cfe1d5_2a56a123_85.pod5	10dab8fc-6714-4683-b152-b6aaa0887f04	2a56a1234efd33c542b8cb6a9627e827d4977d6c	852	4	63136.9	17.6852	63137	17.574	7120	30.3233	unclassified	chr1	265941	273057	9	7120	-	7124	7103	7081	8	13	22	60	0.998736	0.996903	0.993964	0
PBE31016_skip_48cfe1d5_2a56a123_73.pod5	445ab7e4-9648-4fe6-a826-ac26d0f3320b	2a56a1234efd33c542b8cb6a9627e827d4977d6c	686	1	52782.8	5.6168	52782.8	5.6148	1990	31.042	unclassified	chr1	266131	267975	108	1956	-	1848	1844	1842	4	0	2	45	0.928643	0.998915	0.996753	0
PBE31016_skip_48cfe1d5_2a56a123_123.pod5	984a6159-ef34-4a31-8629-29ec89fd3e83	2a56a1234efd33c542b8cb6a9627e827d4977d6c	1823	2	95993.2	5.8232	95993.2	5.8212	3879	17.8823	unclassified	chr1	266161	270003	30	3872	+	3862	3822	3789	20	20	33	60	0.990461	0.991366	0.981098	0
PBE31016_skip_48cfe1d5_2a56a123_123.pod5	feec4412-e433-4693-bcd5-a1caa3ccec13	2a56a1234efd33c542b8cb6a9627e827d4977d6c	1823	2	95983.2	9.986	95983.3	9.8232	3854	26.1936	unclassified	chr1	266161	270003	7	3854	-	3850	3839	3831	8	3	8	60	0.998184	0.997916	0.995065	0
PBE31016_skip_48cfe1d5_2a56a123_142.pod5	29b86dd3-9ada-465a-b2f4-d02b53abb780	2a56a1234efd33c542b8cb6a9627e827d4977d6c	1127	3	117022	13.94	117023	13.7568	5251	28.6587	unclassified	chr1	266236	271474	6	5251	-	5247	5236	5229	9	2	7	60	0.998857	0.998663	0.996569	0
PBE31016_skip_48cfe1d5_2a56a123_142.pod5	b96462b0-3778-4ab8-85ab-b4144555e7d6	2a56a1234efd33c542b8cb6a9627e827d4977d6c	1127	3	117036	14.816	117036	14.7144	5249	27.606	unclassified	chr1	266237	271474	0	5242	+	5247	5232	5223	10	5	9	60	0.998666	0.99828	0.995426	0
PBE31016_skip_48cfe1d5_2a56a123_99.pod5	d5384923-950c-4be8-8fad-37c7a9a253db	2a56a1234efd33c542b8cb6a9627e827d4977d6c	1941	2	75640	8.3102	75640	8.3082	2849	26.4352	unclassified	chr1	266546	269349	6	2807	-	2805	2799	2797	2	4	2	60	0.983152	0.999285	0.997148	0
PBE31016_skip_48cfe1d5_2a56a123_125.pod5	f924cfe8-9053-43b6-ab38-135e2ce58706	2a56a1234efd33c542b8cb6a9627e827d4977d6c	730	2	98847.3	8.0744	98847.5	7.944	2778	28.7898	unclassified	chr1	266946	269722	4	2778	-	2778	2772	2770	2	4	2	59	0.99856	0.999278	0.99712	0
PBE31016_skip_48cfe1d5_2a56a123_114.pod5	caec7f0c-32f5-4d66-8d79-a1ba53e5fa25	2a56a1234efd33c542b8cb6a9627e827d4977d6c	2342	3	88974	20.2786	88974	20.2766	10535	26.7796	unclassified	chr1	267140	277634	33	10527	+	10505	10483	10469	11	11	14	60	0.996108	0.998664	0.996573	0
PBE31016_skip_48cfe1d5_2a56a123_80.pod5	d682eb2e-ea19-4c7b-ae99-cf3bddbf5719	2a56a1234efd33c542b8cb6a9627e827d4977d6c	350	1	58149.1	11.234	58149.2	11.1288	4081	30.3056	unclassified	chr1	267142	271217	0	4075	+	4078	4072	4066	3	3	6	60	0.99853	0.998527	0.997057	0
PBE31016_skip_48cfe1d5_2a56a123_112.pod5	98c5c4a0-612a-4440-8c32-b73f3993a183	2a56a1234efd33c542b8cb6a9627e827d4977d6c	674	2	86861	58.508	86861.1	58.3908	20676	28.7236	unclassified	chr1	267149	287822	0	20670	+	20706	20637	20614	33	36	23	60	0.99971	0.998886	0.995557	0
PBE31016_skip_48cfe1d5_2a56a123_67.pod5	490c3a49-a0b3-4f19-8ac4-a9c1fa65e1a7	2a56a1234efd33c542b8cb6a9627e827d4977d6c	1648	4	47383.5	37.8924	47383.5	37.8904	13827	10.9983	unclassified	chr1	267323	281275	7	13798	-	14307	13436	12836	355	516	600	60	0.997396	0.955344	0.897183	0
PBE31016_skip_48cfe1d5_2a56a123_10.pod5	b80a960d-c86d-4de9-82d6-ee2f984394d4	2a56a1234efd33c542b8cb6a9627e827d4977d6c	1075	2	7246.39	12.3548	7246.52	12.222	4226	31.9433	unclassified	chr1	267330	271556	7	4226	-	4238	4207	4197	12	19	10	60	0.998344	0.997623	0.990326	0
PBE31016_skip_48cfe1d5_2a56a123_176.pod5	c1cbfd7d-c76f-4df1-be21-1f5ed82014c1	2a56a1234efd33c542b8cb6a9627e827d4977d6c	815	3	189432	5.2916	189432	5.2044	2423	13.2492	unclassified	chr1	267348	269775	15	2420	-	2447	2385	2324	20	42	61	60	0.992571	0.974423	0.949734	0
PBE31016_skip_48cfe1d5_2a56a123_54.pod5	615c8218-4219-4129-b830-6808e9c38714	2a56a1234efd33c542b8cb6a9627e827d4977d6c	2350	3	37353.4	9.5216	37353.6	9.3528	3783	13.1979	unclassified	chr1	267409	271228	6	3783	-	3868	3728	3609	49	91	119	60	0.998414	0.968079	0.93304	0
PBE31016_skip_48cfe1d5_2a56a123_54.pod5	898f6359-5aea-4680-beb9-43c2f72fae89	2a56a1234efd33c542b8cb6a9627e827d4977d6c	2350	3	37363	8.6176	37363	8.6156	3828	11.9172	unclassified	chr1	267418	271225	39	3818	+	3891	3695	3563	84	112	132	60	0.9872	0.964276	0.915703	0
PBE31016_skip_48cfe1d5_2a56a123_114.pod5	1669396a-182f-4df5-bbc3-caab9d1e563f	2a56a1234efd33c542b8cb6a9627e827d4977d6c	2824	1	89017.6	10.6936	89017.6	10.6916	3775	12.4432	unclassified	chr1	267505	271221	34	3769	+	3817	3634	3502	101	82	132	60	0.989404	0.963676	0.917474	0
PBE31016_skip_48cfe1d5_2a56a123_93.pod5	abcd5f2e-1377-4094-9b24-e8c6780fd99f	2a56a1234efd33c542b8cb6a9627e827d4977d6c	439	4	70112.2	6.842	70112.3	6.7548	2536	15.0702	unclassified	chr1	267510	270038	0	2529	+	2553	2504	2463	25	24	41	60	0.99724	0.983626	0.964747	0
PBE31016_skip_48cfe1d5_2a56a123_186.pod5	fd9ce6d1-03ae-411b-a369-1990301e6fc4	2a56a1234efd33c542b8cb6a9627e827d4977d6c	1388	1	222608	8.2268	222608	8.1132	3058	26.2487	unclassified	chr1	267975	271026	6	3058	-	3053	3050	3041	2	1	9	60	0.998038	0.997049	0.996069	0
PBE31016_skip_48cfe1d5_2a56a123_146.pod5	1d994417-5ee3-4365-b626-8d77251be763	2a56a1234efd33c542b8cb6a9627e827d4977d6c	2609	3	121340	0.4334	121340	0.4314	166	19.5315	unclassified	chr1	268066	268194	2	128	-	128	126	126	0	2	0	35	0.759036	1	0.984375	0
PBE31016_skip_48cfe1d5_2a56a123_49.pod5	252fe502-9b53-47f3-9209-b7a5d6704a1e	2a56a1234efd33c542b8cb6a9627e827d4977d6c	431	4	34044.7	8.2196	34044.9	8.058	3221	26.203	unclassified	chr1	268094	271307	7	3221	-	3219	3208	3194	6	5	14	60	0.997827	0.995636	0.992234	0
PBE31016_skip_48cfe1d5_2a56a123_101.pod5	8550f36e-116e-4918-9247-fdab2f6922dc	2a56a1234efd33c542b8cb6a9627e827d4977d6c	208	3	77441.9	9.5372	77442	9.4116	3071	12.6824	unclassified	chr1	268118	271222	0	3068	-	3161	3011	2922	57	93	89	60	0.999023	0.970442	0.924391	0
PBE31016_skip_48cfe1d5_2a56a123_75.pod5	603a3018-e32b-48c6-b71f-8a97d22c9c6b	2a56a1234efd33c542b8cb6a9627e827d4977d6c	1402	2	54159.9	20.8904	54160	20.7912	8861	25.2299	unclassified	chr1	268464	277332	0	8853	+	8897	8824	8779	29	44	45	36	0.999097	0.9949	0.986737	0
PBE31016_skip_48cfe1d5_2a56a123_33.pod5	c1dc1f11-3e24-4d3b-96f1-e43180f15f42	2a56a1234efd33c542b8cb6a9627e827d4977d6c	2374	3	22003.4	2.2086	22003.4	2.2066	781	22.195	unclassified	chr1	268464	269200	34	772	+	739	735	733	3	1	2	53	0.944942	0.997279	0.991881	0
PBE31016_skip_48cfe1d5_2a56a123_75.pod5	7cc83880-502e-4608-a051-e03d1ff9510c	2a56a1234efd33c542b8cb6a9627e827d4977d6c	1402	2	54138	21.8624	54138.1	21.714	8872	30.4906	unclassified	chr1	268464	277332	9	8872	-	8892	8839	8808	24	29	31	37	0.998986	0.996493	0.990553	0
PBE31016_skip_48cfe1d5_2a56a123_5.pod5	5cf84fdf-85a9-46c5-8ba8-e26800e1ea66	2a56a1234efd33c542b8cb6a9627e827d4977d6c	286	1	4986.9	1.8404	4987.04	1.6968	680	25.2174	unclassified	chr1	268484	269162	1	680	+	679	678	675	1	0	3	59	0.998529	0.995575	0.994109	0
PBE31016_skip_48cfe1d5_2a56a123_5.pod5	5ed1e94d-38bb-47b2-bbbe-a802087b0a39	2a56a1234efd33c542b8cb6a9627e827d4977d6c	286	1	4988.82	2.0132	4988.98	1.8516	704	27.0026	unclassified	chr1	268495	269199	0	704	-	704	704	702	0	0	2	54	1	0.997159	0.997159	0
PBE31016_skip_48cfe1d5_2a56a123_180.pod5	cbf30fd2-601d-48cf-a2eb-52ee6fe33a5f	2a56a1234efd33c542b8cb6a9627e827d4977d6c	1608	2	201045	49.2164	201045	49.098	18157	28.4533	unclassified	chr1	269303	287443	13	18157	-	18165	18119	18076	25	21	43	60	0.999284	0.997627	0.9951	0
PBE31016_skip_48cfe1d5_2a56a123_170.pod5	db149318-7666-4a93-98ac-f9066c6594d8	2a56a1234efd33c542b8cb6a9627e827d4977d6c	2158	3	166163	0.2544	166163	0.2524	123	22.8201	unclassified	chr1	269520	269640	3	123	-	120	120	120	0	0	0	13	0.97561	1	1	0
PBE31016_skip_48cfe1d5_2a56a123_29.pod5	ed22a23c-703b-42da-8615-40163a61a884	2a56a1234efd33c542b8cb6a9627e827d4977d6c	2201	2	18966.3	2.7608	18966.3	2.7588	976	33.2159	unclassified	chr1	269692	270617	43	969	+	926	925	924	1	0	1	11	0.94877	0.998919	0.99784	0
PBE31016_skip_48cfe1d5_2a56a123_101.pod5	ff334e8d-e397-49fe-a769-887b6254eb7a	2a56a1234efd33c542b8cb6a9627e827d4977d6c	1370	3	77496.1	2.0558	77496.1	2.0538	623	13.7125	unclassified	chr1	270057	270652	6	594	-	600	583	560	5	12	23	2	0.94382	0.960549	0.933333	0
PBE31016_skip_48cfe1d5_2a56a123_180.pod5	01179ca0-3fe4-4cdc-a96e-823e9fd4514e	2a56a1234efd33c542b8cb6a9627e827d4977d6c	1957	1	201065	37.4468	201065	37.3236	14421	29.8004	unclassified	chr1	270084	284482	0	14415	+	14424	14389	14376	26	9	13	60	0.999584	0.999097	0.996672	0
PBE31016_skip_48cfe1d5_2a56a123_33.pod5	889ccdf1-c222-4f40-a020-06f9de140793	2a56a1234efd33c542b8cb6a9627e827d4977d6c	387	2	22592.5	25.268	22592.5	25.266	9982	26.0247	unclassified	chr1	270122	280079	25	9972	+	9965	9939	9920	8	18	19	60	0.996494	0.998088	0.995484	0
PBE31016_skip_48cfe1d5_2a56a123_68.pod5	fde72aa2-5f70-4e56-a713-6928189cd677	2a56a1234efd33c542b8cb6a9627e827d4977d6c	381	1	48217	0.584	48217.1	0.5064	242	16.1575	unclassified	chr1	270128	270358	9	242	-	233	230	229	3	0	1	0	0.96281	0.995652	0.982833	0
PBE31016_skip_48cfe1d5_2a56a123_68.pod5	f6be2fe2-62c9-47cf-9b71-92ccafc66e6f	2a56a1234efd33c542b8cb6a9627e827d4977d6c	1589	2	48832	6.0896	48832.1	6.0072	2816	25.6311	unclassified	chr1	270358	273177	0	2807	+	2819	2807	2799	0	12	8	60	0.996804	0.99715	0.992905	0
PBE31016_skip_48cfe1d5_2a56a123_86.pod5	b66802a8-2604-442e-a93b-71d435825315	2a56a1234efd33c542b8cb6a9627e827d4977d6c	655	4	64340.8	2.1358	64340.8	2.1338	941	13.3505	unclassified	chr1	270367	271256	11	906	-	909	875	855	20	14	20	14	0.951116	0.977143	0.940594	0
PBE31016_skip_48cfe1d5_2a56a123_80.pod5	84dbbd47-b1f2-4100-8678-aa1a186cb270	2a56a1234efd33c542b8cb6a9627e827d4977d6c	869	2	58139.4	2.3984	58139.5	2.2836	899	22.362	unclassified	chr1	270413	271302	1	886	+	889	885	882	0	4	3	60	0.984427	0.99661	0.992126	0
PBE31016_skip_48cfe1d5_2a56a123_80.pod5	953f1f5a-fcb4-4aa1-9d8f-0f07d30d8de5	2a56a1234efd33c542b8cb6a9627e827d4977d6c	869	2	58141.8	2.2676	58141.9	2.1828	896	25.0108	unclassified	chr1	270413	271302	11	896	-	889	885	882	0	4	3	60	0.987723	0.99661	0.992126	0
PBE31016_skip_48cfe1d5_2a56a123_21.pod5	82bdedf0-5e0b-49cf-9f9d-5408755fc1d3	2a56a1234efd33c542b8cb6a9627e827d4977d6c	2645	1	14586.4	8.864	14586.5	8.7432	3491	24.099	unclassified	chr1	271127	274631	9	3491	-	3507	3479	3465	3	25	14	27	0.997422	0.995976	0.988024	0
PBE31016_skip_48cfe1d5_2a56a123_92.pod5	c435e782-feb8-43f9-aace-480b5072f944	2a56a1234efd33c542b8cb6a9627e827d4977d6c	694	1	68883	29.5056	68883	29.5036	12818	17.964	unclassified	chr1	271230	283998	35	12807	+	12845	12695	12594	77	73	101	60	0.996411	0.992044	0.980459	0
PBE31016_skip_48cfe1d5_2a56a123_86.pod5	9fb1819f-3837-422a-8e27-9626ebde1fdb	2a56a1234efd33c542b8cb6a9627e827d4977d6c	281	2	63678.9	29.5136	63679.1	29.3688	12162	26.5705	unclassified	chr1	271230	283361	5	12162	-	12185	12103	12043	54	28	60	40	0.999589	0.995043	0.988346	0
PBE31016_skip_48cfe1d5_2a56a123_73.pod5	8e1b437e-8b22-4dbf-9006-ede39caab628	2a56a1234efd33c542b8cb6a9627e827d4977d6c	447	1	52655.8	5.3276	52655.9	5.1828	1894	23.913	unclassified	chr1	271233	273143	7	1894	-	1910	1887	1874	0	23	13	1	0.996304	0.993111	0.981152	0
PBE31016_skip_48cfe1d5_2a56a123_40.pod5	abbfbdbd-a0bb-46a2-a4a9-72be52e31173	2a56a1234efd33c542b8cb6a9627e827d4977d6c	334	3	27319.7	50.4394	27319.7	50.4374	19110	30.0263	unclassified	chr1	271253	286046	4308	19100	+	14808	14777	14765	15	16	12	60	0.774045	0.999188	0.997096	0
PBE31016_skip_48cfe1d5_2a56a123_171.pod5	cfdbae3f-82c4-469d-92f0-6c0cad3c52f7	2a56a1234efd33c542b8cb6a9627e827d4977d6c	1664	2	170622	10.832	170622	10.7304	4683	31.3513	unclassified	chr1	271277	275947	6	4683	-	4680	4667	4662	10	3	5	60	0.998719	0.998929	0.996154	0
PBE31016_skip_48cfe1d5_2a56a123_176.pod5	1d7d4008-875d-40ef-8d27-89cda27826f6	2a56a1234efd33c542b8cb6a9627e827d4977d6c	402	3	188152	7.1264	188153	7.0224	2478	29.5699	unclassified	chr1	271302	273690	0	2478	+	2498	2368	2334	110	20	34	1	1	0.985642	0.934347	0
PBE31016_skip_48cfe1d5_2a56a123_79.pod5	b5978094-918a-47f4-8acf-edc1a677e047	2a56a1234efd33c542b8cb6a9627e827d4977d6c	1445	4	57460.3	6.9164	57460.5	6.762	2187	20.5022	unclassified	chr1	271302	273487	0	2182	+	2195	2172	2157	10	13	15	38	0.997714	0.993094	0.982688	0
PBE31016_skip_48cfe1d5_2a56a123_137.pod5	f8378096-124b-4080-8c25-a9e3870695a1	2a56a1234efd33c542b8cb6a9627e827d4977d6c	2034	2	110435	22.4408	110435	22.332	8929	26.5408	unclassified	chr1	271307	280237	8	8929	-	8955	8896	8861	25	34	35	24	0.999104	0.996066	0.989503	0
PBE31016_skip_48cfe1d5_2a56a123_123.pod5	6c81ef4d-86f7-44c6-a916-4f5484886427	2a56a1234efd33c542b8cb6a9627e827d4977d6c	2425	2	96182.9	5.8268	96183.1	5.6784	1993	11.7224	unclassified	chr1	271309	273307	1	1987	-	2055	1929	1852	57	69	77	22	0.996488	0.960083	0.901217	0
PBE31016_skip_48cfe1d5_2a56a123_59.pod5	ff33d931-23f4-49a4-8c3b-e2586eaff2be	2a56a1234efd33c542b8cb6a9627e827d4977d6c	1855	3	41313.6	11.6672	41313.7	11.5392	3466	25.7835	unclassified	chr1	271311	274781	6	3466	-	3477	3453	3439	7	17	14	60	0.998269	0.995946	0.989071	0
PBE31016_skip_48cfe1d5_2a56a123_181.pod5	9404e052-782e-4c00-a309-15f432d7ac82	2a56a1234efd33c542b8cb6a9627e827d4977d6c	2590	3	205488	8.6528	205488	8.4144	3209	21.3595	unclassified	chr1	271349	274573	0	3198	+	3225	3197	3179	1	27	18	26	0.996572	0.99437	0.985736	0
PBE31016_skip_48cfe1d5_2a56a123_33.pod5	91d95746-d71b-4a44-a6ef-80db29107249	2a56a1234efd33c542b8cb6a9627e827d4977d6c	2553	2	22463.3	24.2084	22463.4	24.0948	9307	21.2687	unclassified	chr1	271464	280786	0	9302	+	9372	9252	9196	50	70	56	37	0.999463	0.993947	0.981221	0
PBE31016_skip_48cfe1d5_2a56a123_56.pod5	026706f0-f7c0-4846-a162-2585a23f9120	2a56a1234efd33c542b8cb6a9627e827d4977d6c	1435	2	38712.7	32.6468	38712.8	32.4756	11410	27.9405	unclassified	chr1	271469	282853	0	11406	+	11412	11378	11365	28	6	13	60	0.999649	0.998857	0.995882	0
PBE31016_skip_48cfe1d5_2a56a123_56.pod5	57276831-98ec-466c-89da-7963c3f1f9a2	2a56a1234efd33c542b8cb6a9627e827d4977d6c	1435	2	38745.3	28.1444	38745.4	28.0356	11365	26.3449	unclassified	chr1	271483	282851	0	11365	-	11387	11346	11331	19	22	15	60	1	0.998678	0.995082	0
PBE31016_skip_48cfe1d5_2a56a123_96.pod5	d3479fdb-4d96-41f0-9459-4b6cb19ff368	2a56a1234efd33c542b8cb6a9627e827d4977d6c	1724	4	73105.6	23.054	73105.6	23.052	8760	29.9661	unclassified	chr1	271755	280461	10	8725	-	8720	8701	8691	14	5	10	60	0.994863	0.998851	0.996674	0
PBE31016_skip_48cfe1d5_2a56a123_27.pod5	d8d35084-61e8-45cb-a2a9-260c47290ef7	2a56a1234efd33c542b8cb6a9627e827d4977d6c	2080	4	18243	57.183	18243	57.181	12687	13.9121	unclassified	chr1	271939	284143	6	12656	-	12689	12165	12083	485	39	82	39	0.997084	0.993259	0.952242	0
PBE31016_skip_48cfe1d5_2a56a123_27.pod5	e8035a58-8c04-46f6-949d-f3efb2ab9d73	2a56a1234efd33c542b8cb6a9627e827d4977d6c	2080	4	18206.7	36.26	18206.8	36.1128	12254	27.8488	unclassified	chr1	271943	284148	0	12247	+	12261	12191	12129	56	14	62	32	0.999429	0.994914	0.989234	0
PBE31016_skip_48cfe1d5_2a56a123_134.pod5	9b168add-b0c9-4ae6-add4-d15e7bddb0ab	2a56a1234efd33c542b8cb6a9627e827d4977d6c	2672	4	106930	33.932	106930	33.8064	12877	32.2908	unclassified	chr1	272010	284881	6	12877	-	12885	12857	12847	14	14	10	60	0.999534	0.999222	0.997051	0
PBE31016_skip_48cfe1d5_2a56a123_175.pod5	b9350ff6-d8ef-46c4-b7f4-6dc4959d1f35	2a56a1234efd33c542b8cb6a9627e827d4977d6c	1930	2	185605	1.6124	185605	1.6104	611	26.6225	unclassified	chr1	272260	272872	0	611	-	612	611	610	0	1	1	60	1	0.998363	0.996732	0
PBE31016_skip_48cfe1d5_2a56a123_78.pod5	9e4ab3cb-db8c-477c-82e6-9e4e28f5e183	2a56a1234efd33c542b8cb6a9627e827d4977d6c	1857	2	56581.5	39.2756	56581.7	39.1044	13569	12.1658	unclassified	chr1	272265	285748	24	13558	-	13899	13118	12553	416	365	565	1	0.997421	0.956929	0.903158	0
PBE31016_skip_48cfe1d5_2a56a123_175.pod5	ad083fcf-072e-40e7-8fc5-98ffbbc3ef5a	2a56a1234efd33c542b8cb6a9627e827d4977d6c	1930	2	185603	1.6742	185603	1.6722	607	30.7653	unclassified	chr1	273092	273697	2	607	-	605	605	605	0	0	0	27	0.996705	1	1	0
PBE31016_skip_48cfe1d5_2a56a123_25.pod5	043eb915-d2fa-4e32-b5d9-eeba273e5c02	2a56a1234efd33c542b8cb6a9627e827d4977d6c	2715	2	17016	43.013	17016	43.011	17024	10.9054	unclassified	chr1	273172	290394	12	16985	-	17669	16526	15819	447	696	707	50	0.997004	0.957219	0.895297	0
PBE31016_skip_48cfe1d5_2a56a123_102.pod5	b588b6c5-4213-4c88-9798-1c030274297e	2a56a1234efd33c542b8cb6a9627e827d4977d6c	581	2	78479.1	5.444	78479.3	5.304	2159	27.1958	unclassified	chr1	273256	275410	0	2152	+	2155	2151	2150	1	3	1	60	0.996758	0.999535	0.99768	0
PBE31016_skip_48cfe1d5_2a56a123_15.pod5	3f5f50d3-215d-443c-9834-e275f51f0fc0	2a56a1234efd33c542b8cb6a9627e827d4977d6c	190	4	10938.6	28.6784	10938.8	28.5648	10215	25.6281	unclassified	chr1	273312	283483	0	10204	+	10225	10150	10089	54	21	61	45	0.998923	0.99399	0.986699	0
PBE31016_skip_48cfe1d5_2a56a123_134.pod5	872b9d73-3f36-4bef-a680-12a12fda68b3	2a56a1234efd33c542b8cb6a9627e827d4977d6c	871	2	106484	11.2316	106485	11.0148	3510	28.8921	unclassified	chr1	273327	276803	9	3508	-	3501	3474	3464	25	2	10	26	0.996866	0.997121	0.989432	0
PBE31016_skip_48cfe1d5_2a56a123_63.pod5	9f00ddb7-f599-45c8-a458-b2dc11ec9adf	2a56a1234efd33c542b8cb6a9627e827d4977d6c	2262	2	44256.3	2.8318	44256.3	2.8298	1108	22.6336	unclassified	chr1	273423	274494	31	1101	+	1073	1068	1061	2	3	7	60	0.965704	0.993446	0.988816	0
PBE31016_skip_48cfe1d5_2a56a123_63.pod5	4dae260c-7c36-4597-aaea-17dcdb1f0c77	2a56a1234efd33c542b8cb6a9627e827d4977d6c	2262	2	44259.2	2.714	44259.3	2.6412	1071	25.2121	unclassified	chr1	273427	274494	5	1071	-	1068	1065	1064	1	2	1	60	0.995331	0.999061	0.996255	0
PBE31016_skip_48cfe1d5_2a56a123_104.pod5	0b23fe46-2f5d-4e90-aea8-4a81ce64c503	2a56a1234efd33c542b8cb6a9627e827d4977d6c	1601	2	80342	21.6848	80342.2	21.54	8090	25.5781	unclassified	chr1	273704	281744	0	8077	+	8082	8035	7997	42	5	38	35	0.998393	0.995271	0.989483	0
PBE31016_skip_48cfe1d5_2a56a123_153.pod5	6560a314-70fa-4c34-b026-5f6bfc4f0eff	2a56a1234efd33c542b8cb6a9627e827d4977d6c	1808	3	130139	14.1428	130139	14.0388	5286	21.9447	unclassified	chr1	273704	278971	6	5286	-	5295	5252	5234	28	15	18	60	0.998865	0.996573	0.98848	0
PBE31016_skip_48cfe1d5_2a56a123_175.pod5	c7f7531c-f7a7-4167-af9a-f9e38a4c5c87	2a56a1234efd33c542b8cb6a9627e827d4977d6c	1930	2	185596	6.1816	185596	6.1796	2248	31.9798	unclassified	chr1	273704	275943	0	2248	-	2248	2239	2238	9	0	1	60	1	0.999553	0.995552	0
PBE31016_skip_48cfe1d5_2a56a123_104.pod5	c8527f35-a0f5-4b3e-9edb-8d24181a6f6a	2a56a1234efd33c542b8cb6a9627e827d4977d6c	1601	2	80318.9	23.1248	80319	23.0376	8094	26.4791	unclassified	chr1	273704	281749	8	8094	-	8093	8038	7999	48	7	39	41	0.999012	0.995148	0.988385	0
PBE31016_skip_48cfe1d5_2a56a123_109.pod5	1d9fe126-73c5-43e0-889e-6d4c56c51f48	2a56a1234efd33c542b8cb6a9627e827d4977d6c	497	1	84860.1	12.9488	84860.2	12.816	4276	26.8251	unclassified	chr1	273745	278015	0	4271	+	4279	4262	4260	9	8	2	60	0.998831	0.999531	0.99556	0
PBE31016_skip_48cfe1d5_2a56a123_181.pod5	04e30717-0360-4735-bd8d-cd8931e0dfaa	2a56a1234efd33c542b8cb6a9627e827d4977d6c	956	3	205323	9.8588	205324	9.7188	3730	17.5288	unclassified	chr1	273777	277503	5	3730	-	3750	3701	3664	24	25	37	29	0.998659	0.990003	0.977067	0
PBE31016_skip_48cfe1d5_2a56a123_144.pod5	4588956e-8a36-47fc-9d53-248b763f6790	2a56a1234efd33c542b8cb6a9627e827d4977d6c	2644	4	118846	28.6676	118846	28.5684	11869	29.8035	unclassified	chr1	274007	285860	5	11869	-	11877	11840	11838	24	13	2	60	0.999579	0.999831	0.996716	0
PBE31016_skip_48cfe1d5_2a56a123_144.pod5	05a307b8-6d17-4035-8a2d-233bebe8eca0	2a56a1234efd33c542b8cb6a9627e827d4977d6c	2644	4	118815	30.788	118815	30.7032	11873	31.5394	unclassified	chr1	274008	285860	0	11866	+	11872	11846	11842	20	6	4	60	0.99941	0.999662	0.997473	0
PBE31016_skip_48cfe1d5_2a56a123_18.pod5	1b898c49-3f95-4c9e-b462-3e9857e036bf	2a56a1234efd33c542b8cb6a9627e827d4977d6c	2415	2	12163.8	4.1624	12163.9	4.0464	1693	22.9432	unclassified	chr1	274268	275925	0	1685	+	1691	1651	1640	34	6	11	1	0.995275	0.993337	0.96984	0
PBE31016_skip_48cfe1d5_2a56a123_95.pod5	e65bdbc7-7ce3-4637-8ba2-5a7a1f5d67ad	2a56a1234efd33c542b8cb6a9627e827d4977d6c	442	4	72256.3	24.0348	72256.4	23.8992	9424	27.7825	unclassified	chr1	274493	283865	10	9424	-	9422	9364	9315	50	8	49	19	0.998939	0.994767	0.988644	0
PBE31016_skip_48cfe1d5_2a56a123_95.pod5	f08fdb88-43bb-49c0-93e8-309d862c31cd	2a56a1234efd33c542b8cb6a9627e827d4977d6c	442	4	72280.3	21.8136	72280.4	21.7572	9403	27.9732	unclassified	chr1	274494	283867	0	9399	+	9416	9356	9304	43	17	52	21	0.999575	0.994442	0.988105	0
PBE31016_skip_48cfe1d5_2a56a123_111.pod5	8edb05cc-f963-4205-9913-d18bf038a428	2a56a1234efd33c542b8cb6a9627e827d4977d6c	712	2	86134.3	17.7008	86134.3	17.6136	5599	30.3917	unclassified	chr1	274495	280079	0	5589	+	5595	5578	5577	11	6	1	60	0.998214	0.999821	0.996783	0
PBE31016_skip_48cfe1d5_2a56a123_144.pod5	e3db243b-109f-47cd-8890-e71dae14f59d	2a56a1234efd33c542b8cb6a9627e827d4977d6c	1725	3	119608	50.0936	119608	50.0916	19057	26.5121	unclassified	chr1	274526	293554	7	19030	-	19061	18990	18958	33	38	32	60	0.998216	0.998315	0.994596	0
PBE31016_skip_48cfe1d5_2a56a123_90.pod5	bbbf7fea-4bce-4531-b936-3fbd5e28833a	2a56a1234efd33c542b8cb6a9627e827d4977d6c	2861	1	67960.9	9.4088	67961	9.3048	3878	29.338	unclassified	chr1	274547	278422	0	3874	+	3884	3865	3859	9	10	6	60	0.998969	0.998448	0.993563	0
PBE31016_skip_48cfe1d5_2a56a123_5.pod5	e1f9374c-6d61-48f5-ac16-269eeb283501	2a56a1234efd33c542b8cb6a9627e827d4977d6c	614	2	4586.13	6.1798	4586.13	6.1778	2338	13.9999	unclassified	chr1	274583	276902	32	2328	+	2364	2251	2170	45	68	81	1	0.982036	0.964016	0.917936	0
PBE31016_skip_48cfe1d5_2a56a123_176.pod5	f6f2c67f-c0a4-4240-a6cb-81e8c2685711	2a56a1234efd33c542b8cb6a9627e827d4977d6c	438	1	186715	18.9536	186715	18.792	6768	23.2019	unclassified	chr1	274753	281525	0	6760	+	6790	6742	6732	18	30	10	60	0.998818	0.998517	0.991458	0
PBE31016_skip_48cfe1d5_2a56a123_104.pod5	eecffc97-be94-4465-b781-2e2e67b39812	2a56a1234efd33c542b8cb6a9627e827d4977d6c	305	3	80513.6	10.9568	80513.8	10.8216	3938	31.4891	unclassified	chr1	274786	278704	7	3938	-	3935	3914	3913	17	4	1	60	0.998222	0.999745	0.994409	0
PBE31016_skip_48cfe1d5_2a56a123_27.pod5	61b19233-908f-4508-8068-0cec03c5ae8c	2a56a1234efd33c542b8cb6a9627e827d4977d6c	1872	3	18832.2	5.5692	18832.2	5.5672	2786	18.0415	unclassified	chr1	274884	277634	40	2780	+	2773	2717	2696	23	33	21	23	0.983489	0.992271	0.972232	0
PBE31016_skip_48cfe1d5_2a56a123_112.pod5	eb173502-25c3-4fd0-a589-a51b02fb1040	2a56a1234efd33c542b8cb6a9627e827d4977d6c	1770	4	86437.7	10.5296	86438.3	9.9312	3624	30.165	unclassified	chr1	275128	278743	0	3616	+	3621	3610	3607	6	5	3	60	0.997792	0.999169	0.996134	0
PBE31016_skip_48cfe1d5_2a56a123_75.pod5	9bbc0825-8abf-4e5a-adf7-ff83e8d98595	2a56a1234efd33c542b8cb6a9627e827d4977d6c	1126	2	53940.6	10.1264	53940.7	9.99	3462	28.8877	unclassified	chr1	275208	278627	2	3455	+	3459	3413	3398	40	6	15	32	0.9974	0.995605	0.982365	0
PBE31016_skip_48cfe1d5_2a56a123_5.pod5	6d7108c9-2084-4df3-820c-88b0ba292fa5	2a56a1234efd33c542b8cb6a9627e827d4977d6c	1628	3	4465.47	14.544	4465.47	14.542	7401	8.12316	unclassified	chr1	275212	279108	12	3689	-	3969	3604	3374	73	292	230	16	0.496825	0.936182	0.850088	0
PBE31016_skip_48cfe1d5_2a56a123_106.pod5	25622452-72e0-434e-bd29-e81dee9653d2	2a56a1234efd33c542b8cb6a9627e827d4977d6c	1100	3	81470	13.3388	81470.2	13.1532	2846	18.0145	unclassified	chr1	275392	278200	6	2846	-	2852	2796	2791	44	12	5	60	0.997892	0.998212	0.978612	0
PBE31016_skip_48cfe1d5_2a56a123_148.pod5	aa1a2ffa-3b5f-4c93-9c6e-a2e27eb5104a	2a56a1234efd33c542b8cb6a9627e827d4977d6c	2482	1	123201	11.3216	123201	11.1816	3898	32.6733	unclassified	chr1	275461	279331	0	3893	+	3894	3869	3853	24	1	16	23	0.998717	0.995865	0.989471	0
PBE31016_skip_48cfe1d5_2a56a123_148.pod5	adec9dac-d267-46db-89d1-cc21a182a35e	2a56a1234efd33c542b8cb6a9627e827d4977d6c	30	2	124265	5.8742	124265	5.8722	2375	23.0094	unclassified	chr1	275507	277728	117	2338	-	2230	2212	2209	9	9	3	60	0.935158	0.998644	0.990583	0
PBE31016_skip_48cfe1d5_2a56a123_51.pod5	01253de3-56fb-4888-a901-172bf2021c30	2a56a1234efd33c542b8cb6a9627e827d4977d6c	2515	4	35302.2	7.9088	35302.3	7.764	3193	29.7804	unclassified	chr1	275583	278742	22	3193	-	3173	3157	3145	14	2	12	31	0.99311	0.996199	0.991176	0
PBE31016_skip_48cfe1d5_2a56a123_53.pod5	d7e3096e-202e-49b8-b0d0-74d50833671a	2a56a1234efd33c542b8cb6a9627e827d4977d6c	2861	2	36988.7	13.6986	36988.8	13.6966	5176	28.6598	unclassified	chr1	275764	280902	9	5144	-	5142	5131	5129	4	7	2	60	0.992079	0.99961	0.997472	0
PBE31016_skip_48cfe1d5_2a56a123_175.pod5	c9373a76-5b10-47a3-8356-79ebcdc3d580	2a56a1234efd33c542b8cb6a9627e827d4977d6c	1930	2	185595	1.1858	185595	1.1838	417	26.4839	unclassified	chr1	275947	276364	0	417	-	417	417	417	0	0	0	15	1	1	1	0
PBE31016_skip_48cfe1d5_2a56a123_175.pod5	4e87bda0-944c-4812-a439-8c695ed7c74d	2a56a1234efd33c542b8cb6a9627e827d4977d6c	1930	2	185594	1.3502	185594	1.3482	534	30.3816	unclassified	chr1	276366	276897	3	534	-	531	531	531	0	0	0	0	0.994382	1	1	0
PBE31016_skip_48cfe1d5_2a56a123_58.pod5	f0f4711f-d159-4189-8144-fa9890936abd	2a56a1234efd33c542b8cb6a9627e827d4977d6c	2444	2	39689.6	9.2816	39689.7	9.1392	3640	30.3323	unclassified	chr1	276395	280029	0	3633	+	3635	3632	3631	1	2	1	60	0.998077	0.999725	0.9989	0
PBE31016_skip_48cfe1d5_2a56a123_66.pod5	aa9d9cb7-fad8-4cfa-b849-504f719d02cf	2a56a1234efd33c542b8cb6a9627e827d4977d6c	215	4	47005.4	9.1676	47005.6	9.0324	3098	28.8109	unclassified	chr1	276419	279514	4	3098	-	3098	3091	3087	3	4	4	60	0.998709	0.998706	0.996449	0
PBE31016_skip_48cfe1d5_2a56a123_147.pod5	2d6bbcff-9e1d-4d49-ae85-f615d58e86a8	2a56a1234efd33c542b8cb6a9627e827d4977d6c	1357	3	121625	4.4558	121625	4.4538	1816	26.4624	unclassified	chr1	276782	278552	8	1782	-	1778	1766	1757	8	4	9	55	0.976872	0.994904	0.988189	0
PBE31016_skip_48cfe1d5_2a56a123_33.pod5	41d1d443-cdf1-4d6c-8263-dbad53a21be4	2a56a1234efd33c542b8cb6a9627e827d4977d6c	1127	1	22004.4	4.7192	22004.5	4.5864	2021	36.7706	unclassified	chr1	276822	278843	0	2021	-	2023	2019	2017	2	2	2	60	1	0.999009	0.997034	0
PBE31016_skip_48cfe1d5_2a56a123_48.pod5	c2b8b5db-ffd8-4b31-a902-fc65cc73a114	2a56a1234efd33c542b8cb6a9627e827d4977d6c	1426	4	32775.7	30.2168	32775.9	29.9904	7455	33.6349	unclassified	chr1	276843	284268	0	7447	+	7452	7420	7383	27	5	37	35	0.998927	0.995013	0.990741	0
PBE31016_skip_48cfe1d5_2a56a123_175.pod5	93da2591-c480-4a26-90e3-3f05e1cbf05f	2a56a1234efd33c542b8cb6a9627e827d4977d6c	1930	2	185591	3.076	185591	3.074	1161	24.7071	unclassified	chr1	276904	278061	0	1161	-	1163	1155	1153	6	2	2	60	1	0.998268	0.991402	0
PBE31016_skip_48cfe1d5_2a56a123_51.pod5	1649692d-02d9-4114-9dbc-a4e0f4799d3f	2a56a1234efd33c542b8cb6a9627e827d4977d6c	966	3	35177.5	13.886	35177.7	13.7076	5812	26.2527	unclassified	chr1	277199	283010	10	5812	-	5814	5799	5793	3	12	6	60	0.998279	0.998965	0.996388	0
PBE31016_skip_48cfe1d5_2a56a123_25.pod5	54b83339-0037-402e-8258-64a89234395f	2a56a1234efd33c542b8cb6a9627e827d4977d6c	2221	3	16765.5	9.0116	16765.7	8.8068	3161	22.4847	unclassified	chr1	277544	280705	0	3157	+	3170	3148	3136	9	13	12	60	0.998735	0.996188	0.989274	0
PBE31016_skip_48cfe1d5_2a56a123_144.pod5	7cd32b5c-b559-4b83-8cee-aad5ec24c8c1	2a56a1234efd33c542b8cb6a9627e827d4977d6c	2088	3	118627	24.8084	118627	24.6852	9007	16.2108	unclassified	chr1	277741	286299	444	9007	-	8591	8530	8483	33	28	47	60	0.950705	0.99449	0.987429	0
PBE31016_skip_48cfe1d5_2a56a123_131.pod5	e3958572-be63-4c0c-8d8c-a9745a452b53	2a56a1234efd33c542b8cb6a9627e827d4977d6c	1067	2	105055	1.7276	105055	1.6116	551	26.546	unclassified	chr1	277863	278399	12	551	-	539	536	536	3	0	0	60	0.978221	1	0.994434	0
PBE31016_skip_48cfe1d5_2a56a123_175.pod5	580faaf3-b25a-4abd-b397-20dcc275f596	2a56a1234efd33c542b8cb6a9627e827d4977d6c	1930	2	185589	1.5204	185589	1.5184	555	29.7277	unclassified	chr1	278069	278622	3	555	-	553	552	552	0	1	0	60	0.994595	1	0.998192	0
PBE31016_skip_48cfe1d5_2a56a123_21.pod5	2475b36e-39e1-4816-bb0a-01e81d03b1d1	2a56a1234efd33c542b8cb6a9627e827d4977d6c	2379	2	14417.3	7.7722	14417.3	7.7702	3160	12.3787	unclassified	chr1	278157	281266	34	3146	+	3182	3039	2925	73	70	114	56	0.98481	0.962488	0.919233	0
PBE31016_skip_48cfe1d5_2a56a123_162.pod5	a7ef302a-a3c6-4144-9ec0-896192421199	2a56a1234efd33c542b8cb6a9627e827d4977d6c	1856	1	147599	42.2888	147599	42.0984	15397	26.9097	unclassified	chr1	278415	293817	0	15397	-	15416	15383	15365	14	19	18	60	1	0.99883	0.996692	0
PBE31016_skip_48cfe1d5_2a56a123_95.pod5	e855fa13-c442-464f-8b51-0f39d2ed074e	2a56a1234efd33c542b8cb6a9627e827d4977d6c	2329	2	72494.2	51.7656	72494.2	51.7636	18795	10.8648	unclassified	chr1	278554	297609	3	18775	-	19514	18313	17466	459	742	847	60	0.998776	0.953749	0.89505	0
PBE31016_skip_48cfe1d5_2a56a123_175.pod5	255d7424-caef-4509-ab3c-69c1b63c43ee	2a56a1234efd33c542b8cb6a9627e827d4977d6c	1930	2	185588	1.2522	185588	1.2502	444	25.4654	unclassified	chr1	278623	279064	1	444	-	443	441	440	2	0	1	1	0.997748	0.997732	0.993228	0
PBE31016_skip_48cfe1d5_2a56a123_169.pod5	91b9f73c-2bd2-4b73-b457-3bb26b05e6fb	2a56a1234efd33c542b8cb6a9627e827d4977d6c	1226	2	164560	4.6612	164560	4.6592	2111	22.1643	unclassified	chr1	278742	280788	38	2102	+	2070	2040	2027	24	6	13	22	0.977736	0.993627	0.979227	0
PBE31016_skip_48cfe1d5_2a56a123_108.pod5	7799915b-e0e6-4792-9685-fbf45d1057e2	2a56a1234efd33c542b8cb6a9627e827d4977d6c	1609	1	83790.6	19.6586	83790.6	19.6566	5406	19.2111	unclassified	chr1	278842	284187	6	5371	-	5385	5325	5263	40	20	62	17	0.992416	0.988357	0.977344	0
PBE31016_skip_48cfe1d5_2a56a123_25.pod5	5e1589dc-1f1b-4988-a644-310e1441a3ef	2a56a1234efd33c542b8cb6a9627e827d4977d6c	2221	3	16774.5	4.7444	16774.6	4.6308	1679	30.6693	unclassified	chr1	279024	280702	0	1679	-	1680	1677	1676	2	1	1	60	1	0.999404	0.997619	0
PBE31016_skip_48cfe1d5_2a56a123_175.pod5	6c0a8b58-eb43-41ea-ab4f-376b68186d00	2a56a1234efd33c542b8cb6a9627e827d4977d6c	1930	2	185585	2.5546	185585	2.5526	974	32.3807	unclassified	chr1	279101	280077	0	974	-	977	973	970	1	3	3	60	1	0.996917	0.992835	0
PBE31016_skip_48cfe1d5_2a56a123_146.pod5	6ce3a195-f231-4112-b8ba-bfae6f606a69	2a56a1234efd33c542b8cb6a9627e827d4977d6c	397	2	120897	11.558	120897	11.556	4028	11.8278	unclassified	chr1	279501	283493	11	3993	-	4099	3875	3713	107	117	162	40	0.98858	0.958194	0.905831	0
PBE31016_skip_48cfe1d5_2a56a123_146.pod5	920074bd-ee48-49bc-858e-8d23bf999a18	2a56a1234efd33c542b8cb6a9627e827d4977d6c	397	2	120908	10.8996	120908	10.8976	4066	11.1906	unclassified	chr1	279524	283480	58	4047	+	4097	3848	3646	141	108	202	30	0.981062	0.947505	0.889919	0
PBE31016_skip_48cfe1d5_2a56a123_100.pod5	ccb64fdf-c6c2-49b7-a950-1de63b544de1	2a56a1234efd33c542b8cb6a9627e827d4977d6c	2117	1	76555.2	8.4196	76555.2	8.4176	3341	31.3407	unclassified	chr1	279534	282836	0	3306	-	3308	3300	3299	6	2	1	60	0.989524	0.999697	0.997279	0
PBE31016_skip_48cfe1d5_2a56a123_166.pod5	fa23a16b-478d-4fc4-98a6-3d8e7850f959	2a56a1234efd33c542b8cb6a9627e827d4977d6c	411	2	157416	23.48	157416	23.3184	8803	28.5031	unclassified	chr1	279560	288355	0	8796	+	8807	8784	8772	12	11	12	60	0.999205	0.998634	0.996026	0
PBE31016_skip_48cfe1d5_2a56a123_134.pod5	1b419a18-acc2-4ed3-ad28-4f596884e1b8	2a56a1234efd33c542b8cb6a9627e827d4977d6c	1798	2	107057	27.4784	107058	27.3888	12455	22.8945	unclassified	chr1	279836	292296	5	12455	-	12481	12429	12391	21	31	38	60	0.999599	0.996943	0.992789	0
PBE31016_skip_48cfe1d5_2a56a123_134.pod5	7e7add09-e00d-44e1-bd95-4f2b595b7b2e	2a56a1234efd33c542b8cb6a9627e827d4977d6c	1798	2	107030	27.9608	107030	27.8496	12468	24.3871	unclassified	chr1	279837	292297	0	12460	+	12482	12438	12424	22	22	14	60	0.999358	0.998874	0.995353	0
PBE31016_skip_48cfe1d5_2a56a123_175.pod5	57fa761c-3f23-4547-98ec-306bfc17891a	2a56a1234efd33c542b8cb6a9627e827d4977d6c	1930	2	185585	0.4786	185585	0.4766	180	24.0737	unclassified	chr1	280082	280259	3	180	-	177	177	177	0	0	0	13	0.983333	1	1	0
PBE31016_skip_48cfe1d5_2a56a123_116.pod5	81a128c3-b24d-4895-89f8-f589144283a3	2a56a1234efd33c542b8cb6a9627e827d4977d6c	2861	2	91202.1	11.1418	91202.1	11.1398	4242	28.1097	unclassified	chr1	280114	284305	35	4236	+	4206	4186	4158	15	5	28	25	0.990335	0.993311	0.988588	0
PBE31016_skip_48cfe1d5_2a56a123_17.pod5	fdc29239-9fe8-4fc6-b9b1-6d3e34d48764	2a56a1234efd33c542b8cb6a9627e827d4977d6c	1563	2	12083.9	10.7804	12084	10.602	3740	28.2691	unclassified	chr1	280115	283844	0	3734	+	3734	3729	3728	5	0	1	60	0.998396	0.999732	0.998393	0
PBE31016_skip_48cfe1d5_2a56a123_4.pod5	a6e262ab-a586-4f17-aa40-bae0f144acee	2a56a1234efd33c542b8cb6a9627e827d4977d6c	668	1	3731.22	12.5348	3731.39	12.3612	3208	29.0926	unclassified	chr1	280203	283409	0	3208	+	3208	3206	3205	2	0	1	60	1	0.999688	0.999065	0
PBE31016_skip_48cfe1d5_2a56a123_175.pod5	d1d8e702-d660-4a0a-926b-81ed684baac7	2a56a1234efd33c542b8cb6a9627e827d4977d6c	1930	2	185583	2.141	185583	2.139	773	29.7938	unclassified	chr1	280264	281035	3	773	-	772	769	769	1	2	0	60	0.996119	1	0.996114	0
PBE31016_skip_48cfe1d5_2a56a123_31.pod5	296d1c88-d41e-4542-b689-b9bd1ac387d4	2a56a1234efd33c542b8cb6a9627e827d4977d6c	108	1	20994.3	7.2764	20994.4	7.1292	2767	21.4803	unclassified	chr1	280265	283016	0	2761	+	2769	2743	2712	18	8	31	2	0.997832	0.988698	0.979415	0
PBE31016_skip_48cfe1d5_2a56a123_72.pod5	e83bd40f-e654-4551-bd8a-10b325db2b75	2a56a1234efd33c542b8cb6a9627e827d4977d6c	2911	1	51201.7	26.6516	51201.9	26.55	10118	28.5385	unclassified	chr1	280797	290308	598	10112	+	9520	9505	9489	9	6	16	60	0.940304	0.998317	0.996744	0
PBE31016_skip_48cfe1d5_2a56a123_22.pod5	78a731c3-e9d4-4398-9a5f-3831bab88ddd	2a56a1234efd33c542b8cb6a9627e827d4977d6c	1577	4	15143.5	20.7872	15143.6	20.6544	8406	30.898	unclassified	chr1	280797	289189	6	8406	-	8408	8384	8372	16	8	12	60	0.999286	0.998569	0.995718	0
PBE31016_skip_48cfe1d5_2a56a123_22.pod5	e4595ebd-ecd1-426a-a5a4-c40df649e8a7	2a56a1234efd33c542b8cb6a9627e827d4977d6c	1577	4	15120.8	22.6292	15121	22.4844	8399	35.7615	unclassified	chr1	280798	289190	0	8393	+	8396	8389	8379	4	3	10	60	0.999286	0.998808	0.997975	0
PBE31016_skip_48cfe1d5_2a56a123_160.pod5	9a017e47-22a2-488b-8c8f-cb1f4b7f76c4	2a56a1234efd33c542b8cb6a9627e827d4977d6c	2055	4	143586	16.7708	143586	16.6332	6773	25.5175	unclassified	chr1	280823	284199	3405	6773	-	3377	3367	3346	1	9	21	17	0.497269	0.993763	0.99082	0
PBE31016_skip_48cfe1d5_2a56a123_37.pod5	bad97b27-67c9-421c-b422-21266fcedd61	2a56a1234efd33c542b8cb6a9627e827d4977d6c	830	4	25203.1	5.102	25203.2	4.9812	2122	29.2799	unclassified	chr1	280826	282943	0	2118	+	2118	2117	2114	1	0	3	47	0.998115	0.998583	0.998111	0
PBE31016_skip_48cfe1d5_2a56a123_161.pod5	671b18dd-2cb6-421b-9225-649230caecf1	2a56a1234efd33c542b8cb6a9627e827d4977d6c	2039	1	145740	6.4112	145740	6.4092	2698	10.3342	unclassified	chr1	280860	283579	7	2674	-	2791	2595	2466	72	124	129	36	0.98851	0.950289	0.883554	0
