filename	read_id	run_id	channel	mux	start_time	duration	template_start	template_duration	sequence_length_template	mean_qscore_template	barcode	alignment_genome	alignment_genome_start	alignment_genome_end	alignment_strand_start	alignment_strand_end	alignment_direction	alignment_length	alignment_num_aligned	alignment_num_correct	alignment_num_insertions	alignment_num_deletions	alignment_num_substitutions	alignment_mapq	alignment_strand_coverage	alignment_identity	alignment_accuracy	alignment_bed_hits
PBE62149_skip_2148354d_8ae7e6cc_67.pod5	6d812912-a55c-45a5-974d-cd8062136824	8ae7e6cc2740dd7ae86db58cfad3369101a68ac4	109	3	52309.7	26.4284	52309.8	26.322	11575	23.9288	unclassified	chr7	132919558	132931146	9	11575	-	11609	11545	11516	21	43	29	60	0.999222	0.997488	0.991989	0
PBE62149_skip_2148354d_8ae7e6cc_67.pod5	8b77e91f-f495-42d3-afaa-a2015f1211ee	8ae7e6cc2740dd7ae86db58cfad3369101a68ac4	2474	3	52309.9	25.8164	52310	25.7172	10060	27.4828	unclassified	chr2	41543599	41553673	7	10060	-	10076	10051	10012	2	23	39	60	0.999304	0.99612	0.993648	0
PBE62149_skip_2148354d_8ae7e6cc_67.pod5	eb24b948-ac79-4d1d-ac5a-a1dc5c404846	8ae7e6cc2740dd7ae86db58cfad3369101a68ac4	2914	1	52320	15.4952	52320.1	15.3984	5856	27.077	unclassified	chr19	33864395	33870257	0	5849	+	5867	5844	5837	5	18	7	60	0.998805	0.998802	0.994887	0
PBE62149_skip_2148354d_8ae7e6cc_67.pod5	7f1b18bf-0b39-4edc-b90b-cd27de864c10	8ae7e6cc2740dd7ae86db58cfad3369101a68ac4	980	1	52303.4	29.9336	52303.6	29.7816	11859	30.8319	unclassified	chr4	14710724	14722572	6	11859	-	11857	11844	11781	9	4	63	60	0.999494	0.994681	0.99359	0
PBE62149_skip_2148354d_8ae7e6cc_67.pod5	f6a842c8-02f8-46f4-8764-89c4cfe29740	8ae7e6cc2740dd7ae86db58cfad3369101a68ac4	2921	3	52301.2	24.9248	52301.3	24.8136	10102	28.8165	unclassified	chr7	62847573	62857674	0	10102	+	10105	10098	10092	4	3	6	60	1	0.999406	0.998713	0
PBE62149_skip_2148354d_8ae7e6cc_67.pod5	45db1355-2a19-4b2a-a338-22d4d01dcf1b	8ae7e6cc2740dd7ae86db58cfad3369101a68ac4	2332	3	52322.7	18.4628	52322.8	18.3228	9289	21.3234	unclassified	chr6	79706420	79715718	8	9289	-	9324	9255	9216	26	43	39	60	0.999139	0.995786	0.988417	0
PBE62149_skip_2148354d_8ae7e6cc_67.pod5	533a4b53-90f3-4c2e-a318-44c5f0f8e527	8ae7e6cc2740dd7ae86db58cfad3369101a68ac4	1090	4	52333.1	8.2196	52333.2	8.1276	3820	25.4815	unclassified	chr20	31808657	31812483	5	3820	-	3828	3813	3808	2	13	5	60	0.998691	0.998689	0.994775	0
PBE62149_skip_2148354d_8ae7e6cc_67.pod5	ecacbf22-95ae-40b9-a6a8-22327c0fdafa	8ae7e6cc2740dd7ae86db58cfad3369101a68ac4	448	1	52272	39.8204	52272	39.8184	17007	11.2439	unclassified	chr6	107032603	107043991	2	11208	-	11573	11021	10584	185	367	437	60	0.658905	0.960348	0.914542	0
PBE62149_skip_2148354d_8ae7e6cc_67.pod5	2e12ded8-616e-45c1-86df-e66886206add	8ae7e6cc2740dd7ae86db58cfad3369101a68ac4	1577	4	52316.5	24.0236	52316.6	23.9064	9817	25.8159	unclassified	chr7	111491595	111501394	2	9813	+	9815	9795	9786	16	4	9	60	0.999389	0.999081	0.997045	0
PBE62149_skip_2148354d_8ae7e6cc_67.pod5	a7a927b1-62c5-48e8-8bfd-547dd88fb070	8ae7e6cc2740dd7ae86db58cfad3369101a68ac4	386	3	52325.4	10.8706	52325.4	10.8686	4694	14.7472	unclassified	chr12	130826779	130831533	4	4654	-	4819	4585	4501	65	169	84	60	0.990626	0.981679	0.934011	0
PBE62149_skip_2148354d_8ae7e6cc_67.pod5	cf3832b1-8117-4a6e-9a31-cc3d275a146a	8ae7e6cc2740dd7ae86db58cfad3369101a68ac4	1215	3	52325	10.7288	52325.1	10.6284	6170	26.5213	unclassified	chr17	29646784	29652943	1	6165	+	6171	6152	6146	12	7	6	60	0.999028	0.999025	0.995949	0
PBE62149_skip_2148354d_8ae7e6cc_67.pod5	216333f8-6a8b-4a0f-ad8c-3ccb37223d7c	8ae7e6cc2740dd7ae86db58cfad3369101a68ac4	2592	1	52332.9	6.7724	52333.1	6.666	2918	26.3918	unclassified	chr7	144869773	144872691	0	2918	-	2923	2913	2912	5	5	1	60	1	0.999657	0.996237	0
PBE62149_skip_2148354d_8ae7e6cc_67.pod5	61bb96ff-b42a-4650-bcb5-463b3c1b806c	8ae7e6cc2740dd7ae86db58cfad3369101a68ac4	170	3	52319.7	16.574	52319.8	16.4556	6709	26.4323	unclassified	chr7	127164482	127171187	0	6700	+	6721	6684	6682	16	21	2	60	0.998659	0.999701	0.994197	0
PBE62149_skip_2148354d_8ae7e6cc_67.pod5	655b7cf9-c949-49ba-80cc-e75d969c74aa	8ae7e6cc2740dd7ae86db58cfad3369101a68ac4	2464	4	52295.5	35.8556	52295.7	35.6532	9666	25.6323	unclassified	chr3	35122597	35132256	0	9662	+	9674	9647	9633	15	12	14	60	0.999586	0.998549	0.995762	0
PBE62149_skip_2148354d_8ae7e6cc_67.pod5	053ad2e0-03b4-4db6-86d0-5a0aca57fdfd	8ae7e6cc2740dd7ae86db58cfad3369101a68ac4	1586	3	52335.1	3.9704	52335.1	3.9684	1593	28.1709	unclassified	chr10	14752699	14754299	0	1593	+	1600	1593	1592	0	7	1	60	1	0.999372	0.995	0
PBE62149_skip_2148354d_8ae7e6cc_67.pod5	b531a2f4-5765-47e6-9604-23a092520b94	8ae7e6cc2740dd7ae86db58cfad3369101a68ac4	1840	2	52331.2	9.5796	52331.2	9.5776	3942	29.8442	unclassified	chr11	64546242	64550158	6	3916	-	3917	3909	3904	1	7	5	60	0.991882	0.998721	0.996681	0
PBE62149_skip_2148354d_8ae7e6cc_67.pod5	e92f3978-faa9-4aba-b1c4-0847aadb847f	8ae7e6cc2740dd7ae86db58cfad3369101a68ac4	1584	1	52329.4	9.2876	52329.5	9.1884	4090	25.7587	unclassified	chr8	58172477	58176559	0	4081	+	4089	4074	4064	7	8	10	60	0.9978	0.997545	0.993886	0
PBE62149_skip_2148354d_8ae7e6cc_67.pod5	18550894-8058-42f0-8946-e5cfa7962f71	8ae7e6cc2740dd7ae86db58cfad3369101a68ac4	974	3	52321.7	17.2112	52321.7	17.2092	6487	33.0213	unclassified	chr4	71568435	71574884	29	6481	+	6454	6447	6444	5	2	3	60	0.994605	0.999535	0.998451	0
PBE62149_skip_2148354d_8ae7e6cc_67.pod5	b490cc60-67c4-4249-ae47-aa0b77efce1e	8ae7e6cc2740dd7ae86db58cfad3369101a68ac4	1353	1	52330.1	9.1976	52330.2	9.0984	4789	17.2915	unclassified	chr14	106475462	106480262	13	4789	-	4836	4740	4695	36	60	45	60	0.997285	0.990506	0.970844	0
PBE62149_skip_2148354d_8ae7e6cc_67.pod5	60d3e8d1-eca4-4bec-adf0-137173197f5e	8ae7e6cc2740dd7ae86db58cfad3369101a68ac4	1629	4	52317.3	23.8498	52317.3	23.8478	10410	27.7936	unclassified	chr12	13445723	13456096	7	10371	-	10386	10351	10320	13	22	31	60	0.995581	0.997005	0.993645	0
PBE62149_skip_2148354d_8ae7e6cc_67.pod5	6c01f511-e95a-4e33-83b7-9e7bc1f279b8	8ae7e6cc2740dd7ae86db58cfad3369101a68ac4	2380	3	52316.4	24.0812	52316.5	23.9844	9960	24.4113	unclassified	chr1	151404548	151414513	0	9952	+	9980	9937	9910	15	28	27	60	0.999197	0.997283	0.992986	0
PBE62149_skip_2148354d_8ae7e6cc_67.pod5	ab0bb9f9-4823-4d97-8190-08534ae88d91	8ae7e6cc2740dd7ae86db58cfad3369101a68ac4	2601	4	52295.2	37.4624	52295.4	37.3344	13910	29.231	unclassified	chr11	26737628	26751542	0	13910	+	13926	13898	13876	12	16	22	60	1	0.998417	0.99641	0
PBE62149_skip_2148354d_8ae7e6cc_67.pod5	8102380d-76e2-4efa-96f4-2f03789fda02	8ae7e6cc2740dd7ae86db58cfad3369101a68ac4	1474	1	52307	28.3564	52307	28.3544	12313	18.3096	unclassified	chr7	116547065	116559390	6	12276	-	12384	12211	12100	59	114	111	60	0.996508	0.99091	0.977067	0
PBE62149_skip_2148354d_8ae7e6cc_67.pod5	154f7299-a810-430f-850b-57334902e45a	8ae7e6cc2740dd7ae86db58cfad3369101a68ac4	334	4	52283.9	55.9088	52284	55.776	20413	29.5025	unclassified	chr14	90861557	90881965	7	20413	-	20423	20391	20359	15	17	32	60	0.999657	0.998431	0.996866	0
PBE62149_skip_2148354d_8ae7e6cc_67.pod5	76dcb1ad-57be-4658-83dc-61b283d853a1	8ae7e6cc2740dd7ae86db58cfad3369101a68ac4	2901	3	52323.8	9.0728	52323.9	8.9688	3448	28.2343	unclassified	chr8	43975259	43978698	7	3448	-	3443	3437	3384	4	2	53	6	0.99797	0.98458	0.982864	0
PBE62149_skip_2148354d_8ae7e6cc_67.pod5	40ed2cfd-ae56-4ec9-acdf-5832fc19cef3	8ae7e6cc2740dd7ae86db58cfad3369101a68ac4	2093	3	52331.8	9.8324	52332	9.6516	5323	19.1166	unclassified	chrX	24803998	24809346	0	5316	+	5370	5294	5265	22	54	29	60	0.998685	0.994522	0.980447	0
PBE62149_skip_2148354d_8ae7e6cc_67.pod5	632ea640-0f9f-4b8d-83a9-ad043025a4b9	8ae7e6cc2740dd7ae86db58cfad3369101a68ac4	2543	2	52326.1	13.1696	52326.2	13.0812	5533	28.5001	unclassified	chr11	13389518	13395040	1	5528	+	5528	5521	5516	6	1	5	60	0.998916	0.999094	0.997829	0
PBE62149_skip_2148354d_8ae7e6cc_67.pod5	40e382a7-f5dd-4442-885c-bdf399e61bac	8ae7e6cc2740dd7ae86db58cfad3369101a68ac4	738	4	52322	18.1148	52322	18.1128	6182	13.0653	unclassified	chr4	58965971	58972024	7	6069	-	6162	5953	5799	109	100	154	60	0.980589	0.974131	0.941091	0
PBE62149_skip_2148354d_8ae7e6cc_67.pod5	090656dc-d905-4707-aefc-9fed667dd22b	8ae7e6cc2740dd7ae86db58cfad3369101a68ac4	1787	4	52333.7	8.2988	52333.8	8.1636	2397	35.2981	unclassified	chr7	41183732	41186123	9	2397	-	2393	2386	2386	2	5	0	60	0.996245	1	0.997075	0
PBE62149_skip_2148354d_8ae7e6cc_67.pod5	0a49b077-5c94-4b6b-bf14-a5ce7cbff8af	8ae7e6cc2740dd7ae86db58cfad3369101a68ac4	189	3	52333.3	8.0168	52333.3	8.0148	2203	17.7145	unclassified	chr19	21761477	21763644	0	2151	-	2173	2145	2124	6	22	21	60	0.976396	0.99021	0.977451	0
PBE62149_skip_2148354d_8ae7e6cc_67.pod5	35b67ee0-ace5-4869-8679-6d832d766568	8ae7e6cc2740dd7ae86db58cfad3369101a68ac4	1664	4	52328.7	11.3514	52328.7	11.3494	4468	9.86942	unclassified	chr3	81507172	81511712	6	4452	-	4664	4322	4052	124	218	270	60	0.995076	0.937529	0.868782	0
PBE62149_skip_2148354d_8ae7e6cc_67.pod5	3d961a30-b758-4055-a0be-909e278683fe	8ae7e6cc2740dd7ae86db58cfad3369101a68ac4	1950	1	52326.2	8.8532	52326.6	8.4756	3653	29.4276	unclassified	chr5	107330000	107333650	9	3653	-	3650	3644	3642	0	6	2	60	0.997536	0.999451	0.997808	0
PBE62149_skip_2148354d_8ae7e6cc_67.pod5	c9903eee-94a0-4726-9380-5817d20628e2	8ae7e6cc2740dd7ae86db58cfad3369101a68ac4	660	4	52318.2	16.7744	52318.4	16.644	6858	30.6556	unclassified	chr16	63172890	63179721	0	6851	+	6855	6827	6819	24	4	8	60	0.998979	0.998828	0.994748	0
PBE62149_skip_2148354d_8ae7e6cc_67.pod5	e24cdce3-8a3e-443f-a304-5ced6c5339c0	8ae7e6cc2740dd7ae86db58cfad3369101a68ac4	2431	3	52319.9	19.7576	52320	19.6584	9967	24.716	unclassified	chr3	45188848	45198813	6	9967	-	9978	9948	9933	13	17	15	60	0.999398	0.998492	0.99549	0
PBE62149_skip_2148354d_8ae7e6cc_67.pod5	2d75c178-7c18-45dd-af3c-d5cf0645b621	8ae7e6cc2740dd7ae86db58cfad3369101a68ac4	421	4	52302.4	28.1516	52302.6	28.0236	10834	31.2825	unclassified	chr2	199807020	199817852	0	10823	+	10837	10818	10805	5	14	13	60	0.998985	0.998798	0.997047	0
PBE62149_skip_2148354d_8ae7e6cc_67.pod5	6e63c4f6-83fe-4206-8247-f9c5fdf14184	8ae7e6cc2740dd7ae86db58cfad3369101a68ac4	654	1	52324.9	17.6012	52325	17.5068	7140	26.6078	unclassified	chr9	31833069	31840182	10	7140	-	7138	7105	7081	25	8	24	60	0.998599	0.996622	0.992015	0
PBE62149_skip_2148354d_8ae7e6cc_67.pod5	ee056db9-0ad8-4071-be9e-274d13098af2	8ae7e6cc2740dd7ae86db58cfad3369101a68ac4	713	1	52303.2	32.4256	52303.2	32.4236	13237	12.0444	unclassified	*	-1	-1	-1	-1	*	0	0	0	0	0	0	0	0	0	0	0
PBE62149_skip_2148354d_8ae7e6cc_67.pod5	52c818aa-8ac2-4971-8104-a9c9160ab489	8ae7e6cc2740dd7ae86db58cfad3369101a68ac4	1051	4	52312	26.7934	52312	26.7914	11089	27.0871	unclassified	chr19	1423010	1434063	28	11080	+	11060	11045	11030	7	8	15	60	0.996663	0.998642	0.997288	0
PBE62149_skip_2148354d_8ae7e6cc_67.pod5	b4455c26-f1f1-4f80-adda-c8781b1685a1	8ae7e6cc2740dd7ae86db58cfad3369101a68ac4	2683	2	52314.3	20.99	52314.4	20.874	7974	24.3153	unclassified	chr5	91174799	91182779	0	7967	+	7988	7959	7928	8	21	31	60	0.999122	0.996105	0.992489	0
PBE62149_skip_2148354d_8ae7e6cc_67.pod5	9fbbb571-99fd-4f70-a80a-1454cca71abf	8ae7e6cc2740dd7ae86db58cfad3369101a68ac4	234	2	52327.1	12.3344	52327.2	12.2496	4817	27.8194	unclassified	chr1	92108079	92112895	0	4812	+	4819	4809	4793	3	7	16	60	0.998962	0.996673	0.994605	0
PBE62149_skip_2148354d_8ae7e6cc_67.pod5	484fcfb1-bc1c-43c9-9e83-096178f9c5b6	8ae7e6cc2740dd7ae86db58cfad3369101a68ac4	1555	3	52315.6	24.6248	52315.7	24.504	10068	19.7106	unclassified	chr9	62869055	62879099	5	10068	-	10111	9996	9861	67	48	135	60	0.999503	0.986495	0.975274	0
PBE62149_skip_2148354d_8ae7e6cc_67.pod5	d6a00eb5-1738-4f28-a8f5-4732b49e88ed	8ae7e6cc2740dd7ae86db58cfad3369101a68ac4	2941	4	52322.8	12.0104	52323	11.7864	4110	28.7464	unclassified	chr16	88790399	88794543	10	4110	-	4153	4091	4086	9	53	5	60	0.997567	0.998778	0.983867	0
PBE62149_skip_2148354d_8ae7e6cc_67.pod5	0e3d29f2-b64e-4e53-9b16-9544aadea72c	8ae7e6cc2740dd7ae86db58cfad3369101a68ac4	982	4	52319.5	15.8684	52319.5	15.8664	6737	13.7239	unclassified	chr5	81349567	81356158	31	6731	+	6842	6449	6292	251	142	157	60	0.994508	0.975655	0.919614	0
PBE62149_skip_2148354d_8ae7e6cc_67.pod5	35025dc4-bd59-4d86-a1c7-d04eb84230bb	8ae7e6cc2740dd7ae86db58cfad3369101a68ac4	1863	2	52314.4	20.5868	52314.5	20.4924	8368	21.8199	unclassified	chr17	77460967	77469322	0	8361	+	8389	8327	8303	34	28	24	60	0.999164	0.997118	0.989748	0
PBE62149_skip_2148354d_8ae7e6cc_67.pod5	14b379d6-d75f-412a-9a35-8a4db3a44722	8ae7e6cc2740dd7ae86db58cfad3369101a68ac4	1433	4	52297.3	42.2456	52297.4	42.096	18574	28.2978	unclassified	chr2	81980172	81998754	0	18567	+	18596	18553	18516	14	29	37	60	0.999623	0.998006	0.995698	0
PBE62149_skip_2148354d_8ae7e6cc_67.pod5	83b47689-ca58-45c3-a78d-aeb6778bb8d1	8ae7e6cc2740dd7ae86db58cfad3369101a68ac4	981	3	52312.8	28.1468	52313	27.9588	11648	24.5682	unclassified	chr1	38800495	38812147	7	11648	-	11672	11621	11593	20	31	28	60	0.999399	0.997591	0.993232	0
PBE62149_skip_2148354d_8ae7e6cc_67.pod5	fdc299e5-1d32-4e62-aa51-b3547d7c0387	8ae7e6cc2740dd7ae86db58cfad3369101a68ac4	596	4	52307.5	33.6356	52307.6	33.5268	13106	24.5392	unclassified	chr13	19106838	19120018	0	13101	+	13207	13074	13034	27	106	40	60	0.999618	0.99694	0.986901	0
PBE62149_skip_2148354d_8ae7e6cc_67.pod5	c4c513a9-8a5f-4bc3-89a9-7b301fcb0fcd	8ae7e6cc2740dd7ae86db58cfad3369101a68ac4	482	3	52332.7	8.6146	52332.7	8.6126	3530	11.511	unclassified	chr11	69950812	69954354	32	3525	+	3630	3405	3286	88	137	119	60	0.989518	0.965051	0.905234	0
PBE62149_skip_2148354d_8ae7e6cc_67.pod5	0c9de88f-431e-4923-b026-47001cc96d57	8ae7e6cc2740dd7ae86db58cfad3369101a68ac4	1079	2	52296.7	33.5264	52296.8	33.4128	11855	30.0874	unclassified	chr15	55203739	55215595	2	11855	-	11869	11840	11820	13	16	20	60	0.999831	0.998311	0.995872	0
PBE62149_skip_2148354d_8ae7e6cc_67.pod5	ea5ff995-b933-47af-9188-980b750d6dcd	8ae7e6cc2740dd7ae86db58cfad3369101a68ac4	2630	3	52315.6	24.3512	52315.6	24.3492	9390	28.1698	unclassified	chrX	32666690	32676036	32	9384	+	9359	9339	9331	13	7	8	60	0.995953	0.999143	0.997008	0
PBE62149_skip_2148354d_8ae7e6cc_67.pod5	f103f019-f4f6-4ebc-afe3-c81d905aeae5	8ae7e6cc2740dd7ae86db58cfad3369101a68ac4	165	2	52258	83.2286	52258	83.2266	23951	25.5802	unclassified	chr10	50909143	50932971	100	23944	+	23863	23809	23753	35	19	56	60	0.995533	0.997648	0.99539	0
PBE62149_skip_2148354d_8ae7e6cc_67.pod5	fac29a61-9224-4883-b7ac-83fac1db8f60	8ae7e6cc2740dd7ae86db58cfad3369101a68ac4	913	4	52288.5	44.7596	52288.6	44.6292	17468	28.3008	unclassified	chr4	122918522	122935996	7	17468	-	17486	17449	17415	12	25	34	60	0.999599	0.998051	0.99594	0
PBE62149_skip_2148354d_8ae7e6cc_67.pod5	145b7c59-de60-4ec7-83a9-43403e954356	8ae7e6cc2740dd7ae86db58cfad3369101a68ac4	792	2	52299.7	33.686	52299.8	33.6252	18741	25.7002	unclassified	chr1	105376162	105394943	0	18741	-	18789	18733	18691	8	48	42	60	1	0.997758	0.994784	0
PBE62149_skip_2148354d_8ae7e6cc_67.pod5	ae19a9e4-a73a-4c2b-80cb-c134fc6923c1	8ae7e6cc2740dd7ae86db58cfad3369101a68ac4	1623	1	52333.5	10.0052	52333.6	9.888	4061	11.1794	unclassified	chr8	116647908	116652012	6	4060	-	4190	3968	3778	86	136	190	60	0.998276	0.952117	0.901671	0
PBE62149_skip_2148354d_8ae7e6cc_67.pod5	2a8d593a-b80c-4678-8805-8404f256393e	8ae7e6cc2740dd7ae86db58cfad3369101a68ac4	340	4	52286.5	49.034	52286.6	48.9276	21648	22.7633	unclassified	chr7	140035549	140057241	6	21648	-	21762	21572	21491	70	120	81	60	0.999723	0.996245	0.987547	0
PBE62149_skip_2148354d_8ae7e6cc_67.pod5	0318ba79-c27f-47b4-8e66-2ec2eb6b3945	8ae7e6cc2740dd7ae86db58cfad3369101a68ac4	1952	4	52278.5	57.0092	52278.6	56.8956	22894	27.0679	unclassified	chr1	208291661	208314548	9	22894	-	22910	22862	22835	23	25	27	60	0.999607	0.998819	0.996726	0
PBE62149_skip_2148354d_8ae7e6cc_67.pod5	0911f179-ae4f-4f73-9897-1a0d17e3095e	8ae7e6cc2740dd7ae86db58cfad3369101a68ac4	2446	4	52294.4	46.4386	52294.4	46.4366	19204	13.6509	unclassified	chr7	156324933	156343901	6	19174	-	19521	18615	18129	553	353	486	60	0.998125	0.973892	0.928692	0
PBE62149_skip_2148354d_8ae7e6cc_67.pod5	a7e46988-3739-407d-90fa-1e3e7c22ab45	8ae7e6cc2740dd7ae86db58cfad3369101a68ac4	1099	1	52320.1	22.412	52320.3	22.2768	9838	32.7348	unclassified	chr3	68108383	68118226	0	9832	+	9852	9823	9805	9	20	18	60	0.99939	0.998168	0.995229	0
PBE62149_skip_2148354d_8ae7e6cc_67.pod5	37f75da1-520b-4583-9f37-28122d449f3a	8ae7e6cc2740dd7ae86db58cfad3369101a68ac4	1427	1	52292.6	42.7208	52292.7	42.6432	16608	25.2125	unclassified	chr6	48449555	48466189	9	16608	-	16655	16578	16513	21	56	65	60	0.999458	0.996079	0.991474	0
PBE62149_skip_2148354d_8ae7e6cc_67.pod5	ac957997-edfe-4a65-aae8-ef68b9dab46c	8ae7e6cc2740dd7ae86db58cfad3369101a68ac4	733	4	52256.5	74.4896	52256.6	74.3688	30050	28.4723	unclassified	chr8	54403723	54433778	7	30050	-	30085	30013	29996	30	42	17	60	0.999767	0.999434	0.997042	0
PBE62149_skip_2148354d_8ae7e6cc_67.pod5	c292fbd9-a87e-455e-9c08-29e08d0c523b	8ae7e6cc2740dd7ae86db58cfad3369101a68ac4	1482	3	52335.7	5.4956	52336	5.1876	1758	24.2066	unclassified	chr10	59970821	59972572	0	1758	-	1760	1749	1744	9	2	5	60	1	0.997141	0.990909	0
PBE62149_skip_2148354d_8ae7e6cc_67.pod5	c211f987-b50c-45e9-8ed6-415fc882928c	8ae7e6cc2740dd7ae86db58cfad3369101a68ac4	1149	2	52272.4	66.8756	52272.6	66.7092	27126	27.3908	unclassified	chr17	81520696	81547675	6	27126	-	27193	26906	26833	214	73	73	60	0.999779	0.997287	0.986761	0
PBE62149_skip_2148354d_8ae7e6cc_67.pod5	e7d6c25c-3f52-458d-9b75-188a75ec72a5	8ae7e6cc2740dd7ae86db58cfad3369101a68ac4	1090	4	52341.4	2.5748	52341.5	2.4012	958	35.636	unclassified	chr13	22812705	22813655	7	958	-	951	950	950	1	0	0	60	0.992693	1	0.998948	0
PBE62149_skip_2148354d_8ae7e6cc_67.pod5	d4abf432-d7ee-43a4-b2ba-a3e8527ed5e7	8ae7e6cc2740dd7ae86db58cfad3369101a68ac4	1878	1	52321.5	19.9136	52321.7	19.7832	7248	28.2943	unclassified	chr2	142284684	142291932	0	7242	+	7254	7236	7227	6	12	9	60	0.999172	0.998756	0.996278	0
PBE62149_skip_2148354d_8ae7e6cc_67.pod5	ae552d44-ef24-44b2-973e-f475cc6fe850	8ae7e6cc2740dd7ae86db58cfad3369101a68ac4	402	3	52331.9	10.0052	52332.1	9.858	4077	28.0611	unclassified	chr3	191246827	191250906	0	4077	+	4081	4075	4064	2	4	11	60	1	0.997301	0.995834	0
PBE62149_skip_2148354d_8ae7e6cc_67.pod5	7f836b2b-89d8-46f5-ac42-3e1325ebe42b	8ae7e6cc2740dd7ae86db58cfad3369101a68ac4	2844	2	52327.8	11.7068	52328	11.4852	4619	28.7108	unclassified	chr18	76715824	76720430	0	4611	+	4613	4604	4593	7	2	11	60	0.998268	0.997611	0.995664	0
PBE62149_skip_2148354d_8ae7e6cc_67.pod5	c8653290-c80c-473b-8527-b454a0b25252	8ae7e6cc2740dd7ae86db58cfad3369101a68ac4	2116	4	52329.9	9.9612	52329.9	9.9592	4033	33.2954	unclassified	chr4	167646699	167650698	7	4004	-	4000	3996	3981	1	3	15	60	0.991074	0.996246	0.99525	0
PBE62149_skip_2148354d_8ae7e6cc_67.pod5	dda005e1-6cb4-4813-b79c-05dabb714afa	8ae7e6cc2740dd7ae86db58cfad3369101a68ac4	293	1	52327.8	8.9408	52327.9	8.8224	2466	27.8859	unclassified	chr2	184908878	184911345	7	2466	-	2467	2459	2456	0	8	3	60	0.997161	0.99878	0.995541	0
PBE62149_skip_2148354d_8ae7e6cc_67.pod5	d046aef2-ca4f-4043-a881-6734d96ccca8	8ae7e6cc2740dd7ae86db58cfad3369101a68ac4	1978	4	52310.4	30.7532	52310.5	30.6564	12807	29.1537	unclassified	chr17	5426328	5439143	0	12798	+	12832	12781	12755	17	34	26	60	0.999297	0.997966	0.993999	0
PBE62149_skip_2148354d_8ae7e6cc_67.pod5	f6a47290-60af-4c48-b9ff-5e1829c54bf3	8ae7e6cc2740dd7ae86db58cfad3369101a68ac4	1234	4	52302.5	41.2388	52302.7	41.0556	14796	28.854	unclassified	chr2	176841570	176856352	0	14796	+	14801	14777	14755	19	5	22	60	1	0.998511	0.996892	0
PBE62149_skip_2148354d_8ae7e6cc_67.pod5	b7c23878-ca3d-4c9c-bd63-59a761a95418	8ae7e6cc2740dd7ae86db58cfad3369101a68ac4	1973	2	52331.1	10.9628	52331.1	10.9608	4282	10.9398	unclassified	chr8	93560222	93564523	5	4247	-	4431	4112	3889	130	189	223	60	0.990659	0.945768	0.87768	0
PBE62149_skip_2148354d_8ae7e6cc_67.pod5	1a2d96e9-208c-473f-b3e9-36b5a31c6eba	8ae7e6cc2740dd7ae86db58cfad3369101a68ac4	977	3	52305.8	34.0772	52305.9	33.9876	13991	12.9087	unclassified	chr7	90608016	90622064	2	13981	+	14298	13729	13341	250	319	388	60	0.999142	0.971739	0.933068	0
PBE62149_skip_2148354d_8ae7e6cc_67.pod5	eb4c4a6a-b255-4587-8952-8d9f93a8c1d5	8ae7e6cc2740dd7ae86db58cfad3369101a68ac4	1335	3	52326.3	9.8684	52326.6	9.5628	4998	22.3379	unclassified	chrY	19230451	19235439	0	4987	+	4999	4976	4964	11	12	12	60	0.997799	0.997588	0.992999	0
PBE62149_skip_2148354d_8ae7e6cc_67.pod5	3d4a1333-d126-464d-99c3-0d1655401697	8ae7e6cc2740dd7ae86db58cfad3369101a68ac4	2716	1	52310.3	30.4994	52310.3	30.4974	12036	26.9635	unclassified	chr7	86164039	86175983	39	12030	+	12004	11931	11911	60	13	20	60	0.996261	0.998324	0.992253	0
PBE62149_skip_2148354d_8ae7e6cc_67.pod5	9409ec90-499d-436e-a536-8d40f8669194	8ae7e6cc2740dd7ae86db58cfad3369101a68ac4	1200	2	52283.5	56.5772	52283.6	56.4708	14126	9.84978	unclassified	chr1	51023980	51035890	0	14118	+	14157	11871	11826	2247	39	45	60	0.999434	0.996209	0.835346	0
PBE62149_skip_2148354d_8ae7e6cc_67.pod5	30389eab-539e-47e5-a33e-94328e403b95	8ae7e6cc2740dd7ae86db58cfad3369101a68ac4	2764	3	52309.9	29.4858	52309.9	29.4838	11668	29.4348	unclassified	chr9	90567374	90579007	5	11629	-	11644	11613	11596	11	20	17	60	0.996229	0.998536	0.995878	0
PBE62149_skip_2148354d_8ae7e6cc_67.pod5	4b3c8547-26f3-4b33-b105-85b9a98ce853	8ae7e6cc2740dd7ae86db58cfad3369101a68ac4	880	3	52335.3	6.6836	52335.4	6.5532	2857	23.6603	unclassified	chr1	94213148	94215997	5	2857	-	2862	2839	2822	13	10	17	60	0.99825	0.994012	0.986024	0
PBE62149_skip_2148354d_8ae7e6cc_67.pod5	e85d08ee-bacd-4ab2-a82e-169e92913127	8ae7e6cc2740dd7ae86db58cfad3369101a68ac4	1785	3	52319.6	19.0892	52319.7	18.9444	5201	24.8705	unclassified	chr20	23027957	23033149	6	5201	-	5201	5186	5167	9	6	19	60	0.998846	0.996336	0.993463	0
PBE62149_skip_2148354d_8ae7e6cc_67.pod5	0a9d1aa4-7b0b-471b-996d-bb94858517c5	8ae7e6cc2740dd7ae86db58cfad3369101a68ac4	2967	3	52303.4	38.0492	52303.4	38.0472	15753	10.4261	unclassified	chr3	48344513	48360338	4	15491	-	16158	15154	14483	333	671	671	60	0.983114	0.955721	0.896336	0
PBE62149_skip_2148354d_8ae7e6cc_67.pod5	adc7ada5-a28e-4210-9728-d30025ee42b2	8ae7e6cc2740dd7ae86db58cfad3369101a68ac4	50	3	52329.7	10.3604	52329.9	10.2432	3887	24.8085	unclassified	chrY	7316649	7320521	0	3881	+	3883	3870	3864	11	2	6	60	0.998456	0.99845	0.995107	0
PBE62149_skip_2148354d_8ae7e6cc_67.pod5	d2d76329-c032-4970-93cb-cd54771c5141	8ae7e6cc2740dd7ae86db58cfad3369101a68ac4	2118	2	52306.1	29.2884	52306.1	29.2864	5802	9.71204	unclassified	chr8	124262652	124267584	779	5795	+	5058	4890	4816	126	42	74	60	0.864529	0.984867	0.952155	0
PBE62149_skip_2148354d_8ae7e6cc_67.pod5	a16aab45-2cf6-4968-9738-a0fccb31c641	8ae7e6cc2740dd7ae86db58cfad3369101a68ac4	2231	2	52312.3	23.228	52312.4	23.1204	9511	23.0848	unclassified	chr3	133391577	133401091	1	9502	+	9527	9488	9452	13	26	36	60	0.998949	0.996206	0.992128	0
PBE62149_skip_2148354d_8ae7e6cc_67.pod5	898084c9-ce50-4296-b369-c08b72f8c12c	8ae7e6cc2740dd7ae86db58cfad3369101a68ac4	2884	3	52301.3	33.6632	52301.4	33.5592	16262	20.7715	unclassified	chr1	26308907	26325194	6	16262	-	16348	16195	16145	61	92	50	60	0.999631	0.996913	0.987583	0
PBE62149_skip_2148354d_8ae7e6cc_67.pod5	559a7d61-f612-4184-830b-3e65bad2911b	8ae7e6cc2740dd7ae86db58cfad3369101a68ac4	780	3	52316.2	25.3916	52316.3	25.2204	8419	26.0023	unclassified	chr14	23166477	23174897	0	8411	+	8430	8401	8390	10	19	11	60	0.99905	0.998691	0.995255	0
PBE62149_skip_2148354d_8ae7e6cc_67.pod5	fe090d36-e6bf-4581-bad1-4230baac1bd7	8ae7e6cc2740dd7ae86db58cfad3369101a68ac4	1853	3	52304.9	30.146	52305	30.0444	13175	19.2434	unclassified	chr17	75479377	75492526	0	13169	+	13223	13095	13031	74	54	64	60	0.999545	0.995113	0.98548	0
PBE62149_skip_2148354d_8ae7e6cc_67.pod5	0c8f2e64-8c04-45f3-b3ab-b39ebcc29a97	8ae7e6cc2740dd7ae86db58cfad3369101a68ac4	198	3	52321.5	14.6636	52321.6	14.5236	6001	32.6638	unclassified	chr3	43482726	43488720	7	6001	-	5997	5991	5982	3	3	9	60	0.998834	0.998498	0.997499	0
PBE62149_skip_2148354d_8ae7e6cc_67.pod5	76326524-6c81-49c5-934c-50c858b684e6	8ae7e6cc2740dd7ae86db58cfad3369101a68ac4	2082	4	52305.7	30.2	52305.8	30.0768	13407	26.8674	unclassified	chr8	126353590	126367001	4	13407	-	13432	13382	13371	21	29	11	60	0.999702	0.999178	0.995459	0
PBE62149_skip_2148354d_8ae7e6cc_67.pod5	a612fb88-1ef4-4bed-a0cc-8f55b69e0fcd	8ae7e6cc2740dd7ae86db58cfad3369101a68ac4	1675	2	52311.1	31.1276	52311.2	30.9888	13497	28.4811	unclassified	chr1	67003005	67016473	0	13490	+	13510	13448	13435	42	20	13	60	0.999481	0.999033	0.994449	0
PBE62149_skip_2148354d_8ae7e6cc_67.pod5	3191fd3f-b0b9-41ae-ba27-9244f73158ea	8ae7e6cc2740dd7ae86db58cfad3369101a68ac4	1314	3	52314.9	24.554	52315.1	24.3972	10363	25.5877	unclassified	chr22	16108851	16119220	0	10355	+	10380	10344	10308	11	25	36	60	0.999228	0.99652	0.993064	0
PBE62149_skip_2148354d_8ae7e6cc_67.pod5	472d7d6d-4810-4419-9dc9-7259cddcee83	8ae7e6cc2740dd7ae86db58cfad3369101a68ac4	649	4	52308	28.0556	52308.1	27.9516	11119	26.5803	unclassified	chr18	72470100	72481254	7	11119	-	11163	11103	11072	9	51	31	60	0.99937	0.997208	0.991848	0
PBE62149_skip_2148354d_8ae7e6cc_67.pod5	4ff55cc9-30ea-4df9-bb94-385e02fba5df	8ae7e6cc2740dd7ae86db58cfad3369101a68ac4	1825	2	52299.1	40.7396	52299.2	40.6224	15602	27.171	unclassified	chr2	134367840	134383453	0	15596	+	15633	15576	15539	20	37	37	60	0.999615	0.997625	0.993987	0
PBE62149_skip_2148354d_8ae7e6cc_67.pod5	710fab55-a606-4441-a7d4-1d1a3e0e99ea	8ae7e6cc2740dd7ae86db58cfad3369101a68ac4	1435	2	52310.5	30.5384	52310.6	30.4344	13446	28.3058	unclassified	chr3	95507527	95520961	9	13446	-	13438	13433	13430	4	1	3	60	0.999331	0.999777	0.999405	0
PBE62149_skip_2148354d_8ae7e6cc_67.pod5	f3d9881a-37ac-4f82-9616-ee4bfa54fdbd	8ae7e6cc2740dd7ae86db58cfad3369101a68ac4	695	4	52318.6	22.9208	52318.7	22.824	9103	22.8202	unclassified	chr1	245914114	245923215	0	9094	+	9127	9068	9024	26	33	44	60	0.999011	0.995148	0.988715	0
PBE62149_skip_2148354d_8ae7e6cc_67.pod5	bc073363-bf4f-4f0b-9679-fdaaa0171920	8ae7e6cc2740dd7ae86db58cfad3369101a68ac4	2127	2	52306.1	29.357	52306.1	29.355	13792	18.4318	unclassified	chrX	155750310	155760883	3255	13757	-	10618	10457	10370	45	116	87	60	0.761456	0.99168	0.976643	0
PBE62149_skip_2148354d_8ae7e6cc_67.pod5	74d981c0-a411-4a07-80d6-bb3e248fdafd	8ae7e6cc2740dd7ae86db58cfad3369101a68ac4	1955	1	52294.6	36.8098	52294.6	36.8078	16654	25.2119	unclassified	chr9	36966946	36983571	31	16644	+	16664	16574	16519	39	51	55	60	0.997538	0.996682	0.991299	0
PBE62149_skip_2148354d_8ae7e6cc_67.pod5	ce2558c7-2495-4421-a46b-2c674980de2d	8ae7e6cc2740dd7ae86db58cfad3369101a68ac4	180	1	52299.4	32.2052	52299.5	32.0532	12605	29.0428	unclassified	chr12	72247497	72260088	0	12598	+	12611	12578	12559	20	13	19	60	0.999445	0.998489	0.995877	0
PBE62149_skip_2148354d_8ae7e6cc_67.pod5	fee2f402-3796-4dc7-ac0f-1705437d1301	8ae7e6cc2740dd7ae86db58cfad3369101a68ac4	2124	4	52292.5	47.5496	52292.6	47.4024	19007	25.7275	unclassified	chrX	97716801	97735813	0	19000	+	19029	18983	18959	17	29	24	60	0.999632	0.998736	0.996321	0
PBE62149_skip_2148354d_8ae7e6cc_67.pod5	9bfef348-7ca1-4441-a2d7-f6fefd0f8992	8ae7e6cc2740dd7ae86db58cfad3369101a68ac4	691	1	52323.3	18.0936	52323.3	18.0916	7095	10.0433	unclassified	chr13	27817105	27824320	32	7089	+	7428	6844	6454	213	371	390	60	0.994644	0.943016	0.868875	0
PBE62149_skip_2148354d_8ae7e6cc_67.pod5	494956c3-36a0-4dd1-8920-7c784b258cc5	8ae7e6cc2740dd7ae86db58cfad3369101a68ac4	1116	3	52291.6	40.1144	52291.7	39.9936	17177	26.2192	unclassified	chr11	72326984	72344159	7	17177	-	17189	17156	17133	14	19	23	60	0.999592	0.998659	0.996742	0
PBE62149_skip_2148354d_8ae7e6cc_67.pod5	32ce31d8-2ad8-4a52-8203-2c3cdadc3165	8ae7e6cc2740dd7ae86db58cfad3369101a68ac4	993	4	52278.5	62.3336	52278.6	62.2512	26604	20.9021	unclassified	chr3	144758599	144785281	0	26599	+	26734	26547	26444	52	135	103	60	0.999812	0.99612	0.989152	0
PBE62149_skip_2148354d_8ae7e6cc_67.pod5	eb0606e3-7e44-48ae-8c07-e873697ff8da	8ae7e6cc2740dd7ae86db58cfad3369101a68ac4	617	4	52335.3	6.3404	52335.4	6.2388	2432	22.6196	unclassified	chr1	115806643	115809110	0	2425	+	2473	2419	2408	6	48	11	60	0.997122	0.995453	0.973716	0
PBE62149_skip_2148354d_8ae7e6cc_67.pod5	8629227d-a675-4c63-8dc1-f32766aca31e	8ae7e6cc2740dd7ae86db58cfad3369101a68ac4	2436	3	52318.6	23.0276	52318.7	22.8852	8837	29.0334	unclassified	chrX	28865097	28873942	0	8828	+	8849	8824	8809	4	21	15	60	0.998982	0.9983	0.99548	0
PBE62149_skip_2148354d_8ae7e6cc_67.pod5	ec7dddd5-a10b-4aa6-898d-d7f3e240025f	8ae7e6cc2740dd7ae86db58cfad3369101a68ac4	690	3	52280.2	50.8696	52280.2	50.8676	24026	24.3043	unclassified	chr9	128376318	128400300	30	24019	+	24030	23941	23893	48	41	48	60	0.99846	0.997995	0.994299	0
PBE62149_skip_2148354d_8ae7e6cc_67.pod5	19632357-6edb-433f-a4e8-fc676d8b0cbc	8ae7e6cc2740dd7ae86db58cfad3369101a68ac4	673	4	52297.9	38.3348	52298.2	38.0412	15156	27.9018	unclassified	chr11	87335691	87350848	0	15148	+	15165	15140	15124	8	17	16	60	0.999472	0.998943	0.997296	0
PBE62149_skip_2148354d_8ae7e6cc_67.pod5	15a7974d-9e80-4c3d-bc54-2b0461bc12b0	8ae7e6cc2740dd7ae86db58cfad3369101a68ac4	933	3	52306.3	37.5992	52306.4	37.4952	15264	25.6842	unclassified	chr3	78709384	78724634	0	15264	+	15288	15226	15198	38	24	28	60	1	0.998161	0.994113	0
PBE62149_skip_2148354d_8ae7e6cc_67.pod5	74d27a15-81b0-4d64-9f58-d22c84322867	8ae7e6cc2740dd7ae86db58cfad3369101a68ac4	2972	4	52260.9	74.4782	52260.9	74.4762	25952	11.4558	unclassified	chr5	88609880	88623153	12872	25937	+	13489	12849	12383	216	424	466	60	0.503429	0.963733	0.918007	0
PBE62149_skip_2148354d_8ae7e6cc_67.pod5	e7b4febf-11b9-49cd-b736-afc96b3872b0	8ae7e6cc2740dd7ae86db58cfad3369101a68ac4	1687	1	52306.8	34.6112	52306.9	34.5168	15367	23.797	unclassified	chr10	81363332	81378482	8	15367	-	15401	15108	15076	251	42	32	60	0.999479	0.997882	0.978897	0
PBE62149_skip_2148354d_8ae7e6cc_67.pod5	64c83c3b-ae6f-4bea-8bfb-218097947013	8ae7e6cc2740dd7ae86db58cfad3369101a68ac4	2615	4	52270.8	62.0912	52271	61.9464	26128	27.9917	unclassified	chr21	46093196	46119450	0	26116	+	26281	26089	26040	27	165	49	60	0.999541	0.998122	0.99083	0
PBE62149_skip_2148354d_8ae7e6cc_67.pod5	be07574b-3abe-4635-8902-28dd9cde1afc	8ae7e6cc2740dd7ae86db58cfad3369101a68ac4	2142	1	52319.9	15.2684	52320	15.15	5624	28.1212	unclassified	chrY	20136985	20142348	0	5615	+	5752	5226	5005	389	137	221	60	0.9984	0.957711	0.870132	0
PBE62149_skip_2148354d_8ae7e6cc_67.pod5	a9e36ad7-cc25-42e3-9cf0-60977c2f5ccd	8ae7e6cc2740dd7ae86db58cfad3369101a68ac4	2182	2	52309.9	30.8636	52310	30.7572	11892	30.369	unclassified	chr20	26989662	27001211	0	11886	+	11893	11542	11435	344	7	107	1	0.999495	0.99073	0.96149	0
PBE62149_skip_2148354d_8ae7e6cc_67.pod5	2e5db5ee-9f4c-4cdb-b494-5e7f9abfd6b9	8ae7e6cc2740dd7ae86db58cfad3369101a68ac4	2814	4	52324.7	6.5302	52324.7	6.5282	1549	4.70997	unclassified	*	-1	-1	-1	-1	*	0	0	0	0	0	0	0	0	0	0	0
PBE62149_skip_2148354d_8ae7e6cc_67.pod5	f6df419b-9dea-44a4-92ed-b8e040b3854e	8ae7e6cc2740dd7ae86db58cfad3369101a68ac4	1962	3	52260.8	70.2908	52261	70.1508	28423	30.4077	unclassified	chr22	11458110	11466461	19736	28373	-	8805	8183	6629	454	168	1554	36	0.303874	0.810094	0.752868	0
PBE62149_skip_2148354d_8ae7e6cc_67.pod5	29e6be12-32f4-4e9a-b0e2-9e1687841c99	8ae7e6cc2740dd7ae86db58cfad3369101a68ac4	2223	2	52325	6.254	52325.1	6.1476	3513	20.9055	unclassified	chr5	129783909	129787434	0	3509	+	3532	3502	3493	7	23	9	60	0.998861	0.99743	0.988958	0
PBE62149_skip_2148354d_8ae7e6cc_67.pod5	615093fb-cb59-4e77-aae8-afa3a60b3904	8ae7e6cc2740dd7ae86db58cfad3369101a68ac4	2063	2	52332.1	9.6872	52332.2	9.5664	4011	30.1139	unclassified	chr7	57155755	57159756	8	4011	-	4005	3999	3998	4	2	1	60	0.998006	0.99975	0.998252	0
PBE62149_skip_2148354d_8ae7e6cc_67.pod5	7e098a1e-dfe3-4eea-952a-6e359e5010da	8ae7e6cc2740dd7ae86db58cfad3369101a68ac4	2923	1	52336.5	7.4312	52336.6	7.3032	2835	30.753	unclassified	chr8	12351095	12353918	0	2828	+	2828	2823	2820	5	0	3	60	0.997531	0.998937	0.997171	0
PBE62149_skip_2148354d_8ae7e6cc_67.pod5	e226198f-fe93-4e10-9663-5cecfa934e7c	8ae7e6cc2740dd7ae86db58cfad3369101a68ac4	2664	3	52331.8	11.9864	52331.9	11.8824	4527	31.9329	unclassified	chr4	64570464	64574993	0	4527	-	4530	4526	4514	1	3	12	60	1	0.997349	0.996468	0
PBE62149_skip_2148354d_8ae7e6cc_67.pod5	a1f7c7ce-2755-4303-8fa2-2f2d372ced65	8ae7e6cc2740dd7ae86db58cfad3369101a68ac4	1942	1	52342.2	4.8572	52342.3	4.7652	2055	22.3333	unclassified	chr1	191819572	191821635	0	2049	+	2063	2049	2037	0	14	12	60	0.99708	0.994143	0.987397	0
PBE62149_skip_2148354d_8ae7e6cc_67.pod5	841c0538-513b-419b-81cf-6faad500e250	8ae7e6cc2740dd7ae86db58cfad3369101a68ac4	340	4	52335.6	8.6792	52335.8	8.5296	3459	28.1672	unclassified	chr1	57869404	57872856	6	3459	-	3453	3452	3450	1	0	2	60	0.998265	0.999421	0.999131	0
PBE62149_skip_2148354d_8ae7e6cc_67.pod5	ced676c1-1e7c-4b7a-ab76-4a453641ee77	8ae7e6cc2740dd7ae86db58cfad3369101a68ac4	2550	2	52338	4.016	52338.2	3.8376	1239	25.3281	unclassified	chr16	72177836	72179068	7	1239	-	1234	1230	1228	2	2	2	60	0.99435	0.998374	0.995138	0
PBE62149_skip_2148354d_8ae7e6cc_67.pod5	1ca7e068-e556-455b-bf63-88c8806952bc	8ae7e6cc2740dd7ae86db58cfad3369101a68ac4	2748	2	52333.6	10.3196	52333.7	10.2252	4244	18.5475	unclassified	chr1	226244880	226249127	0	4244	+	4270	4221	4197	23	26	24	60	1	0.994314	0.982904	0
PBE62149_skip_2148354d_8ae7e6cc_67.pod5	33edd24a-2b38-42a6-a32c-deaeafdeea26	8ae7e6cc2740dd7ae86db58cfad3369101a68ac4	2361	2	52332.3	9.9908	52332.4	9.8172	4123	26.2766	unclassified	chr9	82027913	82032036	0	4123	+	4128	4118	4116	5	5	2	60	1	0.999514	0.997093	0
PBE62149_skip_2148354d_8ae7e6cc_67.pod5	aed76ff1-434a-4ba7-8da1-54175a18ba89	8ae7e6cc2740dd7ae86db58cfad3369101a68ac4	567	4	52334.7	9.289	52334.7	9.287	4124	26.2768	unclassified	chr5	80049352	80053444	7	4095	-	4095	4085	4082	3	7	3	60	0.991271	0.999266	0.996825	0
PBE62149_skip_2148354d_8ae7e6cc_67.pod5	ce1c7527-9037-4a8d-a962-c70344e9d355	8ae7e6cc2740dd7ae86db58cfad3369101a68ac4	1418	2	52327.2	14.2478	52327.2	14.2458	4702	28.7038	unclassified	chr12	76427975	76432316	6	4671	-	4671	4335	4322	330	6	13	60	0.992131	0.997001	0.925284	0
PBE62149_skip_2148354d_8ae7e6cc_67.pod5	0e24b1da-2b1d-4bf8-bc62-9b9136c7a443	8ae7e6cc2740dd7ae86db58cfad3369101a68ac4	704	1	52326.4	17.912	52326.6	17.784	6803	27.3861	unclassified	chr6	46762926	46769720	9	6803	-	6802	6786	6782	8	8	4	60	0.998677	0.999411	0.99706	0
PBE62149_skip_2148354d_8ae7e6cc_67.pod5	f642e41d-7db2-4a54-833c-70b88761caf3	8ae7e6cc2740dd7ae86db58cfad3369101a68ac4	2478	3	52312.7	29.0662	52312.7	29.0642	10854	12.791	unclassified	chr5	106354432	106365308	8	10809	-	11098	10579	10268	222	297	311	60	0.995117	0.970602	0.925212	0
PBE62149_skip_2148354d_8ae7e6cc_67.pod5	238b8b74-43d8-46ed-a348-7d1ce14882c0	8ae7e6cc2740dd7ae86db58cfad3369101a68ac4	2174	1	52339.7	9.5582	52339.7	9.5562	4468	23.4034	unclassified	chr10	42697025	42701474	31	4458	+	4455	4421	4414	6	28	7	60	0.990824	0.998417	0.990797	0
PBE62149_skip_2148354d_8ae7e6cc_67.pod5	c946a3cd-fefe-407f-bba4-c54895107061	8ae7e6cc2740dd7ae86db58cfad3369101a68ac4	2963	4	52318.4	22.8238	52318.4	22.8218	9413	27.1199	unclassified	chr13	16737219	16746598	10	9385	-	9383	9371	9161	4	8	210	1	0.995963	0.97759	0.97634	0
PBE62149_skip_2148354d_8ae7e6cc_67.pod5	41f6d993-aac6-47eb-ac95-9719c8e6b3ea	8ae7e6cc2740dd7ae86db58cfad3369101a68ac4	1942	1	52337.1	5.042	52337.2	4.95	2065	26.9021	unclassified	chr1	191819572	191821634	8	2065	-	2064	2055	2051	2	7	4	60	0.996126	0.998054	0.993702	0
PBE62149_skip_2148354d_8ae7e6cc_67.pod5	eab85fc6-11ac-4241-9497-a2c0beb5eb42	8ae7e6cc2740dd7ae86db58cfad3369101a68ac4	482	3	52341.7	7.5786	52341.7	7.5766	2742	12.0199	unclassified	chr14	45890931	45893650	33	2734	+	2779	2641	2538	60	78	103	60	0.985047	0.961	0.913278	0
PBE62149_skip_2148354d_8ae7e6cc_67.pod5	f40bd87a-6cf6-4410-9b7e-6522f4d8818f	8ae7e6cc2740dd7ae86db58cfad3369101a68ac4	2982	4	52325	21.9464	52325	21.9444	8617	23.2594	unclassified	chr11	33777733	33786289	28	8612	+	8598	8542	8510	42	14	32	60	0.99617	0.996254	0.989765	0
PBE62149_skip_2148354d_8ae7e6cc_67.pod5	ee189238-1286-45e9-aacc-59980f24c11d	8ae7e6cc2740dd7ae86db58cfad3369101a68ac4	2096	2	52336.1	5.9706	52336.1	5.9686	2452	28.1974	unclassified	chr12	133071242	133073653	7	2413	-	2411	2406	2403	0	5	3	60	0.98124	0.998753	0.996682	0
PBE62149_skip_2148354d_8ae7e6cc_67.pod5	3a210916-7c14-4823-b186-6df5bed28da7	8ae7e6cc2740dd7ae86db58cfad3369101a68ac4	794	3	52326.7	22.8824	52326.7	22.8804	7427	30.8078	unclassified	chr18	60613816	60621213	20	7420	+	7405	7392	7373	8	5	19	60	0.996365	0.99743	0.995679	0
PBE62149_skip_2148354d_8ae7e6cc_67.pod5	8370e863-3a6c-4427-bb9f-2b010afd956e	8ae7e6cc2740dd7ae86db58cfad3369101a68ac4	2297	2	52323.8	18.477	52323.8	18.475	7665	9.35721	unclassified	chr11	109160765	109168645	34	7656	+	8075	7427	6947	195	453	480	60	0.99439	0.935371	0.86031	0
PBE62149_skip_2148354d_8ae7e6cc_67.pod5	b25f3a57-ca2f-45c7-8ebd-f7261a02bf85	8ae7e6cc2740dd7ae86db58cfad3369101a68ac4	2105	1	52331.9	10.2788	52332	10.1748	4534	33.1358	unclassified	chr11	5864492	5869017	0	4527	+	4528	4524	4512	3	1	12	60	0.998456	0.997347	0.996466	0
PBE62149_skip_2148354d_8ae7e6cc_67.pod5	f7a3a790-986c-443d-bc7e-232584fdc8dd	8ae7e6cc2740dd7ae86db58cfad3369101a68ac4	647	3	52328.3	7.94	52328.5	7.7112	2741	28.0737	unclassified	chr16	35762740	35765478	6	2741	-	2740	2733	2730	2	5	3	60	0.997811	0.998902	0.99635	0
PBE62149_skip_2148354d_8ae7e6cc_67.pod5	deb639ae-ff6d-4194-b241-37e6eec91f21	8ae7e6cc2740dd7ae86db58cfad3369101a68ac4	718	3	52335.2	9.0704	52335.3	8.9664	4072	29.724	unclassified	chrY	17370877	17374943	0	4064	+	4067	4063	4062	1	3	1	60	0.998035	0.999754	0.998771	0
PBE62149_skip_2148354d_8ae7e6cc_67.pod5	45ea9638-691a-49f0-ba54-0ff0a775e84d	8ae7e6cc2740dd7ae86db58cfad3369101a68ac4	2328	2	52283.7	57.248	52283.8	57.1512	24380	29.3473	unclassified	chrY	56715750	56740281	0	24365	+	24637	24259	23926	106	272	333	3	0.999385	0.986273	0.971141	0
PBE62149_skip_2148354d_8ae7e6cc_67.pod5	09a918df-c2e0-4e21-8d1b-49369d8e5dac	8ae7e6cc2740dd7ae86db58cfad3369101a68ac4	1448	3	52332.3	17.0852	52332.4	16.9908	7683	25.9602	unclassified	chr5	181298430	181306130	9	7683	-	7711	7663	7629	11	37	34	60	0.998829	0.995563	0.989366	0
PBE62149_skip_2148354d_8ae7e6cc_67.pod5	345b704e-d9a3-4868-b18a-d96e115b7fb5	8ae7e6cc2740dd7ae86db58cfad3369101a68ac4	1553	2	52255.8	86.516	52255.9	86.3844	30853	15.02	unclassified	chr2	202357837	202388854	6	30852	-	31402	30461	29933	385	556	528	60	0.999773	0.982666	0.95322	0
PBE62149_skip_2148354d_8ae7e6cc_67.pod5	58598a86-f2c0-4187-bb1d-78dccff9cefc	8ae7e6cc2740dd7ae86db58cfad3369101a68ac4	952	1	52328.3	15.566	52328.4	15.3972	6064	26.2282	unclassified	chrX	82647136	82653197	1	6057	+	6064	6053	6050	3	8	3	60	0.998681	0.999504	0.997691	0
PBE62149_skip_2148354d_8ae7e6cc_67.pod5	2be72cfe-cc9c-45f1-89f8-9f7448a3b142	8ae7e6cc2740dd7ae86db58cfad3369101a68ac4	851	1	52324.7	17.3076	52324.7	17.3056	8849	9.11407	unclassified	chr16	24970295	24979421	34	8835	+	9343	8584	7981	217	542	603	60	0.994576	0.929753	0.854222	0
PBE62149_skip_2148354d_8ae7e6cc_67.pod5	eef726de-5d84-4692-ba5c-6a7311e51f6b	8ae7e6cc2740dd7ae86db58cfad3369101a68ac4	646	3	52314.9	26.798	52314.9	26.796	8350	19.237	unclassified	chr4	78088474	78096819	0	8314	-	8379	8280	8237	34	65	43	60	0.995689	0.994807	0.983053	0
PBE62149_skip_2148354d_8ae7e6cc_67.pod5	1dd4b6c1-3487-4406-bebd-8d3c56d37252	8ae7e6cc2740dd7ae86db58cfad3369101a68ac4	942	1	52334.7	7.55	52334.8	7.4244	2968	27.9573	unclassified	chr8	128935686	128938647	0	2962	+	2966	2957	2953	5	4	4	60	0.997978	0.998647	0.995617	0
PBE62149_skip_2148354d_8ae7e6cc_67.pod5	2ae24779-41d4-4fcc-8661-94d1783cd6eb	8ae7e6cc2740dd7ae86db58cfad3369101a68ac4	1109	3	52312.9	34.6016	52313	34.4544	12557	18.2833	unclassified	chr10	67294324	67306851	0	12557	-	12694	12390	12314	167	137	76	60	1	0.993866	0.970065	0
PBE62149_skip_2148354d_8ae7e6cc_67.pod5	ed1ce844-8bf3-4fa3-b18b-ec1e20f3d41c	8ae7e6cc2740dd7ae86db58cfad3369101a68ac4	2932	3	52305.4	41.3924	52305.4	41.3904	14527	32.2699	unclassified	chr18	6377016	6391512	32	14521	+	14500	14485	14477	4	11	8	60	0.997384	0.999448	0.998414	0
PBE62149_skip_2148354d_8ae7e6cc_67.pod5	b0101010-1af9-4089-8e44-e383092ba951	8ae7e6cc2740dd7ae86db58cfad3369101a68ac4	1699	3	52270.4	71.0132	52270.5	70.9044	29149	27.5369	unclassified	chr2	120784243	120813388	0	29141	+	29174	29112	29046	29	33	66	60	0.999726	0.997733	0.995613	0
PBE62149_skip_2148354d_8ae7e6cc_67.pod5	5c1cbf5a-d2df-406c-846b-5b290cd9f0ba	8ae7e6cc2740dd7ae86db58cfad3369101a68ac4	29	3	52331.9	17.7026	52331.9	17.7006	8500	16.7084	unclassified	chr3	13544279	13552786	10	8467	-	8569	8395	8287	62	112	108	60	0.994941	0.987135	0.967091	0
PBE62149_skip_2148354d_8ae7e6cc_67.pod5	0753d224-385a-4a3f-9813-7b2458647b48	8ae7e6cc2740dd7ae86db58cfad3369101a68ac4	943	4	52311.5	24.9944	52311.6	24.8784	10184	29.8811	unclassified	chr8	50541630	50551803	0	10175	+	10185	10163	10158	12	10	5	60	0.999116	0.999508	0.997349	0
PBE62149_skip_2148354d_8ae7e6cc_67.pod5	422b05a8-b20f-463d-9ed0-6fb579fee611	8ae7e6cc2740dd7ae86db58cfad3369101a68ac4	2216	2	52310.4	38.8436	52310.5	38.6748	13170	30.743	unclassified	chr1	28674293	28687460	0	13164	+	13188	13143	13127	21	24	16	60	0.999544	0.998783	0.995375	0
PBE62149_skip_2148354d_8ae7e6cc_67.pod5	3c3e40e9-ebe4-42f3-942c-c9bf0d45778a	8ae7e6cc2740dd7ae86db58cfad3369101a68ac4	2378	3	52326.8	9.7328	52326.9	9.6456	3969	39.6282	unclassified	chrX	100549939	100553902	6	3969	-	3963	3963	3963	0	0	0	60	0.998488	1	1	0
PBE62149_skip_2148354d_8ae7e6cc_67.pod5	324fe831-184d-43de-8838-d1b7a7fe345c	8ae7e6cc2740dd7ae86db58cfad3369101a68ac4	1577	4	52340.5	6.8912	52340.6	6.7848	2810	25.8791	unclassified	chr17	80903508	80906313	0	2798	+	2805	2798	2794	0	7	4	60	0.99573	0.99857	0.996078	0
PBE62149_skip_2148354d_8ae7e6cc_67.pod5	ce0996b8-59d8-436b-b0bd-ed69826ee609	8ae7e6cc2740dd7ae86db58cfad3369101a68ac4	889	2	52275.8	60.1256	52275.9	60.0324	24758	31.0771	unclassified	chr9	102992072	103016971	0	24752	+	24982	24669	24611	83	230	58	60	0.999758	0.997649	0.985149	0
PBE62149_skip_2148354d_8ae7e6cc_67.pod5	d2fce8e0-c327-4bd4-ab0e-850678975c5e	8ae7e6cc2740dd7ae86db58cfad3369101a68ac4	1556	4	52333.8	13.6052	52333.9	13.5036	5608	34.3063	unclassified	chr10	93710189	93715794	2	5608	-	5609	5602	5598	4	3	4	60	0.999643	0.999286	0.998039	0
PBE62149_skip_2148354d_8ae7e6cc_67.pod5	de686748-a2b8-4149-86ec-d53e0022e0a9	8ae7e6cc2740dd7ae86db58cfad3369101a68ac4	1940	3	52316.1	25.1468	52316.2	25.0296	9411	35.2424	unclassified	chr1	124307758	124317499	2	9403	+	9750	9392	8555	9	349	837	1	0.998937	0.910882	0.877436	0
PBE62149_skip_2148354d_8ae7e6cc_67.pod5	f4e83390-01d3-4bfd-9df1-b89c27e8d823	8ae7e6cc2740dd7ae86db58cfad3369101a68ac4	2623	3	52295.1	44.5772	52295.2	44.478	17861	29.5266	unclassified	chr2	120999628	121017478	0	17855	+	17871	17834	17816	21	16	18	60	0.999664	0.998991	0.996922	0
PBE62149_skip_2148354d_8ae7e6cc_67.pod5	a9a22faa-3433-43a4-81ba-6bd0211bcf0d	8ae7e6cc2740dd7ae86db58cfad3369101a68ac4	1073	3	52326	10.5572	52326.3	10.3068	4377	26.2292	unclassified	chr20	54986842	54991226	5	4377	-	4386	4370	4364	2	14	6	60	0.998858	0.998627	0.994984	0
PBE62149_skip_2148354d_8ae7e6cc_67.pod5	0466e29f-6bc5-4571-a28e-b62f5dfa3355	8ae7e6cc2740dd7ae86db58cfad3369101a68ac4	592	1	52332.6	15.0894	52332.6	15.0874	6376	32.0956	unclassified	chr7	65665731	65672078	25	6370	+	6349	6343	6341	2	4	2	15	0.995138	0.999685	0.99874	0
PBE62149_skip_2148354d_8ae7e6cc_67.pod5	95d92f2b-4b63-4edd-93ed-048ff38f2e0b	8ae7e6cc2740dd7ae86db58cfad3369101a68ac4	1054	4	52328.5	15.6974	52328.5	15.6954	6254	12.9801	unclassified	chr18	28570121	28576379	21	6217	-	6347	6107	5943	89	151	164	60	0.990726	0.973146	0.936348	0
PBE62149_skip_2148354d_8ae7e6cc_67.pod5	dffe8378-61e8-4ee3-90e8-408f130dd18f	8ae7e6cc2740dd7ae86db58cfad3369101a68ac4	434	1	52335.2	14.1248	52335.4	13.944	5335	11.7764	unclassified	chr17	2161913	2167353	0	5324	+	5529	5235	5016	89	205	219	60	0.997938	0.958166	0.907216	0
PBE62149_skip_2148354d_8ae7e6cc_67.pod5	3cf32842-e0c1-42dd-9f97-34b123395784	8ae7e6cc2740dd7ae86db58cfad3369101a68ac4	2597	4	52289	57.9056	52289.2	57.7932	25522	26.7842	unclassified	chr4	161680500	161706026	0	25512	+	25565	25473	25414	39	53	59	60	0.999608	0.997684	0.994093	0
PBE62149_skip_2148354d_8ae7e6cc_67.pod5	cc430be6-0264-48d4-8ef6-c9708593cb09	8ae7e6cc2740dd7ae86db58cfad3369101a68ac4	1693	1	52340	4.2714	52340	4.2694	1935	28.5131	unclassified	chr4	49709473	49711645	35	1930	+	2192	1875	1714	20	297	161	60	0.979328	0.914133	0.781934	0
PBE62149_skip_2148354d_8ae7e6cc_67.pod5	adb3eeb2-1e19-4ff9-ad07-40aebc91effa	8ae7e6cc2740dd7ae86db58cfad3369101a68ac4	1975	3	52287	54.6932	52287.2	54.4932	19624	30.9294	unclassified	chr22	11440453	11459332	5	19605	-	19690	18789	18076	811	90	713	60	0.998777	0.962052	0.918029	0
PBE62149_skip_2148354d_8ae7e6cc_67.pod5	b535ee9e-34c9-4719-bcd7-b29623403d99	8ae7e6cc2740dd7ae86db58cfad3369101a68ac4	54	2	52330	6.5048	52330	6.5028	2681	26.7576	unclassified	chr1	122875545	122878183	8	2648	-	2640	2638	2467	2	0	171	1	0.984707	0.935178	0.93447	0
PBE62149_skip_2148354d_8ae7e6cc_67.pod5	bd80a6d1-a929-4146-8b8c-6ae05ec3c94c	8ae7e6cc2740dd7ae86db58cfad3369101a68ac4	467	2	52315.4	33.3368	52315.5	33.228	12159	29.0415	unclassified	chr22	23880224	23892383	0	12153	+	12176	12136	12130	17	23	6	60	0.999507	0.999506	0.996222	0
PBE62149_skip_2148354d_8ae7e6cc_67.pod5	842294d9-790c-4c0c-883d-891f6e867de6	8ae7e6cc2740dd7ae86db58cfad3369101a68ac4	2698	3	52334.9	5.0164	52335	5.0144	2737	17.2903	unclassified	chr18	35587597	35590292	37	2725	+	2708	2675	2649	13	20	26	60	0.982097	0.99028	0.978213	0
PBE62149_skip_2148354d_8ae7e6cc_67.pod5	1223efb9-a9a5-4524-8df7-075e9dbd60e6	8ae7e6cc2740dd7ae86db58cfad3369101a68ac4	353	1	52238.9	104.712	52239	104.588	41800	28.33	unclassified	chr4	81119886	81141876	0	21979	+	22004	21965	21938	14	25	27	60	0.525813	0.998771	0.997001	0
PBE62149_skip_2148354d_8ae7e6cc_67.pod5	bcf5c7c3-7370-4a51-bbb6-f32f5b1d123b	8ae7e6cc2740dd7ae86db58cfad3369101a68ac4	687	4	52258	85.2728	52258.2	85.116	28730	27.7953	unclassified	chr6	80710205	80738928	0	28724	+	28759	28688	28626	36	35	62	60	0.999791	0.997839	0.995375	0
PBE62149_skip_2148354d_8ae7e6cc_67.pod5	8083119f-dd6a-4ef3-8a0c-25412c1b4919	8ae7e6cc2740dd7ae86db58cfad3369101a68ac4	2636	4	52321.3	15.038	52321.4	14.922	6373	25.3093	unclassified	chr7	8542915	8549285	7	6373	-	6383	6353	6337	13	17	16	60	0.998902	0.997482	0.992793	0
PBE62149_skip_2148354d_8ae7e6cc_67.pod5	50929e71-863f-4450-8723-e223a3890d69	8ae7e6cc2740dd7ae86db58cfad3369101a68ac4	2560	3	52302.1	45.3932	52302.2	45.2808	18216	33.6039	unclassified	chr22	33186935	33205188	7	18216	-	18270	18192	18127	17	61	65	60	0.999616	0.996427	0.992173	0
PBE62149_skip_2148354d_8ae7e6cc_67.pod5	813d5458-88c4-4da0-b090-6a08a0a2ed63	8ae7e6cc2740dd7ae86db58cfad3369101a68ac4	282	3	52324.4	12.5772	52324.4	12.5752	4596	11.1848	unclassified	chr16	17639157	17643704	6	4561	-	4666	4436	4245	119	111	191	60	0.991079	0.956943	0.909773	0
PBE62149_skip_2148354d_8ae7e6cc_67.pod5	3b810585-c83a-4c23-874c-c93d9a314c97	8ae7e6cc2740dd7ae86db58cfad3369101a68ac4	413	4	52305.2	36.8336	52305.3	36.7056	13729	32.4285	unclassified	chr5	26475751	26489469	11	13729	-	13725	13711	13666	7	7	45	60	0.999199	0.996718	0.995701	0
PBE62149_skip_2148354d_8ae7e6cc_67.pod5	6eea27c8-720b-4fb6-8dfa-3e61494e060a	8ae7e6cc2740dd7ae86db58cfad3369101a68ac4	1400	2	52317.1	30.3704	52317.1	30.3684	12213	24.7068	unclassified	chr4	80933689	80945884	33	12207	+	12206	12163	12142	11	32	21	60	0.996807	0.998273	0.994757	0
PBE62149_skip_2148354d_8ae7e6cc_67.pod5	81f3a79f-68af-4972-9448-a6e85c0b8c64	8ae7e6cc2740dd7ae86db58cfad3369101a68ac4	599	1	52332.6	4.1848	52332.6	4.1828	1500	26.3907	unclassified	chr2	71779403	71780877	32	1494	+	1477	1459	1453	3	15	6	60	0.974667	0.995888	0.983751	0
PBE62149_skip_2148354d_8ae7e6cc_67.pod5	8267614f-dfde-482a-9651-b53248832bd8	8ae7e6cc2740dd7ae86db58cfad3369101a68ac4	708	4	52343	5.234	52343.1	5.0772	2395	21.6825	unclassified	chr13	21794968	21797360	0	2395	+	2401	2386	2380	9	6	6	60	1	0.997485	0.991254	0
PBE62149_skip_2148354d_8ae7e6cc_67.pod5	b6a62052-514e-4eec-9b5c-65709b04138a	8ae7e6cc2740dd7ae86db58cfad3369101a68ac4	2096	2	52320.2	15.8504	52320.4	15.7176	6753	27.4691	unclassified	chr13	89980837	89987584	5	6753	-	6757	6738	6719	10	9	19	60	0.99926	0.99718	0.994376	0
PBE62149_skip_2148354d_8ae7e6cc_67.pod5	775fc95b-40ff-4e3a-9982-a40ae88ca1ca	8ae7e6cc2740dd7ae86db58cfad3369101a68ac4	928	1	52329.9	12.067	52329.9	12.065	4979	25.0457	unclassified	chr11	87958178	87963113	39	4973	+	4942	4927	4915	7	8	12	60	0.990962	0.997564	0.994537	0
PBE62149_skip_2148354d_8ae7e6cc_67.pod5	9429ad7a-000b-43f1-b9e7-1c7c16631efb	8ae7e6cc2740dd7ae86db58cfad3369101a68ac4	1927	4	52337.5	6.1734	52337.5	6.1714	3460	10.5329	unclassified	chr12	65025691	65029162	32	3449	+	3546	3342	3169	75	129	173	60	0.987572	0.948235	0.893683	0
PBE62149_skip_2148354d_8ae7e6cc_67.pod5	b739f999-f3b1-4004-8085-744659dc5c1f	8ae7e6cc2740dd7ae86db58cfad3369101a68ac4	777	4	52329.4	20.1752	52329.6	19.9752	5317	31.0084	unclassified	chr10	65598052	65603359	0	5310	+	5311	5306	5303	4	1	3	60	0.998683	0.999435	0.998494	0
PBE62149_skip_2148354d_8ae7e6cc_67.pod5	aa92af5c-4cd1-45f7-853f-8850c414fde8	8ae7e6cc2740dd7ae86db58cfad3369101a68ac4	940	3	52342.3	7.2562	52342.3	7.2542	2142	15.4812	unclassified	chr21	32290636	32291839	35	1238	+	1203	1203	1200	0	0	3	60	0.561625	0.997506	0.997506	0
PBE62149_skip_2148354d_8ae7e6cc_67.pod5	1f41d6a5-8313-4e16-af7b-7c0e371dd399	8ae7e6cc2740dd7ae86db58cfad3369101a68ac4	480	1	52313.2	28.9928	52313.2	28.9908	11799	14.6545	unclassified	chr2	92199801	92205908	4	5765	-	6152	5716	5367	45	391	349	1	0.488262	0.938943	0.872399	0
PBE62149_skip_2148354d_8ae7e6cc_67.pod5	c6cb34c1-a72f-4109-9595-22d4ae94c144	8ae7e6cc2740dd7ae86db58cfad3369101a68ac4	671	1	52326	10.5848	52326.1	10.4784	3778	14.5721	unclassified	chr3	76263338	76267126	9	3778	-	3840	3717	3649	52	71	68	60	0.997618	0.981706	0.95026	0
PBE62149_skip_2148354d_8ae7e6cc_67.pod5	65aad660-88a8-46fd-984d-0605f9f030de	8ae7e6cc2740dd7ae86db58cfad3369101a68ac4	1834	3	52306.2	35.9604	52306.2	35.9584	14899	11.6583	unclassified	chr2	91555277	91570209	5	14861	-	15267	14521	13941	335	411	580	60	0.997114	0.960058	0.913146	0
PBE62149_skip_2148354d_8ae7e6cc_67.pod5	c8f2eeb5-f675-46b0-9c88-0ff8704ff5f8	8ae7e6cc2740dd7ae86db58cfad3369101a68ac4	2594	1	52341.4	7.814	52341.6	7.6812	3019	31.0452	unclassified	chr2	212633989	212636999	0	3011	+	3011	3010	3008	1	0	2	60	0.99735	0.999336	0.999004	0
PBE62149_skip_2148354d_8ae7e6cc_67.pod5	08fbd1b8-98db-436f-868f-8f7d1f7a80ee	8ae7e6cc2740dd7ae86db58cfad3369101a68ac4	627	1	52334.7	8.123	52334.7	8.121	2820	25.4797	unclassified	chr4	138011304	138014086	0	2778	-	2782	2778	2771	0	4	7	60	0.985106	0.99748	0.996046	0
PBE62149_skip_2148354d_8ae7e6cc_67.pod5	e5eb4504-5023-4cd4-8842-ddb7d7cb8e85	8ae7e6cc2740dd7ae86db58cfad3369101a68ac4	1956	4	52338.7	8.918	52338.9	8.7756	3793	25.7066	unclassified	chr4	159099386	159103174	5	3793	-	3795	3781	3775	7	7	6	60	0.998682	0.998413	0.99473	0
PBE62149_skip_2148354d_8ae7e6cc_67.pod5	5c05e8f0-ea0d-4d89-b67e-65a642fd2207	8ae7e6cc2740dd7ae86db58cfad3369101a68ac4	198	3	52336.2	6.2672	52336.4	6.108	2354	27.4763	unclassified	chr12	130286663	130289017	0	2354	+	2368	2340	2336	14	14	4	60	1	0.998291	0.986486	0
PBE62149_skip_2148354d_8ae7e6cc_67.pod5	297c2ffe-5aa1-485e-a708-23dc119e431f	8ae7e6cc2740dd7ae86db58cfad3369101a68ac4	1454	1	52320.2	15.7976	52320.3	15.6804	5762	22.5136	unclassified	chr11	118655225	118660963	1	5754	+	5765	5726	5707	27	12	19	60	0.998438	0.996682	0.989939	0
PBE62149_skip_2148354d_8ae7e6cc_67.pod5	9b001a24-b1c8-4db7-be5b-e15a45f8b1c0	8ae7e6cc2740dd7ae86db58cfad3369101a68ac4	2105	1	52319.7	11.8256	52319.8	11.7072	4868	28.133	unclassified	chr5	124806128	124810986	0	4861	+	4868	4851	4833	10	7	18	60	0.998562	0.996289	0.99281	0
PBE62149_skip_2148354d_8ae7e6cc_67.pod5	4cf61710-6ee3-45ae-a8a7-82d5267d03c1	8ae7e6cc2740dd7ae86db58cfad3369101a68ac4	1277	3	52310.7	25.2112	52310.7	25.2092	10736	26.8208	unclassified	chr3	115508219	115518917	7	10695	-	10709	10677	10668	11	21	9	60	0.995529	0.999157	0.996171	0
PBE62149_skip_2148354d_8ae7e6cc_67.pod5	b362469c-d414-4e69-88cc-17ae57e440b7	8ae7e6cc2740dd7ae86db58cfad3369101a68ac4	1225	1	52294.6	36.6356	52294.7	36.51	13843	27.6013	unclassified	chr20	49231664	49245509	0	13837	+	13867	13815	13780	22	30	35	60	0.999567	0.997467	0.993726	0
PBE62149_skip_2148354d_8ae7e6cc_67.pod5	b89f8de5-a0c3-432b-9a7d-63e5754bcbeb	8ae7e6cc2740dd7ae86db58cfad3369101a68ac4	2203	3	52308.2	23.2874	52308.2	23.2854	9338	12.2707	unclassified	chr9	83298434	83307857	8	9309	-	9582	9142	8817	159	281	325	60	0.996038	0.96445	0.920163	0
PBE62149_skip_2148354d_8ae7e6cc_67.pod5	b441e3ca-d20a-4709-af6b-453a07d7a64b	8ae7e6cc2740dd7ae86db58cfad3369101a68ac4	485	3	52302.1	39.2996	52302.2	39.2004	16986	28.1647	unclassified	chr6	60745960	60762943	0	16980	+	17001	16962	16930	18	21	32	60	0.999647	0.998113	0.995824	0
PBE62149_skip_2148354d_8ae7e6cc_67.pod5	709d126f-c960-4ada-bd30-5208cdd1d262	8ae7e6cc2740dd7ae86db58cfad3369101a68ac4	714	4	52311.3	24.284	52311.4	24.156	9967	11.579	unclassified	chr5	102546349	102556387	1	9967	+	10258	9746	9394	220	292	352	60	0.9999	0.963883	0.915773	0
PBE62149_skip_2148354d_8ae7e6cc_67.pod5	b5efdacf-04c0-4893-b141-d7048df2e838	8ae7e6cc2740dd7ae86db58cfad3369101a68ac4	688	4	52319.5	17.1368	52319.7	16.8888	6669	29.2434	unclassified	chr12	110241831	110248485	8	6669	-	6666	6649	6645	12	5	4	60	0.9988	0.999398	0.99685	0
PBE62149_skip_2148354d_8ae7e6cc_67.pod5	d5c34123-81e2-4563-9979-8c7a4d92fb8b	8ae7e6cc2740dd7ae86db58cfad3369101a68ac4	533	3	52304.9	26.5072	52304.9	26.5052	10703	16.6136	unclassified	chr11	81121496	81132131	37	10696	+	10777	10517	10367	142	118	150	60	0.995889	0.985737	0.961956	0
PBE62149_skip_2148354d_8ae7e6cc_67.pod5	a7745c0b-5b89-4d46-a788-bd01f685cf56	8ae7e6cc2740dd7ae86db58cfad3369101a68ac4	1310	3	52320.7	23.2736	52320.9	23.1216	8553	27.4823	unclassified	chr15	45787115	45795647	0	8546	+	8566	8512	8497	34	20	15	60	0.999182	0.998238	0.991945	0
PBE62149_skip_2148354d_8ae7e6cc_67.pod5	396c4402-7b9f-4779-a212-56d0e50c0e42	8ae7e6cc2740dd7ae86db58cfad3369101a68ac4	2229	1	52319.3	20.5352	52319.4	20.4336	8260	26.5618	unclassified	chr5	63877050	63885305	7	8260	-	8264	8244	8231	9	11	13	60	0.999153	0.998423	0.996007	0
PBE62149_skip_2148354d_8ae7e6cc_67.pod5	1e5b2dec-4731-48c6-8ec9-3e5c8e79b665	8ae7e6cc2740dd7ae86db58cfad3369101a68ac4	2703	3	52318.7	28.3064	52318.8	28.212	11948	29.3621	unclassified	chr6	54022101	54034062	4	11948	-	11973	11932	11916	12	29	16	60	0.999665	0.998659	0.995239	0
PBE62149_skip_2148354d_8ae7e6cc_67.pod5	25131291-22f4-4d79-807c-fa4ed747532e	8ae7e6cc2740dd7ae86db58cfad3369101a68ac4	2401	1	52323.3	16.6064	52323.3	16.6044	9075	12.0883	unclassified	chr4	152851557	152860732	31	9071	+	9317	8898	8608	142	277	290	60	0.996143	0.967408	0.923903	0
PBE62149_skip_2148354d_8ae7e6cc_67.pod5	6cb3aa7e-8c62-4432-a65c-651961fdb80f	8ae7e6cc2740dd7ae86db58cfad3369101a68ac4	2283	1	52268.9	60.9176	52268.9	60.9156	22916	12.8911	unclassified	chr8	97893109	97916178	51	22916	+	23406	22528	21926	337	541	602	60	0.997774	0.973278	0.936768	0
PBE62149_skip_2148354d_8ae7e6cc_67.pod5	ee73d8a6-ac8b-48d7-a137-8817ed9ae6b7	8ae7e6cc2740dd7ae86db58cfad3369101a68ac4	1613	2	52267	66.2852	52267.1	66.1332	27131	24.8284	unclassified	chr13	25456660	25483634	0	27127	+	27176	26925	26857	202	49	68	60	0.999853	0.997474	0.988262	0
PBE62149_skip_2148354d_8ae7e6cc_67.pod5	e6089e31-ea16-452c-a119-83cb49d26414	8ae7e6cc2740dd7ae86db58cfad3369101a68ac4	2651	1	52301.1	42.392	52301.1	42.3228	17993	27.1121	unclassified	chr2	127914740	127932740	0	17988	+	18026	17962	17943	26	38	19	60	0.999722	0.998942	0.995396	0
PBE62149_skip_2148354d_8ae7e6cc_67.pod5	f3ead4c9-ab6c-4756-be60-9fd8b0c01cab	8ae7e6cc2740dd7ae86db58cfad3369101a68ac4	2427	1	52264.6	70.408	52264.6	70.406	29442	21.8989	unclassified	chr16	74078967	74108265	181	29431	+	29355	29193	29080	57	105	113	60	0.993479	0.996129	0.990632	0
PBE62149_skip_2148354d_8ae7e6cc_67.pod5	3f991c26-6a79-4e85-9dcf-d0c8fed3340f	8ae7e6cc2740dd7ae86db58cfad3369101a68ac4	2040	4	52289.7	52.1652	52289.7	52.1076	23124	25.6737	unclassified	chr2	60096445	60119585	0	23119	+	23172	23087	23062	32	53	25	60	0.999784	0.998917	0.995253	0
PBE62149_skip_2148354d_8ae7e6cc_67.pod5	e52492be-8647-427c-a633-152f78e01f86	8ae7e6cc2740dd7ae86db58cfad3369101a68ac4	1299	2	52254.6	81.4124	52254.8	81.294	36256	27.8493	unclassified	chr15	30723965	30760221	6	36256	-	36297	36209	36167	41	47	42	60	0.999835	0.99884	0.996418	0
PBE62149_skip_2148354d_8ae7e6cc_67.pod5	54d7187d-a657-4fc2-9323-f32143f4dea4	8ae7e6cc2740dd7ae86db58cfad3369101a68ac4	2663	4	52342.8	2.3424	52342.8	2.3404	1171	13.5012	unclassified	chr7	116465614	116466766	37	1171	+	1163	1123	1098	11	29	25	60	0.968403	0.977738	0.94411	0
PBE62149_skip_2148354d_8ae7e6cc_67.pod5	ef43214f-358b-4d04-a52d-c56ecf1e5b44	8ae7e6cc2740dd7ae86db58cfad3369101a68ac4	2106	2	52338	9.2024	52338.1	9.0648	3618	32.8952	unclassified	chr2	78618129	78621747	6	3618	-	3618	3612	3607	0	6	5	60	0.998342	0.998616	0.99696	0
PBE62149_skip_2148354d_8ae7e6cc_67.pod5	d5164668-e427-4662-a768-6271c61f9986	8ae7e6cc2740dd7ae86db58cfad3369101a68ac4	2981	1	52342.5	6.8048	52342.6	6.6912	2713	29.1132	unclassified	chr5	65231356	65234061	0	2703	+	2705	2703	2701	0	2	2	60	0.996314	0.99926	0.998521	0
PBE62149_skip_2148354d_8ae7e6cc_67.pod5	5fa71db3-c7e0-4f17-9725-b70d476ae8f1	8ae7e6cc2740dd7ae86db58cfad3369101a68ac4	1966	3	52328.6	13.7396	52328.6	13.7376	5585	28.2013	unclassified	chr16	81332993	81338537	37	5576	+	5548	5535	5519	4	9	16	60	0.991764	0.997109	0.994773	0
PBE62149_skip_2148354d_8ae7e6cc_67.pod5	69868cc9-b63a-4be5-ac36-938d13c01c28	8ae7e6cc2740dd7ae86db58cfad3369101a68ac4	2029	1	52325	24.3296	52325.1	24.2124	7789	35.9711	unclassified	chr1	122949773	122958230	6	7789	-	8472	7768	7305	15	689	463	1	0.99923	0.940396	0.862252	0
PBE62149_skip_2148354d_8ae7e6cc_67.pod5	5954a026-7aa5-4179-aa54-6872767ddaaf	8ae7e6cc2740dd7ae86db58cfad3369101a68ac4	468	2	52329.2	13.5932	52329.3	13.4544	4285	10.945	unclassified	chr5	155197135	155201472	6	4280	+	4446	4165	3995	109	172	170	60	0.997433	0.959184	0.898561	0
PBE62149_skip_2148354d_8ae7e6cc_67.pod5	8d3e6174-0d49-41ef-a368-d06551d50a9c	8ae7e6cc2740dd7ae86db58cfad3369101a68ac4	2640	2	52326.3	16.004	52326.4	15.912	8308	25.5678	unclassified	chr10	76318218	76326530	0	8303	+	8319	8296	8275	7	16	21	60	0.999398	0.997469	0.994711	0
PBE62149_skip_2148354d_8ae7e6cc_67.pod5	e4e1ce78-8bf9-4541-b98a-a1fcae2624d8	8ae7e6cc2740dd7ae86db58cfad3369101a68ac4	2814	4	52331.2	7.7444	52331.3	7.7424	2694	6.09574	unclassified	chr16	51225094	51226863	994	2694	+	1818	1651	1458	49	118	193	47	0.631032	0.883101	0.80198	0
PBE62149_skip_2148354d_8ae7e6cc_67.pod5	5956ba41-6a95-4b85-94b1-da0b5201ea0a	8ae7e6cc2740dd7ae86db58cfad3369101a68ac4	2113	4	52338.4	8.9646	52338.4	8.9626	3065	11.2107	unclassified	chr5	122097987	122101079	46	3061	+	3157	2950	2808	65	142	142	60	0.983687	0.951864	0.889452	0
PBE62149_skip_2148354d_8ae7e6cc_67.pod5	000ecd87-6515-4eb0-8bf4-62b6b19a0762	8ae7e6cc2740dd7ae86db58cfad3369101a68ac4	280	4	52334.1	9.0116	52334.2	8.9004	3340	26.1711	unclassified	chr11	117351469	117354805	9	3340	-	3343	3324	3319	7	12	5	60	0.997305	0.998496	0.992821	0
PBE62149_skip_2148354d_8ae7e6cc_67.pod5	748d7f89-cd71-4b3b-8b28-145b26a0f729	8ae7e6cc2740dd7ae86db58cfad3369101a68ac4	776	4	52309.9	27.0164	52310.1	26.886	10450	24.0661	unclassified	chr1	112330483	112340950	0	10444	+	10483	10428	10395	16	39	33	60	0.999426	0.996835	0.991605	0
PBE62149_skip_2148354d_8ae7e6cc_67.pod5	e098919d-c2c5-40cb-a36c-4e5a2dba44d9	8ae7e6cc2740dd7ae86db58cfad3369101a68ac4	2571	4	52312.6	34.4996	52312.7	34.4028	13908	25.9827	unclassified	chr21	22329642	22343568	0	13901	+	13939	13888	13857	13	38	31	60	0.999497	0.997768	0.994117	0
PBE62149_skip_2148354d_8ae7e6cc_67.pod5	f7bed404-8c3e-43a7-932d-b182aa4528cf	8ae7e6cc2740dd7ae86db58cfad3369101a68ac4	2596	1	52333.3	8.4284	52333.5	8.3016	3394	29.6499	unclassified	chr2	92333417	92336808	4	3394	-	3393	3388	3283	2	3	105	1	0.998821	0.969008	0.96758	0
PBE62149_skip_2148354d_8ae7e6cc_67.pod5	2a6be02b-f6f0-4b0c-b5ef-8359c50f9460	8ae7e6cc2740dd7ae86db58cfad3369101a68ac4	1615	2	52346.4	3.4146	52346.4	3.4126	797	2.86494	unclassified	*	-1	-1	-1	-1	*	0	0	0	0	0	0	0	0	0	0	0
PBE62149_skip_2148354d_8ae7e6cc_67.pod5	b5d8ebb8-649f-4276-a99a-fdd96b5a13b7	8ae7e6cc2740dd7ae86db58cfad3369101a68ac4	1566	1	52336.2	9.1964	52336.4	9.0492	3587	31.3777	unclassified	chr11	80105626	80109205	10	3587	-	3583	3573	3571	4	6	2	60	0.997212	0.99944	0.996651	0
PBE62149_skip_2148354d_8ae7e6cc_67.pod5	32c71afe-7549-40c5-9035-afc9c634380b	8ae7e6cc2740dd7ae86db58cfad3369101a68ac4	2882	3	52338.8	10.7024	52338.8	10.7004	4662	24.0443	unclassified	chr13	19353545	19358203	31	4662	+	4662	4627	4606	4	31	21	60	0.993351	0.995461	0.987988	0
PBE62149_skip_2148354d_8ae7e6cc_67.pod5	0759b599-4110-4790-870b-f9dfa3bf29d8	8ae7e6cc2740dd7ae86db58cfad3369101a68ac4	330	3	52293.3	34.2116	52293.3	34.2096	13273	19.2862	unclassified	chr22	11211033	11215255	3725	7899	+	4312	4084	3423	90	138	661	16	0.314473	0.838149	0.793831	0
PBE62149_skip_2148354d_8ae7e6cc_67.pod5	9cc7963e-1fbd-4d43-93e1-cbf7e8bbc0b8	8ae7e6cc2740dd7ae86db58cfad3369101a68ac4	917	3	52341	3.064	52341	3.062	1209	28.7891	unclassified	chr2	235480919	235482102	8	1188	-	1183	1180	1177	0	3	3	60	0.976013	0.997458	0.994928	0
PBE62149_skip_2148354d_8ae7e6cc_67.pod5	1c79207f-5fba-4626-b1f5-89def8975d62	8ae7e6cc2740dd7ae86db58cfad3369101a68ac4	614	4	52334.4	10.8372	52334.4	10.8352	3490	27.6506	unclassified	chr8	139939761	139943219	5	3459	-	3458	3454	3448	0	4	6	60	0.989685	0.998263	0.997108	0
PBE62149_skip_2148354d_8ae7e6cc_67.pod5	402fa558-562e-4c5b-8556-d95e780bbfdf	8ae7e6cc2740dd7ae86db58cfad3369101a68ac4	2142	1	52335.4	14.0648	52335.5	13.9488	5339	27.3784	unclassified	chr4	147845450	147850786	0	5332	+	5340	5328	5319	4	8	9	60	0.998689	0.998311	0.996067	0
PBE62149_skip_2148354d_8ae7e6cc_67.pod5	72eb5b24-7f2b-406f-93ee-7d4a2dad7922	8ae7e6cc2740dd7ae86db58cfad3369101a68ac4	2629	3	52244.6	96.4572	52244.6	96.4552	35652	39.6595	unclassified	chr1	123868545	123881852	22	13316	+	13321	13280	12093	14	27	1187	1	0.372882	0.910617	0.907815	0
PBE62149_skip_2148354d_8ae7e6cc_67.pod5	a72cc46e-2067-4a8b-8c4a-fef6b038494e	8ae7e6cc2740dd7ae86db58cfad3369101a68ac4	1606	3	52337.9	11.7596	52338	11.6604	4477	29.9344	unclassified	chr1	40349405	40353882	0	4477	+	4479	4475	4468	2	2	7	60	1	0.998436	0.997544	0
PBE62149_skip_2148354d_8ae7e6cc_67.pod5	c1938609-577b-4c05-b3fa-c498f53bf894	8ae7e6cc2740dd7ae86db58cfad3369101a68ac4	723	1	52335.9	6.9416	52335.9	6.9396	2809	30.096	unclassified	chr3	41800578	41803345	7	2771	-	2768	2763	2763	1	4	0	60	0.98398	1	0.998194	0
PBE62149_skip_2148354d_8ae7e6cc_67.pod5	3ccb7a77-e81c-4b21-bdbc-f2772aa0a337	8ae7e6cc2740dd7ae86db58cfad3369101a68ac4	1675	2	52342.4	1.8884	52342.5	1.794	800	29.4604	unclassified	chrX	72636453	72637252	1	800	-	799	799	799	0	0	0	60	0.99875	1	1	0
PBE62149_skip_2148354d_8ae7e6cc_67.pod5	874d4f54-3396-4bb4-a073-a4236cfb2732	8ae7e6cc2740dd7ae86db58cfad3369101a68ac4	715	4	52329.1	13.5308	52329.3	13.374	4575	27.9174	unclassified	chr10	50330683	50335253	0	4569	+	4575	4564	4560	5	6	4	60	0.998689	0.999124	0.996721	0
PBE62149_skip_2148354d_8ae7e6cc_67.pod5	5adf3f18-a10e-4527-8813-931767c66ee7	8ae7e6cc2740dd7ae86db58cfad3369101a68ac4	1057	1	52327.1	17.4608	52327.2	17.3328	6108	29.3695	unclassified	chr17	67689709	67695810	0	6099	+	6115	6085	6079	14	16	6	60	0.998527	0.999014	0.994113	0
PBE62149_skip_2148354d_8ae7e6cc_67.pod5	d0136d76-2f7d-4323-93e7-9fa2d5745a08	8ae7e6cc2740dd7ae86db58cfad3369101a68ac4	2192	3	52338.5	11.336	52338.6	11.2416	4741	22.5981	unclassified	chr2	226178682	226183414	7	4741	-	4742	4724	4709	10	8	15	60	0.998524	0.996825	0.993041	0
PBE62149_skip_2148354d_8ae7e6cc_67.pod5	5d33b580-c489-4e5f-8cd5-46f11cdaf80c	8ae7e6cc2740dd7ae86db58cfad3369101a68ac4	1553	2	52342.3	2.1662	52342.3	2.1642	775	11.7478	unclassified	chr7	20436755	20437503	11	747	-	759	725	697	11	23	28	60	0.949677	0.961379	0.918314	0
PBE62149_skip_2148354d_8ae7e6cc_67.pod5	da6643c0-0810-49bc-a726-4a683a1f5fb7	8ae7e6cc2740dd7ae86db58cfad3369101a68ac4	1469	4	52339.4	5.218	52339.4	5.216	955	12.1778	unclassified	chr9	116931216	116932171	2	945	-	972	926	905	17	29	21	60	0.987435	0.977322	0.93107	0
PBE62149_skip_2148354d_8ae7e6cc_67.pod5	689e160d-0c40-408e-a507-7361a85627ea	8ae7e6cc2740dd7ae86db58cfad3369101a68ac4	714	4	52335.8	4.4564	52335.9	4.35	1728	21.2958	unclassified	chr6	73835918	73837644	0	1728	-	1731	1723	1711	5	3	12	37	1	0.993035	0.988446	0
PBE62149_skip_2148354d_8ae7e6cc_67.pod5	f636b4f1-7441-406e-912b-0ae3bb2f85c4	8ae7e6cc2740dd7ae86db58cfad3369101a68ac4	590	4	52335.3	12.2144	52335.4	12.114	5778	26.6674	unclassified	chr1	215588246	215594011	5	5778	-	5777	5761	5750	12	4	11	60	0.999135	0.998091	0.995326	0
PBE62149_skip_2148354d_8ae7e6cc_67.pod5	412062ab-90a9-4e6d-b582-11a7cbf0576b	8ae7e6cc2740dd7ae86db58cfad3369101a68ac4	1642	4	52337.2	8.2326	52337.2	8.2306	3436	30.1328	unclassified	chr18	59685306	59688694	41	3427	+	3389	3385	3380	1	3	5	60	0.985448	0.998523	0.997344	0
PBE62149_skip_2148354d_8ae7e6cc_67.pod5	2eeaca3f-02d2-46b0-bd0a-05e33255da8c	8ae7e6cc2740dd7ae86db58cfad3369101a68ac4	341	4	52330.4	12.6824	52330.5	12.5664	4344	25.6858	unclassified	chr6	82055789	82060124	0	4337	+	4341	4331	4316	6	4	15	60	0.998389	0.996537	0.994241	0
PBE62149_skip_2148354d_8ae7e6cc_67.pod5	09850daf-5da8-40d0-809e-1024ba564628	8ae7e6cc2740dd7ae86db58cfad3369101a68ac4	2537	1	52320.4	19.9452	52320.4	19.9432	7872	17.5827	unclassified	chr12	88328159	88336011	42	7864	+	7892	7782	7724	40	70	58	60	0.993648	0.992547	0.978713	0
PBE62149_skip_2148354d_8ae7e6cc_67.pod5	072b9067-cbe2-4301-9a26-65b07ce52a08	8ae7e6cc2740dd7ae86db58cfad3369101a68ac4	2436	3	52342.8	6.5444	52342.9	6.45	2783	27.7457	unclassified	chr4	54355620	54358413	7	2783	-	2795	2774	2770	2	19	4	60	0.997485	0.998558	0.991055	0
PBE62149_skip_2148354d_8ae7e6cc_67.pod5	b5378e1a-9788-4d00-908c-4d157656f609	8ae7e6cc2740dd7ae86db58cfad3369101a68ac4	1803	2	52341.3	8.0312	52341.5	7.9176	3742	23.093	unclassified	chr3	125968783	125972541	0	3742	-	3761	3739	3732	3	19	7	60	1	0.998128	0.992289	0
PBE62149_skip_2148354d_8ae7e6cc_67.pod5	5e85e73d-7959-415d-996c-167613272c69	8ae7e6cc2740dd7ae86db58cfad3369101a68ac4	876	1	52326.1	17.4376	52326.1	17.4356	6164	8.37196	unclassified	chr17	81033487	81037867	49	4418	+	4381	4368	4357	1	12	11	60	0.708793	0.997482	0.994522	0
PBE62149_skip_2148354d_8ae7e6cc_67.pod5	2abd93ed-8f58-466f-9387-397efd89c8dd	8ae7e6cc2740dd7ae86db58cfad3369101a68ac4	1365	3	52315.4	27.0296	52315.6	26.8608	6619	26.518	unclassified	chr17	37026523	37033121	4	6619	-	6618	6595	6591	20	3	4	60	0.999396	0.999393	0.99592	0
PBE62149_skip_2148354d_8ae7e6cc_67.pod5	b954a7a3-7c43-4a63-86f9-6bc43638fc6d	8ae7e6cc2740dd7ae86db58cfad3369101a68ac4	940	3	52324.6	17.5136	52324.7	17.3952	6871	26.8586	unclassified	chr10	70653624	70660489	0	6863	+	6869	6859	6845	4	6	14	60	0.998836	0.997959	0.996506	0
PBE62149_skip_2148354d_8ae7e6cc_67.pod5	4ce04e61-c58e-43ae-b28e-a62603797ca1	8ae7e6cc2740dd7ae86db58cfad3369101a68ac4	2349	3	52311.9	24.23	52312	24.1572	9819	29.7444	unclassified	chr5	102208541	102218358	0	9814	+	9818	9813	9810	1	4	3	60	0.999491	0.999694	0.999185	0
PBE62149_skip_2148354d_8ae7e6cc_67.pod5	09b265f4-674f-4358-9dc7-0996d6be6350	8ae7e6cc2740dd7ae86db58cfad3369101a68ac4	1056	2	52320.9	15.3248	52321	15.2112	6598	26.4864	unclassified	chr5	97431040	97437640	5	6598	-	6606	6587	6572	6	13	15	60	0.999242	0.997723	0.994853	0
PBE62149_skip_2148354d_8ae7e6cc_67.pod5	b93ab900-f7f2-4dfa-9fc8-b7920c77fc5b	8ae7e6cc2740dd7ae86db58cfad3369101a68ac4	1670	2	52320.3	21.7436	52320.4	21.63	7382	34.2871	unclassified	chr16	34655250	34662634	0	7382	+	7386	7380	7378	2	4	2	60	1	0.999729	0.998917	0
PBE62149_skip_2148354d_8ae7e6cc_67.pod5	fc15f5ff-67a5-4d76-b96e-7cfbcb8db457	8ae7e6cc2740dd7ae86db58cfad3369101a68ac4	1734	3	52335.9	9.6772	52335.9	9.6752	3847	27.0646	unclassified	chr7	107131748	107135553	30	3840	+	3812	3803	3803	7	2	0	60	0.990382	1	0.997639	0
PBE62149_skip_2148354d_8ae7e6cc_67.pod5	3c6b8314-e3ba-4f6d-9d65-a1d221db584b	8ae7e6cc2740dd7ae86db58cfad3369101a68ac4	2705	3	52299.4	36.9464	52299.6	36.7464	15194	26.9721	unclassified	chr2	65426416	65441603	7	15194	-	15206	15168	15133	19	19	35	60	0.999539	0.997693	0.995199	0
PBE62149_skip_2148354d_8ae7e6cc_67.pod5	b887f35d-7544-4912-a449-6803ff373b02	8ae7e6cc2740dd7ae86db58cfad3369101a68ac4	449	3	52322.1	27.3884	52322.3	27.2412	9897	29.9839	unclassified	chr17	19923412	19933305	6	9897	-	9900	9884	9877	7	9	7	60	0.999394	0.999292	0.997677	0
PBE62149_skip_2148354d_8ae7e6cc_67.pod5	a71cf2a5-2bc7-448d-a5ac-3329dfbb11b8	8ae7e6cc2740dd7ae86db58cfad3369101a68ac4	2536	1	52330.1	10.0892	52330.2	9.978	4374	26.7866	unclassified	chr19	30811323	30815686	0	4367	+	4370	4360	4349	7	3	11	60	0.9984	0.997477	0.995194	0
PBE62149_skip_2148354d_8ae7e6cc_67.pod5	473d02fb-bf8d-4e02-a6c8-27ac7e1317b0	8ae7e6cc2740dd7ae86db58cfad3369101a68ac4	1349	2	52291.1	48.6944	52291.2	48.5976	19954	31.193	unclassified	chr1	96986966	97006941	0	19948	+	19983	19940	19927	8	35	13	60	0.999699	0.999348	0.997198	0
PBE62149_skip_2148354d_8ae7e6cc_67.pod5	9c4ec77c-2a14-4854-a147-33244d2790b8	8ae7e6cc2740dd7ae86db58cfad3369101a68ac4	2040	4	52233.8	55.8192	52234	55.6728	23150	28.1857	unclassified	chr2	60096446	60119583	12	23150	-	23156	23119	23101	19	18	18	60	0.999482	0.999221	0.997625	0
PBE62149_skip_2148354d_8ae7e6cc_67.pod5	0559ddc3-1bb7-48a7-94eb-e4a9a8035629	8ae7e6cc2740dd7ae86db58cfad3369101a68ac4	328	4	52326.1	14.2774	52326.1	14.2754	6952	9.36724	unclassified	chr13	103765996	103773114	16	6919	-	7300	6721	6299	182	397	422	60	0.992952	0.937212	0.862877	0
PBE62149_skip_2148354d_8ae7e6cc_67.pod5	8bf920b9-335a-4259-8e49-e5068cf80556	8ae7e6cc2740dd7ae86db58cfad3369101a68ac4	479	1	52291.6	41.6288	52291.6	41.6268	16383	11.2572	unclassified	chr12	113013610	113030153	0	16351	-	16904	15990	15351	361	553	639	60	0.998047	0.960038	0.908128	0
PBE62149_skip_2148354d_8ae7e6cc_67.pod5	7e2e3a8a-4598-4cfe-8d71-c097347ec8a4	8ae7e6cc2740dd7ae86db58cfad3369101a68ac4	1922	4	52298.2	43.5632	52298.3	43.4376	18160	24.4874	unclassified	chr12	47252116	47270260	8	18160	-	18186	18110	18055	42	34	55	60	0.999559	0.996963	0.992797	0
PBE62149_skip_2148354d_8ae7e6cc_67.pod5	661394d4-bab6-4387-b071-fd24308d6c9b	8ae7e6cc2740dd7ae86db58cfad3369101a68ac4	827	2	52310.6	33.6584	52310.7	33.54	14068	23.6812	unclassified	chr14	46229194	46243287	10	14068	-	14105	14046	14001	12	47	45	60	0.999289	0.996796	0.992627	0
PBE62149_skip_2148354d_8ae7e6cc_67.pod5	1498d1e2-12c3-45bf-b374-d9c15ee96f35	8ae7e6cc2740dd7ae86db58cfad3369101a68ac4	35	1	52280.1	61.533	52280.1	61.531	21640	10.6828	unclassified	chr9	28865886	28888029	36	21630	+	22649	21088	20074	506	1055	1014	60	0.997874	0.951916	0.886308	0
PBE62149_skip_2148354d_8ae7e6cc_67.pod5	c6a8788e-6d44-4f35-a0bb-90bc6e79d39c	8ae7e6cc2740dd7ae86db58cfad3369101a68ac4	551	3	52297.7	47.9924	52297.9	47.7948	19164	30.4803	unclassified	chr21	32838362	32857522	0	19157	+	19172	19145	19118	12	15	27	60	0.999635	0.99859	0.997183	0
PBE62149_skip_2148354d_8ae7e6cc_67.pod5	1caaa82b-d9a0-4e20-8553-b7a7cec1693f	8ae7e6cc2740dd7ae86db58cfad3369101a68ac4	1220	4	52271.8	64.4672	52272	64.2624	20989	27.5867	unclassified	chr10	11791663	11812685	0	20983	+	21037	20968	20922	15	54	46	60	0.999714	0.997806	0.994533	0
PBE62149_skip_2148354d_8ae7e6cc_67.pod5	ec21dfeb-7ddf-497f-b346-6962eca18c3e	8ae7e6cc2740dd7ae86db58cfad3369101a68ac4	2505	2	52255.9	83.6242	52255.9	83.6222	32631	14.5107	unclassified	chr7	139200528	139233244	36	32628	+	33120	32188	31526	404	528	662	60	0.998805	0.979433	0.951872	0
PBE62149_skip_2148354d_8ae7e6cc_67.pod5	6b07df0a-2873-4c06-86a4-cb0b15939592	8ae7e6cc2740dd7ae86db58cfad3369101a68ac4	2541	1	52258.7	77.2868	52258.9	77.1588	31081	24.8658	unclassified	chr19	31888378	31919481	9	31081	-	31141	31034	30981	38	69	53	60	0.99971	0.998292	0.994862	0
PBE62149_skip_2148354d_8ae7e6cc_67.pod5	2dcdbb76-7af3-4f0a-b853-71b66b87d542	8ae7e6cc2740dd7ae86db58cfad3369101a68ac4	1700	4	52333.4	10.7432	52333.5	10.6464	4504	33.447	unclassified	chr9	21906282	21910779	6	4504	-	4498	4497	4496	1	0	1	60	0.998668	0.999778	0.999555	0
PBE62149_skip_2148354d_8ae7e6cc_67.pod5	d363c6c1-51ae-436f-851d-f2927cb23864	8ae7e6cc2740dd7ae86db58cfad3369101a68ac4	362	1	52318.5	21.8384	52318.7	21.672	7911	24.8615	unclassified	chr4	61111808	61119729	6	7911	-	7931	7895	7880	10	26	15	60	0.999242	0.9981	0.99357	0
PBE62149_skip_2148354d_8ae7e6cc_67.pod5	e4e82db2-da26-43f6-829a-b34be5630ef5	8ae7e6cc2740dd7ae86db58cfad3369101a68ac4	348	2	52288.6	54.5	52288.7	54.3972	22218	27.1317	unclassified	chr17	70559742	70581963	0	22214	+	22242	22193	22170	21	28	23	60	0.99982	0.998964	0.996763	0
PBE62149_skip_2148354d_8ae7e6cc_67.pod5	83d6a3d5-d11c-4e60-8579-2f7ca110d265	8ae7e6cc2740dd7ae86db58cfad3369101a68ac4	2981	1	52322.4	20.0214	52322.4	20.0194	8191	28.7293	unclassified	chr3	139350484	139358641	6	8159	-	8160	8150	8135	3	7	15	60	0.995361	0.99816	0.996936	0
PBE62149_skip_2148354d_8ae7e6cc_67.pod5	a1e820b8-83cf-422e-bf5d-4c7becb98199	8ae7e6cc2740dd7ae86db58cfad3369101a68ac4	1589	1	52328.2	16.1818	52328.2	16.1798	6811	25.7935	unclassified	chr4	7835575	7842354	33	6805	+	6786	6765	6752	7	14	13	60	0.994274	0.998078	0.99499	0
PBE62149_skip_2148354d_8ae7e6cc_67.pod5	74d23dd0-b508-420c-a67e-805e2faa180e	8ae7e6cc2740dd7ae86db58cfad3369101a68ac4	1195	3	52342.5	2.083	52342.5	2.081	408	2.00002	unclassified	*	-1	-1	-1	-1	*	0	0	0	0	0	0	0	0	0	0	0
PBE62149_skip_2148354d_8ae7e6cc_67.pod5	3f13a1d9-be8c-4cbb-b6a9-8d7451a7af2f	8ae7e6cc2740dd7ae86db58cfad3369101a68ac4	2914	1	52335.5	14.2256	52335.6	14.1168	5874	25.1639	unclassified	chr19	33864395	33870257	7	5874	-	5876	5853	5843	14	9	10	60	0.998808	0.998291	0.994384	0
PBE62149_skip_2148354d_8ae7e6cc_67.pod5	abd2eb05-02b2-42c0-9dc2-f0f0f23a48ca	8ae7e6cc2740dd7ae86db58cfad3369101a68ac4	333	2	52318.1	26.4032	52318.2	26.2752	12064	10.9963	unclassified	chr17	28571314	28583388	0	12053	+	12453	11674	11145	379	400	529	60	0.999088	0.954686	0.894965	0
PBE62149_skip_2148354d_8ae7e6cc_67.pod5	43244ac9-70fe-4efb-b110-eb725b31f8ea	8ae7e6cc2740dd7ae86db58cfad3369101a68ac4	706	3	52323.5	21.9554	52323.5	21.9534	7772	32.9132	unclassified	chr3	165045857	165053599	0	7765	+	7767	7740	7717	25	2	23	60	0.999099	0.997028	0.993563	0
PBE62149_skip_2148354d_8ae7e6cc_67.pod5	42f0c5ab-a7a7-4fd7-8595-5cd4d8bcbca2	8ae7e6cc2740dd7ae86db58cfad3369101a68ac4	1315	2	52346.4	1.388	52346.5	1.2516	397	26.1003	unclassified	chr3	140583034	140583418	13	397	-	384	384	384	0	0	0	60	0.967254	1	1	0
PBE62149_skip_2148354d_8ae7e6cc_67.pod5	d686cbca-67e9-4670-b669-df055d183bba	8ae7e6cc2740dd7ae86db58cfad3369101a68ac4	1576	3	52342.4	1.7676	52342.4	1.7656	751	19.9889	unclassified	chr9	92141621	92142374	0	751	-	754	750	749	1	3	1	60	1	0.998667	0.993369	0
PBE62149_skip_2148354d_8ae7e6cc_67.pod5	736b7b74-f979-4094-8af1-b4180bb42b0f	8ae7e6cc2740dd7ae86db58cfad3369101a68ac4	391	4	52337.7	5.3426	52337.7	5.3406	2085	9.54174	unclassified	chr2	138291545	138293589	60	2077	+	2108	1953	1851	64	91	102	60	0.967386	0.947773	0.878083	0
PBE62149_skip_2148354d_8ae7e6cc_67.pod5	62f58c97-bd4c-477c-9f36-f479b9832b2f	8ae7e6cc2740dd7ae86db58cfad3369101a68ac4	134	4	52322.3	21.818	52322.6	21.5388	7548	26.3415	unclassified	chr16	2295080	2302918	8	7548	-	7845	7533	7520	7	305	13	60	0.99894	0.998274	0.958572	0
PBE62149_skip_2148354d_8ae7e6cc_67.pod5	904b3f20-3c97-4a71-99bd-d96c0191388d	8ae7e6cc2740dd7ae86db58cfad3369101a68ac4	1383	1	52338.4	9.1892	52338.5	9.054	3081	31.5534	unclassified	chr4	99808926	99811994	0	3074	+	3074	3068	3066	6	0	2	60	0.997728	0.999348	0.997398	0
PBE62149_skip_2148354d_8ae7e6cc_67.pod5	473c2e55-1100-44c4-a724-533d18f3f93a	8ae7e6cc2740dd7ae86db58cfad3369101a68ac4	1663	1	52329.2	13.694	52329.3	13.5684	5339	28.7115	unclassified	chr7	140023577	140028909	9	5339	-	5335	5327	5317	3	5	10	60	0.998314	0.998123	0.996626	0
PBE62149_skip_2148354d_8ae7e6cc_67.pod5	a7372ca5-f388-4c56-9a90-894971d04d01	8ae7e6cc2740dd7ae86db58cfad3369101a68ac4	334	4	52339.8	9.848	52339.9	9.7044	3484	36.263	unclassified	chr6	92541904	92545376	1	3478	+	3481	3468	3464	9	4	4	60	0.997991	0.998847	0.995116	0
PBE62149_skip_2148354d_8ae7e6cc_67.pod5	d95750d8-b6d3-40c6-900e-c375dc8e6431	8ae7e6cc2740dd7ae86db58cfad3369101a68ac4	2711	4	52329.3	7.3844	52329.4	7.2756	2738	35.9392	unclassified	chr4	98280205	98282936	7	2738	-	2731	2731	2731	0	0	0	60	0.997443	1	1	0
PBE62149_skip_2148354d_8ae7e6cc_67.pod5	ced62620-7e83-41d2-b2c8-204c4665e60c	8ae7e6cc2740dd7ae86db58cfad3369101a68ac4	1037	3	52325.9	21.7448	52326	21.5976	9079	33.7668	unclassified	chr12	90406702	90415777	0	9073	+	9075	9073	9069	0	2	4	60	0.999339	0.999559	0.999339	0
PBE62149_skip_2148354d_8ae7e6cc_67.pod5	119527ba-3df6-4a6f-a069-e534c656e15d	8ae7e6cc2740dd7ae86db58cfad3369101a68ac4	1886	4	52343.5	6.1424	52343.7	6.0168	2337	17.1451	unclassified	chr6	2030775	2033133	6	2337	-	2364	2325	2291	6	33	34	60	0.997433	0.985376	0.96912	0
PBE62149_skip_2148354d_8ae7e6cc_67.pod5	526b43e4-cb9b-46a0-8119-4c2408149f50	8ae7e6cc2740dd7ae86db58cfad3369101a68ac4	643	1	52339.7	10.2056	52339.8	10.104	3957	27.8021	unclassified	chr5	176868728	176872677	0	3947	+	3951	3945	3939	2	4	6	60	0.997473	0.998479	0.996963	0
PBE62149_skip_2148354d_8ae7e6cc_67.pod5	9d1cf05f-6e56-4b31-b5ec-b8e1872b560f	8ae7e6cc2740dd7ae86db58cfad3369101a68ac4	2121	1	52334	10.4924	52334	10.4904	4383	10.6927	unclassified	chr6	19191196	19195592	39	4377	+	4516	4218	3987	120	178	231	60	0.989733	0.945235	0.882861	0
PBE62149_skip_2148354d_8ae7e6cc_67.pod5	5b8de068-06cc-4c94-b726-dfb27d2e4cfb	8ae7e6cc2740dd7ae86db58cfad3369101a68ac4	2604	3	52335.1	12.3564	52335.1	12.3544	5079	14.4758	unclassified	chr2	127595869	127600941	31	5067	+	5132	4976	4875	60	96	101	60	0.991534	0.979703	0.949922	0
PBE62149_skip_2148354d_8ae7e6cc_67.pod5	08315e53-8b91-4e23-91b2-6beba0a7448b	8ae7e6cc2740dd7ae86db58cfad3369101a68ac4	1835	2	52322.6	20.0408	52323	19.6488	6287	16.6668	unclassified	chr8	119413781	119420078	7	6287	-	6357	6220	6149	60	77	71	60	0.998887	0.988585	0.96728	0
PBE62149_skip_2148354d_8ae7e6cc_67.pod5	b5868ff4-e83b-46ae-a3c8-c59f2a6d0f63	8ae7e6cc2740dd7ae86db58cfad3369101a68ac4	2724	2	52337.3	7.3472	52337.4	7.1736	2642	39.1016	unclassified	chr2	66944814	66947450	0	2636	+	2636	2636	2632	0	0	4	60	0.997729	0.998483	0.998483	0
PBE62149_skip_2148354d_8ae7e6cc_67.pod5	76452b82-f33d-49d2-9bf7-baa372237528	8ae7e6cc2740dd7ae86db58cfad3369101a68ac4	1302	4	52294.7	47.6696	52294.8	47.5884	18437	15.8202	unclassified	chr2	58852481	58871264	10	18436	-	18916	18293	18124	133	490	169	60	0.999403	0.990762	0.958131	0
PBE62149_skip_2148354d_8ae7e6cc_67.pod5	3b536f6f-0bc3-47e1-930f-1d046d547e3b	8ae7e6cc2740dd7ae86db58cfad3369101a68ac4	1607	3	52308.7	36.764	52308.7	36.684	18592	15.0117	unclassified	chr7	110217553	110236251	5	18592	-	18854	18431	18102	156	267	329	60	0.999731	0.98215	0.960115	0
PBE62149_skip_2148354d_8ae7e6cc_67.pod5	2e9b3f3d-e211-4da6-947f-f7bae4893c0c	8ae7e6cc2740dd7ae86db58cfad3369101a68ac4	626	3	52294.5	50.9084	52294.6	50.7876	20505	29.2304	unclassified	chr20	53305265	53325752	0	20493	+	20516	20464	20440	29	23	24	60	0.999415	0.998827	0.996296	0
PBE62149_skip_2148354d_8ae7e6cc_67.pod5	b0ae4b21-97c6-4b89-87c7-8ff1c8d38ea1	8ae7e6cc2740dd7ae86db58cfad3369101a68ac4	701	4	52287.1	55.3208	52287.2	55.2264	20410	18.886	unclassified	chr6	1028261	1048647	27	20410	-	20498	20271	20087	112	115	184	60	0.998677	0.990923	0.979949	0
PBE62149_skip_2148354d_8ae7e6cc_67.pod5	8bfec46c-7f88-418f-87ca-5e6b8e5ae9f7	8ae7e6cc2740dd7ae86db58cfad3369101a68ac4	2821	1	52340.4	9.1376	52340.5	9.036	3931	26.7324	unclassified	chr13	33081694	33085632	0	3926	+	3939	3925	3916	1	13	9	60	0.998728	0.997707	0.994161	0
PBE62149_skip_2148354d_8ae7e6cc_67.pod5	726f90f4-c018-4760-8026-1f55099278ae	8ae7e6cc2740dd7ae86db58cfad3369101a68ac4	309	1	52339.7	7.892	52339.9	7.764	3179	33.4634	unclassified	chr9	120312273	120315448	7	3179	-	3175	3172	3171	0	3	1	60	0.997798	0.999685	0.99874	0
PBE62149_skip_2148354d_8ae7e6cc_67.pod5	65f36a12-1b4f-4563-9f48-7eed06e84271	8ae7e6cc2740dd7ae86db58cfad3369101a68ac4	2916	3	52284.5	55.5548	52284.5	55.4748	22154	21.8884	unclassified	chr1	155031722	155053901	0	22148	+	22256	22071	21990	77	108	81	60	0.999729	0.99633	0.988048	0
PBE62149_skip_2148354d_8ae7e6cc_67.pod5	bc582b20-d459-4187-a20c-d70c9944adc4	8ae7e6cc2740dd7ae86db58cfad3369101a68ac4	1386	4	52294.1	54.8324	52294.1	54.8304	17964	8.72827	unclassified	chr10	55683692	55701812	36	17958	+	18829	17213	15984	709	907	1229	60	0.997662	0.9286	0.848903	0
PBE62149_skip_2148354d_8ae7e6cc_67.pod5	8461c034-9aec-40a2-8d16-9f70165a58f9	8ae7e6cc2740dd7ae86db58cfad3369101a68ac4	1319	1	52323.8	13.018	52323.8	13.016	5350	30.6046	unclassified	chr1	164301856	164307168	7	5317	-	5319	5303	5296	7	9	7	60	0.992523	0.99868	0.995676	0
PBE62149_skip_2148354d_8ae7e6cc_67.pod5	f9c398f9-96e8-4c97-8980-6b5f77f32728	8ae7e6cc2740dd7ae86db58cfad3369101a68ac4	1021	3	52329.9	13.0172	52330	12.9084	7624	21.2717	unclassified	chr5	8118375	8125949	6	7624	-	7640	7552	7500	66	22	52	60	0.999213	0.993114	0.981675	0
PBE62149_skip_2148354d_8ae7e6cc_67.pod5	1767f848-f1c7-41e9-a5de-a7850668fd42	8ae7e6cc2740dd7ae86db58cfad3369101a68ac4	1969	3	52333.1	16.306	52333.1	16.304	6437	28.9704	unclassified	chr7	129781225	129787624	30	6430	+	6411	6388	6379	12	11	9	60	0.994252	0.998591	0.995009	0
PBE62149_skip_2148354d_8ae7e6cc_67.pod5	d5ec7182-c491-4b8e-9783-942a78ed949d	8ae7e6cc2740dd7ae86db58cfad3369101a68ac4	329	3	52338.2	11.666	52338.3	11.5404	4518	32.6931	unclassified	chr10	133686472	133690463	29	3938	+	4019	3881	3351	28	110	530	16	0.865206	0.863437	0.83379	0
PBE62149_skip_2148354d_8ae7e6cc_67.pod5	fb618be3-7a22-49a0-8edd-423bc3ed5e36	8ae7e6cc2740dd7ae86db58cfad3369101a68ac4	1172	1	52340.2	9.944	52340.3	9.8592	3887	32.5307	unclassified	chr4	161828362	161832238	5	3887	-	3884	3874	3871	8	2	3	60	0.998714	0.999226	0.996653	0
PBE62149_skip_2148354d_8ae7e6cc_67.pod5	3b7a082a-9096-4f72-99fa-223c7fafd86e	8ae7e6cc2740dd7ae86db58cfad3369101a68ac4	1659	3	52337.3	12.542	52337.4	12.4548	4739	25.8794	unclassified	chr22	44272170	44276906	0	4738	+	4745	4729	4720	9	7	9	60	0.999789	0.998097	0.994731	0
PBE62149_skip_2148354d_8ae7e6cc_67.pod5	11765669-a1d7-4c2d-81bd-7f3fa1d41ad1	8ae7e6cc2740dd7ae86db58cfad3369101a68ac4	27	4	52343.3	6.764	52343.5	6.6504	2676	30.3309	unclassified	chr18	75064330	75067004	0	2670	+	2680	2664	2661	6	10	3	60	0.997758	0.998874	0.99291	0
PBE62149_skip_2148354d_8ae7e6cc_67.pod5	2f5c418e-bb4c-47d4-86be-08e03f938a93	8ae7e6cc2740dd7ae86db58cfad3369101a68ac4	2082	4	52338.8	5.5904	52338.9	5.5104	2269	33.1876	unclassified	chr16	6982264	6984524	0	2261	+	2262	2259	2257	2	1	2	60	0.996474	0.999115	0.99779	0
PBE62149_skip_2148354d_8ae7e6cc_67.pod5	1a46f75b-d257-4302-ae17-9bbc57f82d16	8ae7e6cc2740dd7ae86db58cfad3369101a68ac4	2554	4	52334.2	8.3996	52334.2	8.3976	3420	22.3225	unclassified	chr19	29015689	29019145	5	3386	-	3477	3360	3313	21	96	47	60	0.988596	0.986012	0.952833	0
PBE62149_skip_2148354d_8ae7e6cc_67.pod5	94dc4b64-de58-47e6-b04d-4603a62f6458	8ae7e6cc2740dd7ae86db58cfad3369101a68ac4	2484	4	52337.7	7.8224	52337.8	7.7316	3357	27.2508	unclassified	chr13	49671694	49675041	11	3357	-	3353	3340	3338	6	7	2	60	0.996723	0.999401	0.995526	0
PBE62149_skip_2148354d_8ae7e6cc_67.pod5	bb8093f3-19c0-4157-99a7-1263308b6824	8ae7e6cc2740dd7ae86db58cfad3369101a68ac4	2098	3	52329	16.736	52329	16.734	6601	31.1862	unclassified	chr3	103256011	103262570	36	6597	+	6562	6558	6550	3	1	8	60	0.99394	0.99878	0.998171	0
PBE62149_skip_2148354d_8ae7e6cc_67.pod5	8feaddde-2945-47a6-b1cb-290a71a6ad54	8ae7e6cc2740dd7ae86db58cfad3369101a68ac4	2172	1	52319.6	16.7468	52319.7	16.662	7244	22.8145	unclassified	chr12	51415977	51423216	0	7238	+	7256	7221	7194	17	18	27	60	0.999172	0.996261	0.991455	0
PBE62149_skip_2148354d_8ae7e6cc_67.pod5	d52cca9a-8da8-4b7a-a8f7-652eb93c5889	8ae7e6cc2740dd7ae86db58cfad3369101a68ac4	1933	4	52303.9	41.7068	52304.2	41.4588	11013	27.4184	unclassified	chr4	61816215	61827205	6	11013	-	11012	10985	10983	22	5	2	60	0.999455	0.999818	0.997366	0
PBE62149_skip_2148354d_8ae7e6cc_67.pod5	02834be7-7068-45a4-9839-36c3738bce3f	8ae7e6cc2740dd7ae86db58cfad3369101a68ac4	313	1	52321	28.9748	52321.2	28.8252	11080	33.1949	unclassified	chr1	9576353	9587424	7	11080	-	11078	11066	11061	7	5	5	60	0.999368	0.999548	0.998465	0
PBE62149_skip_2148354d_8ae7e6cc_67.pod5	ce6dc73d-e262-4307-bda1-d81414172d35	8ae7e6cc2740dd7ae86db58cfad3369101a68ac4	2513	3	52315.4	33.615	52315.4	33.613	13401	16.3884	unclassified	chr18	39181321	39194692	5	13370	-	13572	13164	13010	201	207	154	60	0.997314	0.988301	0.958591	0
PBE62149_skip_2148354d_8ae7e6cc_67.pod5	d81257ab-4c84-4f35-b32c-dcf45a383511	8ae7e6cc2740dd7ae86db58cfad3369101a68ac4	2435	4	52325.2	17.6372	52325.3	17.544	7120	21.5309	unclassified	chr5	1467939	1475011	1	7118	+	7146	7043	7013	74	29	30	60	0.999579	0.99574	0.981388	0
PBE62149_skip_2148354d_8ae7e6cc_67.pod5	1fd311d2-9fab-4ede-9c1d-4077d0caadee	8ae7e6cc2740dd7ae86db58cfad3369101a68ac4	635	2	52322.2	25.0448	52322.3	24.9456	7929	14.7296	unclassified	chr19	7734474	7742185	0	7924	+	7967	7668	7619	256	43	49	60	0.999369	0.99361	0.95632	0
PBE62149_skip_2148354d_8ae7e6cc_67.pod5	9a0b309c-d091-4bca-98ee-bc15e29cd120	8ae7e6cc2740dd7ae86db58cfad3369101a68ac4	1905	3	52320.5	25.208	52320.6	25.1052	9455	29.9428	unclassified	chr8	87506260	87515702	0	9446	+	9453	9435	9415	11	7	20	60	0.999048	0.99788	0.99598	0
PBE62149_skip_2148354d_8ae7e6cc_67.pod5	7cc19cac-8070-49d8-8769-7aafd0d2e83c	8ae7e6cc2740dd7ae86db58cfad3369101a68ac4	974	3	52338.9	11.072	52339.1	10.9512	4223	32.2679	unclassified	chr2	229384445	229388677	0	4217	+	4232	4217	4213	0	15	4	60	0.998579	0.999051	0.99551	0
PBE62149_skip_2148354d_8ae7e6cc_67.pod5	2f6cbb15-774b-47d0-aed7-58775bc70dff	8ae7e6cc2740dd7ae86db58cfad3369101a68ac4	1535	4	52348	1.7408	52348.2	1.5648	738	20.6472	unclassified	chr16	34571511	34572128	121	738	-	617	617	607	0	0	10	60	0.836043	0.983793	0.983793	0
PBE62149_skip_2148354d_8ae7e6cc_67.pod5	64dd1546-74a9-4e92-b76c-a2272b029bfb	8ae7e6cc2740dd7ae86db58cfad3369101a68ac4	280	4	52343.6	6.296	52343.8	6.1152	2457	28.6969	unclassified	chr2	27351933	27354385	7	2457	-	2455	2447	2446	3	5	1	60	0.997151	0.999591	0.996334	0
PBE62149_skip_2148354d_8ae7e6cc_67.pod5	6a118f8f-003b-4b9b-83f2-ad6383c7cfab	8ae7e6cc2740dd7ae86db58cfad3369101a68ac4	2724	2	52327.3	9.308	52327.4	9.1608	3456	29.9402	unclassified	chr8	47560996	47564454	0	3449	+	3460	3447	3445	2	11	2	60	0.997975	0.99942	0.995665	0
PBE62149_skip_2148354d_8ae7e6cc_67.pod5	bce3c206-3d72-41e4-b65d-0e9495b53284	8ae7e6cc2740dd7ae86db58cfad3369101a68ac4	2091	3	52311.5	38.0194	52311.5	38.0174	15434	12.7578	unclassified	chr12	59688422	59703931	11	15392	-	15861	15029	14488	352	480	541	60	0.996566	0.964003	0.913435	0
PBE62149_skip_2148354d_8ae7e6cc_67.pod5	4220605d-1242-4f94-bce5-17ac8e7ef63e	8ae7e6cc2740dd7ae86db58cfad3369101a68ac4	2215	2	52318.9	25.2394	52318.9	25.2374	13637	24.6533	unclassified	chr5	104369342	104382954	6	13603	-	13645	13564	13537	33	48	27	60	0.997067	0.998009	0.992085	0
PBE62149_skip_2148354d_8ae7e6cc_67.pod5	4dd6ce2c-b585-48e4-b35c-c53115a75d34	8ae7e6cc2740dd7ae86db58cfad3369101a68ac4	2137	2	52327.9	21.4508	52328	21.3588	10951	26.1847	unclassified	chr2	110393623	110404587	7	10951	-	10974	10934	10921	10	30	13	43	0.999361	0.998811	0.99517	0
PBE62149_skip_2148354d_8ae7e6cc_67.pod5	23a4d425-231b-4ddf-bbad-cb40418e4c37	8ae7e6cc2740dd7ae86db58cfad3369101a68ac4	1910	2	52338.8	11.2012	52338.8	11.1992	4560	30.2591	unclassified	chrX	111915767	111920287	39	4559	+	4521	4519	4515	1	1	4	60	0.991228	0.999115	0.998673	0
PBE62149_skip_2148354d_8ae7e6cc_67.pod5	114f2262-d2d0-4a96-9276-bef726d2c441	8ae7e6cc2740dd7ae86db58cfad3369101a68ac4	104	4	52286.6	56.564	52286.7	56.4528	21855	23.9775	unclassified	chr20	14581622	14603501	9	21855	-	21899	21826	21750	20	53	76	60	0.999588	0.996518	0.993196	0
PBE62149_skip_2148354d_8ae7e6cc_67.pod5	0965726d-b7bd-4e64-bde7-9427b53d5571	8ae7e6cc2740dd7ae86db58cfad3369101a68ac4	2343	1	52300.4	43.9652	52300.5	43.866	15706	30.8379	unclassified	chr9	75376280	75392041	10	15706	-	15768	15689	15680	7	72	9	60	0.999363	0.999426	0.994419	0
PBE62149_skip_2148354d_8ae7e6cc_67.pod5	6ba047c1-f91b-46a9-9ec1-0852fb73671f	8ae7e6cc2740dd7ae86db58cfad3369101a68ac4	335	2	52259.3	83.3772	52259.3	83.3752	29585	11.0912	unclassified	chr5	12333759	12363632	6	29544	-	30643	28768	27505	770	1105	1263	60	0.998411	0.956097	0.897595	0
PBE62149_skip_2148354d_8ae7e6cc_67.pod5	7e0092ed-267e-42b5-87b7-b721129cf628	8ae7e6cc2740dd7ae86db58cfad3369101a68ac4	796	3	52292.1	57.404	52292.3	57.1824	16450	13.9284	unclassified	chr9	91472502	91488994	15	16449	-	16779	16147	15825	287	345	322	60	0.999027	0.980058	0.943143	0
PBE62149_skip_2148354d_8ae7e6cc_67.pod5	eb421e44-254d-49a1-9e4b-1f109582bb2e	8ae7e6cc2740dd7ae86db58cfad3369101a68ac4	2288	4	52240.4	103.189	52240.6	103.026	33235	29.5487	unclassified	chr4	33833076	33866363	6	33235	-	33315	33201	33172	28	86	29	60	0.999819	0.999127	0.995708	0
PBE62149_skip_2148354d_8ae7e6cc_67.pod5	05f087c0-a827-4724-9128-37ddbfda24aa	8ae7e6cc2740dd7ae86db58cfad3369101a68ac4	961	4	52282.8	63.17	52282.9	63.0144	23618	31.5576	unclassified	chr5	7362597	7387028	8	23618	-	24446	23595	23560	15	836	35	60	0.999661	0.998517	0.963757	0
PBE62149_skip_2148354d_8ae7e6cc_67.pod5	132a740f-845b-4017-ab54-c722bedab602	8ae7e6cc2740dd7ae86db58cfad3369101a68ac4	1729	1	52236.2	106.986	52236.3	106.87	44901	30.7567	unclassified	chr14	87940366	87985265	0	44890	+	44940	44849	44736	41	50	113	60	0.999755	0.99748	0.995461	0
PBE62149_skip_2148354d_8ae7e6cc_67.pod5	05735b2e-92d5-4c65-9371-9fed3d0f6a16	8ae7e6cc2740dd7ae86db58cfad3369101a68ac4	2441	3	52283	66.1688	52283.1	66.1104	27850	18.1834	unclassified	chr2	210168975	210196313	0	27842	+	27950	27230	27175	612	108	55	60	0.999713	0.99798	0.972272	0
PBE62149_skip_2148354d_8ae7e6cc_67.pod5	98899865-00d9-4b72-8683-ea4f53feeeb4	8ae7e6cc2740dd7ae86db58cfad3369101a68ac4	1712	1	52321.9	15.1772	52322	15.0372	3820	23.3385	unclassified	chr14	72507666	72511483	0	3816	+	3829	3804	3793	12	13	11	60	0.998953	0.997108	0.990598	0
PBE62149_skip_2148354d_8ae7e6cc_67.pod5	aaed7e45-7f88-4ecc-a3a1-434b2f407baa	8ae7e6cc2740dd7ae86db58cfad3369101a68ac4	2446	4	52341.4	3.1958	52341.4	3.1938	1424	11.7889	unclassified	chr6	50073508	50074902	5	1386	-	1422	1353	1296	28	41	57	60	0.969803	0.957871	0.911392	0
PBE62149_skip_2148354d_8ae7e6cc_67.pod5	40e5731e-9df2-4d44-aa1e-f6490c737f18	8ae7e6cc2740dd7ae86db58cfad3369101a68ac4	881	1	52334.1	10.9784	52334.4	10.7112	3011	28.1614	unclassified	chr5	53040081	53043084	0	3004	+	3005	3002	2988	2	1	14	60	0.997675	0.995336	0.994343	0
PBE62149_skip_2148354d_8ae7e6cc_67.pod5	332460ca-d580-4618-8a95-78873caa44be	8ae7e6cc2740dd7ae86db58cfad3369101a68ac4	460	3	52326.9	23.216	52327.1	23.0328	6104	32.013	unclassified	chr5	39528778	39534876	0	6097	+	6103	6092	6090	5	6	2	60	0.998853	0.999672	0.99787	0
PBE62149_skip_2148354d_8ae7e6cc_67.pod5	d2f00bbe-f30e-413e-ae98-0571a6efaa8e	8ae7e6cc2740dd7ae86db58cfad3369101a68ac4	1917	3	52309.9	37.6664	52310	37.572	14134	21.3138	unclassified	chr3	174040264	174054252	0	14128	+	14133	13983	13968	145	5	15	60	0.999575	0.998927	0.988325	0
PBE62149_skip_2148354d_8ae7e6cc_67.pod5	0cbf4b5d-6bda-407d-a905-49ce96f1b2e8	8ae7e6cc2740dd7ae86db58cfad3369101a68ac4	1087	2	52340.8	2.0756	52341	1.9152	823	25.1221	unclassified	chr10	75732396	75733214	1	819	+	818	818	818	0	0	0	60	0.993925	1	1	0
PBE62149_skip_2148354d_8ae7e6cc_67.pod5	ffa25d77-b445-4a60-9182-9b271d3b6040	8ae7e6cc2740dd7ae86db58cfad3369101a68ac4	927	2	52337.6	8.4488	52337.7	8.3568	3444	30.9824	unclassified	chr11	130938551	130941990	0	3439	+	3442	3436	3434	3	3	2	60	0.998548	0.999418	0.997676	0
PBE62149_skip_2148354d_8ae7e6cc_67.pod5	45cbf3d3-6e59-4bb1-8218-cdc30df67916	8ae7e6cc2740dd7ae86db58cfad3369101a68ac4	1311	3	52338.5	6.2108	52338.5	6.138	2600	31.9436	unclassified	chr15	21526649	21529245	6	2600	-	2597	2593	2592	1	3	1	24	0.997692	0.999614	0.998075	0
PBE62149_skip_2148354d_8ae7e6cc_67.pod5	1298d2e5-4443-43ff-ace5-eff5e249d42d	8ae7e6cc2740dd7ae86db58cfad3369101a68ac4	2671	2	52329.7	15.6758	52329.7	15.6738	5837	9.02021	unclassified	chr1	120043275	120049099	47	5827	+	6071	5533	5161	247	291	372	36	0.990235	0.932767	0.850107	0
PBE62149_skip_2148354d_8ae7e6cc_67.pod5	d4d7b252-9a7f-498a-aa45-25efdba56ef5	8ae7e6cc2740dd7ae86db58cfad3369101a68ac4	1352	1	52294.5	52.882	52294.5	52.88	22528	25.6277	unclassified	chr21	8216407	8238340	39	22521	+	22691	21724	21660	758	209	64	3	0.997958	0.997054	0.954563	0
PBE62149_skip_2148354d_8ae7e6cc_67.pod5	0d36a3e0-6691-4e6d-8c7b-21633444172c	8ae7e6cc2740dd7ae86db58cfad3369101a68ac4	1309	4	52343.2	6.8468	52343.3	6.7452	2843	25.4504	unclassified	chr7	113392572	113395410	4	2843	-	2843	2834	2830	5	4	4	60	0.998593	0.998589	0.995427	0
PBE62149_skip_2148354d_8ae7e6cc_67.pod5	42aa7a3c-7723-4f87-ba36-e4eddd988ea8	8ae7e6cc2740dd7ae86db58cfad3369101a68ac4	1976	4	52329.3	6.8168	52329.5	6.6552	2126	28.5998	unclassified	chr12	58829459	58831578	0	2120	+	2121	2118	2116	2	1	2	60	0.997178	0.999056	0.997643	0
PBE62149_skip_2148354d_8ae7e6cc_67.pod5	32f336de-6d7d-4dc8-9d70-1949585f89dd	8ae7e6cc2740dd7ae86db58cfad3369101a68ac4	2050	1	52318.7	25.8392	52318.8	25.7376	10411	27.974	unclassified	chr14	44295785	44306189	8	10411	-	10414	10393	10375	10	11	18	60	0.999232	0.998268	0.996255	0
PBE62149_skip_2148354d_8ae7e6cc_67.pod5	8bf42cd7-8197-4ec7-9398-4ea5b9dc9734	8ae7e6cc2740dd7ae86db58cfad3369101a68ac4	356	2	52326.4	21.5624	52326.6	21.4332	4233	14.1088	unclassified	chr5	167723235	167727447	0	4227	+	4311	4128	4064	99	84	64	60	0.998583	0.984496	0.942705	0
PBE62149_skip_2148354d_8ae7e6cc_67.pod5	07bd0c3b-f923-4704-9798-7a7351ad5a9b	8ae7e6cc2740dd7ae86db58cfad3369101a68ac4	562	1	52329.5	13.5236	52329.6	13.386	4807	15.3841	unclassified	chr15	88225592	88230448	6	4807	-	4910	4747	4672	54	109	75	60	0.998752	0.984201	0.951527	0
PBE62149_skip_2148354d_8ae7e6cc_67.pod5	d02d2347-7e4e-46be-bcc1-176fd84bbc47	8ae7e6cc2740dd7ae86db58cfad3369101a68ac4	2611	4	52334.2	10.3928	52334.4	10.2312	4041	31.0547	unclassified	chr11	98495286	98499325	0	4035	+	4039	4035	4027	0	4	8	60	0.998515	0.998017	0.997029	0
PBE62149_skip_2148354d_8ae7e6cc_67.pod5	7affa2e9-eab6-4a92-be9a-541be8b928d3	8ae7e6cc2740dd7ae86db58cfad3369101a68ac4	686	1	52324	21.8152	52324	21.8132	8416	12.6311	unclassified	chr22	16375907	16384576	0	8402	+	8760	8311	7971	91	358	340	60	0.998336	0.95909	0.909931	0
PBE62149_skip_2148354d_8ae7e6cc_67.pod5	15fec723-baf9-44ee-8e95-dd808325cf87	8ae7e6cc2740dd7ae86db58cfad3369101a68ac4	445	4	52319.6	23.3168	52319.7	23.1396	8146	23.4692	unclassified	chr12	32369055	32377212	1	8142	+	8184	8114	8072	27	43	42	60	0.999386	0.994824	0.986315	0
PBE62149_skip_2148354d_8ae7e6cc_67.pod5	024ac567-982c-4ad0-aee3-b05673abc41d	8ae7e6cc2740dd7ae86db58cfad3369101a68ac4	1597	2	52297.8	38.918	52297.9	38.838	16266	25.4757	unclassified	chr4	154441770	154458060	0	16260	+	16299	16251	16227	9	39	24	60	0.999631	0.998523	0.995583	0
PBE62149_skip_2148354d_8ae7e6cc_67.pod5	629458ac-2bb1-4ae6-8f7a-78bf8e619eef	8ae7e6cc2740dd7ae86db58cfad3369101a68ac4	1960	1	52333.9	11.054	52334.1	10.8372	3696	29.6815	unclassified	chrX	23217142	23220832	0	3689	+	3694	3685	3675	4	5	10	60	0.998106	0.997286	0.994857	0
PBE62149_skip_2148354d_8ae7e6cc_67.pod5	dd47ecd5-22ba-4281-81c5-1b6cda63defa	8ae7e6cc2740dd7ae86db58cfad3369101a68ac4	1928	2	52335.1	9.5288	52335.2	9.4128	4600	18.5789	unclassified	chr2	163402913	163407552	6	4600	-	4657	4576	4548	18	63	28	60	0.998696	0.993881	0.976594	0
PBE62149_skip_2148354d_8ae7e6cc_67.pod5	6ccf6ebd-07cc-44ac-951c-58b13c5c7130	8ae7e6cc2740dd7ae86db58cfad3369101a68ac4	1963	1	52334.5	9.5202	52334.5	9.5182	4063	11.7005	unclassified	chrX	136999165	137003243	28	4051	+	4173	3928	3790	95	150	138	60	0.990155	0.964868	0.90822	0
PBE62149_skip_2148354d_8ae7e6cc_67.pod5	9e8d62e4-2fcb-4d72-ade1-341901d5f0a1	8ae7e6cc2740dd7ae86db58cfad3369101a68ac4	78	4	52340.1	6.0812	52340.2	5.9868	2440	27.28	unclassified	chr5	134676944	134679379	0	2434	+	2440	2429	2428	5	6	1	60	0.997541	0.999588	0.995082	0
PBE62149_skip_2148354d_8ae7e6cc_67.pod5	261724a1-526c-4237-bac6-eefa8fe2d7b1	8ae7e6cc2740dd7ae86db58cfad3369101a68ac4	2060	4	52324.2	25.3304	52324.3	25.2312	10551	29.7326	unclassified	chr3	119749233	119759780	0	10550	+	10556	10541	10533	9	6	8	60	0.999905	0.999241	0.997821	0
PBE62149_skip_2148354d_8ae7e6cc_67.pod5	00422dca-8ca9-4b82-b784-d5c53540fc26	8ae7e6cc2740dd7ae86db58cfad3369101a68ac4	2099	2	52342.8	4.6796	52343	4.5564	1861	30.9932	unclassified	chr3	24300270	24302120	10	1861	-	1851	1850	1848	1	0	2	60	0.994627	0.998919	0.998379	0
PBE62149_skip_2148354d_8ae7e6cc_67.pod5	91f430c7-5b7e-4fb1-9ffc-f0edf6514e70	8ae7e6cc2740dd7ae86db58cfad3369101a68ac4	59	3	52330.3	19.6496	52330.4	19.536	6740	32.2437	unclassified	chr5	94129781	94136515	6	6740	-	6735	6733	6733	1	1	0	60	0.99911	1	0.999703	0
PBE62149_skip_2148354d_8ae7e6cc_67.pod5	e21bab73-76ea-4996-8402-e638356c3c87	8ae7e6cc2740dd7ae86db58cfad3369101a68ac4	2172	1	52336.5	13.9436	52336.6	13.794	5922	25.1346	unclassified	chr8	21937534	21943459	6	5922	-	5929	5912	5901	4	13	11	60	0.998987	0.998139	0.995277	0
PBE62149_skip_2148354d_8ae7e6cc_67.pod5	4133b054-631e-4c51-b7d8-03e98197db82	8ae7e6cc2740dd7ae86db58cfad3369101a68ac4	1877	4	52325.7	20.054	52325.8	19.9284	8305	31.2264	unclassified	chr8	88441366	88449660	0	8294	+	8296	8292	8288	2	2	4	60	0.998676	0.999518	0.999036	0
PBE62149_skip_2148354d_8ae7e6cc_67.pod5	c82776d7-efba-41f9-ba73-43e879479c87	8ae7e6cc2740dd7ae86db58cfad3369101a68ac4	88	3	52315.8	28.1108	52315.9	27.9396	11023	32.1772	unclassified	chr12	79117792	79128789	6	11023	-	11036	10978	10950	39	19	28	60	0.999456	0.997449	0.992207	0
PBE62149_skip_2148354d_8ae7e6cc_67.pod5	bbab25c4-a8ba-492b-a3d7-b13afc8cf8a4	8ae7e6cc2740dd7ae86db58cfad3369101a68ac4	2448	1	52324	21.1176	52324	21.1156	4936	8.48204	unclassified	chr3	166084839	166089773	15	4902	-	5196	4625	4285	262	309	340	60	0.990073	0.926486	0.824673	0
PBE62149_skip_2148354d_8ae7e6cc_67.pod5	8d852e27-16fc-402f-9fc2-77cafcaaf61c	8ae7e6cc2740dd7ae86db58cfad3369101a68ac4	2360	3	52339.9	3.296	52340	3.1884	1302	27.7856	unclassified	chr6	95985533	95986835	0	1296	+	1302	1296	1295	0	6	1	60	0.995392	0.999228	0.994624	0
PBE62149_skip_2148354d_8ae7e6cc_67.pod5	89a25806-402b-43aa-b507-492daf065274	8ae7e6cc2740dd7ae86db58cfad3369101a68ac4	633	4	52319.2	17.5148	52319.4	17.3796	5921	15.2962	unclassified	chr6	87333631	87339262	0	5916	+	5925	5622	5619	294	9	3	60	0.999156	0.999466	0.948354	0
PBE62149_skip_2148354d_8ae7e6cc_67.pod5	aca5179b-42e8-4d41-b9b6-918504418ae3	8ae7e6cc2740dd7ae86db58cfad3369101a68ac4	2437	3	52323.2	23.7212	52323.3	23.6268	9609	29.9183	unclassified	chr10	84311728	84321342	0	9600	+	9619	9595	9578	5	19	17	60	0.999063	0.998228	0.995738	0
PBE62149_skip_2148354d_8ae7e6cc_67.pod5	c56c68bf-e708-4e47-a8d7-ae9e8c976973	8ae7e6cc2740dd7ae86db58cfad3369101a68ac4	2064	2	52329.2	18.8252	52329.2	18.8232	6585	28.6834	unclassified	chr11	90655469	90662018	6	6549	-	6550	6542	6532	1	7	10	60	0.993622	0.998471	0.997252	0
PBE62149_skip_2148354d_8ae7e6cc_67.pod5	7510d9c8-f7a8-488b-81ce-a8e3d311036a	8ae7e6cc2740dd7ae86db58cfad3369101a68ac4	2393	3	52332.1	18.1064	52332.1	18.0216	8178	18.9462	unclassified	chr20	63163068	63168913	0	8173	+	8234	5784	5736	2389	61	48	60	0.999389	0.991701	0.696624	0
PBE62149_skip_2148354d_8ae7e6cc_67.pod5	a446d189-2f3f-40f1-a488-e1fa6e5c1a43	8ae7e6cc2740dd7ae86db58cfad3369101a68ac4	1062	1	52317.6	28.636	52317.6	28.634	10687	29.7211	unclassified	chr15	79265085	79275745	11	10661	-	10666	10644	10630	6	16	14	60	0.996538	0.998685	0.996625	0
PBE62149_skip_2148354d_8ae7e6cc_67.pod5	a52b247d-d7ca-4994-8ef9-1cb6c41f0b1f	8ae7e6cc2740dd7ae86db58cfad3369101a68ac4	75	3	52333.3	12.2024	52333.4	12.0888	4214	23.8103	unclassified	chr9	94403239	94407440	0	4210	+	4214	4197	4185	13	4	12	60	0.999051	0.997141	0.993118	0
PBE62149_skip_2148354d_8ae7e6cc_67.pod5	bb3129cc-97b5-4c9e-9f3d-dc5beed75610	8ae7e6cc2740dd7ae86db58cfad3369101a68ac4	180	1	52331.6	14.6036	52331.8	14.4516	6498	28.0738	unclassified	chr7	86111941	86118428	0	6487	+	6497	6477	6470	10	10	7	60	0.998307	0.998919	0.995844	0
PBE62149_skip_2148354d_8ae7e6cc_67.pod5	22fffe67-96b9-4556-83b9-5a34b089377c	8ae7e6cc2740dd7ae86db58cfad3369101a68ac4	1948	4	52305	39.8432	52305.1	39.7116	13765	20.5076	unclassified	chr8	94200739	94214365	7	13765	-	13790	13594	13567	164	32	27	60	0.999491	0.998014	0.983829	0
PBE62149_skip_2148354d_8ae7e6cc_67.pod5	0dce8506-45ac-4d37-90b5-89a95c81208c	8ae7e6cc2740dd7ae86db58cfad3369101a68ac4	366	3	52331.4	18.9788	52331.5	18.8172	5403	27.7296	unclassified	chr19	22932299	22937685	23	5403	-	5390	5376	5365	4	10	11	60	0.995743	0.997954	0.995362	0
PBE62149_skip_2148354d_8ae7e6cc_67.pod5	627218cf-3c39-42f1-906b-853104a7ad23	8ae7e6cc2740dd7ae86db58cfad3369101a68ac4	900	4	52329.7	18.3066	52329.7	18.3046	7679	25.2241	unclassified	chrX	995763	1003404	41	7649	-	7670	7579	7551	29	62	28	60	0.990754	0.996306	0.984485	0
PBE62149_skip_2148354d_8ae7e6cc_67.pod5	b666b37f-5ef2-47ec-b779-1436ef6b0a36	8ae7e6cc2740dd7ae86db58cfad3369101a68ac4	1040	2	52320.9	16.3172	52321	16.2228	6555	31.5988	unclassified	chrX	19015449	19021994	4	6555	-	6553	6543	6539	8	2	4	60	0.99939	0.999389	0.997864	0
PBE62149_skip_2148354d_8ae7e6cc_67.pod5	9eafd8c7-8c54-4645-b708-43bd38b17527	8ae7e6cc2740dd7ae86db58cfad3369101a68ac4	445	4	52342.9	7.934	52343	7.8372	2970	20.7556	unclassified	chr3	43717630	43720599	8	2970	-	2973	2958	2940	4	11	18	60	0.997306	0.993915	0.9889	0
PBE62149_skip_2148354d_8ae7e6cc_67.pod5	c0304e66-8538-4f56-8cbd-b06629e38d1b	8ae7e6cc2740dd7ae86db58cfad3369101a68ac4	525	3	52317.4	30.2272	52317.4	30.2252	11929	25.3652	unclassified	chr4	49287424	49298204	9	11897	-	11977	10691	9940	1197	89	751	1	0.996563	0.929754	0.829924	0
PBE62149_skip_2148354d_8ae7e6cc_67.pod5	7ca81952-8741-490c-8fc8-0df580ba47ad	8ae7e6cc2740dd7ae86db58cfad3369101a68ac4	2881	1	52298.1	47.2952	52298.3	47.1744	17548	12.062	unclassified	chr4	62264023	62281722	9	17548	-	18068	17170	16566	369	529	604	60	0.999487	0.964822	0.91687	0
PBE62149_skip_2148354d_8ae7e6cc_67.pod5	f8dc2220-5236-4fd9-ba6d-d1ec05b6acba	8ae7e6cc2740dd7ae86db58cfad3369101a68ac4	134	4	52344.1	6.6194	52344.1	6.6174	2500	26.3711	unclassified	chr3	6087436	6089898	29	2494	+	2466	2461	2458	4	1	3	60	0.986	0.998781	0.996756	0
PBE62149_skip_2148354d_8ae7e6cc_67.pod5	69b13d00-e37e-4f07-90eb-5c3f60797573	8ae7e6cc2740dd7ae86db58cfad3369101a68ac4	2688	4	52324.3	18.6248	52324.3	18.6228	7283	10.5186	unclassified	chr2	152432663	152440040	33	7266	+	7536	7074	6716	159	303	358	60	0.993135	0.949392	0.891189	0
PBE62149_skip_2148354d_8ae7e6cc_67.pod5	2ba18f7e-3c8b-4337-b1f8-3b09e9be96ea	8ae7e6cc2740dd7ae86db58cfad3369101a68ac4	2923	1	52294.6	41.822	52294.8	41.7084	14973	14.3491	unclassified	chr20	35277361	35289601	2726	14973	-	12254	12233	12222	14	7	11	60	0.817939	0.999101	0.997389	0
PBE62149_skip_2148354d_8ae7e6cc_67.pod5	24be510a-0279-40ae-b8d3-365bd3e4993b	8ae7e6cc2740dd7ae86db58cfad3369101a68ac4	1926	3	52329.3	16.9256	52329.4	16.8168	6910	25.9082	unclassified	chr17	51614273	51621181	0	6904	+	6911	6901	6883	3	7	18	60	0.999132	0.997392	0.995948	0
PBE62149_skip_2148354d_8ae7e6cc_67.pod5	fc31ad0f-2030-4121-a633-41a9aea0b77e	8ae7e6cc2740dd7ae86db58cfad3369101a68ac4	2239	1	52324.4	26.0288	52324.5	25.86	7881	33.0501	unclassified	chr15	33386787	33394667	9	7881	-	7882	7870	7850	2	10	20	60	0.998858	0.997459	0.99594	0
PBE62149_skip_2148354d_8ae7e6cc_67.pod5	7a32b270-0d18-4410-b90a-d6ecb9b16f58	8ae7e6cc2740dd7ae86db58cfad3369101a68ac4	473	3	52301.5	41.4648	52301.5	41.4628	14614	29.4578	unclassified	chr12	57655182	57669640	6	14592	-	14637	14407	14357	179	51	50	60	0.998084	0.996529	0.98087	0
PBE62149_skip_2148354d_8ae7e6cc_67.pod5	61cf915d-f31b-4cfd-9f15-f1b22a746819	8ae7e6cc2740dd7ae86db58cfad3369101a68ac4	35	1	52341.7	6.1078	52341.7	6.1058	2367	18.1369	unclassified	chr17	35200375	35202719	21	2359	+	2350	2332	2311	6	12	21	52	0.987748	0.990995	0.983404	0
PBE62149_skip_2148354d_8ae7e6cc_67.pod5	a629d961-7e61-4028-ab2d-a7ba52c79e70	8ae7e6cc2740dd7ae86db58cfad3369101a68ac4	874	1	52318.7	26.3636	52318.9	26.2308	9735	15.4072	unclassified	chr1	121179464	121189223	7	9735	-	9851	9636	9486	92	123	150	60	0.999281	0.984433	0.962948	0
PBE62149_skip_2148354d_8ae7e6cc_67.pod5	ea0d0d4d-f7a2-4c2d-98cf-c17d458fabd2	8ae7e6cc2740dd7ae86db58cfad3369101a68ac4	2844	2	52339.6	9.8144	52339.7	9.6984	3809	25.0529	unclassified	chr6	45573659	45577458	0	3802	+	3804	3797	3787	5	2	10	60	0.998162	0.997366	0.995531	0
PBE62149_skip_2148354d_8ae7e6cc_67.pod5	f1ec8631-1e3f-49c5-92f8-f1cb127fe1ef	8ae7e6cc2740dd7ae86db58cfad3369101a68ac4	1309	4	52313.1	29.8784	52313.2	29.736	11019	28.4741	unclassified	chr1	3175555	3186352	7	11019	-	11050	10759	10739	253	38	20	60	0.999365	0.998141	0.971855	0
PBE62149_skip_2148354d_8ae7e6cc_67.pod5	eb3b060f-422d-4cfe-960c-df0aca249d69	8ae7e6cc2740dd7ae86db58cfad3369101a68ac4	1544	2	52333.2	17.1296	52333.2	17.1276	6739	8.23744	unclassified	chr11	39558516	39565471	7	6701	-	7198	6451	5860	243	504	591	60	0.993322	0.908386	0.814115	0
PBE62149_skip_2148354d_8ae7e6cc_67.pod5	44fa8a05-3236-4580-abac-3def8d742171	8ae7e6cc2740dd7ae86db58cfad3369101a68ac4	2684	1	52327.5	22.9688	52327.6	22.8432	8878	27.8007	unclassified	chr3	51689202	51698088	6	8878	-	8895	8863	8858	9	23	5	60	0.999324	0.999436	0.99584	0
PBE62149_skip_2148354d_8ae7e6cc_67.pod5	75a59710-1dc9-4094-ba38-ceefcb477bb8	8ae7e6cc2740dd7ae86db58cfad3369101a68ac4	2640	2	52342.4	8.0168	52342.6	7.8912	3153	37.215	unclassified	chr1	236478350	236481493	3	3146	+	3147	3139	3137	4	4	2	60	0.996828	0.999363	0.996822	0
PBE62149_skip_2148354d_8ae7e6cc_67.pod5	d5b1bd12-291d-488a-89e3-b3c794ef8298	8ae7e6cc2740dd7ae86db58cfad3369101a68ac4	2771	4	52331.7	16.1924	52331.8	16.1028	6543	26.8779	unclassified	chr8	142846091	142852644	0	6536	+	6555	6534	6524	2	19	10	60	0.99893	0.99847	0.995271	0
PBE62149_skip_2148354d_8ae7e6cc_67.pod5	e16b7348-27ae-4d08-afb8-cdcd09c33726	8ae7e6cc2740dd7ae86db58cfad3369101a68ac4	2282	1	52310	17.6676	52310.2	17.5416	8577	25.3571	unclassified	chr14	81813573	81822097	0	8567	+	8578	8513	8468	54	11	45	60	0.998834	0.994714	0.987176	0
PBE62149_skip_2148354d_8ae7e6cc_67.pod5	346ba8df-8877-4527-9db4-1488ef0b5178	8ae7e6cc2740dd7ae86db58cfad3369101a68ac4	2409	1	52314.4	33.1508	52314.5	33.0516	11451	26.8201	unclassified	chr10	76826543	76837987	0	11446	+	11461	11429	11410	17	15	19	60	0.999563	0.998338	0.99555	0
PBE62149_skip_2148354d_8ae7e6cc_67.pod5	f5738792-b264-42f0-b26a-d0c8fa5dee68	8ae7e6cc2740dd7ae86db58cfad3369101a68ac4	575	4	52338.1	7.358	52338.1	7.356	3031	19.4589	unclassified	chr3	92013915	92016915	0	3000	-	3002	2998	2961	2	2	37	1	0.989772	0.987658	0.986342	0
PBE62149_skip_2148354d_8ae7e6cc_67.pod5	afcb8e61-e227-4fc5-bf04-aba42ba19caa	8ae7e6cc2740dd7ae86db58cfad3369101a68ac4	2282	1	52327.7	22.8468	52327.8	22.7544	8571	24.1071	unclassified	chr14	81813573	81822097	7	8571	-	8574	8514	8478	50	10	36	60	0.999183	0.995772	0.988803	0
PBE62149_skip_2148354d_8ae7e6cc_67.pod5	cfd6b4e9-495f-4378-9126-4c39af177edb	8ae7e6cc2740dd7ae86db58cfad3369101a68ac4	1208	1	52319.8	30.398	52320	30.2412	11049	30.9443	unclassified	chr7	103895221	103906291	0	11042	+	11076	11036	10987	6	34	49	60	0.999366	0.99556	0.991965	0
PBE62149_skip_2148354d_8ae7e6cc_67.pod5	7b80ef6e-33c8-4c35-8889-8471ef379dbc	8ae7e6cc2740dd7ae86db58cfad3369101a68ac4	2774	1	52311.9	33.91	52311.9	33.908	13224	26.9209	unclassified	chr6	61613791	61626984	35	13217	+	13216	13159	13130	23	34	29	60	0.996824	0.997796	0.993493	0
PBE62149_skip_2148354d_8ae7e6cc_67.pod5	5f703f41-aa30-4ac1-96c5-ea7a57e5b8b7	8ae7e6cc2740dd7ae86db58cfad3369101a68ac4	2098	3	52345.8	1.961	52345.8	1.959	789	29.2236	unclassified	chr16	46389659	46390417	12	770	-	759	757	749	1	1	8	60	0.96071	0.989432	0.986825	0
PBE62149_skip_2148354d_8ae7e6cc_67.pod5	bad64c0f-8d59-4066-9450-b2e6b8466e46	8ae7e6cc2740dd7ae86db58cfad3369101a68ac4	386	3	52336.6	11.5368	52336.6	11.5348	4694	11.613	unclassified	chr5	155905357	155910049	13	4644	-	4784	4539	4389	92	153	150	60	0.986579	0.966953	0.917433	0
PBE62149_skip_2148354d_8ae7e6cc_67.pod5	37b39cdd-c4de-413e-b08e-89d36fa57aed	8ae7e6cc2740dd7ae86db58cfad3369101a68ac4	589	1	52317	28.5368	52317.1	28.4376	11564	27.6177	unclassified	chr10	83102810	83114368	7	11564	-	11564	11551	11544	6	7	7	60	0.999395	0.999394	0.998271	0
PBE62149_skip_2148354d_8ae7e6cc_67.pod5	b1528df4-98cd-4943-8c3d-40cc41f410d4	8ae7e6cc2740dd7ae86db58cfad3369101a68ac4	2208	1	52316.7	30.974	52316.8	30.8268	12966	29.0822	unclassified	chr15	71642105	71655055	0	12961	+	12971	12940	12894	21	10	46	60	0.999614	0.996445	0.994064	0
PBE62149_skip_2148354d_8ae7e6cc_67.pod5	5622a798-7791-4b5a-8588-c5faf617e66d	8ae7e6cc2740dd7ae86db58cfad3369101a68ac4	147	4	52322.3	25.541	52322.3	25.539	9805	18.9819	unclassified	chr18	69447088	69456882	24	9799	+	9833	9736	9649	39	58	87	60	0.99694	0.991064	0.981287	0
PBE62149_skip_2148354d_8ae7e6cc_67.pod5	3ecdde19-c61a-46f4-90dc-0abda2fabde5	8ae7e6cc2740dd7ae86db58cfad3369101a68ac4	851	1	52342.3	7.8124	52342.3	7.8104	2142	9.42356	unclassified	chr12	17850557	17852691	31	2142	+	2215	2030	1912	81	104	118	60	0.985528	0.941872	0.863205	0
PBE62149_skip_2148354d_8ae7e6cc_67.pod5	5348e89e-5339-4f6d-b4da-89c1c274ab8c	8ae7e6cc2740dd7ae86db58cfad3369101a68ac4	1541	1	52331.4	19.088	52331.5	18.9648	7862	28.1912	unclassified	chr7	137089941	137097785	9	7862	-	7858	7839	7831	14	5	8	60	0.998855	0.998979	0.996564	0
PBE62149_skip_2148354d_8ae7e6cc_67.pod5	9fe36893-771e-4816-b01d-3e549bdc2585	8ae7e6cc2740dd7ae86db58cfad3369101a68ac4	648	4	52323.8	26.852	52323.9	26.7168	8143	28.1977	unclassified	chr3	46109611	46117733	7	8143	-	8138	8120	8104	16	2	16	60	0.99914	0.99803	0.995822	0
PBE62149_skip_2148354d_8ae7e6cc_67.pod5	f3dcc43c-c0ee-4989-ba4c-f6b6f11cc662	8ae7e6cc2740dd7ae86db58cfad3369101a68ac4	2160	4	52338.3	9.316	52338.3	9.314	2485	3.91659	unclassified	*	-1	-1	-1	-1	*	0	0	0	0	0	0	0	0	0	0	0
PBE62149_skip_2148354d_8ae7e6cc_67.pod5	cdff192c-bf27-4b5b-93a3-04a4d21f9a9f	8ae7e6cc2740dd7ae86db58cfad3369101a68ac4	342	3	52319.1	25.701	52319.1	25.699	7728	24.359	unclassified	chr6	21872935	21880624	5	7691	-	7703	7672	7647	14	17	25	60	0.994565	0.996741	0.99273	0
PBE62149_skip_2148354d_8ae7e6cc_67.pod5	bd6820e5-1f24-4ca9-a93c-63cd39bd538a	8ae7e6cc2740dd7ae86db58cfad3369101a68ac4	627	1	52342.9	6.8876	52343	6.7836	2576	30.9357	unclassified	chr7	63841396	63843984	0	2569	+	2588	2569	2561	0	19	8	57	0.997283	0.996886	0.989567	0
PBE62149_skip_2148354d_8ae7e6cc_67.pod5	58db5c4a-9eec-48be-93ab-e9afaa55f775	8ae7e6cc2740dd7ae86db58cfad3369101a68ac4	50	3	52340.1	9.9236	52340.3	9.8136	3872	29.2116	unclassified	chrY	7316649	7320521	7	3872	-	3875	3862	3861	3	10	1	60	0.998192	0.999741	0.996387	0
PBE62149_skip_2148354d_8ae7e6cc_67.pod5	6fd58059-d191-47ba-8944-522e3314fce2	8ae7e6cc2740dd7ae86db58cfad3369101a68ac4	2127	2	52335.5	14.0588	52335.6	13.974	5521	24.0185	unclassified	chr4	120985424	120990920	5	5521	-	5526	5486	5461	30	10	25	60	0.999094	0.995443	0.988237	0
PBE62149_skip_2148354d_8ae7e6cc_67.pod5	06fb76f8-dc02-43dc-8a6a-f34aa78f555b	8ae7e6cc2740dd7ae86db58cfad3369101a68ac4	801	3	52307.9	32.4968	52308	32.3592	10711	31.7507	unclassified	chr9	10279557	10290269	6	10711	-	10712	10705	10702	0	7	3	60	0.99944	0.99972	0.999066	0
PBE62149_skip_2148354d_8ae7e6cc_67.pod5	64cce0c1-ce0d-41b1-969f-c7ec6e1c3933	8ae7e6cc2740dd7ae86db58cfad3369101a68ac4	1952	4	52335.8	8.9156	52336	8.7396	3473	28.7074	unclassified	chr2	105763935	105767398	0	3465	+	3469	3459	3458	6	4	1	60	0.997697	0.999711	0.996829	0
PBE62149_skip_2148354d_8ae7e6cc_67.pod5	7ece4bf4-37f3-4e2f-aa69-445c4deb39eb	8ae7e6cc2740dd7ae86db58cfad3369101a68ac4	1315	2	52318.5	27.3804	52318.5	27.3784	9984	27.3792	unclassified	chr4	91998615	92008560	6	9964	-	9989	9914	9895	44	31	19	60	0.997396	0.998084	0.99059	0
PBE62149_skip_2148354d_8ae7e6cc_67.pod5	18cd965f-0166-4b5d-9a92-f0cd71b1e6b7	8ae7e6cc2740dd7ae86db58cfad3369101a68ac4	1202	1	52331.8	17.9168	52331.9	17.7888	8036	26.325	unclassified	chr15	25249777	25257815	8	8036	-	8043	8023	8007	5	15	16	60	0.999004	0.998006	0.995524	0
PBE62149_skip_2148354d_8ae7e6cc_67.pod5	1be9caf6-2713-4caf-86b3-0157548910ff	8ae7e6cc2740dd7ae86db58cfad3369101a68ac4	2727	1	52335.8	13.9616	52335.9	13.8408	6286	27.1288	unclassified	chr4	163029979	163036272	0	6280	+	6294	6279	6278	1	14	1	60	0.999045	0.999841	0.997458	0
PBE62149_skip_2148354d_8ae7e6cc_67.pod5	c789e6f5-ce31-4f9a-bcac-7c94eaf4f2b5	8ae7e6cc2740dd7ae86db58cfad3369101a68ac4	401	1	52295.2	52.0676	52295.4	51.876	16143	27.8004	unclassified	chr11	26788209	26804369	0	16134	+	16185	16109	16065	25	51	44	60	0.999442	0.997269	0.992586	0
PBE62149_skip_2148354d_8ae7e6cc_67.pod5	6b63eba3-17d3-4cb1-96b8-ab5263ca394f	8ae7e6cc2740dd7ae86db58cfad3369101a68ac4	524	1	52327	19.0872	52327	19.0852	7026	18.6538	unclassified	chr11	34192965	34199965	34	7019	+	7028	6957	6904	28	43	53	60	0.994165	0.992382	0.982356	0
PBE62149_skip_2148354d_8ae7e6cc_67.pod5	f94883bc-748a-4978-a293-5652f6118161	8ae7e6cc2740dd7ae86db58cfad3369101a68ac4	838	2	52316.8	33.2792	52316.8	33.2772	11623	28.6123	unclassified	chr20	40061536	40073128	7	11582	-	11604	11563	11537	12	29	26	60	0.99587	0.997751	0.994226	0
PBE62149_skip_2148354d_8ae7e6cc_67.pod5	b2fae9c0-4cd9-4daa-8408-7e355f724163	8ae7e6cc2740dd7ae86db58cfad3369101a68ac4	457	1	52324.8	20.5656	52324.8	20.5636	7887	12.0481	unclassified	chr2	186460560	186468460	13	7862	-	8053	7696	7440	153	204	256	60	0.995182	0.966736	0.923879	0
PBE62149_skip_2148354d_8ae7e6cc_67.pod5	a5ed6cdd-0879-487c-8ce3-09922b86dd7b	8ae7e6cc2740dd7ae86db58cfad3369101a68ac4	1485	1	52302.9	33.974	52303	33.8616	13976	30.1711	unclassified	chr1	224519009	224532985	0	13976	-	13983	13969	13957	7	7	12	60	1	0.999141	0.998141	0
PBE62149_skip_2148354d_8ae7e6cc_67.pod5	f80972cb-be88-4686-aae5-ea12c12045d3	8ae7e6cc2740dd7ae86db58cfad3369101a68ac4	1079	2	52340.6	9.9848	52340.7	9.8448	4116	31.7312	unclassified	chr15	82610342	82614461	0	4115	+	4122	4112	4100	3	7	12	60	0.999757	0.997082	0.994663	0
PBE62149_skip_2148354d_8ae7e6cc_67.pod5	e3b7a3b5-a0a6-498c-abed-f40493c6b967	8ae7e6cc2740dd7ae86db58cfad3369101a68ac4	1709	2	52313	31.1128	52313	31.1108	12184	11.5568	unclassified	chr2	45724461	45736770	39	12179	+	12549	11900	11441	240	409	459	60	0.996389	0.961429	0.911706	0
PBE62149_skip_2148354d_8ae7e6cc_67.pod5	eaebdf76-e10a-4e50-a497-e768d701af15	8ae7e6cc2740dd7ae86db58cfad3369101a68ac4	2181	4	52330.2	17.6288	52330.3	17.5104	6773	22.1703	unclassified	chr3	29706796	29713567	6	6773	-	6789	6749	6723	18	22	26	60	0.999114	0.996148	0.990278	0
PBE62149_skip_2148354d_8ae7e6cc_67.pod5	ca46176a-6380-41f7-9871-ec5ade08d8ed	8ae7e6cc2740dd7ae86db58cfad3369101a68ac4	429	1	52312.3	33.326	52312.4	33.2304	13307	31.6778	unclassified	chr1	42964781	42978090	7	13306	-	13320	13288	13278	11	21	10	60	0.999399	0.999247	0.996847	0
PBE62149_skip_2148354d_8ae7e6cc_67.pod5	334dcdaa-3159-461b-a4d1-de4f8929df40	8ae7e6cc2740dd7ae86db58cfad3369101a68ac4	441	2	52309.5	40.6016	52309.6	40.5024	15920	30.211	unclassified	chr16	77841228	77857145	2	15920	-	15930	15905	15866	13	12	39	60	0.999874	0.997548	0.995982	0
PBE62149_skip_2148354d_8ae7e6cc_67.pod5	16d52e27-1f0f-455e-9246-c17c66be7e3d	8ae7e6cc2740dd7ae86db58cfad3369101a68ac4	2728	1	52305.5	36.7858	52305.5	36.7838	14725	30.8358	unclassified	chr10	115165397	115178436	1648	14687	-	13049	13029	13014	10	10	15	60	0.885501	0.998849	0.997318	0
PBE62149_skip_2148354d_8ae7e6cc_67.pod5	87c7233e-a7d5-4337-b3e6-d45b13773994	8ae7e6cc2740dd7ae86db58cfad3369101a68ac4	2579	1	52298.5	45.2808	52298.5	45.2788	16805	22.3841	unclassified	chr9	116629221	116645994	34	16797	+	16814	16722	16664	41	51	58	60	0.997501	0.996531	0.991079	0
PBE62149_skip_2148354d_8ae7e6cc_67.pod5	8701ac07-0756-4e53-9a70-58f0e611d921	8ae7e6cc2740dd7ae86db58cfad3369101a68ac4	273	2	52305.4	38.2724	52305.6	38.1012	10929	29.1457	unclassified	chr5	167857390	167868410	0	10924	+	11038	10906	10886	18	114	20	60	0.999542	0.998166	0.986229	0
PBE62149_skip_2148354d_8ae7e6cc_67.pod5	dd523884-3a46-4e27-b7fc-3ba979e7c10d	8ae7e6cc2740dd7ae86db58cfad3369101a68ac4	2179	4	52262.5	79.9472	52262.6	79.8204	27483	25.3684	unclassified	chr15	25459871	25487381	5	27483	-	27552	27436	27356	42	74	80	60	0.999818	0.997084	0.992886	0
PBE62149_skip_2148354d_8ae7e6cc_67.pod5	18893f4d-a6eb-4a86-bd4c-1d39eadf2ece	8ae7e6cc2740dd7ae86db58cfad3369101a68ac4	674	2	52291.9	52.4384	52292.1	52.2576	20135	20.5414	unclassified	chr12	17220958	17241108	0	20129	+	20210	20069	19972	60	81	97	60	0.999702	0.995167	0.988224	0
PBE62149_skip_2148354d_8ae7e6cc_67.pod5	4bf24f87-0f63-4c80-8b79-2a2668806b53	8ae7e6cc2740dd7ae86db58cfad3369101a68ac4	2555	1	52310.2	32.5772	52310.4	32.4564	14046	26.72	unclassified	chr18	23192043	23206080	0	14039	+	14064	14012	13979	27	25	33	60	0.999502	0.997645	0.993956	0
PBE62149_skip_2148354d_8ae7e6cc_67.pod5	68278b35-dfef-4677-aeb2-9f5bdfc0017f	8ae7e6cc2740dd7ae86db58cfad3369101a68ac4	948	2	52299.5	44.9264	52299.7	44.7744	17387	29.8706	unclassified	chr16	8223921	8241306	0	17380	+	17392	17373	17359	7	12	14	60	0.999597	0.999194	0.998103	0
PBE62149_skip_2148354d_8ae7e6cc_67.pod5	f3946e83-dd67-4632-8883-f62bac901549	8ae7e6cc2740dd7ae86db58cfad3369101a68ac4	2528	3	52252.7	90.4532	52252.9	90.318	31032	29.3558	unclassified	chr9	17716820	17747817	6	31032	-	31044	30979	30945	47	18	34	60	0.999807	0.998902	0.996811	0
PBE62149_skip_2148354d_8ae7e6cc_67.pod5	0fc613dd-e5fc-4ec5-a303-726b242a0366	8ae7e6cc2740dd7ae86db58cfad3369101a68ac4	2291	3	52329.1	21.4976	52329.2	21.3288	8166	22.6793	unclassified	chr3	11231203	11239354	0	8159	+	8178	8132	8110	27	19	22	60	0.999143	0.997295	0.991685	0
PBE62149_skip_2148354d_8ae7e6cc_67.pod5	652f81d3-35c7-46c8-977f-fb1d9794bb07	8ae7e6cc2740dd7ae86db58cfad3369101a68ac4	966	2	52262.6	85.0376	52262.8	84.8904	33532	27.6279	unclassified	chr3	60682965	60716479	7	33532	-	33558	33481	33390	44	33	91	60	0.999791	0.997282	0.994994	0
PBE62149_skip_2148354d_8ae7e6cc_67.pod5	60878fef-7309-47f5-85b3-cba8f08a1ce0	8ae7e6cc2740dd7ae86db58cfad3369101a68ac4	1463	3	52258.4	86.288	52258.5	86.184	33410	30.1261	unclassified	chr12	49978535	50011914	0	33404	+	33438	33345	33315	59	34	30	60	0.99982	0.9991	0.996322	0
PBE62149_skip_2148354d_8ae7e6cc_67.pod5	26d27655-9a0e-48e5-9c0c-549f90b6905b	8ae7e6cc2740dd7ae86db58cfad3369101a68ac4	846	4	52219.8	115.858	52219.9	115.724	47633	24.0346	unclassified	chr3	66659325	66706937	0	47627	+	47738	47501	47353	126	111	148	60	0.999874	0.996884	0.991935	0
PBE62149_skip_2148354d_8ae7e6cc_67.pod5	44f7b7fb-b7f5-4b61-ac15-fb3c2fd1f6bc	8ae7e6cc2740dd7ae86db58cfad3369101a68ac4	2677	3	52341.3	8.9012	52341.5	8.7708	3455	37.9582	unclassified	chr5	49854481	49857934	6	3455	-	3453	3449	3365	0	4	84	1	0.998263	0.975645	0.974515	0
PBE62149_skip_2148354d_8ae7e6cc_67.pod5	4f679118-470b-4263-871a-a02c8c9cf4a0	8ae7e6cc2740dd7ae86db58cfad3369101a68ac4	2667	3	52338.9	6.3344	52338.9	6.3324	2540	13.1409	unclassified	chr11	9123754	9126267	2	2501	-	2548	2464	2395	35	49	69	60	0.983858	0.971997	0.939953	0
PBE62149_skip_2148354d_8ae7e6cc_67.pod5	18d116c4-2e7d-4d90-b005-57ad3eef8e66	8ae7e6cc2740dd7ae86db58cfad3369101a68ac4	1807	3	52309.9	35.1944	52310	35.0808	15081	29.875	unclassified	chr21	9310273	9325270	5	15081	-	15170	14903	14358	173	94	545	60	0.999668	0.96343	0.946473	0
PBE62149_skip_2148354d_8ae7e6cc_67.pod5	150c9cf8-e46d-40ed-b398-3437f202503f	8ae7e6cc2740dd7ae86db58cfad3369101a68ac4	2716	1	52340.8	7.094	52340.9	6.9612	2752	27.2486	unclassified	chr20	15890533	15893286	0	2752	+	2754	2751	2743	1	2	8	60	1	0.997092	0.996006	0
PBE62149_skip_2148354d_8ae7e6cc_67.pod5	ec4b9241-c304-4fe7-8d24-34cdd1440f95	8ae7e6cc2740dd7ae86db58cfad3369101a68ac4	1200	2	52340.5	4.8916	52340.5	4.8896	2068	21.9881	unclassified	chr8	3109224	3111252	38	2064	+	2030	2024	2009	2	4	15	60	0.979691	0.992589	0.989655	0
PBE62149_skip_2148354d_8ae7e6cc_67.pod5	85619cef-7f74-473c-8c14-62542db6d01a	8ae7e6cc2740dd7ae86db58cfad3369101a68ac4	1149	2	52339.5	11.2892	52339.7	11.1744	4596	26.8737	unclassified	chr14	50197308	50201903	0	4587	+	4602	4580	4566	7	15	14	60	0.998042	0.996943	0.992177	0
PBE62149_skip_2148354d_8ae7e6cc_67.pod5	1a9138bb-9595-4524-9364-34d7fba62748	8ae7e6cc2740dd7ae86db58cfad3369101a68ac4	1484	4	52318	30.2498	52318	30.2478	12391	22.007	unclassified	chr4	186852445	186864694	8	12243	-	12257	12227	12191	8	22	36	60	0.98741	0.997056	0.994615	0
PBE62149_skip_2148354d_8ae7e6cc_67.pod5	fc46b5e6-b623-4729-9312-7835bbdffe75	8ae7e6cc2740dd7ae86db58cfad3369101a68ac4	1369	4	52328.2	17.1924	52328.2	17.1904	6756	11.3587	unclassified	chr9	114069900	114076721	30	6745	+	6993	6543	6268	172	278	275	60	0.993931	0.95797	0.896325	0
PBE62149_skip_2148354d_8ae7e6cc_67.pod5	4b5c29ba-7be0-4bcd-9d39-83a85b6f59b4	8ae7e6cc2740dd7ae86db58cfad3369101a68ac4	1849	4	52318.3	32.3192	52318.4	32.196	13092	28.8916	unclassified	chr3	40178972	40192061	0	13086	+	13099	13076	13053	10	13	23	60	0.999542	0.998241	0.996488	0
PBE62149_skip_2148354d_8ae7e6cc_67.pod5	8f9f3e62-f6aa-4e1b-b99c-cbabea5fd2b4	8ae7e6cc2740dd7ae86db58cfad3369101a68ac4	2679	1	52335	12.452	52335.2	12.3408	4988	30.9389	unclassified	chr17	10167303	10172281	0	4983	+	4984	4977	4966	6	1	11	60	0.998998	0.99779	0.996388	0
PBE62149_skip_2148354d_8ae7e6cc_67.pod5	828dfbc5-b3f3-448d-a233-ad3e9609f9cb	8ae7e6cc2740dd7ae86db58cfad3369101a68ac4	1335	3	52336.8	8.7236	52336.8	8.7216	4425	22.9142	unclassified	chr11	76545107	76549489	11	4396	-	4393	4374	4366	11	8	8	60	0.99096	0.998171	0.993854	0
PBE62149_skip_2148354d_8ae7e6cc_67.pod5	39b5623f-d514-4faf-afa6-17d2395dfe74	8ae7e6cc2740dd7ae86db58cfad3369101a68ac4	2588	1	52321.2	23.9052	52321.2	23.9032	9562	28.3552	unclassified	chr5	175947855	175957393	9	9529	-	9541	9517	9489	3	21	28	42	0.995608	0.997058	0.99455	0
PBE62149_skip_2148354d_8ae7e6cc_67.pod5	0fe9c626-efd7-4c6a-9348-a113ece4cc40	8ae7e6cc2740dd7ae86db58cfad3369101a68ac4	2852	2	52334.2	11.354	52334.4	11.2044	3863	29.8346	unclassified	chr13	107125933	107129784	0	3854	+	3855	3850	3846	4	1	4	60	0.99767	0.998961	0.997665	0
PBE62149_skip_2148354d_8ae7e6cc_67.pod5	3fa59c90-37f4-48af-b1ec-a2045013821c	8ae7e6cc2740dd7ae86db58cfad3369101a68ac4	413	4	52342	8.864	52342.2	8.6808	3214	27.7517	unclassified	chr16	80513674	80516891	4	3214	-	3222	3205	3198	5	12	7	60	0.998755	0.997816	0.992551	0
PBE62149_skip_2148354d_8ae7e6cc_67.pod5	fab81e50-f19a-46e1-90f7-dd5a3f9f56ff	8ae7e6cc2740dd7ae86db58cfad3369101a68ac4	2738	1	52336	14.18	52336.2	14.0496	5418	26.2562	unclassified	chr14	90526946	90532356	9	5418	-	5418	5401	5391	8	9	10	60	0.998339	0.998149	0.995017	0
PBE62149_skip_2148354d_8ae7e6cc_67.pod5	3830b567-fe98-496c-b8a3-4fc92db4fe26	8ae7e6cc2740dd7ae86db58cfad3369101a68ac4	2598	3	52306.7	37.5632	52306.9	37.4076	13937	25.6552	unclassified	chr3	183899596	183913544	1	13930	+	13962	13915	13884	14	33	31	60	0.999426	0.997772	0.994413	0
PBE62149_skip_2148354d_8ae7e6cc_67.pod5	47ae2a87-e57f-44bc-9d8f-a53eab71af19	8ae7e6cc2740dd7ae86db58cfad3369101a68ac4	2451	4	52310.7	34.016	52310.9	33.8544	12260	29.6157	unclassified	chr8	60122529	60134787	0	12252	+	12265	12245	12205	7	13	40	60	0.999347	0.996733	0.995108	0
PBE62149_skip_2148354d_8ae7e6cc_67.pod5	c635b261-125c-45e5-b3ec-68a1d53694ed	8ae7e6cc2740dd7ae86db58cfad3369101a68ac4	1835	2	52343	5.2508	52343.2	5.0172	1240	15.1272	unclassified	chr11	132851513	132852750	0	1240	+	1254	1223	1207	17	14	16	60	1	0.986917	0.96252	0
PBE62149_skip_2148354d_8ae7e6cc_67.pod5	ef44951b-6ba7-4eb1-a679-bebacb5a77ac	8ae7e6cc2740dd7ae86db58cfad3369101a68ac4	528	2	52339.3	6.5852	52339.4	6.4644	2684	31.7422	unclassified	chr2	13671982	13674656	7	2682	-	2676	2673	2670	2	1	3	60	0.996647	0.998878	0.997758	0
PBE62149_skip_2148354d_8ae7e6cc_67.pod5	4aac2d43-cf46-4c35-b16a-7f4ee761167c	8ae7e6cc2740dd7ae86db58cfad3369101a68ac4	2442	3	52317.9	24.5208	52317.9	24.5188	9386	31.377	unclassified	chr14	92390916	92400289	6	9386	-	9383	9370	9364	10	3	6	60	0.999361	0.99936	0.997975	0
PBE62149_skip_2148354d_8ae7e6cc_67.pod5	ecd93a09-073d-48b3-8d65-168889b712fe	8ae7e6cc2740dd7ae86db58cfad3369101a68ac4	2602	2	52317.9	24.7424	52318.1	24.54	10706	24.403	unclassified	chrX	21313728	21324449	5	10706	-	10732	10690	10677	11	31	13	60	0.999533	0.998784	0.994875	0
PBE62149_skip_2148354d_8ae7e6cc_67.pod5	c4fd8ad3-b8e6-4582-8825-d1960eb05476	8ae7e6cc2740dd7ae86db58cfad3369101a68ac4	2873	2	52306.9	35.545	52306.9	35.543	12845	11.8655	unclassified	chr3	137397246	137410089	5	12807	-	13144	12501	12031	301	342	470	60	0.996652	0.962403	0.915323	0
PBE62149_skip_2148354d_8ae7e6cc_67.pod5	04362850-1a9b-4707-ab3c-523459eb77f3	8ae7e6cc2740dd7ae86db58cfad3369101a68ac4	2901	3	52333.1	10.0328	52333.3	9.8976	3908	26.495	unclassified	chr2	80856537	80860435	0	3899	+	3901	3896	3889	3	2	7	60	0.997697	0.998203	0.996924	0
PBE62149_skip_2148354d_8ae7e6cc_67.pod5	842a6b58-4161-42b0-8889-687d19801195	8ae7e6cc2740dd7ae86db58cfad3369101a68ac4	1805	4	52305.4	40.6184	52305.6	40.4688	15246	27.5483	unclassified	chr1	33238539	33253784	8	15246	-	15265	15218	15203	20	27	15	60	0.999475	0.999014	0.995938	0
PBE62149_skip_2148354d_8ae7e6cc_67.pod5	58911fbe-9e3f-473a-a142-1108d3baadd9	8ae7e6cc2740dd7ae86db58cfad3369101a68ac4	354	3	52343.6	7.0748	52343.7	6.9588	2839	38.095	unclassified	chr10	6483811	6486643	7	2839	-	2832	2832	2828	0	0	4	60	0.997534	0.998588	0.998588	0
PBE62149_skip_2148354d_8ae7e6cc_67.pod5	c23b103c-2ab1-4b1a-a6e7-0317973d8e18	8ae7e6cc2740dd7ae86db58cfad3369101a68ac4	218	3	52323.1	20.1452	52323.2	19.9884	7992	29.9488	unclassified	chr9	4210235	4218226	0	7984	+	7995	7980	7964	4	11	16	60	0.998999	0.997995	0.996123	0
PBE62149_skip_2148354d_8ae7e6cc_67.pod5	435facfa-4a38-40bc-a082-89d746712d88	8ae7e6cc2740dd7ae86db58cfad3369101a68ac4	877	2	52271.9	71.0038	52271.9	71.0018	28815	31.6234	unclassified	chr3	112193195	112221933	34	28809	+	28806	28707	28592	68	31	115	60	0.998612	0.995994	0.992571	0
PBE62149_skip_2148354d_8ae7e6cc_67.pod5	5e681329-949d-457f-b032-db4534647555	8ae7e6cc2740dd7ae86db58cfad3369101a68ac4	2775	2	52330.6	12.1818	52330.6	12.1798	4886	25.4883	unclassified	chr2	91581080	91585922	6	4850	-	4851	4835	4824	9	7	11	60	0.991404	0.997725	0.994434	0
PBE62149_skip_2148354d_8ae7e6cc_67.pod5	14ba402a-fe28-447c-8978-80699ec84f13	8ae7e6cc2740dd7ae86db58cfad3369101a68ac4	1537	1	52339.3	11.528	52339.5	11.3928	4809	30.9133	unclassified	chr1	205710563	205715362	8	4809	-	4804	4796	4794	5	3	2	60	0.998336	0.999583	0.997918	0
PBE62149_skip_2148354d_8ae7e6cc_67.pod5	730d22b9-9f72-49d3-9ffb-9d690d805c8b	8ae7e6cc2740dd7ae86db58cfad3369101a68ac4	2432	2	52313.8	36.8878	52313.8	36.8858	14186	9.86129	unclassified	chr13	42917369	42931871	6	14170	-	14875	13791	12927	373	711	864	60	0.998449	0.93735	0.869042	0
PBE62149_skip_2148354d_8ae7e6cc_67.pod5	fac42881-0f4f-4686-bd35-421bde383cbb	8ae7e6cc2740dd7ae86db58cfad3369101a68ac4	302	4	52328	23.1092	52328.2	22.938	9588	29.6572	unclassified	chr15	25351444	25361014	0	9581	+	9581	9570	9563	11	0	7	60	0.99927	0.999269	0.998121	0
PBE62149_skip_2148354d_8ae7e6cc_67.pod5	ca81cac2-cfaa-4d52-812a-ff27166a427c	8ae7e6cc2740dd7ae86db58cfad3369101a68ac4	1459	3	52333.6	12.4628	52333.7	12.3492	4031	27.5948	unclassified	chr4	45798081	45802117	1	4031	-	4039	4027	4019	3	9	8	60	0.999752	0.998013	0.995048	0
PBE62149_skip_2148354d_8ae7e6cc_67.pod5	1d2adca2-0b83-453b-8b1b-aa3fe2886be7	8ae7e6cc2740dd7ae86db58cfad3369101a68ac4	2049	2	52297.6	47.756	52297.7	47.6112	20105	20.8418	unclassified	chr7	31067567	31087719	14	20105	-	20201	20042	19960	49	110	82	60	0.999304	0.995909	0.98807	0
PBE62149_skip_2148354d_8ae7e6cc_67.pod5	8f548a19-6796-4b4c-9bd6-2d1e1317e058	8ae7e6cc2740dd7ae86db58cfad3369101a68ac4	1205	3	52322.8	22.5608	52322.8	22.5588	9176	19.1089	unclassified	chr3	46866944	46876110	35	9170	+	9201	9100	9053	35	66	47	60	0.995532	0.994835	0.983915	0
PBE62149_skip_2148354d_8ae7e6cc_67.pod5	6a7fb6fd-72a8-40c7-a5b7-063e78a589af	8ae7e6cc2740dd7ae86db58cfad3369101a68ac4	1801	3	52268.2	77.1702	52268.2	77.1682	28750	11.1333	unclassified	chr12	113342338	113362235	7	19627	-	20302	19215	18436	405	682	779	60	0.682435	0.959459	0.908088	0
PBE62149_skip_2148354d_8ae7e6cc_67.pod5	a47c5056-c078-4680-af7b-d6cb0a5fbfed	8ae7e6cc2740dd7ae86db58cfad3369101a68ac4	980	1	52334	11.2532	52334.1	11.0988	4559	33.0878	unclassified	chr17	73674401	73678954	7	4559	-	4555	4550	4541	2	3	9	60	0.998465	0.998022	0.996926	0
PBE62149_skip_2148354d_8ae7e6cc_67.pod5	caabe1cd-6b05-459f-bc10-08d61a9e01ba	8ae7e6cc2740dd7ae86db58cfad3369101a68ac4	1140	1	52325.3	18.0656	52325.4	17.9712	6423	25.5435	unclassified	chr20	63721082	63727539	0	6419	+	6468	6408	6392	11	49	16	60	0.999377	0.997503	0.98825	0
PBE62149_skip_2148354d_8ae7e6cc_67.pod5	611a7f74-7199-4502-a16e-ce848bbfd31d	8ae7e6cc2740dd7ae86db58cfad3369101a68ac4	622	4	52328	17.3754	52328	17.3734	6906	17.9628	unclassified	chr4	49709085	49711961	1378	4769	+	3399	2868	2619	523	8	249	60	0.491022	0.91318	0.770521	0
PBE62149_skip_2148354d_8ae7e6cc_67.pod5	3e0d39b8-e844-4407-9ed3-603f096313ca	8ae7e6cc2740dd7ae86db58cfad3369101a68ac4	326	2	52318.9	31.032	52318.9	31.03	8241	24.135	unclassified	chr8	68149239	68157421	7	8200	-	8208	8167	8146	26	15	21	60	0.994175	0.997429	0.992446	0
PBE62149_skip_2148354d_8ae7e6cc_67.pod5	47a940ea-59f0-4e41-838e-1adf55f67b9b	8ae7e6cc2740dd7ae86db58cfad3369101a68ac4	676	1	52324.7	26.1668	52324.8	26.0292	10693	24.9435	unclassified	chr1	246432738	246443385	6	10693	-	10700	10634	10608	53	13	26	60	0.999439	0.997555	0.991402	0
PBE62149_skip_2148354d_8ae7e6cc_67.pod5	05b7776f-8b2b-47a1-a9d9-bbae71d747b4	8ae7e6cc2740dd7ae86db58cfad3369101a68ac4	2951	1	52328.7	13.9904	52328.8	13.8336	5098	33.8701	unclassified	chr20	25534459	25539546	6	5098	-	5094	5085	5080	7	2	5	60	0.998823	0.999017	0.997252	0
PBE62149_skip_2148354d_8ae7e6cc_67.pod5	d0fdab79-3750-4ab9-a9cc-40ac02be8b6d	8ae7e6cc2740dd7ae86db58cfad3369101a68ac4	629	1	52319.8	30.902	52319.8	30.9	11026	14.4007	unclassified	chr11	59004006	59015072	7	10996	-	11195	10860	10631	129	206	229	60	0.996644	0.978913	0.94962	0
PBE62149_skip_2148354d_8ae7e6cc_67.pod5	9944ec9f-3252-459d-9733-b08cf769c5ab	8ae7e6cc2740dd7ae86db58cfad3369101a68ac4	120	1	52330.5	15.698	52330.6	15.606	6439	32.7469	unclassified	chrY	10754411	10761162	17	6439	-	7041	6132	5001	290	619	1131	1	0.99736	0.815558	0.710268	0
PBE62149_skip_2148354d_8ae7e6cc_67.pod5	2880cb9f-c367-416f-9b12-10e937177eed	8ae7e6cc2740dd7ae86db58cfad3369101a68ac4	457	1	52345.3	6.0708	52345.3	6.0688	2381	10.9697	unclassified	chr5	23068241	23070579	32	2370	+	2410	2266	2174	72	72	92	60	0.98194	0.9594	0.902075	0
PBE62149_skip_2148354d_8ae7e6cc_67.pod5	2881f94d-4858-436e-b233-579ca52f6201	8ae7e6cc2740dd7ae86db58cfad3369101a68ac4	2481	2	52324.7	21.5948	52324.8	21.4692	8828	29.79	unclassified	chr5	32793019	32801866	0	8828	+	8852	8823	8806	5	24	17	60	1	0.998073	0.994803	0
PBE62149_skip_2148354d_8ae7e6cc_67.pod5	d7fc262d-ab72-42b9-9725-b076edca002c	8ae7e6cc2740dd7ae86db58cfad3369101a68ac4	2845	1	52334.6	11.482	52334.6	11.48	4390	11.8154	unclassified	chr8	77058632	77063019	8	4355	-	4497	4237	4061	110	150	176	60	0.990205	0.958461	0.903046	0
PBE62149_skip_2148354d_8ae7e6cc_67.pod5	d4a5957d-44e1-4ecb-b6f8-17b16191384a	8ae7e6cc2740dd7ae86db58cfad3369101a68ac4	146	4	52343.4	7.4684	52343.6	7.2948	2846	20.0391	unclassified	chr1	46203464	46206303	11	2846	-	2849	2825	2814	10	14	11	60	0.996135	0.996106	0.987715	0
PBE62149_skip_2148354d_8ae7e6cc_67.pod5	d38fddb7-46b7-4496-9add-26c9cbbd6de7	8ae7e6cc2740dd7ae86db58cfad3369101a68ac4	859	4	52325.6	25.3112	52325.8	25.1136	6427	26.6438	unclassified	chr10	106180579	106186980	23	6427	-	6406	6399	6387	5	2	12	60	0.996421	0.998125	0.997034	0
PBE62149_skip_2148354d_8ae7e6cc_67.pod5	1e1bd05e-abe4-427b-a6e5-53c7eec3a7ce	8ae7e6cc2740dd7ae86db58cfad3369101a68ac4	1535	4	52337.6	8.3288	52337.7	8.2152	3324	25.4143	unclassified	chr1	33042658	33045978	7	3324	-	3323	3314	3309	3	6	5	60	0.997894	0.998491	0.995787	0
PBE62149_skip_2148354d_8ae7e6cc_67.pod5	9a71388e-fce7-4daa-9c2b-40efd25e15b8	8ae7e6cc2740dd7ae86db58cfad3369101a68ac4	2431	3	52340.5	5.3468	52340.6	5.2644	2339	32.9413	unclassified	chr8	67496618	67498960	0	2331	+	2343	2330	2329	1	12	1	60	0.99658	0.999571	0.994025	0
PBE62149_skip_2148354d_8ae7e6cc_67.pod5	1e7fb36d-e62b-40b1-8a87-c1dbbc5a4075	8ae7e6cc2740dd7ae86db58cfad3369101a68ac4	2671	2	52345.4	5.5496	52345.4	5.5476	2187	10.9996	unclassified	chr10	94739107	94741254	7	2155	-	2205	2090	2002	58	57	88	60	0.982167	0.957895	0.907937	0
PBE62149_skip_2148354d_8ae7e6cc_67.pod5	51e2d0e0-dfc2-4364-ab70-4a8d27b5da2f	8ae7e6cc2740dd7ae86db58cfad3369101a68ac4	867	4	52315.6	29.9576	52315.7	29.88	13282	28.7345	unclassified	chr2	211766452	211779708	8	13282	-	13295	13235	13170	39	21	65	60	0.999398	0.995089	0.990598	0
PBE62149_skip_2148354d_8ae7e6cc_67.pod5	12fdaf7f-5ff1-4845-8323-b9d6ca71ae68	8ae7e6cc2740dd7ae86db58cfad3369101a68ac4	2427	1	52335.1	8.2036	52335.1	8.2016	3672	19.0477	unclassified	chr3	115124151	115127778	40	3666	+	3642	3611	3592	15	16	19	60	0.987473	0.994738	0.986271	0
PBE62149_skip_2148354d_8ae7e6cc_67.pod5	7a646ce6-9418-4731-9a7d-9ad92abd5361	8ae7e6cc2740dd7ae86db58cfad3369101a68ac4	1649	2	52315.3	35.5244	52315.4	35.406	13255	30.4388	unclassified	chr8	16059187	16072416	0	13249	+	13261	13217	13174	32	12	43	60	0.999547	0.996747	0.993439	0
PBE62149_skip_2148354d_8ae7e6cc_67.pod5	0e20b1f4-2373-4b7b-81f6-bfae50063f72	8ae7e6cc2740dd7ae86db58cfad3369101a68ac4	929	2	52321.2	29.84	52321.4	29.6664	10722	29.6753	unclassified	chr6	103441704	103452422	0	10715	+	10721	10712	10710	3	6	2	60	0.999347	0.999813	0.998974	0
PBE62149_skip_2148354d_8ae7e6cc_67.pod5	5dd118f6-011d-4ed5-bc53-bbf691fc4767	8ae7e6cc2740dd7ae86db58cfad3369101a68ac4	1848	2	52329	21.812	52329.1	21.6552	8044	26.1225	unclassified	chr7	90059617	90067667	7	8044	-	8055	8032	8010	5	18	22	60	0.99913	0.997261	0.994413	0
PBE62149_skip_2148354d_8ae7e6cc_67.pod5	1ddb5e64-8466-400f-91ff-8784c7df494d	8ae7e6cc2740dd7ae86db58cfad3369101a68ac4	1589	1	52344.9	6.3092	52345.1	6.1812	2510	28.0775	unclassified	chr8	62120028	62122533	0	2504	+	2508	2501	2497	3	4	4	60	0.99761	0.998401	0.995614	0
PBE62149_skip_2148354d_8ae7e6cc_67.pod5	786c69d9-1256-491c-806d-a463651d13ae	8ae7e6cc2740dd7ae86db58cfad3369101a68ac4	2116	4	52339.9	11.2064	52340.1	11.0868	4528	30.7064	unclassified	chr7	52406001	52410520	6	4528	-	4523	4518	4506	4	1	12	60	0.998675	0.997344	0.996241	0
PBE62149_skip_2148354d_8ae7e6cc_67.pod5	18d619a2-fb17-4ab0-852f-1573fb607480	8ae7e6cc2740dd7ae86db58cfad3369101a68ac4	314	2	52327.8	23.5376	52327.9	23.3532	8549	26.8254	unclassified	chr8	93355651	93364181	6	8546	-	8548	8522	8504	18	8	18	60	0.998947	0.997888	0.994853	0
PBE62149_skip_2148354d_8ae7e6cc_67.pod5	f3a45583-bb71-4614-9930-3465f6e0c168	8ae7e6cc2740dd7ae86db58cfad3369101a68ac4	2398	2	52320	28.3316	52320.1	28.194	11453	29.6442	unclassified	chr15	86471572	86478731	4294	11447	+	7159	7153	7147	0	6	6	60	0.624553	0.999161	0.998324	0
PBE62149_skip_2148354d_8ae7e6cc_67.pod5	4ff5e382-5851-46e4-93d5-d1d63c281dda	8ae7e6cc2740dd7ae86db58cfad3369101a68ac4	1021	3	52343	7.8956	52343.2	7.7028	3177	33.8938	unclassified	chr4	63246556	63249626	0	2441	+	3073	2438	2339	3	632	99	1	0.768335	0.959393	0.761145	0
PBE62149_skip_2148354d_8ae7e6cc_67.pod5	df8cddbf-7c06-49ec-aec0-af336d149f68	8ae7e6cc2740dd7ae86db58cfad3369101a68ac4	1923	2	52337.5	8.4938	52337.5	8.4918	3095	30.266	unclassified	chr2	232657876	232660934	32	3088	+	3060	3054	3053	2	4	1	60	0.987399	0.999673	0.997712	0
PBE62149_skip_2148354d_8ae7e6cc_67.pod5	117d77f0-3d4a-4036-a7e0-f6dcded24d33	8ae7e6cc2740dd7ae86db58cfad3369101a68ac4	936	1	52328.3	22.4214	52328.3	22.4194	9448	26.0443	unclassified	chr21	26538337	26547787	0	9441	+	9462	9429	9407	12	21	22	60	0.999259	0.997667	0.994187	0
PBE62149_skip_2148354d_8ae7e6cc_67.pod5	51ac52f1-3551-4382-bc19-46538467bef3	8ae7e6cc2740dd7ae86db58cfad3369101a68ac4	328	4	52340.4	10.9022	52340.4	10.9002	5214	9.27824	unclassified	chr2	29107889	29113192	9	5179	-	5441	5032	4731	138	271	301	60	0.991561	0.940183	0.869509	0
PBE62149_skip_2148354d_8ae7e6cc_67.pod5	bb8c74c0-aa24-4c90-986a-c1b63e22c41a	8ae7e6cc2740dd7ae86db58cfad3369101a68ac4	414	4	52260.1	90.6992	52260.3	90.5304	30120	28.2752	unclassified	chr3	12913827	12943934	0	30120	-	30148	30079	30042	41	28	37	60	1	0.99877	0.996484	0
PBE62149_skip_2148354d_8ae7e6cc_67.pod5	f3271c98-5ec1-459a-92ac-e9d07d6c9fcb	8ae7e6cc2740dd7ae86db58cfad3369101a68ac4	2074	3	52329.1	16.9104	52329.1	16.9084	6910	29.055	unclassified	chr4	114357193	114364071	7	6885	-	6882	6874	6863	4	4	11	60	0.995369	0.9984	0.997239	0
PBE62149_skip_2148354d_8ae7e6cc_67.pod5	c4a0adb0-246f-47db-862e-0731608c0257	8ae7e6cc2740dd7ae86db58cfad3369101a68ac4	1870	4	52338.7	13.9928	52338.8	13.8384	6375	24.4001	unclassified	chr5	145935163	145941539	6	6375	-	6394	6351	6331	18	25	20	60	0.999059	0.996851	0.990147	0
PBE62149_skip_2148354d_8ae7e6cc_67.pod5	d35023f0-60b7-4a87-aa7f-282cbc2f1fa4	8ae7e6cc2740dd7ae86db58cfad3369101a68ac4	2720	4	52337.7	13.2428	52337.7	13.2408	5553	21.4832	unclassified	chr11	87435519	87441052	0	5548	+	5557	5524	5497	24	9	27	60	0.9991	0.995112	0.989203	0
PBE62149_skip_2148354d_8ae7e6cc_67.pod5	3a631d3b-457f-42e1-a058-e5f8bd82d754	8ae7e6cc2740dd7ae86db58cfad3369101a68ac4	282	3	52337.2	10.7648	52337.2	10.7628	4991	24.853	unclassified	chr4	49137210	49142484	29	4959	+	5470	4734	4114	196	540	620	1	0.987778	0.869033	0.752102	0
PBE62149_skip_2148354d_8ae7e6cc_67.pod5	d726e42e-49c9-4e49-be1d-0cfd4d880ab8	8ae7e6cc2740dd7ae86db58cfad3369101a68ac4	1045	2	52319.4	26.548	52319.4	26.546	10668	17.7285	unclassified	chr4	106601851	106612472	6	10633	-	10696	10552	10446	75	69	106	60	0.996157	0.989955	0.976627	0
PBE62149_skip_2148354d_8ae7e6cc_67.pod5	3c448038-ceca-4772-9100-ae4a914bec5a	8ae7e6cc2740dd7ae86db58cfad3369101a68ac4	1186	1	52333.1	13.1948	52333.3	13.0284	4680	22.689	unclassified	chr3	104964960	104969632	6	4680	-	4683	4663	4652	11	9	11	60	0.998718	0.997641	0.99338	0
PBE62149_skip_2148354d_8ae7e6cc_67.pod5	e036cca2-5d9c-4e29-bb30-6a410280261a	8ae7e6cc2740dd7ae86db58cfad3369101a68ac4	591	1	52322	30.14	52322.1	30.012	13057	27.0121	unclassified	chr6	104398121	104411186	0	13050	+	13079	13036	12997	14	29	39	60	0.999464	0.997008	0.99373	0
PBE62149_skip_2148354d_8ae7e6cc_67.pod5	5fab5117-bfec-481a-8b49-64eb30ec8ba4	8ae7e6cc2740dd7ae86db58cfad3369101a68ac4	910	4	52308.7	34.6446	52308.7	34.6426	14230	12.3987	unclassified	chr14	33555744	33570072	43	14219	+	14608	13896	13450	280	432	446	60	0.996205	0.967904	0.920728	0
PBE62149_skip_2148354d_8ae7e6cc_67.pod5	3cc290d8-8942-4d56-9182-52f3fcdab918	8ae7e6cc2740dd7ae86db58cfad3369101a68ac4	689	3	52322.6	23.7476	52322.7	23.6484	10897	25.6141	unclassified	chr14	64999264	65010145	7	10897	-	10901	10870	10853	20	11	17	60	0.999358	0.998436	0.995597	0
PBE62149_skip_2148354d_8ae7e6cc_67.pod5	ce64b050-0c20-42ef-84e1-13cc002f2822	8ae7e6cc2740dd7ae86db58cfad3369101a68ac4	1109	3	52347.7	4.7252	52347.9	4.5804	1928	23.1038	unclassified	chr9	70148010	70149935	0	1920	+	1929	1916	1906	4	9	10	60	0.995851	0.994781	0.988077	0
PBE62149_skip_2148354d_8ae7e6cc_67.pod5	bf00947d-a0b1-429e-8eb2-b36bf1f55a2b	8ae7e6cc2740dd7ae86db58cfad3369101a68ac4	2606	4	52313.2	32.774	52313.4	32.6604	13251	26.5862	unclassified	chr14	58097240	58110495	6	13251	-	13271	13229	13215	16	26	14	60	0.999547	0.998942	0.99578	0
PBE62149_skip_2148354d_8ae7e6cc_67.pod5	7e194126-0137-4893-9460-a56822f76f63	8ae7e6cc2740dd7ae86db58cfad3369101a68ac4	578	2	52319.8	23.795	52319.8	23.793	8482	29.5552	unclassified	chr13	84664544	84672994	6	8454	-	8452	8446	8437	2	4	9	60	0.995992	0.998934	0.998225	0
PBE62149_skip_2148354d_8ae7e6cc_67.pod5	959acb8d-64f8-4fd8-bb72-a882df045c06	8ae7e6cc2740dd7ae86db58cfad3369101a68ac4	1875	4	52331.1	21.4472	52331.3	21.2184	7232	29.1942	unclassified	chr10	66963254	66970475	0	7226	+	7232	7215	7203	11	6	12	60	0.99917	0.998337	0.99599	0
PBE62149_skip_2148354d_8ae7e6cc_67.pod5	279315a7-7145-4875-a247-0e4eb9847baf	8ae7e6cc2740dd7ae86db58cfad3369101a68ac4	1473	3	52339.5	6.8612	52339.6	6.726	2707	26.3131	unclassified	chr10	87206800	87209500	0	2701	+	2702	2699	2697	2	1	2	60	0.997784	0.999259	0.99815	0
PBE62149_skip_2148354d_8ae7e6cc_67.pod5	ab00d881-30ad-44db-ad16-33ffa314d68f	8ae7e6cc2740dd7ae86db58cfad3369101a68ac4	873	1	52338.6	9.602	52338.7	9.4812	3434	29.8806	unclassified	chr3	11981110	11984541	0	3431	+	3433	3429	3424	2	2	5	60	0.999126	0.998542	0.997378	0
PBE62149_skip_2148354d_8ae7e6cc_67.pod5	27e2ba64-658a-4ae9-971b-fa16c289d0fe	8ae7e6cc2740dd7ae86db58cfad3369101a68ac4	2598	3	52344.5	8.0828	52344.6	7.9572	3264	26.9936	unclassified	chr4	81084856	81088117	4	3264	-	3266	3255	3244	5	6	11	60	0.998775	0.996621	0.993264	0
PBE62149_skip_2148354d_8ae7e6cc_67.pod5	7e8d8466-188f-4ac9-9719-a8804c8c8dac	8ae7e6cc2740dd7ae86db58cfad3369101a68ac4	1424	4	52306.6	36.7704	52306.6	36.7684	14930	25.1783	unclassified	chr5	164389504	164397293	6	7787	-	7797	7773	7758	8	16	15	60	0.521165	0.99807	0.994998	0
PBE62149_skip_2148354d_8ae7e6cc_67.pod5	f16bd661-5207-4ab3-b0dc-24246a138d8b	8ae7e6cc2740dd7ae86db58cfad3369101a68ac4	2378	3	52336.7	9.4064	52336.8	9.2544	3371	35.4584	unclassified	chr22	46821397	46824762	0	3365	+	3365	3365	3365	0	0	0	60	0.99822	1	1	0
PBE62149_skip_2148354d_8ae7e6cc_67.pod5	72baed69-8bef-4c34-8f3e-a8f37302dc14	8ae7e6cc2740dd7ae86db58cfad3369101a68ac4	220	3	52311.5	36.3044	52311.8	36.0156	18323	24.2516	unclassified	chrX	66986065	67004401	9	18323	-	18365	18285	18252	29	51	33	60	0.999509	0.998195	0.993847	0
PBE62149_skip_2148354d_8ae7e6cc_67.pod5	8b1ec2a0-1313-4e84-9770-e3d0a93303e7	8ae7e6cc2740dd7ae86db58cfad3369101a68ac4	1439	1	52332.2	11.3238	52332.2	11.3218	4751	29.0229	unclassified	chr10	43608541	43613240	39	4745	+	4709	4696	4685	10	3	11	60	0.990528	0.997658	0.994903	0
PBE62149_skip_2148354d_8ae7e6cc_67.pod5	f429d11d-4929-466b-b3fa-7ca71cfc2568	8ae7e6cc2740dd7ae86db58cfad3369101a68ac4	1858	2	52315.4	31.0748	52315.5	30.8988	11950	26.0782	unclassified	chr13	56607535	56619496	0	11950	-	11967	11944	11920	6	17	24	60	1	0.997991	0.996073	0
PBE62149_skip_2148354d_8ae7e6cc_67.pod5	dab0f248-a81e-4653-9767-360459de5b1b	8ae7e6cc2740dd7ae86db58cfad3369101a68ac4	1127	1	52332.1	19.3196	52332.2	19.2168	7100	43.6195	unclassified	chr3	92160173	92167272	1	7100	+	7099	7099	7062	0	0	37	1	0.999859	0.994788	0.994788	0
PBE62149_skip_2148354d_8ae7e6cc_67.pod5	9ad3afff-4a9c-4cf8-9ca9-b2f4f35269a9	8ae7e6cc2740dd7ae86db58cfad3369101a68ac4	2715	1	52324.7	23.6192	52324.9	23.4384	10111	17.6136	unclassified	chr22	30942239	30952342	0	10102	+	10170	10035	9962	67	68	73	60	0.99911	0.992725	0.979548	0
PBE62149_skip_2148354d_8ae7e6cc_67.pod5	0fd27eb7-ef45-4081-8ad7-1a952e693a6d	8ae7e6cc2740dd7ae86db58cfad3369101a68ac4	721	3	52272.6	70.8008	52272.9	70.5576	20820	32.4735	unclassified	chr6	69978774	69999606	5	20820	-	20864	20783	20744	32	49	39	60	0.99976	0.998123	0.994248	0
PBE62149_skip_2148354d_8ae7e6cc_67.pod5	2aee2d67-7d57-4837-a6fc-48c2ec49a89e	8ae7e6cc2740dd7ae86db58cfad3369101a68ac4	1853	3	52335.6	7.9412	52335.6	7.9392	3447	24.5348	unclassified	chr10	74747757	74751160	6	3410	-	3409	3398	3394	6	5	4	60	0.987525	0.998823	0.9956	0
PBE62149_skip_2148354d_8ae7e6cc_67.pod5	c441ce8b-7030-4c57-87e9-849849a516d8	8ae7e6cc2740dd7ae86db58cfad3369101a68ac4	586	3	52333.3	15.2	52333.6	14.9688	5726	24.5668	unclassified	chr1	242070450	242076184	5	5726	-	5741	5714	5701	7	20	13	60	0.999127	0.997725	0.993033	0
PBE62149_skip_2148354d_8ae7e6cc_67.pod5	47bfa5cc-aec9-4bb5-849d-2bce846bdd83	8ae7e6cc2740dd7ae86db58cfad3369101a68ac4	986	1	52334.8	13.2852	52334.8	13.2832	5085	29.9456	unclassified	chr9	7099981	7105045	5	5052	-	5066	5045	5037	2	19	8	60	0.992527	0.998414	0.994276	0
PBE62149_skip_2148354d_8ae7e6cc_67.pod5	03af0dd5-3372-45d8-aaef-0ece6d1f8b28	8ae7e6cc2740dd7ae86db58cfad3369101a68ac4	393	4	52325.3	18.0944	52325.5	17.8848	7104	27.4088	unclassified	chr2	238511219	238518310	6	7104	-	7102	7087	7074	11	4	13	60	0.999155	0.998166	0.996057	0
PBE62149_skip_2148354d_8ae7e6cc_67.pod5	a38a871d-7dcd-451d-8ea0-1012d45a9aaf	8ae7e6cc2740dd7ae86db58cfad3369101a68ac4	954	4	52253.9	88.5356	52254	88.41	33010	32.4309	unclassified	chr11	101075076	101108097	7	33010	-	33038	32986	32968	17	35	18	60	0.999788	0.999454	0.997881	0
PBE62149_skip_2148354d_8ae7e6cc_67.pod5	652072f5-3a05-415b-a637-2e685c13046c	8ae7e6cc2740dd7ae86db58cfad3369101a68ac4	403	3	52309.6	16.5404	52309.6	16.5384	6893	15.2854	unclassified	chrY	15815079	15821937	37	6859	-	6918	6762	6673	60	96	89	60	0.9897	0.986838	0.964585	0
PBE62149_skip_2148354d_8ae7e6cc_67.pod5	dbbea299-a207-48d8-a23f-b701099f298e	8ae7e6cc2740dd7ae86db58cfad3369101a68ac4	1497	4	52331.3	16.8584	52332	16.1664	7343	25.0961	unclassified	chr18	48969341	48976693	0	7343	+	7357	7338	7322	5	14	16	60	1	0.99782	0.995243	0
PBE62149_skip_2148354d_8ae7e6cc_67.pod5	9c869062-8978-4378-998d-1a11468e4a0a	8ae7e6cc2740dd7ae86db58cfad3369101a68ac4	1964	4	52275.7	74.8724	52275.9	74.724	29024	17.1542	unclassified	chr1	30722701	30749233	7	29024	-	29210	26339	26063	2678	193	276	60	0.999759	0.989521	0.892263	0
PBE62149_skip_2148354d_8ae7e6cc_67.pod5	e71b972c-54ad-43ef-94e7-182b817ada61	8ae7e6cc2740dd7ae86db58cfad3369101a68ac4	2445	4	52330.3	15.7352	52330.4	15.6168	6574	28.4507	unclassified	chr7	94644900	94651455	8	6574	-	6573	6548	6537	18	7	11	60	0.998783	0.99832	0.994523	0
PBE62149_skip_2148354d_8ae7e6cc_67.pod5	769cf17a-f926-48f5-a34a-4412fafe40c8	8ae7e6cc2740dd7ae86db58cfad3369101a68ac4	1951	3	52341.4	6.8948	52341.5	6.7932	2987	26.4197	unclassified	chr2	142045225	142048214	0	2987	-	2990	2986	2973	1	3	13	60	1	0.995646	0.994314	0
PBE62149_skip_2148354d_8ae7e6cc_67.pod5	670d8a72-e172-4cb4-9276-7841b81711ce	8ae7e6cc2740dd7ae86db58cfad3369101a68ac4	2725	4	52303.6	39.2852	52303.8	39.042	18050	30.5307	unclassified	chr12	29588884	29606924	0	18044	+	18068	18016	17989	28	24	27	60	0.999668	0.998501	0.995628	0
PBE62149_skip_2148354d_8ae7e6cc_67.pod5	4a8bc1d0-aea8-4eec-8bf9-e6d9214590f9	8ae7e6cc2740dd7ae86db58cfad3369101a68ac4	1111	3	52319.5	32.7164	52319.7	32.5908	14230	25.4646	unclassified	chr1	193743037	193757257	8	14230	-	14241	14201	14179	21	19	22	60	0.999438	0.998451	0.995646	0
PBE62149_skip_2148354d_8ae7e6cc_67.pod5	81dc3cd1-1b18-4dd7-b879-ab1ef28886d0	8ae7e6cc2740dd7ae86db58cfad3369101a68ac4	2227	1	52299.8	43.6112	52299.9	43.4904	17879	31.1049	unclassified	chr3	29908946	29926830	0	17879	+	17895	17868	17851	11	16	17	60	1	0.999049	0.997541	0
PBE62149_skip_2148354d_8ae7e6cc_67.pod5	7f5d8d5a-7959-4213-990a-3a27233eea5a	8ae7e6cc2740dd7ae86db58cfad3369101a68ac4	2489	1	52332.5	11	52332.7	10.8696	4078	33.2632	unclassified	chr5	179573076	179577143	0	4073	+	4077	4063	4055	10	4	8	60	0.998774	0.998031	0.994604	0
PBE62149_skip_2148354d_8ae7e6cc_67.pod5	aaa93f95-a969-4209-9100-a3a06606b1d4	8ae7e6cc2740dd7ae86db58cfad3369101a68ac4	601	4	52316.7	29.0528	52316.8	28.944	11584	32.3465	unclassified	chr10	40604055	40617018	6	11584	-	12977	11564	11125	14	1399	439	1	0.999482	0.962037	0.857286	0
PBE62149_skip_2148354d_8ae7e6cc_67.pod5	01a41be9-a8b7-4cef-ab19-adbdbed00a0e	8ae7e6cc2740dd7ae86db58cfad3369101a68ac4	2559	2	52298.8	43.7396	52299	43.5756	18318	26.3089	unclassified	chr14	70286534	70304866	8	18318	-	18362	18280	18233	30	52	47	60	0.999563	0.997429	0.992975	0
PBE62149_skip_2148354d_8ae7e6cc_67.pod5	843bdf02-7a0c-4bc5-acef-42774c48e897	8ae7e6cc2740dd7ae86db58cfad3369101a68ac4	2096	2	52347.7	6.7476	52347.7	6.7456	2987	20.6547	unclassified	chr10	66497513	66500456	6	2941	-	2951	2927	2911	8	16	16	60	0.982591	0.994534	0.986445	0
PBE62149_skip_2148354d_8ae7e6cc_67.pod5	9abef82f-8ca9-4c18-a1e0-e17e9215c1aa	8ae7e6cc2740dd7ae86db58cfad3369101a68ac4	2943	3	52325.8	17.4884	52325.9	17.3676	7004	28.2779	unclassified	chr1	49943227	49950292	0	6998	+	7073	6990	6967	8	75	23	60	0.999143	0.99671	0.985013	0
PBE62149_skip_2148354d_8ae7e6cc_67.pod5	439e9c2b-a340-4889-a01a-d2a494d2d9c8	8ae7e6cc2740dd7ae86db58cfad3369101a68ac4	226	1	52338	10.3436	52338.2	10.2084	4099	25.581	unclassified	chr13	96923786	96927869	0	4090	+	4093	4080	4071	10	3	9	60	0.997804	0.997794	0.994625	0
PBE62149_skip_2148354d_8ae7e6cc_67.pod5	882f5d7a-3392-4cf2-88c6-43540a8bb0f2	8ae7e6cc2740dd7ae86db58cfad3369101a68ac4	2728	1	52342.6	5.8764	52342.6	5.8744	2966	35.9481	unclassified	chrY	26668854	26671758	10	2928	-	2934	2888	2854	30	16	34	60	0.983817	0.988227	0.972733	0
PBE62149_skip_2148354d_8ae7e6cc_67.pod5	ac8746ea-839e-40d5-8306-457a636d5580	8ae7e6cc2740dd7ae86db58cfad3369101a68ac4	354	3	52335.5	8.0252	52335.6	7.9284	3376	39.2975	unclassified	chr4	49709070	49711961	181	3114	+	2969	2855	2457	78	36	398	60	0.86878	0.860595	0.827551	0
PBE62149_skip_2148354d_8ae7e6cc_67.pod5	0b987ae0-cf4a-4221-be8b-fff36567af24	8ae7e6cc2740dd7ae86db58cfad3369101a68ac4	311	3	52328.1	23.2496	52328.3	23.136	9591	23.0467	unclassified	chr3	188542043	188551642	8	9591	-	9616	9566	9510	17	33	56	60	0.999166	0.994146	0.988977	0
PBE62149_skip_2148354d_8ae7e6cc_67.pod5	7cf194c8-8750-46cc-ba2d-3f554cd3150d	8ae7e6cc2740dd7ae86db58cfad3369101a68ac4	29	3	52349.7	3.186	52349.7	3.184	1472	16.0695	unclassified	chr17	6320961	6322404	31	1469	+	1455	1426	1408	12	17	18	60	0.976902	0.987377	0.967698	0
PBE62149_skip_2148354d_8ae7e6cc_67.pod5	37d8287a-ca5c-4dd2-9dcd-c763a4783790	8ae7e6cc2740dd7ae86db58cfad3369101a68ac4	1286	1	52329	23.5388	52329.1	23.4372	9131	32.2976	unclassified	chr5	11266138	11275260	11	9131	-	9125	9117	9116	3	5	1	60	0.998795	0.99989	0.999014	0
PBE62149_skip_2148354d_8ae7e6cc_67.pod5	fd9ed430-e930-49df-b296-d2412af1df7e	8ae7e6cc2740dd7ae86db58cfad3369101a68ac4	737	2	52340	14.198	52340.2	14.0916	5648	12.0706	unclassified	chr10	58718010	58723704	5	5648	-	5807	5530	5321	113	164	209	60	0.999115	0.962206	0.916308	0
PBE62149_skip_2148354d_8ae7e6cc_67.pod5	72ec3677-8ebc-4139-9991-4cb52f4ed0e5	8ae7e6cc2740dd7ae86db58cfad3369101a68ac4	324	4	52320.3	23.3924	52320.4	23.2896	9188	20.9244	unclassified	chr16	20852730	20861920	0	9182	+	9209	9163	9111	19	27	52	60	0.999347	0.994325	0.989358	0
PBE62149_skip_2148354d_8ae7e6cc_67.pod5	02ebda00-ccc5-4544-8a68-5a4dcae71c2e	8ae7e6cc2740dd7ae86db58cfad3369101a68ac4	276	1	52279.2	66.3776	52279.3	66.2328	24026	28.3318	unclassified	chr16	68782959	68806999	0	24019	+	24060	23999	23976	20	41	23	60	0.999709	0.999042	0.996509	0
PBE62149_skip_2148354d_8ae7e6cc_67.pod5	174bb9e0-6b99-48ac-87a7-f7d6e8da17b5	8ae7e6cc2740dd7ae86db58cfad3369101a68ac4	2721	4	52339.4	8.993	52339.4	8.991	3174	24.5901	unclassified	chr6	166828497	166831601	5	3099	-	3104	3094	3090	0	10	4	60	0.974795	0.998707	0.99549	0
PBE62149_skip_2148354d_8ae7e6cc_67.pod5	a88a878b-2bf9-4c1d-803b-6a887e658b50	8ae7e6cc2740dd7ae86db58cfad3369101a68ac4	601	4	52345.8	7.1876	52345.9	7.0596	2844	30.7366	unclassified	chr8	58307113	58309951	6	2844	-	2839	2837	2830	1	1	7	60	0.99789	0.997533	0.99683	0
PBE62149_skip_2148354d_8ae7e6cc_67.pod5	d37c3d2f-ce45-4c74-a77b-4efdde271489	8ae7e6cc2740dd7ae86db58cfad3369101a68ac4	1454	1	52336	16.5128	52336.1	16.4064	6822	25.1948	unclassified	chr4	28443728	28450545	0	6816	+	6828	6805	6791	11	12	14	60	0.99912	0.997943	0.994581	0
PBE62149_skip_2148354d_8ae7e6cc_67.pod5	09b2e16b-18ec-40e8-b67d-981700cb49b9	8ae7e6cc2740dd7ae86db58cfad3369101a68ac4	947	1	52318.2	32.922	52318.3	32.8344	15869	24.8409	unclassified	chr6	23584033	23599887	10	15869	-	15881	15832	15793	27	22	39	60	0.99937	0.997537	0.994459	0
PBE62149_skip_2148354d_8ae7e6cc_67.pod5	a34409d5-f699-41e6-8c7c-7e6b62c5183c	8ae7e6cc2740dd7ae86db58cfad3369101a68ac4	295	3	52294.3	53.552	52294.4	53.4432	22787	27.9228	unclassified	chr3	9292883	9314958	0	22783	+	22809	22049	22024	734	26	25	60	0.999824	0.998866	0.965584	0
PBE62149_skip_2148354d_8ae7e6cc_67.pod5	6a1682a5-1f3f-4a06-a2eb-95ac732b7ef4	8ae7e6cc2740dd7ae86db58cfad3369101a68ac4	448	1	52331.2	12.8242	52331.2	12.8222	5048	11.9406	unclassified	chr3	162241855	162246912	11	5005	-	5141	4910	4737	84	147	173	60	0.989303	0.964766	0.921416	0
PBE62149_skip_2148354d_8ae7e6cc_67.pod5	3b642899-c8ed-4b37-af06-4ed2d8006d0d	8ae7e6cc2740dd7ae86db58cfad3369101a68ac4	1275	3	52330.9	12.5708	52331.1	12.3852	4834	28.9378	unclassified	chr2	183555905	183560735	0	4826	+	4834	4822	4819	4	8	3	60	0.998345	0.999378	0.996897	0
PBE62149_skip_2148354d_8ae7e6cc_67.pod5	5edc9b2c-60df-435d-8c65-c6ceabee15a6	8ae7e6cc2740dd7ae86db58cfad3369101a68ac4	2525	3	52330.6	17.2604	52330.7	17.1348	8286	24.1567	unclassified	chr20	37986390	37994664	0	8280	+	8296	8258	8247	22	16	11	60	0.999276	0.998668	0.994094	0
PBE62149_skip_2148354d_8ae7e6cc_67.pod5	3e577fb3-1196-4497-8fea-563ec3977e0b	8ae7e6cc2740dd7ae86db58cfad3369101a68ac4	1479	4	52334.9	8.7986	52334.9	8.7966	3701	23.3351	unclassified	chr22	36949525	36953190	6	3667	-	3671	3655	3645	6	10	10	60	0.989192	0.997264	0.992917	0
PBE62149_skip_2148354d_8ae7e6cc_67.pod5	086c4d2d-be9a-42eb-8ebd-5c426c6341e9	8ae7e6cc2740dd7ae86db58cfad3369101a68ac4	1365	3	52342.6	8.582	52342.7	8.4612	2286	25.4553	unclassified	chr18	72765936	72768220	4	2286	-	2287	2279	2264	3	5	15	60	0.99825	0.993418	0.989943	0
PBE62149_skip_2148354d_8ae7e6cc_67.pod5	9281b982-f277-43d1-bf19-5f12ed16acc8	8ae7e6cc2740dd7ae86db58cfad3369101a68ac4	2090	3	52327.2	27.1918	52327.2	27.1898	10278	25.9866	unclassified	chr8	71106167	71116431	7	10248	-	10276	10229	10204	12	35	25	60	0.9964	0.997556	0.992993	0
PBE62149_skip_2148354d_8ae7e6cc_67.pod5	f6bdd0e3-7178-43cd-838b-1170ba3490b6	8ae7e6cc2740dd7ae86db58cfad3369101a68ac4	2177	2	52330.1	18.5684	52330.3	18.4308	6835	29.5709	unclassified	chr19	17704550	17711331	0	6828	+	6837	6772	6770	56	9	2	60	0.998976	0.999705	0.9902	0
PBE62149_skip_2148354d_8ae7e6cc_67.pod5	75126212-1f9d-4cc3-a3c4-91540a3d1360	8ae7e6cc2740dd7ae86db58cfad3369101a68ac4	947	1	52283.9	34.3068	52284	34.2288	15870	25.7421	unclassified	chr6	23584033	23599889	0	15859	+	15878	15837	15820	22	19	17	60	0.999307	0.998927	0.996347	0
PBE62149_skip_2148354d_8ae7e6cc_67.pod5	b3c02391-3c67-42f8-b91e-062546bdef99	8ae7e6cc2740dd7ae86db58cfad3369101a68ac4	2601	4	52332.8	15.5228	52332.9	15.426	5614	31.2096	unclassified	chr9	63817595	63823124	0	5594	+	5698	5425	5115	169	104	310	9	0.996437	0.942857	0.897683	0
PBE62149_skip_2148354d_8ae7e6cc_67.pod5	3b40376a-96a4-440b-8752-f588091d98c1	8ae7e6cc2740dd7ae86db58cfad3369101a68ac4	2096	2	52342.1	5.4428	52342.2	5.3484	2409	27.4182	unclassified	chr12	133071242	133073653	0	2404	+	2413	2402	2398	2	9	4	60	0.997924	0.998335	0.993784	0
PBE62149_skip_2148354d_8ae7e6cc_67.pod5	c3c05b3b-0406-4712-b59d-000657fd766d	8ae7e6cc2740dd7ae86db58cfad3369101a68ac4	1033	4	52323.1	27.9824	52323.3	27.8496	11718	27.7002	unclassified	chr6	26941486	26953185	0	11711	+	11724	11686	11665	25	13	21	60	0.999403	0.998203	0.994968	0
PBE62149_skip_2148354d_8ae7e6cc_67.pod5	ef72fe05-2739-42aa-a0be-f484fc3020c6	8ae7e6cc2740dd7ae86db58cfad3369101a68ac4	633	4	52337	9.3692	52337.1	9.2724	3707	22.8961	unclassified	chr12	33037495	33041206	0	3701	+	3714	3698	3678	3	13	20	60	0.998381	0.994592	0.990307	0
PBE62149_skip_2148354d_8ae7e6cc_67.pod5	d60f97fc-044d-4654-bfec-4a95de467394	8ae7e6cc2740dd7ae86db58cfad3369101a68ac4	2961	4	52330	22.628	52330.1	22.4952	6119	30.7593	unclassified	chr7	62858107	62864219	9	6119	-	6112	6110	6106	0	2	4	60	0.998529	0.999345	0.999018	0
PBE62149_skip_2148354d_8ae7e6cc_67.pod5	9b51b78e-e125-47d0-9c83-c060a3407abc	8ae7e6cc2740dd7ae86db58cfad3369101a68ac4	1588	3	52323.8	22.2392	52323.8	22.2372	8856	24.8172	unclassified	chr18	61111114	61119963	8	8823	-	8857	8807	8781	8	42	26	60	0.99537	0.997048	0.991419	0
PBE62149_skip_2148354d_8ae7e6cc_67.pod5	40ba95ec-0311-4584-93d1-d44bc536baff	8ae7e6cc2740dd7ae86db58cfad3369101a68ac4	1160	3	52341.1	7.5166	52341.1	7.5146	3148	29.4855	unclassified	chr1	205617631	205620735	6	3112	-	3107	3103	3097	3	1	6	60	0.986658	0.998066	0.996781	0
PBE62149_skip_2148354d_8ae7e6cc_67.pod5	9b417db2-40b5-455c-a880-bc65ceeeb010	8ae7e6cc2740dd7ae86db58cfad3369101a68ac4	1163	2	52342	9.4252	52342	9.4232	2328	4.83792	unclassified	*	-1	-1	-1	-1	*	0	0	0	0	0	0	0	0	0	0	0
PBE62149_skip_2148354d_8ae7e6cc_67.pod5	bb6f2a9c-b94e-4b1b-beff-d252aaa2b6c0	8ae7e6cc2740dd7ae86db58cfad3369101a68ac4	1664	4	52340.3	8.096	52340.3	8.094	3027	9.95059	unclassified	chr11	95185724	95188749	20	2995	-	3111	2889	2716	86	136	173	60	0.982821	0.940118	0.873031	0
PBE62149_skip_2148354d_8ae7e6cc_67.pod5	ec7b3f41-3535-42e2-8328-24350873a991	8ae7e6cc2740dd7ae86db58cfad3369101a68ac4	1413	1	52329.3	25.0292	52329.4	24.9228	10286	14.519	unclassified	chr4	154191793	154202137	8	10285	-	10500	10121	9893	156	223	228	60	0.999125	0.977473	0.94219	0
PBE62149_skip_2148354d_8ae7e6cc_67.pod5	b92b1d67-e3f2-42e9-91af-0f0dfb8fd380	8ae7e6cc2740dd7ae86db58cfad3369101a68ac4	880	3	52342.3	6.5228	52342.6	6.2916	2394	27.4222	unclassified	chr19	11041250	11043638	0	2389	+	2390	2387	2383	2	1	4	60	0.997911	0.998324	0.997071	0
PBE62149_skip_2148354d_8ae7e6cc_67.pod5	532486bd-101c-4517-97e7-f078a6edafdc	8ae7e6cc2740dd7ae86db58cfad3369101a68ac4	2161	4	52243	107.324	52243.1	107.216	43398	29.1688	unclassified	chr7	125544317	125587687	10	43398	-	43463	43295	43217	93	75	78	60	0.99977	0.998198	0.99434	0
PBE62149_skip_2148354d_8ae7e6cc_67.pod5	b09b0054-7ccb-4f4c-bbf8-18ccfcdd0649	8ae7e6cc2740dd7ae86db58cfad3369101a68ac4	2486	4	52308.4	35.3372	52308.6	35.2308	15990	25.6446	unclassified	chr4	62422695	62438709	0	15990	-	16030	15974	15957	16	40	17	60	1	0.998936	0.995446	0
PBE62149_skip_2148354d_8ae7e6cc_67.pod5	10ffbd52-e36b-4c4a-897c-8ca8243b63ee	8ae7e6cc2740dd7ae86db58cfad3369101a68ac4	1643	4	52334.2	18.2972	52334.3	18.198	6778	34.7151	unclassified	chr5	49622859	49628165	8	5641	-	5652	5287	4972	346	19	315	7	0.831071	0.94042	0.879689	0
PBE62149_skip_2148354d_8ae7e6cc_67.pod5	48d06fd4-84e0-4314-b973-b41321b9812d	8ae7e6cc2740dd7ae86db58cfad3369101a68ac4	2484	4	52345.5	6.9048	52345.5	6.9028	2641	36.0709	unclassified	chr4	64859155	64861763	28	2636	+	2608	2608	2607	0	0	1	40	0.987505	0.999617	0.999617	0
PBE62149_skip_2148354d_8ae7e6cc_67.pod5	cae57994-ef02-49cc-a2a3-e23fa2c07954	8ae7e6cc2740dd7ae86db58cfad3369101a68ac4	2360	3	52343.8	9.0968	52343.8	9.0048	4237	24.7116	unclassified	chr5	101602208	101606441	0	4230	+	4237	4226	4217	4	7	9	60	0.998348	0.99787	0.99528	0
PBE62149_skip_2148354d_8ae7e6cc_67.pod5	8c2dbb13-c1b8-4e44-97c1-bb5928709a54	8ae7e6cc2740dd7ae86db58cfad3369101a68ac4	1732	2	52339.2	13.4156	52339.3	13.314	5450	11.97	unclassified	chr1	59983613	59989126	13	5436	-	5592	5344	5159	79	169	185	60	0.995046	0.965382	0.922568	0
PBE62149_skip_2148354d_8ae7e6cc_67.pod5	1b3c644d-b032-436c-b812-d693d9151c83	8ae7e6cc2740dd7ae86db58cfad3369101a68ac4	1225	1	52331.6	15.2312	52331.7	15.0744	6225	25.0681	unclassified	chr1	97566380	97572604	0	6220	+	6233	6211	6198	9	13	13	60	0.999197	0.997907	0.994385	0
PBE62149_skip_2148354d_8ae7e6cc_67.pod5	8ebb90d5-57c0-4ec2-9ec4-2eb8795a6f27	8ae7e6cc2740dd7ae86db58cfad3369101a68ac4	1905	3	52345.7	3.1604	52345.8	3.0324	1167	24.8633	unclassified	chr2	169167899	169169036	0	1167	-	1167	1137	1133	30	0	4	60	1	0.996482	0.970865	0
PBE62149_skip_2148354d_8ae7e6cc_67.pod5	20b8a9c4-651c-48d2-8be4-2017b85f3dd4	8ae7e6cc2740dd7ae86db58cfad3369101a68ac4	691	1	52341.6	11.2052	52341.6	11.2032	4122	12.9142	unclassified	chr13	49911205	49915316	4	4091	-	4182	4016	3882	71	95	134	60	0.991509	0.966633	0.928264	0
PBE62149_skip_2148354d_8ae7e6cc_67.pod5	7936ae83-2471-4113-9160-410033260650	8ae7e6cc2740dd7ae86db58cfad3369101a68ac4	1603	4	52338.4	14.4788	52338.5	14.3316	5604	32.7484	unclassified	chr11	71543689	71549277	9	5604	-	5595	5588	5579	7	0	9	60	0.998394	0.998389	0.99714	0
PBE62149_skip_2148354d_8ae7e6cc_67.pod5	034c485f-71ba-4a93-9bdc-ae6cb334de82	8ae7e6cc2740dd7ae86db58cfad3369101a68ac4	2366	2	52323.9	28.7852	52324.3	28.4604	7899	33.6213	unclassified	chr5	105546567	105554454	0	7893	+	7895	7885	7878	8	2	7	60	0.99924	0.999112	0.997847	0
PBE62149_skip_2148354d_8ae7e6cc_67.pod5	09e6cb96-9cee-43c1-9d93-62d5a32a6a81	8ae7e6cc2740dd7ae86db58cfad3369101a68ac4	2801	3	52330.3	22.6052	52330.4	22.6032	6566	12.9985	unclassified	chr8	118602532	118609137	30	6566	+	6690	6451	6280	85	154	171	60	0.995431	0.973493	0.938715	0
PBE62149_skip_2148354d_8ae7e6cc_67.pod5	5ad62bc7-20d3-41eb-a543-8206ad8d44e3	8ae7e6cc2740dd7ae86db58cfad3369101a68ac4	400	4	52338	14.9624	52338.1	14.8464	6070	25.2988	unclassified	chr15	68898838	68904891	0	6064	+	6068	6049	6039	15	4	10	60	0.999012	0.998347	0.995221	0
PBE62149_skip_2148354d_8ae7e6cc_67.pod5	e24f3c58-150a-4134-8b6a-011393c51a6c	8ae7e6cc2740dd7ae86db58cfad3369101a68ac4	2076	1	52335.6	9.854	52335.8	9.7392	3886	31.8795	unclassified	chr10	105411486	105415361	9	3885	-	3876	3875	3875	1	0	0	60	0.997427	1	0.999742	0
PBE62149_skip_2148354d_8ae7e6cc_67.pod5	5a6406e7-d5fd-4936-bea0-5eab4148d0cc	8ae7e6cc2740dd7ae86db58cfad3369101a68ac4	1812	3	52316.9	26.2796	52317	26.154	8330	31.7389	unclassified	chr12	86259912	86260831	7410	8330	-	920	919	917	1	0	2	60	0.110444	0.997824	0.996739	0
PBE62149_skip_2148354d_8ae7e6cc_67.pod5	d47ad126-789d-4b8c-9732-968ec982fb3e	8ae7e6cc2740dd7ae86db58cfad3369101a68ac4	226	1	52348.5	3.248	52348.7	3.0456	515	17.708	unclassified	chr6	24248107	24248624	0	515	-	518	514	506	1	3	8	60	1	0.984436	0.976834	0
PBE62149_skip_2148354d_8ae7e6cc_67.pod5	8ba8e0bd-adf7-4f0e-9a66-9c1e6e59fb26	8ae7e6cc2740dd7ae86db58cfad3369101a68ac4	411	4	52340.8	9.2636	52340.9	9.1548	3939	26.8065	unclassified	chr6	61406033	61409964	0	3930	+	3933	3928	3916	2	3	12	60	0.997715	0.996945	0.995678	0
PBE62149_skip_2148354d_8ae7e6cc_67.pod5	36a8d648-fe34-4c6c-a32b-2b478f3bf7ff	8ae7e6cc2740dd7ae86db58cfad3369101a68ac4	2964	3	52328.5	16.106	52328.6	15.9852	6376	31.0424	unclassified	chr17	58693041	58699411	6	6376	-	6375	6365	6361	5	5	4	60	0.999059	0.999372	0.997804	0
PBE62149_skip_2148354d_8ae7e6cc_67.pod5	de306d95-0c87-4073-93da-15b57c5266e8	8ae7e6cc2740dd7ae86db58cfad3369101a68ac4	1729	1	52343.2	7.1708	52343.4	7.05	2974	44.5784	unclassified	chr2	18163458	18166426	6	2974	-	2968	2968	2968	0	0	0	60	0.997983	1	1	0
PBE62149_skip_2148354d_8ae7e6cc_67.pod5	fea85a75-1b5e-4824-89a7-848281a0cc11	8ae7e6cc2740dd7ae86db58cfad3369101a68ac4	708	4	52318.9	24.11	52319	24.0084	8889	35.8719	unclassified	chr5	37300763	37309644	0	8883	+	8888	8876	8876	7	5	0	60	0.999325	1	0.99865	0
PBE62149_skip_2148354d_8ae7e6cc_67.pod5	07badac4-e3f6-4caa-a9e4-58b991529e64	8ae7e6cc2740dd7ae86db58cfad3369101a68ac4	478	4	52338.8	11.1308	52338.9	11.046	4813	25.6112	unclassified	chr8	69630790	69635602	0	4806	+	4815	4803	4789	3	9	14	60	0.998546	0.997085	0.9946	0
PBE62149_skip_2148354d_8ae7e6cc_67.pod5	f81bd06f-dbb2-4b30-b4fe-6dab720b533f	8ae7e6cc2740dd7ae86db58cfad3369101a68ac4	1164	2	52333	18.7636	52333	18.7616	6631	25.1449	unclassified	chr2	209777328	209783904	42	6623	+	6588	6569	6558	12	7	11	60	0.99246	0.998325	0.995446	0
PBE62149_skip_2148354d_8ae7e6cc_67.pod5	accf3e63-d1ed-4ed7-b090-ae76cc5d95f8	8ae7e6cc2740dd7ae86db58cfad3369101a68ac4	987	3	52311.4	38.6588	52311.6	38.4564	15813	26.9406	unclassified	chr5	113595441	113604335	7	8902	-	8905	8884	8878	11	10	6	60	0.562512	0.999325	0.996968	0
PBE62149_skip_2148354d_8ae7e6cc_67.pod5	a4b376fd-1d80-494f-82d6-3863751e9d2b	8ae7e6cc2740dd7ae86db58cfad3369101a68ac4	1715	2	52325.1	23.5542	52325.1	23.5522	7610	10.1168	unclassified	chr9	67581767	67589485	36	7602	+	7931	7353	6935	213	365	418	1	0.994218	0.943152	0.874417	0
PBE62149_skip_2148354d_8ae7e6cc_67.pod5	015ba3bf-331a-401d-ae89-efb5e53c7446	8ae7e6cc2740dd7ae86db58cfad3369101a68ac4	958	2	52310.2	34.9652	52310.3	34.8708	13798	22.0179	unclassified	chr2	152934321	152948141	5	13798	-	13852	13761	13698	32	59	63	60	0.999638	0.995422	0.988882	0
PBE62149_skip_2148354d_8ae7e6cc_67.pod5	0f983a17-b7b0-4def-a9ab-642c9bf3c2bd	8ae7e6cc2740dd7ae86db58cfad3369101a68ac4	1899	3	52293.7	50.8496	52293.8	50.7504	20111	30.2191	unclassified	chr3	42354445	42374548	8	20111	-	20117	20089	20063	14	14	26	60	0.999602	0.998706	0.997316	0
PBE62149_skip_2148354d_8ae7e6cc_67.pod5	b2ccbdd8-0936-46e2-9710-54b07f070db2	8ae7e6cc2740dd7ae86db58cfad3369101a68ac4	2986	3	52315	30.5574	52315	30.5554	11860	24.0485	unclassified	chr12	132035403	132047225	35	11854	+	11851	11790	11774	29	32	16	60	0.996543	0.998643	0.993503	0
PBE62149_skip_2148354d_8ae7e6cc_67.pod5	c4959634-4ea4-4e02-b086-9c2d9614103f	8ae7e6cc2740dd7ae86db58cfad3369101a68ac4	1457	4	52317.3	35.6312	52317.4	35.5248	13028	29.6342	unclassified	chr3	48442933	48455973	5	13028	-	13054	13009	12983	14	31	26	60	0.999616	0.998001	0.994561	0
PBE62149_skip_2148354d_8ae7e6cc_67.pod5	687a7351-7ad4-4112-b96c-005bd7652b4a	8ae7e6cc2740dd7ae86db58cfad3369101a68ac4	2985	2	52237.5	112.024	52237.5	112.022	42289	28.7611	unclassified	chr4	97606092	97648375	7	42260	-	42307	42229	42209	24	54	20	60	0.999149	0.999526	0.997684	0
PBE62149_skip_2148354d_8ae7e6cc_67.pod5	042eef16-6cd0-4d25-8b30-78cf88d7c0fa	8ae7e6cc2740dd7ae86db58cfad3369101a68ac4	942	1	52345.4	7.8932	52345.5	7.734	3175	31.8171	unclassified	chr6	158132091	158135262	5	3175	-	3173	3168	3161	2	3	7	60	0.998425	0.99779	0.996218	0
PBE62149_skip_2148354d_8ae7e6cc_67.pod5	d105ba9e-374a-4a29-a7d3-6bf77ea3a4d4	8ae7e6cc2740dd7ae86db58cfad3369101a68ac4	1385	3	52341	9.5792	52341.2	9.4176	3927	28.41	unclassified	chr3	160414224	160418137	9	3927	-	3918	3913	3910	5	0	3	60	0.997708	0.999233	0.997958	0
PBE62149_skip_2148354d_8ae7e6cc_67.pod5	87afe228-fe8a-4e3f-942e-b11b26026602	8ae7e6cc2740dd7ae86db58cfad3369101a68ac4	2277	4	52326.2	18.8924	52326.4	18.774	8838	23.4547	unclassified	chr1	182684038	182692856	9	8838	-	8859	8788	8767	41	30	21	60	0.998982	0.99761	0.989615	0
PBE62149_skip_2148354d_8ae7e6cc_67.pod5	01617466-6da3-488d-9597-f4c18de27617	8ae7e6cc2740dd7ae86db58cfad3369101a68ac4	227	1	52335	15.5808	52335	15.5788	6279	12.7004	unclassified	chr4	114307254	114313541	34	6267	+	6432	6088	5889	145	199	199	60	0.992674	0.967313	0.915578	0
PBE62149_skip_2148354d_8ae7e6cc_67.pod5	72613c3f-8a1b-4669-856b-bfa21cbbb4d2	8ae7e6cc2740dd7ae86db58cfad3369101a68ac4	1675	2	52344.3	8.3408	52344.5	8.2104	3749	30.5336	unclassified	chr11	60544823	60548571	0	3739	+	3749	3738	3732	1	10	6	60	0.997333	0.998395	0.995465	0
PBE62149_skip_2148354d_8ae7e6cc_67.pod5	79bd5c50-9504-4d1e-b5b5-56ee92d025c6	8ae7e6cc2740dd7ae86db58cfad3369101a68ac4	825	2	52348.8	4.119	52348.8	4.117	1672	14.1111	unclassified	chr9	18615656	18617187	0	1519	-	1536	1514	1490	5	17	24	60	0.908493	0.984148	0.970052	0
PBE62149_skip_2148354d_8ae7e6cc_67.pod5	75dc383b-ef56-4f5c-921a-1286c034e24c	8ae7e6cc2740dd7ae86db58cfad3369101a68ac4	2083	3	52337.1	9.1964	52337.2	9.0588	3378	12.5039	unclassified	chr8	24803958	24807304	15	3375	-	3438	3268	3182	92	78	86	60	0.994671	0.973684	0.925538	0
PBE62149_skip_2148354d_8ae7e6cc_67.pod5	9a0cd70e-833e-46a0-a9b5-6f37ccdb2402	8ae7e6cc2740dd7ae86db58cfad3369101a68ac4	27	4	52300.8	42.4832	52301	42.3192	16095	26.8271	unclassified	chr20	60454766	60470836	5	16095	-	16104	16056	16032	34	14	24	60	0.999689	0.998505	0.995529	0
PBE62149_skip_2148354d_8ae7e6cc_67.pod5	833e893f-b9a6-4b25-ae56-de514a6bbc42	8ae7e6cc2740dd7ae86db58cfad3369101a68ac4	862	3	52323.3	27.1366	52323.3	27.1346	11076	20.7677	unclassified	chr13	20145217	20156205	36	11017	+	11021	10948	10902	33	40	46	60	0.991423	0.995798	0.989202	0
PBE62149_skip_2148354d_8ae7e6cc_67.pod5	24768ece-2a57-449b-9bd9-c7ad04182e9f	8ae7e6cc2740dd7ae86db58cfad3369101a68ac4	576	2	52339.2	12.3428	52339.3	12.2268	4751	23.4482	unclassified	chr20	13256272	13261022	0	4742	+	4757	4735	4723	7	15	12	60	0.998106	0.997466	0.992853	0
PBE62149_skip_2148354d_8ae7e6cc_67.pod5	115ad6d4-e524-4e70-bf7e-86be2ded9d12	8ae7e6cc2740dd7ae86db58cfad3369101a68ac4	1334	1	52323.8	26.2748	52323.9	26.1348	11335	27.7902	unclassified	chr2	134135636	134146953	6	11335	-	11341	11305	11295	24	12	10	60	0.999471	0.999115	0.995944	0
PBE62149_skip_2148354d_8ae7e6cc_67.pod5	40a7e30c-1ad2-42e2-8bfa-809c35a06917	8ae7e6cc2740dd7ae86db58cfad3369101a68ac4	2061	2	52320.4	29.71	52320.4	29.708	10953	30.5376	unclassified	chr5	69320941	69331873	32	10948	+	10935	10913	10889	3	19	24	60	0.996622	0.997801	0.995793	0
PBE62149_skip_2148354d_8ae7e6cc_67.pod5	3ff21a52-548c-451f-8278-82d2f1f1dead	8ae7e6cc2740dd7ae86db58cfad3369101a68ac4	1180	4	52312.8	37.9164	52312.8	37.9144	15694	10.8304	unclassified	chr8	112198531	112214693	36	15686	+	16542	15270	14594	380	892	676	60	0.997196	0.95573	0.882239	0
PBE62149_skip_2148354d_8ae7e6cc_67.pod5	f113be92-e131-4bbb-8bdc-3d5e00da37a1	8ae7e6cc2740dd7ae86db58cfad3369101a68ac4	1717	3	52332.9	18.5936	52333	18.4728	7306	31.9965	unclassified	chr6	77175445	77182743	0	7300	+	7302	7296	7286	4	2	10	60	0.999179	0.998629	0.997809	0
PBE62149_skip_2148354d_8ae7e6cc_67.pod5	5564beda-e582-4e4c-9ebe-02f5288d9bcd	8ae7e6cc2740dd7ae86db58cfad3369101a68ac4	189	3	52341.5	10.1024	52341.7	9.9792	3650	14.5734	unclassified	chr2	192637772	192641416	11	3650	-	3689	3594	3536	45	50	58	60	0.996986	0.983862	0.958525	0
PBE62149_skip_2148354d_8ae7e6cc_67.pod5	5d08eef8-fa12-490f-9aa4-27286da13a04	8ae7e6cc2740dd7ae86db58cfad3369101a68ac4	2776	2	52312.9	31.9004	52313.1	31.7676	10002	30.324	unclassified	chr14	64623346	64633361	0	10002	+	10018	9999	9997	3	16	2	60	1	0.9998	0.997904	0
PBE62149_skip_2148354d_8ae7e6cc_67.pod5	586e9ccf-db2c-435f-a2ad-4fca215ee84f	8ae7e6cc2740dd7ae86db58cfad3369101a68ac4	2922	3	52326.8	23.4766	52326.8	23.4746	10454	10.5725	unclassified	chr4	98938881	98949432	65	10425	-	10779	10132	9641	228	419	491	60	0.991008	0.95154	0.894424	0
PBE62149_skip_2148354d_8ae7e6cc_67.pod5	69088851-9a5f-405e-a7ce-6fc5d2b32562	8ae7e6cc2740dd7ae86db58cfad3369101a68ac4	1862	4	52326.1	20.084	52326.3	19.908	8647	19.5075	unclassified	chr14	105719230	105727882	4	8647	-	8686	8609	8539	34	43	70	60	0.999537	0.991869	0.983076	0
PBE62149_skip_2148354d_8ae7e6cc_67.pod5	1ed844b2-d495-4570-8a70-4799a61414ef	8ae7e6cc2740dd7ae86db58cfad3369101a68ac4	1604	4	52306	42.68	52306.2	42.4752	14927	15.4554	unclassified	chr7	104996601	105011658	13	14927	-	15153	14818	14567	96	239	251	60	0.999129	0.983061	0.961328	0
PBE62149_skip_2148354d_8ae7e6cc_67.pod5	4f36f148-ccb8-459d-868b-8b8f8cbc649a	8ae7e6cc2740dd7ae86db58cfad3369101a68ac4	1369	4	52345.6	7.7214	52345.6	7.7194	3080	10.7551	unclassified	chr4	106159823	106162897	36	3072	+	3164	2946	2813	90	128	133	60	0.985714	0.954854	0.889064	0
PBE62149_skip_2148354d_8ae7e6cc_67.pod5	73c1a877-ff1a-47ac-8b85-94d068c8d4ab	8ae7e6cc2740dd7ae86db58cfad3369101a68ac4	1068	1	52301.4	47.054	52301.6	46.8588	16042	30.4296	unclassified	chr12	127221768	127237369	0	16035	+	16062	15574	15542	461	27	32	60	0.999564	0.997945	0.967625	0
PBE62149_skip_2148354d_8ae7e6cc_67.pod5	2f846f6d-1451-408e-a892-91c8422c4369	8ae7e6cc2740dd7ae86db58cfad3369101a68ac4	2656	4	52316.8	31.3314	52316.8	31.3294	13932	13.9355	unclassified	chr22	20117287	20131217	18	13895	-	14132	13675	13408	202	255	267	60	0.996052	0.980475	0.948769	0
PBE62149_skip_2148354d_8ae7e6cc_67.pod5	d0f77d3a-fd3b-4a6e-a288-a650a44ee8e3	8ae7e6cc2740dd7ae86db58cfad3369101a68ac4	1378	4	52321.4	28.9532	52321.5	28.83	13419	27.0733	unclassified	chr11	48681708	48696165	4	13419	-	14464	13408	13338	7	1049	70	60	0.999702	0.994779	0.922152	0
PBE62149_skip_2148354d_8ae7e6cc_67.pod5	8192fe8e-f21a-4a80-86b9-0f366f6611b7	8ae7e6cc2740dd7ae86db58cfad3369101a68ac4	318	2	52310.7	35.6288	52310.8	35.5416	16233	23.6713	unclassified	chr11	36080054	36096290	7	16233	-	16260	16202	16155	24	34	47	60	0.999569	0.997099	0.993542	0
PBE62149_skip_2148354d_8ae7e6cc_67.pod5	ee2566fc-b0eb-40fd-ad18-c0e6820c9cac	8ae7e6cc2740dd7ae86db58cfad3369101a68ac4	1651	4	52329	23.8574	52329	23.8554	8421	30.9158	unclassified	chr16	62450642	62459014	6	8379	-	8383	8362	8359	11	10	3	60	0.9943	0.999641	0.997137	0
PBE62149_skip_2148354d_8ae7e6cc_67.pod5	ac08a575-7c36-4d16-844b-c786de9ab6e5	8ae7e6cc2740dd7ae86db58cfad3369101a68ac4	2014	4	52298.4	49.6136	52298.5	49.4808	24000	22.2124	unclassified	chr4	32028058	32052095	6	24000	-	24091	23940	23865	54	97	75	60	0.99975	0.996867	0.990619	0
PBE62149_skip_2148354d_8ae7e6cc_67.pod5	37b3d3a3-708f-4f4e-a3be-7f9f5cc0d81e	8ae7e6cc2740dd7ae86db58cfad3369101a68ac4	1605	4	52287.1	63.3688	52287.1	63.3668	27055	28.5869	unclassified	chr2	232357025	232384085	29	27051	+	27076	27006	26965	16	54	41	60	0.99878	0.998482	0.9959	0
PBE62149_skip_2148354d_8ae7e6cc_67.pod5	2d02a109-0844-49de-a34b-00b9a0da8fbc	8ae7e6cc2740dd7ae86db58cfad3369101a68ac4	694	2	52289.5	63.1074	52289.5	63.1054	23844	18.0504	unclassified	chr5	91796173	91820008	7	23807	-	23988	23647	23327	153	188	320	60	0.998155	0.986468	0.972445	0
PBE62149_skip_2148354d_8ae7e6cc_67.pod5	6fc4ceb3-8075-449d-8a9a-f2c99b49da2e	8ae7e6cc2740dd7ae86db58cfad3369101a68ac4	1778	1	52341.8	11.4788	52341.9	11.382	4549	22.1585	unclassified	chr4	58386890	58391425	0	4541	+	4545	4531	4522	10	4	9	60	0.998241	0.998014	0.99494	0
PBE62149_skip_2148354d_8ae7e6cc_67.pod5	3a008996-a009-43fa-af3f-25d7b4789c7a	8ae7e6cc2740dd7ae86db58cfad3369101a68ac4	268	1	52331.3	14.6658	52331.3	14.6638	5887	12.0279	unclassified	chr2	41475379	41481263	0	5812	-	5962	5734	5525	78	150	209	60	0.98726	0.963551	0.926702	0
PBE62149_skip_2148354d_8ae7e6cc_67.pod5	c322bdf7-1735-4505-888b-467a916de4f4	8ae7e6cc2740dd7ae86db58cfad3369101a68ac4	160	2	52281.8	64.0478	52281.8	64.0458	19660	6.09543	unclassified	chr1	8019387	8029246	10113	19575	-	10466	8855	7701	607	1004	1154	60	0.481282	0.869678	0.735811	0
PBE62149_skip_2148354d_8ae7e6cc_67.pod5	146bf2bb-da44-49b8-86f2-3e28fbf719e4	8ae7e6cc2740dd7ae86db58cfad3369101a68ac4	2416	2	52294.7	51.359	52294.7	51.357	13506	6.33321	unclassified	chr10	54604769	54618651	104	13496	+	14583	12691	11206	701	1191	1485	60	0.991559	0.882988	0.768429	0
PBE62149_skip_2148354d_8ae7e6cc_67.pod5	16ef7a29-841f-44cb-a90b-6a02792fbc33	8ae7e6cc2740dd7ae86db58cfad3369101a68ac4	1815	2	52261.6	83.4248	52261.8	83.2848	27666	30.7179	unclassified	chr9	39787819	39815498	7	27666	-	27705	27633	27551	26	46	82	30	0.999747	0.997033	0.994441	0
PBE62149_skip_2148354d_8ae7e6cc_67.pod5	f1000e79-2657-4e95-ac5d-524296511a6c	8ae7e6cc2740dd7ae86db58cfad3369101a68ac4	714	4	52340.3	8.9252	52340.3	8.9232	3554	14.8473	unclassified	chr6	73834132	73837646	39	3544	+	3553	3466	3429	39	48	37	60	0.986213	0.989325	0.9651	0
PBE62149_skip_2148354d_8ae7e6cc_67.pod5	281edf08-b8fb-4668-9a52-b696226e07c6	8ae7e6cc2740dd7ae86db58cfad3369101a68ac4	720	4	52346.2	7.1348	52346.2	7.0788	3758	22.6029	unclassified	chr14	38135471	38139228	0	3758	+	3767	3748	3729	10	9	19	60	1	0.994931	0.989912	0
PBE62149_skip_2148354d_8ae7e6cc_67.pod5	a4ffcac7-6a0d-4ac6-842a-d254bf2b0afe	8ae7e6cc2740dd7ae86db58cfad3369101a68ac4	825	2	52343.6	5.1938	52343.6	5.1918	2136	11.3484	unclassified	chr9	18617350	18619542	4	2119	-	2216	2091	2004	24	101	87	60	0.990169	0.958393	0.904332	0
PBE62149_skip_2148354d_8ae7e6cc_67.pod5	9a9a562a-9825-44ad-9f2a-d6e40dc2cbc2	8ae7e6cc2740dd7ae86db58cfad3369101a68ac4	1581	1	52338.1	8.222	52338.2	8.1492	3794	24.4333	unclassified	chr13	110260779	110264554	7	3794	-	3790	3772	3762	15	3	10	60	0.998155	0.997349	0.992612	0
PBE62149_skip_2148354d_8ae7e6cc_67.pod5	e7f79923-ea6c-464b-bacf-18e4dccc79f5	8ae7e6cc2740dd7ae86db58cfad3369101a68ac4	686	1	52345.8	7.3976	52345.8	7.3956	2960	11.6377	unclassified	chr5	119670292	119673261	31	2950	+	3019	2869	2747	50	100	122	60	0.986149	0.957476	0.909904	0
PBE62149_skip_2148354d_8ae7e6cc_67.pod5	5c00309a-1670-4dd8-9573-3c88b79457da	8ae7e6cc2740dd7ae86db58cfad3369101a68ac4	1346	1	52320.1	26.276	52320.2	26.1456	9645	32.7715	unclassified	chr13	75041658	75051290	7	9645	-	9639	9631	9626	7	1	5	60	0.999274	0.999481	0.998651	0
PBE62149_skip_2148354d_8ae7e6cc_67.pod5	c5b0660a-dcde-476a-b22e-8aed7743e045	8ae7e6cc2740dd7ae86db58cfad3369101a68ac4	603	1	52337	15.9968	52337.2	15.8688	6122	28.678	unclassified	chr8	28479345	28485460	0	6114	+	6122	6107	6094	7	8	13	60	0.998693	0.997871	0.995426	0
PBE62149_skip_2148354d_8ae7e6cc_67.pod5	4a0bc217-6b53-4ea0-93f5-f6b5900ab52f	8ae7e6cc2740dd7ae86db58cfad3369101a68ac4	2831	3	52331.9	14.4032	52332	14.2656	5315	25.492	unclassified	chr20	45162878	45168180	8	5315	-	5309	5300	5289	7	2	11	60	0.998495	0.997925	0.996233	0
PBE62149_skip_2148354d_8ae7e6cc_67.pod5	2d96d227-b6f5-47f6-8675-833caebb66ac	8ae7e6cc2740dd7ae86db58cfad3369101a68ac4	1972	3	52332.6	20.0876	52332.7	20.0004	8181	23.8055	unclassified	chr13	60609241	60617426	0	8176	+	8201	8160	8140	16	25	20	60	0.999389	0.997549	0.992562	0
PBE62149_skip_2148354d_8ae7e6cc_67.pod5	c679715a-86df-4826-a17b-2de43c274368	8ae7e6cc2740dd7ae86db58cfad3369101a68ac4	1598	1	52324.8	27.53	52324.9	27.4236	11422	30.0897	unclassified	chr11	76584336	76595760	4	11422	-	11427	11415	11413	3	9	2	60	0.99965	0.999825	0.998775	0
PBE62149_skip_2148354d_8ae7e6cc_67.pod5	27eea0ba-1ddd-4865-838b-c04d0a6934eb	8ae7e6cc2740dd7ae86db58cfad3369101a68ac4	2620	3	52313.4	34.7084	52313.5	34.602	14168	30.3872	unclassified	chr19	32271586	32285759	4	14168	-	14179	14158	14149	6	15	9	60	0.999718	0.999364	0.997884	0
PBE62149_skip_2148354d_8ae7e6cc_67.pod5	082b833c-7a33-4241-8319-69677ed355dd	8ae7e6cc2740dd7ae86db58cfad3369101a68ac4	705	3	52327	26.24	52327.1	26.0928	10888	32.903	unclassified	chrX	109595110	109605992	0	10886	+	10891	10877	10855	9	5	22	60	0.999816	0.997977	0.996695	0
PBE62149_skip_2148354d_8ae7e6cc_67.pod5	2e37de31-b499-4d4c-9c5f-2bc9ca34b324	8ae7e6cc2740dd7ae86db58cfad3369101a68ac4	1700	4	52344.2	10.1828	52344.3	10.062	3795	23.5445	unclassified	chr2	17861421	17865213	4	3795	-	3797	3786	3769	5	6	17	60	0.998946	0.99551	0.992626	0
PBE62149_skip_2148354d_8ae7e6cc_67.pod5	941f0f05-5f1b-4821-ad21-6cd94855da6e	8ae7e6cc2740dd7ae86db58cfad3369101a68ac4	1311	3	52344.8	8.4092	52344.9	8.2884	3653	23.3552	unclassified	chr12	16905829	16909470	7	3653	-	3655	3632	3625	14	9	7	60	0.998084	0.998073	0.991792	0
PBE62149_skip_2148354d_8ae7e6cc_67.pod5	388a4c4f-5e14-49ab-9496-31d6e4fd8b38	8ae7e6cc2740dd7ae86db58cfad3369101a68ac4	671	1	52336.6	10.0056	52336.6	10.0036	4095	11.7483	unclassified	chr8	53986387	53990505	33	4086	+	4192	3979	3826	74	139	153	60	0.989744	0.961548	0.912691	0
PBE62149_skip_2148354d_8ae7e6cc_67.pod5	61d90fe0-a978-4e15-a407-6a0162d9f33b	8ae7e6cc2740dd7ae86db58cfad3369101a68ac4	451	4	52331.4	17.5964	52331.4	17.5944	5651	10.5969	unclassified	chr10	48024100	48029905	36	5642	+	5921	5490	5216	116	315	274	23	0.992037	0.950091	0.880932	0
PBE62149_skip_2148354d_8ae7e6cc_67.pod5	a38b85c2-24e5-4a78-9d35-ff8ca3f92f4e	8ae7e6cc2740dd7ae86db58cfad3369101a68ac4	541	1	52298.3	52.8904	52298.3	52.8884	26590	8.18477	unclassified	chr2	217387082	217409568	5264	26573	+	23105	20690	18874	619	1796	1816	60	0.801391	0.912228	0.816879	0
PBE62149_skip_2148354d_8ae7e6cc_67.pod5	0b391fda-7a1e-4a43-8c9e-993b28d7da65	8ae7e6cc2740dd7ae86db58cfad3369101a68ac4	2336	3	52328.6	17.9732	52328.7	17.85	7253	29.5228	unclassified	chr7	65801920	65809180	7	7253	-	7262	7244	7238	2	16	6	60	0.999035	0.999172	0.996695	0
PBE62149_skip_2148354d_8ae7e6cc_67.pod5	b610d87a-e822-442c-a069-78bf11e864cf	8ae7e6cc2740dd7ae86db58cfad3369101a68ac4	1349	2	52339.9	13.244	52340	13.1568	5879	27.4462	unclassified	chr8	5977713	5983593	0	5878	+	5893	5865	5846	13	15	19	60	0.99983	0.99676	0.992024	0
PBE62149_skip_2148354d_8ae7e6cc_67.pod5	e53850fc-1e34-4e69-8797-d1d9d6822de2	8ae7e6cc2740dd7ae86db58cfad3369101a68ac4	1031	3	52291.8	59.7356	52291.8	59.7336	19002	19.4534	unclassified	chr5	144951431	144970187	254	18964	-	18836	18630	18497	80	126	133	60	0.984633	0.992861	0.982003	0
PBE62149_skip_2148354d_8ae7e6cc_67.pod5	070a0be2-fada-46fd-9777-8815100e9133	8ae7e6cc2740dd7ae86db58cfad3369101a68ac4	2982	4	52349.3	6.7582	52349.3	6.7562	2695	28.93	unclassified	chr2	111440148	111442810	24	2686	+	2667	2657	2652	5	5	5	60	0.987755	0.998118	0.994376	0
PBE62149_skip_2148354d_8ae7e6cc_67.pod5	0e9af7ee-04cd-47c6-b5c7-2908c0f89227	8ae7e6cc2740dd7ae86db58cfad3369101a68ac4	1929	4	52338.1	16.3196	52338.2	16.1964	6935	19.4321	unclassified	chr16	19713297	19720256	0	6935	-	6979	6915	6869	20	44	46	60	1	0.993348	0.984238	0
PBE62149_skip_2148354d_8ae7e6cc_67.pod5	0a5fbe62-7c57-4e14-bc82-1ac02d0ce98b	8ae7e6cc2740dd7ae86db58cfad3369101a68ac4	852	1	52309.2	43.97	52309.3	43.8588	17924	27.9423	unclassified	chr8	136211764	136229678	7	17924	-	17942	17889	17856	28	25	33	60	0.999609	0.998155	0.995207	0
PBE62149_skip_2148354d_8ae7e6cc_67.pod5	d62cf39c-2e1d-4cfb-8bb5-783cbad309d6	8ae7e6cc2740dd7ae86db58cfad3369101a68ac4	474	3	52326.8	19.5392	52326.9	19.404	7723	28.9543	unclassified	chr5	102940499	102948223	0	7717	+	7728	7713	7706	4	11	7	60	0.999223	0.999092	0.997153	0
PBE62149_skip_2148354d_8ae7e6cc_67.pod5	1dce87e8-209f-47e6-a126-f932de7a6015	8ae7e6cc2740dd7ae86db58cfad3369101a68ac4	2615	4	52333.4	20.844	52333.4	20.842	8300	27.3972	unclassified	chr2	209947765	209956031	36	8295	+	8279	8246	8236	13	20	10	60	0.99506	0.998787	0.994806	0
PBE62149_skip_2148354d_8ae7e6cc_67.pod5	19001dc0-9a66-4e77-8376-f152deb2db20	8ae7e6cc2740dd7ae86db58cfad3369101a68ac4	555	1	52340.9	12.542	52341	12.4476	4962	29.8056	unclassified	chr12	84793005	84797967	4	4962	-	4964	4956	4948	2	6	8	60	0.999194	0.998386	0.996777	0
PBE62149_skip_2148354d_8ae7e6cc_67.pod5	a681c884-f540-4f7e-b935-9f351a03ada4	8ae7e6cc2740dd7ae86db58cfad3369101a68ac4	1485	1	52337	11.7272	52337.1	11.6208	4752	34.4011	unclassified	chr3	72043829	72048523	0	4745	+	4760	4679	4657	66	15	22	60	0.998527	0.995298	0.978361	0
PBE62149_skip_2148354d_8ae7e6cc_67.pod5	96d67ed0-294a-464e-829d-388f647ea35a	8ae7e6cc2740dd7ae86db58cfad3369101a68ac4	25	4	52330.8	16.0304	52331	15.9072	4891	39.8553	unclassified	chr10	41861690	41866585	0	4877	+	4911	4861	4840	16	34	21	60	0.997138	0.99568	0.985543	0
PBE62149_skip_2148354d_8ae7e6cc_67.pod5	4dfe9c0f-6c3f-42f0-b408-461ca2a0576d	8ae7e6cc2740dd7ae86db58cfad3369101a68ac4	2313	1	52332.5	22.7488	52332.5	22.7468	9099	7.63038	unclassified	chr10	121233494	121242812	103	9075	+	9728	8562	7729	410	756	833	37	0.986042	0.90271	0.794511	0
PBE62149_skip_2148354d_8ae7e6cc_67.pod5	e7150df3-acd5-4012-a485-77ba19ea78e4	8ae7e6cc2740dd7ae86db58cfad3369101a68ac4	1738	1	52332	19.7384	52332.1	19.6056	7787	28.9624	unclassified	chrY	24436868	24444646	7	7787	-	7787	7771	7764	9	7	7	1	0.999101	0.999099	0.997046	0
PBE62149_skip_2148354d_8ae7e6cc_67.pod5	2ff24553-1c66-48a5-8dea-094331672f57	8ae7e6cc2740dd7ae86db58cfad3369101a68ac4	2602	2	52355	3.3596	52355.1	3.252	1411	34.0336	unclassified	chr4	168413488	168414891	6	1410	-	1404	1403	1400	1	0	3	60	0.995039	0.997862	0.997151	0
PBE62149_skip_2148354d_8ae7e6cc_67.pod5	f6270d11-7960-4707-8e8e-dfcc8dd4088f	8ae7e6cc2740dd7ae86db58cfad3369101a68ac4	2368	4	52298.9	54.0296	52298.9	54.0276	15543	7.43047	unclassified	chr3	97125850	97140040	6	15500	-	16140	13544	12595	1950	646	949	60	0.996847	0.929932	0.780359	0
PBE62149_skip_2148354d_8ae7e6cc_67.pod5	af944ee7-a000-47fa-a99e-ec00d0a513f3	8ae7e6cc2740dd7ae86db58cfad3369101a68ac4	2316	2	52333.5	13.24	52333.5	13.238	5196	43.7086	unclassified	chr11	52410215	52415383	24	5192	+	5169	5167	5086	1	1	81	1	0.994611	0.984324	0.983943	0
PBE62149_skip_2148354d_8ae7e6cc_67.pod5	adbdfe39-e375-45c8-aee2-14a320933bc7	8ae7e6cc2740dd7ae86db58cfad3369101a68ac4	867	4	52346.2	10.3712	52346.2	10.2984	5078	28.5329	unclassified	chr4	107430942	107436008	6	5078	-	5074	5064	5053	8	2	11	60	0.998818	0.997828	0.995861	0
PBE62149_skip_2148354d_8ae7e6cc_67.pod5	7b2c616d-edc3-4e4e-842d-82c664cc2c22	8ae7e6cc2740dd7ae86db58cfad3369101a68ac4	1045	2	52346.2	11.4786	52346.2	11.4766	5150	18.4658	unclassified	chr6	15865394	15870512	9	5118	-	5138	5089	5067	20	29	22	60	0.992039	0.995677	0.986181	0
PBE62149_skip_2148354d_8ae7e6cc_67.pod5	bd9a2960-ea56-4ef1-a902-0fd165f07ab6	8ae7e6cc2740dd7ae86db58cfad3369101a68ac4	461	1	52328	20.9516	52328.1	20.8284	8371	33.7195	unclassified	chr5	128454508	128462868	7	8371	-	8368	8356	8351	8	4	5	60	0.999164	0.999402	0.997968	0
PBE62149_skip_2148354d_8ae7e6cc_67.pod5	8840e009-edc0-4392-8571-a4dd487394c6	8ae7e6cc2740dd7ae86db58cfad3369101a68ac4	664	1	52337.9	9.2684	52338	9.1644	4136	25.9226	unclassified	chr4	9134096	9138220	4	4136	-	4135	4121	4117	11	3	4	60	0.999033	0.999029	0.995647	0
PBE62149_skip_2148354d_8ae7e6cc_67.pod5	4cc6c2f4-ff15-4ac9-b232-c14bbd58ba58	8ae7e6cc2740dd7ae86db58cfad3369101a68ac4	2342	1	52320.4	26.2244	52320.6	26.0916	9396	15.9211	unclassified	chr3	45972523	45981988	0	9391	+	9552	9304	9159	87	161	145	60	0.999468	0.984415	0.958857	0
PBE62149_skip_2148354d_8ae7e6cc_67.pod5	0967043e-622d-43e3-8b38-0be2813247ae	8ae7e6cc2740dd7ae86db58cfad3369101a68ac4	1607	3	52345.4	6.1676	52345.6	6.0492	3105	19.3481	unclassified	chr2	31077377	31080480	5	3105	-	3114	3089	3066	11	14	23	60	0.99839	0.992554	0.984586	0
PBE62149_skip_2148354d_8ae7e6cc_67.pod5	67f25fc0-d0fd-497b-acf2-57410cfe9d56	8ae7e6cc2740dd7ae86db58cfad3369101a68ac4	1944	2	52337.1	17.2316	52337.2	17.124	6837	31.2782	unclassified	chr8	22273709	22280545	9	6837	-	6836	6828	6821	0	8	7	60	0.998684	0.998975	0.997806	0
PBE62149_skip_2148354d_8ae7e6cc_67.pod5	b40083c1-4309-46cd-b495-dafbd45c0ee0	8ae7e6cc2740dd7ae86db58cfad3369101a68ac4	1417	4	52334.2	12.5852	52334.3	12.4548	5206	29.1439	unclassified	chr5	18900131	18905331	0	5198	+	5203	5195	5189	3	5	6	60	0.998463	0.998845	0.997309	0
PBE62149_skip_2148354d_8ae7e6cc_67.pod5	879036ad-c33f-4166-bcd9-5708ee6ead54	8ae7e6cc2740dd7ae86db58cfad3369101a68ac4	2019	4	52339.9	6.824	52340	6.72	2869	24.9263	unclassified	chr9	100506946	100509814	0	2865	+	2875	2858	2848	7	10	10	60	0.998606	0.996501	0.990609	0
PBE62149_skip_2148354d_8ae7e6cc_67.pod5	dfbc40be-2181-42cc-979a-35876cccf15f	8ae7e6cc2740dd7ae86db58cfad3369101a68ac4	2436	3	52349.7	6.6164	52349.9	6.4572	2562	23.7317	unclassified	chr21	20845217	20847778	0	2556	+	2562	2555	2550	1	6	5	60	0.997658	0.998043	0.995316	0
PBE62149_skip_2148354d_8ae7e6cc_67.pod5	4761caac-3b2b-4562-a09f-8e40eb9a61f7	8ae7e6cc2740dd7ae86db58cfad3369101a68ac4	1886	4	52307.1	36.218	52307.2	36.1524	20538	21.078	unclassified	chr17	21902536	21915620	8398	20537	-	13558	11665	9706	474	1419	1959	5	0.591051	0.832062	0.715887	0
PBE62149_skip_2148354d_8ae7e6cc_67.pod5	d2123fcd-d6a9-47f7-8d01-3d7da312cf6b	8ae7e6cc2740dd7ae86db58cfad3369101a68ac4	1145	1	52301.5	54.6936	52301.5	54.6916	8974	12.049	unclassified	chr1	77281193	77290008	9	8938	-	9118	8626	8392	303	189	234	60	0.994986	0.972873	0.920377	0
PBE62149_skip_2148354d_8ae7e6cc_67.pod5	ba0df146-d0b1-49a0-b42e-5e05b41077ec	8ae7e6cc2740dd7ae86db58cfad3369101a68ac4	882	1	52307.1	7.4736	52307.2	7.3908	3157	26.1683	unclassified	chr2	110911727	110914876	0	3146	+	3150	3145	3143	1	4	2	60	0.996516	0.999364	0.997778	0
PBE62149_skip_2148354d_8ae7e6cc_67.pod5	456b7263-bfef-443f-b1aa-932f5c199070	8ae7e6cc2740dd7ae86db58cfad3369101a68ac4	288	3	52336.7	15.2864	52336.8	15.1968	6785	27.9982	unclassified	chr17	53095087	53101873	4	6782	-	6790	6774	6755	4	12	19	60	0.998968	0.997195	0.994845	0
PBE62149_skip_2148354d_8ae7e6cc_67.pod5	8a75a235-ad22-4ff4-a73b-63ff0d26e1fb	8ae7e6cc2740dd7ae86db58cfad3369101a68ac4	309	1	52347.7	5.9162	52347.7	5.9142	2361	32.1461	unclassified	chr16	82190938	82193242	51	2353	+	2304	2302	2300	0	2	2	60	0.975011	0.999131	0.998264	0
PBE62149_skip_2148354d_8ae7e6cc_67.pod5	d2537f56-e53c-4d22-9c7f-6718930160be	8ae7e6cc2740dd7ae86db58cfad3369101a68ac4	676	1	52350.9	3.6104	52351	3.4848	1464	17.7003	unclassified	chr11	112647559	112649017	0	1457	+	1462	1453	1444	4	5	9	60	0.995219	0.993806	0.987688	0
PBE62149_skip_2148354d_8ae7e6cc_67.pod5	f87dfb44-5281-48fd-b056-3ac784f4c377	8ae7e6cc2740dd7ae86db58cfad3369101a68ac4	1963	1	52348.4	6.7908	52348.4	6.7888	2676	9.79395	unclassified	chr1	239315140	239317803	32	2676	+	2741	2566	2413	78	97	153	60	0.988042	0.940374	0.880336	0
PBE62149_skip_2148354d_8ae7e6cc_67.pod5	7245a877-0eea-4a7c-b69c-b6a86610cad9	8ae7e6cc2740dd7ae86db58cfad3369101a68ac4	27	4	52350.4	6.1016	52350.5	6.0192	2678	24.4174	unclassified	chr18	75064330	75067003	7	2678	-	2677	2667	2659	4	6	8	60	0.997386	0.997	0.993276	0
PBE62149_skip_2148354d_8ae7e6cc_67.pod5	c1cf6956-5fe6-4b98-92b8-3bda2b5e0be4	8ae7e6cc2740dd7ae86db58cfad3369101a68ac4	2332	3	52341.1	12.4136	52341.2	12.3336	5808	23.4925	unclassified	chr5	100579844	100585653	0	5808	+	5823	5794	5774	14	15	20	60	1	0.996548	0.991585	0
PBE62149_skip_2148354d_8ae7e6cc_67.pod5	2e8c75c3-9fab-4af5-b163-d46a64592605	8ae7e6cc2740dd7ae86db58cfad3369101a68ac4	537	2	52325.4	32.8328	52325.5	32.7048	11782	23.1047	unclassified	chr2	96447275	96459047	7	11782	-	11792	11755	11737	20	17	18	60	0.999406	0.998469	0.995336	0
PBE62149_skip_2148354d_8ae7e6cc_67.pod5	9adb348c-e840-4952-a541-d48feb69f475	8ae7e6cc2740dd7ae86db58cfad3369101a68ac4	617	4	52341.7	10.3736	52341.8	10.2168	4302	16.9098	unclassified	chr1	115806642	115809108	4	2451	-	2497	2416	2391	31	50	25	60	0.568805	0.989652	0.957549	0
PBE62149_skip_2148354d_8ae7e6cc_67.pod5	929a204e-148e-4c6b-9b66-91a1fd0b1b78	8ae7e6cc2740dd7ae86db58cfad3369101a68ac4	885	3	52334.8	12.216	52334.8	12.214	4801	29.0059	unclassified	chr2	19671439	19676205	30	4795	+	4768	4763	4760	2	3	3	60	0.992502	0.99937	0.998322	0
PBE62149_skip_2148354d_8ae7e6cc_67.pod5	a8ba7c6d-3d5c-4a95-8ac4-caa5a8ba9c91	8ae7e6cc2740dd7ae86db58cfad3369101a68ac4	2343	1	52344.6	8.7476	52344.7	8.6508	3561	28.8699	unclassified	chr12	31294262	31297822	3	3561	-	3564	3554	3548	4	6	6	60	0.999158	0.998312	0.995511	0
PBE62149_skip_2148354d_8ae7e6cc_67.pod5	a1fa0471-38b7-4553-b5d0-be405cb82b4e	8ae7e6cc2740dd7ae86db58cfad3369101a68ac4	1479	4	52343.8	12.0736	52343.8	12.0716	3699	28.0041	unclassified	chr22	36949516	36953190	14	3690	+	3682	3668	3665	8	6	3	60	0.993782	0.999182	0.995383	0
PBE62149_skip_2148354d_8ae7e6cc_67.pod5	f82af365-bc11-464a-94ac-a4e74b9531eb	8ae7e6cc2740dd7ae86db58cfad3369101a68ac4	1932	2	52331.7	20.7812	52331.8	20.6964	9003	33.8661	unclassified	chr18	105701	111670	2736	8683	+	6161	5755	4854	192	214	901	49	0.660558	0.84344	0.787859	0
PBE62149_skip_2148354d_8ae7e6cc_67.pod5	583ea9ef-7e61-4a26-beef-5227608070ab	8ae7e6cc2740dd7ae86db58cfad3369101a68ac4	341	4	52343.1	10.3844	52343.3	10.1964	3750	27.197	unclassified	chr6	17875437	17879182	4	3750	-	3751	3740	3735	6	5	5	60	0.998933	0.998663	0.995734	0
PBE62149_skip_2148354d_8ae7e6cc_67.pod5	2c628802-2d3e-4f11-b67d-3948e58c7769	8ae7e6cc2740dd7ae86db58cfad3369101a68ac4	2208	1	52347.8	6.6296	52348	6.4776	2546	35.8962	unclassified	chr4	49709298	49711866	19	2546	-	2623	2472	2126	55	96	346	13	0.992537	0.860032	0.810522	0
PBE62149_skip_2148354d_8ae7e6cc_67.pod5	c0f29c19-5f6a-45c8-8cc7-d8b05429216b	8ae7e6cc2740dd7ae86db58cfad3369101a68ac4	2645	2	52328.5	24.5252	52328.7	24.3324	9886	23.6015	unclassified	chr12	32051466	32061355	7	9886	-	9923	9845	9801	34	44	44	60	0.999292	0.995531	0.987705	0
PBE62149_skip_2148354d_8ae7e6cc_67.pod5	127a894a-ba8c-4201-9717-8304d994cf5f	8ae7e6cc2740dd7ae86db58cfad3369101a68ac4	277	2	52338.9	15.6908	52339	15.5484	6252	30.3615	unclassified	chr6	61255382	61261621	0	6245	+	6250	6234	6216	11	5	18	60	0.99888	0.997113	0.99456	0
PBE62149_skip_2148354d_8ae7e6cc_67.pod5	8dd081c8-55e0-4281-9a69-3994ec9e5d96	8ae7e6cc2740dd7ae86db58cfad3369101a68ac4	528	2	52346.1	8.4752	52346.2	8.3424	2963	32.8592	unclassified	chr13	55786113	55789078	5	2963	-	2965	2958	2957	0	7	1	60	0.998313	0.999662	0.997302	0
PBE62149_skip_2148354d_8ae7e6cc_67.pod5	f3ac8b23-0a9c-4e20-899e-6afbb8f568b4	8ae7e6cc2740dd7ae86db58cfad3369101a68ac4	927	2	52346	11.7044	52346.2	11.5524	5163	27.4134	unclassified	chr1	175938068	175943222	0	5156	+	5162	5148	5131	8	6	17	60	0.998644	0.996698	0.993995	0
PBE62149_skip_2148354d_8ae7e6cc_67.pod5	ea201eef-bece-452f-a861-a5667ec8d6f6	8ae7e6cc2740dd7ae86db58cfad3369101a68ac4	634	3	52355.2	3.0348	52355.2	3.0328	1096	13.5981	unclassified	chr9	40480862	40481929	31	1096	+	1082	1050	1021	15	17	29	8	0.971715	0.972381	0.943623	0
PBE62149_skip_2148354d_8ae7e6cc_67.pod5	d1f12850-913c-4988-95b5-40b7f9dcf69e	8ae7e6cc2740dd7ae86db58cfad3369101a68ac4	882	1	52314.6	34.1688	52314.7	34.0644	13658	28.9042	unclassified	chr13	108051454	108065126	0	13653	+	13677	13648	13622	5	24	26	60	0.999634	0.998095	0.995979	0
PBE62149_skip_2148354d_8ae7e6cc_67.pod5	55fcf450-7714-48a6-acf0-f0ae58a4b42f	8ae7e6cc2740dd7ae86db58cfad3369101a68ac4	809	1	52323.9	12.92	52323.9	12.918	4007	13.2867	unclassified	chr20	31059785	31064148	0	3999	-	4512	3850	3386	149	513	464	1	0.998003	0.879481	0.750443	0
PBE62149_skip_2148354d_8ae7e6cc_67.pod5	79085149-cc1b-4bae-b8c6-a690100c8072	8ae7e6cc2740dd7ae86db58cfad3369101a68ac4	1109	3	52352.5	5.9106	52352.5	5.9086	2330	20.2439	unclassified	chr18	48874629	48876929	8	2302	-	2303	2291	2282	3	9	9	60	0.984549	0.996072	0.990881	0
PBE62149_skip_2148354d_8ae7e6cc_67.pod5	35ad8f4c-e2fc-4aae-9891-3ab9d0459754	8ae7e6cc2740dd7ae86db58cfad3369101a68ac4	2614	3	52339.1	14.4056	52339.2	14.2824	5902	23.4762	unclassified	chr2	236539503	236545402	8	5902	-	5911	5882	5873	12	17	9	60	0.998645	0.99847	0.993571	0
PBE62149_skip_2148354d_8ae7e6cc_67.pod5	c2b256f9-4ed1-472a-9071-27816647ea97	8ae7e6cc2740dd7ae86db58cfad3369101a68ac4	2665	1	52337.7	18.248	52337.8	18.132	6697	33.317	unclassified	chr17	20081075	20087766	8	6697	-	6693	6687	6687	2	4	0	60	0.998805	1	0.999104	0
PBE62149_skip_2148354d_8ae7e6cc_67.pod5	95c6b160-6ede-441c-a03e-cd532b514d55	8ae7e6cc2740dd7ae86db58cfad3369101a68ac4	1925	3	52329.5	17.2964	52329.7	17.1636	6285	29.0195	unclassified	chr7	39258097	39264392	5	6285	-	6297	6278	6262	2	17	16	60	0.999204	0.997451	0.994442	0
PBE62149_skip_2148354d_8ae7e6cc_67.pod5	e916c2a3-5b57-4bc7-a2bb-fedd07e36c71	8ae7e6cc2740dd7ae86db58cfad3369101a68ac4	1056	2	52336.2	15.2048	52336.3	15.0384	5896	29.4288	unclassified	chr9	26319595	26325478	5	5896	-	5899	5875	5867	16	8	8	60	0.999152	0.998638	0.994575	0
PBE62149_skip_2148354d_8ae7e6cc_67.pod5	6444e922-0ee5-4f17-9f6a-68f1bbca7485	8ae7e6cc2740dd7ae86db58cfad3369101a68ac4	1576	3	52345.7	1.2578	52345.7	1.2558	562	22.7944	unclassified	chr9	92140492	92141043	11	562	-	551	551	551	0	0	0	60	0.980427	1	1	0
PBE62149_skip_2148354d_8ae7e6cc_67.pod5	ada45c5a-4a31-4255-bd27-9dc09b32b940	8ae7e6cc2740dd7ae86db58cfad3369101a68ac4	2604	3	52347.8	6.2742	52347.8	6.2722	2808	14.3169	unclassified	chr21	9263264	9266113	34	2804	+	2883	2736	2613	34	113	123	1	0.986467	0.955044	0.906348	0
PBE62149_skip_2148354d_8ae7e6cc_67.pod5	4362fc2e-fa83-433e-9c08-bc2f9ade5dff	8ae7e6cc2740dd7ae86db58cfad3369101a68ac4	2956	3	52336.1	15.1352	52336.3	14.9952	5862	23.7216	unclassified	chr5	59544376	59550229	0	5852	+	5862	5843	5818	9	10	25	60	0.998294	0.995721	0.992494	0
PBE62149_skip_2148354d_8ae7e6cc_67.pod5	2e094ad2-9ab4-429c-b3b7-794beec5d8e4	8ae7e6cc2740dd7ae86db58cfad3369101a68ac4	801	3	52349.1	9.6094	52349.1	9.6074	3279	12.9519	unclassified	chr3	146982707	146985611	367	3271	+	2904	2904	2903	0	0	1	60	0.885636	0.999656	0.999656	0
PBE62149_skip_2148354d_8ae7e6cc_67.pod5	1f0ea330-2087-4682-a3e3-c46a658c13ad	8ae7e6cc2740dd7ae86db58cfad3369101a68ac4	1883	1	52220	120.132	52220.1	120.02	52281	35.8137	unclassified	chr1	123170023	123185316	5	14954	-	15315	14927	13812	22	366	1115	2	0.285936	0.925303	0.901861	0
PBE62149_skip_2148354d_8ae7e6cc_67.pod5	77726e03-c206-46bc-9c72-c4d37ac1c87e	8ae7e6cc2740dd7ae86db58cfad3369101a68ac4	335	2	52342.7	11.8092	52342.7	11.8072	3898	11.2512	unclassified	chr16	65896464	65900330	36	3886	+	3975	3741	3607	109	125	134	60	0.987686	0.964181	0.907421	0
PBE62149_skip_2148354d_8ae7e6cc_67.pod5	080a6ee2-e347-40e4-8c66-e324f7aa0de2	8ae7e6cc2740dd7ae86db58cfad3369101a68ac4	1785	3	52339	15.746	52339	15.744	5610	26.7443	unclassified	chr1	11014276	11019853	5	5583	-	5589	5566	5550	12	11	16	60	0.994296	0.997125	0.993022	0
PBE62149_skip_2148354d_8ae7e6cc_67.pod5	5bb4dd59-af9c-4dd3-ada9-d77433e52aac	8ae7e6cc2740dd7ae86db58cfad3369101a68ac4	1139	2	52326.1	21.0332	52326.2	20.9316	8284	22.813	unclassified	chr10	74334146	74342408	0	8277	+	8297	8242	8210	35	20	32	60	0.999155	0.996117	0.989514	0
PBE62149_skip_2148354d_8ae7e6cc_67.pod5	cad45f7d-5e51-433f-8543-8e8e45dabb33	8ae7e6cc2740dd7ae86db58cfad3369101a68ac4	2536	1	52340.8	13.2032	52341	13.0632	4377	28.306	unclassified	chr9	79271189	79275648	0	4369	+	4461	4367	4357	2	92	10	60	0.998172	0.99771	0.976687	0
PBE62149_skip_2148354d_8ae7e6cc_67.pod5	23055fea-ce8a-4183-9074-d2784f73d14f	8ae7e6cc2740dd7ae86db58cfad3369101a68ac4	1181	4	52332.4	19.5068	52332.5	19.362	7466	28.3585	unclassified	chr19	52019521	52026978	6	7466	-	7470	7447	7444	13	10	3	60	0.999196	0.999597	0.996519	0
PBE62149_skip_2148354d_8ae7e6cc_67.pod5	4a80e79b-dbbe-4b16-b9e1-1199dbbcf308	8ae7e6cc2740dd7ae86db58cfad3369101a68ac4	726	3	52332.7	20.9648	52332.8	20.8296	8798	26.1627	unclassified	chrX	43374853	43383666	6	8798	-	8821	8784	8769	8	29	15	60	0.999318	0.998292	0.994105	0
PBE62149_skip_2148354d_8ae7e6cc_67.pod5	59a926b1-9e8a-4dc5-bd8a-60af38fb23c0	8ae7e6cc2740dd7ae86db58cfad3369101a68ac4	2351	3	52331.1	15.2408	52331.1	15.2388	5363	31.3789	unclassified	chr13	29289168	29294496	29	5356	+	5334	5321	5314	6	7	7	60	0.993287	0.998684	0.99625	0
PBE62149_skip_2148354d_8ae7e6cc_67.pod5	748f294c-790f-4406-9d74-f724d0338a5f	8ae7e6cc2740dd7ae86db58cfad3369101a68ac4	269	4	52334.4	22.2116	52334.6	22.0452	7797	15.6812	unclassified	chr12	126089468	126097331	7	7797	-	7904	7749	7639	41	114	110	60	0.999102	0.985805	0.966473	0
PBE62149_skip_2148354d_8ae7e6cc_67.pod5	2d4048a2-11e2-471f-a65e-3227bf8bb8b2	8ae7e6cc2740dd7ae86db58cfad3369101a68ac4	1170	2	52324.3	27.6092	52324.3	27.5196	12149	25.2744	unclassified	chr20	15283169	15295325	0	12143	+	12168	12131	12112	12	25	19	60	0.999506	0.998434	0.995398	0
PBE62149_skip_2148354d_8ae7e6cc_67.pod5	48775e23-343f-4c89-acbd-19d6ffaa4f98	8ae7e6cc2740dd7ae86db58cfad3369101a68ac4	2636	4	52336.3	16.82	52336.4	16.6776	6383	27.2649	unclassified	chr7	8542915	8549286	0	6376	+	6379	6368	6350	8	3	18	60	0.998903	0.997173	0.995454	0
PBE62149_skip_2148354d_8ae7e6cc_67.pod5	103b95f4-2dcc-4bc1-81d0-9c6cd785db15	8ae7e6cc2740dd7ae86db58cfad3369101a68ac4	2852	2	52345.6	5.9164	52345.6	5.9144	2416	31.5856	unclassified	chr10	56130293	56132677	0	2388	-	2388	2384	2382	4	0	2	60	0.988411	0.999161	0.997487	0
PBE62149_skip_2148354d_8ae7e6cc_67.pod5	f21388ea-a4e7-4356-8a7b-208fe2e29c60	8ae7e6cc2740dd7ae86db58cfad3369101a68ac4	1924	3	52304.9	48.3572	52305.1	48.1356	16140	27.3209	unclassified	chr9	8586799	8602944	7	16140	-	16161	16117	16088	16	28	29	60	0.999566	0.998201	0.995483	0
PBE62149_skip_2148354d_8ae7e6cc_67.pod5	ff617863-0093-4064-bc6a-5c8baaff3ebc	8ae7e6cc2740dd7ae86db58cfad3369101a68ac4	2222	1	52352.2	4.0076	52352.2	3.9372	1668	25.8748	unclassified	chr2	84753882	84755552	0	1668	+	1676	1662	1661	6	8	1	60	1	0.999398	0.99105	0
PBE62149_skip_2148354d_8ae7e6cc_67.pod5	4345c81d-eb65-4ef1-b260-24a71a600d23	8ae7e6cc2740dd7ae86db58cfad3369101a68ac4	1961	3	52311.6	39.7016	52311.7	39.6	18041	24.2524	unclassified	chr6	87562590	87580622	7	18041	-	18081	17985	17939	49	47	46	60	0.999612	0.997442	0.992146	0
PBE62149_skip_2148354d_8ae7e6cc_67.pod5	81d50fda-4704-47c1-9f72-a80a44c69a13	8ae7e6cc2740dd7ae86db58cfad3369101a68ac4	1657	1	52332.4	24.302	52332.5	24.1428	9744	24.148	unclassified	chr9	18361080	18370844	7	9744	-	9784	9717	9688	20	47	29	60	0.999282	0.997016	0.990188	0
PBE62149_skip_2148354d_8ae7e6cc_67.pod5	c6fc386b-c080-4098-b037-c660c0776022	8ae7e6cc2740dd7ae86db58cfad3369101a68ac4	900	4	52348.1	6.4676	52348.2	6.3276	2585	23.4145	unclassified	chr2	45119320	45121899	6	2585	-	2581	2577	2573	2	2	4	60	0.997679	0.998448	0.9969	0
PBE62149_skip_2148354d_8ae7e6cc_67.pod5	e7d65d9f-795e-4771-95a7-262adcbeada0	8ae7e6cc2740dd7ae86db58cfad3369101a68ac4	437	4	52328.6	18.4874	52328.6	18.4854	7091	21.656	unclassified	chr4	29446012	29453072	27	7081	+	7082	7032	6993	22	28	39	60	0.994782	0.994454	0.987433	0
PBE62149_skip_2148354d_8ae7e6cc_67.pod5	07655564-c815-43e1-b345-1f5e4f6678a6	8ae7e6cc2740dd7ae86db58cfad3369101a68ac4	1701	3	52319.7	34.8272	52319.9	34.6752	14199	26.6881	unclassified	chr8	17706674	17720871	5	14199	-	14210	14181	14144	13	16	37	60	0.999648	0.997391	0.995355	0
PBE62149_skip_2148354d_8ae7e6cc_67.pod5	17cf84ab-b1fc-4b82-85ec-f70cf3e98e6b	8ae7e6cc2740dd7ae86db58cfad3369101a68ac4	1734	3	52345.6	10.958	52345.7	10.8348	3815	31.9745	unclassified	chr7	107131748	107135553	9	3815	-	3806	3805	3803	1	0	2	60	0.997641	0.999474	0.999212	0
PBE62149_skip_2148354d_8ae7e6cc_67.pod5	c0381f68-bbab-4518-a233-5fb64ef1d5fe	8ae7e6cc2740dd7ae86db58cfad3369101a68ac4	2605	4	52328.8	25.2524	52329	25.1124	10450	32.4799	unclassified	chr2	70275465	70285904	6	10450	-	10450	10433	10424	11	6	9	60	0.999426	0.999137	0.997512	0
PBE62149_skip_2148354d_8ae7e6cc_67.pod5	525fab70-adaf-4da7-a6e4-beb4f3f9cb9c	8ae7e6cc2740dd7ae86db58cfad3369101a68ac4	7	3	52320.1	32.945	52320.1	32.943	14777	14.0028	unclassified	chrX	3106020	3121067	40	14769	+	15237	14539	14171	190	508	368	60	0.996752	0.974689	0.930039	0
PBE62149_skip_2148354d_8ae7e6cc_67.pod5	ee9f5b03-0e57-4e1e-8eed-0521d3a5d731	8ae7e6cc2740dd7ae86db58cfad3369101a68ac4	2748	2	52344.6	10.2296	52344.6	10.2276	4003	12.6712	unclassified	chr1	226249434	226253223	14	3998	+	4042	3731	3685	253	58	46	60	0.995254	0.987671	0.911677	0
PBE62149_skip_2148354d_8ae7e6cc_67.pod5	a79d5253-fa78-4e79-9470-84d0cc6eec48	8ae7e6cc2740dd7ae86db58cfad3369101a68ac4	2093	3	52341.7	5.5004	52341.8	5.3772	2389	17.3759	unclassified	chr8	66074676	66077080	0	2383	+	2409	2378	2350	5	26	28	60	0.997488	0.988225	0.975509	0
PBE62149_skip_2148354d_8ae7e6cc_67.pod5	5808e0b1-a135-45e6-b1e8-438e5a7050be	8ae7e6cc2740dd7ae86db58cfad3369101a68ac4	2427	1	52343.3	9.692	52343.3	9.69	3260	34.2699	unclassified	chr13	17183162	17186377	33	3248	+	3215	3215	3156	0	0	59	1	0.986196	0.981649	0.981649	0
PBE62149_skip_2148354d_8ae7e6cc_67.pod5	871041dc-80ad-4279-8c4c-3e09151ab60f	8ae7e6cc2740dd7ae86db58cfad3369101a68ac4	199	4	52303.4	51.326	52303.5	51.1944	19196	27.7463	unclassified	chr4	6851247	6870424	6	19196	-	19202	19165	19137	25	12	28	60	0.999687	0.998539	0.996615	0
PBE62149_skip_2148354d_8ae7e6cc_67.pod5	fc02b11f-4b06-47e8-9219-3c96443ed0bb	8ae7e6cc2740dd7ae86db58cfad3369101a68ac4	333	2	52344.6	9.4676	52344.8	9.3564	4423	11.7691	unclassified	chr2	121392204	121396635	4	4420	-	4552	4295	4119	121	136	176	60	0.998417	0.959022	0.904877	0
PBE62149_skip_2148354d_8ae7e6cc_67.pod5	d9000975-e659-4e9c-922f-1bc67ad94b74	8ae7e6cc2740dd7ae86db58cfad3369101a68ac4	784	4	52339.5	7.5074	52339.5	7.5054	2952	9.29013	unclassified	chr13	41485997	41488957	5	2910	-	3061	2804	2621	101	156	183	60	0.984079	0.934736	0.856256	0
PBE62149_skip_2148354d_8ae7e6cc_67.pod5	af18325a-94e1-4eee-b092-0faecbe94b06	8ae7e6cc2740dd7ae86db58cfad3369101a68ac4	932	1	52298.2	52.814	52298.4	52.6668	13726	37.404	unclassified	chr1	143214126	143233389	0	13723	+	19285	13701	13349	22	5562	352	5	0.999781	0.974308	0.692196	0
PBE62149_skip_2148354d_8ae7e6cc_67.pod5	fe54537c-0154-41c1-9979-6fb0dc12fb5a	8ae7e6cc2740dd7ae86db58cfad3369101a68ac4	1578	4	52327.9	19.064	52328	18.924	4724	24.6717	unclassified	chr6	84954989	84959701	0	4713	+	4714	4711	4706	2	1	5	60	0.997671	0.998939	0.998303	0
PBE62149_skip_2148354d_8ae7e6cc_67.pod5	5a6c7c9d-e721-4a0e-8d1b-fd59d6d89f2a	8ae7e6cc2740dd7ae86db58cfad3369101a68ac4	1461	4	52338.6	8.3156	52338.7	8.202	3605	26.4441	unclassified	chr5	10050084	10053686	0	3600	+	3607	3595	3588	5	7	7	60	0.998613	0.998053	0.994732	0
PBE62149_skip_2148354d_8ae7e6cc_67.pod5	72b13b0e-a813-4a88-90d7-ff7691f541ee	8ae7e6cc2740dd7ae86db58cfad3369101a68ac4	2666	1	52316.7	30.128	52316.8	29.9928	8939	32.2582	unclassified	chr15	101576274	101585173	0	8933	+	8935	8897	8891	36	2	6	60	0.999329	0.999326	0.995076	0
PBE62149_skip_2148354d_8ae7e6cc_67.pod5	f278ed48-72de-472a-b762-474aab698b03	8ae7e6cc2740dd7ae86db58cfad3369101a68ac4	1340	1	52335.2	11.408	52335.4	11.2728	4903	30.6936	unclassified	chr9	31550739	31555638	6	4903	-	4899	4897	4885	0	2	12	60	0.998776	0.99755	0.997142	0
PBE62149_skip_2148354d_8ae7e6cc_67.pod5	b5e67e43-d09e-4483-b9e5-98d5fa7952cb	8ae7e6cc2740dd7ae86db58cfad3369101a68ac4	1187	4	52338.1	8.7992	52338.2	8.6784	3289	31.104	unclassified	chr7	132212251	132215532	7	3289	-	3282	3281	3281	1	0	0	60	0.997872	1	0.999695	0
PBE62149_skip_2148354d_8ae7e6cc_67.pod5	2fe66a06-9c96-4ef3-b9ba-e137b90c0fc0	8ae7e6cc2740dd7ae86db58cfad3369101a68ac4	2315	4	52342.7	4.4	52342.9	4.1784	884	16.4328	unclassified	chr1	48073638	48074526	0	884	+	888	884	874	0	4	10	60	1	0.988688	0.984234	0
PBE62149_skip_2148354d_8ae7e6cc_67.pod5	94d6ef6d-ccdb-434f-96bd-091f13bd58bb	8ae7e6cc2740dd7ae86db58cfad3369101a68ac4	2682	4	52226.9	113.193	52226.9	113.191	57553	30.4485	unclassified	chr20	31061835	31074804	7511	22277	-	15784	11951	10958	2815	1018	993	60	0.256564	0.916911	0.694247	0
PBE62149_skip_2148354d_8ae7e6cc_67.pod5	565e66dc-7f94-4541-bb72-43246de44e45	8ae7e6cc2740dd7ae86db58cfad3369101a68ac4	2891	1	52329.2	27.4748	52329.3	27.3516	11691	28.0696	unclassified	chr4	70090579	70097806	0	11685	+	11696	7216	7195	4469	11	21	60	0.999487	0.99709	0.615168	0
PBE62149_skip_2148354d_8ae7e6cc_67.pod5	714429df-55a2-41e0-a947-c75e7e7ba066	8ae7e6cc2740dd7ae86db58cfad3369101a68ac4	2608	3	52329.9	21.6992	52330.1	21.4992	5971	25.0136	unclassified	chr6	12676962	12682936	7	5971	-	5980	5958	5943	6	16	15	60	0.998828	0.997482	0.993813	0
PBE62149_skip_2148354d_8ae7e6cc_67.pod5	66a04b9b-ee1a-4977-9f58-0244b135637d	8ae7e6cc2740dd7ae86db58cfad3369101a68ac4	1939	4	52337.9	15.9752	52338	15.864	7239	29.9727	unclassified	chr17	35987413	35994649	0	7234	+	7244	7226	7215	8	10	11	60	0.999309	0.998478	0.995997	0
PBE62149_skip_2148354d_8ae7e6cc_67.pod5	eed88ec2-78e1-48ac-a3f0-423a901f8ee1	8ae7e6cc2740dd7ae86db58cfad3369101a68ac4	2297	2	52342.3	14.0474	52342.3	14.0454	5243	9.14757	unclassified	chr6	32974070	32979457	39	5236	+	5523	5061	4664	136	326	397	60	0.991226	0.921557	0.844469	0
PBE62149_skip_2148354d_8ae7e6cc_67.pod5	57110c45-0f25-4c6f-84c6-45ede4ae91e6	8ae7e6cc2740dd7ae86db58cfad3369101a68ac4	649	4	52338.5	8.684	52338.7	8.5536	3074	36.1768	unclassified	chrY	56762507	56765593	0	3070	+	3101	3055	3020	15	31	35	10	0.998699	0.988543	0.973879	0
PBE62149_skip_2148354d_8ae7e6cc_67.pod5	bf4a85be-28b1-4b6b-b86f-3de91d110e97	8ae7e6cc2740dd7ae86db58cfad3369101a68ac4	317	4	52330.7	16.2332	52330.7	16.2312	6072	8.01937	unclassified	chr14	104466853	104473058	31	6064	+	6447	5791	5326	242	414	465	60	0.993577	0.919703	0.826121	0
PBE62149_skip_2148354d_8ae7e6cc_67.pod5	7c21a65f-202e-4500-9660-53d6d8d9a49b	8ae7e6cc2740dd7ae86db58cfad3369101a68ac4	1030	2	52349.2	7.6748	52349.3	7.5552	3309	24.1606	unclassified	chr6	166078366	166081657	4	3297	+	3298	3286	3274	7	5	12	60	0.995165	0.996348	0.992723	0
PBE62149_skip_2148354d_8ae7e6cc_67.pod5	36bf9d00-8492-42d4-bc11-ba5fd17ea3ff	8ae7e6cc2740dd7ae86db58cfad3369101a68ac4	581	2	52332.6	14.0168	52332.8	13.8336	5658	36.6848	unclassified	chr2	123885419	123891066	0	5650	+	5650	5647	5645	3	0	2	60	0.998586	0.999646	0.999115	0
PBE62149_skip_2148354d_8ae7e6cc_67.pod5	f0aba1c5-38ac-4cc1-96a0-dab2cee3d49f	8ae7e6cc2740dd7ae86db58cfad3369101a68ac4	209	4	52328.2	28.3268	52328.3	28.2312	10081	24.8267	unclassified	chr12	48867480	48877545	0	10081	-	10103	10043	10016	38	22	27	60	1	0.997312	0.991389	0
PBE62149_skip_2148354d_8ae7e6cc_67.pod5	939cf7fb-ccb0-4027-8200-c2946269c6dc	8ae7e6cc2740dd7ae86db58cfad3369101a68ac4	1864	2	52334.9	17.0154	52334.9	17.0134	6844	27.7455	unclassified	chr21	9814162	9822382	5	6816	-	8235	6796	6548	15	1424	248	4	0.995178	0.963508	0.795143	0
PBE62149_skip_2148354d_8ae7e6cc_67.pod5	de7ed5ed-d806-478a-992b-a89dcb51ef5e	8ae7e6cc2740dd7ae86db58cfad3369101a68ac4	1577	4	52349.8	7.2272	52349.9	7.1184	2900	27.8365	unclassified	chrX	132138937	132141832	6	2900	-	2899	2890	2887	4	5	3	60	0.997931	0.998962	0.995861	0
PBE62149_skip_2148354d_8ae7e6cc_67.pod5	0c9c3afc-5bd4-42f6-9dc8-fa2b7ed893e2	8ae7e6cc2740dd7ae86db58cfad3369101a68ac4	2803	2	52326.9	27.4304	52327	27.3432	11080	31.0901	unclassified	chr5	119184382	119195458	0	11080	+	11082	11074	11066	6	2	8	60	1	0.999278	0.998556	0
PBE62149_skip_2148354d_8ae7e6cc_67.pod5	2f1ca201-e9c5-4297-8d49-55bcadd91461	8ae7e6cc2740dd7ae86db58cfad3369101a68ac4	2882	3	52349.5	7.1048	52349.7	6.936	2775	27.082	unclassified	chr16	13680100	13682864	7	2775	-	2769	2763	2763	5	1	0	60	0.997477	1	0.997833	0
PBE62149_skip_2148354d_8ae7e6cc_67.pod5	c4eb89a0-4f9a-46d4-9a6a-63f85d9011b7	8ae7e6cc2740dd7ae86db58cfad3369101a68ac4	1548	4	52326.7	20.377	52326.7	20.375	5955	13.8	unclassified	chr15	93002769	93008706	7	5911	-	6039	5802	5664	102	135	138	60	0.991436	0.976215	0.937904	0
PBE62149_skip_2148354d_8ae7e6cc_67.pod5	462d83c3-615c-4af6-a42b-cde65fd04256	8ae7e6cc2740dd7ae86db58cfad3369101a68ac4	827	2	52344.3	13.7768	52344.4	13.668	5057	33.6784	unclassified	chr17	54565287	54570341	4	5057	-	5054	5053	5050	0	1	3	60	0.999209	0.999406	0.999209	0
PBE62149_skip_2148354d_8ae7e6cc_67.pod5	9b0e5298-919c-4d2d-ab32-a4c9eb2a2d67	8ae7e6cc2740dd7ae86db58cfad3369101a68ac4	707	4	52324.8	28.886	52324.8	28.884	11342	12.3476	unclassified	chr11	116902828	116914162	5	11271	-	11611	10989	10598	277	345	391	60	0.993299	0.964419	0.912755	0
PBE62149_skip_2148354d_8ae7e6cc_67.pod5	841450ba-0191-42c3-8339-5fbc59657b3a	8ae7e6cc2740dd7ae86db58cfad3369101a68ac4	703	1	52319.3	32.212	52319.3	32.21	10846	23.523	unclassified	chr17	31766174	31777001	31	10841	+	10843	10794	10770	16	33	24	60	0.996681	0.997777	0.993268	0
PBE62149_skip_2148354d_8ae7e6cc_67.pod5	22c1cde5-89c4-40c9-8697-bc7f094e06f5	8ae7e6cc2740dd7ae86db58cfad3369101a68ac4	354	3	52350.7	6.5502	52350.7	6.5482	2480	40.9015	unclassified	chr4	92810174	92812605	43	2475	+	2432	2431	2430	1	0	1	60	0.980645	0.999589	0.999178	0
PBE62149_skip_2148354d_8ae7e6cc_67.pod5	54679c51-7be7-437f-bb86-55d08c8f50ed	8ae7e6cc2740dd7ae86db58cfad3369101a68ac4	2347	1	52318	33.5312	52318.2	33.3816	13982	29.1714	unclassified	chr18	11990344	12004335	0	13982	-	13998	13975	13960	7	16	15	60	1	0.998927	0.997285	0
PBE62149_skip_2148354d_8ae7e6cc_67.pod5	999ae9b1-7f4d-4c3a-8a97-f74dfbf7c74f	8ae7e6cc2740dd7ae86db58cfad3369101a68ac4	272	3	52316.4	42.1652	52316.5	42.0348	16839	27.3743	unclassified	chr4	10301223	10318060	5	16839	-	16848	16823	16801	11	14	22	60	0.999703	0.998692	0.99721	0
PBE62149_skip_2148354d_8ae7e6cc_67.pod5	329efdef-a471-4446-80e5-eb22e304946b	8ae7e6cc2740dd7ae86db58cfad3369101a68ac4	1706	2	52315.2	42.7952	52315.4	42.636	12754	30.1586	unclassified	chr7	113036662	113049420	0	12745	+	12762	12741	12723	4	17	18	60	0.999294	0.998587	0.996944	0
PBE62149_skip_2148354d_8ae7e6cc_67.pod5	4eabfb4f-0140-4664-a9cc-61dd2054e436	8ae7e6cc2740dd7ae86db58cfad3369101a68ac4	453	1	52337.8	9.2636	52338	9.042	3338	25.8557	unclassified	chr18	56561627	56564963	6	3338	-	3338	3330	3327	2	6	3	60	0.998203	0.999099	0.996705	0
PBE62149_skip_2148354d_8ae7e6cc_67.pod5	e2d1d441-cdcc-4b25-a056-994c15029ea8	8ae7e6cc2740dd7ae86db58cfad3369101a68ac4	2505	2	52339.6	12.4116	52339.6	12.4096	4891	13.29	unclassified	chr7	122677823	122682709	34	4882	+	4956	4778	4650	70	108	128	60	0.991208	0.973211	0.938257	0
PBE62149_skip_2148354d_8ae7e6cc_67.pod5	1be7838f-e550-4a35-928b-9fbb84d11e08	8ae7e6cc2740dd7ae86db58cfad3369101a68ac4	1184	2	52328.2	20.5772	52328.3	20.4804	8038	25.7437	unclassified	chr11	82613338	82621375	0	8032	+	8045	8024	8019	8	13	5	60	0.999254	0.999377	0.996768	0
PBE62149_skip_2148354d_8ae7e6cc_67.pod5	42abf5e6-3b0e-4399-b3da-a8cc23fd965d	8ae7e6cc2740dd7ae86db58cfad3369101a68ac4	1160	3	52348.8	6.0656	52348.9	5.9616	2214	29.1012	unclassified	chr14	54991864	54994072	0	2208	+	2208	2208	2208	0	0	0	60	0.99729	1	1	0
PBE62149_skip_2148354d_8ae7e6cc_67.pod5	a98602df-351b-4a6d-a959-2be104bc682e	8ae7e6cc2740dd7ae86db58cfad3369101a68ac4	1595	3	52337.1	10.1132	52337.2	10.0308	3818	24.1827	unclassified	chr5	157599816	157603634	0	3812	+	3820	3810	3801	2	8	9	60	0.998429	0.997638	0.995026	0
PBE62149_skip_2148354d_8ae7e6cc_67.pod5	e69f0938-af8a-4a69-ad95-6f7d243c1d4f	8ae7e6cc2740dd7ae86db58cfad3369101a68ac4	2594	1	52349.3	4.6508	52349.4	4.5924	2998	19.5862	unclassified	chr2	212633991	212636999	10	2998	-	3013	2983	2958	5	25	25	60	0.996664	0.991619	0.981746	0
PBE62149_skip_2148354d_8ae7e6cc_67.pod5	da153018-33fa-44b5-85c0-2f42f18b59a7	8ae7e6cc2740dd7ae86db58cfad3369101a68ac4	1365	3	52351.3	5.3552	52351.5	5.1504	1134	32.2789	unclassified	chr7	144289489	144290625	0	1134	-	1136	1134	1130	0	2	4	0	1	0.996473	0.994718	0
PBE62149_skip_2148354d_8ae7e6cc_67.pod5	9bb5261d-f3da-4b58-a24b-9e90592340bf	8ae7e6cc2740dd7ae86db58cfad3369101a68ac4	844	1	52340.2	11.834	52340.3	11.7156	4820	33.3614	unclassified	chr20	52383007	52387822	10	4820	-	4823	4802	4797	8	13	5	60	0.997925	0.998959	0.994609	0
PBE62149_skip_2148354d_8ae7e6cc_67.pod5	1ba09e8a-bcfd-4931-85d9-ea3a7764f4b9	8ae7e6cc2740dd7ae86db58cfad3369101a68ac4	1884	1	52290.8	56.1116	52290.9	55.9788	21009	41.8715	unclassified	chr1	123540420	123547870	2	7461	-	7469	7440	6756	19	10	684	1	0.355038	0.908065	0.904539	0
PBE62149_skip_2148354d_8ae7e6cc_67.pod5	bfc3d8c6-3e75-43ee-8555-440d7cb3c8ef	8ae7e6cc2740dd7ae86db58cfad3369101a68ac4	179	4	52355.3	1.4204	52355.4	1.302	498	27.7396	unclassified	chr9	67154484	67154979	0	495	+	495	495	495	0	0	0	26	0.993976	1	1	0
PBE62149_skip_2148354d_8ae7e6cc_67.pod5	28dd3f68-5b76-4415-8033-51984f76ce57	8ae7e6cc2740dd7ae86db58cfad3369101a68ac4	654	1	52342.5	7.0712	52342.7	6.9168	3080	21.7205	unclassified	chr19	29215778	29218685	156	3080	-	2932	2899	2890	25	8	9	60	0.949351	0.996895	0.985675	0
PBE62149_skip_2148354d_8ae7e6cc_67.pod5	3193674e-899a-4c09-b39e-63c3b7cb0253	8ae7e6cc2740dd7ae86db58cfad3369101a68ac4	425	2	52320	28.3112	52320.2	28.176	10037	19.3069	unclassified	chr11	19867936	19877984	8	10037	-	10112	9965	9881	64	83	84	60	0.999203	0.99157	0.977156	0
PBE62149_skip_2148354d_8ae7e6cc_67.pod5	51f0230e-fa1c-4a8b-8311-e5c8a9faad86	8ae7e6cc2740dd7ae86db58cfad3369101a68ac4	2457	4	52337.9	13.7816	52338	13.6536	4243	29.2408	unclassified	chr3	145547822	145551945	0	4235	+	4242	4116	4090	119	7	26	60	0.998115	0.993683	0.964168	0
PBE62149_skip_2148354d_8ae7e6cc_67.pod5	3b6ae2fd-323e-4606-a8ee-14903959538e	8ae7e6cc2740dd7ae86db58cfad3369101a68ac4	2587	4	52315.9	38.0864	52316.1	37.9536	14001	22.5697	unclassified	chrX	146955530	146969526	0	13993	+	14023	13966	13920	27	30	46	60	0.999429	0.996706	0.992655	0
PBE62149_skip_2148354d_8ae7e6cc_67.pod5	66d3d70d-839c-4642-9ef7-3bf209c1d998	8ae7e6cc2740dd7ae86db58cfad3369101a68ac4	1873	2	52337.6	14.0216	52337.7	13.8816	5316	24.8696	unclassified	chr3	54944954	54950262	10	5314	-	5317	5295	5283	9	13	12	60	0.997743	0.997734	0.993605	0
PBE62149_skip_2148354d_8ae7e6cc_67.pod5	593ef3f5-d55a-45d5-9afb-0258f8ee490f	8ae7e6cc2740dd7ae86db58cfad3369101a68ac4	2449	3	52333.8	17.5596	52333.8	17.5576	8916	8.60487	unclassified	chr4	101981885	101990992	14	8884	-	9405	8572	7963	298	535	609	60	0.994841	0.928955	0.846677	0
PBE62149_skip_2148354d_8ae7e6cc_67.pod5	6a171059-466c-451c-8399-b577e41c09d6	8ae7e6cc2740dd7ae86db58cfad3369101a68ac4	2621	4	52337.5	20.6444	52337.6	20.5644	8850	26.6834	unclassified	chr2	152000467	152009328	0	8844	+	8866	8839	8815	5	22	24	60	0.999322	0.997285	0.994248	0
PBE62149_skip_2148354d_8ae7e6cc_67.pod5	26e17ef1-657f-4140-a222-f875af137eef	8ae7e6cc2740dd7ae86db58cfad3369101a68ac4	2683	2	52336.8	19.16	52336.9	19.0224	6678	30.9073	unclassified	chr3	82556604	82563276	0	6672	+	6679	6665	6659	7	7	6	60	0.999102	0.9991	0.997006	0
PBE62149_skip_2148354d_8ae7e6cc_67.pod5	14134ddb-5ade-42d0-b39f-42ac6d1b332a	8ae7e6cc2740dd7ae86db58cfad3369101a68ac4	1547	3	52317.2	37.136	52317.3	37.044	15375	29.4687	unclassified	chr5	166856182	166871748	0	15369	+	15583	15352	15322	17	214	30	60	0.99961	0.998046	0.983251	0
PBE62149_skip_2148354d_8ae7e6cc_67.pod5	0d4d3406-7b26-40ea-80bf-91cf99d054eb	8ae7e6cc2740dd7ae86db58cfad3369101a68ac4	1680	2	52322.7	28.4158	52322.7	28.4138	10622	27.4786	unclassified	chr7	6914753	6925327	6	10592	-	10597	10563	10516	23	11	47	60	0.996611	0.995551	0.992356	0
PBE62149_skip_2148354d_8ae7e6cc_67.pod5	a7b05e69-fb68-4159-9c18-a3ac5c3c6b7e	8ae7e6cc2740dd7ae86db58cfad3369101a68ac4	738	4	52340.3	11.3278	52340.3	11.3258	4234	15.9293	unclassified	chr3	8676346	8680729	31	4213	+	4421	4144	4076	38	239	68	60	0.987718	0.983591	0.921963	0
PBE62149_skip_2148354d_8ae7e6cc_67.pod5	53a599ea-b447-4186-822b-fc96040b5d85	8ae7e6cc2740dd7ae86db58cfad3369101a68ac4	550	3	52308.3	35.6978	52308.3	35.6958	16257	26.0077	unclassified	chr5	31466948	31483154	5	16223	-	16240	16184	16148	34	22	36	60	0.997601	0.997776	0.994335	0
PBE62149_skip_2148354d_8ae7e6cc_67.pod5	e76e4d5f-3141-4f14-b528-80bc850f31af	8ae7e6cc2740dd7ae86db58cfad3369101a68ac4	837	1	52307.7	46.6508	52307.8	46.5348	18229	20.245	unclassified	chr15	86263456	86281702	6	18229	-	18311	18158	18065	65	88	93	60	0.999671	0.994878	0.986565	0
PBE62149_skip_2148354d_8ae7e6cc_67.pod5	ac13a762-1e09-4c3c-8c73-cb7817b659eb	8ae7e6cc2740dd7ae86db58cfad3369101a68ac4	2095	4	52304.6	43.5708	52304.7	43.5688	15232	12.6314	unclassified	chr1	17552664	17567946	16	15207	-	15626	14847	14283	344	435	564	60	0.997308	0.962013	0.914053	0
PBE62149_skip_2148354d_8ae7e6cc_67.pod5	f5d26197-37ca-43f7-987f-d339c1467d68	8ae7e6cc2740dd7ae86db58cfad3369101a68ac4	1375	4	52300	51.4868	52300.1	51.366	18600	29.8106	unclassified	chr5	117964646	117983045	0	18592	+	18599	18392	18362	200	7	30	60	0.99957	0.998369	0.987257	0
PBE62149_skip_2148354d_8ae7e6cc_67.pod5	5a83362c-d693-4e2a-9cf9-30498e23bae4	8ae7e6cc2740dd7ae86db58cfad3369101a68ac4	2582	1	52314.7	41.6384	52314.8	41.5104	15732	30.354	unclassified	chr2	104309689	104325414	6	15732	-	15741	15710	15707	16	15	3	60	0.999619	0.999809	0.99784	0
PBE62149_skip_2148354d_8ae7e6cc_67.pod5	db5fafbe-a422-463b-8ec8-9b524ab393b5	8ae7e6cc2740dd7ae86db58cfad3369101a68ac4	415	1	52323.6	29.6996	52323.7	29.5392	12220	26.4767	unclassified	chr5	58235297	58247500	0	12198	+	12213	12188	12159	10	15	29	60	0.9982	0.997621	0.995578	0
PBE62149_skip_2148354d_8ae7e6cc_67.pod5	ea2da93f-e0c5-49d0-980c-d9902d36994a	8ae7e6cc2740dd7ae86db58cfad3369101a68ac4	854	2	52301.7	44.432	52301.8	44.2872	17534	27.1764	unclassified	chr2	83774481	83792016	7	17534	-	17572	17490	17437	37	45	53	60	0.999601	0.99697	0.992317	0
PBE62149_skip_2148354d_8ae7e6cc_67.pod5	a3f8d2ce-1c55-4d3c-a544-0dae0bcb1688	8ae7e6cc2740dd7ae86db58cfad3369101a68ac4	521	4	52302.2	50.174	52302.4	50.0196	20606	29.898	unclassified	chr11	37639035	37659630	8	20606	-	20628	20565	20487	33	30	78	60	0.999612	0.996207	0.993165	0
PBE62149_skip_2148354d_8ae7e6cc_67.pod5	2f716a5e-3913-4070-839b-ad85adf2e1d0	8ae7e6cc2740dd7ae86db58cfad3369101a68ac4	1906	3	52320.2	26.504	52320.4	26.3664	11234	29.8498	unclassified	chr10	117834569	117845807	4	11234	-	11241	11227	11204	3	11	23	60	0.999644	0.997951	0.996708	0
PBE62149_skip_2148354d_8ae7e6cc_67.pod5	1721527c-0d21-4e4d-9028-a1d926ee5eaf	8ae7e6cc2740dd7ae86db58cfad3369101a68ac4	906	4	52293.3	63.1954	52293.3	63.1934	29986	14.1471	unclassified	chr3	10950814	10981209	34	29965	+	30762	29564	28991	367	831	573	60	0.998166	0.980618	0.942429	0
PBE62149_skip_2148354d_8ae7e6cc_67.pod5	de0310d2-cc28-4ae2-9289-2122f3f5118e	8ae7e6cc2740dd7ae86db58cfad3369101a68ac4	300	2	52331.4	14.9838	52331.4	14.9818	5960	37.6554	unclassified	chr9	43905410	43912015	6	5927	-	6605	5921	5852	0	684	69	1	0.993456	0.988347	0.885995	0
PBE62149_skip_2148354d_8ae7e6cc_67.pod5	2f8d0d9e-a26a-4c2e-aa92-b20dc05e9dac	8ae7e6cc2740dd7ae86db58cfad3369101a68ac4	2156	4	52256.9	100.8	52256.9	100.798	23437	8.36525	unclassified	chr8	60701927	60717433	8	14908	-	15956	14450	13439	450	1056	1011	60	0.635747	0.930035	0.842254	0
PBE62149_skip_2148354d_8ae7e6cc_67.pod5	7fd4ca43-123a-46cc-81b3-3d3d29b57111	8ae7e6cc2740dd7ae86db58cfad3369101a68ac4	1856	2	52327	27.432	52327	27.43	11681	28.245	unclassified	chr8	45806477	45818130	32	11673	+	11655	11639	11490	2	14	149	1	0.996576	0.987198	0.985843	0
PBE62149_skip_2148354d_8ae7e6cc_67.pod5	d8f642cf-54e4-4a6e-906e-49d96bcd6ce1	8ae7e6cc2740dd7ae86db58cfad3369101a68ac4	1187	4	52347.2	9.8366	52347.2	9.8346	3795	21.5276	unclassified	chr6	52571974	52575745	10	3763	-	3776	3748	3733	5	23	15	60	0.988933	0.995998	0.988612	0
PBE62149_skip_2148354d_8ae7e6cc_67.pod5	e50bafa8-fed5-44ad-bb9b-d4c205da5f16	8ae7e6cc2740dd7ae86db58cfad3369101a68ac4	2785	1	52344.4	10.2344	52344.5	10.1016	4020	34.6018	unclassified	chr6	80242234	80246247	0	4013	+	4013	4013	4009	0	0	4	60	0.998259	0.999003	0.999003	0
PBE62149_skip_2148354d_8ae7e6cc_67.pod5	81a41f90-c878-4a82-8736-3c9fe4a15a01	8ae7e6cc2740dd7ae86db58cfad3369101a68ac4	2901	3	52343.4	11.336	52343.5	11.172	4646	27.7742	unclassified	chr1	230727667	230732317	0	4646	+	4652	4644	4620	2	6	24	60	1	0.994832	0.993121	0
PBE62149_skip_2148354d_8ae7e6cc_67.pod5	e58cc094-ccb1-4bb9-8fd2-5fb31395c69a	8ae7e6cc2740dd7ae86db58cfad3369101a68ac4	2749	2	52323.4	25.443	52323.4	25.441	8547	27.0092	unclassified	chr2	197598753	197607271	6	8513	-	8528	8497	8484	10	21	13	60	0.99532	0.99847	0.994841	0
PBE62149_skip_2148354d_8ae7e6cc_67.pod5	5d225143-a81f-4093-bd80-9af340e8a718	8ae7e6cc2740dd7ae86db58cfad3369101a68ac4	1277	3	52337.9	17.1336	52337.9	17.1316	6633	29.9638	unclassified	chr10	70104627	70111229	6	6605	-	6605	6596	6592	3	6	4	60	0.994874	0.999394	0.998032	0
PBE62149_skip_2148354d_8ae7e6cc_67.pod5	e3cc1d2e-0eba-4ec3-9746-6a57197f2cc1	8ae7e6cc2740dd7ae86db58cfad3369101a68ac4	698	4	52333.4	15.3224	52333.5	15.2136	6050	20.7753	unclassified	chr14	67475602	67481659	0	6047	+	6065	6039	6011	8	18	28	60	0.999504	0.995363	0.991096	0
PBE62149_skip_2148354d_8ae7e6cc_67.pod5	421cdec2-3191-4669-bcd1-9d3d2a5c7e75	8ae7e6cc2740dd7ae86db58cfad3369101a68ac4	970	4	52328.3	26.6024	52328.5	26.4312	11086	27.6106	unclassified	chr2	61105424	61116517	0	11080	+	11101	11072	11061	8	21	11	60	0.999459	0.999007	0.996397	0
PBE62149_skip_2148354d_8ae7e6cc_67.pod5	5ea111eb-9e15-4b4a-84b1-9cea74a86fd4	8ae7e6cc2740dd7ae86db58cfad3369101a68ac4	716	4	52290.5	29.7332	52290.5	29.7312	9795	7.335	unclassified	chr15	63501910	63512737	0	9732	-	11396	9163	8226	569	1664	937	60	0.993568	0.897741	0.721832	0
PBE62149_skip_2148354d_8ae7e6cc_67.pod5	8271d43e-2d21-4a52-8204-38e3caf49a09	8ae7e6cc2740dd7ae86db58cfad3369101a68ac4	1965	2	52327.1	26.8382	52327.1	26.8362	10979	10.1839	unclassified	chr14	55564842	55575830	35	10966	+	11376	10543	9994	388	445	549	60	0.995628	0.947928	0.878516	0
PBE62149_skip_2148354d_8ae7e6cc_67.pod5	5e3b771a-1c0b-482c-898d-abdf971c43f1	8ae7e6cc2740dd7ae86db58cfad3369101a68ac4	2282	1	52351.4	5.6966	52351.4	5.6946	2563	25.2973	unclassified	chr11	103968468	103970987	7	2521	-	2523	2510	2505	4	9	5	60	0.980882	0.998008	0.992866	0
PBE62149_skip_2148354d_8ae7e6cc_67.pod5	ce85e79f-c1b7-48e4-815e-b04ed917a22f	8ae7e6cc2740dd7ae86db58cfad3369101a68ac4	1720	3	52281.7	74.6588	52281.8	74.5212	24550	28.1254	unclassified	chr4	49285619	49309008	8	24304	-	24389	23296	22464	1000	93	832	15	0.989654	0.964286	0.921071	0
PBE62149_skip_2148354d_8ae7e6cc_67.pod5	1302e169-c044-43e7-a6d7-93602ab3ec46	8ae7e6cc2740dd7ae86db58cfad3369101a68ac4	284	1	52320.4	34.6544	52320.9	34.1448	10038	11.4577	unclassified	chr20	34916753	34927022	8	10038	-	10452	9847	9491	183	422	356	60	0.999203	0.963847	0.908056	0
PBE62149_skip_2148354d_8ae7e6cc_67.pod5	f1238091-5b91-4ac9-94a4-75367ac53102	8ae7e6cc2740dd7ae86db58cfad3369101a68ac4	1282	2	52338.1	15.4808	52338.2	15.3816	6635	23.917	unclassified	chrX	9144817	9151453	0	6635	-	6650	6621	6612	14	15	9	60	1	0.998641	0.994286	0
PBE62149_skip_2148354d_8ae7e6cc_67.pod5	8f2e6663-1d0f-468f-9881-cf9f4de76dca	8ae7e6cc2740dd7ae86db58cfad3369101a68ac4	2651	1	52343.5	10.5684	52343.5	10.5664	2312	22.515	unclassified	chr15	48116279	48118560	6	2286	-	2284	2277	2275	3	4	2	60	0.986159	0.999122	0.99606	0
PBE62149_skip_2148354d_8ae7e6cc_67.pod5	afa17d12-3610-4804-bdef-70089e889bb5	8ae7e6cc2740dd7ae86db58cfad3369101a68ac4	2446	4	52345.1	12.855	52345.1	12.853	5193	13.5703	unclassified	chr9	80151568	80156738	55	5187	+	5239	5063	4933	69	107	130	60	0.988253	0.974324	0.941592	0
PBE62149_skip_2148354d_8ae7e6cc_67.pod5	a6c3f503-e4e8-48ff-999b-4eecbb941723	8ae7e6cc2740dd7ae86db58cfad3369101a68ac4	2076	1	52345.7	12.4418	52345.7	12.4398	5549	20.2675	unclassified	chr1	231919543	231925062	42	5540	+	5538	5479	5447	19	40	32	60	0.990809	0.99416	0.983568	0
PBE62149_skip_2148354d_8ae7e6cc_67.pod5	76e0910f-42f8-4810-be08-d5a168b7bc32	8ae7e6cc2740dd7ae86db58cfad3369101a68ac4	1917	3	52347.6	10.6028	52347.7	10.482	4409	34.5467	unclassified	chr12	110854684	110859089	0	4403	+	4414	4394	4387	9	11	7	60	0.998639	0.998407	0.993883	0
PBE62149_skip_2148354d_8ae7e6cc_67.pod5	b595a6bd-4919-4b3d-9cf7-87733d6c2880	8ae7e6cc2740dd7ae86db58cfad3369101a68ac4	468	2	52342.9	15.873	52342.9	15.871	6624	9.57422	unclassified	chr7	142779595	142786374	30	6595	-	6962	6382	6005	183	397	377	60	0.991093	0.940928	0.86254	0
PBE62149_skip_2148354d_8ae7e6cc_67.pod5	be6228f7-ae45-462d-b1b0-5440319043ec	8ae7e6cc2740dd7ae86db58cfad3369101a68ac4	1051	4	52339.2	13.2944	52339.2	13.2924	5661	27.2255	unclassified	chr9	101015090	101020703	6	5620	-	5619	5608	5598	6	5	10	60	0.991698	0.998217	0.996263	0
PBE62149_skip_2148354d_8ae7e6cc_67.pod5	c08b328b-6101-405b-b254-721c2ff7789d	8ae7e6cc2740dd7ae86db58cfad3369101a68ac4	720	4	52337	9.114	52337.2	8.9676	3783	24.0878	unclassified	chr14	38135471	38139242	6	3783	-	3779	3769	3759	8	2	10	60	0.998414	0.997347	0.994708	0
PBE62149_skip_2148354d_8ae7e6cc_67.pod5	c2f1c3c0-1fe8-4f12-aabb-e3e08c1df857	8ae7e6cc2740dd7ae86db58cfad3369101a68ac4	1608	2	52324.8	26.205	52324.8	26.203	9372	19.8681	unclassified	chr15	91549333	91558694	37	9367	+	9378	9313	9253	17	48	60	60	0.995519	0.993557	0.986671	0
PBE62149_skip_2148354d_8ae7e6cc_67.pod5	97cad8b8-0515-4384-b3a7-c3eab0e629f2	8ae7e6cc2740dd7ae86db58cfad3369101a68ac4	923	1	52324.1	29.456	52324.2	29.346	10806	31.5731	unclassified	chr13	82753011	82763837	0	10800	+	10828	10798	10780	2	28	18	60	0.999445	0.998333	0.995567	0
PBE62149_skip_2148354d_8ae7e6cc_67.pod5	8e27c1c5-15e0-4dd3-a29e-04ddcd5421e3	8ae7e6cc2740dd7ae86db58cfad3369101a68ac4	1576	3	52352.5	1.5082	52352.5	1.5062	649	34.9202	unclassified	chr18	6239421	6240070	0	649	+	649	649	649	0	0	0	60	1	1	1	0
PBE62149_skip_2148354d_8ae7e6cc_67.pod5	ada0c5d6-f81d-4584-9df9-e51e607ac670	8ae7e6cc2740dd7ae86db58cfad3369101a68ac4	2197	4	52309.1	39.8588	52309.2	39.7596	16039	25.4478	unclassified	chr11	121761916	121777990	0	16031	+	16095	16010	15943	21	64	67	60	0.999501	0.995815	0.990556	0
PBE62149_skip_2148354d_8ae7e6cc_67.pod5	128327b8-36fd-4b2a-ab8b-ab2919659e4a	8ae7e6cc2740dd7ae86db58cfad3369101a68ac4	1105	2	52323.4	25.743	52323.4	25.741	8028	12.3267	unclassified	chr1	244591119	244599159	7	7986	-	8194	7825	7530	154	215	295	60	0.993896	0.9623	0.918965	0
PBE62149_skip_2148354d_8ae7e6cc_67.pod5	b113aa2b-c6cd-442d-9108-5783f638c016	8ae7e6cc2740dd7ae86db58cfad3369101a68ac4	1370	3	52316.2	37.2248	52316.3	37.0848	14673	29.3315	unclassified	chr18	21432209	21446887	0	14667	+	14688	14657	14649	10	21	8	60	0.999591	0.999454	0.997345	0
PBE62149_skip_2148354d_8ae7e6cc_67.pod5	f615f5c4-2a37-4c4f-9b3a-42b2d46fb09e	8ae7e6cc2740dd7ae86db58cfad3369101a68ac4	720	4	52310.2	26.8536	52310.2	26.8536	9317	19.9426	unclassified	chr22	36143169	36150750	1598	9284	-	7721	7546	7494	140	35	52	60	0.824944	0.993109	0.9706	0
PBE62149_skip_2148354d_8ae7e6cc_67.pod5	b2f599ab-1a2f-4f4a-b262-547757a2f60d	8ae7e6cc2740dd7ae86db58cfad3369101a68ac4	966	2	52348	6.9176	52348.1	6.792	2746	22.7926	unclassified	chr13	25699459	25702200	0	2740	+	2753	2728	2717	12	13	11	60	0.997815	0.995968	0.986923	0
PBE62149_skip_2148354d_8ae7e6cc_67.pod5	9c88255c-4b05-4c9e-9ec4-b0f0245bd7f5	8ae7e6cc2740dd7ae86db58cfad3369101a68ac4	1741	1	52309.2	42.512	52309.3	42.408	14564	25.0737	unclassified	chr3	31701789	31716331	19	14564	-	14572	14515	14483	30	27	32	60	0.998695	0.997795	0.993892	0
PBE62149_skip_2148354d_8ae7e6cc_67.pod5	4da30425-1467-4feb-b220-ee28ed41d038	8ae7e6cc2740dd7ae86db58cfad3369101a68ac4	2451	4	52344.9	13.7234	52344.9	13.7214	5361	28.6298	unclassified	chr4	74278922	74284255	6	5343	-	5354	5316	5314	21	17	2	60	0.995523	0.999624	0.992529	0
PBE62149_skip_2148354d_8ae7e6cc_67.pod5	791bd3b7-8264-4c6e-a369-418626dc673f	8ae7e6cc2740dd7ae86db58cfad3369101a68ac4	2151	4	52301.8	43.7876	52301.9	43.6956	12377	12.3318	unclassified	chr6	139629511	139640477	951	12377	-	11440	10952	10891	474	14	61	60	0.923164	0.99443	0.952011	0
PBE62149_skip_2148354d_8ae7e6cc_67.pod5	dd36006d-c8ef-4fee-a78d-2d30ff0d4033	8ae7e6cc2740dd7ae86db58cfad3369101a68ac4	830	4	52309.5	46.6714	52309.5	46.6694	18462	11.2437	unclassified	chr6	96105850	96124395	5	18424	-	19107	17857	17007	562	688	850	60	0.997671	0.9524	0.890093	0
PBE62149_skip_2148354d_8ae7e6cc_67.pod5	c9a0e06d-06bc-4e3f-8fec-e446ba8e34c5	8ae7e6cc2740dd7ae86db58cfad3369101a68ac4	298	2	52334.4	14.9228	52334.5	14.826	4688	30.5804	unclassified	chr7	25544295	25548971	0	4681	+	4682	4675	4669	6	1	6	60	0.998507	0.998717	0.997223	0
PBE62149_skip_2148354d_8ae7e6cc_67.pod5	91a7f8e8-e2c0-4b4d-8f33-9fce4abef06b	8ae7e6cc2740dd7ae86db58cfad3369101a68ac4	958	2	52345.5	11.0324	52345.7	10.8972	4288	22.3941	unclassified	chr19	50084401	50088690	3	4288	-	4298	4276	4261	9	13	15	60	0.9993	0.996492	0.991391	0
PBE62149_skip_2148354d_8ae7e6cc_67.pod5	d750853a-a264-4de9-8bba-d5f7934f52ef	8ae7e6cc2740dd7ae86db58cfad3369101a68ac4	2581	3	52311.7	41.5196	52311.8	41.4084	14896	27.9734	unclassified	chr19	3109044	3123935	8	14896	-	14906	14873	14832	15	18	41	60	0.999463	0.997243	0.995036	0
PBE62149_skip_2148354d_8ae7e6cc_67.pod5	9e714489-7757-4308-9df8-5e3a368b8ccf	8ae7e6cc2740dd7ae86db58cfad3369101a68ac4	1451	4	52297.1	55.9508	52297.2	55.8156	18958	21.6877	unclassified	chr9	132064571	132083478	0	18954	+	19007	18854	18812	100	53	42	60	0.999789	0.997772	0.989741	0
PBE62149_skip_2148354d_8ae7e6cc_67.pod5	d129a843-b014-4a2f-8554-6f3114f0b6be	8ae7e6cc2740dd7ae86db58cfad3369101a68ac4	377	1	52325.8	28.028	52326	27.876	11330	25.1857	unclassified	chr7	32951819	32963161	0	11324	+	11357	11309	11289	15	33	20	60	0.99947	0.998231	0.994012	0
PBE62149_skip_2148354d_8ae7e6cc_67.pod5	f1ec3582-de8c-4717-ace0-dc8fb6e465b7	8ae7e6cc2740dd7ae86db58cfad3369101a68ac4	1483	2	52299.3	52.814	52299.4	52.7124	21536	30.9658	unclassified	chr8	131096975	131118513	10	21536	-	21543	21521	21504	5	17	17	60	0.999536	0.99921	0.99819	0
PBE62149_skip_2148354d_8ae7e6cc_67.pod5	60aa2fe1-ea18-4a1b-bace-9fa4e5db0f1c	8ae7e6cc2740dd7ae86db58cfad3369101a68ac4	968	3	52275.5	79.0808	52275.5	79.0032	33137	22.3333	unclassified	chr11	47021310	47054488	0	33133	+	33262	33049	32952	84	129	97	60	0.999879	0.997065	0.99068	0
PBE62149_skip_2148354d_8ae7e6cc_67.pod5	414e7295-4bf4-4a9e-98be-b2962688f960	8ae7e6cc2740dd7ae86db58cfad3369101a68ac4	2624	2	52302	49.3376	52302.1	49.248	17457	26.9831	unclassified	chr15	19896437	19913857	2	17450	+	17465	17403	17373	45	17	30	60	0.999484	0.998276	0.994732	0
PBE62149_skip_2148354d_8ae7e6cc_67.pod5	a9af1af7-b247-41ef-a70e-769f41a56e85	8ae7e6cc2740dd7ae86db58cfad3369101a68ac4	801	3	52340.5	8.5892	52340.6	8.4516	2906	28.8848	unclassified	chr3	146982707	146985610	5	2906	-	2904	2900	2899	1	3	1	60	0.998279	0.999655	0.998278	0
PBE62149_skip_2148354d_8ae7e6cc_67.pod5	5cbad17d-972e-47df-a512-c54017aeed43	8ae7e6cc2740dd7ae86db58cfad3369101a68ac4	945	2	52339.1	10.1888	52339.2	10.0608	3707	29.7655	unclassified	chr3	27415260	27418964	0	3701	+	3707	3698	3692	3	6	6	60	0.998381	0.998378	0.995954	0
PBE62149_skip_2148354d_8ae7e6cc_67.pod5	3256ef6d-e335-4ec7-b13c-8d87ee1ce6a9	8ae7e6cc2740dd7ae86db58cfad3369101a68ac4	1688	4	52340.2	7.0256	52340.3	6.888	2920	25.8763	unclassified	chr9	131533876	131536793	6	2920	-	2919	2912	2908	2	5	4	60	0.997945	0.998626	0.996232	0
PBE62149_skip_2148354d_8ae7e6cc_67.pod5	cdcfc8a2-2be1-4f4d-8581-aada9e761b25	8ae7e6cc2740dd7ae86db58cfad3369101a68ac4	1806	3	52352.5	7.145	52352.5	7.143	3268	27.6565	unclassified	chr21	8413539	8416903	32	3268	+	3388	3212	3175	24	152	37	0	0.990208	0.988481	0.937131	0
PBE62149_skip_2148354d_8ae7e6cc_67.pod5	f5bc11e0-016c-45d0-a1fe-c9ffebd347d5	8ae7e6cc2740dd7ae86db58cfad3369101a68ac4	1359	1	52316.6	30.0164	52316.7	29.9088	13715	10.2752	unclassified	chr6	99845811	99859764	2	13709	+	14366	13294	12561	413	659	733	60	0.999417	0.944862	0.874356	0
PBE62149_skip_2148354d_8ae7e6cc_67.pod5	10441b24-1d50-4e93-b5ad-4d7daf6fe6e5	8ae7e6cc2740dd7ae86db58cfad3369101a68ac4	1056	2	52351.5	7.0856	52351.6	6.924	2822	29.8219	unclassified	chr4	183963806	183966623	4	2822	-	2818	2817	2813	1	0	4	60	0.998583	0.99858	0.998226	0
PBE62149_skip_2148354d_8ae7e6cc_67.pod5	a2890b4c-8b9c-4654-9275-f5aa6c550e41	8ae7e6cc2740dd7ae86db58cfad3369101a68ac4	1629	4	52341.4	10.7312	52341.5	10.584	4460	28.8905	unclassified	chr2	136335363	136339814	5	4460	-	4458	4448	4437	7	3	11	60	0.998879	0.997527	0.995289	0
PBE62149_skip_2148354d_8ae7e6cc_67.pod5	539d377a-371e-4928-bcfb-6ba7a67f9a2e	8ae7e6cc2740dd7ae86db58cfad3369101a68ac4	1030	2	52333.9	15.2588	52334	15.1332	6352	26.2823	unclassified	chr7	105860071	105866423	6	6352	-	6363	6335	6318	11	17	17	60	0.999055	0.997316	0.992928	0
PBE62149_skip_2148354d_8ae7e6cc_67.pod5	afc29334-89a7-4e8f-a5f2-1bf0da526ad2	8ae7e6cc2740dd7ae86db58cfad3369101a68ac4	828	1	52335.4	23.0936	52335.5	22.9488	10045	23.6092	unclassified	chrX	102067829	102077877	0	10038	+	10061	10025	9999	13	23	26	60	0.999303	0.997406	0.993838	0
PBE62149_skip_2148354d_8ae7e6cc_67.pod5	7d74c7f9-4cb0-4608-a988-476df1dec0d1	8ae7e6cc2740dd7ae86db58cfad3369101a68ac4	2341	2	52340.8	13.5596	52340.8	13.4748	6572	26.0444	unclassified	chrY	7627411	7633985	5	6572	-	6580	6561	6553	6	13	8	60	0.999239	0.998781	0.995897	0
PBE62149_skip_2148354d_8ae7e6cc_67.pod5	98ac4505-e479-4fcd-b282-a25272c24707	8ae7e6cc2740dd7ae86db58cfad3369101a68ac4	1878	1	52341.5	15.806	52341.6	15.6828	6251	27.8428	unclassified	chr2	157065782	157072023	0	6241	+	6247	6235	6221	6	6	14	60	0.9984	0.997755	0.995838	0
PBE62149_skip_2148354d_8ae7e6cc_67.pod5	c8623028-328c-42ae-aa46-dc40126bf1e3	8ae7e6cc2740dd7ae86db58cfad3369101a68ac4	1105	2	52349.3	9.0584	52349.3	9.0564	3563	13.6091	unclassified	chr3	102050181	102053749	21	3555	+	3607	3495	3400	39	73	95	60	0.991861	0.972818	0.942612	0
PBE62149_skip_2148354d_8ae7e6cc_67.pod5	bf3adb06-7f56-4ee1-9f50-201ee982dd04	8ae7e6cc2740dd7ae86db58cfad3369101a68ac4	2431	3	52345.9	12.6356	52346.1	12.5124	5087	28.5668	unclassified	chr4	116295475	116300527	0	5081	+	5083	5050	5042	31	2	8	60	0.998821	0.998416	0.991934	0
PBE62149_skip_2148354d_8ae7e6cc_67.pod5	4f2f59a9-3b10-40bf-8567-a26f1ec87b74	8ae7e6cc2740dd7ae86db58cfad3369101a68ac4	290	4	52311.7	45.074	52311.9	44.8788	12490	24.0804	unclassified	chr8	103662801	103675304	0	12486	+	12516	12473	12448	13	30	25	60	0.99968	0.997996	0.994567	0
PBE62149_skip_2148354d_8ae7e6cc_67.pod5	d43feda7-7b20-467b-99c7-9db080f33834	8ae7e6cc2740dd7ae86db58cfad3369101a68ac4	854	2	52346.1	6.1086	52346.1	6.1066	2019	25.0451	unclassified	chr13	61775813	61777809	7	1991	-	1998	1982	1977	2	14	5	60	0.982665	0.997477	0.989489	0
PBE62149_skip_2148354d_8ae7e6cc_67.pod5	58c34168-7ab8-4901-aced-631c8d669926	8ae7e6cc2740dd7ae86db58cfad3369101a68ac4	1456	2	52340	15.1196	52340	15.1176	4480	12.5553	unclassified	chr11	59889279	59893737	26	4462	+	4541	4353	4227	83	105	126	60	0.990179	0.971054	0.930852	0
PBE62149_skip_2148354d_8ae7e6cc_67.pod5	d5c4272e-2d18-40a6-a5c8-372b8cc84f43	8ae7e6cc2740dd7ae86db58cfad3369101a68ac4	2426	1	52339.2	19.3824	52339.2	19.3804	7264	25.4092	unclassified	chr14	44439639	44446860	7	7223	-	7234	7203	7187	13	18	16	60	0.993392	0.997779	0.993503	0
PBE62149_skip_2148354d_8ae7e6cc_67.pod5	46522d96-eacd-4adb-b87b-6f1e95e67237	8ae7e6cc2740dd7ae86db58cfad3369101a68ac4	575	4	52345.6	8.3188	52345.6	8.3168	3017	16.8563	unclassified	chr3	92013925	92016894	41	2990	+	2979	2939	2896	10	30	43	1	0.977461	0.985369	0.972138	0
PBE62149_skip_2148354d_8ae7e6cc_67.pod5	c929dba0-5f26-47b6-b023-8a55ffe6d9ec	8ae7e6cc2740dd7ae86db58cfad3369101a68ac4	1085	2	52327.1	22.1804	52327.4	21.8988	3350	19.5536	unclassified	chr17	62825701	62829029	10	3350	-	3343	3325	3315	15	3	10	60	0.997015	0.996992	0.991624	0
PBE62149_skip_2148354d_8ae7e6cc_67.pod5	1910d641-1625-4d5a-9b51-a8fd7958fcdb	8ae7e6cc2740dd7ae86db58cfad3369101a68ac4	1925	3	52347	5.0456	52347.1	4.956	2030	28.1646	unclassified	chr14	64089025	64091054	7	2030	-	2030	2022	2019	1	7	3	60	0.996552	0.998516	0.994581	0
PBE62149_skip_2148354d_8ae7e6cc_67.pod5	86fea429-cc62-476f-8ec6-f441927dc3c1	8ae7e6cc2740dd7ae86db58cfad3369101a68ac4	1689	4	52319.9	33.9488	52319.9	33.9468	14047	31.0668	unclassified	chr6	62070047	62084049	29	14040	+	14015	13998	13984	13	4	14	60	0.997437	0.999	0.997788	0
PBE62149_skip_2148354d_8ae7e6cc_67.pod5	04e8a8c7-fa0a-4df4-842d-05f3324f765a	8ae7e6cc2740dd7ae86db58cfad3369101a68ac4	160	2	52349.5	5.9426	52349.5	5.9406	1826	8.10164	unclassified	chr2	127245128	127247023	0	1826	+	1959	1762	1634	64	133	128	58	1	0.927355	0.834099	0
PBE62149_skip_2148354d_8ae7e6cc_67.pod5	9986f26b-42ac-40ca-a5ef-c899c57d1c4e	8ae7e6cc2740dd7ae86db58cfad3369101a68ac4	2049	2	52345.6	7.328	52345.7	7.2144	2813	24.9981	unclassified	chr5	61038232	61041027	9	2813	-	2809	2790	2782	14	5	8	60	0.996801	0.997133	0.990388	0
PBE62149_skip_2148354d_8ae7e6cc_67.pod5	3d02f371-dc69-455e-8536-880b6504ecd5	8ae7e6cc2740dd7ae86db58cfad3369101a68ac4	313	1	52350	4.9892	52350.2	4.818	1988	31.2566	unclassified	chr14	91669625	91671610	0	1983	+	1986	1982	1977	1	3	5	60	0.997485	0.997477	0.995468	0
PBE62149_skip_2148354d_8ae7e6cc_67.pod5	6bb36d32-02d3-4623-9e47-5511ec6e6f81	8ae7e6cc2740dd7ae86db58cfad3369101a68ac4	1427	1	52335.7	19.7588	52335.8	19.6284	8338	27.0547	unclassified	chr19	6439996	6448330	0	8330	+	8353	8311	8301	19	23	10	60	0.999041	0.998797	0.993775	0
PBE62149_skip_2148354d_8ae7e6cc_67.pod5	c1343933-78ae-40ac-9b0a-1590997f6543	8ae7e6cc2740dd7ae86db58cfad3369101a68ac4	1062	1	52346.2	9.0452	52346.2	9.0432	3719	23.118	unclassified	chr10	61585599	61589292	29	3712	+	3696	3680	3667	3	13	13	60	0.99032	0.996467	0.992154	0
PBE62149_skip_2148354d_8ae7e6cc_67.pod5	c85eb360-fa58-43fb-b0ec-413a19b196c7	8ae7e6cc2740dd7ae86db58cfad3369101a68ac4	1564	1	52331.5	20.5388	52331.6	20.4708	8398	26.8619	unclassified	chr5	26852208	26860626	9	8398	-	8432	8375	8358	14	43	17	60	0.998928	0.99797	0.991224	0
PBE62149_skip_2148354d_8ae7e6cc_67.pod5	abeb71f1-3596-4145-9a80-a4cfa0465bd3	8ae7e6cc2740dd7ae86db58cfad3369101a68ac4	1693	1	52344.3	10.9544	52344.4	10.8384	4344	38.1446	unclassified	chr1	161941935	161946281	6	4344	-	4346	4338	4334	0	8	4	60	0.998619	0.999078	0.997239	0
PBE62149_skip_2148354d_8ae7e6cc_67.pod5	8fb5ae85-cd66-4ed7-a305-26046df0d4d9	8ae7e6cc2740dd7ae86db58cfad3369101a68ac4	1058	3	52314.4	34.6108	52314.4	34.6088	13708	31.2459	unclassified	chr14	38915143	38928828	4	13672	-	13690	13663	13617	5	22	46	60	0.997082	0.996633	0.994668	0
PBE62149_skip_2148354d_8ae7e6cc_67.pod5	2020cede-62c1-478a-ac24-6913c755b117	8ae7e6cc2740dd7ae86db58cfad3369101a68ac4	2831	3	52346.5	8.4884	52346.6	8.3796	3201	28.8179	unclassified	chr8	89963939	89967135	0	3192	+	3197	3191	3190	1	5	1	60	0.997188	0.999687	0.99781	0
PBE62149_skip_2148354d_8ae7e6cc_67.pod5	e8cff740-f7fa-4f64-8d7a-004e75f67223	8ae7e6cc2740dd7ae86db58cfad3369101a68ac4	533	3	52331.4	27.1664	52331.5	27.0288	10504	12.7162	unclassified	chr11	81121496	81132130	5	10504	-	10844	10289	9969	210	345	320	60	0.999524	0.968899	0.91931	0
PBE62149_skip_2148354d_8ae7e6cc_67.pod5	5d5603ba-e96d-42b1-8cbd-54501dcaa726	8ae7e6cc2740dd7ae86db58cfad3369101a68ac4	2454	2	52335.6	18.128	52335.6	18.126	7747	10.3087	unclassified	chr9	32306452	32314385	36	7743	+	8097	7543	7133	164	390	410	60	0.994837	0.945645	0.880944	0
PBE62149_skip_2148354d_8ae7e6cc_67.pod5	9b218a56-b3ca-4c6e-af7d-819490d855f7	8ae7e6cc2740dd7ae86db58cfad3369101a68ac4	1340	1	52346.7	4.4684	52346.7	4.3944	3106	24.2406	unclassified	chr9	31550740	31553846	0	3106	+	3116	3096	3085	10	10	11	60	1	0.996447	0.990051	0
PBE62149_skip_2148354d_8ae7e6cc_67.pod5	246470d1-7baf-4ce7-95ce-8064a836489a	8ae7e6cc2740dd7ae86db58cfad3369101a68ac4	170	3	52336.8	20.5892	52336.9	20.4324	7006	30.4523	unclassified	chr1	201672533	201679532	7	7006	-	7007	6991	6985	8	8	6	60	0.999001	0.999142	0.99686	0
PBE62149_skip_2148354d_8ae7e6cc_67.pod5	05fd017f-f5c8-48d7-a77a-0b7d5d8af679	8ae7e6cc2740dd7ae86db58cfad3369101a68ac4	1624	3	52342.8	9.339	52342.8	9.337	2668	3.05329	unclassified	*	-1	-1	-1	-1	*	0	0	0	0	0	0	0	0	0	0	0
PBE62149_skip_2148354d_8ae7e6cc_67.pod5	a9d0a94e-7fe4-4d10-9f57-dd745709daf6	8ae7e6cc2740dd7ae86db58cfad3369101a68ac4	776	4	52337	16.886	52337.2	16.746	6781	21.2888	unclassified	chr2	161616333	161623110	0	6777	+	6795	6759	6738	18	18	21	60	0.99941	0.996893	0.991611	0
PBE62149_skip_2148354d_8ae7e6cc_67.pod5	d80f7da2-3d6a-41e1-a6ea-5563cfd9dc6f	8ae7e6cc2740dd7ae86db58cfad3369101a68ac4	1584	1	52339.4	12.7592	52339.5	12.6264	5228	34.6171	unclassified	chr9	127439837	127445058	0	5221	+	5222	5220	5213	1	1	7	60	0.998661	0.998659	0.998277	0
PBE62149_skip_2148354d_8ae7e6cc_67.pod5	5a104d5d-cb72-4523-8c5d-9265ce8db791	8ae7e6cc2740dd7ae86db58cfad3369101a68ac4	1371	1	52324.1	29.714	52324.2	29.6148	11774	25.7325	unclassified	chr16	84773980	84785736	0	11767	+	11792	11731	11702	36	25	29	60	0.999405	0.997528	0.992368	0
PBE62149_skip_2148354d_8ae7e6cc_67.pod5	23164693-14b7-455b-ba67-e4a72d1aadca	8ae7e6cc2740dd7ae86db58cfad3369101a68ac4	144	3	52339.4	15.8264	52339.5	15.7416	5552	30.0469	unclassified	chr15	31212797	31218358	5	5552	-	5565	5543	5533	4	18	10	60	0.999099	0.998196	0.99425	0
PBE62149_skip_2148354d_8ae7e6cc_67.pod5	6aeab01b-3712-4616-94f4-688436b36b17	8ae7e6cc2740dd7ae86db58cfad3369101a68ac4	1816	3	52333.4	18.5264	52333.4	18.4524	8723	22.2061	unclassified	chr19	20084205	20092921	7	8723	-	8756	8676	8654	40	40	22	60	0.999198	0.997464	0.988351	0
PBE62149_skip_2148354d_8ae7e6cc_67.pod5	7071dc54-129e-4767-b6ae-798be4759321	8ae7e6cc2740dd7ae86db58cfad3369101a68ac4	591	1	52352.3	2.2964	52352.4	2.1756	929	27.8647	unclassified	chr1	208478927	208479845	0	918	+	918	918	918	0	0	0	60	0.988159	1	1	0
PBE62149_skip_2148354d_8ae7e6cc_67.pod5	0f575cba-d028-4882-8df0-dabea305bb87	8ae7e6cc2740dd7ae86db58cfad3369101a68ac4	529	4	52331.2	22.9816	52331.2	22.9796	8837	23.3137	unclassified	chr8	133309887	133318916	7	8799	-	9058	8763	8661	29	266	102	60	0.994908	0.98836	0.956171	0
PBE62149_skip_2148354d_8ae7e6cc_67.pod5	93cdc95c-d13e-4fb1-a063-5151cbe610cc	8ae7e6cc2740dd7ae86db58cfad3369101a68ac4	1223	2	52292.3	67.742	52292.6	67.488	14101	13.1458	unclassified	chr2	34683097	34697183	12	14101	-	14426	13749	13351	340	337	398	60	0.999149	0.971052	0.925482	0
PBE62149_skip_2148354d_8ae7e6cc_67.pod5	0e0f55b5-e7fe-4308-94f8-7767c35ab914	8ae7e6cc2740dd7ae86db58cfad3369101a68ac4	1193	4	52340.3	13.802	52340.5	13.6452	5724	25.0934	unclassified	chr10	16027356	16033082	0	5718	+	5728	5716	5711	2	10	5	60	0.998952	0.999125	0.997032	0
PBE62149_skip_2148354d_8ae7e6cc_67.pod5	f7bb22f9-d4a0-4d4d-81e4-e4a844c4e5d0	8ae7e6cc2740dd7ae86db58cfad3369101a68ac4	683	2	52326.7	25.142	52326.8	25.0476	11239	26.4379	unclassified	chr2	80929548	80940400	0	11239	-	11266	10825	10784	414	27	41	60	1	0.996212	0.957216	0
PBE62149_skip_2148354d_8ae7e6cc_67.pod5	40d98287-244f-4157-aaf2-61594bb05aaf	8ae7e6cc2740dd7ae86db58cfad3369101a68ac4	2873	2	52343.1	11.9382	52343.1	11.9362	3869	11.8347	unclassified	chr12	68784279	68788103	10	3837	-	3929	3722	3590	105	102	132	60	0.989145	0.964535	0.913719	0
PBE62149_skip_2148354d_8ae7e6cc_67.pod5	abbe2055-4e1f-48e1-829d-82ad9a4889f1	8ae7e6cc2740dd7ae86db58cfad3369101a68ac4	530	4	52323.8	15.8592	52323.8	15.8592	5856	24.5968	unclassified	chr22	11898189	11904038	13	5839	-	5863	5812	5712	14	37	100	25	0.994877	0.982794	0.974245	0
PBE62149_skip_2148354d_8ae7e6cc_67.pod5	62c82774-cc6d-4fa9-9b28-e9f57a0089ef	8ae7e6cc2740dd7ae86db58cfad3369101a68ac4	140	3	52309.9	34.8536	52310	34.7292	17268	23.3761	unclassified	chr19	30583660	30600982	0	17268	-	17375	17215	17164	53	107	51	60	1	0.997037	0.987856	0
PBE62149_skip_2148354d_8ae7e6cc_67.pod5	2dc44683-2bc5-424e-b888-b426d8c1eea3	8ae7e6cc2740dd7ae86db58cfad3369101a68ac4	730	4	52341.2	14.5112	52341.4	14.3544	4859	23.8258	unclassified	chr5	37627896	37632755	0	4853	+	4864	4848	4832	5	11	16	60	0.998765	0.9967	0.993421	0
PBE62149_skip_2148354d_8ae7e6cc_67.pod5	cc35069a-a770-46cc-8cd5-705c8602d6a4	8ae7e6cc2740dd7ae86db58cfad3369101a68ac4	530	4	52339.7	14.4624	52339.8	14.358	5837	24.3541	unclassified	chr22	11898189	11904038	0	5828	+	5858	5819	5714	9	30	105	23	0.998458	0.981956	0.975418	0
PBE62149_skip_2148354d_8ae7e6cc_67.pod5	cb81ed8a-08df-4997-a8de-2f4cbedb1786	8ae7e6cc2740dd7ae86db58cfad3369101a68ac4	2209	3	52326.6	28.4348	52326.7	28.2948	11149	27.3073	unclassified	chr18	54163414	54174559	7	11149	-	11163	11124	11103	18	21	21	60	0.999372	0.998112	0.994625	0
PBE62149_skip_2148354d_8ae7e6cc_67.pod5	57e64f69-b992-44ea-8b7d-cea584e47fb4	8ae7e6cc2740dd7ae86db58cfad3369101a68ac4	2956	3	52352.3	7.0016	52352.4	6.864	2550	29.3468	unclassified	chr9	41493097	41495647	0	2550	-	2550	2550	2550	0	0	0	55	1	1	1	0
PBE62149_skip_2148354d_8ae7e6cc_67.pod5	8dd3e313-4b73-4061-823f-b15febb8ffb3	8ae7e6cc2740dd7ae86db58cfad3369101a68ac4	1319	1	52337	21.9296	52337.2	21.7416	6524	34.661	unclassified	chr2	226082977	226089498	0	6517	+	6521	6517	6516	0	4	1	60	0.998927	0.999847	0.999233	0
PBE62149_skip_2148354d_8ae7e6cc_67.pod5	7c7d4792-57a4-4086-aebc-a200cc82110a	8ae7e6cc2740dd7ae86db58cfad3369101a68ac4	1886	4	52349.7	7.3642	52349.7	7.3622	2933	15.9979	unclassified	chr4	103354960	103357857	36	2928	+	2917	2872	2820	20	25	52	60	0.986021	0.981894	0.966747	0
PBE62149_skip_2148354d_8ae7e6cc_67.pod5	e7b9155e-12f6-4e85-9f65-7248c3ba704c	8ae7e6cc2740dd7ae86db58cfad3369101a68ac4	457	1	52351.6	8.3452	52351.6	8.3432	3453	12.0833	unclassified	chr6	125596564	125600002	12	3426	-	3506	3346	3234	68	92	112	60	0.988705	0.966527	0.922419	0
PBE62149_skip_2148354d_8ae7e6cc_67.pod5	4b0c4712-5ac6-4bb7-90f1-02c09d45a5fc	8ae7e6cc2740dd7ae86db58cfad3369101a68ac4	1874	1	52301.2	57.4628	52301.2	57.4608	23804	23.3418	unclassified	chr4	173960884	173972947	8	12051	-	12089	12017	11914	26	46	103	60	0.505923	0.991429	0.985524	0
PBE62149_skip_2148354d_8ae7e6cc_67.pod5	5ec2044c-0108-4d77-98c8-4be9754e6996	8ae7e6cc2740dd7ae86db58cfad3369101a68ac4	2525	3	52350.4	6.6476	52350.4	6.6456	2733	25.2799	unclassified	chr1	199730109	199732804	5	2706	-	2703	2693	2687	8	2	6	60	0.988291	0.997772	0.994081	0
PBE62149_skip_2148354d_8ae7e6cc_67.pod5	bd3018ca-751d-415e-a9a3-d029e92da0af	8ae7e6cc2740dd7ae86db58cfad3369101a68ac4	1115	1	52337.3	16.9676	52337.4	16.8852	7021	30.0124	unclassified	chr4	35342235	35349253	0	7014	+	7019	7013	7010	1	5	3	60	0.999003	0.999572	0.998718	0
PBE62149_skip_2148354d_8ae7e6cc_67.pod5	355c4bb9-3ed9-4073-80a5-33d30fb20055	8ae7e6cc2740dd7ae86db58cfad3369101a68ac4	147	4	52347.9	12.1768	52347.9	12.1748	4664	14.1354	unclassified	chr15	20950443	20955112	24	4655	+	4727	4573	4443	58	96	130	55	0.992925	0.971572	0.93992	0
PBE62149_skip_2148354d_8ae7e6cc_67.pod5	cce63410-d93e-474d-8c09-3ab39b6204d1	8ae7e6cc2740dd7ae86db58cfad3369101a68ac4	809	1	52348.3	11.598	52348.3	11.596	3954	8.49522	unclassified	chr8	16766427	16770422	25	3921	-	4128	3763	3482	133	232	281	60	0.985331	0.925326	0.843508	0
PBE62149_skip_2148354d_8ae7e6cc_67.pod5	ab29fc70-bb8b-432b-ad2f-d70ef71681f6	8ae7e6cc2740dd7ae86db58cfad3369101a68ac4	1668	1	52305.4	53.354	52305.5	53.2644	25068	18.0871	unclassified	chr9	30345890	30371049	5	25068	-	25278	24944	24716	119	215	228	60	0.999801	0.99086	0.977767	0
PBE62149_skip_2148354d_8ae7e6cc_67.pod5	d7f73009-edc7-4707-9725-4c1aebd11952	8ae7e6cc2740dd7ae86db58cfad3369101a68ac4	817	3	52349.1	10.8524	52349.2	10.6716	3987	21.2323	unclassified	chr7	35593964	35597946	10	3987	-	4000	3959	3939	18	23	20	60	0.997492	0.994948	0.98475	0
PBE62149_skip_2148354d_8ae7e6cc_67.pod5	9ae0865d-32ee-484b-83cc-171016e8e884	8ae7e6cc2740dd7ae86db58cfad3369101a68ac4	1795	1	52336.9	18.3212	52337.1	18.1908	7344	30.173	unclassified	chr8	133638578	133645911	0	7335	+	7336	7332	7326	3	1	6	60	0.998775	0.999182	0.998637	0
PBE62149_skip_2148354d_8ae7e6cc_67.pod5	106ef74d-00f4-4bd8-8bd4-e5f4294d5a54	8ae7e6cc2740dd7ae86db58cfad3369101a68ac4	1591	4	52337.2	17.8508	52337.2	17.8488	6322	24.5934	unclassified	chr2	135775142	135781453	28	6312	+	6316	6279	6261	5	32	18	60	0.993989	0.997133	0.991292	0
PBE62149_skip_2148354d_8ae7e6cc_67.pod5	92172d02-aca9-4770-ac4b-5aeda98bace6	8ae7e6cc2740dd7ae86db58cfad3369101a68ac4	672	4	52331.2	25.9544	52331.3	25.8264	10913	25.8703	unclassified	chr21	23625281	23636207	7	10913	-	10936	10896	10875	10	30	21	60	0.999359	0.998073	0.994422	0
PBE62149_skip_2148354d_8ae7e6cc_67.pod5	7ab1f1de-d626-4a38-9106-9c0f2b3a9fae	8ae7e6cc2740dd7ae86db58cfad3369101a68ac4	2212	1	52323.9	35.7188	52324	35.5932	13797	27.3322	unclassified	chr9	80967917	80981763	0	13790	+	13869	13767	13729	23	79	38	60	0.999493	0.99724	0.989906	0
PBE62149_skip_2148354d_8ae7e6cc_67.pod5	dd78f1b0-1b59-4937-9ed5-5e94f1b15332	8ae7e6cc2740dd7ae86db58cfad3369101a68ac4	220	3	52347.8	11.1236	52348	10.9692	3835	24.0822	unclassified	chr16	60307328	60311154	0	3824	+	3836	3814	3805	10	12	9	60	0.997132	0.99764	0.991919	0
PBE62149_skip_2148354d_8ae7e6cc_67.pod5	d5c24f83-7b36-412a-9cba-d0f3e67146c6	8ae7e6cc2740dd7ae86db58cfad3369101a68ac4	1395	2	52338.7	18.7832	52338.8	18.684	7921	26.5142	unclassified	chr17	64345011	64352914	0	7914	+	7926	7891	7867	23	12	24	60	0.999116	0.996959	0.992556	0
PBE62149_skip_2148354d_8ae7e6cc_67.pod5	bc81e14f-da09-4e1b-a10f-1f204ac3deef	8ae7e6cc2740dd7ae86db58cfad3369101a68ac4	1210	3	52327.7	27.6128	52327.8	27.4704	10019	31.7641	unclassified	chr11	35293381	35303392	0	10014	+	10017	10008	9978	6	3	30	60	0.999501	0.997002	0.996107	0
PBE62149_skip_2148354d_8ae7e6cc_67.pod5	248453b3-8931-4efe-88f8-fb85ca0c5387	8ae7e6cc2740dd7ae86db58cfad3369101a68ac4	2598	3	52352.6	7.1552	52352.6	7.1532	2831	25.1483	unclassified	chr4	56224556	56227349	29	2831	+	2802	2793	2789	9	0	4	60	0.989756	0.998568	0.99536	0
PBE62149_skip_2148354d_8ae7e6cc_67.pod5	74bbf226-e46d-477e-a099-77d5e1becffc	8ae7e6cc2740dd7ae86db58cfad3369101a68ac4	1272	1	52334.1	25.7528	52334.3	25.6152	9746	26.5917	unclassified	chr3	8149646	8159386	6	9746	-	9757	9723	9699	17	17	24	60	0.999384	0.997532	0.994056	0
PBE62149_skip_2148354d_8ae7e6cc_67.pod5	3f6a909c-7bba-466f-8f46-04a580d7b448	8ae7e6cc2740dd7ae86db58cfad3369101a68ac4	917	3	52344.3	9.8578	52344.3	9.8558	4065	30.3667	unclassified	chr12	8780790	8784825	6	4035	-	4037	4027	4027	2	8	0	60	0.991144	1	0.997523	0
PBE62149_skip_2148354d_8ae7e6cc_67.pod5	eb315275-c32f-4c3b-a02a-5b961c021a4c	8ae7e6cc2740dd7ae86db58cfad3369101a68ac4	784	4	52347	6.9884	52347	6.9864	2700	10.9157	unclassified	chr5	26932840	26935480	13	2660	-	2722	2565	2437	82	75	128	60	0.98037	0.950097	0.895298	0
PBE62149_skip_2148354d_8ae7e6cc_67.pod5	a2799133-d1a2-4015-a218-ab857e6ecee1	8ae7e6cc2740dd7ae86db58cfad3369101a68ac4	1568	3	52337.6	15.8446	52337.6	15.8426	6161	8.58142	unclassified	chr13	46956371	46962527	45	5980	+	6311	5780	5365	155	376	415	60	0.963318	0.928201	0.850103	0
PBE62149_skip_2148354d_8ae7e6cc_67.pod5	f4edadd7-29b8-4459-9277-088e5ce3608d	8ae7e6cc2740dd7ae86db58cfad3369101a68ac4	2378	3	52346.8	7.7574	52346.8	7.7554	3123	30.3349	unclassified	chr16	29760115	29762249	961	3095	-	2136	2132	2131	2	2	1	60	0.683317	0.999531	0.997659	0
PBE62149_skip_2148354d_8ae7e6cc_67.pod5	99402dd2-e9b3-4b8d-ad6b-ba1950d3fbc2	8ae7e6cc2740dd7ae86db58cfad3369101a68ac4	1539	3	52334.8	13.946	52334.9	13.7772	5431	28.1618	unclassified	chr15	63218882	63224306	0	5424	+	5432	5416	5407	8	8	9	60	0.998711	0.998338	0.995398	0
PBE62149_skip_2148354d_8ae7e6cc_67.pod5	8cbc2dd6-cafe-47b4-a91a-41fd47b5fd75	8ae7e6cc2740dd7ae86db58cfad3369101a68ac4	2639	4	52331.8	24.6428	52332	24.5028	9665	29.0213	unclassified	chr13	111527793	111537463	0	9665	+	9677	9658	9643	7	12	15	60	1	0.998447	0.996486	0
PBE62149_skip_2148354d_8ae7e6cc_67.pod5	c4cad035-8fbb-43fe-98f9-bf5f00dd3f83	8ae7e6cc2740dd7ae86db58cfad3369101a68ac4	2450	4	52324.6	32.0434	52324.6	32.0414	11920	29.7812	unclassified	chr4	53057391	53069277	32	11915	+	11894	11875	11864	8	11	11	60	0.996896	0.999074	0.997478	0
PBE62149_skip_2148354d_8ae7e6cc_67.pod5	27dae82d-0de3-4483-953c-437665720f84	8ae7e6cc2740dd7ae86db58cfad3369101a68ac4	2606	4	52348.1	10.5716	52348.2	10.4868	4120	28.6748	unclassified	chr7	115632022	115636128	9	4120	-	4113	4104	4096	7	2	8	60	0.997816	0.998051	0.995867	0
PBE62149_skip_2148354d_8ae7e6cc_67.pod5	f0b92126-7ad0-4e9b-afcf-1c69558d7261	8ae7e6cc2740dd7ae86db58cfad3369101a68ac4	1113	4	52339.7	15.4112	52339.8	15.3048	6241	29.5508	unclassified	chr2	144973072	144979303	3	6235	+	6238	6225	6217	7	6	8	60	0.998558	0.998715	0.996634	0
PBE62149_skip_2148354d_8ae7e6cc_67.pod5	97bd9e6a-b5c7-4393-a920-5e5f01947cab	8ae7e6cc2740dd7ae86db58cfad3369101a68ac4	806	2	52329.6	25.5764	52329.7	25.4628	10790	27.5372	unclassified	chr5	159068227	159079023	0	10785	+	10810	10771	10754	14	25	17	60	0.999537	0.998422	0.99482	0
PBE62149_skip_2148354d_8ae7e6cc_67.pod5	02933b67-8106-4c07-81a5-5759d9078c42	8ae7e6cc2740dd7ae86db58cfad3369101a68ac4	1863	2	52335.9	18.2852	52336	18.1428	7794	19.9289	unclassified	chr4	16025026	16032808	0	7788	+	7817	7753	7722	35	29	31	60	0.99923	0.996002	0.987847	0
PBE62149_skip_2148354d_8ae7e6cc_67.pod5	73a78a62-1c91-467c-9986-b19801e4ae03	8ae7e6cc2740dd7ae86db58cfad3369101a68ac4	620	2	52337.3	17.4668	52337.5	17.31	6529	24.9199	unclassified	chr9	101959861	101966384	0	6523	+	6531	6515	6492	8	8	23	60	0.999081	0.99647	0.994029	0
PBE62149_skip_2148354d_8ae7e6cc_67.pod5	1af1ba9e-13f7-43fd-9e9a-63ea70fbf752	8ae7e6cc2740dd7ae86db58cfad3369101a68ac4	1418	2	52341.8	18.1568	52341.9	18.0312	5660	21.1414	unclassified	chr6	168452452	168458113	4	5655	+	5676	5636	5615	15	25	21	60	0.99841	0.996274	0.989253	0
PBE62149_skip_2148354d_8ae7e6cc_67.pod5	33d0f839-6f11-46f2-a5fa-8b5dbd7843b1	8ae7e6cc2740dd7ae86db58cfad3369101a68ac4	2452	2	52333.4	25.3104	52333.4	25.3084	10287	35.1735	unclassified	chr16	72579208	72589452	8	10256	-	10262	10230	10221	18	14	9	60	0.996209	0.99912	0.996005	0
PBE62149_skip_2148354d_8ae7e6cc_67.pod5	c1e815ec-4d52-4bf7-9095-d452c93aa6b3	8ae7e6cc2740dd7ae86db58cfad3369101a68ac4	812	3	52323.4	33.6164	52323.6	33.4812	15452	27.91	unclassified	chr11	24597840	24613312	9	15452	-	15481	15434	15414	9	38	20	60	0.999418	0.998704	0.995672	0
PBE62149_skip_2148354d_8ae7e6cc_67.pod5	9e72dc47-d6aa-483c-99d0-59f2d66c14ae	8ae7e6cc2740dd7ae86db58cfad3369101a68ac4	817	3	52286.2	62.8564	52286.2	62.8544	20835	16.534	unclassified	chr16	88365354	88385729	5	20793	-	21056	20107	19870	681	268	237	60	0.997744	0.988213	0.943674	0
PBE62149_skip_2148354d_8ae7e6cc_67.pod5	361fcc14-7954-40fd-8333-13d324e90a14	8ae7e6cc2740dd7ae86db58cfad3369101a68ac4	2476	2	52315	39.7496	52315.1	39.6564	15487	30.084	unclassified	chr17	78928163	78943649	1	15480	+	15498	15467	15432	12	19	35	60	0.999483	0.997737	0.995741	0
PBE62149_skip_2148354d_8ae7e6cc_67.pod5	07f06490-5fb6-4826-b650-3abde187c023	8ae7e6cc2740dd7ae86db58cfad3369101a68ac4	1764	2	52303.7	54.7316	52303.9	54.5844	22936	28.0535	unclassified	chr11	99310658	99333594	10	22936	-	22954	22908	22869	18	28	39	60	0.999564	0.998298	0.996297	0
PBE62149_skip_2148354d_8ae7e6cc_67.pod5	2332a2b2-cb74-4f65-b1f5-0f6e2d759afc	8ae7e6cc2740dd7ae86db58cfad3369101a68ac4	2217	1	52287.8	65.6696	52288	65.4648	18491	29.6641	unclassified	chr7	87477165	87495650	7	18491	-	18494	18475	18445	9	10	30	60	0.999621	0.998376	0.997351	0
PBE62149_skip_2148354d_8ae7e6cc_67.pod5	09f90e3c-e78f-4d33-9342-14f188d287d0	8ae7e6cc2740dd7ae86db58cfad3369101a68ac4	2348	2	52270.7	80.6936	52270.8	80.5788	34030	28.7385	unclassified	chr2	37526124	37559969	0	33854	+	33911	33788	33716	66	57	72	60	0.994828	0.997869	0.99425	0
PBE62149_skip_2148354d_8ae7e6cc_67.pod5	2eef9b30-0f97-4a71-90a8-c84b1e21b17b	8ae7e6cc2740dd7ae86db58cfad3369101a68ac4	38	2	52301.5	55.4842	52301.5	55.4822	21665	25.5805	unclassified	chr2	88803752	88825386	10	21630	-	21653	21601	21571	19	33	30	60	0.997923	0.998611	0.996213	0
PBE62149_skip_2148354d_8ae7e6cc_67.pod5	45eb51b9-500b-437f-b464-bb71f2704eb8	8ae7e6cc2740dd7ae86db58cfad3369101a68ac4	678	2	52319.1	32.801	52319.1	32.799	13072	9.0826	unclassified	chr9	124784260	124797842	5	13035	-	13919	12693	11867	337	889	826	60	0.996787	0.934925	0.852576	0
PBE62149_skip_2148354d_8ae7e6cc_67.pod5	76f369b9-e3d7-4173-a798-456ad8214a39	8ae7e6cc2740dd7ae86db58cfad3369101a68ac4	2161	4	52350.5	4.2308	52350.7	4.0116	1513	30.0734	unclassified	chr8	80310940	80312453	0	1513	-	1514	1512	1512	1	1	0	60	1	1	0.998679	0
PBE62149_skip_2148354d_8ae7e6cc_67.pod5	34266218-c3c5-4329-a4e3-83acb33d07dd	8ae7e6cc2740dd7ae86db58cfad3369101a68ac4	59	3	52349.9	8.8784	52350.1	8.7312	3024	33.9706	unclassified	chr19	29823097	29826127	0	3019	+	3031	3018	3013	1	12	5	60	0.998347	0.998343	0.994061	0
PBE62149_skip_2148354d_8ae7e6cc_67.pod5	7b5b8d42-2741-4107-a126-e775b88b7ba8	8ae7e6cc2740dd7ae86db58cfad3369101a68ac4	1417	4	52347	10.1444	52347.1	10.0284	4231	26.5032	unclassified	chr6	73651594	73655877	3	4231	-	4289	4222	4214	6	61	8	60	0.999291	0.998105	0.982513	0
PBE62149_skip_2148354d_8ae7e6cc_67.pod5	9e52df28-faa8-454d-9014-3627fc77cc4f	8ae7e6cc2740dd7ae86db58cfad3369101a68ac4	2481	2	52346.7	9.9824	52346.9	9.84	4312	30.9825	unclassified	chr13	62781701	62786007	5	4312	-	4310	4303	4296	4	3	7	60	0.99884	0.998373	0.996752	0
PBE62149_skip_2148354d_8ae7e6cc_67.pod5	abf6c5a6-28e0-4a92-a2db-b0c3998daeab	8ae7e6cc2740dd7ae86db58cfad3369101a68ac4	2380	3	52340.8	15.8362	52340.8	15.8342	6397	25.0899	unclassified	chr11	85486620	85492963	43	6390	+	6352	6338	6324	9	5	14	60	0.992184	0.997791	0.995592	0
PBE62149_skip_2148354d_8ae7e6cc_67.pod5	41cec07a-8167-451a-86be-1b6367a06fed	8ae7e6cc2740dd7ae86db58cfad3369101a68ac4	1673	4	52352.2	7.7336	52352.2	7.7316	3219	27.2862	unclassified	chr11	76439214	76442394	31	3213	+	3184	3178	3173	4	2	5	60	0.988506	0.998427	0.996545	0
PBE62149_skip_2148354d_8ae7e6cc_67.pod5	2b9b22ba-1bf4-4125-bb83-427126650298	8ae7e6cc2740dd7ae86db58cfad3369101a68ac4	1826	3	52330.4	18.8348	52330.5	18.7188	7051	31.0984	unclassified	chr7	105906057	105911629	7	7051	-	7049	5567	5565	1477	5	2	60	0.999007	0.999641	0.789474	0
PBE62149_skip_2148354d_8ae7e6cc_67.pod5	00b7b5a1-2c57-4f95-82f7-6192cf91b6dc	8ae7e6cc2740dd7ae86db58cfad3369101a68ac4	834	1	52306.6	47.0672	52306.7	46.9608	17691	30.5634	unclassified	chr10	18995749	19013442	7	17691	-	17702	17675	17663	9	18	12	60	0.999604	0.999321	0.997797	0
PBE62149_skip_2148354d_8ae7e6cc_67.pod5	e568091d-7964-4ae9-9862-47bfedc5b3a2	8ae7e6cc2740dd7ae86db58cfad3369101a68ac4	634	3	52313.8	41.3672	52313.8	41.3652	15824	15.0504	unclassified	chr2	160487929	160503753	11	15792	-	16030	15575	15290	206	249	285	60	0.997283	0.981701	0.953837	0
PBE62149_skip_2148354d_8ae7e6cc_67.pod5	b180c704-046b-47c8-b42d-740414e69e3f	8ae7e6cc2740dd7ae86db58cfad3369101a68ac4	544	1	52330.3	24.3942	52330.3	24.3922	10320	12.4788	unclassified	chr21	19876772	19887148	5	10288	-	10550	10109	9720	174	267	389	60	0.996415	0.961519	0.921327	0
PBE62149_skip_2148354d_8ae7e6cc_67.pod5	0531398d-808d-4f9d-b9be-cad086a420e7	8ae7e6cc2740dd7ae86db58cfad3369101a68ac4	2176	4	52349.3	5.6384	52349.4	5.5392	2380	28.9015	unclassified	chr2	40468303	40470679	0	2373	+	2378	2371	2359	2	5	12	60	0.997059	0.994939	0.99201	0
PBE62149_skip_2148354d_8ae7e6cc_67.pod5	11836ea9-2fb8-450d-80f8-34b723e19c71	8ae7e6cc2740dd7ae86db58cfad3369101a68ac4	1957	4	52295.5	51.5132	52295.7	51.39	19001	28.6617	unclassified	chr8	52510976	52530017	0	18996	+	19053	18984	18954	12	57	30	60	0.999737	0.99842	0.994804	0
PBE62149_skip_2148354d_8ae7e6cc_67.pod5	60d95417-462d-4a02-be96-a8dbda2496ba	8ae7e6cc2740dd7ae86db58cfad3369101a68ac4	599	1	52337.3	11.8988	52337.4	11.8092	5077	30.9274	unclassified	chr8	86559234	86564299	0	5072	+	5074	5063	5058	9	2	5	60	0.999015	0.999012	0.996847	0
PBE62149_skip_2148354d_8ae7e6cc_67.pod5	8deb15dc-27cb-4496-b0d3-bfa8822d42f7	8ae7e6cc2740dd7ae86db58cfad3369101a68ac4	2540	1	52332.3	23.0048	52332.4	22.8672	8037	24.1656	unclassified	chr13	105256517	105264554	7	8037	-	8060	8007	7978	23	30	29	60	0.999129	0.996378	0.989826	0
PBE62149_skip_2148354d_8ae7e6cc_67.pod5	63c86321-3cd9-4953-868b-7a6edb8f4a13	8ae7e6cc2740dd7ae86db58cfad3369101a68ac4	207	2	52332.8	22.328	52332.9	22.2168	8383	27.0876	unclassified	chr7	45708392	45716734	2	8383	-	8394	8329	8320	52	13	9	60	0.999761	0.998919	0.991184	0
PBE62149_skip_2148354d_8ae7e6cc_67.pod5	caee4ac7-f8cb-4cac-a062-c1b285a568ba	8ae7e6cc2740dd7ae86db58cfad3369101a68ac4	2554	4	52342.8	12.9174	52342.8	12.9154	4808	20.0476	unclassified	chr19	29011087	29015887	3	4808	-	4848	4757	4731	48	43	26	60	0.999376	0.994534	0.975866	0
PBE62149_skip_2148354d_8ae7e6cc_67.pod5	a7d256dc-61f5-4181-9f4a-eed99d528fb7	8ae7e6cc2740dd7ae86db58cfad3369101a68ac4	2176	4	52324.1	25.112	52324.2	24.9912	10224	27.8459	unclassified	chr10	80217362	80227584	0	10216	+	10241	10197	10176	19	25	21	60	0.999218	0.997941	0.993653	0
PBE62149_skip_2148354d_8ae7e6cc_67.pod5	431903c1-cf1d-4363-976d-750a6ade6d1a	8ae7e6cc2740dd7ae86db58cfad3369101a68ac4	1053	2	52259	97.5488	52259.2	97.3752	28917	27.2118	unclassified	chr2	208949458	208978355	0	28901	+	28950	28848	28734	53	49	114	60	0.999447	0.996048	0.992539	0
PBE62149_skip_2148354d_8ae7e6cc_67.pod5	a0d32434-2fbe-4e46-940e-9ead12fa0621	8ae7e6cc2740dd7ae86db58cfad3369101a68ac4	2217	1	52353.5	6.4904	52353.6	6.3528	2458	32.5644	unclassified	chr12	26098919	26101371	6	2458	-	2452	2452	2445	0	0	7	60	0.997559	0.997145	0.997145	0
PBE62149_skip_2148354d_8ae7e6cc_67.pod5	abea63c3-4ef8-4f9e-bcfd-7c45d7d30e8f	8ae7e6cc2740dd7ae86db58cfad3369101a68ac4	1205	3	52345.5	11.7116	52345.7	11.538	4318	21.9913	unclassified	chr4	125439961	125444250	0	4312	+	4317	4284	4246	28	5	38	60	0.99861	0.99113	0.983553	0
PBE62149_skip_2148354d_8ae7e6cc_67.pod5	b12724c8-7289-4f83-a0fa-5834cef49554	8ae7e6cc2740dd7ae86db58cfad3369101a68ac4	2390	2	52309.4	48.8696	52309.6	48.708	14752	30.8315	unclassified	chrX	116538254	116553001	9	14752	-	14755	14735	14718	8	12	17	60	0.99939	0.998846	0.997492	0
PBE62149_skip_2148354d_8ae7e6cc_67.pod5	8c1e3e5b-71f5-4908-978b-ee842328b695	8ae7e6cc2740dd7ae86db58cfad3369101a68ac4	70	1	52308.6	46.2528	52308.6	46.2508	21302	19.639	unclassified	chrX	16925351	16946639	6	21267	-	21383	21166	21036	95	122	130	60	0.998075	0.993858	0.983772	0
PBE62149_skip_2148354d_8ae7e6cc_67.pod5	9d640589-881d-425a-bf81-123e1cecac54	8ae7e6cc2740dd7ae86db58cfad3369101a68ac4	2723	2	52324.9	29.2498	52324.9	29.2478	11006	11.8801	unclassified	chr15	32241324	32252413	18	10973	-	11326	10718	10348	237	371	370	4	0.995366	0.965479	0.91365	0
PBE62149_skip_2148354d_8ae7e6cc_67.pod5	6a8517b6-beb4-4720-b6e3-e3796e7cac94	8ae7e6cc2740dd7ae86db58cfad3369101a68ac4	1957	4	52347.7	11.8448	52347.8	11.7264	4220	31.4671	unclassified	chr15	23291594	23295807	7	4220	-	4216	4210	4201	3	3	9	1	0.998341	0.997862	0.996442	0
PBE62149_skip_2148354d_8ae7e6cc_67.pod5	04afcd36-addb-4c82-90aa-baa574c2c5d6	8ae7e6cc2740dd7ae86db58cfad3369101a68ac4	1111	3	52352.3	8.3596	52352.3	8.3576	3551	19.5704	unclassified	chr7	118157286	118160812	31	3543	+	3536	3502	3482	10	24	20	60	0.989017	0.994289	0.984729	0
PBE62149_skip_2148354d_8ae7e6cc_67.pod5	9a9e6201-ac41-466a-aea2-8e6342994b45	8ae7e6cc2740dd7ae86db58cfad3369101a68ac4	1781	1	52268	90.284	52268.2	90.1296	35190	28.1303	unclassified	chr6	81324257	81359462	0	35183	+	35234	35154	35071	29	51	83	60	0.999801	0.997639	0.995374	0
PBE62149_skip_2148354d_8ae7e6cc_67.pod5	2d0b4a7e-c9bf-4365-af43-148a6ff38996	8ae7e6cc2740dd7ae86db58cfad3369101a68ac4	1697	4	52302.1	49.4564	52302.2	49.3356	22016	24.4903	unclassified	chr22	11878103	11900123	3	22016	-	22071	21962	21660	51	58	302	60	0.999864	0.986249	0.981378	0
PBE62149_skip_2148354d_8ae7e6cc_67.pod5	770c7c96-3a01-4bde-aca4-cf6ca5c660f1	8ae7e6cc2740dd7ae86db58cfad3369101a68ac4	99	1	52350.4	9.0788	52350.5	8.9748	3438	28.3734	unclassified	chrX	61074221	61077655	0	3432	+	3434	3432	3376	0	2	56	7	0.998255	0.983683	0.98311	0
PBE62149_skip_2148354d_8ae7e6cc_67.pod5	ef4e1509-fee6-45f2-858c-203541114602	8ae7e6cc2740dd7ae86db58cfad3369101a68ac4	1615	2	52350.3	4.194	52350.3	4.192	853	2.76556	unclassified	*	-1	-1	-1	-1	*	0	0	0	0	0	0	0	0	0	0	0
PBE62149_skip_2148354d_8ae7e6cc_67.pod5	c02d99db-54c4-4203-b85c-63a9cd653986	8ae7e6cc2740dd7ae86db58cfad3369101a68ac4	437	4	52347.5	6.9296	52347.7	6.7848	2576	35.9724	unclassified	chr4	117210840	117213404	0	2569	+	2569	2564	2563	5	0	1	60	0.997283	0.99961	0.997664	0
PBE62149_skip_2148354d_8ae7e6cc_67.pod5	38b1bc77-7a33-4ec6-9098-a0200bb7582d	8ae7e6cc2740dd7ae86db58cfad3369101a68ac4	1958	2	52321	27.7784	52321.1	27.6192	12572	38.1471	unclassified	chr3	93184947	93197185	5	12572	-	12580	12225	12160	342	13	65	1	0.999602	0.994683	0.966614	0
PBE62149_skip_2148354d_8ae7e6cc_67.pod5	8ff62536-54c0-439c-9adc-6a3f1bdaede4	8ae7e6cc2740dd7ae86db58cfad3369101a68ac4	747	2	52342.5	13.0856	52342.5	13.0104	5527	26.4784	unclassified	chr5	93479720	93485258	0	5522	+	5540	5520	5514	2	18	6	60	0.999095	0.998913	0.995307	0
PBE62149_skip_2148354d_8ae7e6cc_67.pod5	f59f05a0-aae1-4f39-8534-fc597b3e90d3	8ae7e6cc2740dd7ae86db58cfad3369101a68ac4	403	3	52349.2	6.8782	52349.2	6.8762	2671	13.8624	unclassified	chr3	644420	647060	6	2640	-	2693	2581	2532	53	59	49	60	0.986148	0.981015	0.940215	0
PBE62149_skip_2148354d_8ae7e6cc_67.pod5	0f6a52b2-2acd-4364-9046-59b3b20dffc2	8ae7e6cc2740dd7ae86db58cfad3369101a68ac4	578	2	52344.2	13.6592	52344.3	13.5216	4463	31.0809	unclassified	chr12	48041018	48044605	7	3590	-	3591	3579	3577	4	8	2	60	0.802823	0.999441	0.996101	0
PBE62149_skip_2148354d_8ae7e6cc_67.pod5	2b82b45f-ea5b-4073-a385-2ed1e635b528	8ae7e6cc2740dd7ae86db58cfad3369101a68ac4	443	4	52334.8	17.3516	52335	17.2188	6635	29.5198	unclassified	chr5	56191940	56198572	0	6630	+	6633	6629	6615	1	3	14	60	0.999246	0.997888	0.997286	0
PBE62149_skip_2148354d_8ae7e6cc_67.pod5	bb9097cb-4d7f-4a33-8d90-34901449ed0f	8ae7e6cc2740dd7ae86db58cfad3369101a68ac4	1920	3	52327.8	29.8064	52327.9	29.712	11134	33.2329	unclassified	chr18	26852307	26861542	1891	11127	+	9238	9233	9226	3	2	7	60	0.829531	0.999242	0.998701	0
PBE62149_skip_2148354d_8ae7e6cc_67.pod5	06000eda-fc5b-44b2-be19-35e6e47c4ddd	8ae7e6cc2740dd7ae86db58cfad3369101a68ac4	2663	4	52355.4	3.548	52355.5	3.4104	1260	18.9121	unclassified	chr22	12175376	12176632	0	1260	-	1265	1251	1222	9	5	29	60	1	0.976819	0.966008	0
PBE62149_skip_2148354d_8ae7e6cc_67.pod5	558491c5-ce07-46ff-bebd-255d07dbc254	8ae7e6cc2740dd7ae86db58cfad3369101a68ac4	482	3	52349.3	6.5208	52349.3	6.5188	2705	12.3549	unclassified	chr14	45890951	45893643	30	2668	-	2739	2591	2508	47	101	83	60	0.975231	0.967966	0.915663	0
PBE62149_skip_2148354d_8ae7e6cc_67.pod5	9f6542f0-1c7a-4954-8898-44fce1bb4066	8ae7e6cc2740dd7ae86db58cfad3369101a68ac4	2806	3	52339.4	18.1756	52339.4	18.1736	6875	22.295	unclassified	chr2	201021714	201028563	7	6844	-	6855	6831	6812	6	18	19	60	0.994473	0.997219	0.993727	0
PBE62149_skip_2148354d_8ae7e6cc_67.pod5	26fc4fa5-484a-4709-a6ba-00aa4736b8f6	8ae7e6cc2740dd7ae86db58cfad3369101a68ac4	2638	4	52348.9	11.0076	52348.9	11.0056	3989	8.89162	unclassified	chr4	136011340	136015410	6	3951	-	4194	3821	3483	124	249	338	60	0.98897	0.911541	0.830472	0
PBE62149_skip_2148354d_8ae7e6cc_67.pod5	2c380940-d395-44b1-a2be-8f11d9ac6f49	8ae7e6cc2740dd7ae86db58cfad3369101a68ac4	2843	2	52335.6	24.4856	52335.7	24.3576	9512	25.6791	unclassified	chr4	146134181	146143686	0	9504	+	9520	9489	9481	15	16	8	60	0.999159	0.999157	0.995903	0
PBE62149_skip_2148354d_8ae7e6cc_67.pod5	b3174b14-083f-46c4-b315-e6f5a3ef2e94	8ae7e6cc2740dd7ae86db58cfad3369101a68ac4	1689	4	52353.9	6.776	52354	6.672	2759	28.9331	unclassified	chr12	25012145	25014900	2	2753	+	2759	2747	2741	4	8	6	60	0.9971	0.997816	0.993476	0
PBE62149_skip_2148354d_8ae7e6cc_67.pod5	19b843c9-bba2-4302-86f3-1963995684a6	8ae7e6cc2740dd7ae86db58cfad3369101a68ac4	445	4	52351.3	7.6264	52351.3	7.6244	2848	18.3821	unclassified	chr6	123936243	123939055	36	2848	+	2857	2767	2733	45	45	34	60	0.98736	0.987712	0.956598	0
PBE62149_skip_2148354d_8ae7e6cc_67.pod5	3dd16eed-5176-460a-979e-fae4e2458e06	8ae7e6cc2740dd7ae86db58cfad3369101a68ac4	400	4	52353.4	7.0112	52353.5	6.9048	2487	26.7758	unclassified	chr11	117747923	117750397	0	2475	+	2480	2469	2462	6	5	7	60	0.995175	0.997165	0.992742	0
PBE62149_skip_2148354d_8ae7e6cc_67.pod5	abd84e6a-68c5-4087-82c4-dc4451223bd1	8ae7e6cc2740dd7ae86db58cfad3369101a68ac4	1976	4	52337.1	15.3356	52337.2	15.1884	5112	33.192	unclassified	chr1	122789813	122795943	1	5107	+	6132	5104	4871	2	1026	233	1	0.998826	0.95435	0.794357	0
PBE62149_skip_2148354d_8ae7e6cc_67.pod5	1b616dee-55c2-4635-9c3e-ed4f5fed98f6	8ae7e6cc2740dd7ae86db58cfad3369101a68ac4	473	3	52344	8.2892	52344	8.1996	1907	17.9032	unclassified	chr4	154737249	154739148	0	1907	+	1907	1899	1897	8	0	2	60	1	0.998947	0.994756	0
PBE62149_skip_2148354d_8ae7e6cc_67.pod5	d1b4647b-e6ac-4bdd-a6e7-f7a1486aecb1	8ae7e6cc2740dd7ae86db58cfad3369101a68ac4	333	2	52354.4	6.4316	52354.5	6.3084	2807	11.4846	unclassified	chr11	27638133	27640959	6	2807	-	2893	2734	2614	67	92	120	60	0.997862	0.956108	0.90356	0
PBE62149_skip_2148354d_8ae7e6cc_67.pod5	e6dfbd33-7972-486c-8bcc-24696b8c39f5	8ae7e6cc2740dd7ae86db58cfad3369101a68ac4	980	1	52345.3	10.682	52345.4	10.5492	4563	26.5831	unclassified	chr17	73674401	73678955	0	4554	+	4557	4551	4544	3	3	7	60	0.998028	0.998462	0.997147	0
PBE62149_skip_2148354d_8ae7e6cc_67.pod5	7f346e41-5d5f-42c8-a226-aafb9e68690e	8ae7e6cc2740dd7ae86db58cfad3369101a68ac4	1322	2	52338.7	13.6298	52338.7	13.6278	5451	13.2338	unclassified	chr16	58451218	58456663	11	5419	-	5545	5308	5175	100	137	133	60	0.992112	0.974943	0.933273	0
PBE62149_skip_2148354d_8ae7e6cc_67.pod5	89856b80-bb64-41c2-8b36-7c3ff87e3196	8ae7e6cc2740dd7ae86db58cfad3369101a68ac4	1378	4	52350.3	9.1442	52350.3	9.1422	3867	21.1291	unclassified	chr2	213381442	213385279	37	3862	+	3841	3821	3812	4	16	9	60	0.989139	0.997645	0.99245	0
PBE62149_skip_2148354d_8ae7e6cc_67.pod5	e9b72262-4a0b-491b-aad1-55bdf5bf00f7	8ae7e6cc2740dd7ae86db58cfad3369101a68ac4	1639	4	52340.6	16.7948	52340.6	16.7928	8343	21.5514	unclassified	chr16	78476984	78485305	31	8337	+	8346	8281	8258	25	40	23	60	0.995565	0.997223	0.989456	0
PBE62149_skip_2148354d_8ae7e6cc_67.pod5	514ca9b2-745d-46b2-a62e-c592fc547597	8ae7e6cc2740dd7ae86db58cfad3369101a68ac4	975	4	52337.7	22.3868	52337.9	22.1868	7709	28.3935	unclassified	chr5	82545505	82553221	0	7701	+	7717	7700	7692	1	16	8	60	0.998962	0.998961	0.99676	0
PBE62149_skip_2148354d_8ae7e6cc_67.pod5	94a42008-1478-48ac-87dc-7a07f557c590	8ae7e6cc2740dd7ae86db58cfad3369101a68ac4	107	2	52337.4	21.7304	52337.5	21.6432	8632	30.8414	unclassified	chr10	45500473	45509091	10	8632	-	8626	8614	8610	8	4	4	60	0.998842	0.999536	0.998145	0
PBE62149_skip_2148354d_8ae7e6cc_67.pod5	9ea56fca-d367-480c-b8e3-b944683bd5ed	8ae7e6cc2740dd7ae86db58cfad3369101a68ac4	2432	2	52350.8	5.294	52350.8	5.292	2109	10.2758	unclassified	chr15	53488166	53490247	42	2080	+	2132	1987	1876	51	94	111	60	0.966335	0.944137	0.879925	0
PBE62149_skip_2148354d_8ae7e6cc_67.pod5	3942b730-3f06-4444-b4b4-de7a6e093af8	8ae7e6cc2740dd7ae86db58cfad3369101a68ac4	690	3	52331.2	27.383	52331.2	27.381	13563	25.005	unclassified	chr15	21170806	21184344	30	13555	+	13564	13499	13455	26	39	44	41	0.997198	0.996741	0.991964	0
PBE62149_skip_2148354d_8ae7e6cc_67.pod5	db27c797-50f2-4cd2-a4a0-73f8030bcd33	8ae7e6cc2740dd7ae86db58cfad3369101a68ac4	882	1	52348.8	9.9956	52348.8	9.9936	3921	29.5562	unclassified	chr4	49785174	49789067	0	3900	-	3901	3892	3829	8	1	63	1	0.994644	0.983813	0.981543	0
PBE62149_skip_2148354d_8ae7e6cc_67.pod5	140e50e5-f827-4aec-8e14-ee2b6f518eac	8ae7e6cc2740dd7ae86db58cfad3369101a68ac4	314	2	52351.3	4.7626	52351.3	4.7606	2648	17.6485	unclassified	chr6	10602872	10605497	6	2616	-	2641	2594	2564	16	31	30	60	0.98565	0.988435	0.970844	0
PBE62149_skip_2148354d_8ae7e6cc_67.pod5	6190c6d2-f331-42d0-aea0-4963fa06dbbc	8ae7e6cc2740dd7ae86db58cfad3369101a68ac4	2622	1	52340.9	16.154	52340.9	16.152	5957	33.195	unclassified	chr15	21247808	21253724	7	5922	-	5920	5911	5889	4	5	22	27	0.992949	0.996278	0.994763	0
PBE62149_skip_2148354d_8ae7e6cc_67.pod5	a5411538-135e-4148-b3f2-a02e18f73339	8ae7e6cc2740dd7ae86db58cfad3369101a68ac4	1862	4	52348.1	7.9628	52348.3	7.8444	3140	20.0781	unclassified	chr2	189277208	189280342	6	3140	-	3143	3125	3111	9	9	14	60	0.998089	0.99552	0.989819	0
PBE62149_skip_2148354d_8ae7e6cc_67.pod5	34947442-cd2a-4cac-98d2-ed056bb9d14e	8ae7e6cc2740dd7ae86db58cfad3369101a68ac4	434	1	52349.4	8.4786	52349.4	8.4766	3176	9.89527	unclassified	chr10	67008557	67011814	31	3161	+	3329	3058	2880	72	199	178	60	0.985516	0.941792	0.865125	0
PBE62149_skip_2148354d_8ae7e6cc_67.pod5	3e8f327f-4e47-46bd-9ebd-493b146d13eb	8ae7e6cc2740dd7ae86db58cfad3369101a68ac4	2401	1	52340.3	11.7056	52340.4	11.616	5601	12.5245	unclassified	chr20	19279141	19284807	0	5596	+	5750	5512	5337	84	154	175	60	0.999107	0.968251	0.928174	0
PBE62149_skip_2148354d_8ae7e6cc_67.pod5	d0356b1d-fa59-4c05-8b43-fe42737e2efe	8ae7e6cc2740dd7ae86db58cfad3369101a68ac4	1127	1	52351.4	5.2484	52351.6	5.1012	2010	41.4849	unclassified	chr3	92164560	92166569	0	2009	-	2009	2009	2001	0	0	8	1	0.999502	0.996018	0.996018	0
PBE62149_skip_2148354d_8ae7e6cc_67.pod5	515a3f64-6758-4e0d-af94-db182d20fa34	8ae7e6cc2740dd7ae86db58cfad3369101a68ac4	1815	2	52345.1	7.2332	52345.2	7.1268	3070	30.2638	unclassified	chr1	97131489	97134558	8	3070	-	3069	3062	3054	0	7	8	60	0.997394	0.997387	0.995112	0
PBE62149_skip_2148354d_8ae7e6cc_67.pod5	0b30dc3d-a67a-44cf-912a-9a06c45675e1	8ae7e6cc2740dd7ae86db58cfad3369101a68ac4	478	4	52350.1	10.1126	52350.1	10.1106	3757	31.1187	unclassified	chr2	20373723	20377454	27	3751	+	3731	3724	3711	0	7	13	60	0.991216	0.996509	0.99464	0
