filename	read_id	run_id	channel	mux	start_time	duration	template_start	template_duration	sequence_length_template	mean_qscore_template	barcode	alignment_genome	alignment_genome_start	alignment_genome_end	alignment_strand_start	alignment_strand_end	alignment_direction	alignment_length	alignment_num_aligned	alignment_num_correct	alignment_num_insertions	alignment_num_deletions	alignment_num_substitutions	alignment_mapq	alignment_strand_coverage	alignment_identity	alignment_accuracy	alignment_bed_hits
PBE24444_skip_b8ba7aa8_cf14c51a_142.pod5	67b797b1-87dc-4636-9cc0-e574668ea89c	cf14c51afc71f96f13400767a61fb2aed9c13fb9	616	4	190135	176.388	190136	176.089	30378	23.0662	unclassified	chr5	92206063	92236371	0	30371	+	30409	30270	30193	101	38	77	60	0.99977	0.997456	0.992897	0
PBE24444_skip_b8ba7aa8_cf14c51a_142.pod5	4073eb06-5c96-443a-9f0a-4d5d1fa1f1e0	cf14c51afc71f96f13400767a61fb2aed9c13fb9	556	1	189601	136.8	189601	136.798	33050	11.9227	unclassified	chr1	106109046	106142110	5	32989	-	33778	32270	31529	714	794	741	60	0.998003	0.977037	0.933418	0
PBE24444_skip_b8ba7aa8_cf14c51a_142.pod5	0ddea8a9-bfd4-40de-9184-6307513b4e3d	cf14c51afc71f96f13400767a61fb2aed9c13fb9	414	4	188665	172.552	188665	172.55	66785	8.13713	unclassified	chr10	10299114	10368432	37	66785	+	71751	64315	58777	2433	5003	5538	60	0.999446	0.913893	0.81918	0
PBE24444_skip_b8ba7aa8_cf14c51a_142.pod5	ad345439-81bf-4d3f-948d-722e791ba9a1	cf14c51afc71f96f13400767a61fb2aed9c13fb9	346	3	188684	128.731	188684	128.729	29117	2.64012	unclassified	chr10	132912511	132912601	10007	10099	-	96	86	83	6	4	3	1	0.00315967	0.965116	0.864583	0
PBE24444_skip_b8ba7aa8_cf14c51a_142.pod5	0606b957-51e5-41cd-ba28-074c25c08eb8	cf14c51afc71f96f13400767a61fb2aed9c13fb9	935	2	189502	146.05	189502	146.048	28994	22.8775	unclassified	chr6	163894769	163923746	5	28960	-	29060	28872	28781	83	105	91	60	0.998655	0.996848	0.990399	0
PBE24444_skip_b8ba7aa8_cf14c51a_142.pod5	4870ee1b-2ca3-483e-ab45-8826ffd9189e	cf14c51afc71f96f13400767a61fb2aed9c13fb9	860	4	189638	164.637	189638	164.635	38351	14.1475	unclassified	chr12	127984454	128022837	6	38305	-	38959	37723	36957	576	660	766	60	0.998644	0.979694	0.948613	0
PBE24444_skip_b8ba7aa8_cf14c51a_142.pod5	bd774f6d-e506-43b2-9a50-105b84c8dc45	cf14c51afc71f96f13400767a61fb2aed9c13fb9	949	3	189339	125.733	189340	125.644	49024	27.5263	unclassified	chr22	18385694	18433513	0	48976	+	49308	47487	47070	1489	332	417	60	0.999021	0.991219	0.954612	0
PBE24444_skip_b8ba7aa8_cf14c51a_142.pod5	531f23c2-4d64-4d2f-ac86-b263924939c7	cf14c51afc71f96f13400767a61fb2aed9c13fb9	617	4	189505	138.256	189505	138.03	41938	29.8095	unclassified	chr10	122466734	122508680	0	41938	+	42022	41862	41774	76	84	88	60	1	0.997898	0.994098	0
PBE24444_skip_b8ba7aa8_cf14c51a_142.pod5	3258cd36-ace1-4f44-bffb-af2c2432845d	cf14c51afc71f96f13400767a61fb2aed9c13fb9	70	1	189541	171.417	189541	171.415	38397	7.7578	unclassified	chr8	27674223	27712328	13	38369	-	40827	35634	32537	2722	2471	3097	60	0.998932	0.913089	0.796948	0
PBE24444_skip_b8ba7aa8_cf14c51a_142.pod5	c9459c9e-36ca-45f1-8dda-37773a3a9e63	cf14c51afc71f96f13400767a61fb2aed9c13fb9	413	3	190141	155.063	190141	155.061	59597	11.2962	unclassified	chr2	171269160	171329211	6	59568	-	61628	57985	55313	1577	2066	2672	60	0.999413	0.953919	0.89753	0
PBE24444_skip_b8ba7aa8_cf14c51a_142.pod5	03a1ba4c-6de4-4d6b-8a0d-2453d5bc1d13	cf14c51afc71f96f13400767a61fb2aed9c13fb9	821	2	188788	140.869	188788	140.867	58739	15.2184	unclassified	chr8	20181428	20236582	3641	58710	-	55233	54990	54872	79	164	118	60	0.93752	0.997854	0.993464	0
PBE24444_skip_b8ba7aa8_cf14c51a_142.pod5	a1baaec4-a336-468b-a2f1-b7b2a03aeded	cf14c51afc71f96f13400767a61fb2aed9c13fb9	633	4	188685	159.652	188685	159.65	46087	17.5191	unclassified	chr10	123500601	123546733	32	46079	+	46492	45687	45246	360	445	441	60	0.999132	0.990347	0.9732	0
PBE24444_skip_b8ba7aa8_cf14c51a_142.pod5	cd567006-b7cf-4224-8ee6-0179bc7066c6	cf14c51afc71f96f13400767a61fb2aed9c13fb9	381	4	188798	132.006	188798	131.861	53054	28.4874	unclassified	chr6	166548487	166601152	0	53054	+	53134	52585	52514	469	80	71	60	1	0.99865	0.988331	0
PBE24444_skip_b8ba7aa8_cf14c51a_142.pod5	5586a391-0ede-4d13-8a43-57e586a56970	cf14c51afc71f96f13400767a61fb2aed9c13fb9	821	2	188657	131.328	188657	131.186	55456	29.3335	unclassified	chr8	20181119	20236582	0	55450	+	55513	55400	55337	50	63	63	60	0.999892	0.998863	0.99683	0
PBE24444_skip_b8ba7aa8_cf14c51a_142.pod5	684a6372-eed1-4fec-907b-6009db58db87	cf14c51afc71f96f13400767a61fb2aed9c13fb9	437	2	189013	121.571	189013	121.569	23431	10.1239	unclassified	chr10	67001403	67024188	40	23416	+	23971	22190	21222	1186	595	968	60	0.997653	0.956377	0.88532	0
PBE24444_skip_b8ba7aa8_cf14c51a_142.pod5	075b8053-ffa6-4413-8b65-2e0c7ee050a8	cf14c51afc71f96f13400767a61fb2aed9c13fb9	937	4	190215	145.572	190215	145.388	58190	24.8032	unclassified	chr12	51601299	51659538	7	58190	-	58338	58084	57936	99	155	148	60	0.99988	0.997452	0.993109	0
PBE24444_skip_b8ba7aa8_cf14c51a_142.pod5	a63e2006-81ee-45dc-b9a5-56f037563706	cf14c51afc71f96f13400767a61fb2aed9c13fb9	773	2	189267	129.899	189267	129.897	51802	12.2064	unclassified	chr11	64012664	64064977	34	51794	+	53286	50787	49133	973	1526	1654	60	0.999189	0.967433	0.922062	0
PBE24444_skip_b8ba7aa8_cf14c51a_142.pod5	1ff4a4f5-4362-4757-9bb4-816b84f93d2e	cf14c51afc71f96f13400767a61fb2aed9c13fb9	597	2	190041	134.856	190041	134.713	46524	19.8267	unclassified	chr3	49004830	49049310	2107	46516	+	44632	44257	44018	152	223	239	60	0.95454	0.9946	0.986243	0
PBE24444_skip_b8ba7aa8_cf14c51a_142.pod5	dac04455-2df9-4743-a8e7-40943fbfe5d3	cf14c51afc71f96f13400767a61fb2aed9c13fb9	436	1	188797	188.411	188797	188.409	68185	28.8842	unclassified	chrX	42534525	42588088	14610	68180	+	53606	53527	53492	43	36	35	60	0.785657	0.999346	0.997873	0
PBE24444_skip_b8ba7aa8_cf14c51a_142.pod5	aa77279b-d639-445e-9d19-c7087414a69d	cf14c51afc71f96f13400767a61fb2aed9c13fb9	633	4	190468	137.552	190468	137.55	37325	16.2551	unclassified	chr11	81794523	81831832	48	37292	-	37697	36856	36416	388	453	440	60	0.99783	0.988062	0.966018	0
PBE24444_skip_b8ba7aa8_cf14c51a_142.pod5	6c069e83-f688-49cd-870a-2f1422727796	cf14c51afc71f96f13400767a61fb2aed9c13fb9	463	3	190007	135.083	190007	135.081	23624	3.75841	unclassified	chr14	105590680	105590798	11214	11325	+	120	109	105	2	9	4	1	0.00469861	0.963303	0.875	0
PBE24444_skip_b8ba7aa8_cf14c51a_142.pod5	6cc1952b-e898-410b-8130-906efa1a70c0	cf14c51afc71f96f13400767a61fb2aed9c13fb9	426	4	189417	88.9136	189417	88.9116	27151	12.6313	unclassified	chr8	23198889	23223842	96	27151	+	27267	24741	24484	2314	212	257	60	0.996464	0.989612	0.897935	0
PBE24444_skip_b8ba7aa8_cf14c51a_142.pod5	ab5460a2-e9a8-4440-9c3c-a1b6c98b53c3	cf14c51afc71f96f13400767a61fb2aed9c13fb9	563	1	189383	152.397	189383	152.194	57473	25.9856	unclassified	chr11	58120134	58177652	0	57467	+	57584	57401	57251	66	117	150	60	0.999896	0.997387	0.994217	0
PBE24444_skip_b8ba7aa8_cf14c51a_142.pod5	f1985f40-20e9-47ee-a35f-5a603d59cb43	cf14c51afc71f96f13400767a61fb2aed9c13fb9	230	1	188764	172.96	188764	172.746	61907	17.0343	unclassified	chr7	151738829	151800340	0	61306	+	61881	60936	60281	370	575	655	60	0.990292	0.989251	0.974144	0
PBE24444_skip_b8ba7aa8_cf14c51a_142.pod5	7c0e2738-e65c-4925-8362-abe918dba148	cf14c51afc71f96f13400767a61fb2aed9c13fb9	970	2	189371	131.76	189371	131.669	55918	26.2271	unclassified	chr9	71013613	71069582	0	55902	+	56025	55846	55736	56	123	110	60	0.999714	0.99803	0.994842	0
PBE24444_skip_b8ba7aa8_cf14c51a_142.pod5	e7c749f1-e941-4c24-8430-651256e28424	cf14c51afc71f96f13400767a61fb2aed9c13fb9	95	2	190050	123.748	190051	123.587	41220	30.9451	unclassified	chr9	96418536	96459713	0	41220	-	41276	41121	41099	99	56	22	60	1	0.999465	0.995712	0
PBE24444_skip_b8ba7aa8_cf14c51a_142.pod5	48bd27ec-45e0-4686-912e-d2c5f73a165d	cf14c51afc71f96f13400767a61fb2aed9c13fb9	414	4	189480	121.748	189480	121.746	46841	9.14193	unclassified	chr10	119389175	119437268	34	46813	+	49738	45134	42191	1645	2959	2943	60	0.998676	0.934794	0.848265	0
PBE24444_skip_b8ba7aa8_cf14c51a_142.pod5	bda786b0-6e75-4647-af91-8ff0b50cc730	cf14c51afc71f96f13400767a61fb2aed9c13fb9	792	4	189578	134.074	189578	133.979	55865	21.9372	unclassified	chr2	229069151	229125108	0	55865	+	56104	55718	55492	147	239	226	60	1	0.995944	0.989092	0
PBE24444_skip_b8ba7aa8_cf14c51a_142.pod5	8a9887c9-1ff7-4ea5-a7cb-48de12fd3636	cf14c51afc71f96f13400767a61fb2aed9c13fb9	414	4	189299	162.568	189299	162.566	62000	9.73798	unclassified	chr16	1559101	1622066	7	61968	-	64958	59968	56344	1993	2997	3624	60	0.999371	0.939568	0.867391	0
PBE24444_skip_b8ba7aa8_cf14c51a_142.pod5	0ad459a2-854a-469f-a0ea-2ccd545ea264	cf14c51afc71f96f13400767a61fb2aed9c13fb9	28	4	189456	138.824	189457	138.697	53619	21.2801	unclassified	chr16	9728066	9781020	696	53619	-	53009	52868	52779	55	86	89	60	0.98702	0.998317	0.995661	0
PBE24444_skip_b8ba7aa8_cf14c51a_142.pod5	2bc02854-7f92-4efd-8b14-05eab5c628d6	cf14c51afc71f96f13400767a61fb2aed9c13fb9	179	1	189624	202.114	189624	202.112	65633	11.9547	unclassified	chr15	68357971	68395568	51	37322	+	38286	36582	35346	689	1015	1236	60	0.56787	0.966213	0.92321	0
PBE24444_skip_b8ba7aa8_cf14c51a_142.pod5	3a123772-56c0-4cc2-8886-438dcabf59ac	cf14c51afc71f96f13400767a61fb2aed9c13fb9	721	1	189637	163.484	189637	163.316	42216	26.2158	unclassified	chr3	94970440	95012634	7	42215	-	42248	42154	42091	54	40	63	60	0.999811	0.998505	0.996284	0
PBE24444_skip_b8ba7aa8_cf14c51a_142.pod5	efc040cf-1589-41a3-84d8-fe76ca08e16c	cf14c51afc71f96f13400767a61fb2aed9c13fb9	852	3	189656	125.64	189657	125.38	44371	26.3668	unclassified	chr6	18172013	18216409	5	44352	-	44467	44276	44182	71	120	94	60	0.999459	0.997877	0.993591	0
PBE24444_skip_b8ba7aa8_cf14c51a_142.pod5	84c83c3a-ceb9-4bea-825b-4259e3efee89	cf14c51afc71f96f13400767a61fb2aed9c13fb9	179	1	190377	164.773	190377	164.771	34571	13.5425	unclassified	chr12	8857790	8893166	8	34527	-	36090	33805	33054	714	1571	751	60	0.998496	0.977784	0.915877	0
PBE24444_skip_b8ba7aa8_cf14c51a_142.pod5	a0459d67-ae4f-430e-a3ea-215f9a92a038	cf14c51afc71f96f13400767a61fb2aed9c13fb9	317	2	189642	141.47	189642	141.468	56681	18.9233	unclassified	chr16	37868804	37885205	31407	48123	-	16765	16352	16019	364	49	333	11	0.294914	0.979636	0.955503	0
PBE24444_skip_b8ba7aa8_cf14c51a_142.pod5	a804fd67-8c93-4105-977a-d9b687fc4474	cf14c51afc71f96f13400767a61fb2aed9c13fb9	356	1	189547	188.882	189547	188.754	53713	5.19245	unclassified	chr4	131543881	131556811	0	12389	+	13107	12212	11723	177	718	489	60	0.230652	0.959957	0.894408	0
PBE24444_skip_b8ba7aa8_cf14c51a_142.pod5	3a3d08d7-2278-4acc-b5c5-1ff2f68f5965	cf14c51afc71f96f13400767a61fb2aed9c13fb9	396	3	188989	121.096	188989	121.016	51376	25.5938	unclassified	chr5	137056522	137107908	9	51376	-	51485	51268	51156	99	118	112	60	0.999825	0.997815	0.99361	0
PBE24444_skip_b8ba7aa8_cf14c51a_142.pod5	4f6083d4-c3a3-4f38-9dbb-3479acbc799f	cf14c51afc71f96f13400767a61fb2aed9c13fb9	852	3	188745	127.822	188745	127.674	45609	18.9689	unclassified	chr2	223734319	223779885	0	45609	+	45918	45257	44871	352	309	386	60	1	0.991471	0.977198	0
PBE24444_skip_b8ba7aa8_cf14c51a_142.pod5	cc743240-2c66-419e-aa09-fa263e034db5	cf14c51afc71f96f13400767a61fb2aed9c13fb9	494	1	188851	199.927	188852	199.612	46403	27.0282	unclassified	chr11	77994940	78041284	3	46403	-	46468	46276	46217	124	68	59	60	0.999935	0.998725	0.994598	0
PBE24444_skip_b8ba7aa8_cf14c51a_142.pod5	a527548e-a4f3-41da-b5ea-bc4550a67000	cf14c51afc71f96f13400767a61fb2aed9c13fb9	428	2	188598	135.799	188599	135.646	42479	27.5879	unclassified	chrY	7919568	7962061	6	42479	-	42525	42441	42415	32	52	26	60	0.999859	0.999387	0.997413	0
PBE24444_skip_b8ba7aa8_cf14c51a_142.pod5	aa6fe012-ea86-4856-aa03-a15b8bbcd816	cf14c51afc71f96f13400767a61fb2aed9c13fb9	437	2	188567	177.771	188567	177.769	54226	10.4165	unclassified	chr10	31477849	31532487	27	54197	-	56281	52527	49912	1643	2111	2615	60	0.998967	0.950216	0.886836	0
PBE24444_skip_b8ba7aa8_cf14c51a_142.pod5	08173a37-8bde-401b-808b-373ee8bba9cf	cf14c51afc71f96f13400767a61fb2aed9c13fb9	972	2	188777	129.268	188777	129.156	40586	20.2083	unclassified	chr16	62887795	62928495	0	40586	-	40855	40431	40196	155	269	235	60	1	0.994188	0.98387	0
PBE24444_skip_b8ba7aa8_cf14c51a_142.pod5	93ea4c47-b9e6-416c-beff-d2b483e741a4	cf14c51afc71f96f13400767a61fb2aed9c13fb9	633	4	188996	145.668	188996	145.666	42357	18.4853	unclassified	chr11	98361838	98404207	31	42350	+	42655	42033	41653	286	336	380	60	0.999103	0.990959	0.976509	0
PBE24444_skip_b8ba7aa8_cf14c51a_142.pod5	6cf9684b-f0ce-48a8-aa0c-7a6ffc8ceca7	cf14c51afc71f96f13400767a61fb2aed9c13fb9	654	2	189260	195.241	189261	195.071	91881	24.8699	unclassified	chr17	33772688	33864261	0	91872	+	92036	91409	91144	463	164	265	60	0.999902	0.997101	0.990308	0
PBE24444_skip_b8ba7aa8_cf14c51a_142.pod5	a76afb76-8481-41ea-b8da-f7aef50e589c	cf14c51afc71f96f13400767a61fb2aed9c13fb9	36	4	188639	132.384	188639	132.247	52992	22.3282	unclassified	chr18	54124243	54177265	0	52992	-	53172	52842	52636	150	180	206	60	1	0.996102	0.989919	0
PBE24444_skip_b8ba7aa8_cf14c51a_142.pod5	49d06de8-a7ef-4344-ade5-b7aea5c3ca27	cf14c51afc71f96f13400767a61fb2aed9c13fb9	356	1	188674	150.343	188674	150.341	59753	24.0073	unclassified	chr10	34324404	34384197	36	59738	+	59876	59619	59494	83	174	125	60	0.999146	0.997903	0.99362	0
PBE24444_skip_b8ba7aa8_cf14c51a_142.pod5	dcd19991-484f-4873-a027-ad03a3426b57	cf14c51afc71f96f13400767a61fb2aed9c13fb9	831	1	189158	129.393	189158	129.298	53281	26.4303	unclassified	chr21	15809953	15863344	0	53274	+	53465	53200	53083	74	191	117	60	0.999869	0.997801	0.992855	0
PBE24444_skip_b8ba7aa8_cf14c51a_142.pod5	7aa022bd-611f-43fc-b8c9-aa160e32d682	cf14c51afc71f96f13400767a61fb2aed9c13fb9	563	1	190469	127.98	190469	127.82	47718	26.2198	unclassified	chr4	155785539	155833279	0	47718	-	47807	47651	47564	67	89	87	60	1	0.998174	0.994917	0
PBE24444_skip_b8ba7aa8_cf14c51a_142.pod5	010e9c75-a66b-4517-b1ac-d01c498de7b6	cf14c51afc71f96f13400767a61fb2aed9c13fb9	95	2	189150	135.675	189150	135.503	48953	29.2552	unclassified	chr19	38638841	38687823	8	48953	-	49011	48916	48893	29	66	23	60	0.999837	0.99953	0.997592	0
PBE24444_skip_b8ba7aa8_cf14c51a_142.pod5	2f194088-db34-4459-ba08-1686e279cc88	cf14c51afc71f96f13400767a61fb2aed9c13fb9	7	3	188790	256.582	188790	256.416	67483	19.0172	unclassified	chr5	139879890	139947135	0	67480	+	67784	66941	66561	539	304	380	60	0.999956	0.994323	0.981957	0
PBE24444_skip_b8ba7aa8_cf14c51a_142.pod5	e828b88b-986f-415c-8ddf-1bab2ceab051	cf14c51afc71f96f13400767a61fb2aed9c13fb9	327	1	189039	129.948	189039	129.946	54113	10.2567	unclassified	chr2	178828627	178883540	6	54074	-	56415	52566	49741	1502	2347	2825	60	0.999168	0.946258	0.881698	0
PBE24444_skip_b8ba7aa8_cf14c51a_142.pod5	7674a887-147c-4716-ae8a-4b6f6f2e6106	cf14c51afc71f96f13400767a61fb2aed9c13fb9	953	3	189205	177.645	189205	177.443	38255	25.7297	unclassified	chr14	91624918	91659142	9	38255	-	38293	34177	34074	4069	47	103	60	0.999765	0.996986	0.889823	0
PBE24444_skip_b8ba7aa8_cf14c51a_142.pod5	28c5b48e-e562-415e-b44c-aabd47f82d1a	cf14c51afc71f96f13400767a61fb2aed9c13fb9	369	3	189653	201.204	189653	201.202	83941	24.3655	unclassified	chr3	139767197	139851042	6	83901	-	84029	83711	83501	184	134	210	60	0.999452	0.997491	0.993716	0
PBE24444_skip_b8ba7aa8_cf14c51a_142.pod5	99be1593-20e8-4a8e-a49b-019eb1ab6709	cf14c51afc71f96f13400767a61fb2aed9c13fb9	820	3	188857	123.223	188857	123.138	46519	23.4244	unclassified	chrY	56721955	56768558	0	46511	+	46832	46282	45526	229	321	756	17	0.999828	0.983665	0.972113	0
PBE24444_skip_b8ba7aa8_cf14c51a_142.pod5	6cb5e2d9-2937-4b48-9c2a-0f3b5446c2ae	cf14c51afc71f96f13400767a61fb2aed9c13fb9	179	1	188984	157.04	188984	157.038	55334	12.0475	unclassified	chr7	114918877	114970515	3966	55290	-	52735	50227	48438	1097	1411	1789	60	0.927531	0.964382	0.918517	0
PBE24444_skip_b8ba7aa8_cf14c51a_142.pod5	add9c263-9996-4055-a7b7-ad214b9bda74	cf14c51afc71f96f13400767a61fb2aed9c13fb9	230	1	189328	135.868	189328	135.719	48856	17.8615	unclassified	chr19	20655894	20704857	6	48856	-	49233	48580	48035	270	383	545	60	0.999877	0.988781	0.975667	0
PBE24444_skip_b8ba7aa8_cf14c51a_142.pod5	a4e06c96-3b39-4271-ba32-063fd8599a42	cf14c51afc71f96f13400767a61fb2aed9c13fb9	654	2	188854	177.654	188854	177.458	72340	31.0332	unclassified	chr6	78551074	78623407	0	72334	+	72381	72286	72256	48	47	30	60	0.999917	0.999585	0.998273	0
PBE24444_skip_b8ba7aa8_cf14c51a_142.pod5	938d64a6-70b5-40b3-973a-df56515ce6c4	cf14c51afc71f96f13400767a61fb2aed9c13fb9	721	1	189284	133.134	189285	132.965	44544	28.2004	unclassified	chrY	56723676	56768282	0	44537	+	44906	44237	43658	300	369	579	5	0.999843	0.986911	0.972209	0
PBE24444_skip_b8ba7aa8_cf14c51a_142.pod5	63c63210-1cf3-41dc-90c7-7248812398e3	cf14c51afc71f96f13400767a61fb2aed9c13fb9	230	1	189494	183.56	189494	183.384	67800	17.4261	unclassified	chr6	114857531	114925404	0	67792	+	68315	67350	66635	442	523	715	60	0.999882	0.989384	0.975408	0
PBE24444_skip_b8ba7aa8_cf14c51a_142.pod5	927d9be8-a238-434a-82f9-1ac8652d84bc	cf14c51afc71f96f13400767a61fb2aed9c13fb9	140	2	189789	125.731	189789	125.543	45771	26.5694	unclassified	chr2	64745129	64790958	0	45764	+	45872	45721	45648	43	108	73	60	0.999847	0.998403	0.995117	0
PBE24444_skip_b8ba7aa8_cf14c51a_142.pod5	72777254-fef9-46bc-a9fc-24b472613798	cf14c51afc71f96f13400767a61fb2aed9c13fb9	319	2	189522	141.835	189522	141.833	28460	2.94284	unclassified	chr1	207818272	207818368	27379	27472	-	96	93	86	0	3	7	1	0.00326774	0.924731	0.895833	0
PBE24444_skip_b8ba7aa8_cf14c51a_142.pod5	c8ff87af-bfe9-4d66-bf69-0864f0322da6	cf14c51afc71f96f13400767a61fb2aed9c13fb9	178	1	189731	170.587	189731	170.585	59679	21.1542	unclassified	chr3	47846786	47906335	34	59672	+	59867	59320	59157	318	229	163	60	0.999313	0.997252	0.98814	0
PBE24444_skip_b8ba7aa8_cf14c51a_142.pod5	683aea85-95f0-496a-9d32-f4713d90edff	cf14c51afc71f96f13400767a61fb2aed9c13fb9	693	2	189064	181.662	189064	181.66	51686	31.1626	unclassified	chr1	58082317	58134000	35	51679	+	51698	51629	51608	15	54	21	60	0.999187	0.999593	0.998259	0
PBE24444_skip_b8ba7aa8_cf14c51a_142.pod5	75563e6a-0f8f-42c3-bfb2-572ce31fdc1f	cf14c51afc71f96f13400767a61fb2aed9c13fb9	116	1	189742	136.116	189742	135.983	49846	19.1767	unclassified	chr19	16059945	16109852	6	49846	-	50247	49500	49141	340	407	359	60	0.99988	0.992747	0.977989	0
PBE24444_skip_b8ba7aa8_cf14c51a_142.pod5	24f0b217-77d4-4335-8520-062c39592117	cf14c51afc71f96f13400767a61fb2aed9c13fb9	597	2	189871	166.015	189871	166.013	24255	10.1221	unclassified	chr10	10824653	10848070	72	24251	+	24670	22926	22014	1253	491	912	60	0.996867	0.96022	0.892339	0
PBE24444_skip_b8ba7aa8_cf14c51a_142.pod5	f61fd8c8-04ea-4ee5-b3ca-28775214856b	cf14c51afc71f96f13400767a61fb2aed9c13fb9	396	3	188861	128.779	188861	128.641	51428	29.5195	unclassified	chr5	137056522	137107908	0	51423	+	51464	51345	51259	78	41	86	60	0.999903	0.998325	0.996017	0
PBE24444_skip_b8ba7aa8_cf14c51a_142.pod5	02ee93a5-0261-4066-bb64-e7f8f631a081	cf14c51afc71f96f13400767a61fb2aed9c13fb9	616	4	189890	123.76	189890	123.541	38558	20.8793	unclassified	chr12	22244942	22283523	0	38551	+	38716	38416	38215	135	165	201	60	0.999818	0.994768	0.98706	0
PBE24444_skip_b8ba7aa8_cf14c51a_142.pod5	8f1a8ec0-8ce1-4bc4-bb16-b0ee4a980aca	cf14c51afc71f96f13400767a61fb2aed9c13fb9	773	2	189892	137.362	189892	137.36	54489	12.216	unclassified	chr12	75475522	75530421	6	54455	-	55912	53436	51582	1013	1463	1854	60	0.999266	0.965304	0.922557	0
PBE24444_skip_b8ba7aa8_cf14c51a_142.pod5	ea965864-2658-43c5-bdd5-ed5696e814d3	cf14c51afc71f96f13400767a61fb2aed9c13fb9	556	1	189241	216.576	189241	216.355	35753	19.8044	unclassified	chr10	38887620	38896357	1890	10939	-	9487	8299	6865	750	438	1434	36	0.253098	0.827208	0.723622	0
PBE24444_skip_b8ba7aa8_cf14c51a_142.pod5	b10cb0a4-8fe5-4552-88dd-50b80c9d9a33	cf14c51afc71f96f13400767a61fb2aed9c13fb9	431	4	189954	145.688	189954	145.686	29080	2.64876	unclassified	chr19	56538776	56538821	16051	16096	+	45	45	45	0	0	0	1	0.00154746	1	1	0
PBE24444_skip_b8ba7aa8_cf14c51a_142.pod5	b24389ee-a71d-4130-8e30-eca6e9a13889	cf14c51afc71f96f13400767a61fb2aed9c13fb9	426	4	189994	136.884	189995	136.792	41799	7.04433	unclassified	chr2	132185641	132210873	16724	41797	-	25321	24984	24794	89	248	190	60	0.599847	0.992395	0.979187	0
PBE24444_skip_b8ba7aa8_cf14c51a_142.pod5	3e0d508f-fbc8-41ce-9551-8449f22750b9	cf14c51afc71f96f13400767a61fb2aed9c13fb9	28	4	189868	134.883	189868	134.759	54704	28.822	unclassified	chr18	54774969	54829656	0	54694	+	54772	54609	54501	85	78	108	60	0.999817	0.998022	0.995052	0
PBE24444_skip_b8ba7aa8_cf14c51a_142.pod5	c99c2c5d-7991-4705-924f-9f029e3971b4	cf14c51afc71f96f13400767a61fb2aed9c13fb9	36	4	189900	132.963	189900	132.713	53096	25.5745	unclassified	chr6	36595471	36648569	7	53096	-	53203	52984	52892	105	114	92	60	0.999868	0.998264	0.994154	0
PBE24444_skip_b8ba7aa8_cf14c51a_142.pod5	01869dd0-0a3a-4cd4-9952-e26159f93ca2	cf14c51afc71f96f13400767a61fb2aed9c13fb9	860	4	190088	136.086	190088	136.084	33370	13.8409	unclassified	chr10	118558413	118591937	6	33326	-	33988	32856	32083	464	668	773	60	0.998502	0.976473	0.943951	0
PBE24444_skip_b8ba7aa8_cf14c51a_142.pod5	6a773170-4c2b-4ebc-bc9c-695807128334	cf14c51afc71f96f13400767a61fb2aed9c13fb9	633	4	190033	197.151	190033	197.149	58299	17.2386	unclassified	chr13	55869689	55927340	17	58240	-	58725	57149	56582	1074	502	567	60	0.998696	0.990079	0.963508	0
PBE24444_skip_b8ba7aa8_cf14c51a_142.pod5	6e313599-7a5b-477a-8367-8628ef762f21	cf14c51afc71f96f13400767a61fb2aed9c13fb9	134	2	189438	205.314	189438	205.312	74416	18.2267	unclassified	chr18	45718339	45792821	32	74409	+	74896	73963	73200	414	519	763	60	0.999476	0.989684	0.977355	0
PBE24444_skip_b8ba7aa8_cf14c51a_142.pod5	e5506254-f0d3-4af0-b5be-cb02b0f8bc7d	cf14c51afc71f96f13400767a61fb2aed9c13fb9	953	3	190089	132.145	190089	132.143	49104	29.4303	unclassified	chr15	61604932	61653995	33	49097	+	49097	49030	48937	34	33	93	60	0.999185	0.998103	0.996741	0
PBE24444_skip_b8ba7aa8_cf14c51a_142.pod5	388674c8-700d-4354-9eab-96815171a4c9	cf14c51afc71f96f13400767a61fb2aed9c13fb9	134	2	189917	142.905	189917	142.903	49431	19.0842	unclassified	chr22	46439044	46486328	8	49398	-	49694	46980	46612	2410	304	368	60	0.999171	0.992167	0.93798	0
PBE24444_skip_b8ba7aa8_cf14c51a_142.pod5	f0047d9b-9fff-4408-9fab-2f3afc2c87ff	cf14c51afc71f96f13400767a61fb2aed9c13fb9	972	2	189814	142.25	189815	142.1	51181	21.3913	unclassified	chr14	47941868	47993067	9	51181	-	51352	51019	50789	153	180	230	60	0.999824	0.995492	0.989036	0
PBE24444_skip_b8ba7aa8_cf14c51a_142.pod5	87bbe6fb-8540-4211-b427-4675bfbbb791	cf14c51afc71f96f13400767a61fb2aed9c13fb9	882	1	189726	142.829	189726	142.827	47990	12.484	unclassified	chr17	30737625	30786230	23	47983	+	49304	47261	45791	699	1344	1470	60	0.999375	0.968896	0.928748	0
PBE24444_skip_b8ba7aa8_cf14c51a_142.pod5	cadc8201-6c23-489a-9783-0cbf428abadf	cf14c51afc71f96f13400767a61fb2aed9c13fb9	852	3	190035	135.417	190035	135.298	47658	24.8884	unclassified	chr8	123414527	123462235	10	47658	-	47877	47479	47188	169	229	291	60	0.99979	0.993871	0.985609	0
PBE24444_skip_b8ba7aa8_cf14c51a_142.pod5	93afcfbc-e911-4236-b5ca-5e07b2cf9b51	cf14c51afc71f96f13400767a61fb2aed9c13fb9	280	2	189511	125.06	189511	124.931	43731	23.6643	unclassified	chr16	16096989	16140747	0	43725	+	43856	43627	43515	98	131	112	60	0.999863	0.997433	0.992225	0
PBE24444_skip_b8ba7aa8_cf14c51a_142.pod5	44cad6b6-47e9-405e-b878-6080f6aa9577	cf14c51afc71f96f13400767a61fb2aed9c13fb9	230	1	188546	216.998	188546	216.848	79642	18.4383	unclassified	chr5	135941406	136021185	5	79642	-	80130	79286	78625	351	493	661	60	0.999937	0.991663	0.981218	0
PBE24444_skip_b8ba7aa8_cf14c51a_142.pod5	26069cde-ddd2-41b6-aab2-7c3ff342a990	cf14c51afc71f96f13400767a61fb2aed9c13fb9	654	2	189032	228.926	189032	228.826	91867	29.3872	unclassified	chr17	33772688	33864261	7	91867	-	91943	91490	91269	370	83	221	60	0.999924	0.997584	0.992669	0
PBE24444_skip_b8ba7aa8_cf14c51a_142.pod5	34ae9abf-b87d-4c0e-a9a0-9fc1e459d1d3	cf14c51afc71f96f13400767a61fb2aed9c13fb9	574	1	189810	151.678	189810	151.676	57200	27.5493	unclassified	chr13	38677044	38734255	43	57200	+	57264	57104	57004	53	107	100	60	0.999248	0.998249	0.99546	0
PBE24444_skip_b8ba7aa8_cf14c51a_142.pod5	d3444eca-e456-4f09-bbc9-fd122e1bdccb	cf14c51afc71f96f13400767a61fb2aed9c13fb9	134	2	188862	297.033	188862	297.031	73646	17.2912	unclassified	chr13	20852346	20926038	5	73566	-	74330	72923	72139	638	769	784	60	0.998846	0.989249	0.970523	0
PBE24444_skip_b8ba7aa8_cf14c51a_142.pod5	509c6be4-f195-4d17-8985-92dbe3c886d7	cf14c51afc71f96f13400767a61fb2aed9c13fb9	579	3	189052	210.96	189052	210.901	87380	26.0084	unclassified	chr6	149915759	150003313	0	87380	-	87681	87253	87096	127	301	157	60	1	0.998201	0.993328	0
PBE24444_skip_b8ba7aa8_cf14c51a_142.pod5	fb246111-c83e-4321-9eb9-f76e2e8e4163	cf14c51afc71f96f13400767a61fb2aed9c13fb9	890	3	190187	192.555	190187	192.376	56092	29.8589	unclassified	chr5	176463052	176519259	0	56089	+	56286	56010	55924	79	197	86	60	0.999947	0.998465	0.993569	0
PBE24444_skip_b8ba7aa8_cf14c51a_142.pod5	8b5d1522-5c90-4e40-a93c-7d188f8b20be	cf14c51afc71f96f13400767a61fb2aed9c13fb9	858	1	189727	230.752	189728	230.608	79589	26.7581	unclassified	chr7	45229252	45308832	6	79589	-	79738	79425	79252	158	155	173	60	0.999925	0.997822	0.993905	0
PBE24444_skip_b8ba7aa8_cf14c51a_142.pod5	751eafd5-baaf-4262-aa3f-264e3ba56bf4	cf14c51afc71f96f13400767a61fb2aed9c13fb9	879	1	190339	121.383	190339	121.381	34064	10.5239	unclassified	chr1	123785911	123793574	12950	20514	+	7806	7421	6592	143	242	829	1	0.222053	0.88829	0.844479	0
PBE24444_skip_b8ba7aa8_cf14c51a_142.pod5	f9f8cff3-be0d-4239-85e7-358b10380543	cf14c51afc71f96f13400767a61fb2aed9c13fb9	369	3	190049	161.488	190050	161.12	42528	25.8162	unclassified	chr1	221386248	221428758	14	42528	-	42598	42426	42350	88	84	76	60	0.999671	0.998209	0.994178	0
PBE24444_skip_b8ba7aa8_cf14c51a_142.pod5	d6a5a2e7-db82-4d79-b180-3fe91444e871	cf14c51afc71f96f13400767a61fb2aed9c13fb9	428	2	190263	149.259	190264	149.086	57827	28.6626	unclassified	chrY	15485164	15542999	7	57827	-	57879	57776	57750	44	59	26	60	0.999879	0.99955	0.997771	0
PBE24444_skip_b8ba7aa8_cf14c51a_142.pod5	38f73d41-9c88-497f-94b2-6467a044e63a	cf14c51afc71f96f13400767a61fb2aed9c13fb9	36	4	190288	179.898	190288	179.753	70095	28.0851	unclassified	chr3	164231018	164301074	0	70095	+	70173	69978	69904	117	78	74	60	1	0.998943	0.996167	0
PBE24444_skip_b8ba7aa8_cf14c51a_142.pod5	9f1591a0-84ae-4344-bd91-b15eb930b06e	cf14c51afc71f96f13400767a61fb2aed9c13fb9	617	4	190328	195.81	190328	195.706	62348	31.7257	unclassified	chr5	144766816	144829148	4	62348	-	62377	62299	62210	45	33	89	60	0.999936	0.998571	0.997323	0
PBE24444_skip_b8ba7aa8_cf14c51a_142.pod5	aea080a1-166a-4fab-b752-d7759d23b076	cf14c51afc71f96f13400767a61fb2aed9c13fb9	937	4	189865	133.818	189865	133.658	49572	20.96	unclassified	chr4	9322917	9369067	1357	48295	-	47085	46003	45671	935	147	332	29	0.946865	0.992783	0.969969	0
PBE24444_skip_b8ba7aa8_cf14c51a_142.pod5	83e65b36-67f8-4424-a3d8-1a73ab7f6614	cf14c51afc71f96f13400767a61fb2aed9c13fb9	829	3	190132	155.981	190132	155.979	63137	13.2834	unclassified	chr13	17835521	17851117	38526	54403	-	16001	15472	14777	405	124	695	2	0.251469	0.95508	0.923505	0
PBE24444_skip_b8ba7aa8_cf14c51a_142.pod5	50210d4f-cb91-4f80-9e7e-3f1eb47c8c9c	cf14c51afc71f96f13400767a61fb2aed9c13fb9	346	3	190597	116.878	190597	116.876	26213	3.44367	unclassified	*	-1	-1	-1	-1	*	0	0	0	0	0	0	0	0	0	0	0
PBE24444_skip_b8ba7aa8_cf14c51a_142.pod5	36039e40-821b-48df-ada0-21a5a1585a47	cf14c51afc71f96f13400767a61fb2aed9c13fb9	288	4	189895	138.711	189895	138.598	56468	28.8004	unclassified	chr6	157314833	157371276	0	56463	+	56523	56383	56277	80	60	106	60	0.999911	0.99812	0.995648	0
PBE24444_skip_b8ba7aa8_cf14c51a_142.pod5	03c448d8-775e-4a17-88f8-b141341fb1e3	cf14c51afc71f96f13400767a61fb2aed9c13fb9	879	1	189860	383.553	189860	383.551	62970	4.64329	unclassified	chr21	35932853	35950315	43070	62870	+	21033	16229	13828	3571	1233	2401	26	0.314435	0.852055	0.657443	0
PBE24444_skip_b8ba7aa8_cf14c51a_142.pod5	9c03dc9b-d05a-413c-b2c7-b9b192820b19	cf14c51afc71f96f13400767a61fb2aed9c13fb9	654	2	190270	231.929	190270	231.927	47738	3.62251	unclassified	chr2	89819782	89827010	0	7042	+	7668	6602	5654	440	626	948	1	0.147514	0.856407	0.73735	0
PBE24444_skip_b8ba7aa8_cf14c51a_142.pod5	1d4e6815-8324-4d93-97e2-2f32e26c73ea	cf14c51afc71f96f13400767a61fb2aed9c13fb9	70	1	190419	211.912	190419	211.91	45122	7.91088	unclassified	chr2	44797517	44831090	12146	45114	+	35482	31059	28098	1909	2514	2961	60	0.730641	0.904665	0.791894	0
PBE24444_skip_b8ba7aa8_cf14c51a_142.pod5	efc01d23-d7e7-4838-b2ef-f17c59b08f89	cf14c51afc71f96f13400767a61fb2aed9c13fb9	280	2	189939	299.623	189940	299.382	110161	22.8501	unclassified	chr11	5640753	5753146	0	110154	+	112875	109672	109129	482	2721	543	60	0.999936	0.995049	0.966813	0
PBE24444_skip_b8ba7aa8_cf14c51a_142.pod5	d6023bae-8678-4092-a211-85c331f3c437	cf14c51afc71f96f13400767a61fb2aed9c13fb9	437	2	190646	140.77	190646	140.768	39112	10.2889	unclassified	chr18	48688639	48728046	30	39098	+	40583	37892	36043	1176	1515	1849	60	0.998875	0.951203	0.88813	0
PBE24444_skip_b8ba7aa8_cf14c51a_142.pod5	8f9cf3e1-7ef0-46d9-b27c-71ad35ee6385	cf14c51afc71f96f13400767a61fb2aed9c13fb9	230	1	190352	180.819	190353	180.63	68221	16.3725	unclassified	chr11	45863437	45931904	5	68221	-	69020	67663	66844	553	804	819	60	0.999927	0.987896	0.968473	0
PBE24444_skip_b8ba7aa8_cf14c51a_142.pod5	f1135eb8-2500-4b70-8745-3ee3bf551856	cf14c51afc71f96f13400767a61fb2aed9c13fb9	358	4	190708	139.433	190708	139.431	52870	29.0245	unclassified	chr12	55198241	55251108	29	52870	+	52892	52816	52786	25	51	30	60	0.999451	0.999432	0.997996	0
PBE24444_skip_b8ba7aa8_cf14c51a_142.pod5	a22f901e-ebec-4179-b75c-ed67add57c18	cf14c51afc71f96f13400767a61fb2aed9c13fb9	134	2	190160	249.663	190160	249.551	89882	19.7761	unclassified	chr3	95826539	95916584	9	89882	-	90413	89505	88846	368	540	659	60	0.9999	0.992637	0.982668	0
PBE24444_skip_b8ba7aa8_cf14c51a_142.pod5	201a0e25-599d-495e-aa2d-b37fce059455	cf14c51afc71f96f13400767a61fb2aed9c13fb9	1000	4	189388	135.941	189388	135.939	43618	11.499	unclassified	chr1	168395483	168436448	1437	43618	+	43534	39612	37837	2569	1353	1775	60	0.967055	0.95519	0.869137	0
PBE24444_skip_b8ba7aa8_cf14c51a_142.pod5	425c521c-6f2a-43b8-bbe3-33dfe2ef00ad	cf14c51afc71f96f13400767a61fb2aed9c13fb9	852	3	190826	127.648	190826	127.646	51507	17.0763	unclassified	chr5	23230088	23281791	7	51476	-	52008	51164	50660	305	539	504	60	0.999262	0.990149	0.974081	0
PBE24444_skip_b8ba7aa8_cf14c51a_142.pod5	e1ff5c0f-2784-4f33-893c-651477253ad0	cf14c51afc71f96f13400767a61fb2aed9c13fb9	858	1	190660	111.44	190660	111.346	41375	21.8081	unclassified	chr9	106758551	106799956	0	41375	-	41523	41257	41077	118	148	180	60	1	0.995637	0.989259	0
PBE24444_skip_b8ba7aa8_cf14c51a_142.pod5	f6dffbc5-ebbf-45ce-a9cb-406464feb01f	cf14c51afc71f96f13400767a61fb2aed9c13fb9	28	4	190140	204.802	190140	204.691	80281	26.6455	unclassified	chr13	111552103	111630630	7	80281	-	80395	78406	78152	1868	121	254	60	0.999913	0.99676	0.9721	0
PBE24444_skip_b8ba7aa8_cf14c51a_142.pod5	6ae0c1a3-beca-42da-9183-43cd1afc16cd	cf14c51afc71f96f13400767a61fb2aed9c13fb9	140	2	190841	130.73	190841	130.609	47433	29.2536	unclassified	chr3	67071797	67119256	0	47433	-	47503	47389	47298	44	70	91	60	1	0.99808	0.995685	0
PBE24444_skip_b8ba7aa8_cf14c51a_142.pod5	a96fbe16-8484-484c-bc25-76dfc25662a2	cf14c51afc71f96f13400767a61fb2aed9c13fb9	280	2	190533	224.084	190533	223.883	80859	22.119	unclassified	chr1	6817153	6897996	0	80851	+	81115	80579	80280	272	264	299	60	0.999901	0.996289	0.989706	0
PBE24444_skip_b8ba7aa8_cf14c51a_142.pod5	b407a8df-005e-4571-9b32-75c28cf844e1	cf14c51afc71f96f13400767a61fb2aed9c13fb9	773	2	190262	290.966	190262	290.964	53193	13.3537	unclassified	chr8	45927801	45943589	32451	47906	-	15984	15259	14572	196	529	687	18	0.290546	0.954977	0.911662	0
PBE24444_skip_b8ba7aa8_cf14c51a_142.pod5	3d1b2bab-9fb5-49d2-aa91-cb09c66084a1	cf14c51afc71f96f13400767a61fb2aed9c13fb9	319	2	190069	330.305	190069	330.303	65449	3.0208	unclassified	chr2	32916405	32916534	62974	63108	-	134	129	119	5	0	10	1	0.0020474	0.922481	0.88806	0
PBE24444_skip_b8ba7aa8_cf14c51a_142.pod5	08ce7998-93cc-46ca-89d2-381aecb464d7	cf14c51afc71f96f13400767a61fb2aed9c13fb9	654	2	189973	275.467	189973	275.465	58859	4.32495	unclassified	chr10	41902352	41908776	6474	12916	-	6527	6339	5401	103	85	938	1	0.109448	0.852027	0.827486	0
PBE24444_skip_b8ba7aa8_cf14c51a_142.pod5	b303d30e-126e-4b38-a8a9-fd162dcf7598	cf14c51afc71f96f13400767a61fb2aed9c13fb9	396	3	190594	130.264	190594	130.145	52892	26.4227	unclassified	chr2	109391244	109444138	5	52892	-	52958	52823	52738	64	71	85	60	0.999905	0.998391	0.995846	0
PBE24444_skip_b8ba7aa8_cf14c51a_142.pod5	d0811484-5b2b-4a38-8646-8404dd1c39d4	cf14c51afc71f96f13400767a61fb2aed9c13fb9	426	4	190824	159.921	190824	159.803	61910	26.8851	unclassified	chr8	116760479	116822344	0	61900	+	61989	61776	61689	124	89	87	60	0.999838	0.998592	0.99516	0
PBE24444_skip_b8ba7aa8_cf14c51a_142.pod5	22bb1a85-7c0c-4139-a134-2a47379d3f1b	cf14c51afc71f96f13400767a61fb2aed9c13fb9	890	3	190579	127.689	190579	127.552	52176	22.2778	unclassified	chr21	10730957	10738733	40618	49106	+	8676	7588	7156	900	188	432	60	0.16268	0.943068	0.824804	0
PBE24444_skip_b8ba7aa8_cf14c51a_142.pod5	9cea44c1-4913-4ccd-b456-8eac63af8fdd	cf14c51afc71f96f13400767a61fb2aed9c13fb9	442	2	190924	122.959	190925	122.773	43347	25.4978	unclassified	chr20	11913828	11957171	15	43347	-	43404	43271	43157	61	72	114	60	0.999654	0.997365	0.994309	0
PBE24444_skip_b8ba7aa8_cf14c51a_142.pod5	e0bbaa8e-959f-4b72-bf0e-e31b6578e660	cf14c51afc71f96f13400767a61fb2aed9c13fb9	178	1	190870	139.77	190870	139.502	44037	23.2805	unclassified	chr16	35114918	35158993	9	44037	-	44168	43935	43787	93	140	148	60	0.999796	0.996631	0.991374	0
PBE24444_skip_b8ba7aa8_cf14c51a_142.pod5	e6c55883-e799-4390-af85-a556cd76644e	cf14c51afc71f96f13400767a61fb2aed9c13fb9	597	2	190933	139.63	190933	139.421	47282	16.7768	unclassified	chr12	20490061	20537580	6	47282	-	47797	46998	46410	278	521	588	60	0.999873	0.987489	0.970981	0
PBE24444_skip_b8ba7aa8_cf14c51a_142.pod5	ef76f453-c3bf-4ca6-b70e-672877154fc8	cf14c51afc71f96f13400767a61fb2aed9c13fb9	860	4	190947	143.472	190947	143.47	29271	15.5142	unclassified	chr19	41953390	41982649	65	29271	+	29612	28853	28473	353	406	380	60	0.997779	0.98683	0.961536	0
PBE24444_skip_b8ba7aa8_cf14c51a_142.pod5	6f8fb13b-b933-4010-b2f5-0d0c190dd409	cf14c51afc71f96f13400767a61fb2aed9c13fb9	773	2	190804	178.812	190804	178.681	73009	12.4442	unclassified	chr14	68996028	69065680	10	73006	-	74867	67781	65506	5215	1871	2275	60	0.999822	0.966436	0.874965	0
PBE24444_skip_b8ba7aa8_cf14c51a_142.pod5	d33fe905-5e9b-46a8-a7cc-465ac371a241	cf14c51afc71f96f13400767a61fb2aed9c13fb9	821	2	190887	117.187	190887	117.185	50395	19.8053	unclassified	chr16	63221870	63251381	0	30595	-	31155	28951	28787	1644	560	164	60	0.607104	0.994335	0.923993	0
PBE24444_skip_b8ba7aa8_cf14c51a_142.pod5	f16e4483-a6a3-404f-970a-a234333d85fc	cf14c51afc71f96f13400767a61fb2aed9c13fb9	792	4	190544	127.81	190544	127.808	53954	22.3387	unclassified	chr1	5286507	5340394	0	53926	-	54319	53494	53164	432	393	330	60	0.999481	0.993831	0.978737	0
PBE24444_skip_b8ba7aa8_cf14c51a_142.pod5	60f44a74-2fbc-43a8-829a-d62543843290	cf14c51afc71f96f13400767a61fb2aed9c13fb9	95	2	190484	196.554	190484	196.351	77846	27.4442	unclassified	chr1	74394306	74472212	7	77846	-	77964	77781	77637	58	125	144	60	0.99991	0.998149	0.995806	0
PBE24444_skip_b8ba7aa8_cf14c51a_142.pod5	d426b321-a5df-414c-aa21-e7a91a6986b9	cf14c51afc71f96f13400767a61fb2aed9c13fb9	949	3	190654	179.217	190654	179.053	70415	27.421	unclassified	chrX	87905818	87976558	7	70415	-	70960	70188	70028	220	552	160	60	0.999901	0.99772	0.986866	0
PBE24444_skip_b8ba7aa8_cf14c51a_142.pod5	48f28f1e-901f-4987-9c0b-e0354ffa90ff	cf14c51afc71f96f13400767a61fb2aed9c13fb9	972	2	190543	269.064	190543	269.062	96395	21.9147	unclassified	chr14	46993091	47089573	6	96361	-	96749	96088	95772	267	394	316	60	0.999585	0.996711	0.989902	0
PBE24444_skip_b8ba7aa8_cf14c51a_142.pod5	59ae0a20-4b1c-419b-b06d-b5240881ecd7	cf14c51afc71f96f13400767a61fb2aed9c13fb9	685	1	190825	121.192	190825	121.19	36289	7.2301	unclassified	chr13	29955334	29991359	1056	36289	+	38357	32901	29902	2332	3124	2999	60	0.9709	0.908848	0.779571	0
PBE24444_skip_b8ba7aa8_cf14c51a_142.pod5	6380dca8-609d-462b-a38b-3bdc5a185c14	cf14c51afc71f96f13400767a61fb2aed9c13fb9	882	1	190668	252.928	190668	252.926	80049	9.56902	unclassified	chr17	49471303	49553849	54	80047	+	84707	77832	73259	2161	4714	4573	60	0.9993	0.941245	0.864852	0
PBE24444_skip_b8ba7aa8_cf14c51a_142.pod5	8523b0d6-5cf9-4816-ac3b-4f1f79932205	cf14c51afc71f96f13400767a61fb2aed9c13fb9	820	3	190963	142.729	190964	142.591	56433	16.6192	unclassified	chr6	62111241	62167707	0	56425	+	57016	55875	55166	550	591	709	60	0.999858	0.987311	0.967553	0
PBE24444_skip_b8ba7aa8_cf14c51a_142.pod5	74b2353c-59e1-465b-8a3c-907bfcfd9427	cf14c51afc71f96f13400767a61fb2aed9c13fb9	437	2	190997	170.347	190997	170.345	43135	10.3479	unclassified	chr2	83501950	83542302	2694	43125	+	41833	38950	37153	1481	1402	1797	60	0.937313	0.953864	0.888127	0
PBE24444_skip_b8ba7aa8_cf14c51a_142.pod5	6793f87e-95e8-4d6f-9f09-d498856b8338	cf14c51afc71f96f13400767a61fb2aed9c13fb9	885	2	190967	150.322	190968	150.235	55906	28.02	unclassified	chr17	8608558	8664454	7	55906	-	55971	55824	55742	75	72	82	60	0.999875	0.998531	0.995909	0
PBE24444_skip_b8ba7aa8_cf14c51a_142.pod5	3dd421e9-a3db-4eb5-96ab-388c046feff7	cf14c51afc71f96f13400767a61fb2aed9c13fb9	579	3	190982	150.679	190983	150.532	42547	30.044	unclassified	chr10	17284189	17326720	0	42540	+	42594	42477	42445	63	54	32	60	0.999835	0.999247	0.996502	0
PBE24444_skip_b8ba7aa8_cf14c51a_142.pod5	1c31f2e6-5482-42ad-8f44-2cd1758c517e	cf14c51afc71f96f13400767a61fb2aed9c13fb9	563	1	191119	133.18	191119	133.019	48381	27.161	unclassified	chr12	83851680	83900068	0	48381	-	48432	48337	48280	44	51	57	60	1	0.998821	0.996862	0
PBE24444_skip_b8ba7aa8_cf14c51a_142.pod5	e3836144-b25f-4657-96fd-6fc4fee1a2d5	cf14c51afc71f96f13400767a61fb2aed9c13fb9	685	1	191025	136.672	191025	136.67	45752	8.63548	unclassified	chr1	233491690	233539461	150	45744	+	49018	44347	41125	1247	3424	3222	60	0.996547	0.927346	0.838978	0
PBE24444_skip_b8ba7aa8_cf14c51a_142.pod5	407a8f8e-10e2-4df8-852e-2c189cb9b8ae	cf14c51afc71f96f13400767a61fb2aed9c13fb9	88	1	191319	41.2244	191320	40.998	7973	26.5338	unclassified	chr3	154121743	154129678	0	7973	-	7976	7932	7922	41	3	10	60	1	0.998739	0.99323	0
PBE24444_skip_b8ba7aa8_cf14c51a_142.pod5	db3cdb48-63e1-46bc-bb48-8aba3f15ff22	cf14c51afc71f96f13400767a61fb2aed9c13fb9	849	1	190620	145.067	190620	145.065	65207	39.9484	unclassified	chr1	122691292	122701894	54278	65207	+	10956	10575	9857	354	27	718	4	0.167605	0.932104	0.89969	0
PBE24444_skip_b8ba7aa8_cf14c51a_142.pod5	40d33260-777a-4215-82e2-cf857a494b6b	cf14c51afc71f96f13400767a61fb2aed9c13fb9	829	3	191206	152.004	191206	152.002	67948	10.5026	unclassified	chr2	178627628	178697434	29	67937	+	71459	66255	62922	1653	3551	3333	60	0.999411	0.949694	0.880533	0
PBE24444_skip_b8ba7aa8_cf14c51a_142.pod5	394316c2-8802-4594-ae5c-48fe47286c3f	cf14c51afc71f96f13400767a61fb2aed9c13fb9	556	1	191087	162.4	191087	162.398	62101	11.5786	unclassified	chr5	2738132	2791202	13	52172	-	53835	51394	49713	765	1676	1681	60	0.839906	0.967292	0.923433	0
PBE24444_skip_b8ba7aa8_cf14c51a_142.pod5	c39884a5-7c63-4f3b-838f-42ce24be8e27	cf14c51afc71f96f13400767a61fb2aed9c13fb9	134	2	191293	134.307	191293	134.305	47772	20.3093	unclassified	chr16	87777344	87825103	7	47740	-	47985	47507	47288	226	252	219	60	0.999184	0.99539	0.985475	0
PBE24444_skip_b8ba7aa8_cf14c51a_142.pod5	cee8e9f6-1416-493e-aac7-872018695897	cf14c51afc71f96f13400767a61fb2aed9c13fb9	935	2	191153	121.626	191153	121.394	53939	21.534	unclassified	chr13	64009813	64063767	10	53939	-	54113	53770	53518	159	184	252	60	0.999815	0.995313	0.989004	0
PBE24444_skip_b8ba7aa8_cf14c51a_142.pod5	5def906f-b9cf-4785-a5d1-68ca244e8e9c	cf14c51afc71f96f13400767a61fb2aed9c13fb9	200	3	191252	134.398	191252	134.396	49605	14.1295	unclassified	chr7	11151564	11201267	6	49570	-	50502	48765	47699	799	938	1066	60	0.999173	0.97814	0.944497	0
PBE24444_skip_b8ba7aa8_cf14c51a_142.pod5	6a46805d-3a53-49b7-95f6-d0c9f6b6c676	cf14c51afc71f96f13400767a61fb2aed9c13fb9	882	1	191159	140.626	191159	140.484	42498	10.7531	unclassified	chr6	52950375	52993792	0	42492	+	44331	41578	39665	914	1839	1913	60	0.999859	0.95399	0.894746	0
PBE24444_skip_b8ba7aa8_cf14c51a_142.pod5	22fe874f-d662-4788-8896-f97ae245f53c	cf14c51afc71f96f13400767a61fb2aed9c13fb9	428	2	190908	122.941	190908	122.846	46744	26.0148	unclassified	chr22	30239910	30286642	6	46744	-	46808	46662	46611	76	70	51	60	0.999872	0.998907	0.995791	0
PBE24444_skip_b8ba7aa8_cf14c51a_142.pod5	53e9ac0c-4d70-407a-89d6-3b09ee0e3b11	cf14c51afc71f96f13400767a61fb2aed9c13fb9	319	2	191417	158.196	191417	158.194	30479	3.03385	unclassified	chr9	130315170	130315311	2620	2769	+	153	137	134	12	4	3	1	0.00488861	0.978102	0.875817	0
PBE24444_skip_b8ba7aa8_cf14c51a_142.pod5	7de5b641-1e58-4af6-a200-cd35bd3e9fc5	cf14c51afc71f96f13400767a61fb2aed9c13fb9	319	2	188708	772.232	188708	772.23	155728	3.00806	unclassified	chr10	112455146	112455268	3022	3140	+	126	114	110	4	8	4	1	0.000757731	0.964912	0.873016	0
PBE24444_skip_b8ba7aa8_cf14c51a_142.pod5	f768e070-be9e-4f8e-8d9e-fffb01ba86f4	cf14c51afc71f96f13400767a61fb2aed9c13fb9	140	2	191269	183.826	191270	183.646	71354	17.3513	unclassified	chr13	35265287	35300538	36110	71354	-	35287	35208	35165	36	43	43	60	0.493932	0.998779	0.996543	0
PBE24444_skip_b8ba7aa8_cf14c51a_142.pod5	76904069-36aa-4fa5-990f-94ab84abff55	cf14c51afc71f96f13400767a61fb2aed9c13fb9	356	1	191254	254.45	191254	254.448	65121	27.1298	unclassified	chr5	153700614	153765687	5	65089	-	65163	64994	64768	90	79	226	60	0.999432	0.996523	0.993938	0
PBE24444_skip_b8ba7aa8_cf14c51a_142.pod5	334bbd06-112c-4f82-946f-c76f86515d42	cf14c51afc71f96f13400767a61fb2aed9c13fb9	890	3	191102	149.684	191102	149.682	55804	27.8427	unclassified	chr22	10525922	10581368	35	55793	+	56700	54504	53677	1254	942	827	40	0.999176	0.984827	0.946684	0
PBE24444_skip_b8ba7aa8_cf14c51a_142.pod5	44e36a05-d63c-40e2-8f66-1e27fe820d70	cf14c51afc71f96f13400767a61fb2aed9c13fb9	308	4	191311	155.252	191311	155.123	63841	28.0155	unclassified	chr9	64502530	64566367	1	63835	+	63905	63766	63620	68	71	146	60	0.99989	0.99771	0.99554	0
PBE24444_skip_b8ba7aa8_cf14c51a_142.pod5	80df2d42-a693-4799-8f66-91afa999a968	cf14c51afc71f96f13400767a61fb2aed9c13fb9	230	1	191250	154.111	191250	154.109	56913	16.7988	unclassified	chr17	40011196	40068207	19	56906	+	57430	56468	55848	419	543	620	60	0.999543	0.98902	0.972453	0
PBE24444_skip_b8ba7aa8_cf14c51a_142.pod5	01f13e9c-038e-42e7-aa46-c4347eeeb40f	cf14c51afc71f96f13400767a61fb2aed9c13fb9	597	2	191142	222.459	191142	222.248	48876	19.4298	unclassified	chr3	100131285	100180095	0	48869	+	49094	48585	48271	284	225	314	60	0.999857	0.993537	0.983236	0
PBE24444_skip_b8ba7aa8_cf14c51a_142.pod5	c38fefb4-517d-41ba-beb5-c57a69d45d64	cf14c51afc71f96f13400767a61fb2aed9c13fb9	442	2	191409	145.047	191409	144.936	52601	25.6258	unclassified	chr1	59988096	60040751	7	52601	-	52724	52525	52436	69	130	89	60	0.999867	0.998306	0.994538	0
PBE24444_skip_b8ba7aa8_cf14c51a_142.pod5	f923cb27-25b0-4d20-b9b8-734fabe421d3	cf14c51afc71f96f13400767a61fb2aed9c13fb9	230	1	191562	150.214	191562	150.079	56503	17.7459	unclassified	chr4	99370798	99427368	19	56503	-	56924	56130	55525	354	440	605	60	0.999664	0.989221	0.975423	0
PBE24444_skip_b8ba7aa8_cf14c51a_142.pod5	3c55b178-5ae2-4570-97d4-9de529978240	cf14c51afc71f96f13400767a61fb2aed9c13fb9	949	3	191456	147.409	191456	147.252	58407	27.0364	unclassified	chr9	42566376	42624815	7	58407	-	58494	58345	58270	55	94	75	60	0.99988	0.998715	0.996171	0
PBE24444_skip_b8ba7aa8_cf14c51a_142.pod5	eed84d3f-f24f-4687-a698-6feb9dcce58b	cf14c51afc71f96f13400767a61fb2aed9c13fb9	807	1	191650	129.432	191650	129.43	52228	8.28649	unclassified	chr8	75449517	75504312	38	52223	+	56258	50722	46457	1463	4073	4265	60	0.999177	0.915914	0.825785	0
PBE24444_skip_b8ba7aa8_cf14c51a_142.pod5	e8392e31-d535-41a2-a9a0-c0f438f3dab2	cf14c51afc71f96f13400767a61fb2aed9c13fb9	633	4	191630	152.383	191630	152.381	49449	19.2601	unclassified	chr6	139402812	139452265	32	49449	+	49719	49151	48841	266	302	310	60	0.999353	0.993693	0.982341	0
PBE24444_skip_b8ba7aa8_cf14c51a_142.pod5	f8140337-875b-4de9-9f10-7754a1af7ae8	cf14c51afc71f96f13400767a61fb2aed9c13fb9	685	1	191333	142.46	191333	142.458	47872	8.16639	unclassified	chr9	14342377	14390042	21	46575	-	49859	44360	40898	2194	3305	3462	60	0.972468	0.921957	0.820273	0
PBE24444_skip_b8ba7aa8_cf14c51a_142.pod5	c9d36ead-6702-4a54-93e1-e8521ca02343	cf14c51afc71f96f13400767a61fb2aed9c13fb9	792	4	191348	175.453	191349	175.294	72091	23.2665	unclassified	chr3	170302207	170374326	8	72091	-	72317	71885	71683	198	234	202	60	0.999889	0.99719	0.991233	0
PBE24444_skip_b8ba7aa8_cf14c51a_142.pod5	7a79434e-8d60-4f6d-af05-4d69c2374bc4	cf14c51afc71f96f13400767a61fb2aed9c13fb9	829	3	191652	122.588	191652	122.467	55664	10.7205	unclassified	chrY	23542374	23599252	0	55646	+	58208	54316	51949	1330	2562	2367	14	0.999677	0.956422	0.892472	0
PBE24444_skip_b8ba7aa8_cf14c51a_142.pod5	50ceeefa-4fda-4610-b4b3-11533e071bd8	cf14c51afc71f96f13400767a61fb2aed9c13fb9	597	2	191610	133.397	191610	133.395	45757	18.3839	unclassified	chr6	12272747	12318525	7	45711	-	46019	45463	45087	241	315	376	60	0.998842	0.99173	0.979747	0
PBE24444_skip_b8ba7aa8_cf14c51a_142.pod5	97a41604-825b-487f-92a4-aad0ec154a95	cf14c51afc71f96f13400767a61fb2aed9c13fb9	7	3	190950	222.714	190950	222.712	72142	23.2072	unclassified	chr6	59668114	59734146	6	63996	-	66119	63903	62879	87	2129	1024	1	0.887001	0.983976	0.950997	0
PBE24444_skip_b8ba7aa8_cf14c51a_142.pod5	e275686c-a15e-4bd6-af0a-5b545810a092	cf14c51afc71f96f13400767a61fb2aed9c13fb9	882	1	191431	158.526	191431	158.524	54117	11.9156	unclassified	chr2	152977455	153031421	42	53099	+	54789	52234	50322	823	1732	1912	60	0.980413	0.963395	0.918469	0
PBE24444_skip_b8ba7aa8_cf14c51a_142.pod5	cff1b45e-48f3-46e2-9c01-45dd03f48d35	cf14c51afc71f96f13400767a61fb2aed9c13fb9	616	4	192049	157.341	192050	156.944	28617	23.4615	unclassified	chr14	54099101	54127699	7	28617	-	28677	28531	28422	79	67	109	60	0.999755	0.99618	0.991108	0
PBE24444_skip_b8ba7aa8_cf14c51a_142.pod5	bfef8d01-3c14-41de-8930-8373ffaa2d0e	cf14c51afc71f96f13400767a61fb2aed9c13fb9	579	3	191640	123.398	191640	123.396	49793	29.5171	unclassified	chr14	18869629	18919490	24	49793	+	50229	49401	49023	368	460	378	51	0.999518	0.992348	0.97599	0
PBE24444_skip_b8ba7aa8_cf14c51a_142.pod5	17838ed7-a3c1-4d7a-87b9-db17213cfc37	cf14c51afc71f96f13400767a61fb2aed9c13fb9	431	4	191653	147.144	191653	147.142	27063	2.89519	unclassified	*	-1	-1	-1	-1	*	0	0	0	0	0	0	0	0	0	0	0
PBE24444_skip_b8ba7aa8_cf14c51a_142.pod5	58a939ae-c367-4eba-a533-858defc73d77	cf14c51afc71f96f13400767a61fb2aed9c13fb9	280	2	191488	132.69	191488	132.688	47266	22.4302	unclassified	chr12	43781063	43828214	45	47260	+	47357	47009	46876	206	142	133	60	0.998921	0.997171	0.989843	0
PBE24444_skip_b8ba7aa8_cf14c51a_142.pod5	23172292-9deb-487f-b182-d53184a9c519	cf14c51afc71f96f13400767a61fb2aed9c13fb9	431	4	190996	431.537	190996	431.535	84277	2.85353	unclassified	*	-1	-1	-1	-1	*	0	0	0	0	0	0	0	0	0	0	0
PBE24444_skip_b8ba7aa8_cf14c51a_142.pod5	b9eddd42-4a27-4b95-82b6-9d53312a2585	cf14c51afc71f96f13400767a61fb2aed9c13fb9	178	1	191612	266.37	191612	266.368	75835	24.7352	unclassified	chr11	38335767	38411577	38	75830	+	75926	75676	75541	116	134	135	60	0.999433	0.998216	0.994929	0
PBE24444_skip_b8ba7aa8_cf14c51a_142.pod5	ffa311d9-fe66-4d34-ba6d-1a9d6a3ecc28	cf14c51afc71f96f13400767a61fb2aed9c13fb9	666	4	191629	157.167	191629	157.049	67511	26.3789	unclassified	chr7	34572494	34640303	7	67511	-	67876	67437	67207	67	372	230	60	0.999896	0.996589	0.990144	0
PBE24444_skip_b8ba7aa8_cf14c51a_142.pod5	261b305a-b3e1-4b93-a912-cd677ce5b475	cf14c51afc71f96f13400767a61fb2aed9c13fb9	617	4	190666	292.671	190666	292.574	92319	31.0261	unclassified	chr6	7773547	7845979	7	72433	-	72509	72349	72261	77	83	88	60	0.784519	0.998784	0.99658	0
PBE24444_skip_b8ba7aa8_cf14c51a_142.pod5	2f8796d0-ed3f-4516-a2d8-f0f0a88ee344	cf14c51afc71f96f13400767a61fb2aed9c13fb9	1000	4	191927	146.497	191927	146.495	47909	11.5835	unclassified	chr3	73460710	73508646	30	47902	+	49305	46503	44463	1369	1433	2040	60	0.999228	0.956132	0.901795	0
PBE24444_skip_b8ba7aa8_cf14c51a_142.pod5	2b420541-5f65-4f45-b142-4204be041855	cf14c51afc71f96f13400767a61fb2aed9c13fb9	356	1	191638	142.242	191638	142.063	47651	21.3725	unclassified	chr20	30811982	30852173	8724	47644	+	41480	37631	36542	1289	2560	1089	60	0.816772	0.971061	0.880955	0
PBE24444_skip_b8ba7aa8_cf14c51a_142.pod5	86ee1bc1-980d-4397-ae3c-deb86582fe07	cf14c51afc71f96f13400767a61fb2aed9c13fb9	937	4	191616	164.077	191616	164.075	65741	24.9091	unclassified	chr4	38043094	38087437	8	44324	-	44432	44227	44131	89	116	96	60	0.6741	0.997829	0.993226	0
PBE24444_skip_b8ba7aa8_cf14c51a_142.pod5	b4ae1586-ba22-43ac-8a52-58781c0f37ce	cf14c51afc71f96f13400767a61fb2aed9c13fb9	88	1	191804	163.149	191804	163.052	64083	23.805	unclassified	chr2	174802215	174866070	5	64083	-	64172	63761	63710	317	94	51	60	0.999922	0.9992	0.992801	0
PBE24444_skip_b8ba7aa8_cf14c51a_142.pod5	5b05ee3c-e36c-48b1-a3b4-85b8ca00332b	cf14c51afc71f96f13400767a61fb2aed9c13fb9	413	3	192150	126.973	192150	126.971	48270	11.1939	unclassified	chr2	14054172	14102427	616	48236	-	49427	46448	44348	1172	1807	2100	60	0.986534	0.954788	0.897242	0
PBE24444_skip_b8ba7aa8_cf14c51a_142.pod5	d0752ddb-4ddc-4c5d-a75c-cbab02292644	cf14c51afc71f96f13400767a61fb2aed9c13fb9	831	1	192021	193.399	192022	193.332	41885	7.69742	unclassified	chr4	140696803	140730046	0	41885	-	42429	32699	31891	9186	544	808	60	1	0.97529	0.751632	0
PBE24444_skip_b8ba7aa8_cf14c51a_142.pod5	22d7541a-64d2-4d3d-a4e3-a88b8ad2d7c9	cf14c51afc71f96f13400767a61fb2aed9c13fb9	436	1	192806	123.057	192806	122.912	46585	25.3366	unclassified	chr11	16135187	16181775	11	46585	-	46660	46502	46438	72	86	64	60	0.999764	0.998624	0.995242	0
PBE24444_skip_b8ba7aa8_cf14c51a_142.pod5	61301629-dd80-4bfd-bb12-5a3f8e7574ef	cf14c51afc71f96f13400767a61fb2aed9c13fb9	442	2	191829	125.397	191829	125.288	43809	27.7269	unclassified	chr12	31989739	32033489	8	43809	-	43887	43664	43561	137	86	103	60	0.999817	0.997641	0.992572	0
PBE24444_skip_b8ba7aa8_cf14c51a_142.pod5	eac2835e-fd11-42f4-be80-538cc9dd9057	cf14c51afc71f96f13400767a61fb2aed9c13fb9	369	3	191845	125.203	191845	125.201	43053	26.0491	unclassified	chr4	2588625	2631805	9	43024	-	43247	42948	42899	67	232	49	60	0.999117	0.998859	0.991953	0
PBE24444_skip_b8ba7aa8_cf14c51a_142.pod5	13d6d648-2336-437c-916d-5c957ebb1368	cf14c51afc71f96f13400767a61fb2aed9c13fb9	28	4	191796	249.337	191796	249.182	69644	28.7033	unclassified	chr5	159692571	159762176	7	69644	-	69711	69531	69459	106	74	72	60	0.9999	0.998964	0.996385	0
PBE24444_skip_b8ba7aa8_cf14c51a_142.pod5	7d5af57f-0396-4aea-a238-7e90ae3d2035	cf14c51afc71f96f13400767a61fb2aed9c13fb9	858	1	191622	204.42	191623	204.265	69589	24.0208	unclassified	chr8	139345070	139406288	8383	69583	+	61356	61062	60818	138	156	244	60	0.879449	0.996004	0.991232	0
PBE24444_skip_b8ba7aa8_cf14c51a_142.pod5	1e14f2e8-7ba5-4844-9abc-c670f649171c	cf14c51afc71f96f13400767a61fb2aed9c13fb9	7	3	191973	243.769	191973	243.767	31759	4.26195	unclassified	chr8	4561986	4572171	29	12243	-	12834	9565	8233	2649	620	1332	17	0.384584	0.860742	0.641499	0
PBE24444_skip_b8ba7aa8_cf14c51a_142.pod5	ba0a6436-910f-4b62-9453-bf37ebbf2b9a	cf14c51afc71f96f13400767a61fb2aed9c13fb9	461	3	192887	34.9764	192887	34.9764	12184	13.3289	unclassified	chr13	54068908	54073669	9	4761	-	4775	4738	4725	14	23	13	60	0.39002	0.997256	0.989529	0
PBE24444_skip_b8ba7aa8_cf14c51a_142.pod5	21b69300-6e7a-456b-a4b9-6b6c2f8de0ae	cf14c51afc71f96f13400767a61fb2aed9c13fb9	890	3	191693	147.963	191693	147.816	55574	28.9352	unclassified	chr13	97946328	98001901	0	55568	+	55628	55513	55460	55	60	53	60	0.999892	0.999045	0.99698	0
PBE24444_skip_b8ba7aa8_cf14c51a_142.pod5	cb5fb827-2ee7-4401-880e-85c700e232d3	cf14c51afc71f96f13400767a61fb2aed9c13fb9	28	4	192634	120.712	192634	120.598	45190	24.8131	unclassified	chr1	63671486	63716696	0	45190	+	45304	45096	44960	94	114	136	60	1	0.996984	0.992407	0
PBE24444_skip_b8ba7aa8_cf14c51a_142.pod5	88b4ba54-b6ef-4cbf-8e84-2b4fbd03cf6c	cf14c51afc71f96f13400767a61fb2aed9c13fb9	230	1	191814	120.934	191814	120.796	44437	16.4947	unclassified	chr5	145511124	145555705	0	44436	-	44906	44111	43585	325	470	526	60	0.999977	0.988076	0.970583	0
PBE24444_skip_b8ba7aa8_cf14c51a_142.pod5	a577e8f0-e94d-494a-adf0-b37947e3b416	cf14c51afc71f96f13400767a61fb2aed9c13fb9	852	3	191920	127.207	191920	127.205	42961	19.4401	unclassified	chr3	194836606	194879585	0	42918	-	43168	42729	42451	189	250	278	60	0.998999	0.993494	0.98339	0
PBE24444_skip_b8ba7aa8_cf14c51a_142.pod5	c3e3110c-7823-4c2d-bb65-5594bfbc2a00	cf14c51afc71f96f13400767a61fb2aed9c13fb9	383	1	192851	133.262	192852	133.06	34296	22.1233	unclassified	chr1	35196647	35230914	8	34296	-	34440	34115	33942	173	152	173	60	0.999767	0.994929	0.98554	0
PBE24444_skip_b8ba7aa8_cf14c51a_142.pod5	a2fa5654-4559-4fb3-8816-1656531a6489	cf14c51afc71f96f13400767a61fb2aed9c13fb9	975	1	192962	148.16	192962	148.158	11189	2.41331	unclassified	chr2	32916203	32916625	7178	7626	+	448	422	389	26	0	33	2	0.0400393	0.921801	0.868304	0
PBE24444_skip_b8ba7aa8_cf14c51a_142.pod5	fc61ce3d-3ea5-433e-9f50-a232d1b62858	cf14c51afc71f96f13400767a61fb2aed9c13fb9	461	3	192862	24.9012	192862	24.9012	8539	18.0488	unclassified	chr5	34183397	34191735	38	8397	+	8373	8324	8301	35	14	23	60	0.97892	0.997237	0.991401	0
PBE24444_skip_b8ba7aa8_cf14c51a_142.pod5	9c79098c-80a5-48dd-a693-4c547ba2982f	cf14c51afc71f96f13400767a61fb2aed9c13fb9	773	2	192115	162.144	192115	161.983	63108	11.6222	unclassified	chr5	146471985	146535054	0	62462	+	64299	61232	59012	1230	1837	2220	60	0.989764	0.963744	0.917775	0
PBE24444_skip_b8ba7aa8_cf14c51a_142.pod5	f0c4f367-8696-4c96-947b-d7caa07e3650	cf14c51afc71f96f13400767a61fb2aed9c13fb9	70	1	191976	294.869	191976	294.867	67482	7.65032	unclassified	chr12	119104540	119143119	7402	46420	+	41347	36250	33182	2768	2329	3068	60	0.578199	0.915366	0.802525	0
PBE24444_skip_b8ba7aa8_cf14c51a_142.pod5	8ef6f731-4c73-4fa6-bb76-5808c293d989	cf14c51afc71f96f13400767a61fb2aed9c13fb9	849	3	192676	269.582	192676	269.58	54657	6.47013	unclassified	chr13	100451712	100451943	39030	39266	-	246	221	205	15	10	16	1	0.00431784	0.927602	0.833333	0
PBE24444_skip_b8ba7aa8_cf14c51a_142.pod5	a943aad0-8b18-4c7a-a60b-6e276276c93c	cf14c51afc71f96f13400767a61fb2aed9c13fb9	953	4	192902	172.43	192902	172.428	29839	18.1417	unclassified	chr4	108505149	108534907	0	29801	-	29978	29581	29389	220	177	192	60	0.998726	0.993509	0.980352	0
PBE24444_skip_b8ba7aa8_cf14c51a_142.pod5	0bb9bc17-5ef9-4afc-9554-0a701e275fda	cf14c51afc71f96f13400767a61fb2aed9c13fb9	70	1	193025	122.561	193025	122.559	30186	7.2113	unclassified	chr3	16203036	16233936	31	30163	+	32648	28384	25631	1748	2516	2753	60	0.998211	0.903009	0.785071	0
PBE24444_skip_b8ba7aa8_cf14c51a_142.pod5	21f1627a-2f68-4f91-8a80-576152ab4762	cf14c51afc71f96f13400767a61fb2aed9c13fb9	879	1	192018	199.958	192018	199.956	52740	6.17416	unclassified	chrX	141250683	141292860	10	38198	-	43604	36761	32486	1427	5416	4275	29	0.72408	0.883708	0.745023	0
PBE24444_skip_b8ba7aa8_cf14c51a_142.pod5	50e38579-1dbc-49ce-ae81-b8f6c67c1d84	cf14c51afc71f96f13400767a61fb2aed9c13fb9	633	4	192841	141.675	192842	141.482	38770	18.2276	unclassified	chr3	112856025	112894754	0	38770	+	39053	38446	38077	324	283	369	60	1	0.990402	0.975008	0
PBE24444_skip_b8ba7aa8_cf14c51a_142.pod5	018b14b0-1862-4319-a33a-d5a9aab2f751	cf14c51afc71f96f13400767a61fb2aed9c13fb9	70	1	192628	181.226	192628	181.224	43609	7.1298	unclassified	chr2	72093135	72126688	35	32794	+	35401	30911	27969	1848	2642	2942	60	0.751198	0.904824	0.790062	0
PBE24444_skip_b8ba7aa8_cf14c51a_142.pod5	28eb3942-2d2f-4a7c-99d4-797ab839d3c3	cf14c51afc71f96f13400767a61fb2aed9c13fb9	654	2	191790	486.715	191790	486.713	106071	5.24538	unclassified	chr21	10655708	10665952	25426	35673	-	10476	10015	8222	232	229	1793	36	0.0966051	0.820969	0.784842	0
PBE24444_skip_b8ba7aa8_cf14c51a_142.pod5	36801b36-8557-4820-9bbb-411dc3a55192	cf14c51afc71f96f13400767a61fb2aed9c13fb9	70	1	192856	127.778	192856	127.776	29429	6.53465	unclassified	chr3	121280602	121301114	9241	29403	-	21942	18732	16757	1430	1780	1975	60	0.685107	0.894565	0.763695	0
PBE24444_skip_b8ba7aa8_cf14c51a_142.pod5	fb6bd5b7-a321-42ee-b899-0cb81bd1fe29	cf14c51afc71f96f13400767a61fb2aed9c13fb9	849	3	193009	141.222	193009	141.22	26299	6.0983	unclassified	chr10	132886975	132887683	656	1397	-	773	676	624	65	32	52	1	0.028176	0.923077	0.807244	0
PBE24444_skip_b8ba7aa8_cf14c51a_142.pod5	8f69111f-ed0d-46e2-921e-2eb0a40aaab8	cf14c51afc71f96f13400767a61fb2aed9c13fb9	7	3	191798	175.042	191798	174.906	56754	17.4894	unclassified	chr12	105493551	105550448	0	56748	+	57250	56395	55844	353	502	551	60	0.999894	0.99023	0.975441	0
PBE24444_skip_b8ba7aa8_cf14c51a_142.pod5	299827b1-c245-4f38-91e2-c2c84af8f794	cf14c51afc71f96f13400767a61fb2aed9c13fb9	381	4	191807	195.765	191807	195.638	77476	28.5863	unclassified	chr6	83416112	83493614	0	77469	+	77602	77369	77191	100	133	178	60	0.99991	0.997699	0.994704	0
PBE24444_skip_b8ba7aa8_cf14c51a_142.pod5	856f0615-6788-4fde-97a4-36c81347a051	cf14c51afc71f96f13400767a61fb2aed9c13fb9	689	4	192591	145.309	192591	145.307	55310	29.1793	unclassified	chr9	39739851	39795075	36	55303	+	55308	55183	55023	84	41	160	60	0.999223	0.997101	0.994847	0
PBE24444_skip_b8ba7aa8_cf14c51a_142.pod5	dd53617d-8074-4cea-99aa-8bb9b9fa466d	cf14c51afc71f96f13400767a61fb2aed9c13fb9	829	3	192963	121.794	192963	121.716	55736	11.4663	unclassified	chr4	173680925	173737728	8	55736	-	57956	54575	52385	1153	2228	2190	60	0.999856	0.959872	0.903875	0
PBE24444_skip_b8ba7aa8_cf14c51a_142.pod5	6717df0f-c7a0-4015-b939-bc53710d76c4	cf14c51afc71f96f13400767a61fb2aed9c13fb9	280	3	192894	130.285	192894	130.174	53243	31.0378	unclassified	chr7	96671546	96724796	0	53237	+	53294	53193	53134	44	57	59	60	0.999887	0.998891	0.996998	0
PBE24444_skip_b8ba7aa8_cf14c51a_142.pod5	0275afc6-eb91-46d0-9e3e-f1bd58ef3ed0	cf14c51afc71f96f13400767a61fb2aed9c13fb9	426	4	191880	149.317	191880	149.124	57263	26.2957	unclassified	chr19	40016528	40073827	6	57263	-	57346	57210	57149	47	89	61	60	0.999895	0.998934	0.996565	0
PBE24444_skip_b8ba7aa8_cf14c51a_142.pod5	52b46aa5-af5f-4f1e-bf36-b3987b793ae3	cf14c51afc71f96f13400767a61fb2aed9c13fb9	617	4	193078	163.058	193078	162.942	48296	31.7524	unclassified	chr4	42702409	42750706	0	48289	+	48335	48251	48205	38	46	46	60	0.999855	0.999047	0.99731	0
PBE24444_skip_b8ba7aa8_cf14c51a_142.pod5	9c353994-80db-4cfe-839c-09f5879b503c	cf14c51afc71f96f13400767a61fb2aed9c13fb9	461	3	192631	230.501	192632	230.125	61750	17.7859	unclassified	chr21	36093147	36104521	0	11411	+	11423	11362	11335	49	12	27	60	0.184794	0.997624	0.992296	0
PBE24444_skip_b8ba7aa8_cf14c51a_142.pod5	3c26d205-c262-430b-9468-4e961a212040	cf14c51afc71f96f13400767a61fb2aed9c13fb9	792	4	193168	127.156	193168	127.154	49746	23.5967	unclassified	chr13	76622054	76650515	4	28420	-	28506	28371	28278	45	90	93	60	0.571222	0.996722	0.992002	0
PBE24444_skip_b8ba7aa8_cf14c51a_142.pod5	afb3254f-3fe1-4f63-92e4-11d48b679925	cf14c51afc71f96f13400767a61fb2aed9c13fb9	831	1	193118	152.872	193118	152.759	62612	28.0457	unclassified	chr3	85565866	85628546	5	62612	-	62740	62547	62351	60	133	196	60	0.99992	0.996866	0.9938	0
PBE24444_skip_b8ba7aa8_cf14c51a_142.pod5	523f7df5-95d1-4e43-a25f-dd3612e6428b	cf14c51afc71f96f13400767a61fb2aed9c13fb9	461	3	193220	3.3216	193220	3.3216	682	2.94478	unclassified	*	-1	-1	-1	-1	*	0	0	0	0	0	0	0	0	0	0	0
PBE24444_skip_b8ba7aa8_cf14c51a_142.pod5	22773c02-18e5-4b1e-ab3a-5da57bbd0be5	cf14c51afc71f96f13400767a61fb2aed9c13fb9	70	1	193907	160.327	193907	160.325	38319	7.41155	unclassified	chr13	18211864	18212439	9187	9749	+	580	557	507	5	18	50	3	0.0146664	0.910233	0.874138	0
PBE24444_skip_b8ba7aa8_cf14c51a_142.pod5	67baeaa7-dda1-4b2b-883c-20ee7d2e15a1	cf14c51afc71f96f13400767a61fb2aed9c13fb9	317	3	192858	148.08	192858	148.078	56671	25.7549	unclassified	chr16	75338529	75395256	9	56642	-	56790	56570	56480	63	157	90	60	0.999329	0.998409	0.994541	0
PBE24444_skip_b8ba7aa8_cf14c51a_142.pod5	d40fd02f-a248-4196-b1c3-20787ed8f45a	cf14c51afc71f96f13400767a61fb2aed9c13fb9	975	1	193897	135.121	193897	135.119	11362	2.592	unclassified	chr2	32916405	32916598	9936	10129	+	193	193	186	0	0	7	17	0.0169864	0.963731	0.963731	0
PBE24444_skip_b8ba7aa8_cf14c51a_142.pod5	322e419e-06cc-404b-be34-5cf4aea97feb	cf14c51afc71f96f13400767a61fb2aed9c13fb9	685	1	191674	214.773	191674	214.771	73122	9.18333	unclassified	chr7	121371160	121446470	158	72171	-	77124	70199	65688	1814	5111	4511	60	0.984834	0.93574	0.851719	0
PBE24444_skip_b8ba7aa8_cf14c51a_142.pod5	a18cf947-9799-4b9d-9786-97787bc6d50c	cf14c51afc71f96f13400767a61fb2aed9c13fb9	829	3	192030	180.308	192030	180.306	88228	10.4705	unclassified	chr2	28616064	28669140	36858	88228	+	54237	50209	47709	1161	2867	2500	60	0.582241	0.950208	0.879639	0
PBE24444_skip_b8ba7aa8_cf14c51a_142.pod5	296bf286-ff3b-431c-9be5-4f6b18963154	cf14c51afc71f96f13400767a61fb2aed9c13fb9	849	3	193207	141.564	193207	141.562	29071	6.61014	unclassified	chr10	132886975	132887683	610	1386	-	805	679	632	97	29	47	1	0.0266933	0.930781	0.785093	0
PBE24444_skip_b8ba7aa8_cf14c51a_142.pod5	7eb07a30-e34d-45a0-b1ad-33a82a0487c2	cf14c51afc71f96f13400767a61fb2aed9c13fb9	831	1	194039	161.487	194039	161.362	65768	29.5111	unclassified	chr6	48249895	48315638	5	65768	-	65820	65686	65593	77	57	93	60	0.999924	0.998584	0.996551	0
PBE24444_skip_b8ba7aa8_cf14c51a_142.pod5	e3b0e370-8b18-41c7-af61-c690f39c7d4a	cf14c51afc71f96f13400767a61fb2aed9c13fb9	396	3	193872	127.981	193872	127.848	51349	21.4514	unclassified	chr7	65100612	65151392	55	51349	-	51506	50568	50391	726	212	177	60	0.998929	0.9965	0.978352	0
PBE24444_skip_b8ba7aa8_cf14c51a_142.pod5	67dd02f0-ef10-4050-af5e-d5410849168a	cf14c51afc71f96f13400767a61fb2aed9c13fb9	677	3	193027	219.28	193028	219.073	74638	19.2146	unclassified	chr5	88511697	88548506	0	36826	+	36873	36762	36733	64	47	29	60	0.493395	0.999211	0.996203	0
PBE24444_skip_b8ba7aa8_cf14c51a_142.pod5	7a64e419-687d-456f-bf6e-a372b983ae24	cf14c51afc71f96f13400767a61fb2aed9c13fb9	461	3	192935	216.517	192935	216.515	80035	16.7889	unclassified	chr14	93240637	93276021	44727	80035	+	35509	35183	35012	125	201	171	60	0.441157	0.99514	0.986004	0
PBE24444_skip_b8ba7aa8_cf14c51a_142.pod5	1ebd1d11-602c-42cd-8f5d-2c354e3c4987	cf14c51afc71f96f13400767a61fb2aed9c13fb9	396	3	194047	151.984	194047	151.849	61126	31.127	unclassified	chr7	124800324	124861387	0	61126	-	61181	61008	60866	118	55	142	60	1	0.997672	0.994851	0
PBE24444_skip_b8ba7aa8_cf14c51a_142.pod5	6c93d7d1-f4da-4197-85e9-73acf988cd89	cf14c51afc71f96f13400767a61fb2aed9c13fb9	689	4	193024	174.198	193024	174.103	82655	28.0033	unclassified	chr3	178878212	178960912	6	82655	-	82767	82582	82484	67	118	98	60	0.999927	0.998813	0.996581	0
PBE24444_skip_b8ba7aa8_cf14c51a_142.pod5	e986879c-34f7-42cf-87f3-fc93bdb4e986	cf14c51afc71f96f13400767a61fb2aed9c13fb9	900	1	193116	126.642	193116	126.64	48901	27.6475	unclassified	chr2	205437992	205486869	6	48871	-	48914	48828	48771	37	49	57	60	0.999264	0.998833	0.997077	0
PBE24444_skip_b8ba7aa8_cf14c51a_142.pod5	90ef77a3-ba80-47f0-93da-60bf29343c46	cf14c51afc71f96f13400767a61fb2aed9c13fb9	70	1	193382	160.732	193382	160.73	36067	7.26371	unclassified	chr20	9720226	9756986	21	35985	-	38926	33798	30552	2166	2962	3246	60	0.997144	0.903959	0.784874	0
PBE24444_skip_b8ba7aa8_cf14c51a_142.pod5	73636f90-91a3-47b6-b03b-38c1998f6db3	cf14c51afc71f96f13400767a61fb2aed9c13fb9	633	4	193338	155.558	193338	155.556	44456	17.125	unclassified	chr2	183041196	183085638	35	44453	+	44869	43991	43567	427	451	424	60	0.999145	0.990362	0.970982	0
PBE24444_skip_b8ba7aa8_cf14c51a_142.pod5	fac39d67-8b93-42ca-a8da-b47c047fb7e2	cf14c51afc71f96f13400767a61fb2aed9c13fb9	461	3	193224	120.127	193224	120.127	47600	16.9839	unclassified	chr14	65389995	65411278	26337	47559	-	21308	21197	21097	25	86	100	60	0.44584	0.995282	0.990098	0
PBE24444_skip_b8ba7aa8_cf14c51a_142.pod5	e6bd3aef-a26c-4377-a84d-60ec23222aae	cf14c51afc71f96f13400767a61fb2aed9c13fb9	417	3	193498	139.435	193498	139.433	42620	8.45926	unclassified	chr2	39716509	39759932	35	42613	+	45294	40707	37432	1871	2716	3275	60	0.999015	0.919547	0.826423	0
PBE24444_skip_b8ba7aa8_cf14c51a_142.pod5	301e3910-15c0-4850-920b-df82b75fc3cd	cf14c51afc71f96f13400767a61fb2aed9c13fb9	555	2	193796	128.516	193796	128.514	55757	22.6281	unclassified	chr14	91641297	91696800	7	55729	-	55942	55283	55037	439	220	246	60	0.999372	0.99555	0.983823	0
PBE24444_skip_b8ba7aa8_cf14c51a_142.pod5	66b91ec4-32c9-4ee9-89c1-ae80f719b76a	cf14c51afc71f96f13400767a61fb2aed9c13fb9	555	2	193925	158.648	193925	158.562	56456	18.9894	unclassified	chr14	91641297	91696800	0	56451	+	56725	55229	55038	1222	274	191	60	0.999911	0.996542	0.97026	0
PBE24444_skip_b8ba7aa8_cf14c51a_142.pod5	2b183b32-3f9e-4b9a-91b4-92ccab6be878	cf14c51afc71f96f13400767a61fb2aed9c13fb9	617	4	193652	133.064	193652	132.938	39209	31.1848	unclassified	chr2	97237921	97271456	5415	39209	+	33844	33485	33429	309	50	56	60	0.861894	0.998328	0.987738	0
PBE24444_skip_b8ba7aa8_cf14c51a_142.pod5	02c66f0b-8e9d-46dc-b3cb-14d390feba10	cf14c51afc71f96f13400767a61fb2aed9c13fb9	734	1	193149	168.473	193149	168.471	61606	19.2355	unclassified	chr4	49851244	49886609	6006	42086	+	36168	35277	34603	803	88	674	1	0.585657	0.980894	0.95673	0
PBE24444_skip_b8ba7aa8_cf14c51a_142.pod5	22fbafdf-81c5-404a-9422-556b461eb32f	cf14c51afc71f96f13400767a61fb2aed9c13fb9	633	4	193613	129.886	193613	129.746	35162	17.7262	unclassified	chr4	2838519	2873576	3	35162	-	35416	34800	34519	359	257	281	60	0.999915	0.991925	0.974672	0
PBE24444_skip_b8ba7aa8_cf14c51a_142.pod5	db9da614-e2fb-4fd2-9f09-6d42b8139ccd	cf14c51afc71f96f13400767a61fb2aed9c13fb9	281	4	193287	130.263	193287	130.11	40265	10.5716	unclassified	chr10	73843393	73883917	0	40261	+	41948	38837	36880	1424	1687	1957	60	0.999901	0.94961	0.879184	0
PBE24444_skip_b8ba7aa8_cf14c51a_142.pod5	77f871ce-5f35-4fdc-9bfa-3330e11c7268	cf14c51afc71f96f13400767a61fb2aed9c13fb9	689	4	193723	126.912	193723	126.8	49669	30.8005	unclassified	chr1	57304875	57354538	0	49660	+	49703	49620	49578	40	43	42	60	0.999819	0.999154	0.997485	0
PBE24444_skip_b8ba7aa8_cf14c51a_142.pod5	56e98ed6-153e-4cf1-bba6-c422d30ca803	cf14c51afc71f96f13400767a61fb2aed9c13fb9	461	3	193689	8.2428	193689	8.2428	2829	19.4787	unclassified	chr8	141218066	141220850	0	2790	-	2800	2774	2749	16	10	25	60	0.986214	0.990988	0.981786	0
PBE24444_skip_b8ba7aa8_cf14c51a_142.pod5	d709a3a3-6e1e-40f3-9754-dd45f73a7bfa	cf14c51afc71f96f13400767a61fb2aed9c13fb9	734	1	193443	169.02	193444	168.852	63537	12.5032	unclassified	chr9	102682433	102746509	0	63535	-	65310	62301	60283	1234	1775	2018	60	0.999969	0.967609	0.923029	0
PBE24444_skip_b8ba7aa8_cf14c51a_142.pod5	9980a501-82f5-4c95-8690-e53e6f0cc324	cf14c51afc71f96f13400767a61fb2aed9c13fb9	900	1	193597	131.755	193597	131.632	45944	29.7229	unclassified	chr7	88677308	88723260	0	45938	+	45992	45898	45814	40	54	84	60	0.999869	0.99817	0.99613	0
PBE24444_skip_b8ba7aa8_cf14c51a_142.pod5	f8302842-7bce-4901-94ce-d30595541b3a	cf14c51afc71f96f13400767a61fb2aed9c13fb9	86	4	193525	155.11	193525	155.018	63229	27.3336	unclassified	chr13	95247243	95289796	20712	63229	-	42618	42452	42344	65	101	108	60	0.672429	0.997456	0.993571	0
PBE24444_skip_b8ba7aa8_cf14c51a_142.pod5	fedbf355-0c9d-473a-a6ed-627e3443abf5	cf14c51afc71f96f13400767a61fb2aed9c13fb9	319	2	190400	879.469	190400	879.467	172611	2.98148	unclassified	chr17	80120238	80120636	112197	112694	+	514	381	334	116	17	47	1	0.00287931	0.87664	0.649805	0
PBE24444_skip_b8ba7aa8_cf14c51a_142.pod5	573685c9-7f44-4c95-8994-95ccbec1369a	cf14c51afc71f96f13400767a61fb2aed9c13fb9	461	3	193470	111.817	193470	111.403	39720	16.2932	unclassified	chr14	18399563	18437842	0	38245	+	38313	38211	38146	34	68	65	60	0.962865	0.998299	0.995641	0
PBE24444_skip_b8ba7aa8_cf14c51a_142.pod5	9a0f882e-4792-492c-b772-cac4c39bea35	cf14c51afc71f96f13400767a61fb2aed9c13fb9	461	3	194082	59.7624	194082	59.7624	21025	14.9545	unclassified	chr18	4368159	4388168	1046	21014	+	20058	19919	19826	49	90	93	60	0.949727	0.995331	0.988434	0
PBE24444_skip_b8ba7aa8_cf14c51a_142.pod5	0e97e89a-1f32-48a1-9e06-4584915e5153	cf14c51afc71f96f13400767a61fb2aed9c13fb9	70	1	193547	178.766	193547	178.764	40256	5.93429	unclassified	chr4	20144940	20185950	175	40176	+	44148	36863	31974	3138	4147	4889	60	0.993666	0.867374	0.724246	0
PBE24444_skip_b8ba7aa8_cf14c51a_142.pod5	a55ba9da-95ee-4940-a4cb-fe619a757a8d	cf14c51afc71f96f13400767a61fb2aed9c13fb9	461	3	194265	22.6548	194265	22.6548	8795	19.0769	unclassified	chr11	82009625	82018399	13	8757	-	8804	8714	8645	30	60	69	60	0.994201	0.992082	0.98194	0
PBE24444_skip_b8ba7aa8_cf14c51a_142.pod5	551dcb4d-3b45-46ec-a008-d4ad2b40fdce	cf14c51afc71f96f13400767a61fb2aed9c13fb9	461	3	194288	19.1256	194288	18.864	6435	16.6284	unclassified	chr1	225495210	225501538	0	6302	+	6344	6286	6252	16	42	34	60	0.979332	0.994591	0.985498	0
PBE24444_skip_b8ba7aa8_cf14c51a_142.pod5	55104f7c-0155-4c1b-8100-3d52222a8f61	cf14c51afc71f96f13400767a61fb2aed9c13fb9	70	1	193729	124.784	193729	124.782	32757	5.86038	unclassified	chr18	64994146	65028452	35	32406	-	36491	30186	25836	2185	4120	4350	60	0.988216	0.855893	0.70801	0
PBE24444_skip_b8ba7aa8_cf14c51a_142.pod5	ab76838b-963e-48c1-8df5-6e318c99cd90	cf14c51afc71f96f13400767a61fb2aed9c13fb9	975	1	194245	133.582	194245	133.58	11208	2.66813	unclassified	chr5	49656449	49658509	1302	3885	-	2831	1812	1562	771	248	250	1	0.23046	0.862031	0.551749	0
PBE24444_skip_b8ba7aa8_cf14c51a_142.pod5	cdc367e1-9e92-4069-9bc2-dc2189415291	cf14c51afc71f96f13400767a61fb2aed9c13fb9	461	3	194307	10.2588	194307	9.9216	3716	21.3117	unclassified	chr6	63598371	63602077	0	3711	+	3724	3693	3681	18	13	12	60	0.998654	0.996751	0.988453	0
PBE24444_skip_b8ba7aa8_cf14c51a_142.pod5	e3e33388-b0e6-4b59-b6fc-6a15053b2b8a	cf14c51afc71f96f13400767a61fb2aed9c13fb9	461	3	194327	16.4388	194327	16.4388	7950	20.4757	unclassified	chr5	109455709	109463608	34	7910	-	7908	7867	7828	9	32	39	60	0.990692	0.995043	0.989884	0
PBE24444_skip_b8ba7aa8_cf14c51a_142.pod5	ac665a59-7ad1-4a80-a877-8686b95d43cf	cf14c51afc71f96f13400767a61fb2aed9c13fb9	381	4	193664	121.963	193664	121.727	45526	27.2622	unclassified	chr19	22306664	22352216	0	45519	+	45586	45485	45448	34	67	37	60	0.999846	0.999187	0.996973	0
PBE24444_skip_b8ba7aa8_cf14c51a_142.pod5	bcf2473d-c30d-4cad-9f0c-9e09f9555d93	cf14c51afc71f96f13400767a61fb2aed9c13fb9	461	3	194141	123.583	194142	123.395	44708	20.7209	unclassified	chr3	87027264	87051787	20142	44693	+	24610	24464	24355	87	59	109	60	0.549141	0.995544	0.989638	0
PBE24444_skip_b8ba7aa8_cf14c51a_142.pod5	9ad42a9e-79c9-4a83-a636-3e0df16ccfcf	cf14c51afc71f96f13400767a61fb2aed9c13fb9	821	2	193170	130.791	193170	130.685	56317	28.887	unclassified	chr4	49278622	49308895	15769	48471	-	32817	30158	29106	2544	115	1052	1	0.580677	0.965117	0.886918	0
PBE24444_skip_b8ba7aa8_cf14c51a_142.pod5	dde100da-61e0-4c0e-9051-4fde3b5326d8	cf14c51afc71f96f13400767a61fb2aed9c13fb9	461	3	193735	198.031	193735	197.743	66979	14.8445	unclassified	chr9	8767683	8778710	46857	57871	-	11042	10999	10973	15	28	26	60	0.16444	0.997636	0.993751	0
PBE24444_skip_b8ba7aa8_cf14c51a_142.pod5	2636837f-0d3e-4974-befe-f0c282dd1c4d	cf14c51afc71f96f13400767a61fb2aed9c13fb9	417	3	194042	193.61	194042	193.608	55595	9.00472	unclassified	chrX	140217394	140262450	11164	55566	+	46673	42785	39864	1617	2271	2921	60	0.798669	0.931728	0.854113	0
PBE24444_skip_b8ba7aa8_cf14c51a_142.pod5	11cabba2-a60d-4614-8d3f-5bd1a77f7611	cf14c51afc71f96f13400767a61fb2aed9c13fb9	461	3	193700	34.5924	193700	34.5924	12619	16.7132	unclassified	chr5	153453934	153463387	31	9485	-	9477	9430	9398	24	23	32	60	0.749188	0.996607	0.991664	0
PBE24444_skip_b8ba7aa8_cf14c51a_142.pod5	d5e181da-2410-4731-8715-95bf8283ff14	cf14c51afc71f96f13400767a61fb2aed9c13fb9	461	3	194499	12.1752	194499	11.7444	4275	19.2727	unclassified	chr9	66949180	66953385	8	4205	+	4206	4196	4183	1	9	13	60	0.981754	0.996902	0.994532	0
PBE24444_skip_b8ba7aa8_cf14c51a_142.pod5	95c46fe4-f1b0-49c1-8cbd-bec5a226109d	cf14c51afc71f96f13400767a61fb2aed9c13fb9	461	3	194511	17.4624	194511	17.322	6512	20.0626	unclassified	chr6	168060147	168066671	0	6508	+	6556	6476	6439	32	48	37	60	0.999386	0.994287	0.982154	0
PBE24444_skip_b8ba7aa8_cf14c51a_142.pod5	50db0c87-632c-430c-bf04-4bf892d64eef	cf14c51afc71f96f13400767a61fb2aed9c13fb9	550	3	194365	144.615	194365	144.443	59973	26.373	unclassified	chr5	166433500	166493494	0	59963	+	60064	59893	59751	70	101	142	60	0.999833	0.997629	0.994789	0
PBE24444_skip_b8ba7aa8_cf14c51a_142.pod5	51f5c262-7207-4a04-aa53-0fd7dcd8e922	cf14c51afc71f96f13400767a61fb2aed9c13fb9	953	4	193797	370.992	193797	370.831	68921	18.7074	unclassified	chr18	58523091	58591289	0	68908	+	69269	67837	67400	1071	361	437	60	0.999811	0.993558	0.973018	0
PBE24444_skip_b8ba7aa8_cf14c51a_142.pod5	e77b93cd-1b7a-4ee0-8eef-5ce3b4c21079	cf14c51afc71f96f13400767a61fb2aed9c13fb9	953	4	193475	152.488	193475	152.486	48245	18.2035	unclassified	chr2	200765778	200814162	0	48221	-	48680	47925	47503	296	459	422	60	0.999503	0.991195	0.975822	0
PBE24444_skip_b8ba7aa8_cf14c51a_142.pod5	4e101464-0e3f-4d36-bb8e-6507bcc36f77	cf14c51afc71f96f13400767a61fb2aed9c13fb9	381	4	194192	145.458	194192	145.303	51750	25.3151	unclassified	chr21	8400533	8451678	7	51750	-	52179	50709	50474	1034	436	235	60	0.999865	0.995366	0.967324	0
PBE24444_skip_b8ba7aa8_cf14c51a_142.pod5	13011c74-f15f-4cce-9aff-74916fe396c9	cf14c51afc71f96f13400767a61fb2aed9c13fb9	396	3	193726	121.077	193726	120.924	48350	31.3262	unclassified	chr4	16923149	16966751	4772	48350	-	43623	43557	43540	21	45	17	60	0.901303	0.99961	0.998097	0
PBE24444_skip_b8ba7aa8_cf14c51a_142.pod5	7b144de9-033c-4b03-aad4-79aaf1d8f3ca	cf14c51afc71f96f13400767a61fb2aed9c13fb9	383	1	194221	217.497	194222	217.267	56803	20.4933	unclassified	chr6	97433936	97490783	0	56796	+	57042	56601	56356	195	246	245	60	0.999877	0.995671	0.987974	0
PBE24444_skip_b8ba7aa8_cf14c51a_142.pod5	c7dd2145-2466-484a-8311-0f5556a43b30	cf14c51afc71f96f13400767a61fb2aed9c13fb9	461	3	194343	155.33	194344	155.05	55329	16.3798	unclassified	chr11	17707195	17739224	10	31881	-	32152	31748	31583	123	281	165	60	0.576027	0.994803	0.982303	0
PBE24444_skip_b8ba7aa8_cf14c51a_142.pod5	eedb85e9-48d1-4a47-9451-5bb52d23fae2	cf14c51afc71f96f13400767a61fb2aed9c13fb9	317	3	193843	216.946	193843	216.718	60990	25.6386	unclassified	chr13	90164867	90225843	2	60983	+	61082	60875	60764	106	101	111	60	0.999852	0.998177	0.994794	0
PBE24444_skip_b8ba7aa8_cf14c51a_142.pod5	b9b26460-fb44-4583-8675-27f587ba8ec5	cf14c51afc71f96f13400767a61fb2aed9c13fb9	461	3	193933	106.765	193933	106.469	33858	17.9068	unclassified	chr18	49133878	49147637	20038	33800	+	13794	13727	13691	35	32	36	60	0.406462	0.997377	0.992533	0
PBE24444_skip_b8ba7aa8_cf14c51a_142.pod5	ca1a54c7-91d6-4b97-9901-5a52a01a660d	cf14c51afc71f96f13400767a61fb2aed9c13fb9	99	2	194475	237.89	194475	237.888	37144	4.27232	unclassified	chr10	18560167	18563240	30908	33929	+	3321	2773	2545	248	300	228	1	0.0813321	0.917779	0.766335	0
PBE24444_skip_b8ba7aa8_cf14c51a_142.pod5	ef5c7967-43da-4293-9074-d75c7e382f84	cf14c51afc71f96f13400767a61fb2aed9c13fb9	677	3	193810	104.843	193811	104.748	36136	16.1059	unclassified	chr9	31653188	31666379	12935	26124	+	13206	13174	13152	15	17	22	60	0.364982	0.99833	0.995911	0
PBE24444_skip_b8ba7aa8_cf14c51a_142.pod5	432665e5-30af-4ad4-a0f3-80493797b071	cf14c51afc71f96f13400767a61fb2aed9c13fb9	461	3	193582	107.398	193582	107.159	38916	16.9189	unclassified	chr4	137469817	137487612	0	17766	+	17842	17719	17617	47	76	102	60	0.456522	0.994243	0.987389	0
PBE24444_skip_b8ba7aa8_cf14c51a_142.pod5	8eed32c0-87de-4c30-a736-238fcbf96187	cf14c51afc71f96f13400767a61fb2aed9c13fb9	280	3	194869	9.2928	194869	9.1716	3532	27.8101	unclassified	chr1	196711492	196715023	0	3532	-	3539	3524	3521	8	7	3	60	1	0.999149	0.994914	0
PBE24444_skip_b8ba7aa8_cf14c51a_142.pod5	dba84ca2-4dfd-47a4-b4b5-38df455fee57	cf14c51afc71f96f13400767a61fb2aed9c13fb9	654	2	190552	1232.54	190552	1232.54	277224	5.53397	unclassified	chr10	38508737	38522421	5817	19503	+	13875	13495	11150	191	189	2345	31	0.049368	0.826232	0.803604	0
PBE24444_skip_b8ba7aa8_cf14c51a_142.pod5	152e84c5-2490-4c80-b668-38d6df40fc12	cf14c51afc71f96f13400767a61fb2aed9c13fb9	383	1	194442	128.656	194442	128.471	29596	20.7121	unclassified	chr2	128771689	128801135	8	29596	-	29715	29319	29100	269	127	219	60	0.99973	0.99253	0.979303	0
PBE24444_skip_b8ba7aa8_cf14c51a_142.pod5	606fbc82-1799-4ba2-b492-6fffe2ffbca4	cf14c51afc71f96f13400767a61fb2aed9c13fb9	436	1	193840	126.707	193840	126.705	45371	26.9505	unclassified	chr3	66544495	66589829	6	45335	-	45411	45252	45179	77	82	73	60	0.999074	0.998387	0.994891	0
PBE24444_skip_b8ba7aa8_cf14c51a_142.pod5	cfd23d57-5934-4e6a-9b96-7709457bbdb6	cf14c51afc71f96f13400767a61fb2aed9c13fb9	417	3	194298	186.451	194298	186.449	27192	5.3151	unclassified	chr9	94654970	94660676	19796	26748	-	7107	5551	5046	1401	155	505	26	0.255663	0.909025	0.710004	0
PBE24444_skip_b8ba7aa8_cf14c51a_142.pod5	371bd2b7-7791-4359-ab6f-1a251ca439f9	cf14c51afc71f96f13400767a61fb2aed9c13fb9	436	1	194264	142.987	194264	142.794	53500	25.5939	unclassified	chr11	62015100	62068619	4	53500	-	53607	53408	53259	88	111	149	60	0.999925	0.99721	0.993508	0
PBE24444_skip_b8ba7aa8_cf14c51a_142.pod5	50234cce-348e-4adf-8f19-c91141f501a8	cf14c51afc71f96f13400767a61fb2aed9c13fb9	280	3	193725	169.084	193725	168.902	66685	28.4202	unclassified	chr7	150528610	150595356	0	66678	+	66814	66610	66321	68	136	289	60	0.999895	0.995661	0.992621	0
PBE24444_skip_b8ba7aa8_cf14c51a_142.pod5	f122955b-3cfe-4b80-a239-0b31faaef525	cf14c51afc71f96f13400767a61fb2aed9c13fb9	953	4	193306	168.71	193306	168.708	52106	19.6947	unclassified	chr2	200762099	200814162	33	52100	+	52338	51792	51472	275	271	320	60	0.999252	0.993821	0.983454	0
PBE24444_skip_b8ba7aa8_cf14c51a_142.pod5	f9a3fa01-eca9-4b2f-bcd4-eaf4a0a66d13	cf14c51afc71f96f13400767a61fb2aed9c13fb9	317	3	194514	165.007	194514	165.005	63611	24.996	unclassified	chr18	14198712	14262296	8	63585	-	63731	63430	63216	147	154	214	60	0.999466	0.996626	0.991919	0
PBE24444_skip_b8ba7aa8_cf14c51a_142.pod5	2a49cf83-f6d0-4927-94b1-f34c6b6a0d1c	cf14c51afc71f96f13400767a61fb2aed9c13fb9	383	1	194776	159.578	194776	159.404	42644	19.7761	unclassified	chr6	162883804	162926522	5	42644	-	42864	42493	42290	146	225	203	60	0.999883	0.995223	0.986609	0
PBE24444_skip_b8ba7aa8_cf14c51a_142.pod5	e491e032-6644-4d2e-bdd1-dc612814dab5	cf14c51afc71f96f13400767a61fb2aed9c13fb9	900	1	194798	165.459	194798	165.36	44095	4.12735	unclassified	chr8	131263902	131276856	33950	44095	-	13079	10020	9929	125	2934	91	60	0.230071	0.990918	0.759156	0
PBE24444_skip_b8ba7aa8_cf14c51a_142.pod5	fb7d9403-95bd-4d9e-a835-b54e96bf69c5	cf14c51afc71f96f13400767a61fb2aed9c13fb9	617	4	195049	127.335	195049	127.152	38388	28.5867	unclassified	chr4	59617153	59655553	5	38388	-	38439	38344	38274	39	56	70	60	0.99987	0.998174	0.995708	0
PBE24444_skip_b8ba7aa8_cf14c51a_142.pod5	0a94477a-ffb6-4c24-a1ba-f768b5e660a9	cf14c51afc71f96f13400767a61fb2aed9c13fb9	28	4	194652	147.8	194653	147.456	56965	24.9101	unclassified	chr1	219065368	219122105	0	56959	+	57049	56647	56465	312	90	182	60	0.999895	0.996787	0.989763	0
PBE24444_skip_b8ba7aa8_cf14c51a_142.pod5	c1d94382-c04b-4698-88a7-e50c2a0ca80e	cf14c51afc71f96f13400767a61fb2aed9c13fb9	280	3	194700	165.141	194700	165.139	84258	24.635	unclassified	chr21	15438341	15522614	27	84251	+	84406	84091	83932	133	182	159	60	0.999596	0.998109	0.994384	0
PBE24444_skip_b8ba7aa8_cf14c51a_142.pod5	82548040-84c5-407b-8b17-bc9262dbb942	cf14c51afc71f96f13400767a61fb2aed9c13fb9	617	4	194574	147.542	194574	147.373	42227	31.278	unclassified	chr4	110294016	110336233	0	42222	+	42267	42172	42070	50	45	102	60	0.999882	0.997581	0.995339	0
PBE24444_skip_b8ba7aa8_cf14c51a_142.pod5	38d780bf-2593-4de4-b5dd-b095512266a5	cf14c51afc71f96f13400767a61fb2aed9c13fb9	953	4	194855	155.178	194855	155.176	52506	19.0129	unclassified	chr3	135384100	135436529	37	52496	+	52750	52138	51746	321	291	392	60	0.999105	0.992481	0.980967	0
PBE24444_skip_b8ba7aa8_cf14c51a_142.pod5	70ca7fa1-3b5e-4cda-ad2f-b6cf8f849069	cf14c51afc71f96f13400767a61fb2aed9c13fb9	381	4	194899	158.396	194899	158.282	60294	27.1092	unclassified	chr14	93847544	93907836	7	60294	-	60383	60196	60063	91	96	133	60	0.999884	0.997791	0.9947	0
PBE24444_skip_b8ba7aa8_cf14c51a_142.pod5	8073a926-2dea-4fb3-bd3b-304bf1cb63cf	cf14c51afc71f96f13400767a61fb2aed9c13fb9	677	3	193967	1.9908	193967	1.9908	403	3.14797	unclassified	*	-1	-1	-1	-1	*	0	0	0	0	0	0	0	0	0	0	0
PBE24444_skip_b8ba7aa8_cf14c51a_142.pod5	59a3e203-dc42-4cb3-b271-528df9eb5de9	cf14c51afc71f96f13400767a61fb2aed9c13fb9	383	1	195098	121.605	195098	121.603	35934	12.3872	unclassified	chr5	101870459	101902084	30	31530	+	31720	31405	31190	95	220	215	60	0.876607	0.993154	0.983291	0
PBE24444_skip_b8ba7aa8_cf14c51a_142.pod5	744ff55d-6194-412b-8919-5754da915e61	cf14c51afc71f96f13400767a61fb2aed9c13fb9	308	4	194460	190.876	194460	190.72	73414	24.7608	unclassified	chr11	125993890	126066975	2	73414	-	73601	72896	72728	516	189	168	60	0.999973	0.997695	0.988139	0
PBE24444_skip_b8ba7aa8_cf14c51a_142.pod5	99744c0e-baeb-4cf2-9c35-997632c0cf50	cf14c51afc71f96f13400767a61fb2aed9c13fb9	86	4	194964	133.116	194965	133.003	52457	29.5489	unclassified	chr6	74496175	74531742	0	35506	+	35599	35474	35435	32	93	39	60	0.676859	0.998901	0.995393	0
PBE24444_skip_b8ba7aa8_cf14c51a_142.pod5	0d729141-6bba-4ed6-aaf7-28444d6db60e	cf14c51afc71f96f13400767a61fb2aed9c13fb9	461	3	195186	69.9204	195186	69.7968	20098	21.6695	unclassified	chr1	156150619	156170635	0	20095	+	20177	19934	19858	161	82	76	60	0.999851	0.996187	0.98419	0
PBE24444_skip_b8ba7aa8_cf14c51a_142.pod5	8d30d9ee-0748-4eb5-a71f-f6338ba688b0	cf14c51afc71f96f13400767a61fb2aed9c13fb9	461	3	195138	22.566	195139	21.972	8022	21.1572	unclassified	chr8	75529016	75537044	9	8022	-	8048	7993	7958	20	35	35	60	0.998878	0.995621	0.988817	0
PBE24444_skip_b8ba7aa8_cf14c51a_142.pod5	27614bc1-df44-4231-9ea2-c6c55871854a	cf14c51afc71f96f13400767a61fb2aed9c13fb9	461	3	195256	29.9376	195256	29.7468	11229	18.7123	unclassified	chr5	87719972	87731204	13	11229	-	11299	11149	11064	67	83	85	60	0.998842	0.992376	0.979202	0
PBE24444_skip_b8ba7aa8_cf14c51a_142.pod5	6d194efc-100e-4d2d-a302-481aa28db696	cf14c51afc71f96f13400767a61fb2aed9c13fb9	461	3	195161	24.27	195161	24.1728	8185	23.3176	unclassified	chr2	173966082	173974250	15	8185	-	8185	8153	8135	17	15	18	60	0.998167	0.997792	0.993891	0
PBE24444_skip_b8ba7aa8_cf14c51a_142.pod5	cd033871-86fc-4f92-b5b0-1d2a16d2ddd8	cf14c51afc71f96f13400767a61fb2aed9c13fb9	677	3	193969	50.4612	193969	50.3556	19082	15.0142	unclassified	chr5	100722719	100731712	0	8999	+	9008	8984	8971	15	9	13	60	0.471596	0.998553	0.995893	0
PBE24444_skip_b8ba7aa8_cf14c51a_142.pod5	ec0d4436-3c05-4d9c-9872-aafa91739834	cf14c51afc71f96f13400767a61fb2aed9c13fb9	280	3	194878	119.471	194878	119.276	34927	30.6182	unclassified	chr3	137847881	137866111	16690	34921	+	18252	18209	18194	22	21	15	60	0.521974	0.999176	0.996822	0
PBE24444_skip_b8ba7aa8_cf14c51a_142.pod5	7f485012-16df-4afc-b430-08c8b56cac3f	cf14c51afc71f96f13400767a61fb2aed9c13fb9	436	1	195509	127.226	195509	127.057	38328	25.9211	unclassified	chr2	138180523	138218872	0	38328	+	38399	38278	38199	50	71	79	60	1	0.997936	0.994792	0
PBE24444_skip_b8ba7aa8_cf14c51a_142.pod5	a72a041a-749a-4eb0-980c-2403b8de430c	cf14c51afc71f96f13400767a61fb2aed9c13fb9	617	4	194882	165.248	194882	165.144	51906	24.4907	unclassified	chr1	183234021	183285778	9	51906	-	51980	51674	51608	223	83	66	60	0.999827	0.998723	0.992843	0
PBE24444_skip_b8ba7aa8_cf14c51a_142.pod5	663a5781-8740-469e-ac4d-26924241cb58	cf14c51afc71f96f13400767a61fb2aed9c13fb9	461	3	195354	102.824	195355	102.592	36103	18.8878	unclassified	chr22	23721887	23745175	2	23247	-	23335	23198	23131	47	90	67	60	0.643852	0.997112	0.991258	0
PBE24444_skip_b8ba7aa8_cf14c51a_142.pod5	6f2aa32e-0f83-4fc7-a613-87c58d8fe815	cf14c51afc71f96f13400767a61fb2aed9c13fb9	792	4	194896	153.55	194896	153.461	61055	22.3937	unclassified	chr4	90793022	90854163	0	61055	+	61256	60940	60753	115	201	187	60	1	0.996931	0.991789	0
PBE24444_skip_b8ba7aa8_cf14c51a_142.pod5	6c79f4b7-4931-4a8a-8f35-6c4d246c2702	cf14c51afc71f96f13400767a61fb2aed9c13fb9	319	2	191575	701.848	191575	701.846	130326	3.10932	unclassified	chr5	11816703	11817308	110629	111250	-	666	560	467	61	45	93	1	0.00476497	0.833929	0.701201	0
PBE24444_skip_b8ba7aa8_cf14c51a_142.pod5	e5c8d375-373e-4478-a896-dd38450feafc	cf14c51afc71f96f13400767a61fb2aed9c13fb9	461	3	195286	68.4168	195286	68.0376	24559	23.1989	unclassified	chr9	41296927	41320021	17	24543	+	24650	22970	22411	1556	124	559	1	0.998656	0.975664	0.909168	0
PBE24444_skip_b8ba7aa8_cf14c51a_142.pod5	800f5bed-2158-4860-bc2d-58f590fc1cca	cf14c51afc71f96f13400767a61fb2aed9c13fb9	677	3	194390	114.997	194390	114.869	43148	24.6234	unclassified	chr12	127153715	127179545	5653	31226	-	25947	25456	25393	117	374	63	60	0.592681	0.997525	0.978649	0
PBE24444_skip_b8ba7aa8_cf14c51a_142.pod5	1889fb46-37e6-478b-9e40-040621c4ce4f	cf14c51afc71f96f13400767a61fb2aed9c13fb9	617	4	196187	120.98	196187	120.978	36872	30.655	unclassified	chr15	56363074	56399892	33	36867	+	36855	36797	36749	37	21	48	60	0.998969	0.998696	0.997124	0
PBE24444_skip_b8ba7aa8_cf14c51a_142.pod5	d0a93558-4fa2-42f2-b31e-7081b1cd017a	cf14c51afc71f96f13400767a61fb2aed9c13fb9	953	4	195121	157.779	195121	157.633	49163	19.0955	unclassified	chr1	146386611	146435821	0	49156	+	49457	48909	48593	247	301	316	60	0.999858	0.993539	0.98253	0
PBE24444_skip_b8ba7aa8_cf14c51a_142.pod5	36fd3858-447c-4988-8ef7-140ee99c5297	cf14c51afc71f96f13400767a61fb2aed9c13fb9	365	4	196533	135.38	196533	135.378	31043	3.64017	unclassified	*	-1	-1	-1	-1	*	0	0	0	0	0	0	0	0	0	0	0
PBE24444_skip_b8ba7aa8_cf14c51a_142.pod5	adf33049-3693-476e-b82b-9d99e6dc59d4	cf14c51afc71f96f13400767a61fb2aed9c13fb9	734	1	195606	152.341	195606	152.339	57169	13.0096	unclassified	chr19	14888165	14948398	6	57134	-	61581	55780	54169	1348	4453	1611	60	0.999283	0.971119	0.879638	0
PBE24444_skip_b8ba7aa8_cf14c51a_142.pod5	d5d47165-e033-46cb-ae75-2ba217855f8c	cf14c51afc71f96f13400767a61fb2aed9c13fb9	70	1	194965	339.805	194965	339.803	47211	4.71027	unclassified	chr1	214073669	214082338	26347	36176	-	10232	8266	7378	1563	403	888	52	0.208193	0.892572	0.721071	0
PBE24444_skip_b8ba7aa8_cf14c51a_142.pod5	98ea1294-bc3b-46a9-a0d8-675dbbe74493	cf14c51afc71f96f13400767a61fb2aed9c13fb9	417	3	195611	233.872	195611	233.87	51633	2.22131	unclassified	*	-1	-1	-1	-1	*	0	0	0	0	0	0	0	0	0	0	0
PBE24444_skip_b8ba7aa8_cf14c51a_142.pod5	8580a077-5dc8-4403-8d0a-1ae36a68c008	cf14c51afc71f96f13400767a61fb2aed9c13fb9	975	1	194808	596.344	194808	596.342	46994	2.3476	unclassified	chr2	32916260	32916625	17085	17526	+	441	365	352	76	0	13	2	0.00938418	0.964384	0.798186	0
PBE24444_skip_b8ba7aa8_cf14c51a_142.pod5	b9554f8a-2567-49b1-9a1c-2351c1db381f	cf14c51afc71f96f13400767a61fb2aed9c13fb9	734	1	195168	201.38	195168	201.191	74732	12.4101	unclassified	chr12	91769321	91844443	5	74731	-	76739	73109	70716	1617	2013	2393	60	0.99992	0.967268	0.921513	0
PBE24444_skip_b8ba7aa8_cf14c51a_142.pod5	d1fdda37-0767-48bc-99d1-e3e45831f0bb	cf14c51afc71f96f13400767a61fb2aed9c13fb9	70	1	195967	141.912	195967	141.91	32747	6.5434	unclassified	chr13	78161241	78185218	140	23199	+	25189	21847	19304	1212	2130	2543	60	0.704156	0.8836	0.766366	0
PBE24444_skip_b8ba7aa8_cf14c51a_142.pod5	737eddc0-e528-4a0b-b1c2-710dab6602fc	cf14c51afc71f96f13400767a61fb2aed9c13fb9	878	2	195186	279.904	195186	279.902	69443	5.55517	unclassified	chr12	3478388	3513744	435	35744	+	38959	31706	27514	3603	3650	4192	21	0.50846	0.867785	0.70623	0
PBE24444_skip_b8ba7aa8_cf14c51a_142.pod5	dedc921e-c4eb-4350-a1b2-fff827d17882	cf14c51afc71f96f13400767a61fb2aed9c13fb9	556	1	196204	151.846	196205	151.71	56258	14.0664	unclassified	chr18	12452834	12509160	41	56258	-	57065	55478	54285	739	848	1193	60	0.999271	0.978496	0.951284	0
PBE24444_skip_b8ba7aa8_cf14c51a_142.pod5	dba32c11-bf53-4279-bcc5-843dd40c09d6	cf14c51afc71f96f13400767a61fb2aed9c13fb9	900	1	194091	251.922	194091	251.797	91362	28.4463	unclassified	chr3	197584428	197675923	0	91353	+	91569	91279	91156	74	216	123	60	0.999901	0.998652	0.99549	0
PBE24444_skip_b8ba7aa8_cf14c51a_142.pod5	c4a4de46-b7b5-4a83-b717-58e6394cbde7	cf14c51afc71f96f13400767a61fb2aed9c13fb9	28	4	195583	240.374	195583	240.148	51407	26.4195	unclassified	chr4	49200158	49251538	7	51407	-	51466	51314	51249	86	66	65	60	0.999864	0.998733	0.995784	0
PBE24444_skip_b8ba7aa8_cf14c51a_142.pod5	47728a8a-f753-4576-8df8-7e7ed753b64d	cf14c51afc71f96f13400767a61fb2aed9c13fb9	396	3	196701	124.861	196701	124.685	29793	26.8825	unclassified	chr2	197254408	197284176	5	29793	-	29829	29727	29662	61	41	65	60	0.999832	0.997813	0.994401	0
PBE24444_skip_b8ba7aa8_cf14c51a_142.pod5	b745d942-7d47-4a4f-9ca1-ebd5647717f8	cf14c51afc71f96f13400767a61fb2aed9c13fb9	280	3	196291	128.45	196291	128.324	51417	30.1595	unclassified	chr15	71696122	71748183	0	51412	+	52149	51324	51194	88	737	130	60	0.999903	0.997467	0.981687	0
PBE24444_skip_b8ba7aa8_cf14c51a_142.pod5	2520f96f-4976-4dc8-a8f2-6dbc0c26fc94	cf14c51afc71f96f13400767a61fb2aed9c13fb9	383	1	196403	182.181	196403	182.036	46557	20.767	unclassified	chr12	16966265	17011112	7	46557	-	46759	44638	44398	1912	209	240	60	0.99985	0.994623	0.949507	0
PBE24444_skip_b8ba7aa8_cf14c51a_142.pod5	fb952bb3-4a8f-47cc-82d9-08683d72f6fc	cf14c51afc71f96f13400767a61fb2aed9c13fb9	396	3	195767	134.605	195767	134.504	54725	31.6128	unclassified	chr1	30981541	31036290	0	54722	+	54807	54664	54600	58	85	64	60	0.999945	0.998829	0.996223	0
PBE24444_skip_b8ba7aa8_cf14c51a_142.pod5	16b000d2-0907-4b2a-85a2-8d0e5f5b866c	cf14c51afc71f96f13400767a61fb2aed9c13fb9	878	2	195466	223.401	195466	223.399	65551	5.72825	unclassified	chr12	3505577	3525199	26346	45155	-	21277	17154	14782	1655	2468	2372	19	0.286937	0.861723	0.694741	0
PBE24444_skip_b8ba7aa8_cf14c51a_142.pod5	81fe3f9e-7f54-4d48-9cd8-2b7cbfb77f71	cf14c51afc71f96f13400767a61fb2aed9c13fb9	28	4	196255	162.83	196255	162.618	60595	25.9049	unclassified	chr15	42828147	42888770	8	60595	-	60705	60505	60418	82	118	87	60	0.999868	0.998562	0.995272	0
PBE24444_skip_b8ba7aa8_cf14c51a_142.pod5	e7fe52cf-b0d8-4bcb-8109-fe337990f569	cf14c51afc71f96f13400767a61fb2aed9c13fb9	28	4	195825	149.034	195825	149.032	56333	24.798	unclassified	chr4	112773118	112829465	37	56333	+	56487	56156	55974	140	191	182	60	0.999343	0.996759	0.990918	0
PBE24444_skip_b8ba7aa8_cf14c51a_142.pod5	01548b6a-7a68-4d3a-ac2d-a475a9040b31	cf14c51afc71f96f13400767a61fb2aed9c13fb9	953	4	197104	140.74	197104	140.738	26102	17.0877	unclassified	chr2	98356780	98382658	39	26093	+	26201	25731	25538	323	147	193	60	0.998161	0.992499	0.974696	0
PBE24444_skip_b8ba7aa8_cf14c51a_142.pod5	b22f2e25-9678-416d-bbcd-0db02d332e38	cf14c51afc71f96f13400767a61fb2aed9c13fb9	556	1	196366	149.676	196366	149.548	63592	21.8104	unclassified	chr4	154562295	154625967	10	63592	-	63822	63432	63145	150	240	287	60	0.999843	0.995475	0.989392	0
PBE24444_skip_b8ba7aa8_cf14c51a_142.pod5	2af9ec16-f40a-4daf-9315-9299374d5a25	cf14c51afc71f96f13400767a61fb2aed9c13fb9	677	3	194020	369.871	194020	369.617	134297	19.9029	unclassified	chr11	98246488	98303138	30960	87601	+	56733	56558	56400	83	92	158	60	0.421759	0.997206	0.99413	0
PBE24444_skip_b8ba7aa8_cf14c51a_142.pod5	4c18680c-f1ba-4586-912d-838c8d133f93	cf14c51afc71f96f13400767a61fb2aed9c13fb9	878	2	196700	118.231	196700	118.229	31917	9.95797	unclassified	chr17	24072961	24078287	6110	11414	+	5845	4785	3928	519	541	857	1	0.166181	0.820899	0.672027	0
PBE24444_skip_b8ba7aa8_cf14c51a_142.pod5	d54de0f1-b6e9-493d-a706-8bb520b6cad4	cf14c51afc71f96f13400767a61fb2aed9c13fb9	617	4	196670	121.821	196670	121.636	35583	32.2345	unclassified	chr10	42196474	42247265	0	35583	+	50948	35426	35323	157	15365	103	60	1	0.997093	0.693315	0
PBE24444_skip_b8ba7aa8_cf14c51a_142.pod5	ea2f1f8c-56ea-40cd-9eee-68fc39d79998	cf14c51afc71f96f13400767a61fb2aed9c13fb9	556	1	197004	179.085	197004	179.083	76718	21.0888	unclassified	chr6	141978087	142055044	11	76686	-	77161	76471	76118	204	486	353	60	0.999439	0.995384	0.986483	0
PBE24444_skip_b8ba7aa8_cf14c51a_142.pod5	714eb396-0cea-4b60-a684-6f6013f56a3c	cf14c51afc71f96f13400767a61fb2aed9c13fb9	70	1	196443	285.951	196443	285.949	61791	7.34974	unclassified	chr15	79809624	79871657	113	61769	+	66252	57437	52221	4219	4596	5216	60	0.997815	0.909187	0.788218	0
PBE24444_skip_b8ba7aa8_cf14c51a_142.pod5	65590923-6260-41c0-9383-87cc452d2c25	cf14c51afc71f96f13400767a61fb2aed9c13fb9	70	1	196959	194.257	196959	194.255	57864	6.96778	unclassified	chr19	19944322	19998539	5919	57605	+	56798	49105	43675	2581	5112	5430	60	0.893232	0.889421	0.768953	0
PBE24444_skip_b8ba7aa8_cf14c51a_142.pod5	1795d768-4ec5-4a78-b991-be40467e797f	cf14c51afc71f96f13400767a61fb2aed9c13fb9	383	1	196667	147.274	196667	147.272	43521	15.984	unclassified	chr2	29341280	29384164	29	43521	+	43956	42420	42082	1072	464	338	60	0.999334	0.992032	0.957366	0
PBE24444_skip_b8ba7aa8_cf14c51a_142.pod5	289f7db2-9279-4a6b-bbb7-8ffad5769245	cf14c51afc71f96f13400767a61fb2aed9c13fb9	396	3	196955	196.651	196955	196.649	49493	30.1126	unclassified	chr13	25472571	25522034	7	49468	-	49501	49423	49385	38	40	38	60	0.999353	0.999231	0.997657	0
PBE24444_skip_b8ba7aa8_cf14c51a_142.pod5	31c53851-4a95-4ad3-a53e-a22b4a4f3b26	cf14c51afc71f96f13400767a61fb2aed9c13fb9	878	2	197265	182.451	197265	182.449	46917	6.02047	unclassified	chr2	131045180	131073200	8333	36207	-	30673	25221	22248	2653	2799	2973	41	0.594113	0.882122	0.725328	0
PBE24444_skip_b8ba7aa8_cf14c51a_142.pod5	9bb1c16c-b3bc-44f2-8716-912fb0345399	cf14c51afc71f96f13400767a61fb2aed9c13fb9	953	4	197297	175.5	197297	175.498	57512	17.8953	unclassified	chr1	44424384	44482116	48	57502	+	58024	57162	56633	292	570	529	60	0.998991	0.990746	0.976027	0
PBE24444_skip_b8ba7aa8_cf14c51a_142.pod5	76fd4e51-f63c-4e50-887d-bd2b626f7cce	cf14c51afc71f96f13400767a61fb2aed9c13fb9	396	3	197203	131.802	197204	131.672	52439	31.0616	unclassified	chr18	29263208	29315648	0	52431	+	52461	52410	52376	21	30	34	60	0.999847	0.999351	0.99838	0
PBE24444_skip_b8ba7aa8_cf14c51a_142.pod5	028a7f5c-0188-45d6-a434-6f916fc93e48	cf14c51afc71f96f13400767a61fb2aed9c13fb9	677	3	193256	554.065	193256	553.786	196578	15.8766	unclassified	chr10	8905923	8933971	53978	82026	+	28071	28025	27976	23	23	49	60	0.142681	0.998252	0.996616	0
PBE24444_skip_b8ba7aa8_cf14c51a_142.pod5	835c4e42-1578-4de9-abad-db57a22c97b5	cf14c51afc71f96f13400767a61fb2aed9c13fb9	831	1	196759	111.96	196759	111.829	43991	27.1258	unclassified	chr7	143475763	143519761	0	43991	+	44053	43936	43806	55	62	130	60	1	0.997041	0.994393	0
PBE24444_skip_b8ba7aa8_cf14c51a_142.pod5	e75af001-5487-46ff-b2b0-a565743d6790	cf14c51afc71f96f13400767a61fb2aed9c13fb9	975	1	197183	168.152	197183	168.15	14283	2.30395	unclassified	*	-1	-1	-1	-1	*	0	0	0	0	0	0	0	0	0	0	0
PBE24444_skip_b8ba7aa8_cf14c51a_142.pod5	fbdeabb4-60db-494c-9d60-c0ed2a021559	cf14c51afc71f96f13400767a61fb2aed9c13fb9	86	4	196737	144.349	196737	144.223	52244	27.234	unclassified	chr1	233714852	233767380	79	52244	-	52571	52122	52028	43	406	94	60	0.998488	0.998197	0.989671	0
PBE24444_skip_b8ba7aa8_cf14c51a_142.pod5	5306acf3-0be3-4de6-8538-c3c401932e39	cf14c51afc71f96f13400767a61fb2aed9c13fb9	463	4	195781	167.256	195781	167.132	64139	28.2384	unclassified	chr1	182469940	182534004	0	64135	+	64237	63962	63878	173	102	84	60	0.999938	0.998687	0.994411	0
PBE24444_skip_b8ba7aa8_cf14c51a_142.pod5	b15eb443-60d0-400b-ae68-20eb0b4ac352	cf14c51afc71f96f13400767a61fb2aed9c13fb9	975	1	195835	639.413	195835	639.411	50180	2.57153	unclassified	chr10	41902307	41903363	25945	26859	+	1059	911	810	3	145	101	1	0.0182144	0.889133	0.764873	0
PBE24444_skip_b8ba7aa8_cf14c51a_142.pod5	14e56f93-c607-4d90-8a9f-91219a82817f	cf14c51afc71f96f13400767a61fb2aed9c13fb9	86	4	196890	123.885	196890	123.821	54998	23.6214	unclassified	chr1	233711907	233767380	0	54991	+	55567	54897	54710	94	576	187	60	0.999873	0.996594	0.984577	0
PBE24444_skip_b8ba7aa8_cf14c51a_142.pod5	88dafde7-1f57-4d22-8e10-8814198ad3c2	cf14c51afc71f96f13400767a61fb2aed9c13fb9	953	4	196680	179.78	196680	179.636	56152	18.3855	unclassified	chr1	33249066	33305281	9	56152	-	56561	55797	55348	346	418	449	60	0.99984	0.991953	0.978554	0
PBE24444_skip_b8ba7aa8_cf14c51a_142.pod5	ef970487-5bd3-442c-a02e-da8ca6f9ee86	cf14c51afc71f96f13400767a61fb2aed9c13fb9	461	3	197870	1.4844	197870	1.4844	408	2.85899	unclassified	*	-1	-1	-1	-1	*	0	0	0	0	0	0	0	0	0	0	0
PBE24444_skip_b8ba7aa8_cf14c51a_142.pod5	5a9dad98-6a6a-43f1-b247-fb34116e824d	cf14c51afc71f96f13400767a61fb2aed9c13fb9	463	4	196962	148.358	196962	148.204	57635	28.6166	unclassified	chr4	29414539	29464986	7193	57626	+	50519	50361	50249	72	86	112	60	0.875041	0.997776	0.994655	0
PBE24444_skip_b8ba7aa8_cf14c51a_142.pod5	0b228464-a749-4e20-af78-59dd280ce0d5	cf14c51afc71f96f13400767a61fb2aed9c13fb9	734	1	196729	222.57	196729	222.368	82072	12.668	unclassified	chrX	80719943	80802670	0	82072	-	84312	80487	78046	1585	2240	2441	60	1	0.969672	0.925681	0
PBE24444_skip_b8ba7aa8_cf14c51a_142.pod5	8b6ae552-91a9-4d47-83c6-fa1e6c83eac6	cf14c51afc71f96f13400767a61fb2aed9c13fb9	878	2	197100	154.719	197100	154.717	37597	6.38971	unclassified	chr3	12646384	12654697	9	8196	-	8677	7823	7135	364	490	688	26	0.217757	0.912054	0.822289	0
PBE24444_skip_b8ba7aa8_cf14c51a_142.pod5	f5089a47-d750-4cc5-b848-79a216c3c3ac	cf14c51afc71f96f13400767a61fb2aed9c13fb9	953	4	196086	126.866	196086	126.728	36614	19.007	unclassified	chr16	88795900	88832567	0	36604	+	36881	36390	36184	214	277	206	60	0.999727	0.994339	0.981101	0
PBE24444_skip_b8ba7aa8_cf14c51a_142.pod5	fb3ddccb-d722-4388-afeb-f848f79d051f	cf14c51afc71f96f13400767a61fb2aed9c13fb9	383	1	193937	253.604	193937	253.602	61658	27.8933	unclassified	chr1	143184587	143203954	958	25442	+	24552	19299	18637	5185	68	662	60	0.397094	0.965698	0.759083	0
PBE24444_skip_b8ba7aa8_cf14c51a_142.pod5	d5d9a773-d991-469a-a6b2-c2bfd79a9200	cf14c51afc71f96f13400767a61fb2aed9c13fb9	617	4	197595	157.341	197596	157.182	45403	29.8896	unclassified	chr5	70811035	70856447	6	45403	-	45468	45341	45250	56	71	91	21	0.999868	0.997993	0.995205	0
PBE24444_skip_b8ba7aa8_cf14c51a_142.pod5	e38d2974-5774-4ba6-b6d8-a9402353aae6	cf14c51afc71f96f13400767a61fb2aed9c13fb9	831	1	197352	124.112	197352	124.11	49963	26.9908	unclassified	chr2	237771576	237821500	11	49938	-	49969	49882	49800	45	42	82	60	0.999279	0.998356	0.996618	0
PBE24444_skip_b8ba7aa8_cf14c51a_142.pod5	985e58b1-269b-4219-b73c-daaa81cdb323	cf14c51afc71f96f13400767a61fb2aed9c13fb9	383	1	197278	223.781	197278	223.779	57309	19.4666	unclassified	chr13	39045369	39102656	8	57274	-	57605	56948	56567	318	339	381	60	0.99925	0.99331	0.981981	0
PBE24444_skip_b8ba7aa8_cf14c51a_142.pod5	0ba69e01-400d-47d3-ba0f-5f0c6f933aad	cf14c51afc71f96f13400767a61fb2aed9c13fb9	280	3	197135	157.386	197136	157.26	61140	28.8677	unclassified	chrY	11309607	11334434	35395	57206	-	25360	21278	18508	533	3549	2770	48	0.356739	0.869819	0.729811	0
PBE24444_skip_b8ba7aa8_cf14c51a_142.pod5	d80547ba-2f58-4f03-a106-bfac6f727669	cf14c51afc71f96f13400767a61fb2aed9c13fb9	417	3	196955	163.828	196955	163.826	47366	8.94581	unclassified	chr5	15524562	15572747	0	47322	-	49923	45584	42499	1738	2601	3085	60	0.999071	0.932323	0.851291	0
PBE24444_skip_b8ba7aa8_cf14c51a_142.pod5	ec57c908-8cce-4fc1-ae5c-17a569260bf1	cf14c51afc71f96f13400767a61fb2aed9c13fb9	461	3	197256	97.1916	197256	97.1916	32490	13.088	unclassified	chr7	34268228	34284451	1010	17189	-	16273	16129	16048	50	94	81	60	0.497969	0.994978	0.986173	0
PBE24444_skip_b8ba7aa8_cf14c51a_142.pod5	88d7395f-425f-4486-a8ea-89a70164e7e3	cf14c51afc71f96f13400767a61fb2aed9c13fb9	461	3	197599	44.5716	197599	44.3784	15399	18.2726	unclassified	chr13	93653753	93663490	5469	15197	+	9764	9701	9653	27	36	48	60	0.631729	0.995052	0.988632	0
PBE24444_skip_b8ba7aa8_cf14c51a_142.pod5	b1e76bbd-2b5d-4d37-8bcb-d82518e9648d	cf14c51afc71f96f13400767a61fb2aed9c13fb9	461	3	196809	221.127	196809	221.125	63946	21.2409	unclassified	chr1	235104796	235168505	0	63619	-	63869	63459	63282	160	250	177	60	0.994886	0.997211	0.990809	0
PBE24444_skip_b8ba7aa8_cf14c51a_142.pod5	86f6a497-baff-4253-8a66-c20435698e72	cf14c51afc71f96f13400767a61fb2aed9c13fb9	396	3	197607	81.344	197607	81.222	32143	25.742	unclassified	chr4	30923318	30955453	0	32143	-	32204	32074	32000	69	61	74	60	1	0.997693	0.993665	0
PBE24444_skip_b8ba7aa8_cf14c51a_142.pod5	df4d9f80-00ae-4a18-a0bf-50b3996b2419	cf14c51afc71f96f13400767a61fb2aed9c13fb9	417	3	197395	162.242	197395	162.24	45824	8.98179	unclassified	chr8	111664071	111710444	30	45805	+	48056	44092	40908	1683	2281	3184	60	0.998931	0.927787	0.851257	0
PBE24444_skip_b8ba7aa8_cf14c51a_142.pod5	c2521e97-9b22-47d8-b337-32e7df39a597	cf14c51afc71f96f13400767a61fb2aed9c13fb9	451	1	198321	0.1092	198321	0.1092	9	3	unclassified	*	-1	-1	-1	-1	*	0	0	0	0	0	0	0	0	0	0	0
PBE24444_skip_b8ba7aa8_cf14c51a_142.pod5	492d2524-18bd-416b-9526-5aef2d10893e	cf14c51afc71f96f13400767a61fb2aed9c13fb9	451	1	198291	20.826	198291	20.826	7508	20.601	unclassified	chr8	134214625	134222126	23	7504	-	7521	7461	7436	20	40	25	60	0.996404	0.996649	0.988698	0
PBE24444_skip_b8ba7aa8_cf14c51a_142.pod5	bf3849f3-41ba-441c-bfc4-8e4893e7e129	cf14c51afc71f96f13400767a61fb2aed9c13fb9	451	1	198312	9.1476	198312	8.73	2372	24.4599	unclassified	chr5	60537937	60540316	0	2371	+	2380	2370	2363	1	9	7	60	0.999578	0.997046	0.992857	0
PBE24444_skip_b8ba7aa8_cf14c51a_142.pod5	ec1a9419-889c-4e06-964f-eaa58bf70a79	cf14c51afc71f96f13400767a61fb2aed9c13fb9	461	3	195752	169.076	195752	168.623	58794	18.5735	unclassified	chr14	75773669	75786578	10457	23356	+	12926	12882	12858	17	27	24	60	0.219393	0.998137	0.994739	0
PBE24444_skip_b8ba7aa8_cf14c51a_142.pod5	e1df2789-9fb6-4d61-912b-45f9b2ef533a	cf14c51afc71f96f13400767a61fb2aed9c13fb9	451	1	198351	0.2508	198351	0.2508	13	2	unclassified	*	-1	-1	-1	-1	*	0	0	0	0	0	0	0	0	0	0	0
PBE24444_skip_b8ba7aa8_cf14c51a_142.pod5	7d8aba87-fd37-4259-855b-9c77e8e89ad2	cf14c51afc71f96f13400767a61fb2aed9c13fb9	734	1	197602	128.641	197602	128.429	48146	12.251	unclassified	chr2	146499960	146548475	15	48136	+	49500	47136	45654	985	1379	1482	60	0.999481	0.968559	0.922303	0
PBE24444_skip_b8ba7aa8_cf14c51a_142.pod5	91e94d63-399f-4435-8aa7-52b2b2965026	cf14c51afc71f96f13400767a61fb2aed9c13fb9	451	1	198321	29.7552	198321	29.646	11412	25.7363	unclassified	chr15	41990807	42002208	12	11412	-	11420	11381	11347	19	20	34	60	0.998948	0.997013	0.993608	0
PBE24444_skip_b8ba7aa8_cf14c51a_142.pod5	b04c97a8-a0d5-41d9-a7e4-b06977879c43	cf14c51afc71f96f13400767a61fb2aed9c13fb9	451	1	198351	21.1152	198351	20.9664	8143	24.393	unclassified	chr11	72047523	72055644	14	8141	-	8153	8095	8064	32	26	31	60	0.998035	0.99617	0.989084	0
PBE24444_skip_b8ba7aa8_cf14c51a_142.pod5	2ac1bda6-226f-4792-9467-9cdf352187da	cf14c51afc71f96f13400767a61fb2aed9c13fb9	461	3	197871	125.418	197872	124.907	43190	16.4588	unclassified	chr6	84740919	84754359	7859	21271	+	13474	13378	13310	34	62	68	60	0.310535	0.994917	0.987828	0
PBE24444_skip_b8ba7aa8_cf14c51a_142.pod5	584bfc11-8fa7-488d-a1b5-3869ca256b36	cf14c51afc71f96f13400767a61fb2aed9c13fb9	451	1	198372	37.2144	198372	37.2144	14094	24.3433	unclassified	chr4	149171278	149185312	35	14060	+	14045	14014	13997	11	20	17	60	0.995104	0.998787	0.996582	0
PBE24444_skip_b8ba7aa8_cf14c51a_142.pod5	4b9c7960-642d-4d41-9073-3ec3a7f61d8e	cf14c51afc71f96f13400767a61fb2aed9c13fb9	461	3	194537	591.996	194537	591.994	190468	13.5652	unclassified	chr12	39237286	39277331	102949	142970	+	40143	39923	39789	98	122	134	60	0.210119	0.996644	0.991182	0
PBE24444_skip_b8ba7aa8_cf14c51a_142.pod5	fdfda280-3888-48eb-ad84-281cbc270a81	cf14c51afc71f96f13400767a61fb2aed9c13fb9	448	1	197808	115.21	197808	115.208	46093	25.7083	unclassified	chr19	10348565	10394336	0	46055	-	46146	45680	45627	375	91	53	60	0.999176	0.99884	0.988753	0
PBE24444_skip_b8ba7aa8_cf14c51a_142.pod5	fafa2e80-8e12-4ee0-b878-3d4169d8c0d9	cf14c51afc71f96f13400767a61fb2aed9c13fb9	280	3	197571	123.686	197572	123.546	48351	30.0708	unclassified	chr3	136548874	136597221	0	48345	+	48410	48282	48242	63	65	40	60	0.999876	0.999172	0.99653	0
PBE24444_skip_b8ba7aa8_cf14c51a_142.pod5	a3f38cea-4767-4854-ae09-e51d7647c39c	cf14c51afc71f96f13400767a61fb2aed9c13fb9	451	1	198410	22.7496	198410	22.5912	8259	16.0772	unclassified	chr1	122671574	122676174	316	4916	-	4602	4598	4331	2	2	267	1	0.556968	0.941931	0.941113	0
PBE24444_skip_b8ba7aa8_cf14c51a_142.pod5	4934ef02-0dd2-4faa-ab8c-35083d1c1a3b	cf14c51afc71f96f13400767a61fb2aed9c13fb9	461	3	195589	162.518	195589	162.518	58569	16.6273	unclassified	chr5	24505805	24527444	30	21619	+	21703	21525	21357	64	114	168	60	0.368608	0.992195	0.984057	0
PBE24444_skip_b8ba7aa8_cf14c51a_142.pod5	892ee43b-5911-4028-a92a-aa7ed6615f81	cf14c51afc71f96f13400767a61fb2aed9c13fb9	461	3	197644	25.086	197644	24.6588	8413	20.4732	unclassified	chr12	109843536	109851031	901	8402	-	7514	7482	7455	19	13	27	60	0.891596	0.996391	0.992148	0
PBE24444_skip_b8ba7aa8_cf14c51a_142.pod5	e8a34202-7f86-4993-8c2b-628ce04bdfbe	cf14c51afc71f96f13400767a61fb2aed9c13fb9	451	1	198470	119.732	198470	119.609	35860	27.5149	unclassified	chr9	76331192	76366677	0	35855	+	35896	35444	35359	411	41	85	60	0.999861	0.997602	0.98504	0
PBE24444_skip_b8ba7aa8_cf14c51a_142.pod5	b9902bba-b949-4afc-894e-530f6ed1db81	cf14c51afc71f96f13400767a61fb2aed9c13fb9	280	3	196604	216.994	196604	216.852	75633	31.1325	unclassified	chrY	22377241	22452881	7	75633	-	75676	75590	75554	36	50	36	13	0.999907	0.999524	0.998388	0
PBE24444_skip_b8ba7aa8_cf14c51a_142.pod5	9e71093d-07ca-46e0-8292-b17d29233bef	cf14c51afc71f96f13400767a61fb2aed9c13fb9	28	4	197867	149.368	197868	149.171	55846	20.1719	unclassified	chr3	191147767	191203045	594	55846	-	55433	55097	54793	155	181	304	60	0.989364	0.994482	0.988455	0
PBE24444_skip_b8ba7aa8_cf14c51a_142.pod5	e5232a29-3173-45d4-a5e7-14c785caef10	cf14c51afc71f96f13400767a61fb2aed9c13fb9	495	1	198385	43.188	198385	43.0896	14271	23.5592	unclassified	chr5	75171468	75185663	0	14185	+	14203	14177	14176	8	18	1	60	0.993974	0.999929	0.998099	0
PBE24444_skip_b8ba7aa8_cf14c51a_142.pod5	bce67854-5c5b-4849-baf0-4856bd303035	cf14c51afc71f96f13400767a61fb2aed9c13fb9	451	1	198433	36.5976	198433	36.5976	13695	21.3422	unclassified	chr5	14883315	14896843	179	13690	+	13543	13496	13481	15	32	15	60	0.986564	0.998889	0.995422	0
PBE24444_skip_b8ba7aa8_cf14c51a_142.pod5	77fd4068-96fc-48ae-8051-96152cd48a10	cf14c51afc71f96f13400767a61fb2aed9c13fb9	461	3	197669	191.548	197669	190.972	64181	19.6493	unclassified	chr10	100298351	100326361	36050	64181	-	28224	27917	27786	214	93	131	60	0.438307	0.995308	0.984481	0
PBE24444_skip_b8ba7aa8_cf14c51a_142.pod5	e6854564-94b6-41b3-9055-5450acd8582a	cf14c51afc71f96f13400767a61fb2aed9c13fb9	878	2	197837	179.614	197837	179.612	48608	6.12881	unclassified	chr16	8608449	8626734	11802	29722	-	19616	16589	14628	1331	1696	1961	35	0.368664	0.881789	0.745718	0
PBE24444_skip_b8ba7aa8_cf14c51a_142.pod5	5408d0f2-4523-495d-9ffb-952d541a8ede	cf14c51afc71f96f13400767a61fb2aed9c13fb9	463	4	197858	158.856	197858	158.652	31657	17.1804	unclassified	chr1	152188895	152221147	683	31657	-	32411	30815	30698	159	1437	117	60	0.978425	0.996203	0.947148	0
PBE24444_skip_b8ba7aa8_cf14c51a_142.pod5	49a9fbde-3ff8-4e54-b9ac-7a61816e858c	cf14c51afc71f96f13400767a61fb2aed9c13fb9	550	3	197894	122.896	197894	122.59	32432	19.9507	unclassified	chrX	102390817	102422728	598	32432	-	31941	31804	31753	30	107	51	1	0.981561	0.998396	0.994114	0
PBE24444_skip_b8ba7aa8_cf14c51a_142.pod5	2ff6638b-1762-42e8-93d2-f54f7d90fdff	cf14c51afc71f96f13400767a61fb2aed9c13fb9	900	1	198410	134.816	198410	134.701	55285	28.2387	unclassified	chr7	131205606	131260469	6	55285	-	55357	54785	54694	494	78	91	60	0.999891	0.998339	0.988023	0
PBE24444_skip_b8ba7aa8_cf14c51a_142.pod5	f2041a71-e5be-4e24-8cb9-969b633f73ca	cf14c51afc71f96f13400767a61fb2aed9c13fb9	461	3	197354	169.422	197354	169.422	59828	17.3405	unclassified	chr18	4351125	4390589	49	39481	+	39584	39312	39110	120	152	202	60	0.659089	0.994862	0.988025	0
PBE24444_skip_b8ba7aa8_cf14c51a_142.pod5	9cdeaa4c-16bb-4db8-b0b6-634d7cb65203	cf14c51afc71f96f13400767a61fb2aed9c13fb9	448	1	198335	123.213	198335	123.112	51007	23.5678	unclassified	chr3	54910334	54961479	0	51000	+	51242	50903	50729	97	242	174	60	0.999863	0.996582	0.989989	0
PBE24444_skip_b8ba7aa8_cf14c51a_142.pod5	3dfc060b-8d45-44d2-a1d4-d37258c8128e	cf14c51afc71f96f13400767a61fb2aed9c13fb9	495	1	198291	93.5808	198291	93.5808	30616	16.5117	unclassified	chr5	75171467	75185641	13	14179	-	14177	14163	14154	3	11	9	60	0.462699	0.999365	0.998378	0
PBE24444_skip_b8ba7aa8_cf14c51a_142.pod5	3e00b7a8-ee9d-45f4-805c-5da05887776e	cf14c51afc71f96f13400767a61fb2aed9c13fb9	127	3	198435	87.4508	198435	87.3156	21031	6.71292	unclassified	chr3	114629627	114639896	0	10216	+	10404	10081	9835	135	188	246	60	0.485759	0.975598	0.94531	0
PBE24444_skip_b8ba7aa8_cf14c51a_142.pod5	17f58bbb-230f-41fb-a607-a6891431f970	cf14c51afc71f96f13400767a61fb2aed9c13fb9	284	4	198426	142.389	198426	142.387	52853	11.5209	unclassified	chr14	103950073	104003529	40	52828	+	54553	51691	49409	1097	1765	2282	60	0.99877	0.955853	0.905706	0
PBE24444_skip_b8ba7aa8_cf14c51a_142.pod5	1feff41b-c19b-4b1c-ad08-d86970f4ca36	cf14c51afc71f96f13400767a61fb2aed9c13fb9	495	1	198428	93.0852	198428	92.8224	32551	17.9644	unclassified	chr3	157564464	157577534	19485	32551	-	13080	13056	13041	10	14	15	60	0.401401	0.998851	0.997018	0
PBE24444_skip_b8ba7aa8_cf14c51a_142.pod5	8fd25093-3ea0-4ef9-93f5-da4a0564c1b6	cf14c51afc71f96f13400767a61fb2aed9c13fb9	550	1	198440	141.452	198440	141.45	58340	27.9779	unclassified	chr3	86190766	86249136	6	58310	-	58422	58252	58122	52	118	130	60	0.999383	0.997768	0.994865	0
PBE24444_skip_b8ba7aa8_cf14c51a_142.pod5	dbf0053a-d827-4207-a5ec-e3661a3ca5fa	cf14c51afc71f96f13400767a61fb2aed9c13fb9	197	1	198408	123.107	198408	123.105	45523	12.9444	unclassified	chrY	56839657	56851102	27868	38726	-	11722	10581	8673	277	864	1908	60	0.238517	0.819677	0.739891	0
PBE24444_skip_b8ba7aa8_cf14c51a_142.pod5	fce62435-c872-4557-8a5d-b977738fe40c	cf14c51afc71f96f13400767a61fb2aed9c13fb9	517	2	198663	117.816	198664	117.372	26987	13.561	unclassified	chr10	37156241	37181489	0	25545	+	25727	25066	24827	479	182	239	60	0.946567	0.990465	0.965017	0
PBE24444_skip_b8ba7aa8_cf14c51a_142.pod5	a18c7d9a-4e07-403c-a411-4d888f14fd19	cf14c51afc71f96f13400767a61fb2aed9c13fb9	383	1	198593	122.298	198593	122.134	32438	22.8589	unclassified	chr4	64381195	64413677	10	32438	-	32560	32350	32198	78	132	152	60	0.999692	0.995301	0.988882	0
PBE24444_skip_b8ba7aa8_cf14c51a_142.pod5	5d173978-7bdc-4bd5-820f-3ac5c79100b0	cf14c51afc71f96f13400767a61fb2aed9c13fb9	633	4	198544	129.607	198544	129.605	33313	17.632	unclassified	chr2	63484555	63517831	26	33313	+	33590	32973	32696	314	303	277	60	0.99922	0.991599	0.973385	0
PBE24444_skip_b8ba7aa8_cf14c51a_142.pod5	3672f154-f53e-4fc0-ae48-21a16fc6d3c0	cf14c51afc71f96f13400767a61fb2aed9c13fb9	593	4	198430	179.24	198431	179.016	65213	24.1348	unclassified	chr18	57344887	57410100	0	65206	+	65348	65071	64927	135	142	144	60	0.999893	0.997787	0.993558	0
PBE24444_skip_b8ba7aa8_cf14c51a_142.pod5	d7cc5b6c-03b0-4848-99cb-6d9f87abafb7	cf14c51afc71f96f13400767a61fb2aed9c13fb9	725	4	198460	164.72	198460	164.575	54077	23.7004	unclassified	chr6	695983	750128	0	54077	+	54239	53983	53803	94	162	180	60	1	0.996666	0.991961	0
PBE24444_skip_b8ba7aa8_cf14c51a_142.pod5	15baf0b5-50eb-4e9d-ad2c-05abe7842887	cf14c51afc71f96f13400767a61fb2aed9c13fb9	28	4	198674	1.0932	198674	1.0932	198	4.14605	unclassified	*	-1	-1	-1	-1	*	0	0	0	0	0	0	0	0	0	0	0
PBE24444_skip_b8ba7aa8_cf14c51a_142.pod5	af91229a-1773-49df-b722-e2649cc5a121	cf14c51afc71f96f13400767a61fb2aed9c13fb9	341	4	198545	122.883	198545	122.714	40218	9.60061	unclassified	chr3	144917007	144957953	11	40218	-	42219	38934	36502	1273	2012	2432	60	0.999726	0.937535	0.864587	0
PBE24444_skip_b8ba7aa8_cf14c51a_142.pod5	caadd475-1401-4a49-a386-840a691eed4a	cf14c51afc71f96f13400767a61fb2aed9c13fb9	88	1	198502	158.908	198502	158.773	64676	28.2638	unclassified	chr8	9920358	9985068	7	64673	-	64764	64612	64502	54	98	110	60	0.999845	0.998298	0.995955	0
PBE24444_skip_b8ba7aa8_cf14c51a_142.pod5	c539db06-c4f5-426b-8f78-425e9e564cc9	cf14c51afc71f96f13400767a61fb2aed9c13fb9	364	1	198299	167.306	198299	167.304	36586	5.82933	unclassified	chr1	144124564	144137675	202	13309	+	14161	12057	10672	1050	1054	1385	5	0.358252	0.885129	0.753619	0
PBE24444_skip_b8ba7aa8_cf14c51a_142.pod5	297a21bb-b2ad-488c-b434-bc6786d0a4b4	cf14c51afc71f96f13400767a61fb2aed9c13fb9	813	2	198624	116.852	198624	116.705	47656	27.4668	unclassified	chr12	108936787	108984439	0	47656	+	47739	47569	47446	87	83	123	60	1	0.997414	0.993862	0
PBE24444_skip_b8ba7aa8_cf14c51a_142.pod5	cdad9736-051c-4cd0-a528-ed7db4709eeb	cf14c51afc71f96f13400767a61fb2aed9c13fb9	28	4	198675	69.1824	198675	68.8728	22470	17.6973	unclassified	chr13	68021331	68043609	216	22470	-	22384	22148	22012	106	130	136	60	0.990387	0.993859	0.983381	0
PBE24444_skip_b8ba7aa8_cf14c51a_142.pod5	5923b68b-97b4-48a2-b2df-9836ab3636a4	cf14c51afc71f96f13400767a61fb2aed9c13fb9	437	2	198338	9.4068	198338	9.4068	1797	3.08764	unclassified	*	-1	-1	-1	-1	*	0	0	0	0	0	0	0	0	0	0	0
PBE24444_skip_b8ba7aa8_cf14c51a_142.pod5	b009bc61-ebf2-4c87-855d-75c52492a999	cf14c51afc71f96f13400767a61fb2aed9c13fb9	633	4	198674	184.226	198674	184.224	51536	16.6272	unclassified	chr2	63484555	63536409	6	51500	-	52319	51029	50450	465	825	579	60	0.999185	0.988653	0.964277	0
PBE24444_skip_b8ba7aa8_cf14c51a_142.pod5	69f9da47-d49c-4528-adaa-ab310653a4fc	cf14c51afc71f96f13400767a61fb2aed9c13fb9	529	2	198525	135.209	198525	135.207	27680	6.48141	unclassified	chr7	110600319	110621517	6620	27424	-	22585	19417	17033	1387	1781	2384	60	0.75159	0.877221	0.754173	0
PBE24444_skip_b8ba7aa8_cf14c51a_142.pod5	058997df-8ce7-4ea8-98ee-a3d7a1b177f2	cf14c51afc71f96f13400767a61fb2aed9c13fb9	280	3	198652	140.473	198652	140.359	55409	29.7364	unclassified	chr13	109771561	109826993	0	55403	+	55460	55375	55299	28	57	76	60	0.999892	0.998628	0.997097	0
PBE24444_skip_b8ba7aa8_cf14c51a_142.pod5	98dd31e6-1c65-4e20-8e61-a26181af746f	cf14c51afc71f96f13400767a61fb2aed9c13fb9	364	1	198522	146.529	198522	146.527	31057	5.63354	unclassified	chr18	32632024	32646474	16544	31052	+	16066	12892	11244	1616	1558	1648	60	0.467141	0.872169	0.699863	0
PBE24444_skip_b8ba7aa8_cf14c51a_142.pod5	c56145f8-a7bd-40ed-ad19-6ad642dd652d	cf14c51afc71f96f13400767a61fb2aed9c13fb9	804	1	198309	262.911	198309	262.685	54251	24.1816	unclassified	chr1	35685300	35739477	0	54251	-	54368	54060	53929	191	117	131	60	1	0.997577	0.991925	0
PBE24444_skip_b8ba7aa8_cf14c51a_142.pod5	543034c0-6bd6-47b7-952d-6b57b9791f01	cf14c51afc71f96f13400767a61fb2aed9c13fb9	683	4	198842	152.215	198842	152.028	49742	19.5782	unclassified	chr1	34866718	34916485	0	49741	-	50008	49500	49245	241	267	255	60	0.99998	0.994848	0.984742	0
PBE24444_skip_b8ba7aa8_cf14c51a_142.pod5	11063b34-2b6d-42fa-bc7a-ace2930e9b08	cf14c51afc71f96f13400767a61fb2aed9c13fb9	627	2	198619	132.463	198619	132.325	54781	29.0903	unclassified	chr4	59426869	59481669	0	54775	+	54904	54671	54522	104	129	149	60	0.99989	0.997275	0.993042	0
PBE24444_skip_b8ba7aa8_cf14c51a_142.pod5	83de1998-2d96-43cd-9bfc-cc4375ed0640	cf14c51afc71f96f13400767a61fb2aed9c13fb9	495	1	198554	241.513	198554	241.351	79723	25.3468	unclassified	chr5	155405877	155446136	0	40266	+	40375	40150	40001	116	109	149	60	0.505074	0.996289	0.990737	0
PBE24444_skip_b8ba7aa8_cf14c51a_142.pod5	5baedbc7-98f7-495e-8bc5-abe85b39739f	cf14c51afc71f96f13400767a61fb2aed9c13fb9	451	1	198937	144.145	198937	143.734	52612	14.5534	unclassified	chr19	54650353	54683183	5492	38139	+	32946	32531	32483	116	299	48	60	0.620524	0.998524	0.985947	0
PBE24444_skip_b8ba7aa8_cf14c51a_142.pod5	93680d1c-e1a3-4b0b-a1d2-3a94c88567e8	cf14c51afc71f96f13400767a61fb2aed9c13fb9	884	3	198767	142.565	198767	142.563	58146	27.3157	unclassified	chr8	12494994	12559117	24	58140	+	64200	58039	57839	77	6084	200	60	0.999484	0.996554	0.900919	0
PBE24444_skip_b8ba7aa8_cf14c51a_142.pod5	f208a032-93eb-4cc0-8f2a-cee9ceaabc55	cf14c51afc71f96f13400767a61fb2aed9c13fb9	697	3	198862	150.908	198862	150.906	43345	11.6109	unclassified	chr21	10745723	10754604	21967	30511	-	8987	8438	7785	106	443	653	29	0.197116	0.922612	0.866251	0
PBE24444_skip_b8ba7aa8_cf14c51a_142.pod5	b4257afc-39cc-404f-847e-64bee6312347	cf14c51afc71f96f13400767a61fb2aed9c13fb9	88	1	198799	133.262	198799	133.103	51689	29.1355	unclassified	chr3	143423508	143475963	7	51689	-	52518	51619	51548	63	836	71	60	0.999865	0.998625	0.98153	0
PBE24444_skip_b8ba7aa8_cf14c51a_142.pod5	52c24a11-687f-4d2e-b063-912321bfd65b	cf14c51afc71f96f13400767a61fb2aed9c13fb9	70	1	197523	264.277	197523	264.275	60290	6.51064	unclassified	chr4	91924798	91981506	4303	60276	+	61179	51502	45524	4471	5206	5978	60	0.928396	0.883927	0.744112	0
PBE24444_skip_b8ba7aa8_cf14c51a_142.pod5	e38aee86-01f0-41d4-991c-ea74776e79a9	cf14c51afc71f96f13400767a61fb2aed9c13fb9	451	1	198806	123.096	198806	122.976	50105	16.3586	unclassified	chr9	111664862	111700484	11896	47507	+	35690	35543	35452	68	79	91	60	0.710727	0.99744	0.993331	0
PBE24444_skip_b8ba7aa8_cf14c51a_142.pod5	6cdc9f6e-40a4-4f07-aeb9-bb4254f0ee23	cf14c51afc71f96f13400767a61fb2aed9c13fb9	28	4	198744	146.361	198744	146.361	50614	20.5654	unclassified	chr9	87052514	87078187	37	25739	+	25750	25625	25535	77	48	90	60	0.507804	0.996488	0.99165	0
PBE24444_skip_b8ba7aa8_cf14c51a_142.pod5	1c78e640-fdc2-4037-9cb6-d33d1bb0ab58	cf14c51afc71f96f13400767a61fb2aed9c13fb9	683	4	198640	201.763	198640	201.625	61331	27.2841	unclassified	chr1	34855142	34916485	0	61327	+	61431	61239	61156	88	104	83	60	0.999935	0.998645	0.995523	0
PBE24444_skip_b8ba7aa8_cf14c51a_142.pod5	cf7a7788-ab80-413d-ab54-1fb9e128fa13	cf14c51afc71f96f13400767a61fb2aed9c13fb9	948	2	198739	172.26	198739	172.175	69410	27.7585	unclassified	chr3	170757537	170820189	6	62677	-	62726	62597	62526	74	55	71	60	0.90291	0.998866	0.996812	0
PBE24444_skip_b8ba7aa8_cf14c51a_142.pod5	c38621ad-7879-44a2-8ba0-20be5fd706a8	cf14c51afc71f96f13400767a61fb2aed9c13fb9	364	1	198683	277.062	198683	277.06	54733	5.25656	unclassified	chr1	178781019	178791553	23	10169	-	11139	9541	8449	605	993	1092	60	0.185373	0.885547	0.758506	0
PBE24444_skip_b8ba7aa8_cf14c51a_142.pod5	c2e97da9-0709-45a0-bee0-197189fc5634	cf14c51afc71f96f13400767a61fb2aed9c13fb9	321	4	199213	126.742	199213	126.636	48782	29.1787	unclassified	chr3	30856587	30905337	0	48776	+	48856	48670	48544	106	80	126	60	0.999877	0.997411	0.993614	0
PBE24444_skip_b8ba7aa8_cf14c51a_142.pod5	c699f784-77e1-4cbc-b7e2-fbff88ab0e74	cf14c51afc71f96f13400767a61fb2aed9c13fb9	953	3	198780	167.73	198780	167.578	59320	29.2976	unclassified	chr20	64273160	64332641	0	59309	+	59539	59251	59154	58	230	97	60	0.999815	0.998363	0.993534	0
PBE24444_skip_b8ba7aa8_cf14c51a_142.pod5	ea264e76-0742-4cfd-8a1c-c8f9cf27cce3	cf14c51afc71f96f13400767a61fb2aed9c13fb9	197	1	198805	138.002	198805	137.803	52299	15.5284	unclassified	chr20	28898799	28911382	40360	52293	+	12781	11735	11118	198	848	617	48	0.228169	0.947422	0.869885	0
PBE24444_skip_b8ba7aa8_cf14c51a_142.pod5	cc8e9a5a-3952-4b6c-b283-3f9a70564328	cf14c51afc71f96f13400767a61fb2aed9c13fb9	683	4	199133	147.286	199133	147.12	44862	19.9076	unclassified	chr16	63344010	63388857	0	44857	+	45092	44612	44305	245	235	307	60	0.999889	0.993118	0.982547	0
PBE24444_skip_b8ba7aa8_cf14c51a_142.pod5	7cffa595-739d-4887-8fd3-3c771d4c4c22	cf14c51afc71f96f13400767a61fb2aed9c13fb9	451	1	198669	136.793	198669	136.793	51042	16.8822	unclassified	chr4	155870553	155900354	7773	37558	+	29861	29725	29538	60	76	187	60	0.583539	0.993709	0.989183	0
PBE24444_skip_b8ba7aa8_cf14c51a_142.pod5	74902094-0095-4d74-9913-304bb9f6ca3d	cf14c51afc71f96f13400767a61fb2aed9c13fb9	437	2	198347	310.888	198347	310.812	56280	7.65705	unclassified	chr7	54981952	54995693	7	13759	-	14199	13294	12598	458	447	696	60	0.24435	0.947646	0.887246	0
PBE24444_skip_b8ba7aa8_cf14c51a_142.pod5	dbaff8bc-66b1-4814-8c88-9aa2335680d8	cf14c51afc71f96f13400767a61fb2aed9c13fb9	284	4	199101	130.268	199101	130.086	37429	10.925	unclassified	chr3	159229703	159264647	2572	37428	-	35873	33927	32550	929	1017	1377	60	0.931257	0.959413	0.907368	0
PBE24444_skip_b8ba7aa8_cf14c51a_142.pod5	79715caf-2c79-4f8c-bc58-8f95622c4832	cf14c51afc71f96f13400767a61fb2aed9c13fb9	451	1	199237	10.9968	199237	10.5816	4257	14.5511	unclassified	chr8	49829622	49833599	291	4257	-	3980	3963	3956	3	14	7	60	0.931642	0.998234	0.99397	0
PBE24444_skip_b8ba7aa8_cf14c51a_142.pod5	f875d2bf-1f5e-4b2d-8141-438068b2e05b	cf14c51afc71f96f13400767a61fb2aed9c13fb9	593	4	199205	89.5412	199205	89.4204	35186	13.9238	unclassified	chr13	42422324	42455169	2371	35186	-	32960	32700	32504	115	145	196	60	0.932615	0.994006	0.986165	0
PBE24444_skip_b8ba7aa8_cf14c51a_142.pod5	cc3d25db-2368-40cf-ae4f-ad62cd86e76f	cf14c51afc71f96f13400767a61fb2aed9c13fb9	457	4	199105	138.643	199105	138.557	52254	28.6762	unclassified	chr14	43631609	43683899	0	52249	+	52326	52213	52123	36	77	90	60	0.999904	0.998276	0.99612	0
PBE24444_skip_b8ba7aa8_cf14c51a_142.pod5	637b1e6f-7c15-4fd6-9daa-240c18e976a8	cf14c51afc71f96f13400767a61fb2aed9c13fb9	317	3	198944	172.216	198944	172.214	65097	28.1482	unclassified	chr5	68011377	68036714	39775	65092	+	25368	25286	25201	31	51	85	60	0.388912	0.996638	0.993417	0
PBE24444_skip_b8ba7aa8_cf14c51a_142.pod5	34f49305-35aa-4269-aedc-62d4dbb55fbc	cf14c51afc71f96f13400767a61fb2aed9c13fb9	70	1	198928	168.157	198928	168.155	39542	7.69646	unclassified	chr1	23188488	23202367	43	13842	+	14651	13027	11915	772	852	1112	60	0.348971	0.914639	0.813255	0
PBE24444_skip_b8ba7aa8_cf14c51a_142.pod5	c862f775-68b7-426e-b23c-a77d05f963be	cf14c51afc71f96f13400767a61fb2aed9c13fb9	451	1	199213	23.4708	199213	23.3856	8393	10.6415	unclassified	chr17	31090740	31094261	1327	4841	-	3525	3510	3506	4	11	4	60	0.418682	0.99886	0.99461	0
PBE24444_skip_b8ba7aa8_cf14c51a_142.pod5	8d6c68a3-9022-491f-a59b-355e744a9e0e	cf14c51afc71f96f13400767a61fb2aed9c13fb9	451	1	199375	1.4532	199375	1.4532	388	2.76039	unclassified	*	-1	-1	-1	-1	*	0	0	0	0	0	0	0	0	0	0	0
PBE24444_skip_b8ba7aa8_cf14c51a_142.pod5	e3ba3ab4-5d88-4a21-b5c5-06dacdc50cb9	cf14c51afc71f96f13400767a61fb2aed9c13fb9	451	1	199526	0.4692	199526	0.4692	9	2.41632	unclassified	*	-1	-1	-1	-1	*	0	0	0	0	0	0	0	0	0	0	0
PBE24444_skip_b8ba7aa8_cf14c51a_142.pod5	4e86c593-433d-40b8-953e-85fa6cc54a89	cf14c51afc71f96f13400767a61fb2aed9c13fb9	451	1	199100	112.829	199100	112.829	41591	18.9277	unclassified	chrX	38842511	38866259	17813	41575	+	23807	23703	23645	59	45	58	60	0.571326	0.997553	0.993195	0
PBE24444_skip_b8ba7aa8_cf14c51a_142.pod5	ca76e2ff-2a94-433b-8411-f4d1ed63da1f	cf14c51afc71f96f13400767a61fb2aed9c13fb9	617	4	198564	256.345	198564	256.19	67744	29.3179	unclassified	chr5	180565947	180632613	0	67738	+	67908	66496	66355	1242	170	141	60	0.999911	0.99788	0.977131	0
PBE24444_skip_b8ba7aa8_cf14c51a_142.pod5	eb42507a-16e4-4b0b-a278-8f02752b8959	cf14c51afc71f96f13400767a61fb2aed9c13fb9	451	1	199516	9.6948	199516	9.6948	3956	21.1065	unclassified	chr10	16010153	16014079	10	3938	-	3934	3920	3914	8	6	6	60	0.992922	0.998469	0.994916	0
PBE24444_skip_b8ba7aa8_cf14c51a_142.pod5	20483edc-bab0-4977-a58e-f07ef8096321	cf14c51afc71f96f13400767a61fb2aed9c13fb9	451	1	199317	37.1532	199318	36.978	13350	24.6421	unclassified	chr11	69583992	69597468	11	12927	-	13506	12886	12834	30	590	52	60	0.967491	0.995965	0.950244	0
PBE24444_skip_b8ba7aa8_cf14c51a_142.pod5	93a8d30a-0e37-4984-aedc-f4155493fc8e	cf14c51afc71f96f13400767a61fb2aed9c13fb9	461	3	195930	800.65	195930	800.648	282062	15.4996	unclassified	chr6	131864753	131909308	43147	87610	-	44667	44351	44166	112	204	185	60	0.157636	0.995829	0.988784	0
PBE24444_skip_b8ba7aa8_cf14c51a_142.pod5	a64654d1-5dfc-4689-80fd-ea743058b9cd	cf14c51afc71f96f13400767a61fb2aed9c13fb9	451	1	199355	11.088	199355	10.8096	4485	21.4465	unclassified	chrX	118969496	118973995	0	4483	-	4512	4470	4459	13	29	11	60	0.999554	0.997539	0.988254	0
PBE24444_skip_b8ba7aa8_cf14c51a_142.pod5	712bae1a-9d12-4509-8927-9b4e9f26eb4e	cf14c51afc71f96f13400767a61fb2aed9c13fb9	451	1	199248	69.6432	199248	69.4536	24743	24.343	unclassified	chr18	26994326	27007078	0	12747	+	12774	12725	12702	22	27	23	60	0.515176	0.998193	0.994364	0
PBE24444_skip_b8ba7aa8_cf14c51a_142.pod5	c76fe873-2d72-497e-923e-54661fa1356c	cf14c51afc71f96f13400767a61fb2aed9c13fb9	451	1	199526	10.5792	199527	10.3704	4015	25.6845	unclassified	chr9	117879294	117883316	0	4015	+	4027	4010	3999	5	12	11	60	1	0.997257	0.993047	0
PBE24444_skip_b8ba7aa8_cf14c51a_142.pod5	7125a8fc-5863-4a02-bcdd-8283b4e87f84	cf14c51afc71f96f13400767a61fb2aed9c13fb9	463	3	199314	140.01	199314	139.915	56121	25.8833	unclassified	chr12	21703338	21759481	0	56116	+	56206	56053	55979	63	90	74	60	0.999911	0.99868	0.995961	0
PBE24444_skip_b8ba7aa8_cf14c51a_142.pod5	822c9c5a-2132-4b64-8b1a-a2b5936092fa	cf14c51afc71f96f13400767a61fb2aed9c13fb9	495	1	198804	209.966	198804	209.964	69075	27.5269	unclassified	chr4	104661957	104714094	0	52097	-	52195	52039	51942	58	98	97	60	0.754209	0.998136	0.995153	0
PBE24444_skip_b8ba7aa8_cf14c51a_142.pod5	4313e202-117f-4a2d-9620-1ae10220c66b	cf14c51afc71f96f13400767a61fb2aed9c13fb9	317	3	199227	120.88	199227	120.68	45245	20.2886	unclassified	chr4	149342714	149387930	0	45228	+	45405	45039	44824	189	177	215	60	0.999624	0.995226	0.987204	0
PBE24444_skip_b8ba7aa8_cf14c51a_142.pod5	e5c19b07-ef12-4d2a-b1e6-c6d336981dce	cf14c51afc71f96f13400767a61fb2aed9c13fb9	86	4	199025	158.474	199025	158.387	64731	27.3662	unclassified	chr14	73629049	73693792	7	64731	-	64828	64639	64557	85	104	82	60	0.999892	0.998731	0.99582	0
PBE24444_skip_b8ba7aa8_cf14c51a_142.pod5	88f9bdd6-0a6f-43ca-8495-23abb3551992	cf14c51afc71f96f13400767a61fb2aed9c13fb9	517	2	199416	129.665	199416	129.663	53774	18.6738	unclassified	chr3	81564919	81618825	6	53744	-	54119	53525	53109	213	381	416	60	0.999331	0.992228	0.981337	0
PBE24444_skip_b8ba7aa8_cf14c51a_142.pod5	f900d30a-f344-4fa7-a0f2-3106b2e241a1	cf14c51afc71f96f13400767a61fb2aed9c13fb9	280	3	199320	124.681	199320	124.585	48922	28.1085	unclassified	chrX	19671799	19720709	0	48922	-	48969	48863	48831	59	47	32	60	1	0.999345	0.997182	0
PBE24444_skip_b8ba7aa8_cf14c51a_142.pod5	84552247-5877-48ff-8ce6-0d6b3140497a	cf14c51afc71f96f13400767a61fb2aed9c13fb9	303	4	199122	184.808	199123	184.664	73039	27.5519	unclassified	chr20	13983284	14056295	0	73030	+	73145	72896	72821	134	115	75	60	0.999877	0.998971	0.99557	0
PBE24444_skip_b8ba7aa8_cf14c51a_142.pod5	098f301b-b40d-4f9e-a257-07e3c63d4c5b	cf14c51afc71f96f13400767a61fb2aed9c13fb9	197	1	199365	154.438	199365	154.436	54438	11.1398	unclassified	chr14	56529923	56585000	45	54294	+	56424	52902	50649	1347	2175	2253	60	0.996528	0.957412	0.89765	0
PBE24444_skip_b8ba7aa8_cf14c51a_142.pod5	0ae74dd8-8f21-4510-8afd-aea1ff6de75d	cf14c51afc71f96f13400767a61fb2aed9c13fb9	529	2	199269	238.934	199269	238.932	49033	5.21949	unclassified	chr11	76834664	76848569	6441	20689	-	15487	12666	11022	1582	1239	1644	18	0.29058	0.870204	0.711694	0
PBE24444_skip_b8ba7aa8_cf14c51a_142.pod5	a4ab2860-3c44-4240-ac61-4f2e8b3e7ce7	cf14c51afc71f96f13400767a61fb2aed9c13fb9	383	1	199566	122.94	199566	122.938	31617	19.9426	unclassified	chr2	41999642	42031223	5	31584	-	31730	31430	31278	149	151	152	60	0.998798	0.995164	0.985755	0
PBE24444_skip_b8ba7aa8_cf14c51a_142.pod5	c3a24b94-3cad-4f17-ad82-eabb117ebc92	cf14c51afc71f96f13400767a61fb2aed9c13fb9	364	1	199696	130.071	199696	130.069	27484	5.75545	unclassified	chr1	212348404	212356799	19077	27480	+	9148	7650	6695	753	745	955	49	0.305742	0.875163	0.731854	0
PBE24444_skip_b8ba7aa8_cf14c51a_142.pod5	4c1db6d4-ee84-4968-8a4f-cf0fd1407e78	cf14c51afc71f96f13400767a61fb2aed9c13fb9	617	4	199357	237.47	199357	237.294	70487	31.3832	unclassified	chr2	162116003	162186486	0	70481	+	70546	70418	70374	63	65	44	60	0.999915	0.999375	0.997562	0
PBE24444_skip_b8ba7aa8_cf14c51a_142.pod5	bbd87b54-a751-4193-b43e-24e5e5b0aa20	cf14c51afc71f96f13400767a61fb2aed9c13fb9	517	2	199556	167.337	199556	167.202	53734	18.8643	unclassified	chr3	81564919	81618825	0	53725	+	54156	53475	53086	250	431	389	60	0.999833	0.992726	0.980242	0
PBE24444_skip_b8ba7aa8_cf14c51a_142.pod5	63d0c3a5-257a-429c-bd80-4773b62a7395	cf14c51afc71f96f13400767a61fb2aed9c13fb9	890	3	199420	137.256	199420	137.143	49992	25.3855	unclassified	chr15	51370856	51420755	0	49986	+	50106	49779	49665	207	120	114	60	0.99988	0.99771	0.991199	0
PBE24444_skip_b8ba7aa8_cf14c51a_142.pod5	eacf62d4-f069-424a-b0b5-6175150359d5	cf14c51afc71f96f13400767a61fb2aed9c13fb9	627	2	199057	159.022	199057	158.926	66571	26.8214	unclassified	chr4	41277859	41344465	0	66566	+	66693	66479	66377	87	127	102	60	0.999925	0.998466	0.995262	0
PBE24444_skip_b8ba7aa8_cf14c51a_142.pod5	39942f7b-b8ef-4b10-973c-44c718750dc4	cf14c51afc71f96f13400767a61fb2aed9c13fb9	28	4	199529	3.4872	199529	3.2616	915	13.5752	unclassified	chrX	42548356	42549203	0	847	+	847	847	846	0	0	1	60	0.925683	0.998819	0.998819	0
PBE24444_skip_b8ba7aa8_cf14c51a_142.pod5	45b3db6d-cb46-4c08-b62e-a83d8fe738b9	cf14c51afc71f96f13400767a61fb2aed9c13fb9	28	4	199532	2.4888	199533	2.0448	503	5.04856	unclassified	chr5	5341112	5341324	1	213	+	212	212	212	0	0	0	60	0.421471	1	1	0
PBE24444_skip_b8ba7aa8_cf14c51a_142.pod5	1091d946-8ff6-48a3-a37c-b50977c24866	cf14c51afc71f96f13400767a61fb2aed9c13fb9	683	4	199352	210.07	199352	210.068	64417	28.2881	unclassified	chr16	21933362	21997754	36	64411	+	64445	64322	64270	53	70	52	60	0.999348	0.999192	0.997285	0
PBE24444_skip_b8ba7aa8_cf14c51a_142.pod5	e94cf031-7c19-4f74-a38b-0d5eb11afa59	cf14c51afc71f96f13400767a61fb2aed9c13fb9	280	3	199625	143.045	199625	143.043	56059	29.6109	unclassified	chr9	34067124	34123179	278	56024	-	56168	55633	55585	113	422	48	60	0.994417	0.999137	0.98962	0
PBE24444_skip_b8ba7aa8_cf14c51a_142.pod5	1ea28c51-d48a-4bf6-a39f-8cbf924f2a55	cf14c51afc71f96f13400767a61fb2aed9c13fb9	804	1	199565	134.064	199565	133.951	46091	24.5851	unclassified	chr1	59908023	59954133	1	46091	+	46200	46000	45912	90	110	88	60	0.999978	0.998087	0.993766	0
PBE24444_skip_b8ba7aa8_cf14c51a_142.pod5	1e794571-b03d-4499-961d-3234821812f4	cf14c51afc71f96f13400767a61fb2aed9c13fb9	697	3	199568	195.03	199568	195.028	43500	7.48765	unclassified	chr8	61663594	61687270	17128	40096	-	24781	21863	19816	1105	1813	2047	60	0.528	0.906371	0.799645	0
PBE24444_skip_b8ba7aa8_cf14c51a_142.pod5	e8b9dd22-6c78-4bc3-9d50-562623c7ec8c	cf14c51afc71f96f13400767a61fb2aed9c13fb9	451	1	199376	138.997	199377	138.505	48882	20.51	unclassified	chr16	55941924	55957319	10123	25443	+	15444	15271	15198	49	124	73	60	0.313408	0.99522	0.984071	0
PBE24444_skip_b8ba7aa8_cf14c51a_142.pod5	df234593-2fea-4c5a-8c30-1355e0b2d8d2	cf14c51afc71f96f13400767a61fb2aed9c13fb9	617	4	199594	123.716	199594	123.55	37079	29.3339	unclassified	chr11	73875087	73912158	2	37079	-	37108	37040	37015	37	31	25	60	0.999946	0.999325	0.997494	0
PBE24444_skip_b8ba7aa8_cf14c51a_142.pod5	3968d8a1-2f6f-4c33-af4d-20817af97cbc	cf14c51afc71f96f13400767a61fb2aed9c13fb9	451	1	199560	69.6732	199560	69.6732	25343	16.7251	unclassified	chr10	122859694	122881025	1	21332	-	21352	21310	21267	21	21	43	60	0.841692	0.997982	0.996019	0
PBE24444_skip_b8ba7aa8_cf14c51a_142.pod5	6de66646-9d63-439c-bf06-274a7896553b	cf14c51afc71f96f13400767a61fb2aed9c13fb9	451	1	199755	96.6216	199755	96.4056	36953	24.7379	unclassified	chr11	7453089	7477983	0	24895	+	24927	24862	24808	33	32	54	60	0.673694	0.997828	0.995226	0
PBE24444_skip_b8ba7aa8_cf14c51a_142.pod5	5fc2e768-94de-4c3e-98ce-638a51bcaf25	cf14c51afc71f96f13400767a61fb2aed9c13fb9	451	1	199630	125.296	199630	124.874	47018	20.872	unclassified	chr12	115387193	115419112	9611	41484	-	31953	31839	31769	34	80	70	60	0.677889	0.997801	0.994242	0
PBE24444_skip_b8ba7aa8_cf14c51a_142.pod5	08719f8b-de2b-41d8-804f-8d9c739d4790	cf14c51afc71f96f13400767a61fb2aed9c13fb9	683	4	199735	125.989	199735	125.796	37801	26.4597	unclassified	chr20	32841916	32879644	7	37801	-	37863	37659	37608	135	69	51	60	0.999815	0.998646	0.993265	0
PBE24444_skip_b8ba7aa8_cf14c51a_142.pod5	b3bac9b5-20d1-48ba-99e2-926430264d5a	cf14c51afc71f96f13400767a61fb2aed9c13fb9	725	4	198961	296.072	198961	296.07	104409	15.4129	unclassified	chr1	3659816	3714296	29	54356	+	54721	54086	53861	241	394	225	60	0.520329	0.99584	0.984284	0
PBE24444_skip_b8ba7aa8_cf14c51a_142.pod5	f3b91c4a-62bc-4bff-9850-3bb1fc9503dd	cf14c51afc71f96f13400767a61fb2aed9c13fb9	28	4	199535	82.59	199535	82.0764	30245	21.7278	unclassified	chr14	48472448	48489191	13404	30171	+	16789	16721	16683	46	22	38	60	0.554373	0.997727	0.993686	0
PBE24444_skip_b8ba7aa8_cf14c51a_142.pod5	5567a046-74dd-47d8-a3aa-47e8b2e39277	cf14c51afc71f96f13400767a61fb2aed9c13fb9	86	4	199480	199.615	199480	199.613	66408	14.3209	unclassified	chr2	59637418	59688675	15541	66408	+	52112	50012	48762	855	1245	1250	60	0.765977	0.975006	0.935715	0
PBE24444_skip_b8ba7aa8_cf14c51a_142.pod5	77d88515-dd3e-4013-b3bc-4114b8147c2c	cf14c51afc71f96f13400767a61fb2aed9c13fb9	890	3	199566	149.016	199566	148.871	56125	27.937	unclassified	chr12	29722064	29778178	0	56120	+	56192	56042	55946	78	72	96	60	0.999911	0.998287	0.995622	0
PBE24444_skip_b8ba7aa8_cf14c51a_142.pod5	01828ecb-86f8-4a52-baf8-38963767bdb6	cf14c51afc71f96f13400767a61fb2aed9c13fb9	813	2	199404	149.487	199404	149.374	58464	32.9184	unclassified	chrY	56711759	56770388	0	58457	+	58884	58202	57488	255	427	714	11	0.99988	0.987732	0.976292	0
PBE24444_skip_b8ba7aa8_cf14c51a_142.pod5	c265d5b9-0101-4401-93f9-ab5697f1d1a9	cf14c51afc71f96f13400767a61fb2aed9c13fb9	517	2	199258	127.705	199258	127.703	53332	19.8195	unclassified	chrX	3476053	3529372	8	53211	-	53530	52992	52651	211	327	341	60	0.997581	0.993565	0.983579	0
PBE24444_skip_b8ba7aa8_cf14c51a_142.pod5	63989d23-bed8-4300-a3c8-07ead75ed76c	cf14c51afc71f96f13400767a61fb2aed9c13fb9	451	1	199989	39.1344	199989	39.1344	15415	22.0703	unclassified	chr11	15943994	15951697	7705	15406	+	7722	7682	7657	19	21	25	60	0.499578	0.996746	0.991583	0
PBE24444_skip_b8ba7aa8_cf14c51a_142.pod5	70a4f490-9251-4f57-b2d9-b5906bedb90d	cf14c51afc71f96f13400767a61fb2aed9c13fb9	451	1	199908	56.4576	199908	56.4576	23432	15.9023	unclassified	chr3	169356576	169375663	4138	23137	+	19176	18910	18783	89	177	127	60	0.810814	0.993284	0.979506	0
PBE24444_skip_b8ba7aa8_cf14c51a_142.pod5	7a7d1f70-d7b8-433a-be43-78bcc74e490b	cf14c51afc71f96f13400767a61fb2aed9c13fb9	463	3	199861	140.616	199861	140.356	47192	28.679	unclassified	chr6	10227440	10275419	6	47187	-	48086	47074	46924	107	905	150	60	0.999767	0.996814	0.975835	0
PBE24444_skip_b8ba7aa8_cf14c51a_142.pod5	2f140e47-610a-4412-877c-8c66fbde275c	cf14c51afc71f96f13400767a61fb2aed9c13fb9	683	4	199604	126.558	199604	126.451	40914	24.9709	unclassified	chr1	232122408	232163235	0	40826	+	40888	40765	40631	61	62	134	60	0.997849	0.996713	0.993715	0
PBE24444_skip_b8ba7aa8_cf14c51a_142.pod5	c5e4d966-ecca-4c68-8583-6554ca03d247	cf14c51afc71f96f13400767a61fb2aed9c13fb9	437	2	198685	521.899	198685	521.897	130809	9.07773	unclassified	chr1	176549944	176582712	51045	83397	+	33898	31222	29454	1130	1546	1768	60	0.247322	0.943373	0.868901	0
PBE24444_skip_b8ba7aa8_cf14c51a_142.pod5	a12220d1-15a8-494d-b213-137040d04c24	cf14c51afc71f96f13400767a61fb2aed9c13fb9	451	1	199965	23.7156	199965	23.4432	8338	17.074	unclassified	chr2	221040900	221048508	9	7613	-	7631	7581	7549	23	27	32	60	0.911969	0.995779	0.989254	0
PBE24444_skip_b8ba7aa8_cf14c51a_142.pod5	9dfd97e5-a04a-4487-b355-d2d69cb6cf6e	cf14c51afc71f96f13400767a61fb2aed9c13fb9	28	4	200042	29.6556	200042	29.6556	10267	14.4194	unclassified	chr7	7246433	7256027	80	9681	-	9617	9578	9546	23	16	32	60	0.935132	0.996659	0.992617	0
PBE24444_skip_b8ba7aa8_cf14c51a_142.pod5	08f7768a-c6d3-466c-817c-0f32f9339b3d	cf14c51afc71f96f13400767a61fb2aed9c13fb9	849	1	199792	150.813	199792	150.677	69180	24.8498	unclassified	chr8	109795102	109864304	0	69180	-	69304	69078	68960	102	124	118	60	1	0.998292	0.995036	0
PBE24444_skip_b8ba7aa8_cf14c51a_142.pod5	6013d51e-03fa-43e5-8c27-e17e7a2a7906	cf14c51afc71f96f13400767a61fb2aed9c13fb9	627	2	199728	142.167	199728	142.165	60604	26.6288	unclassified	chr1	248891196	248945914	5	54806	-	55107	54412	54341	389	306	71	60	0.904247	0.998695	0.9861	0
PBE24444_skip_b8ba7aa8_cf14c51a_142.pod5	d2ea5113-b898-47d5-a213-7ad263af03bd	cf14c51afc71f96f13400767a61fb2aed9c13fb9	529	2	199550	189.77	199550	189.768	35687	5.74764	unclassified	chr8	114694411	114724584	11	29540	-	32276	27426	23922	2103	2747	3504	51	0.827444	0.872238	0.74117	0
PBE24444_skip_b8ba7aa8_cf14c51a_142.pod5	5e574dc5-9727-446d-91ac-ff874cbb4341	cf14c51afc71f96f13400767a61fb2aed9c13fb9	28	4	199780	60.8388	199781	60.7176	22993	12.8671	unclassified	chr19	3714439	3734664	2793	22993	-	20292	20133	20035	67	92	98	60	0.878528	0.995132	0.987335	0
PBE24444_skip_b8ba7aa8_cf14c51a_142.pod5	13a0cf3f-d862-4baa-a2b9-dfb4cd16bef2	cf14c51afc71f96f13400767a61fb2aed9c13fb9	633	4	199845	252.417	199845	252.415	57553	5.83959	unclassified	chr19	55448055	55449033	34519	35507	-	1034	932	862	56	46	70	1	0.0171668	0.924893	0.833656	0
PBE24444_skip_b8ba7aa8_cf14c51a_142.pod5	2926dbb9-37d9-4207-963a-a07b0fd18307	cf14c51afc71f96f13400767a61fb2aed9c13fb9	813	2	199997	138.54	199998	138.427	55176	27.975	unclassified	chr15	32024996	32080157	0	55168	+	55273	55056	54921	112	105	135	60	0.999855	0.997548	0.993632	0
PBE24444_skip_b8ba7aa8_cf14c51a_142.pod5	008d666a-9744-4b71-9d66-d4afdcc23c2d	cf14c51afc71f96f13400767a61fb2aed9c13fb9	28	4	199906	126.68	199906	126.678	51460	17.3838	unclassified	chr21	23345272	23367822	28869	51451	+	22638	22494	22406	88	56	88	60	0.438826	0.996088	0.989752	0
PBE24444_skip_b8ba7aa8_cf14c51a_142.pod5	4b0a5d9b-60a4-490d-8fd9-f8a0ec63d60b	cf14c51afc71f96f13400767a61fb2aed9c13fb9	451	1	200051	7.014	200052	6.3936	2409	25.4126	unclassified	chr7	113806049	113808457	6	2409	-	2411	2400	2396	3	8	4	60	0.997509	0.998333	0.993779	0
PBE24444_skip_b8ba7aa8_cf14c51a_142.pod5	0424b09f-74f1-4776-b87d-59f0dcf4cd23	cf14c51afc71f96f13400767a61fb2aed9c13fb9	28	4	200197	64.9428	200198	64.6404	23609	15.0715	unclassified	chr8	16014789	16027044	11369	23603	+	12274	12215	12168	19	40	47	60	0.518192	0.996152	0.991364	0
PBE24444_skip_b8ba7aa8_cf14c51a_142.pod5	77571ec3-ab4f-4e1d-8827-997321926b56	cf14c51afc71f96f13400767a61fb2aed9c13fb9	448	1	199816	128.761	199816	128.759	53711	22.7328	unclassified	chr19	8517766	8547529	30	29758	+	29840	29651	29550	77	112	101	60	0.553481	0.996594	0.990282	0
PBE24444_skip_b8ba7aa8_cf14c51a_142.pod5	912ff949-4680-41dc-9a27-a2baafb27a06	cf14c51afc71f96f13400767a61fb2aed9c13fb9	451	1	200339	2.3772	200339	2.3772	613	2.9805	unclassified	*	-1	-1	-1	-1	*	0	0	0	0	0	0	0	0	0	0	0
PBE24444_skip_b8ba7aa8_cf14c51a_142.pod5	9ff102d9-56b0-4ed7-a568-7d082661dfc6	cf14c51afc71f96f13400767a61fb2aed9c13fb9	28	4	200072	125.731	200072	125.35	43352	19.6467	unclassified	chr14	34207809	34242909	8193	43352	-	35208	35051	34940	108	49	111	60	0.811012	0.996833	0.992388	0
PBE24444_skip_b8ba7aa8_cf14c51a_142.pod5	a8794ef3-0559-455c-aabe-719174200ed1	cf14c51afc71f96f13400767a61fb2aed9c13fb9	70	1	199658	216.575	199658	216.573	50431	6.94837	unclassified	chr6	95639631	95657250	36	17609	+	18893	16299	14638	1274	1320	1661	60	0.348456	0.898092	0.774784	0
PBE24444_skip_b8ba7aa8_cf14c51a_142.pod5	cabbc192-dab5-4f15-bf87-dcccbcc2181b	cf14c51afc71f96f13400767a61fb2aed9c13fb9	451	1	200387	7.4556	200388	7.26	2645	21.8822	unclassified	chr2	102957080	102959697	33	2645	-	2618	2611	2609	1	6	2	60	0.987524	0.999234	0.996562	0
PBE24444_skip_b8ba7aa8_cf14c51a_142.pod5	40d30a17-aca0-4659-ada5-57ac5dd3f2c2	cf14c51afc71f96f13400767a61fb2aed9c13fb9	451	1	200395	15.4068	200395	15.2448	5930	25.3053	unclassified	chr2	15695246	15701183	10	5930	-	5944	5913	5864	7	24	49	60	0.998314	0.991713	0.986541	0
PBE24444_skip_b8ba7aa8_cf14c51a_142.pod5	759a3fd6-1ea7-4a1f-bc07-8edaf2546e83	cf14c51afc71f96f13400767a61fb2aed9c13fb9	850	4	200244	135.778	200244	135.776	53087	27.4774	unclassified	chr2	5212138	5264115	32	51949	+	52043	51851	51755	66	126	96	60	0.977961	0.998149	0.994466	0
PBE24444_skip_b8ba7aa8_cf14c51a_142.pod5	6ac66e1f-ef43-4e7e-9544-426b379fef6d	cf14c51afc71f96f13400767a61fb2aed9c13fb9	697	3	200012	132.715	200012	132.713	26010	6.72639	unclassified	chr2	44301522	44328636	6	25961	-	28654	24415	21808	1540	2699	2607	45	0.997885	0.893221	0.761081	0
PBE24444_skip_b8ba7aa8_cf14c51a_142.pod5	caf77ecd-89bd-4432-9053-6d8e92670b32	cf14c51afc71f96f13400767a61fb2aed9c13fb9	303	4	199943	163.668	199943	163.666	61158	25.0452	unclassified	chr3	54590991	54652147	40	61149	+	61243	61022	60893	87	134	129	60	0.999199	0.997886	0.994285	0
PBE24444_skip_b8ba7aa8_cf14c51a_142.pod5	faaf11fd-be5e-4943-8bec-8876496c6130	cf14c51afc71f96f13400767a61fb2aed9c13fb9	28	4	199644	136.602	199644	136.602	49706	14.9136	unclassified	chr11	95732460	95753249	3927	24697	+	20832	20727	20661	43	62	66	60	0.417857	0.996816	0.991791	0
PBE24444_skip_b8ba7aa8_cf14c51a_142.pod5	e9ccdf3f-567d-49d4-bfc0-3cf386701d96	cf14c51afc71f96f13400767a61fb2aed9c13fb9	451	1	200256	73.35	200257	73.2408	30001	18.6397	unclassified	chr6	47988248	48006225	6	17982	-	18090	17863	17698	113	114	165	60	0.59918	0.990763	0.978331	0
PBE24444_skip_b8ba7aa8_cf14c51a_142.pod5	f8d9235c-96ad-4224-9fc6-62c3a6e3c3e1	cf14c51afc71f96f13400767a61fb2aed9c13fb9	451	1	200341	46.2708	200341	46.122	18691	22.3987	unclassified	chr18	13626567	13637988	0	11373	+	11438	11356	11328	17	65	28	60	0.608475	0.997534	0.990383	0
PBE24444_skip_b8ba7aa8_cf14c51a_142.pod5	ac1d6633-725a-47f9-a12c-14d18d1875d7	cf14c51afc71f96f13400767a61fb2aed9c13fb9	28	4	199249	279.75	199249	279.75	104249	16.7952	unclassified	chr22	12488945	12516906	64870	92701	+	28226	27566	26930	265	395	636	22	0.266967	0.976928	0.954085	0
PBE24444_skip_b8ba7aa8_cf14c51a_142.pod5	2205079c-3c49-47f2-ac30-4a1bd86ec7c0	cf14c51afc71f96f13400767a61fb2aed9c13fb9	364	1	198981	235.456	198981	235.456	50473	5.96863	unclassified	chr21	35811589	35819914	36224	44294	+	8728	7667	6906	403	658	761	60	0.159887	0.900743	0.791247	0
PBE24444_skip_b8ba7aa8_cf14c51a_142.pod5	6d4318b5-95aa-4a43-8ea1-29ccda83e4a1	cf14c51afc71f96f13400767a61fb2aed9c13fb9	70	1	200275	143.396	200275	143.394	36127	6.57049	unclassified	chr20	38573897	38611830	57	36098	-	39942	34032	30022	2009	3901	4010	60	0.99762	0.88217	0.75164	0
PBE24444_skip_b8ba7aa8_cf14c51a_142.pod5	30230859-0730-4004-a4c0-4980ad7cb1d3	cf14c51afc71f96f13400767a61fb2aed9c13fb9	442	3	200361	59.6048	200361	59.6028	16875	10.248	unclassified	chr7	14010155	14025987	586	16847	-	16884	15209	14553	1052	623	656	60	0.963615	0.956868	0.86194	0
PBE24444_skip_b8ba7aa8_cf14c51a_142.pod5	b0056b1d-e009-4f04-a41e-e1e242cbffd3	cf14c51afc71f96f13400767a61fb2aed9c13fb9	451	1	200450	45.8448	200450	45.7068	16069	27.1433	unclassified	chr18	26816845	26825614	0	8759	+	8776	8752	8742	7	17	10	60	0.545087	0.998857	0.996126	0
PBE24444_skip_b8ba7aa8_cf14c51a_142.pod5	143a3672-5771-45e4-b60f-2f950dd2f062	cf14c51afc71f96f13400767a61fb2aed9c13fb9	550	1	200214	127.875	200214	127.728	51780	30.3901	unclassified	chr13	85410270	85462021	7	51780	-	51804	51720	51656	53	31	64	60	0.999865	0.998763	0.997143	0
PBE24444_skip_b8ba7aa8_cf14c51a_142.pod5	2a1a4220-8ab5-4bb2-ac9b-7bc910b4026f	cf14c51afc71f96f13400767a61fb2aed9c13fb9	529	2	199751	282.592	199751	282.59	53189	5.70065	unclassified	chr3	44386447	44427128	13262	53189	+	43455	37153	32682	2774	3528	4471	51	0.750663	0.87966	0.752088	0
PBE24444_skip_b8ba7aa8_cf14c51a_142.pod5	bd77e2be-b3e5-4a33-9d3f-f265fafcf66d	cf14c51afc71f96f13400767a61fb2aed9c13fb9	451	1	200411	38.4984	200411	38.4276	15540	22.8748	unclassified	chr1	13764596	13780132	0	15527	+	15573	15490	15454	37	46	36	60	0.999163	0.997676	0.992359	0
PBE24444_skip_b8ba7aa8_cf14c51a_142.pod5	05952f4b-6d27-4b30-aacb-63ea8c759e42	cf14c51afc71f96f13400767a61fb2aed9c13fb9	448	1	200432	142.924	200432	142.825	59683	23.4246	unclassified	chr6	86124438	86184189	0	59673	+	59844	59580	59381	93	171	199	60	0.999832	0.99666	0.992263	0
PBE24444_skip_b8ba7aa8_cf14c51a_142.pod5	f9ec77a4-4aaa-40c4-940c-dc2880cdefec	cf14c51afc71f96f13400767a61fb2aed9c13fb9	280	3	200236	180.469	200237	180.36	72986	26.1811	unclassified	chr3	82764506	82837524	0	72979	+	73062	72935	72841	44	83	94	60	0.999904	0.998711	0.996975	0
PBE24444_skip_b8ba7aa8_cf14c51a_142.pod5	a68db030-d41a-45b4-877f-d634dcb6a333	cf14c51afc71f96f13400767a61fb2aed9c13fb9	321	4	200316	177.42	200316	177.304	67476	28.1743	unclassified	chr10	15219761	15287445	0	67469	+	67743	67410	67248	59	274	162	60	0.999896	0.997597	0.992693	0
PBE24444_skip_b8ba7aa8_cf14c51a_142.pod5	140fb2dd-6359-4d07-998d-7d2c9ef79fc6	cf14c51afc71f96f13400767a61fb2aed9c13fb9	451	1	200669	30.0432	200669	30.0432	11920	23.0034	unclassified	chr13	76561056	76572939	37	11915	+	11897	11864	11835	14	19	29	60	0.996477	0.997556	0.994789	0
PBE24444_skip_b8ba7aa8_cf14c51a_142.pod5	3deff969-0387-406b-a26a-9c8841bf42bc	cf14c51afc71f96f13400767a61fb2aed9c13fb9	627	2	200460	129.49	200460	129.36	54918	27.0838	unclassified	chrY	12139324	12194241	0	54918	+	54972	54863	54804	55	54	59	60	1	0.998925	0.996944	0
PBE24444_skip_b8ba7aa8_cf14c51a_142.pod5	625f9ad2-9c00-4eec-bf6d-0815fcd9e277	cf14c51afc71f96f13400767a61fb2aed9c13fb9	451	1	200058	133.238	200059	132.911	50189	19.391	unclassified	chr12	79902741	79920200	13	17434	-	17474	17406	17389	15	53	17	60	0.347108	0.999023	0.995136	0
PBE24444_skip_b8ba7aa8_cf14c51a_142.pod5	087dfb2f-b845-499f-999b-29463650ebf3	cf14c51afc71f96f13400767a61fb2aed9c13fb9	451	1	200192	64.6296	200192	64.6296	24848	24.306	unclassified	chr20	44353000	44377636	45	24705	+	24690	24606	24556	54	30	50	60	0.992434	0.997968	0.994573	0
PBE24444_skip_b8ba7aa8_cf14c51a_142.pod5	1531aaba-6759-4924-af9e-56dcd4bab1c4	cf14c51afc71f96f13400767a61fb2aed9c13fb9	953	3	200571	163.482	200571	163.48	38188	25.6342	unclassified	chrX	120390988	120429049	7	38151	-	38180	38025	37983	119	36	42	60	0.998848	0.998895	0.99484	0
PBE24444_skip_b8ba7aa8_cf14c51a_142.pod5	21222bc9-df2d-4a7f-a517-46416b011908	cf14c51afc71f96f13400767a61fb2aed9c13fb9	317	3	200575	133.383	200575	133.181	55625	24.0633	unclassified	chr18	23398382	23454032	6	55625	-	55812	55457	55323	162	193	134	60	0.999892	0.997584	0.991238	0
PBE24444_skip_b8ba7aa8_cf14c51a_142.pod5	d761c28c-5789-4e62-ab5a-7117d2d614fe	cf14c51afc71f96f13400767a61fb2aed9c13fb9	364	1	199217	443.291	199217	442.966	87976	5.54821	unclassified	chr10	73000889	73019220	68863	87971	-	20775	16664	14716	2444	1667	1948	60	0.217196	0.883101	0.708351	0
PBE24444_skip_b8ba7aa8_cf14c51a_142.pod5	8146a6e2-10fe-49b0-98f4-b53c53f6311c	cf14c51afc71f96f13400767a61fb2aed9c13fb9	321	4	200585	124.54	200586	124.399	46892	28.1411	unclassified	chr7	82942746	82989659	0	46886	+	46963	46836	46776	50	77	60	60	0.999872	0.998719	0.996018	0
PBE24444_skip_b8ba7aa8_cf14c51a_142.pod5	521157d8-fa57-49c7-a753-a9afcdaf74a0	cf14c51afc71f96f13400767a61fb2aed9c13fb9	627	2	200236	139.771	200236	139.669	57813	28.8407	unclassified	chrX	47400296	47458149	0	57813	-	57909	57757	57692	56	96	65	60	1	0.998875	0.996253	0
PBE24444_skip_b8ba7aa8_cf14c51a_142.pod5	310a41fa-7158-4f7f-b8c4-36d7c9a7fd03	cf14c51afc71f96f13400767a61fb2aed9c13fb9	451	1	200736	124.314	200737	124.08	45347	24.5609	unclassified	chr11	84438503	84483877	0	45347	+	45430	45291	45192	56	83	99	60	1	0.997814	0.994761	0
PBE24444_skip_b8ba7aa8_cf14c51a_142.pod5	89316118-0949-467c-a859-3cb14a8456dd	cf14c51afc71f96f13400767a61fb2aed9c13fb9	948	2	200809	140.241	200809	140.092	35017	25.6681	unclassified	chr13	112563191	112598203	11	35017	-	35068	34950	34855	56	62	95	60	0.999686	0.997282	0.993926	0
PBE24444_skip_b8ba7aa8_cf14c51a_142.pod5	6fc60245-5264-4065-b2a3-249f3a2c8470	cf14c51afc71f96f13400767a61fb2aed9c13fb9	593	4	200417	137.559	200417	137.431	50107	20.9181	unclassified	chr15	52465506	52515237	0	50100	+	50201	49630	49483	470	101	147	60	0.99986	0.997038	0.985698	0
PBE24444_skip_b8ba7aa8_cf14c51a_142.pod5	5358b27d-1161-4a9b-85a9-2b7e4d06fef5	cf14c51afc71f96f13400767a61fb2aed9c13fb9	725	4	200335	234.067	200335	234.065	68373	19.9746	unclassified	chr2	60419529	60487662	8	68073	-	68390	67808	67450	257	325	358	60	0.995495	0.99472	0.986255	0
PBE24444_skip_b8ba7aa8_cf14c51a_142.pod5	c5ea7e4b-f5a5-444f-8b2b-798e3790439a	cf14c51afc71f96f13400767a61fb2aed9c13fb9	396	3	200645	153.724	200645	153.517	59485	31.6961	unclassified	chr8	46670906	46730383	8	59485	-	59510	59444	59396	33	33	48	60	0.999866	0.999193	0.998084	0
PBE24444_skip_b8ba7aa8_cf14c51a_142.pod5	6b304ebd-435e-4e90-bb79-647e759ec982	cf14c51afc71f96f13400767a61fb2aed9c13fb9	70	1	199978	295.288	199978	295.286	44488	4.79578	unclassified	chr20	38582716	38591904	9623	18960	+	10229	8296	7142	1041	892	1154	17	0.209877	0.860897	0.698211	0
PBE24444_skip_b8ba7aa8_cf14c51a_142.pod5	bf11c113-79fb-4e0d-bc38-febd086890de	cf14c51afc71f96f13400767a61fb2aed9c13fb9	463	3	200431	255.408	200431	255.188	53917	28.6661	unclassified	chr3	14191774	14245643	0	53917	+	53947	53839	53761	78	30	78	60	1	0.998551	0.996552	0
PBE24444_skip_b8ba7aa8_cf14c51a_142.pod5	3732d9bf-0f19-492c-810a-5b858dc351da	cf14c51afc71f96f13400767a61fb2aed9c13fb9	383	1	200539	200.254	200539	200.252	52919	19.3881	unclassified	chr13	30921064	30974025	6	52886	-	53263	52578	52218	302	383	360	60	0.999263	0.993153	0.98038	0
PBE24444_skip_b8ba7aa8_cf14c51a_142.pod5	f34bea65-a6d7-424d-91df-bc68836f52f7	cf14c51afc71f96f13400767a61fb2aed9c13fb9	953	3	200443	115.188	200443	115.043	32041	25.6746	unclassified	chr4	49277877	49308625	0	32041	-	32221	30568	29436	1473	180	1132	60	1	0.962968	0.913566	0
PBE24444_skip_b8ba7aa8_cf14c51a_142.pod5	0709075f-91ab-4c72-881c-d2c00f39303b	cf14c51afc71f96f13400767a61fb2aed9c13fb9	593	4	200609	146.52	200609	146.4	56967	20.9138	unclassified	chr11	133903457	133940122	7	37524	-	37691	36491	36346	1026	174	145	60	0.658574	0.996026	0.964315	0
PBE24444_skip_b8ba7aa8_cf14c51a_142.pod5	12d9f6f3-4b03-455b-ae0a-1a17bc4f2543	cf14c51afc71f96f13400767a61fb2aed9c13fb9	617	4	199936	322.484	199936	322.351	97941	22.0802	unclassified	chr6	149783753	149832348	0	48633	+	48719	48509	48389	124	86	120	60	0.496554	0.997526	0.993226	0
PBE24444_skip_b8ba7aa8_cf14c51a_142.pod5	31ec7d87-19ab-4627-a433-8d755ca93369	cf14c51afc71f96f13400767a61fb2aed9c13fb9	28	4	200403	31.5516	200403	31.2156	10066	22.1005	unclassified	chr2	222233954	222243548	10	9616	-	9622	9578	9529	28	16	49	60	0.954302	0.994884	0.990335	0
PBE24444_skip_b8ba7aa8_cf14c51a_142.pod5	3bfdbdcb-399f-4f1f-a8b4-6f3841de4f44	cf14c51afc71f96f13400767a61fb2aed9c13fb9	451	1	200870	0.9336	200870	0.9336	174	3.45415	unclassified	*	-1	-1	-1	-1	*	0	0	0	0	0	0	0	0	0	0	0
PBE24444_skip_b8ba7aa8_cf14c51a_142.pod5	54c87d81-c169-46e6-894d-10c4f44d1e59	cf14c51afc71f96f13400767a61fb2aed9c13fb9	517	2	200839	121.548	200839	121.326	29194	19.4452	unclassified	chr3	59400031	59429005	5	29194	-	29266	28897	28782	292	77	115	60	0.999829	0.99602	0.983462	0
PBE24444_skip_b8ba7aa8_cf14c51a_142.pod5	06f00635-b30b-4711-a338-10777d20c434	cf14c51afc71f96f13400767a61fb2aed9c13fb9	451	1	200505	163.514	200505	163.514	61150	15.8749	unclassified	chr12	11870161	11902424	28670	60012	+	32312	31293	31218	49	970	75	60	0.512543	0.997603	0.966143	0
PBE24444_skip_b8ba7aa8_cf14c51a_142.pod5	ece40ac9-55c1-4305-b5b4-f1f772c2a1d8	cf14c51afc71f96f13400767a61fb2aed9c13fb9	683	4	200801	186.476	200801	186.187	55702	27.5087	unclassified	chr5	154238816	154294527	5	55702	-	55793	55615	55452	82	96	163	60	0.99991	0.997069	0.993888	0
PBE24444_skip_b8ba7aa8_cf14c51a_142.pod5	a11dd26d-4657-4794-b890-79f6eb08497b	cf14c51afc71f96f13400767a61fb2aed9c13fb9	451	1	200985	24.1884	200985	23.9988	9976	22.5318	unclassified	chr20	35109946	35119941	0	9976	+	10006	9965	9932	11	30	33	60	1	0.996688	0.992604	0
PBE24444_skip_b8ba7aa8_cf14c51a_142.pod5	32dddda2-72c9-4308-b4e1-643adcfa9ee7	cf14c51afc71f96f13400767a61fb2aed9c13fb9	734	1	200700	128.73	200700	128.728	61717	11.2073	unclassified	chr3	98567232	98629906	39	61709	+	64144	60200	57734	1470	2474	2466	60	0.999238	0.959037	0.900069	0
PBE24444_skip_b8ba7aa8_cf14c51a_142.pod5	81e26caa-ea20-45fa-acb7-f2e2bc476726	cf14c51afc71f96f13400767a61fb2aed9c13fb9	303	4	201004	128.644	201004	128.327	42089	28.1943	unclassified	chr6	8319716	8361828	17	42089	-	42186	41998	41904	74	114	94	60	0.999596	0.997762	0.993315	0
PBE24444_skip_b8ba7aa8_cf14c51a_142.pod5	f5ee94fd-d6c8-4f7a-94ef-e953c19a0f97	cf14c51afc71f96f13400767a61fb2aed9c13fb9	953	3	200854	160.714	200855	160.524	40237	26.3832	unclassified	chr18	78542855	78582503	7	40237	-	40302	39576	39488	654	72	88	60	0.999826	0.997776	0.979802	0
PBE24444_skip_b8ba7aa8_cf14c51a_142.pod5	dfb9094d-2641-4264-ab7e-17657561f1f6	cf14c51afc71f96f13400767a61fb2aed9c13fb9	890	3	200773	147.918	200773	147.743	54938	26.7373	unclassified	chr2	51617653	51672577	7	54938	-	55004	54851	54739	80	73	112	60	0.999873	0.997958	0.995182	0
PBE24444_skip_b8ba7aa8_cf14c51a_142.pod5	30e46737-26ca-4346-ad3a-f54e3254a3ef	cf14c51afc71f96f13400767a61fb2aed9c13fb9	303	4	200864	128.228	200864	128.074	52923	23.1937	unclassified	chr7	36174157	36226645	0	52917	+	53044	52361	52201	556	127	160	60	0.999887	0.996944	0.984108	0
PBE24444_skip_b8ba7aa8_cf14c51a_142.pod5	4a5e9f0c-4baa-40a8-80e7-0abbd462795a	cf14c51afc71f96f13400767a61fb2aed9c13fb9	28	4	200963	13.9164	200963	13.9164	6139	13.1095	unclassified	chr3	155465039	155468517	2605	6087	-	3543	3417	3348	65	61	69	60	0.567193	0.979807	0.944962	0
PBE24444_skip_b8ba7aa8_cf14c51a_142.pod5	fa6beafa-beb7-44f8-a9bd-826cc3edf30e	cf14c51afc71f96f13400767a61fb2aed9c13fb9	683	4	200544	122.52	200544	122.327	35899	28.8131	unclassified	chr12	99733871	99769758	6	35899	-	35927	35853	35829	40	34	24	60	0.999833	0.999331	0.997272	0
PBE24444_skip_b8ba7aa8_cf14c51a_142.pod5	b369e92f-52e4-4a02-b45e-3b1523de27c8	cf14c51afc71f96f13400767a61fb2aed9c13fb9	529	2	200309	403.864	200309	403.862	65743	4.41048	unclassified	chr5	37176525	37185738	11646	20774	+	10100	8241	6979	887	972	1262	2	0.138844	0.846863	0.69099	0
PBE24444_skip_b8ba7aa8_cf14c51a_142.pod5	b7ebca1d-8a4a-4cdb-ae8d-7f81ab2b12a5	cf14c51afc71f96f13400767a61fb2aed9c13fb9	28	4	200976	4.086	200976	4.086	1539	19.923	unclassified	chr7	27642937	27644426	37	1531	+	1495	1488	1482	6	1	6	60	0.97076	0.995968	0.991304	0
PBE24444_skip_b8ba7aa8_cf14c51a_142.pod5	8f0027eb-9cb3-4d86-98bb-b18e276fddf0	cf14c51afc71f96f13400767a61fb2aed9c13fb9	28	4	200434	152.411	200435	151.991	52759	17.5559	unclassified	chr18	14815076	14841738	7	26320	-	26718	26257	26200	56	405	57	60	0.49874	0.997829	0.980612	0
PBE24444_skip_b8ba7aa8_cf14c51a_142.pod5	eb1287d9-8ffe-4077-940b-93052b2fe14c	cf14c51afc71f96f13400767a61fb2aed9c13fb9	922	3	200526	176.875	200526	176.718	50777	22.356	unclassified	chr1	151239964	151290688	0	50767	+	50955	50536	50365	231	188	171	60	0.999803	0.996616	0.988421	0
PBE24444_skip_b8ba7aa8_cf14c51a_142.pod5	6701f895-2cb8-49b6-a80a-88f94ebbd16c	cf14c51afc71f96f13400767a61fb2aed9c13fb9	28	4	200943	19.6824	200943	19.5552	7447	20.9082	unclassified	chr3	155464654	155468534	3552	7434	+	3890	3872	3859	10	8	13	60	0.521284	0.996643	0.992031	0
PBE24444_skip_b8ba7aa8_cf14c51a_142.pod5	6a927901-fa81-4cdb-8607-91a30d8aa19e	cf14c51afc71f96f13400767a61fb2aed9c13fb9	683	4	200992	152.355	200993	152.105	45057	28.9965	unclassified	chr13	96368105	96413152	7	45057	-	45083	45014	44984	36	33	30	60	0.999845	0.999334	0.997804	0
PBE24444_skip_b8ba7aa8_cf14c51a_142.pod5	d95f3834-f0da-46cd-89d8-075d1700effb	cf14c51afc71f96f13400767a61fb2aed9c13fb9	437	2	200787	186.945	200787	186.943	54224	9.15827	unclassified	chr11	128671866	128723114	4113	54204	+	52669	48670	45601	1421	2578	3069	60	0.923779	0.936943	0.865803	0
PBE24444_skip_b8ba7aa8_cf14c51a_142.pod5	eb7f9d7c-511e-4bfc-a487-6bf6402fb73d	cf14c51afc71f96f13400767a61fb2aed9c13fb9	280	3	200761	176.786	200761	176.69	68731	27.5931	unclassified	chr6	165053881	165117483	5099	68731	-	63693	63541	63379	91	61	162	60	0.925812	0.99745	0.99507	0
PBE24444_skip_b8ba7aa8_cf14c51a_142.pod5	ba6a56dc-881e-435a-9d4e-222db78e03a7	cf14c51afc71f96f13400767a61fb2aed9c13fb9	437	2	200539	225.866	200539	225.864	68248	9.46946	unclassified	chr17	37195216	37233234	30488	68028	-	39287	36271	34167	1269	1747	2104	60	0.550053	0.941992	0.869677	0
PBE24444_skip_b8ba7aa8_cf14c51a_142.pod5	9c6feb21-0935-44f4-ab93-83ebf2611e64	cf14c51afc71f96f13400767a61fb2aed9c13fb9	28	4	200278	125.266	200278	125.034	46684	22.1803	unclassified	chr19	5891593	5902816	272	11486	-	11240	11197	11152	17	26	45	60	0.240211	0.995981	0.992171	0
PBE24444_skip_b8ba7aa8_cf14c51a_142.pod5	180e0948-4bc7-42cd-b956-b5d5c119810e	cf14c51afc71f96f13400767a61fb2aed9c13fb9	451	1	200871	113.869	200871	113.732	37440	19.3403	unclassified	chr4	5623963	5647330	0	23362	+	23396	23333	23283	29	34	50	60	0.623985	0.997857	0.99517	0
PBE24444_skip_b8ba7aa8_cf14c51a_142.pod5	289d46df-610e-40fc-8afb-5074e1bcbff7	cf14c51afc71f96f13400767a61fb2aed9c13fb9	364	1	201048	142.875	201048	142.873	29647	5.76365	unclassified	chr1	151123370	151134387	3055	13811	-	11863	9910	8671	846	1107	1239	50	0.362802	0.874975	0.730928	0
PBE24444_skip_b8ba7aa8_cf14c51a_142.pod5	11a3071f-ea20-4f65-bb05-c1677dd6faa3	cf14c51afc71f96f13400767a61fb2aed9c13fb9	683	4	201145	138.708	201145	138.706	45011	25.178	unclassified	chr13	96368105	96413146	39	44993	+	45078	44917	44856	37	124	61	60	0.998734	0.998642	0.995075	0
PBE24444_skip_b8ba7aa8_cf14c51a_142.pod5	37373ebd-3cf5-4067-842f-aa1e6e635a44	cf14c51afc71f96f13400767a61fb2aed9c13fb9	451	1	201398	2.4864	201398	2.3112	523	4.1782	unclassified	chrX	53196323	53196452	0	129	+	129	129	129	0	0	0	29	0.246654	1	1	0
PBE24444_skip_b8ba7aa8_cf14c51a_142.pod5	b89f877d-0016-4d70-bca1-9c255e6da984	cf14c51afc71f96f13400767a61fb2aed9c13fb9	303	4	201311	125.613	201311	125.456	41467	27.2138	unclassified	chr18	4720729	4762203	0	41467	-	41532	41409	41337	58	65	72	60	1	0.998261	0.995305	0
PBE24444_skip_b8ba7aa8_cf14c51a_142.pod5	2a5eb20f-fc55-4a96-9244-aa00dbe22c1a	cf14c51afc71f96f13400767a61fb2aed9c13fb9	28	4	200990	1.0176	200990	1.0176	185	3.65581	unclassified	*	-1	-1	-1	-1	*	0	0	0	0	0	0	0	0	0	0	0
PBE24444_skip_b8ba7aa8_cf14c51a_142.pod5	244f2392-c873-413c-8564-7c9373149ef3	cf14c51afc71f96f13400767a61fb2aed9c13fb9	341	4	200666	267.531	200666	267.302	55188	8.9736	unclassified	chr2	6670300	6724661	7	55173	+	57370	52157	48593	3009	2204	3564	60	0.999601	0.931668	0.847011	0
PBE24444_skip_b8ba7aa8_cf14c51a_142.pod5	461708bb-aed6-4554-a411-913bebe33103	cf14c51afc71f96f13400767a61fb2aed9c13fb9	70	1	200671	226.217	200671	226.215	46330	7.56039	unclassified	chr22	29924697	29944048	14432	33598	-	20427	18090	16430	1076	1261	1660	60	0.413684	0.908237	0.804328	0
PBE24444_skip_b8ba7aa8_cf14c51a_142.pod5	3b584e45-63f0-4c60-93d1-aca24df14be9	cf14c51afc71f96f13400767a61fb2aed9c13fb9	28	4	201271	94.8084	201271	94.8084	25047	18.5531	unclassified	chr11	80230589	80244156	11477	25040	+	13592	13538	13509	25	29	29	60	0.541502	0.997858	0.993893	0
PBE24444_skip_b8ba7aa8_cf14c51a_142.pod5	acf7dae5-940f-477d-bbe4-977a9543a130	cf14c51afc71f96f13400767a61fb2aed9c13fb9	451	1	201094	120.708	201095	119.948	45727	19.1241	unclassified	chr2	68541873	68566735	19055	43906	-	24898	24815	24769	36	47	46	60	0.543464	0.998146	0.994819	0
PBE24444_skip_b8ba7aa8_cf14c51a_142.pod5	9b8eb995-bb55-4dc6-8dcf-311af8e08e7e	cf14c51afc71f96f13400767a61fb2aed9c13fb9	28	4	201366	73.8636	201366	73.5468	17272	23.4485	unclassified	chr3	181175239	181192537	0	17269	+	17323	17244	17198	25	54	46	60	0.999826	0.997332	0.992784	0
PBE24444_skip_b8ba7aa8_cf14c51a_142.pod5	d060c43a-7d0e-485b-b083-37c06ff36775	cf14c51afc71f96f13400767a61fb2aed9c13fb9	451	1	201470	1.0344	201470	1.0344	233	2.27247	unclassified	*	-1	-1	-1	-1	*	0	0	0	0	0	0	0	0	0	0	0
PBE24444_skip_b8ba7aa8_cf14c51a_142.pod5	d1fa631c-36df-4499-8a24-87b833f070b9	cf14c51afc71f96f13400767a61fb2aed9c13fb9	364	1	201223	183.475	201223	183.473	34583	5.15961	unclassified	chrX	152829480	152842462	19	14379	-	15430	11912	10186	2448	1070	1726	53	0.415233	0.855104	0.660143	0
PBE24444_skip_b8ba7aa8_cf14c51a_142.pod5	d957baf9-20cd-43b4-b8eb-89bc91693a3a	cf14c51afc71f96f13400767a61fb2aed9c13fb9	617	4	201324	135.214	201324	135.092	39989	30.5696	unclassified	chr16	33131123	33171089	14	39989	-	40004	39937	39907	38	29	30	8	0.99965	0.999249	0.997575	0
PBE24444_skip_b8ba7aa8_cf14c51a_142.pod5	bd1ede58-988c-4856-87ad-6e837fa9367a	cf14c51afc71f96f13400767a61fb2aed9c13fb9	341	4	201197	187.54	201197	187.538	77095	9.68666	unclassified	chr15	31899224	31978340	31	77082	+	81123	75044	70556	2007	4072	4488	60	0.999429	0.940195	0.869741	0
PBE24444_skip_b8ba7aa8_cf14c51a_142.pod5	265a4458-14f2-40fa-af53-c620e62fa500	cf14c51afc71f96f13400767a61fb2aed9c13fb9	451	1	201504	3.7596	201505	3.3	650	2.62839	unclassified	*	-1	-1	-1	-1	*	0	0	0	0	0	0	0	0	0	0	0
PBE24444_skip_b8ba7aa8_cf14c51a_142.pod5	a4be386a-14b1-4d2a-8217-482cd2a7adf2	cf14c51afc71f96f13400767a61fb2aed9c13fb9	70	1	201253	154.623	201253	154.621	38621	7.23927	unclassified	chr10	10345440	10360856	7	15057	-	15875	14591	13700	459	825	891	60	0.389684	0.938935	0.862992	0
PBE24444_skip_b8ba7aa8_cf14c51a_142.pod5	a6a5aca1-5668-4b8d-8c23-dd7008398c31	cf14c51afc71f96f13400767a61fb2aed9c13fb9	550	1	201253	163.531	201253	163.432	67522	29.204	unclassified	chr5	104478331	104551975	0	67522	-	73702	67464	67333	58	6180	131	60	1	0.998058	0.913584	0
PBE24444_skip_b8ba7aa8_cf14c51a_142.pod5	61863993-cbdc-4f72-b6e7-3dc1f85dd954	cf14c51afc71f96f13400767a61fb2aed9c13fb9	28	4	200587	159.526	200587	159.365	61643	21.9768	unclassified	chr8	61694630	61729860	26409	61643	+	35323	35141	35029	93	89	112	60	0.571582	0.996813	0.991677	0
PBE24444_skip_b8ba7aa8_cf14c51a_142.pod5	fcc01af1-395a-4e99-96d5-c835a9d54e90	cf14c51afc71f96f13400767a61fb2aed9c13fb9	451	1	201471	33.0048	201472	32.5896	12793	23.2782	unclassified	chr15	81908529	81918145	0	9620	+	9633	9603	9593	17	13	10	60	0.751974	0.998959	0.995848	0
PBE24444_skip_b8ba7aa8_cf14c51a_142.pod5	f0649e3f-ea33-4811-8a36-67e4dfa858be	cf14c51afc71f96f13400767a61fb2aed9c13fb9	437	2	201118	252.873	201118	252.871	61131	9.09025	unclassified	chr13	49640087	49665205	35274	61131	+	26750	24225	23051	1632	893	1174	60	0.422977	0.951538	0.86172	0
PBE24444_skip_b8ba7aa8_cf14c51a_142.pod5	74e7c1d9-b392-413b-9319-35c557a00d8b	cf14c51afc71f96f13400767a61fb2aed9c13fb9	813	2	201130	150.958	201130	150.956	61286	28.4096	unclassified	chr7	83831751	83893047	8	61266	-	61339	61215	61119	43	81	96	60	0.999543	0.998432	0.996413	0
PBE24444_skip_b8ba7aa8_cf14c51a_142.pod5	ea0677ef-bb78-47b4-a5da-f71673e2bcb8	cf14c51afc71f96f13400767a61fb2aed9c13fb9	28	4	201133	129.036	201133	129.036	47464	18.3997	unclassified	chr7	84532350	84559490	20384	47464	+	27202	27018	26919	62	122	99	60	0.570538	0.996336	0.989596	0
PBE24444_skip_b8ba7aa8_cf14c51a_142.pod5	bd56d101-059f-4bc4-98aa-eb739f3123ef	cf14c51afc71f96f13400767a61fb2aed9c13fb9	529	2	201539	149.609	201539	149.607	25502	3.5733	unclassified	*	-1	-1	-1	-1	*	0	0	0	0	0	0	0	0	0	0	0
PBE24444_skip_b8ba7aa8_cf14c51a_142.pod5	36cf2c39-eb3a-4c17-8d30-6f8ade0ec3cc	cf14c51afc71f96f13400767a61fb2aed9c13fb9	451	1	201508	72.6756	201508	72.57	23227	11.4899	unclassified	chr17	12786271	12809860	0	23227	+	24109	22707	22009	520	882	698	60	1	0.969261	0.912896	0
PBE24444_skip_b8ba7aa8_cf14c51a_142.pod5	507cf026-7cd4-40af-9610-76545ae68acd	cf14c51afc71f96f13400767a61fb2aed9c13fb9	593	4	201241	164.794	201242	164.414	49338	10.4004	unclassified	chr7	40021632	40053943	16422	49338	-	33291	31936	31710	980	375	226	60	0.667153	0.992923	0.95251	0
PBE24444_skip_b8ba7aa8_cf14c51a_142.pod5	e697a24c-baa3-4757-b81c-556b539d02e1	cf14c51afc71f96f13400767a61fb2aed9c13fb9	70	1	201468	129.82	201468	129.818	27506	6.0931	unclassified	chr1	188394685	188415613	6669	27440	-	22807	18892	16508	1879	2036	2384	60	0.755144	0.873809	0.723813	0
PBE24444_skip_b8ba7aa8_cf14c51a_142.pod5	77fae7fc-2b1d-47f8-97d7-bff6fe805965	cf14c51afc71f96f13400767a61fb2aed9c13fb9	953	3	201441	127.933	201441	127.801	46871	28.0258	unclassified	chr11	63713198	63760077	0	46871	+	46955	46795	46755	76	84	40	60	1	0.999145	0.995741	0
PBE24444_skip_b8ba7aa8_cf14c51a_142.pod5	371d0de3-ffb5-4fad-bda1-1711a1597d72	cf14c51afc71f96f13400767a61fb2aed9c13fb9	28	4	201456	140.782	201456	140.78	52123	18.1468	unclassified	chr2	7289783	7312940	9956	33120	-	23239	23082	22995	82	75	87	60	0.44441	0.996231	0.9895	0
PBE24444_skip_b8ba7aa8_cf14c51a_142.pod5	ac7a229e-79bd-4477-b0b4-939228bfe176	cf14c51afc71f96f13400767a61fb2aed9c13fb9	127	3	201562	141.5	201562	141.379	55719	15.5473	unclassified	chr12	25957838	26013769	1	55719	-	56474	55175	54232	543	756	943	60	0.999982	0.982909	0.9603	0
PBE24444_skip_b8ba7aa8_cf14c51a_142.pod5	cdbbd625-5a3a-4ff4-8f20-4382316cc673	cf14c51afc71f96f13400767a61fb2aed9c13fb9	383	1	201321	160.478	201321	160.476	40983	20.6448	unclassified	chr3	126000157	126041150	38	40979	+	41120	40814	40656	127	179	158	60	0.998975	0.996129	0.988716	0
PBE24444_skip_b8ba7aa8_cf14c51a_142.pod5	0101babd-c2df-47da-9566-872ed90fa769	cf14c51afc71f96f13400767a61fb2aed9c13fb9	28	4	200991	141.786	200992	141.346	51961	21.6426	unclassified	chr2	168403406	168455123	0	51697	+	51837	51577	51435	120	140	142	60	0.994919	0.997247	0.992245	0
PBE24444_skip_b8ba7aa8_cf14c51a_142.pod5	6bd15663-5061-4b94-bbf4-f6901d236bba	cf14c51afc71f96f13400767a61fb2aed9c13fb9	127	3	201329	180.716	201330	180.511	45648	17.1985	unclassified	chr3	153572697	153618243	0	45641	+	45986	45201	44742	440	345	459	60	0.999847	0.989845	0.972948	0
PBE24444_skip_b8ba7aa8_cf14c51a_142.pod5	47c67ed0-794b-4d5d-8226-33f8fb882054	cf14c51afc71f96f13400767a61fb2aed9c13fb9	451	1	201215	183.647	201215	183.14	63217	26.5823	unclassified	chr15	53023241	53086532	4	63211	-	63325	63173	63088	34	118	85	60	0.999842	0.998654	0.996257	0
PBE24444_skip_b8ba7aa8_cf14c51a_142.pod5	622c4b4b-98b8-4dec-b8ba-030937f25842	cf14c51afc71f96f13400767a61fb2aed9c13fb9	396	3	201446	140.347	201446	140.207	55155	29.3121	unclassified	chr13	63812072	63867271	0	55149	+	55233	55115	55074	34	84	41	60	0.999891	0.999256	0.997121	0
PBE24444_skip_b8ba7aa8_cf14c51a_142.pod5	7f641995-3dbd-4e19-ad9d-e3628839a9ed	cf14c51afc71f96f13400767a61fb2aed9c13fb9	341	4	200988	207.454	200988	207.452	77438	10.1485	unclassified	chr15	31899225	31978343	6	77401	-	81068	75445	71475	1950	3673	3970	60	0.999445	0.947379	0.881667	0
PBE24444_skip_b8ba7aa8_cf14c51a_142.pod5	d858d801-16ef-4350-b17e-db1f2fb24db3	cf14c51afc71f96f13400767a61fb2aed9c13fb9	364	1	201435	234.096	201435	234.094	48226	5.56666	unclassified	chr4	114435054	114451990	1825	18658	+	18419	15350	13296	1483	1586	2054	60	0.349044	0.866189	0.721863	0
PBE24444_skip_b8ba7aa8_cf14c51a_142.pod5	1175f7b0-fb73-469c-a57f-facec56c8abb	cf14c51afc71f96f13400767a61fb2aed9c13fb9	411	2	201736	122.043	201737	121.886	43592	31.2075	unclassified	chr6	15717367	15760959	7	43592	-	43634	43543	43490	42	49	53	60	0.999839	0.998783	0.9967	0
PBE24444_skip_b8ba7aa8_cf14c51a_142.pod5	e2f48170-73ff-4049-8afe-e90c08f76a9d	cf14c51afc71f96f13400767a61fb2aed9c13fb9	28	4	200764	178.424	200764	178.424	67262	16.4089	unclassified	chr13	113863267	113891247	25823	53642	-	28036	27763	27659	56	217	104	60	0.413592	0.996254	0.986553	0
PBE24444_skip_b8ba7aa8_cf14c51a_142.pod5	1942fe75-e3ec-4e6b-90ac-e68ef5b2c8ff	cf14c51afc71f96f13400767a61fb2aed9c13fb9	396	3	201613	124.185	201613	124.183	49301	35.8152	unclassified	chr15	19783071	19807953	24382	49276	-	24895	24881	24824	13	1	57	60	0.504939	0.997709	0.997148	0
PBE24444_skip_b8ba7aa8_cf14c51a_142.pod5	eca77d59-e56f-422d-ae03-8ded5ae3e156	cf14c51afc71f96f13400767a61fb2aed9c13fb9	70	1	201599	196.311	201599	196.309	45208	6.47622	unclassified	chr10	107799950	107834869	11410	45172	-	37190	31491	27546	2271	3428	3945	60	0.746815	0.874726	0.740683	0
PBE24444_skip_b8ba7aa8_cf14c51a_142.pod5	9ecfab05-c7ac-4cc5-a4f7-648dee4540d6	cf14c51afc71f96f13400767a61fb2aed9c13fb9	383	1	201594	160.095	201594	159.926	41758	18.4236	unclassified	chr9	128267868	128309615	0	41752	+	42043	41456	41112	296	291	344	60	0.999856	0.991702	0.977856	0
PBE24444_skip_b8ba7aa8_cf14c51a_142.pod5	ec0edb41-5e93-4a19-a6ac-57080c9ef5d3	cf14c51afc71f96f13400767a61fb2aed9c13fb9	127	3	201921	123.21	201921	123.043	33699	16.6322	unclassified	chr13	107503845	107537434	7	33698	-	33976	33304	32914	387	285	390	60	0.999763	0.98829	0.968743	0
PBE24444_skip_b8ba7aa8_cf14c51a_142.pod5	ec1d56a5-5313-4976-b742-64a849a75b96	cf14c51afc71f96f13400767a61fb2aed9c13fb9	725	4	201762	133.461	201762	133.326	44618	22.7731	unclassified	chr14	51054369	51071630	14449	31694	+	17274	17232	17199	13	29	33	60	0.386503	0.998085	0.995658	0
PBE24444_skip_b8ba7aa8_cf14c51a_142.pod5	cd29be84-d68c-41cf-a535-9db9846912ff	cf14c51afc71f96f13400767a61fb2aed9c13fb9	617	4	201984	127.909	201984	127.62	37912	29.9894	unclassified	chr3	110127245	110165175	0	37912	+	37949	37893	37845	19	37	48	60	1	0.998733	0.997259	0
PBE24444_skip_b8ba7aa8_cf14c51a_142.pod5	680c8b36-ee37-4a95-b26d-6e17bcaac99a	cf14c51afc71f96f13400767a61fb2aed9c13fb9	529	2	201027	282.501	201027	282.499	58247	4.52418	unclassified	chr16	68073434	68073486	15052	15107	-	55	52	52	3	0	0	1	0.000944255	1	0.945455	0
PBE24444_skip_b8ba7aa8_cf14c51a_142.pod5	8ff89624-a0e9-4d62-96fd-b950ce4c2b5a	cf14c51afc71f96f13400767a61fb2aed9c13fb9	451	1	201837	1.4736	201837	1.4736	279	3.57935	unclassified	*	-1	-1	-1	-1	*	0	0	0	0	0	0	0	0	0	0	0
PBE24444_skip_b8ba7aa8_cf14c51a_142.pod5	477f350f-508a-460e-a444-3f7878a2cb9c	cf14c51afc71f96f13400767a61fb2aed9c13fb9	451	1	201838	39.4908	201838	39.396	14588	21.9268	unclassified	chr6	160603021	160617636	11	14588	-	14645	14547	14451	30	68	96	60	0.999246	0.993401	0.986753	0
PBE24444_skip_b8ba7aa8_cf14c51a_142.pod5	38258e7c-54f6-4d81-897a-36a3e172a52c	cf14c51afc71f96f13400767a61fb2aed9c13fb9	451	1	202046	12.5808	202047	12.3144	4698	22.0185	unclassified	chr13	90802462	90807150	6	4691	+	4702	4671	4658	14	17	13	60	0.997233	0.997217	0.990642	0
PBE24444_skip_b8ba7aa8_cf14c51a_142.pod5	a7d59dcb-bb09-4b61-b64d-0fd9e97f7db6	cf14c51afc71f96f13400767a61fb2aed9c13fb9	303	4	201449	236.923	201449	236.759	87772	27.9187	unclassified	chr13	51999412	52087039	9	87772	-	87932	87458	87311	305	169	147	60	0.999897	0.998319	0.992938	0
PBE24444_skip_b8ba7aa8_cf14c51a_142.pod5	19fa3be1-6786-44f8-bca2-14e4e90a97f6	cf14c51afc71f96f13400767a61fb2aed9c13fb9	317	3	201854	123.181	201854	122.916	46402	24.0986	unclassified	chr1	121464100	121510519	0	46402	+	46502	46319	46213	83	100	106	60	1	0.997712	0.993785	0
PBE24444_skip_b8ba7aa8_cf14c51a_142.pod5	600fee1a-e6c2-40a8-9433-d867be6df7e7	cf14c51afc71f96f13400767a61fb2aed9c13fb9	451	1	202004	42.0972	202004	41.9412	16376	24.9298	unclassified	chr6	5293565	5309948	10	16376	-	16399	16350	16310	16	33	40	60	0.999389	0.997554	0.994573	0
PBE24444_skip_b8ba7aa8_cf14c51a_142.pod5	fca72df8-3bce-4e6e-9538-2e8b3ac58ac5	cf14c51afc71f96f13400767a61fb2aed9c13fb9	953	3	202015	123.357	202015	123.121	31631	29.2446	unclassified	chr12	119843925	119875474	6	31631	-	31680	31494	31468	131	55	26	60	0.99981	0.999174	0.993308	0
PBE24444_skip_b8ba7aa8_cf14c51a_142.pod5	4d89c67a-7806-423a-ae56-902bacebb0c1	cf14c51afc71f96f13400767a61fb2aed9c13fb9	28	4	201962	19.956	201962	19.8852	8779	20.2179	unclassified	chr4	145725243	145734047	0	8779	+	8831	8752	8713	27	52	39	60	1	0.995544	0.986638	0
PBE24444_skip_b8ba7aa8_cf14c51a_142.pod5	6cb1da27-c170-4c10-960f-d49e642716f6	cf14c51afc71f96f13400767a61fb2aed9c13fb9	28	4	201941	19.938	201942	19.398	7460	22.5061	unclassified	chr21	29444956	29452423	0	7448	+	7476	7439	7429	9	28	10	60	0.998391	0.998656	0.993713	0
PBE24444_skip_b8ba7aa8_cf14c51a_142.pod5	9bac6377-74e0-44bc-8ec0-3da7e6501765	cf14c51afc71f96f13400767a61fb2aed9c13fb9	627	2	201447	136.987	201447	136.985	53712	26.1207	unclassified	chr13	113947444	114005314	36	53702	+	57945	53591	53468	75	4279	123	60	0.999144	0.997705	0.922737	0
PBE24444_skip_b8ba7aa8_cf14c51a_142.pod5	03c1c1d4-7e06-4e03-bd98-a392d25238b6	cf14c51afc71f96f13400767a61fb2aed9c13fb9	683	4	201410	302.893	201411	302.722	92772	25.4046	unclassified	chr3	13078236	13170926	10	92772	-	92931	92521	92266	241	169	255	60	0.999892	0.997244	0.992844	0
PBE24444_skip_b8ba7aa8_cf14c51a_142.pod5	00e9c80d-ff7c-4e94-b3f3-28e7d387f326	cf14c51afc71f96f13400767a61fb2aed9c13fb9	70	1	201855	127.998	201855	127.996	29327	6.7757	unclassified	chr1	159894808	159910476	13975	29314	+	16589	14418	12851	921	1250	1567	60	0.523033	0.891316	0.77467	0
PBE24444_skip_b8ba7aa8_cf14c51a_142.pod5	ea7bd77c-67f2-40a1-b4a3-40157df847fb	cf14c51afc71f96f13400767a61fb2aed9c13fb9	697	3	201732	192.049	201732	192.047	47390	6.94291	unclassified	chr13	96730282	96779961	42	47390	+	52031	44996	39961	2352	4683	5035	60	0.999114	0.888101	0.768023	0
PBE24444_skip_b8ba7aa8_cf14c51a_142.pod5	cfac957e-e7fa-40e9-a429-7e98142d2452	cf14c51afc71f96f13400767a61fb2aed9c13fb9	529	2	201988	201.73	201988	201.728	42892	4.80051	unclassified	chr4	49643546	49646535	0	2844	+	3139	2694	2324	150	295	370	1	0.0663061	0.862658	0.740363	0
PBE24444_skip_b8ba7aa8_cf14c51a_142.pod5	0cb15071-4a45-4b72-b0d8-440239f937f9	cf14c51afc71f96f13400767a61fb2aed9c13fb9	280	3	201795	175.86	201795	175.76	60741	30.6743	unclassified	chr12	41245798	41306864	0	60735	+	61096	60705	60629	30	361	76	60	0.999901	0.998748	0.992356	0
PBE24444_skip_b8ba7aa8_cf14c51a_142.pod5	3bdfeadf-4a56-49f8-bac7-deb4adfa0aa4	cf14c51afc71f96f13400767a61fb2aed9c13fb9	28	4	201741	65.2764	201742	64.8312	22564	10.9659	unclassified	chr16	77609529	77620231	6084	16756	+	10736	10638	10573	34	64	65	60	0.472966	0.99389	0.984817	0
PBE24444_skip_b8ba7aa8_cf14c51a_142.pod5	079522a0-3d77-4b5d-9f35-749c4645e2da	cf14c51afc71f96f13400767a61fb2aed9c13fb9	457	4	201691	147.672	201691	147.516	54454	28.221	unclassified	chr11	5599275	5654049	7	53230	-	54837	53160	53022	63	1614	138	60	0.977394	0.997404	0.966902	0
PBE24444_skip_b8ba7aa8_cf14c51a_142.pod5	983b4f4c-ae45-4440-b0b8-8b26d305d8f9	cf14c51afc71f96f13400767a61fb2aed9c13fb9	383	1	201859	170.759	201859	170.757	43201	19.5624	unclassified	chr17	806025	847862	14	43156	-	43810	41169	40831	1973	668	338	60	0.998634	0.99179	0.932002	0
PBE24444_skip_b8ba7aa8_cf14c51a_142.pod5	6e97ef69-9c4b-46b9-97f0-b5afe70077e1	cf14c51afc71f96f13400767a61fb2aed9c13fb9	317	3	202125	157.52	202125	157.344	58392	22.0842	unclassified	chr2	108988036	109046505	8	58392	-	58619	58234	58000	150	235	234	60	0.999863	0.995982	0.98944	0
PBE24444_skip_b8ba7aa8_cf14c51a_142.pod5	0fe4365d-2f6f-4c01-b089-58f723e8f2ff	cf14c51afc71f96f13400767a61fb2aed9c13fb9	442	3	201594	308.947	201594	308.945	73470	6.42725	unclassified	chr3	34090353	34131022	6423	46368	+	43478	37136	32818	2809	3533	4318	60	0.543691	0.883725	0.754819	0
PBE24444_skip_b8ba7aa8_cf14c51a_142.pod5	285ea72c-59e4-4491-bb04-4569b3c6b072	cf14c51afc71f96f13400767a61fb2aed9c13fb9	725	4	201955	257.806	201956	257.359	46523	19.1647	unclassified	chr4	13186314	13232600	0	46523	+	46612	46197	46069	326	89	128	60	1	0.997229	0.988351	0
PBE24444_skip_b8ba7aa8_cf14c51a_142.pod5	088af3e3-87e3-4b9d-bb56-cff77c7123c5	cf14c51afc71f96f13400767a61fb2aed9c13fb9	280	3	201996	146.544	201996	146.542	58525	29.4343	unclassified	chr3	16891928	16950406	36	58519	+	58543	58418	58330	65	60	88	60	0.999282	0.998494	0.996362	0
PBE24444_skip_b8ba7aa8_cf14c51a_142.pod5	037a34c4-a1e6-43f9-8a9f-caf8441fcccf	cf14c51afc71f96f13400767a61fb2aed9c13fb9	28	4	201807	134.148	201807	134.075	50284	18.1085	unclassified	chr6	65012077	65037199	20351	45511	+	25201	25081	25011	79	41	70	60	0.500358	0.997209	0.992461	0
PBE24444_skip_b8ba7aa8_cf14c51a_142.pod5	1a5652d8-b4ea-4b39-80c8-c631308d97ee	cf14c51afc71f96f13400767a61fb2aed9c13fb9	451	1	201878	126.062	201878	126.062	46392	19.2106	unclassified	chr17	22850961	22874831	22214	46082	+	23874	23864	23529	4	6	335	1	0.514485	0.985962	0.985549	0
PBE24444_skip_b8ba7aa8_cf14c51a_142.pod5	ad895775-20d9-4347-844e-cdedde59a6a0	cf14c51afc71f96f13400767a61fb2aed9c13fb9	697	3	202080	174.231	202080	174.229	48021	9.44014	unclassified	chr2	135052790	135101553	40	47951	+	50342	46332	43425	1579	2431	2907	60	0.997709	0.937257	0.8626	0
PBE24444_skip_b8ba7aa8_cf14c51a_142.pod5	cd2fcb24-9972-443b-bde2-84d6b282f1d6	cf14c51afc71f96f13400767a61fb2aed9c13fb9	364	1	202231	114.096	202231	114.094	24002	5.4379	unclassified	chr5	83640665	83654795	180	14167	+	15441	12676	10863	1311	1454	1813	60	0.582743	0.856974	0.703517	0
PBE24444_skip_b8ba7aa8_cf14c51a_142.pod5	5e433587-ee49-4bd5-9be4-4e9d7a04b14d	cf14c51afc71f96f13400767a61fb2aed9c13fb9	529	2	202275	161.658	202275	161.656	27808	4.39158	unclassified	*	-1	-1	-1	-1	*	0	0	0	0	0	0	0	0	0	0	0
PBE24444_skip_b8ba7aa8_cf14c51a_142.pod5	6b04f399-945d-45dc-8487-eee8f04dc00f	cf14c51afc71f96f13400767a61fb2aed9c13fb9	451	1	201626	194.656	201626	194.654	73754	18.7047	unclassified	chr20	53210467	53257096	9	46627	-	46739	46508	46382	110	121	126	60	0.632074	0.997291	0.992362	0
PBE24444_skip_b8ba7aa8_cf14c51a_142.pod5	45ad196c-6c86-41a0-b7bc-901c5dac71af	cf14c51afc71f96f13400767a61fb2aed9c13fb9	358	4	201831	295.703	201831	295.701	67281	22.6538	unclassified	chr1	25284271	25349381	6	67250	-	67502	64852	64018	2392	258	834	60	0.99945	0.98714	0.948387	0
PBE24444_skip_b8ba7aa8_cf14c51a_142.pod5	0991c99d-d821-4406-a3d9-619ea607d549	cf14c51afc71f96f13400767a61fb2aed9c13fb9	779	1	202289	131.337	202289	131.22	52793	21.3014	unclassified	chr4	92144488	92197395	7	52793	-	53040	52653	52434	133	254	219	60	0.999867	0.995841	0.988575	0
PBE24444_skip_b8ba7aa8_cf14c51a_142.pod5	0ff1448a-235b-4408-9eb6-5d47654def47	cf14c51afc71f96f13400767a61fb2aed9c13fb9	953	3	202233	122.721	202233	122.612	45727	27.2057	unclassified	chr5	20581616	20627347	0	45727	-	45785	45673	45616	54	58	57	60	1	0.998752	0.996309	0
PBE24444_skip_b8ba7aa8_cf14c51a_142.pod5	1d3ca7a3-e331-4330-9d7b-6d0b9805a24f	cf14c51afc71f96f13400767a61fb2aed9c13fb9	321	4	202319	139.728	202320	139.602	53463	27.4027	unclassified	chr12	116769141	116822622	2	53463	-	53549	53393	53358	68	88	35	60	0.999963	0.999344	0.996433	0
PBE24444_skip_b8ba7aa8_cf14c51a_142.pod5	27f1a10a-49ec-4084-ac5a-56ec4ae69a8e	cf14c51afc71f96f13400767a61fb2aed9c13fb9	457	4	202122	167.389	202122	167.276	62695	33.3266	unclassified	chr13	16608554	16673826	7	62694	-	65470	62489	60986	198	2783	1503	5	0.999872	0.975948	0.931511	0
PBE24444_skip_b8ba7aa8_cf14c51a_142.pod5	9f357033-238f-4ba0-9f59-640d68b9940c	cf14c51afc71f96f13400767a61fb2aed9c13fb9	70	1	202320	146.948	202320	146.946	36824	6.90086	unclassified	chr5	171778237	171800906	7	21744	-	23900	20506	18190	1231	2163	2316	60	0.590294	0.887057	0.761088	0
PBE24444_skip_b8ba7aa8_cf14c51a_142.pod5	04e5c06b-4619-4370-8928-030f91a8d023	cf14c51afc71f96f13400767a61fb2aed9c13fb9	396	3	201737	174.528	201737	174.431	60297	35.6112	unclassified	chrY	56705364	56764555	0	57339	-	59605	56925	55849	414	2266	1076	47	0.950943	0.981098	0.936985	0
PBE24444_skip_b8ba7aa8_cf14c51a_142.pod5	32a39310-8ca2-4102-92bb-961eebe42d4e	cf14c51afc71f96f13400767a61fb2aed9c13fb9	414	4	201867	226.01	201867	226.008	84650	9.3352	unclassified	chr5	79183240	79270328	36	84644	+	89435	82261	76672	2347	4827	5589	60	0.999504	0.932058	0.857293	0
PBE24444_skip_b8ba7aa8_cf14c51a_142.pod5	ffd4944c-8c3c-4421-b896-8a6a391392fe	cf14c51afc71f96f13400767a61fb2aed9c13fb9	953	3	202393	153.008	202393	153.006	56447	23.6187	unclassified	chr2	66025787	66082295	10	56404	-	56604	56298	56112	96	210	186	60	0.999061	0.996696	0.991308	0
PBE24444_skip_b8ba7aa8_cf14c51a_142.pod5	5ea2c5e5-6836-46aa-a30c-9c91175dea0d	cf14c51afc71f96f13400767a61fb2aed9c13fb9	451	1	202068	1.1472	202068	1.1472	230	3.52496	unclassified	*	-1	-1	-1	-1	*	0	0	0	0	0	0	0	0	0	0	0
PBE24444_skip_b8ba7aa8_cf14c51a_142.pod5	3eff71a8-eea8-4cf4-954e-a9c868a6d119	cf14c51afc71f96f13400767a61fb2aed9c13fb9	529	2	202508	227.401	202508	227.399	38576	3.94074	unclassified	*	-1	-1	-1	-1	*	0	0	0	0	0	0	0	0	0	0	0
PBE24444_skip_b8ba7aa8_cf14c51a_142.pod5	6865269b-9356-402b-93e4-1e578e9a8ff7	cf14c51afc71f96f13400767a61fb2aed9c13fb9	119	2	202201	499.167	202201	499.165	109623	3.23576	unclassified	*	-1	-1	-1	-1	*	0	0	0	0	0	0	0	0	0	0	0
PBE24444_skip_b8ba7aa8_cf14c51a_142.pod5	b246af56-ed1b-4cdd-8dd1-b91943a5a954	cf14c51afc71f96f13400767a61fb2aed9c13fb9	383	1	202687	153.028	202687	153.026	41113	18.6313	unclassified	chr7	131364866	131406004	6	41079	-	41338	40873	40600	200	265	273	60	0.999027	0.993321	0.982147	0
PBE24444_skip_b8ba7aa8_cf14c51a_142.pod5	2440be35-3e1b-4d1c-a322-e51efd1cdf72	cf14c51afc71f96f13400767a61fb2aed9c13fb9	303	4	202121	182.822	202122	182.68	72554	20.1209	unclassified	chr4	120749157	120820729	0	72545	+	72634	71483	71381	1062	89	102	60	0.999876	0.998573	0.982749	0
PBE24444_skip_b8ba7aa8_cf14c51a_142.pod5	aa4f4e59-abcc-4a5b-b5dc-25f789d3b778	cf14c51afc71f96f13400767a61fb2aed9c13fb9	804	1	202359	181.913	202359	181.911	61360	23.4593	unclassified	chr1	146642812	146704190	8	61324	-	61486	61208	61093	108	170	115	60	0.999283	0.998121	0.993608	0
PBE24444_skip_b8ba7aa8_cf14c51a_142.pod5	f9896940-fd75-41ed-b17e-7166d0eeae07	cf14c51afc71f96f13400767a61fb2aed9c13fb9	627	2	202090	220.586	202090	220.584	88076	22.6887	unclassified	chr2	87633392	87721577	11	88070	+	88358	87886	87605	173	299	281	60	0.999807	0.996803	0.991478	0
PBE24444_skip_b8ba7aa8_cf14c51a_142.pod5	c319c603-a8fa-4c4d-9398-7fcb4306ddfd	cf14c51afc71f96f13400767a61fb2aed9c13fb9	725	4	202423	160.663	202423	160.661	51499	22.475	unclassified	chr11	4098471	4149998	26	51499	+	51642	51358	51166	115	169	192	60	0.999495	0.996262	0.990783	0
PBE24444_skip_b8ba7aa8_cf14c51a_142.pod5	d8bab62d-8077-4eeb-a13c-b228489a1dd3	cf14c51afc71f96f13400767a61fb2aed9c13fb9	922	3	202568	123.414	202568	123.296	48233	17.9658	unclassified	chr20	41957961	42006284	1	48226	+	48562	47986	47613	239	337	373	60	0.999834	0.992227	0.980458	0
PBE24444_skip_b8ba7aa8_cf14c51a_142.pod5	cd8bc8fa-c37e-47a4-a0f6-3b54a4469901	cf14c51afc71f96f13400767a61fb2aed9c13fb9	617	4	202351	201.523	202351	201.388	62076	29.7123	unclassified	chr20	7359497	7407259	0	47715	-	47793	47684	47653	31	78	31	60	0.768655	0.99935	0.997071	0
PBE24444_skip_b8ba7aa8_cf14c51a_142.pod5	e77e3fd4-ae9e-4f87-9214-82389baa67a6	cf14c51afc71f96f13400767a61fb2aed9c13fb9	437	2	202415	248.86	202415	248.858	70526	9.21128	unclassified	chr10	104965530	105008336	0	42436	-	44209	41033	38770	1403	1773	2263	60	0.601707	0.944849	0.876971	0
PBE24444_skip_b8ba7aa8_cf14c51a_142.pod5	3353232a-d0de-4ffe-bd35-ac8c4a97ee32	cf14c51afc71f96f13400767a61fb2aed9c13fb9	683	4	202440	189.374	202440	189.372	57375	34.1575	unclassified	chr7	60424894	60437727	22376	35205	-	13184	12478	12103	351	355	375	1	0.223599	0.969947	0.918007	0
PBE24444_skip_b8ba7aa8_cf14c51a_142.pod5	73cb04de-af7f-4861-a792-911e16db1d6d	cf14c51afc71f96f13400767a61fb2aed9c13fb9	341	4	202740	126.835	202740	126.833	49399	9.31276	unclassified	chr13	86435732	86486324	5	49369	-	52154	47802	44697	1562	2790	3105	60	0.999291	0.935045	0.85702	0
PBE24444_skip_b8ba7aa8_cf14c51a_142.pod5	f35d147a-4c9e-4512-ad1b-4cde19206ebb	cf14c51afc71f96f13400767a61fb2aed9c13fb9	451	1	202190	67.1088	202190	66.7152	21724	15.69	unclassified	chr16	22746872	22755638	12953	21722	-	8790	8745	8706	24	21	39	60	0.403655	0.99554	0.990444	0
PBE24444_skip_b8ba7aa8_cf14c51a_142.pod5	f5043051-3ce3-44e3-8b18-f42ecf12e5da	cf14c51afc71f96f13400767a61fb2aed9c13fb9	437	2	202891	115.005	202891	115.003	27641	8.65381	unclassified	chr5	62132081	62139193	10681	17618	+	7334	6715	6322	222	397	393	60	0.250968	0.941474	0.862013	0
PBE24444_skip_b8ba7aa8_cf14c51a_142.pod5	1e7d4605-1023-470d-80ce-238b87c3fd3d	cf14c51afc71f96f13400767a61fb2aed9c13fb9	28	4	202991	4.0992	202992	3.6216	1001	5.22997	unclassified	chr8	88301172	88301321	0	142	+	149	142	138	0	7	4	49	0.141858	0.971831	0.926175	0
PBE24444_skip_b8ba7aa8_cf14c51a_142.pod5	f5b7fdde-df36-480c-8a14-50557dfa863b	cf14c51afc71f96f13400767a61fb2aed9c13fb9	617	4	202764	127.622	202764	127.36	38007	31.7818	unclassified	chr19	21314132	21352331	0	38001	+	38233	37967	37851	34	232	116	60	0.999842	0.996945	0.990009	0
PBE24444_skip_b8ba7aa8_cf14c51a_142.pod5	0e334658-fa93-4ff6-8328-e2c167aed578	cf14c51afc71f96f13400767a61fb2aed9c13fb9	437	2	201622	489.024	201622	489.022	122837	9.61439	unclassified	chr9	22724824	22761731	41098	77647	-	38195	35261	33152	1288	1646	2109	60	0.297541	0.940189	0.867967	0
PBE24444_skip_b8ba7aa8_cf14c51a_142.pod5	9649db7e-5b53-4aa4-9770-139f551d2957	cf14c51afc71f96f13400767a61fb2aed9c13fb9	28	4	202318	2.3892	202318	2.3892	555	3.60939	unclassified	*	-1	-1	-1	-1	*	0	0	0	0	0	0	0	0	0	0	0
PBE24444_skip_b8ba7aa8_cf14c51a_142.pod5	2d5e6687-d208-4b0d-9807-7ad6b1fa7f77	cf14c51afc71f96f13400767a61fb2aed9c13fb9	28	4	202321	9.5772	202321	9.5772	4995	18.9328	unclassified	chr11	20248490	20253451	13	4965	-	4978	4935	4890	17	26	45	60	0.991391	0.990881	0.982322	0
PBE24444_skip_b8ba7aa8_cf14c51a_142.pod5	05a01921-0e7a-4527-b647-bebc3e784be8	cf14c51afc71f96f13400767a61fb2aed9c13fb9	593	4	202714	144.912	202714	144.76	53489	22.2871	unclassified	chr5	11687801	11741329	9	53489	-	53632	53376	53207	104	152	169	60	0.999832	0.996834	0.992076	0
PBE24444_skip_b8ba7aa8_cf14c51a_142.pod5	1d5ff4ce-0974-43c5-a5b9-37c2fd47ec2c	cf14c51afc71f96f13400767a61fb2aed9c13fb9	463	3	202869	131.355	202869	131.242	45771	28.8846	unclassified	chr22	18890503	18893794	27130	30895	-	3828	3228	2847	537	63	381	60	0.0822573	0.88197	0.74373	0
PBE24444_skip_b8ba7aa8_cf14c51a_142.pod5	4886dc1b-c6bf-46a2-881f-032adf15f0a9	cf14c51afc71f96f13400767a61fb2aed9c13fb9	303	4	202881	117.745	202882	117.593	48341	19.7951	unclassified	chr20	37953496	38001316	0	48341	-	48505	47656	47532	685	164	124	60	1	0.997398	0.97994	0
PBE24444_skip_b8ba7aa8_cf14c51a_142.pod5	e1b003f0-2968-476c-90a1-c607c74748b3	cf14c51afc71f96f13400767a61fb2aed9c13fb9	28	4	202331	19.6608	202331	19.4784	8309	11.8919	unclassified	chr14	64575216	64582557	6	7334	+	7365	7304	7264	24	37	40	60	0.881935	0.994524	0.986286	0
PBE24444_skip_b8ba7aa8_cf14c51a_142.pod5	1737dd6d-7fe1-4568-8f9d-27df16654d3b	cf14c51afc71f96f13400767a61fb2aed9c13fb9	321	4	202043	172.95	202043	172.948	66887	24.4991	unclassified	chr14	61289473	61356340	7	66857	-	66989	66728	66553	122	139	175	60	0.999447	0.997377	0.993491	0
PBE24444_skip_b8ba7aa8_cf14c51a_142.pod5	1304ae55-d049-46ed-8cab-54c966d422f3	cf14c51afc71f96f13400767a61fb2aed9c13fb9	451	1	202771	12.2388	202771	12.0528	4397	24.5156	unclassified	chr2	239362883	239367282	7	4397	-	4405	4384	4375	6	15	9	60	0.998408	0.997947	0.99319	0
PBE24444_skip_b8ba7aa8_cf14c51a_142.pod5	9d493f9f-8765-4508-8aa4-b251acff1595	cf14c51afc71f96f13400767a61fb2aed9c13fb9	28	4	202864	41.9964	202864	41.9964	14282	12.2421	unclassified	chr20	38710362	38717572	7047	14277	+	7258	7182	7107	48	28	75	60	0.506232	0.989557	0.979195	0
PBE24444_skip_b8ba7aa8_cf14c51a_142.pod5	b08c9c9b-e6e6-46b5-b28c-dc99a56790cf	cf14c51afc71f96f13400767a61fb2aed9c13fb9	627	2	202677	205.736	202678	205.577	60204	27.2866	unclassified	chr9	106841711	106901902	0	60198	+	60276	60113	60064	85	78	49	60	0.9999	0.999185	0.996483	0
PBE24444_skip_b8ba7aa8_cf14c51a_142.pod5	025cee65-0483-4e19-9147-a9c80bf44a16	cf14c51afc71f96f13400767a61fb2aed9c13fb9	317	3	202707	147.054	202707	147.052	61325	21.0514	unclassified	chr10	13037358	13098403	9	61046	-	61346	60736	60387	301	309	349	60	0.995304	0.994254	0.984367	0
PBE24444_skip_b8ba7aa8_cf14c51a_142.pod5	b0a6836d-4556-46db-8879-91fa937e47f0	cf14c51afc71f96f13400767a61fb2aed9c13fb9	437	2	202709	169.231	202709	169.229	38289	8.15544	unclassified	chr9	103172887	103192636	3606	23512	-	20695	18960	17857	946	789	1103	60	0.519888	0.941825	0.862865	0
PBE24444_skip_b8ba7aa8_cf14c51a_142.pod5	9e5a4ef7-30fb-4c21-8913-0ed322a2af97	cf14c51afc71f96f13400767a61fb2aed9c13fb9	28	4	203035	15.0228	203035	15.0228	5163	10.855	unclassified	chr8	64962109	64966387	629	4913	+	4287	4275	4259	9	3	16	60	0.82975	0.996257	0.993469	0
PBE24444_skip_b8ba7aa8_cf14c51a_142.pod5	858fddca-25f0-4520-842c-45fdc64eef61	cf14c51afc71f96f13400767a61fb2aed9c13fb9	451	1	202070	120.018	202070	119.789	43453	17.7704	unclassified	chr1	213611733	213623855	31328	43441	+	12147	12088	12056	25	34	32	60	0.278761	0.997353	0.992508	0
PBE24444_skip_b8ba7aa8_cf14c51a_142.pod5	6df530b4-0002-47a7-ac93-291052694c53	cf14c51afc71f96f13400767a61fb2aed9c13fb9	341	4	202913	121.661	202913	121.659	46832	9.87814	unclassified	chr1	235685710	235733584	33	46832	+	49055	45618	43001	1181	2256	2617	60	0.999295	0.942632	0.876588	0
PBE24444_skip_b8ba7aa8_cf14c51a_142.pod5	862e0b5f-9a49-4b19-8bea-b583d90d5f49	cf14c51afc71f96f13400767a61fb2aed9c13fb9	28	4	202995	23.418	202995	23.418	7987	15.9419	unclassified	chr3	189461203	189464996	4154	7955	-	3806	3788	3779	13	5	9	60	0.475898	0.997624	0.992906	0
PBE24444_skip_b8ba7aa8_cf14c51a_142.pod5	31ba66c0-4628-4ea3-a4cc-6214bca0048d	cf14c51afc71f96f13400767a61fb2aed9c13fb9	437	2	202120	241.56	202120	241.558	67876	8.5727	unclassified	chr9	138313005	138331829	43374	61603	+	19235	17818	16786	411	1006	1032	1	0.268563	0.942081	0.87268	0
PBE24444_skip_b8ba7aa8_cf14c51a_142.pod5	99b0f612-1476-41ae-a1dc-38fcf13330d0	cf14c51afc71f96f13400767a61fb2aed9c13fb9	451	1	202710	60.2016	202711	59.646	22593	17.4128	unclassified	chr21	7237271	7247180	483	10381	-	9910	9897	9873	1	12	24	60	0.4381	0.997575	0.996266	0
PBE24444_skip_b8ba7aa8_cf14c51a_142.pod5	be9f5220-98d5-4e5f-b180-c92b7ba3d12f	cf14c51afc71f96f13400767a61fb2aed9c13fb9	364	1	202466	170.46	202466	170.458	36261	5.46082	unclassified	chr8	98050256	98056062	24648	30880	+	6800	5238	4539	994	568	699	30	0.171865	0.866552	0.6675	0
PBE24444_skip_b8ba7aa8_cf14c51a_142.pod5	e7968d85-75dd-486f-9073-96da5a820e85	cf14c51afc71f96f13400767a61fb2aed9c13fb9	303	4	203053	217.402	203053	217.4	12562	4.02718	unclassified	*	-1	-1	-1	-1	*	0	0	0	0	0	0	0	0	0	0	0
PBE24444_skip_b8ba7aa8_cf14c51a_142.pod5	0a106485-b959-46a5-b4f2-166e91d350d3	cf14c51afc71f96f13400767a61fb2aed9c13fb9	28	4	202620	154.387	202620	154.387	56768	17.0153	unclassified	chr12	45057876	45086175	22721	50987	-	28377	28188	28058	78	111	130	60	0.497921	0.995388	0.988759	0
PBE24444_skip_b8ba7aa8_cf14c51a_142.pod5	4e513b56-869d-477f-a2c7-46e63ceb8e7b	cf14c51afc71f96f13400767a61fb2aed9c13fb9	28	4	202906	85.224	202906	85.0956	32479	23.2663	unclassified	chr8	12753481	12785992	7	32479	-	32557	32426	32336	46	85	90	60	0.999784	0.997224	0.993212	0
PBE24444_skip_b8ba7aa8_cf14c51a_142.pod5	2c1b0534-dd0f-4416-baab-2319c58c4cd9	cf14c51afc71f96f13400767a61fb2aed9c13fb9	28	4	203050	136.554	203050	136.554	49238	13.7986	unclassified	chr20	18049360	18087845	47	38467	+	38570	38335	38190	85	150	145	60	0.780292	0.996218	0.990148	0
PBE24444_skip_b8ba7aa8_cf14c51a_142.pod5	75c70522-a4f4-415e-863d-6f2bfbf5f7a5	cf14c51afc71f96f13400767a61fb2aed9c13fb9	451	1	202569	141.374	202569	141.374	53059	20.0913	unclassified	chr17	73367497	73397439	23692	53019	+	30347	28922	28774	405	1020	148	60	0.552724	0.994883	0.948166	0
PBE24444_skip_b8ba7aa8_cf14c51a_142.pod5	897858b1-b398-458b-9a98-01436191b197	cf14c51afc71f96f13400767a61fb2aed9c13fb9	451	1	202257	302.992	202257	302.992	109490	22.0162	unclassified	chr6	34624126	34681331	34	57204	+	57305	57070	56982	100	135	88	60	0.522148	0.998458	0.994363	0
PBE24444_skip_b8ba7aa8_cf14c51a_142.pod5	f515cd6e-b42f-41dd-be80-0e8b5a00e955	cf14c51afc71f96f13400767a61fb2aed9c13fb9	364	1	201907	316.063	201907	316.061	71418	5.16636	unclassified	chr6	141945788	141949499	59	3722	+	3772	3602	3467	61	109	135	60	0.0512896	0.962521	0.919141	0
PBE24444_skip_b8ba7aa8_cf14c51a_142.pod5	406d8923-2b4e-44b9-8d3b-1fe0982d7214	cf14c51afc71f96f13400767a61fb2aed9c13fb9	813	2	203010	127.028	203011	126.89	54156	26.6496	unclassified	chr6	139625367	139679595	0	54149	+	54310	54067	53943	82	161	124	60	0.999871	0.997707	0.993243	0
PBE24444_skip_b8ba7aa8_cf14c51a_142.pod5	f0117f97-b6a6-41f0-9f1a-9fa820d5cbc7	cf14c51afc71f96f13400767a61fb2aed9c13fb9	463	3	202388	249.912	202388	249.91	105568	20.4966	unclassified	chr4	89103970	89157031	38	53093	+	53208	52908	52750	147	153	158	60	0.502567	0.997014	0.991392	0
PBE24444_skip_b8ba7aa8_cf14c51a_142.pod5	93986d1f-4c51-41b9-904a-7641deba0058	cf14c51afc71f96f13400767a61fb2aed9c13fb9	437	2	199430	1099.58	199430	1099.58	225109	7.41269	unclassified	chr3	154802088	154827045	30376	55086	+	25657	24010	22941	700	947	1069	60	0.109769	0.955477	0.894142	0
PBE24444_skip_b8ba7aa8_cf14c51a_142.pod5	b4adf80e-37ba-45ee-9932-f63a9c975a0c	cf14c51afc71f96f13400767a61fb2aed9c13fb9	317	3	203033	161.868	203033	161.744	69438	17.4446	unclassified	chr14	94751350	94820932	0	69432	+	70068	68946	68229	486	636	717	60	0.999914	0.989601	0.973754	0
PBE24444_skip_b8ba7aa8_cf14c51a_142.pod5	12eec0cf-a742-4e81-a16d-fb47d42fedef	cf14c51afc71f96f13400767a61fb2aed9c13fb9	890	3	203366	149.431	203367	148.834	63454	20.771	unclassified	chr2	173507322	173570625	0	63447	+	63688	63062	62857	385	241	205	60	0.99989	0.996749	0.986952	0
PBE24444_skip_b8ba7aa8_cf14c51a_142.pod5	de744070-f245-43c5-95d4-c2e358269462	cf14c51afc71f96f13400767a61fb2aed9c13fb9	890	3	203194	171.942	203194	171.782	63266	26.2368	unclassified	chr2	173507317	173570625	0	63266	-	63386	63188	63093	78	120	95	60	1	0.998497	0.995378	0
PBE24444_skip_b8ba7aa8_cf14c51a_142.pod5	e563949c-36ff-4279-aa22-ab3f8f766d25	cf14c51afc71f96f13400767a61fb2aed9c13fb9	451	1	202783	151.43	202783	151.277	48650	21.1945	unclassified	chr19	42756652	42782977	18954	45266	-	26384	26253	26175	59	72	78	60	0.540843	0.997029	0.992079	0
PBE24444_skip_b8ba7aa8_cf14c51a_142.pod5	b1328e03-26d0-4ede-8fb3-79dbadc0a814	cf14c51afc71f96f13400767a61fb2aed9c13fb9	341	4	203296	194.869	203297	194.72	75818	10.0789	unclassified	chr11	42906505	42983115	7	75812	-	79088	73327	69269	2478	3283	4058	60	0.999829	0.944659	0.875847	0
PBE24444_skip_b8ba7aa8_cf14c51a_142.pod5	1e0342b2-d520-4780-a029-bb58f376b434	cf14c51afc71f96f13400767a61fb2aed9c13fb9	593	4	203129	187.118	203129	186.875	69476	23.3925	unclassified	chr20	31268065	31337604	0	69470	+	69652	69357	69185	113	182	172	60	0.999914	0.99752	0.993295	0
PBE24444_skip_b8ba7aa8_cf14c51a_142.pod5	5a3c8941-4c33-458e-ada2-d81eee85b41e	cf14c51afc71f96f13400767a61fb2aed9c13fb9	437	2	203130	194.046	203130	194.044	53215	8.52225	unclassified	chr1	85402362	85433087	17986	48068	+	31670	29137	27450	945	1588	1687	60	0.565292	0.942101	0.866751	0
PBE24444_skip_b8ba7aa8_cf14c51a_142.pod5	1e846995-b548-4670-87ea-f5bd5000f4c8	cf14c51afc71f96f13400767a61fb2aed9c13fb9	70	1	203425	159.026	203425	159.024	35509	6.48283	unclassified	chrX	151119796	151130775	47	11333	+	12017	10248	9308	1038	731	940	60	0.317835	0.908275	0.774569	0
PBE24444_skip_b8ba7aa8_cf14c51a_142.pod5	bf01ed3d-5eb3-4dd9-a535-e9beec6aea16	cf14c51afc71f96f13400767a61fb2aed9c13fb9	804	1	203108	189.745	203109	189.569	65925	24.6196	unclassified	chrX	1175239	1240966	0	65915	+	67561	64081	63738	1834	1646	343	60	0.999848	0.994647	0.943414	0
PBE24444_skip_b8ba7aa8_cf14c51a_142.pod5	22c117fe-ab43-4c07-99f3-77b77e3f4164	cf14c51afc71f96f13400767a61fb2aed9c13fb9	88	1	203493	132.248	203493	132.149	53693	26.9885	unclassified	chr14	39510598	39564288	8	53693	-	53746	53629	53476	56	61	153	60	0.999851	0.997147	0.994976	0
PBE24444_skip_b8ba7aa8_cf14c51a_142.pod5	dc0f5f2c-436e-4e17-9947-6c42d7bbaff0	cf14c51afc71f96f13400767a61fb2aed9c13fb9	396	3	203394	146.113	203394	145.978	57459	27.1192	unclassified	chr6	97177560	97220991	14027	57449	+	43467	43386	43316	36	45	70	60	0.755704	0.998387	0.996526	0
PBE24444_skip_b8ba7aa8_cf14c51a_142.pod5	11320798-6bc6-4257-a560-236058227abb	cf14c51afc71f96f13400767a61fb2aed9c13fb9	358	4	203113	140.386	203113	140.213	39722	29.2319	unclassified	chr7	20801326	20841025	9	39722	-	39754	39658	39633	55	41	25	60	0.999773	0.99937	0.996956	0
PBE24444_skip_b8ba7aa8_cf14c51a_142.pod5	01297039-e094-458a-961e-4035a782e955	cf14c51afc71f96f13400767a61fb2aed9c13fb9	451	1	202966	1.4724	202966	1.4724	316	2.07125	unclassified	*	-1	-1	-1	-1	*	0	0	0	0	0	0	0	0	0	0	0
PBE24444_skip_b8ba7aa8_cf14c51a_142.pod5	ece40b6e-e17c-49a0-89d0-b0fb9d632192	cf14c51afc71f96f13400767a61fb2aed9c13fb9	716	1	203555	134.59	203555	134.485	56278	12.4925	unclassified	chr9	124423296	124479884	3	56272	+	57966	54891	53214	1378	1697	1677	60	0.99984	0.969449	0.918021	0
PBE24444_skip_b8ba7aa8_cf14c51a_142.pod5	71ebe4d6-228b-4170-b84f-7c89564349e8	cf14c51afc71f96f13400767a61fb2aed9c13fb9	451	1	203487	19.518	203488	19.2384	7092	22.1639	unclassified	chr2	149973260	149980320	44	7092	-	7065	7043	7029	5	17	14	60	0.993796	0.998012	0.994904	0
PBE24444_skip_b8ba7aa8_cf14c51a_142.pod5	6af77381-0237-401b-89f2-7a8afd33a374	cf14c51afc71f96f13400767a61fb2aed9c13fb9	364	1	199835	1104.63	199835	1104.62	226958	5.55232	unclassified	chr5	23664192	23679936	53800	70213	+	17700	14457	12573	1956	1287	1884	60	0.0723173	0.869682	0.710339	0
PBE24444_skip_b8ba7aa8_cf14c51a_142.pod5	8b0f61e1-c4cb-40fa-9f20-3e3a3006bbb5	cf14c51afc71f96f13400767a61fb2aed9c13fb9	850	4	203083	198.476	203083	198.34	75829	24.255	unclassified	chr4	26278109	26353399	0	75820	+	75939	75171	75065	649	119	106	60	0.999881	0.99859	0.988491	0
PBE24444_skip_b8ba7aa8_cf14c51a_142.pod5	5d9eb647-bda8-4274-b863-e5f8fa45e2cc	cf14c51afc71f96f13400767a61fb2aed9c13fb9	317	3	203474	168.367	203474	168.365	63261	24.0638	unclassified	chr14	48494581	48557864	31	63261	+	63397	63116	62963	114	167	153	60	0.99951	0.997576	0.993154	0
PBE24444_skip_b8ba7aa8_cf14c51a_142.pod5	8348696e-c9e9-4527-985e-739679bb1b0e	cf14c51afc71f96f13400767a61fb2aed9c13fb9	451	1	202968	1.9848	202968	1.7616	639	17.493	unclassified	chr1	213544937	213545568	4	639	-	640	626	623	9	5	3	60	0.99374	0.995208	0.973437	0
PBE24444_skip_b8ba7aa8_cf14c51a_142.pod5	2a22c9b7-304c-41c7-8216-b41aabd7c6df	cf14c51afc71f96f13400767a61fb2aed9c13fb9	28	4	203591	37.1172	203591	37.1172	12824	14.3436	unclassified	chr14	47375411	47383388	591	8574	-	7986	7974	7940	9	3	34	60	0.622505	0.995736	0.99424	0
PBE24444_skip_b8ba7aa8_cf14c51a_142.pod5	69e2f2d0-74e1-45b2-8f90-485721005149	cf14c51afc71f96f13400767a61fb2aed9c13fb9	414	4	203519	138.672	203519	138.67	52383	8.44756	unclassified	chr13	74501376	74555838	62	52383	+	56107	50676	46604	1645	3786	4072	60	0.998816	0.919646	0.830627	0
PBE24444_skip_b8ba7aa8_cf14c51a_142.pod5	68d63e96-df5b-4f21-8c84-8b4e67c83f63	cf14c51afc71f96f13400767a61fb2aed9c13fb9	28	4	203418	65.5092	203418	65.5092	21363	11.4573	unclassified	chr8	66420813	66435237	750	15151	+	14452	14373	14334	28	51	39	60	0.674109	0.997287	0.991835	0
PBE24444_skip_b8ba7aa8_cf14c51a_142.pod5	d9c639fb-d53c-47a9-89b5-8c4c2a256d73	cf14c51afc71f96f13400767a61fb2aed9c13fb9	850	4	203505	135.192	203505	135.19	51642	30.8943	unclassified	chr1	240200829	240252366	6	51613	-	51703	51441	51355	166	96	86	60	0.999322	0.998328	0.993269	0
PBE24444_skip_b8ba7aa8_cf14c51a_142.pod5	3249a091-85ac-49df-9ff4-fef806eb5484	cf14c51afc71f96f13400767a61fb2aed9c13fb9	725	4	203209	145.339	203209	145.194	45745	23.6509	unclassified	chr7	50609610	50655399	0	45738	+	45868	45659	45523	79	130	136	60	0.999847	0.997021	0.992478	0
PBE24444_skip_b8ba7aa8_cf14c51a_142.pod5	d6d842ba-b540-47ec-9334-c84e8c858043	cf14c51afc71f96f13400767a61fb2aed9c13fb9	451	1	203364	9.5832	203364	9.198	3572	23.9273	unclassified	chr7	99740474	99744040	0	3564	+	3570	3560	3549	4	6	11	60	0.99776	0.99691	0.994118	0
PBE24444_skip_b8ba7aa8_cf14c51a_142.pod5	7b38c341-c566-4f4f-b2b0-7413caa59c76	cf14c51afc71f96f13400767a61fb2aed9c13fb9	28	4	203484	105.431	203484	105.313	27885	15.4491	unclassified	chr11	60094679	60111693	0	16989	+	17060	16943	16864	46	71	79	60	0.609252	0.995337	0.988511	0
PBE24444_skip_b8ba7aa8_cf14c51a_142.pod5	d8caba09-6d0c-4846-8eb5-aac30739e93e	cf14c51afc71f96f13400767a61fb2aed9c13fb9	437	2	203334	166.322	203334	166.32	37017	7.07762	unclassified	chr2	201168266	201191166	3075	25888	-	24536	21177	18946	1636	1723	2231	60	0.616284	0.89465	0.772171	0
PBE24444_skip_b8ba7aa8_cf14c51a_142.pod5	ad4ee1e5-a1bc-43fd-bc14-505802e3889a	cf14c51afc71f96f13400767a61fb2aed9c13fb9	70	1	202704	475.955	202704	475.953	102884	6.88628	unclassified	chr3	179511780	179546601	69078	102765	-	37039	31469	27816	2218	3352	3653	60	0.327427	0.883918	0.750992	0
PBE24444_skip_b8ba7aa8_cf14c51a_142.pod5	872c39d6-ff2a-4f36-a20e-f9bc8515f3c3	cf14c51afc71f96f13400767a61fb2aed9c13fb9	437	2	203620	134.06	203620	134.058	29170	8.27493	unclassified	chr5	8155558	8167466	16680	28524	+	12130	11622	11291	222	286	331	60	0.406034	0.97152	0.930833	0
PBE24444_skip_b8ba7aa8_cf14c51a_142.pod5	6316b583-3e8e-4fa5-99cb-7f40c9396cdd	cf14c51afc71f96f13400767a61fb2aed9c13fb9	949	3	204109	28.9488	204109	28.764	10642	28.5529	unclassified	chr4	123532715	123543364	0	10638	+	10655	10632	10612	6	17	20	60	0.999624	0.998119	0.995964	0
PBE24444_skip_b8ba7aa8_cf14c51a_142.pod5	078566dc-3add-4c06-b23d-9dc7b1b02a7f	cf14c51afc71f96f13400767a61fb2aed9c13fb9	451	1	203303	60.8712	203303	60.8712	21550	17.1298	unclassified	chr19	21856268	21874421	99	18223	-	18187	18090	18047	34	63	43	60	0.841021	0.997623	0.992302	0
PBE24444_skip_b8ba7aa8_cf14c51a_142.pod5	a8c14c53-7e3b-4931-9e15-6d23e45f0fde	cf14c51afc71f96f13400767a61fb2aed9c13fb9	28	4	203342	53.1468	203342	52.9776	19215	13.8366	unclassified	chr11	92520565	92527410	6367	13222	-	6873	6827	6806	28	18	21	60	0.356753	0.996924	0.990252	0
PBE24444_skip_b8ba7aa8_cf14c51a_142.pod5	40356dc1-98a8-40d7-b1bd-e221d5909e34	cf14c51afc71f96f13400767a61fb2aed9c13fb9	949	3	204138	46.7592	204138	46.7592	19005	21.869	unclassified	chr8	35572057	35585364	5711	18995	+	13327	13264	13213	20	43	51	60	0.698974	0.996155	0.991446	0
PBE24444_skip_b8ba7aa8_cf14c51a_142.pod5	344abda7-9e34-4ff3-9e7b-b4a555be8808	cf14c51afc71f96f13400767a61fb2aed9c13fb9	442	2	204190	3.8976	204190	3.8976	925	2.93214	unclassified	*	-1	-1	-1	-1	*	0	0	0	0	0	0	0	0	0	0	0
PBE24444_skip_b8ba7aa8_cf14c51a_142.pod5	c090ca3d-9aac-4f35-83c3-5165f56b272a	cf14c51afc71f96f13400767a61fb2aed9c13fb9	722	4	204147	124.992	204147	124.902	53343	25.2728	unclassified	chr1	166621975	166675381	5	53343	-	53494	53250	53028	88	156	222	60	0.999906	0.995831	0.991289	0
PBE24444_skip_b8ba7aa8_cf14c51a_142.pod5	20bbe370-e885-4f94-97df-0c2137376637	cf14c51afc71f96f13400767a61fb2aed9c13fb9	36	4	204159	22.086	204160	21.5484	8602	16.0911	unclassified	chr14	106121181	106129517	0	8318	+	8347	8307	8270	11	29	37	60	0.966984	0.995546	0.990775	0
PBE24444_skip_b8ba7aa8_cf14c51a_142.pod5	3ce9959c-b163-4c34-a17e-f295ebfc9890	cf14c51afc71f96f13400767a61fb2aed9c13fb9	36	4	204148	11.4492	204148	11.3532	3963	15.9079	unclassified	chr6	47360498	47364271	0	3769	+	3779	3763	3756	6	10	7	60	0.951047	0.99814	0.993914	0
PBE24444_skip_b8ba7aa8_cf14c51a_142.pod5	40a1b25f-6fda-491d-9624-13c3a37b1777	cf14c51afc71f96f13400767a61fb2aed9c13fb9	36	4	204181	33.8748	204182	33.5688	11003	11.551	unclassified	chr6	113767814	113774084	1392	7667	-	6281	6264	6252	11	6	12	60	0.570299	0.998084	0.995383	0
PBE24444_skip_b8ba7aa8_cf14c51a_142.pod5	8d6758aa-c3e1-4a21-9d07-dc209561a0bb	cf14c51afc71f96f13400767a61fb2aed9c13fb9	949	3	204049	59.6352	204049	59.6352	23459	18.0719	unclassified	chr3	153994533	154001313	383	7172	+	6791	6778	6738	11	2	40	60	0.289399	0.994099	0.992196	0
PBE24444_skip_b8ba7aa8_cf14c51a_142.pod5	bf7c3b6a-81cf-40f7-87c2-fd940a370b33	cf14c51afc71f96f13400767a61fb2aed9c13fb9	461	3	204098	129.39	204098	129.203	47243	23.6941	unclassified	chr7	140151801	140199085	0	47243	+	47411	47116	47014	127	168	102	60	1	0.997835	0.991626	0
PBE24444_skip_b8ba7aa8_cf14c51a_142.pod5	d3702e01-7aa5-4c2a-a770-b2ddc1636dec	cf14c51afc71f96f13400767a61fb2aed9c13fb9	451	1	203170	132.205	203170	132.091	48004	20.3119	unclassified	chr8	22945966	22976055	3408	33467	+	30145	30003	29929	56	86	74	60	0.626177	0.997534	0.992835	0
PBE24444_skip_b8ba7aa8_cf14c51a_142.pod5	c677e93c-aea5-44d3-bd66-b6961324ec91	cf14c51afc71f96f13400767a61fb2aed9c13fb9	617	4	204241	136.003	204241	135.82	45335	31.3041	unclassified	chr4	154966097	155011454	0	45328	+	45386	45299	45245	29	58	54	60	0.999846	0.998808	0.996893	0
PBE24444_skip_b8ba7aa8_cf14c51a_142.pod5	2e3929a7-8dbc-4f0c-ba6a-754301ab6de8	cf14c51afc71f96f13400767a61fb2aed9c13fb9	287	4	204303	39.2108	204303	39.0708	15821	24.8595	unclassified	chr5	60633677	60649512	0	15821	-	15845	15811	15767	10	24	44	60	1	0.997217	0.995077	0
PBE24444_skip_b8ba7aa8_cf14c51a_142.pod5	3dad33d7-e6d8-4b87-9823-976228b69b48	cf14c51afc71f96f13400767a61fb2aed9c13fb9	127	3	203515	175.176	203515	175.069	69490	15.6235	unclassified	chr22	24784623	24854217	6	69490	-	70359	68719	67576	765	875	1143	60	0.999914	0.983367	0.960446	0
PBE24444_skip_b8ba7aa8_cf14c51a_142.pod5	18641b10-94b3-4e78-9c2b-67c5a961aea4	cf14c51afc71f96f13400767a61fb2aed9c13fb9	856	1	204164	146.855	204164	146.853	61007	23.5278	unclassified	chr12	28442513	28503551	23	61002	+	61132	60885	60745	94	153	140	60	0.999541	0.997701	0.993669	0
PBE24444_skip_b8ba7aa8_cf14c51a_142.pod5	859768be-2fd6-437f-bc0b-0c3f3b880379	cf14c51afc71f96f13400767a61fb2aed9c13fb9	396	3	204168	177.581	204168	177.579	43313	32.8611	unclassified	chr2	223684307	223727523	6	43269	-	43281	43198	43131	65	18	67	60	0.998846	0.998449	0.996534	0
PBE24444_skip_b8ba7aa8_cf14c51a_142.pod5	e2f96e50-fbba-46ca-a99e-f06e31593c10	cf14c51afc71f96f13400767a61fb2aed9c13fb9	28	4	203195	146.85	203195	146.85	57484	16.96	unclassified	chr4	49278622	49308895	18076	50962	-	33086	30073	28947	2813	200	1126	8	0.57209	0.962558	0.874902	0
PBE24444_skip_b8ba7aa8_cf14c51a_142.pod5	642ae974-7259-49d0-870d-f0c90c93a067	cf14c51afc71f96f13400767a61fb2aed9c13fb9	593	4	203523	131.395	203523	131.393	47800	27.1973	unclassified	chr12	36141426	36152745	36456	47767	-	11324	11306	11086	5	13	220	8	0.236632	0.980541	0.978983	0
PBE24444_skip_b8ba7aa8_cf14c51a_142.pod5	02e4d05e-2503-4c08-9ae4-fa80375e8f6b	cf14c51afc71f96f13400767a61fb2aed9c13fb9	683	4	203557	197.876	203557	197.748	57794	21.3875	unclassified	chr9	107354980	107412134	0	57172	+	57260	57066	56900	106	88	166	60	0.989238	0.997091	0.993713	0
PBE24444_skip_b8ba7aa8_cf14c51a_142.pod5	cb1b1d97-4777-40ea-bcf2-54bc507de285	cf14c51afc71f96f13400767a61fb2aed9c13fb9	451	1	202970	200.177	202970	200.177	76716	19.6297	unclassified	chr8	50232519	50272416	33287	73109	+	39986	39733	39512	89	164	221	60	0.519083	0.994438	0.988146	0
PBE24444_skip_b8ba7aa8_cf14c51a_142.pod5	6c052004-c306-402e-b21a-e8707aaf6196	cf14c51afc71f96f13400767a61fb2aed9c13fb9	725	4	204282	125.654	204282	125.533	42320	25.0444	unclassified	chr5	3944150	3986515	6	42320	-	42450	42229	42051	85	136	178	60	0.999858	0.995785	0.990601	0
PBE24444_skip_b8ba7aa8_cf14c51a_142.pod5	6b14f72b-b7fc-44fa-bb26-6b8c1bb6db0c	cf14c51afc71f96f13400767a61fb2aed9c13fb9	36	4	204035	112.127	204035	112.127	42872	17.4344	unclassified	chr9	77194753	77214336	23296	42872	+	19614	19545	19515	31	38	30	60	0.456615	0.998465	0.994953	0
PBE24444_skip_b8ba7aa8_cf14c51a_142.pod5	74e57fe8-844b-4bef-a104-26865e32142d	cf14c51afc71f96f13400767a61fb2aed9c13fb9	831	1	204320	142.53	204320	142.43	57631	20.1906	unclassified	chr11	122936687	122970686	0	33986	+	34026	33959	33927	27	40	32	60	0.589717	0.999058	0.99709	0
PBE24444_skip_b8ba7aa8_cf14c51a_142.pod5	b9d00ec3-a273-40eb-a3f6-4d38f4a7525b	cf14c51afc71f96f13400767a61fb2aed9c13fb9	36	4	204562	11.6808	204562	11.4408	4413	16.2832	unclassified	chr6	156442773	156447040	0	4260	+	4274	4253	4246	7	14	7	60	0.96533	0.998354	0.993449	0
PBE24444_skip_b8ba7aa8_cf14c51a_142.pod5	79dee07c-226d-472b-b650-24d081292a51	cf14c51afc71f96f13400767a61fb2aed9c13fb9	58	2	204264	132.746	204264	132.744	51528	26.776	unclassified	chr4	112117719	112169176	13	51487	-	51582	51349	51207	125	108	142	60	0.998952	0.997235	0.99273	0
PBE24444_skip_b8ba7aa8_cf14c51a_142.pod5	85e491b1-59c8-4ce1-829c-a80f1ca93958	cf14c51afc71f96f13400767a61fb2aed9c13fb9	36	4	204573	25.8828	204574	25.7112	9672	25.1876	unclassified	chr11	47014048	47023707	0	9656	+	9685	9630	9619	26	29	11	60	0.998346	0.998858	0.993185	0
PBE24444_skip_b8ba7aa8_cf14c51a_142.pod5	fde183a8-385f-4280-b0bc-68f1833b7cf6	cf14c51afc71f96f13400767a61fb2aed9c13fb9	804	1	204202	196.62	204202	196.458	71820	18.888	unclassified	chr8	61381123	61422699	0	41540	+	41705	41411	41195	129	165	216	60	0.57839	0.994784	0.987771	0
PBE24444_skip_b8ba7aa8_cf14c51a_142.pod5	09270766-f98a-4133-9f36-85e5f62ea73a	cf14c51afc71f96f13400767a61fb2aed9c13fb9	296	2	204366	137.735	204366	137.733	26134	2.92717	unclassified	chr10	112455235	112455394	22678	22813	+	166	128	116	7	31	12	1	0.00516568	0.90625	0.698795	0
PBE24444_skip_b8ba7aa8_cf14c51a_142.pod5	1186f779-b2f0-450c-9aa6-ade28b759108	cf14c51afc71f96f13400767a61fb2aed9c13fb9	28	4	203628	125.958	203629	125.773	46419	19.4719	unclassified	chr7	46582123	46627982	614	46419	-	45976	45688	45495	117	171	193	60	0.986773	0.995776	0.989538	0
PBE24444_skip_b8ba7aa8_cf14c51a_142.pod5	2f60b6f8-1254-429a-b510-250f3bb9ff03	cf14c51afc71f96f13400767a61fb2aed9c13fb9	529	2	202736	593.817	202736	593.815	103099	4.63745	unclassified	chr8	118962373	118963011	80662	81293	+	699	570	491	61	68	79	1	0.00612033	0.861404	0.702432	0
PBE24444_skip_b8ba7aa8_cf14c51a_142.pod5	368aabe2-d911-4d73-8283-c4f5c283ba44	cf14c51afc71f96f13400767a61fb2aed9c13fb9	160	4	204310	172.443	204310	172.441	61096	10.549	unclassified	chr18	2783481	2845788	32	61091	+	63648	59718	56679	1341	2589	3039	60	0.999394	0.949111	0.890507	0
PBE24444_skip_b8ba7aa8_cf14c51a_142.pod5	5aa54a6c-4eb6-4204-98be-4b6523fef7c8	cf14c51afc71f96f13400767a61fb2aed9c13fb9	890	3	203538	160.226	203538	160.036	58970	24.9687	unclassified	chr7	111720078	111779066	6	58970	-	59087	58865	58717	99	123	148	60	0.999898	0.997486	0.993738	0
PBE24444_skip_b8ba7aa8_cf14c51a_142.pod5	4adb8b85-a02a-4b4b-8f52-738720b5dd79	cf14c51afc71f96f13400767a61fb2aed9c13fb9	451	1	203507	199.289	203507	199.289	72367	14.9133	unclassified	chr7	42203238	42218432	44780	59931	-	15237	15108	15030	43	86	78	60	0.209363	0.994837	0.986415	0
PBE24444_skip_b8ba7aa8_cf14c51a_142.pod5	619c5716-343a-4af9-bc76-005bcb7067ea	cf14c51afc71f96f13400767a61fb2aed9c13fb9	280	3	203027	241.982	203027	241.889	97414	29.5407	unclassified	chr2	35320008	35417451	0	97414	-	97535	97322	97178	92	121	144	60	1	0.99852	0.99634	0
PBE24444_skip_b8ba7aa8_cf14c51a_142.pod5	7896b559-97b6-4c1b-9447-c4fa7cf79390	cf14c51afc71f96f13400767a61fb2aed9c13fb9	36	4	204513	48.5748	204513	48.3888	19659	18.7506	unclassified	chr3	150326525	150333392	0	6871	+	6880	6858	6849	13	9	9	60	0.349509	0.998688	0.995494	0
PBE24444_skip_b8ba7aa8_cf14c51a_142.pod5	33d3272d-2959-41d5-85cb-1df373a9498d	cf14c51afc71f96f13400767a61fb2aed9c13fb9	28	4	202351	269.172	202351	269.041	103050	17.8597	unclassified	chr1	171988972	172027009	27060	65013	-	38118	37872	37722	81	165	150	60	0.368297	0.996039	0.989611	0
PBE24444_skip_b8ba7aa8_cf14c51a_142.pod5	830c4ea6-4ee5-48f2-8b3f-d769ace672c8	cf14c51afc71f96f13400767a61fb2aed9c13fb9	36	4	204469	44.4708	204469	44.4708	15788	12.216	unclassified	chrX	15905494	15919541	725	14792	+	14080	14034	14007	33	13	27	60	0.890993	0.998076	0.994815	0
PBE24444_skip_b8ba7aa8_cf14c51a_142.pod5	9f99c835-ff62-49bb-9510-374aad381206	cf14c51afc71f96f13400767a61fb2aed9c13fb9	784	3	204499	142.614	204499	142.49	55830	22.487	unclassified	chr6	93383220	93423808	15328	55830	-	40666	40424	40289	78	164	135	60	0.725452	0.99666	0.990729	0
PBE24444_skip_b8ba7aa8_cf14c51a_142.pod5	6086bb4f-8544-4a3b-83e0-ae59ad25c56b	cf14c51afc71f96f13400767a61fb2aed9c13fb9	442	2	204194	179.026	204194	179.026	64527	24.1598	unclassified	chr15	97559290	97623805	0	64497	-	64630	64382	64236	115	133	146	60	0.999535	0.997732	0.993904	0
PBE24444_skip_b8ba7aa8_cf14c51a_142.pod5	df1d2358-4b2b-40ec-ae0d-9687c55df2a6	cf14c51afc71f96f13400767a61fb2aed9c13fb9	226	3	204395	136.024	204396	135.848	52285	28.609	unclassified	chr13	26168471	26220762	8	52285	-	52349	52219	52105	58	72	114	60	0.999847	0.997817	0.995339	0
PBE24444_skip_b8ba7aa8_cf14c51a_142.pod5	ae4dc999-1434-4ac1-92e2-100b8425c16d	cf14c51afc71f96f13400767a61fb2aed9c13fb9	355	4	204445	131.756	204445	131.645	54470	21.7289	unclassified	chr2	12270328	12311435	3	41121	+	41148	41077	40992	41	30	85	60	0.754874	0.997931	0.996209	0
PBE24444_skip_b8ba7aa8_cf14c51a_142.pod5	fe0d122a-e841-465e-b28c-f0197c099f44	cf14c51afc71f96f13400767a61fb2aed9c13fb9	799	3	204036	121.646	204036	121.644	53967	26.5676	unclassified	chr9	43728556	43741540	40926	53738	-	13172	12624	12022	188	360	602	2	0.237404	0.952313	0.912694	0
PBE24444_skip_b8ba7aa8_cf14c51a_142.pod5	077505c2-70df-48fd-93cc-9a9a90f1c870	cf14c51afc71f96f13400767a61fb2aed9c13fb9	734	1	203529	225.522	203529	225.52	83370	12.3771	unclassified	chr3	179381992	179465284	40	82763	+	84881	81134	78752	1589	2158	2382	60	0.992239	0.970641	0.927793	0
PBE24444_skip_b8ba7aa8_cf14c51a_142.pod5	52a5a7bd-7d3f-4b8e-a2fe-55467c5e427f	cf14c51afc71f96f13400767a61fb2aed9c13fb9	949	3	204194	103.547	204194	103.547	38688	15.8141	unclassified	chr16	61404240	61429761	3292	28331	+	25557	25003	24902	36	518	101	60	0.647203	0.99596	0.974371	0
PBE24444_skip_b8ba7aa8_cf14c51a_142.pod5	9c0c0092-31ca-429f-bf0e-026c849d2bcc	cf14c51afc71f96f13400767a61fb2aed9c13fb9	463	3	203556	162.489	203556	162.409	62016	26.3395	unclassified	chr1	122541632	122552626	51017	62012	+	11002	10987	10339	8	7	648	15	0.177293	0.941021	0.939738	0
PBE24444_skip_b8ba7aa8_cf14c51a_142.pod5	5883d13b-1637-4df1-bdae-d98f5285a347	cf14c51afc71f96f13400767a61fb2aed9c13fb9	396	3	204569	129.2	204569	129.052	50030	31.8441	unclassified	chr16	19016862	19066893	6	50030	-	50077	49978	49898	46	53	80	60	0.99988	0.998399	0.996426	0
PBE24444_skip_b8ba7aa8_cf14c51a_142.pod5	c658b2ce-67fc-4278-87b3-60bff13f4d88	cf14c51afc71f96f13400767a61fb2aed9c13fb9	329	4	204578	124.538	204578	124.435	43309	18.7066	unclassified	chr22	45304358	45346925	862	43309	-	42646	42368	42278	79	199	90	60	0.980097	0.997876	0.991371	0
PBE24444_skip_b8ba7aa8_cf14c51a_142.pod5	8c7abd22-2cdb-4cd6-a161-56fb8cc1a477	cf14c51afc71f96f13400767a61fb2aed9c13fb9	88	1	204617	73.3736	204617	73.3116	18568	11.567	unclassified	chr17	27587582	27602211	0	14606	+	14645	14590	14557	16	39	33	60	0.786622	0.997738	0.993991	0
PBE24444_skip_b8ba7aa8_cf14c51a_142.pod5	4a377643-df4f-4256-a380-a3a7dc1b1eba	cf14c51afc71f96f13400767a61fb2aed9c13fb9	463	3	204408	127.124	204408	127.122	49297	25.2658	unclassified	chr5	84157998	84207325	32	49297	+	49402	49190	49087	75	137	103	60	0.999351	0.997906	0.993624	0
PBE24444_skip_b8ba7aa8_cf14c51a_142.pod5	f674b56f-721e-4742-ac70-a3e21291d492	cf14c51afc71f96f13400767a61fb2aed9c13fb9	54	4	204456	149.656	204456	149.654	60695	11.5103	unclassified	chr3	29103309	29164526	33	60686	+	62591	59279	56938	1374	1938	2341	60	0.999308	0.960509	0.909684	0
PBE24444_skip_b8ba7aa8_cf14c51a_142.pod5	1d6cd606-b95f-4ce0-8eca-c974c3c6e4b9	cf14c51afc71f96f13400767a61fb2aed9c13fb9	442	2	204445	1.3464	204445	1.3464	266	2.56126	unclassified	*	-1	-1	-1	-1	*	0	0	0	0	0	0	0	0	0	0	0
PBE24444_skip_b8ba7aa8_cf14c51a_142.pod5	3ae1c4eb-174f-4001-a3de-930d81d766d3	cf14c51afc71f96f13400767a61fb2aed9c13fb9	88	1	204440	156.908	204440	156.906	64040	37.1808	unclassified	chr4	49709070	49711961	56864	60187	+	3326	2888	2595	435	3	293	1	0.0518894	0.898546	0.780216	0
PBE24444_skip_b8ba7aa8_cf14c51a_142.pod5	0237a905-5657-4c01-8124-9353fb2ad112	cf14c51afc71f96f13400767a61fb2aed9c13fb9	569	4	204683	130.722	204683	130.72	31529	2.7248	unclassified	*	-1	-1	-1	-1	*	0	0	0	0	0	0	0	0	0	0	0
PBE24444_skip_b8ba7aa8_cf14c51a_142.pod5	ee5f997f-685d-4ecb-a8fb-ba2922d4f514	cf14c51afc71f96f13400767a61fb2aed9c13fb9	864	2	204534	142.765	204534	142.594	56501	25.0723	unclassified	chr7	127526727	127583227	0	56494	+	56618	56376	56239	118	124	137	60	0.999876	0.99757	0.993306	0
PBE24444_skip_b8ba7aa8_cf14c51a_142.pod5	07a5a285-be07-4202-87e3-57c12fda255c	cf14c51afc71f96f13400767a61fb2aed9c13fb9	457	4	204347	210.072	204347	210.07	79151	27.0055	unclassified	chr3	182696809	182749225	26747	79119	-	52453	52335	52231	37	81	104	60	0.661672	0.998013	0.995768	0
PBE24444_skip_b8ba7aa8_cf14c51a_142.pod5	e5a1d0d6-127b-4107-b8ac-ae5ddaeae98f	cf14c51afc71f96f13400767a61fb2aed9c13fb9	746	1	204633	18.2496	204633	18.2496	6143	15.0141	unclassified	chr9	86405914	86411682	31	5794	+	5770	5761	5748	2	7	13	60	0.938141	0.997743	0.996187	0
PBE24444_skip_b8ba7aa8_cf14c51a_142.pod5	2edb7d17-530f-48b5-ae78-5c3754bd42bd	cf14c51afc71f96f13400767a61fb2aed9c13fb9	278	4	204583	118.891	204583	118.735	53507	12.2013	unclassified	chr6	130889471	130943439	0	53507	-	55095	52380	50616	1127	1588	1764	60	1	0.966323	0.918704	0
PBE24444_skip_b8ba7aa8_cf14c51a_142.pod5	15f7536e-8f62-4be5-a0fb-47b32be9df88	cf14c51afc71f96f13400767a61fb2aed9c13fb9	746	1	204651	13.932	204651	13.7928	5078	24.2064	unclassified	chr21	10446512	10451586	0	5075	+	5101	5048	4975	27	26	73	60	0.999409	0.985539	0.975299	0
PBE24444_skip_b8ba7aa8_cf14c51a_142.pod5	349381c6-bf69-4d17-b902-f641b8e25726	cf14c51afc71f96f13400767a61fb2aed9c13fb9	949	3	204298	75.7476	204298	75.672	30558	21.4801	unclassified	chr1	98243666	98260709	0	17020	+	17053	17010	16984	10	33	26	60	0.556974	0.998471	0.995954	0
PBE24444_skip_b8ba7aa8_cf14c51a_142.pod5	36951389-5cb0-4fce-bb24-5e4ba8f65b0b	cf14c51afc71f96f13400767a61fb2aed9c13fb9	787	3	204640	133.941	204640	133.759	52469	24.5273	unclassified	chr5	144087236	144139398	7	52469	-	52628	51996	51798	466	166	198	60	0.999867	0.996192	0.984229	0
PBE24444_skip_b8ba7aa8_cf14c51a_142.pod5	758cb121-9012-4503-b3e4-f8d4967e81b3	cf14c51afc71f96f13400767a61fb2aed9c13fb9	116	1	204587	142.518	204587	142.344	45226	18.6183	unclassified	chr5	175756419	175801784	0	45171	+	45569	44967	44595	204	398	372	60	0.998784	0.991727	0.978626	0
PBE24444_skip_b8ba7aa8_cf14c51a_142.pod5	825739b4-75f1-4291-9795-4b833977356e	cf14c51afc71f96f13400767a61fb2aed9c13fb9	36	4	204735	24.0048	204736	23.8356	10659	24.1879	unclassified	chr16	71789975	71800649	0	10648	+	10690	10632	10603	16	42	29	60	0.998968	0.997272	0.991862	0
PBE24444_skip_b8ba7aa8_cf14c51a_142.pod5	50b551a7-5bad-4e9d-9c0e-a5e6fb118ffd	cf14c51afc71f96f13400767a61fb2aed9c13fb9	296	2	204710	135.496	204710	135.494	25248	2.85718	unclassified	*	-1	-1	-1	-1	*	0	0	0	0	0	0	0	0	0	0	0
PBE24444_skip_b8ba7aa8_cf14c51a_142.pod5	3b3ad671-0761-4b9d-86aa-b23cbcf159f6	cf14c51afc71f96f13400767a61fb2aed9c13fb9	773	4	204603	136.395	204603	136.225	40073	27.3199	unclassified	chr12	53275016	53314944	0	40067	+	40129	39866	39782	201	62	84	60	0.99985	0.997893	0.991353	0
PBE24444_skip_b8ba7aa8_cf14c51a_142.pod5	254cccff-f6a2-48ba-8a18-eaa31970e020	cf14c51afc71f96f13400767a61fb2aed9c13fb9	36	4	204759	25.5396	204760	25.3368	8589	11.0346	unclassified	chr22	38373737	38378649	1036	5949	-	4916	4909	4895	4	3	14	60	0.572011	0.997148	0.995728	0
PBE24444_skip_b8ba7aa8_cf14c51a_142.pod5	c2561669-4c83-4f6b-841c-a4b01080a2c3	cf14c51afc71f96f13400767a61fb2aed9c13fb9	949	3	204615	1.9596	204615	1.9596	394	2.63317	unclassified	*	-1	-1	-1	-1	*	0	0	0	0	0	0	0	0	0	0	0
PBE24444_skip_b8ba7aa8_cf14c51a_142.pod5	a63a6631-2893-41a0-a56e-208bb4da36b2	cf14c51afc71f96f13400767a61fb2aed9c13fb9	953	1	204416	123.984	204416	123.827	33944	32.2317	unclassified	chr13	105261606	105295549	0	33944	+	33980	33907	33838	37	36	69	60	1	0.997965	0.995821	0
PBE24444_skip_b8ba7aa8_cf14c51a_142.pod5	2e41ea61-8e2d-4e36-832d-ca3c89d42e83	cf14c51afc71f96f13400767a61fb2aed9c13fb9	949	3	204617	13.0056	204617	12.8556	4295	16.006	unclassified	chrX	47716696	47720875	118	4294	-	4194	4161	4146	15	18	15	60	0.972293	0.996395	0.988555	0
PBE24444_skip_b8ba7aa8_cf14c51a_142.pod5	73435147-7b78-4a06-8bd0-767cc3223468	cf14c51afc71f96f13400767a61fb2aed9c13fb9	949	3	204630	11.9184	204630	11.6664	4255	13.8807	unclassified	chr10	27398365	27402299	0	3933	+	3940	3927	3916	6	7	11	60	0.924324	0.997199	0.993909	0
PBE24444_skip_b8ba7aa8_cf14c51a_142.pod5	f828a008-32c3-45dc-9f0c-0affb5b4b656	cf14c51afc71f96f13400767a61fb2aed9c13fb9	36	4	204659	76.632	204659	76.086	29636	17.5455	unclassified	chr1	74096078	74124560	0	28459	+	28502	28439	28382	20	43	57	60	0.960285	0.997996	0.99579	0
PBE24444_skip_b8ba7aa8_cf14c51a_142.pod5	e14cb7c8-0ffe-480b-a128-9a7806cba734	cf14c51afc71f96f13400767a61fb2aed9c13fb9	953	1	204673	131.275	204673	131.082	53478	28.8842	unclassified	chr8	53310399	53363874	0	53478	+	53532	53421	53374	57	54	47	60	1	0.99912	0.997048	0
PBE24444_skip_b8ba7aa8_cf14c51a_142.pod5	d1b90d85-4ded-44c6-8c7f-cf3f2e366a09	cf14c51afc71f96f13400767a61fb2aed9c13fb9	890	3	204830	120.912	204830	120.791	43328	23.038	unclassified	chr5	11446285	11489615	0	43328	-	43432	43226	43104	102	104	122	60	1	0.997178	0.992448	0
PBE24444_skip_b8ba7aa8_cf14c51a_142.pod5	f9a97a88-60fa-4f35-a142-e5933e667c33	cf14c51afc71f96f13400767a61fb2aed9c13fb9	949	3	204751	80.5992	204751	80.4792	31301	20.4072	unclassified	chr4	104783491	104810442	3842	30794	-	26977	26926	26868	26	25	58	60	0.861059	0.997846	0.99596	0
PBE24444_skip_b8ba7aa8_cf14c51a_142.pod5	cf6c0e51-8737-4101-8ede-6dd9b9c34ee1	cf14c51afc71f96f13400767a61fb2aed9c13fb9	442	2	204650	82.4292	204650	81.9684	27836	16.1252	unclassified	chr14	87066173	87086396	0	20193	+	20268	20148	20088	45	75	60	60	0.725428	0.997022	0.991119	0
PBE24444_skip_b8ba7aa8_cf14c51a_142.pod5	79447f8c-8478-4e01-a8b0-52e0032ec3e1	cf14c51afc71f96f13400767a61fb2aed9c13fb9	746	1	204436	196.417	204436	196.417	63657	12.7411	unclassified	chr5	150185851	150219517	24726	58398	+	33719	33619	33533	53	47	86	60	0.52896	0.997442	0.994484	0
PBE24444_skip_b8ba7aa8_cf14c51a_142.pod5	623b1d87-07da-4c40-b28a-7eaf9141686c	cf14c51afc71f96f13400767a61fb2aed9c13fb9	364	1	202662	641.142	202662	641.14	133591	5.37506	unclassified	chr10	47658773	47682666	49394	77204	+	29760	21943	18787	5867	1950	3156	19	0.208173	0.856173	0.631284	0
PBE24444_skip_b8ba7aa8_cf14c51a_142.pod5	2fc03985-f88d-4ef7-bab8-8b36fbdeb49c	cf14c51afc71f96f13400767a61fb2aed9c13fb9	949	3	204374	153.233	204374	153.072	60855	25.2111	unclassified	chr11	70348245	70385923	10	43129	-	43179	37618	37578	5501	60	40	60	0.708553	0.998937	0.870284	0
PBE24444_skip_b8ba7aa8_cf14c51a_142.pod5	86fb3b8e-9f7b-454c-b57c-9cc9715470ea	cf14c51afc71f96f13400767a61fb2aed9c13fb9	949	3	204881	22.734	204881	22.734	9081	24.4048	unclassified	chr9	65923702	65932737	5	9046	-	9050	9026	9013	15	9	13	58	0.995595	0.99856	0.995912	0
PBE24444_skip_b8ba7aa8_cf14c51a_142.pod5	31fd95d3-91d5-4d98-9204-853848d08fa1	cf14c51afc71f96f13400767a61fb2aed9c13fb9	949	3	204832	49.8336	204832	49.5528	20275	25.0647	unclassified	chr9	62040874	62050961	10	10107	-	10116	10068	10051	29	19	17	30	0.498002	0.998311	0.993575	0
PBE24444_skip_b8ba7aa8_cf14c51a_142.pod5	28d3fb06-1c20-43f5-b4a8-6768cc7dcac2	cf14c51afc71f96f13400767a61fb2aed9c13fb9	864	2	204679	166.33	204679	166.328	66527	26.7201	unclassified	chr13	25250634	25317186	32	66520	+	66664	66376	66256	112	176	120	60	0.999414	0.998192	0.99388	0
PBE24444_skip_b8ba7aa8_cf14c51a_142.pod5	a03cb35a-a7cf-48f2-9f7b-b23e8881b904	cf14c51afc71f96f13400767a61fb2aed9c13fb9	799	3	204815	128.964	204816	128.797	50385	24.8896	unclassified	chr13	82087287	82137661	0	50380	+	50454	50300	50209	80	74	91	60	0.999901	0.998191	0.995144	0
PBE24444_skip_b8ba7aa8_cf14c51a_142.pod5	184a4c4c-7a23-4c68-ab13-3c1a2cbf8d2f	cf14c51afc71f96f13400767a61fb2aed9c13fb9	746	1	204665	154.64	204665	154.324	60032	21.0915	unclassified	chr1	119509023	119563834	0	54818	+	54932	54697	54507	121	114	190	60	0.913146	0.996526	0.992263	0
PBE24444_skip_b8ba7aa8_cf14c51a_142.pod5	c4128017-348a-492a-84c2-cc0711bfc2f8	cf14c51afc71f96f13400767a61fb2aed9c13fb9	70	1	204610	189.687	204610	189.685	40843	6.47402	unclassified	chr8	57866247	57888651	18581	40824	+	24258	20389	18182	1854	2015	2207	60	0.544598	0.891755	0.749526	0
PBE24444_skip_b8ba7aa8_cf14c51a_142.pod5	80b725b9-d10d-4c6b-aa69-5d03ed075f67	cf14c51afc71f96f13400767a61fb2aed9c13fb9	401	3	204919	130.66	204919	130.488	47532	25.4985	unclassified	chr6	85199626	85247046	0	47526	+	47628	47318	46988	208	102	330	60	0.999874	0.993026	0.986563	0
PBE24444_skip_b8ba7aa8_cf14c51a_142.pod5	580ac08c-26f6-4c5d-bfba-9fcd9f9dd406	cf14c51afc71f96f13400767a61fb2aed9c13fb9	396	3	205014	113.016	205014	112.703	30751	32.3555	unclassified	chr3	80364178	80394943	0	30749	+	30781	30733	30619	16	32	114	60	0.999935	0.996291	0.994737	0
PBE24444_skip_b8ba7aa8_cf14c51a_142.pod5	0675fcdf-e986-46da-8c5c-2111a916a7e2	cf14c51afc71f96f13400767a61fb2aed9c13fb9	414	4	204028	379.611	204028	379.609	82591	7.19031	unclassified	chr20	29312680	29357260	5490	51568	+	49376	41282	36294	4796	3298	4988	60	0.557906	0.879173	0.735053	0
PBE24444_skip_b8ba7aa8_cf14c51a_142.pod5	3cbe2120-c3df-4f35-9a5c-28f302bd944b	cf14c51afc71f96f13400767a61fb2aed9c13fb9	442	2	204447	202.992	204447	202.801	72118	20.9579	unclassified	chr8	60200004	60252318	0	52313	+	52388	52239	52098	74	75	141	60	0.725381	0.997301	0.994464	0
PBE24444_skip_b8ba7aa8_cf14c51a_142.pod5	f701e0ea-49af-44c2-a72a-e56bfc28da3b	cf14c51afc71f96f13400767a61fb2aed9c13fb9	683	4	205071	17.9028	205071	17.6292	5950	27.9498	unclassified	chr20	7729431	7735383	0	5941	+	5955	5938	5932	3	14	6	60	0.998487	0.99899	0.996138	0
PBE24444_skip_b8ba7aa8_cf14c51a_142.pod5	b45b8507-8329-4a89-9399-3eed0bdff4ad	cf14c51afc71f96f13400767a61fb2aed9c13fb9	949	3	205001	6.1776	205002	5.6736	2141	21.6766	unclassified	chr19	31377211	31379348	0	2141	+	2144	2134	2124	7	3	10	60	1	0.995314	0.990672	0
PBE24444_skip_b8ba7aa8_cf14c51a_142.pod5	8909bc20-75b4-4a51-b653-3b1332ea6988	cf14c51afc71f96f13400767a61fb2aed9c13fb9	949	3	204642	108.8	204642	108.512	43901	24.1526	unclassified	chr12	33986342	34030262	0	43901	-	43989	43832	43741	69	88	91	60	1	0.997924	0.994362	0
PBE24444_skip_b8ba7aa8_cf14c51a_142.pod5	32d4f061-97b9-481e-88d0-78f9ca422c7d	cf14c51afc71f96f13400767a61fb2aed9c13fb9	617	4	204744	133.959	204744	133.805	39686	28.9481	unclassified	chr4	94775121	94814822	7	39686	-	39728	39652	39561	27	49	91	60	0.999824	0.997705	0.995796	0
PBE24444_skip_b8ba7aa8_cf14c51a_142.pod5	d2b6102a-fd70-4f5a-9035-da2d7d7d6f2a	cf14c51afc71f96f13400767a61fb2aed9c13fb9	340	1	204665	142.881	204666	142.751	58836	29.8121	unclassified	chr5	61440018	61498865	0	58827	+	58876	58798	58767	29	49	31	60	0.999847	0.999473	0.998149	0
PBE24444_skip_b8ba7aa8_cf14c51a_142.pod5	d2f1c8f2-6b21-459a-b3ae-7da1e395b39a	cf14c51afc71f96f13400767a61fb2aed9c13fb9	784	3	204648	194.05	204648	193.903	77133	23.563	unclassified	chr18	43569150	43646408	0	77133	-	77425	76966	76677	167	292	289	60	1	0.996245	0.990339	0
PBE24444_skip_b8ba7aa8_cf14c51a_142.pod5	ad066990-84f5-4600-83a8-61eed38973c5	cf14c51afc71f96f13400767a61fb2aed9c13fb9	831	1	204987	25.4088	204987	25.2948	10277	28.1388	unclassified	chr5	127150736	127161020	0	10277	-	10288	10273	10269	4	11	4	60	1	0.999611	0.998153	0
PBE24444_skip_b8ba7aa8_cf14c51a_142.pod5	9b5cc300-009c-4838-848b-2db8f17efd15	cf14c51afc71f96f13400767a61fb2aed9c13fb9	36	4	204785	48.2508	204785	48.1524	19551	21.7084	unclassified	chr4	21362682	21373282	8974	19551	-	10626	10551	10524	26	49	27	60	0.540995	0.997441	0.990401	0
PBE24444_skip_b8ba7aa8_cf14c51a_142.pod5	de80bf54-4c97-42d2-9c85-d14765cee344	cf14c51afc71f96f13400767a61fb2aed9c13fb9	226	3	204841	122.332	204841	122.33	47084	28.4019	unclassified	chr14	70994647	71041712	1	47050	-	47102	47012	46979	37	53	33	60	0.999257	0.999298	0.997389	0
PBE24444_skip_b8ba7aa8_cf14c51a_142.pod5	1b8a691b-cc77-48e4-9956-d08a2e309102	cf14c51afc71f96f13400767a61fb2aed9c13fb9	16	1	204935	121.499	204935	121.497	45186	23.5228	unclassified	chr19	7293909	7333714	5155	45179	+	40604	39225	39104	799	580	121	60	0.885761	0.996915	0.963058	0
PBE24444_skip_b8ba7aa8_cf14c51a_142.pod5	851bd435-0b45-403f-a6e2-71ef3bbfb7a6	cf14c51afc71f96f13400767a61fb2aed9c13fb9	949	3	204916	84.7728	204916	84.7728	29036	13.1393	unclassified	chr11	119011707	119029062	10690	28035	+	17392	17308	17259	37	47	49	60	0.597362	0.997169	0.992353	0
PBE24444_skip_b8ba7aa8_cf14c51a_142.pod5	baed69e3-53c4-4ff4-9095-16bc0410a5f2	cf14c51afc71f96f13400767a61fb2aed9c13fb9	683	4	204939	131.713	204939	131.713	39166	17.91	unclassified	chr20	19365630	19395045	8712	38136	-	29447	29392	29359	32	23	33	60	0.751264	0.998877	0.997012	0
PBE24444_skip_b8ba7aa8_cf14c51a_142.pod5	7e2f9141-b6c1-4543-99f9-6a731be57d7f	cf14c51afc71f96f13400767a61fb2aed9c13fb9	340	1	204853	141.07	204853	141.068	52743	25.6072	unclassified	chr14	64798990	64851485	0	52721	-	52828	52388	52279	333	107	109	60	0.999583	0.997919	0.989608	0
PBE24444_skip_b8ba7aa8_cf14c51a_142.pod5	3e4c39de-cf25-4d94-bc85-c89625fae4ea	cf14c51afc71f96f13400767a61fb2aed9c13fb9	414	4	204854	125.857	204854	125.855	36764	6.97085	unclassified	chr2	164417904	164435285	31	16954	+	18036	16268	14925	655	1113	1343	60	0.460314	0.917445	0.827512	0
PBE24444_skip_b8ba7aa8_cf14c51a_142.pod5	f20299e3-58fe-4d0e-902e-fe853a1044e9	cf14c51afc71f96f13400767a61fb2aed9c13fb9	364	1	203336	418.869	203336	418.867	93694	5.44671	unclassified	chr9	90633957	90652289	74020	92164	-	20137	16339	13814	1805	1993	2525	36	0.193652	0.845462	0.686001	0
PBE24444_skip_b8ba7aa8_cf14c51a_142.pod5	7464e61f-839e-4be7-8a98-f5cdbb5da3f2	cf14c51afc71f96f13400767a61fb2aed9c13fb9	949	3	205007	148.794	205008	148.673	56924	19.2742	unclassified	chr2	191945282	191975260	26959	56921	+	30059	29881	29822	81	97	59	60	0.526351	0.998025	0.992115	0
PBE24444_skip_b8ba7aa8_cf14c51a_142.pod5	711cf4a7-d0cd-42bd-9f87-9fb40f5ad86a	cf14c51afc71f96f13400767a61fb2aed9c13fb9	978	2	205179	123.813	205179	123.688	34118	24.8738	unclassified	chr3	123090419	123124434	9	34118	-	34151	33973	33899	136	42	74	60	0.999736	0.997822	0.992621	0
PBE24444_skip_b8ba7aa8_cf14c51a_142.pod5	c923db75-5167-453a-82df-f9bbfb473865	cf14c51afc71f96f13400767a61fb2aed9c13fb9	36	4	204880	22.1724	204880	21.8664	8096	12.3633	unclassified	chr12	98414058	98418141	12	4107	-	4107	4071	4054	24	12	17	60	0.505805	0.995824	0.987095	0
PBE24444_skip_b8ba7aa8_cf14c51a_142.pod5	26f548d4-a1bb-4d31-9d40-346f8dbe78dd	cf14c51afc71f96f13400767a61fb2aed9c13fb9	563	1	204927	155.734	204927	155.732	45607	21.8367	unclassified	chr1	122915906	122928092	0	12303	-	12363	12126	11208	177	60	918	1	0.269761	0.924295	0.906576	0
PBE24444_skip_b8ba7aa8_cf14c51a_142.pod5	aa6989f9-8966-4602-938f-df8f79cd5247	cf14c51afc71f96f13400767a61fb2aed9c13fb9	779	1	204895	123.75	204895	123.748	62150	20.3927	unclassified	chr2	126786419	126848587	32	62140	+	62428	61848	61435	260	320	413	60	0.999324	0.993322	0.984094	0
PBE24444_skip_b8ba7aa8_cf14c51a_142.pod5	8b665fd5-fee2-4e80-9752-7fa23e337f11	cf14c51afc71f96f13400767a61fb2aed9c13fb9	355	4	204743	177.915	204743	177.827	72792	27.6014	unclassified	chr12	117471976	117544792	9	72792	-	72868	72731	72607	52	85	124	60	0.999876	0.998295	0.996418	0
PBE24444_skip_b8ba7aa8_cf14c51a_142.pod5	a3d57439-aeb2-4477-9e5b-d244121a3d28	cf14c51afc71f96f13400767a61fb2aed9c13fb9	442	2	204947	14.6016	204947	14.6016	4351	18.6648	unclassified	chr2	237057280	237061526	80	4330	+	4252	4244	4238	6	2	6	60	0.976787	0.998586	0.996707	0
PBE24444_skip_b8ba7aa8_cf14c51a_142.pod5	65230cf7-237e-4eaa-8c1a-9569487aee97	cf14c51afc71f96f13400767a61fb2aed9c13fb9	411	2	205082	143.444	205082	143.33	51896	33.5898	unclassified	chr17	27209460	27260743	0	51893	+	51929	51247	51217	646	36	30	60	0.999942	0.999415	0.986289	0
PBE24444_skip_b8ba7aa8_cf14c51a_142.pod5	378370bf-05aa-4dbb-8412-cc6893baff51	cf14c51afc71f96f13400767a61fb2aed9c13fb9	116	1	205198	121.437	205198	121.435	43914	18.571	unclassified	chr3	31143067	31187056	25	43902	+	44168	43698	43400	179	291	298	60	0.999157	0.99318	0.982612	0
PBE24444_skip_b8ba7aa8_cf14c51a_142.pod5	52aa4f32-49ff-496e-a9c6-27778c2099c9	cf14c51afc71f96f13400767a61fb2aed9c13fb9	355	4	205049	179.773	205049	179.642	65446	30.1222	unclassified	chr1	106170797	106236240	0	65438	+	65483	65398	65363	40	45	35	60	0.999878	0.999465	0.998167	0
PBE24444_skip_b8ba7aa8_cf14c51a_142.pod5	a8d8f3bc-e289-4b53-b168-9e823ec45b81	cf14c51afc71f96f13400767a61fb2aed9c13fb9	780	1	205042	144.709	205042	144.707	54578	10.5515	unclassified	chr7	73472295	73527526	41	54569	+	56612	53147	50460	1381	2084	2687	60	0.999084	0.949442	0.89133	0
PBE24444_skip_b8ba7aa8_cf14c51a_142.pod5	1147c73a-f6c5-4a83-b0c3-259808814d75	cf14c51afc71f96f13400767a61fb2aed9c13fb9	16	1	205131	147.777	205131	147.775	65826	23.69	unclassified	chr6	151123967	151173343	20	49365	+	49526	49195	49034	150	181	161	60	0.749628	0.996727	0.990066	0
PBE24444_skip_b8ba7aa8_cf14c51a_142.pod5	4fa777dd-b63b-43e3-8a0f-0a0a41ecf1d1	cf14c51afc71f96f13400767a61fb2aed9c13fb9	550	1	204884	193.639	204884	193.501	87627	27.2634	unclassified	chr8	46335899	46423533	9	87627	-	87739	87513	87287	105	121	226	60	0.999897	0.997418	0.994848	0
PBE24444_skip_b8ba7aa8_cf14c51a_142.pod5	896c2720-867d-4264-9629-f76946f84baa	cf14c51afc71f96f13400767a61fb2aed9c13fb9	949	3	205248	2.9076	205248	2.9076	603	3.31388	unclassified	*	-1	-1	-1	-1	*	0	0	0	0	0	0	0	0	0	0	0
PBE24444_skip_b8ba7aa8_cf14c51a_142.pod5	039c5c9b-1e84-4d75-b0ac-a192db1d6770	cf14c51afc71f96f13400767a61fb2aed9c13fb9	773	4	205225	130.976	205225	130.826	51625	24.3359	unclassified	chr2	196237790	196289230	0	51619	+	51714	51345	51225	274	95	120	60	0.999884	0.997663	0.990544	0
PBE24444_skip_b8ba7aa8_cf14c51a_142.pod5	1aff81ff-a4f0-45fe-9c71-c2b4eda60c61	cf14c51afc71f96f13400767a61fb2aed9c13fb9	442	2	205247	16.8708	205247	16.5252	5801	23.5238	unclassified	chr12	90364683	90370479	7	5801	-	5807	5783	5764	11	13	19	60	0.998793	0.996715	0.992595	0
PBE24444_skip_b8ba7aa8_cf14c51a_142.pod5	ca4f95fc-4565-4e2d-90ab-9da5e8f3c61e	cf14c51afc71f96f13400767a61fb2aed9c13fb9	831	1	205012	170.699	205012	170.626	69382	28.8372	unclassified	chr10	59248229	59317572	0	69382	+	69447	69278	69165	104	65	113	60	1	0.998369	0.995939	0
PBE24444_skip_b8ba7aa8_cf14c51a_142.pod5	ce839418-cfeb-4501-adef-d993c69db4ef	cf14c51afc71f96f13400767a61fb2aed9c13fb9	949	3	205354	15.9672	205354	15.7656	7130	23.3165	unclassified	chr13	78980443	78987591	0	7124	+	7156	7116	7086	8	32	30	60	0.999159	0.995784	0.990218	0
PBE24444_skip_b8ba7aa8_cf14c51a_142.pod5	183b8c5d-de33-4e08-9ba2-56df2b5b6d4f	cf14c51afc71f96f13400767a61fb2aed9c13fb9	70	1	205012	181.241	205012	181.239	42390	6.69421	unclassified	chr20	46626330	46669847	375	42359	+	46007	39494	35088	2490	4023	4406	60	0.990422	0.888439	0.762667	0
PBE24444_skip_b8ba7aa8_cf14c51a_142.pod5	78e3e156-9d38-4415-b551-3f1b1500c5fc	cf14c51afc71f96f13400767a61fb2aed9c13fb9	156	1	205171	178.466	205171	178.266	64230	25.8155	unclassified	chr3	165315367	165379564	0	64220	+	64322	64095	64015	125	102	80	60	0.999844	0.998752	0.995227	0
PBE24444_skip_b8ba7aa8_cf14c51a_142.pod5	7ed11195-3403-472e-908d-fc7672629926	cf14c51afc71f96f13400767a61fb2aed9c13fb9	683	4	204779	113.216	204779	112.942	34888	21.4367	unclassified	chr21	45273158	45286700	13613	27165	-	13561	13533	13516	19	9	17	60	0.388443	0.998744	0.996682	0
PBE24444_skip_b8ba7aa8_cf14c51a_142.pod5	e0a67d3e-7b3e-45f5-b998-ab436a303470	cf14c51afc71f96f13400767a61fb2aed9c13fb9	849	1	205239	126.246	205239	126.244	56242	23.0416	unclassified	chr20	21823490	21880050	37	56235	+	56662	56096	55861	102	464	235	60	0.999218	0.995811	0.985864	0
PBE24444_skip_b8ba7aa8_cf14c51a_142.pod5	687cf6ea-a8db-49ef-ba1f-c16af447f16a	cf14c51afc71f96f13400767a61fb2aed9c13fb9	793	3	205304	154.891	205304	154.667	26597	27.1542	unclassified	chr19	17036326	17062869	18	26597	-	26646	26476	26415	103	67	61	60	0.999323	0.997696	0.991331	0
PBE24444_skip_b8ba7aa8_cf14c51a_142.pod5	73de4113-b3af-4220-9bc0-4e129fc0d5bd	cf14c51afc71f96f13400767a61fb2aed9c13fb9	146	3	205143	123.941	205143	123.939	42844	9.13525	unclassified	chr6	15295501	15338939	24	42836	+	45088	41162	38192	1650	2276	2970	60	0.999253	0.927846	0.847055	0
PBE24444_skip_b8ba7aa8_cf14c51a_142.pod5	4bd06327-a967-40b2-bb23-d701f51f91a9	cf14c51afc71f96f13400767a61fb2aed9c13fb9	665	1	205084	126.578	205084	126.576	52638	23.311	unclassified	chr5	490929	543601	17	52631	+	52973	52313	52201	301	359	112	60	0.999544	0.997859	0.985427	0
PBE24444_skip_b8ba7aa8_cf14c51a_142.pod5	e3f19621-0a26-4d8b-9388-b67a86f436ea	cf14c51afc71f96f13400767a61fb2aed9c13fb9	737	4	205206	162.404	205206	162.402	61677	24.1648	unclassified	chr14	75718551	75780252	37	61670	+	61800	61534	61413	99	167	121	60	0.999287	0.998034	0.993738	0
PBE24444_skip_b8ba7aa8_cf14c51a_142.pod5	211babc0-2d2f-4efa-b21f-f6eb04e1f599	cf14c51afc71f96f13400767a61fb2aed9c13fb9	746	1	204912	145.924	204912	145.924	54211	19.5264	unclassified	chr4	69907669	69948357	13392	54030	+	40729	40597	40498	41	91	99	60	0.749626	0.997561	0.994328	0
PBE24444_skip_b8ba7aa8_cf14c51a_142.pod5	6facf529-fc38-484a-9ec4-ed69a67883fd	cf14c51afc71f96f13400767a61fb2aed9c13fb9	890	3	205372	138.785	205372	138.783	51126	27.6516	unclassified	chr13	106772862	106817902	32	51126	+	51197	44937	44687	6157	103	250	60	0.999374	0.994437	0.872844	0
PBE24444_skip_b8ba7aa8_cf14c51a_142.pod5	93197cd8-ac9f-4cd4-b91e-2a7d28c37295	cf14c51afc71f96f13400767a61fb2aed9c13fb9	683	4	205098	20.9868	205098	20.9868	6492	18.7648	unclassified	chr12	76486826	76493184	70	6426	-	6366	6348	6333	8	10	15	60	0.979051	0.997637	0.994816	0
PBE24444_skip_b8ba7aa8_cf14c51a_142.pod5	61b61899-8c04-48e8-a3d1-2f250308a234	cf14c51afc71f96f13400767a61fb2aed9c13fb9	683	4	205367	29.1	205368	28.608	8051	11.018	unclassified	chr15	26188765	26195590	0	6827	+	6836	6816	6806	11	9	10	60	0.847969	0.998533	0.995611	0
PBE24444_skip_b8ba7aa8_cf14c51a_142.pod5	aa8fb409-b712-4827-8f39-63aec1724a4e	cf14c51afc71f96f13400767a61fb2aed9c13fb9	442	2	205114	132.89	205114	132.89	36656	14.6729	unclassified	chr3	7742068	7750106	4161	12193	+	8042	8028	8015	4	10	13	60	0.219118	0.998381	0.996643	0
PBE24444_skip_b8ba7aa8_cf14c51a_142.pod5	c17de5b1-f02d-4608-9b9a-a36cd115f6ac	cf14c51afc71f96f13400767a61fb2aed9c13fb9	54	4	205197	133.307	205197	133.305	53110	10.6945	unclassified	chr9	40952562	40991210	5805	43716	+	40612	35947	32983	1964	2701	2964	60	0.71382	0.917545	0.812149	0
PBE24444_skip_b8ba7aa8_cf14c51a_142.pod5	60c17de7-3777-4c65-a314-f51d3a9d00b7	cf14c51afc71f96f13400767a61fb2aed9c13fb9	683	4	205396	34.6596	205397	34.4028	10806	11.306	unclassified	chr13	54470273	54475794	7	5523	-	5528	5509	5505	7	12	4	60	0.510457	0.999274	0.995839	0
PBE24444_skip_b8ba7aa8_cf14c51a_142.pod5	72e06090-ff90-47cd-9237-3afadc12958f	cf14c51afc71f96f13400767a61fb2aed9c13fb9	856	1	205430	128.938	205430	128.808	53176	23.0913	unclassified	chr2	201669013	201722322	0	53168	+	53428	53049	52849	119	260	200	60	0.99985	0.99623	0.989163	0
PBE24444_skip_b8ba7aa8_cf14c51a_142.pod5	b84f0093-c68f-43f1-a7bf-e38772412ca3	cf14c51afc71f96f13400767a61fb2aed9c13fb9	36	4	204902	279.546	204902	279.348	107009	18.9066	unclassified	chr2	133893138	133910715	9985	27539	+	17610	17521	17475	33	56	46	60	0.164042	0.997375	0.992334	0
PBE24444_skip_b8ba7aa8_cf14c51a_142.pod5	07b9e9a1-9c5a-47da-bbf4-2acb1d2188e1	cf14c51afc71f96f13400767a61fb2aed9c13fb9	442	2	204962	152.438	204962	152.294	53367	15.588	unclassified	chr22	26426623	26444593	9975	27927	+	18022	17900	17836	52	70	64	60	0.336388	0.996425	0.989679	0
PBE24444_skip_b8ba7aa8_cf14c51a_142.pod5	7d4dbcf4-7cb9-4bf7-a207-99e66c5f3d0a	cf14c51afc71f96f13400767a61fb2aed9c13fb9	978	2	205479	123.763	205480	123.664	44811	21.7968	unclassified	chr7	41982066	42027010	0	44811	-	45041	44714	44567	97	230	147	60	1	0.996712	0.989476	0
PBE24444_skip_b8ba7aa8_cf14c51a_142.pod5	f5dec38b-2a45-4943-8dae-ba5c9c1fc9d3	cf14c51afc71f96f13400767a61fb2aed9c13fb9	146	3	205310	207.87	205310	207.868	56494	10.0709	unclassified	chr2	30158817	30215452	10	56453	-	58758	54320	51439	2123	2315	2881	60	0.999097	0.946962	0.875438	0
PBE24444_skip_b8ba7aa8_cf14c51a_142.pod5	2d94a26b-6823-4c4d-8a0f-93ca3629d45b	cf14c51afc71f96f13400767a61fb2aed9c13fb9	149	4	205168	220.11	205168	219.958	81641	24.0489	unclassified	chr11	38251775	38333512	0	81633	+	81885	81485	81233	148	252	252	60	0.999902	0.996907	0.992038	0
PBE24444_skip_b8ba7aa8_cf14c51a_142.pod5	af96bd85-da36-4199-ab07-3c2a1e2dd738	cf14c51afc71f96f13400767a61fb2aed9c13fb9	411	2	205404	126.414	205404	126.264	43575	29.696	unclassified	chr16	29628617	29672181	0	43567	+	43623	43508	43432	59	56	76	60	0.999816	0.998253	0.995622	0
PBE24444_skip_b8ba7aa8_cf14c51a_142.pod5	efab5c16-8735-4430-958f-39a4fbea9132	cf14c51afc71f96f13400767a61fb2aed9c13fb9	949	3	205251	103.112	205251	102.821	33193	21.35	unclassified	chr7	71707637	71728341	12309	33013	+	20745	20663	20614	41	41	49	60	0.623746	0.997629	0.993685	0
PBE24444_skip_b8ba7aa8_cf14c51a_142.pod5	422cbf8b-430a-49b4-8c6b-77e91762cbf4	cf14c51afc71f96f13400767a61fb2aed9c13fb9	746	1	205058	339.316	205058	339.212	129655	18.8802	unclassified	chr5	174086256	174148377	64460	126462	+	62336	61787	61508	215	334	279	60	0.478208	0.995484	0.986717	0
PBE24444_skip_b8ba7aa8_cf14c51a_142.pod5	8645eb4a-29fd-41bc-b96d-cf9b4987590c	cf14c51afc71f96f13400767a61fb2aed9c13fb9	969	3	205243	124.004	205243	123.893	51396	27.9228	unclassified	chr20	3130728	3182128	0	51388	+	51493	51295	51224	93	105	71	60	0.999844	0.998616	0.994776	0
PBE24444_skip_b8ba7aa8_cf14c51a_142.pod5	741cdb4c-3868-48d1-832d-e160d8ed3c1a	cf14c51afc71f96f13400767a61fb2aed9c13fb9	617	4	205611	136.165	205611	135.984	40050	30.368	unclassified	chr10	66252116	66291916	0	40050	-	40084	39766	39677	284	34	89	60	1	0.997762	0.989846	0
PBE24444_skip_b8ba7aa8_cf14c51a_142.pod5	64afb130-f0e9-4cd0-b0e6-6015af90ab2d	cf14c51afc71f96f13400767a61fb2aed9c13fb9	463	3	205059	144.291	205059	144.204	63894	22.2967	unclassified	chr13	33930276	33994223	0	63885	+	64100	63732	63467	153	215	265	60	0.999859	0.995842	0.990125	0
PBE24444_skip_b8ba7aa8_cf14c51a_142.pod5	c1f5215c-7912-4e06-b5e4-34218fdd1f64	cf14c51afc71f96f13400767a61fb2aed9c13fb9	54	4	205460	167.404	205460	167.402	65163	11.1605	unclassified	chr8	138088419	138153870	7	65128	-	67379	63193	60238	1928	2258	2955	60	0.999355	0.953238	0.894017	0
PBE24444_skip_b8ba7aa8_cf14c51a_142.pod5	dd535353-f6ee-48e4-8f92-e8a7d56348b3	cf14c51afc71f96f13400767a61fb2aed9c13fb9	949	3	205474	2.9796	205474	2.9796	640	3.02877	unclassified	*	-1	-1	-1	-1	*	0	0	0	0	0	0	0	0	0	0	0
PBE24444_skip_b8ba7aa8_cf14c51a_142.pod5	77d5cbf1-6151-4c2c-8e3b-8b2c62d0e282	cf14c51afc71f96f13400767a61fb2aed9c13fb9	414	4	204434	409.44	204434	409.438	148449	8.67338	unclassified	chr19	54260564	54287895	25363	52018	-	28355	25631	23748	1024	1700	1883	60	0.179557	0.926534	0.837524	0
PBE24444_skip_b8ba7aa8_cf14c51a_142.pod5	c43f9698-d549-464d-b0e5-0f20d2491d04	cf14c51afc71f96f13400767a61fb2aed9c13fb9	773	4	205663	58.55	205664	58.3776	25401	22.0534	unclassified	chr5	158585530	158610923	0	25392	+	25454	25331	25247	61	62	84	60	0.999646	0.996684	0.991868	0
PBE24444_skip_b8ba7aa8_cf14c51a_142.pod5	19aa365a-7d4c-4500-a609-e6b83f160e54	cf14c51afc71f96f13400767a61fb2aed9c13fb9	617	4	205197	200.307	205197	200.194	61197	24.3106	unclassified	chr3	54512245	54573285	0	61197	-	61333	60904	60764	293	136	140	60	1	0.997701	0.990723	0
PBE24444_skip_b8ba7aa8_cf14c51a_142.pod5	9bf90e7f-9b2b-4632-8cee-25789fdd149d	cf14c51afc71f96f13400767a61fb2aed9c13fb9	949	3	205529	0.3576	205529	0.3576	13	2	unclassified	*	-1	-1	-1	-1	*	0	0	0	0	0	0	0	0	0	0	0
PBE24444_skip_b8ba7aa8_cf14c51a_142.pod5	bd0b8acc-9788-4a4a-90fc-17fae8241ee7	cf14c51afc71f96f13400767a61fb2aed9c13fb9	146	3	205518	127.639	205518	127.637	36690	10.006	unclassified	chr2	67456984	67483088	10625	36681	+	27111	25049	23672	1007	1055	1377	60	0.710166	0.945028	0.873151	0
PBE24444_skip_b8ba7aa8_cf14c51a_142.pod5	39065fc7-cd4e-45fc-9ebc-4c8cffcde297	cf14c51afc71f96f13400767a61fb2aed9c13fb9	746	1	205406	121.364	205406	121.362	42545	14.6272	unclassified	chr5	98915788	98946135	10207	40503	+	30377	30266	30222	30	81	44	60	0.712093	0.998546	0.994897	0
PBE24444_skip_b8ba7aa8_cf14c51a_142.pod5	4e4dbdfa-b58f-481f-8278-601d09fe9b4c	cf14c51afc71f96f13400767a61fb2aed9c13fb9	949	3	205522	6.9036	205522	6.9036	1602	4.96496	unclassified	chr6	62737991	62738712	856	1576	-	721	720	716	0	1	4	60	0.449438	0.994444	0.993065	0
PBE24444_skip_b8ba7aa8_cf14c51a_142.pod5	5a182426-bc29-42ad-b938-5d51ae00aa76	cf14c51afc71f96f13400767a61fb2aed9c13fb9	414	4	205508	121.435	205508	121.433	38839	7.80003	unclassified	chr14	105096339	105115417	20252	38839	+	19687	17978	16739	609	1100	1239	60	0.478565	0.931082	0.850257	0
PBE24444_skip_b8ba7aa8_cf14c51a_142.pod5	475071b8-a16e-4465-82e2-cb335be48f4b	cf14c51afc71f96f13400767a61fb2aed9c13fb9	683	4	205119	248.22	205119	247.86	73638	24.3974	unclassified	chr5	57353032	57391993	34630	73576	+	39002	38905	38861	41	56	44	60	0.528885	0.998869	0.996385	0
PBE24444_skip_b8ba7aa8_cf14c51a_142.pod5	3b33aefc-8187-4204-93eb-358203140d60	cf14c51afc71f96f13400767a61fb2aed9c13fb9	107	4	205046	420.564	205046	420.562	84413	2.70276	unclassified	*	-1	-1	-1	-1	*	0	0	0	0	0	0	0	0	0	0	0
PBE24444_skip_b8ba7aa8_cf14c51a_142.pod5	21843444-40a9-48af-b170-65f69c53f6fd	cf14c51afc71f96f13400767a61fb2aed9c13fb9	411	2	205614	133.69	205614	133.555	47256	29.0362	unclassified	chr15	87721515	87768794	0	47248	+	47324	47203	47124	45	76	79	60	0.999831	0.998326	0.995774	0
PBE24444_skip_b8ba7aa8_cf14c51a_142.pod5	e8d7bf48-b131-4fc2-9e7c-b834d7deb0a8	cf14c51afc71f96f13400767a61fb2aed9c13fb9	70	1	205453	194.438	205453	194.436	37820	6.599	unclassified	chr10	67211650	67248231	520	37755	-	39668	34148	30333	3087	2433	3815	60	0.984532	0.88828	0.764672	0
PBE24444_skip_b8ba7aa8_cf14c51a_142.pod5	a5a3b38f-5e83-4654-94e2-679474f0b95c	cf14c51afc71f96f13400767a61fb2aed9c13fb9	746	1	205676	1.7652	205676	1.7652	365	3.05798	unclassified	*	-1	-1	-1	-1	*	0	0	0	0	0	0	0	0	0	0	0
PBE24444_skip_b8ba7aa8_cf14c51a_142.pod5	77631141-3546-4780-a98f-6ba1987ffee4	cf14c51afc71f96f13400767a61fb2aed9c13fb9	296	2	205562	208.865	205562	208.863	45554	3.31171	unclassified	*	-1	-1	-1	-1	*	0	0	0	0	0	0	0	0	0	0	0
PBE24444_skip_b8ba7aa8_cf14c51a_142.pod5	41e4c6af-374f-4fe2-8f2f-187136130b7d	cf14c51afc71f96f13400767a61fb2aed9c13fb9	414	4	205656	106.282	205656	106.28	35481	7.43526	unclassified	chr11	54632810	54648783	7884	23162	+	16458	14793	13573	485	1180	1220	41	0.430597	0.917529	0.824705	0
PBE24444_skip_b8ba7aa8_cf14c51a_142.pod5	84d7c211-b5d3-4b7f-a13a-83d432e4e396	cf14c51afc71f96f13400767a61fb2aed9c13fb9	949	3	205477	45.1164	205478	44.6892	18586	14.1133	unclassified	chr7	79515425	79523387	10642	18586	-	7973	7933	7915	11	29	18	60	0.427419	0.997731	0.992725	0
PBE24444_skip_b8ba7aa8_cf14c51a_142.pod5	d274ca7d-63d0-455b-b740-a66a4d2cc554	cf14c51afc71f96f13400767a61fb2aed9c13fb9	322	3	205402	144.434	205402	144.287	60509	27.3689	unclassified	chr6	78899634	78960163	6	60509	-	60605	60427	60320	76	102	107	60	0.999901	0.998229	0.995297	0
PBE24444_skip_b8ba7aa8_cf14c51a_142.pod5	8a4915a4-c670-4dad-9ebe-ecc7e53be6d2	cf14c51afc71f96f13400767a61fb2aed9c13fb9	746	1	205783	32.076	205783	31.8792	11262	27.0854	unclassified	chr6	133083710	133094970	0	11249	+	11266	11243	11230	6	17	13	60	0.998846	0.998844	0.996805	0
PBE24444_skip_b8ba7aa8_cf14c51a_142.pod5	fd628f43-fc5b-47c3-be84-e04678f705da	cf14c51afc71f96f13400767a61fb2aed9c13fb9	411	2	205792	120.877	205792	120.72	47456	28.7121	unclassified	chr2	94554128	94601609	0	47449	+	47519	47411	47357	38	70	54	60	0.999852	0.998861	0.996591	0
PBE24444_skip_b8ba7aa8_cf14c51a_142.pod5	4b314e0b-f3a8-4e50-acdd-53c96e3e0370	cf14c51afc71f96f13400767a61fb2aed9c13fb9	746	1	205815	28.1556	205815	28.0776	11160	19.8642	unclassified	chr6	133083780	133094969	0	11160	-	11231	11118	11053	42	71	65	60	1	0.994154	0.984151	0
PBE24444_skip_b8ba7aa8_cf14c51a_142.pod5	ab86a653-220d-41cf-ab31-116435abbc77	cf14c51afc71f96f13400767a61fb2aed9c13fb9	322	3	205756	138.154	205756	138.026	59437	28.4939	unclassified	chr7	19045173	19104664	0	59434	+	59546	59379	59300	55	112	79	60	0.99995	0.99867	0.995869	0
PBE24444_skip_b8ba7aa8_cf14c51a_142.pod5	d5f30161-2a52-48e4-9575-fdc75dbb43de	cf14c51afc71f96f13400767a61fb2aed9c13fb9	978	2	205709	128.811	205709	128.681	56260	24.2588	unclassified	chr5	104799280	104855585	2	56255	+	56414	56144	56032	109	161	112	60	0.999876	0.998005	0.993229	0
PBE24444_skip_b8ba7aa8_cf14c51a_142.pod5	ff9a2277-935b-4ed8-bce6-c13ca2ad7aa8	cf14c51afc71f96f13400767a61fb2aed9c13fb9	487	4	205570	3.5144	205570	3.5124	340	7.64355	unclassified	chr14	101115554	101115795	0	305	+	305	241	240	64	0	1	60	0.897059	0.995851	0.786885	0
PBE24444_skip_b8ba7aa8_cf14c51a_142.pod5	82f61d22-bc02-432b-8693-a196c0afcabd	cf14c51afc71f96f13400767a61fb2aed9c13fb9	906	4	205709	135.569	205709	135.567	49869	9.26344	unclassified	chr2	95565270	95616266	25	49831	+	52549	48253	45083	1553	2743	3170	60	0.998737	0.934305	0.857923	0
PBE24444_skip_b8ba7aa8_cf14c51a_142.pod5	d6268c44-287d-4430-84c6-12a1cf559d17	cf14c51afc71f96f13400767a61fb2aed9c13fb9	1496	1	205568	6.8232	205568	6.8212	1507	2.23727	unclassified	*	-1	-1	-1	-1	*	0	0	0	0	0	0	0	0	0	0	0
PBE24444_skip_b8ba7aa8_cf14c51a_142.pod5	5faf1542-0401-475f-b78d-9e6a683b1835	cf14c51afc71f96f13400767a61fb2aed9c13fb9	1601	3	205572	1.37	205572	1.368	204	2.38232	unclassified	*	-1	-1	-1	-1	*	0	0	0	0	0	0	0	0	0	0	0
PBE24444_skip_b8ba7aa8_cf14c51a_142.pod5	23dff43d-a67e-4cfc-8f03-19aa7338efaf	cf14c51afc71f96f13400767a61fb2aed9c13fb9	1570	1	205572	1.6108	205572	1.6088	443	4.71677	unclassified	*	-1	-1	-1	-1	*	0	0	0	0	0	0	0	0	0	0	0
PBE24444_skip_b8ba7aa8_cf14c51a_142.pod5	63fb2670-908a-4e6c-9b96-64d750425f4c	cf14c51afc71f96f13400767a61fb2aed9c13fb9	1978	2	205567	7.3822	205567	7.3802	1572	2.64244	unclassified	*	-1	-1	-1	-1	*	0	0	0	0	0	0	0	0	0	0	0
PBE24444_skip_b8ba7aa8_cf14c51a_142.pod5	cd71d338-e06e-4493-878b-546d1b8a71ac	cf14c51afc71f96f13400767a61fb2aed9c13fb9	116	1	205778	141.062	205778	141.06	33035	15.3369	unclassified	chr6	48725666	48758003	51	33029	+	33162	32153	31916	825	184	237	60	0.998275	0.992629	0.962427	0
PBE24444_skip_b8ba7aa8_cf14c51a_142.pod5	2d0bc27a-9648-4bdd-bed7-96e85d996913	cf14c51afc71f96f13400767a61fb2aed9c13fb9	2908	1	205559	14.7596	205559	14.6484	4935	18.5414	unclassified	chr7	131932684	131937525	0	4925	+	4943	4823	4798	102	18	25	60	0.997974	0.994816	0.970666	0
PBE24444_skip_b8ba7aa8_cf14c51a_142.pod5	6f3594ec-626b-47d5-8a97-f2ccf8a3d8c0	cf14c51afc71f96f13400767a61fb2aed9c13fb9	1623	4	205562	14.0202	205562	14.0182	5929	23.0743	unclassified	chr7	123396591	123402504	0	5897	-	5930	5880	5845	17	33	35	60	0.994603	0.994048	0.985666	0
PBE24444_skip_b8ba7aa8_cf14c51a_142.pod5	6f58cceb-6aa3-425f-accd-18172fce13c4	cf14c51afc71f96f13400767a61fb2aed9c13fb9	949	3	205530	87.8292	205530	87.8292	35314	23.9296	unclassified	chr5	106914082	106929971	30	15898	+	15928	15829	15768	39	60	61	60	0.44934	0.996146	0.989955	0
PBE24444_skip_b8ba7aa8_cf14c51a_142.pod5	fe67c6c9-e557-402b-af0a-9a79f82b3232	cf14c51afc71f96f13400767a61fb2aed9c13fb9	804	1	205716	123.591	205716	123.432	33931	24.3208	unclassified	chr9	81650814	81684719	0	33931	-	34017	33819	33718	112	86	101	60	1	0.997014	0.99121	0
PBE24444_skip_b8ba7aa8_cf14c51a_142.pod5	31cc2fe2-c409-476d-9ee3-7e457ae078f8	cf14c51afc71f96f13400767a61fb2aed9c13fb9	401	3	205728	139.372	205728	139.37	53323	22.3516	unclassified	chr20	52179418	52232792	37	53323	+	53504	53156	52961	130	218	195	60	0.999306	0.996332	0.989851	0
PBE24444_skip_b8ba7aa8_cf14c51a_142.pod5	e4140669-c6fa-4191-b419-735f6a091c1f	cf14c51afc71f96f13400767a61fb2aed9c13fb9	2193	4	205570	8.3176	205570	8.3156	2308	3.51242	unclassified	*	-1	-1	-1	-1	*	0	0	0	0	0	0	0	0	0	0	0
PBE24444_skip_b8ba7aa8_cf14c51a_142.pod5	5b5e851d-4755-4f31-8278-5b5dd12b2016	cf14c51afc71f96f13400767a61fb2aed9c13fb9	2625	2	205566	8.8082	205566	8.8062	3973	12.6434	unclassified	chr7	98277621	98281548	9	3939	-	4034	3823	3696	107	104	127	60	0.989177	0.96678	0.916212	0
PBE24444_skip_b8ba7aa8_cf14c51a_142.pod5	a67c3344-43b4-4a86-8e8a-5de8b12bfa42	cf14c51afc71f96f13400767a61fb2aed9c13fb9	1791	1	205572	4.7406	205572	4.7386	1391	31.5512	unclassified	chr2	180573744	180575103	7	1366	-	1359	1359	1355	0	0	4	60	0.976995	0.997057	0.997057	0
PBE24444_skip_b8ba7aa8_cf14c51a_142.pod5	e15a2657-b84e-4050-840d-e748816ca539	cf14c51afc71f96f13400767a61fb2aed9c13fb9	799	3	205880	83.6156	205880	83.3208	27209	22.6144	unclassified	chr9	13721579	13748763	0	27209	-	27279	27114	27023	95	70	91	60	1	0.996644	0.990615	0
PBE24444_skip_b8ba7aa8_cf14c51a_142.pod5	075089c0-ec2f-4578-8be0-dc01798c2331	cf14c51afc71f96f13400767a61fb2aed9c13fb9	563	1	205558	19.0184	205559	18.8712	7451	23.5474	unclassified	chr5	135002197	135009610	0	7401	+	7419	7395	7367	6	18	28	60	0.993289	0.996214	0.992991	0
PBE24444_skip_b8ba7aa8_cf14c51a_142.pod5	b8b4d8c5-e6ad-48d8-8a5a-6da933caa335	cf14c51afc71f96f13400767a61fb2aed9c13fb9	2153	1	205575	1.46	205575	1.3944	720	23.1056	unclassified	chr2	165232065	165232782	0	719	+	719	717	714	2	0	3	60	0.998611	0.995816	0.993046	0
PBE24444_skip_b8ba7aa8_cf14c51a_142.pod5	4fa62991-7f06-4081-b0f3-f3a6b741ec2a	cf14c51afc71f96f13400767a61fb2aed9c13fb9	396	3	205555	22.2632	205556	22.1208	8877	27.01	unclassified	chr1	191647134	191655975	10	8877	-	8881	8827	8814	40	14	13	60	0.998873	0.998527	0.992456	0
PBE24444_skip_b8ba7aa8_cf14c51a_142.pod5	8b8608af-903a-4728-8050-d3b55d9fab79	cf14c51afc71f96f13400767a61fb2aed9c13fb9	54	4	205628	147.285	205628	147.283	64641	10.8097	unclassified	chr8	138088432	138153868	46	64631	+	67262	62759	59509	1826	2677	3250	60	0.999134	0.948215	0.884734	0
PBE24444_skip_b8ba7aa8_cf14c51a_142.pod5	a2058b2e-e678-45a2-b7a5-907577e27faa	cf14c51afc71f96f13400767a61fb2aed9c13fb9	746	1	205677	105.443	205678	105.358	40071	22.7297	unclassified	chr13	16843202	16884482	2	39883	+	41300	39861	38920	20	1419	941	6	0.995258	0.976393	0.942373	0
PBE24444_skip_b8ba7aa8_cf14c51a_142.pod5	c0dfb321-f244-4792-bd53-45df58c66c0f	cf14c51afc71f96f13400767a61fb2aed9c13fb9	617	4	205501	72.3092	205501	72.0948	20995	31.3022	unclassified	chr6	97515073	97536052	0	20995	-	21009	20965	20952	30	14	13	60	1	0.99938	0.997287	0
PBE24444_skip_b8ba7aa8_cf14c51a_142.pod5	085c3fdc-5454-4da6-88f6-84793277afbd	cf14c51afc71f96f13400767a61fb2aed9c13fb9	1482	4	205542	36.8938	205542	36.8918	14525	30.9493	unclassified	chr3	34270472	34284863	7	14497	-	14505	14376	14365	114	15	11	60	0.99759	0.999235	0.990348	0
PBE24444_skip_b8ba7aa8_cf14c51a_142.pod5	53fa85fc-f37e-4979-be5a-9ff771552b8d	cf14c51afc71f96f13400767a61fb2aed9c13fb9	2954	1	205532	44.6828	205532	44.598	16800	27.8861	unclassified	chr6	51623016	51639804	0	16793	+	16805	16776	16759	17	12	17	60	0.999583	0.998987	0.997263	0
PBE24444_skip_b8ba7aa8_cf14c51a_142.pod5	185901ce-1a0e-4ed3-b947-810b8a7f9e29	cf14c51afc71f96f13400767a61fb2aed9c13fb9	2063	2	205554	15.1232	205554	15.1212	3786	10.4706	unclassified	chr12	114643282	114646584	464	3786	+	3353	3271	3239	51	31	32	60	0.877443	0.990217	0.966001	0
PBE24444_skip_b8ba7aa8_cf14c51a_142.pod5	b848504b-d9bd-4e10-866e-82483291af67	cf14c51afc71f96f13400767a61fb2aed9c13fb9	322	3	205558	16.792	205558	16.79	6186	34.6187	unclassified	chr9	43776185	43782504	31	6180	+	6322	6146	6027	3	173	119	1	0.994019	0.980638	0.953338	0
PBE24444_skip_b8ba7aa8_cf14c51a_142.pod5	c559383b-7660-479f-bb7c-c7ba56845cdb	cf14c51afc71f96f13400767a61fb2aed9c13fb9	617	4	205576	4.0772	205576	3.9996	2145	20.3375	unclassified	chr5	55140814	55142965	0	2145	-	2155	2141	2130	4	10	11	60	1	0.994862	0.988399	0
PBE24444_skip_b8ba7aa8_cf14c51a_142.pod5	f399b02a-32ae-4285-a547-8c1510bc889f	cf14c51afc71f96f13400767a61fb2aed9c13fb9	683	4	204101	677.84	204101	677.84	182276	16.494	unclassified	chr17	49865866	49905327	10963	50408	-	39538	39368	39256	77	93	112	60	0.216403	0.997155	0.992868	0
PBE24444_skip_b8ba7aa8_cf14c51a_142.pod5	6266fbb3-f98c-4ac9-b6cc-f820c9019f14	cf14c51afc71f96f13400767a61fb2aed9c13fb9	1346	1	205578	3.767	205578	3.765	1112	3.7877	unclassified	*	-1	-1	-1	-1	*	0	0	0	0	0	0	0	0	0	0	0
PBE24444_skip_b8ba7aa8_cf14c51a_142.pod5	161441de-9084-48a2-9da1-faa3e5d8d16c	cf14c51afc71f96f13400767a61fb2aed9c13fb9	1689	4	205568	8.3024	205568	8.1792	4073	24.2992	unclassified	chr8	13591164	13595239	2	4073	-	4086	4060	4043	11	15	17	60	0.999509	0.995813	0.989476	0
PBE24444_skip_b8ba7aa8_cf14c51a_142.pod5	4d744a15-a209-4119-afff-8e9eaacc86b8	cf14c51afc71f96f13400767a61fb2aed9c13fb9	1819	1	205572	8.1908	205572	8.0532	3146	22.176	unclassified	chr1	149620248	149623395	0	3141	+	3151	3137	3133	4	10	4	60	0.998411	0.998725	0.994288	0
PBE24444_skip_b8ba7aa8_cf14c51a_142.pod5	56032d8f-230a-4416-aa74-2115e0d6ea79	cf14c51afc71f96f13400767a61fb2aed9c13fb9	856	1	205559	19.4384	205559	19.3224	8628	21.9186	unclassified	chr5	142448657	142457298	0	8623	+	8652	8612	8575	11	29	37	60	0.99942	0.995704	0.9911	0
PBE24444_skip_b8ba7aa8_cf14c51a_142.pod5	bac11e57-875c-4d45-b90a-ce893a654cf3	cf14c51afc71f96f13400767a61fb2aed9c13fb9	414	4	205077	424.597	205077	424.595	146934	7.55651	unclassified	chr21	40042072	40077380	54270	88501	-	36552	32987	30228	1244	2321	2759	60	0.232969	0.916361	0.826986	0
PBE24444_skip_b8ba7aa8_cf14c51a_142.pod5	64c0abab-6c2e-4b52-b34d-29a22d7d84eb	cf14c51afc71f96f13400767a61fb2aed9c13fb9	1477	1	205490	84.2828	205491	84.1296	30237	27.2231	unclassified	chr22	11314520	11344726	0	30230	+	30261	30175	30131	55	31	44	60	0.999768	0.998542	0.995704	0
PBE24444_skip_b8ba7aa8_cf14c51a_142.pod5	77ad9ba1-e156-49be-b97c-e332bbe91350	cf14c51afc71f96f13400767a61fb2aed9c13fb9	116	1	205554	26.2456	205554	26.2436	10434	15.8778	unclassified	chr6	161523231	161533698	16	10403	-	10548	10306	10150	81	161	156	60	0.995495	0.984863	0.962268	0
PBE24444_skip_b8ba7aa8_cf14c51a_142.pod5	d3c9f288-2d31-4657-bd0a-b4d0f71bdff9	cf14c51afc71f96f13400767a61fb2aed9c13fb9	1496	1	205578	1.7186	205578	1.7166	418	3.09968	unclassified	*	-1	-1	-1	-1	*	0	0	0	0	0	0	0	0	0	0	0
PBE24444_skip_b8ba7aa8_cf14c51a_142.pod5	c574b881-364b-4fad-ba39-4209841a53f6	cf14c51afc71f96f13400767a61fb2aed9c13fb9	1456	4	205575	6.9884	205575	6.8364	2112	15.1233	unclassified	chr3	4427417	4429534	8	2112	-	2143	2078	2052	26	39	26	60	0.996212	0.987488	0.957536	0
PBE24444_skip_b8ba7aa8_cf14c51a_142.pod5	0c4c06e0-6588-407b-83be-476e8855dbb9	cf14c51afc71f96f13400767a61fb2aed9c13fb9	2956	3	205572	8.5436	205572	8.3052	2330	31.8618	unclassified	chr13	40932965	40935289	7	2330	-	2324	2323	2321	0	1	2	60	0.996996	0.999139	0.998709	0
PBE24444_skip_b8ba7aa8_cf14c51a_142.pod5	2fd724fa-d5ce-4312-aacc-3fcfcc8f9c00	cf14c51afc71f96f13400767a61fb2aed9c13fb9	2488	1	205487	89.936	205487	89.736	35705	25.1859	unclassified	chr17	59066083	59101814	0	35699	+	35792	35638	35564	61	93	74	60	0.999832	0.997924	0.99363	0
PBE24444_skip_b8ba7aa8_cf14c51a_142.pod5	af584d23-4c85-46e4-9c58-39180b72cbee	cf14c51afc71f96f13400767a61fb2aed9c13fb9	1553	4	205481	93.8912	205481	93.7776	36952	10.0125	unclassified	chr14	58864770	58902187	2	36941	+	38387	35969	33865	970	1448	2104	60	0.999648	0.941505	0.8822	0
PBE24444_skip_b8ba7aa8_cf14c51a_142.pod5	153c6c38-b588-4d0f-b466-c3218140ac62	cf14c51afc71f96f13400767a61fb2aed9c13fb9	1819	1	205581	1.244	205581	1.0488	471	25.0735	unclassified	chr10	44057816	44058288	0	471	+	472	471	471	0	1	0	60	1	1	0.997881	0
PBE24444_skip_b8ba7aa8_cf14c51a_142.pod5	1cbdee26-db5f-41c3-9de3-e1fae3c24b11	cf14c51afc71f96f13400767a61fb2aed9c13fb9	1451	1	205573	9.6308	205574	9.4068	3720	23.1213	unclassified	chr4	103037744	103041465	0	3720	+	3726	3715	3705	5	6	10	60	1	0.997308	0.994364	0
PBE24444_skip_b8ba7aa8_cf14c51a_142.pod5	4e0614e8-a99c-4e8b-a9d2-1d7f4c55b0a3	cf14c51afc71f96f13400767a61fb2aed9c13fb9	799	3	205535	37.1732	205536	36.9348	10765	22.4707	unclassified	chr7	57626562	57637326	0	10765	+	10792	10737	10700	28	27	37	1	1	0.996554	0.991475	0
PBE24444_skip_b8ba7aa8_cf14c51a_142.pod5	af4013b0-40c6-49d1-aa80-9983207d9617	cf14c51afc71f96f13400767a61fb2aed9c13fb9	2056	2	205530	48.1328	205530	48.0024	17723	23.2631	unclassified	chr12	8274146	8291897	0	17718	+	17773	17696	17606	22	55	90	60	0.999718	0.994914	0.990604	0
PBE24444_skip_b8ba7aa8_cf14c51a_142.pod5	a4ad39e6-bb04-43dd-b0be-9f1c0bf0e204	cf14c51afc71f96f13400767a61fb2aed9c13fb9	1376	1	205562	18.7904	205562	18.6432	7127	29.7597	unclassified	chr9	12036977	12044095	7	7127	-	7121	7117	7096	3	1	21	60	0.999018	0.997049	0.996489	0
PBE24444_skip_b8ba7aa8_cf14c51a_142.pod5	ef1c75ea-36a1-4f44-91e2-afc26e63dc8d	cf14c51afc71f96f13400767a61fb2aed9c13fb9	949	3	205934	3.27	205934	3.0096	1196	23.4697	unclassified	chr1	217524599	217525547	0	1196	-	1196	948	943	248	0	5	60	1	0.994726	0.788462	0
PBE24444_skip_b8ba7aa8_cf14c51a_142.pod5	3dd32c7c-8c00-4650-b528-05d1760fe2a4	cf14c51afc71f96f13400767a61fb2aed9c13fb9	949	3	205937	10.8192	205937	10.692	5110	20.3433	unclassified	chr2	162617097	162622165	0	5072	+	5085	5055	5033	17	13	22	60	0.992564	0.995648	0.989774	0
PBE24444_skip_b8ba7aa8_cf14c51a_142.pod5	bddce5e4-58d1-457d-94fa-448e9a9c2e44	cf14c51afc71f96f13400767a61fb2aed9c13fb9	737	4	205563	17.447	205563	17.445	6857	30.8883	unclassified	chr13	17991041	17997683	10	6825	-	6816	6641	6521	174	1	120	1	0.993875	0.98193	0.956719	0
PBE24444_skip_b8ba7aa8_cf14c51a_142.pod5	16812142-2fde-4129-8eea-6bffa4ed0ffc	cf14c51afc71f96f13400767a61fb2aed9c13fb9	329	4	205775	198.973	205775	198.862	70370	26.2668	unclassified	chr7	110876773	110947738	0	70365	+	71030	70300	70186	65	665	114	60	0.999929	0.998378	0.988118	0
PBE24444_skip_b8ba7aa8_cf14c51a_142.pod5	41e51ab3-af4d-41c9-9b15-6830ffb3c0e7	cf14c51afc71f96f13400767a61fb2aed9c13fb9	442	2	205762	112.633	205762	112.374	40323	13.7286	unclassified	chr1	26622188	26631900	16683	26385	-	9733	9681	9661	21	31	20	60	0.240607	0.997934	0.992602	0
PBE24444_skip_b8ba7aa8_cf14c51a_142.pod5	9e87c70b-22da-41c5-ae2d-b98b9d80d484	cf14c51afc71f96f13400767a61fb2aed9c13fb9	358	4	205512	68.0576	205512	67.944	24758	27.3734	unclassified	chr5	15793992	15818738	0	24740	+	24776	24710	24644	30	36	66	60	0.999273	0.997329	0.994672	0
PBE24444_skip_b8ba7aa8_cf14c51a_142.pod5	c147d288-f8fd-455f-af97-06a7aab246cb	cf14c51afc71f96f13400767a61fb2aed9c13fb9	2602	2	205541	37.9508	205541	37.8324	14755	28.7208	unclassified	chr12	33858410	33873161	9	14755	-	14761	14736	14717	10	15	19	60	0.99939	0.998711	0.997019	0
PBE24444_skip_b8ba7aa8_cf14c51a_142.pod5	d54962e9-3bb2-4aee-bee5-aade8ee4d876	cf14c51afc71f96f13400767a61fb2aed9c13fb9	442	2	205625	137.438	205625	137.438	47270	21.5837	unclassified	chr11	42000893	42043525	4398	46994	+	42694	42534	42449	62	98	85	60	0.901121	0.998002	0.994262	0
PBE24444_skip_b8ba7aa8_cf14c51a_142.pod5	43b48651-d636-402f-947a-c5ad62a3795c	cf14c51afc71f96f13400767a61fb2aed9c13fb9	1032	3	205515	64.6028	205516	64.338	24819	27.4187	unclassified	chr5	70287462	70312283	7	24819	-	24847	24786	24740	26	35	46	13	0.999718	0.998144	0.995694	0
PBE24444_skip_b8ba7aa8_cf14c51a_142.pod5	2d5ff56c-6735-4c58-b041-c80bad7aafd4	cf14c51afc71f96f13400767a61fb2aed9c13fb9	1424	2	205564	18.7172	205564	18.5868	7216	27.0766	unclassified	chr7	41693960	41700395	8	6445	-	6440	6432	6423	5	3	9	60	0.892045	0.998601	0.99736	0
PBE24444_skip_b8ba7aa8_cf14c51a_142.pod5	737aec5d-74fe-4908-8876-0347034fc551	cf14c51afc71f96f13400767a61fb2aed9c13fb9	849	1	205448	228.52	205448	228.299	102477	23.1739	unclassified	chr2	211603898	211662484	43928	102477	-	58713	58422	58238	127	164	184	60	0.571338	0.99685	0.99191	0
PBE24444_skip_b8ba7aa8_cf14c51a_142.pod5	d0d61379-6943-496f-92ec-2a2b537e3b3f	cf14c51afc71f96f13400767a61fb2aed9c13fb9	965	2	205581	2.7328	205581	2.7308	555	2.39664	unclassified	*	-1	-1	-1	-1	*	0	0	0	0	0	0	0	0	0	0	0
PBE24444_skip_b8ba7aa8_cf14c51a_142.pod5	743935d0-75c8-447c-ada5-19eefbe6124c	cf14c51afc71f96f13400767a61fb2aed9c13fb9	1569	3	205581	3.1388	205581	2.9028	1076	24.7289	unclassified	chr2	102708600	102709680	0	1076	+	1080	1076	1076	0	4	0	60	1	1	0.996296	0
PBE24444_skip_b8ba7aa8_cf14c51a_142.pod5	76735993-151d-41af-8ce6-d3163d1a53e5	cf14c51afc71f96f13400767a61fb2aed9c13fb9	949	3	205993	24.2988	205993	23.9964	9703	24.8133	unclassified	chr9	14949903	14959594	12	9703	-	9707	9675	9640	16	16	35	60	0.998763	0.996382	0.993098	0
PBE24444_skip_b8ba7aa8_cf14c51a_142.pod5	85d10bc5-00be-448f-885a-592ae9b05a89	cf14c51afc71f96f13400767a61fb2aed9c13fb9	949	3	205948	45.1368	205949	44.508	17673	22.2204	unclassified	chr9	27931676	27949268	99	17673	-	17614	17552	17520	22	40	32	60	0.994398	0.998177	0.994663	0
PBE24444_skip_b8ba7aa8_cf14c51a_142.pod5	ee8ed210-4461-4e63-9eb8-7d0ce93e7e17	cf14c51afc71f96f13400767a61fb2aed9c13fb9	139	3	205249	220.83	205249	220.684	79760	28.3102	unclassified	chr5	46658779	46673625	18	14888	-	15651	14065	12427	805	781	1638	1	0.186434	0.883541	0.794007	0
PBE24444_skip_b8ba7aa8_cf14c51a_142.pod5	c66e761a-6e31-49a8-b6f8-946b2a37c4b7	cf14c51afc71f96f13400767a61fb2aed9c13fb9	722	4	205543	30.3524	205543	30.3504	12496	22.3893	unclassified	chr3	153117855	153130333	32	12496	+	12509	12433	12405	31	45	28	60	0.997439	0.997748	0.991686	0
PBE24444_skip_b8ba7aa8_cf14c51a_142.pod5	afbbb16f-5a1d-487b-816a-bdc7af3ac1ee	cf14c51afc71f96f13400767a61fb2aed9c13fb9	1145	2	205561	21.98	205562	21.8016	8344	25.4818	unclassified	chr16	88891989	88899791	0	8338	+	8348	7792	7759	546	10	33	60	0.999281	0.995765	0.929444	0
PBE24444_skip_b8ba7aa8_cf14c51a_142.pod5	b489fde1-80cc-489d-9aa2-de3fbf232810	cf14c51afc71f96f13400767a61fb2aed9c13fb9	949	3	206017	32.334	206017	32.334	7474	21.9111	unclassified	chr13	104605634	104612213	872	7468	+	6599	6576	6568	20	3	8	60	0.882526	0.998783	0.995302	0
PBE24444_skip_b8ba7aa8_cf14c51a_142.pod5	a1f73c00-be91-4a4c-b724-9e9b60a795ac	cf14c51afc71f96f13400767a61fb2aed9c13fb9	2488	1	205580	5.8784	205580	5.7396	2436	24.1751	unclassified	chr5	115781000	115783432	0	2426	+	2438	2420	2419	6	12	1	60	0.995895	0.999587	0.992207	0
PBE24444_skip_b8ba7aa8_cf14c51a_142.pod5	0cb56cb7-ba38-48ea-b521-1b7fbe82cd1f	cf14c51afc71f96f13400767a61fb2aed9c13fb9	1990	3	205555	28.52	205555	28.4028	11056	23.9976	unclassified	chr9	32894684	32905590	1	11052	+	11100	10857	10701	194	49	156	60	0.999548	0.985631	0.964054	0
PBE24444_skip_b8ba7aa8_cf14c51a_142.pod5	968502a9-b596-4f2b-afb6-fc06a112d949	cf14c51afc71f96f13400767a61fb2aed9c13fb9	457	4	205564	20.6456	205564	20.5608	7717	27.9293	unclassified	chr8	34725648	34733353	0	7711	+	7720	7696	7693	15	9	3	60	0.999223	0.99961	0.996503	0
PBE24444_skip_b8ba7aa8_cf14c51a_142.pod5	09e8a5e8-f63c-422e-a1d1-b7a1fcfe282f	cf14c51afc71f96f13400767a61fb2aed9c13fb9	1172	2	205572	11.6544	205572	11.6524	3519	40.8282	unclassified	chr1	124652155	124655975	41	3514	+	3820	3473	3285	0	347	188	1	0.986928	0.945868	0.859948	0
PBE24444_skip_b8ba7aa8_cf14c51a_142.pod5	cacb877c-4bab-4256-a2e7-baa0ecd058b0	cf14c51afc71f96f13400767a61fb2aed9c13fb9	665	1	205682	155.336	205682	155.233	64435	25.1211	unclassified	chr20	60622397	60686897	0	64415	+	64588	64327	64225	88	173	102	60	0.99969	0.998414	0.99438	0
PBE24444_skip_b8ba7aa8_cf14c51a_142.pod5	7eff275c-bddf-47b5-90b5-50c2a8eaf65f	cf14c51afc71f96f13400767a61fb2aed9c13fb9	2356	4	205575	9.6848	205575	9.5568	3899	29.1667	unclassified	chr1	91071504	91075394	0	3889	+	3894	3885	3884	4	5	1	60	0.997435	0.999743	0.997432	0
PBE24444_skip_b8ba7aa8_cf14c51a_142.pod5	c0ee5037-ca14-4d52-adc8-cb66db92a5cc	cf14c51afc71f96f13400767a61fb2aed9c13fb9	890	3	205563	21.8996	205563	21.81	7935	30.9047	unclassified	chr3	139766605	139774525	7	7935	-	7941	7907	7886	21	13	21	60	0.999118	0.997344	0.993074	0
PBE24444_skip_b8ba7aa8_cf14c51a_142.pod5	b88b7264-60d5-41f7-99da-77952033e92b	cf14c51afc71f96f13400767a61fb2aed9c13fb9	1496	1	205582	4.1646	205582	4.1626	895	2.19026	unclassified	*	-1	-1	-1	-1	*	0	0	0	0	0	0	0	0	0	0	0
PBE24444_skip_b8ba7aa8_cf14c51a_142.pod5	9d0c1b21-2e4d-473b-9085-ec8ddde589b1	cf14c51afc71f96f13400767a61fb2aed9c13fb9	804	1	205496	83.5136	205496	83.3748	28166	23.7932	unclassified	chr8	63810398	63838561	5	28166	-	28216	28108	28042	53	55	66	60	0.999822	0.997652	0.993833	0
PBE24444_skip_b8ba7aa8_cf14c51a_142.pod5	c088d7fb-4087-4e78-80f7-ff527b8475c7	cf14c51afc71f96f13400767a61fb2aed9c13fb9	2907	4	205566	19.7312	205566	19.62	6654	31.1044	unclassified	chr17	71366204	71372855	0	6647	+	6656	6642	6635	5	9	7	60	0.998948	0.998946	0.996845	0
PBE24444_skip_b8ba7aa8_cf14c51a_142.pod5	363bcc27-7873-4025-8544-daad19b7f412	cf14c51afc71f96f13400767a61fb2aed9c13fb9	779	1	205524	58.3624	205524	58.3604	29949	20.3269	unclassified	chr12	99735316	99765231	7	29916	-	30049	29775	29619	134	140	156	60	0.998664	0.994761	0.98569	0
PBE24444_skip_b8ba7aa8_cf14c51a_142.pod5	64e838d4-fc8b-4a55-82db-6765018d1ee2	cf14c51afc71f96f13400767a61fb2aed9c13fb9	70	1	205649	253.514	205649	253.512	57947	6.55724	unclassified	chr21	19862203	19910452	1231	49245	+	52019	44244	39329	3770	4005	4915	60	0.828585	0.888911	0.756051	0
PBE24444_skip_b8ba7aa8_cf14c51a_142.pod5	353048d8-b893-4e6d-b6b2-351ae44f4124	cf14c51afc71f96f13400767a61fb2aed9c13fb9	2881	1	205585	1.4612	205586	1.3908	640	18.1492	unclassified	chr5	16694100	16694734	0	629	+	636	627	618	2	7	9	60	0.982813	0.985646	0.971698	0
PBE24444_skip_b8ba7aa8_cf14c51a_142.pod5	7083c5b7-50c0-4aba-8815-ff60b65efd22	cf14c51afc71f96f13400767a61fb2aed9c13fb9	1214	3	205582	5.9552	205582	5.8176	2285	12.0463	unclassified	chr6	94985754	94988062	0	2281	+	2352	2237	2152	44	71	85	60	0.998249	0.962003	0.914966	0
PBE24444_skip_b8ba7aa8_cf14c51a_142.pod5	dd8f1806-dc6f-441e-8021-29a2a686572b	cf14c51afc71f96f13400767a61fb2aed9c13fb9	1134	2	205563	23.8856	205563	23.7504	9526	25.9699	unclassified	chr5	167381373	167390890	0	9512	+	9524	9505	9491	7	12	14	60	0.99853	0.998527	0.996535	0
PBE24444_skip_b8ba7aa8_cf14c51a_142.pod5	4cf382d1-ce2f-4441-bbd4-5cd2c5c4da55	cf14c51afc71f96f13400767a61fb2aed9c13fb9	2881	1	205566	19.4756	205566	19.3716	9232	23.4993	unclassified	chr5	59389248	59398480	0	9232	-	9259	9205	9102	27	27	103	60	1	0.98881	0.983044	0
PBE24444_skip_b8ba7aa8_cf14c51a_142.pod5	291d6301-3b3c-49f9-8234-2fb0632bf706	cf14c51afc71f96f13400767a61fb2aed9c13fb9	1486	4	205552	31.6018	205552	31.5998	13489	17.6733	unclassified	chr17	22716997	22730511	24	13484	+	13585	13389	13274	71	125	115	60	0.99785	0.991411	0.977107	0
PBE24444_skip_b8ba7aa8_cf14c51a_142.pod5	414a53a6-95a7-4f45-8eb3-ed00bf693c71	cf14c51afc71f96f13400767a61fb2aed9c13fb9	2453	1	205537	49.0216	205537	49.0196	16599	18.5638	unclassified	chr4	132965547	132974170	7971	16599	+	8639	8612	8591	16	11	21	60	0.51979	0.997562	0.994444	0
PBE24444_skip_b8ba7aa8_cf14c51a_142.pod5	737c62f0-f958-4c6b-9bb4-a5f57efb5d6a	cf14c51afc71f96f13400767a61fb2aed9c13fb9	2657	2	205581	9.5764	205581	9.5744	3485	23.0574	unclassified	chr4	83433002	83436460	35	3477	+	3467	3433	3428	9	25	5	60	0.987661	0.998544	0.988751	0
PBE24444_skip_b8ba7aa8_cf14c51a_142.pod5	0e190853-e642-4156-869f-4806da2c1a09	cf14c51afc71f96f13400767a61fb2aed9c13fb9	156	1	205557	30.7554	205557	30.7534	11082	25.2693	unclassified	chr10	33333482	33344505	7	11049	-	11054	11011	10985	31	12	26	60	0.996391	0.997639	0.993758	0
PBE24444_skip_b8ba7aa8_cf14c51a_142.pod5	82d4f382-3c91-4aa3-b82b-7101e53c2a31	cf14c51afc71f96f13400767a61fb2aed9c13fb9	2056	2	205583	7.1924	205583	7.062	2286	21.8748	unclassified	chr9	98887084	98889369	0	2279	+	2288	2276	2272	3	9	4	60	0.996938	0.998243	0.993007	0
PBE24444_skip_b8ba7aa8_cf14c51a_142.pod5	41d6d613-b412-413b-b08c-15f560bfbcc5	cf14c51afc71f96f13400767a61fb2aed9c13fb9	1066	1	205555	31.2284	205555	31.0848	9700	25.9341	unclassified	chrX	71188451	71198146	6	9699	-	9709	9679	9666	14	16	13	60	0.999278	0.998657	0.995571	0
PBE24444_skip_b8ba7aa8_cf14c51a_142.pod5	5dc2afa0-444f-4905-b12c-969f33b4cca4	cf14c51afc71f96f13400767a61fb2aed9c13fb9	2672	1	205551	37.3784	205551	37.1376	15755	25.6651	unclassified	chr2	84388672	84404443	0	15746	+	15773	15744	15727	2	27	17	60	0.999429	0.99892	0.997084	0
PBE24444_skip_b8ba7aa8_cf14c51a_142.pod5	29fbbd4a-9fe7-4c71-97f9-1e72ad4866d0	cf14c51afc71f96f13400767a61fb2aed9c13fb9	949	3	205770	164.01	205770	163.57	51927	22.9921	unclassified	chr2	220751352	220778213	25050	51913	+	26916	26808	26742	55	53	66	60	0.517322	0.997538	0.993535	0
PBE24444_skip_b8ba7aa8_cf14c51a_142.pod5	3df0d298-e2ef-434b-a904-27b557d33050	cf14c51afc71f96f13400767a61fb2aed9c13fb9	1376	1	205583	9.5444	205583	9.342	2185	30.5267	unclassified	chr17	75203430	75205619	0	2185	-	2193	2181	2180	4	8	1	60	1	0.999542	0.994072	0
PBE24444_skip_b8ba7aa8_cf14c51a_142.pod5	3c77cc9b-dcdc-4e45-a63f-479f313b4603	cf14c51afc71f96f13400767a61fb2aed9c13fb9	36	4	205292	79.1028	205292	79.1028	29275	13.305	unclassified	chr20	32186603	32213503	1658	28537	+	26967	26812	26729	67	88	83	60	0.918155	0.996904	0.991174	0
PBE24444_skip_b8ba7aa8_cf14c51a_142.pod5	b1f21c2c-0e27-44a1-b04f-1aac87eff673	cf14c51afc71f96f13400767a61fb2aed9c13fb9	2956	3	205583	7.3336	205583	7.3316	2266	37.235	unclassified	chrX	108087051	108088292	992	2233	-	1242	1240	1239	1	1	1	60	0.547661	0.999194	0.997585	0
PBE24444_skip_b8ba7aa8_cf14c51a_142.pod5	c97ee34f-948e-4904-a219-97cae2a6a1d8	cf14c51afc71f96f13400767a61fb2aed9c13fb9	970	2	205578	13.3904	205578	13.2792	5488	25.7735	unclassified	chr10	28481666	28487138	0	5488	-	5490	5470	5460	18	2	10	60	1	0.998172	0.994536	0
PBE24444_skip_b8ba7aa8_cf14c51a_142.pod5	37f42d20-2291-4e2d-933e-2ea4d250801d	cf14c51afc71f96f13400767a61fb2aed9c13fb9	784	3	205514	68.3732	205514	68.2596	26604	24.2034	unclassified	chr16	62157152	62183755	0	26599	+	26684	26518	26418	81	85	100	60	0.999812	0.996229	0.990031	0
PBE24444_skip_b8ba7aa8_cf14c51a_142.pod5	b1fbd89e-2716-4682-a4d5-52ac4b016fb1	cf14c51afc71f96f13400767a61fb2aed9c13fb9	2426	1	205590	1.9198	205590	1.9178	380	3.0941	unclassified	*	-1	-1	-1	-1	*	0	0	0	0	0	0	0	0	0	0	0
PBE24444_skip_b8ba7aa8_cf14c51a_142.pod5	5278bfeb-8a04-43e4-b7ad-092cb39c12d0	cf14c51afc71f96f13400767a61fb2aed9c13fb9	1308	4	205546	21.938	205546	21.8076	8333	24.2599	unclassified	chr3	84630528	84638635	0	8097	+	8110	8094	8078	3	13	16	60	0.971679	0.998023	0.996054	0
PBE24444_skip_b8ba7aa8_cf14c51a_142.pod5	d402f06b-e3a3-4be3-aea0-a43f8c4af4f6	cf14c51afc71f96f13400767a61fb2aed9c13fb9	804	1	205584	3.6608	205584	3.5592	1171	19.0474	unclassified	chr4	163357261	163358442	1	1168	-	1182	1166	1156	1	15	10	60	0.996584	0.991424	0.978003	0
PBE24444_skip_b8ba7aa8_cf14c51a_142.pod5	410c2a1e-df7d-4e59-a4e4-9fb7f6a1cce7	cf14c51afc71f96f13400767a61fb2aed9c13fb9	2411	4	205567	22.5502	205567	22.5482	8476	23.9666	unclassified	chr7	121698306	121706774	7	8441	-	8479	8423	8408	11	45	15	60	0.995045	0.998219	0.991626	0
PBE24444_skip_b8ba7aa8_cf14c51a_142.pod5	a00c4f64-be88-4f11-8a37-a2debf1e0034	cf14c51afc71f96f13400767a61fb2aed9c13fb9	2169	2	205573	17.7944	205573	17.6112	7460	27.4936	unclassified	chr9	82272054	82279506	0	7460	+	7471	7441	7428	19	11	13	60	1	0.998253	0.994244	0
PBE24444_skip_b8ba7aa8_cf14c51a_142.pod5	b7775ad1-0670-4bc9-a385-6b2a0e7d21fe	cf14c51afc71f96f13400767a61fb2aed9c13fb9	722	4	205592	1.5224	205592	1.0128	421	28.8858	unclassified	*	-1	-1	-1	-1	*	0	0	0	0	0	0	0	0	0	0	0
PBE24444_skip_b8ba7aa8_cf14c51a_142.pod5	da98f52b-fb47-483e-b6c1-468dd7972801	cf14c51afc71f96f13400767a61fb2aed9c13fb9	2396	1	205573	19.7966	205573	19.7946	7274	25.8021	unclassified	chr7	3284828	3292060	10	7235	-	7237	7220	7175	5	12	45	60	0.993264	0.993767	0.991433	0
PBE24444_skip_b8ba7aa8_cf14c51a_142.pod5	88d0f455-0ee6-4a1a-86d9-db7da7a79325	cf14c51afc71f96f13400767a61fb2aed9c13fb9	1312	1	205586	6.5922	205586	6.5902	1590	2.54876	unclassified	*	-1	-1	-1	-1	*	0	0	0	0	0	0	0	0	0	0	0
PBE24444_skip_b8ba7aa8_cf14c51a_142.pod5	0fbf6b5d-cd40-4887-9f85-f8d3b789e087	cf14c51afc71f96f13400767a61fb2aed9c13fb9	746	1	205891	130.123	205891	130.123	45488	17.4085	unclassified	chr20	3113550	3157685	914	45008	+	44183	44046	43974	48	89	72	60	0.969355	0.998365	0.99527	0
PBE24444_skip_b8ba7aa8_cf14c51a_142.pod5	e4ca5746-b39e-45f1-9814-793e5eed9431	cf14c51afc71f96f13400767a61fb2aed9c13fb9	442	2	205389	235.621	205389	235.621	82041	14.1568	unclassified	chr1	49998688	50027535	28287	57129	+	28903	28786	28740	56	61	46	60	0.351556	0.998402	0.99436	0
