filename	read_id	run_id	channel	mux	start_time	duration	template_start	template_duration	sequence_length_template	mean_qscore_template	barcode	alignment_genome	alignment_genome_start	alignment_genome_end	alignment_strand_start	alignment_strand_end	alignment_direction	alignment_length	alignment_num_aligned	alignment_num_correct	alignment_num_insertions	alignment_num_deletions	alignment_num_substitutions	alignment_mapq	alignment_strand_coverage	alignment_identity	alignment_accuracy	alignment_bed_hits
PBE62253_skip_9d8de194_94a31e0b_37.pod5	776890fc-6570-421e-98f9-6e953e1c5a74	94a31e0b3732106207c0b307a445c20d576954b4	1877	3	27059.2	2.204	27059.4	2.052	781	22.9025	unclassified	chr4	12057782	12058352	0	573	+	573	570	570	3	0	0	60	0.733675	1	0.994764	0
PBE62253_skip_9d8de194_94a31e0b_37.pod5	0437e4cf-4b50-4d2e-b070-7a1ebe6e2696	94a31e0b3732106207c0b307a445c20d576954b4	276	1	27044.8	13.6184	27045	13.4832	4939	24.7644	unclassified	chr19	23629306	23634242	5	4939	-	4945	4925	4899	9	11	26	60	0.998988	0.994721	0.990698	0
PBE62253_skip_9d8de194_94a31e0b_37.pod5	224fb19b-1355-4d6d-af95-004f11f1c4c6	94a31e0b3732106207c0b307a445c20d576954b4	1088	1	27050.8	10.2694	27050.8	10.2674	1869	3.13004	unclassified	chr19	56538765	56538892	178	302	-	132	119	114	5	8	5	1	0.0663456	0.957983	0.863636	0
PBE62253_skip_9d8de194_94a31e0b_37.pod5	8013b1a8-e95b-45a4-9e9a-cd4f53ef6d76	94a31e0b3732106207c0b307a445c20d576954b4	1324	3	27050.1	8.6072	27050.3	8.4552	4732	24.3461	unclassified	chr7	16752723	16757454	6	4732	-	4738	4719	4713	7	12	6	60	0.998732	0.998729	0.994723	0
PBE62253_skip_9d8de194_94a31e0b_37.pod5	00303b20-6910-4bcc-a168-c21c426fa539	94a31e0b3732106207c0b307a445c20d576954b4	2606	4	27049.2	8.4584	27049.4	8.34	3170	31.4542	unclassified	chr10	81536147	81539311	3	3170	-	3170	3161	3159	6	3	2	60	0.999054	0.999367	0.99653	0
PBE62253_skip_9d8de194_94a31e0b_37.pod5	ec1eefcf-0557-4601-8c3c-0c9d71e4e65b	94a31e0b3732106207c0b307a445c20d576954b4	1334	4	27055.2	4.1948	27055.3	4.062	1601	31.3797	unclassified	chr1	149398809	149400406	6	1601	-	1598	1594	1592	1	3	2	60	0.996252	0.998745	0.996245	0
PBE62253_skip_9d8de194_94a31e0b_37.pod5	1e4d00cc-e3f6-43e0-b820-26a746abf6b4	94a31e0b3732106207c0b307a445c20d576954b4	2881	4	27059.3	2.3552	27059.5	2.2368	1005	17.2019	unclassified	chr10	32648632	32649504	134	1005	-	879	864	856	7	8	8	60	0.866667	0.990741	0.973834	0
PBE62253_skip_9d8de194_94a31e0b_37.pod5	333fcaa2-57f6-4c80-89b9-3188872b8cd4	94a31e0b3732106207c0b307a445c20d576954b4	1838	3	27057	1.8872	27057.1	1.752	586	25.5382	unclassified	chrX	22942435	22943009	0	575	+	575	574	571	1	0	3	60	0.981229	0.994774	0.993043	0
PBE62253_skip_9d8de194_94a31e0b_37.pod5	ed3fcbf1-81ab-43fe-b35a-23b59c051d1d	94a31e0b3732106207c0b307a445c20d576954b4	1946	2	27064.6	1.8344	27064.8	1.7112	629	21.3401	unclassified	chr6	145016970	145017464	129	629	-	500	494	492	6	0	2	60	0.794913	0.995951	0.984	0
PBE62253_skip_9d8de194_94a31e0b_37.pod5	4b34f46c-df5f-4573-818a-dd5acafd13d4	94a31e0b3732106207c0b307a445c20d576954b4	1074	4	27063.5	1.862	27063.6	1.7508	658	25.0528	unclassified	chr12	42775736	42776387	0	647	+	651	647	641	0	4	6	60	0.983283	0.990726	0.984639	0
PBE62253_skip_9d8de194_94a31e0b_37.pod5	d6685bb1-117e-4b8f-b504-bfbe18e0defb	94a31e0b3732106207c0b307a445c20d576954b4	2366	3	27060.2	1.91	27060.4	1.7316	712	30.1041	unclassified	chr9	104327498	104328210	0	712	+	712	712	712	0	0	0	60	1	1	1	0
PBE62253_skip_9d8de194_94a31e0b_37.pod5	3f1e749e-bf71-4c9a-8f77-4ef916e245a1	94a31e0b3732106207c0b307a445c20d576954b4	2529	1	27052.8	6.56	27052.9	6.4488	2552	28.85	unclassified	chr8	130155249	130157796	5	2552	-	2547	2547	2546	0	0	1	60	0.998041	0.999607	0.999607	0
PBE62253_skip_9d8de194_94a31e0b_37.pod5	85b39164-8296-40f3-970a-6d2c9d6e3e59	94a31e0b3732106207c0b307a445c20d576954b4	535	1	27064.8	2.3408	27064.9	2.2392	901	33.0292	unclassified	chr7	51025694	51026596	0	901	-	902	901	900	0	1	1	60	1	0.99889	0.997783	0
PBE62253_skip_9d8de194_94a31e0b_37.pod5	b8ba1410-3c8b-465c-90d1-ebd92b8d3e32	94a31e0b3732106207c0b307a445c20d576954b4	2489	2	27054.6	5.25	27054.6	5.248	2263	30.502	unclassified	chr3	161629311	161631538	32	2257	+	2227	2225	2224	0	2	1	60	0.983208	0.999551	0.998653	0
PBE62253_skip_9d8de194_94a31e0b_37.pod5	06b5d029-486c-464a-9a82-c7b794032d7a	94a31e0b3732106207c0b307a445c20d576954b4	1420	2	27026.9	30.656	27027.1	30.4596	12239	24.9667	unclassified	chr5	114032815	114045059	2	12239	-	12267	12214	12191	23	30	23	60	0.999837	0.998117	0.993805	0
PBE62253_skip_9d8de194_94a31e0b_37.pod5	82bc0d14-6028-4208-9300-21fcea908775	94a31e0b3732106207c0b307a445c20d576954b4	295	1	27060	2.4716	27060.1	2.3748	1429	21.8985	unclassified	chr9	117212841	117214265	0	1425	+	1426	1423	1416	2	1	7	60	0.997201	0.995081	0.992987	0
PBE62253_skip_9d8de194_94a31e0b_37.pod5	ade278fa-6225-4727-8065-845d4c606378	94a31e0b3732106207c0b307a445c20d576954b4	99	3	27060	1.2704	27060.1	1.1472	527	18.8362	unclassified	chr16	36096146	36096662	0	515	+	516	515	504	0	1	11	31	0.97723	0.978641	0.976744	0
PBE62253_skip_9d8de194_94a31e0b_37.pod5	3356b394-409d-4645-b820-4b64e8f14e1a	94a31e0b3732106207c0b307a445c20d576954b4	1822	2	27055.7	8.9698	27055.7	8.9678	4170	21.131	unclassified	chr6	111580718	111584826	41	4159	+	4124	4102	4082	16	6	20	60	0.98753	0.995124	0.989816	0
PBE62253_skip_9d8de194_94a31e0b_37.pod5	d3a90e53-7d70-40ce-94f7-4ed1c144abab	94a31e0b3732106207c0b307a445c20d576954b4	2374	1	27046.4	12.8912	27046.5	12.7464	4565	26.8152	unclassified	chr15	66117844	66122406	0	4565	+	4570	4557	4548	8	5	9	60	1	0.998025	0.995186	0
PBE62253_skip_9d8de194_94a31e0b_37.pod5	7b5d2774-034e-447b-a833-f9365191c4b3	94a31e0b3732106207c0b307a445c20d576954b4	1026	1	27059.2	4.6988	27059.3	4.5972	1985	25.8189	unclassified	chr7	28295438	28297426	0	1985	-	1989	1984	1984	1	4	0	60	1	1	0.997486	0
PBE62253_skip_9d8de194_94a31e0b_37.pod5	df72e3b9-a335-4296-ad8d-625a51f0cf5d	94a31e0b3732106207c0b307a445c20d576954b4	370	3	27054	4.0844	27054.1	4.0116	1716	25.3675	unclassified	chr1	76871622	76873329	0	1709	+	1712	1704	1701	5	3	3	60	0.995921	0.998239	0.993575	0
PBE62253_skip_9d8de194_94a31e0b_37.pod5	fc034105-4e47-41f0-bc40-19817874e598	94a31e0b3732106207c0b307a445c20d576954b4	1923	3	27050.5	10.6302	27050.5	10.6282	3965	28.7603	unclassified	chr16	70071935	70075856	9	3932	-	3929	3915	3909	8	6	6	60	0.989407	0.998467	0.99491	0
PBE62253_skip_9d8de194_94a31e0b_37.pod5	0c6b63f0-12f3-4641-b05c-74a4a93e72b7	94a31e0b3732106207c0b307a445c20d576954b4	1326	4	27042.8	15.2216	27042.9	15.1128	6007	27.975	unclassified	chr17	66709383	66715386	0	6007	-	6010	6000	5991	7	3	9	60	1	0.9985	0.996839	0
PBE62253_skip_9d8de194_94a31e0b_37.pod5	20f4eb1e-ea66-48ce-94ca-c3ba2ca15ab1	94a31e0b3732106207c0b307a445c20d576954b4	2387	2	27040.9	16.4336	27041	16.3128	6696	37.9574	unclassified	chr22	11211033	11215496	108	5038	+	5041	4352	3707	578	111	645	30	0.73626	0.851792	0.73537	0
PBE62253_skip_9d8de194_94a31e0b_37.pod5	cd94447e-3329-446b-b2c8-36a1176f334c	94a31e0b3732106207c0b307a445c20d576954b4	196	2	27047.7	12.9632	27047.9	12.8244	4797	32.0619	unclassified	chr14	48071069	48075859	0	4793	+	4801	4782	4777	11	8	5	60	0.999166	0.998954	0.995001	0
PBE62253_skip_9d8de194_94a31e0b_37.pod5	ac5648d7-1e67-4e2b-ba50-019c24d5c296	94a31e0b3732106207c0b307a445c20d576954b4	1679	2	27058.5	7.556	27058.6	7.4376	1930	26.4148	unclassified	chr7	131949095	131951027	1	1930	-	1932	1929	1920	0	3	9	60	0.999482	0.995334	0.993789	0
PBE62253_skip_9d8de194_94a31e0b_37.pod5	c06ae282-12e3-4d51-8eda-cca624f44568	94a31e0b3732106207c0b307a445c20d576954b4	126	4	27062.1	1.752	27062.1	1.75	620	24.3958	unclassified	chr2	211317448	211318025	10	588	-	579	576	574	2	1	2	60	0.932258	0.996528	0.991364	0
PBE62253_skip_9d8de194_94a31e0b_37.pod5	1a6a30ac-22a7-46aa-91fc-079f09b7060a	94a31e0b3732106207c0b307a445c20d576954b4	2963	3	27045	17.0274	27045	17.0254	6204	24.4712	unclassified	chr7	119502496	119508588	107	6198	+	6092	6091	6085	0	1	6	60	0.981786	0.999015	0.998851	0
PBE62253_skip_9d8de194_94a31e0b_37.pod5	c5de21b4-d9da-4069-a29e-ba8859c7cfd7	94a31e0b3732106207c0b307a445c20d576954b4	714	3	27024.7	34.8152	27024.9	34.6368	12027	28.2328	unclassified	chr16	64666001	64678037	0	12019	+	12040	12015	11997	4	21	18	60	0.999335	0.998502	0.996429	0
PBE62253_skip_9d8de194_94a31e0b_37.pod5	7d44f2f5-a5d9-4b17-ae1d-0269b64dbeeb	94a31e0b3732106207c0b307a445c20d576954b4	1459	1	27039.3	19.8056	27039.6	19.5384	4640	29.0669	unclassified	chr8	74799743	74804382	0	4640	+	4641	4638	4632	2	1	6	60	1	0.998706	0.998061	0
PBE62253_skip_9d8de194_94a31e0b_37.pod5	73e86d91-0520-4746-b8f4-5c6495ece391	94a31e0b3732106207c0b307a445c20d576954b4	87	1	27045.7	13.9148	27045.9	13.7724	7130	22.3338	unclassified	chr1	71402297	71409425	8	7130	-	7148	7102	7082	20	26	20	60	0.998878	0.997184	0.990767	0
PBE62253_skip_9d8de194_94a31e0b_37.pod5	a5ff16d7-5348-41f8-a559-aa25c2e758be	94a31e0b3732106207c0b307a445c20d576954b4	2318	1	27056.6	5.819	27056.6	5.817	1693	30.1414	unclassified	chr3	171671370	171672772	259	1660	-	1402	1401	1397	0	1	4	60	0.827525	0.997145	0.996434	0
PBE62253_skip_9d8de194_94a31e0b_37.pod5	3a133e26-4079-423f-8f7b-a31bf0105ab5	94a31e0b3732106207c0b307a445c20d576954b4	1958	1	27037.9	23.3008	27037.9	23.2988	9897	9.56682	unclassified	chr13	77478670	77488722	61	9885	+	10317	9559	8967	265	493	592	60	0.992624	0.938069	0.869148	0
PBE62253_skip_9d8de194_94a31e0b_37.pod5	5b39961c-55a0-4c84-a189-211a8f65b03e	94a31e0b3732106207c0b307a445c20d576954b4	1789	2	27055.2	9.6212	27055.3	9.51	4173	28.2127	unclassified	chr1	25254493	25258671	0	4166	+	4179	4165	4159	1	13	6	60	0.998323	0.998559	0.995214	0
PBE62253_skip_9d8de194_94a31e0b_37.pod5	68bcdeb3-eda3-4aa0-8625-46bcbd386f09	94a31e0b3732106207c0b307a445c20d576954b4	20	2	27062.1	4.4408	27062.2	4.3512	2526	20.6674	unclassified	chr16	80146992	80149512	11	2526	-	2523	2512	2503	3	8	9	60	0.995645	0.996417	0.992073	0
PBE62253_skip_9d8de194_94a31e0b_37.pod5	dbc8bb2f-c84a-43f6-a517-ef5a2e477d51	94a31e0b3732106207c0b307a445c20d576954b4	587	2	27033.9	30.3068	27034	30.1788	10037	28.1062	unclassified	chr11	522590	533286	0	10030	+	10707	10019	10012	11	677	7	60	0.999303	0.999301	0.935089	0
PBE62253_skip_9d8de194_94a31e0b_37.pod5	d02dbeb4-0dba-4c8b-9be0-ceaa67cfb89d	94a31e0b3732106207c0b307a445c20d576954b4	2631	4	27047.9	11.7764	27048.1	11.6484	4470	32.3815	unclassified	chr2	185771512	185775986	0	4470	+	4480	4464	4447	6	10	17	60	1	0.996192	0.992634	0
PBE62253_skip_9d8de194_94a31e0b_37.pod5	e2d4e272-599d-4db3-b203-bd2638292bcf	94a31e0b3732106207c0b307a445c20d576954b4	639	1	27055.7	5.6084	27055.8	5.4276	2052	29.3094	unclassified	chr12	38339916	38341961	0	2045	+	2046	2044	2040	1	1	4	60	0.996589	0.998043	0.997067	0
PBE62253_skip_9d8de194_94a31e0b_37.pod5	8c63b61e-a194-40e9-a665-cf67114b72ec	94a31e0b3732106207c0b307a445c20d576954b4	2345	3	27041.8	19.3496	27041.9	19.2384	7509	27.3327	unclassified	chr1	233205987	233213192	0	7509	+	7525	7189	7174	320	16	15	60	1	0.997913	0.953355	0
PBE62253_skip_9d8de194_94a31e0b_37.pod5	b0cc5a5c-c191-4676-9e06-ff6e176b567f	94a31e0b3732106207c0b307a445c20d576954b4	1352	1	27054.3	6.7864	27054.3	6.7844	2626	31.3003	unclassified	chr9	97007828	97010358	6	2599	-	2603	2520	2517	73	10	3	60	0.987433	0.99881	0.966961	0
PBE62253_skip_9d8de194_94a31e0b_37.pod5	71cb486c-1cca-4b77-b641-f0836f7c466e	94a31e0b3732106207c0b307a445c20d576954b4	1964	1	27053.6	7.7684	27053.8	7.6068	2501	25.0432	unclassified	chr13	107702473	107704973	8	2501	-	2503	2490	2476	3	10	14	60	0.996801	0.994377	0.989213	0
PBE62253_skip_9d8de194_94a31e0b_37.pod5	7e30d705-e6e0-4621-a60b-7e38241fd995	94a31e0b3732106207c0b307a445c20d576954b4	2040	2	27038.7	22.448	27038.9	22.2984	8851	28.1732	unclassified	chr6	139987750	139996592	0	8845	+	8851	8836	8825	9	6	11	60	0.999322	0.998755	0.997063	0
PBE62253_skip_9d8de194_94a31e0b_37.pod5	e41edea0-daeb-4af3-a40e-3e1e7963f136	94a31e0b3732106207c0b307a445c20d576954b4	1966	4	27055.6	4.7216	27055.7	4.6128	1878	36.1183	unclassified	chr18	74938279	74940159	0	1878	-	1880	1878	1873	0	2	5	60	1	0.997338	0.996277	0
PBE62253_skip_9d8de194_94a31e0b_37.pod5	1b9e16ba-bc71-42a4-b414-f46a9897401b	94a31e0b3732106207c0b307a445c20d576954b4	1724	4	27035.6	23.7956	27035.7	23.6796	9433	27.1227	unclassified	chr20	54849982	54859427	0	9433	-	9453	9425	9408	8	20	17	60	1	0.998196	0.99524	0
PBE62253_skip_9d8de194_94a31e0b_37.pod5	f8de80d7-9c7a-424b-a7a6-cc9d273b8f83	94a31e0b3732106207c0b307a445c20d576954b4	2549	1	27032.5	28.7384	27032.7	28.5408	7069	29.684	unclassified	chr2	115893942	115901000	0	7069	-	7070	7057	7053	12	1	4	60	1	0.999433	0.997595	0
PBE62253_skip_9d8de194_94a31e0b_37.pod5	b5f005e1-61a8-46c1-b133-fed2511dd807	94a31e0b3732106207c0b307a445c20d576954b4	2471	2	27054	8.3216	27054.2	8.1984	3017	33.0908	unclassified	chr10	24740189	24743150	8	3012	-	3007	2958	2941	46	3	17	60	0.995691	0.994253	0.978051	0
PBE62253_skip_9d8de194_94a31e0b_37.pod5	2334e4ef-f067-4c4b-8b83-5e38dadb571e	94a31e0b3732106207c0b307a445c20d576954b4	514	1	27056.2	7.7228	27056.3	7.5612	3946	23.5622	unclassified	chr6	70924523	70928459	8	3944	+	3941	3931	3920	5	5	11	60	0.997466	0.997202	0.994671	0
PBE62253_skip_9d8de194_94a31e0b_37.pod5	776a34df-752e-42f4-9784-24e412a1edc1	94a31e0b3732106207c0b307a445c20d576954b4	482	4	27025.5	33.602	27025.6	33.4788	16451	25.359	unclassified	chr17	10410341	10426811	5	16451	-	16482	16434	16383	12	36	51	60	0.999696	0.996897	0.993993	0
PBE62253_skip_9d8de194_94a31e0b_37.pod5	921a83bc-307e-4747-8da2-614fb21d7eb1	94a31e0b3732106207c0b307a445c20d576954b4	1692	4	27054.9	6.0488	27055	5.9232	2032	29.9462	unclassified	chr5	144309936	144311968	0	2032	-	2033	2031	2029	1	1	2	60	1	0.999015	0.998032	0
PBE62253_skip_9d8de194_94a31e0b_37.pod5	56b08f3e-00fd-455d-9302-75bd13bf7cf2	94a31e0b3732106207c0b307a445c20d576954b4	2154	4	27034	25.345	27034	25.343	9558	25.5239	unclassified	chr14	45737483	45747005	0	9522	-	9533	9511	9487	11	11	24	60	0.996234	0.997477	0.995175	0
PBE62253_skip_9d8de194_94a31e0b_37.pod5	d3d345b6-e6a3-409f-8c6c-727da9639d2e	94a31e0b3732106207c0b307a445c20d576954b4	2801	3	27064.6	1.9556	27064.6	1.8732	869	24.59	unclassified	chr7	12215501	12216366	0	861	+	866	860	855	1	5	5	60	0.990794	0.994186	0.987298	0
PBE62253_skip_9d8de194_94a31e0b_37.pod5	49402805-7991-473c-ae30-cc9164956c93	94a31e0b3732106207c0b307a445c20d576954b4	408	2	27055.7	8.0558	27055.7	8.0538	2896	31.6644	unclassified	chr2	7775287	7778144	8	2858	-	2858	2849	2845	1	8	4	60	0.984116	0.998596	0.995451	0
PBE62253_skip_9d8de194_94a31e0b_37.pod5	6edc0ead-1149-42a7-9e9b-32520ae8d674	94a31e0b3732106207c0b307a445c20d576954b4	436	1	27052.3	8.9792	27052.5	8.8224	3204	25.6605	unclassified	chr15	27880366	27883560	0	3193	+	3197	3190	3186	3	4	4	60	0.996567	0.998746	0.996559	0
PBE62253_skip_9d8de194_94a31e0b_37.pod5	681fa528-f1e3-4eb0-ac56-62da7ecdea43	94a31e0b3732106207c0b307a445c20d576954b4	927	3	27063.1	1.2524	27063.2	1.1088	419	27.7469	unclassified	chr4	47538145	47538556	10	419	-	411	409	407	0	2	2	60	0.976134	0.99511	0.990268	0
PBE62253_skip_9d8de194_94a31e0b_37.pod5	390bea83-847c-413a-b434-6d2154624e3b	94a31e0b3732106207c0b307a445c20d576954b4	1877	3	27062.5	2.4928	27062.6	2.4908	1008	25.2772	unclassified	chr3	99952465	99953436	0	974	-	974	971	970	3	0	1	60	0.96627	0.99897	0.995893	0
PBE62253_skip_9d8de194_94a31e0b_37.pod5	01233353-b091-4833-9190-83992919d5b4	94a31e0b3732106207c0b307a445c20d576954b4	2658	3	27054	8.2648	27054	8.2628	3278	12.939	unclassified	chr5	9697580	9700845	4	3227	-	3320	3168	3084	55	97	84	60	0.983221	0.973485	0.928916	0
PBE62253_skip_9d8de194_94a31e0b_37.pod5	9b4ec555-3f87-4e7f-8f45-7f10443564e1	94a31e0b3732106207c0b307a445c20d576954b4	136	2	27054	10.8572	27054.2	10.674	3591	30.2748	unclassified	chr3	118078884	118082466	0	3585	+	3586	3581	3581	4	1	0	60	0.998329	1	0.998606	0
PBE62253_skip_9d8de194_94a31e0b_37.pod5	15f8effe-f55e-4263-be21-77ab984bd404	94a31e0b3732106207c0b307a445c20d576954b4	1295	4	27055.3	9.7592	27055.4	9.6576	3721	25.2768	unclassified	chr6	140905280	140908989	6	3721	-	3719	3705	3700	10	4	5	60	0.998388	0.99865	0.994891	0
PBE62253_skip_9d8de194_94a31e0b_37.pod5	115123c3-913f-4396-9224-50296ed42d7d	94a31e0b3732106207c0b307a445c20d576954b4	2120	2	27055.2	9.578	27055.4	9.4524	4106	26.2361	unclassified	chr17	63498449	63502734	0	4099	+	4292	4092	4070	7	193	22	60	0.998295	0.994624	0.948276	0
PBE62253_skip_9d8de194_94a31e0b_37.pod5	4a062101-4fed-4f0e-a69b-9604b433ced7	94a31e0b3732106207c0b307a445c20d576954b4	2658	3	27064.4	3.5076	27064.4	3.5056	1382	14.5784	unclassified	chr3	106076197	106077541	0	1349	-	1368	1325	1307	24	19	18	60	0.976122	0.986415	0.955409	0
PBE62253_skip_9d8de194_94a31e0b_37.pod5	41da3eef-7797-4295-aa29-a522f62c8985	94a31e0b3732106207c0b307a445c20d576954b4	686	3	27057.7	2.582	27057.7	2.58	931	8.5985	unclassified	chr3	152199130	152200071	34	931	+	968	870	815	27	71	55	42	0.96348	0.936782	0.841942	0
PBE62253_skip_9d8de194_94a31e0b_37.pod5	4ca9a553-8440-438d-9d96-2d8178b5d59b	94a31e0b3732106207c0b307a445c20d576954b4	2652	4	27060.3	7.0496	27060.3	7.0476	2771	29.5975	unclassified	chr8	39847109	39849846	0	2740	-	2740	2737	2735	3	0	2	60	0.988813	0.999269	0.998175	0
PBE62253_skip_9d8de194_94a31e0b_37.pod5	1ec1ba3f-61f6-4d6a-849e-f3c2f245a5f5	94a31e0b3732106207c0b307a445c20d576954b4	1804	4	27057.4	6.152	27057.5	6.0432	2613	23.7642	unclassified	chr6	106197568	106199827	359	2613	-	2261	2252	2249	2	7	3	60	0.86261	0.998668	0.994693	0
PBE62253_skip_9d8de194_94a31e0b_37.pod5	fb83d520-529b-415e-9228-36923509fd91	94a31e0b3732106207c0b307a445c20d576954b4	2632	4	27050.2	8.9792	27050.3	8.8416	3570	32.7632	unclassified	chr19	55794491	55798048	0	3564	+	3565	3556	3544	8	1	12	60	0.998319	0.996625	0.994109	0
PBE62253_skip_9d8de194_94a31e0b_37.pod5	a4c285be-da33-4c5a-805e-5aa634268b4a	94a31e0b3732106207c0b307a445c20d576954b4	1014	3	27053.4	5.6632	27053.4	5.6612	2158	10.5552	unclassified	chr2	199972689	199974855	34	2145	+	2210	2067	1981	44	99	86	60	0.978221	0.958394	0.89638	0
PBE62253_skip_9d8de194_94a31e0b_37.pod5	a8c552a4-117e-49f2-bb2c-71163a134809	94a31e0b3732106207c0b307a445c20d576954b4	2042	1	27052.8	8.4884	27052.9	8.4036	4005	22.6309	unclassified	chr21	34984090	34988097	7	4005	-	4014	3991	3976	7	16	15	60	0.998252	0.996242	0.990533	0
PBE62253_skip_9d8de194_94a31e0b_37.pod5	c159320b-d7cf-447b-835c-f749e5bf98f2	94a31e0b3732106207c0b307a445c20d576954b4	2203	4	27056.9	7.4356	27056.9	7.4336	2543	30.9752	unclassified	chr12	22723422	22725917	45	2536	+	2495	2491	2489	0	4	2	60	0.979552	0.999197	0.997595	0
PBE62253_skip_9d8de194_94a31e0b_37.pod5	ed0fad2b-f09f-4e6d-9a20-5a2c4b40b10b	94a31e0b3732106207c0b307a445c20d576954b4	2444	1	27042.2	18.8792	27042.4	18.7488	7698	33.3206	unclassified	chr12	114653894	114661581	15	7698	-	7690	7680	7674	3	7	6	60	0.998051	0.999219	0.997919	0
PBE62253_skip_9d8de194_94a31e0b_37.pod5	7431cfef-8433-4886-950d-2333e6d53049	94a31e0b3732106207c0b307a445c20d576954b4	1075	4	27053.6	3.944	27053.8	3.804	1584	26.4543	unclassified	chr1	146228150	146229725	0	1574	+	1576	1573	1571	1	2	2	60	0.993687	0.998729	0.996827	0
PBE62253_skip_9d8de194_94a31e0b_37.pod5	98676ab0-e646-4e22-8fa2-64ac1e078280	94a31e0b3732106207c0b307a445c20d576954b4	730	4	27047	17.1824	27047.4	16.8444	7026	25.1378	unclassified	chr12	79081303	79088311	0	7015	+	7019	7004	6994	11	4	10	60	0.998434	0.998572	0.996438	0
PBE62253_skip_9d8de194_94a31e0b_37.pod5	d488a3e2-ec0c-4db1-a824-d9f98941621f	94a31e0b3732106207c0b307a445c20d576954b4	37	2	27043	15.7664	27043.1	15.5928	5291	27.9367	unclassified	chr6	145263430	145268717	0	5284	+	5289	5282	5281	2	5	1	60	0.998677	0.999811	0.998487	0
PBE62253_skip_9d8de194_94a31e0b_37.pod5	25e31577-2d4f-4e85-b850-035bd455023e	94a31e0b3732106207c0b307a445c20d576954b4	1075	4	27057.9	1.454	27057.9	1.3944	586	20.8226	unclassified	chr1	120069755	120070350	2	583	-	597	579	574	2	16	5	0	0.991468	0.991364	0.961474	0
PBE62253_skip_9d8de194_94a31e0b_37.pod5	f693409d-dec2-4caa-9c3e-e613b9c9bc3c	94a31e0b3732106207c0b307a445c20d576954b4	1659	2	27049	11.9912	27049.1	11.9112	5111	25.2911	unclassified	chr9	97826059	97831171	0	5111	-	5119	5104	5093	7	8	11	60	1	0.997845	0.994921	0
PBE62253_skip_9d8de194_94a31e0b_37.pod5	12f5f952-8703-4760-b89f-3a13a7e82481	94a31e0b3732106207c0b307a445c20d576954b4	2616	2	27056.8	5.5136	27056.9	5.388	2129	34.5281	unclassified	chr16	11860539	11862671	0	2129	-	2134	2127	2125	2	5	2	60	1	0.99906	0.995783	0
PBE62253_skip_9d8de194_94a31e0b_37.pod5	fc26eb03-a56c-4808-8b06-f7a8ec6c68eb	94a31e0b3732106207c0b307a445c20d576954b4	1713	3	27061.5	5.7992	27061.7	5.5968	1518	25.3692	unclassified	chr12	79346935	79348459	0	1518	+	1525	1517	1516	1	7	1	60	1	0.999341	0.994098	0
PBE62253_skip_9d8de194_94a31e0b_37.pod5	60d7166d-828d-4ab4-a18d-2120825d5d7c	94a31e0b3732106207c0b307a445c20d576954b4	2299	1	27062.8	3.2588	27062.8	3.2568	1411	23.826	unclassified	chr11	20447738	20448942	39	1241	+	1206	1200	1200	2	4	0	60	0.851878	1	0.995025	0
PBE62253_skip_9d8de194_94a31e0b_37.pod5	3e97a53c-3614-4b47-bd8e-e827b33ef035	94a31e0b3732106207c0b307a445c20d576954b4	261	2	27040	18.71	27040.1	18.6228	7901	25.3207	unclassified	chr11	63974451	63982360	9	7901	-	7923	7878	7870	14	31	8	60	0.998861	0.998985	0.993311	0
PBE62253_skip_9d8de194_94a31e0b_37.pod5	6ce76e81-c6ae-4999-9058-a433ddd11a49	94a31e0b3732106207c0b307a445c20d576954b4	220	4	27046.2	13.346	27046.3	13.2444	4869	26.5881	unclassified	chr10	82007547	82012406	0	4861	+	4867	4853	4839	8	6	14	60	0.998357	0.997115	0.994247	0
PBE62253_skip_9d8de194_94a31e0b_37.pod5	623206e3-0419-433c-b5a4-329d2a13d10c	94a31e0b3732106207c0b307a445c20d576954b4	1970	2	27042.5	16.6988	27042.6	16.548	7104	33.1471	unclassified	chr2	103699490	103706584	11	7104	-	7095	7092	7086	1	2	6	60	0.998452	0.999154	0.998731	0
PBE62253_skip_9d8de194_94a31e0b_37.pod5	c086cf87-6b8a-4265-aabb-b68c21742bf7	94a31e0b3732106207c0b307a445c20d576954b4	323	2	27030.7	28.6496	27030.8	28.5168	10268	22.865	unclassified	chr15	19080104	19090295	6	10268	-	10269	10184	10095	78	7	89	1	0.999416	0.991261	0.983056	0
PBE62253_skip_9d8de194_94a31e0b_37.pod5	54e69089-fad1-4707-9efb-02af494ea072	94a31e0b3732106207c0b307a445c20d576954b4	99	3	27039.2	20.4296	27039.3	20.292	7147	32.6564	unclassified	chr1	73807389	73814529	0	7139	+	7142	7137	7133	2	3	4	60	0.998881	0.99944	0.99874	0
PBE62253_skip_9d8de194_94a31e0b_37.pod5	db460897-e17a-478c-b2f8-1bc71d7f803b	94a31e0b3732106207c0b307a445c20d576954b4	1525	3	27013.1	47.9144	27013.2	47.7984	15105	21.9893	unclassified	chr14	19280598	19295672	0	15103	+	15133	15044	14992	59	30	52	60	0.999868	0.996543	0.990683	0
PBE62253_skip_9d8de194_94a31e0b_37.pod5	469242eb-72b1-4c58-945c-6ff43d2ae2ac	94a31e0b3732106207c0b307a445c20d576954b4	2316	2	27024.9	34.2392	27025	34.098	12824	16.8119	unclassified	chr4	115391154	115404000	8	12823	-	12939	12722	12566	93	124	156	60	0.999298	0.987738	0.971172	0
PBE62253_skip_9d8de194_94a31e0b_37.pod5	c6976eec-d2d2-4a68-a277-08ec08054a85	94a31e0b3732106207c0b307a445c20d576954b4	2651	3	27036.4	22.6808	27036.5	22.5552	9292	27.6006	unclassified	chr18	40815737	40825032	1	9292	-	9305	9281	9245	10	14	36	60	0.999892	0.996121	0.993552	0
PBE62253_skip_9d8de194_94a31e0b_37.pod5	847c7181-46b9-41c2-896f-da82b2309ffb	94a31e0b3732106207c0b307a445c20d576954b4	424	4	27056.3	3.6044	27056.4	3.5364	982	42.1781	unclassified	chr6	145599896	145600870	0	976	+	976	974	974	2	0	0	60	0.99389	1	0.997951	0
PBE62253_skip_9d8de194_94a31e0b_37.pod5	884c8139-2196-4abc-a294-ba2e3bdc7613	94a31e0b3732106207c0b307a445c20d576954b4	315	4	27038.8	20.846	27039.1	20.5884	3742	23.5321	unclassified	chr2	105185762	105189502	6	3742	-	3756	3720	3718	16	20	2	60	0.998397	0.999462	0.989883	0
PBE62253_skip_9d8de194_94a31e0b_37.pod5	25ff7efa-5e59-4ec7-84d2-cc03eb956d6e	94a31e0b3732106207c0b307a445c20d576954b4	1539	3	27054.1	7.0328	27054.2	6.9264	2735	24.1525	unclassified	chr20	24269006	24271724	10	2735	-	2727	2716	2713	9	2	3	60	0.996344	0.998895	0.994866	0
PBE62253_skip_9d8de194_94a31e0b_37.pod5	db15c9bc-8e52-4d5f-895a-47b3de3c7d32	94a31e0b3732106207c0b307a445c20d576954b4	1161	1	27043.3	16.16	27043.4	16.0272	6217	33.6254	unclassified	chrX	69329968	69336174	7	6217	-	6212	6204	6193	6	2	11	60	0.998874	0.998227	0.996941	0
PBE62253_skip_9d8de194_94a31e0b_37.pod5	e4266604-d22d-4c07-be03-12ffa039b510	94a31e0b3732106207c0b307a445c20d576954b4	2642	4	27048.7	11.4464	27048.8	11.316	4472	27.9546	unclassified	chr4	12398638	12403118	0	4472	+	4481	4471	4463	1	9	8	60	1	0.998211	0.995983	0
PBE62253_skip_9d8de194_94a31e0b_37.pod5	be1bf7ad-31dd-4f1c-91de-1cf517031467	94a31e0b3732106207c0b307a445c20d576954b4	1542	4	27052.2	8.3404	27052.2	8.3384	2148	4.85469	unclassified	*	-1	-1	-1	-1	*	0	0	0	0	0	0	0	0	0	0	0
PBE62253_skip_9d8de194_94a31e0b_37.pod5	4d8fbd35-340e-4743-acb7-5b3ae322bea1	94a31e0b3732106207c0b307a445c20d576954b4	2528	1	27002.7	46.7348	27002.9	46.566	8262	5.74269	unclassified	chr17	82041239	82043330	0	2072	+	2098	2065	2055	7	26	10	60	0.250787	0.995157	0.979504	0
PBE62253_skip_9d8de194_94a31e0b_37.pod5	da333236-ec7a-47d6-a2c9-4aef31259242	94a31e0b3732106207c0b307a445c20d576954b4	2593	4	27033	25.9328	27033.1	25.8624	11632	15.278	unclassified	chr19	9904293	9916008	6	11632	-	11839	11502	11291	124	213	211	60	0.999484	0.981655	0.953712	0
PBE62253_skip_9d8de194_94a31e0b_37.pod5	a6e061aa-6276-420f-80b3-44378e5ebd74	94a31e0b3732106207c0b307a445c20d576954b4	2445	2	27049.2	11.3172	27049.2	11.3152	5143	28.971	unclassified	chr2	170938845	170943963	0	5114	-	5119	5113	5104	1	5	9	60	0.994361	0.99824	0.99707	0
PBE62253_skip_9d8de194_94a31e0b_37.pod5	7afe34ad-2730-457a-8388-a0f5f21f0a27	94a31e0b3732106207c0b307a445c20d576954b4	160	4	27046.7	12.6778	27046.7	12.6758	5048	30.472	unclassified	chr10	47358721	47363729	33	5041	+	5012	5004	5001	4	4	3	60	0.992076	0.9994	0.997805	0
PBE62253_skip_9d8de194_94a31e0b_37.pod5	d455793f-928f-4efb-b17d-f64b0756e566	94a31e0b3732106207c0b307a445c20d576954b4	1674	1	27018.4	42.5312	27018.6	42.3912	14738	25.541	unclassified	chr13	111135461	111146902	3255	14729	+	11500	11415	11393	59	26	22	60	0.778532	0.998073	0.990696	0
PBE62253_skip_9d8de194_94a31e0b_37.pod5	55b751e3-14e3-45b7-8851-c5a90e9cb33e	94a31e0b3732106207c0b307a445c20d576954b4	946	4	26958.1	103.099	26958.2	102.985	39540	23.9303	unclassified	chr5	110531811	110571348	7	39540	-	39609	39461	39355	72	76	106	60	0.999823	0.997314	0.993587	0
PBE62253_skip_9d8de194_94a31e0b_37.pod5	96615075-eb53-42f3-89ab-875d19296340	94a31e0b3732106207c0b307a445c20d576954b4	107	1	27046.9	12.5996	27047	12.4932	5337	30.1097	unclassified	chr3	109368022	109373374	6	5337	-	5360	5323	5298	8	29	25	60	0.998876	0.995303	0.988433	0
PBE62253_skip_9d8de194_94a31e0b_37.pod5	1dd856d9-93ed-4b2a-b46a-4a4a41a3a9e8	94a31e0b3732106207c0b307a445c20d576954b4	1513	3	27059.3	3.272	27059.4	3.1512	1201	19.0249	unclassified	chr1	186391159	186391938	0	777	+	781	775	772	2	4	3	60	0.646961	0.996129	0.988476	0
PBE62253_skip_9d8de194_94a31e0b_37.pod5	d74ad302-3048-4e04-b8fe-aabff9e9c9b5	94a31e0b3732106207c0b307a445c20d576954b4	1784	2	27046.4	14.87	27046.5	14.7636	5563	26.7734	unclassified	chr7	112966975	112972542	0	5562	+	5572	5557	5546	5	10	11	60	0.99982	0.998021	0.995334	0
PBE62253_skip_9d8de194_94a31e0b_37.pod5	4ae33da7-5fa1-4f3a-a639-741bf9e0ed60	94a31e0b3732106207c0b307a445c20d576954b4	2546	1	27055.8	5.6096	27055.9	5.496	2103	33.6302	unclassified	chr1	95172499	95174601	0	2101	+	2107	2096	2094	5	6	2	60	0.999049	0.999046	0.99383	0
PBE62253_skip_9d8de194_94a31e0b_37.pod5	9b0a5bcd-535c-4a36-8928-cedd2669b6f1	94a31e0b3732106207c0b307a445c20d576954b4	2715	1	27056.2	10.1816	27056.4	10.0632	3815	28.5218	unclassified	chr4	10551575	10555385	0	3808	+	3813	3805	3801	3	5	4	60	0.998165	0.998949	0.996853	0
PBE62253_skip_9d8de194_94a31e0b_37.pod5	6104d7bd-15d1-4a33-9559-8f7469cb2ec8	94a31e0b3732106207c0b307a445c20d576954b4	265	4	27034	25.4688	27034	25.4668	10438	25.773	unclassified	chr18	42609467	42619861	5	10397	-	10407	10379	10352	13	15	27	60	0.995593	0.997399	0.994715	0
PBE62253_skip_9d8de194_94a31e0b_37.pod5	31bdac8c-3142-487a-afc2-c82a6b08ba12	94a31e0b3732106207c0b307a445c20d576954b4	1024	3	27043.5	16.0876	27043.5	16.0856	6841	10.7911	unclassified	chr14	43088576	43095474	38	6830	+	7051	6639	6269	153	259	370	60	0.992837	0.944269	0.889094	0
PBE62253_skip_9d8de194_94a31e0b_37.pod5	424c9a7f-4945-45dc-a97f-594951981eeb	94a31e0b3732106207c0b307a445c20d576954b4	1611	3	27054	7.3136	27054	7.3116	2949	10.7413	unclassified	chr6	15642784	15645738	24	2914	-	3007	2837	2707	53	117	130	60	0.979993	0.954177	0.900233	0
PBE62253_skip_9d8de194_94a31e0b_37.pod5	892e7b9f-6b0b-44f3-87d9-6ea7db64c2a2	94a31e0b3732106207c0b307a445c20d576954b4	1603	4	27047	15.68	27047.2	15.5232	6246	32.5457	unclassified	chr4	47818005	47824255	0	6244	+	6253	6241	6234	3	9	7	60	0.99968	0.998878	0.996961	0
PBE62253_skip_9d8de194_94a31e0b_37.pod5	30a44205-5735-43d9-b16b-89629ecf353f	94a31e0b3732106207c0b307a445c20d576954b4	2437	2	27054.8	9.2876	27055	9.042	1616	15.4378	unclassified	chr12	54098869	54100436	0	1616	+	1616	1567	1567	49	0	0	60	1	1	0.969678	0
PBE62253_skip_9d8de194_94a31e0b_37.pod5	7c2b153b-195c-470e-a892-a868c52dcd7c	94a31e0b3732106207c0b307a445c20d576954b4	307	1	27019.6	41.8688	27019.7	41.76	16588	24.2616	unclassified	chr1	164568420	164584452	624	16588	-	16052	15944	15907	20	88	37	60	0.962382	0.997679	0.990967	0
PBE62253_skip_9d8de194_94a31e0b_37.pod5	77f121c1-874c-4b4d-8002-27f6df4e5a2c	94a31e0b3732106207c0b307a445c20d576954b4	440	1	27038.2	23.3124	27038.2	23.3104	8633	32.5904	unclassified	chr10	57369565	57378162	8	8601	-	8601	8589	8587	4	8	2	60	0.995367	0.999767	0.998372	0
PBE62253_skip_9d8de194_94a31e0b_37.pod5	7438db5b-1010-46d7-bb24-935e4c0eac26	94a31e0b3732106207c0b307a445c20d576954b4	947	2	27057.9	6.4316	27058	6.3348	2664	26.3531	unclassified	chr7	137373923	137376583	9	2664	-	2664	2651	2635	4	9	16	60	0.996622	0.993965	0.989114	0
PBE62253_skip_9d8de194_94a31e0b_37.pod5	b3e99b20-0d9e-456c-bcb7-a232bfe1a6e6	94a31e0b3732106207c0b307a445c20d576954b4	568	4	27049	13.7204	27049.1	13.554	5191	31.9393	unclassified	chr13	16742270	16747452	1	5184	+	5185	5180	5089	3	2	91	1	0.998459	0.982432	0.981485	0
PBE62253_skip_9d8de194_94a31e0b_37.pod5	490c7bdf-da31-412f-89b2-d77f191307ad	94a31e0b3732106207c0b307a445c20d576954b4	939	4	27053.1	8.3792	27053.1	8.2992	3931	17.8618	unclassified	chr3	57120027	57124004	10	3931	-	3994	3904	3865	17	73	39	60	0.997456	0.99001	0.967702	0
PBE62253_skip_9d8de194_94a31e0b_37.pod5	e938a7b1-8051-4bc8-9e14-53329cf028aa	94a31e0b3732106207c0b307a445c20d576954b4	2660	3	27055.1	6.458	27055.3	6.2604	2805	27.6943	unclassified	chr18	76584010	76586168	0	2805	+	2808	2155	2130	650	3	25	60	1	0.988399	0.758547	0
PBE62253_skip_9d8de194_94a31e0b_37.pod5	cd3175f3-adc3-41d5-996b-480556c01ec2	94a31e0b3732106207c0b307a445c20d576954b4	2914	2	27013.5	50.1848	27013.6	50.0424	17525	29.014	unclassified	chr6	2437325	2454812	18	17525	-	17516	17478	17468	29	9	10	60	0.998973	0.999428	0.99726	0
PBE62253_skip_9d8de194_94a31e0b_37.pod5	5528f612-17f3-4b93-9cb6-78a69683b2fc	94a31e0b3732106207c0b307a445c20d576954b4	2045	1	27061.3	6.0554	27061.3	6.0534	2483	13.4472	unclassified	chr4	38220455	38222924	6	2451	-	2502	2412	2355	33	57	57	60	0.984696	0.976368	0.941247	0
PBE62253_skip_9d8de194_94a31e0b_37.pod5	c7ea7967-b339-4af7-8697-6fe37fcd9a29	94a31e0b3732106207c0b307a445c20d576954b4	1117	1	27056.1	8.54	27056.3	8.3532	3142	45.1973	unclassified	chr9	60622093	60625224	9	3140	-	3131	3131	3106	0	0	25	1	0.996499	0.992015	0.992015	0
PBE62253_skip_9d8de194_94a31e0b_37.pod5	e0c976b4-acc0-4152-8932-4147596905b0	94a31e0b3732106207c0b307a445c20d576954b4	87	1	27065.1	1.5578	27065.1	1.5558	777	25.1961	unclassified	chr7	51201570	51202314	33	777	+	744	744	742	0	0	2	60	0.957529	0.997312	0.997312	0
PBE62253_skip_9d8de194_94a31e0b_37.pod5	506dfdab-f681-4ad7-b8f7-db089ce0d82a	94a31e0b3732106207c0b307a445c20d576954b4	541	1	27045.6	19.1604	27045.6	19.1584	6697	27.3389	unclassified	chr7	98190801	98197460	38	6690	+	6661	6650	6640	2	9	10	60	0.993281	0.998496	0.996847	0
PBE62253_skip_9d8de194_94a31e0b_37.pod5	d7a4db30-827f-4cf0-8dbd-0f349bca4cc5	94a31e0b3732106207c0b307a445c20d576954b4	421	1	27040.8	18.83	27040.9	18.7596	7172	22.4707	unclassified	chr7	152855724	152862836	0	7166	+	7166	7112	7102	54	0	10	60	0.999163	0.998594	0.991069	0
PBE62253_skip_9d8de194_94a31e0b_37.pod5	ab9eb79b-91dc-47d5-89ab-105983cde557	94a31e0b3732106207c0b307a445c20d576954b4	864	3	27057.8	7.1108	27057.8	7.1088	2876	28.995	unclassified	chr18	7840189	7843017	5	2844	-	2842	2825	2816	14	3	9	60	0.987135	0.996814	0.990852	0
PBE62253_skip_9d8de194_94a31e0b_37.pod5	980fd9b0-b3ff-4ab7-b626-3d6d7410342b	94a31e0b3732106207c0b307a445c20d576954b4	1114	3	27051.5	13.2596	27051.5	13.2576	4885	10.1179	unclassified	chr6	103164150	103169056	40	4865	+	5031	4700	4429	125	206	271	60	0.987718	0.94234	0.880342	0
PBE62253_skip_9d8de194_94a31e0b_37.pod5	473b710c-3821-4511-9455-1593ef3ec5b7	94a31e0b3732106207c0b307a445c20d576954b4	126	4	27063.9	2.045	27063.9	2.043	385	11.2555	unclassified	chr2	211317083	211317433	0	381	-	384	347	345	34	3	2	60	0.98961	0.994236	0.898438	0
PBE62253_skip_9d8de194_94a31e0b_37.pod5	d7773edb-436b-4a2b-8d6b-bcde5ff5578e	94a31e0b3732106207c0b307a445c20d576954b4	2077	4	27052.7	14.1272	27052.8	13.9944	5547	25.7658	unclassified	chr2	76411106	76416629	0	5538	+	5562	5499	5484	39	24	15	60	0.998378	0.997272	0.985976	0
PBE62253_skip_9d8de194_94a31e0b_37.pod5	aebbdcc7-4b11-45ed-838b-d2a2b76089e2	94a31e0b3732106207c0b307a445c20d576954b4	379	3	27034.5	26.2844	27034.6	26.1588	11557	24.0901	unclassified	chr5	13591781	13603364	0	11553	+	11595	11541	11512	12	42	29	60	0.999654	0.997487	0.992842	0
PBE62253_skip_9d8de194_94a31e0b_37.pod5	c1fdf1ae-9db3-4649-ab8f-8eaa594c0c61	94a31e0b3732106207c0b307a445c20d576954b4	1733	1	27052	16.352	27052.1	16.2408	6254	28.5388	unclassified	chr19	44494391	44500630	7	6254	-	6252	6234	6212	13	5	22	60	0.998881	0.996471	0.993602	0
PBE62253_skip_9d8de194_94a31e0b_37.pod5	488918f6-dbe7-4306-9867-51135665fb06	94a31e0b3732106207c0b307a445c20d576954b4	2272	3	27052.1	5.7292	27052.1	5.7272	2327	24.0432	unclassified	chr11	76649834	76652107	34	2320	+	2293	2266	2264	20	7	2	60	0.982381	0.999117	0.987353	0
PBE62253_skip_9d8de194_94a31e0b_37.pod5	43f90d03-fb37-4970-b5f1-c50d3cc3dcf4	94a31e0b3732106207c0b307a445c20d576954b4	87	1	27059.7	5.3192	27059.8	5.2368	2174	23.1356	unclassified	chr7	107709669	107711838	9	2174	-	2174	2160	2150	5	9	10	60	0.99586	0.99537	0.98896	0
PBE62253_skip_9d8de194_94a31e0b_37.pod5	0c2926e6-5cdc-4eb2-b0ae-e2a7002d9bab	94a31e0b3732106207c0b307a445c20d576954b4	2945	3	27054.1	14.2892	27054.2	14.1468	5490	27.5456	unclassified	chr5	26749476	26754961	0	5480	+	5488	5477	5469	3	8	8	60	0.998178	0.998539	0.996538	0
PBE62253_skip_9d8de194_94a31e0b_37.pod5	f8caa9aa-0fd1-471e-9dd6-0256845c98c8	94a31e0b3732106207c0b307a445c20d576954b4	401	3	27042.7	20.6528	27042.9	20.4408	7017	28.6794	unclassified	chr8	102824983	102831993	9	7017	-	7016	7002	7001	6	8	1	60	0.998717	0.999857	0.997862	0
PBE62253_skip_9d8de194_94a31e0b_37.pod5	62017cff-40dd-4e7c-8757-5654b941704e	94a31e0b3732106207c0b307a445c20d576954b4	2525	3	27062.1	6.1544	27062.3	6.0264	2410	32.6096	unclassified	chr4	125149643	125152043	10	2410	-	2401	2399	2397	1	1	2	60	0.995851	0.999166	0.998334	0
PBE62253_skip_9d8de194_94a31e0b_37.pod5	fcabc044-ddec-4f90-ade9-5ebdb9e03cfc	94a31e0b3732106207c0b307a445c20d576954b4	2045	1	27054.6	6.6116	27054.8	6.4812	2456	12.6931	unclassified	chr4	38220458	38222919	2	2441	+	2501	2399	2313	40	62	86	60	0.993078	0.964152	0.92483	0
PBE62253_skip_9d8de194_94a31e0b_37.pod5	49f31ecb-69d4-493e-b060-c3382bab1503	94a31e0b3732106207c0b307a445c20d576954b4	1217	4	27065.6	3.0788	27065.7	2.9652	1393	21.7568	unclassified	chr1	25005792	25007182	0	1393	-	1394	1389	1382	4	1	7	60	1	0.99496	0.991392	0
PBE62253_skip_9d8de194_94a31e0b_37.pod5	4c29c83d-534d-41bc-b02f-235278fd426d	94a31e0b3732106207c0b307a445c20d576954b4	715	1	27032.6	32.114	27032.8	31.866	12383	31.8595	unclassified	chr7	47141915	47154294	6	12383	-	12381	12375	12368	2	4	7	60	0.999515	0.999434	0.99895	0
PBE62253_skip_9d8de194_94a31e0b_37.pod5	6087c2fd-fee6-44ae-8516-8d5d374f67a0	94a31e0b3732106207c0b307a445c20d576954b4	2730	2	27061.2	4.4612	27061.3	4.3404	1176	31.0267	unclassified	chr7	23236273	23237439	0	1166	+	1166	1166	1166	0	0	0	60	0.991497	1	1	0
PBE62253_skip_9d8de194_94a31e0b_37.pod5	fecacbf2-31fe-41f0-9c89-116ffb9190c1	94a31e0b3732106207c0b307a445c20d576954b4	889	1	27058.1	6.8108	27058.3	6.6732	2693	24.4011	unclassified	chr4	185976906	185979578	18	2693	-	2679	2668	2662	7	4	6	60	0.993316	0.997751	0.993654	0
PBE62253_skip_9d8de194_94a31e0b_37.pod5	5d13ac7d-00b1-4c43-b232-a615ea16bab2	94a31e0b3732106207c0b307a445c20d576954b4	366	2	27000.4	64.4626	27000.4	64.4606	23267	19.9654	unclassified	chr14	68635985	68659260	30	23261	+	23374	23132	22977	99	143	155	60	0.998453	0.993299	0.983015	0
PBE62253_skip_9d8de194_94a31e0b_37.pod5	eae587f3-77b9-46d9-96cc-be7d06ede0fd	94a31e0b3732106207c0b307a445c20d576954b4	1370	1	27053	5.2244	27053.3	4.9212	1708	28.6782	unclassified	chr12	91573367	91575070	0	1708	-	1709	1702	1699	6	1	3	60	1	0.998237	0.994149	0
PBE62253_skip_9d8de194_94a31e0b_37.pod5	d51ce91f-f65a-4036-bd36-3af4fb5fd973	94a31e0b3732106207c0b307a445c20d576954b4	2384	2	27050.4	7.4828	27050.5	7.362	3129	29.4049	unclassified	chr3	60612408	60615530	0	3123	+	3125	3120	3115	3	2	5	60	0.998082	0.998397	0.9968	0
PBE62253_skip_9d8de194_94a31e0b_37.pod5	7914d700-212d-48c4-8e1c-efc9678c2e05	94a31e0b3732106207c0b307a445c20d576954b4	393	2	27046	18.6272	27046.1	18.4944	7029	26.3971	unclassified	chr3	12346258	12353288	0	7021	+	7033	7018	7016	3	12	2	60	0.998862	0.999715	0.997583	0
PBE62253_skip_9d8de194_94a31e0b_37.pod5	43666309-96b3-4986-b5de-f92be741211f	94a31e0b3732106207c0b307a445c20d576954b4	2112	3	27047	10.97	27047.2	10.8552	4635	32.9632	unclassified	chr3	23227898	23232530	0	4635	+	4635	4632	4632	3	0	0	60	1	1	0.999353	0
PBE62253_skip_9d8de194_94a31e0b_37.pod5	dbfc9821-ded9-42d7-a51a-0d1c5ccc758c	94a31e0b3732106207c0b307a445c20d576954b4	722	3	27046.8	11.2964	27047	11.1576	4138	37.9017	unclassified	chr10	108965829	108969958	10	4138	-	4129	4128	4128	0	1	0	60	0.997583	1	0.999758	0
PBE62253_skip_9d8de194_94a31e0b_37.pod5	edea7274-3012-485b-b980-730b64a107b3	94a31e0b3732106207c0b307a445c20d576954b4	362	3	26976.9	82.3472	26977	82.2048	29445	30.8244	unclassified	chr1	99047319	99076794	7	29445	-	29494	29419	29371	19	56	48	60	0.999762	0.998368	0.99583	0
PBE62253_skip_9d8de194_94a31e0b_37.pod5	78fd7f16-78bb-4ba2-8ce6-581fcda99688	94a31e0b3732106207c0b307a445c20d576954b4	1617	4	27048	10.4084	27048.2	10.2828	4100	27.8574	unclassified	chr3	13671634	13675741	6	4100	-	4108	4093	4087	1	14	6	60	0.998537	0.998534	0.994888	0
PBE62253_skip_9d8de194_94a31e0b_37.pod5	16fc5b6c-0e8d-42b2-84d7-91c12fa90f48	94a31e0b3732106207c0b307a445c20d576954b4	1288	1	27052.8	8.09	27053	7.9476	3104	29.7884	unclassified	chr18	4420139	4423237	0	3097	+	3100	3095	3083	2	3	12	60	0.997745	0.996123	0.994516	0
PBE62253_skip_9d8de194_94a31e0b_37.pod5	b619b51c-01eb-4e11-ac63-1b2aa95b69a8	94a31e0b3732106207c0b307a445c20d576954b4	851	1	27057	2.6552	27057.1	2.556	1172	23.5915	unclassified	chr1	232559546	232560709	0	1166	+	1167	1162	1157	4	1	5	60	0.994881	0.995697	0.991431	0
PBE62253_skip_9d8de194_94a31e0b_37.pod5	b10c96fe-8e43-426a-bb74-3b7c913e0b8c	94a31e0b3732106207c0b307a445c20d576954b4	2478	4	27054.8	5.0228	27055	4.914	2246	32.9058	unclassified	chr8	80273315	80275561	0	2246	+	2248	2244	2244	2	2	0	60	1	1	0.998221	0
PBE62253_skip_9d8de194_94a31e0b_37.pod5	8f724152-e5df-450c-bd18-84c1dc39492e	94a31e0b3732106207c0b307a445c20d576954b4	411	2	27007.4	53.9164	27007.4	53.9144	18661	10.1347	unclassified	chr13	72646798	72665459	10	18633	-	19375	17909	16943	714	752	966	60	0.997964	0.946061	0.874477	0
PBE62253_skip_9d8de194_94a31e0b_37.pod5	42c6f22a-aefb-4009-af97-28780ac1ea9d	94a31e0b3732106207c0b307a445c20d576954b4	2693	3	27050	7.9964	27050.2	7.8324	2389	10.7155	unclassified	chr11	17611462	17613383	0	1929	+	1929	1921	1918	8	0	3	60	0.807451	0.998438	0.994298	0
PBE62253_skip_9d8de194_94a31e0b_37.pod5	08211e23-028d-42ca-ace2-2969e635e7dc	94a31e0b3732106207c0b307a445c20d576954b4	39	4	27022.2	38.5038	27022.2	38.5018	16062	37.1934	unclassified	chr1	143212829	143234461	5	16039	-	21688	15978	15427	56	5654	551	26	0.998257	0.965515	0.711315	0
PBE62253_skip_9d8de194_94a31e0b_37.pod5	ebb97034-403a-4e63-95df-3de808c3cd7a	94a31e0b3732106207c0b307a445c20d576954b4	84	3	27048.6	10.2212	27048.9	9.9852	3741	34.9897	unclassified	chr13	100212147	100215877	0	3730	+	3730	3730	3726	0	0	4	60	0.99706	0.998928	0.998928	0
PBE62253_skip_9d8de194_94a31e0b_37.pod5	6b1547c9-975a-4b33-a2d8-b84a9617a184	94a31e0b3732106207c0b307a445c20d576954b4	1066	1	27048.4	10.8836	27048.5	10.7604	4220	32.8597	unclassified	chr8	138285197	138289410	7	4220	-	4213	4213	4211	0	0	2	60	0.998341	0.999525	0.999525	0
PBE62253_skip_9d8de194_94a31e0b_37.pod5	d7474d38-de01-4cbb-94ec-2776b4b7cf11	94a31e0b3732106207c0b307a445c20d576954b4	2711	4	27053.8	7.3688	27053.9	7.2744	2993	23.7777	unclassified	chr6	147172178	147175162	7	2993	-	2989	2981	2975	5	3	6	60	0.997661	0.997987	0.995316	0
PBE62253_skip_9d8de194_94a31e0b_37.pod5	d8bde2a5-882d-48ca-beb6-607bfd5debb6	94a31e0b3732106207c0b307a445c20d576954b4	2730	2	27058.6	2.6396	27058.6	2.6376	1208	29.0179	unclassified	chr7	23236273	23237439	8	1176	-	1168	1166	1165	2	0	1	60	0.966887	0.999142	0.997432	0
PBE62253_skip_9d8de194_94a31e0b_37.pod5	c84bd368-1ee6-4143-b7ba-d7d58cd296a9	94a31e0b3732106207c0b307a445c20d576954b4	836	1	27030.7	38.2376	27030.8	38.1192	13477	26.2181	unclassified	chr5	119343396	119356861	0	13470	+	13488	13447	13423	23	18	24	60	0.999481	0.998215	0.995181	0
PBE62253_skip_9d8de194_94a31e0b_37.pod5	2c19a431-1971-43a0-8f48-7644538ea298	94a31e0b3732106207c0b307a445c20d576954b4	2579	4	27048.1	10.0454	27048.1	10.0434	3726	23.8679	unclassified	chr18	6072664	6076343	29	3723	+	3701	3672	3659	22	7	13	60	0.991412	0.99646	0.988652	0
PBE62253_skip_9d8de194_94a31e0b_37.pod5	464db397-b4df-43f0-a769-0c8f28de6d0e	94a31e0b3732106207c0b307a445c20d576954b4	1679	2	27042.1	15.7896	27042.1	15.7876	7632	25.822	unclassified	chr3	40630887	40638474	36	7626	+	7595	7582	7573	8	5	9	60	0.994497	0.998813	0.997103	0
PBE62253_skip_9d8de194_94a31e0b_37.pod5	a7fba58d-2b5c-4a9f-82af-5ba5217f11d2	94a31e0b3732106207c0b307a445c20d576954b4	672	4	27042.7	13.5684	27042.9	13.416	5091	29.5587	unclassified	chr11	108073115	108078207	0	5091	+	5097	5086	5077	5	6	9	60	1	0.99823	0.996076	0
PBE62253_skip_9d8de194_94a31e0b_37.pod5	415b0393-4c44-4e0d-bed4-027023f6d116	94a31e0b3732106207c0b307a445c20d576954b4	672	4	27056.3	12.324	27056.4	12.1944	5301	22.9833	unclassified	chr11	108073114	108078427	5	5301	-	5321	5288	5268	8	25	20	60	0.999057	0.996218	0.990039	0
PBE62253_skip_9d8de194_94a31e0b_37.pod5	7e3c0ee1-4af5-4d46-808d-9d104455e8f6	94a31e0b3732106207c0b307a445c20d576954b4	2356	3	27045.9	14.5832	27046	14.4516	5052	34.8533	unclassified	chr3	73949694	73954737	0	5052	+	5053	5042	5041	10	1	1	60	1	0.999802	0.997625	0
PBE62253_skip_9d8de194_94a31e0b_37.pod5	4413d14d-3dc8-4518-b3b2-ecbf111c1740	94a31e0b3732106207c0b307a445c20d576954b4	25	4	27054.4	5.7236	27054.5	5.5644	2278	24.7097	unclassified	chr5	31145709	31147980	7	2278	-	2275	2267	2260	4	4	7	60	0.996927	0.996912	0.993407	0
PBE62253_skip_9d8de194_94a31e0b_37.pod5	a3aaa57f-58db-44a8-9266-2cdb5a32bcc3	94a31e0b3732106207c0b307a445c20d576954b4	2626	4	27048.3	12.6332	27048.4	12.51	4637	29.0313	unclassified	chr10	69785719	69790354	0	4632	+	4637	4630	4627	2	5	3	60	0.998922	0.999352	0.997843	0
PBE62253_skip_9d8de194_94a31e0b_37.pod5	899a0a15-4ceb-48e0-85c1-469171787389	94a31e0b3732106207c0b307a445c20d576954b4	1061	2	27019.5	38.738	27019.6	38.6484	15833	31.4962	unclassified	chr5	41036716	41052542	0	15827	+	15835	15818	15809	9	8	9	60	0.999621	0.999431	0.998358	0
PBE62253_skip_9d8de194_94a31e0b_37.pod5	9c111d4d-4956-421d-af41-8835aafe6735	94a31e0b3732106207c0b307a445c20d576954b4	1406	3	26969.3	89.8064	26969.7	89.4636	37062	27.312	unclassified	chr3	104474791	104511739	115	37062	-	36991	36904	36859	43	44	45	60	0.996897	0.998781	0.996432	0
PBE62253_skip_9d8de194_94a31e0b_37.pod5	41d9d82e-7030-4a98-8954-57e1dc6448ef	94a31e0b3732106207c0b307a445c20d576954b4	335	3	27054.8	6.314	27054.8	6.246	3159	16.7188	unclassified	chr9	34558413	34561590	0	3152	+	3192	3137	3096	15	40	41	60	0.997784	0.98693	0.969925	0
PBE62253_skip_9d8de194_94a31e0b_37.pod5	1adbcf6a-a494-400f-9d5a-d8cde81c7884	94a31e0b3732106207c0b307a445c20d576954b4	1813	2	27054.1	7.554	27054.1	7.552	2996	11.0061	unclassified	chr7	115161410	115164392	53	2977	+	3037	2869	2744	55	113	125	60	0.975968	0.956431	0.903523	0
PBE62253_skip_9d8de194_94a31e0b_37.pod5	b30f987e-c0cc-4923-a436-205ce301e5dd	94a31e0b3732106207c0b307a445c20d576954b4	2627	2	27049.9	5.9388	27050.1	5.7624	2284	35.2953	unclassified	chr3	119044423	119046704	0	2281	+	2281	2281	2276	0	0	5	60	0.998686	0.997808	0.997808	0
PBE62253_skip_9d8de194_94a31e0b_37.pod5	239b971e-1f9c-440a-9334-251405f4aad1	94a31e0b3732106207c0b307a445c20d576954b4	2431	3	27000.7	58.682	27000.9	58.494	20669	24.6288	unclassified	chr14	91338101	91358777	0	20662	+	20714	20624	20567	38	52	57	60	0.999661	0.997236	0.992903	0
PBE62253_skip_9d8de194_94a31e0b_37.pod5	affe69ff-221b-4be7-bf5e-3a6a2cb8a334	94a31e0b3732106207c0b307a445c20d576954b4	820	4	27033.8	27.9548	27034	27.8064	8689	21.5924	unclassified	chr2	93218853	93228555	0	8685	+	9730	8657	8294	28	1045	363	1	0.99954	0.958069	0.852415	0
PBE62253_skip_9d8de194_94a31e0b_37.pod5	662067a8-1364-44fa-9829-c690207986f2	94a31e0b3732106207c0b307a445c20d576954b4	696	3	27049.5	13.3784	27049.6	13.272	4576	26.3189	unclassified	chrX	95422977	95427545	0	4567	+	4572	4563	4555	4	5	8	60	0.998033	0.998247	0.996282	0
PBE62253_skip_9d8de194_94a31e0b_37.pod5	f487240a-9f43-414c-a79e-b3059bc86317	94a31e0b3732106207c0b307a445c20d576954b4	2338	1	27042.6	15.4256	27042.8	15.204	5237	30.3378	unclassified	chr10	112956225	112961463	0	5233	+	5244	5227	5227	6	11	0	60	0.999236	1	0.996758	0
PBE62253_skip_9d8de194_94a31e0b_37.pod5	37e87245-608a-44c1-b276-7963dc35566a	94a31e0b3732106207c0b307a445c20d576954b4	1484	4	27044.5	16.1114	27044.5	16.1094	6411	27.944	unclassified	chr15	40749189	40755579	37	6411	+	6392	6372	6352	2	18	20	60	0.994229	0.996861	0.993742	0
PBE62253_skip_9d8de194_94a31e0b_37.pod5	5d2604c7-b0ee-4ce6-bdb1-5c1afb5bafb9	94a31e0b3732106207c0b307a445c20d576954b4	2473	4	27052.4	8.8616	27052.5	8.7336	3545	31.9792	unclassified	chr7	117216608	117220145	9	3545	-	3537	3536	3536	0	1	0	60	0.997461	1	0.999717	0
PBE62253_skip_9d8de194_94a31e0b_37.pod5	8571d9b9-44a3-4799-90f4-5fe893e6e819	94a31e0b3732106207c0b307a445c20d576954b4	2064	2	27055.9	5.8148	27056.1	5.622	2214	32.6838	unclassified	chr16	9656590	9658802	0	2214	-	2214	2212	2211	2	0	1	60	1	0.999548	0.998645	0
PBE62253_skip_9d8de194_94a31e0b_37.pod5	01666803-af08-4190-8ade-51b2e53b3511	94a31e0b3732106207c0b307a445c20d576954b4	294	3	27023.2	37.5428	27023.4	37.3476	14772	30.2792	unclassified	chr5	132818701	132833476	9	14772	-	14788	14750	14737	13	25	13	60	0.999391	0.999119	0.996551	0
PBE62253_skip_9d8de194_94a31e0b_37.pod5	8acc8c55-5230-4843-b417-839ae9e9640b	94a31e0b3732106207c0b307a445c20d576954b4	2627	2	27055.8	5.3496	27056	5.238	2290	25.3677	unclassified	chr3	119044424	119046699	12	2290	-	2278	2275	2269	3	0	6	60	0.99476	0.997363	0.996049	0
PBE62253_skip_9d8de194_94a31e0b_37.pod5	aceff33b-e0a9-4127-8b94-664df5406094	94a31e0b3732106207c0b307a445c20d576954b4	2923	4	27047.2	11.3576	27047.4	11.1864	4439	27.4008	unclassified	chr2	102405297	102409728	7	4439	-	4437	4426	4420	6	5	6	60	0.998423	0.998644	0.996169	0
PBE62253_skip_9d8de194_94a31e0b_37.pod5	c2457c0c-ccec-46d4-862c-d265d75b7582	94a31e0b3732106207c0b307a445c20d576954b4	856	4	27045.3	17.0432	27045.3	16.9464	6637	29.406	unclassified	chr2	142544477	142551106	7	6637	-	6635	6624	6621	6	5	3	60	0.998945	0.999547	0.99789	0
PBE62253_skip_9d8de194_94a31e0b_37.pod5	90bd0fe3-82fc-4bde-a1e9-9cec98ec0c7d	94a31e0b3732106207c0b307a445c20d576954b4	2459	2	27056.7	6.344	27056.8	6.2208	2555	22.0222	unclassified	chr18	78264619	78266872	0	2254	+	2255	2252	2252	2	1	0	60	0.882192	1	0.99867	0
PBE62253_skip_9d8de194_94a31e0b_37.pod5	f1dce3c1-0e99-4b17-b6e6-25a2e1320e60	94a31e0b3732106207c0b307a445c20d576954b4	807	3	27033.1	29.2124	27033.3	29.0412	11905	29.3875	unclassified	chr12	75776859	75788750	0	11898	+	11908	11881	11849	17	10	32	60	0.999412	0.997307	0.995045	0
PBE62253_skip_9d8de194_94a31e0b_37.pod5	50c75bc7-54da-4257-ae8f-db2d10a95648	94a31e0b3732106207c0b307a445c20d576954b4	1715	4	27055.3	7.8692	27055.4	7.7868	3783	25.8623	unclassified	chr13	55410488	55414265	0	3774	+	3779	3772	3765	2	5	7	60	0.997621	0.998144	0.996295	0
PBE62253_skip_9d8de194_94a31e0b_37.pod5	9ad3c292-8868-4f7d-b7ad-d5ae39b5b33b	94a31e0b3732106207c0b307a445c20d576954b4	1615	3	27044.8	17.0876	27044.9	16.962	6821	31.665	unclassified	chr16	81282109	81288965	0	6815	+	6866	6805	6800	10	51	5	60	0.99912	0.999265	0.990387	0
PBE62253_skip_9d8de194_94a31e0b_37.pod5	84588929-9a00-4ffe-ade1-2d069e4394ca	94a31e0b3732106207c0b307a445c20d576954b4	1310	4	27059.8	4.2058	27059.8	4.2038	1527	29.4725	unclassified	chr4	49710489	49711961	1	1522	+	1524	1469	1326	52	3	143	1	0.996071	0.902655	0.870079	0
PBE62253_skip_9d8de194_94a31e0b_37.pod5	d3df26e5-faec-467d-a08c-17ca78a540a1	94a31e0b3732106207c0b307a445c20d576954b4	352	4	27036.1	27.2096	27036.3	27.0456	10568	31.2062	unclassified	chr7	47241891	47252449	0	10561	+	10569	10550	10530	11	8	20	60	0.999338	0.998104	0.99631	0
PBE62253_skip_9d8de194_94a31e0b_37.pod5	a9f4fbaf-6f49-4a82-8623-654675c2f793	94a31e0b3732106207c0b307a445c20d576954b4	2478	4	27062.3	1.9052	27062.4	1.7916	833	33.5804	unclassified	chr12	73780595	73781415	0	820	+	820	820	820	0	0	0	60	0.984394	1	1	0
PBE62253_skip_9d8de194_94a31e0b_37.pod5	f7aec440-3827-494b-b99a-0564a5453fc4	94a31e0b3732106207c0b307a445c20d576954b4	787	3	27057.3	6.4592	27057.4	6.3504	2301	32.4517	unclassified	chr5	49659062	49661543	9	2301	-	2622	2151	1920	141	330	231	1	0.996089	0.892608	0.732265	0
PBE62253_skip_9d8de194_94a31e0b_37.pod5	bcde566c-d832-4c0e-8fab-41d5b2837098	94a31e0b3732106207c0b307a445c20d576954b4	307	1	27061.5	3.548	27061.5	3.4632	1534	27.2411	unclassified	chr11	40044804	40046339	0	1534	+	1536	1533	1531	1	2	2	60	1	0.998695	0.996745	0
PBE62253_skip_9d8de194_94a31e0b_37.pod5	ea0fa3a6-9404-4082-a8f8-5168c8c66371	94a31e0b3732106207c0b307a445c20d576954b4	2360	1	27042.1	19.724	27042.3	19.596	7077	31.5015	unclassified	chr10	133682826	133688922	424	7076	-	6783	5965	5356	687	131	609	30	0.939946	0.897904	0.789621	0
PBE62253_skip_9d8de194_94a31e0b_37.pod5	218dd4fd-2ac3-4f42-97d7-9d889dbf4174	94a31e0b3732106207c0b307a445c20d576954b4	1547	3	27047.8	13.1616	27047.8	13.1596	5154	10.6207	unclassified	chr6	1861434	1866668	11	5123	-	5362	4984	4783	128	250	201	60	0.991851	0.959671	0.892018	0
PBE62253_skip_9d8de194_94a31e0b_37.pod5	ee1a9ff1-abaa-46b4-8092-af19628b87e1	94a31e0b3732106207c0b307a445c20d576954b4	1951	4	27057	6.6982	27057	6.6962	2828	20.4078	unclassified	chr4	171939334	171942121	35	2822	+	2798	2776	2757	11	11	19	60	0.985502	0.993156	0.985347	0
PBE62253_skip_9d8de194_94a31e0b_37.pod5	13799fdd-a0f6-488e-9deb-56880e8c2135	94a31e0b3732106207c0b307a445c20d576954b4	1820	2	27064.1	1.9556	27064.2	1.77	656	36.8972	unclassified	chr4	17689787	17690434	0	647	+	647	647	643	0	0	4	60	0.986281	0.993818	0.993818	0
PBE62253_skip_9d8de194_94a31e0b_37.pod5	0f3953fe-f384-4e26-82de-50e461c8c3f3	94a31e0b3732106207c0b307a445c20d576954b4	1541	2	27055.7	6.554	27055.8	6.4452	2695	31.5153	unclassified	chr6	44326208	44328898	6	2695	-	2690	2689	2688	0	1	1	60	0.997774	0.999628	0.999256	0
PBE62253_skip_9d8de194_94a31e0b_37.pod5	4956ad67-338b-4455-b786-c5a08f745ecc	94a31e0b3732106207c0b307a445c20d576954b4	846	3	27053.2	10.7168	27053.2	10.7148	3849	24.0123	unclassified	chr2	110360293	110364118	0	3823	-	3830	3818	3803	5	7	15	60	0.993245	0.996071	0.99295	0
PBE62253_skip_9d8de194_94a31e0b_37.pod5	43506b0f-f208-40f8-bcbd-c2a1f39b0578	94a31e0b3732106207c0b307a445c20d576954b4	176	1	27022.8	35.3456	27022.9	35.2452	13020	12.222	unclassified	chr3	148976610	148989817	0	13012	+	13428	12791	12316	221	416	475	60	0.999386	0.962865	0.917188	0
PBE62253_skip_9d8de194_94a31e0b_37.pod5	38a654e7-4655-43bf-aeaa-1204d42ef59b	94a31e0b3732106207c0b307a445c20d576954b4	535	1	27036.8	26.8448	27036.9	26.712	10537	31.8669	unclassified	chr19	32559661	32570187	5	10537	-	10543	10515	10492	17	11	23	60	0.999525	0.997813	0.995163	0
PBE62253_skip_9d8de194_94a31e0b_37.pod5	77c3ebdb-a25d-4b74-9c1d-46e0fe5cadac	94a31e0b3732106207c0b307a445c20d576954b4	2719	1	27044.1	19.5968	27044.2	19.4664	6770	18.2865	unclassified	chr6	20885250	20891678	9	6770	-	6783	6406	6347	355	22	59	60	0.998671	0.99079	0.935722	0
PBE62253_skip_9d8de194_94a31e0b_37.pod5	1b28c2ae-8c5c-41fc-af4f-06cfb1319055	94a31e0b3732106207c0b307a445c20d576954b4	2167	3	27045.7	11.9144	27045.9	11.7048	4498	27.4682	unclassified	chr21	8246707	8251073	8	4498	-	4502	4354	4341	136	12	13	8	0.998221	0.997014	0.964238	0
PBE62253_skip_9d8de194_94a31e0b_37.pod5	3d5500ba-0346-4660-9cc5-c28dc7b1e83e	94a31e0b3732106207c0b307a445c20d576954b4	781	4	27039.7	20.5124	27039.9	20.3892	8181	23.3895	unclassified	chr11	12047616	12055789	9	8181	-	8191	8154	8137	18	19	17	60	0.9989	0.997915	0.993407	0
PBE62253_skip_9d8de194_94a31e0b_37.pod5	2acc0202-334b-4b02-8b4f-c0f835026573	94a31e0b3732106207c0b307a445c20d576954b4	1025	4	27027.8	35.9384	27028	35.7768	10072	28.5704	unclassified	chr2	82191103	82200824	0	10072	+	10078	9715	9696	357	6	19	60	1	0.998044	0.962096	0
PBE62253_skip_9d8de194_94a31e0b_37.pod5	614896bc-64ab-4373-9740-42a1547a9fd6	94a31e0b3732106207c0b307a445c20d576954b4	683	2	27063.3	4.334	27063.3	4.332	1384	3.69402	unclassified	*	-1	-1	-1	-1	*	0	0	0	0	0	0	0	0	0	0	0
PBE62253_skip_9d8de194_94a31e0b_37.pod5	72342ea1-8e7e-477e-bb64-b77918efcaa1	94a31e0b3732106207c0b307a445c20d576954b4	1588	2	27049.7	13.2152	27049.8	13.0872	5467	18.0176	unclassified	chr1	30273189	30278649	0	5461	+	5495	5426	5390	35	34	36	60	0.998902	0.993365	0.980892	0
PBE62253_skip_9d8de194_94a31e0b_37.pod5	c8a049e0-b0cf-4e67-b82d-a65b885c4722	94a31e0b3732106207c0b307a445c20d576954b4	1574	4	27041.5	21.4184	27041.6	21.312	8946	22.1437	unclassified	chr20	16483038	16491984	0	8940	+	8971	8915	8899	25	31	16	60	0.999329	0.998205	0.991974	0
PBE62253_skip_9d8de194_94a31e0b_37.pod5	c8de4f7e-95d9-4ec1-a74e-dc68af43c1be	94a31e0b3732106207c0b307a445c20d576954b4	322	3	27064.9	1.7348	27065	1.6332	630	22.3494	unclassified	chr6	94339260	94339887	0	630	-	630	627	624	3	0	3	60	1	0.995215	0.990476	0
PBE62253_skip_9d8de194_94a31e0b_37.pod5	52fca7d1-d99a-4d89-97f7-d8b0bf1587a0	94a31e0b3732106207c0b307a445c20d576954b4	2886	3	27063	4.0604	27063.1	3.942	1550	30.3863	unclassified	chr13	79015004	79016567	0	1550	-	1563	1550	1545	0	13	5	60	1	0.996774	0.988484	0
PBE62253_skip_9d8de194_94a31e0b_37.pod5	1ce589fa-8318-4526-8fd2-e0c65e99f974	94a31e0b3732106207c0b307a445c20d576954b4	460	4	27054.7	12.9284	27054.8	12.8148	5158	29.2444	unclassified	chr11	6745248	6750400	0	5152	+	5155	5149	5133	3	3	16	60	0.998837	0.996893	0.995732	0
PBE62253_skip_9d8de194_94a31e0b_37.pod5	a23649b9-f8bc-4540-adfd-25599cbcda28	94a31e0b3732106207c0b307a445c20d576954b4	2973	1	27053.7	10.484	27053.8	10.3536	3599	23.9824	unclassified	chr8	12530763	12534346	0	3590	+	3594	3579	3560	11	4	19	41	0.997499	0.994691	0.99054	0
PBE62253_skip_9d8de194_94a31e0b_37.pod5	e62eddd4-6538-4661-8390-482fb89a9122	94a31e0b3732106207c0b307a445c20d576954b4	693	4	27036	26.8712	27036.2	26.7576	11314	28.9169	unclassified	chr6	129970509	129981822	7	11313	-	11319	11300	11296	6	13	4	60	0.999293	0.999646	0.997968	0
PBE62253_skip_9d8de194_94a31e0b_37.pod5	ce1d9524-ab86-46e0-a679-baea9b0570bc	94a31e0b3732106207c0b307a445c20d576954b4	1881	1	27045.2	18.8732	27045.3	18.6984	8220	27.2799	unclassified	chr12	116705471	116713682	0	8214	+	8228	8197	8192	17	14	5	60	0.99927	0.99939	0.995625	0
PBE62253_skip_9d8de194_94a31e0b_37.pod5	ec5ff687-ee3c-4bbf-9712-8d63ce10c846	94a31e0b3732106207c0b307a445c20d576954b4	1384	4	27063.3	3.0116	27063.3	3.0096	1723	25.1033	unclassified	chr2	110661550	110663240	31	1719	+	1690	1688	1681	0	2	7	60	0.979687	0.995853	0.994675	0
PBE62253_skip_9d8de194_94a31e0b_37.pod5	3d15377a-b2bc-4d99-bb1f-4c4c9af07810	94a31e0b3732106207c0b307a445c20d576954b4	1830	2	27051.5	16.2476	27051.6	16.1292	5887	31.3091	unclassified	chr2	92315587	92322145	0	5887	-	6568	5877	5698	10	681	179	1	1	0.969542	0.86754	0
PBE62253_skip_9d8de194_94a31e0b_37.pod5	10c743c8-d41c-4b4e-939c-754614dddeb8	94a31e0b3732106207c0b307a445c20d576954b4	2574	2	27042.5	19.1324	27042.9	18.8028	5178	29.4083	unclassified	chr19	12514011	12519188	0	5176	-	5180	5173	5172	3	4	1	60	0.999614	0.999807	0.998456	0
PBE62253_skip_9d8de194_94a31e0b_37.pod5	752dab50-6290-4078-9fa1-d4d87a15f893	94a31e0b3732106207c0b307a445c20d576954b4	1411	4	27059.5	5.4152	27059.6	5.304	2307	28.3586	unclassified	chr18	26823507	26825824	8	2307	-	2319	2297	2292	2	20	5	60	0.996532	0.997823	0.988357	0
PBE62253_skip_9d8de194_94a31e0b_37.pod5	e425e740-a417-4c9e-a84b-fa52f554275e	94a31e0b3732106207c0b307a445c20d576954b4	1405	2	27047.6	18.6428	27047.7	18.4788	6851	34.8537	unclassified	chr3	179199572	179206423	5	6851	-	6857	6840	6834	6	11	6	60	0.99927	0.999123	0.996646	0
PBE62253_skip_9d8de194_94a31e0b_37.pod5	dc90497b-8f59-4532-934b-8498dcef448c	94a31e0b3732106207c0b307a445c20d576954b4	1727	2	27053.2	14.3156	27053.5	14.0916	5185	30.064	unclassified	chr13	104658795	104663956	16	5185	-	5178	5152	5146	17	9	6	60	0.996914	0.998835	0.99382	0
PBE62253_skip_9d8de194_94a31e0b_37.pod5	58c7d397-8f9e-44a7-a603-c2799918057b	94a31e0b3732106207c0b307a445c20d576954b4	2915	3	27059.7	3.4508	27059.8	3.3516	1265	27.0959	unclassified	chr13	80192015	80193277	0	1265	+	1265	1262	1259	3	0	3	60	1	0.997623	0.995257	0
PBE62253_skip_9d8de194_94a31e0b_37.pod5	4ab570a0-d451-4cee-b93b-d3258508587e	94a31e0b3732106207c0b307a445c20d576954b4	1133	2	27053.8	3.992	27053.9	3.864	1636	24.0878	unclassified	chrY	56702965	56704544	84	1636	-	1588	1543	1474	9	36	69	1	0.948655	0.955282	0.928212	0
PBE62253_skip_9d8de194_94a31e0b_37.pod5	df3c9162-22e3-4c14-a3c8-26694e9cc039	94a31e0b3732106207c0b307a445c20d576954b4	835	4	27050	7.8584	27050.1	7.728	3022	42.4089	unclassified	chr9	43775915	43778926	0	3010	+	3011	3010	2936	0	1	74	2	0.996029	0.975415	0.975091	0
PBE62253_skip_9d8de194_94a31e0b_37.pod5	126a7795-2e4b-4d95-b0d4-4910774ba0b2	94a31e0b3732106207c0b307a445c20d576954b4	735	4	27033.2	30.821	27033.2	30.819	12105	29.6906	unclassified	chr2	186385895	186397984	10	12099	+	12097	12081	12063	8	8	18	60	0.998678	0.99851	0.997189	0
PBE62253_skip_9d8de194_94a31e0b_37.pod5	9a767118-b3e3-499b-b77b-34a2433bb3c9	94a31e0b3732106207c0b307a445c20d576954b4	616	3	27059.5	8.1776	27059.6	8.064	3299	29.6014	unclassified	chr1	177244891	177248185	5	3299	-	3294	3294	3289	0	0	5	60	0.998484	0.998482	0.998482	0
PBE62253_skip_9d8de194_94a31e0b_37.pod5	fd157378-3daa-4353-99b7-939c128937c4	94a31e0b3732106207c0b307a445c20d576954b4	1707	1	27065.6	2.4272	27065.7	2.2872	922	21.4578	unclassified	chr12	56334331	56335249	0	922	+	923	917	914	5	1	3	60	1	0.996728	0.990249	0
PBE62253_skip_9d8de194_94a31e0b_37.pod5	c8348293-ccd0-42fe-b45e-7a17427cea35	94a31e0b3732106207c0b307a445c20d576954b4	2685	2	27058.8	7.2356	27058.9	7.1052	3340	16.8651	unclassified	chrX	109173248	109176545	46	3340	-	3310	3281	3258	13	16	23	60	0.986228	0.99299	0.98429	0
PBE62253_skip_9d8de194_94a31e0b_37.pod5	ead05256-5ec5-4220-90bf-352914399060	94a31e0b3732106207c0b307a445c20d576954b4	579	4	27054.6	13.3724	27054.8	13.254	4966	27.4758	unclassified	chr2	121124675	121129625	0	4956	+	4957	4949	4945	7	1	4	60	0.997986	0.999192	0.997579	0
PBE62253_skip_9d8de194_94a31e0b_37.pod5	3c17eaae-42e6-469b-820c-86fdc418fdbb	94a31e0b3732106207c0b307a445c20d576954b4	2579	4	27058.2	9.8192	27058.3	9.6456	3701	24.7017	unclassified	chr18	6072664	6076341	6	3701	-	3702	3670	3666	25	7	4	60	0.998379	0.99891	0.990276	0
PBE62253_skip_9d8de194_94a31e0b_37.pod5	d9d0259e-2d31-4b14-857b-52186aaa60eb	94a31e0b3732106207c0b307a445c20d576954b4	2468	2	27051.3	15.962	27051.4	15.8412	6606	25.2297	unclassified	chr2	120801672	120808272	0	6599	+	6613	6586	6563	13	14	23	60	0.99894	0.996508	0.992439	0
PBE62253_skip_9d8de194_94a31e0b_37.pod5	14f44f51-15a8-4c25-895f-8aa0711202a1	94a31e0b3732106207c0b307a445c20d576954b4	746	1	27061.9	6.4852	27061.9	6.4832	2928	23.1403	unclassified	chr11	133686486	133689381	36	2927	+	2901	2885	2870	6	10	15	60	0.987363	0.994801	0.989314	0
PBE62253_skip_9d8de194_94a31e0b_37.pod5	082c3b8d-f6c0-4b2b-b2ab-f84881ebe488	94a31e0b3732106207c0b307a445c20d576954b4	464	1	27031	32.564	27031.1	32.4384	12404	26.6902	unclassified	chr1	228048848	228061279	4	12404	-	12442	12389	12370	11	42	19	60	0.999678	0.998466	0.994213	0
PBE62253_skip_9d8de194_94a31e0b_37.pod5	38482689-a577-439c-855f-29d61b0fdf33	94a31e0b3732106207c0b307a445c20d576954b4	2561	4	27049.5	18.6116	27049.6	18.486	7274	25.1323	unclassified	chr2	1051301	1058510	9	7274	-	7314	7160	7092	105	49	68	60	0.998763	0.990503	0.969647	0
PBE62253_skip_9d8de194_94a31e0b_37.pod5	f7ae9649-a56f-4923-8afe-34ee82def4b0	94a31e0b3732106207c0b307a445c20d576954b4	2296	2	27040.9	27.6368	27041	27.5532	15018	21.4047	unclassified	chr4	42212785	42227812	10	15018	-	15090	14945	14846	63	82	99	60	0.999334	0.993376	0.98383	0
PBE62253_skip_9d8de194_94a31e0b_37.pod5	e3503e05-0c74-4439-b562-a79346064a20	94a31e0b3732106207c0b307a445c20d576954b4	398	3	27007.6	56.3432	27007.8	56.1444	18066	34.505	unclassified	chr1	214928986	214947035	0	18066	-	18083	18032	17992	34	17	40	60	1	0.997782	0.994968	0
PBE62253_skip_9d8de194_94a31e0b_37.pod5	566fd7c2-ee71-475f-8d30-37bf4f1dacd4	94a31e0b3732106207c0b307a445c20d576954b4	930	4	27045.8	19.1936	27045.9	19.0704	5392	22.3887	unclassified	chrX	17462319	17467718	6	5392	-	5415	5370	5350	16	29	20	60	0.998887	0.996276	0.987996	0
PBE62253_skip_9d8de194_94a31e0b_37.pod5	7355ef39-8553-43db-a903-f50272b8fb0b	94a31e0b3732106207c0b307a445c20d576954b4	835	4	27059.9	8.4376	27059.9	8.4356	3081	27.8922	unclassified	chr11	62539854	62542904	31	3081	+	3052	3048	3045	2	2	3	60	0.989938	0.999016	0.997706	0
PBE62253_skip_9d8de194_94a31e0b_37.pod5	b7d899b7-27de-4f79-8f5d-3ced25f9af38	94a31e0b3732106207c0b307a445c20d576954b4	822	1	27055.2	12.83	27055.4	12.69	4066	33.2048	unclassified	chr8	32117867	32121927	0	4059	+	4062	4057	4051	2	3	6	60	0.998278	0.998521	0.997292	0
PBE62253_skip_9d8de194_94a31e0b_37.pod5	cfc02466-8825-4526-b1af-c92f68b71f96	94a31e0b3732106207c0b307a445c20d576954b4	584	2	27059.5	9.1192	27059.5	9.1172	3386	32.4377	unclassified	chr6	16912275	16915623	7	3355	-	3349	3347	3347	1	1	0	60	0.988777	1	0.999403	0
PBE62253_skip_9d8de194_94a31e0b_37.pod5	fc40e44f-440a-45b5-b038-c7bf53ff697f	94a31e0b3732106207c0b307a445c20d576954b4	277	1	27053.3	14.5544	27053.4	14.4336	6242	27.8453	unclassified	chr2	18439555	18445793	6	6242	-	6243	6231	6226	5	7	5	60	0.999039	0.999198	0.997277	0
PBE62253_skip_9d8de194_94a31e0b_37.pod5	53d763e4-7d33-478c-a140-a220cb953a03	94a31e0b3732106207c0b307a445c20d576954b4	2088	4	27046.1	12.4724	27046.1	12.3756	3951	15.9626	unclassified	chr12	25127926	25131915	0	3951	-	4027	3913	3845	38	76	68	60	1	0.982622	0.954805	0
PBE62253_skip_9d8de194_94a31e0b_37.pod5	d8816e36-7c38-4e95-b104-a5eb819773fd	94a31e0b3732106207c0b307a445c20d576954b4	668	1	27013.7	44.564	27013.8	44.448	17004	28.0405	unclassified	chr11	120676001	120693019	0	16998	+	17031	16985	16951	13	33	34	60	0.999647	0.997998	0.995303	0
PBE62253_skip_9d8de194_94a31e0b_37.pod5	044691ad-11d3-4a9c-a282-48cbd8126996	94a31e0b3732106207c0b307a445c20d576954b4	1570	3	27047.4	11.2002	27047.4	11.1982	6319	19.0103	unclassified	chr3	192501015	192507311	0	6291	-	6318	6269	6223	22	27	46	60	0.995569	0.992662	0.984964	0
PBE62253_skip_9d8de194_94a31e0b_37.pod5	dc67b881-e94c-445d-86fe-7f6c914c7304	94a31e0b3732106207c0b307a445c20d576954b4	1633	4	27053.1	2.3132	27053.1	2.3112	787	20.0122	unclassified	chr13	91803967	91804713	3	747	-	747	743	738	1	3	5	60	0.945362	0.993271	0.987952	0
PBE62253_skip_9d8de194_94a31e0b_37.pod5	f9452a61-6620-4ba1-aa0c-eabd8e55894e	94a31e0b3732106207c0b307a445c20d576954b4	1934	1	27051.6	12.3704	27051.6	12.276	5215	24.4715	unclassified	chr2	1608581	1614243	5	5215	-	5675	5197	5163	13	465	34	60	0.999041	0.993458	0.90978	0
PBE62253_skip_9d8de194_94a31e0b_37.pod5	cf21b243-8245-4d46-8a4e-b763ac61a6ce	94a31e0b3732106207c0b307a445c20d576954b4	2698	3	27040.9	16.7396	27041	16.6296	6885	26.2407	unclassified	chr13	49860055	49866930	7	6885	-	6898	6855	6824	23	20	31	60	0.998983	0.995478	0.989272	0
PBE62253_skip_9d8de194_94a31e0b_37.pod5	99866923-9158-42ed-9766-fe1919879cc3	94a31e0b3732106207c0b307a445c20d576954b4	2842	1	27037.6	20.7152	27037.8	20.5248	8097	30.123	unclassified	chr13	69748669	69756755	7	8097	-	8094	8082	8080	8	4	2	60	0.999135	0.999753	0.99827	0
PBE62253_skip_9d8de194_94a31e0b_37.pod5	7a710c4d-3e39-431e-9779-22be9b81865c	94a31e0b3732106207c0b307a445c20d576954b4	2317	2	27042.5	15.1964	27042.6	15.0504	5307	30.9604	unclassified	chr9	41942844	41948149	0	5300	+	5306	5299	5284	1	6	15	60	0.998681	0.997169	0.995854	0
PBE62253_skip_9d8de194_94a31e0b_37.pod5	380cc433-4938-43c7-84fc-3443b860c95c	94a31e0b3732106207c0b307a445c20d576954b4	149	1	27035.2	23.2652	27035.4	23.1012	7038	32.6043	unclassified	chr5	44107215	44114252	8	7038	-	7039	7028	7015	2	9	13	60	0.998863	0.99815	0.99659	0
PBE62253_skip_9d8de194_94a31e0b_37.pod5	10d2680c-54f8-4ff1-a783-391d2eebab7c	94a31e0b3732106207c0b307a445c20d576954b4	1513	3	27052.3	6.7028	27052.5	6.5124	2851	20.9229	unclassified	chr14	95923473	95926338	0	2851	+	2868	2848	2829	3	17	19	60	1	0.993329	0.986402	0
PBE62253_skip_9d8de194_94a31e0b_37.pod5	d9294cfb-ea9b-4ad8-b9cb-65693a3fad2d	94a31e0b3732106207c0b307a445c20d576954b4	399	4	27041.4	16.8476	27041.4	16.8456	6871	27.331	unclassified	chr1	176381323	176388153	34	6867	+	6842	6821	6807	12	9	14	60	0.99447	0.997948	0.994885	0
PBE62253_skip_9d8de194_94a31e0b_37.pod5	e317a859-57bd-4d22-8e02-b10944cd061b	94a31e0b3732106207c0b307a445c20d576954b4	597	4	27050.2	9.4662	27050.2	9.4642	3766	11.8413	unclassified	chr17	19049043	19052819	16	3746	-	3847	3659	3532	71	117	127	2	0.990441	0.965291	0.918118	0
PBE62253_skip_9d8de194_94a31e0b_37.pod5	e090730e-7fed-432b-828b-c155a69796af	94a31e0b3732106207c0b307a445c20d576954b4	47	2	27046.3	12.0188	27046.5	11.8164	2950	28.1032	unclassified	chr12	130985132	130988080	0	2950	-	2951	2947	2942	3	1	5	60	1	0.998303	0.99695	0
PBE62253_skip_9d8de194_94a31e0b_37.pod5	a28ef077-c789-4a2d-9b79-06ab50abcb16	94a31e0b3732106207c0b307a445c20d576954b4	2454	4	27052.5	5.8916	27052.7	5.7492	2186	23.4673	unclassified	chr21	28310032	28312221	7	2186	-	2191	2177	2171	2	12	6	60	0.996798	0.997244	0.990872	0
PBE62253_skip_9d8de194_94a31e0b_37.pod5	3504d299-92df-4637-8415-c04c26598611	94a31e0b3732106207c0b307a445c20d576954b4	2438	4	27027.5	30.7702	27027.5	30.7682	12445	26.9555	unclassified	chr16	61752046	61764467	20	12436	+	12429	12408	12396	8	13	12	60	0.99767	0.999033	0.997345	0
PBE62253_skip_9d8de194_94a31e0b_37.pod5	6b80e7b0-3b99-4729-8e61-a42ff3f4d95c	94a31e0b3732106207c0b307a445c20d576954b4	2710	1	27051.7	5.792	27051.8	5.64	2184	24.3387	unclassified	chr20	62328936	62331117	7	2184	-	2184	2174	2166	3	7	8	60	0.996795	0.99632	0.991758	0
PBE62253_skip_9d8de194_94a31e0b_37.pod5	39f5cdb0-1618-413c-8a85-687fe07d29d3	94a31e0b3732106207c0b307a445c20d576954b4	1975	3	27045	14.9072	27045.3	14.7	6036	27.2998	unclassified	chr2	103262544	103268574	0	6036	-	6038	6028	6025	8	2	3	60	1	0.999502	0.997847	0
PBE62253_skip_9d8de194_94a31e0b_37.pod5	8997615d-1d97-43ca-b071-e7da84b3dc3d	94a31e0b3732106207c0b307a445c20d576954b4	2054	2	27051.2	8.7874	27051.2	8.7854	1259	3.85203	unclassified	*	-1	-1	-1	-1	*	0	0	0	0	0	0	0	0	0	0	0
PBE62253_skip_9d8de194_94a31e0b_37.pod5	e06ca1b2-b30f-4113-9fa0-d273e9f42486	94a31e0b3732106207c0b307a445c20d576954b4	638	1	27044.5	15.2496	27044.5	15.2476	6247	35.79	unclassified	chr18	19527476	19533672	6	6202	-	6198	6194	6125	2	2	69	1	0.991836	0.98886	0.988222	0
PBE62253_skip_9d8de194_94a31e0b_37.pod5	818e79a1-4a0c-424f-bbff-f0bf8012b019	94a31e0b3732106207c0b307a445c20d576954b4	1583	3	27047.6	10.3146	27047.6	10.3126	4873	18.2957	unclassified	chr2	168598296	168603139	3	4837	-	4875	4802	4746	32	41	56	60	0.991997	0.988338	0.973538	0
PBE62253_skip_9d8de194_94a31e0b_37.pod5	222be5ef-99fa-4dda-84f7-4551fe691fc6	94a31e0b3732106207c0b307a445c20d576954b4	2866	4	27047.3	11.3324	27047.4	11.1948	3883	23.1001	unclassified	chr7	154315701	154319446	146	3883	-	3755	3727	3712	10	18	15	60	0.9624	0.995975	0.988549	0
PBE62253_skip_9d8de194_94a31e0b_37.pod5	741cba81-4b92-4e14-80ef-3e342afcfa81	94a31e0b3732106207c0b307a445c20d576954b4	2405	4	27045.5	12.2936	27045.6	12.1896	5111	29.0764	unclassified	chr9	39878128	39883229	0	5104	+	5105	5100	5074	4	1	26	3	0.99863	0.994902	0.993928	0
PBE62253_skip_9d8de194_94a31e0b_37.pod5	138d1b0a-7f53-4890-9b82-ea9f50a6189d	94a31e0b3732106207c0b307a445c20d576954b4	425	2	27037	21.332	27037.2	21.1848	8244	29.3267	unclassified	chr15	94941798	94950053	0	8244	+	8270	8229	8212	15	26	17	60	1	0.997934	0.992987	0
PBE62253_skip_9d8de194_94a31e0b_37.pod5	89775f6e-f389-4aaf-9623-df338dabfc25	94a31e0b3732106207c0b307a445c20d576954b4	2972	2	27029.9	28.4566	27029.9	28.4546	9845	32.4152	unclassified	chr7	106684214	106694022	30	9835	+	9810	9803	9778	2	5	25	60	0.995937	0.99745	0.996738	0
PBE62253_skip_9d8de194_94a31e0b_37.pod5	bd038ba0-f913-4da8-95ea-a63889b6028e	94a31e0b3732106207c0b307a445c20d576954b4	2692	1	27049.7	4.9232	27049.7	4.9212	2110	21.2104	unclassified	chr8	137411412	137413494	0	2077	-	2088	2071	2050	6	11	21	60	0.98436	0.98986	0.981801	0
PBE62253_skip_9d8de194_94a31e0b_37.pod5	714b9425-ac24-4f49-aa72-4c18543ae35a	94a31e0b3732106207c0b307a445c20d576954b4	1403	4	27053.3	8.062	27053.3	8.06	2681	5.90223	unclassified	*	-1	-1	-1	-1	*	0	0	0	0	0	0	0	0	0	0	0
PBE62253_skip_9d8de194_94a31e0b_37.pod5	41861f53-9d07-47d6-9907-4d55cbb51461	94a31e0b3732106207c0b307a445c20d576954b4	2538	4	27052.3	8.0204	27052.4	7.9116	3111	31.4134	unclassified	chr10	23310919	23314011	0	3104	+	3106	3090	3086	14	2	4	60	0.99775	0.998706	0.993561	0
PBE62253_skip_9d8de194_94a31e0b_37.pod5	74e4b903-7b8f-4388-bd57-d9cdeef893aa	94a31e0b3732106207c0b307a445c20d576954b4	2841	4	27048.7	10.2188	27048.8	10.1052	3581	30.5426	unclassified	chr2	89234030	89237595	7	3581	-	3575	3564	3563	10	1	1	60	0.998045	0.999719	0.996643	0
PBE62253_skip_9d8de194_94a31e0b_37.pod5	2ac47c30-dec8-496f-bb02-5ce4d402531f	94a31e0b3732106207c0b307a445c20d576954b4	2521	2	27041.5	17.108	27041.6	16.992	6772	29.1978	unclassified	chr13	102766791	102773540	0	6762	+	6765	6746	6740	16	3	6	60	0.998523	0.999111	0.996305	0
PBE62253_skip_9d8de194_94a31e0b_37.pod5	13e2948d-0f18-4c53-9e17-30403cde4d6f	94a31e0b3732106207c0b307a445c20d576954b4	1150	4	27025.9	31.9412	27026	31.8204	12652	31.0966	unclassified	chr2	116616974	116629616	0	12645	+	12653	12634	12600	11	8	34	60	0.999447	0.997309	0.995811	0
PBE62253_skip_9d8de194_94a31e0b_37.pod5	79340396-3dc3-4c75-8e4e-8a37f7591180	94a31e0b3732106207c0b307a445c20d576954b4	1100	4	27051	8.7392	27051.1	8.616	3436	29.005	unclassified	chr13	86278771	86282196	0	3434	-	3437	3422	3414	12	3	8	60	0.999418	0.997662	0.993308	0
PBE62253_skip_9d8de194_94a31e0b_37.pod5	a4ee70e8-b8ee-4a56-8399-45021ae77c84	94a31e0b3732106207c0b307a445c20d576954b4	1069	3	27035.1	22.9844	27035.3	22.7916	10010	22.7417	unclassified	chr10	97676876	97686871	0	9985	+	10026	9954	9904	31	41	50	60	0.997503	0.994977	0.987832	0
PBE62253_skip_9d8de194_94a31e0b_37.pod5	c3ac2d10-5525-4c7b-91bb-d4c6eb75afbc	94a31e0b3732106207c0b307a445c20d576954b4	2545	4	27045	15.7388	27045.1	15.6108	6288	33.0756	unclassified	chr8	92117069	92123352	0	6283	+	6288	6278	6276	5	5	2	60	0.999205	0.999681	0.998092	0
PBE62253_skip_9d8de194_94a31e0b_37.pod5	3dcd4285-fe29-439b-9045-7ee7a6a33b47	94a31e0b3732106207c0b307a445c20d576954b4	1707	1	27049.1	9.5348	27049.2	9.432	4415	38.2361	unclassified	chr20	31065454	31069711	7	4414	-	4594	4070	3784	337	187	286	60	0.998188	0.92973	0.823683	0
PBE62253_skip_9d8de194_94a31e0b_37.pod5	f559ebab-c91e-43b7-97d6-27afaaf0e79f	94a31e0b3732106207c0b307a445c20d576954b4	334	2	27051.5	10.9916	27051.7	10.8576	4678	29.3628	unclassified	chr2	209846618	209851297	0	4678	+	4680	4677	4675	1	2	2	60	1	0.999572	0.998932	0
PBE62253_skip_9d8de194_94a31e0b_37.pod5	6202808e-c0c1-4146-ac41-2f286b225735	94a31e0b3732106207c0b307a445c20d576954b4	119	2	27045.1	15.2912	27045.2	15.1536	6108	30.1201	unclassified	chr8	48408033	48414150	0	6107	+	6123	6101	6095	6	16	6	60	0.999836	0.999017	0.995427	0
PBE62253_skip_9d8de194_94a31e0b_37.pod5	b3cce693-e59f-4bda-9425-b8b3001f8144	94a31e0b3732106207c0b307a445c20d576954b4	2594	1	27058.2	2.5818	27058.2	2.5798	995	24.1815	unclassified	chr4	151079832	151080794	0	963	-	965	960	957	3	2	3	60	0.967839	0.996875	0.99171	0
PBE62253_skip_9d8de194_94a31e0b_37.pod5	2af237d0-c93b-48d2-b10d-99ac423a6650	94a31e0b3732106207c0b307a445c20d576954b4	555	3	27042.7	16.1972	27042.9	16.0332	6135	34.0019	unclassified	chr3	58084378	58090516	0	6128	+	6146	6120	6110	8	18	10	60	0.998859	0.998366	0.994143	0
PBE62253_skip_9d8de194_94a31e0b_37.pod5	493bafc6-f6ce-4762-bc71-19870c02144b	94a31e0b3732106207c0b307a445c20d576954b4	2730	2	27030.7	27.6602	27030.7	27.6582	7093	28.8819	unclassified	chr11	102578695	102585760	35	7093	+	7073	7050	7034	8	15	16	60	0.995066	0.99773	0.994486	0
PBE62253_skip_9d8de194_94a31e0b_37.pod5	62fe1ce8-aeea-4004-a742-861ee9b32268	94a31e0b3732106207c0b307a445c20d576954b4	521	2	27028.7	29.5184	27028.8	29.4048	11854	29.9927	unclassified	chr2	85132005	85143866	5	11854	-	11875	11835	11829	14	26	6	60	0.999578	0.999493	0.996126	0
PBE62253_skip_9d8de194_94a31e0b_37.pod5	c0edcd06-f437-4bb7-8c32-a169174b880d	94a31e0b3732106207c0b307a445c20d576954b4	2091	4	27028.9	30.8132	27029	30.726	13372	27.1303	unclassified	chr11	81566294	81579344	0	13365	+	13384	13031	12991	334	19	40	60	0.999476	0.99693	0.970637	0
PBE62253_skip_9d8de194_94a31e0b_37.pod5	e5abde1a-b118-454e-b89c-f1cdcb7abca3	94a31e0b3732106207c0b307a445c20d576954b4	907	4	27037.7	26.1308	27037.9	25.9908	7929	29.3706	unclassified	chr14	54592783	54600709	0	7929	-	7934	7921	7914	8	5	7	60	1	0.999116	0.997479	0
PBE62253_skip_9d8de194_94a31e0b_37.pod5	1f59cf6d-3419-4e5a-8ce8-f01625c4eff7	94a31e0b3732106207c0b307a445c20d576954b4	79	2	27029.8	35.624	27029.9	35.4552	12437	31.3264	unclassified	chr8	106904776	106917196	0	12430	+	12437	12413	12411	17	7	2	60	0.999437	0.999839	0.997909	0
PBE62253_skip_9d8de194_94a31e0b_37.pod5	f2af97e3-dcc7-4f42-b868-4ed248972fae	94a31e0b3732106207c0b307a445c20d576954b4	1376	4	27054.7	6.5096	27054.8	6.396	2566	32.434	unclassified	chr7	77165174	77167736	8	2566	-	2564	2556	2555	2	6	1	60	0.996882	0.999609	0.99649	0
PBE62253_skip_9d8de194_94a31e0b_37.pod5	d1185d10-c841-4e0c-a336-031ef617368d	94a31e0b3732106207c0b307a445c20d576954b4	54	2	27049.2	12.7838	27049.2	12.7818	4761	28.8966	unclassified	chrX	85322555	85327297	17	4761	+	4746	4740	4738	4	2	2	60	0.996429	0.999578	0.998314	0
PBE62253_skip_9d8de194_94a31e0b_37.pod5	487280da-46f3-42d5-8777-ae0a6f908568	94a31e0b3732106207c0b307a445c20d576954b4	1592	2	27028.8	31.2224	27029	31.0584	11020	30.719	unclassified	chr18	79885786	79896635	0	11013	+	11191	10671	10642	342	178	29	60	0.999365	0.997282	0.950943	0
PBE62253_skip_9d8de194_94a31e0b_37.pod5	cfc421f5-ab9d-4366-9682-a02355f295d1	94a31e0b3732106207c0b307a445c20d576954b4	680	4	27055.1	6.1852	27055.1	6.1832	2337	29.4038	unclassified	chr8	48784889	48787191	7	2305	-	2304	2296	2295	2	6	1	60	0.983312	0.999564	0.996094	0
PBE62253_skip_9d8de194_94a31e0b_37.pod5	a320067d-ad03-4cbc-a7b8-a2ba7778dcd1	94a31e0b3732106207c0b307a445c20d576954b4	20	2	27055.4	6.45	27055.4	6.448	2510	33.7531	unclassified	chr11	9594719	9597192	0	2476	-	2476	2473	2470	3	0	3	60	0.986454	0.998787	0.997577	0
PBE62253_skip_9d8de194_94a31e0b_37.pod5	8a4964f4-d79c-4e05-be76-7b3628496d54	94a31e0b3732106207c0b307a445c20d576954b4	1577	2	27053.2	9.3384	27053.2	9.3364	3212	18.6739	unclassified	chr13	72437056	72440221	8	3177	-	3188	3146	3121	23	19	25	60	0.986613	0.992053	0.978984	0
PBE62253_skip_9d8de194_94a31e0b_37.pod5	aa622c4f-f7e2-41a2-b280-c34a02c6899f	94a31e0b3732106207c0b307a445c20d576954b4	638	1	27060	2.5198	27060	2.5178	1010	31.2972	unclassified	chr8	108028573	108029548	31	1004	+	976	972	972	1	3	0	60	0.963366	1	0.995902	0
PBE62253_skip_9d8de194_94a31e0b_37.pod5	ff88507e-fe16-438d-9820-bec1ef96b5ff	94a31e0b3732106207c0b307a445c20d576954b4	527	1	27051.4	11.0972	27051.5	10.986	4525	23.7542	unclassified	chr10	649825	654347	0	4518	+	4526	4514	4505	4	8	9	60	0.998453	0.998006	0.99536	0
PBE62253_skip_9d8de194_94a31e0b_37.pod5	8f34ab02-17b7-4a2e-a719-a54145ada20d	94a31e0b3732106207c0b307a445c20d576954b4	1706	1	27057.4	5.2772	27057.5	5.1708	2127	27.0588	unclassified	chr2	135499516	135501644	5	2127	-	2129	2121	2118	1	7	3	60	0.997649	0.998586	0.994833	0
PBE62253_skip_9d8de194_94a31e0b_37.pod5	b87bcef7-82cd-4de0-858c-0b94adc4cce6	94a31e0b3732106207c0b307a445c20d576954b4	2073	4	27060.8	1.8272	27060.9	1.7328	708	27.0669	unclassified	chr8	77667076	77667772	0	697	+	697	696	696	1	0	0	60	0.984463	1	0.998565	0
PBE62253_skip_9d8de194_94a31e0b_37.pod5	f4b313cf-cc87-4447-aab6-391bf69eea4b	94a31e0b3732106207c0b307a445c20d576954b4	2727	3	27042.5	19.0304	27042.7	18.8832	6160	26.5081	unclassified	chr19	14099901	14106015	0	6105	+	6117	6102	6095	3	12	7	60	0.991071	0.998853	0.996403	0
PBE62253_skip_9d8de194_94a31e0b_37.pod5	34388454-da0a-47ec-9bc0-442c57a3bb91	94a31e0b3732106207c0b307a445c20d576954b4	2525	3	27013.1	48.656	27013.4	48.396	19940	27.4934	unclassified	chr11	15865701	15885660	7	19940	-	19973	19919	19881	14	40	38	60	0.999649	0.998092	0.995394	0
PBE62253_skip_9d8de194_94a31e0b_37.pod5	0ba19505-08ab-40c5-805e-8d529316fab2	94a31e0b3732106207c0b307a445c20d576954b4	2299	1	27054.1	8.5436	27054.3	8.334	3311	29.3512	unclassified	chr8	67301481	67304778	20	3311	-	3299	3289	3286	2	8	3	60	0.99396	0.999088	0.996059	0
PBE62253_skip_9d8de194_94a31e0b_37.pod5	a9cc34f8-d83f-4461-b1fd-5be1d64bcdc3	94a31e0b3732106207c0b307a445c20d576954b4	1377	3	27046.9	15.074	27047.1	14.9316	6094	29.9202	unclassified	chr19	58067287	58073382	0	6087	+	6099	6083	6078	4	12	5	60	0.998851	0.999178	0.996557	0
PBE62253_skip_9d8de194_94a31e0b_37.pod5	d0be8814-e8e1-4624-b230-eedcf539182c	94a31e0b3732106207c0b307a445c20d576954b4	370	3	27058.1	4.8296	27058.2	4.7088	1713	30.7844	unclassified	chr1	76871622	76873328	7	1713	-	1707	1705	1704	1	1	1	60	0.995914	0.999413	0.998243	0
PBE62253_skip_9d8de194_94a31e0b_37.pod5	8b5f5c9c-29e7-4b39-82fa-f2468fb2fea4	94a31e0b3732106207c0b307a445c20d576954b4	863	3	27031.1	31.3098	27031.1	31.3078	12071	10.9713	unclassified	chr9	136123704	136135887	29	12052	+	12464	11742	11132	281	441	610	60	0.996024	0.94805	0.893132	0
PBE62253_skip_9d8de194_94a31e0b_37.pod5	7493eb1c-4a42-426f-a04e-e61823b02e8a	94a31e0b3732106207c0b307a445c20d576954b4	2435	2	27027.1	35.3432	27027.2	35.244	14015	26.4902	unclassified	chr2	169509121	169523135	0	14015	-	14042	13987	13966	28	27	21	60	1	0.998499	0.994588	0
PBE62253_skip_9d8de194_94a31e0b_37.pod5	d256696d-abcc-4a0e-afce-6cd798f4db48	94a31e0b3732106207c0b307a445c20d576954b4	805	4	27049.8	12.7772	27050	12.6144	3979	30.3942	unclassified	chr1	246084797	246088770	4	3979	-	3977	3971	3950	4	2	21	60	0.998995	0.994712	0.993211	0
PBE62253_skip_9d8de194_94a31e0b_37.pod5	fbb5feaa-83a3-4e1d-aa38-8ef450dfb269	94a31e0b3732106207c0b307a445c20d576954b4	2061	4	27047	13.622	27047.1	13.5276	5917	21.7326	unclassified	chr4	119482130	119488067	0	5917	-	5946	5908	5885	9	29	23	60	1	0.996107	0.989741	0
PBE62253_skip_9d8de194_94a31e0b_37.pod5	ef9beddf-d893-4e68-ad5c-fa55ca10e211	94a31e0b3732106207c0b307a445c20d576954b4	1878	2	27045.8	16.724	27045.9	16.596	5772	30.2214	unclassified	chr2	123397280	123403120	0	5767	+	5842	5765	5759	2	75	6	60	0.999134	0.998959	0.985793	0
PBE62253_skip_9d8de194_94a31e0b_37.pod5	579d4175-f629-4019-8a09-e5be1983c7ce	94a31e0b3732106207c0b307a445c20d576954b4	1912	3	27002.4	57.5592	27002.4	57.5572	23969	22.0519	unclassified	chr2	165554033	165578060	34	23960	+	24055	23898	23819	28	129	79	60	0.998206	0.996694	0.990189	0
PBE62253_skip_9d8de194_94a31e0b_37.pod5	e23712c7-608e-45fd-b36f-0e38e64540d6	94a31e0b3732106207c0b307a445c20d576954b4	317	2	27052.5	11.8052	27052.7	11.6532	4615	29.9585	unclassified	chr4	161437666	161442274	5	4615	-	4614	4604	4599	6	4	5	60	0.998917	0.998914	0.996749	0
PBE62253_skip_9d8de194_94a31e0b_37.pod5	1b806df3-580f-4051-a718-5392e5ec4a45	94a31e0b3732106207c0b307a445c20d576954b4	2448	2	27043.8	18.8816	27044	18.7416	5111	31.619	unclassified	chr4	119431251	119436358	6	5111	-	5110	5102	5101	3	5	1	60	0.998826	0.999804	0.998239	0
PBE62253_skip_9d8de194_94a31e0b_37.pod5	239d690d-5aeb-4538-89bf-cc66ab0861e3	94a31e0b3732106207c0b307a445c20d576954b4	2170	1	27016.9	45.0032	27017.1	44.7768	16298	29.4017	unclassified	chr11	49598423	49614723	6	16298	-	16318	16274	16245	18	26	29	60	0.999632	0.998218	0.995526	0
PBE62253_skip_9d8de194_94a31e0b_37.pod5	d5a4fae1-1059-47f8-a89c-53913d635dc3	94a31e0b3732106207c0b307a445c20d576954b4	2063	4	27041.9	21.65	27042.1	21.4812	7342	29.7666	unclassified	chr16	14708427	14715755	0	7334	+	7347	7315	7309	19	13	6	1	0.99891	0.99918	0.994828	0
PBE62253_skip_9d8de194_94a31e0b_37.pod5	d6633578-bc82-428d-b363-529e6817a34d	94a31e0b3732106207c0b307a445c20d576954b4	2534	3	27039.1	24.0272	27039.1	23.9328	9201	31.3292	unclassified	chr22	11453549	11460205	0	8417	+	8558	6515	5819	1902	141	696	60	0.914792	0.89317	0.679949	0
PBE62253_skip_9d8de194_94a31e0b_37.pod5	5e78306a-ea96-4e2a-af1a-6cca33b51a35	94a31e0b3732106207c0b307a445c20d576954b4	443	1	27037	22.952	27037.2	22.7952	8999	31.4371	unclassified	chr1	78859376	78868044	0	8999	+	9006	8661	8630	338	7	31	60	1	0.996421	0.95825	0
PBE62253_skip_9d8de194_94a31e0b_37.pod5	ff43bc8f-b6c3-4154-b2cf-16453fa1c899	94a31e0b3732106207c0b307a445c20d576954b4	1095	2	27054.1	10.3172	27054.2	10.1916	4467	18.6975	unclassified	chr16	58759620	58763970	117	4467	-	4357	4343	4337	7	7	6	60	0.973808	0.998618	0.99541	0
PBE62253_skip_9d8de194_94a31e0b_37.pod5	59b1033f-90d0-4d91-b00c-930e3998bb98	94a31e0b3732106207c0b307a445c20d576954b4	1913	2	27056.9	7.1264	27057.1	6.9528	1849	26.4142	unclassified	chr3	139879337	139881185	0	1849	-	1849	1848	1843	1	0	5	60	1	0.997294	0.996755	0
PBE62253_skip_9d8de194_94a31e0b_37.pod5	81a6c92e-02eb-4051-8b0e-287d49ae1481	94a31e0b3732106207c0b307a445c20d576954b4	1074	4	27048.1	15.2228	27048.3	15.0012	4403	23.7946	unclassified	chr16	46709767	46714167	9	4403	-	4401	4393	4383	1	7	10	60	0.997956	0.997724	0.99591	0
PBE62253_skip_9d8de194_94a31e0b_37.pod5	4d7559a5-8735-49c2-8a35-98899a697eda	94a31e0b3732106207c0b307a445c20d576954b4	524	4	27040.4	22.844	27040.6	22.6896	7641	25.4964	unclassified	chr4	31718805	31725836	611	7641	-	7034	7027	7017	3	4	10	60	0.920037	0.998577	0.997583	0
PBE62253_skip_9d8de194_94a31e0b_37.pod5	90ad33b5-17b8-48e6-a579-a86348d45475	94a31e0b3732106207c0b307a445c20d576954b4	2108	2	26989.5	72.8408	26989.6	72.7296	25884	29.1484	unclassified	chr9	122437000	122462878	0	25877	+	25899	25856	25833	21	22	23	60	0.99973	0.99911	0.997452	0
PBE62253_skip_9d8de194_94a31e0b_37.pod5	e31d60b2-5098-470a-b39d-3437e0252bab	94a31e0b3732106207c0b307a445c20d576954b4	933	2	27034.6	29.0396	27034.7	28.8852	9514	28.2248	unclassified	chr20	52779132	52788638	0	9506	+	9508	9504	9494	2	2	10	60	0.999159	0.998948	0.998528	0
PBE62253_skip_9d8de194_94a31e0b_37.pod5	c60b0b03-abf4-41be-bec7-004a2b1ccbaa	94a31e0b3732106207c0b307a445c20d576954b4	566	1	27029.7	32.9948	27029.8	32.8644	12440	28.6476	unclassified	chr7	2280684	2293132	0	12433	+	12455	12426	12423	7	22	3	60	0.999437	0.999759	0.997431	0
PBE62253_skip_9d8de194_94a31e0b_37.pod5	fafe0411-aeda-4df3-9772-f18ea2519b39	94a31e0b3732106207c0b307a445c20d576954b4	435	4	27042.9	21.674	27043	21.5604	7440	30.1857	unclassified	chr1	17940282	17947728	5	7440	-	7454	7427	7411	8	19	16	60	0.999328	0.997846	0.994231	0
PBE62253_skip_9d8de194_94a31e0b_37.pod5	8a52f8fe-6891-4e0a-b27f-d177fd7a2d51	94a31e0b3732106207c0b307a445c20d576954b4	2782	4	27058.3	5.942	27058.5	5.8044	1955	32.1605	unclassified	chr15	56736588	56738542	0	1950	+	1954	1950	1947	0	4	3	60	0.997442	0.998462	0.996418	0
PBE62253_skip_9d8de194_94a31e0b_37.pod5	17ddfda2-b15e-4d53-ae77-d8d40c595796	94a31e0b3732106207c0b307a445c20d576954b4	1976	2	27039.9	22.8548	27040.1	22.6572	7509	28.8208	unclassified	chr14	73822780	73830253	10	7509	-	7512	7460	7436	39	13	24	60	0.998668	0.996783	0.989883	0
PBE62253_skip_9d8de194_94a31e0b_37.pod5	62d401f7-f958-4c07-aa6b-3c2414b17949	94a31e0b3732106207c0b307a445c20d576954b4	2152	1	27034.3	28.1684	27034.5	28.062	12514	23.597	unclassified	chrX	55141439	55153971	7	12514	-	12552	12487	12459	20	45	28	60	0.999441	0.997758	0.992591	0
PBE62253_skip_9d8de194_94a31e0b_37.pod5	95a52ac1-9159-4b6a-a4bb-c0bf5ca94918	94a31e0b3732106207c0b307a445c20d576954b4	2774	1	27055.3	8.804	27055.4	8.6784	2566	25.0557	unclassified	chr4	33502838	33505403	0	2566	+	2568	2563	2555	3	2	8	60	1	0.996879	0.994938	0
PBE62253_skip_9d8de194_94a31e0b_37.pod5	d30c2237-298f-47e8-a6d6-184facc671ad	94a31e0b3732106207c0b307a445c20d576954b4	2906	4	27049.9	14.3476	27049.9	14.3456	5654	26.1848	unclassified	chr8	97316984	97322578	10	5619	-	5615	5588	5574	21	6	14	60	0.992041	0.997495	0.992698	0
PBE62253_skip_9d8de194_94a31e0b_37.pod5	e40b0b17-a1db-4d05-a930-80ccfe102b87	94a31e0b3732106207c0b307a445c20d576954b4	2551	4	27052.3	10.2244	27052.3	10.2224	4142	9.09795	unclassified	chr7	136024770	136028889	31	4126	+	4277	3937	3683	158	182	254	60	0.988653	0.935484	0.861118	0
PBE62253_skip_9d8de194_94a31e0b_37.pod5	548970db-761c-436f-96a8-79cd1865ad77	94a31e0b3732106207c0b307a445c20d576954b4	1935	3	27052.6	11.6456	27052.8	11.4648	4457	24.5017	unclassified	chr16	17243727	17248179	0	4449	+	4457	4444	4440	5	8	4	60	0.998205	0.9991	0.996186	0
PBE62253_skip_9d8de194_94a31e0b_37.pod5	d434839f-0217-4c8f-a434-cdd24a4feffa	94a31e0b3732106207c0b307a445c20d576954b4	1988	1	27021.7	38.0192	27021.9	37.9008	15764	23.5894	unclassified	chr1	159936659	159944498	7929	15764	-	7848	7826	7812	9	13	14	60	0.497019	0.998211	0.995413	0
PBE62253_skip_9d8de194_94a31e0b_37.pod5	78f48783-b434-40a7-81df-884e6839f50c	94a31e0b3732106207c0b307a445c20d576954b4	1263	1	27041.5	20.882	27041.7	20.6988	7669	17.6058	unclassified	chr13	113217027	113224775	11	7668	+	7768	7637	7532	20	111	105	60	0.998435	0.986251	0.969619	0
PBE62253_skip_9d8de194_94a31e0b_37.pod5	59cb3e4f-7ae8-4769-8db2-62a77781352f	94a31e0b3732106207c0b307a445c20d576954b4	1052	3	27041.2	23.0804	27041.4	22.9548	8383	38.2582	unclassified	chr4	33614652	33623028	6	8383	-	8377	8376	8374	1	0	2	60	0.999284	0.999761	0.999642	0
PBE62253_skip_9d8de194_94a31e0b_37.pod5	c7e9d38a-c1a5-4be2-b44d-349239b6b270	94a31e0b3732106207c0b307a445c20d576954b4	2610	2	27025.9	38.3948	27026	38.2968	13675	28.6091	unclassified	chr8	59043667	59050719	6628	13669	+	7057	7036	7024	5	16	12	60	0.514881	0.998294	0.995324	0
PBE62253_skip_9d8de194_94a31e0b_37.pod5	a1115b7a-6c60-47b9-8407-6bdc0a04bab9	94a31e0b3732106207c0b307a445c20d576954b4	1438	2	27026.3	36.2468	27026.4	36.1572	14986	22.7689	unclassified	chr16	49474532	49489516	6	14986	-	15027	14937	14891	43	47	46	60	0.9996	0.99692	0.99095	0
PBE62253_skip_9d8de194_94a31e0b_37.pod5	da7afbb7-cee2-4f98-93ce-d5ac5baa393c	94a31e0b3732106207c0b307a445c20d576954b4	1946	2	27034.8	29.422	27034.8	29.42	5485	24.7062	unclassified	chr10	18890953	18896342	27	5432	+	5411	5383	5361	22	6	22	60	0.985415	0.995913	0.99076	0
PBE62253_skip_9d8de194_94a31e0b_37.pod5	886bfedc-f9ef-43d1-8101-72b9438120d6	94a31e0b3732106207c0b307a445c20d576954b4	331	1	27052.4	12.4676	27052.5	12.3276	4903	31.161	unclassified	chr5	176253596	176258498	0	4903	-	4908	4897	4889	6	5	8	60	1	0.998366	0.996129	0
PBE62253_skip_9d8de194_94a31e0b_37.pod5	41eb0161-4b4e-4225-b805-2d36b108f8f7	94a31e0b3732106207c0b307a445c20d576954b4	2801	3	27047.6	16.5872	27047.8	16.452	7169	22.8546	unclassified	chr4	17848570	17855767	0	7158	+	7203	7152	7144	6	45	8	60	0.998466	0.998881	0.991809	0
PBE62253_skip_9d8de194_94a31e0b_37.pod5	887189cf-ec11-4ec3-a78e-040227f3f8ee	94a31e0b3732106207c0b307a445c20d576954b4	1179	1	27056.6	8.523	27056.6	8.521	3798	26.5236	unclassified	chr22	30572879	30576630	29	3797	+	3776	3743	3737	25	8	6	60	0.992101	0.998397	0.989672	0
PBE62253_skip_9d8de194_94a31e0b_37.pod5	e5afcb52-8887-4a82-ad0f-71525272ee47	94a31e0b3732106207c0b307a445c20d576954b4	2308	1	27047.2	17.3984	27047.3	17.2488	7284	28.101	unclassified	chr3	37351517	37358787	12	7284	-	7276	7266	7265	6	4	1	60	0.998353	0.999862	0.998488	0
PBE62253_skip_9d8de194_94a31e0b_37.pod5	b3aef62c-c960-490f-af63-1aeaf2d5b1ca	94a31e0b3732106207c0b307a445c20d576954b4	2623	4	27032.7	31.9252	27032.7	31.9232	12787	25.0557	unclassified	chr15	82735694	82748428	6	12750	-	12770	12708	12675	36	26	33	60	0.996637	0.997403	0.992561	0
PBE62253_skip_9d8de194_94a31e0b_37.pod5	9205b70e-cbed-426c-a535-d3584198ae4f	94a31e0b3732106207c0b307a445c20d576954b4	2931	4	27038.8	26.0816	27039	25.878	6608	27.8336	unclassified	chr1	179803640	179810245	0	6602	+	6608	6599	6594	3	6	5	60	0.999092	0.999242	0.997881	0
PBE62253_skip_9d8de194_94a31e0b_37.pod5	fbcc2d1f-3448-46e7-95ec-3c5fcaf1617a	94a31e0b3732106207c0b307a445c20d576954b4	2648	1	27008	54.3202	27008	54.3182	19472	28.4314	unclassified	chr4	184607445	184626884	10	19439	-	19455	19413	19371	16	26	42	60	0.997792	0.997837	0.995682	0
PBE62253_skip_9d8de194_94a31e0b_37.pod5	4806781c-b972-4ee1-b703-9914773dd421	94a31e0b3732106207c0b307a445c20d576954b4	1981	1	27052.5	12.23	27052.6	12.1368	4697	34.7042	unclassified	chr4	49709070	49711961	956	4143	+	3225	2853	2472	334	38	381	60	0.678518	0.866456	0.766512	0
PBE62253_skip_9d8de194_94a31e0b_37.pod5	760dd2e1-7c8a-46f1-bcd6-03611a637005	94a31e0b3732106207c0b307a445c20d576954b4	1806	3	27035.7	28.6508	27035.8	28.5132	10911	31.387	unclassified	chr4	12034702	12045606	7	10911	-	10909	10899	10891	5	5	8	60	0.999358	0.999266	0.99835	0
PBE62253_skip_9d8de194_94a31e0b_37.pod5	af6eaeab-519a-464f-9731-2cd9bf834064	94a31e0b3732106207c0b307a445c20d576954b4	1680	2	27024.2	39.5312	27024.3	39.4032	14805	32.1962	unclassified	chr3	193534567	193549393	0	14798	+	14831	14793	14784	5	33	9	60	0.999527	0.999392	0.996831	0
PBE62253_skip_9d8de194_94a31e0b_37.pod5	689060dc-0b55-4d93-9f82-3ce6458965dc	94a31e0b3732106207c0b307a445c20d576954b4	1357	1	27028.4	30.062	27028.5	29.97	10239	16.5146	unclassified	chr8	106039640	106049667	7	10233	-	10242	10011	9980	215	16	31	60	0.99873	0.996903	0.974419	0
PBE62253_skip_9d8de194_94a31e0b_37.pod5	18998278-a413-42b3-86e1-767a85f8d834	94a31e0b3732106207c0b307a445c20d576954b4	110	1	27062.2	2.7908	27062.4	2.5908	949	24.2887	unclassified	chr2	164805302	164806256	0	949	-	955	948	946	1	6	2	60	1	0.99789	0.990576	0
PBE62253_skip_9d8de194_94a31e0b_37.pod5	37f4b188-6b5e-4a55-a7af-d2e2f059e386	94a31e0b3732106207c0b307a445c20d576954b4	2320	4	27056.7	8.1224	27056.7	8.1204	3019	30.5559	unclassified	chr3	197954950	197957934	7	2987	-	2985	2979	2977	1	5	2	60	0.987082	0.999329	0.99732	0
PBE62253_skip_9d8de194_94a31e0b_37.pod5	09938b50-b9e5-4b10-8416-163ac23fa56e	94a31e0b3732106207c0b307a445c20d576954b4	1370	1	27058.4	7.0324	27058.4	7.0304	2771	31.4844	unclassified	chr2	197217380	197220111	6	2735	-	2736	2724	2721	5	7	3	60	0.984843	0.998899	0.994518	0
PBE62253_skip_9d8de194_94a31e0b_37.pod5	b7e889dc-1dbf-4429-802d-a2e5fb3d5151	94a31e0b3732106207c0b307a445c20d576954b4	1858	1	27045.7	19.3232	27045.8	19.2024	7544	31.0558	unclassified	chr5	18122633	18130179	7	7544	-	7550	7533	7512	4	13	21	60	0.999072	0.997212	0.994967	0
PBE62253_skip_9d8de194_94a31e0b_37.pod5	d3257118-4e56-4513-988d-0ac2e9b43047	94a31e0b3732106207c0b307a445c20d576954b4	2467	1	27054	11.0432	27054.1	10.944	4428	19.6475	unclassified	chr9	908500	912664	280	4428	-	4175	4137	4111	11	27	26	60	0.936766	0.993715	0.984671	0
PBE62253_skip_9d8de194_94a31e0b_37.pod5	3dc696d0-6e08-466d-8dbf-88bbbbe693fe	94a31e0b3732106207c0b307a445c20d576954b4	1784	2	27061.3	4.1732	27061.4	4.0788	1816	25.4764	unclassified	chr4	82474960	82476745	2	1816	-	1817	1782	1776	32	3	6	60	0.998899	0.996633	0.977435	0
PBE62253_skip_9d8de194_94a31e0b_37.pod5	33cdf599-3335-41dd-95df-fdf10c48dec9	94a31e0b3732106207c0b307a445c20d576954b4	924	1	27029.1	35.9204	27029.3	35.6364	5467	28.1124	unclassified	chr12	41132331	41137794	0	5467	+	5474	5456	5453	11	7	3	60	1	0.99945	0.996164	0
PBE62253_skip_9d8de194_94a31e0b_37.pod5	230650e4-abee-4c3a-8fa4-d9ef4f3fd3a7	94a31e0b3732106207c0b307a445c20d576954b4	1598	1	27046.7	18.3484	27046.7	18.3464	5647	15.8269	unclassified	chr16	22266706	22272316	3	5616	-	5678	5545	5465	68	65	80	60	0.993979	0.985573	0.962487	0
PBE62253_skip_9d8de194_94a31e0b_37.pod5	e97af685-d092-439e-b888-01dec5cb81d5	94a31e0b3732106207c0b307a445c20d576954b4	1051	2	27033.4	31.9952	27033.7	31.704	7174	27.3119	unclassified	chr15	83028413	83035241	0	7171	+	7172	6827	6826	344	1	1	60	0.999582	0.999854	0.951757	0
PBE62253_skip_9d8de194_94a31e0b_37.pod5	66c01416-bf64-46f5-a2fa-897948bcd69c	94a31e0b3732106207c0b307a445c20d576954b4	2723	3	27040.4	15.1184	27040.5	15.0384	5676	14.5419	unclassified	chr8	97379291	97384688	0	5676	+	5687	5386	5357	290	11	29	60	1	0.994616	0.941973	0
PBE62253_skip_9d8de194_94a31e0b_37.pod5	55076a47-53fb-4399-8248-e517b173ca34	94a31e0b3732106207c0b307a445c20d576954b4	2903	2	26998.7	63.218	26998.9	63.078	23157	29.0671	unclassified	chr10	37555500	37578675	0	23157	-	23198	23134	23090	23	41	44	60	1	0.998098	0.995344	0
PBE62253_skip_9d8de194_94a31e0b_37.pod5	df8a0cd9-67a7-478a-b54c-2b275d5c3c43	94a31e0b3732106207c0b307a445c20d576954b4	1217	4	27058.2	7.2346	27058.3	7.2326	2916	34.3136	unclassified	chr12	17512430	17515318	2	2890	-	2888	2888	2883	0	0	5	60	0.990398	0.998269	0.998269	0
PBE62253_skip_9d8de194_94a31e0b_37.pod5	2e4ed84e-5d18-4a08-a8c1-49e7f182fb53	94a31e0b3732106207c0b307a445c20d576954b4	2924	2	27056.2	8.636	27056.3	8.4768	2954	11.5508	unclassified	chr9	18323915	18326865	15	2947	-	3019	2863	2758	69	87	105	60	0.992552	0.963325	0.913548	0
PBE62253_skip_9d8de194_94a31e0b_37.pod5	4c444bcc-2b28-4c9a-8cab-f537d050f339	94a31e0b3732106207c0b307a445c20d576954b4	1887	4	27039.4	25.5656	27039.6	25.44	10809	15.4187	unclassified	chr11	93298770	93309152	0	10348	+	10402	10328	10283	20	54	45	60	0.95735	0.995643	0.98856	0
PBE62253_skip_9d8de194_94a31e0b_37.pod5	b7abf2c8-876a-41d8-a09d-06df13c39740	94a31e0b3732106207c0b307a445c20d576954b4	1142	4	27059	6.9576	27059	6.9556	2638	35.024	unclassified	chr17	6198133	6200751	0	2607	-	2619	2606	2606	1	12	0	60	0.988249	1	0.995036	0
PBE62253_skip_9d8de194_94a31e0b_37.pod5	a5f7fc68-575f-4fba-b12a-1af720626793	94a31e0b3732106207c0b307a445c20d576954b4	64	1	27056.5	9.8228	27056.8	9.6204	3220	30.0569	unclassified	chr16	21963814	21967041	0	3220	+	3228	3219	3217	1	8	2	60	1	0.999379	0.996592	0
PBE62253_skip_9d8de194_94a31e0b_37.pod5	9a73c316-0c44-4e3e-b22c-b8bf1cfacf8b	94a31e0b3732106207c0b307a445c20d576954b4	2677	2	27059.3	6.0296	27059.4	5.9064	2365	31.0081	unclassified	chr1	247043451	247045819	0	2365	-	2369	2364	2364	1	4	0	60	1	1	0.997889	0
PBE62253_skip_9d8de194_94a31e0b_37.pod5	35feb982-896d-44a0-9418-cf14b3db8fea	94a31e0b3732106207c0b307a445c20d576954b4	1594	4	27030.6	34.3736	27030.7	34.2624	13563	26.8691	unclassified	chr17	6244640	6256362	1841	13563	-	11730	11714	11701	8	8	13	60	0.864263	0.99889	0.997528	0
PBE62253_skip_9d8de194_94a31e0b_37.pod5	79c381df-cc37-4374-9833-906c3bd86155	94a31e0b3732106207c0b307a445c20d576954b4	2695	1	27030.6	33.9356	27030.8	33.7908	14362	25.0955	unclassified	chr6	66680187	66694577	0	14355	+	14398	14347	14315	8	43	32	60	0.999513	0.99777	0.994235	0
PBE62253_skip_9d8de194_94a31e0b_37.pod5	b4daa0c2-195a-4da5-bd85-83bcb119adc6	94a31e0b3732106207c0b307a445c20d576954b4	1605	2	27046.3	18.908	27046.4	18.8064	7331	28.6278	unclassified	chr4	87201943	87209281	0	7331	+	7340	7329	7317	2	9	12	60	1	0.998363	0.996866	0
PBE62253_skip_9d8de194_94a31e0b_37.pod5	7677220e-d8a1-4111-9b2f-9d9e124c8cf2	94a31e0b3732106207c0b307a445c20d576954b4	2141	2	27044.5	11.2004	27044.5	11.1984	4299	38.3217	unclassified	chr1	143212463	143216675	6	4299	+	4362	4143	4057	150	69	86	54	0.998604	0.979242	0.930078	0
PBE62253_skip_9d8de194_94a31e0b_37.pod5	4e162d7d-4d57-4482-972e-301b508836fd	94a31e0b3732106207c0b307a445c20d576954b4	165	2	27048.5	17.8496	27048.5	17.8476	6236	26.9088	unclassified	chr3	138150686	138156881	28	6229	+	6217	6179	6156	22	16	23	60	0.994387	0.996278	0.990188	0
PBE62253_skip_9d8de194_94a31e0b_37.pod5	393b637f-24ea-44e6-be39-5cc856d7beb3	94a31e0b3732106207c0b307a445c20d576954b4	621	3	27050.7	15.3152	27050.8	15.1824	5587	24.092	unclassified	chr6	73818124	73823710	0	5582	+	5592	5576	5564	6	10	12	60	0.999105	0.997848	0.994993	0
PBE62253_skip_9d8de194_94a31e0b_37.pod5	f855c731-56df-4834-af89-c074249a5c64	94a31e0b3732106207c0b307a445c20d576954b4	70	2	27033.7	32.7224	27033.8	32.5632	12754	32.306	unclassified	chr3	144964260	144977015	7	12754	-	12759	12743	12740	4	12	3	60	0.999451	0.999765	0.998511	0
PBE62253_skip_9d8de194_94a31e0b_37.pod5	f5901ee6-a741-43f2-b407-5df45caa036c	94a31e0b3732106207c0b307a445c20d576954b4	591	2	27043.6	22.6976	27043.7	22.5936	7627	16.302	unclassified	chr14	93313189	93320832	0	7621	+	7708	7556	7458	65	87	98	60	0.999213	0.98703	0.967566	0
PBE62253_skip_9d8de194_94a31e0b_37.pod5	f82676d1-74a8-4461-94dc-ff95bf741447	94a31e0b3732106207c0b307a445c20d576954b4	518	2	27054.7	11.6	27054.9	11.496	4162	31.1811	unclassified	chr14	57497299	57500914	6	4162	-	4161	3610	3589	546	5	21	60	0.998558	0.994183	0.862533	0
PBE62253_skip_9d8de194_94a31e0b_37.pod5	eecd50d3-c4b4-4a24-9b57-dec7201259ea	94a31e0b3732106207c0b307a445c20d576954b4	880	2	27027.7	37.7204	27027.8	37.5636	14245	31.0475	unclassified	chr5	10463836	10478063	7	14245	-	14245	14220	14187	18	7	33	60	0.999509	0.997679	0.995928	0
PBE62253_skip_9d8de194_94a31e0b_37.pod5	22f07a48-8f35-4551-9b56-5279999eaa4d	94a31e0b3732106207c0b307a445c20d576954b4	2092	1	26987.9	76.5956	26988	76.4724	30625	29.8589	unclassified	chr1	204164655	204191489	3804	30625	-	26848	26807	26800	14	27	7	60	0.875788	0.999739	0.998212	0
PBE62253_skip_9d8de194_94a31e0b_37.pod5	38aea298-10e6-4fe6-90d9-ecfeb8516312	94a31e0b3732106207c0b307a445c20d576954b4	2410	1	27039.2	25.7012	27039.3	25.6092	10386	31.6257	unclassified	chr5	19615941	19626307	0	10380	+	10391	10355	10342	25	11	13	60	0.999422	0.998745	0.995284	0
PBE62253_skip_9d8de194_94a31e0b_37.pod5	016afeeb-97d8-4cdf-9b91-bbf7b5d2ecb1	94a31e0b3732106207c0b307a445c20d576954b4	2106	2	27027.2	37.154	27027.3	37.0332	14335	31.2332	unclassified	chr4	80772848	80787173	0	14328	+	14332	14321	14309	7	4	12	60	0.999512	0.999162	0.998395	0
PBE62253_skip_9d8de194_94a31e0b_37.pod5	fe78f0b9-da62-4cfb-8b7d-eb6d272a7756	94a31e0b3732106207c0b307a445c20d576954b4	552	2	27050.5	15.3824	27050.6	15.2592	5432	26.0229	unclassified	chr6	10620366	10625794	0	5432	-	5442	5418	5411	14	10	7	60	1	0.998708	0.994304	0
PBE62253_skip_9d8de194_94a31e0b_37.pod5	8b7096b8-37a1-466c-98bc-18ea31d572b8	94a31e0b3732106207c0b307a445c20d576954b4	461	1	26961.2	97.4556	26961.2	97.4536	49430	24.3524	unclassified	chr9	136811778	136861136	11	49392	-	49507	49232	49128	149	126	104	60	0.999009	0.997888	0.992344	0
PBE62253_skip_9d8de194_94a31e0b_37.pod5	22d28d24-4fd2-420c-94dc-ab4cf8a110cc	94a31e0b3732106207c0b307a445c20d576954b4	908	1	27062.1	4.9328	27062.1	4.9308	2349	14.5308	unclassified	chr4	46224272	46226588	33	2333	+	2340	2276	2229	24	40	47	60	0.97914	0.97935	0.952564	0
PBE62253_skip_9d8de194_94a31e0b_37.pod5	0dc6fc00-c5a0-43eb-a7f8-98ef709aa9aa	94a31e0b3732106207c0b307a445c20d576954b4	1035	3	27053.4	12.7808	27053.5	12.6792	5913	28.0171	unclassified	chr5	6827684	6833348	7	5913	-	5919	5651	5637	255	13	14	60	0.998816	0.997523	0.952357	0
PBE62253_skip_9d8de194_94a31e0b_37.pod5	829c135c-1313-45dc-91c3-0dffe8746dcd	94a31e0b3732106207c0b307a445c20d576954b4	2104	2	27049.7	16.7732	27049.8	16.6596	6337	33.0085	unclassified	chr13	41979637	41985966	0	6330	+	6332	6327	6324	3	2	3	60	0.998895	0.999526	0.998737	0
PBE62253_skip_9d8de194_94a31e0b_37.pod5	4fad6f56-e586-489e-93cb-b1916e37eb66	94a31e0b3732106207c0b307a445c20d576954b4	721	1	27057.6	8.972	27057.7	8.8332	3366	29.4333	unclassified	chr1	39452986	39456340	11	3363	-	3356	3350	3348	2	4	2	60	0.995841	0.999403	0.997616	0
PBE62253_skip_9d8de194_94a31e0b_37.pod5	de3f5b1e-5de0-4a18-b800-98801696acc8	94a31e0b3732106207c0b307a445c20d576954b4	434	4	27045.9	20.666	27046	20.5116	6907	27.0786	unclassified	chr12	122321202	122328099	6	6907	-	6906	6892	6880	9	5	12	60	0.999131	0.998259	0.996235	0
PBE62253_skip_9d8de194_94a31e0b_37.pod5	15bd6b2c-bc86-42f9-924b-6e47bca25e88	94a31e0b3732106207c0b307a445c20d576954b4	2083	2	27040.8	25.4	27040.9	25.2912	10842	13.7181	unclassified	chr7	136920408	136931353	2	10836	+	11029	10750	10456	84	195	294	60	0.999262	0.972651	0.948046	0
PBE62253_skip_9d8de194_94a31e0b_37.pod5	65d42517-d72c-4731-a367-27a3f2b2c6ca	94a31e0b3732106207c0b307a445c20d576954b4	2012	1	27039.9	26.4416	27040.1	26.3112	9846	25.1487	unclassified	chr5	81429399	81439259	8	9846	-	9869	9829	9808	9	31	21	60	0.999187	0.997863	0.993819	0
PBE62253_skip_9d8de194_94a31e0b_37.pod5	69af09f7-fb46-434b-b657-ccc60f3ae9b9	94a31e0b3732106207c0b307a445c20d576954b4	1538	1	27051.9	16.3462	27051.9	16.3442	6616	9.93272	unclassified	chr5	140563565	140570227	42	6612	+	6854	6378	6021	192	284	357	60	0.993047	0.944026	0.878465	0
PBE62253_skip_9d8de194_94a31e0b_37.pod5	a07a7929-b7b5-48fd-a70a-10f4c40e74c7	94a31e0b3732106207c0b307a445c20d576954b4	2405	4	27058.4	7.7864	27058.5	7.6368	2447	26.7436	unclassified	chr5	49656678	49659088	5	2447	-	2569	2283	2031	159	127	252	1	0.997957	0.889619	0.79058	0
PBE62253_skip_9d8de194_94a31e0b_37.pod5	9b996fb7-0bc7-48d9-b087-b422c873ab8a	94a31e0b3732106207c0b307a445c20d576954b4	559	4	27031.9	34.1552	27032.1	33.912	13240	25.1026	unclassified	chr4	59624327	59637573	8	13239	-	13258	13219	13192	12	27	27	60	0.99932	0.997957	0.995022	0
PBE62253_skip_9d8de194_94a31e0b_37.pod5	67479236-e6bd-4ccd-8d01-2e12fb5e2e79	94a31e0b3732106207c0b307a445c20d576954b4	1876	2	27058.4	9.8684	27058.6	9.726	4008	29.1313	unclassified	chr6	51089762	51093770	0	4008	+	4019	3997	3994	11	11	3	60	1	0.999249	0.99378	0
PBE62253_skip_9d8de194_94a31e0b_37.pod5	4df61063-69f8-4fe0-ac0e-9ad5e47c35a6	94a31e0b3732106207c0b307a445c20d576954b4	2141	2	27065.4	2.8748	27065.5	2.7396	1132	26.2028	unclassified	chr7	133909673	133910808	0	1132	+	1137	1130	1128	2	5	2	60	1	0.99823	0.992084	0
PBE62253_skip_9d8de194_94a31e0b_37.pod5	1bb3fd66-a959-440c-8585-608b85ee7f77	94a31e0b3732106207c0b307a445c20d576954b4	2117	2	27056.9	9.9212	27057	9.8124	3432	24.0143	unclassified	chr19	30800111	30803546	0	3432	+	3441	3426	3411	6	9	15	60	1	0.995622	0.991282	0
PBE62253_skip_9d8de194_94a31e0b_37.pod5	fae3393a-42f6-4166-b925-80f7e610bd1d	94a31e0b3732106207c0b307a445c20d576954b4	1853	2	27020.8	45.3704	27020.8	45.3684	13319	29.1594	unclassified	chr22	36743477	36761454	6	13281	-	18011	13241	13224	34	4736	17	60	0.996696	0.998716	0.734218	0
PBE62253_skip_9d8de194_94a31e0b_37.pod5	8782aac8-c345-4378-bad3-7567f291f4dc	94a31e0b3732106207c0b307a445c20d576954b4	278	3	27046	20.2676	27046.1	20.1444	8309	26.2296	unclassified	chr11	13492065	13500372	0	8309	+	8322	8294	8274	15	13	20	60	1	0.997589	0.994232	0
PBE62253_skip_9d8de194_94a31e0b_37.pod5	d11efbff-77be-46e2-8590-8c132f4b6af2	94a31e0b3732106207c0b307a445c20d576954b4	1774	2	27047.1	21.0344	27047.2	20.8608	8435	27.2729	unclassified	chr12	24576062	24584484	6	8435	-	8439	8412	8402	17	10	10	60	0.999289	0.998811	0.995616	0
PBE62253_skip_9d8de194_94a31e0b_37.pod5	dc7494d8-16bc-45f0-908a-ff68166854d2	94a31e0b3732106207c0b307a445c20d576954b4	1409	3	27016.9	49.0796	27017	48.948	15595	26.5525	unclassified	chr8	3139194	3154777	4	15595	-	15612	15562	15527	29	21	35	60	0.999744	0.997751	0.994555	0
PBE62253_skip_9d8de194_94a31e0b_37.pod5	2d8bfc1c-af96-4710-965b-733fc98d8135	94a31e0b3732106207c0b307a445c20d576954b4	2105	4	27020.2	46.1768	27020.4	46.0224	12834	29.5685	unclassified	chr3	48713690	48726501	7	12834	-	12832	12806	12795	21	5	11	60	0.999455	0.999141	0.997117	0
PBE62253_skip_9d8de194_94a31e0b_37.pod5	e25c0a2d-1c88-4ef6-a69c-64086fb8ef53	94a31e0b3732106207c0b307a445c20d576954b4	1872	3	27054.6	13.4096	27054.8	13.2216	6333	21.865	unclassified	chr17	44791698	44798047	8	6333	-	6371	6303	6273	22	46	30	60	0.998737	0.99524	0.984618	0
PBE62253_skip_9d8de194_94a31e0b_37.pod5	bf54c328-720f-4355-9a99-0ae64f11e0c6	94a31e0b3732106207c0b307a445c20d576954b4	1896	1	27054.7	13.49	27054.9	13.3428	5674	27.9739	unclassified	chr2	145524480	145530154	6	5674	-	5679	5663	5659	5	11	4	60	0.998943	0.999294	0.996478	0
PBE62253_skip_9d8de194_94a31e0b_37.pod5	1971fbc7-3721-4ad2-91d7-dead77930cd5	94a31e0b3732106207c0b307a445c20d576954b4	2953	1	26959.7	105.066	26959.9	104.897	34929	26.7829	unclassified	chr5	103252842	103287773	0	34924	+	34977	34878	34847	46	53	31	60	0.999857	0.999111	0.996283	0
PBE62253_skip_9d8de194_94a31e0b_37.pod5	efe5a3cc-8e64-4a06-8b0d-38441d14096b	94a31e0b3732106207c0b307a445c20d576954b4	2369	2	27047.9	17.612	27048	17.4936	6685	39.2539	unclassified	chr1	143212350	143221391	0	6680	+	9042	6679	6526	1	2362	153	1	0.999252	0.977092	0.721743	0
PBE62253_skip_9d8de194_94a31e0b_37.pod5	dfd0c18c-299f-47db-828d-fb0a7e960719	94a31e0b3732106207c0b307a445c20d576954b4	795	3	27047.6	18.6516	27047.6	18.6496	6913	18.9062	unclassified	chr12	7892952	7898030	7	5012	-	5083	5000	4952	5	78	48	60	0.723998	0.9904	0.974228	0
PBE62253_skip_9d8de194_94a31e0b_37.pod5	953dcfde-86d0-471f-8a3f-48faf703ae00	94a31e0b3732106207c0b307a445c20d576954b4	2690	2	27052.7	8.2364	27052.9	8.1084	3281	24.7329	unclassified	chr1	42726901	42730150	0	3273	+	3276	3246	3239	27	3	7	60	0.997562	0.997844	0.988706	0
PBE62253_skip_9d8de194_94a31e0b_37.pod5	60994284-072a-4b20-8915-1dc0742204ee	94a31e0b3732106207c0b307a445c20d576954b4	124	3	27042.6	23.8268	27042.6	23.8248	9375	10.7642	unclassified	chr8	81404819	81414294	8	9338	-	9699	9106	8661	224	369	445	60	0.9952	0.951131	0.892979	0
PBE62253_skip_9d8de194_94a31e0b_37.pod5	f343bbde-2391-4596-9ebe-462df2d34756	94a31e0b3732106207c0b307a445c20d576954b4	1073	3	27043.3	23.66	27043.5	23.5152	7310	32.9499	unclassified	chrX	121098026	121105334	0	7305	+	7309	7304	7302	1	4	2	60	0.999316	0.999726	0.999042	0
PBE62253_skip_9d8de194_94a31e0b_37.pod5	094f60dd-5c4d-450b-84cc-5a110638c4f8	94a31e0b3732106207c0b307a445c20d576954b4	1552	3	27045	23.3984	27045.1	23.3076	9335	29.2957	unclassified	chr2	230591877	230600659	0	9330	+	9338	8774	8759	556	8	15	60	0.999464	0.99829	0.937995	0
PBE62253_skip_9d8de194_94a31e0b_37.pod5	eb496917-4814-43b8-a732-3d80782e8bdb	94a31e0b3732106207c0b307a445c20d576954b4	1511	4	27055.7	12.8444	27055.9	12.7044	4881	22.966	unclassified	chr20	14849605	14854465	0	4875	+	4888	4847	4828	28	13	19	60	0.998771	0.99608	0.987725	0
PBE62253_skip_9d8de194_94a31e0b_37.pod5	85b1d5e2-39d8-4999-b4fc-cfb6751d565f	94a31e0b3732106207c0b307a445c20d576954b4	1455	1	27034.2	30.2074	27034.2	30.2054	12284	42.0675	unclassified	chr1	143200002	143220327	7	12270	-	20330	12258	11928	5	8067	330	1	0.99829	0.973079	0.586719	0
PBE62253_skip_9d8de194_94a31e0b_37.pod5	fd7c8fff-cf9a-46c8-8ae8-4e596ec34837	94a31e0b3732106207c0b307a445c20d576954b4	2307	3	27051.9	5.6784	27051.9	5.6764	2293	23.7895	unclassified	chrX	63567254	63569510	5	2258	-	2264	2245	2235	8	11	10	60	0.982556	0.995546	0.987191	0
PBE62253_skip_9d8de194_94a31e0b_37.pod5	92a86401-d368-4a52-83d3-9ccd060a5bca	94a31e0b3732106207c0b307a445c20d576954b4	2202	3	27047	10.4624	27047.2	10.2816	2212	23.2925	unclassified	chr10	45594592	45596804	5	2212	-	2214	2205	2199	2	7	6	60	0.99774	0.997279	0.993225	0
PBE62253_skip_9d8de194_94a31e0b_37.pod5	3b380e13-5cd8-47e5-9825-f4aafaa11cdc	94a31e0b3732106207c0b307a445c20d576954b4	2398	2	27044.7	12.77	27044.9	12.6468	4972	31.7495	unclassified	chr5	15702473	15707448	0	4968	+	4976	4967	4963	1	8	4	60	0.999196	0.999195	0.997387	0
PBE62253_skip_9d8de194_94a31e0b_37.pod5	3c57fbad-5ceb-4282-b78f-66f502ce3a24	94a31e0b3732106207c0b307a445c20d576954b4	1568	1	27056.7	10.0424	27056.8	9.9456	4182	22.84	unclassified	chr5	129976556	129980751	0	4176	+	4203	4168	4157	8	27	11	60	0.998565	0.997361	0.989055	0
PBE62253_skip_9d8de194_94a31e0b_37.pod5	ddc5414d-3cc6-4038-b716-811cec21c9fe	94a31e0b3732106207c0b307a445c20d576954b4	1359	4	27033	35.126	27033.2	34.986	14334	28.8715	unclassified	chr19	35013084	35027406	7	14334	-	14343	14306	14293	21	16	13	60	0.999512	0.999091	0.996514	0
PBE62253_skip_9d8de194_94a31e0b_37.pod5	ad10a1b6-5dfb-4dac-aeb5-90f89dcb2ecb	94a31e0b3732106207c0b307a445c20d576954b4	2118	2	27007.7	53.6048	27007.9	53.4192	21467	30.5039	unclassified	chr11	9403714	9425170	6	21467	-	21480	21437	21412	24	19	25	60	0.999721	0.998834	0.996834	0
PBE62253_skip_9d8de194_94a31e0b_37.pod5	3125da27-5469-46a6-aa23-9d35202a1cd0	94a31e0b3732106207c0b307a445c20d576954b4	1941	3	27014.2	52.4372	27014.4	52.2996	18953	27.63	unclassified	chr3	66394291	66413014	239	18953	-	18748	18689	18663	25	34	26	60	0.98739	0.998609	0.995466	0
PBE62253_skip_9d8de194_94a31e0b_37.pod5	edf6f638-eb2e-43e5-b41d-2a1ba263eae8	94a31e0b3732106207c0b307a445c20d576954b4	1854	4	27047.2	10.472	27047.3	10.3776	4059	28.7579	unclassified	chr2	177206474	177210508	0	4053	+	4058	4029	4025	24	5	4	60	0.998522	0.999007	0.991868	0
PBE62253_skip_9d8de194_94a31e0b_37.pod5	31d21530-1002-457c-827b-a746f6dc4b22	94a31e0b3732106207c0b307a445c20d576954b4	674	4	27046.3	12.1844	27046.5	12.0684	4687	26.8276	unclassified	chr8	137835606	137840288	0	4680	+	4686	4676	4672	4	6	4	60	0.998506	0.999145	0.997012	0
PBE62253_skip_9d8de194_94a31e0b_37.pod5	64c7ffba-ab5e-44fb-883c-8d8c6b624443	94a31e0b3732106207c0b307a445c20d576954b4	949	3	27000.3	68	27000.4	67.8984	25955	27.737	unclassified	chr7	147295823	147318069	3739	25955	-	22287	22175	22052	41	71	123	60	0.855943	0.994453	0.989456	0
PBE62253_skip_9d8de194_94a31e0b_37.pod5	e9806c36-1e24-4504-8b3c-641852b4b3dc	94a31e0b3732106207c0b307a445c20d576954b4	1326	4	27058	10.5452	27058.1	10.4364	4130	24.1942	unclassified	chr20	61725430	61729274	307	4130	-	3845	3822	3817	1	22	5	60	0.925666	0.998692	0.992718	0
PBE62253_skip_9d8de194_94a31e0b_37.pod5	22501081-f149-4fec-b27c-d4bf4a735bde	94a31e0b3732106207c0b307a445c20d576954b4	1310	4	27052.3	6.1592	27052.5	6.0504	1948	23.4562	unclassified	chr2	191034811	191036753	0	1943	+	1947	1938	1932	5	4	6	60	0.997433	0.996904	0.992296	0
PBE62253_skip_9d8de194_94a31e0b_37.pod5	ad8b508d-2107-4a66-b1fd-5acd06faadca	94a31e0b3732106207c0b307a445c20d576954b4	194	3	27063	5.4944	27063.1	5.388	1329	26.0769	unclassified	chr6	139940829	139942177	0	1329	-	1348	1329	1328	0	19	1	60	1	0.999248	0.985163	0
PBE62253_skip_9d8de194_94a31e0b_37.pod5	4a774723-614a-4bbb-8b7d-396d526f7a49	94a31e0b3732106207c0b307a445c20d576954b4	186	1	27046.5	12.2228	27046.7	12.0432	4711	34.0599	unclassified	chr3	183687979	183692683	0	4701	+	4706	4699	4699	2	5	0	60	0.997877	1	0.998513	0
PBE62253_skip_9d8de194_94a31e0b_37.pod5	7b2b9f75-43b4-4ede-94f0-4d354f7c7cb8	94a31e0b3732106207c0b307a445c20d576954b4	830	4	27046.9	11.6528	27047.1	11.4096	2902	32.5734	unclassified	chr22	11361933	11364829	0	2895	+	2896	2895	2886	0	1	9	60	0.997588	0.996891	0.996547	0
PBE62253_skip_9d8de194_94a31e0b_37.pod5	32a74599-7451-44cd-8c49-06931d9f7fc6	94a31e0b3732106207c0b307a445c20d576954b4	2280	3	27029	28.4396	27029.2	28.2828	11540	9.58207	unclassified	chr18	29035678	29047697	13	11533	-	12254	11285	10581	235	734	704	60	0.998267	0.937616	0.863473	0
PBE62253_skip_9d8de194_94a31e0b_37.pod5	7e0715ea-c211-4a46-9de4-1ec08296af47	94a31e0b3732106207c0b307a445c20d576954b4	423	4	26975.1	89.2028	26975.3	88.9968	41495	23.8065	unclassified	chr1	196177705	196219254	6	41495	-	41912	41126	40926	363	423	200	60	0.999855	0.995137	0.976475	0
PBE62253_skip_9d8de194_94a31e0b_37.pod5	881d4c97-0ebc-417c-a707-2921cfc4e10b	94a31e0b3732106207c0b307a445c20d576954b4	1368	1	27009.3	46.9448	27009.3	46.9428	13876	16.841	unclassified	chr12	48938032	48951291	522	13846	-	13343	13240	13209	84	19	31	60	0.960219	0.997659	0.989957	0
PBE62253_skip_9d8de194_94a31e0b_37.pod5	e5c17b99-af27-4525-8afc-77ff97c06c41	94a31e0b3732106207c0b307a445c20d576954b4	2309	3	27034.3	22.9544	27034.5	22.8384	9235	30.2007	unclassified	chrX	4321689	4330917	0	9230	+	9232	9226	9219	4	2	7	60	0.999459	0.999241	0.998592	0
PBE62253_skip_9d8de194_94a31e0b_37.pod5	a5d501f4-a3b9-4261-9919-7e83593c8ae3	94a31e0b3732106207c0b307a445c20d576954b4	1794	4	27033.5	34.5038	27033.5	34.5018	14172	29.2812	unclassified	chr12	126949512	126963660	25	14165	+	14162	14126	14065	14	22	61	60	0.997742	0.995682	0.993151	0
PBE62253_skip_9d8de194_94a31e0b_37.pod5	6dd51a27-ab3d-48ef-a97f-dd468e1078cb	94a31e0b3732106207c0b307a445c20d576954b4	1673	4	27036.1	22.5608	27036.2	22.4424	9295	29.5414	unclassified	chr6	76724421	76733711	0	9287	+	9294	9283	9264	4	7	19	60	0.999139	0.997953	0.996772	0
PBE62253_skip_9d8de194_94a31e0b_37.pod5	1a172075-9a31-48f9-81d9-27d6e260d745	94a31e0b3732106207c0b307a445c20d576954b4	295	1	27055.8	2.882	27056	2.6436	1063	24.9151	unclassified	chr16	56099875	56100938	0	1063	-	1066	1060	1056	3	3	4	60	1	0.996226	0.990619	0
PBE62253_skip_9d8de194_94a31e0b_37.pod5	0cd2e3a7-19ca-4d9c-9014-17f4c0dcc8f6	94a31e0b3732106207c0b307a445c20d576954b4	2080	2	27038.5	29.564	27038.6	29.4288	11937	30.8938	unclassified	chr10	85830505	85842444	0	11937	+	11950	11926	11923	11	13	3	60	1	0.999748	0.997741	0
PBE62253_skip_9d8de194_94a31e0b_37.pod5	40328f7b-af2c-48db-8fa4-72a7fcd620bc	94a31e0b3732106207c0b307a445c20d576954b4	2205	1	27041.6	16.0256	27041.7	15.9072	6542	28.5022	unclassified	chr9	137345330	137351432	5	6542	-	6541	6098	6093	439	4	5	60	0.999236	0.99918	0.931509	0
PBE62253_skip_9d8de194_94a31e0b_37.pod5	316b334f-1aa9-403e-91d5-ee3e6dba24fb	94a31e0b3732106207c0b307a445c20d576954b4	2321	2	27050.8	7.7476	27050.8	7.7456	2239	4.32497	unclassified	*	-1	-1	-1	-1	*	0	0	0	0	0	0	0	0	0	0	0
PBE62253_skip_9d8de194_94a31e0b_37.pod5	ec85263a-3a49-4797-80c7-e81b0c612285	94a31e0b3732106207c0b307a445c20d576954b4	919	4	27023.6	34.9196	27023.8	34.7604	11375	30.4496	unclassified	chr4	122015396	122026756	9	11375	-	11380	11346	11320	20	14	26	60	0.999209	0.997708	0.994728	0
PBE62253_skip_9d8de194_94a31e0b_37.pod5	1ea8e00b-09fb-423f-94b5-23ce94ebe95a	94a31e0b3732106207c0b307a445c20d576954b4	1544	4	26966.3	98.3804	26966.5	98.2068	35712	30.4904	unclassified	chr11	97107652	97143352	0	35707	+	35729	35678	35640	29	22	38	60	0.99986	0.998935	0.997509	0
PBE62253_skip_9d8de194_94a31e0b_37.pod5	364913ba-10d1-4f5e-b80f-b324168454fb	94a31e0b3732106207c0b307a445c20d576954b4	449	2	27033	25.6028	27033.1	25.4964	9751	28.4923	unclassified	chr9	66752002	66761712	7	9751	-	9757	9697	9664	47	13	33	16	0.999282	0.996597	0.990468	0
PBE62253_skip_9d8de194_94a31e0b_37.pod5	078ee247-0c96-4e06-be03-09f5fe8b2bb2	94a31e0b3732106207c0b307a445c20d576954b4	1686	1	27027.1	31.5452	27027.3	31.4004	11511	30.0027	unclassified	chr5	162508532	162520029	8	11511	-	11508	11492	11481	11	5	11	60	0.999305	0.999043	0.997654	0
PBE62253_skip_9d8de194_94a31e0b_37.pod5	ec2bc455-300a-47fa-81d5-624f09f62c29	94a31e0b3732106207c0b307a445c20d576954b4	2705	1	26982.9	42.7824	26983.1	42.6444	16258	29.8664	unclassified	chr13	58854315	58870564	0	16247	+	16255	16241	16239	6	8	2	60	0.999323	0.999877	0.999016	0
PBE62253_skip_9d8de194_94a31e0b_37.pod5	690830fe-f5cb-4c22-a497-7cfc4fa94ff3	94a31e0b3732106207c0b307a445c20d576954b4	28	2	26995.8	65.5532	26995.9	65.4084	27147	30.2922	unclassified	chr12	9176617	9203775	0	27147	-	27199	27106	27070	41	52	36	60	1	0.998672	0.995257	0
PBE62253_skip_9d8de194_94a31e0b_37.pod5	c61ce9a7-e593-416a-ba1e-70b51347e7a8	94a31e0b3732106207c0b307a445c20d576954b4	2615	3	27013.7	43.7264	27013.9	43.5648	11360	24.1879	unclassified	chr3	140237500	140248739	5	11360	-	11371	11223	11181	132	16	42	60	0.99956	0.996258	0.983291	0
PBE62253_skip_9d8de194_94a31e0b_37.pod5	e41abb52-9bfb-4c5d-845f-2fba583dd287	94a31e0b3732106207c0b307a445c20d576954b4	1217	4	27022	36.1824	27022	36.1804	14973	28.4422	unclassified	chr17	79154944	79169869	5	14933	-	14942	14911	14873	17	14	38	60	0.996995	0.997452	0.995382	0
PBE62253_skip_9d8de194_94a31e0b_37.pod5	a27c50e5-34e0-4b2f-bde5-bee91e03d4bd	94a31e0b3732106207c0b307a445c20d576954b4	2465	1	27003.4	54.4388	27003.6	54.3156	21826	28.3278	unclassified	chr2	106875464	106897282	0	21820	+	21843	21795	21769	25	23	26	60	0.999725	0.998807	0.996612	0
PBE62253_skip_9d8de194_94a31e0b_37.pod5	bb442509-fcce-4f1d-a8fe-7951965ed649	94a31e0b3732106207c0b307a445c20d576954b4	2137	1	27035.2	23.1836	27035.3	23.0316	9055	27.6355	unclassified	chr21	34031487	34040537	0	9048	+	9062	9036	9020	12	14	16	60	0.999227	0.998229	0.995365	0
PBE62253_skip_9d8de194_94a31e0b_37.pod5	8e8aff7d-6ccd-405c-ae71-3ee885855e1f	94a31e0b3732106207c0b307a445c20d576954b4	2709	1	27027	21.0344	27027.2	20.8992	6345	11.9028	unclassified	chr10	95978764	95984268	845	6345	-	5519	5485	5477	15	19	8	60	0.866824	0.998541	0.99239	0
PBE62253_skip_9d8de194_94a31e0b_37.pod5	fa77b6cd-a943-430c-8822-ad85c73e6875	94a31e0b3732106207c0b307a445c20d576954b4	2432	3	27043	15.5474	27043	15.5454	6124	24.6004	unclassified	chr2	9772240	9777583	0	6095	-	6097	5341	5340	754	2	1	60	0.995265	0.999813	0.875841	0
PBE62253_skip_9d8de194_94a31e0b_37.pod5	ffd99213-c40a-44b8-a19e-a0fca2cb2b28	94a31e0b3732106207c0b307a445c20d576954b4	330	3	27038.7	20.1426	27038.7	20.1406	7727	32.3665	unclassified	chr19	22587002	22594688	35	7720	+	7687	7684	7682	1	2	2	60	0.994565	0.99974	0.99935	0
PBE62253_skip_9d8de194_94a31e0b_37.pod5	a8565c8a-7357-4121-a730-5d0ab3b46988	94a31e0b3732106207c0b307a445c20d576954b4	371	2	27042.1	16.9304	27042.3	16.7952	6148	29.9741	unclassified	chr5	30200468	30206616	0	6148	-	6154	6142	6127	6	6	15	60	1	0.997558	0.995613	0
PBE62253_skip_9d8de194_94a31e0b_37.pod5	8889afcb-c136-494a-8845-8b007c97a93f	94a31e0b3732106207c0b307a445c20d576954b4	1142	4	27010.7	47.9052	27010.7	47.9032	17056	34.1187	unclassified	chr16	46386753	46392618	23	6748	+	7011	5579	5472	1146	286	107	48	0.394289	0.980821	0.780488	0
PBE62253_skip_9d8de194_94a31e0b_37.pod5	ef9fe570-dfe7-4826-8e8c-d57e6681f54d	94a31e0b3732106207c0b307a445c20d576954b4	707	2	26960.1	97.958	26960.3	97.7916	38507	30.9283	unclassified	chr19	56833378	56871931	0	38499	+	38581	38471	38430	28	82	41	60	0.999792	0.998934	0.996086	0
PBE62253_skip_9d8de194_94a31e0b_37.pod5	d30004a7-b97a-4f2d-9c9e-85183e2e5bdd	94a31e0b3732106207c0b307a445c20d576954b4	364	4	27045.5	13.5008	27045.6	13.3728	5183	36.9462	unclassified	chr1	106167646	106172829	0	5183	-	5183	5183	5182	0	0	1	60	1	0.999807	0.999807	0
PBE62253_skip_9d8de194_94a31e0b_37.pod5	9da17497-67e5-4378-b76a-8444068b504b	94a31e0b3732106207c0b307a445c20d576954b4	415	3	27021.3	37.484	27021.5	37.3536	14299	19.589	unclassified	chr3	196899097	196913398	2	14292	+	14365	14226	14121	64	75	105	60	0.999371	0.992619	0.983014	0
PBE62253_skip_9d8de194_94a31e0b_37.pod5	d94b09c9-1b37-4387-a5df-61f9fbc214e9	94a31e0b3732106207c0b307a445c20d576954b4	479	4	27031.1	26.93	27031.3	26.7108	10343	28.4921	unclassified	chr9	19408769	19419128	0	10343	+	10365	10337	10329	6	22	8	60	1	0.999226	0.996527	0
PBE62253_skip_9d8de194_94a31e0b_37.pod5	424f134a-d874-4a51-8558-20e89e1379e9	94a31e0b3732106207c0b307a445c20d576954b4	1648	2	27019	39.0754	27019.1	39.0734	17217	8.80869	unclassified	chr13	79503830	79522255	31	17212	+	18904	16702	15485	479	1723	1217	60	0.997909	0.927134	0.819139	0
PBE62253_skip_9d8de194_94a31e0b_37.pod5	37e842f2-ec29-483a-8f2c-c0c2afcf70b2	94a31e0b3732106207c0b307a445c20d576954b4	2189	3	27054.6	4.502	27054.6	4.5	980	2.62678	unclassified	*	-1	-1	-1	-1	*	0	0	0	0	0	0	0	0	0	0	0
PBE62253_skip_9d8de194_94a31e0b_37.pod5	dca57095-6805-4aae-82b0-f0647043cd89	94a31e0b3732106207c0b307a445c20d576954b4	848	4	27047.4	11.4802	27047.4	11.4782	4375	9.58123	unclassified	chr2	97752168	97756565	32	4357	+	4517	4205	3961	120	192	244	60	0.988571	0.941974	0.876909	0
PBE62253_skip_9d8de194_94a31e0b_37.pod5	d31528c0-d6b0-45c3-b302-110c1d256b8e	94a31e0b3732106207c0b307a445c20d576954b4	2123	3	27011.1	47.5688	27011.2	47.4216	20307	23.0245	unclassified	chr1	26015765	26036067	0	20300	+	20355	20247	20183	53	55	64	60	0.999655	0.996839	0.99155	0
PBE62253_skip_9d8de194_94a31e0b_37.pod5	13d7fadb-a4f2-4824-bba4-14d452d7466f	94a31e0b3732106207c0b307a445c20d576954b4	1876	2	27006.3	51.9872	27006.5	51.8736	20830	28.1605	unclassified	chr6	101930605	101951435	0	20830	+	20851	20809	20787	21	21	22	60	1	0.998943	0.996931	0
PBE62253_skip_9d8de194_94a31e0b_37.pod5	60d38706-0353-4fab-b63c-c549d10bde85	94a31e0b3732106207c0b307a445c20d576954b4	2366	3	27046.5	12.5276	27046.7	12.3492	5306	24.7835	unclassified	chr3	131895060	131900374	0	5299	+	5316	5297	5295	2	17	2	60	0.998681	0.999622	0.99605	0
PBE62253_skip_9d8de194_94a31e0b_37.pod5	3238f7df-3f19-467d-94bd-60ff7b5081b7	94a31e0b3732106207c0b307a445c20d576954b4	544	3	27040.9	18.092	27041.1	17.9112	4999	30.0561	unclassified	chr9	122496993	122501984	8	4999	-	4994	4988	4987	3	3	1	60	0.9984	0.999799	0.998598	0
PBE62253_skip_9d8de194_94a31e0b_37.pod5	d381b3c7-0425-40ec-a736-a508ebaa2f35	94a31e0b3732106207c0b307a445c20d576954b4	1293	2	27036.9	12.0716	27037.1	11.9292	4104	20.677	unclassified	chr7	55375834	55379946	2	4104	+	4133	4081	4065	21	31	16	60	0.999513	0.996079	0.983547	0
PBE62253_skip_9d8de194_94a31e0b_37.pod5	a6f08565-06ea-44db-b0af-0edcab637c1c	94a31e0b3732106207c0b307a445c20d576954b4	2349	3	27051	7.9484	27051.1	7.818	2899	26.6699	unclassified	chr22	40423193	40426088	7	2899	-	2898	2889	2885	3	6	4	60	0.997585	0.998615	0.995514	0
PBE62253_skip_9d8de194_94a31e0b_37.pod5	8e63ee56-4230-4078-a5c9-ee7ca2f9d499	94a31e0b3732106207c0b307a445c20d576954b4	2881	4	27050.1	8.9084	27050.3	8.7492	3319	30.1149	unclassified	chr9	103704189	103707500	0	3311	+	3315	3307	3300	4	4	7	60	0.99759	0.997883	0.995475	0
PBE62253_skip_9d8de194_94a31e0b_37.pod5	e221db01-89ff-411f-b1e8-83da8166d7f2	94a31e0b3732106207c0b307a445c20d576954b4	1800	1	27042.8	16.04	27042.9	15.924	6229	27.8926	unclassified	chr5	117491462	117497694	0	6222	+	6233	6221	6213	1	11	8	60	0.998876	0.998714	0.996791	0
PBE62253_skip_9d8de194_94a31e0b_37.pod5	5f0049c1-64f0-4c18-9ff4-f45107ea2c40	94a31e0b3732106207c0b307a445c20d576954b4	542	3	27052.5	7.0676	27052.6	6.9504	2134	27.3925	unclassified	chr1	244706710	244708842	0	2134	+	2134	2132	2131	2	0	1	60	1	0.999531	0.998594	0
PBE62253_skip_9d8de194_94a31e0b_37.pod5	2c3afd18-3af9-4e7e-814a-c080b64797c8	94a31e0b3732106207c0b307a445c20d576954b4	299	4	27037.6	21.182	27037.8	21.0636	9107	28.7141	unclassified	chr9	69838159	69847277	6	9107	-	9134	9085	9073	16	33	12	60	0.999341	0.998679	0.993322	0
PBE62253_skip_9d8de194_94a31e0b_37.pod5	a80e5e5f-62a2-4f99-b5b0-2b745dea66eb	94a31e0b3732106207c0b307a445c20d576954b4	2844	1	27034.6	24.1472	27034.7	24.0024	9059	28.2977	unclassified	chr2	237445466	237454522	0	9053	+	9068	9041	9016	12	15	25	60	0.999338	0.997235	0.994266	0
PBE62253_skip_9d8de194_94a31e0b_37.pod5	6765c799-6f29-43af-b57c-5206ec811adb	94a31e0b3732106207c0b307a445c20d576954b4	2587	3	27025.6	32.9374	27025.6	32.9354	6770	2.46975	unclassified	chr7	138198325	138198413	5990	6081	-	91	88	80	3	0	8	1	0.0134417	0.909091	0.879121	0
PBE62253_skip_9d8de194_94a31e0b_37.pod5	918a190e-1d7f-409f-85d5-369b702e915b	94a31e0b3732106207c0b307a445c20d576954b4	1267	4	27032.9	25.9796	27033	25.8936	10361	27.9318	unclassified	chr2	203105971	203116331	0	10361	-	10374	10347	10328	14	13	19	60	1	0.998164	0.995566	0
PBE62253_skip_9d8de194_94a31e0b_37.pod5	01ba41df-8374-4a76-9190-b3bc1edf7b2e	94a31e0b3732106207c0b307a445c20d576954b4	1336	4	27036.4	22.4816	27036.5	22.3632	9542	21.9326	unclassified	chr8	122314457	122323990	0	9534	+	9559	9508	9480	26	25	28	60	0.999162	0.997055	0.991736	0
PBE62253_skip_9d8de194_94a31e0b_37.pod5	4fb2e913-d702-4195-a548-bd3372d4203e	94a31e0b3732106207c0b307a445c20d576954b4	2705	1	27025.7	32.3868	27025.9	32.2596	13461	27.6614	unclassified	chr13	58857101	58870563	1	13461	-	13480	13442	13428	18	20	14	60	0.999926	0.998958	0.996142	0
PBE62253_skip_9d8de194_94a31e0b_37.pod5	d3df0696-fcf7-45bc-ad8c-96342326d560	94a31e0b3732106207c0b307a445c20d576954b4	2737	2	27014	45.0488	27014.2	44.8812	16568	26.5983	unclassified	chr17	73109359	73125892	0	16568	-	16594	16507	16479	61	26	28	60	1	0.998304	0.99307	0
PBE62253_skip_9d8de194_94a31e0b_37.pod5	4d214f37-e041-4101-bd58-136ede334d39	94a31e0b3732106207c0b307a445c20d576954b4	584	2	27042.2	17.294	27042.2	17.292	6307	14.6372	unclassified	chr21	40719500	40725833	31	6302	+	6389	6215	6105	56	118	110	60	0.994292	0.982301	0.955549	0
PBE62253_skip_9d8de194_94a31e0b_37.pod5	9a35bb62-0581-48b2-9eef-a860350a6717	94a31e0b3732106207c0b307a445c20d576954b4	2586	1	27051.7	7.376	27051.9	7.1736	2726	31.3881	unclassified	chr16	29946490	29949201	0	2717	+	2719	2709	2706	8	2	3	60	0.996698	0.998893	0.995219	0
PBE62253_skip_9d8de194_94a31e0b_37.pod5	ee308397-01e7-4ad5-8901-54f8d222c20f	94a31e0b3732106207c0b307a445c20d576954b4	430	4	27043.5	16.0612	27043.5	16.0592	6510	20.8507	unclassified	chr10	85654373	85660824	33	6504	+	6488	6434	6418	37	17	16	60	0.994009	0.997513	0.989211	0
PBE62253_skip_9d8de194_94a31e0b_37.pod5	3d5d3b3a-c346-40d9-84d2-c61150cb03aa	94a31e0b3732106207c0b307a445c20d576954b4	556	2	27037.8	21.8768	27038	21.72	7082	29.6332	unclassified	chr1	37296775	37303855	7	7082	-	7082	7073	7060	2	7	13	60	0.999012	0.998162	0.996894	0
PBE62253_skip_9d8de194_94a31e0b_37.pod5	638fdb6b-51dd-4705-9939-e007d9fcfe17	94a31e0b3732106207c0b307a445c20d576954b4	1302	3	27043	15.8516	27043.2	15.6504	3268	9.39414	unclassified	chr1	229905712	229908973	0	3268	-	3428	3101	2914	167	160	187	60	1	0.939697	0.850058	0
PBE62253_skip_9d8de194_94a31e0b_37.pod5	03712b44-26ab-40f7-bc9b-e478c1783db3	94a31e0b3732106207c0b307a445c20d576954b4	2553	4	27046.8	12.6934	27046.8	12.6914	4215	27.0838	unclassified	chr6	166552587	166556764	28	4200	+	4178	4171	4167	1	6	4	60	0.989798	0.999041	0.997367	0
PBE62253_skip_9d8de194_94a31e0b_37.pod5	8c445a61-4f27-45ed-972c-e47a8dc6d887	94a31e0b3732106207c0b307a445c20d576954b4	1411	4	27053.4	6.0932	27053.5	5.9796	2323	26.4832	unclassified	chr18	26823507	26825824	0	2316	+	2321	2312	2305	4	5	7	60	0.996987	0.996972	0.993106	0
PBE62253_skip_9d8de194_94a31e0b_37.pod5	635648b7-c839-496c-968a-1784573e4a7c	94a31e0b3732106207c0b307a445c20d576954b4	629	1	27045.2	14.4488	27045.4	14.3304	6167	30.2488	unclassified	chr8	102220432	102226599	0	6167	+	6172	6162	6157	5	5	5	60	1	0.999189	0.99757	0
PBE62253_skip_9d8de194_94a31e0b_37.pod5	9851016b-aabc-4404-b3c2-75c9ee295dad	94a31e0b3732106207c0b307a445c20d576954b4	2677	2	27035.6	23.3684	27035.8	23.1732	9427	30.3883	unclassified	chr4	188765001	188774426	0	9420	+	9447	9398	9379	22	27	19	60	0.999257	0.997978	0.992802	0
PBE62253_skip_9d8de194_94a31e0b_37.pod5	eaf99e61-d338-48e1-a717-36a5494300e8	94a31e0b3732106207c0b307a445c20d576954b4	1215	2	27030.2	29.2148	27030.4	29.0832	11041	25.1416	unclassified	chr21	40507840	40518229	691	11041	-	10401	10338	10304	12	51	34	60	0.937415	0.996711	0.990674	0
PBE62253_skip_9d8de194_94a31e0b_37.pod5	c3069c5b-a6f3-4adf-aa0f-6bbe6d4931b9	94a31e0b3732106207c0b307a445c20d576954b4	671	1	27002.5	47.2268	27002.6	47.0676	18803	29.9196	unclassified	chr8	15004020	15022606	0	18803	-	18818	18571	18526	232	15	45	60	1	0.997577	0.984483	0
PBE62253_skip_9d8de194_94a31e0b_37.pod5	68c82fe5-698c-4465-8d1a-b5dc9917680a	94a31e0b3732106207c0b307a445c20d576954b4	2872	1	26953.8	103.545	26954	103.386	34680	31.372	unclassified	chr2	204999852	205034534	0	34680	+	34699	34663	34616	17	19	47	60	1	0.998644	0.997608	0
PBE62253_skip_9d8de194_94a31e0b_37.pod5	76fa164f-9ed3-4f9a-8eff-212ecd07e7ee	94a31e0b3732106207c0b307a445c20d576954b4	2594	1	26956.7	101.001	26956.8	100.835	39765	26.5866	unclassified	chr10	116115689	116155458	5	39765	-	39833	39696	39594	64	73	102	60	0.999874	0.99743	0.994	0
PBE62253_skip_9d8de194_94a31e0b_37.pod5	8a3553ae-5f7f-4df3-ac2e-55a444c33eac	94a31e0b3732106207c0b307a445c20d576954b4	859	1	27025.5	40.8218	27025.5	40.8198	17115	27.6194	unclassified	chr1	143212323	143241049	1	17113	-	28733	17105	16674	7	11621	431	60	0.999825	0.974803	0.580308	0
PBE62253_skip_9d8de194_94a31e0b_37.pod5	84ab6339-8a7d-4eb2-ad8d-dd467768b7c8	94a31e0b3732106207c0b307a445c20d576954b4	292	1	27034.6	24.6752	27035	24.264	8583	31.6032	unclassified	chr12	60709774	60718349	0	8571	+	8577	8569	8568	2	6	1	60	0.998602	0.999883	0.998951	0
PBE62253_skip_9d8de194_94a31e0b_37.pod5	3707bc2f-96c7-4d48-be6b-9bd5182693a9	94a31e0b3732106207c0b307a445c20d576954b4	2419	2	27005.6	52.9052	27005.8	52.7856	22926	22.7703	unclassified	chr16	46382552	46402764	2875	17039	+	20557	13819	12858	345	6393	961	11	0.617814	0.930458	0.62548	0
PBE62253_skip_9d8de194_94a31e0b_37.pod5	80787a18-4e06-4e8a-9ed8-1266d3a7c9ec	94a31e0b3732106207c0b307a445c20d576954b4	1559	2	27040.2	18.7388	27040.4	18.5844	7394	28.6219	unclassified	chr14	30257247	30264646	0	7394	-	7403	7390	7384	4	9	6	60	1	0.999188	0.997433	0
PBE62253_skip_9d8de194_94a31e0b_37.pod5	959cc44e-423c-4f40-a1a4-e871ec35879c	94a31e0b3732106207c0b307a445c20d576954b4	845	1	27056.5	3.6788	27056.6	3.5712	1716	18.3502	unclassified	chr22	27017342	27019059	9	1716	-	1724	1700	1691	7	17	9	60	0.994755	0.994706	0.980858	0
PBE62253_skip_9d8de194_94a31e0b_37.pod5	a5b8a6d1-59f3-4007-9c4f-9b65d9f2c6ff	94a31e0b3732106207c0b307a445c20d576954b4	1616	4	27036.7	23.1716	27036.8	23.0652	8259	26.73	unclassified	chr19	32634788	32643035	7	8259	-	8263	8236	8232	16	11	4	60	0.999152	0.999514	0.996248	0
PBE62253_skip_9d8de194_94a31e0b_37.pod5	6afc8e93-b746-4484-aff8-38e37080a6d8	94a31e0b3732106207c0b307a445c20d576954b4	386	2	27039.9	19.85	27040	19.734	6166	24.2486	unclassified	chr7	158605561	158611712	7	6166	-	6170	6140	6113	19	11	27	60	0.998865	0.995603	0.990762	0
PBE62253_skip_9d8de194_94a31e0b_37.pod5	76a9be16-aae4-4740-be36-1816d5f4514d	94a31e0b3732106207c0b307a445c20d576954b4	2190	2	27046	13.5106	27046	13.5086	5380	13.4198	unclassified	chr11	43655755	43661151	33	5365	+	5430	5298	5140	34	98	158	60	0.991078	0.970177	0.946593	0
PBE62253_skip_9d8de194_94a31e0b_37.pod5	79f04534-dde3-4738-b9f9-9bb3568782e8	94a31e0b3732106207c0b307a445c20d576954b4	1877	3	27043.1	15.8228	27043.3	15.5928	10436	19.6383	unclassified	chr8	22171831	22182280	5	10436	-	10487	10393	10359	38	56	34	60	0.999521	0.996729	0.987794	0
PBE62253_skip_9d8de194_94a31e0b_37.pod5	7eb361bb-fb9e-4536-96e8-d198147a28bf	94a31e0b3732106207c0b307a445c20d576954b4	1311	2	27051.2	8.5124	27051.3	8.3724	3334	27.7278	unclassified	chr10	93922666	93925987	9	3333	-	3327	3318	3309	6	3	9	60	0.997001	0.997288	0.99459	0
PBE62253_skip_9d8de194_94a31e0b_37.pod5	d59b2cc4-b293-46a2-8b0b-c329bc2a469f	94a31e0b3732106207c0b307a445c20d576954b4	1545	2	27048	11.984	27048.1	11.88	4971	29.6582	unclassified	chr5	28336654	28341623	9	4971	-	4971	4960	4944	2	9	16	60	0.99819	0.996774	0.994569	0
PBE62253_skip_9d8de194_94a31e0b_37.pod5	06ea1c3e-8650-40b6-a50d-33f06c1c611c	94a31e0b3732106207c0b307a445c20d576954b4	746	1	27041.2	18.8348	27041.4	18.6924	7264	23.7075	unclassified	chr4	187551275	187558528	7	7264	-	7268	7242	7221	15	11	21	60	0.999036	0.9971	0.993533	0
PBE62253_skip_9d8de194_94a31e0b_37.pod5	f6a5d320-f1d0-4b10-b360-c77cc7d30bab	94a31e0b3732106207c0b307a445c20d576954b4	1610	1	27044.5	15.4172	27044.7	15.1908	5974	25.2705	unclassified	chr15	87520706	87525612	0	4906	+	4910	4902	4897	4	4	5	60	0.821225	0.99898	0.997352	0
PBE62253_skip_9d8de194_94a31e0b_37.pod5	d0b21499-e98c-42ee-8047-90c426b69cd4	94a31e0b3732106207c0b307a445c20d576954b4	1080	2	27048.6	11.4236	27048.7	11.2764	4050	29.5148	unclassified	chr16	75046876	75050923	0	4050	-	4055	4042	4038	8	5	4	60	1	0.99901	0.995808	0
PBE62253_skip_9d8de194_94a31e0b_37.pod5	5469fbf9-ba0a-4f97-b368-d324ea6f5d25	94a31e0b3732106207c0b307a445c20d576954b4	525	4	26983.1	75.7388	26983.2	75.5892	27533	28.1659	unclassified	chr5	68302654	68330189	0	27525	+	27570	27490	27439	35	45	51	60	0.999709	0.998145	0.995248	0
PBE62253_skip_9d8de194_94a31e0b_37.pod5	7cf9d435-3d38-4eba-8f3f-8cf0618316ff	94a31e0b3732106207c0b307a445c20d576954b4	779	3	27049.1	11.0612	27049.2	10.974	4783	26.2609	unclassified	chr8	125080684	125085456	7	4783	-	4782	4766	4760	10	6	6	60	0.998536	0.998741	0.995399	0
PBE62253_skip_9d8de194_94a31e0b_37.pod5	eb00e78e-c6ee-4915-bf9c-5c0ab0adc702	94a31e0b3732106207c0b307a445c20d576954b4	1026	1	26994.1	65.0648	26994.2	64.9608	26345	30.534	unclassified	chr6	92145711	92172064	0	26345	+	26367	26331	26318	14	22	13	60	1	0.999506	0.998142	0
PBE62253_skip_9d8de194_94a31e0b_37.pod5	ec8848fb-975b-4f5f-a4cd-11c2cbc18f80	94a31e0b3732106207c0b307a445c20d576954b4	2460	4	27054.5	5.6176	27054.5	5.6156	1761	30.2362	unclassified	chr2	191370317	191372046	31	1761	+	1731	1728	1728	2	1	0	60	0.982396	1	0.998267	0
PBE62253_skip_9d8de194_94a31e0b_37.pod5	78e2619a-46a2-4998-a7a4-4b5e58924aea	94a31e0b3732106207c0b307a445c20d576954b4	2315	1	27037.1	22.7772	27037.1	22.7752	8173	29.4192	unclassified	chr1	33903159	33911292	34	8166	+	8139	8126	8116	6	7	10	60	0.994983	0.998769	0.997174	0
PBE62253_skip_9d8de194_94a31e0b_37.pod5	ce5f83d6-4e7d-4023-9e38-5fd96d0dedb9	94a31e0b3732106207c0b307a445c20d576954b4	1123	2	27042.2	18.1412	27042.3	17.9652	6719	26.6779	unclassified	chr20	39754337	39761053	0	6713	+	6730	6699	6689	14	17	10	60	0.999107	0.998507	0.993908	0
PBE62253_skip_9d8de194_94a31e0b_37.pod5	e423bdaa-fa9d-468e-9614-edaf299cc8fd	94a31e0b3732106207c0b307a445c20d576954b4	190	1	27030.8	29.2224	27030.8	29.2204	11934	19.6773	unclassified	chr8	81924881	81936852	8	11902	-	12008	11857	11794	37	114	63	60	0.996648	0.994687	0.982179	0
PBE62253_skip_9d8de194_94a31e0b_37.pod5	e4ec8072-16da-4a21-89dd-be1b47526861	94a31e0b3732106207c0b307a445c20d576954b4	1657	2	27054.9	5.1392	27055.1	4.9104	1830	25.2753	unclassified	chr11	133978924	133980752	0	1830	+	1832	1826	1822	4	2	4	60	1	0.997809	0.994541	0
PBE62253_skip_9d8de194_94a31e0b_37.pod5	b12f980d-5367-46c9-99db-b7f1136d4548	94a31e0b3732106207c0b307a445c20d576954b4	575	3	27033.7	26.276	27033.8	26.1408	9619	22.0678	unclassified	chr12	102109396	102119025	6	9619	-	9651	9591	9567	22	38	24	60	0.999376	0.997498	0.991296	0
PBE62253_skip_9d8de194_94a31e0b_37.pod5	35eb22a6-2128-41db-a158-96f727680b38	94a31e0b3732106207c0b307a445c20d576954b4	2062	4	27039.8	20.2916	27039.9	20.2044	9556	29.8863	unclassified	chr5	105698825	105708381	0	9553	+	9559	9550	9541	3	6	9	60	0.999686	0.999058	0.998117	0
PBE62253_skip_9d8de194_94a31e0b_37.pod5	577c4664-ee65-4a1c-9115-c5292dfc613c	94a31e0b3732106207c0b307a445c20d576954b4	2573	4	27025.5	34.1468	27025.7	33.9984	13023	30.7692	unclassified	chr17	74710573	74723604	7	13023	-	13041	13006	12988	10	25	18	60	0.999462	0.998616	0.995936	0
PBE62253_skip_9d8de194_94a31e0b_37.pod5	8eef6b1b-c083-41b9-ba3d-ecdb55734692	94a31e0b3732106207c0b307a445c20d576954b4	1372	4	26986.7	71.8438	26986.7	71.8418	28217	30.6686	unclassified	chr14	45134640	45162801	35	28209	+	28200	28135	28126	39	26	9	60	0.998476	0.99968	0.997376	0
PBE62253_skip_9d8de194_94a31e0b_37.pod5	8e9c11cd-4458-492c-be09-c1272f9a2e02	94a31e0b3732106207c0b307a445c20d576954b4	896	4	27054.7	5.4164	27054.9	5.2932	2025	29.7235	unclassified	chr2	101307045	101309059	5	2025	-	2020	2014	2010	6	0	4	60	0.997531	0.998014	0.995049	0
PBE62253_skip_9d8de194_94a31e0b_37.pod5	f5994bab-8e0a-4f42-bd9b-3ae6665bc90c	94a31e0b3732106207c0b307a445c20d576954b4	1305	2	27038.9	21.4292	27039	21.342	8124	27.2512	unclassified	chr5	44469060	44477173	0	8117	+	8120	8110	8100	7	3	10	60	0.999138	0.998767	0.997537	0
PBE62253_skip_9d8de194_94a31e0b_37.pod5	f31b3dea-1fd2-4ec7-a074-0f4efbbba4e7	94a31e0b3732106207c0b307a445c20d576954b4	1718	3	27025.9	34.132	27025.9	34.13	13435	28.4141	unclassified	chr18	12236792	12250189	6	13402	-	13411	13382	13367	14	15	15	60	0.997097	0.998879	0.996719	0
PBE62253_skip_9d8de194_94a31e0b_37.pod5	e5e7973d-c03b-4ba5-b229-91fcb65b986c	94a31e0b3732106207c0b307a445c20d576954b4	673	4	27045.9	14.4296	27046	14.2944	5404	29.8005	unclassified	chr7	34770116	34775521	0	5404	-	5408	5401	5398	3	4	3	60	1	0.999445	0.998151	0
PBE62253_skip_9d8de194_94a31e0b_37.pod5	2a60502f-d19e-4b5b-9fde-6028100e8b92	94a31e0b3732106207c0b307a445c20d576954b4	1928	1	27048.9	11.4928	27048.9	11.4908	4519	25.4852	unclassified	chr4	80125518	80130018	0	4486	-	4504	4482	4475	4	18	7	60	0.992697	0.998438	0.993561	0
PBE62253_skip_9d8de194_94a31e0b_37.pod5	6dff794c-ddb7-4163-9cb3-33b36db684e8	94a31e0b3732106207c0b307a445c20d576954b4	1399	3	27013.3	46.1828	27013.5	46.0548	17500	28.3169	unclassified	chr13	99576878	99594363	5	17500	-	17514	17466	17427	29	19	39	60	0.999714	0.997767	0.995033	0
PBE62253_skip_9d8de194_94a31e0b_37.pod5	b1c6264d-c9ab-4dd6-b2fd-18ad78d7bc71	94a31e0b3732106207c0b307a445c20d576954b4	2943	4	27057.5	2.9624	27057.5	2.9604	643	4.6491	unclassified	*	-1	-1	-1	-1	*	0	0	0	0	0	0	0	0	0	0	0
PBE62253_skip_9d8de194_94a31e0b_37.pod5	ddf19893-310d-4b9d-92fa-98704ea26063	94a31e0b3732106207c0b307a445c20d576954b4	2728	1	27046.2	13.8944	27046.4	13.752	4535	27.7265	unclassified	chr19	1383170	1387689	11	4535	-	4524	4519	4517	5	0	2	60	0.997574	0.999557	0.998453	0
PBE62253_skip_9d8de194_94a31e0b_37.pod5	0c606bc5-0ceb-4784-b9d4-58ede548e6f0	94a31e0b3732106207c0b307a445c20d576954b4	2619	4	27044.8	15.4904	27044.9	15.348	5411	32.1822	unclassified	chr5	25178576	25183987	0	5405	+	5415	5401	5395	4	10	6	60	0.998891	0.998889	0.996307	0
PBE62253_skip_9d8de194_94a31e0b_37.pod5	f5bfbfd1-415e-43de-bb81-61e74e0ec26e	94a31e0b3732106207c0b307a445c20d576954b4	2904	3	27031.1	28.6868	27031.3	28.5288	10579	27.9026	unclassified	chr14	64940922	64951505	0	10569	+	10587	10565	10554	4	18	11	60	0.999055	0.998959	0.996883	0
PBE62253_skip_9d8de194_94a31e0b_37.pod5	d4cfda97-ac1f-4b61-b231-c6951ccf7490	94a31e0b3732106207c0b307a445c20d576954b4	2652	4	27046.1	14.1608	27046.2	14.0328	5588	33.741	unclassified	chr16	34839369	34844959	2	5588	-	5591	5585	5585	1	5	0	60	0.999642	1	0.998927	0
PBE62253_skip_9d8de194_94a31e0b_37.pod5	97950994-9d2b-46c2-b8eb-24d09f34db42	94a31e0b3732106207c0b307a445c20d576954b4	1294	1	27056.9	3.9164	27057.1	3.7884	1657	26.5335	unclassified	chr12	98022971	98024630	0	1657	+	1660	1656	1650	1	3	6	60	1	0.996377	0.993976	0
PBE62253_skip_9d8de194_94a31e0b_37.pod5	488a764c-0fb8-4342-95fc-9e89b6fb6725	94a31e0b3732106207c0b307a445c20d576954b4	1299	1	27046.2	14.1452	27046.2	14.1432	5573	29.2416	unclassified	chr2	215372291	215377836	34	5564	+	5547	5528	5521	2	17	7	60	0.992284	0.998734	0.995313	0
PBE62253_skip_9d8de194_94a31e0b_37.pod5	a94066f9-21d9-4613-8200-33f89e172752	94a31e0b3732106207c0b307a445c20d576954b4	1926	2	27041.4	18.1472	27041.6	18.0216	7106	22.8007	unclassified	chr4	178016673	178023776	0	7106	-	7115	7094	7068	12	9	26	60	1	0.996335	0.993394	0
PBE62253_skip_9d8de194_94a31e0b_37.pod5	c4586c4c-16e6-48c0-801a-ef70f46ba346	94a31e0b3732106207c0b307a445c20d576954b4	2725	4	27038.5	21.6032	27038.7	21.4584	8700	25.4055	unclassified	chr1	224977443	224986140	0	8693	+	8707	8683	8674	10	14	9	60	0.999195	0.998963	0.99621	0
PBE62253_skip_9d8de194_94a31e0b_37.pod5	e34df097-7197-42c6-b202-dca641197c32	94a31e0b3732106207c0b307a445c20d576954b4	2855	4	27034.6	25.6702	27034.6	25.6682	6849	5.52196	unclassified	chr10	128951877	128958642	42	6490	-	7223	5990	5108	458	775	882	1	0.941451	0.852755	0.707185	0
PBE62253_skip_9d8de194_94a31e0b_37.pod5	349772a1-bc2b-490e-adda-d9bfc83a768e	94a31e0b3732106207c0b307a445c20d576954b4	2684	2	27051.7	8.8772	27051.8	8.754	3442	35.0789	unclassified	chr7	134241461	134244903	0	3442	+	3442	3442	3438	0	0	4	60	1	0.998838	0.998838	0
PBE62253_skip_9d8de194_94a31e0b_37.pod5	c99323f4-cad4-4568-8d7a-432bff3cea12	94a31e0b3732106207c0b307a445c20d576954b4	2873	3	27002.7	56.9408	27002.8	56.8152	22799	27.6906	unclassified	chr5	94205625	94228422	5	22799	-	22819	22772	22752	22	25	20	60	0.999781	0.999122	0.997064	0
PBE62253_skip_9d8de194_94a31e0b_37.pod5	44697ee5-e1f5-488f-8007-96bac0eb1485	94a31e0b3732106207c0b307a445c20d576954b4	2357	3	27047	13.6424	27047	13.6404	4497	21.5148	unclassified	chr2	24521527	24525978	6	4455	-	4464	4436	4413	13	15	23	60	0.989326	0.994815	0.988575	0
PBE62253_skip_9d8de194_94a31e0b_37.pod5	808a0c1e-0b93-490f-89b7-17e511525d9e	94a31e0b3732106207c0b307a445c20d576954b4	904	1	26983.3	76.3712	26983.4	76.2276	29228	30.903	unclassified	chr7	73719454	73746914	1729	29222	+	27520	27433	27394	60	27	39	60	0.940639	0.998578	0.995422	0
PBE62253_skip_9d8de194_94a31e0b_37.pod5	91763dcd-b0be-4139-aebe-70de160af6fd	94a31e0b3732106207c0b307a445c20d576954b4	2390	1	27052.3	8.3336	27052.5	8.154	3916	21.9155	unclassified	chr21	30686286	30690203	1	3907	+	3926	3897	3878	9	20	19	60	0.997446	0.995124	0.987774	0
PBE62253_skip_9d8de194_94a31e0b_37.pod5	c0d4af38-731c-4131-858c-9a6148d8552a	94a31e0b3732106207c0b307a445c20d576954b4	1697	4	27025.6	34.9832	27025.7	34.8672	14138	29.4464	unclassified	chr1	45486271	45499612	11	14138	-	14140	13328	13318	799	13	10	60	0.999222	0.99925	0.941867	0
PBE62253_skip_9d8de194_94a31e0b_37.pod5	b4e3ef97-bddc-4ef4-a0db-a92ed899fd7e	94a31e0b3732106207c0b307a445c20d576954b4	16	3	27039.8	20.9276	27039.9	20.7804	7087	30.038	unclassified	chr6	110754909	110761996	0	7087	+	7094	7080	7078	7	7	2	60	1	0.999718	0.997745	0
PBE62253_skip_9d8de194_94a31e0b_37.pod5	db5368dc-adda-4c43-a194-43ff95167461	94a31e0b3732106207c0b307a445c20d576954b4	2171	4	27046.8	13.9772	27046.8	13.9752	5513	27.732	unclassified	chr7	36175711	36181190	7	5479	-	5481	5470	5460	2	9	10	60	0.992563	0.998172	0.996169	0
PBE62253_skip_9d8de194_94a31e0b_37.pod5	80cffd41-5f9f-4bb4-9004-079d1d3ea126	94a31e0b3732106207c0b307a445c20d576954b4	264	1	27052.1	8.9	27052.2	8.7888	3436	33.7368	unclassified	chr1	195520641	195524080	0	3436	+	3440	3435	3431	1	4	4	60	1	0.998836	0.997384	0
PBE62253_skip_9d8de194_94a31e0b_37.pod5	198a5a47-9e93-4eea-8edc-4410549169c4	94a31e0b3732106207c0b307a445c20d576954b4	775	3	27033.3	27.1196	27033.5	26.9196	11160	32.8696	unclassified	chr2	223244679	223255843	6	11160	-	11174	11144	11135	10	20	9	60	0.999462	0.999192	0.99651	0
PBE62253_skip_9d8de194_94a31e0b_37.pod5	27d71dff-1569-4fba-80b5-dea6f44d4c7a	94a31e0b3732106207c0b307a445c20d576954b4	2319	1	27045.3	15.3692	27045.4	15.2772	5923	11.9928	unclassified	chr19	56254111	56259350	612	5923	-	5320	5230	5217	81	9	13	60	0.896674	0.997514	0.980639	0
PBE62253_skip_9d8de194_94a31e0b_37.pod5	5aba9ed0-b8e1-46c1-8bc0-32c0c10ac74a	94a31e0b3732106207c0b307a445c20d576954b4	968	2	27024	36.1256	27024.2	35.9208	12275	28.7089	unclassified	chr17	78046992	78059260	0	12267	+	12275	12260	12250	7	8	10	60	0.999348	0.999184	0.997963	0
PBE62253_skip_9d8de194_94a31e0b_37.pod5	f36d4fb0-5729-4dd1-a953-10991dafcfb1	94a31e0b3732106207c0b307a445c20d576954b4	2073	4	27050.2	10.443	27050.2	10.441	3772	29.6086	unclassified	chr10	121167083	121170831	26	3772	+	3749	3745	3733	1	3	12	60	0.993107	0.996796	0.995732	0
PBE62253_skip_9d8de194_94a31e0b_37.pod5	28f4cb32-cfc2-49e4-b76e-958ee236e8bd	94a31e0b3732106207c0b307a445c20d576954b4	2915	3	27040.4	19.2524	27040.6	19.1124	6863	28.0163	unclassified	chr13	80192015	80198540	7	6863	-	6862	6519	6501	337	6	18	60	0.99898	0.997239	0.947391	0
PBE62253_skip_9d8de194_94a31e0b_37.pod5	49a908a0-3536-48f7-b035-cea729f358f3	94a31e0b3732106207c0b307a445c20d576954b4	2570	3	27050.2	10.154	27050.4	9.9588	4304	27.604	unclassified	chr1	31989890	31994190	6	4304	-	4306	4292	4290	6	8	2	60	0.998606	0.999534	0.996284	0
PBE62253_skip_9d8de194_94a31e0b_37.pod5	bf9e9e9d-2ce6-4afd-bd24-a775282190ed	94a31e0b3732106207c0b307a445c20d576954b4	2087	4	26945.5	118.932	26945.6	118.801	44814	26.7614	unclassified	chr16	57688314	57733117	6	44814	-	44874	44737	44694	71	66	43	60	0.999866	0.999039	0.995989	0
PBE62253_skip_9d8de194_94a31e0b_37.pod5	356a2dc5-aa38-459b-b0cd-beb66ef616ab	94a31e0b3732106207c0b307a445c20d576954b4	865	3	27009.6	51.0992	27009.8	50.9376	17646	28.2989	unclassified	chr5	39390506	39408064	72	17646	-	17601	17531	17501	43	27	30	60	0.99592	0.998289	0.994318	0
PBE62253_skip_9d8de194_94a31e0b_37.pod5	86bdc044-4c85-4bb5-8398-7ce8f2c724c1	94a31e0b3732106207c0b307a445c20d576954b4	1985	1	27017.2	43.7132	27017.3	43.5804	16394	26.9354	unclassified	chr2	189890524	189906605	307	16394	-	16104	16064	16037	23	17	27	60	0.981274	0.998319	0.99584	0
PBE62253_skip_9d8de194_94a31e0b_37.pod5	3562e8fd-4b9e-458c-9bc6-a84b9740f78f	94a31e0b3732106207c0b307a445c20d576954b4	2584	2	27034.6	25.4856	27034.6	25.4836	9645	33.1019	unclassified	chr12	30045820	30055423	34	9638	+	9613	9594	9575	10	9	19	60	0.995749	0.99802	0.996047	0
PBE62253_skip_9d8de194_94a31e0b_37.pod5	5c34a506-0510-453a-9d10-8308f34377ad	94a31e0b3732106207c0b307a445c20d576954b4	2039	4	27048	12.71	27048.1	12.618	5822	26.6316	unclassified	chr20	30279607	30285428	0	5822	+	5827	5816	5810	6	5	6	60	1	0.998968	0.997083	0
PBE62253_skip_9d8de194_94a31e0b_37.pod5	7d4ada6f-6ca1-453e-9aee-a1491eb00b1a	94a31e0b3732106207c0b307a445c20d576954b4	428	3	27017.9	42.4628	27018.1	42.246	11601	23.7866	unclassified	chr9	85371246	85382844	8	11601	-	11608	11583	11546	10	15	37	60	0.99931	0.996806	0.994659	0
PBE62253_skip_9d8de194_94a31e0b_37.pod5	508e875f-1b45-4a34-85e0-e86de7926003	94a31e0b3732106207c0b307a445c20d576954b4	563	3	27056.2	4.986	27056.3	4.8984	1958	35.1653	unclassified	chr20	31082398	31084356	5	1958	-	1958	1953	1953	0	5	0	60	0.997446	1	0.997446	0
PBE62253_skip_9d8de194_94a31e0b_37.pod5	d1ec0bdb-dbf8-4abf-82f9-e3d6db15ecc2	94a31e0b3732106207c0b307a445c20d576954b4	563	3	27040	16.2156	27040.1	16.05	6489	30.4547	unclassified	chr7	127534567	127541040	0	6480	+	6489	6464	6455	16	9	9	60	0.998613	0.998608	0.99476	0
PBE62253_skip_9d8de194_94a31e0b_37.pod5	c071fec1-a52f-4fa5-9014-65a11c204655	94a31e0b3732106207c0b307a445c20d576954b4	1829	2	27049.3	12.2194	27049.3	12.2174	3024	19.0609	unclassified	chr3	96593345	96596329	0	2984	-	2991	2977	2950	7	7	27	60	0.986772	0.99093	0.986292	0
PBE62253_skip_9d8de194_94a31e0b_37.pod5	cd439592-cb63-436d-bad3-7076b4a8a149	94a31e0b3732106207c0b307a445c20d576954b4	2071	1	27050.7	10.736	27050.8	10.62	4144	28.5465	unclassified	chr1	241687482	241691616	0	4134	+	4136	4132	4126	2	2	6	60	0.997587	0.998548	0.997582	0
PBE62253_skip_9d8de194_94a31e0b_37.pod5	02f85d10-5f00-4d66-bcbc-334c0e797572	94a31e0b3732106207c0b307a445c20d576954b4	2163	3	27050	10.7108	27050.1	10.6152	4610	25.1628	unclassified	chr3	139683053	139687660	0	4609	-	4612	4604	4594	5	3	10	60	0.999783	0.997828	0.996097	0
PBE62253_skip_9d8de194_94a31e0b_37.pod5	b3e602f7-b7fe-4391-acc5-fdb365abe2b5	94a31e0b3732106207c0b307a445c20d576954b4	1452	1	27042.6	18.686	27042.7	18.51	7118	31.2552	unclassified	chr10	52082758	52089872	7	7118	-	7122	7103	7097	8	11	6	60	0.999017	0.999155	0.99649	0
PBE62253_skip_9d8de194_94a31e0b_37.pod5	ec2725ca-00dd-402e-b7fc-cf3e81e7b4db	94a31e0b3732106207c0b307a445c20d576954b4	1777	4	27048.3	13.1564	27048.4	13.0692	5399	28.8395	unclassified	chr2	137873388	137878788	0	5394	+	5403	5391	5378	3	9	13	60	0.999074	0.997589	0.995373	0
PBE62253_skip_9d8de194_94a31e0b_37.pod5	cae32ae0-144e-42dc-920a-be05c95ed86e	94a31e0b3732106207c0b307a445c20d576954b4	1528	2	27055.6	5.7044	27055.7	5.6004	2314	29.0276	unclassified	chr1	73586318	73588632	0	2309	+	2314	2309	2304	0	5	5	60	0.997839	0.997835	0.995678	0
PBE62253_skip_9d8de194_94a31e0b_37.pod5	bffdfde9-caeb-41cd-8587-e4d4298ed384	94a31e0b3732106207c0b307a445c20d576954b4	691	3	27046.5	14.9714	27046.5	14.9694	6789	27.6044	unclassified	chr5	111623181	111629934	37	6779	+	6756	6739	6726	3	14	13	60	0.993077	0.998071	0.99556	0
PBE62253_skip_9d8de194_94a31e0b_37.pod5	5cccb5c4-421d-4bc1-b76c-6f922af09fd7	94a31e0b3732106207c0b307a445c20d576954b4	1787	4	27047.9	13.7636	27048	13.65	5547	29.6603	unclassified	chr3	111110105	111115656	6	5547	-	5553	5539	5535	2	12	4	60	0.998918	0.999278	0.996759	0
PBE62253_skip_9d8de194_94a31e0b_37.pod5	e7e94a77-3f60-4e9b-a50b-969b4eb2d5dd	94a31e0b3732106207c0b307a445c20d576954b4	2894	1	27044.7	16.976	27044.8	16.9176	4787	29.1317	unclassified	chr7	121326421	121331219	0	4787	+	4806	4779	4773	8	19	6	60	1	0.998744	0.993134	0
PBE62253_skip_9d8de194_94a31e0b_37.pod5	212ba087-4651-473b-9023-166d000fc339	94a31e0b3732106207c0b307a445c20d576954b4	89	2	27037.2	23.8772	27037.4	23.7276	9341	29.9087	unclassified	chr4	162581240	162590593	7	9341	-	9362	9325	9290	9	28	35	60	0.999251	0.996247	0.992309	0
PBE62253_skip_9d8de194_94a31e0b_37.pod5	15e77382-fab0-4530-90ec-403e9057174b	94a31e0b3732106207c0b307a445c20d576954b4	593	2	27031.2	30.176	27031.4	30.0672	10713	28.6502	unclassified	chr15	28482882	28493593	0	10708	+	10737	10682	10625	26	29	57	27	0.999533	0.994664	0.989569	0
PBE62253_skip_9d8de194_94a31e0b_37.pod5	9861a7e7-e574-4c9a-a58d-a9990124caa7	94a31e0b3732106207c0b307a445c20d576954b4	2194	3	26982.3	77.4644	26982.4	77.3724	22820	29.0943	unclassified	chr1	225962269	225984856	6	22820	-	22835	22566	22516	248	21	50	60	0.999737	0.997784	0.98603	0
PBE62253_skip_9d8de194_94a31e0b_37.pod5	f1377268-975d-4145-aa01-0985dac4fd6b	94a31e0b3732106207c0b307a445c20d576954b4	357	3	27050.8	11.1222	27050.8	11.1202	4028	36.9833	unclassified	chr13	17854161	17858158	31	4028	+	3998	3996	3949	1	1	47	1	0.992304	0.988238	0.987744	0
PBE62253_skip_9d8de194_94a31e0b_37.pod5	eaa65f04-3f84-4887-a605-3a99a7153508	94a31e0b3732106207c0b307a445c20d576954b4	908	1	27056.6	5.4362	27056.6	5.4342	2365	15.4319	unclassified	chr4	46224272	46226590	7	2325	-	2338	2298	2264	20	20	34	60	0.980127	0.985205	0.968349	0
PBE62253_skip_9d8de194_94a31e0b_37.pod5	f2d89688-2548-4bf0-befd-b1e323c5177f	94a31e0b3732106207c0b307a445c20d576954b4	619	1	27030.3	31.0592	27030.4	30.9288	8342	26.3902	unclassified	chr1	223732655	223740985	6	8342	-	8344	8322	8311	14	8	11	60	0.999281	0.998678	0.996045	0
PBE62253_skip_9d8de194_94a31e0b_37.pod5	0f04e807-8185-4f6c-9c52-c17dae891ad0	94a31e0b3732106207c0b307a445c20d576954b4	922	3	27034.4	26.8114	27034.4	26.8094	9896	26.8761	unclassified	chr14	34369674	34379274	4	9865	-	9915	9546	9511	315	54	35	60	0.996463	0.996334	0.959254	0
PBE62253_skip_9d8de194_94a31e0b_37.pod5	bf2e65e7-45f2-4eb0-be69-41300ac73796	94a31e0b3732106207c0b307a445c20d576954b4	2158	3	27020.5	41.108	27020.7	40.9752	15698	29.7342	unclassified	chr4	167527022	167542716	7	15698	-	15707	15678	15654	13	16	24	60	0.999554	0.998469	0.996626	0
PBE62253_skip_9d8de194_94a31e0b_37.pod5	8004c68f-f286-4597-bd16-ee6d9ecd85ca	94a31e0b3732106207c0b307a445c20d576954b4	2216	2	27038	23.7224	27038.1	23.592	9999	26.3871	unclassified	chr10	8426244	8436212	0	9992	+	10005	9955	9937	37	13	18	60	0.9993	0.998192	0.993203	0
PBE62253_skip_9d8de194_94a31e0b_37.pod5	42fc249c-bc1e-4f6a-9b75-108276b03197	94a31e0b3732106207c0b307a445c20d576954b4	1068	2	27028.5	33.2456	27028.6	33.12	12331	32.9367	unclassified	chr10	77103928	77116253	0	12324	+	12330	12319	12309	5	6	10	60	0.999432	0.999188	0.998297	0
PBE62253_skip_9d8de194_94a31e0b_37.pod5	e36ace73-d09e-41af-acfa-c0d12e78976e	94a31e0b3732106207c0b307a445c20d576954b4	1637	3	27050.6	11.4596	27050.6	11.4576	4697	9.97159	unclassified	chr7	18853935	18858626	39	4692	+	4858	4486	4242	167	205	244	60	0.990632	0.945609	0.873199	0
PBE62253_skip_9d8de194_94a31e0b_37.pod5	945dce07-f3ca-47f6-a571-bf6360fcd591	94a31e0b3732106207c0b307a445c20d576954b4	2137	1	27058.6	3.0692	27058.8	2.934	1201	33.9453	unclassified	chr5	44382115	44383316	0	1201	+	1201	1201	1201	0	0	0	60	1	1	1	0
PBE62253_skip_9d8de194_94a31e0b_37.pod5	64c8dc07-f7f3-40e2-96a2-5917db2dba80	94a31e0b3732106207c0b307a445c20d576954b4	385	4	27052.3	10.046	27052.5	9.8916	3641	33.1245	unclassified	chr2	5482170	5485814	0	3635	+	3645	3634	3630	1	10	4	60	0.998352	0.998899	0.995885	0
PBE62253_skip_9d8de194_94a31e0b_37.pod5	46fb518f-da7e-4503-adcd-01b79644412e	94a31e0b3732106207c0b307a445c20d576954b4	2221	1	27038.5	23.3324	27038.7	23.2044	8813	26.9922	unclassified	chr3	23200418	23208833	0	8403	+	8426	8392	8380	11	23	12	60	0.953478	0.99857	0.994541	0
PBE62253_skip_9d8de194_94a31e0b_37.pod5	d1a31528-c8a8-4f84-b4a4-817e89121a4a	94a31e0b3732106207c0b307a445c20d576954b4	2717	2	27036.2	25.7984	27036.4	25.6584	8738	29.2327	unclassified	chr5	148517909	148526648	0	8734	+	8741	8732	8713	2	7	19	60	0.999542	0.997824	0.996797	0
PBE62253_skip_9d8de194_94a31e0b_37.pod5	77b94b17-29e5-4b71-ab61-7adcaa430257	94a31e0b3732106207c0b307a445c20d576954b4	2811	1	27046	16.1786	27046	16.1766	6647	18.102	unclassified	chr1	16783183	16789779	37	6647	+	6647	6559	6478	51	37	81	60	0.994434	0.987651	0.974575	0
PBE62253_skip_9d8de194_94a31e0b_37.pod5	ae43c643-05cb-4811-9dad-1817474652ce	94a31e0b3732106207c0b307a445c20d576954b4	1277	3	27053.6	8.6436	27053.6	8.6416	3056	26.9839	unclassified	chr6	63703215	63706227	7	3022	-	3017	3010	3004	5	2	6	60	0.986584	0.998007	0.995691	0
PBE62253_skip_9d8de194_94a31e0b_37.pod5	c5a2cddb-4719-4fa1-b85c-e98ad8c15894	94a31e0b3732106207c0b307a445c20d576954b4	1672	3	27054.8	7.4	27055	7.2384	2848	32.8034	unclassified	chr13	59968396	59971240	6	2848	-	2844	2842	2841	0	2	1	60	0.997893	0.999648	0.998945	0
PBE62253_skip_9d8de194_94a31e0b_37.pod5	51674e1c-4476-49d9-a469-bca2bff8a25d	94a31e0b3732106207c0b307a445c20d576954b4	1867	4	27029.8	31.7468	27029.9	31.6596	11649	37.5548	unclassified	chr20	27458511	27469987	0	11644	+	11649	11471	11330	173	5	141	2	0.999571	0.987708	0.972616	0
PBE62253_skip_9d8de194_94a31e0b_37.pod5	fcfcab7e-8fd8-4e01-a418-f6d2c3bb5c03	94a31e0b3732106207c0b307a445c20d576954b4	2409	2	27040.7	21.2744	27040.8	21.1728	8619	32.1333	unclassified	chr13	70320742	70329364	0	8619	-	8627	8614	8581	5	8	33	60	1	0.996169	0.994668	0
PBE62253_skip_9d8de194_94a31e0b_37.pod5	36e02507-8dff-4c51-aed5-f56041bf4990	94a31e0b3732106207c0b307a445c20d576954b4	206	3	27040.5	21.2144	27040.7	21.0528	7162	29.131	unclassified	chr8	67042912	67050061	0	7159	+	7165	7143	7136	16	6	7	60	0.999581	0.99902	0.995953	0
PBE62253_skip_9d8de194_94a31e0b_37.pod5	dc63874e-9575-4e82-a113-9125f490fe16	94a31e0b3732106207c0b307a445c20d576954b4	126	4	27034.4	26.6104	27034.4	26.6084	10778	24.111	unclassified	chr14	81387136	81397887	0	10742	-	10775	10718	10687	24	33	31	60	0.99666	0.997108	0.991833	0
PBE62253_skip_9d8de194_94a31e0b_37.pod5	dcaf232c-41fd-4d18-b430-40e43934ac8e	94a31e0b3732106207c0b307a445c20d576954b4	644	4	27017.3	44.3074	27017.3	44.3054	16436	11.6843	unclassified	chr11	88772097	88788624	7	16396	-	16847	16069	15484	320	458	585	60	0.99714	0.963594	0.919095	0
PBE62253_skip_9d8de194_94a31e0b_37.pod5	1b28d45e-0f63-4a23-8779-b67e8768d3fd	94a31e0b3732106207c0b307a445c20d576954b4	927	3	27034.2	28.2632	27034.3	28.1424	10685	27.0148	unclassified	chr2	162846350	162857027	6	10685	-	10689	10667	10650	12	10	17	60	0.999438	0.998406	0.996351	0
PBE62253_skip_9d8de194_94a31e0b_37.pod5	39533f9c-fcab-491b-9878-64100ed37bfb	94a31e0b3732106207c0b307a445c20d576954b4	855	1	27035.8	26.372	27036	26.196	10380	28.2682	unclassified	chr6	3013668	3024070	5	10380	-	10411	10366	10325	9	36	41	60	0.999518	0.996045	0.99174	0
PBE62253_skip_9d8de194_94a31e0b_37.pod5	f36a0a4b-1b3f-4da4-8209-45ff96708bb2	94a31e0b3732106207c0b307a445c20d576954b4	2391	2	27039.2	23.1692	27039.3	23.0844	7251	34.3068	unclassified	chr4	121399677	121406911	0	7245	+	7248	7231	7231	14	3	0	60	0.999173	1	0.997654	0
PBE62253_skip_9d8de194_94a31e0b_37.pod5	f1c864e2-06ed-4385-84c7-fef433478c63	94a31e0b3732106207c0b307a445c20d576954b4	2367	1	26972.6	87.4328	26972.8	87.2784	33946	30.3757	unclassified	chr1	164712592	164746526	0	33941	+	33969	33906	33871	35	28	35	60	0.999853	0.998968	0.997115	0
PBE62253_skip_9d8de194_94a31e0b_37.pod5	579d8793-36ad-4bf8-b00b-597633859df5	94a31e0b3732106207c0b307a445c20d576954b4	372	1	27046.6	15.3344	27046.7	15.1992	5520	27.1344	unclassified	chrX	129229407	129234925	0	5520	-	5524	5514	5500	6	4	14	60	1	0.997461	0.995655	0
PBE62253_skip_9d8de194_94a31e0b_37.pod5	848e35b9-8740-4a2c-b45c-37d820e48ffb	94a31e0b3732106207c0b307a445c20d576954b4	1062	1	27028	34.1156	27028.1	34.0164	11417	13.5199	unclassified	chr16	54576891	54586966	8	11417	-	11422	10062	10056	1347	13	6	60	0.999299	0.999404	0.880406	0
PBE62253_skip_9d8de194_94a31e0b_37.pod5	fdbe31c0-d2b3-467d-a8c1-a5bd22655f10	94a31e0b3732106207c0b307a445c20d576954b4	19	4	27052.2	10.6448	27052.3	10.5456	4687	24.4702	unclassified	chr16	72464276	72468950	11	4687	-	4690	4660	4648	16	14	12	60	0.997653	0.997425	0.991045	0
PBE62253_skip_9d8de194_94a31e0b_37.pod5	c9319015-8dd3-4402-8d14-86f68a0e34d5	94a31e0b3732106207c0b307a445c20d576954b4	376	4	27051	11.6684	27051.1	11.5308	4752	29.0163	unclassified	chr8	81643690	81648438	0	4752	+	4753	4747	4732	5	1	15	60	1	0.99684	0.995582	0
PBE62253_skip_9d8de194_94a31e0b_37.pod5	1a54605c-a263-40a5-ad84-abb1776ab3bb	94a31e0b3732106207c0b307a445c20d576954b4	2791	2	27040.9	21.0668	27041	20.922	8405	33.7944	unclassified	chr5	95360608	95369010	7	8405	-	8405	8395	8386	3	7	9	60	0.999167	0.998928	0.997739	0
PBE62253_skip_9d8de194_94a31e0b_37.pod5	74153932-0c2a-488c-80cf-04dd8a51626b	94a31e0b3732106207c0b307a445c20d576954b4	2213	2	27033	29.3384	27033	29.244	8766	32.951	unclassified	chr17	59321093	59329844	0	8760	+	8769	8742	8729	18	9	13	60	0.999316	0.998513	0.995438	0
PBE62253_skip_9d8de194_94a31e0b_37.pod5	9b2fee0b-cbc9-44e9-8202-c796a2a7fc0c	94a31e0b3732106207c0b307a445c20d576954b4	2884	3	27038.1	24.374	27038.2	24.2244	6784	28.5735	unclassified	chr2	35731468	35738243	6	6784	-	6786	6767	6767	11	8	0	60	0.999116	1	0.9972	0
PBE62253_skip_9d8de194_94a31e0b_37.pod5	f0d85bce-714e-445a-ae8a-14bf2c293b5e	94a31e0b3732106207c0b307a445c20d576954b4	2708	3	27034.7	27.992	27034.7	27.8952	11264	14.6289	unclassified	chr4	100674675	100685283	7	11264	-	11279	10586	10576	671	22	10	60	0.999379	0.999055	0.937672	0
PBE62253_skip_9d8de194_94a31e0b_37.pod5	d84f74e3-4de1-4f9f-ae6b-788eebeaf6b4	94a31e0b3732106207c0b307a445c20d576954b4	2596	2	27025.7	36.1964	27025.8	36.0924	12307	28.9562	unclassified	chr3	53093187	53105497	7	12307	-	12324	12286	12251	14	24	35	60	0.999431	0.997151	0.994077	0
PBE62253_skip_9d8de194_94a31e0b_37.pod5	804dd770-3984-4234-a11c-db72a0edb60c	94a31e0b3732106207c0b307a445c20d576954b4	2935	3	27004.9	56.2934	27004.9	56.2914	20981	26.8269	unclassified	chr5	140261636	140282566	32	20975	+	20980	20893	20866	50	37	27	60	0.998189	0.998708	0.994566	0
PBE62253_skip_9d8de194_94a31e0b_37.pod5	858889b4-b576-47e2-9517-eab41f356d16	94a31e0b3732106207c0b307a445c20d576954b4	809	3	27014.8	47.4716	27014.9	47.3484	19884	19.9423	unclassified	chr14	45503208	45522334	0	19884	-	19951	19059	18970	825	67	89	60	1	0.99533	0.95083	0
PBE62253_skip_9d8de194_94a31e0b_37.pod5	2ab1f6c2-6056-408e-b3d9-6e264f25879d	94a31e0b3732106207c0b307a445c20d576954b4	784	2	27049	14.0036	27049.2	13.8132	5337	32.802	unclassified	chr21	24285197	24290531	0	5330	+	5334	5330	5320	0	4	10	60	0.998688	0.998124	0.997375	0
PBE62253_skip_9d8de194_94a31e0b_37.pod5	c51de1c7-bd5f-4484-8876-eb0c2707b4c6	94a31e0b3732106207c0b307a445c20d576954b4	2211	1	27021.9	40.3628	27022	40.2636	15762	29.8759	unclassified	chr8	140800451	140816227	6	15762	-	15789	15743	15726	13	33	17	60	0.999619	0.99892	0.99601	0
PBE62253_skip_9d8de194_94a31e0b_37.pod5	6064df08-bc27-4094-8df9-15a6a291e61c	94a31e0b3732106207c0b307a445c20d576954b4	555	3	27059.1	4.0618	27059.1	4.0598	1614	31.4484	unclassified	chr1	116037751	116039332	34	1614	+	1582	1579	1575	1	2	4	60	0.978934	0.997467	0.995575	0
PBE62253_skip_9d8de194_94a31e0b_37.pod5	cba986bf-2074-4147-b1ca-565e919aea15	94a31e0b3732106207c0b307a445c20d576954b4	1530	3	26954	107.419	26954.1	107.291	42279	28.5674	unclassified	chr7	147349034	147391347	0	42271	+	42330	42254	42178	17	59	76	60	0.999811	0.998201	0.996409	0
PBE62253_skip_9d8de194_94a31e0b_37.pod5	4b75eec6-17a1-4097-87cf-fd0ef1a5d811	94a31e0b3732106207c0b307a445c20d576954b4	1425	3	27045.2	17.6202	27045.2	17.6182	6530	20.9058	unclassified	chr8	140501189	140507545	193	6525	+	6366	6322	6306	10	34	16	60	0.969678	0.997469	0.990575	0
PBE62253_skip_9d8de194_94a31e0b_37.pod5	20b17ab8-aa99-4200-a0d6-c01a9401898e	94a31e0b3732106207c0b307a445c20d576954b4	2892	4	27013	48.1096	27013	48.1076	16389	16.9246	unclassified	chr1	206580215	206596590	7	16365	-	16539	16194	15997	164	181	197	60	0.998109	0.987835	0.967229	0
PBE62253_skip_9d8de194_94a31e0b_37.pod5	32549e88-1371-4410-bf88-747c1aa2d2af	94a31e0b3732106207c0b307a445c20d576954b4	727	1	27002.8	59.036	27003	58.824	17407	16.4265	unclassified	chr15	26038762	26056189	6	17407	-	17598	17230	17032	171	197	198	60	0.999655	0.988508	0.967837	0
PBE62253_skip_9d8de194_94a31e0b_37.pod5	335bade8-8c21-4482-b89f-0021c6aa2f5b	94a31e0b3732106207c0b307a445c20d576954b4	911	3	26999.7	61.856	26999.9	61.7136	19801	28.9865	unclassified	chr7	66215472	66235269	0	19796	+	19831	19762	19742	34	35	20	60	0.999748	0.998988	0.995512	0
PBE62253_skip_9d8de194_94a31e0b_37.pod5	2996e8ff-1123-4d38-b273-59b8b52b1e29	94a31e0b3732106207c0b307a445c20d576954b4	381	3	27051.6	11.7092	27051.8	11.5716	4255	30.016	unclassified	chr11	37163501	37167755	0	4255	+	4259	4250	4241	5	4	9	60	1	0.997882	0.995774	0
PBE62253_skip_9d8de194_94a31e0b_37.pod5	0511dbff-7514-4c25-be9a-6fe7a33b4391	94a31e0b3732106207c0b307a445c20d576954b4	2124	2	27003.8	57.4856	27004	57.2952	21876	28.1742	unclassified	chr21	38040111	38061025	0	21876	-	21905	20885	20864	991	29	21	60	1	0.998994	0.952477	0
PBE62253_skip_9d8de194_94a31e0b_37.pod5	af71cf8e-752e-4d8b-896d-2a67f6b4dac9	94a31e0b3732106207c0b307a445c20d576954b4	2099	4	27056.3	6.9118	27056.3	6.9098	3048	30.6836	unclassified	chr4	50555347	50558346	6	3004	-	3002	2995	2944	3	4	51	1	0.983596	0.982972	0.98068	0
PBE62253_skip_9d8de194_94a31e0b_37.pod5	c63506a1-bd89-47e1-81c1-ebea301de180	94a31e0b3732106207c0b307a445c20d576954b4	1400	3	26960.2	101.908	26960.4	101.742	28401	29.5471	unclassified	chr18	4141290	4169668	0	28392	+	28404	28366	28347	26	12	19	60	0.999683	0.99933	0.997993	0
PBE62253_skip_9d8de194_94a31e0b_37.pod5	ff3d7893-1be4-443c-b677-6e69c481f3c5	94a31e0b3732106207c0b307a445c20d576954b4	952	2	27049.4	13.6604	27049.4	13.6584	4878	11.6018	unclassified	chr18	49077815	49082847	0	4878	-	5116	4794	4605	84	238	189	60	1	0.960576	0.900117	0
PBE62253_skip_9d8de194_94a31e0b_37.pod5	939bc792-9311-4179-8a49-37ad77edceb5	94a31e0b3732106207c0b307a445c20d576954b4	2823	4	27052.1	11.132	27052.3	10.9584	3991	32.125	unclassified	chr2	164176497	164180482	0	3983	+	3985	3983	3977	0	2	6	60	0.997995	0.998494	0.997992	0
PBE62253_skip_9d8de194_94a31e0b_37.pod5	5494100b-07bd-4072-a159-684d8015bde4	94a31e0b3732106207c0b307a445c20d576954b4	2430	2	27031.2	31.676	27031.4	31.5048	11103	30.4165	unclassified	chr2	3904455	3915547	0	11093	+	11097	11088	11084	5	4	4	60	0.999099	0.999639	0.998829	0
PBE62253_skip_9d8de194_94a31e0b_37.pod5	bc8cb45b-d67e-40ba-a261-b0e56c974cf7	94a31e0b3732106207c0b307a445c20d576954b4	2559	1	27034.4	28.7612	27034.5	28.6452	11693	27.7159	unclassified	chr8	20851155	20862844	0	11693	-	11704	11678	11669	15	11	9	60	1	0.999229	0.99701	0
PBE62253_skip_9d8de194_94a31e0b_37.pod5	eaf8678a-c713-4331-8f2b-7c7c2e89f7a2	94a31e0b3732106207c0b307a445c20d576954b4	1337	4	27057.5	5.6984	27057.7	5.5056	970	37.0136	unclassified	chr13	104323847	104324818	0	970	-	971	970	969	0	1	1	60	1	0.998969	0.99794	0
PBE62253_skip_9d8de194_94a31e0b_37.pod5	db372560-89ce-45e4-bde0-a7dd8add6957	94a31e0b3732106207c0b307a445c20d576954b4	1290	1	27057.3	6.0776	27057.4	5.9904	2397	28.578	unclassified	chr20	23433207	23435596	7	2397	-	2391	2388	2382	2	1	6	60	0.99708	0.997487	0.996236	0
PBE62253_skip_9d8de194_94a31e0b_37.pod5	79aca495-8c58-4c57-8032-7b52d851ce00	94a31e0b3732106207c0b307a445c20d576954b4	698	1	27034.7	28.5452	27034.9	28.398	10200	27.6214	unclassified	chr1	20556139	20566300	0	10200	+	10206	10155	10115	45	6	40	60	1	0.996061	0.991084	0
PBE62253_skip_9d8de194_94a31e0b_37.pod5	5ae4d806-f97c-4828-9027-301d76eb76ba	94a31e0b3732106207c0b307a445c20d576954b4	2571	2	27049.8	13.8008	27050	13.6512	5587	29.0869	unclassified	chr1	3752076	3757653	0	5577	+	5583	5571	5569	6	6	2	60	0.99821	0.999641	0.997492	0
PBE62253_skip_9d8de194_94a31e0b_37.pod5	fa7188db-a684-4d6a-9950-56bc26ab3602	94a31e0b3732106207c0b307a445c20d576954b4	2922	4	27032.2	30.3248	27032.4	30.1824	10233	28.1027	unclassified	chr8	11311731	11321969	0	10227	+	10239	10226	10195	1	12	31	60	0.999414	0.996969	0.995703	0
PBE62253_skip_9d8de194_94a31e0b_37.pod5	4be0ae24-2276-47f0-b650-53a855b67df0	94a31e0b3732106207c0b307a445c20d576954b4	373	3	27038.2	25.0064	27038.3	24.8928	9255	27.9583	unclassified	chr4	167886698	167895962	6	9255	-	9267	9246	9218	3	18	28	60	0.999352	0.996972	0.994712	0
PBE62253_skip_9d8de194_94a31e0b_37.pod5	074f94af-abaf-48d4-a5d4-741630af345a	94a31e0b3732106207c0b307a445c20d576954b4	1948	3	27035.4	28.142	27035.5	28.0092	10752	30.041	unclassified	chr7	40589777	40600536	0	10752	+	10763	10748	10745	4	11	3	60	1	0.999721	0.998328	0
PBE62253_skip_9d8de194_94a31e0b_37.pod5	0aa6a8cc-75ae-44aa-a39b-6cc573902282	94a31e0b3732106207c0b307a445c20d576954b4	2352	2	27039.4	23.7992	27039.5	23.6472	9530	30.1153	unclassified	chr2	169778335	169790332	6	9530	-	12020	9501	9450	23	2496	51	60	0.99937	0.994632	0.78619	0
PBE62253_skip_9d8de194_94a31e0b_37.pod5	1b4414fd-1cca-46c0-8d84-596e315c4869	94a31e0b3732106207c0b307a445c20d576954b4	724	4	27035.8	27.0212	27035.9	26.8896	10219	38.4081	unclassified	chr7	60016658	60026864	3	10213	+	10211	10205	10113	5	1	92	8	0.999119	0.990985	0.990403	0
PBE62253_skip_9d8de194_94a31e0b_37.pod5	9932d03d-4b27-4a80-b090-67c006378e44	94a31e0b3732106207c0b307a445c20d576954b4	2284	3	27056.7	7.1012	27056.8	7.0116	3042	24.0912	unclassified	chr7	131556092	131559131	0	3036	+	3055	3020	3014	16	19	6	60	0.998028	0.998013	0.986579	0
PBE62253_skip_9d8de194_94a31e0b_37.pod5	40b63d9e-c73d-4843-a2da-50555c08976d	94a31e0b3732106207c0b307a445c20d576954b4	2853	2	27055	8.9564	27055.1	8.826	3526	25.4958	unclassified	chr11	50349166	50352668	10	3526	-	3519	3499	3492	17	3	7	0	0.997164	0.997999	0.992327	0
PBE62253_skip_9d8de194_94a31e0b_37.pod5	8e65a329-cb2c-48a0-b814-644753f10ce4	94a31e0b3732106207c0b307a445c20d576954b4	194	3	27042.8	20.156	27042.9	20.0232	7515	29.2559	unclassified	chr6	139934666	139942178	0	7510	+	7514	7508	7504	2	4	4	60	0.999335	0.999467	0.998669	0
PBE62253_skip_9d8de194_94a31e0b_37.pod5	00de9471-1f44-4a2d-8221-34fdfb9220ef	94a31e0b3732106207c0b307a445c20d576954b4	179	3	27051.5	12.3824	27051.6	12.3048	4867	28.6945	unclassified	chr8	102302310	102307169	0	4858	+	4861	4856	4854	2	3	2	60	0.998151	0.999588	0.99856	0
PBE62253_skip_9d8de194_94a31e0b_37.pod5	9641f99c-232c-4eae-824d-448ecdd2c9ef	94a31e0b3732106207c0b307a445c20d576954b4	1647	3	27055.6	8.6684	27055.7	8.5716	3512	29.7024	unclassified	chr2	81171378	81174880	0	3505	+	3507	3500	3498	5	2	2	60	0.998007	0.999429	0.997434	0
PBE62253_skip_9d8de194_94a31e0b_37.pod5	27176cf4-19f2-4658-b78a-db1a000aa0f8	94a31e0b3732106207c0b307a445c20d576954b4	1707	1	27058.7	5.4356	27058.8	5.3292	2080	29.447	unclassified	chr3	28868379	28870444	0	2067	+	2067	2065	2065	2	0	0	60	0.99375	1	0.999032	0
PBE62253_skip_9d8de194_94a31e0b_37.pod5	755fb9bf-d08c-4435-b754-86f441b3df1f	94a31e0b3732106207c0b307a445c20d576954b4	664	3	27041.5	21.3456	27041.5	21.3436	8975	17.7144	unclassified	chr1	228131175	228140130	38	8972	+	9018	8871	8771	63	84	100	60	0.995432	0.988727	0.97261	0
PBE62253_skip_9d8de194_94a31e0b_37.pod5	d9baca66-ecf2-4767-9e7f-a29a7e893537	94a31e0b3732106207c0b307a445c20d576954b4	1614	4	27027.6	35.87	27027.8	35.7612	13732	29.4365	unclassified	chr14	82782222	82790603	6	8377	-	8382	8370	8363	1	11	7	60	0.609598	0.999164	0.997733	0
PBE62253_skip_9d8de194_94a31e0b_37.pod5	35d0c091-c54b-4c46-8418-29adf3850116	94a31e0b3732106207c0b307a445c20d576954b4	777	2	27049	15.1136	27049.2	14.9688	5985	18.1724	unclassified	chr2	44944978	44949306	1672	5973	-	4346	4283	4236	18	45	47	60	0.71863	0.989026	0.974689	0
PBE62253_skip_9d8de194_94a31e0b_37.pod5	bbe6cd41-c176-4e35-8d74-e5ce0b02c54e	94a31e0b3732106207c0b307a445c20d576954b4	1820	2	27054.6	9.4964	27054.7	9.3816	3613	22.2742	unclassified	chr4	135769016	135772621	5	3612	-	3613	3599	3589	8	6	10	60	0.998339	0.997221	0.993357	0
PBE62253_skip_9d8de194_94a31e0b_37.pod5	c296a6ab-6998-4571-adc6-38a785425194	94a31e0b3732106207c0b307a445c20d576954b4	59	3	27043.8	20.0842	27043.8	20.0822	8051	20.9495	unclassified	chr6	154049326	154057291	7	7959	-	7977	7940	7924	12	25	16	60	0.987703	0.997985	0.993356	0
PBE62253_skip_9d8de194_94a31e0b_37.pod5	fefa2035-41c2-4429-9636-171f09cb78eb	94a31e0b3732106207c0b307a445c20d576954b4	703	3	27045.5	17.4746	27045.5	17.4726	6855	30.3982	unclassified	chr9	67436635	67443435	10	6822	-	6820	6792	6776	20	8	16	28	0.993727	0.997644	0.993548	0
PBE62253_skip_9d8de194_94a31e0b_37.pod5	a3b6652f-79ba-4bf7-82c2-8c60a8ce4e26	94a31e0b3732106207c0b307a445c20d576954b4	2670	4	27033.5	29.4404	27033.6	29.3076	10606	24.7826	unclassified	chr21	8215572	8226212	4	10606	-	10733	10509	10473	93	131	36	60	0.999623	0.996574	0.975776	0
PBE62253_skip_9d8de194_94a31e0b_37.pod5	a9900677-cf36-444d-b5ac-27684c6a37b4	94a31e0b3732106207c0b307a445c20d576954b4	1384	4	27043.1	19.9916	27043.1	19.9896	8520	26.8204	unclassified	chr7	129793157	129801606	26	8512	+	8520	8415	8392	71	34	23	60	0.996009	0.997267	0.984977	0
PBE62253_skip_9d8de194_94a31e0b_37.pod5	b70a8606-931c-426b-81c0-aa9bff7cb0b9	94a31e0b3732106207c0b307a445c20d576954b4	814	1	26989.5	74.084	26989.7	73.908	15949	27.4816	unclassified	chr12	103567203	103583133	6	15949	-	15962	15911	15886	32	19	25	60	0.999624	0.998429	0.995239	0
PBE62253_skip_9d8de194_94a31e0b_37.pod5	cb325630-7610-4324-b952-0d7bd42bbc35	94a31e0b3732106207c0b307a445c20d576954b4	322	3	27036.7	28.1112	27036.7	28.1092	10834	30.1532	unclassified	chr6	94329113	94339887	28	10827	+	10813	10760	10726	39	14	34	60	0.996769	0.99684	0.991954	0
PBE62253_skip_9d8de194_94a31e0b_37.pod5	2b694e3e-4d4b-4078-857f-0e44c894fdc2	94a31e0b3732106207c0b307a445c20d576954b4	2344	1	27015.6	47.8074	27015.6	47.8054	20554	23.3614	unclassified	chr22	50049923	50069014	36	20548	+	20671	18932	18862	1580	159	70	60	0.997957	0.996303	0.912486	0
PBE62253_skip_9d8de194_94a31e0b_37.pod5	7d721e84-8b35-4e54-b1a2-866dc7f03abb	94a31e0b3732106207c0b307a445c20d576954b4	2061	4	27060.7	3.7136	27060.8	3.6156	1603	19.8732	unclassified	chr1	66506325	66507923	0	1600	-	1603	1595	1589	5	3	6	60	0.998129	0.996238	0.991266	0
PBE62253_skip_9d8de194_94a31e0b_37.pod5	8e4114cb-c3c3-44da-8dde-cc18a6ff3ebc	94a31e0b3732106207c0b307a445c20d576954b4	923	4	27052.5	11.6084	27052.6	11.4588	3703	31.8513	unclassified	chr2	171989398	171993091	0	3698	+	3699	3692	3690	6	1	2	60	0.99865	0.999458	0.997567	0
PBE62253_skip_9d8de194_94a31e0b_37.pod5	353f0226-85db-4a78-ab30-7822468d6bdf	94a31e0b3732106207c0b307a445c20d576954b4	1635	2	27008	54.17	27008.2	53.9916	22431	28.814	unclassified	chr12	50264120	50286555	0	22422	+	22453	22404	22380	18	31	24	60	0.999599	0.998929	0.996749	0
PBE62253_skip_9d8de194_94a31e0b_37.pod5	b7408cdc-34d4-43d6-93aa-e902bf78e93e	94a31e0b3732106207c0b307a445c20d576954b4	1664	4	27000.9	62.8868	27001.1	62.7228	15071	21.2492	unclassified	chr8	122243476	122258550	0	15066	+	15134	15006	14937	60	68	69	60	0.999668	0.995402	0.986983	0
PBE62253_skip_9d8de194_94a31e0b_37.pod5	a14a5fa5-8753-4c9e-84ab-dd49fe350a39	94a31e0b3732106207c0b307a445c20d576954b4	2166	4	27056.4	7.0832	27056.5	6.9696	2101	30.9987	unclassified	chr11	101194133	101196238	0	2101	-	2105	2101	2097	0	4	4	60	1	0.998096	0.9962	0
PBE62253_skip_9d8de194_94a31e0b_37.pod5	803108f8-6431-4ae1-a510-8a7602b2c9b0	94a31e0b3732106207c0b307a445c20d576954b4	2027	2	27045.8	18.6632	27045.9	18.5256	6982	33.4496	unclassified	chr1	162357878	162364876	6	6982	-	6998	6976	6971	0	22	5	60	0.999141	0.999283	0.996142	0
PBE62253_skip_9d8de194_94a31e0b_37.pod5	86fcd500-2d94-496a-8cbe-dce0dcfb8ce1	94a31e0b3732106207c0b307a445c20d576954b4	2679	4	27047.3	16.3328	27047.4	16.2024	5378	20.153	unclassified	chr4	141175163	141180555	0	5378	-	5424	5346	5316	32	46	30	60	1	0.994388	0.980088	0
PBE62253_skip_9d8de194_94a31e0b_37.pod5	1a390eaf-6466-4819-b568-619144992032	94a31e0b3732106207c0b307a445c20d576954b4	315	4	27059.8	5.9816	27060	5.8536	2446	29.5771	unclassified	chr5	147199409	147201849	6	2446	-	2440	2440	2439	0	0	1	60	0.997547	0.99959	0.99959	0
PBE62253_skip_9d8de194_94a31e0b_37.pod5	c887148d-8e81-4ced-8b01-387baf013aa1	94a31e0b3732106207c0b307a445c20d576954b4	2934	1	27050.9	12.6164	27051	12.522	5269	23.9835	unclassified	chr12	131810994	131816252	0	5262	+	5271	5249	5234	13	9	15	60	0.998671	0.997142	0.99298	0
PBE62253_skip_9d8de194_94a31e0b_37.pod5	47d1a7fd-b68d-47d6-a955-baa617a0422c	94a31e0b3732106207c0b307a445c20d576954b4	2076	4	27053.2	12.0992	27053.3	11.9616	4570	28.9767	unclassified	chr12	107348939	107353496	0	4564	+	4567	4554	4546	10	3	8	60	0.998687	0.998243	0.995402	0
PBE62253_skip_9d8de194_94a31e0b_37.pod5	14671a37-7962-46cc-bf0d-b274ada7ae89	94a31e0b3732106207c0b307a445c20d576954b4	2414	4	27046.6	18.6356	27046.7	18.5172	7055	31.0388	unclassified	chrY	17372022	17379080	0	7055	+	7059	7054	7049	1	4	5	60	1	0.999291	0.998583	0
PBE62253_skip_9d8de194_94a31e0b_37.pod5	c75936f9-7c4f-469e-a95c-60923a7685d0	94a31e0b3732106207c0b307a445c20d576954b4	2342	3	27046.6	18.7424	27046.8	18.5736	7214	10.5303	unclassified	chr6	114275517	114282851	6	7214	-	7516	7026	6656	182	308	370	60	0.999168	0.947338	0.885577	0
PBE62253_skip_9d8de194_94a31e0b_37.pod5	3e77a76a-8378-4504-8658-9fba10365928	94a31e0b3732106207c0b307a445c20d576954b4	896	4	27060.3	4.0064	27060.5	3.8328	1217	8.67999	unclassified	chr12	47882615	47883387	445	1217	-	772	772	772	0	0	0	60	0.634347	1	1	0
PBE62253_skip_9d8de194_94a31e0b_37.pod5	0ba84ea8-b7c4-4d61-b931-09820c3b68e2	94a31e0b3732106207c0b307a445c20d576954b4	586	4	27056.7	7.9388	27056.8	7.8084	2779	28.3168	unclassified	chr14	43824943	43827704	8	2779	-	2785	2747	2734	24	14	13	60	0.997121	0.995268	0.981688	0
PBE62253_skip_9d8de194_94a31e0b_37.pod5	d25a4d40-7652-4b8e-9f5c-bbe613ef01e6	94a31e0b3732106207c0b307a445c20d576954b4	2292	1	26983.5	79.046	26983.7	78.8676	31734	26.1309	unclassified	chr4	136670709	136702454	0	31728	+	31807	31666	31569	62	79	97	60	0.999811	0.996937	0.992517	0
PBE62253_skip_9d8de194_94a31e0b_37.pod5	1f38edee-a5f6-4190-89ee-e0f409ba0f23	94a31e0b3732106207c0b307a445c20d576954b4	1895	4	27054.7	10.5032	27054.9	10.3536	4374	27.7104	unclassified	chr18	69255815	69260194	0	4374	-	4383	4370	4357	4	9	13	60	1	0.997025	0.994068	0
PBE62253_skip_9d8de194_94a31e0b_37.pod5	c781b83e-58ac-4eb1-9d6d-0527e3ade1d1	94a31e0b3732106207c0b307a445c20d576954b4	2526	2	26997	54.6716	26997.2	54.5064	19977	30.538	unclassified	chr12	672732	692631	0	19977	-	20062	19814	19778	163	85	36	60	1	0.998183	0.985844	0
PBE62253_skip_9d8de194_94a31e0b_37.pod5	e0a39693-fe80-4a59-8c7b-25eb79e58e9f	94a31e0b3732106207c0b307a445c20d576954b4	2182	2	27034.4	29.54	27034.5	29.388	11149	26.078	unclassified	chr22	25068770	25079910	7	11149	-	11157	11125	11104	17	15	21	60	0.999372	0.998112	0.99525	0
PBE62253_skip_9d8de194_94a31e0b_37.pod5	141e47df-91d8-4411-b587-1ffedfaeb7df	94a31e0b3732106207c0b307a445c20d576954b4	329	4	27042.7	23.0132	27042.9	22.8636	10308	26.3613	unclassified	chr1	171721900	171732205	6	10308	-	10314	10293	10283	9	12	10	60	0.999418	0.999028	0.996994	0
PBE62253_skip_9d8de194_94a31e0b_37.pod5	27989e40-d246-4a87-a3ac-3a0b4fece126	94a31e0b3732106207c0b307a445c20d576954b4	2081	3	27055	10.436	27055.2	10.2864	3045	29.2728	unclassified	chr12	4296744	4299779	5	3045	-	3042	3033	3019	7	2	14	60	0.998358	0.995384	0.992439	0
PBE62253_skip_9d8de194_94a31e0b_37.pod5	50096ad0-361a-4ca1-a4de-70aefdf84824	94a31e0b3732106207c0b307a445c20d576954b4	2152	1	27062.6	2.7332	27062.7	2.6184	1162	23.5222	unclassified	chr4	174407097	174408228	0	1155	+	1157	1129	1117	26	2	12	60	0.993976	0.989371	0.965428	0
PBE62253_skip_9d8de194_94a31e0b_37.pod5	5926476f-ad6e-473a-9928-9bd2c6e135c2	94a31e0b3732106207c0b307a445c20d576954b4	1449	4	27037.7	28.0814	27037.7	28.0794	10489	33.0423	unclassified	chr8	32542940	32553391	8	10456	-	10464	10435	10428	13	16	7	60	0.996091	0.999329	0.99656	0
PBE62253_skip_9d8de194_94a31e0b_37.pod5	0a30a71d-b2dd-47de-bd3f-2f9ca4a3b592	94a31e0b3732106207c0b307a445c20d576954b4	1775	1	27055.2	10.4988	27055.2	10.4968	4297	18.7866	unclassified	chr3	44703310	44707570	18	4258	-	4273	4227	4203	13	33	24	60	0.986735	0.994322	0.983618	0
PBE62253_skip_9d8de194_94a31e0b_37.pod5	233947fe-4fee-4eef-a24a-2a8b4369729b	94a31e0b3732106207c0b307a445c20d576954b4	2710	1	27060.3	5.3924	27060.4	5.274	1930	21.4347	unclassified	chr11	127064318	127066254	5	1930	-	1938	1923	1915	2	13	8	60	0.997409	0.99584	0.988132	0
PBE62253_skip_9d8de194_94a31e0b_37.pod5	aeda62ec-65ca-47f7-b6fc-ae2e834f74f0	94a31e0b3732106207c0b307a445c20d576954b4	2435	2	27062.6	3.4028	27062.7	3.3156	1315	38.2897	unclassified	chr13	59776457	59777773	0	1315	-	1316	1315	1313	0	1	2	60	1	0.998479	0.99772	0
PBE62253_skip_9d8de194_94a31e0b_37.pod5	9653b2ac-5851-4f1d-90f7-942b425bd94f	94a31e0b3732106207c0b307a445c20d576954b4	917	1	27020	46.136	27020.1	46.0104	16810	28.9563	unclassified	chr2	114674252	114691066	0	16803	+	16825	16792	16780	11	22	12	60	0.999584	0.999285	0.997325	0
PBE62253_skip_9d8de194_94a31e0b_37.pod5	af91febd-ffae-4b43-b4d2-5a1789774f3a	94a31e0b3732106207c0b307a445c20d576954b4	97	1	27044.4	21.5804	27044.5	21.4452	8770	27.7192	unclassified	chr2	102263215	102271981	0	8763	+	8774	8755	8738	8	11	17	60	0.999202	0.998058	0.995897	0
PBE62253_skip_9d8de194_94a31e0b_37.pod5	ef71989f-3b1a-48a5-9083-44bf5df82732	94a31e0b3732106207c0b307a445c20d576954b4	1844	2	27017.2	47.3784	27017.2	47.3764	18106	28.0802	unclassified	chr22	44212815	44230874	12	18072	-	18080	18039	17981	21	20	58	60	0.997459	0.996785	0.994524	0
PBE62253_skip_9d8de194_94a31e0b_37.pod5	7311352f-4a38-4f39-855f-465ed2289af9	94a31e0b3732106207c0b307a445c20d576954b4	1739	1	27008.1	56.592	27008.1	56.59	18884	29.3083	unclassified	chr9	43018396	43037258	33	18877	+	18869	18837	18824	7	25	13	60	0.997882	0.99931	0.997615	0
PBE62253_skip_9d8de194_94a31e0b_37.pod5	f509178b-e0f2-41f4-9fd0-35db99752aae	94a31e0b3732106207c0b307a445c20d576954b4	1659	2	27061.2	5.09	27061.3	5.0004	1997	34.1243	unclassified	chr22	46957051	46959038	6	1997	-	1991	1987	1980	4	0	7	60	0.996996	0.996477	0.994475	0
PBE62253_skip_9d8de194_94a31e0b_37.pod5	88e990ed-b029-4aba-b0c8-61bed2f973c1	94a31e0b3732106207c0b307a445c20d576954b4	1671	4	27050.7	15.2564	27050.9	15.1212	4224	37.2873	unclassified	chr11	32717588	32721815	0	4224	+	4229	4222	4221	2	5	1	60	1	0.999763	0.998108	0
PBE62253_skip_9d8de194_94a31e0b_37.pod5	dfdffc23-3655-40c2-b5ee-1143f4114777	94a31e0b3732106207c0b307a445c20d576954b4	2094	3	27046.2	19.808	27046.3	19.6896	6723	29.1748	unclassified	chr6	60951543	60958257	0	6711	+	6718	6707	6694	4	7	13	60	0.998215	0.998062	0.996428	0
PBE62253_skip_9d8de194_94a31e0b_37.pod5	88628e2e-ed56-4ff0-a530-aa7797a1887e	94a31e0b3732106207c0b307a445c20d576954b4	2353	1	27053.8	12.152	27054	11.9976	4492	29.353	unclassified	chr9	16362016	16366507	6	4492	-	4492	4485	4477	1	6	8	60	0.998664	0.998216	0.996661	0
PBE62253_skip_9d8de194_94a31e0b_37.pod5	7f11d4b7-5029-4766-864a-c87083060010	94a31e0b3732106207c0b307a445c20d576954b4	1790	2	27030.9	33.313	27030.9	33.311	12891	26.7918	unclassified	chr2	55572170	55585019	47	12884	+	12867	12819	12803	18	30	16	60	0.995811	0.998752	0.995026	0
PBE62253_skip_9d8de194_94a31e0b_37.pod5	6a16ef21-74c0-4fea-a7b2-2852562a32c3	94a31e0b3732106207c0b307a445c20d576954b4	1812	3	27054.7	11.47	27054.7	11.468	4756	28.8872	unclassified	chr4	91393102	91397819	0	4721	-	4724	4714	4709	7	3	5	60	0.992641	0.998939	0.996825	0
PBE62253_skip_9d8de194_94a31e0b_37.pod5	9bde89ea-7c29-4a92-b5ac-a3c502e79f88	94a31e0b3732106207c0b307a445c20d576954b4	2911	1	27054.1	11.6386	27054.1	11.6366	4567	33.995	unclassified	chr2	98733910	98738440	6	4532	-	4530	4526	4525	0	4	1	60	0.991023	0.999779	0.998896	0
PBE62253_skip_9d8de194_94a31e0b_37.pod5	4422c7ec-fff1-4262-9836-a504c6610119	94a31e0b3732106207c0b307a445c20d576954b4	2273	3	27033.3	30.4904	27033.4	30.3816	10158	32.3129	unclassified	chr5	54114149	54124302	6	10158	-	10159	10146	10144	6	7	2	60	0.999409	0.999803	0.998523	0
PBE62253_skip_9d8de194_94a31e0b_37.pod5	a3684bfe-c2b4-4aa1-a1ec-6fcae63ca2be	94a31e0b3732106207c0b307a445c20d576954b4	355	4	27041.9	22.5464	27041.9	22.5444	7840	27.6593	unclassified	chrY	11324015	11333618	0	7812	-	9944	7471	6706	341	2132	765	11	0.996429	0.897604	0.674376	0
PBE62253_skip_9d8de194_94a31e0b_37.pod5	4d68f878-dffd-4524-9d11-2d4cbbe01bc2	94a31e0b3732106207c0b307a445c20d576954b4	404	4	27057.4	9.0704	27057.6	8.8944	3542	25.0819	unclassified	chr16	23395393	23398920	5	3542	-	3539	3525	3515	12	2	10	60	0.998588	0.997163	0.993218	0
PBE62253_skip_9d8de194_94a31e0b_37.pod5	c534a4c6-03ff-4ab5-bf00-dfb682266205	94a31e0b3732106207c0b307a445c20d576954b4	2350	3	27045.7	20.7032	27045.8	20.628	8114	33.5816	unclassified	chr9	93143733	93151855	7	8114	-	8128	8101	8090	6	21	11	60	0.999137	0.998642	0.995325	0
PBE62253_skip_9d8de194_94a31e0b_37.pod5	8aa733d7-e49f-4366-a654-975a280d801d	94a31e0b3732106207c0b307a445c20d576954b4	1919	2	27046.4	14.0432	27046.5	13.932	4576	28.7279	unclassified	chr4	49104667	49109175	2	4576	+	4859	4223	3613	351	285	610	1	0.999563	0.855553	0.743569	0
PBE62253_skip_9d8de194_94a31e0b_37.pod5	ef90deca-9a1f-4bf6-aaf6-b9227ea4ea52	94a31e0b3732106207c0b307a445c20d576954b4	2312	3	27009.7	50.234	27009.9	50.07	16295	34.0548	unclassified	chr15	59085884	59102172	0	16295	-	16314	16269	16239	26	19	30	60	1	0.998156	0.995403	0
PBE62253_skip_9d8de194_94a31e0b_37.pod5	8958e22b-af63-46c1-87af-b9e86cdff70d	94a31e0b3732106207c0b307a445c20d576954b4	383	1	27046.4	19.676	27046.5	19.5168	7673	18.3496	unclassified	chr12	88866164	88871727	0	5576	+	5613	5526	5469	50	37	57	60	0.726704	0.989685	0.974345	0
PBE62253_skip_9d8de194_94a31e0b_37.pod5	99b98328-a5f3-428b-a921-d4e20b6ebde8	94a31e0b3732106207c0b307a445c20d576954b4	1345	1	27036.8	29.235	27036.8	29.233	13806	13.4707	unclassified	chr10	52850800	52864583	40	13799	+	14001	13541	13191	218	242	350	60	0.996596	0.974153	0.942147	0
PBE62253_skip_9d8de194_94a31e0b_37.pod5	f0d4a554-1590-4cfc-b1e1-8dc8319c2105	94a31e0b3732106207c0b307a445c20d576954b4	1975	3	27060.5	6.026	27060.7	5.8932	1851	28.848	unclassified	chr5	26132677	26134522	0	1844	+	1845	1844	1843	0	1	1	60	0.996218	0.999458	0.998916	0
PBE62253_skip_9d8de194_94a31e0b_37.pod5	d6c86b4d-2d69-4aa5-8667-76820d231d72	94a31e0b3732106207c0b307a445c20d576954b4	597	4	27059.7	7.0892	27059.8	6.984	2746	10.1215	unclassified	chr6	137638890	137641647	11	2744	-	2840	2650	2487	83	107	163	60	0.995266	0.938491	0.875704	0
PBE62253_skip_9d8de194_94a31e0b_37.pod5	53f78aa9-e865-4643-8e77-f0c538415190	94a31e0b3732106207c0b307a445c20d576954b4	238	4	27045.9	20.7986	27045.9	20.7966	9174	17.5305	unclassified	chr2	207119041	207127853	0	8809	-	8834	8787	8743	22	25	44	60	0.960214	0.994993	0.989699	0
PBE62253_skip_9d8de194_94a31e0b_37.pod5	e3851239-1408-4627-93eb-7c8ebc2f91a7	94a31e0b3732106207c0b307a445c20d576954b4	281	4	27053.9	13.1132	27054	12.9996	4552	21.7826	unclassified	chr18	55376462	55380971	0	4543	+	4544	4508	4505	35	1	3	60	0.998023	0.999335	0.991417	0
PBE62253_skip_9d8de194_94a31e0b_37.pod5	540ec459-bb76-4d17-93a2-d8fdbd98b85b	94a31e0b3732106207c0b307a445c20d576954b4	312	4	27033.4	32.4956	27033.5	32.4132	13215	29.4999	unclassified	chr20	38614701	38627796	5	13215	-	13220	13085	13067	125	10	18	60	0.999622	0.998624	0.988427	0
PBE62253_skip_9d8de194_94a31e0b_37.pod5	afa1afc2-af8e-419c-9929-242efa4b6ee7	94a31e0b3732106207c0b307a445c20d576954b4	2442	2	27035.1	31.2488	27035.3	31.0788	12064	31.6294	unclassified	chr16	12760280	12772340	1	12059	+	12067	12051	12034	7	9	17	60	0.999503	0.998589	0.997265	0
PBE62253_skip_9d8de194_94a31e0b_37.pod5	7060da78-ff38-48f9-b1a9-b58af9a6d2c7	94a31e0b3732106207c0b307a445c20d576954b4	2813	2	27022.8	42.674	27022.9	42.5604	15839	36.048	unclassified	chr22	11211050	11215486	6894	11630	-	4865	4307	3636	429	129	671	46	0.299009	0.844207	0.747379	0
PBE62253_skip_9d8de194_94a31e0b_37.pod5	f2e3b8dc-2880-452b-aa84-7fb86af14936	94a31e0b3732106207c0b307a445c20d576954b4	374	4	27046.8	19.3004	27047	19.1628	7028	40.3372	unclassified	chr1	125175023	125181987	7	7028	-	7541	6444	6161	577	520	283	1	0.999004	0.956083	0.817	0
PBE62253_skip_9d8de194_94a31e0b_37.pod5	774f272f-8b7c-4a70-9360-2be6fd49904d	94a31e0b3732106207c0b307a445c20d576954b4	2556	4	27046.4	19.9724	27046.4	19.9704	8301	25.6739	unclassified	chr15	45039276	45047545	5	8267	-	8275	8256	8238	6	13	18	60	0.995302	0.99782	0.995529	0
PBE62253_skip_9d8de194_94a31e0b_37.pod5	7123ad8f-1bfc-45b5-8262-1c1f8b227b7d	94a31e0b3732106207c0b307a445c20d576954b4	1077	4	27035.3	31.1636	27035.5	31.0476	12019	26.2301	unclassified	chr1	61184876	61196880	0	12008	+	12031	11981	11952	27	23	29	60	0.999085	0.99758	0.993434	0
PBE62253_skip_9d8de194_94a31e0b_37.pod5	fd40eb5a-9b80-4fa2-8cb8-7afcfc817781	94a31e0b3732106207c0b307a445c20d576954b4	1276	2	27032.4	33.6044	27032.5	33.4812	13212	26.5306	unclassified	chr7	91709092	91722350	8	13212	-	13296	13166	13135	38	92	31	60	0.999394	0.997645	0.987891	0
PBE62253_skip_9d8de194_94a31e0b_37.pod5	4f716608-89e8-4023-8523-ddb9c204477e	94a31e0b3732106207c0b307a445c20d576954b4	1626	3	27047	18.5492	27047.1	18.4332	7336	28.7931	unclassified	chr2	66508564	66515892	6	7336	-	7331	7327	7319	3	1	8	60	0.999182	0.998908	0.998363	0
PBE62253_skip_9d8de194_94a31e0b_37.pod5	16b381b2-0817-4d18-a730-995cd0c618de	94a31e0b3732106207c0b307a445c20d576954b4	1814	2	27011.1	54.3872	27011.3	54.2496	18871	27.5427	unclassified	chr6	33942247	33961111	0	18866	+	18892	18838	18801	28	26	37	60	0.999735	0.998036	0.995183	0
PBE62253_skip_9d8de194_94a31e0b_37.pod5	6b7e47c6-9699-4c9c-aeca-b78c7464478f	94a31e0b3732106207c0b307a445c20d576954b4	1122	3	27006.6	58.7816	27006.8	58.6104	19939	24.8409	unclassified	chr3	175315121	175335028	0	19932	+	19968	19871	19831	61	36	40	60	0.999649	0.997987	0.993139	0
PBE62253_skip_9d8de194_94a31e0b_37.pod5	12898217-33b4-4a5e-bec4-d9a9392f538d	94a31e0b3732106207c0b307a445c20d576954b4	1689	1	27049.9	16.9208	27050	16.7688	6714	28.5023	unclassified	chr6	123040096	123046809	0	6714	+	6728	6699	6680	15	14	19	60	1	0.997164	0.992866	0
PBE62253_skip_9d8de194_94a31e0b_37.pod5	4bcdc503-8dea-425c-bfba-6947d9d93864	94a31e0b3732106207c0b307a445c20d576954b4	2314	2	27045.7	20.6078	27045.7	20.6058	7484	34.852	unclassified	chr18	17679549	17687696	7	7462	-	8147	7455	7326	0	692	129	2	0.996125	0.982696	0.899227	0
PBE62253_skip_9d8de194_94a31e0b_37.pod5	0edd6ff1-3147-4a2e-a00b-6b2f25a60c47	94a31e0b3732106207c0b307a445c20d576954b4	2603	1	27036.2	30.0894	27036.2	30.0874	9861	30.1757	unclassified	chr4	24160048	24169889	34	9857	+	9853	9811	9794	12	30	17	60	0.996146	0.998267	0.994012	0
PBE62253_skip_9d8de194_94a31e0b_37.pod5	22ec5315-7b05-4692-bc0a-108ae276bd79	94a31e0b3732106207c0b307a445c20d576954b4	2205	1	27061.9	4.6576	27061.9	4.6556	1784	25.9601	unclassified	chr3	38716230	38717979	34	1784	+	1750	1749	1748	1	0	1	60	0.980942	0.999428	0.998857	0
PBE62253_skip_9d8de194_94a31e0b_37.pod5	e65f912d-87bf-4355-8a5d-98b4c1c93591	94a31e0b3732106207c0b307a445c20d576954b4	1839	4	27054.8	11.9744	27054.9	11.8752	5596	21.726	unclassified	chr6	56802036	56807615	6	5596	-	5597	5572	5558	18	7	14	60	0.998928	0.997487	0.993032	0
PBE62253_skip_9d8de194_94a31e0b_37.pod5	8a360562-485e-4f4e-9da7-8300d5b225de	94a31e0b3732106207c0b307a445c20d576954b4	1868	4	27053.2	13.7684	27053.3	13.6884	5100	23.1191	unclassified	chr12	48027161	48032269	0	5093	+	5115	5086	5070	7	22	16	60	0.998627	0.996854	0.991202	0
PBE62253_skip_9d8de194_94a31e0b_37.pod5	89bff9cc-fdc6-4ed3-a571-021bae218dd5	94a31e0b3732106207c0b307a445c20d576954b4	1368	1	27058.3	8.7252	27058.3	8.7232	2637	26.3835	unclassified	chr7	135251319	135253920	26	2630	+	2613	2592	2586	12	9	6	60	0.987486	0.997685	0.989667	0
PBE62253_skip_9d8de194_94a31e0b_37.pod5	5f9e33c9-75cb-4d06-a61c-21c8b9006450	94a31e0b3732106207c0b307a445c20d576954b4	1898	1	27053.7	13.1108	27053.8	12.9948	4733	27.9738	unclassified	chr21	8241735	8246454	0	4727	+	4735	4711	4706	16	8	5	0	0.998732	0.998939	0.993875	0
PBE62253_skip_9d8de194_94a31e0b_37.pod5	55193f2b-b922-49b2-a556-e04d869ad5a9	94a31e0b3732106207c0b307a445c20d576954b4	2651	3	27059.1	7.8906	27059.1	7.8886	3214	36.2948	unclassified	chr13	41258422	41261593	2	3187	-	3196	3160	3152	25	11	8	60	0.990977	0.997468	0.986233	0
PBE62253_skip_9d8de194_94a31e0b_37.pod5	26961265-6ab5-4eda-bde5-9f172423c008	94a31e0b3732106207c0b307a445c20d576954b4	1321	3	27043.4	23.2772	27043.4	23.202	9524	25.0835	unclassified	chr7	7065040	7074559	0	9524	+	9539	9504	9444	20	15	60	60	1	0.993687	0.990041	0
PBE62253_skip_9d8de194_94a31e0b_37.pod5	6a66d576-0634-4c7e-a2ca-77e374fecb54	94a31e0b3732106207c0b307a445c20d576954b4	1194	2	27035.8	31.1454	27035.8	31.1434	10414	6.76953	unclassified	chr6	89644069	89654966	39	10394	+	11353	9899	8788	456	998	1111	60	0.994335	0.887766	0.774069	0
PBE62253_skip_9d8de194_94a31e0b_37.pod5	459924a8-11ec-4dc7-a471-a1c49e51c40c	94a31e0b3732106207c0b307a445c20d576954b4	2891	4	27022.8	43.1132	27022.9	42.99	16168	28.295	unclassified	chr1	83848363	83863099	1449	16168	-	14746	14709	14676	10	27	33	60	0.910379	0.997756	0.995253	0
PBE62253_skip_9d8de194_94a31e0b_37.pod5	2d90f621-b96c-4e2f-8245-42fa5150da87	94a31e0b3732106207c0b307a445c20d576954b4	1526	3	27041.9	25.0268	27042	24.9204	6685	31.0635	unclassified	chr20	36006704	36013379	0	6683	+	6689	6669	6662	14	6	7	60	0.999701	0.99895	0.995964	0
PBE62253_skip_9d8de194_94a31e0b_37.pod5	181c1969-5918-459f-a809-1c25b2ec4f33	94a31e0b3732106207c0b307a445c20d576954b4	2675	4	26994.1	71.7706	26994.1	71.7686	23812	10.735	unclassified	chr13	93180454	93204385	49	23805	+	24654	23033	21883	723	898	1150	60	0.997648	0.950072	0.887604	0
PBE62253_skip_9d8de194_94a31e0b_37.pod5	4ddc41c5-39e0-495e-a972-1334ea79d11a	94a31e0b3732106207c0b307a445c20d576954b4	2408	4	27055.7	10.5872	27055.9	10.4352	3743	28.9161	unclassified	chr1	64800638	64804385	0	3743	+	3749	3741	3739	2	6	2	60	1	0.999465	0.997333	0
PBE62253_skip_9d8de194_94a31e0b_37.pod5	75b6b31e-283d-4ce9-9afd-03c576a36b10	94a31e0b3732106207c0b307a445c20d576954b4	617	4	27042	25.0628	27042.2	24.8844	10086	31.1054	unclassified	chr1	55742554	55752657	6	10086	-	10111	10072	10055	8	31	17	60	0.999405	0.998312	0.994461	0
PBE62253_skip_9d8de194_94a31e0b_37.pod5	9895b6b0-cb4e-4413-a5f5-f04ce69a4f7a	94a31e0b3732106207c0b307a445c20d576954b4	2065	3	27053.2	13.5474	27053.2	13.5454	4515	16.2478	unclassified	chr2	211587518	211591995	42	4489	+	4502	4422	4374	25	55	48	60	0.984939	0.989145	0.971568	0
PBE62253_skip_9d8de194_94a31e0b_37.pod5	a80a7d00-9192-434b-8d03-6cf0f0d129a6	94a31e0b3732106207c0b307a445c20d576954b4	1971	4	27043.5	23.3948	27043.7	23.214	8349	25.5465	unclassified	chr4	183787959	183796311	0	8343	+	8362	8333	8317	10	19	16	60	0.999281	0.99808	0.994619	0
PBE62253_skip_9d8de194_94a31e0b_37.pod5	9fd85656-7133-45c2-ba28-3d2713021eb4	94a31e0b3732106207c0b307a445c20d576954b4	2964	3	27060.4	6.1112	27060.4	6.1092	2330	10.4157	unclassified	chr14	60781190	60783226	104	2104	+	2079	1957	1853	43	79	104	60	0.858369	0.946857	0.891294	0
PBE62253_skip_9d8de194_94a31e0b_37.pod5	78e763a5-d0e7-4124-858f-2a6a2252b9e1	94a31e0b3732106207c0b307a445c20d576954b4	2666	4	27048.3	18.2156	27048.4	18.2136	7457	23.532	unclassified	chr4	115417359	115424652	36	7316	+	7306	7267	7246	13	26	21	60	0.976264	0.99711	0.991788	0
PBE62253_skip_9d8de194_94a31e0b_37.pod5	e188133b-9876-4c4e-bbea-0c446ef70e66	94a31e0b3732106207c0b307a445c20d576954b4	965	4	27033.4	33.0884	27033.5	32.9724	13451	25.8126	unclassified	chr1	209820309	209833761	0	13445	+	13479	13418	13399	27	34	19	60	0.999554	0.998584	0.994065	0
PBE62253_skip_9d8de194_94a31e0b_37.pod5	6c114c95-671b-4199-892a-4156812b61e2	94a31e0b3732106207c0b307a445c20d576954b4	1080	2	27060.3	6.7724	27060.5	6.6108	2371	29.9065	unclassified	chr4	93534941	93537310	0	2362	+	2369	2362	2360	0	7	2	60	0.996204	0.999153	0.996201	0
PBE62253_skip_9d8de194_94a31e0b_37.pod5	116f1911-876b-4b34-84a2-406c269d3330	94a31e0b3732106207c0b307a445c20d576954b4	1306	2	27023.8	31.9136	27023.8	31.9116	13715	17.5586	unclassified	chr19	19544040	19557505	21	13454	+	13506	13392	13344	41	73	48	60	0.979439	0.996416	0.988005	0
PBE62253_skip_9d8de194_94a31e0b_37.pod5	8b048ab4-89bb-4993-ae2f-3358615849ad	94a31e0b3732106207c0b307a445c20d576954b4	2613	2	27032.4	34.5416	27032.5	34.428	12608	32.5911	unclassified	chrX	68603272	68615875	0	12602	+	12607	12598	12591	4	5	7	60	0.999524	0.999444	0.998731	0
PBE62253_skip_9d8de194_94a31e0b_37.pod5	4ad23f3b-f99c-4fab-9c23-992f919448bd	94a31e0b3732106207c0b307a445c20d576954b4	356	4	26955.6	107.113	26955.7	107.024	44653	25.926	unclassified	chr8	104851651	104896340	0	44642	+	44769	44562	44491	80	127	71	60	0.999754	0.998407	0.99379	0
PBE62253_skip_9d8de194_94a31e0b_37.pod5	544a605d-6e69-4bca-9233-233a025c98b3	94a31e0b3732106207c0b307a445c20d576954b4	335	3	27061.1	6.2404	27061.1	6.2384	3207	18.3541	unclassified	chr9	34558413	34561555	10	3138	-	3156	3114	3092	14	28	22	60	0.975366	0.992935	0.979721	0
PBE62253_skip_9d8de194_94a31e0b_37.pod5	8847c98e-2111-4603-9b38-57cd20c54914	94a31e0b3732106207c0b307a445c20d576954b4	1408	2	27057.9	9.41	27058	9.2844	3764	29.9981	unclassified	chr10	56082830	56086590	7	3764	-	3765	3752	3731	5	8	21	60	0.99814	0.994403	0.990969	0
PBE62253_skip_9d8de194_94a31e0b_37.pod5	cdf8017b-b0eb-4d3e-980c-042ea45fa827	94a31e0b3732106207c0b307a445c20d576954b4	209	4	27046.2	21.116	27046.3	20.9928	6122	31.092	unclassified	chr1	37838658	37844764	0	6116	+	6130	6092	6086	24	14	6	60	0.99902	0.999015	0.992822	0
PBE62253_skip_9d8de194_94a31e0b_37.pod5	c2ec60fc-9f37-4e09-8830-3ef8af1311f2	94a31e0b3732106207c0b307a445c20d576954b4	2706	2	27036.8	29.8808	27037	29.6928	10862	30.4478	unclassified	chrX	30823395	30834252	0	10855	+	10864	10848	10844	7	9	4	60	0.999356	0.999631	0.998159	0
PBE62253_skip_9d8de194_94a31e0b_37.pod5	b0087cca-605d-4c8f-b5ab-9c35f8769ee7	94a31e0b3732106207c0b307a445c20d576954b4	2315	1	27060	6.8372	27060.1	6.714	2556	24.3047	unclassified	chr1	58608595	58611153	0	2556	-	2561	2553	2547	3	5	6	60	1	0.99765	0.994533	0
PBE62253_skip_9d8de194_94a31e0b_37.pod5	0f68a64e-c69f-477a-8a2f-a569ab8cc508	94a31e0b3732106207c0b307a445c20d576954b4	1202	1	26986.6	80.4308	26986.7	80.2884	28729	31.4513	unclassified	chr3	74234255	74262982	0	28722	+	28750	28699	28678	23	28	21	60	0.999756	0.999268	0.997496	0
PBE62253_skip_9d8de194_94a31e0b_37.pod5	e7e67f79-89c2-4309-b609-707eec42deb8	94a31e0b3732106207c0b307a445c20d576954b4	2327	3	27054.5	12.7712	27054.7	12.5352	4482	21.0971	unclassified	chr22	34560629	34565129	0	4477	+	4510	4467	4444	10	33	23	60	0.998884	0.994851	0.985366	0
PBE62253_skip_9d8de194_94a31e0b_37.pod5	b8825c40-56a6-4b9e-a180-c4d2dfdf78ce	94a31e0b3732106207c0b307a445c20d576954b4	459	2	27041.7	25.4456	27041.8	25.32	10680	22.2065	unclassified	chr4	121881010	121891695	4	10680	-	10716	10645	10604	31	40	41	60	0.999625	0.996148	0.989548	0
PBE62253_skip_9d8de194_94a31e0b_37.pod5	55593c5a-1c39-404b-a6db-b848468f93ca	94a31e0b3732106207c0b307a445c20d576954b4	1608	4	26970.7	94.6832	26970.9	94.5264	37342	28.6069	unclassified	chr18	49891052	49928399	0	37335	+	37376	37306	37253	29	41	53	60	0.999813	0.998579	0.996709	0
PBE62253_skip_9d8de194_94a31e0b_37.pod5	4f8e5724-b4b5-4e59-b5c1-d0282ce33991	94a31e0b3732106207c0b307a445c20d576954b4	2538	4	27060.6	6.5264	27060.7	6.3996	2708	23.9843	unclassified	chr10	35949389	35952088	0	2696	+	2705	2690	2683	6	9	7	60	0.995569	0.997398	0.991867	0
PBE62253_skip_9d8de194_94a31e0b_37.pod5	5e56df0e-4196-4610-9594-1300fc265d80	94a31e0b3732106207c0b307a445c20d576954b4	66	4	27050.5	16.9124	27050.6	16.7964	6450	29.3735	unclassified	chr9	109742751	109749194	5	6450	-	6448	6440	6434	5	3	6	60	0.999225	0.999068	0.997829	0
PBE62253_skip_9d8de194_94a31e0b_37.pod5	85deea33-7e34-4eb8-b152-0465420afd27	94a31e0b3732106207c0b307a445c20d576954b4	943	1	27061.7	5.8812	27061.7	5.8792	1398	2.43497	unclassified	*	-1	-1	-1	-1	*	0	0	0	0	0	0	0	0	0	0	0
PBE62253_skip_9d8de194_94a31e0b_37.pod5	237d64f2-0774-4b2b-885a-f506a49ab198	94a31e0b3732106207c0b307a445c20d576954b4	2185	3	27048.5	18.194	27048.6	18.0852	6787	25.9694	unclassified	chr4	175803967	175810759	0	6781	+	6794	6779	6756	2	13	23	60	0.999116	0.996607	0.994407	0
PBE62253_skip_9d8de194_94a31e0b_37.pod5	d5b20d22-af7b-4022-aaac-9190f4da55d8	94a31e0b3732106207c0b307a445c20d576954b4	1545	2	27060.1	7.4372	27060.1	7.3536	3695	26.8134	unclassified	chr10	3841541	3845225	8	3695	-	3687	3684	3682	3	0	2	60	0.997835	0.999457	0.998644	0
PBE62253_skip_9d8de194_94a31e0b_37.pod5	8f8b6a69-4453-4995-862d-088ec87e6aa9	94a31e0b3732106207c0b307a445c20d576954b4	2646	4	27056.5	9.4064	27056.6	9.3	3651	26.5747	unclassified	chr16	51946179	51949821	0	3642	+	3646	3638	3629	4	4	9	60	0.997535	0.997526	0.995337	0
PBE62253_skip_9d8de194_94a31e0b_37.pod5	e0a9e5e9-3819-4010-8b6f-fb2eec8c35f8	94a31e0b3732106207c0b307a445c20d576954b4	2452	2	27008.1	55.4766	27008.1	55.4746	20999	26.4775	unclassified	chr3	44051686	44069011	11	17327	-	17335	17306	17275	10	19	31	60	0.824611	0.998209	0.996539	0
PBE62253_skip_9d8de194_94a31e0b_37.pod5	ff099872-cfac-4133-aa5c-77df0e351e20	94a31e0b3732106207c0b307a445c20d576954b4	1418	1	27019.7	47.3324	27019.8	47.1948	18959	28.0462	unclassified	chr21	42675579	42694528	0	18952	+	18977	18924	18877	28	25	47	60	0.999631	0.997516	0.99473	0
PBE62253_skip_9d8de194_94a31e0b_37.pod5	3fc98822-84d6-4cea-8e6b-ef33c1483db0	94a31e0b3732106207c0b307a445c20d576954b4	713	4	27053.7	13.9544	27053.9	13.7616	5329	29.467	unclassified	chr1	103504713	103510043	0	5324	+	5333	5321	5318	3	9	3	60	0.999062	0.999436	0.997187	0
PBE62253_skip_9d8de194_94a31e0b_37.pod5	cdbe8c18-d3d7-4d45-b36d-d9763cbaa612	94a31e0b3732106207c0b307a445c20d576954b4	186	1	27059.1	6.5684	27059.2	6.4692	2557	36.8907	unclassified	chr18	22589162	22591719	0	2557	+	2566	2548	2541	9	9	7	60	1	0.997253	0.990257	0
PBE62253_skip_9d8de194_94a31e0b_37.pod5	803dc646-d547-4eaa-b769-d0aa89b3cb3f	94a31e0b3732106207c0b307a445c20d576954b4	2692	1	27058.8	8.3648	27058.8	8.3628	3595	27.1878	unclassified	chr16	46397129	46400388	26	3587	+	3649	3171	2828	390	88	343	37	0.990542	0.891832	0.775007	0
PBE62253_skip_9d8de194_94a31e0b_37.pod5	5ff5ec14-f566-441f-95ed-3c9f76408bbf	94a31e0b3732106207c0b307a445c20d576954b4	671	1	27059.3	5.3228	27059.6	5.0652	1438	36.2097	unclassified	chr7	18281707	18283138	0	1431	+	1432	1430	1429	1	1	1	60	0.995132	0.999301	0.997905	0
PBE62253_skip_9d8de194_94a31e0b_37.pod5	b0bf61c3-aea1-415b-8383-ea3f44eadb54	94a31e0b3732106207c0b307a445c20d576954b4	1826	4	26975.6	91.0388	26975.7	90.9372	38202	27.8692	unclassified	chr18	55270517	55308756	7	38202	-	38273	38161	38139	34	78	22	60	0.999817	0.999424	0.996499	0
PBE62253_skip_9d8de194_94a31e0b_37.pod5	09d3e8f6-6525-4266-8b10-6c49e7285eba	94a31e0b3732106207c0b307a445c20d576954b4	2629	4	27043.6	23.306	27043.6	23.226	9584	26.4865	unclassified	chr11	96313942	96323496	0	9572	+	9575	9551	9532	21	3	19	60	0.998748	0.998011	0.995509	0
PBE62253_skip_9d8de194_94a31e0b_37.pod5	e8d15bba-1f26-4e96-9ea4-9e2a86dca58d	94a31e0b3732106207c0b307a445c20d576954b4	2871	2	27042.2	24.3512	27042.4	24.1872	8960	29.678	unclassified	chr11	113396759	113405709	8	8960	-	8959	8943	8920	9	7	23	60	0.999107	0.997428	0.995647	0
PBE62253_skip_9d8de194_94a31e0b_37.pod5	470468e5-5fa2-43e2-be4b-629b61ca0121	94a31e0b3732106207c0b307a445c20d576954b4	2152	1	27065.9	1.5512	27066	1.416	702	21.087	unclassified	chr3	26916762	26917454	0	692	+	693	691	688	1	1	3	60	0.985755	0.995658	0.992785	0
PBE62253_skip_9d8de194_94a31e0b_37.pod5	778145c0-b016-4f8b-ba7e-f2d73b97f836	94a31e0b3732106207c0b307a445c20d576954b4	332	2	27035.5	32.174	27035.6	32.07	9296	27.7116	unclassified	chr12	487442	496732	5	9296	-	9308	9273	9258	18	17	15	60	0.999462	0.998382	0.994628	0
PBE62253_skip_9d8de194_94a31e0b_37.pod5	ce930dd1-7779-4d56-a5b9-48fae1eb272a	94a31e0b3732106207c0b307a445c20d576954b4	1519	3	27039.7	28.1576	27039.9	28.0104	11261	27.6407	unclassified	chr12	8714870	8726135	0	11255	+	11281	11239	11222	16	26	17	60	0.999467	0.998487	0.99477	0
PBE62253_skip_9d8de194_94a31e0b_37.pod5	dc8718f2-26bf-4783-9b70-1b31e0d776a6	94a31e0b3732106207c0b307a445c20d576954b4	369	3	27053.4	14.6132	27053.5	14.4768	5152	29.4566	unclassified	chr1	85212614	85217752	0	5146	+	5150	5134	5117	12	4	17	60	0.998835	0.996689	0.993592	0
PBE62253_skip_9d8de194_94a31e0b_37.pod5	d5f13d3a-e773-4d09-810e-3247dda69160	94a31e0b3732106207c0b307a445c20d576954b4	2093	1	27051.5	15.8714	27051.5	15.8694	5963	24.1067	unclassified	chr18	63989248	63995162	6	5927	-	5939	5896	5883	25	18	13	60	0.992957	0.997795	0.990571	0
PBE62253_skip_9d8de194_94a31e0b_37.pod5	6a757e2f-bb9e-4694-addd-bafa7f48fbc1	94a31e0b3732106207c0b307a445c20d576954b4	2420	2	27034.3	33.2372	27034.4	33.0972	12151	20.4824	unclassified	chr4	63823321	63835465	19	12151	-	12179	12097	12034	35	47	63	60	0.998436	0.994792	0.988094	0
PBE62253_skip_9d8de194_94a31e0b_37.pod5	48be2613-1748-41fd-a633-9b6767e47192	94a31e0b3732106207c0b307a445c20d576954b4	373	3	27063.3	4.94	27063.4	4.8216	1922	40.4619	unclassified	chr1	123172625	123174552	0	1922	-	1927	1922	1817	0	5	105	1	1	0.945369	0.942916	0
PBE62253_skip_9d8de194_94a31e0b_37.pod5	e03a332f-17dd-4395-8b57-ab0982994386	94a31e0b3732106207c0b307a445c20d576954b4	426	2	27044	23.6852	27044.2	23.5092	9015	27.8917	unclassified	chr14	54922399	54931411	11	9015	-	9022	8994	8988	10	18	6	60	0.99878	0.999333	0.996231	0
PBE62253_skip_9d8de194_94a31e0b_37.pod5	1c3d2bc5-e65d-402c-8ddb-823527950978	94a31e0b3732106207c0b307a445c20d576954b4	556	2	27060.1	7.6196	27060.2	7.4868	2943	26.8328	unclassified	chr5	92540104	92543045	4	2943	-	2943	2937	2935	2	4	2	60	0.998641	0.999319	0.997282	0
PBE62253_skip_9d8de194_94a31e0b_37.pod5	d2f2c28e-d8f4-4716-8df4-1767f61e80ea	94a31e0b3732106207c0b307a445c20d576954b4	1660	2	27050.3	17.546	27050.4	17.418	5543	32.4402	unclassified	chr2	225380290	225385830	0	5543	+	5543	5540	5540	3	0	0	60	1	1	0.999459	0
PBE62253_skip_9d8de194_94a31e0b_37.pod5	b02783a6-3987-4681-96c4-5dcf6d6bfd49	94a31e0b3732106207c0b307a445c20d576954b4	2394	4	27012	54.7256	27012	54.7236	20627	7.16987	unclassified	chr6	26188541	26209795	14	20581	-	22163	19658	17508	909	1596	2150	60	0.997091	0.89063	0.789965	0
PBE62253_skip_9d8de194_94a31e0b_37.pod5	ca4f68d2-082f-4df3-aac3-49ddfbc5e7e4	94a31e0b3732106207c0b307a445c20d576954b4	2398	2	27061.9	5.9328	27061.9	5.9308	2211	35.6076	unclassified	chr20	27386205	27388370	39	2203	+	2165	2164	2149	0	1	15	28	0.978743	0.993068	0.99261	0
PBE62253_skip_9d8de194_94a31e0b_37.pod5	fffe6316-bf11-429c-a4db-d11f4a40aaa4	94a31e0b3732106207c0b307a445c20d576954b4	2363	1	27051.3	16.5764	27051.4	16.4604	7167	28.3934	unclassified	chr17	78190113	78197279	0	7158	+	7181	7143	7109	15	23	34	60	0.998744	0.99524	0.989974	0
PBE62253_skip_9d8de194_94a31e0b_37.pod5	b400e7dc-2d2a-4adf-8479-8f960bab8d2a	94a31e0b3732106207c0b307a445c20d576954b4	803	2	27034.3	33.836	27034.5	33.6936	12977	30.2067	unclassified	chr3	144753602	144766583	0	12977	-	12987	12971	12963	6	10	8	60	1	0.999383	0.998152	0
PBE62253_skip_9d8de194_94a31e0b_37.pod5	1e055b1e-ad90-40a6-95e0-79f95cd1421b	94a31e0b3732106207c0b307a445c20d576954b4	136	2	27065.6	2.8916	27065.8	2.7708	777	24.4771	unclassified	chr8	44879917	44880690	5	777	-	773	772	764	0	1	8	1	0.993565	0.989637	0.988357	0
PBE62253_skip_9d8de194_94a31e0b_37.pod5	ff4714df-55a8-406e-aed1-3f5e3f81a169	94a31e0b3732106207c0b307a445c20d576954b4	1313	2	27037.7	30.4868	27037.8	30.39	12042	24.4184	unclassified	chr12	26735972	26747993	11	12042	-	12052	12000	11965	31	21	35	60	0.999087	0.997083	0.992781	0
PBE62253_skip_9d8de194_94a31e0b_37.pod5	9682f53d-2ef5-4028-8929-978f2bc7a600	94a31e0b3732106207c0b307a445c20d576954b4	809	3	27062.4	5.9336	27062.6	5.796	2522	28.1465	unclassified	chr3	100398717	100401234	0	2514	+	2519	2512	2512	2	5	0	60	0.996828	1	0.997221	0
PBE62253_skip_9d8de194_94a31e0b_37.pod5	c086d651-3b07-4958-a183-a54786cbc80f	94a31e0b3732106207c0b307a445c20d576954b4	570	1	27044.7	23.6192	27044.8	23.556	8981	37.0611	unclassified	chr5	164625009	164633980	0	8976	+	8977	8970	8970	6	1	0	60	0.999443	1	0.99922	0
PBE62253_skip_9d8de194_94a31e0b_37.pod5	7f7e254e-1e7a-4811-9f0f-730d4d953570	94a31e0b3732106207c0b307a445c20d576954b4	2702	3	27034.8	32.0252	27034.9	31.866	12721	32.3657	unclassified	chr4	49709091	49711961	4869	9212	-	4344	2869	2618	1474	1	251	34	0.341404	0.912513	0.60267	0
PBE62253_skip_9d8de194_94a31e0b_37.pod5	0a2e180b-bfbd-413a-b36d-3c36f284b916	94a31e0b3732106207c0b307a445c20d576954b4	2873	3	27060.1	7.8172	27060.1	7.8152	2944	30.46	unclassified	chr17	24673252	24676163	24	2933	+	2944	2876	2377	33	35	499	1	0.988111	0.826495	0.807405	0
PBE62253_skip_9d8de194_94a31e0b_37.pod5	2c433554-9d20-45a7-adb1-d9faf8d4d5ca	94a31e0b3732106207c0b307a445c20d576954b4	1286	4	27039.4	28.7288	27039.5	28.6392	10905	28.0139	unclassified	chr11	70406354	70417259	6	10905	-	10911	10893	10881	6	12	12	60	0.99945	0.998898	0.99725	0
PBE62253_skip_9d8de194_94a31e0b_37.pod5	52adc230-340b-47dd-9be1-19d8c8185587	94a31e0b3732106207c0b307a445c20d576954b4	1086	4	27028.2	39.059	27028.2	39.057	14436	11.4216	unclassified	chr2	218103235	218117800	15	14401	-	14852	14099	13583	287	466	516	60	0.996536	0.963402	0.914557	0
PBE62253_skip_9d8de194_94a31e0b_37.pod5	76cfdb22-8156-4758-b0d3-ae3303765fa6	94a31e0b3732106207c0b307a445c20d576954b4	2654	2	27041.6	26.534	27041.7	26.478	10531	25.5248	unclassified	chr17	56814204	56824737	0	10525	+	10545	10513	10492	12	20	21	60	0.99943	0.998002	0.994974	0
PBE62253_skip_9d8de194_94a31e0b_37.pod5	0b5c1fd2-241f-4d3c-9867-3b701e5d2742	94a31e0b3732106207c0b307a445c20d576954b4	1739	1	27064.7	4.6376	27064.8	4.5216	1631	27.0846	unclassified	chr6	82427781	82429411	0	1631	+	1632	1629	1626	2	1	3	60	1	0.998158	0.996324	0
PBE62253_skip_9d8de194_94a31e0b_37.pod5	cce123b5-27ce-460b-8d9a-8d058a6cfd64	94a31e0b3732106207c0b307a445c20d576954b4	2060	1	27048.1	19.4168	27048.2	19.2504	5856	36.634	unclassified	chr14	48606369	48612217	0	5849	+	5850	5847	5843	2	1	4	60	0.998805	0.999316	0.998803	0
PBE62253_skip_9d8de194_94a31e0b_37.pod5	26d50358-edd7-43f3-9cbc-5830a61ebdb5	94a31e0b3732106207c0b307a445c20d576954b4	873	4	27065.7	5.9906	27065.7	5.9886	2575	25.0184	unclassified	chr16	5356806	5359351	9	2543	-	2548	2531	2510	3	14	21	60	0.984078	0.991703	0.985086	0
PBE62253_skip_9d8de194_94a31e0b_37.pod5	4971e4b9-e4d7-4359-af49-d62895579a5b	94a31e0b3732106207c0b307a445c20d576954b4	2555	2	27001.1	67.1612	27001.2	67.0704	27606	13.9105	unclassified	chr2	49573390	49599077	7	27606	-	27670	25616	25553	1983	71	63	60	0.999746	0.997541	0.923491	0
PBE62253_skip_9d8de194_94a31e0b_37.pod5	112ddd3e-339e-4567-a01b-1f8812f63c04	94a31e0b3732106207c0b307a445c20d576954b4	2659	4	27042.8	25.2298	27042.8	25.2278	9699	22.6513	unclassified	chr6	157024290	157033945	35	9691	+	9674	9637	9605	19	18	32	60	0.995567	0.996679	0.992867	0
PBE62253_skip_9d8de194_94a31e0b_37.pod5	b1c3eca8-2827-414a-886d-7b362e208dfd	94a31e0b3732106207c0b307a445c20d576954b4	1970	2	27069.1	2.1668	27069.2	2.0508	942	21.7509	unclassified	chr7	20085217	20086161	1	942	-	945	940	939	1	4	1	60	0.998938	0.998936	0.993651	0
PBE62253_skip_9d8de194_94a31e0b_37.pod5	d2625962-a0ff-42f1-b100-3e7338da2606	94a31e0b3732106207c0b307a445c20d576954b4	345	1	27018.8	48.29	27018.9	48.1908	18978	33.9464	unclassified	chr4	117278728	117297711	0	18978	-	18994	18967	18944	11	16	23	60	1	0.998787	0.997368	0
PBE62253_skip_9d8de194_94a31e0b_37.pod5	826dfffe-3263-4958-b68a-798dd484a821	94a31e0b3732106207c0b307a445c20d576954b4	1313	2	27068.9	3.3788	27069	3.2436	1217	30.9335	unclassified	chr11	117212207	117213424	0	1217	+	1218	1216	1216	1	1	0	60	1	1	0.998358	0
PBE62253_skip_9d8de194_94a31e0b_37.pod5	1d16629b-59a5-4945-b085-907f898dd3d3	94a31e0b3732106207c0b307a445c20d576954b4	1120	4	27040.5	27.6716	27040.6	27.5556	7612	28.1847	unclassified	chr20	46321088	46328692	0	7604	+	7608	7600	7588	4	4	12	60	0.998949	0.998421	0.997371	0
PBE62253_skip_9d8de194_94a31e0b_37.pod5	91a67382-de07-44db-97e1-6dc91329c088	94a31e0b3732106207c0b307a445c20d576954b4	68	2	27057	9.5684	27057.1	9.4692	3628	30.3295	unclassified	chr4	132355541	132359132	4	3628	-	3627	3588	3581	36	3	7	60	0.998897	0.998049	0.987317	0
PBE62253_skip_9d8de194_94a31e0b_37.pod5	676ad25d-07e1-4022-bbb8-acd2086f02a2	94a31e0b3732106207c0b307a445c20d576954b4	229	3	27029.1	38.3882	27029.1	38.3862	14415	28.0482	unclassified	chr8	130628167	130642520	31	14409	+	14384	14347	14310	31	6	37	60	0.997433	0.997421	0.994855	0
PBE62253_skip_9d8de194_94a31e0b_37.pod5	91800dfb-d94e-4ae3-bfd3-1c431dbef94d	94a31e0b3732106207c0b307a445c20d576954b4	375	2	27057.1	15.4424	27057.3	15.2448	5608	16.4355	unclassified	chr1	52838246	52843879	6	5608	-	5663	5572	5502	30	61	70	60	0.99893	0.987437	0.97157	0
PBE62253_skip_9d8de194_94a31e0b_37.pod5	02d1f875-77ee-452f-9be2-6bbc247f8129	94a31e0b3732106207c0b307a445c20d576954b4	532	3	27037.7	30.2768	27037.8	30.1488	10852	28.1801	unclassified	chr16	30224159	30235028	0	10852	-	10883	10838	10826	14	31	12	57	1	0.998893	0.994762	0
PBE62253_skip_9d8de194_94a31e0b_37.pod5	c9cfd366-9715-47e7-988d-43d3e722a16f	94a31e0b3732106207c0b307a445c20d576954b4	441	2	27029.2	37.9772	27029.4	37.7724	14176	28.7149	unclassified	chr3	43739231	43753426	9	14176	-	14206	14156	14138	11	39	18	60	0.999365	0.998728	0.995213	0
PBE62253_skip_9d8de194_94a31e0b_37.pod5	6044f8bc-fe5e-4140-bb7b-b5c61e6c77d1	94a31e0b3732106207c0b307a445c20d576954b4	138	3	27026.8	40.6316	27026.9	40.4748	14429	24.7594	unclassified	chr14	104411547	104425954	5	14429	-	14452	14379	14338	45	28	41	60	0.999653	0.997149	0.992112	0
PBE62253_skip_9d8de194_94a31e0b_37.pod5	731bb706-2889-4366-b9bc-977e0b595a97	94a31e0b3732106207c0b307a445c20d576954b4	1329	1	27008.5	59.3228	27008.7	59.1252	22976	11.425	unclassified	chr22	23442584	23465640	0	22959	+	23741	22274	21331	685	782	943	60	0.99926	0.957664	0.898488	0
PBE62253_skip_9d8de194_94a31e0b_37.pod5	326dcf76-8b6d-4262-a919-e19b87dd68f1	94a31e0b3732106207c0b307a445c20d576954b4	2366	3	27062.3	8.6864	27062.4	8.58	3439	29.53	unclassified	chr20	20477655	20481083	9	3439	-	3431	3427	3426	3	1	1	60	0.997383	0.999708	0.998543	0
PBE62253_skip_9d8de194_94a31e0b_37.pod5	3cfb3a77-6684-4ff8-bdff-5ea4cc27d65c	94a31e0b3732106207c0b307a445c20d576954b4	299	4	27059.2	13.1444	27059.4	13.0212	5219	30.5239	unclassified	chr8	83325461	83330676	0	5219	-	5222	5212	5199	7	3	13	60	1	0.997506	0.995596	0
PBE62253_skip_9d8de194_94a31e0b_37.pod5	1c5fbd2c-3ba0-4a8e-b85b-b9c2b7dd472b	94a31e0b3732106207c0b307a445c20d576954b4	1275	3	27069.6	2.8436	27069.7	2.7408	1090	34.1641	unclassified	chr5	20681641	20682728	0	1090	+	1090	1087	1082	3	0	5	60	1	0.9954	0.992661	0
PBE62253_skip_9d8de194_94a31e0b_37.pod5	d051bec0-6a18-4145-bedf-0bacc7e09a09	94a31e0b3732106207c0b307a445c20d576954b4	2027	2	27064.6	7.5428	27064.7	7.3968	2588	18.2242	unclassified	chr2	6037027	6039629	11	2588	-	2605	2574	2560	3	28	14	60	0.99575	0.994561	0.982726	0
PBE62253_skip_9d8de194_94a31e0b_37.pod5	51be86da-94a8-44fa-a580-d652d385fd62	94a31e0b3732106207c0b307a445c20d576954b4	947	2	27064.4	7.9676	27064.6	7.842	3027	27.1078	unclassified	chr3	19323839	19326868	5	3027	-	3029	3022	3015	0	7	7	60	0.998348	0.997684	0.995378	0
PBE62253_skip_9d8de194_94a31e0b_37.pod5	b919166e-eae7-4848-ab46-77eeef57c8a0	94a31e0b3732106207c0b307a445c20d576954b4	439	1	27047.9	24.4772	27047.9	24.4752	9410	10.4454	unclassified	chr2	176708934	176718447	8	9379	-	9776	9108	8633	263	405	475	60	0.995855	0.947848	0.883081	0
PBE62253_skip_9d8de194_94a31e0b_37.pod5	cdfe9fc7-79bd-4ac2-ab66-48dd0d00ec9d	94a31e0b3732106207c0b307a445c20d576954b4	2642	4	27070	2.0372	27070	2.0352	962	22.6092	unclassified	chr5	52935765	52936692	35	959	+	927	924	920	0	3	4	60	0.960499	0.995671	0.992449	0
PBE62253_skip_9d8de194_94a31e0b_37.pod5	8c3c7846-f853-4dbd-b2ed-361ef3dc6937	94a31e0b3732106207c0b307a445c20d576954b4	394	1	27036.5	36.1074	27036.5	36.1054	15776	25.8736	unclassified	chr10	14126124	14141908	0	15746	-	15826	15704	15626	42	80	78	60	0.998098	0.995033	0.987363	0
PBE62253_skip_9d8de194_94a31e0b_37.pod5	1438f74a-79a6-4dd4-8a19-502f442adb6d	94a31e0b3732106207c0b307a445c20d576954b4	1266	3	27012.7	54.9812	27012.8	54.8484	16893	28.4459	unclassified	chr16	58336612	58353514	0	16893	-	16912	16883	16849	10	19	34	60	1	0.997986	0.996275	0
PBE62253_skip_9d8de194_94a31e0b_37.pod5	d9f91146-7144-4971-adc3-b9ff158e18f0	94a31e0b3732106207c0b307a445c20d576954b4	1567	4	27016.9	50.5448	27017	50.4396	16965	28.2152	unclassified	chr5	3291324	3308316	7	16965	-	17009	16941	16906	17	51	35	60	0.999587	0.997934	0.993944	0
PBE62253_skip_9d8de194_94a31e0b_37.pod5	60d16beb-8f43-47d9-9daa-7868c145bad0	94a31e0b3732106207c0b307a445c20d576954b4	70	2	27067.2	5.5928	27067.2	5.5908	2210	31.4924	unclassified	chr1	174492917	174495081	6	2171	-	2165	2164	2161	1	0	3	60	0.979638	0.998614	0.998152	0
PBE62253_skip_9d8de194_94a31e0b_37.pod5	84b4920e-55e4-4c77-af72-0a484def038d	94a31e0b3732106207c0b307a445c20d576954b4	1324	3	27059.1	13.3352	27059.2	13.176	4396	32.7522	unclassified	chrX	65130860	65135248	3	4390	+	4391	4384	4382	3	4	2	60	0.997953	0.999544	0.99795	0
PBE62253_skip_9d8de194_94a31e0b_37.pod5	7ac482c1-1d90-4772-88f0-87b6f4dae889	94a31e0b3732106207c0b307a445c20d576954b4	2419	2	27058.7	13.577	27058.7	13.575	4724	28.617	unclassified	chr7	55130438	55135133	29	4719	+	4699	4686	4677	4	9	9	60	0.992803	0.998079	0.995318	0
PBE62253_skip_9d8de194_94a31e0b_37.pod5	57b70189-40b8-46f2-94da-3ea154c388bd	94a31e0b3732106207c0b307a445c20d576954b4	105	4	27055	17.7272	27055.1	17.592	7776	30.0899	unclassified	chr18	78619426	78627194	7	7776	-	7779	7758	7749	11	10	9	60	0.9991	0.99884	0.996143	0
PBE62253_skip_9d8de194_94a31e0b_37.pod5	ae038f2f-d1b8-4cfb-8cbc-f49b594937eb	94a31e0b3732106207c0b307a445c20d576954b4	2669	3	27027.8	43.934	27028	43.7916	15364	32.818	unclassified	chr11	114792247	114807617	6	15364	-	15381	15347	15315	11	23	32	60	0.999609	0.997915	0.995709	0
PBE62253_skip_9d8de194_94a31e0b_37.pod5	6a46976b-2fab-410d-9b57-3dda25e4ec79	94a31e0b3732106207c0b307a445c20d576954b4	2316	2	27062.2	9.9308	27062.4	9.7236	3314	19.4402	unclassified	chr6	29053733	29057058	7	3314	-	3333	3299	3278	8	26	21	60	0.997888	0.993634	0.983498	0
PBE62253_skip_9d8de194_94a31e0b_37.pod5	5109e528-e589-4862-a97a-6c4c7b4c0539	94a31e0b3732106207c0b307a445c20d576954b4	376	4	27063.3	9.3908	27063.5	9.2604	3685	26.6337	unclassified	chr6	77406719	77410105	0	3384	+	3386	3384	3382	0	2	2	60	0.918317	0.999409	0.998819	0
PBE62253_skip_9d8de194_94a31e0b_37.pod5	d5dbd23d-ba30-453c-a9cb-bd2e220018ae	94a31e0b3732106207c0b307a445c20d576954b4	169	1	27048.5	24.1304	27048.8	23.8824	9500	24.9611	unclassified	chr4	92604755	92613570	650	9500	-	8868	8797	8779	53	18	18	60	0.931579	0.997954	0.989964	0
PBE62253_skip_9d8de194_94a31e0b_37.pod5	cd87aab0-fb48-4bc3-a006-ea963ecc4f73	94a31e0b3732106207c0b307a445c20d576954b4	431	1	27055.8	16.9976	27056	16.836	6617	27.1181	unclassified	chr15	90294464	90301079	8	6617	-	6622	6602	6584	7	13	18	60	0.998791	0.997274	0.994262	0
PBE62253_skip_9d8de194_94a31e0b_37.pod5	50e9ffcf-9712-46e3-99ad-f5515893ab63	94a31e0b3732106207c0b307a445c20d576954b4	278	3	27066.3	6.3356	27066.4	6.2268	2466	26.7862	unclassified	chr3	96947792	96950257	0	2466	+	2466	2465	2465	1	0	0	60	1	1	0.999595	0
PBE62253_skip_9d8de194_94a31e0b_37.pod5	5a1b56d3-b843-4878-8bfc-0945a53e3c95	94a31e0b3732106207c0b307a445c20d576954b4	1907	1	27027.1	45.1256	27027.3	44.9184	15277	26.9219	unclassified	chr1	57974540	57989210	0	15271	+	15297	14644	14609	627	26	35	60	0.999607	0.99761	0.955024	0
PBE62253_skip_9d8de194_94a31e0b_37.pod5	a208321b-21b7-41eb-97a6-f8918882f568	94a31e0b3732106207c0b307a445c20d576954b4	1154	2	27055.7	16.661	27055.7	16.659	5598	40.5458	unclassified	chrY	56713279	56718900	32	5591	+	5636	5544	5472	15	77	72	4	0.993033	0.987013	0.970901	0
PBE62253_skip_9d8de194_94a31e0b_37.pod5	bc0895f4-d103-4d5d-8df2-3d4dc3171e0a	94a31e0b3732106207c0b307a445c20d576954b4	2140	4	27053	18.9948	27053	18.9928	7370	30.9009	unclassified	chr5	144045843	144053170	6	7335	-	7331	7325	7324	4	2	1	60	0.994437	0.999864	0.999045	0
PBE62253_skip_9d8de194_94a31e0b_37.pod5	b8d64e90-96da-4f73-8064-44d7005f8c74	94a31e0b3732106207c0b307a445c20d576954b4	1647	3	27064.2	8.4284	27064.3	8.346	3507	23.3362	unclassified	chr2	81171378	81174880	7	3507	-	3509	3493	3482	7	9	11	60	0.998004	0.996851	0.992306	0
PBE62253_skip_9d8de194_94a31e0b_37.pod5	d25ff6f4-3578-4222-bb74-4a9a32b2b903	94a31e0b3732106207c0b307a445c20d576954b4	1694	3	27068.8	3.8516	27069.1	3.5388	672	30.2246	unclassified	chr4	89512808	89513480	0	672	-	672	672	672	0	0	0	60	1	1	1	0
PBE62253_skip_9d8de194_94a31e0b_37.pod5	e638c16a-f2cb-4153-ba6c-35ace7e5e2a0	94a31e0b3732106207c0b307a445c20d576954b4	1398	1	27036.8	36.0068	27037	35.8764	12868	23.9365	unclassified	chr5	166176886	166189765	0	12861	+	12896	12844	12800	17	35	44	60	0.999456	0.996574	0.992556	0
PBE62253_skip_9d8de194_94a31e0b_37.pod5	3790868d-b744-4c2f-930a-77514168aa5f	94a31e0b3732106207c0b307a445c20d576954b4	1924	2	27031.7	40.5308	27031.9	40.3236	15025	21.1796	unclassified	chr17	31634704	31649750	0	15022	+	15079	14989	14920	33	57	69	60	0.9998	0.995397	0.989456	0
PBE62253_skip_9d8de194_94a31e0b_37.pod5	2bc30848-8630-4090-b4de-fca2062f47a5	94a31e0b3732106207c0b307a445c20d576954b4	868	1	27056.1	11.738	27056.3	11.6004	4413	31.3762	unclassified	chr7	7786401	7790808	0	4408	+	4412	4403	4401	5	4	2	60	0.998867	0.999546	0.997507	0
PBE62253_skip_9d8de194_94a31e0b_37.pod5	aacd3652-d7b7-486f-8e71-56f2e7778d07	94a31e0b3732106207c0b307a445c20d576954b4	1448	4	27038.9	33.83	27039.1	33.6372	8874	29.8246	unclassified	chr11	7154252	7163124	0	8874	-	8879	8867	8855	7	5	12	60	1	0.998647	0.997297	0
PBE62253_skip_9d8de194_94a31e0b_37.pod5	a7915896-ee7b-4e03-9ab3-78e95cbe66b1	94a31e0b3732106207c0b307a445c20d576954b4	2886	3	27014.3	48.6916	27014.3	48.6896	17979	27.5196	unclassified	chr5	1559280	1577226	5	17949	-	17961	17929	17909	15	17	20	60	0.998053	0.998884	0.997105	0
PBE62253_skip_9d8de194_94a31e0b_37.pod5	d6127c31-2dbf-40c7-93be-7d4bcfa135fb	94a31e0b3732106207c0b307a445c20d576954b4	655	1	27034.4	32.7376	27034.4	32.7356	12243	11.2124	unclassified	chr4	1635310	1647701	9	12216	-	12674	11924	11383	283	467	541	60	0.99706	0.954629	0.898138	0
PBE62253_skip_9d8de194_94a31e0b_37.pod5	8d463c84-ef99-4007-aab6-a63e463f582d	94a31e0b3732106207c0b307a445c20d576954b4	1570	3	27058.6	13.928	27058.7	13.8168	5333	21.8668	unclassified	chr1	24807058	24812402	0	5326	+	5350	5320	5302	6	24	18	60	0.998687	0.996617	0.991028	0
PBE62253_skip_9d8de194_94a31e0b_37.pod5	fc0131ff-55b4-4976-a844-2df0c2d91641	94a31e0b3732106207c0b307a445c20d576954b4	2641	4	27027.1	36.092	27027.2	35.9784	14469	31.6436	unclassified	chrY	11309204	11321471	11	14405	-	15462	11199	10042	3195	1068	1157	29	0.994816	0.896687	0.649463	0
PBE62253_skip_9d8de194_94a31e0b_37.pod5	5ab3c6cd-2dba-41d2-acd0-de46c01752f8	94a31e0b3732106207c0b307a445c20d576954b4	1450	4	27031.6	41.1008	27031.7	40.9608	16872	30.1939	unclassified	chrX	63108498	63125369	5	16872	-	16887	16851	16843	16	20	8	60	0.999704	0.999525	0.997394	0
PBE62253_skip_9d8de194_94a31e0b_37.pod5	ef222903-e12a-4a01-8430-6c02cef2b2f6	94a31e0b3732106207c0b307a445c20d576954b4	1822	2	27064.6	8.0504	27064.7	7.9896	4125	20.3023	unclassified	chr6	111580715	111584833	9	4125	-	4128	4106	4085	10	12	21	60	0.997818	0.994886	0.989583	0
PBE62253_skip_9d8de194_94a31e0b_37.pod5	836212a0-bda7-4ec6-9688-939e3892de21	94a31e0b3732106207c0b307a445c20d576954b4	1381	3	27027.6	45.1856	27027.7	45.0528	17121	28.1027	unclassified	chr10	102382602	102399739	7	17121	-	17161	17090	17059	24	47	31	60	0.999591	0.998186	0.994056	0
PBE62253_skip_9d8de194_94a31e0b_37.pod5	15afe67a-5fb1-4aac-a858-fbe4b34ad862	94a31e0b3732106207c0b307a445c20d576954b4	1578	3	27046.9	25.5332	27047	25.4124	9280	29.907	unclassified	chr12	91042643	91051915	9	9278	-	9274	9267	9266	2	5	1	60	0.998815	0.999892	0.999137	0
PBE62253_skip_9d8de194_94a31e0b_37.pod5	b7bdc945-154c-4304-91ef-b43e0d19a249	94a31e0b3732106207c0b307a445c20d576954b4	1404	4	27018.5	54.146	27018.6	53.9964	12326	13.0642	unclassified	chr7	154432770	154444188	6	12326	-	12345	11393	11335	927	25	58	60	0.999513	0.994909	0.918185	0
PBE62253_skip_9d8de194_94a31e0b_37.pod5	97b6f60b-bb61-4594-a28d-532847655771	94a31e0b3732106207c0b307a445c20d576954b4	1850	2	26993.7	78.2918	26993.7	78.2898	27668	31.0622	unclassified	chr14	64631480	64658952	38	27509	+	27489	27454	27443	17	18	11	60	0.99288	0.999599	0.998327	0
PBE62253_skip_9d8de194_94a31e0b_37.pod5	36926ffc-7ff8-41f3-8db1-ddc78734223c	94a31e0b3732106207c0b307a445c20d576954b4	1762	4	27056	16.4576	27056.2	16.3128	6367	25.9093	unclassified	chr7	152027969	152034337	0	6367	-	6384	6351	6341	16	17	10	60	1	0.998425	0.993264	0
PBE62253_skip_9d8de194_94a31e0b_37.pod5	9f2686cc-9130-4f2f-b3c2-846fb2f859a1	94a31e0b3732106207c0b307a445c20d576954b4	2522	1	27008.7	63.5144	27008.9	63.3768	23112	27.0895	unclassified	chr10	27070951	27094085	7	23112	-	23151	23088	23052	17	46	36	60	0.999697	0.998441	0.995724	0
PBE62253_skip_9d8de194_94a31e0b_37.pod5	682714ab-187e-44ac-8d3a-c67a6ef711c5	94a31e0b3732106207c0b307a445c20d576954b4	1278	4	27051	17.768	27051	17.766	7244	31.5504	unclassified	chr6	107139225	107146424	37	7239	+	7215	7186	7171	16	13	15	60	0.994202	0.997913	0.993902	0
PBE62253_skip_9d8de194_94a31e0b_37.pod5	eee4f7e6-48ba-480e-9f6e-58f887749e4d	94a31e0b3732106207c0b307a445c20d576954b4	2299	1	27067.2	1.405	27067.2	1.403	576	15.0562	unclassified	chr4	186772219	186772765	9	552	-	554	535	524	8	11	11	60	0.942708	0.979439	0.945848	0
PBE62253_skip_9d8de194_94a31e0b_37.pod5	daae8161-6de6-44af-944c-e51463a36c89	94a31e0b3732106207c0b307a445c20d576954b4	1815	2	27041	31.8008	27041.2	31.6776	10391	31.2123	unclassified	chr9	74049933	74060318	0	10391	+	10403	10373	10351	18	12	22	60	1	0.997879	0.995001	0
PBE62253_skip_9d8de194_94a31e0b_37.pod5	1f9bca18-2b62-468e-bd14-3e1ca3d7d304	94a31e0b3732106207c0b307a445c20d576954b4	1900	4	27034.7	37.8068	27034.9	37.6644	14347	29.6442	unclassified	chr2	188843001	188857343	7	14347	-	14350	14332	14307	8	10	25	60	0.999512	0.998256	0.997003	0
PBE62253_skip_9d8de194_94a31e0b_37.pod5	102e657f-eaba-43e2-87f1-34f99784a132	94a31e0b3732106207c0b307a445c20d576954b4	2169	1	27044.1	24.68	27044.3	24.4992	9050	19.8205	unclassified	chr22	39462727	39471782	8	9049	-	9097	8999	8947	42	56	52	60	0.999005	0.994222	0.983511	0
PBE62253_skip_9d8de194_94a31e0b_37.pod5	670bbae4-6725-4107-b220-e369303cfe29	94a31e0b3732106207c0b307a445c20d576954b4	2690	2	27061	7.9064	27061.1	7.7448	3268	27.2636	unclassified	chr1	42726900	42730150	9	3268	-	3264	3245	3240	14	5	5	60	0.997246	0.998459	0.992647	0
PBE62253_skip_9d8de194_94a31e0b_37.pod5	e914d29e-7382-48fb-a984-8bf8b4b8a48c	94a31e0b3732106207c0b307a445c20d576954b4	853	1	26956.3	111.117	26956.4	110.939	41925	27.1588	unclassified	chr18	59309782	59351748	0	41918	+	41990	41894	41844	24	72	50	60	0.999833	0.998807	0.996523	0
PBE62253_skip_9d8de194_94a31e0b_37.pod5	7cd31f3b-d3ef-4ba6-b722-bdf491440947	94a31e0b3732106207c0b307a445c20d576954b4	2193	3	27044.9	24.003	27044.9	24.001	8982	28.3607	unclassified	chr5	96868136	96877077	21	8975	+	8964	8931	8923	23	10	8	60	0.996883	0.999104	0.995426	0
PBE62253_skip_9d8de194_94a31e0b_37.pod5	ad77a0a5-27d3-44e8-a419-1b0c7501f050	94a31e0b3732106207c0b307a445c20d576954b4	873	4	26946.2	119.086	26946.3	119.006	49087	25.6397	unclassified	chr2	71967709	72016812	7	49087	-	49172	49011	48945	69	92	66	60	0.999857	0.998653	0.995384	0
PBE62253_skip_9d8de194_94a31e0b_37.pod5	bbd7cbc7-231c-42ab-8b0c-254228e9a4de	94a31e0b3732106207c0b307a445c20d576954b4	249	1	27008.3	60.2276	27008.3	60.2256	15901	30.8686	unclassified	chr4	70930656	70946538	33	15894	+	15902	15841	15829	20	41	12	60	0.997484	0.999242	0.995409	0
PBE62253_skip_9d8de194_94a31e0b_37.pod5	454a3290-19d5-420c-8100-99f43e837e9b	94a31e0b3732106207c0b307a445c20d576954b4	2704	1	27043.7	25.0256	27043.8	24.9168	8549	16.121	unclassified	chr10	27605277	27613796	22	8549	-	8620	8426	8321	101	93	105	60	0.997427	0.987539	0.965313	0
PBE62253_skip_9d8de194_94a31e0b_37.pod5	3edd25dd-6ef6-4270-8508-2f8424621403	94a31e0b3732106207c0b307a445c20d576954b4	321	1	27055.8	13.0808	27055.9	12.9576	4796	23.8612	unclassified	chr18	50218673	50223475	6	4796	-	4810	4782	4755	8	20	27	60	0.998749	0.994354	0.988566	0
PBE62253_skip_9d8de194_94a31e0b_37.pod5	0c3132dd-4cc9-460e-8a6e-3c1d1d9c13fc	94a31e0b3732106207c0b307a445c20d576954b4	1590	2	27044.7	24.038	27044.8	23.9424	10511	37.6503	unclassified	chrY	56736120	56746677	5	10511	-	10582	10481	10381	25	76	100	1	0.999524	0.990459	0.981005	0
PBE62253_skip_9d8de194_94a31e0b_37.pod5	2996e762-9e05-4a3c-a45b-3094f6b61410	94a31e0b3732106207c0b307a445c20d576954b4	841	2	27055.3	13.4432	27055.4	13.3368	5398	27.7562	unclassified	chr4	9514335	9519719	7	5398	-	5398	5377	5338	14	7	39	60	0.998703	0.992747	0.988885	0
PBE62253_skip_9d8de194_94a31e0b_37.pod5	fc69e553-e2f6-4b0d-bbd8-c8af1569a989	94a31e0b3732106207c0b307a445c20d576954b4	1290	1	27063.6	5.3816	27063.7	5.2848	2396	24.9066	unclassified	chr20	23433207	23435597	0	2390	+	2391	2389	2379	1	1	10	60	0.997496	0.995814	0.994981	0
PBE62253_skip_9d8de194_94a31e0b_37.pod5	2908964a-fd53-4a3f-a051-4dbf4e824784	94a31e0b3732106207c0b307a445c20d576954b4	77	4	27039.8	29.1488	27039.9	29.0172	10074	26.3696	unclassified	chr13	39931134	39941198	0	10069	+	10080	10053	10008	16	11	45	60	0.999504	0.995524	0.992857	0
PBE62253_skip_9d8de194_94a31e0b_37.pod5	9e623b90-a7f9-4215-8602-b6ba3d8afc34	94a31e0b3732106207c0b307a445c20d576954b4	972	3	27038.7	30.2948	27038.9	30.1428	12048	30.6763	unclassified	chr5	129980238	129992283	0	12048	-	12051	12042	12026	6	3	16	60	1	0.998671	0.997925	0
PBE62253_skip_9d8de194_94a31e0b_37.pod5	a78c147f-678b-4ef3-881e-853f04c19a26	94a31e0b3732106207c0b307a445c20d576954b4	1311	2	27059.7	9.2936	27059.9	9.1344	2543	29.8126	unclassified	chr11	119945201	119947744	0	2541	-	2543	2541	2528	0	2	13	60	0.999214	0.994884	0.994101	0
PBE62253_skip_9d8de194_94a31e0b_37.pod5	db60eb2e-d72b-4a39-9b00-eb3a16b648fc	94a31e0b3732106207c0b307a445c20d576954b4	2971	2	27048	20.8556	27048.1	20.718	8307	29.7914	unclassified	chr15	64170444	64178749	0	8300	+	8315	8290	8288	10	15	2	60	0.999157	0.999759	0.996753	0
PBE62253_skip_9d8de194_94a31e0b_37.pod5	76ff0733-80c6-452c-936c-b70090c5a353	94a31e0b3732106207c0b307a445c20d576954b4	2298	3	27039.8	28.6688	27039.9	28.5528	9948	26.6921	unclassified	chr5	146000710	146010121	0	9397	+	9419	9389	9368	8	22	21	60	0.944612	0.997763	0.994585	0
PBE62253_skip_9d8de194_94a31e0b_37.pod5	166ea154-7233-4d4f-9c8a-41d92307c740	94a31e0b3732106207c0b307a445c20d576954b4	952	2	27063.2	5.8756	27063.2	5.8736	2461	24.0242	unclassified	chr1	143263491	143267425	0	2454	+	3945	2443	2365	11	1491	78	60	0.997156	0.968072	0.599493	0
PBE62253_skip_9d8de194_94a31e0b_37.pod5	7ab12066-7e4a-4493-91b4-6dc6069f41fb	94a31e0b3732106207c0b307a445c20d576954b4	2325	1	27027.7	41.114	27027.8	40.9716	13786	23.3318	unclassified	chr1	145675143	145688891	0	13779	+	13799	13728	13709	51	20	19	60	0.999492	0.998616	0.993478	0
PBE62253_skip_9d8de194_94a31e0b_37.pod5	8fc31528-bbad-4a3e-b2e4-4b90913cbd6a	94a31e0b3732106207c0b307a445c20d576954b4	2410	1	27065.5	3.6536	27065.8	3.444	1597	40.2242	unclassified	chr21	7925180	7926865	6	1590	+	1746	1523	1322	61	162	201	21	0.99186	0.868024	0.757159	0
PBE62253_skip_9d8de194_94a31e0b_37.pod5	068e94e4-9656-4dcc-b324-8bf7a093d616	94a31e0b3732106207c0b307a445c20d576954b4	2595	1	27056.4	12.5984	27056.6	12.4752	4919	23.4782	unclassified	chr17	64495766	64500685	0	4914	+	4928	4905	4892	9	14	13	60	0.998984	0.99735	0.992695	0
PBE62253_skip_9d8de194_94a31e0b_37.pod5	8ada1a10-e861-44ef-9cd4-279f4f415d3a	94a31e0b3732106207c0b307a445c20d576954b4	1787	4	27062.3	6.6332	27062.5	6.3924	1150	23.6163	unclassified	chr7	23170436	23171576	0	1150	+	1153	1137	1136	13	3	1	60	1	0.99912	0.985256	0
PBE62253_skip_9d8de194_94a31e0b_37.pod5	9df3d40c-b767-4fa0-9526-b5ba0dd4b85e	94a31e0b3732106207c0b307a445c20d576954b4	294	3	27060.9	8.5068	27060.9	8.5048	3284	26.4743	unclassified	chr1	1970589	1973838	6	3251	-	3250	3244	3239	1	5	5	60	0.988124	0.998459	0.996615	0
PBE62253_skip_9d8de194_94a31e0b_37.pod5	ab2e9014-c7c3-4334-aad0-dbf486e05c42	94a31e0b3732106207c0b307a445c20d576954b4	138	3	27067.4	1.8368	27067.5	1.6956	593	21.8638	unclassified	chr2	177684328	177684907	0	577	+	579	577	577	0	2	0	60	0.973019	1	0.996546	0
PBE62253_skip_9d8de194_94a31e0b_37.pod5	39755e28-756a-46d1-ab06-c5847d1d2914	94a31e0b3732106207c0b307a445c20d576954b4	405	4	27055.6	13.4756	27055.8	13.2852	5257	31.6096	unclassified	chr8	42613254	42618503	0	5250	+	5253	5246	5241	4	3	5	60	0.998668	0.999047	0.997716	0
PBE62253_skip_9d8de194_94a31e0b_37.pod5	13fe013b-4ca1-47ee-aa6b-d9b7b30aeb5a	94a31e0b3732106207c0b307a445c20d576954b4	2642	4	27060.5	8.5038	27060.5	8.5018	4257	20.1276	unclassified	chr10	12593906	12598114	38	4250	+	4225	4195	4180	17	13	15	60	0.989429	0.996424	0.989349	0
PBE62253_skip_9d8de194_94a31e0b_37.pod5	8ef8dc70-cdec-4688-85e4-b335a7f9c172	94a31e0b3732106207c0b307a445c20d576954b4	819	2	27056.4	13.0088	27056.5	12.9048	4962	27.3186	unclassified	chr3	155271305	155276265	0	4957	+	4961	4956	4952	1	4	4	60	0.998992	0.999193	0.998186	0
PBE62253_skip_9d8de194_94a31e0b_37.pod5	099c92b5-ae5f-4833-9387-d26c379e6f72	94a31e0b3732106207c0b307a445c20d576954b4	1625	4	27054.5	17.9204	27054.6	17.8092	8015	24.6958	unclassified	chr1	116308193	116316046	164	8015	-	7863	7841	7823	10	12	18	60	0.979538	0.997704	0.994913	0
PBE62253_skip_9d8de194_94a31e0b_37.pod5	ca192192-8fd7-4d38-90d4-4d94c1d3e892	94a31e0b3732106207c0b307a445c20d576954b4	946	4	27061.4	7.8866	27061.4	7.8846	2939	23.0489	unclassified	chr3	147177831	147180713	45	2932	+	2889	2880	2870	7	2	10	60	0.982307	0.996528	0.993423	0
PBE62253_skip_9d8de194_94a31e0b_37.pod5	c9de71b1-f637-4037-8b4b-81eb7100a8a6	94a31e0b3732106207c0b307a445c20d576954b4	1694	3	26955.2	112.874	26955.3	112.763	46647	26.102	unclassified	chr2	105898481	105944957	0	46647	-	46736	46387	46269	260	89	118	60	1	0.997456	0.990008	0
PBE62253_skip_9d8de194_94a31e0b_37.pod5	93d78f20-75ca-41df-9642-ec6bfb04524f	94a31e0b3732106207c0b307a445c20d576954b4	1102	1	27010.1	58.5788	27010.2	58.434	22444	24.2691	unclassified	chrX	7612214	7634655	0	22438	+	22476	22403	22358	35	38	45	60	0.999733	0.997991	0.99475	0
PBE62253_skip_9d8de194_94a31e0b_37.pod5	a1077e0d-55d4-4780-b930-159fb695ccce	94a31e0b3732106207c0b307a445c20d576954b4	1122	3	27066.4	3.0248	27066.5	2.9052	1097	23.4271	unclassified	chr15	47730385	47731480	1	1090	+	1095	1089	1083	0	6	6	60	0.992707	0.99449	0.989041	0
PBE62253_skip_9d8de194_94a31e0b_37.pod5	acd952b4-dc53-4a69-9b67-1cda846abf3d	94a31e0b3732106207c0b307a445c20d576954b4	691	3	27062.5	6.6692	27062.6	6.4884	2729	32.4042	unclassified	chr14	75489027	75491748	0	2722	+	2723	2720	2718	2	1	2	60	0.997435	0.999265	0.998164	0
PBE62253_skip_9d8de194_94a31e0b_37.pod5	eefd1d9e-6fcc-4172-a7d2-fde1121104c2	94a31e0b3732106207c0b307a445c20d576954b4	1462	4	27035.3	33.7532	27035.5	33.5964	13975	14.916	unclassified	chr4	174842550	174856531	8	13975	-	14164	13784	13483	183	197	301	60	0.999428	0.978163	0.95192	0
PBE62253_skip_9d8de194_94a31e0b_37.pod5	10690941-1713-4e17-9e5b-6c95f468a0b6	94a31e0b3732106207c0b307a445c20d576954b4	1573	1	27050.3	19.2116	27050.4	19.0548	7351	24.4117	unclassified	chr2	56245631	56252979	0	7345	+	7355	7338	7321	7	10	17	60	0.999184	0.997683	0.995377	0
PBE62253_skip_9d8de194_94a31e0b_37.pod5	c94891dc-8b22-423e-9938-13a64495702e	94a31e0b3732106207c0b307a445c20d576954b4	1683	1	27038.3	30.6476	27038.5	30.486	9277	26.1338	unclassified	chr1	36866255	36875457	72	9277	-	9219	9188	9155	17	14	33	60	0.992239	0.996408	0.993058	0
PBE62253_skip_9d8de194_94a31e0b_37.pod5	0a67409f-6334-4daa-9177-9d92c087efb8	94a31e0b3732106207c0b307a445c20d576954b4	424	4	27059.9	9.458	27060.1	9.2652	2682	27.8421	unclassified	chr12	17954013	17956692	7	2682	-	2681	2673	2670	2	6	3	60	0.99739	0.998878	0.995897	0
PBE62253_skip_9d8de194_94a31e0b_37.pod5	c853b865-d67a-41b1-9b57-626cd373afe4	94a31e0b3732106207c0b307a445c20d576954b4	1838	3	27059	10.3412	27059.1	10.23	4293	28.0542	unclassified	chr12	48624432	48628443	284	4293	-	4015	4005	4002	4	6	3	60	0.933846	0.999251	0.996762	0
PBE62253_skip_9d8de194_94a31e0b_37.pod5	2c8e26cb-68b7-4174-8410-e3e7ff818925	94a31e0b3732106207c0b307a445c20d576954b4	66	4	27067.4	2.2424	27067.6	2.1144	844	28.7325	unclassified	chr1	197125789	197126640	0	844	+	852	843	841	1	8	2	60	1	0.997627	0.987089	0
PBE62253_skip_9d8de194_94a31e0b_37.pod5	83d0ddab-42a1-4f5d-bf94-c881d64c2651	94a31e0b3732106207c0b307a445c20d576954b4	77	4	27069.1	1.5428	27069.3	1.338	419	27.0413	unclassified	chr17	63466231	63466640	10	419	-	409	409	408	0	0	1	60	0.976134	0.997555	0.997555	0
PBE62253_skip_9d8de194_94a31e0b_37.pod5	ec11ffc3-38d4-4e17-ad9b-a50fa5e692cf	94a31e0b3732106207c0b307a445c20d576954b4	36	2	27047.3	22.7728	27047.3	22.7708	9101	30.0744	unclassified	chr19	2288495	2297567	7	9063	-	9079	9049	9039	7	23	10	60	0.995055	0.998895	0.995594	0
PBE62253_skip_9d8de194_94a31e0b_37.pod5	18728688-eff5-4539-913e-fad30ea4cff0	94a31e0b3732106207c0b307a445c20d576954b4	554	1	27046.7	22.448	27046.8	22.32	9695	20.4399	unclassified	chr11	65258518	65268228	6	9695	-	9737	9662	9626	27	48	36	60	0.999381	0.996274	0.9886	0
PBE62253_skip_9d8de194_94a31e0b_37.pod5	9789be70-faec-4ebd-9c2f-51d1ea48b8b2	94a31e0b3732106207c0b307a445c20d576954b4	1086	4	27068.2	1.7838	27068.2	1.7818	714	10.7064	unclassified	chr15	21885780	21886462	28	707	+	697	664	635	15	18	29	0	0.95098	0.956325	0.911047	0
PBE62253_skip_9d8de194_94a31e0b_37.pod5	91c0b73c-6b22-4b0b-83e8-368ba5fe9d08	94a31e0b3732106207c0b307a445c20d576954b4	1179	1	27065.3	4.3796	27065.4	4.2156	1680	20.7708	unclassified	chr6	67998954	68000626	1	1680	-	1681	1670	1661	9	2	9	60	0.999405	0.994611	0.988102	0
PBE62253_skip_9d8de194_94a31e0b_37.pod5	345d2a51-17c0-4e57-bb2c-07925c672051	94a31e0b3732106207c0b307a445c20d576954b4	2540	2	26994.8	74.31	26994.8	74.308	19897	6.09044	unclassified	chr20	31073574	31085820	0	12127	+	12495	11878	10014	249	368	1864	1	0.609489	0.843071	0.801441	0
PBE62253_skip_9d8de194_94a31e0b_37.pod5	e1359496-f4c4-4122-9f07-26825a6534e0	94a31e0b3732106207c0b307a445c20d576954b4	365	2	27034.8	37.9052	27034.9	37.782	13958	40.4314	unclassified	chr10	42069910	42088650	0	13951	+	19057	13634	12975	317	5106	659	60	0.999498	0.951665	0.680852	0
PBE62253_skip_9d8de194_94a31e0b_37.pod5	f3cf2e7a-415d-42f6-8d27-d0adf049a936	94a31e0b3732106207c0b307a445c20d576954b4	1611	3	27061.4	8.4308	27061.4	8.4288	3336	11.0253	unclassified	chrX	101363665	101367038	38	3336	+	3427	3244	3099	54	129	145	60	0.988609	0.955302	0.904289	0
PBE62253_skip_9d8de194_94a31e0b_37.pod5	4d044130-b063-4aa1-815c-e38ce81cba34	94a31e0b3732106207c0b307a445c20d576954b4	1614	4	27063.6	5.762	27063.8	5.5812	1889	30.5185	unclassified	chr1	181300420	181302306	0	1889	-	1890	1885	1883	4	1	2	60	1	0.998939	0.996296	0
PBE62253_skip_9d8de194_94a31e0b_37.pod5	dd364773-919e-45ff-b09a-d4e7ee198bd5	94a31e0b3732106207c0b307a445c20d576954b4	2342	3	27065.8	4.5392	27065.8	4.5372	2193	9.29378	unclassified	chr15	82027264	82029096	355	2156	-	1885	1748	1651	53	84	97	60	0.821249	0.944508	0.875862	0
PBE62253_skip_9d8de194_94a31e0b_37.pod5	af9c60eb-bf9a-4aaf-baf4-708ddf976f73	94a31e0b3732106207c0b307a445c20d576954b4	514	1	27064.1	6.5482	27064.1	6.5462	2580	32.8976	unclassified	chrX	51439989	51442533	30	2574	+	2545	2543	2540	1	1	3	60	0.986046	0.99882	0.998035	0
PBE62253_skip_9d8de194_94a31e0b_37.pod5	9c7a1bca-e6fd-46a1-a9db-5e97df86cad4	94a31e0b3732106207c0b307a445c20d576954b4	1057	1	27054.3	14.97	27054.3	14.968	5802	8.03635	unclassified	chr11	98079488	98085444	8	5752	-	6163	5537	4949	207	419	588	60	0.990003	0.893805	0.803018	0
PBE62253_skip_9d8de194_94a31e0b_37.pod5	93f04e47-3cda-4f26-82ef-a6512320f3c7	94a31e0b3732106207c0b307a445c20d576954b4	903	4	27035.8	33.4412	27035.9	33.3444	13153	30.1198	unclassified	chr17	59118394	59131562	0	13148	+	13179	13137	13133	11	31	4	60	0.99962	0.999696	0.99651	0
PBE62253_skip_9d8de194_94a31e0b_37.pod5	2e409a4e-17ee-4334-a7cd-f0c4e0711919	94a31e0b3732106207c0b307a445c20d576954b4	695	3	26995.6	73.4852	26995.6	73.3956	24195	31.3171	unclassified	chr4	15713447	15737282	6	24195	-	24222	23802	23780	387	33	22	60	0.999752	0.999076	0.981752	0
PBE62253_skip_9d8de194_94a31e0b_37.pod5	9a0ea74d-fdd5-412f-b263-927a057bee73	94a31e0b3732106207c0b307a445c20d576954b4	691	3	27069.1	1.7492	27069.3	1.6068	695	26.8469	unclassified	chr14	75491157	75491748	104	695	-	591	591	589	0	0	2	60	0.85036	0.996616	0.996616	0
PBE62253_skip_9d8de194_94a31e0b_37.pod5	7abfe160-2505-4e18-bfa8-7e278a8bd551	94a31e0b3732106207c0b307a445c20d576954b4	2315	1	27066.8	3.8012	27066.9	3.6888	1344	32.0647	unclassified	chr3	6945969	6947312	0	1344	-	1344	1343	1342	1	0	1	60	1	0.999255	0.998512	0
PBE62253_skip_9d8de194_94a31e0b_37.pod5	87ee1ba4-05dd-44c9-87b2-a503834e7d63	94a31e0b3732106207c0b307a445c20d576954b4	1920	2	27048.7	23.7644	27048.9	23.6484	8121	29.9268	unclassified	chr4	55459561	55467682	7	8121	-	8123	8112	8108	2	9	4	60	0.999138	0.999507	0.998153	0
PBE62253_skip_9d8de194_94a31e0b_37.pod5	004797ab-d63d-4748-b9e6-4f07481cfebb	94a31e0b3732106207c0b307a445c20d576954b4	19	4	27062.9	7.814	27063.1	7.6548	3144	22.12	unclassified	chr6	151380349	151383484	0	3137	+	3150	3122	3113	15	13	9	60	0.997774	0.997117	0.988254	0
PBE62253_skip_9d8de194_94a31e0b_37.pod5	c597aa27-c938-4ef0-a1de-cdd8dd6daa96	94a31e0b3732106207c0b307a445c20d576954b4	2637	3	27068.4	2.2454	27068.4	2.2434	441	2.30846	unclassified	*	-1	-1	-1	-1	*	0	0	0	0	0	0	0	0	0	0	0
PBE62253_skip_9d8de194_94a31e0b_37.pod5	9f5a8e1c-74a6-45e6-a8e2-18f7308c2c89	94a31e0b3732106207c0b307a445c20d576954b4	2471	2	27062.4	10.0712	27062.6	9.9408	3422	30.0188	unclassified	chr7	86334671	86338089	6	3422	-	3419	3415	3412	1	3	3	60	0.998247	0.999122	0.997953	0
PBE62253_skip_9d8de194_94a31e0b_37.pod5	24de79b0-7396-4fb9-ba67-cc1b9b74a96d	94a31e0b3732106207c0b307a445c20d576954b4	379	3	27060.9	9.0476	27061	8.94	3452	33.3244	unclassified	chr8	99051883	99055327	0	3446	+	3446	3444	3437	2	0	7	60	0.998262	0.997967	0.997388	0
PBE62253_skip_9d8de194_94a31e0b_37.pod5	547e4544-ef72-4765-a4da-120c6407a49e	94a31e0b3732106207c0b307a445c20d576954b4	2445	2	27063.5	6.566	27063.6	6.4548	2563	22.1323	unclassified	chr1	169628843	169631403	1	2563	-	2565	2557	2546	5	3	11	60	0.99961	0.995698	0.992593	0
PBE62253_skip_9d8de194_94a31e0b_37.pod5	c4109083-bf4f-41fc-b997-1d8cebe75a5e	94a31e0b3732106207c0b307a445c20d576954b4	2611	3	27053.9	18.512	27054	18.3672	5805	27.8382	unclassified	chr8	132216378	132222183	0	5805	+	5812	5798	5792	7	7	6	60	1	0.998965	0.996559	0
PBE62253_skip_9d8de194_94a31e0b_37.pod5	f152db4b-fcc3-47eb-9cc9-e281a7846916	94a31e0b3732106207c0b307a445c20d576954b4	1947	1	27052.5	19.7756	27052.6	19.6812	8740	23.3672	unclassified	chr4	166127094	166135814	0	8736	+	8749	8707	8671	29	13	36	60	0.999542	0.995865	0.991085	0
PBE62253_skip_9d8de194_94a31e0b_37.pod5	95aa1c14-b47d-4a1e-aea2-4280ec3d620d	94a31e0b3732106207c0b307a445c20d576954b4	2698	3	27057.9	14.6216	27058.1	14.4912	6053	27.1065	unclassified	chr2	225025296	225031354	7	6053	-	6063	6041	6034	5	17	7	60	0.998844	0.998841	0.995217	0
PBE62253_skip_9d8de194_94a31e0b_37.pod5	b4e93f7e-ceed-4e8a-9a2d-e5f8fba488f7	94a31e0b3732106207c0b307a445c20d576954b4	2982	4	27054.8	17.5784	27054.9	17.4384	5712	26.084	unclassified	chr8	73273921	73279640	6	5712	-	5723	5702	5695	4	17	7	60	0.99895	0.998772	0.995107	0
PBE62253_skip_9d8de194_94a31e0b_37.pod5	eda85e81-64a9-4afd-8a68-69a78a47f323	94a31e0b3732106207c0b307a445c20d576954b4	2711	4	27063	9.3992	27063.1	9.2784	3532	27.1554	unclassified	chr10	8814329	8817853	6	3532	-	3529	3521	3509	5	3	12	60	0.998301	0.996592	0.994333	0
PBE62253_skip_9d8de194_94a31e0b_37.pod5	0f3a9780-4be1-4743-abf2-b5ea5bd98e35	94a31e0b3732106207c0b307a445c20d576954b4	315	4	27065.8	7.1528	27066	7.002	2703	32.5859	unclassified	chr2	11124930	11127625	1	2694	+	2696	2692	2688	1	3	4	60	0.9963	0.998514	0.997033	0
PBE62253_skip_9d8de194_94a31e0b_37.pod5	847f22b8-a591-48c2-af19-a5a5c0a5d89e	94a31e0b3732106207c0b307a445c20d576954b4	301	3	27055.3	17.6432	27055.6	17.3832	4972	28.4138	unclassified	chr4	20582434	20587405	0	4972	+	4975	4968	4960	4	3	8	60	1	0.99839	0.996985	0
PBE62253_skip_9d8de194_94a31e0b_37.pod5	5b19aecf-b1a1-43d2-80aa-ac9cf75533d9	94a31e0b3732106207c0b307a445c20d576954b4	1330	4	27001.7	66.7688	27001.8	66.6264	26056	29.8925	unclassified	chr1	54257084	54273241	9910	26056	-	16162	16141	16132	5	16	9	60	0.619665	0.999442	0.998144	0
PBE62253_skip_9d8de194_94a31e0b_37.pod5	edf97b8c-c6e0-4b97-9733-162e3577cb18	94a31e0b3732106207c0b307a445c20d576954b4	2974	1	27057	11.9768	27057.1	11.868	4960	27.6388	unclassified	chr11	85022354	85027326	1	4960	-	4976	4955	4944	4	17	11	60	0.999798	0.99778	0.993569	0
PBE62253_skip_9d8de194_94a31e0b_37.pod5	a2f45b43-0345-4b9c-92f5-b60f9873e5a7	94a31e0b3732106207c0b307a445c20d576954b4	334	2	27063.5	9.4412	27063.6	9.3108	3555	28.952	unclassified	chr1	33243629	33247175	7	3555	-	3551	3543	3539	5	3	4	60	0.998031	0.998871	0.996621	0
PBE62253_skip_9d8de194_94a31e0b_37.pod5	5b883cc8-89cd-4df1-b89e-7570e8cae19e	94a31e0b3732106207c0b307a445c20d576954b4	890	4	27039.2	27.2432	27039.2	27.2412	10741	12.0901	unclassified	chr4	128096281	128105623	1360	10705	-	9374	9313	9266	32	29	47	60	0.870031	0.994953	0.988479	0
PBE62253_skip_9d8de194_94a31e0b_37.pod5	172a3f28-1fed-45f3-8c35-5b717f42ef71	94a31e0b3732106207c0b307a445c20d576954b4	1919	2	27066.4	6.5816	27066.4	6.5796	1821	17.2206	unclassified	chr3	166669473	166671270	0	1786	-	1804	1779	1762	7	18	17	60	0.98078	0.990444	0.976718	0
PBE62253_skip_9d8de194_94a31e0b_37.pod5	a27a6405-05a9-409f-ba77-10b1ddb29068	94a31e0b3732106207c0b307a445c20d576954b4	2131	3	27057.6	14.8604	27057.8	14.6316	4050	36.7416	unclassified	chr5	128909566	128913608	8	4050	-	4043	4041	4036	1	1	5	60	0.998025	0.998763	0.998269	0
PBE62253_skip_9d8de194_94a31e0b_37.pod5	5e0315db-2140-4030-a256-b066197486ca	94a31e0b3732106207c0b307a445c20d576954b4	1075	4	27059.6	13.4744	27059.9	13.2096	5494	28.8755	unclassified	chrX	121388817	121394309	7	5494	-	5493	5486	5484	1	6	2	60	0.998726	0.999635	0.998362	0
PBE62253_skip_9d8de194_94a31e0b_37.pod5	eb363354-e221-43cc-a181-4de73d6f1b1c	94a31e0b3732106207c0b307a445c20d576954b4	2061	4	27064.6	7.7492	27064.8	7.5828	2691	20.3844	unclassified	chr8	46332638	46335330	0	2688	+	2700	2680	2665	8	12	15	60	0.998885	0.994403	0.987037	0
PBE62253_skip_9d8de194_94a31e0b_37.pod5	3f390418-3acd-4aeb-8b56-c70f36590736	94a31e0b3732106207c0b307a445c20d576954b4	2073	4	27062.7	10.0184	27062.8	9.8928	3604	33.9922	unclassified	chr4	96567498	96571094	0	3595	+	3596	3595	3593	0	1	2	60	0.997503	0.999444	0.999166	0
PBE62253_skip_9d8de194_94a31e0b_37.pod5	7b8f1b0d-deba-43e0-9fa3-233b73e1b05e	94a31e0b3732106207c0b307a445c20d576954b4	90	2	27053	20.2148	27053.1	20.1156	7817	36.8088	unclassified	chr1	51579205	51587033	0	7809	+	7834	7803	7803	6	25	0	60	0.998977	1	0.996043	0
PBE62253_skip_9d8de194_94a31e0b_37.pod5	99b81f69-c17a-449c-bb96-d9d613a019c0	94a31e0b3732106207c0b307a445c20d576954b4	470	3	27054	19.1	27054.1	18.9888	7205	36.3041	unclassified	chr9	101795413	101802602	7	7205	-	7199	7188	7183	10	1	5	60	0.999028	0.999304	0.997777	0
PBE62253_skip_9d8de194_94a31e0b_37.pod5	1c1e0a1e-f98f-4cb3-9778-953b877c0e3b	94a31e0b3732106207c0b307a445c20d576954b4	1459	1	27060.9	8.3444	27061.1	8.1972	3396	29.9073	unclassified	chr11	32329432	32332822	0	3390	+	3396	3384	3381	6	6	3	60	0.998233	0.999114	0.995583	0
PBE62253_skip_9d8de194_94a31e0b_37.pod5	5ef75643-c206-4ac8-8eaf-19a237cf2b87	94a31e0b3732106207c0b307a445c20d576954b4	1098	3	27050.6	18.7314	27050.6	18.7294	4863	29.3983	unclassified	chr17	69923498	69928316	32	4854	+	4826	4814	4797	8	4	17	60	0.991569	0.996469	0.993991	0
PBE62253_skip_9d8de194_94a31e0b_37.pod5	4aed1a71-18a8-41fa-b238-7ec132b28dbe	94a31e0b3732106207c0b307a445c20d576954b4	370	3	27063.7	9.7328	27063.8	9.6048	3788	23.8287	unclassified	chr10	86631089	86634871	0	3780	+	3789	3773	3760	7	9	13	60	0.997888	0.996554	0.992346	0
PBE62253_skip_9d8de194_94a31e0b_37.pod5	5afe9dcf-6959-4195-921f-957253d4f138	94a31e0b3732106207c0b307a445c20d576954b4	2059	2	27015.9	52.5272	27016	52.4256	20946	27.1212	unclassified	chr12	128358917	128379868	5	20946	-	20983	20909	20860	32	42	49	60	0.999761	0.997657	0.994138	0
PBE62253_skip_9d8de194_94a31e0b_37.pod5	648ca761-1b0b-44ba-aa2f-e213cc899902	94a31e0b3732106207c0b307a445c20d576954b4	2532	3	26953.6	115.027	26953.6	115.025	46590	27.755	unclassified	chr5	177337282	177383844	6	46557	-	46639	46474	46436	77	88	38	60	0.999163	0.999182	0.995647	0
PBE62253_skip_9d8de194_94a31e0b_37.pod5	a4a6f932-bebd-4af8-b5f9-eec524fa53bf	94a31e0b3732106207c0b307a445c20d576954b4	1543	4	27071.5	1.4636	27071.6	1.3236	528	25.1431	unclassified	chr14	23953637	23954154	11	528	-	517	517	514	0	0	3	60	0.979167	0.994197	0.994197	0
PBE62253_skip_9d8de194_94a31e0b_37.pod5	4ee97f99-2d32-4398-a50a-945673c6d0c9	94a31e0b3732106207c0b307a445c20d576954b4	425	2	27060.8	12.626	27061	12.4764	4281	33.5113	unclassified	chr10	94047302	94051572	0	4275	+	4277	4268	4254	7	2	14	60	0.998598	0.99672	0.994622	0
PBE62253_skip_9d8de194_94a31e0b_37.pod5	b1865ee9-63d0-444c-b1cc-60170904ec76	94a31e0b3732106207c0b307a445c20d576954b4	477	3	27044.2	28.8572	27044.2	28.8552	11110	29.6516	unclassified	chr1	241794565	241805641	6	11093	-	11094	11069	11051	18	7	18	60	0.99793	0.998374	0.996124	0
PBE62253_skip_9d8de194_94a31e0b_37.pod5	1d7788ab-5baf-4cc5-847f-acbed4f8007f	94a31e0b3732106207c0b307a445c20d576954b4	359	2	27050.7	22.7384	27050.8	22.6296	9136	27.7438	unclassified	chr3	155937715	155946850	0	9130	+	9142	9123	9113	7	12	10	60	0.999343	0.998904	0.996828	0
PBE62253_skip_9d8de194_94a31e0b_37.pod5	606cd535-7e15-4c30-83d3-dd6e910b08dc	94a31e0b3732106207c0b307a445c20d576954b4	952	2	27070.6	2.7884	27070.6	2.7864	651	12.8794	unclassified	chr2	54732962	54733544	19	598	-	592	569	560	10	13	9	60	0.889401	0.984183	0.945946	0
PBE62253_skip_9d8de194_94a31e0b_37.pod5	a6e05c4c-efe3-4529-95cd-9f35796c676c	94a31e0b3732106207c0b307a445c20d576954b4	2143	3	27056.4	16.4456	27056.5	16.32	7152	25.3002	unclassified	chr5	56331533	56338687	0	7152	-	7164	7142	7130	10	12	12	60	1	0.99832	0.995254	0
PBE62253_skip_9d8de194_94a31e0b_37.pod5	657e33e1-3829-44e6-ba26-d6b7b0d9af6a	94a31e0b3732106207c0b307a445c20d576954b4	1030	4	26961.8	107.352	26961.9	107.243	38867	25.3776	unclassified	chr6	79967860	80006714	0	38867	+	38921	38800	38734	67	54	66	60	1	0.998299	0.995195	0
PBE62253_skip_9d8de194_94a31e0b_37.pod5	1a1a7a89-349b-499d-a7f0-7f317928fc2a	94a31e0b3732106207c0b307a445c20d576954b4	838	3	27047.1	26.24	27047.2	26.1216	9965	29.7731	unclassified	chr8	3088327	3098277	9	9965	-	9961	9945	9909	11	5	36	60	0.999097	0.99638	0.99478	0
PBE62253_skip_9d8de194_94a31e0b_37.pod5	a12f6259-9b77-4fcb-81f7-e66affc67086	94a31e0b3732106207c0b307a445c20d576954b4	2436	3	27066.2	6.7868	27066.2	6.7848	1211	7.59698	unclassified	chr2	52690315	52691490	0	1161	-	1244	1092	1003	69	83	89	30	0.958712	0.918498	0.80627	0
PBE62253_skip_9d8de194_94a31e0b_37.pod5	3150ef63-2a6d-48ab-9d00-b9d20a850dab	94a31e0b3732106207c0b307a445c20d576954b4	354	3	27056.8	16.7106	27056.8	16.7086	6240	33.3707	unclassified	chr9	61569733	61575947	30	6240	+	6217	6207	6197	3	7	10	60	0.995192	0.998389	0.996783	0
PBE62253_skip_9d8de194_94a31e0b_37.pod5	0b13f1b5-aed3-4c56-a009-c593687bdf65	94a31e0b3732106207c0b307a445c20d576954b4	815	1	27053.1	19.8898	27053.1	19.8878	7571	26.16	unclassified	chr15	99112082	99119616	0	7538	-	7547	7525	7517	13	9	8	60	0.995641	0.998937	0.996025	0
PBE62253_skip_9d8de194_94a31e0b_37.pod5	659c00c7-ba24-4870-9699-e47833a975a8	94a31e0b3732106207c0b307a445c20d576954b4	2277	3	27055.4	17.3264	27055.5	17.208	6675	25.6687	unclassified	chr2	48531085	48537764	7	6675	-	6686	6661	6647	7	18	14	60	0.998951	0.997898	0.994167	0
PBE62253_skip_9d8de194_94a31e0b_37.pod5	99afec38-7840-4f77-872e-7973be25241b	94a31e0b3732106207c0b307a445c20d576954b4	804	2	27047.2	22.1444	27047.3	22.038	8615	31.4047	unclassified	chr11	78743209	78751827	0	8615	-	8619	8614	8607	1	4	7	60	1	0.999187	0.998608	0
PBE62253_skip_9d8de194_94a31e0b_37.pod5	35904d82-e862-4b0a-bba0-5ce31322ca61	94a31e0b3732106207c0b307a445c20d576954b4	2398	2	27068	5.0252	27068.1	4.9212	2169	27.5597	unclassified	chr20	27386205	27388369	6	2169	-	2165	2162	2146	1	2	16	23	0.997234	0.992599	0.991224	0
PBE62253_skip_9d8de194_94a31e0b_37.pod5	0c938017-23fd-418d-ad94-7eb505fd087d	94a31e0b3732106207c0b307a445c20d576954b4	637	2	27055.7	17.6348	27055.9	17.4516	5852	28.9069	unclassified	chr11	21191483	21197335	6	5852	-	5856	5842	5836	4	10	6	60	0.998975	0.998973	0.996585	0
PBE62253_skip_9d8de194_94a31e0b_37.pod5	9b099d2c-33ba-47b9-a245-321b835abb2b	94a31e0b3732106207c0b307a445c20d576954b4	2294	3	27056.2	16.622	27056.3	16.4748	6740	35.8438	unclassified	chr22	43589354	43596092	6	6740	-	6742	6730	6726	4	8	4	60	0.99911	0.999406	0.997627	0
PBE62253_skip_9d8de194_94a31e0b_37.pod5	a031b722-3ed3-4ca3-b087-7662e32adcb7	94a31e0b3732106207c0b307a445c20d576954b4	2164	4	27051.7	20.9276	27051.9	20.778	7571	25.9417	unclassified	chr2	43104252	43111814	9	7571	-	7571	7553	7547	9	9	6	60	0.998811	0.999206	0.99683	0
PBE62253_skip_9d8de194_94a31e0b_37.pod5	e521f96d-41bd-439a-8f9e-64cb6c0367ae	94a31e0b3732106207c0b307a445c20d576954b4	2585	3	27031.4	41.2244	27031.6	41.0604	17832	24.3267	unclassified	chr12	108349917	108367450	333	17832	-	17568	17464	17426	35	69	38	60	0.981326	0.997824	0.991917	0
PBE62253_skip_9d8de194_94a31e0b_37.pod5	4e9eac41-4961-4572-90bf-9f2f9d052fd6	94a31e0b3732106207c0b307a445c20d576954b4	1368	1	27067.1	6.4304	27067.2	6.3216	2613	29.0275	unclassified	chr7	135251319	135253920	5	2613	-	2615	2594	2592	14	7	2	60	0.998087	0.999229	0.991205	0
PBE62253_skip_9d8de194_94a31e0b_37.pod5	8d182681-1c5d-4814-90c5-5fe49e68136f	94a31e0b3732106207c0b307a445c20d576954b4	2631	4	27060.2	12.722	27060.4	12.5532	4930	29.8368	unclassified	chr1	84760121	84765045	0	4923	+	4932	4915	4902	8	9	13	60	0.99858	0.997355	0.993917	0
PBE62253_skip_9d8de194_94a31e0b_37.pod5	a9de044d-8a16-49ae-ab4a-88dfa704f0e7	94a31e0b3732106207c0b307a445c20d576954b4	2908	1	27067.3	5.8772	27067.3	5.8752	2327	29.2549	unclassified	chr3	129537499	129539759	34	2321	+	2288	2259	2258	28	1	1	60	0.98281	0.999557	0.986888	0
PBE62253_skip_9d8de194_94a31e0b_37.pod5	178812b1-8593-4553-9ee3-55ce4f46eef9	94a31e0b3732106207c0b307a445c20d576954b4	2042	1	27061.5	11.5868	27061.6	11.4852	4976	22.9014	unclassified	chr12	104888217	104893174	0	4970	+	4977	4950	4944	20	7	6	60	0.998794	0.998788	0.99337	0
PBE62253_skip_9d8de194_94a31e0b_37.pod5	efb20589-f9e4-485e-8707-91aa9702eb36	94a31e0b3732106207c0b307a445c20d576954b4	1197	2	27044.8	28.6722	27044.8	28.6702	7303	5.62434	unclassified	chr7	51649913	51654967	2444	7296	+	5394	4512	3948	340	542	564	60	0.664384	0.875	0.731924	0
PBE62253_skip_9d8de194_94a31e0b_37.pod5	26801bd5-2fc0-49f6-9f97-b9b2c421ac5c	94a31e0b3732106207c0b307a445c20d576954b4	1813	2	27061.7	11.7898	27061.7	11.7878	4462	13.5402	unclassified	chr2	191671374	191675853	38	4456	+	4526	4371	4262	47	108	109	60	0.990139	0.975063	0.94167	0
PBE62253_skip_9d8de194_94a31e0b_37.pod5	1a9a6abd-56e2-43bf-aece-ce5ef54f6d34	94a31e0b3732106207c0b307a445c20d576954b4	204	4	27050.5	23.1874	27050.5	23.1854	4332	5.95029	unclassified	chr18	57075317	57079598	82	4287	+	4636	3850	3399	355	431	451	60	0.970683	0.882857	0.733175	0
PBE62253_skip_9d8de194_94a31e0b_37.pod5	a84a1ff7-bc8f-4ec7-be0b-38e5a648d9a6	94a31e0b3732106207c0b307a445c20d576954b4	544	3	27059.7	8.7728	27059.8	8.664	3487	34.3933	unclassified	chr3	147859139	147862622	7	3487	-	3483	3480	3479	0	3	1	60	0.997993	0.999713	0.998852	0
PBE62253_skip_9d8de194_94a31e0b_37.pod5	910f06a2-e8e6-4f1d-972c-4898b5144c5f	94a31e0b3732106207c0b307a445c20d576954b4	2626	4	27061.6	11.0636	27061.6	11.0616	4676	27.9656	unclassified	chr10	69785718	69790354	9	4644	-	4640	4631	4625	4	5	6	60	0.991232	0.998704	0.996767	0
PBE62253_skip_9d8de194_94a31e0b_37.pod5	8e543611-9b11-48b8-b672-c8a153954358	94a31e0b3732106207c0b307a445c20d576954b4	2151	4	27053.2	20.0648	27053.3	19.968	7878	26.388	unclassified	chr9	98990785	98998549	0	7765	+	7769	7760	7746	5	4	14	60	0.985656	0.998196	0.997039	0
PBE62253_skip_9d8de194_94a31e0b_37.pod5	79437f49-90ad-455e-9bc0-be5d75fd34fa	94a31e0b3732106207c0b307a445c20d576954b4	2035	3	27062.9	10.4492	27063	10.2804	4212	33.2502	unclassified	chr3	163486903	163491104	0	4204	+	4206	4199	4193	5	2	6	60	0.998101	0.998571	0.996909	0
PBE62253_skip_9d8de194_94a31e0b_37.pod5	b226aeac-6b4d-4961-838e-2f3f0ed89d6e	94a31e0b3732106207c0b307a445c20d576954b4	2041	2	27057.9	11.5428	27057.9	11.5408	4498	26.4121	unclassified	chr2	165081511	165085975	3	4470	-	4469	4462	4458	5	2	4	60	0.993108	0.999104	0.997539	0
PBE62253_skip_9d8de194_94a31e0b_37.pod5	328a6047-9ab9-4008-9cba-97b3caeadad0	94a31e0b3732106207c0b307a445c20d576954b4	1720	2	27053.5	15.9032	27053.6	15.7824	5735	27.5848	unclassified	chr10	132673229	132678897	7	5735	-	5733	5663	5656	65	5	7	60	0.998779	0.998764	0.986569	0
PBE62253_skip_9d8de194_94a31e0b_37.pod5	c1b76afc-af49-4ae9-a2e1-c190084dd82c	94a31e0b3732106207c0b307a445c20d576954b4	2813	2	27065.8	7.2326	27065.8	7.2306	2743	31.506	unclassified	chr8	142375824	142378534	7	2715	-	2710	2708	2704	0	2	4	60	0.98724	0.998523	0.997786	0
PBE62253_skip_9d8de194_94a31e0b_37.pod5	6d36b135-a9f4-46d9-b3a1-79af8e615af9	94a31e0b3732106207c0b307a445c20d576954b4	1050	3	27052.7	16.2588	27052.7	16.2568	6677	35.2606	unclassified	chr8	24842402	24849049	29	6670	+	6648	6640	6631	1	7	9	60	0.994608	0.998645	0.997443	0
PBE62253_skip_9d8de194_94a31e0b_37.pod5	5c452c4e-edac-47a6-b82b-9d90b6d3415e	94a31e0b3732106207c0b307a445c20d576954b4	383	1	27066.1	3.626	27066.2	3.5028	1341	22.3544	unclassified	chr4	114926291	114927641	0	1341	+	1352	1339	1331	2	11	8	60	1	0.994025	0.984467	0
PBE62253_skip_9d8de194_94a31e0b_37.pod5	718b202f-8937-4204-99f8-b6fe3b8bb895	94a31e0b3732106207c0b307a445c20d576954b4	186	1	27065.8	4.004	27065.9	3.8856	1437	33.4946	unclassified	chr1	788887	790324	11	1424	+	1535	1315	1109	98	122	206	1	0.983299	0.843346	0.722476	0
PBE62253_skip_9d8de194_94a31e0b_37.pod5	b8b5ea63-3aa6-47e7-8582-b94a63949505	94a31e0b3732106207c0b307a445c20d576954b4	528	4	27059.9	13.9124	27060	13.7748	5638	27.2525	unclassified	chr6	111465690	111471346	0	5638	-	5661	5633	5623	5	23	10	60	1	0.998225	0.993287	0
PBE62253_skip_9d8de194_94a31e0b_37.pod5	46109470-9d6c-4d1f-b915-1bf962569976	94a31e0b3732106207c0b307a445c20d576954b4	629	1	27060.5	9.2228	27060.7	9.0108	3367	33.5547	unclassified	chr21	13818222	13821582	0	3362	+	3362	3360	3360	2	0	0	60	0.998515	1	0.999405	0
PBE62253_skip_9d8de194_94a31e0b_37.pod5	dfe0ee47-ecb2-497b-b344-15857f4d8be7	94a31e0b3732106207c0b307a445c20d576954b4	1796	1	27064.7	8.676	27064.8	8.5728	2978	27.1254	unclassified	chr6	53576126	53579106	0	2978	+	2982	2976	2974	2	4	2	60	1	0.999328	0.997317	0
PBE62253_skip_9d8de194_94a31e0b_37.pod5	2f225159-4e1f-4caf-93c6-06ad46dd8454	94a31e0b3732106207c0b307a445c20d576954b4	1513	3	27062.8	6.9416	27062.9	6.8184	2861	32.3923	unclassified	chr3	94896981	94899841	0	2854	+	2860	2854	2854	0	6	0	60	0.997553	1	0.997902	0
PBE62253_skip_9d8de194_94a31e0b_37.pod5	8a074f9e-e486-449c-b49d-5a4e1ab9d02c	94a31e0b3732106207c0b307a445c20d576954b4	1939	3	27049.5	19.777	27049.5	19.775	7632	28.8186	unclassified	chrX	10075937	10083523	7	7598	-	7597	7580	7570	11	6	10	60	0.994628	0.998681	0.996446	0
PBE62253_skip_9d8de194_94a31e0b_37.pod5	d0671fc8-cc61-4f4f-9691-1274ebc2dd46	94a31e0b3732106207c0b307a445c20d576954b4	1565	1	27032.9	35.4008	27033	35.2968	12719	33.3907	unclassified	chr10	41861430	41872344	30	10844	+	11587	10141	8724	673	773	1417	1	0.850224	0.86027	0.752913	0
PBE62253_skip_9d8de194_94a31e0b_37.pod5	58889d76-0463-4f15-9d97-ca962186b7e7	94a31e0b3732106207c0b307a445c20d576954b4	717	2	27050.7	18.9008	27050.8	18.7776	6787	39.3	unclassified	chr3	91679274	91686051	0	6780	+	6782	6775	6727	5	2	48	1	0.998969	0.992915	0.99189	0
PBE62253_skip_9d8de194_94a31e0b_37.pod5	449f1b51-87d5-40ad-bd75-8d92ef76c45d	94a31e0b3732106207c0b307a445c20d576954b4	602	2	27036	32.378	27036.2	32.2308	12575	29.27	unclassified	chr1	88372102	88384665	0	12568	+	12571	12560	12554	8	3	6	60	0.999443	0.999522	0.998648	0
PBE62253_skip_9d8de194_94a31e0b_37.pod5	06c97dee-f89a-47cd-9a05-3ff7e6b75cd3	94a31e0b3732106207c0b307a445c20d576954b4	1542	4	27065.9	3.7198	27065.9	3.7178	779	2.84673	unclassified	*	-1	-1	-1	-1	*	0	0	0	0	0	0	0	0	0	0	0
PBE62253_skip_9d8de194_94a31e0b_37.pod5	e81a56ce-a644-4fde-b140-c8d1b1f39033	94a31e0b3732106207c0b307a445c20d576954b4	1115	1	27029.6	43.3316	27029.7	43.1988	16977	26.8515	unclassified	chr10	86734273	86751236	0	16977	+	17043	16897	16843	80	66	54	60	1	0.996804	0.988265	0
PBE62253_skip_9d8de194_94a31e0b_37.pod5	9083a9f4-5f6f-465e-8f4a-15f7e1f0d330	94a31e0b3732106207c0b307a445c20d576954b4	1134	1	27007.6	65.7224	27007.8	65.5608	20150	29.7719	unclassified	chr11	125109344	125129472	0	20144	+	20158	20114	20074	30	14	40	60	0.999702	0.998011	0.995833	0
PBE62253_skip_9d8de194_94a31e0b_37.pod5	4fd0de62-294e-4a5e-ba16-1f3d3cf5f44c	94a31e0b3732106207c0b307a445c20d576954b4	785	3	27014.9	54.074	27015	53.9436	20930	25.1811	unclassified	chr1	1864583	1885543	7	20930	-	20985	20898	20854	25	62	44	60	0.999666	0.997895	0.993757	0
PBE62253_skip_9d8de194_94a31e0b_37.pod5	e4e73293-7739-46c4-909d-55ed861d34f5	94a31e0b3732106207c0b307a445c20d576954b4	1796	1	27055.6	9.0552	27055.7	8.9268	3539	25.5984	unclassified	chr6	53576125	53579721	10	3539	-	3598	3527	3525	2	69	2	60	0.997174	0.999433	0.979711	0
PBE62253_skip_9d8de194_94a31e0b_37.pod5	e342e197-7145-43a7-839e-fc7bea3201c7	94a31e0b3732106207c0b307a445c20d576954b4	2703	3	27052.6	20.45	27052.6	20.448	8297	28.0831	unclassified	chr1	207034506	207042775	36	8291	+	8274	8250	8246	5	19	4	60	0.994938	0.999515	0.996616	0
PBE62253_skip_9d8de194_94a31e0b_37.pod5	e63dcee3-358b-4443-b370-e4fb0d842788	94a31e0b3732106207c0b307a445c20d576954b4	1677	1	27033.2	40.1936	27033.3	40.044	17211	20.404	unclassified	chr18	37501678	37509242	845	8410	+	7571	7558	7536	7	6	22	60	0.439544	0.997089	0.995377	0
PBE62253_skip_9d8de194_94a31e0b_37.pod5	7eb9738d-6750-44f5-adc9-a7342859f946	94a31e0b3732106207c0b307a445c20d576954b4	2106	2	27064.7	5.03	27064.8	4.9284	2017	38.2175	unclassified	chr4	125747212	125749229	0	2017	-	2017	2017	2014	0	0	3	60	1	0.998513	0.998513	0
PBE62253_skip_9d8de194_94a31e0b_37.pod5	d118ea40-9f6d-402d-9871-f839af185a61	94a31e0b3732106207c0b307a445c20d576954b4	2034	4	27035.6	37.5008	27035.6	37.4988	14150	28.8244	unclassified	chr12	53330075	53344176	6	14122	-	14138	14079	14054	37	22	25	60	0.997597	0.998224	0.994059	0
PBE62253_skip_9d8de194_94a31e0b_37.pod5	a2c3e10d-e6a8-4bea-afa6-0c562d29cea1	94a31e0b3732106207c0b307a445c20d576954b4	433	3	27006.7	66.2372	27006.8	66.1188	27322	26.1532	unclassified	chr6	52640653	52667979	0	27313	+	27365	27274	27213	39	52	61	60	0.999671	0.997763	0.994445	0
PBE62253_skip_9d8de194_94a31e0b_37.pod5	1de6a1ad-a042-401b-8f13-b73bbf03105f	94a31e0b3732106207c0b307a445c20d576954b4	2562	1	27056.8	12.932	27057	12.7704	6002	28.5622	unclassified	chr3	6165338	6171335	6	6002	-	6005	5988	5973	8	9	15	60	0.999	0.997495	0.994671	0
PBE62253_skip_9d8de194_94a31e0b_37.pod5	6bfabf70-f419-4cef-8050-296eb9b74f4f	94a31e0b3732106207c0b307a445c20d576954b4	2446	2	27056	13.7944	27056	13.7924	5193	31.3953	unclassified	chr13	64280808	64285983	29	5185	+	5181	5150	5133	6	25	17	60	0.992875	0.996699	0.990735	0
PBE62253_skip_9d8de194_94a31e0b_37.pod5	bc23b8ee-ca9f-4c14-b48c-8371e60f47ec	94a31e0b3732106207c0b307a445c20d576954b4	669	3	27047.5	22.0724	27047.7	21.9084	6452	19.6613	unclassified	chr12	93467771	93474184	5	6452	-	6453	6407	6397	40	6	10	60	0.999225	0.998439	0.991322	0
PBE62253_skip_9d8de194_94a31e0b_37.pod5	08d15cfe-3de3-4eb5-baa4-35ff5f3c5398	94a31e0b3732106207c0b307a445c20d576954b4	2103	2	27052.5	17.26	27052.5	17.258	6805	25.3674	unclassified	chr12	97238447	97245203	31	6798	+	6772	6751	6739	16	5	12	60	0.994416	0.998222	0.995127	0
PBE62253_skip_9d8de194_94a31e0b_37.pod5	c3e2c9c1-83de-4eef-9c74-70daf552f17a	94a31e0b3732106207c0b307a445c20d576954b4	1687	4	27038.6	30.9836	27038.7	30.882	13447	25.1032	unclassified	chr7	38420823	38434290	6	13447	-	13495	13413	13377	28	54	36	60	0.999554	0.997316	0.991256	0
PBE62253_skip_9d8de194_94a31e0b_37.pod5	b05b4b14-2250-464a-934c-69abd84430ab	94a31e0b3732106207c0b307a445c20d576954b4	523	3	27019.1	54.4592	27019.2	54.3048	21922	29.4626	unclassified	chr3	143059931	143081848	6	21922	-	21933	21900	21858	16	17	42	60	0.999726	0.998082	0.99658	0
PBE62253_skip_9d8de194_94a31e0b_37.pod5	fae89061-419e-47d8-bfd2-c1590ee6c1a4	94a31e0b3732106207c0b307a445c20d576954b4	109	1	27056	13.9832	27056.1	13.8912	5836	25.1318	unclassified	chr7	22952900	22958366	7	5833	-	5851	5441	5425	385	25	16	60	0.998286	0.997059	0.927192	0
PBE62253_skip_9d8de194_94a31e0b_37.pod5	2d783a04-d2e2-4217-8fd4-f658d3691180	94a31e0b3732106207c0b307a445c20d576954b4	2962	3	27045.8	23.4992	27045.9	23.3832	8028	29.9529	unclassified	chr15	71971506	71979522	0	8022	+	8025	8013	8004	9	3	9	60	0.999253	0.998877	0.997383	0
PBE62253_skip_9d8de194_94a31e0b_37.pod5	6b581c33-81c0-4398-96bb-7c92ea81175a	94a31e0b3732106207c0b307a445c20d576954b4	356	4	27063.7	6.3896	27063.8	6.2616	2424	30.532	unclassified	chr2	171054850	171057274	0	2419	+	2424	2419	2415	0	5	4	60	0.997937	0.998346	0.996287	0
PBE62253_skip_9d8de194_94a31e0b_37.pod5	7f22bf4f-8e36-46b8-bfab-5100d1c3fb51	94a31e0b3732106207c0b307a445c20d576954b4	1367	4	27049.4	20.1296	27049.5	20.0064	7856	24.0602	unclassified	chr6	155370532	155377964	0	7852	+	7863	7421	7387	431	11	34	60	0.999491	0.995418	0.939463	0
PBE62253_skip_9d8de194_94a31e0b_37.pod5	13b2b13b-f50c-44b5-88ec-5a5b4b4e6be7	94a31e0b3732106207c0b307a445c20d576954b4	2620	1	27052.1	17.5136	27052.2	17.3832	7231	29.8032	unclassified	chr4	138597184	138604381	0	7224	+	7229	7192	7155	32	5	37	60	0.999032	0.994855	0.989763	0
PBE62253_skip_9d8de194_94a31e0b_37.pod5	4444ea87-0efa-4cbc-acca-2c17ef7bab6e	94a31e0b3732106207c0b307a445c20d576954b4	1836	4	27055.9	13.8372	27055.9	13.8352	5892	16.5488	unclassified	chr21	29165240	29171148	29	5887	+	5937	5829	5745	29	79	84	60	0.994229	0.985589	0.96766	0
PBE62253_skip_9d8de194_94a31e0b_37.pod5	ae00be3e-5815-4b86-88d6-f40e195becf9	94a31e0b3732106207c0b307a445c20d576954b4	2166	4	27063.8	5.7392	27064	5.5416	1723	23.7662	unclassified	chr3	105122222	105123943	0	1723	-	1726	1718	1712	5	3	6	60	1	0.996508	0.991889	0
PBE62253_skip_9d8de194_94a31e0b_37.pod5	f6d21258-4945-46b8-87c0-9ee8a866843d	94a31e0b3732106207c0b307a445c20d576954b4	1974	2	27045	24.488	27045.1	24.4008	9608	28.6589	unclassified	chr8	121737608	121747230	0	9603	+	9627	9598	9587	5	24	11	60	0.99948	0.998854	0.995845	0
PBE62253_skip_9d8de194_94a31e0b_37.pod5	ac41a781-921f-4a6c-a3e2-95e2e11b7702	94a31e0b3732106207c0b307a445c20d576954b4	1476	2	27044.2	28.8676	27044.2	28.8656	12131	8.27766	unclassified	chr11	58619570	58632219	43	12101	-	13032	11675	10660	383	974	1015	60	0.993982	0.913062	0.817986	0
PBE62253_skip_9d8de194_94a31e0b_37.pod5	87f765d6-bdf1-4b24-b574-cdd0f1753f75	94a31e0b3732106207c0b307a445c20d576954b4	1615	3	27061.8	7.9976	27061.9	7.9152	3462	24.6018	unclassified	chr16	81285503	81288964	0	3462	-	3468	3455	3449	7	6	6	60	1	0.998263	0.994521	0
PBE62253_skip_9d8de194_94a31e0b_37.pod5	68371ca0-43d9-48e3-8e92-d1e4838377c4	94a31e0b3732106207c0b307a445c20d576954b4	1866	2	27051.8	17.482	27051.8	17.48	5731	11.2465	unclassified	chr11	130232743	130237486	5	4660	-	4824	4574	4362	81	169	212	60	0.812249	0.953651	0.904229	0
PBE62253_skip_9d8de194_94a31e0b_37.pod5	ebd05c63-2ec5-457e-a2b2-b18db9ad45bc	94a31e0b3732106207c0b307a445c20d576954b4	2668	3	27017.6	51.7472	27017.7	51.6456	20567	31.4851	unclassified	chr5	113463653	113484208	5	20567	-	20579	20538	20475	24	17	63	60	0.999757	0.996933	0.994946	0
PBE62253_skip_9d8de194_94a31e0b_37.pod5	0f97e174-4c3c-44ba-8584-311f2466fd0e	94a31e0b3732106207c0b307a445c20d576954b4	1602	4	27057.4	12.5924	27057.5	12.4548	4290	22.0026	unclassified	chr13	67507511	67510657	7	3145	-	3149	3135	3121	3	11	14	60	0.731469	0.995534	0.991108	0
PBE62253_skip_9d8de194_94a31e0b_37.pod5	1e4f409c-47d4-44bc-b432-e9f983912481	94a31e0b3732106207c0b307a445c20d576954b4	398	3	27064.2	5.9108	27064.4	5.7588	2143	10.6268	unclassified	chr1	80245077	80246968	0	1878	+	1895	1874	1855	4	17	19	60	0.876342	0.989861	0.978892	0
PBE62253_skip_9d8de194_94a31e0b_37.pod5	c64e0f6b-7771-453e-9ba8-c17a6d9d883b	94a31e0b3732106207c0b307a445c20d576954b4	1695	4	27040.8	28.7276	27041	28.5204	11037	29.4593	unclassified	chr10	32449672	32460704	0	11037	+	11050	11019	10997	18	13	22	60	1	0.998003	0.995204	0
PBE62253_skip_9d8de194_94a31e0b_37.pod5	39bbf1c4-027a-4298-944c-d7ad6b0d7d29	94a31e0b3732106207c0b307a445c20d576954b4	1634	4	27040.4	29.5304	27040.5	29.358	9476	26.7056	unclassified	chr13	109834407	109843863	0	9468	+	9478	9446	9441	22	10	5	60	0.999156	0.999471	0.996096	0
PBE62253_skip_9d8de194_94a31e0b_37.pod5	bf3a93e7-65c5-4288-8fcb-437a99b9bd60	94a31e0b3732106207c0b307a445c20d576954b4	1794	4	27068.4	1.6808	27068.5	1.5552	634	29.1006	unclassified	chr14	77060999	77061623	0	622	+	624	622	622	0	2	0	60	0.981073	1	0.996795	0
PBE62253_skip_9d8de194_94a31e0b_37.pod5	4f5eca91-9fdc-42bc-8c5b-634d1be1bef7	94a31e0b3732106207c0b307a445c20d576954b4	1691	1	27047.6	21.9828	27047.6	21.9808	7916	30.7746	unclassified	chr12	25041717	25049613	3	7888	-	7903	7878	7857	7	18	21	60	0.996084	0.997334	0.994179	0
PBE62253_skip_9d8de194_94a31e0b_37.pod5	f6afbd48-a395-443d-b985-88a18b51e613	94a31e0b3732106207c0b307a445c20d576954b4	156	1	27051	19.058	27051.1	18.9516	6528	27.2074	unclassified	chr6	119568882	119575410	7	6528	-	6532	6517	6508	4	11	9	60	0.998928	0.998619	0.996326	0
PBE62253_skip_9d8de194_94a31e0b_37.pod5	07ffc8ac-286d-449d-a577-8700f881e227	94a31e0b3732106207c0b307a445c20d576954b4	2795	4	27028.7	40.8356	27028.8	40.6836	15666	30.7986	unclassified	chr1	240024632	240040270	0	15654	+	15671	15621	15612	33	17	9	60	0.999234	0.999424	0.996235	0
PBE62253_skip_9d8de194_94a31e0b_37.pod5	5822f61a-93b1-41b3-92ea-c6429725e4ea	94a31e0b3732106207c0b307a445c20d576954b4	2473	4	27061.6	8.546	27061.7	8.4276	3545	23.8086	unclassified	chr7	117216609	117220143	0	3533	+	3539	3528	3523	5	6	5	60	0.996615	0.998583	0.995479	0
PBE62253_skip_9d8de194_94a31e0b_37.pod5	9c967309-f594-4f7c-974a-ff8ef84c69d2	94a31e0b3732106207c0b307a445c20d576954b4	2409	2	27062.3	7.5584	27062.5	7.4448	3027	28.1426	unclassified	chr9	40999287	41002322	0	3027	+	3035	3027	3011	0	8	16	60	1	0.994714	0.992092	0
PBE62253_skip_9d8de194_94a31e0b_37.pod5	b055808a-2cc3-46fd-b70f-6fc1392ce37c	94a31e0b3732106207c0b307a445c20d576954b4	2526	2	27062.8	7.2872	27062.9	7.1376	2342	30.4222	unclassified	chr21	22229659	22232003	0	2334	+	2344	2334	2331	0	10	3	60	0.996584	0.998715	0.994454	0
PBE62253_skip_9d8de194_94a31e0b_37.pod5	c123346f-cbfc-48f0-94ad-94f742f7b5cd	94a31e0b3732106207c0b307a445c20d576954b4	1993	4	27043.5	26.5072	27043.5	26.5052	9078	9.78057	unclassified	chr14	29668058	29677305	6	9043	-	9486	8798	8226	239	449	572	60	0.995484	0.934985	0.867173	0
PBE62253_skip_9d8de194_94a31e0b_37.pod5	f2eb919a-afd1-41f3-91c2-c068d86d8dc2	94a31e0b3732106207c0b307a445c20d576954b4	2560	2	27040.1	29.3828	27040.3	29.2452	11813	32.8261	unclassified	chr14	62484039	62495857	0	11813	-	11820	11811	11801	2	7	10	60	1	0.999153	0.998393	0
PBE62253_skip_9d8de194_94a31e0b_37.pod5	f68eaee8-1bc5-4a8a-99ed-80a4f71eb28c	94a31e0b3732106207c0b307a445c20d576954b4	817	3	27009.3	64.0676	27009.4	63.9612	25272	25.2007	unclassified	chr21	45079513	45104808	0	25268	+	25321	25242	25188	26	53	54	60	0.999842	0.997861	0.994747	0
PBE62253_skip_9d8de194_94a31e0b_37.pod5	f78a17f4-8f07-4bfb-abe0-e6f422fa085b	94a31e0b3732106207c0b307a445c20d576954b4	1688	1	27040	29.3156	27040.1	29.1492	10413	20.8369	unclassified	chr10	68871517	68881980	10	10413	-	10505	10361	10287	42	102	74	60	0.99904	0.992858	0.979248	0
PBE62253_skip_9d8de194_94a31e0b_37.pod5	b8dd48d3-9122-4e9a-b4e9-5dfd1f2eb53b	94a31e0b3732106207c0b307a445c20d576954b4	609	2	27028.4	41.6984	27028.6	41.5104	9723	28.2901	unclassified	chr12	123784894	123794576	6	9723	-	9740	9659	9639	58	23	20	60	0.999383	0.997929	0.98963	0
PBE62253_skip_9d8de194_94a31e0b_37.pod5	0abaa4d2-cf68-4f30-abc7-1a4c10f41f8e	94a31e0b3732106207c0b307a445c20d576954b4	2388	3	27034.4	35.7008	27034.4	35.6988	13757	10.5525	unclassified	chr2	116248059	116262053	31	13751	+	14319	13395	12741	325	599	654	60	0.99731	0.951176	0.889797	0
PBE62253_skip_9d8de194_94a31e0b_37.pod5	1311d524-ead4-4e02-bec2-d484befa3233	94a31e0b3732106207c0b307a445c20d576954b4	2324	1	27020.4	49.1708	27020.6	49.0476	17355	28.4918	unclassified	chr4	172903751	172921088	0	17347	+	17354	17330	17313	17	7	17	60	0.999539	0.999019	0.997637	0
PBE62253_skip_9d8de194_94a31e0b_37.pod5	d89ffd8c-5afa-4ae2-8fa2-2cc20f488346	94a31e0b3732106207c0b307a445c20d576954b4	293	2	27042.3	27.6824	27042.6	27.4056	11000	26.1697	unclassified	chr2	138855743	138866727	0	10993	+	11004	10973	10948	20	11	25	60	0.999364	0.997722	0.994911	0
PBE62253_skip_9d8de194_94a31e0b_37.pod5	332d4049-dd22-4d30-bcfe-ce51fcd520d0	94a31e0b3732106207c0b307a445c20d576954b4	40	3	27041.3	28.9208	27041.4	28.836	11645	29.3768	unclassified	chr8	111463021	111474656	6	11645	-	11647	11627	11619	12	8	8	60	0.999485	0.999312	0.997596	0
PBE62253_skip_9d8de194_94a31e0b_37.pod5	ebadfb5e-ebb7-4c12-b880-81be10998937	94a31e0b3732106207c0b307a445c20d576954b4	263	1	27045.6	24.4438	27045.6	24.4418	9795	19.6381	unclassified	chr10	59302034	59311765	6	9768	-	9799	9694	9623	68	37	71	60	0.996631	0.992676	0.982039	0
PBE62253_skip_9d8de194_94a31e0b_37.pod5	c33c13b0-63c2-4127-9a57-670d78069140	94a31e0b3732106207c0b307a445c20d576954b4	1424	1	27045.1	24.896	27045.2	24.7392	9386	16.319	unclassified	chr16	79016035	79024964	0	9283	+	9291	8921	8891	362	8	30	60	0.989026	0.996637	0.956948	0
PBE62253_skip_9d8de194_94a31e0b_37.pod5	6bc3fa0b-056e-4645-9198-33ff839cb55a	94a31e0b3732106207c0b307a445c20d576954b4	851	1	27060	10.0964	27060.1	9.9492	4110	25.5056	unclassified	chr16	27796880	27800979	7	4110	-	4112	4090	4079	13	9	11	60	0.998297	0.997311	0.991975	0
PBE62253_skip_9d8de194_94a31e0b_37.pod5	b0039ecb-8da9-44d1-aa60-d3c5d838bea6	94a31e0b3732106207c0b307a445c20d576954b4	793	3	27054.9	15.3188	27055	15.1524	6123	33.5811	unclassified	chr6	124185886	124192004	7	6123	-	6119	6115	6109	1	3	6	60	0.998857	0.999019	0.998366	0
PBE62253_skip_9d8de194_94a31e0b_37.pod5	e0fe85f7-1f42-45e0-9363-13af10dbda8c	94a31e0b3732106207c0b307a445c20d576954b4	289	2	27043.9	26.2496	27044	26.0904	9597	28.3015	unclassified	chr2	109310451	109319667	0	9590	+	9596	9210	9184	380	6	26	60	0.999271	0.997177	0.957065	0
PBE62253_skip_9d8de194_94a31e0b_37.pod5	378f9466-2b83-4aa3-b165-72d87a2c08bc	94a31e0b3732106207c0b307a445c20d576954b4	548	3	27056.7	13.518	27056.7	13.516	5090	33.4372	unclassified	chr4	164514488	164519543	30	5090	+	5061	5054	5049	6	1	5	60	0.994106	0.999011	0.997629	0
PBE62253_skip_9d8de194_94a31e0b_37.pod5	37486d49-9654-4332-848d-9dcbfa4e3bdc	94a31e0b3732106207c0b307a445c20d576954b4	1652	3	27020.4	49.1012	27020.5	48.942	19062	25.0794	unclassified	chr10	43818625	43837682	0	19062	-	19086	19033	19000	29	24	33	60	1	0.998266	0.995494	0
PBE62253_skip_9d8de194_94a31e0b_37.pod5	c34340d3-e248-4175-ba85-38a72099740d	94a31e0b3732106207c0b307a445c20d576954b4	1880	1	27033.6	35.8976	27033.8	35.7312	12801	29.1356	unclassified	chr12	129617048	129629838	0	12794	+	12803	12781	12764	13	9	17	60	0.999453	0.99867	0.996954	0
PBE62253_skip_9d8de194_94a31e0b_37.pod5	bcadabba-26f7-4d72-9143-5cd60d1f88ea	94a31e0b3732106207c0b307a445c20d576954b4	2130	1	27000.9	68.627	27000.9	68.625	26960	27.5357	unclassified	chr10	25228990	25255912	31	26960	+	26959	26892	26868	37	30	24	60	0.99885	0.999108	0.996625	0
