filename	read_id	run_id	channel	mux	start_time	duration	template_start	template_duration	sequence_length_template	mean_qscore_template	barcode	alignment_genome	alignment_genome_start	alignment_genome_end	alignment_strand_start	alignment_strand_end	alignment_direction	alignment_length	alignment_num_aligned	alignment_num_correct	alignment_num_insertions	alignment_num_deletions	alignment_num_substitutions	alignment_mapq	alignment_strand_coverage	alignment_identity	alignment_accuracy	alignment_bed_hits
PBE25638_skip_873b4ebd_a0d787db_139.pod5	34136277-c8ad-4b29-aac8-3423c37f0126	a0d787db021a56fb511c873173417fd72e8840ce	1131	2	162602	151.486	162602	151.367	56315	30.1947	unclassified	chr9	1708184	1764549	0	56310	+	56389	56286	56251	24	79	35	60	0.999911	0.999378	0.997553	0
PBE25638_skip_873b4ebd_a0d787db_139.pod5	66d873b8-dc55-4714-81d0-1bf70174d7c4	a0d787db021a56fb511c873173417fd72e8840ce	1159	2	162603	151.212	162603	151.21	33186	2.8255	unclassified	chr10	5381509	5381575	27989	28054	+	67	64	60	1	2	4	1	0.00195866	0.9375	0.895522	0
PBE25638_skip_873b4ebd_a0d787db_139.pod5	071375d6-19f9-4c94-80ac-c4b700d0529d	a0d787db021a56fb511c873173417fd72e8840ce	1285	3	163351	129.898	163351	129.896	31644	30.1736	unclassified	chrY	10327558	10359169	5	31613	-	31642	31577	31545	31	34	32	3	0.998862	0.998987	0.996934	0
PBE25638_skip_873b4ebd_a0d787db_139.pod5	78e9051c-13b2-4984-adba-c27d44c335bd	a0d787db021a56fb511c873173417fd72e8840ce	1211	1	162954	132.104	162954	132.102	52127	25.5807	unclassified	chr2	189022284	189074411	7	52107	-	52219	52008	51874	92	119	134	60	0.999482	0.997423	0.993393	0
PBE25638_skip_873b4ebd_a0d787db_139.pod5	0f6dab97-33e6-4f3d-b432-aec9e222bd3d	a0d787db021a56fb511c873173417fd72e8840ce	1321	2	162165	277.8	162165	277.643	80424	27.7197	unclassified	chr7	52212701	52293150	0	80414	+	80566	80297	80055	117	152	242	60	0.999876	0.996986	0.993657	0
PBE25638_skip_873b4ebd_a0d787db_139.pod5	5207acb6-1ff5-4b64-8c42-ffc39d711803	a0d787db021a56fb511c873173417fd72e8840ce	1285	3	163205	135.669	163206	135.426	34121	21.9986	unclassified	chr1	196540610	196574637	0	34115	+	34192	33950	33845	165	77	105	60	0.999824	0.996907	0.989851	0
PBE25638_skip_873b4ebd_a0d787db_139.pod5	ca24649c-755e-4c37-b4fb-00fe951965d6	a0d787db021a56fb511c873173417fd72e8840ce	1776	1	162477	123.642	162477	123.64	28329	14.0232	unclassified	chr7	17528788	17555115	0	28297	-	28343	26281	26231	2016	46	50	60	0.99887	0.998097	0.925484	0
PBE25638_skip_873b4ebd_a0d787db_139.pod5	23e9eac3-7000-4e53-bb0d-95e1eab41acb	a0d787db021a56fb511c873173417fd72e8840ce	1193	3	162499	235.174	162499	234.98	52501	28.4601	unclassified	chr16	8437456	8489882	0	52489	+	52548	52367	52258	122	59	109	60	0.999771	0.997919	0.994481	0
PBE25638_skip_873b4ebd_a0d787db_139.pod5	371835b3-3f2d-4251-8ff5-8fec6ddbeb1f	a0d787db021a56fb511c873173417fd72e8840ce	1642	3	162465	140.761	162466	140.574	51428	16.6716	unclassified	chr3	27265514	27316521	0	50985	+	51432	50560	50001	425	447	559	60	0.991386	0.988944	0.972177	0
PBE25638_skip_873b4ebd_a0d787db_139.pod5	b09305e0-c231-44f7-b07d-9e4cc01d353d	a0d787db021a56fb511c873173417fd72e8840ce	1017	1	162298	133.434	162298	133.432	55901	24.0182	unclassified	chr16	88411722	88467594	7	55870	-	56190	55545	55358	318	327	187	60	0.99932	0.996633	0.985193	0
PBE25638_skip_873b4ebd_a0d787db_139.pod5	f3955875-4084-420a-b890-01190221c0ae	a0d787db021a56fb511c873173417fd72e8840ce	1552	4	161871	138.732	161871	138.606	62123	21.7092	unclassified	chrX	35385277	35447495	0	62123	+	62433	61908	61686	215	310	222	60	1	0.996414	0.988035	0
PBE25638_skip_873b4ebd_a0d787db_139.pod5	823a4208-b73c-455d-999b-a99c48438ef3	a0d787db021a56fb511c873173417fd72e8840ce	1756	3	162853	128.92	162853	128.808	48332	25.3097	unclassified	chr18	63196132	63242609	10	48332	-	48377	46422	46353	1900	55	69	60	0.999793	0.998514	0.958162	0
PBE25638_skip_873b4ebd_a0d787db_139.pod5	8b4b3392-f453-4d82-9086-8ab94cd464c1	a0d787db021a56fb511c873173417fd72e8840ce	1647	3	162910	76.1172	162910	76.02	29322	31.6408	unclassified	chr6	116025659	116054416	10	29322	-	29331	28738	28720	574	19	18	60	0.999659	0.999374	0.979169	0
PBE25638_skip_873b4ebd_a0d787db_139.pod5	3a8fdc95-25f3-443b-920c-f5d84eb32caf	a0d787db021a56fb511c873173417fd72e8840ce	1321	2	163170	248.752	163170	248.579	86899	28.4509	unclassified	chr3	154066812	154153663	7	86899	-	86996	86747	86557	145	104	190	60	0.999919	0.99781	0.994954	0
PBE25638_skip_873b4ebd_a0d787db_139.pod5	151c13e0-7845-441b-a1b7-a88e02601483	a0d787db021a56fb511c873173417fd72e8840ce	1960	3	162500	208.552	162500	208.405	74636	25.4242	unclassified	chr18	60720722	60795241	5	74636	-	74713	74437	74349	194	82	88	60	0.999933	0.998818	0.995128	0
PBE25638_skip_873b4ebd_a0d787db_139.pod5	d4271d8d-5a89-4e3e-9de9-502588a6f219	a0d787db021a56fb511c873173417fd72e8840ce	1373	4	162670	136.849	162670	136.757	53045	27.4112	unclassified	chr10	125501320	125553138	0	53039	+	53140	51717	51596	1322	101	121	60	0.999887	0.99766	0.970945	0
PBE25638_skip_873b4ebd_a0d787db_139.pod5	0825d6b3-76a6-46f5-92c6-eab395b681b0	a0d787db021a56fb511c873173417fd72e8840ce	1647	3	162986	71.55	162986	71.454	29293	27.7312	unclassified	chr6	116025659	116054417	0	29286	+	29330	28714	28691	572	44	23	60	0.999761	0.999199	0.978213	0
PBE25638_skip_873b4ebd_a0d787db_139.pod5	ba4f65d4-7ffb-4ffd-8a7f-dabfd0e3294c	a0d787db021a56fb511c873173417fd72e8840ce	1159	2	161688	171.203	161688	171.201	36141	2.68152	unclassified	*	-1	-1	-1	-1	*	0	0	0	0	0	0	0	0	0	0	0
PBE25638_skip_873b4ebd_a0d787db_139.pod5	6a7e0a95-25ce-4b47-8d22-d722c560157f	a0d787db021a56fb511c873173417fd72e8840ce	1431	4	163199	210.567	163199	210.565	85723	30.3484	unclassified	chr10	109729440	109821281	25	85716	+	91891	85641	85545	50	6200	96	60	0.999627	0.998879	0.93094	0
PBE25638_skip_873b4ebd_a0d787db_139.pod5	1aa7e014-edc6-4f33-9a3a-4572b1856019	a0d787db021a56fb511c873173417fd72e8840ce	1670	3	162905	161.516	162905	161.351	46495	29.8655	unclassified	chr9	33295912	33342390	0	46495	-	46525	46448	46425	47	30	23	60	1	0.999505	0.997851	0
PBE25638_skip_873b4ebd_a0d787db_139.pod5	0015ca73-1a9b-42a5-81ef-ecddcb03e384	a0d787db021a56fb511c873173417fd72e8840ce	1332	4	162807	128.863	162807	128.861	48150	37.0819	unclassified	chrY	56722526	56770501	5	48115	-	48226	47859	47626	251	116	233	17	0.999169	0.995132	0.987559	0
PBE25638_skip_873b4ebd_a0d787db_139.pod5	7fa13790-e2f0-49b6-aa13-c6bc6343f163	a0d787db021a56fb511c873173417fd72e8840ce	1373	4	162515	155.335	162515	155.24	53076	30.3011	unclassified	chr10	125501320	125553138	6	53076	-	53127	51761	51669	1309	57	92	60	0.999887	0.998223	0.972556	0
PBE25638_skip_873b4ebd_a0d787db_139.pod5	301efcab-3995-4b39-97a7-f540815b2846	a0d787db021a56fb511c873173417fd72e8840ce	1193	3	162734	282.295	162735	282.166	63761	25.4795	unclassified	chr4	124327531	124391108	0	63761	-	63840	63498	63415	263	79	83	60	1	0.998693	0.993343	0
PBE25638_skip_873b4ebd_a0d787db_139.pod5	6a8cf38b-fb6b-408b-ba01-c61773dd2429	a0d787db021a56fb511c873173417fd72e8840ce	1084	3	162928	123.523	162928	123.38	47458	25.2343	unclassified	chr17	58451776	58495223	4007	47448	+	43517	43371	43254	70	76	117	60	0.915357	0.997302	0.993956	0
PBE25638_skip_873b4ebd_a0d787db_139.pod5	c1ce3a73-618d-4b4e-b260-10d6d0147da6	a0d787db021a56fb511c873173417fd72e8840ce	1174	4	162422	309.678	162422	309.676	46964	3.76591	unclassified	chr19	56538776	56538821	14575	14620	+	45	45	45	0	0	0	0	0.000958181	1	1	0
PBE25638_skip_873b4ebd_a0d787db_139.pod5	890cca6b-2d03-4811-9680-a81540f5554c	a0d787db021a56fb511c873173417fd72e8840ce	1406	2	162670	158.63	162670	158.51	69719	25.3683	unclassified	chr2	11949037	12018768	0	69715	+	69850	69596	69449	119	135	147	60	0.999943	0.997888	0.994259	0
PBE25638_skip_873b4ebd_a0d787db_139.pod5	05680c67-63b3-47ff-aa1e-178f322f14fd	a0d787db021a56fb511c873173417fd72e8840ce	1283	3	162051	186.098	162051	185.97	66613	29.2512	unclassified	chr10	88492045	88558674	0	66613	+	66716	66526	66457	87	103	69	60	1	0.998963	0.996118	0
PBE25638_skip_873b4ebd_a0d787db_139.pod5	96022051-8efa-4812-b010-459e1b51144b	a0d787db021a56fb511c873173417fd72e8840ce	1211	1	163086	163.206	163086	163.085	53819	16.9918	unclassified	chr2	189022284	189074401	0	53810	+	53970	51957	51756	1853	160	201	60	0.999833	0.996131	0.958977	0
PBE25638_skip_873b4ebd_a0d787db_139.pod5	b35af7f0-a392-4f4e-94a3-595f9d58168a	a0d787db021a56fb511c873173417fd72e8840ce	1661	4	161862	164.784	161862	164.672	28057	6.24061	unclassified	chr18	22651521	22667350	4666	28057	-	23582	15638	15203	7753	191	435	60	0.833696	0.972183	0.644687	0
PBE25638_skip_873b4ebd_a0d787db_139.pod5	9c722167-be56-4934-ac39-4ee9758bea19	a0d787db021a56fb511c873173417fd72e8840ce	1370	4	161738	134.107	161738	134.006	38217	28.652	unclassified	chr1	221195442	221233664	0	38208	+	38243	38187	38160	21	35	27	60	0.999765	0.999293	0.99783	0
PBE25638_skip_873b4ebd_a0d787db_139.pod5	3fc94f61-a89c-4d7f-848a-53e5c25d703b	a0d787db021a56fb511c873173417fd72e8840ce	1818	2	163251	157.773	163251	157.771	36802	4.45703	unclassified	chr4	13935182	13937616	1109	3325	-	2554	2096	1813	120	338	283	1	0.0602141	0.864981	0.709867	0
PBE25638_skip_873b4ebd_a0d787db_139.pod5	c6ccc45d-2dd9-4629-a589-1f7f6711dd38	a0d787db021a56fb511c873173417fd72e8840ce	1736	3	163140	135.097	163140	135.095	47661	11.806	unclassified	chr11	63889208	63932453	4222	47604	-	44810	41817	40275	1565	1428	1542	60	0.91022	0.963125	0.898795	0
PBE25638_skip_873b4ebd_a0d787db_139.pod5	7c1872f7-5e8c-42c0-9b24-220319af2cec	a0d787db021a56fb511c873173417fd72e8840ce	1379	4	162908	179.6	162908	179.477	61532	30.0664	unclassified	chr11	77622543	77684134	9	61532	-	61647	61467	61408	56	124	59	60	0.999854	0.99904	0.996123	0
PBE25638_skip_873b4ebd_a0d787db_139.pod5	8f709a8f-aacb-4177-bb83-59a40bd9eee2	a0d787db021a56fb511c873173417fd72e8840ce	1131	2	162061	141.62	162061	141.511	59357	25.965	unclassified	chr4	102546037	102605385	0	59345	+	59441	59252	59149	93	96	103	60	0.999798	0.998262	0.995088	0
PBE25638_skip_873b4ebd_a0d787db_139.pod5	10d132f6-95b7-495a-8042-c2ae2f1ba966	a0d787db021a56fb511c873173417fd72e8840ce	1066	1	162058	126.73	162059	126.589	50204	26.5056	unclassified	chr8	8749861	8800074	0	50198	+	50299	50112	49992	86	101	120	60	0.99988	0.997605	0.993896	0
PBE25638_skip_873b4ebd_a0d787db_139.pod5	7a4a0f0b-55b4-4d72-8429-83a0545a44b2	a0d787db021a56fb511c873173417fd72e8840ce	1642	3	161890	127.364	161890	127.25	46970	17.5411	unclassified	chr17	58293609	58340566	8	46970	-	47312	46607	46213	355	350	394	60	0.99983	0.991546	0.976771	0
PBE25638_skip_873b4ebd_a0d787db_139.pod5	241c6128-d998-4132-8f1e-6149752b441b	a0d787db021a56fb511c873173417fd72e8840ce	1597	3	162555	137.544	162555	137.396	53438	25.8404	unclassified	chr18	76341574	76396389	6	53438	-	55101	53146	53026	286	1669	120	60	0.999888	0.997742	0.962342	0
PBE25638_skip_873b4ebd_a0d787db_139.pod5	57bfda06-02f3-4708-bc19-d6b463928ccd	a0d787db021a56fb511c873173417fd72e8840ce	1647	3	161954	125.966	161954	125.826	44798	29.2137	unclassified	chr1	107980560	108025261	7	44798	-	44840	44652	44595	139	49	57	60	0.999844	0.998723	0.994536	0
PBE25638_skip_873b4ebd_a0d787db_139.pod5	549f6228-b409-411e-af7d-3ba23e6401a4	a0d787db021a56fb511c873173417fd72e8840ce	1639	3	161770	161.714	161770	161.552	63107	40.7675	unclassified	chr1	124196034	124206773	52374	63107	-	10752	10720	9965	13	19	755	2	0.170076	0.929571	0.926804	0
PBE25638_skip_873b4ebd_a0d787db_139.pod5	a2301a39-9524-41c1-bbe7-649cb331b197	a0d787db021a56fb511c873173417fd72e8840ce	1575	1	161948	148.843	161948	148.841	47287	13.2232	unclassified	chr8	140851926	140899339	49	47282	+	48304	46342	45096	891	1071	1246	60	0.998858	0.973113	0.933587	0
PBE25638_skip_873b4ebd_a0d787db_139.pod5	b73da006-9584-4be4-b57f-7a21f84b036e	a0d787db021a56fb511c873173417fd72e8840ce	1227	1	162614	221.281	162614	221.279	46910	2.74156	unclassified	chr16	88791198	88791348	36859	37005	-	156	140	132	6	10	8	1	0.00311234	0.942857	0.846154	0
PBE25638_skip_873b4ebd_a0d787db_139.pod5	9a7b6450-cbe4-4c1f-a488-8070e77a2619	a0d787db021a56fb511c873173417fd72e8840ce	1066	1	161919	138.699	161920	138.586	53643	28.8285	unclassified	chr19	12151935	12205619	0	53637	+	53736	53585	53546	52	99	39	60	0.999888	0.999272	0.996464	0
PBE25638_skip_873b4ebd_a0d787db_139.pod5	47adf73a-f674-4585-a74d-7b7776910b37	a0d787db021a56fb511c873173417fd72e8840ce	1321	2	161933	120.961	161934	120.716	45274	27.829	unclassified	chr21	37812994	37858214	6	45274	-	45386	45102	44995	166	118	107	60	0.999867	0.997628	0.991385	0
PBE25638_skip_873b4ebd_a0d787db_139.pod5	1c92003a-2d69-4c7d-b67f-7f6a0e519f69	a0d787db021a56fb511c873173417fd72e8840ce	1017	1	161874	140.91	161874	140.568	53336	29.9157	unclassified	chr10	25740937	25794105	9	53336	-	53408	53087	53036	240	81	51	60	0.999831	0.999039	0.993035	0
PBE25638_skip_873b4ebd_a0d787db_139.pod5	6aeb76d0-c5aa-42fe-a370-5c8e49fdfc36	a0d787db021a56fb511c873173417fd72e8840ce	1985	4	161781	132.897	161781	132.809	56292	24.6406	unclassified	chr11	92685561	92740166	0	56292	+	56403	54494	54403	1798	111	91	60	1	0.99833	0.964541	0
PBE25638_skip_873b4ebd_a0d787db_139.pod5	02901ecb-f8e4-4594-9a55-84c650c4504f	a0d787db021a56fb511c873173417fd72e8840ce	1159	2	162378	131.288	162378	131.286	25814	2.5992	unclassified	*	-1	-1	-1	-1	*	0	0	0	0	0	0	0	0	0	0	0
PBE25638_skip_873b4ebd_a0d787db_139.pod5	8afe223f-b130-47cb-b941-d1c55479aa28	a0d787db021a56fb511c873173417fd72e8840ce	1372	4	161732	241.261	161732	241.085	89953	31.0455	unclassified	chr6	114181222	114271160	6	89953	-	90014	89871	89798	76	67	73	60	0.999933	0.999188	0.9976	0
PBE25638_skip_873b4ebd_a0d787db_139.pod5	37af3889-5874-4726-b10c-85b1877a7c03	a0d787db021a56fb511c873173417fd72e8840ce	1159	2	162113	258.06	162113	258.058	53535	2.75452	unclassified	chr6	5035606	5035690	2297	2389	+	93	83	75	9	1	8	1	0.0017185	0.903614	0.806452	0
PBE25638_skip_873b4ebd_a0d787db_139.pod5	249c1852-4096-4fe6-8ec6-3ead9c55924a	a0d787db021a56fb511c873173417fd72e8840ce	1689	1	162331	112.02	162331	111.852	41168	28.2384	unclassified	chr15	43481788	43522947	0	41168	-	41210	41117	41058	51	42	59	60	1	0.998565	0.996312	0
PBE25638_skip_873b4ebd_a0d787db_139.pod5	f9840851-79f2-4ccc-9865-4c0871eb61d9	a0d787db021a56fb511c873173417fd72e8840ce	1186	4	162646	386.065	162646	386.063	76557	9.57119	unclassified	chr1	180005770	180053963	0	48997	-	50902	46288	43533	2709	1905	2755	60	0.640007	0.940481	0.855232	0
PBE25638_skip_873b4ebd_a0d787db_139.pod5	ac07e854-e39e-4d2b-9c41-b1940470c1c0	a0d787db021a56fb511c873173417fd72e8840ce	1776	1	161910	163.755	161910	163.666	61177	30.7072	unclassified	chr2	30436880	30497711	5	61177	-	61255	60748	60607	424	83	141	60	0.999918	0.997679	0.989421	0
PBE25638_skip_873b4ebd_a0d787db_139.pod5	1ecf3a01-6230-4dca-92b8-5598fbe701f1	a0d787db021a56fb511c873173417fd72e8840ce	1572	1	161909	185.666	161909	185.502	62814	13.3587	unclassified	chr17	59043794	59091488	0	47656	+	47732	47618	47559	38	76	59	60	0.758684	0.998761	0.996376	0
PBE25638_skip_873b4ebd_a0d787db_139.pod5	97647863-ad15-48be-b8e9-764a3e5513e4	a0d787db021a56fb511c873173417fd72e8840ce	1639	3	162414	135.79	162414	135.788	49341	26.208	unclassified	chr2	152928401	152977805	34	49335	+	49502	49203	49061	98	201	142	60	0.999189	0.997114	0.991091	0
PBE25638_skip_873b4ebd_a0d787db_139.pod5	fa8d4e36-c4d8-4251-83e5-01286466bd8f	a0d787db021a56fb511c873173417fd72e8840ce	1379	4	162092	146.236	162092	146.149	59205	29.0232	unclassified	chr1	209143747	209203012	0	59205	+	59309	59161	59055	44	104	106	60	1	0.998208	0.995717	0
PBE25638_skip_873b4ebd_a0d787db_139.pod5	1a0ce1b1-3d38-43b1-abcd-c0438bf8795b	a0d787db021a56fb511c873173417fd72e8840ce	1373	4	162352	161.727	162352	161.725	41682	32.7082	unclassified	chr20	4418209	4455064	29	41676	+	41703	36799	36759	4848	56	40	60	0.99916	0.998913	0.881447	0
PBE25638_skip_873b4ebd_a0d787db_139.pod5	1d02ddd1-e4dd-4b81-a5c4-e86b46a36fd4	a0d787db021a56fb511c873173417fd72e8840ce	1211	1	162509	157.367	162509	157.365	61130	26.4025	unclassified	chr2	204568557	204629657	7	61092	-	61160	61025	60958	60	75	67	60	0.999264	0.998902	0.996697	0
PBE25638_skip_873b4ebd_a0d787db_139.pod5	eb4fd150-19f8-440c-9c78-099af46f3d8b	a0d787db021a56fb511c873173417fd72e8840ce	1815	1	162283	198.304	162283	198.302	50817	23.3604	unclassified	chr1	106810934	106861655	0	50810	+	50932	50599	50471	211	122	128	60	0.999862	0.99747	0.990949	0
PBE25638_skip_873b4ebd_a0d787db_139.pod5	2abd3915-8270-493c-b31d-9485c70df6c0	a0d787db021a56fb511c873173417fd72e8840ce	1475	1	161962	215.42	161962	215.292	91287	26.2905	unclassified	chr5	195457	287897	10	91287	-	92734	90983	90665	294	1457	318	60	0.99989	0.996505	0.977689	0
PBE25638_skip_873b4ebd_a0d787db_139.pod5	e4e2ecb0-4b38-4d58-aabe-323d45e83d96	a0d787db021a56fb511c873173417fd72e8840ce	1546	2	161837	281.521	161837	280.978	66874	15.4951	unclassified	chr8	120096937	120162694	0	66869	+	67345	65281	64735	1588	476	546	60	0.999925	0.991636	0.961244	0
PBE25638_skip_873b4ebd_a0d787db_139.pod5	811380aa-67e9-4e51-bb53-69a9cc97db09	a0d787db021a56fb511c873173417fd72e8840ce	1924	4	162427	121.845	162427	121.518	44153	24.2065	unclassified	chr6	119634460	119678656	4	44153	+	44276	44069	43931	80	127	138	60	0.999909	0.996869	0.992208	0
PBE25638_skip_873b4ebd_a0d787db_139.pod5	2da450ef-cb70-4b47-87b5-eca345ffa3b5	a0d787db021a56fb511c873173417fd72e8840ce	1443	1	162837	67.574	162837	67.572	15048	6.23364	unclassified	chr4	49316424	49323501	225	7025	+	7309	6568	5766	232	509	802	2	0.451887	0.877893	0.78889	0
PBE25638_skip_873b4ebd_a0d787db_139.pod5	468938ac-9b45-4781-b610-d139e4cc9717	a0d787db021a56fb511c873173417fd72e8840ce	1386	1	162410	191.246	162410	191.116	58777	34.2189	unclassified	chr8	63999210	64058008	0	58777	+	58824	58751	58687	26	47	64	60	1	0.998911	0.997671	0
PBE25638_skip_873b4ebd_a0d787db_139.pod5	44dd50e8-7111-4cae-af86-902c771b54fb	a0d787db021a56fb511c873173417fd72e8840ce	1270	4	162004	252.728	162004	252.588	87401	27.4276	unclassified	chr3	95920187	96007155	0	87343	+	87508	86803	86606	540	165	197	60	0.999336	0.99773	0.989692	0
PBE25638_skip_873b4ebd_a0d787db_139.pod5	0a0b0ea1-84e4-4f68-8e13-a59cd84ff4fe	a0d787db021a56fb511c873173417fd72e8840ce	1066	1	162340	175.172	162340	175.03	68655	27.8381	unclassified	chr1	18397092	18465772	0	68649	+	68753	68576	68406	73	104	170	60	0.999913	0.997521	0.994953	0
PBE25638_skip_873b4ebd_a0d787db_139.pod5	5462168b-0684-4ff0-9202-b83c3a8dbc36	a0d787db021a56fb511c873173417fd72e8840ce	1227	1	162322	271.735	162322	271.733	57308	2.76296	unclassified	*	-1	-1	-1	-1	*	0	0	0	0	0	0	0	0	0	0	0
PBE25638_skip_873b4ebd_a0d787db_139.pod5	a576d2e3-7bc4-4afd-af57-fb4f5f2087d6	a0d787db021a56fb511c873173417fd72e8840ce	1801	1	161790	223.904	161790	223.747	89347	27.9099	unclassified	chr4	110471316	110560680	2	89347	-	89449	89260	89118	85	104	142	60	0.999978	0.998409	0.9963	0
PBE25638_skip_873b4ebd_a0d787db_139.pod5	5739ed5d-1b34-45bc-b0f1-7c629bfdf23d	a0d787db021a56fb511c873173417fd72e8840ce	1475	1	162178	274.459	162178	274.457	91303	21.3501	unclassified	chr5	195457	287897	32	91296	+	92962	90742	90268	522	1698	474	60	0.999573	0.994776	0.97102	0
PBE25638_skip_873b4ebd_a0d787db_139.pod5	47b5b813-8274-494b-8ce7-01d6ccb8b14c	a0d787db021a56fb511c873173417fd72e8840ce	1406	2	162459	158.209	162459	158.026	67754	28.1364	unclassified	chr8	46533484	46583162	0	49645	+	49725	49598	49480	47	80	118	60	0.732724	0.997621	0.995073	0
PBE25638_skip_873b4ebd_a0d787db_139.pod5	688484f6-72fe-4b2e-bf3f-a3edb1b4aa78	a0d787db021a56fb511c873173417fd72e8840ce	1069	4	162493	195.11	162493	194.987	76590	27.0851	unclassified	chr8	54615539	54692136	0	76583	+	76687	76493	76427	90	104	66	60	0.999909	0.999137	0.99661	0
PBE25638_skip_873b4ebd_a0d787db_139.pod5	22086de3-0458-4d4a-a63e-9d439852752a	a0d787db021a56fb511c873173417fd72e8840ce	1756	3	162687	121.035	162687	120.914	47808	27.6168	unclassified	chr7	99524474	99571889	0	47808	+	47876	47347	47297	461	68	50	60	1	0.998944	0.987906	0
PBE25638_skip_873b4ebd_a0d787db_139.pod5	a377f474-08b0-4cf5-a2bb-430e45f74a94	a0d787db021a56fb511c873173417fd72e8840ce	1447	2	162424	183.567	162424	183.415	67641	31.5069	unclassified	chr19	29544971	29612534	7	67641	-	67692	67505	67376	129	58	129	60	0.999897	0.998089	0.995332	0
PBE25638_skip_873b4ebd_a0d787db_139.pod5	49d5d57d-896d-43a1-bb20-f25f8cbad650	a0d787db021a56fb511c873173417fd72e8840ce	1081	3	161774	203.446	161774	203.311	70603	25.9049	unclassified	chr6	71141466	71212064	9	70603	-	70731	70461	70247	133	137	214	60	0.999873	0.996963	0.993157	0
PBE25638_skip_873b4ebd_a0d787db_139.pod5	6c87bd57-2bf8-4e4e-9e9e-952670dec8fd	a0d787db021a56fb511c873173417fd72e8840ce	1647	3	163059	171.027	163059	170.863	60968	30.6447	unclassified	chr15	76315956	76376914	6	60968	-	61038	60882	60805	80	76	77	60	0.999902	0.998735	0.996183	0
PBE25638_skip_873b4ebd_a0d787db_139.pod5	da98e1b2-4062-4352-b582-92e3f2fe8455	a0d787db021a56fb511c873173417fd72e8840ce	1400	1	162026	337.948	162026	337.946	119435	19.7187	unclassified	chr2	46742948	46862384	23	119425	+	120096	118742	117867	660	694	875	60	0.999724	0.992631	0.98144	0
PBE25638_skip_873b4ebd_a0d787db_139.pod5	195735fe-ed3d-41ed-b2f9-d4aad35957f2	a0d787db021a56fb511c873173417fd72e8840ce	1447	2	162611	179.35	162611	179.256	65582	29.9524	unclassified	chr14	96948786	97014349	0	65582	+	65652	65493	65377	89	70	116	60	1	0.998229	0.995811	0
PBE25638_skip_873b4ebd_a0d787db_139.pod5	6e245643-980d-45d5-b818-61f1802f2a41	a0d787db021a56fb511c873173417fd72e8840ce	1017	1	162964	134.787	162964	134.671	48105	28.0487	unclassified	chr7	101549723	101597845	6	48105	-	48162	48059	47956	40	63	103	60	0.999875	0.997857	0.995723	0
PBE25638_skip_873b4ebd_a0d787db_139.pod5	5b8d2c7f-d4c5-40e5-ae00-d139480f4213	a0d787db021a56fb511c873173417fd72e8840ce	1551	1	163054	157.251	163054	157.153	65259	17.5476	unclassified	chr4	53177707	53242834	7	65259	-	65860	64519	63899	733	608	620	60	0.999893	0.99039	0.970225	0
PBE25638_skip_873b4ebd_a0d787db_139.pod5	50fec77b-dd4d-4508-b581-8a2fd76faecf	a0d787db021a56fb511c873173417fd72e8840ce	1981	1	162758	127.141	162758	126.965	41681	25.9993	unclassified	chr2	1460203	1501396	0	41681	+	41738	41136	41060	545	57	76	60	1	0.998152	0.983756	0
PBE25638_skip_873b4ebd_a0d787db_139.pod5	4f041cd4-7c53-48c1-ae07-76f5194abf0c	a0d787db021a56fb511c873173417fd72e8840ce	1551	1	162640	187.159	162641	187.072	80569	15.8078	unclassified	chr6	119111147	119192033	0	80386	+	81597	79675	78507	711	1211	1168	60	0.997729	0.98534	0.962131	0
PBE25638_skip_873b4ebd_a0d787db_139.pod5	475fd0e0-410f-4d0a-8a70-bef2456f5833	a0d787db021a56fb511c873173417fd72e8840ce	1069	4	162695	180.889	162695	180.781	70100	25.6058	unclassified	chr17	36620033	36690153	0	70100	-	70312	69908	69768	192	212	140	60	1	0.997997	0.992263	0
PBE25638_skip_873b4ebd_a0d787db_139.pod5	f19d3c84-c373-4e46-80ab-1bdb0fb11845	a0d787db021a56fb511c873173417fd72e8840ce	1069	4	163015	165.992	163015	165.99	72008	28.4763	unclassified	chr11	90778835	90850796	4	71970	-	72083	71844	71737	122	117	107	60	0.999417	0.998511	0.9952	0
PBE25638_skip_873b4ebd_a0d787db_139.pod5	cac4ae5d-98cc-4378-95e6-1ad7787c5f23	a0d787db021a56fb511c873173417fd72e8840ce	1768	2	163870	127.032	163871	126.629	18260	13.3069	unclassified	chr5	30698307	30709306	9	11387	-	11402	10975	10912	403	24	63	60	0.623111	0.99426	0.957025	0
PBE25638_skip_873b4ebd_a0d787db_139.pod5	9ecf84be-5496-42c7-af38-037145eab418	a0d787db021a56fb511c873173417fd72e8840ce	1131	2	163106	233.81	163106	233.603	83175	28.2895	unclassified	chr8	52456366	52539604	0	83175	+	83302	83111	82922	64	127	189	60	1	0.997726	0.995438	0
PBE25638_skip_873b4ebd_a0d787db_139.pod5	57f7bc65-5f85-4944-9c9f-c4aa8bd29a0c	a0d787db021a56fb511c873173417fd72e8840ce	1597	3	163362	156.391	163362	156.246	51376	30.5543	unclassified	chr5	60175383	60226770	0	51371	+	51421	51337	51308	34	50	29	60	0.999903	0.999435	0.997802	0
PBE25638_skip_873b4ebd_a0d787db_139.pod5	394a74d2-9e60-43cc-9460-6767f88bbd5e	a0d787db021a56fb511c873173417fd72e8840ce	1546	2	162361	212.145	162361	212.143	77062	25.5678	unclassified	chr4	111995019	112049065	22937	77033	-	54216	53926	53784	170	120	142	60	0.70198	0.997367	0.992032	0
PBE25638_skip_873b4ebd_a0d787db_139.pod5	9fc12b11-7c49-44e4-846a-47411fd94ffd	a0d787db021a56fb511c873173417fd72e8840ce	1332	4	163471	121.485	163471	121.379	46888	21.2946	unclassified	chr10	99138785	99184882	0	46312	+	46463	45946	45851	366	151	95	60	0.987715	0.997932	0.986828	0
PBE25638_skip_873b4ebd_a0d787db_139.pod5	74bc928c-a9ff-4e68-a28f-67ce9a304d03	a0d787db021a56fb511c873173417fd72e8840ce	1148	3	162051	141.175	162051	141.173	32145	6.28731	unclassified	chr15	73318577	73336610	11940	31511	+	21174	16430	14454	3141	1603	1976	60	0.608835	0.879732	0.68263	0
PBE25638_skip_873b4ebd_a0d787db_139.pod5	212c9e54-d50f-4bff-93d5-8f71dc1c6fb0	a0d787db021a56fb511c873173417fd72e8840ce	1285	3	162652	329.289	162652	329.108	82908	21.3734	unclassified	chr16	63505573	63588247	0	82908	+	83245	82337	82045	571	337	292	60	1	0.996454	0.985585	0
PBE25638_skip_873b4ebd_a0d787db_139.pod5	9c37e1b5-24c9-404f-a151-79049f878b97	a0d787db021a56fb511c873173417fd72e8840ce	1957	4	163034	185.424	163034	185.422	55609	6.72896	unclassified	chr2	218685945	218706531	173	19142	+	21266	18289	16219	680	2297	2070	28	0.341114	0.886817	0.762673	0
PBE25638_skip_873b4ebd_a0d787db_139.pod5	14756cb8-627a-44a9-902d-18e44650f9e7	a0d787db021a56fb511c873173417fd72e8840ce	1821	1	162090	373.307	162090	373.305	80605	3.44385	unclassified	*	-1	-1	-1	-1	*	0	0	0	0	0	0	0	0	0	0	0
PBE25638_skip_873b4ebd_a0d787db_139.pod5	d7713d43-f853-42fc-85f1-dc03c18198fe	a0d787db021a56fb511c873173417fd72e8840ce	1661	4	163408	132.892	163409	132.647	20952	15.9064	unclassified	chr19	54070803	54091329	9	20952	-	21031	20438	20264	505	88	174	60	0.99957	0.991486	0.96353	0
PBE25638_skip_873b4ebd_a0d787db_139.pod5	ca769d76-d715-42a2-9a14-fc1c5589b6dc	a0d787db021a56fb511c873173417fd72e8840ce	1960	3	162869	384.585	162869	384.583	135882	6.08032	unclassified	chr4	105961022	105979213	117660	135853	-	18228	18156	18130	37	35	26	60	0.133888	0.998568	0.994624	0
PBE25638_skip_873b4ebd_a0d787db_139.pod5	e352d31f-acc2-4931-b424-b67670301e39	a0d787db021a56fb511c873173417fd72e8840ce	1186	4	163378	169.434	163378	169.432	62861	10.6178	unclassified	chr16	56486161	56550033	4	62827	-	65552	61143	57980	1680	2729	3163	60	0.999395	0.948269	0.884489	0
PBE25638_skip_873b4ebd_a0d787db_139.pod5	fb69c20f-dad6-42c7-8635-31764b66b048	a0d787db021a56fb511c873173417fd72e8840ce	1241	4	163376	152.686	163376	152.554	57775	28.2636	unclassified	chr4	166766330	166824099	0	57775	+	57843	57701	57605	74	68	96	60	1	0.998336	0.995885	0
PBE25638_skip_873b4ebd_a0d787db_139.pod5	746e9901-f6e1-4805-82f7-d2338b1ff2cb	a0d787db021a56fb511c873173417fd72e8840ce	1546	2	163364	156.895	163364	156.792	60346	23.173	unclassified	chr17	48295790	48356192	0	60335	+	60525	60212	60004	123	190	208	60	0.999818	0.996546	0.991392	0
PBE25638_skip_873b4ebd_a0d787db_139.pod5	0406564a-6c0f-425f-922e-d85d5576c95f	a0d787db021a56fb511c873173417fd72e8840ce	1642	3	162098	165.745	162098	165.589	62246	18.093	unclassified	chr4	28986779	29049012	7	62246	-	62654	61818	61267	421	415	551	60	0.999888	0.991087	0.977863	0
PBE25638_skip_873b4ebd_a0d787db_139.pod5	6f553bc8-0825-487f-9752-5ac24a801f9a	a0d787db021a56fb511c873173417fd72e8840ce	1680	3	162402	132.538	162402	132.536	46563	14.5836	unclassified	chr1	121582024	121627525	31	46547	+	47480	44537	43383	1979	964	1154	60	0.998991	0.974089	0.913711	0
PBE25638_skip_873b4ebd_a0d787db_139.pod5	84534a01-707d-4776-8546-c9d632ec85c7	a0d787db021a56fb511c873173417fd72e8840ce	1661	4	162885	209.476	162885	209.298	76857	20.4465	unclassified	chr12	122982508	123058996	12	76857	-	77104	76229	76002	616	259	227	60	0.999844	0.997022	0.985708	0
PBE25638_skip_873b4ebd_a0d787db_139.pod5	1cf4a8f5-405d-491c-b1a5-d534afb297cb	a0d787db021a56fb511c873173417fd72e8840ce	1921	4	163978	160.199	163978	160.197	32266	2.56777	unclassified	*	-1	-1	-1	-1	*	0	0	0	0	0	0	0	0	0	0	0
PBE25638_skip_873b4ebd_a0d787db_139.pod5	abf0b2b0-6cbf-420f-bd3e-a6734307f5f0	a0d787db021a56fb511c873173417fd72e8840ce	1348	4	163189	174.714	163189	174.57	60888	37.2261	unclassified	chr7	59644161	59666651	22880	45364	-	22492	22482	22234	2	8	248	1	0.369268	0.988969	0.988529	0
PBE25638_skip_873b4ebd_a0d787db_139.pod5	8ee03c1a-43ff-4423-9df7-14b56ed674b2	a0d787db021a56fb511c873173417fd72e8840ce	1661	4	163097	196.752	163097	196.684	76365	20.4358	unclassified	chr12	122982508	123058996	0	76353	+	76865	75976	75704	377	512	272	60	0.999843	0.99642	0.984896	0
PBE25638_skip_873b4ebd_a0d787db_139.pod5	6a7a6cd0-b4bf-4c1f-9987-cc1e840d82cf	a0d787db021a56fb511c873173417fd72e8840ce	1659	4	163942	170.955	163942	170.678	43592	28.4876	unclassified	chr3	140830946	140874574	5	43592	-	43674	43541	43462	46	87	79	60	0.999885	0.998186	0.995146	0
PBE25638_skip_873b4ebd_a0d787db_139.pod5	f185d22f-548c-44cb-b130-40292818ba74	a0d787db021a56fb511c873173417fd72e8840ce	1446	1	163934	169.011	163934	168.863	53796	31.4407	unclassified	chr11	104183820	104237612	6	53796	-	53833	53749	53681	41	43	68	60	0.999888	0.998735	0.997176	0
PBE25638_skip_873b4ebd_a0d787db_139.pod5	49fa1dd7-190e-4562-a835-216e19b70a5a	a0d787db021a56fb511c873173417fd72e8840ce	1687	4	164097	126.915	164097	126.774	47477	29.7052	unclassified	chr7	93587389	93634856	7	47477	-	47505	47432	47406	38	35	26	60	0.999853	0.999452	0.997916	0
PBE25638_skip_873b4ebd_a0d787db_139.pod5	7dfdfe47-067a-4162-aa41-6f7087a3c10d	a0d787db021a56fb511c873173417fd72e8840ce	1227	1	162033	285.52	162033	285.518	60027	2.68921	unclassified	chr9	130315211	130315304	40814	40901	+	95	85	84	2	8	1	1	0.00144935	0.988235	0.884211	0
PBE25638_skip_873b4ebd_a0d787db_139.pod5	404b869c-70ff-4ce5-9cb5-a35257272b3e	a0d787db021a56fb511c873173417fd72e8840ce	1647	3	164031	137.324	164031	137.23	51600	33.0057	unclassified	chr5	163044412	163096094	6	51600	-	51710	51566	51516	28	116	50	60	0.999884	0.99903	0.996248	0
PBE25638_skip_873b4ebd_a0d787db_139.pod5	1d092cef-c925-4485-b82f-d07f3c830902	a0d787db021a56fb511c873173417fd72e8840ce	1271	4	164129	122.622	164130	122.435	40118	26.7284	unclassified	chr12	25433208	25473377	7	40118	-	40240	40040	39934	71	129	106	60	0.999826	0.997353	0.992396	0
PBE25638_skip_873b4ebd_a0d787db_139.pod5	dc0d1331-0388-4df0-9595-184a058d4a6c	a0d787db021a56fb511c873173417fd72e8840ce	1546	2	163197	167.287	163197	167.156	60382	25.1337	unclassified	chr17	48295790	48356192	11	60382	-	60519	60254	60120	117	148	134	60	0.999818	0.997776	0.993407	0
PBE25638_skip_873b4ebd_a0d787db_139.pod5	cf1bf610-b55e-43e8-9074-a114b78f84f2	a0d787db021a56fb511c873173417fd72e8840ce	1776	1	163339	173.75	163339	173.597	55432	30.6655	unclassified	chr14	51006330	51061748	0	55425	+	55481	55362	55273	63	56	89	60	0.999874	0.998392	0.996251	0
PBE25638_skip_873b4ebd_a0d787db_139.pod5	8105c9ff-7f18-4a58-aa68-cbef8c11db85	a0d787db021a56fb511c873173417fd72e8840ce	1687	4	163946	129.124	163947	128.996	56397	27.7434	unclassified	chr3	63569203	63597447	0	28237	+	28266	28215	28205	22	29	10	60	0.500683	0.999646	0.997842	0
PBE25638_skip_873b4ebd_a0d787db_139.pod5	a250ef29-d70e-4d30-8cc9-9009fd25edf5	a0d787db021a56fb511c873173417fd72e8840ce	1365	2	163941	115.999	163941	115.997	36762	17.5089	unclassified	chr21	8426666	8463287	36	36762	+	37569	35778	35382	948	843	396	60	0.999021	0.988932	0.941787	0
PBE25638_skip_873b4ebd_a0d787db_139.pod5	a2918efc-6bc2-4b82-a146-5a6dabd94814	a0d787db021a56fb511c873173417fd72e8840ce	1328	1	164021	127.687	164021	127.492	49047	24.8116	unclassified	chr1	220743301	220792346	0	49040	+	49154	48931	48781	109	114	150	60	0.999857	0.996934	0.992412	0
PBE25638_skip_873b4ebd_a0d787db_139.pod5	758bdd20-87ed-4166-88ec-7e6c31e4d1a7	a0d787db021a56fb511c873173417fd72e8840ce	1614	1	164066	121.338	164066	121.336	47819	34.5238	unclassified	chr12	84665758	84713500	31	47810	+	47806	47715	47644	64	27	71	60	0.999164	0.998512	0.996611	0
PBE25638_skip_873b4ebd_a0d787db_139.pod5	f78646c3-48c0-4987-bc8f-33850cff3a10	a0d787db021a56fb511c873173417fd72e8840ce	1446	1	164234	129.516	164234	129.402	48406	27.4255	unclassified	chr6	142887253	142935687	6	48406	-	48465	48369	48320	31	65	49	60	0.999876	0.998987	0.997008	0
PBE25638_skip_873b4ebd_a0d787db_139.pod5	d47279e0-f30f-4b6d-b748-a8bf692ab9b6	a0d787db021a56fb511c873173417fd72e8840ce	1466	1	163937	223.842	163937	223.685	84076	29.1814	unclassified	chr6	98497715	98581746	6	84076	-	84185	83916	83806	154	115	110	60	0.999929	0.998689	0.995498	0
PBE25638_skip_873b4ebd_a0d787db_139.pod5	2b5ff292-7375-4420-a14f-eb6366bd75f1	a0d787db021a56fb511c873173417fd72e8840ce	1183	3	164160	170.658	164160	170.656	27577	6.2956	unclassified	chr11	8152085	8168693	8235	27092	+	20347	15118	13152	3739	1490	1966	50	0.683794	0.869956	0.646385	0
PBE25638_skip_873b4ebd_a0d787db_139.pod5	6e81c07d-8c11-4214-98ad-d16113923f6f	a0d787db021a56fb511c873173417fd72e8840ce	1924	4	164031	122.524	164031	122.347	44663	29.6021	unclassified	chr12	106340955	106385597	0	44663	+	44695	44610	44574	53	32	36	60	1	0.999193	0.997293	0
PBE25638_skip_873b4ebd_a0d787db_139.pod5	9ffc4cb3-699e-48b8-ba35-d0280bbf5a8b	a0d787db021a56fb511c873173417fd72e8840ce	1498	1	164211	139.351	164212	139.208	51417	22.8621	unclassified	chr18	24080775	24132264	0	51407	+	51599	51297	51077	110	192	220	60	0.999806	0.995711	0.989884	0
PBE25638_skip_873b4ebd_a0d787db_139.pod5	72c135df-d6f5-4395-85ba-ec4ccb643fc6	a0d787db021a56fb511c873173417fd72e8840ce	1321	2	162848	251.016	162848	250.808	87914	29.98	unclassified	chrY	20335951	20413100	6788	87908	+	81179	77090	76743	4030	59	347	60	0.92272	0.995499	0.945355	0
PBE25638_skip_873b4ebd_a0d787db_139.pod5	38b0b473-9657-4252-ba89-1f188b718772	a0d787db021a56fb511c873173417fd72e8840ce	1659	4	164120	137.578	164120	137.374	42303	25.5299	unclassified	chr8	132605073	132647391	0	42298	+	42361	42255	42207	43	63	48	60	0.999882	0.998864	0.996365	0
PBE25638_skip_873b4ebd_a0d787db_139.pod5	4d366529-2614-4133-907e-78959f360afa	a0d787db021a56fb511c873173417fd72e8840ce	1289	4	164159	120.564	164159	120.438	48101	29.3609	unclassified	chr1	103405574	103453688	0	48100	+	48157	48057	48018	43	57	39	60	0.999979	0.999188	0.997114	0
PBE25638_skip_873b4ebd_a0d787db_139.pod5	9582da4e-7702-4728-96a9-292a68057122	a0d787db021a56fb511c873173417fd72e8840ce	1093	3	164054	229.905	164054	229.796	75077	29.8084	unclassified	chr11	40285156	40360249	0	75068	+	75180	74981	74853	87	112	128	60	0.99988	0.998293	0.99565	0
PBE25638_skip_873b4ebd_a0d787db_139.pod5	738b1725-5c36-4870-9b36-a154472eb623	a0d787db021a56fb511c873173417fd72e8840ce	1370	4	164089	193.534	164089	193.351	46556	23.6979	unclassified	chr5	3631155	3678047	0	46556	+	47847	45601	45430	955	1291	171	60	1	0.99625	0.949485	0
PBE25638_skip_873b4ebd_a0d787db_139.pod5	c4fc0c85-baf9-4a4f-8bf6-96b6d196bbc5	a0d787db021a56fb511c873173417fd72e8840ce	1847	2	164238	156.079	164238	155.95	58874	22.6712	unclassified	chr17	54035313	54103214	0	58867	+	68383	58385	58190	482	9516	195	60	0.999881	0.99666	0.850942	0
PBE25638_skip_873b4ebd_a0d787db_139.pod5	b83edf5c-0861-4de0-a94a-b1eb24d06087	a0d787db021a56fb511c873173417fd72e8840ce	1953	4	164292	154.395	164292	154.258	45501	23.5031	unclassified	chr18	5988332	6033911	6	45501	-	45679	45395	45269	100	184	126	60	0.999868	0.997224	0.991024	0
PBE25638_skip_873b4ebd_a0d787db_139.pod5	66d6e0cb-648a-45e8-b426-1e30537b4c18	a0d787db021a56fb511c873173417fd72e8840ce	1444	3	164208	135.379	164208	135.233	52156	28.5693	unclassified	chr3	94310075	94362214	0	52149	+	52207	52081	51998	68	58	83	60	0.999866	0.998406	0.995997	0
PBE25638_skip_873b4ebd_a0d787db_139.pod5	e3caa990-c445-43bf-b870-3b21507125ff	a0d787db021a56fb511c873173417fd72e8840ce	1768	2	164180	184.371	164180	184.214	66066	22.5624	unclassified	chr2	79635992	79702112	0	66059	+	66276	65903	65657	156	217	246	60	0.999894	0.996267	0.99066	0
PBE25638_skip_873b4ebd_a0d787db_139.pod5	81a9cd46-eaec-44ab-9eef-aac3be5ff7b6	a0d787db021a56fb511c873173417fd72e8840ce	1475	1	163874	261.606	163874	261.486	91356	27.659	unclassified	chr7	150429050	150512695	7673	91349	+	83804	83517	83298	159	128	219	60	0.915933	0.997378	0.993962	0
PBE25638_skip_873b4ebd_a0d787db_139.pod5	44f7d850-6a07-4e44-8b94-f536b19f3c58	a0d787db021a56fb511c873173417fd72e8840ce	1924	4	164246	179.562	164246	179.371	38182	26.1672	unclassified	chr11	26304467	26342558	5	38182	-	38198	38070	38037	107	21	33	60	0.999869	0.999133	0.995785	0
PBE25638_skip_873b4ebd_a0d787db_139.pod5	8e3dd13c-1871-4fed-a9e2-474c9e663486	a0d787db021a56fb511c873173417fd72e8840ce	1614	1	164188	158.055	164188	157.913	61446	26.4673	unclassified	chr17	79314852	79376174	0	61440	+	61582	61180	60961	260	142	219	60	0.999902	0.99642	0.989916	0
PBE25638_skip_873b4ebd_a0d787db_139.pod5	1318ef3d-3f98-4363-87c2-93cada6ea89c	a0d787db021a56fb511c873173417fd72e8840ce	1475	1	164139	218.989	164139	218.858	54175	23.0502	unclassified	chr18	64164327	64218203	0	54175	+	54238	53813	53741	362	63	72	60	1	0.998662	0.990837	0
PBE25638_skip_873b4ebd_a0d787db_139.pod5	afc9931d-daef-4d9c-b12e-5c1d1a2c0d73	a0d787db021a56fb511c873173417fd72e8840ce	1444	3	164345	123.918	164345	123.827	52134	27.0699	unclassified	chr3	94310079	94362214	9	52134	-	52200	52060	51964	65	75	96	60	0.999827	0.998156	0.995479	0
PBE25638_skip_873b4ebd_a0d787db_139.pod5	c8f38961-83fb-45f9-92c6-06339c5aa1a1	a0d787db021a56fb511c873173417fd72e8840ce	1406	2	163984	325.546	163984	325.411	92148	26.0162	unclassified	chr4	24919794	25011955	7	92148	-	92307	91995	91855	146	166	140	60	0.999924	0.998478	0.995103	0
PBE25638_skip_873b4ebd_a0d787db_139.pod5	8cb54396-b432-4611-9f23-bf11ce046c08	a0d787db021a56fb511c873173417fd72e8840ce	1575	1	163178	414.892	163178	414.89	46309	3.58181	unclassified	chr1	161410108	161416125	33	6026	+	6093	5917	5836	76	100	81	60	0.129413	0.986311	0.95782	0
PBE25638_skip_873b4ebd_a0d787db_139.pod5	07b927f3-485b-421c-a63d-95c344d3a93e	a0d787db021a56fb511c873173417fd72e8840ce	1446	1	164467	171.916	164467	171.829	38305	5.63291	unclassified	chr20	6218672	6231761	25244	38305	-	13110	13040	13023	21	49	17	60	0.340974	0.998696	0.993364	0
PBE25638_skip_873b4ebd_a0d787db_139.pod5	9c4be27e-2bb7-44ca-a556-8f213da4fa53	a0d787db021a56fb511c873173417fd72e8840ce	1447	2	164072	185.186	164072	185.184	68781	31.2659	unclassified	chr5	176899327	176968075	7	68753	-	68813	68681	68640	65	67	41	60	0.999491	0.999403	0.997486	0
PBE25638_skip_873b4ebd_a0d787db_139.pod5	4df38c7f-7e96-4d22-ac68-7669f385e856	a0d787db021a56fb511c873173417fd72e8840ce	1799	1	164327	132.021	164327	132.019	54553	25.6667	unclassified	chr1	48392018	48446514	38	54543	+	54579	54422	54319	83	74	103	60	0.99912	0.998107	0.995236	0
PBE25638_skip_873b4ebd_a0d787db_139.pod5	5d9d4139-b497-4d95-bc46-b44f76a34276	a0d787db021a56fb511c873173417fd72e8840ce	1285	3	164502	142.624	164502	142.496	39113	23.7183	unclassified	chr5	122097734	122136882	0	39113	-	39213	39048	38958	65	100	90	60	1	0.997695	0.993497	0
PBE25638_skip_873b4ebd_a0d787db_139.pod5	f4192b02-7196-4878-ac26-3e32057bbd8d	a0d787db021a56fb511c873173417fd72e8840ce	1328	1	164316	150.877	164316	150.754	59463	26.5911	unclassified	chrX	155487372	155546798	7	59463	-	59530	59352	59208	104	74	144	60	0.999882	0.997574	0.994591	0
PBE25638_skip_873b4ebd_a0d787db_139.pod5	beea539d-eeb6-4dd3-aefd-dca22e86175c	a0d787db021a56fb511c873173417fd72e8840ce	1621	1	164199	201.766	164199	201.652	75124	27.801	unclassified	chr19	16006864	16082121	5	75123	-	75481	74894	74704	224	363	190	60	0.99992	0.997463	0.989706	0
PBE25638_skip_873b4ebd_a0d787db_139.pod5	59072215-42d6-4d41-ade5-8e8cbba368a7	a0d787db021a56fb511c873173417fd72e8840ce	1183	3	164454	122.355	164454	122.353	19840	5.95452	unclassified	chr16	26761494	26772418	106	11675	-	12550	9943	8567	1626	981	1376	27	0.583115	0.861611	0.682629	0
PBE25638_skip_873b4ebd_a0d787db_139.pod5	9094f4b1-4efa-4c00-9dd8-14de1fde441d	a0d787db021a56fb511c873173417fd72e8840ce	1926	2	164627	50.8316	164627	50.8296	17337	20.7546	unclassified	chrX	62605002	62622203	0	17303	-	17317	17187	17153	116	14	34	60	0.998039	0.998022	0.99053	0
PBE25638_skip_873b4ebd_a0d787db_139.pod5	904e4995-2ba9-4b2e-95fe-8e56be700958	a0d787db021a56fb511c873173417fd72e8840ce	1183	3	164577	154.234	164577	154.232	21712	5.51189	unclassified	chr7	46787803	46803319	535	16685	+	17639	14027	12008	2123	1489	2019	17	0.743828	0.856063	0.680764	0
PBE25638_skip_873b4ebd_a0d787db_139.pod5	b01765ea-a5df-4f89-8b9e-5f7b9208b201	a0d787db021a56fb511c873173417fd72e8840ce	1285	3	164271	202.314	164271	202.174	47495	19.6728	unclassified	chr7	1949149	1997231	7	47495	-	48880	46690	46555	798	1392	135	60	0.999853	0.997109	0.952435	0
PBE25638_skip_873b4ebd_a0d787db_139.pod5	4695cc94-4eec-49fb-8d24-73fa3d2b4905	a0d787db021a56fb511c873173417fd72e8840ce	1514	4	164583	147.097	164583	146.974	56835	26.405	unclassified	chr10	97062273	97119139	7	56835	-	56948	56746	56612	82	120	134	60	0.999877	0.997639	0.9941	0
PBE25638_skip_873b4ebd_a0d787db_139.pod5	901fd268-3356-4dcb-b535-3de42d955b0f	a0d787db021a56fb511c873173417fd72e8840ce	1736	3	164509	173.837	164509	173.835	63614	11.9011	unclassified	chr15	24796085	24860259	41	63608	+	65584	62157	59900	1410	2017	2257	60	0.999261	0.963689	0.913333	0
PBE25638_skip_873b4ebd_a0d787db_139.pod5	3b3bf1bf-1cc8-4248-9d86-6710bf069fed	a0d787db021a56fb511c873173417fd72e8840ce	1104	3	164445	147.118	164445	147.01	55578	30.6948	unclassified	chr9	5853801	5909303	63	55578	+	55559	55458	55404	57	44	54	60	0.998866	0.999026	0.99721	0
PBE25638_skip_873b4ebd_a0d787db_139.pod5	26acd800-9f6b-4333-9814-e4627f5f0ce2	a0d787db021a56fb511c873173417fd72e8840ce	1017	1	164101	312.295	164101	312.143	115536	28.9747	unclassified	chr6	70434589	70550149	11	115536	-	115643	115442	115369	83	118	73	60	0.999905	0.999368	0.997631	0
PBE25638_skip_873b4ebd_a0d787db_139.pod5	3cb76555-4382-4104-bed3-f56441e80e33	a0d787db021a56fb511c873173417fd72e8840ce	1289	4	164625	124.69	164625	124.688	53330	25.7997	unclassified	chr8	132051989	132105320	35	53323	+	53395	53224	53071	64	107	153	60	0.999212	0.997125	0.993932	0
PBE25638_skip_873b4ebd_a0d787db_139.pod5	d9225ade-4173-4997-bf05-6c17eb2a38c0	a0d787db021a56fb511c873173417fd72e8840ce	1888	3	164609	126.09	164609	126.01	56996	25.3357	unclassified	chr17	43657737	43714721	2	56996	-	57132	56846	56719	148	138	127	60	0.999965	0.997766	0.992771	0
PBE25638_skip_873b4ebd_a0d787db_139.pod5	6e79afdc-054e-49ad-a97b-b047f1ef276a	a0d787db021a56fb511c873173417fd72e8840ce	1985	3	164913	137.47	164913	137.468	37326	23.7312	unclassified	chr8	111384199	111421524	8	37287	-	37387	37217	37143	62	108	74	60	0.998741	0.998012	0.993474	0
PBE25638_skip_873b4ebd_a0d787db_139.pod5	ed2db34e-76fa-4fea-9078-b67919cc3e96	a0d787db021a56fb511c873173417fd72e8840ce	1002	2	164205	261.529	164205	261.331	96665	25.0985	unclassified	chr17	63620361	63717010	0	96655	+	96838	96466	96353	189	183	113	60	0.999897	0.998829	0.994992	0
PBE25638_skip_873b4ebd_a0d787db_139.pod5	0a552d7a-f9a4-429c-a2a1-7c6ecbbf21d8	a0d787db021a56fb511c873173417fd72e8840ce	1002	2	164468	242.932	164468	242.79	90718	26.3531	unclassified	chr4	143266406	143357108	0	90709	+	90893	90518	90331	191	184	187	60	0.999901	0.997934	0.993817	0
PBE25638_skip_873b4ebd_a0d787db_139.pod5	cf8ce31c-ac0a-434e-a88c-26a6cb254f33	a0d787db021a56fb511c873173417fd72e8840ce	1647	3	164658	123.847	164658	123.719	45983	29.1402	unclassified	chr7	68925367	68971337	10	45983	-	46063	45880	45788	93	90	92	60	0.999783	0.997995	0.99403	0
PBE25638_skip_873b4ebd_a0d787db_139.pod5	f8b679e7-71a1-4e0a-84e2-107fc9138b8e	a0d787db021a56fb511c873173417fd72e8840ce	1017	1	165118	149.463	165119	149.287	54356	29.9032	unclassified	chr1	198432968	198487353	0	54356	-	54424	54317	54249	39	68	68	60	1	0.998748	0.996785	0
PBE25638_skip_873b4ebd_a0d787db_139.pod5	a2016d9f-57fc-46fa-b1fb-264ad2c1817e	a0d787db021a56fb511c873173417fd72e8840ce	1271	4	164915	143.95	164916	143.867	34436	4.33004	unclassified	chr15	82730386	82737757	27028	34436	-	7417	7362	7349	46	9	13	60	0.215124	0.998234	0.990832	0
PBE25638_skip_873b4ebd_a0d787db_139.pod5	b64edcb6-ccff-4985-824b-cb03f0b3921f	a0d787db021a56fb511c873173417fd72e8840ce	1776	1	164513	145.436	164513	145.434	52648	26.1917	unclassified	chr7	152848004	152900464	18	52640	+	52924	52158	52070	464	302	88	60	0.999506	0.998313	0.983864	0
PBE25638_skip_873b4ebd_a0d787db_139.pod5	40ad2aaa-dbe8-41c3-b763-04741cd40091	a0d787db021a56fb511c873173417fd72e8840ce	1661	4	164943	235.829	164943	235.827	55469	22.4498	unclassified	chr10	84773529	84828291	35	55458	+	55589	54596	54368	827	166	228	60	0.999171	0.995824	0.978035	0
PBE25638_skip_873b4ebd_a0d787db_139.pod5	22a402db-2f53-42e7-b094-a5558c799e59	a0d787db021a56fb511c873173417fd72e8840ce	1373	4	164272	275.404	164273	275.233	85268	31.7525	unclassified	chr3	106161542	106206481	40329	85257	+	44982	44885	44843	43	54	42	60	0.526903	0.999064	0.99691	0
PBE25638_skip_873b4ebd_a0d787db_139.pod5	74cea1f9-c97f-4873-875c-9fbe64f51969	a0d787db021a56fb511c873173417fd72e8840ce	1227	1	162847	644.645	162847	644.643	136766	2.71138	unclassified	chr16	88791139	88791348	3487	3822	-	336	208	191	127	1	17	1	0.00244944	0.918269	0.568452	0
PBE25638_skip_873b4ebd_a0d787db_139.pod5	5f746e35-1501-45cc-bb9c-a061e7a6b8d2	a0d787db021a56fb511c873173417fd72e8840ce	1447	2	164989	157.374	164989	157.135	56812	30.4135	unclassified	chr6	113969577	114026328	0	56806	+	56872	56685	56574	121	66	111	60	0.999894	0.998042	0.99476	0
PBE25638_skip_873b4ebd_a0d787db_139.pod5	220705ab-8907-4674-8905-7bb3c06aac0e	a0d787db021a56fb511c873173417fd72e8840ce	1631	1	164343	266.238	164343	266.084	103645	29.3683	unclassified	chr1	9020660	9123874	0	103638	+	103814	103038	102894	600	176	144	60	0.999932	0.998602	0.991138	0
PBE25638_skip_873b4ebd_a0d787db_139.pod5	fd729d0d-6757-48ef-a85a-104cfe9e81de	a0d787db021a56fb511c873173417fd72e8840ce	1649	4	165004	164.523	165004	164.372	52433	19.036	unclassified	chr2	159898755	159951259	7	52433	-	52763	52167	51807	259	337	360	60	0.999866	0.993099	0.981881	0
PBE25638_skip_873b4ebd_a0d787db_139.pod5	82dda9ff-384a-42ff-a0f3-54302c60af0f	a0d787db021a56fb511c873173417fd72e8840ce	1661	4	164225	290.012	164225	289.918	103657	22.591	unclassified	chr7	80726544	80830129	0	103657	-	103942	103300	102930	357	285	370	60	1	0.996418	0.990264	0
PBE25638_skip_873b4ebd_a0d787db_139.pod5	c4f6e16f-3e4c-4fb4-aebc-6252d9510c53	a0d787db021a56fb511c873173417fd72e8840ce	1406	2	164653	147.075	164653	146.942	65130	25.0914	unclassified	chr15	48029394	48094502	0	65120	+	65192	65036	64895	84	72	141	60	0.999846	0.997832	0.995444	0
PBE25638_skip_873b4ebd_a0d787db_139.pod5	8c3f01b7-aa12-4b76-9491-db33ce3ddeac	a0d787db021a56fb511c873173417fd72e8840ce	1955	3	164686	114.72	164686	114.718	40854	11.2857	unclassified	chr4	162262027	162299720	26	37284	+	38438	36513	35257	745	1180	1256	60	0.911979	0.965601	0.917243	0
PBE25638_skip_873b4ebd_a0d787db_139.pod5	10ddab8b-1f5b-44bc-b8f0-1dea1e9688f9	a0d787db021a56fb511c873173417fd72e8840ce	1348	4	164899	134.946	164899	134.944	42792	14.8061	unclassified	chr16	83115857	83157874	1088	42792	+	42470	41251	40545	453	766	706	60	0.974575	0.982885	0.954674	0
PBE25638_skip_873b4ebd_a0d787db_139.pod5	9f4a0be9-acfb-4661-9ba5-1f7b89254c42	a0d787db021a56fb511c873173417fd72e8840ce	1815	1	164864	165.165	164864	165.028	49775	26.5528	unclassified	chr19	28238099	28287882	0	49768	+	49845	49706	49548	62	77	158	60	0.999859	0.996821	0.994042	0
PBE25638_skip_873b4ebd_a0d787db_139.pod5	a130da3e-1f82-4308-a94a-554eb0900326	a0d787db021a56fb511c873173417fd72e8840ce	1241	4	165027	196.501	165027	196.366	71803	22.1282	unclassified	chr8	70859480	70931268	0	71798	+	71985	71601	71363	197	187	238	60	0.99993	0.996676	0.991359	0
PBE25638_skip_873b4ebd_a0d787db_139.pod5	90beb624-4a31-4b5d-9dd6-4a8be3514d95	a0d787db021a56fb511c873173417fd72e8840ce	1799	1	165150	135.206	165150	135.103	53938	30.2532	unclassified	chr9	81151060	81204799	7	53938	-	53975	53695	53637	236	44	58	60	0.99987	0.99892	0.993738	0
PBE25638_skip_873b4ebd_a0d787db_139.pod5	249d9aa8-3098-428e-a803-d13b559b30a8	a0d787db021a56fb511c873173417fd72e8840ce	1675	3	164616	169.833	164616	169.648	66123	28.0585	unclassified	chr4	116145071	116211227	0	66121	+	66222	66055	65915	66	101	140	60	0.99997	0.997881	0.995364	0
PBE25638_skip_873b4ebd_a0d787db_139.pod5	814ee528-79fc-44b2-98bc-68372a7601dd	a0d787db021a56fb511c873173417fd72e8840ce	1815	1	164722	84.2144	164722	84.2124	22156	10.8255	unclassified	chr1	242145383	242165980	597	22126	-	21862	20264	19804	1265	333	460	60	0.971701	0.9773	0.905864	0
PBE25638_skip_873b4ebd_a0d787db_139.pod5	b449d12c-03db-4f32-af39-49812b56d457	a0d787db021a56fb511c873173417fd72e8840ce	1069	4	164808	89.3988	164808	89.3148	37546	24.0397	unclassified	chr19	5389106	5426703	7	37546	-	37720	37416	37262	123	181	154	60	0.999814	0.995884	0.987858	0
PBE25638_skip_873b4ebd_a0d787db_139.pod5	939decfa-a98b-46f2-b68d-3e1d9a24e6df	a0d787db021a56fb511c873173417fd72e8840ce	1093	3	164828	187.197	164828	187.016	60964	31.746	unclassified	chr5	91803518	91864488	7	60964	-	61008	60919	60796	38	51	123	60	0.999885	0.997981	0.996525	0
PBE25638_skip_873b4ebd_a0d787db_139.pod5	c1e997c2-c592-446a-b2ee-89b0e5343f43	a0d787db021a56fb511c873173417fd72e8840ce	1888	3	164828	137.23	164828	137.228	49198	29.5757	unclassified	chr1	147148089	147197253	6	49171	-	49207	49122	49054	43	42	68	60	0.999329	0.998616	0.996891	0
PBE25638_skip_873b4ebd_a0d787db_139.pod5	80947df4-e1fa-4448-a94a-8df3cc5d8c6d	a0d787db021a56fb511c873173417fd72e8840ce	1373	4	164665	188.067	164665	187.955	66056	30.9406	unclassified	chr13	54731921	54797974	6	66056	-	66078	66025	65984	25	28	41	60	0.999909	0.999379	0.998577	0
PBE25638_skip_873b4ebd_a0d787db_139.pod5	1cdedd21-cebb-4447-947d-f74e934d7160	a0d787db021a56fb511c873173417fd72e8840ce	1069	4	164704	104.263	164704	104.1	37590	27.128	unclassified	chr19	5389106	5426702	0	37575	+	37674	37497	37402	78	99	95	60	0.999601	0.997466	0.99278	0
PBE25638_skip_873b4ebd_a0d787db_139.pod5	faa18668-b983-41cb-8f0c-ca3fe2c5b07f	a0d787db021a56fb511c873173417fd72e8840ce	1572	1	164824	88.4148	164824	88.2744	34053	26.3003	unclassified	chr1	29353961	29387978	11	34053	-	34099	33960	33891	82	57	69	60	0.999677	0.997968	0.9939	0
PBE25638_skip_873b4ebd_a0d787db_139.pod5	4d12226b-7e78-49ca-aa0f-ad3030251d14	a0d787db021a56fb511c873173417fd72e8840ce	1736	3	164702	215.281	164702	215.279	79177	13.1416	unclassified	chr12	56658877	56738436	9	79142	-	80864	77828	75734	1305	1731	2094	60	0.999444	0.973095	0.93656	0
PBE25638_skip_873b4ebd_a0d787db_139.pod5	9aa7ca9f-dd2a-440f-841f-84ff2ff95fd2	a0d787db021a56fb511c873173417fd72e8840ce	1017	1	164780	205.548	164780	205.546	73125	26.6371	unclassified	chr1	29968015	30041115	33	73125	+	73247	72945	72708	147	155	237	60	0.999549	0.996751	0.992641	0
PBE25638_skip_873b4ebd_a0d787db_139.pod5	57568c01-1b6a-4e23-9567-a964482f9c3a	a0d787db021a56fb511c873173417fd72e8840ce	1888	3	165070	157.814	165070	157.812	58907	13.4072	unclassified	chr5	150224976	150276222	7734	58881	-	51303	51090	51001	57	156	89	60	0.868267	0.998258	0.994113	0
PBE25638_skip_873b4ebd_a0d787db_139.pod5	56202a7e-a893-4b59-a4a0-f7be5d0bb4ad	a0d787db021a56fb511c873173417fd72e8840ce	1110	4	164639	149.744	164639	149.626	59847	26.7891	unclassified	chr2	97536743	97596443	105	59843	+	59934	59504	57803	234	196	1701	60	0.998179	0.971414	0.964444	0
PBE25638_skip_873b4ebd_a0d787db_139.pod5	3079f8fb-bff3-4e9c-86d9-5a4c4c81d5c5	a0d787db021a56fb511c873173417fd72e8840ce	1241	4	164779	207.236	164779	207.065	79226	24.8716	unclassified	chr15	26630801	26710067	0	79226	+	79411	79081	78894	145	185	187	60	1	0.997635	0.99349	0
PBE25638_skip_873b4ebd_a0d787db_139.pod5	46b41cf8-acba-4528-ac89-60903602f35b	a0d787db021a56fb511c873173417fd72e8840ce	1926	2	165356	151.578	165356	151.576	17551	14.9415	unclassified	chr1	187872897	187890063	63	17537	+	17521	17119	16989	355	47	130	60	0.995613	0.992406	0.969636	0
PBE25638_skip_873b4ebd_a0d787db_139.pod5	4ace0b2e-4470-43dc-941c-c813fd6b6924	a0d787db021a56fb511c873173417fd72e8840ce	1841	3	165289	42.5592	165289	42.4692	18244	24.9676	unclassified	chr13	72149330	72167601	0	18244	+	18301	18214	18155	30	57	59	60	1	0.996761	0.992022	0
PBE25638_skip_873b4ebd_a0d787db_139.pod5	2f38b2e7-7948-4def-b18c-cb4d46d244fb	a0d787db021a56fb511c873173417fd72e8840ce	1285	3	165147	184.848	165147	184.672	45343	22.0154	unclassified	chr2	30522263	30567396	0	45331	+	45390	45074	44937	257	59	137	60	0.999735	0.996961	0.99002	0
PBE25638_skip_873b4ebd_a0d787db_139.pod5	3d7888b3-eb07-463c-be0d-22c1d6b8ee18	a0d787db021a56fb511c873173417fd72e8840ce	1328	1	165431	147.799	165432	147.593	29058	11.5883	unclassified	chr9	87774871	87799328	0	29050	+	29132	24375	24217	4675	82	158	60	0.999725	0.993518	0.831285	0
PBE25638_skip_873b4ebd_a0d787db_139.pod5	f0c4dd83-b811-4ebb-94e2-857c15b7b52c	a0d787db021a56fb511c873173417fd72e8840ce	1572	1	164912	79.248	164912	79.1304	34011	24.0919	unclassified	chr1	29353959	29387978	0	34002	+	34112	33909	33811	93	110	98	60	0.999735	0.99711	0.991176	0
PBE25638_skip_873b4ebd_a0d787db_139.pod5	ae4ec268-c4d3-4c37-82f6-bbcef07a353a	a0d787db021a56fb511c873173417fd72e8840ce	1647	3	164898	183.692	164898	183.571	67905	25.9785	unclassified	chr2	3395286	3461044	0	67905	-	68031	65632	65479	2273	126	153	60	1	0.997669	0.962488	0
PBE25638_skip_873b4ebd_a0d787db_139.pod5	b254e796-54a4-4973-89c0-7f65ddb26205	a0d787db021a56fb511c873173417fd72e8840ce	1236	4	165112	199.18	165112	199.178	77766	24.7768	unclassified	chr20	59853775	59931545	37	77756	+	77877	77612	77487	107	158	125	60	0.999396	0.998389	0.994992	0
PBE25638_skip_873b4ebd_a0d787db_139.pod5	a344f83d-44be-492f-bddb-730bdc1f4e11	a0d787db021a56fb511c873173417fd72e8840ce	1271	4	164683	191.553	164683	191.431	75923	26.2924	unclassified	chr5	108473066	108549032	0	75914	+	76064	75816	75645	98	150	171	60	0.999881	0.997745	0.994491	0
PBE25638_skip_873b4ebd_a0d787db_139.pod5	d88b4085-18e4-47a5-a2ab-f0153d5dae5b	a0d787db021a56fb511c873173417fd72e8840ce	1498	1	165276	127.896	165276	127.751	45470	27.1203	unclassified	chrY	6755597	6801031	37	45470	-	45476	45391	45357	42	43	34	60	0.999186	0.999251	0.997383	0
PBE25638_skip_873b4ebd_a0d787db_139.pod5	3ac356de-c509-4ae2-ac32-dbf714f7736f	a0d787db021a56fb511c873173417fd72e8840ce	1373	4	165392	131.216	165392	131.114	47476	30.0808	unclassified	chr8	53167669	53215143	6	47476	-	47491	47453	47430	17	21	23	60	0.999874	0.999515	0.998716	0
PBE25638_skip_873b4ebd_a0d787db_139.pod5	abc76bd9-96f6-4a7f-a9c1-85772f457f00	a0d787db021a56fb511c873173417fd72e8840ce	1687	4	165171	172.425	165171	172.302	65751	30.678	unclassified	chr4	175361976	175427721	2	65751	-	65815	65679	65578	70	66	101	60	0.99997	0.998462	0.996399	0
PBE25638_skip_873b4ebd_a0d787db_139.pod5	1e8fa618-4478-40cc-b227-c7b8731e8756	a0d787db021a56fb511c873173417fd72e8840ce	1815	1	165309	128.041	165309	127.894	37713	25.7968	unclassified	chr15	40137969	40175695	0	37713	-	37789	37650	37523	63	76	127	60	1	0.996627	0.992961	0
PBE25638_skip_873b4ebd_a0d787db_139.pod5	3a7cf5d7-6129-4ea9-83a2-543819be7cf4	a0d787db021a56fb511c873173417fd72e8840ce	1659	4	165469	152.107	165470	152.005	56237	29.4401	unclassified	chr2	38322263	38378490	0	56237	+	56347	56117	56084	120	110	33	60	1	0.999412	0.995332	0
PBE25638_skip_873b4ebd_a0d787db_139.pod5	4477b67c-91b1-4483-8262-811408ab4372	a0d787db021a56fb511c873173417fd72e8840ce	1621	1	165508	167.44	165508	167.344	64025	26.3485	unclassified	chr13	65798443	65862461	0	64016	+	64123	63911	63791	105	107	120	60	0.999859	0.998122	0.994822	0
PBE25638_skip_873b4ebd_a0d787db_139.pod5	e5654b5e-6283-418c-abbc-6ac360d4aff0	a0d787db021a56fb511c873173417fd72e8840ce	1953	4	164890	194.402	164890	194.192	56843	22.6184	unclassified	chr11	66260911	66317810	0	56837	+	57040	56696	56491	141	203	205	60	0.999894	0.996384	0.990375	0
PBE25638_skip_873b4ebd_a0d787db_139.pod5	ea6f6345-6a92-4892-a338-3aeca4e1454d	a0d787db021a56fb511c873173417fd72e8840ce	1373	4	165525	137.8	165525	137.66	47078	31.2712	unclassified	chr4	23236661	23283748	7	47078	-	47141	47017	46953	54	70	64	60	0.999851	0.998639	0.996012	0
PBE25638_skip_873b4ebd_a0d787db_139.pod5	4a7b08b6-e8e7-44ac-ace5-85c732f9cb7d	a0d787db021a56fb511c873173417fd72e8840ce	1588	2	165403	195.687	165403	195.568	73405	29.1943	unclassified	chr11	28399147	28472597	0	73405	-	73495	73360	73287	45	90	73	60	1	0.999005	0.99717	0
PBE25638_skip_873b4ebd_a0d787db_139.pod5	02be9145-9288-41cc-b34d-dc97ccb97567	a0d787db021a56fb511c873173417fd72e8840ce	1348	4	165469	191.914	165469	191.782	48864	26.6314	unclassified	chr1	172891420	172940276	0	48859	+	48938	48777	48674	82	79	103	60	0.999898	0.997888	0.994605	0
PBE25638_skip_873b4ebd_a0d787db_139.pod5	c4ff57e1-5563-45a2-a0ef-b92ce9413ebe	a0d787db021a56fb511c873173417fd72e8840ce	1328	1	165099	202.718	165099	202.595	73791	26.4145	unclassified	chr9	125264172	125337149	6	73791	-	73938	72824	72734	961	153	90	60	0.999919	0.998764	0.983716	0
PBE25638_skip_873b4ebd_a0d787db_139.pod5	8730d596-e1ac-45e1-a820-8ef3ac48edf1	a0d787db021a56fb511c873173417fd72e8840ce	1841	3	165332	141.874	165332	141.62	52800	30.1792	unclassified	chr4	122986577	123039502	0	52800	-	52989	52736	52602	64	189	134	60	1	0.997459	0.992697	0
PBE25638_skip_873b4ebd_a0d787db_139.pod5	477fc756-5537-47d6-9e9b-a82fac365f45	a0d787db021a56fb511c873173417fd72e8840ce	1614	1	165230	189.868	165230	189.757	78341	19.8406	unclassified	chr2	155339120	155379646	0	40513	+	40550	40489	40452	24	37	37	60	0.517137	0.999086	0.997583	0
PBE25638_skip_873b4ebd_a0d787db_139.pod5	02f0e707-b277-4b4a-b21c-9ee434314bb3	a0d787db021a56fb511c873173417fd72e8840ce	1981	3	165774	124.803	165774	124.801	48371	30.0626	unclassified	chr10	108836575	108884935	31	48363	+	48380	48312	48249	20	48	63	60	0.999194	0.998696	0.997292	0
PBE25638_skip_873b4ebd_a0d787db_139.pod5	f9db2905-5649-4b55-a1b5-979387b095a1	a0d787db021a56fb511c873173417fd72e8840ce	1236	4	165765	131.823	165765	131.617	24125	26.1743	unclassified	chr4	22288820	22312908	0	24125	+	24143	24070	24049	55	18	21	60	1	0.999128	0.996107	0
PBE25638_skip_873b4ebd_a0d787db_139.pod5	e9c00a09-ab73-499f-845a-60b5159e018e	a0d787db021a56fb511c873173417fd72e8840ce	1985	3	165372	214.519	165372	214.316	68760	23.7509	unclassified	chr10	73393800	73462580	0	68756	+	68934	68602	68456	154	178	146	60	0.999942	0.997872	0.993066	0
PBE25638_skip_873b4ebd_a0d787db_139.pod5	acd3c467-475f-4f49-9f89-cde51b0e3589	a0d787db021a56fb511c873173417fd72e8840ce	1447	2	165446	167.112	165447	166.87	60712	30.123	unclassified	chr11	71919865	71980581	6	60712	-	60775	60647	60547	59	69	100	60	0.999901	0.998351	0.996248	0
PBE25638_skip_873b4ebd_a0d787db_139.pod5	8e64f72d-90e2-4e2c-9b26-f6023021dbd3	a0d787db021a56fb511c873173417fd72e8840ce	1183	3	165722	162.569	165722	162.567	25612	8.8147	unclassified	chr16	46386339	46401721	8844	25462	+	17341	14659	13324	1959	723	1335	60	0.648836	0.90893	0.768352	0
PBE25638_skip_873b4ebd_a0d787db_139.pod5	b2eb7bb6-ad78-4dd4-a927-a5b2a9b08298	a0d787db021a56fb511c873173417fd72e8840ce	1810	3	165730	195.104	165731	194.886	48426	32.2924	unclassified	chr5	130780385	130828741	10	48426	-	48433	48339	48269	77	17	70	60	0.999793	0.998552	0.996614	0
PBE25638_skip_873b4ebd_a0d787db_139.pod5	93c6ea70-1fef-4a7c-8a34-a2bb8cf8afdd	a0d787db021a56fb511c873173417fd72e8840ce	1475	1	165333	279.022	165333	278.898	78589	28.731	unclassified	chr13	28376290	28454897	7	78588	-	78700	78488	78338	93	119	150	60	0.999898	0.998089	0.9954	0
PBE25638_skip_873b4ebd_a0d787db_139.pod5	57fdbc6e-c7fe-447c-867b-3aa94eaf86ee	a0d787db021a56fb511c873173417fd72e8840ce	1924	4	165612	168.016	165612	167.84	68521	20.1941	unclassified	chr19	54573044	54607600	0	34551	+	34579	34528	34451	23	28	77	60	0.50424	0.99777	0.996298	0
PBE25638_skip_873b4ebd_a0d787db_139.pod5	adc8bc0c-a08c-44d2-b5d9-786eb3914bc2	a0d787db021a56fb511c873173417fd72e8840ce	1675	3	165786	129.456	165786	129.293	38976	18.4277	unclassified	chr4	112923145	112942530	0	19382	+	19402	19365	19344	17	20	21	60	0.49728	0.998916	0.997011	0
PBE25638_skip_873b4ebd_a0d787db_139.pod5	57d48881-491a-4f1a-ab92-20d9d08b310e	a0d787db021a56fb511c873173417fd72e8840ce	1236	4	166003	154.504	166003	154.381	53194	31.9007	unclassified	chr6	151126961	151181247	6	53194	-	54369	53105	53066	83	1181	39	60	0.999887	0.999266	0.976034	0
PBE25638_skip_873b4ebd_a0d787db_139.pod5	f20ebea6-3203-4742-9b7d-5b88c29e8040	a0d787db021a56fb511c873173417fd72e8840ce	1110	4	165503	194.11	165503	193.992	76244	27.8033	unclassified	chr3	105726377	105802657	0	76240	+	76346	76174	76021	66	106	153	60	0.999948	0.997991	0.995743	0
PBE25638_skip_873b4ebd_a0d787db_139.pod5	43ace703-8ae9-4ba6-bb01-22443dd1d519	a0d787db021a56fb511c873173417fd72e8840ce	1687	4	165622	124.498	165622	124.356	41871	25.3297	unclassified	chr21	8407164	8448381	10	41871	-	42141	40937	40769	924	280	168	60	0.999761	0.995896	0.967443	0
PBE25638_skip_873b4ebd_a0d787db_139.pod5	47a9fc05-118d-4f17-98fa-4951a61dcc09	a0d787db021a56fb511c873173417fd72e8840ce	1271	4	165411	166.064	165411	165.912	64568	25.8592	unclassified	chr2	30278393	30342984	0	64561	+	64731	64421	64298	140	170	123	60	0.999892	0.998091	0.993311	0
PBE25638_skip_873b4ebd_a0d787db_139.pod5	3cdf96a4-94f4-4238-8690-2d7e5e145784	a0d787db021a56fb511c873173417fd72e8840ce	1104	3	165710	193.959	165710	193.957	75020	29.8234	unclassified	chr12	94201265	94276237	63	75012	+	75042	74879	74771	70	93	108	60	0.999054	0.998558	0.996389	0
PBE25638_skip_873b4ebd_a0d787db_139.pod5	361d5235-9187-43d2-8381-1920fbc20625	a0d787db021a56fb511c873173417fd72e8840ce	1841	3	165912	172.956	165912	172.846	70649	27.6656	unclassified	chr20	54464788	54535424	7	70641	-	70720	70550	70476	84	86	74	60	0.999788	0.998951	0.99655	0
PBE25638_skip_873b4ebd_a0d787db_139.pod5	81ab35e3-86b3-4560-a46a-8df263ee1729	a0d787db021a56fb511c873173417fd72e8840ce	1093	3	165306	329.308	165306	329.047	80286	19.7565	unclassified	chr12	76221388	76299244	0	77843	+	77935	77764	77641	79	92	123	60	0.969571	0.998418	0.996228	0
PBE25638_skip_873b4ebd_a0d787db_139.pod5	edb1b059-9d80-487e-85f1-c0b6cbef4688	a0d787db021a56fb511c873173417fd72e8840ce	1373	4	166050	140.432	166050	140.328	51018	29.4372	unclassified	chr19	49564175	49615200	0	51018	+	51094	50949	50929	69	76	20	60	1	0.999607	0.996771	0
PBE25638_skip_873b4ebd_a0d787db_139.pod5	09d712ff-562b-464c-b4a8-d0ef2f277d63	a0d787db021a56fb511c873173417fd72e8840ce	1841	3	165527	156.272	165527	156.146	65250	25.323	unclassified	chr2	29397464	29462715	6	65250	-	65378	65117	64963	127	134	154	60	0.999908	0.997635	0.993652	0
PBE25638_skip_873b4ebd_a0d787db_139.pod5	b969a983-8673-4806-8d03-81294b4efa65	a0d787db021a56fb511c873173417fd72e8840ce	1225	4	165978	204.675	165978	204.421	55736	27.9781	unclassified	chr3	149165916	149221619	0	55729	+	55785	55647	55595	82	56	52	60	0.999874	0.999066	0.996594	0
PBE25638_skip_873b4ebd_a0d787db_139.pod5	e669349d-0159-488c-942b-6c31b4c69fc0	a0d787db021a56fb511c873173417fd72e8840ce	1348	4	165720	173.462	165720	173.46	46988	10.5436	unclassified	chr11	29174133	29220627	46	46932	+	48416	44964	42977	1922	1530	1987	60	0.997829	0.955809	0.887661	0
PBE25638_skip_873b4ebd_a0d787db_139.pod5	156d6028-7aaf-4851-bedf-4a4d9c50c1d6	a0d787db021a56fb511c873173417fd72e8840ce	1799	1	166125	107.59	166125	107.405	20489	6.51859	unclassified	chr1	242142167	242152048	0	11613	+	11846	9648	9358	1965	233	290	60	0.566792	0.969942	0.789971	0
PBE25638_skip_873b4ebd_a0d787db_139.pod5	0ab22d2b-a97d-4e2e-a325-bc5c7aea8c7d	a0d787db021a56fb511c873173417fd72e8840ce	1402	1	165552	174.691	165552	174.512	40407	18.4765	unclassified	chr1	221247974	221287634	9	40407	-	40459	39599	39543	799	61	56	60	0.999777	0.998586	0.97736	0
PBE25638_skip_873b4ebd_a0d787db_139.pod5	4f24937d-e806-4656-9fa3-66907dd7b5fa	a0d787db021a56fb511c873173417fd72e8840ce	1924	4	165799	170.374	165800	170.184	62258	29.8572	unclassified	chr22	30900492	30962741	0	62255	+	62308	62196	62158	59	53	38	60	0.999952	0.999389	0.997593	0
PBE25638_skip_873b4ebd_a0d787db_139.pod5	bfa2feca-671c-4e30-922f-006065f36a62	a0d787db021a56fb511c873173417fd72e8840ce	1120	3	165904	187.022	165904	186.875	74317	30.378	unclassified	chr4	136818685	136892966	7	74317	-	74384	74207	74085	103	74	122	60	0.999906	0.998356	0.99598	0
PBE25638_skip_873b4ebd_a0d787db_139.pod5	24f9a98e-534e-4afc-8fe7-d77a9ecc4d68	a0d787db021a56fb511c873173417fd72e8840ce	1588	2	165901	167.94	165901	167.795	63791	30.1097	unclassified	chr6	127038827	127102633	5	63791	-	63849	63743	63704	43	63	39	60	0.999922	0.999388	0.997729	0
PBE25638_skip_873b4ebd_a0d787db_139.pod5	59961765-e782-4959-9067-2f33ca540f54	a0d787db021a56fb511c873173417fd72e8840ce	1444	3	166147	136.124	166147	136.008	50096	28.6613	unclassified	chr19	21100489	21150569	0	50090	+	50155	50015	49897	75	65	118	60	0.99988	0.997641	0.994856	0
PBE25638_skip_873b4ebd_a0d787db_139.pod5	3f5aec43-f538-4105-ad4e-4446b98f03bc	a0d787db021a56fb511c873173417fd72e8840ce	1647	3	166033	131.084	166033	130.928	50127	33.2021	unclassified	chr17	58431475	58481605	7	50127	-	50177	50073	50026	47	57	47	60	0.99986	0.999061	0.996991	0
PBE25638_skip_873b4ebd_a0d787db_139.pod5	7e1d952f-cd57-4d4a-a61d-1520cda93452	a0d787db021a56fb511c873173417fd72e8840ce	1955	3	165967	164.665	165967	164.568	62948	14.1907	unclassified	chr5	99401113	99464621	0	62941	+	64270	62179	60736	762	1329	1443	60	0.999889	0.976793	0.945013	0
PBE25638_skip_873b4ebd_a0d787db_139.pod5	be5e9855-ae4f-4085-aa56-45378fb11706	a0d787db021a56fb511c873173417fd72e8840ce	1572	1	165861	169.136	165861	169.006	63708	23.7763	unclassified	chr2	143980396	144044166	0	63708	-	63901	63577	63439	131	193	138	60	1	0.997829	0.99277	0
PBE25638_skip_873b4ebd_a0d787db_139.pod5	1fa71388-6b94-4a3e-9e3d-4d45154a8b91	a0d787db021a56fb511c873173417fd72e8840ce	1588	2	166266	131.946	166266	131.815	49971	29.367	unclassified	chr5	167655850	167705798	8	49971	-	50015	49896	49802	67	52	94	60	0.99984	0.998116	0.995741	0
PBE25638_skip_873b4ebd_a0d787db_139.pod5	a9d14dc2-9c90-4397-adc0-de7a07cac93d	a0d787db021a56fb511c873173417fd72e8840ce	1475	1	166115	146.344	166115	146.243	74258	25.0704	unclassified	chr10	66287217	66361526	0	74251	+	74472	74088	73871	163	221	217	60	0.999906	0.997071	0.99193	0
PBE25638_skip_873b4ebd_a0d787db_139.pod5	8e6c5134-18a7-4887-abb0-7cfc1c260e49	a0d787db021a56fb511c873173417fd72e8840ce	1236	4	166309	126.607	166309	126.472	47771	29.0717	unclassified	chr9	85944638	85992400	0	47765	+	47803	47724	47687	41	38	37	60	0.999874	0.999225	0.997573	0
PBE25638_skip_873b4ebd_a0d787db_139.pod5	4f9aa826-2ce9-4bda-a596-003a50df20e8	a0d787db021a56fb511c873173417fd72e8840ce	1002	2	166079	288.652	166079	288.443	54510	24.8686	unclassified	chrX	4442810	4497147	0	54510	-	54557	54290	54255	220	47	35	60	1	0.999355	0.994465	0
PBE25638_skip_873b4ebd_a0d787db_139.pod5	a9cb16b1-a396-47b8-8fb0-4cf9d8e6139e	a0d787db021a56fb511c873173417fd72e8840ce	1953	4	166234	127.322	166234	127.195	38269	23.3721	unclassified	chr8	75438912	75477169	2	38269	-	38358	38166	38060	101	91	106	60	0.999948	0.997223	0.992231	0
PBE25638_skip_873b4ebd_a0d787db_139.pod5	c27733b8-882a-4564-a274-6cefff6dfaac	a0d787db021a56fb511c873173417fd72e8840ce	1271	4	166079	230.57	166080	230.39	59857	30.1924	unclassified	chr8	110029084	110088919	6	59857	-	59889	59797	59770	54	38	27	60	0.9999	0.999548	0.998013	0
PBE25638_skip_873b4ebd_a0d787db_139.pod5	2e35c90f-4cdb-459b-ad68-8a81f6a209e8	a0d787db021a56fb511c873173417fd72e8840ce	1614	1	166222	316.726	166222	316.421	50860	21.8469	unclassified	chr8	41927191	41977770	0	50827	+	50852	50554	50498	273	25	56	60	0.999351	0.998892	0.993039	0
PBE25638_skip_873b4ebd_a0d787db_139.pod5	675f7cea-5fe8-4b9a-b411-54deff30e581	a0d787db021a56fb511c873173417fd72e8840ce	1666	1	166164	200.108	166164	200.006	76468	27.3485	unclassified	chr10	35914328	35990782	0	76462	+	76553	76363	76245	99	91	118	60	0.999922	0.998455	0.995977	0
PBE25638_skip_873b4ebd_a0d787db_139.pod5	8e15447e-8cee-4014-ac03-99d5b89b12a1	a0d787db021a56fb511c873173417fd72e8840ce	1588	2	165622	214.71	165622	214.516	56203	31.0106	unclassified	chr8	106218349	106274542	10	56203	-	56256	56130	56056	63	63	74	60	0.999822	0.998682	0.996445	0
PBE25638_skip_873b4ebd_a0d787db_139.pod5	6b8e2a78-7504-4e02-a608-90165976d56b	a0d787db021a56fb511c873173417fd72e8840ce	1799	1	166363	160.287	166363	160.177	65658	26.5403	unclassified	chr11	126477119	126542838	7	65658	-	65803	65567	65433	84	152	134	60	0.999893	0.997956	0.994377	0
PBE25638_skip_873b4ebd_a0d787db_139.pod5	69582826-9661-4898-b607-442549f331be	a0d787db021a56fb511c873173417fd72e8840ce	1365	2	166299	136.741	166299	136.538	57289	17.2935	unclassified	chr5	151471318	151528836	11	57289	-	57889	56907	56387	371	611	520	60	0.999808	0.990862	0.974054	0
PBE25638_skip_873b4ebd_a0d787db_139.pod5	0cd813d5-fee1-454f-a031-e3d0a595f266	a0d787db021a56fb511c873173417fd72e8840ce	1649	4	165685	226.152	165686	225.995	74821	20.2081	unclassified	chrY	11116178	11191390	0	74812	+	78159	71865	69860	2947	3347	2005	60	0.99988	0.9721	0.893819	0
PBE25638_skip_873b4ebd_a0d787db_139.pod5	715e0d50-f19a-451a-ac86-297626170752	a0d787db021a56fb511c873173417fd72e8840ce	1183	3	165981	265.944	165981	265.942	46430	5.86002	unclassified	chr3	156072495	156108812	978	37479	+	40402	32416	28058	4085	3901	4358	54	0.786151	0.86556	0.694471	0
PBE25638_skip_873b4ebd_a0d787db_139.pod5	3879665c-6323-4401-b092-484671b3f515	a0d787db021a56fb511c873173417fd72e8840ce	1466	1	166595	197.694	166595	197.364	34810	25.5596	unclassified	chr1	110321876	110356588	7	34810	-	34818	34697	34674	106	15	23	60	0.999799	0.999337	0.995864	0
PBE25638_skip_873b4ebd_a0d787db_139.pod5	1938212e-0465-4933-8daf-a06edb90ac15	a0d787db021a56fb511c873173417fd72e8840ce	1370	4	166623	141.621	166623	141.527	57346	17.2826	unclassified	chrX	31357055	31414353	0	57344	+	57786	56856	56358	488	442	498	60	0.999965	0.991241	0.975288	0
PBE25638_skip_873b4ebd_a0d787db_139.pod5	99988bb3-2098-4952-9cb6-d2bf8b787100	a0d787db021a56fb511c873173417fd72e8840ce	1183	3	164836	669.569	164836	669.567	82508	4.60166	unclassified	chr1	175521410	175526686	27302	33034	+	6187	4821	4120	911	455	701	2	0.0694721	0.854594	0.665912	0
PBE25638_skip_873b4ebd_a0d787db_139.pod5	c6963d95-b406-440e-8cba-ca2b03515635	a0d787db021a56fb511c873173417fd72e8840ce	1183	3	166794	140.779	166794	140.777	22452	5.65733	unclassified	chr12	84974258	84990361	6136	21867	-	17593	14241	12378	1490	1862	1863	60	0.70065	0.869181	0.703575	0
PBE25638_skip_873b4ebd_a0d787db_139.pod5	f67cb835-775f-4e52-9cfa-246195dce68a	a0d787db021a56fb511c873173417fd72e8840ce	1120	3	166725	129.019	166725	128.896	51569	30.3028	unclassified	chr3	29875995	29927547	8	51569	-	51590	51523	51493	38	29	30	60	0.999845	0.999418	0.99812	0
PBE25638_skip_873b4ebd_a0d787db_139.pod5	59708b2d-cf15-453e-bca7-95a6e43b4df6	a0d787db021a56fb511c873173417fd72e8840ce	1183	3	166651	142.714	166651	142.712	24105	5.83905	unclassified	chr2	226618578	226636959	147	18962	-	20530	16666	14370	2149	1715	2296	40	0.780543	0.862234	0.699951	0
PBE25638_skip_873b4ebd_a0d787db_139.pod5	f7293aa5-f31c-46c9-b759-32c5c8d6ed59	a0d787db021a56fb511c873173417fd72e8840ce	1110	4	166741	133.003	166741	132.896	52853	26.9211	unclassified	chr6	156574968	156627838	0	52847	+	52912	52805	52733	42	65	72	60	0.999886	0.998636	0.996617	0
PBE25638_skip_873b4ebd_a0d787db_139.pod5	52c43cbb-c5e9-407b-b46b-c02ac7e6177a	a0d787db021a56fb511c873173417fd72e8840ce	1348	4	166535	207.853	166535	207.694	53442	24.9511	unclassified	chr8	42861065	42913534	0	53435	+	53487	52417	52383	1018	52	34	60	0.999869	0.999351	0.979359	0
PBE25638_skip_873b4ebd_a0d787db_139.pod5	ea9d0625-c650-4def-9ae1-f31f39536c6a	a0d787db021a56fb511c873173417fd72e8840ce	1066	1	165826	213.986	165827	213.868	109294	24.5128	unclassified	chr2	160135980	160245297	0	109286	+	109480	109123	108861	163	194	262	60	0.999927	0.997599	0.994346	0
PBE25638_skip_873b4ebd_a0d787db_139.pod5	4203d6a4-1d81-4198-9959-ddb10d1f6b6b	a0d787db021a56fb511c873173417fd72e8840ce	1666	1	165746	202.573	165747	202.46	78766	28.3573	unclassified	chr3	190531432	190610249	6	78766	-	78882	78695	78532	65	122	163	60	0.999924	0.997929	0.995563	0
PBE25638_skip_873b4ebd_a0d787db_139.pod5	2172ec3d-062a-445f-b6ee-4f04ed2cb64e	a0d787db021a56fb511c873173417fd72e8840ce	1614	1	166782	128.908	166782	128.564	50838	29.8515	unclassified	chr13	63528498	63579343	0	50822	+	50917	50750	50641	72	95	109	60	0.999685	0.997852	0.994579	0
PBE25638_skip_873b4ebd_a0d787db_139.pod5	e7b290c7-0b1c-4236-a94c-6432e9547390	a0d787db021a56fb511c873173417fd72e8840ce	1953	4	166671	222.451	166671	222.26	49455	17.8798	unclassified	chr8	114902468	114951004	0	49455	+	49559	48432	48291	1023	104	141	60	1	0.997089	0.974414	0
PBE25638_skip_873b4ebd_a0d787db_139.pod5	8186b14b-70ae-4dde-a41d-2cdc23402c50	a0d787db021a56fb511c873173417fd72e8840ce	1124	4	166121	283.894	166121	283.711	75499	27.6476	unclassified	chr10	69809338	69884820	6	75499	-	75582	75393	75221	100	89	172	60	0.999921	0.997719	0.995224	0
PBE25638_skip_873b4ebd_a0d787db_139.pod5	4af7a11c-a39f-45f5-a9cb-249d2d5056d3	a0d787db021a56fb511c873173417fd72e8840ce	1015	2	166693	164.827	166693	164.531	52468	20.2492	unclassified	chr4	122907154	122933584	0	26407	+	26472	26365	26280	42	65	85	60	0.503297	0.996776	0.992747	0
PBE25638_skip_873b4ebd_a0d787db_139.pod5	e6d7465f-0cb6-4abb-9a1f-b313246599d8	a0d787db021a56fb511c873173417fd72e8840ce	1926	2	166756	133.804	166756	133.576	49585	27.755	unclassified	chr10	56988253	57037846	0	49579	+	49646	49526	49408	53	67	118	60	0.999879	0.997617	0.995206	0
PBE25638_skip_873b4ebd_a0d787db_139.pod5	a1261580-8681-4f5d-a226-d942fce65cdf	a0d787db021a56fb511c873173417fd72e8840ce	1647	3	166586	188.457	166586	188.28	65335	28.092	unclassified	chr3	155409501	155474912	0	65335	+	65467	65279	65225	56	132	54	60	1	0.999173	0.996303	0
PBE25638_skip_873b4ebd_a0d787db_139.pod5	06d6e43f-e919-4370-8d77-1150a03cf429	a0d787db021a56fb511c873173417fd72e8840ce	1285	3	166904	139.497	166904	139.338	39319	24.2219	unclassified	chr3	90042186	90081492	0	39287	+	39383	39210	39133	77	96	77	60	0.999186	0.998036	0.993652	0
PBE25638_skip_873b4ebd_a0d787db_139.pod5	2a9de690-e616-44c2-ab49-421d52130931	a0d787db021a56fb511c873173417fd72e8840ce	1225	4	166657	222.316	166657	222.112	80308	25.6857	unclassified	chr4	76286046	76366355	8	80308	-	80451	80158	79977	142	151	181	60	0.9999	0.997742	0.994108	0
PBE25638_skip_873b4ebd_a0d787db_139.pod5	6daddba4-4ff8-4632-ac34-ff9be3734d60	a0d787db021a56fb511c873173417fd72e8840ce	1104	3	166591	192.423	166591	192.319	73809	32.7296	unclassified	chr13	82141374	82215197	0	73801	+	73854	73770	73738	31	53	32	60	0.999892	0.999566	0.998429	0
PBE25638_skip_873b4ebd_a0d787db_139.pod5	fcc884fb-33af-4d73-9533-99a7713c4e2c	a0d787db021a56fb511c873173417fd72e8840ce	1687	4	166468	125.712	166468	125.567	44975	29.4679	unclassified	chr7	122166638	122211579	0	44967	+	44987	44921	44886	46	20	35	60	0.999822	0.999221	0.997755	0
PBE25638_skip_873b4ebd_a0d787db_139.pod5	6caf9e0e-9aa3-4e39-b719-4f05e497c01b	a0d787db021a56fb511c873173417fd72e8840ce	1924	4	167009	140.893	167009	140.794	44387	30.3476	unclassified	chr7	15983892	16028253	6	44387	-	44404	44338	44249	43	23	89	60	0.999865	0.997993	0.996509	0
PBE25638_skip_873b4ebd_a0d787db_139.pod5	8f82baa9-5387-4034-81e2-735c7b803103	a0d787db021a56fb511c873173417fd72e8840ce	1120	3	166868	124.272	166868	124.128	47472	28.3328	unclassified	chr15	27568355	27615839	7	47472	-	47554	47395	47264	70	89	131	60	0.999853	0.997236	0.993902	0
PBE25638_skip_873b4ebd_a0d787db_139.pod5	ffcf3d3a-16eb-4673-b303-3d5eebd4f418	a0d787db021a56fb511c873173417fd72e8840ce	1373	4	166403	174.308	166403	174.182	60963	31.4326	unclassified	chr11	121051886	121112869	0	60958	+	61021	60920	60904	38	63	16	60	0.999918	0.999737	0.998083	0
PBE25638_skip_873b4ebd_a0d787db_139.pod5	0b7399bb-4c99-4954-9f7c-90928cd78317	a0d787db021a56fb511c873173417fd72e8840ce	1093	3	166438	155.959	166439	155.792	51168	26.0063	unclassified	chr20	11198138	11249314	7	51168	-	51236	51101	50993	60	75	108	60	0.999863	0.997887	0.995257	0
PBE25638_skip_873b4ebd_a0d787db_139.pod5	c53cea66-4e54-4771-ae0c-681bb7b14990	a0d787db021a56fb511c873173417fd72e8840ce	1621	1	166591	167.865	166591	167.634	36003	26.6534	unclassified	chr10	46726711	46762593	0	35893	+	35939	35836	35784	57	46	52	60	0.996945	0.998549	0.995687	0
PBE25638_skip_873b4ebd_a0d787db_139.pod5	473040e6-6be6-4ce2-9d0c-461cc9bab3a5	a0d787db021a56fb511c873173417fd72e8840ce	1015	2	166550	134.193	166550	133.98	38193	19.2967	unclassified	chr2	226488117	226525829	8	38193	-	38256	37641	37552	544	71	89	60	0.999791	0.997636	0.981598	0
PBE25638_skip_873b4ebd_a0d787db_139.pod5	1219ad49-8235-4ea5-aba9-3097171f7297	a0d787db021a56fb511c873173417fd72e8840ce	1236	4	166773	161.775	166773	161.666	62364	29.9969	unclassified	chr5	44430799	44493163	0	62357	+	62420	62301	62236	56	63	65	60	0.999888	0.998957	0.997052	0
PBE25638_skip_873b4ebd_a0d787db_139.pod5	23a4d00d-5df6-42ca-b26f-865f0df99b71	a0d787db021a56fb511c873173417fd72e8840ce	1631	1	166839	177.096	166839	176.956	64962	29.3857	unclassified	chr11	93837785	93902940	7	64962	-	65235	64875	64744	80	280	131	60	0.999892	0.997981	0.992473	0
PBE25638_skip_873b4ebd_a0d787db_139.pod5	0afb9449-44f6-4451-9d0e-efa099a2898d	a0d787db021a56fb511c873173417fd72e8840ce	1666	1	167063	126.47	167063	126.289	34243	32.3206	unclassified	chr13	87941850	87976094	7	34243	-	34277	34203	34165	33	41	38	60	0.999796	0.998889	0.996732	0
PBE25638_skip_873b4ebd_a0d787db_139.pod5	270566a9-c401-415d-8b0e-579c9152d5eb	a0d787db021a56fb511c873173417fd72e8840ce	1647	3	166410	175.302	166411	175.207	67439	29.8788	unclassified	chr3	155409500	155475686	8	66176	-	66241	66113	66071	55	73	42	60	0.981153	0.999365	0.997434	0
PBE25638_skip_873b4ebd_a0d787db_139.pod5	c037f21a-c2de-4c9a-aba8-fb352a77b0e0	a0d787db021a56fb511c873173417fd72e8840ce	1271	4	166814	165.775	166814	165.773	64243	28.8124	unclassified	chr11	112469119	112533347	0	64215	-	64275	64168	64109	47	60	59	60	0.999564	0.999081	0.997417	0
PBE25638_skip_873b4ebd_a0d787db_139.pod5	8da4a8cc-35f9-43d8-97dc-513a290c2582	a0d787db021a56fb511c873173417fd72e8840ce	1328	1	166449	133.276	166449	133.151	49926	25.3346	unclassified	chr8	75141315	75191275	4	49926	-	50038	49844	49749	78	116	95	60	0.99992	0.998094	0.994224	0
PBE25638_skip_873b4ebd_a0d787db_139.pod5	c6b452ab-79f7-4526-8431-0b4c81916aeb	a0d787db021a56fb511c873173417fd72e8840ce	1498	1	166698	267.625	166698	267.426	81322	25.3077	unclassified	chr1	168372199	168451470	0	81318	+	81475	79114	78948	2204	157	166	60	0.999951	0.997902	0.968984	0
PBE25638_skip_873b4ebd_a0d787db_139.pod5	fc841586-bc24-4edc-92d1-71750d7b2551	a0d787db021a56fb511c873173417fd72e8840ce	1924	4	166503	121.298	166503	121.17	44745	31.3046	unclassified	chr13	58520281	58565033	0	44737	+	44781	44708	44636	29	44	72	60	0.999821	0.99839	0.996762	0
PBE25638_skip_873b4ebd_a0d787db_139.pod5	6e4d5ee0-8c66-439c-9848-9d118d6c4e52	a0d787db021a56fb511c873173417fd72e8840ce	1124	4	166604	211.735	166604	211.733	91686	26.2337	unclassified	chr8	131269299	131360969	9	91658	-	91786	91533	91396	116	137	137	60	0.999596	0.998503	0.995751	0
PBE25638_skip_873b4ebd_a0d787db_139.pod5	a5be6f0a-3054-4be4-8777-8095bffd1599	a0d787db021a56fb511c873173417fd72e8840ce	1443	1	166981	136.757	166981	136.755	42666	10.8234	unclassified	chr11	98297557	98340143	38	42659	+	43924	41283	39374	1338	1303	1909	60	0.998945	0.953758	0.896412	0
PBE25638_skip_873b4ebd_a0d787db_139.pod5	3754ed6d-6c2f-4b47-9c25-25c71b0177ca	a0d787db021a56fb511c873173417fd72e8840ce	1810	3	167279	129.775	167279	129.558	24167	24.8128	unclassified	chr6	22864948	22889082	0	24167	-	24198	24103	24071	64	31	32	60	1	0.998672	0.994752	0
PBE25638_skip_873b4ebd_a0d787db_139.pod5	cedc55ae-f7af-4eef-a94d-78240e979002	a0d787db021a56fb511c873173417fd72e8840ce	1444	3	167062	136.89	167062	136.76	53297	27.315	unclassified	chr9	86935890	86989207	0	53297	+	53367	53247	53192	50	70	55	60	1	0.998967	0.996721	0
PBE25638_skip_873b4ebd_a0d787db_139.pod5	28a93a4a-67b8-45bf-82bf-81df82515190	a0d787db021a56fb511c873173417fd72e8840ce	1373	4	166986	186.256	166987	186.145	63120	32.6321	unclassified	chr1	174596417	174659545	0	63120	-	63149	63099	63019	21	29	80	60	1	0.998732	0.997941	0
PBE25638_skip_873b4ebd_a0d787db_139.pod5	48b76212-966c-4887-b3ea-8078db5ddbfb	a0d787db021a56fb511c873173417fd72e8840ce	1120	3	167368	133.232	167368	133.087	36443	31.0066	unclassified	chr2	18113587	18150043	9	36443	-	36489	36401	36352	33	55	49	60	0.999753	0.998654	0.996245	0
PBE25638_skip_873b4ebd_a0d787db_139.pod5	0b2fc82e-4a8e-425f-bb14-bb6f1be19bb3	a0d787db021a56fb511c873173417fd72e8840ce	1373	4	167374	138.795	167374	138.793	60328	13.9075	unclassified	chr15	34668613	34729619	6	60275	-	61859	59416	58005	853	1590	1411	60	0.999022	0.976252	0.937697	0
PBE25638_skip_873b4ebd_a0d787db_139.pod5	f5f94c28-e5d1-4302-a899-9ef73e576bcd	a0d787db021a56fb511c873173417fd72e8840ce	1402	1	167365	108.657	167365	108.542	35846	14.0457	unclassified	chr2	123466586	123500027	0	33556	+	33684	33313	33111	243	128	202	60	0.936116	0.993936	0.982989	0
PBE25638_skip_873b4ebd_a0d787db_139.pod5	65ec4518-4c8a-45c2-b319-ac44dc75cffc	a0d787db021a56fb511c873173417fd72e8840ce	1444	3	167308	162.86	167309	162.726	64151	28.1776	unclassified	chr18	33637744	33701874	10	64151	-	64218	64053	63923	88	77	130	60	0.999844	0.99797	0.995406	0
PBE25638_skip_873b4ebd_a0d787db_139.pod5	a7fdb8af-a3ae-4d29-93d5-ee06e9846a2b	a0d787db021a56fb511c873173417fd72e8840ce	1370	4	167472	135.288	167472	135.16	50553	28.2088	unclassified	chr8	107951344	108001927	9	50553	-	50630	50497	50417	47	86	80	60	0.999822	0.998416	0.995793	0
PBE25638_skip_873b4ebd_a0d787db_139.pod5	38472652-7fb7-4588-83d9-c71e37a31745	a0d787db021a56fb511c873173417fd72e8840ce	1924	4	167205	174.834	167205	174.624	37318	32.9949	unclassified	chr20	31058496	31069277	9025	20587	-	12274	10069	9089	1493	712	980	42	0.309824	0.902672	0.740508	0
PBE25638_skip_873b4ebd_a0d787db_139.pod5	e80f48e3-ef14-465a-8c62-ce1ab9534330	a0d787db021a56fb511c873173417fd72e8840ce	1659	4	166525	316.407	166525	316.189	131149	27.9859	unclassified	chr2	221993858	222098263	0	104337	+	104530	104212	104087	125	193	125	60	0.795561	0.998801	0.995762	0
PBE25638_skip_873b4ebd_a0d787db_139.pod5	95941d76-3014-4bc5-b829-37c8d627b6de	a0d787db021a56fb511c873173417fd72e8840ce	1402	1	167135	130.541	167135	130.539	37099	32.6827	unclassified	chr4	49709113	49711953	19679	22725	+	3081	2805	2426	241	35	379	34	0.0821046	0.864884	0.787407	0
PBE25638_skip_873b4ebd_a0d787db_139.pod5	fde3fd21-bd3b-46e6-a020-1f432a6f7c20	a0d787db021a56fb511c873173417fd72e8840ce	1810	3	167486	163.404	167486	163.204	40394	27.8295	unclassified	chr5	34260361	34300728	0	40388	+	40423	40332	40299	56	35	33	60	0.999851	0.999182	0.996932	0
PBE25638_skip_873b4ebd_a0d787db_139.pod5	fe21f4ee-1e99-4edb-8fca-7948ce8bd4c4	a0d787db021a56fb511c873173417fd72e8840ce	1750	1	167470	135.03	167470	134.902	37833	34.2758	unclassified	chr2	146101910	146154000	0	37827	+	52135	37782	37725	45	14308	57	60	0.999841	0.998491	0.723602	0
PBE25638_skip_873b4ebd_a0d787db_139.pod5	17fe9ee7-3491-402a-9870-1a69bf1b5fc3	a0d787db021a56fb511c873173417fd72e8840ce	1953	4	167340	159.705	167340	159.534	48947	22.3235	unclassified	chr21	7098286	7148810	0	48945	+	50662	48807	48487	138	1717	320	1	0.999959	0.993444	0.957068	0
PBE25638_skip_873b4ebd_a0d787db_139.pod5	027b66e9-ecc1-4299-b6e8-157859670553	a0d787db021a56fb511c873173417fd72e8840ce	1687	4	167339	151.684	167339	151.537	52222	26.4136	unclassified	chr20	62918978	62971404	6	52222	-	52531	52111	52013	105	315	98	60	0.999885	0.998119	0.990139	0
PBE25638_skip_873b4ebd_a0d787db_139.pod5	39804050-1e6e-40b4-839b-cf3d4925b758	a0d787db021a56fb511c873173417fd72e8840ce	1659	4	166372	138.225	166372	138.223	38674	17.3039	unclassified	chr1	143201985	143231519	16896	38674	+	30202	21110	19915	668	8424	1195	60	0.563117	0.943392	0.659393	0
PBE25638_skip_873b4ebd_a0d787db_139.pod5	8ebbb4af-254d-4dff-b317-bc314151afc4	a0d787db021a56fb511c873173417fd72e8840ce	1241	4	167209	179.749	167209	179.747	41656	2.46854	unclassified	chr10	112455178	112455268	11014	11105	+	93	88	84	3	2	4	1	0.00218456	0.954545	0.903226	0
PBE25638_skip_873b4ebd_a0d787db_139.pod5	49cfe8d0-da1b-487e-a6cb-3f2de09546b1	a0d787db021a56fb511c873173417fd72e8840ce	1924	4	166773	223.591	166773	223.475	77470	30.6839	unclassified	chr5	55687780	55765287	0	77470	-	77570	77407	77371	63	100	36	60	1	0.999535	0.997435	0
PBE25638_skip_873b4ebd_a0d787db_139.pod5	9f51df38-f4bb-4d27-b219-4be1338343eb	a0d787db021a56fb511c873173417fd72e8840ce	1093	3	167529	136.028	167529	135.89	45127	33.0672	unclassified	chr10	92216090	92261211	0	45117	+	45166	45072	45048	45	49	24	60	0.999778	0.999467	0.997387	0
PBE25638_skip_873b4ebd_a0d787db_139.pod5	dd23eff1-e098-4ae9-bc24-737bc22999f7	a0d787db021a56fb511c873173417fd72e8840ce	1498	1	167482	126.213	167482	126.119	41352	24.3175	unclassified	chr10	33768709	33810053	0	41345	+	41439	41250	41114	95	94	136	60	0.999831	0.996703	0.992157	0
PBE25638_skip_873b4ebd_a0d787db_139.pod5	94bc34b1-99ef-4b80-9c35-6f515f541baa	a0d787db021a56fb511c873173417fd72e8840ce	1183	3	167410	172.906	167410	172.904	23150	6.43575	unclassified	chr16	46386897	46394203	76	7529	+	7945	6814	5977	639	492	837	24	0.321944	0.877165	0.752297	0
PBE25638_skip_873b4ebd_a0d787db_139.pod5	cda37f8f-432f-4352-b054-e4c715a4e4bf	a0d787db021a56fb511c873173417fd72e8840ce	1841	3	167389	133.136	167390	133.022	53401	29.9372	unclassified	chr10	2184998	2238006	0	53393	+	53434	52967	52900	426	41	67	60	0.99985	0.998735	0.990006	0
PBE25638_skip_873b4ebd_a0d787db_139.pod5	4dba4dc0-dd1b-4831-b913-e08bfc5d41d5	a0d787db021a56fb511c873173417fd72e8840ce	1647	3	167121	135.753	167121	135.649	62410	29.4791	unclassified	chr20	25072137	25134598	0	62404	+	62544	62321	62203	83	140	118	60	0.999904	0.998107	0.994548	0
PBE25638_skip_873b4ebd_a0d787db_139.pod5	d63259f8-1239-47e1-a57f-86250171ca2d	a0d787db021a56fb511c873173417fd72e8840ce	1926	2	166478	184.91	166478	184.806	69180	28.1308	unclassified	chr17	75196143	75265378	8	69180	-	69349	69058	68913	114	177	145	60	0.999884	0.9979	0.993713	0
PBE25638_skip_873b4ebd_a0d787db_139.pod5	ef4436de-bfb7-4f9b-b4ef-474d483996ad	a0d787db021a56fb511c873173417fd72e8840ce	1093	3	166973	252.165	166973	252.03	81513	29.9809	unclassified	chr6	148621427	148702905	5	81513	-	81597	81389	81216	119	89	173	60	0.999939	0.997874	0.995331	0
PBE25638_skip_873b4ebd_a0d787db_139.pod5	4e4f5c72-47c9-42ab-b185-0afe61c0b571	a0d787db021a56fb511c873173417fd72e8840ce	1015	2	167460	122.29	167460	122.083	37326	25.2718	unclassified	chr8	127439656	127477007	0	37326	+	37407	37270	37189	56	81	81	60	1	0.997827	0.994172	0
PBE25638_skip_873b4ebd_a0d787db_139.pod5	dbacbaa3-283e-4b77-aa25-98e8c33f6e71	a0d787db021a56fb511c873173417fd72e8840ce	1985	3	166794	398.388	166794	398.212	62327	21.035	unclassified	chrX	20146004	20208075	0	62316	+	62429	61958	61837	358	113	121	60	0.999824	0.998047	0.990517	0
PBE25638_skip_873b4ebd_a0d787db_139.pod5	3057634f-25f6-4987-b3c0-30de98e14daf	a0d787db021a56fb511c873173417fd72e8840ce	1841	3	168034	150.808	168034	150.697	59516	27.4446	unclassified	chr5	3468249	3527804	0	59511	+	59630	59436	59344	75	119	92	60	0.999916	0.998452	0.995204	0
PBE25638_skip_873b4ebd_a0d787db_139.pod5	0decefba-1d80-4a24-85d5-f540d6643709	a0d787db021a56fb511c873173417fd72e8840ce	1647	3	167920	158.678	167920	158.545	65555	29.1544	unclassified	chr2	11175089	11240636	0	65548	+	65623	65472	65381	76	75	91	60	0.999893	0.99861	0.996312	0
PBE25638_skip_873b4ebd_a0d787db_139.pod5	a079012d-84a4-4d48-b6c6-de70697ddf4d	a0d787db021a56fb511c873173417fd72e8840ce	1093	3	167273	216.553	167273	216.406	70737	30.1196	unclassified	chr1	25798405	25869187	9	70737	-	70858	70652	70540	76	130	112	60	0.999873	0.998415	0.995512	0
PBE25638_skip_873b4ebd_a0d787db_139.pod5	da217eb8-cde9-4a7a-801e-912d5ed7c746	a0d787db021a56fb511c873173417fd72e8840ce	1815	1	167999	161.343	167999	161.341	48855	26.0941	unclassified	chr13	67747534	67796432	6	48830	-	48956	48766	48667	58	132	99	60	0.999365	0.99797	0.994097	0
PBE25638_skip_873b4ebd_a0d787db_139.pod5	aee00a48-2f08-4a86-8b1f-28d0a7b8f23b	a0d787db021a56fb511c873173417fd72e8840ce	1631	1	168057	124.609	168057	124.44	45619	29.8333	unclassified	chr10	116633642	116679143	9	45612	+	45686	45418	45377	185	83	41	60	0.999649	0.999097	0.993236	0
PBE25638_skip_873b4ebd_a0d787db_139.pod5	82d2b792-d52b-45f6-8258-16703713b20a	a0d787db021a56fb511c873173417fd72e8840ce	1926	2	168000	144.62	168000	144.618	54098	27.1652	unclassified	chr12	127109787	127153646	34	44431	+	44580	43676	43522	721	183	154	60	0.820677	0.996474	0.976267	0
PBE25638_skip_873b4ebd_a0d787db_139.pod5	656d3ec0-59cf-4e5c-8f21-32fa42476131	a0d787db021a56fb511c873173417fd72e8840ce	1981	3	167335	237.596	167335	237.458	90710	29.5015	unclassified	chr9	125694961	125785542	0	90710	+	90838	90453	90353	257	128	100	60	1	0.998894	0.994661	0
PBE25638_skip_873b4ebd_a0d787db_139.pod5	16cb1998-4486-4fcc-a882-c928e3d857c2	a0d787db021a56fb511c873173417fd72e8840ce	1066	1	168142	127.573	168142	127.399	43397	28.4346	unclassified	chr4	102046894	102090272	0	43389	+	43433	43334	43254	55	44	80	60	0.999816	0.998154	0.995879	0
PBE25638_skip_873b4ebd_a0d787db_139.pod5	26707cf3-dab3-4655-9182-5e3bd1119c35	a0d787db021a56fb511c873173417fd72e8840ce	1985	3	167957	202.369	167957	202.153	63348	22.592	unclassified	chr5	18754698	18817633	0	63333	+	63543	62725	62500	608	210	225	60	0.999763	0.996413	0.983586	0
PBE25638_skip_873b4ebd_a0d787db_139.pod5	bf529b8e-d43e-4c22-b46d-964c5d06d10e	a0d787db021a56fb511c873173417fd72e8840ce	1370	4	168112	140.248	168112	140.246	52742	30.6584	unclassified	chr11	117114647	117168027	29	52736	+	53515	52572	52443	135	808	129	60	0.999336	0.997546	0.979968	0
PBE25638_skip_873b4ebd_a0d787db_139.pod5	745f04e5-0482-4122-a2d6-d372fb99d0e8	a0d787db021a56fb511c873173417fd72e8840ce	1236	4	167596	139.334	167596	139.242	61491	29.2714	unclassified	chr10	82290527	82352020	0	61484	+	61551	61426	61323	58	67	103	60	0.999886	0.998323	0.996296	0
PBE25638_skip_873b4ebd_a0d787db_139.pod5	6c4a1d06-8e6a-4748-b82f-d22bb20360ee	a0d787db021a56fb511c873173417fd72e8840ce	1661	4	167666	138.654	167666	138.652	45254	22.4068	unclassified	chr18	53916913	53962121	5	45223	-	45360	45066	44907	152	142	159	60	0.999205	0.996472	0.990013	0
PBE25638_skip_873b4ebd_a0d787db_139.pod5	46bbdafb-2881-4989-a229-bb985c9bacd8	a0d787db021a56fb511c873173417fd72e8840ce	1017	1	167977	205.492	167977	205.3	50236	28.0735	unclassified	chr4	158757721	158807925	0	50236	-	50284	50156	50100	80	48	56	60	1	0.998883	0.996341	0
PBE25638_skip_873b4ebd_a0d787db_139.pod5	ded19d22-e951-421f-8620-5288c3665069	a0d787db021a56fb511c873173417fd72e8840ce	1631	1	167839	213.817	167839	213.708	76554	31.1221	unclassified	chr6	91243389	91319938	0	76545	+	76597	76497	76393	48	52	104	60	0.999882	0.99864	0.997337	0
PBE25638_skip_873b4ebd_a0d787db_139.pod5	cca19b17-ee99-4f20-a024-35125676da25	a0d787db021a56fb511c873173417fd72e8840ce	1236	4	167786	129.981	167786	129.847	40349	34.6928	unclassified	chr5	7431838	7472167	1	40343	+	40365	40306	40260	36	23	46	60	0.999826	0.998859	0.997399	0
PBE25638_skip_873b4ebd_a0d787db_139.pod5	eab157f7-ea40-4da7-9063-0a2bb869a261	a0d787db021a56fb511c873173417fd72e8840ce	1750	1	167739	123.691	167739	123.594	42218	33.4141	unclassified	chr5	114527231	114569438	8	42218	-	42225	42192	42159	18	15	33	60	0.999811	0.999218	0.998437	0
PBE25638_skip_873b4ebd_a0d787db_139.pod5	58e2eda3-a937-4369-aff8-8bc260f8cc4c	a0d787db021a56fb511c873173417fd72e8840ce	1183	3	167895	160.254	167895	160.252	27656	6.04755	unclassified	chr4	163122699	163137850	160	15718	+	16910	13799	12086	1759	1352	1713	60	0.562554	0.875861	0.714725	0
PBE25638_skip_873b4ebd_a0d787db_139.pod5	fa2ab695-1374-4ecc-997d-9231b9808cf8	a0d787db021a56fb511c873173417fd72e8840ce	1647	3	167674	142.833	167674	142.831	53717	24.4735	unclassified	chr3	24181500	24234840	1	53359	-	53420	53278	53186	80	62	92	60	0.993317	0.998273	0.99562	0
PBE25638_skip_873b4ebd_a0d787db_139.pod5	d7407551-dc13-4df3-8572-cfdd07462c9f	a0d787db021a56fb511c873173417fd72e8840ce	1348	4	167609	153.187	167609	153.052	56097	26.1793	unclassified	chr8	88301140	88345225	0	43954	+	44147	43892	43811	62	193	81	60	0.783536	0.998155	0.992389	0
PBE25638_skip_873b4ebd_a0d787db_139.pod5	65a9bbba-0630-460a-94c0-f5c31c0f7383	a0d787db021a56fb511c873173417fd72e8840ce	1444	3	167867	171.915	167867	171.842	67814	26.5114	unclassified	chr1	75111083	75178913	0	67807	+	67907	67730	67615	77	100	115	60	0.999897	0.998302	0.9957	0
PBE25638_skip_873b4ebd_a0d787db_139.pod5	eb57901d-4134-4136-b9c2-9d914bcfa573	a0d787db021a56fb511c873173417fd72e8840ce	1953	4	167911	130.347	167911	130.2	38636	23.5868	unclassified	chr13	18199105	18236185	0	38627	+	38784	36923	36768	1704	157	155	60	0.999767	0.995802	0.94802	0
PBE25638_skip_873b4ebd_a0d787db_139.pod5	813eeea5-6c53-4325-8c00-a70ebebf2fa0	a0d787db021a56fb511c873173417fd72e8840ce	1002	2	167905	191.61	167905	191.492	74002	25.1645	unclassified	chr3	62498620	62572682	0	74002	-	74182	73882	73700	120	180	182	60	1	0.997537	0.993502	0
PBE25638_skip_873b4ebd_a0d787db_139.pod5	99eecf12-0352-410c-8b4c-d46cc1471a50	a0d787db021a56fb511c873173417fd72e8840ce	1955	3	167352	270.309	167352	270.307	102511	13.0961	unclassified	chr14	88341250	88444749	47	102505	+	104881	101076	98191	1382	2423	2885	60	0.999483	0.971457	0.936213	0
PBE25638_skip_873b4ebd_a0d787db_139.pod5	0d373c25-6910-4f3f-9d38-c0190f2ffdf8	a0d787db021a56fb511c873173417fd72e8840ce	1666	1	167928	170.26	167929	170.171	65264	28.615	unclassified	chr8	47695715	47761012	0	65257	+	65356	65198	65145	59	99	53	60	0.999893	0.999187	0.996772	0
PBE25638_skip_873b4ebd_a0d787db_139.pod5	b7aaee3c-a9fd-42db-8682-d929f56a75b6	a0d787db021a56fb511c873173417fd72e8840ce	1285	3	168004	183.249	168004	183.095	44942	22.0465	unclassified	chr11	89873342	89917891	0	44935	+	45038	44446	44334	489	103	112	37	0.999844	0.99748	0.984369	0
PBE25638_skip_873b4ebd_a0d787db_139.pod5	f928abf0-e639-4c55-a13b-95dde97ff380	a0d787db021a56fb511c873173417fd72e8840ce	1120	3	167923	146.15	167923	146.051	57863	28.5627	unclassified	chr4	128334778	128392627	5	57863	-	57916	57791	57713	67	58	78	60	0.999914	0.99865	0.996495	0
PBE25638_skip_873b4ebd_a0d787db_139.pod5	c483b06b-a99e-43bf-a012-9a31eab35351	a0d787db021a56fb511c873173417fd72e8840ce	1475	1	168385	147.915	168386	147.628	40069	28.9835	unclassified	chr7	111098455	111138507	8	40069	-	40088	40025	39993	36	27	32	60	0.9998	0.999201	0.99763	0
PBE25638_skip_873b4ebd_a0d787db_139.pod5	347129a5-97c4-4aef-a84a-4365f2969dc5	a0d787db021a56fb511c873173417fd72e8840ce	1183	3	168214	167.245	168214	167.243	28729	6.55114	unclassified	chr9	81741227	81754849	0	14143	-	14925	12840	11651	1303	782	1189	34	0.49229	0.907399	0.780636	0
PBE25638_skip_873b4ebd_a0d787db_139.pod5	d921a6db-8c4e-492b-afb8-299094f18062	a0d787db021a56fb511c873173417fd72e8840ce	1110	4	167828	132.866	167828	132.864	52985	27.7065	unclassified	chr16	55942707	55995662	5	52953	-	53000	52903	52837	45	52	66	60	0.999302	0.998752	0.996925	0
PBE25638_skip_873b4ebd_a0d787db_139.pod5	288e6fd5-b640-405b-b225-e90027f630d0	a0d787db021a56fb511c873173417fd72e8840ce	1815	1	168426	125.92	168426	125.72	36802	23.7809	unclassified	chr13	110185166	110221865	0	36802	+	36868	36633	36492	169	66	141	60	1	0.996151	0.989801	0
PBE25638_skip_873b4ebd_a0d787db_139.pod5	b4610051-c11c-4e7a-a728-db89adab8701	a0d787db021a56fb511c873173417fd72e8840ce	1124	4	167629	190.76	167629	190.679	83742	26.2687	unclassified	chr19	46027564	46092868	18463	83742	-	65381	65202	65062	77	102	140	60	0.779525	0.997853	0.995121	0
PBE25638_skip_873b4ebd_a0d787db_139.pod5	b36bec29-9171-4ff0-8000-6af44aea4659	a0d787db021a56fb511c873173417fd72e8840ce	1015	2	168099	226.176	168099	226.174	64965	19.0824	unclassified	chr5	110921562	110985698	0	64929	-	65041	64024	63888	905	112	136	60	0.999446	0.997876	0.982273	0
PBE25638_skip_873b4ebd_a0d787db_139.pod5	37654dfb-7272-4cfe-9d4c-4cac1406398f	a0d787db021a56fb511c873173417fd72e8840ce	1225	4	168454	143.343	168454	143.222	52699	26.9604	unclassified	chr14	82527693	82580357	0	52699	+	53048	52315	52210	384	349	105	60	1	0.997993	0.984203	0
PBE25638_skip_873b4ebd_a0d787db_139.pod5	8626f461-5a8d-4555-a88b-fb9ac8c0e213	a0d787db021a56fb511c873173417fd72e8840ce	1066	1	168965	139.778	168965	139.626	37441	29.1523	unclassified	chr4	81808422	81845846	0	37436	+	37467	37393	37312	43	31	81	60	0.999866	0.997834	0.995863	0
PBE25638_skip_873b4ebd_a0d787db_139.pod5	e1ef9687-1dac-4dd9-b3ba-1a7897db96fe	a0d787db021a56fb511c873173417fd72e8840ce	1841	3	167676	165.454	167676	165.336	65524	29.1474	unclassified	chr8	42847442	42912132	0	65516	+	65571	64635	64607	881	55	28	60	0.999878	0.999567	0.985298	0
PBE25638_skip_873b4ebd_a0d787db_139.pod5	503d48e5-ec52-44e2-b9a2-daf5384ab18f	a0d787db021a56fb511c873173417fd72e8840ce	1815	1	167701	271.976	167702	271.236	89769	22.6529	unclassified	chr1	228875291	228965105	7	89769	-	90072	89504	89177	258	310	327	60	0.999922	0.996347	0.990063	0
PBE25638_skip_873b4ebd_a0d787db_139.pod5	81485636-9186-4902-8e35-5be1050f6d47	a0d787db021a56fb511c873173417fd72e8840ce	1443	1	168112	202.571	168112	202.569	74234	10.1177	unclassified	chr3	84846638	84900392	33	53609	-	55586	51744	49155	1832	2010	2589	60	0.721718	0.949965	0.884305	0
PBE25638_skip_873b4ebd_a0d787db_139.pod5	305556f8-5f7c-434e-8870-00ea4012bad4	a0d787db021a56fb511c873173417fd72e8840ce	1370	4	168252	159.776	168253	159.648	52691	27.6661	unclassified	chr11	117114647	117168026	8	52691	-	53529	52533	52378	150	846	155	60	0.999848	0.997049	0.978498	0
PBE25638_skip_873b4ebd_a0d787db_139.pod5	2fed0c1a-23a1-49ae-bd40-41bb0d270a1f	a0d787db021a56fb511c873173417fd72e8840ce	1002	2	168131	146.024	168131	146.022	58670	25.3242	unclassified	chr11	27160370	27219056	33	58670	+	58801	58522	58333	115	164	189	60	0.999438	0.99677	0.992041	0
PBE25638_skip_873b4ebd_a0d787db_139.pod5	a213acfb-bf06-45c4-aa1b-c4ce74b06386	a0d787db021a56fb511c873173417fd72e8840ce	1285	3	168325	215.987	168326	215.985	55127	27.1549	unclassified	chr7	32620151	32675222	7	55098	-	55157	55005	54972	86	66	33	60	0.999347	0.9994	0.996646	0
PBE25638_skip_873b4ebd_a0d787db_139.pod5	63b77d2e-7932-437f-ba21-4f7c2171211c	a0d787db021a56fb511c873173417fd72e8840ce	1110	4	168376	121.656	168377	121.555	48926	28.8636	unclassified	chr7	52855480	52904412	0	48921	+	48985	48868	48790	53	64	78	60	0.999898	0.998404	0.996019	0
PBE25638_skip_873b4ebd_a0d787db_139.pod5	42b4112e-5a1a-4786-8549-3ac0ef42ebe4	a0d787db021a56fb511c873173417fd72e8840ce	1661	4	168836	197.911	168836	197.646	28226	17.3443	unclassified	chrX	49608754	49636639	0	28223	+	28268	27840	27748	383	45	92	60	0.999894	0.996695	0.981605	0
PBE25638_skip_873b4ebd_a0d787db_139.pod5	2613e384-4085-4b9b-8c30-86ad506f6449	a0d787db021a56fb511c873173417fd72e8840ce	1236	4	169097	125.431	169097	125.326	44069	27.3221	unclassified	chr8	63324419	63368492	0	44063	+	44146	43990	43898	73	83	92	60	0.999864	0.997909	0.994382	0
PBE25638_skip_873b4ebd_a0d787db_139.pod5	c08feb66-bde9-4e4f-9a8b-3ba83d63257d	a0d787db021a56fb511c873173417fd72e8840ce	1402	1	168502	168.019	168502	167.845	59211	24.9331	unclassified	chr3	178754117	178813065	0	59200	+	59512	58636	58362	564	312	274	60	0.999814	0.995327	0.980676	0
PBE25638_skip_873b4ebd_a0d787db_139.pod5	1539ada8-9a8e-4dba-bd24-25abd472c236	a0d787db021a56fb511c873173417fd72e8840ce	1225	4	169137	132.97	169138	132.775	26385	22.1707	unclassified	chr7	5698447	5724687	0	26374	+	26414	26200	26145	174	40	55	60	0.999583	0.997901	0.989816	0
PBE25638_skip_873b4ebd_a0d787db_139.pod5	a820bfad-8338-4097-8881-9aafd0d0a23f	a0d787db021a56fb511c873173417fd72e8840ce	1498	1	168927	210.65	168927	210.412	77040	24.6551	unclassified	chr5	150259167	150336208	11	77040	-	77187	76883	76692	146	158	191	60	0.999857	0.997516	0.993587	0
PBE25638_skip_873b4ebd_a0d787db_139.pod5	0b9c288a-588b-4edd-877b-ac61970b1d6b	a0d787db021a56fb511c873173417fd72e8840ce	1183	3	169106	121.919	169106	121.917	19353	6.29342	unclassified	chr12	101860831	101878064	316	18723	-	19590	16050	14139	2357	1183	1911	30	0.951119	0.880935	0.721746	0
PBE25638_skip_873b4ebd_a0d787db_139.pod5	184d1ba2-b03a-4374-8db9-7bcc55d09417	a0d787db021a56fb511c873173417fd72e8840ce	1675	3	169038	130.306	169038	130.304	48992	26.6048	unclassified	chr14	33644593	33693561	39	48985	+	49025	48889	48775	57	79	114	60	0.999061	0.997668	0.994901	0
PBE25638_skip_873b4ebd_a0d787db_139.pod5	1afb5437-5e29-4a46-a4ec-0c950c3f44f0	a0d787db021a56fb511c873173417fd72e8840ce	1841	3	168334	153.65	168334	153.54	59109	29.2781	unclassified	chr2	51500390	51559211	7	59109	-	59178	58745	58566	357	76	179	60	0.999882	0.996953	0.989658	0
PBE25638_skip_873b4ebd_a0d787db_139.pod5	966c00d1-745f-472c-864d-21a8ce1600bc	a0d787db021a56fb511c873173417fd72e8840ce	1348	4	169191	131.461	169191	131.351	44845	25.2525	unclassified	chr5	101715571	101760436	1	44845	-	44929	44780	44717	64	85	63	60	0.999978	0.998593	0.995281	0
PBE25638_skip_873b4ebd_a0d787db_139.pod5	d18895a6-18e6-4064-9026-cade27612e11	a0d787db021a56fb511c873173417fd72e8840ce	1985	3	169046	242.747	169046	242.745	35305	17.0193	unclassified	chr18	105828	111670	27830	33698	-	6062	5648	4747	220	194	901	60	0.166209	0.840474	0.783075	0
PBE25638_skip_873b4ebd_a0d787db_139.pod5	1d06982c-04a9-4ed6-a44a-133fc24a33ea	a0d787db021a56fb511c873173417fd72e8840ce	1981	3	168881	135.402	168881	135.326	55324	27.785	unclassified	chr7	81350018	81405281	0	55324	+	55386	55201	55118	123	62	83	60	1	0.998496	0.995161	0
PBE25638_skip_873b4ebd_a0d787db_139.pod5	82aeb5c5-520b-408a-890b-796bdc524d38	a0d787db021a56fb511c873173417fd72e8840ce	1689	1	169633	174.592	169633	174.44	44394	28.6053	unclassified	chr4	186247530	186291878	15	44394	-	44425	44302	44221	77	46	81	60	0.999662	0.998172	0.995408	0
PBE25638_skip_873b4ebd_a0d787db_139.pod5	d5dd9d38-9f59-4f9a-a4cf-7c423c8de7bb	a0d787db021a56fb511c873173417fd72e8840ce	1614	1	168985	168.763	168985	168.628	67533	27.4365	unclassified	chr11	37067099	37134604	0	67526	+	67616	67415	67267	111	90	148	60	0.999896	0.997805	0.994838	0
PBE25638_skip_873b4ebd_a0d787db_139.pod5	22cbf3f7-2257-48a0-8b07-5d2ec1718d18	a0d787db021a56fb511c873173417fd72e8840ce	1348	4	168820	216.106	168820	215.94	79784	25.6204	unclassified	chr7	140249431	140329329	5	79784	-	80043	79634	79446	145	264	188	60	0.999937	0.997639	0.992541	0
PBE25638_skip_873b4ebd_a0d787db_139.pod5	a2c877fb-2122-475d-a167-cc377aa34ae6	a0d787db021a56fb511c873173417fd72e8840ce	1370	4	169768	56.0676	169768	55.9272	17096	32.5305	unclassified	chr2	24774449	24791519	0	17091	+	17110	17051	17034	40	19	17	60	0.999708	0.999003	0.995558	0
PBE25638_skip_873b4ebd_a0d787db_139.pod5	9d20bb44-1112-49bc-9087-b282acc4738d	a0d787db021a56fb511c873173417fd72e8840ce	1621	1	169052	165.236	169052	165.034	52203	35.0955	unclassified	chr21	10696136	10701722	46713	52182	+	5850	5205	4190	264	381	1015	1	0.104764	0.804995	0.716239	0
PBE25638_skip_873b4ebd_a0d787db_139.pod5	33b90f40-ee0e-4553-9f7c-04a3e80515d5	a0d787db021a56fb511c873173417fd72e8840ce	1750	1	169608	143.098	169608	142.949	44243	32.9152	unclassified	chr6	78741015	78785266	0	44243	+	44260	44234	44203	9	17	31	60	1	0.999299	0.998712	0
PBE25638_skip_873b4ebd_a0d787db_139.pod5	6e1435a3-f971-4358-904c-d57fecbcd0e0	a0d787db021a56fb511c873173417fd72e8840ce	1924	4	169104	180.76	169104	180.612	62254	18.9779	unclassified	chr1	107353983	107414544	1684	62253	-	60639	60491	60375	78	70	116	60	0.972933	0.998082	0.995646	0
PBE25638_skip_873b4ebd_a0d787db_139.pod5	5c381fd7-b594-40db-bb44-da7e7e513588	a0d787db021a56fb511c873173417fd72e8840ce	1235	3	169626	164.372	169626	164.37	62774	21.3053	unclassified	chr12	100731013	100793807	25	62768	+	62978	62559	62284	184	235	275	60	0.999506	0.995604	0.98898	0
PBE25638_skip_873b4ebd_a0d787db_139.pod5	bcbbb63b-fed8-4917-ac7e-21d14e704889	a0d787db021a56fb511c873173417fd72e8840ce	1647	3	169151	137.239	169151	137.105	52854	28.4508	unclassified	chr12	71383707	71436575	0	52850	+	52904	52814	52780	36	54	34	60	0.999924	0.999356	0.997656	0
PBE25638_skip_873b4ebd_a0d787db_139.pod5	52b85b83-236d-4275-9f8f-2169e75464fe	a0d787db021a56fb511c873173417fd72e8840ce	1953	4	169186	146.478	169186	146.254	43791	18.4566	unclassified	chr15	28697342	28740449	0	42976	+	43289	42794	42527	182	313	267	60	0.981389	0.993761	0.982397	0
PBE25638_skip_873b4ebd_a0d787db_139.pod5	d07ed7e5-1880-4879-97fd-6c7e792ccbf7	a0d787db021a56fb511c873173417fd72e8840ce	1631	1	169681	148.857	169682	148.747	54175	29.3712	unclassified	chr19	33578229	33632445	0	54166	+	54286	54096	54055	70	120	41	60	0.999834	0.999242	0.995745	0
PBE25638_skip_873b4ebd_a0d787db_139.pod5	a3e88519-1e27-44c4-a767-0d5a715b4311	a0d787db021a56fb511c873173417fd72e8840ce	1750	1	169134	198.465	169134	198.25	56812	20.9334	unclassified	chr11	109348053	109404053	776	56811	-	56069	55966	55936	69	34	30	60	0.986323	0.999464	0.997628	0
PBE25638_skip_873b4ebd_a0d787db_139.pod5	948c62d5-2990-42c7-8555-457ca12b78b9	a0d787db021a56fb511c873173417fd72e8840ce	1002	2	168858	135.112	168858	134.989	49547	25.8591	unclassified	chr10	96809433	96858968	0	49542	+	49625	49452	49377	90	83	75	60	0.999899	0.998483	0.995003	0
PBE25638_skip_873b4ebd_a0d787db_139.pod5	9596ae62-5d71-4385-833d-3ed613c23119	a0d787db021a56fb511c873173417fd72e8840ce	1924	4	168564	131.719	168565	131.534	47778	25.8213	unclassified	chr2	163203748	163251482	0	47772	+	47839	47667	47561	105	67	106	60	0.999874	0.997776	0.994189	0
PBE25638_skip_873b4ebd_a0d787db_139.pod5	08f2a4f8-1f4c-4700-ac9e-8df9f11fe74d	a0d787db021a56fb511c873173417fd72e8840ce	1953	4	168701	174.11	168701	173.964	51059	23.1527	unclassified	chr10	90755252	90806340	0	51059	+	51194	50953	50811	106	135	142	60	1	0.997213	0.992519	0
PBE25638_skip_873b4ebd_a0d787db_139.pod5	14ee546e-1db7-4f0b-9abc-c32367c0b96a	a0d787db021a56fb511c873173417fd72e8840ce	1444	3	168685	125.62	168685	125.399	52734	28.1736	unclassified	chr2	145553909	145606349	5	52734	-	52796	52373	52285	356	67	88	60	0.999905	0.99832	0.990321	0
PBE25638_skip_873b4ebd_a0d787db_139.pod5	13b2a256-7833-48c7-a5ed-f936ff4f9d67	a0d787db021a56fb511c873173417fd72e8840ce	1647	3	168786	121.569	168786	121.44	46135	27.7198	unclassified	chr15	65732223	65778385	0	46135	-	46211	46086	46045	49	76	41	60	1	0.99911	0.996408	0
PBE25638_skip_873b4ebd_a0d787db_139.pod5	c3a78dc1-c82e-4ef7-a8fe-8504eb531955	a0d787db021a56fb511c873173417fd72e8840ce	1370	4	169675	93.3804	169675	93.2232	22036	28.5983	unclassified	chr2	170197914	170219923	0	22025	+	22045	21989	21949	36	20	40	60	0.999501	0.998181	0.995645	0
PBE25638_skip_873b4ebd_a0d787db_139.pod5	0209c6f0-b2dd-443b-a56b-920ce1440152	a0d787db021a56fb511c873173417fd72e8840ce	1614	1	169670	137.145	169670	137.041	54012	29.8384	unclassified	chr1	72665443	72719474	5	54012	-	54082	53956	53886	51	75	70	60	0.999907	0.998703	0.996376	0
PBE25638_skip_873b4ebd_a0d787db_139.pod5	b661f7a3-2406-47c0-ab34-be8135c57b83	a0d787db021a56fb511c873173417fd72e8840ce	1631	1	168322	240.355	168322	240.246	85242	32.5338	unclassified	chr15	97641145	97726474	6	85242	-	85429	85136	85010	100	193	126	60	0.99993	0.99852	0.995095	0
PBE25638_skip_873b4ebd_a0d787db_139.pod5	6c8719a5-50ee-4bea-824e-b0be22e2d35e	a0d787db021a56fb511c873173417fd72e8840ce	1619	4	169738	127.094	169738	126.982	56221	23.561	unclassified	chr22	40387045	40443284	0	56219	+	56357	56101	56004	118	138	97	60	0.999964	0.998271	0.993736	0
PBE25638_skip_873b4ebd_a0d787db_139.pod5	4c46765a-5250-4189-ae54-ff4d963ff3a6	a0d787db021a56fb511c873173417fd72e8840ce	1002	2	169117	191.245	169117	191.105	77072	25.8003	unclassified	chr11	699337	776371	6	77072	-	77328	76772	76588	294	262	184	60	0.999922	0.997603	0.99043	0
PBE25638_skip_873b4ebd_a0d787db_139.pod5	0e81fd30-e5e5-4cce-88e2-95fd759272bb	a0d787db021a56fb511c873173417fd72e8840ce	1524	1	169843	147.788	169843	147.638	54921	28.5861	unclassified	chr18	72270937	72325874	0	54911	+	55000	54848	54722	63	89	126	60	0.999818	0.997703	0.994945	0
PBE25638_skip_873b4ebd_a0d787db_139.pod5	e606b3b0-8c24-46ea-8217-170a5e15aefe	a0d787db021a56fb511c873173417fd72e8840ce	1015	2	168623	188.052	168623	187.895	54340	24.9352	unclassified	chr6	153872453	153926759	0	54335	+	54419	54222	54116	113	84	106	60	0.999908	0.998045	0.994432	0
PBE25638_skip_873b4ebd_a0d787db_139.pod5	0e9d0d36-0688-45e6-96d9-9b751ea24be9	a0d787db021a56fb511c873173417fd72e8840ce	1779	2	169890	173.662	169890	173.539	61074	22.1721	unclassified	chr6	47031031	47092123	0	61067	+	61246	60913	60639	154	179	274	60	0.999885	0.995502	0.990089	0
PBE25638_skip_873b4ebd_a0d787db_139.pod5	b4452089-ea28-41cf-9c1a-1e277d4a40ab	a0d787db021a56fb511c873173417fd72e8840ce	1475	1	169672	150.904	169672	150.8	63749	26.3943	unclassified	chr11	125702983	125766778	0	63749	+	63911	63633	63420	116	162	213	60	1	0.996653	0.992317	0
PBE25638_skip_873b4ebd_a0d787db_139.pod5	12e0e7f1-a729-4b92-b4b3-823c5c1973dd	a0d787db021a56fb511c873173417fd72e8840ce	1110	4	168895	121.417	168895	121.282	48674	27.1908	unclassified	chr6	155895884	155944530	0	48665	+	48735	48576	48495	89	70	81	60	0.999815	0.998333	0.995075	0
PBE25638_skip_873b4ebd_a0d787db_139.pod5	efbfc5e9-f354-491a-b2bf-af0ea414c83e	a0d787db021a56fb511c873173417fd72e8840ce	1285	3	168823	112.59	168823	112.43	28858	25.6213	unclassified	chr16	46387749	46416915	2	28828	-	30551	27441	24589	1385	1725	2852	60	0.998891	0.896068	0.804851	0
PBE25638_skip_873b4ebd_a0d787db_139.pod5	b742395f-7467-4344-9dcb-a7cd6c5105ed	a0d787db021a56fb511c873173417fd72e8840ce	1687	4	168657	162.138	168657	161.974	57638	31.634	unclassified	chr7	69026337	69083976	7	57638	-	57722	57548	57394	83	91	154	60	0.999879	0.997324	0.994318	0
PBE25638_skip_873b4ebd_a0d787db_139.pod5	b75c639f-bb01-4309-8360-eb83e0f5e703	a0d787db021a56fb511c873173417fd72e8840ce	1750	1	168445	245.378	168445	245.257	77124	32.0616	unclassified	chr6	29009022	29086152	0	77118	+	77169	77079	77052	39	51	27	60	0.999922	0.99965	0.998484	0
PBE25638_skip_873b4ebd_a0d787db_139.pod5	5974ab4e-20f6-4ea1-b594-2e051d626b34	a0d787db021a56fb511c873173417fd72e8840ce	1373	4	168812	160.501	168812	160.356	56914	19.9011	unclassified	chr10	126719059	126775962	7	56912	-	57156	56652	56247	253	251	405	60	0.999842	0.992851	0.984096	0
PBE25638_skip_873b4ebd_a0d787db_139.pod5	79ba7558-d56d-4c36-8590-c7ceb5543a4c	a0d787db021a56fb511c873173417fd72e8840ce	1235	3	169937	120.96	169937	120.84	46764	20.7885	unclassified	chr10	127773153	127817518	2	46755	+	46920	44198	43930	2555	167	268	60	0.999765	0.993936	0.936275	0
PBE25638_skip_873b4ebd_a0d787db_139.pod5	a35e72e5-96be-4a93-b32f-f42d94f54e21	a0d787db021a56fb511c873173417fd72e8840ce	1225	4	168739	185.619	168740	185.09	56751	23.9702	unclassified	chr2	141941092	141997726	8	56751	-	56861	56516	56385	227	118	131	60	0.999859	0.997682	0.991629	0
PBE25638_skip_873b4ebd_a0d787db_139.pod5	e14bd965-7e72-48db-98bd-91d9ffb5c4e7	a0d787db021a56fb511c873173417fd72e8840ce	1306	2	169960	128.667	169960	128.546	48894	24.1682	unclassified	chr8	8621706	8670589	0	48885	+	48972	48796	48710	89	87	86	60	0.999816	0.998238	0.99465	0
PBE25638_skip_873b4ebd_a0d787db_139.pod5	f5ece080-adbf-4df1-91da-0e11b5ac3ba3	a0d787db021a56fb511c873173417fd72e8840ce	1223	1	170027	174.992	170027	174.792	44379	30.3391	unclassified	chr8	3801758	3845816	6	44379	-	44471	43960	43849	413	98	111	60	0.999865	0.997475	0.986013	0
PBE25638_skip_873b4ebd_a0d787db_139.pod5	508e8a40-7cce-414f-b673-0c4aef0f0115	a0d787db021a56fb511c873173417fd72e8840ce	1444	3	169780	165.032	169780	165.03	61673	28.0173	unclassified	chr6	110010895	110072523	31	61667	+	61708	61556	61518	80	72	38	60	0.9994	0.999383	0.996921	0
PBE25638_skip_873b4ebd_a0d787db_139.pod5	9d8cc315-43f4-4a65-bb36-7aa79c52997f	a0d787db021a56fb511c873173417fd72e8840ce	1788	4	170043	121.164	170043	121.037	42059	30.0757	unclassified	chr18	4784179	4826246	7	42059	-	42084	42035	41992	17	32	43	60	0.999834	0.998977	0.997814	0
PBE25638_skip_873b4ebd_a0d787db_139.pod5	f33445a7-9fac-45c5-b731-b2de185cd03c	a0d787db021a56fb511c873173417fd72e8840ce	1647	3	168593	133.359	168593	133.284	60794	32.9001	unclassified	chr1	124851953	124901503	11257	60787	+	49573	49507	48201	23	43	1306	6	0.814719	0.97362	0.972324	0
PBE25638_skip_873b4ebd_a0d787db_139.pod5	177ddf3d-bca9-4911-9b79-9f47558f3403	a0d787db021a56fb511c873173417fd72e8840ce	1779	2	170070	130.077	170070	129.916	44757	22.2444	unclassified	chr14	47096243	47141037	7	44757	-	44927	44617	44450	133	177	167	60	0.999844	0.996257	0.989383	0
PBE25638_skip_873b4ebd_a0d787db_139.pod5	ea76b7f5-188c-4d82-bc45-cb75995e2f79	a0d787db021a56fb511c873173417fd72e8840ce	1614	1	169975	140.343	169975	140.245	55705	26.4069	unclassified	chr12	110698369	110754080	3	55705	-	55778	55635	55561	67	76	74	60	0.999946	0.99867	0.99611	0
PBE25638_skip_873b4ebd_a0d787db_139.pod5	55bcaef2-d32e-4ed4-a671-53eb1b0e6e05	a0d787db021a56fb511c873173417fd72e8840ce	1620	4	169924	125.9	169924	125.791	45726	27.5004	unclassified	chr2	219317837	219363497	7	45726	-	45796	45583	45485	136	77	98	60	0.999847	0.99785	0.993209	0
PBE25638_skip_873b4ebd_a0d787db_139.pod5	c6e127c5-64d5-46d1-a965-a898da96cb12	a0d787db021a56fb511c873173417fd72e8840ce	1445	1	169898	154.857	169898	154.734	64293	27.7385	unclassified	chr11	14713265	14777522	11	64293	-	64353	64186	64082	96	71	104	60	0.999829	0.99838	0.995789	0
PBE25638_skip_873b4ebd_a0d787db_139.pod5	dce41eee-505a-487a-986a-96228a78460e	a0d787db021a56fb511c873173417fd72e8840ce	1788	4	169723	225.142	169723	224.924	77192	29.0232	unclassified	chr11	95456512	95533745	5	77192	-	77284	77136	77024	51	97	112	60	0.999935	0.998548	0.996636	0
PBE25638_skip_873b4ebd_a0d787db_139.pod5	cf6534af-b68e-4468-806a-4587b92979f7	a0d787db021a56fb511c873173417fd72e8840ce	1184	1	169797	229.849	169797	229.685	86359	27.125	unclassified	chr2	53988365	54074733	6	86359	-	86551	86170	85983	183	198	187	60	0.999931	0.99783	0.993437	0
PBE25638_skip_873b4ebd_a0d787db_139.pod5	ac227231-1126-41b1-bfeb-0e1cb926c256	a0d787db021a56fb511c873173417fd72e8840ce	1225	4	169960	164.932	169960	164.747	58542	27.7721	unclassified	chr5	137312250	137370786	0	58542	-	58609	58469	58408	73	67	61	60	1	0.998957	0.99657	0
PBE25638_skip_873b4ebd_a0d787db_139.pod5	9a02e1da-e117-4dfe-8d9c-1411566ea85d	a0d787db021a56fb511c873173417fd72e8840ce	1661	4	170006	193.922	170006	193.829	62767	21.8047	unclassified	chr10	74480059	74542815	0	62767	-	63019	62504	62314	263	252	190	60	1	0.99696	0.988813	0
PBE25638_skip_873b4ebd_a0d787db_139.pod5	07845624-7dd1-4218-9dbb-0d418bee3b88	a0d787db021a56fb511c873173417fd72e8840ce	1131	2	169961	145.118	169962	145	51897	30.5024	unclassified	chr1	182310352	182362274	0	51897	+	51994	51825	51754	72	97	71	60	1	0.99863	0.995384	0
PBE25638_skip_873b4ebd_a0d787db_139.pod5	9348f2bc-0811-4652-a0ac-b9df432aedbe	a0d787db021a56fb511c873173417fd72e8840ce	1138	2	169947	223.057	169948	222.785	54253	23.499	unclassified	chr7	51089399	51143293	0	54244	+	54315	53823	53730	421	71	93	60	0.999834	0.998272	0.98923	0
PBE25638_skip_873b4ebd_a0d787db_139.pod5	6e0a62e1-8df8-4100-ae69-91b33fe8c04d	a0d787db021a56fb511c873173417fd72e8840ce	1750	1	170082	124.741	170082	124.626	39576	21.4781	unclassified	chr4	5352441	5391589	440	39576	-	39178	39106	39071	30	42	35	60	0.988882	0.999105	0.997269	0
PBE25638_skip_873b4ebd_a0d787db_139.pod5	2837ccd8-e11a-4bd5-8e12-933d60d1569f	a0d787db021a56fb511c873173417fd72e8840ce	1373	2	170071	150.489	170071	150.359	55389	28.5409	unclassified	chr9	100338064	100393470	5	55389	-	55464	55326	55248	58	80	78	60	0.99991	0.99859	0.996106	0
PBE25638_skip_873b4ebd_a0d787db_139.pod5	518c7775-a390-4903-9de0-1c579dc486b6	a0d787db021a56fb511c873173417fd72e8840ce	1936	4	169629	318.825	169629	318.823	75069	3.09884	unclassified	chr5	1781614	1781734	34299	34421	+	125	117	105	5	3	12	1	0.00162517	0.897436	0.84	0
PBE25638_skip_873b4ebd_a0d787db_139.pod5	99c43997-d09d-4d02-8b0c-d032fbbf6453	a0d787db021a56fb511c873173417fd72e8840ce	1124	4	170143	130.004	170143	129.838	33013	27.6702	unclassified	chr10	1408235	1441266	0	33006	+	33134	32903	32822	103	128	81	60	0.999788	0.997538	0.990584	0
PBE25638_skip_873b4ebd_a0d787db_139.pod5	37dee197-5754-48aa-8929-424634ffb45f	a0d787db021a56fb511c873173417fd72e8840ce	1370	4	170111	143.166	170111	143.018	38514	30.4487	unclassified	chr22	11211331	11215486	34109	38479	+	4482	4043	3427	327	112	616	9	0.113465	0.847638	0.764614	0
PBE25638_skip_873b4ebd_a0d787db_139.pod5	6948a5db-b85e-4c28-8bbc-5a4e0babaf10	a0d787db021a56fb511c873173417fd72e8840ce	1124	4	169914	228.544	169914	228.409	99686	25.8813	unclassified	chr4	149426042	149525733	0	99679	+	99885	99485	99301	194	206	184	60	0.99993	0.99815	0.994153	0
PBE25638_skip_873b4ebd_a0d787db_139.pod5	87c3e705-98be-4890-b37c-30d241b443a8	a0d787db021a56fb511c873173417fd72e8840ce	1278	3	170081	180.56	170081	180.425	56435	27.3129	unclassified	chr2	21968854	22025297	4	56435	-	56506	56368	56330	63	75	38	60	0.999929	0.999326	0.996885	0
PBE25638_skip_873b4ebd_a0d787db_139.pod5	4bffbb1d-4c39-4440-9b53-7848b2ae1c3c	a0d787db021a56fb511c873173417fd72e8840ce	1072	3	169825	252.585	169825	252.457	110890	23.0956	unclassified	chr4	162421846	162532851	7	110890	-	111250	110638	110230	245	367	408	60	0.999937	0.996312	0.990831	0
PBE25638_skip_873b4ebd_a0d787db_139.pod5	c5e9675b-1e36-4566-85ac-5e9bf3cafd23	a0d787db021a56fb511c873173417fd72e8840ce	1542	4	170061	167.014	170061	166.927	64868	27.6427	unclassified	chr1	45129979	45194859	0	64868	+	64953	64795	64727	73	85	68	60	1	0.998951	0.996521	0
PBE25638_skip_873b4ebd_a0d787db_139.pod5	403f7f63-3ce5-4739-9d6d-be5b1ef7cbab	a0d787db021a56fb511c873173417fd72e8840ce	1524	1	170064	135.04	170064	134.891	55578	28.8694	unclassified	chr8	89260538	89314763	0	55572	+	55662	54135	53985	1437	90	150	60	0.999892	0.997229	0.969872	0
PBE25638_skip_873b4ebd_a0d787db_139.pod5	268bc5c8-2575-46c9-b83b-4606eefc1f45	a0d787db021a56fb511c873173417fd72e8840ce	1524	1	170408	146.243	170408	146.241	43636	30.7389	unclassified	chr4	134546039	134589672	34	43629	+	43683	43545	43460	50	88	85	60	0.99906	0.998048	0.994895	0
PBE25638_skip_873b4ebd_a0d787db_139.pod5	11eb275f-e63d-4986-bbe0-a459e706c271	a0d787db021a56fb511c873173417fd72e8840ce	1631	1	170154	136.237	170154	136.13	49187	30.6092	unclassified	chr1	94742983	94792177	5	49187	-	49246	49130	49079	52	64	51	60	0.999898	0.998962	0.996609	0
PBE25638_skip_873b4ebd_a0d787db_139.pod5	ec39207c-7beb-484f-8ba0-ef54f893af11	a0d787db021a56fb511c873173417fd72e8840ce	1444	3	170371	158.426	170371	158.296	61370	29.0817	unclassified	chr8	74310308	74371658	0	61363	+	61421	61292	61169	71	58	123	60	0.999886	0.997993	0.995897	0
PBE25638_skip_873b4ebd_a0d787db_139.pod5	6d137a30-9199-457d-ae1b-1e445497c186	a0d787db021a56fb511c873173417fd72e8840ce	1348	4	168572	248.212	168572	248.08	85032	24.7866	unclassified	chr7	140244225	140329329	0	85025	+	85278	84851	84606	174	253	245	60	0.999918	0.997113	0.99212	0
PBE25638_skip_873b4ebd_a0d787db_139.pod5	cd5e5d3d-faaa-4bdb-9498-3520dd6d65a6	a0d787db021a56fb511c873173417fd72e8840ce	1124	4	170371	126.413	170371	126.411	54478	26.6559	unclassified	chr6	40769099	40823545	36	54471	+	54508	54373	54262	62	73	111	60	0.999211	0.997959	0.995487	0
PBE25638_skip_873b4ebd_a0d787db_139.pod5	4b028e5b-fe83-4d35-888a-31601426b350	a0d787db021a56fb511c873173417fd72e8840ce	1193	2	170445	139.057	170445	138.894	52374	29.7109	unclassified	chr9	24075617	24128052	7	52374	-	52494	52308	52221	59	127	87	60	0.999866	0.998337	0.994799	0
PBE25638_skip_873b4ebd_a0d787db_139.pod5	716376b3-dbe3-4394-96fd-4f8460268c00	a0d787db021a56fb511c873173417fd72e8840ce	1306	2	170120	202.837	170120	202.835	80919	23.6443	unclassified	chr10	38039434	38120362	5	80885	-	81089	80719	80516	161	209	203	60	0.999518	0.997485	0.992934	0
PBE25638_skip_873b4ebd_a0d787db_139.pod5	b33c9cb1-411c-42b8-aa1f-70a00ef17487	a0d787db021a56fb511c873173417fd72e8840ce	1661	4	170490	135.048	170490	134.938	42737	22.845	unclassified	chr10	25373862	25416569	0	42730	+	42831	42606	42517	124	101	89	60	0.999836	0.997911	0.992669	0
PBE25638_skip_873b4ebd_a0d787db_139.pod5	58c9073d-dafa-4808-aa92-10584acc562a	a0d787db021a56fb511c873173417fd72e8840ce	1155	4	170474	146.847	170474	146.758	66635	26.599	unclassified	chr10	96562629	96629316	0	66627	+	66755	66559	66408	68	128	151	60	0.99988	0.997731	0.994802	0
PBE25638_skip_873b4ebd_a0d787db_139.pod5	f5ea7de3-a2b1-459f-aac8-407b48f707db	a0d787db021a56fb511c873173417fd72e8840ce	1155	4	170220	171.991	170220	171.839	57182	30.4508	unclassified	chr3	93825678	93882732	0	57176	+	57240	56990	56954	186	64	36	60	0.999895	0.999368	0.995004	0
PBE25638_skip_873b4ebd_a0d787db_139.pod5	fc6776ee-e534-4a35-90cc-ee0caa4e5e9a	a0d787db021a56fb511c873173417fd72e8840ce	1747	1	170569	123.204	170569	123.202	47087	27.7413	unclassified	chr12	95856317	95883478	19937	47087	-	27194	27117	27089	33	44	28	60	0.576592	0.998967	0.996139	0
PBE25638_skip_873b4ebd_a0d787db_139.pod5	5a942b7d-4ccc-4b56-b844-5c0918b5dd9c	a0d787db021a56fb511c873173417fd72e8840ce	1981	3	170549	158.604	170549	158.37	45373	29.8562	unclassified	chr4	62977777	63023127	0	45367	+	45395	45322	45312	45	28	10	60	0.999868	0.999779	0.998172	0
PBE25638_skip_873b4ebd_a0d787db_139.pod5	5ce1732a-9c86-4f24-93a9-53d7f10ee7e2	a0d787db021a56fb511c873173417fd72e8840ce	1444	3	170530	171.391	170530	171.289	61684	22.847	unclassified	chr8	74310307	74371658	5	61684	-	61807	61223	61064	456	128	159	60	0.999919	0.997403	0.987979	0
PBE25638_skip_873b4ebd_a0d787db_139.pod5	5de315e6-7d00-4aee-b1f6-491c50da66fe	a0d787db021a56fb511c873173417fd72e8840ce	1750	1	170586	129.186	170586	129.065	47656	33.1657	unclassified	chr8	122324964	122372626	0	47647	+	47693	47616	47577	31	46	39	60	0.999811	0.999181	0.997568	0
PBE25638_skip_873b4ebd_a0d787db_139.pod5	8d5a81e3-dd1e-4259-961e-78615e083c0f	a0d787db021a56fb511c873173417fd72e8840ce	1413	2	170447	140.365	170447	140.254	47632	32.4767	unclassified	chr9	9295378	9343032	0	47625	+	47686	47593	47520	32	61	73	60	0.999853	0.998466	0.996519	0
PBE25638_skip_873b4ebd_a0d787db_139.pod5	5a4e7e49-db34-460d-8cea-6367ae6c5ba3	a0d787db021a56fb511c873173417fd72e8840ce	1772	3	170124	286.162	170124	285.973	94701	29.9378	unclassified	chr4	145509883	145604587	0	94696	+	94785	94615	94456	81	89	159	60	0.999947	0.99832	0.996529	0
PBE25638_skip_873b4ebd_a0d787db_139.pod5	32eb59d3-fa3b-407c-ae64-558cc73a90f0	a0d787db021a56fb511c873173417fd72e8840ce	1072	3	170119	254.074	170119	253.913	86788	22.0883	unclassified	chr12	115185247	115272074	0	86782	+	87120	86489	86198	293	338	291	60	0.999931	0.996635	0.989417	0
PBE25638_skip_873b4ebd_a0d787db_139.pod5	2e8920c7-3b04-4046-b798-766f57d09d23	a0d787db021a56fb511c873173417fd72e8840ce	1614	1	170126	202.011	170127	201.882	80352	29.602	unclassified	chr14	106345808	106426189	4	80351	-	80458	80270	80026	77	111	244	60	0.999938	0.99696	0.994631	0
PBE25638_skip_873b4ebd_a0d787db_139.pod5	af6b4eb3-13cd-451d-a787-7f9f59b7b11f	a0d787db021a56fb511c873173417fd72e8840ce	1380	2	170288	203.913	170288	203.72	72998	23.0843	unclassified	chr4	78037526	78109984	475	72998	-	72623	72358	72148	165	100	210	60	0.993493	0.997098	0.993459	0
PBE25638_skip_873b4ebd_a0d787db_139.pod5	40c16b64-d924-48db-a98b-493fe7b8c679	a0d787db021a56fb511c873173417fd72e8840ce	1328	1	170547	166.664	170547	166.456	68751	24.8773	unclassified	chr1	196877405	196946153	0	68746	+	68860	68634	68524	112	114	110	60	0.999927	0.998397	0.995121	0
PBE25638_skip_873b4ebd_a0d787db_139.pod5	c3258f4c-22ef-4588-a123-34121666db2a	a0d787db021a56fb511c873173417fd72e8840ce	1988	3	170278	179.864	170278	179.738	65369	26.9623	unclassified	chr1	39862154	39927461	0	65369	+	65476	65200	65076	169	107	124	60	1	0.998098	0.993891	0
PBE25638_skip_873b4ebd_a0d787db_139.pod5	eec6ee27-b608-4f60-a9fd-8024b2d729d3	a0d787db021a56fb511c873173417fd72e8840ce	1602	1	170488	198.656	170488	198.562	72171	21.8537	unclassified	chr4	49117719	49123349	67009	72171	-	5800	4992	4348	170	638	644	5	0.0715246	0.870994	0.749655	0
PBE25638_skip_873b4ebd_a0d787db_139.pod5	cd614ca9-16a9-44f5-83dc-bb34ffa0a36d	a0d787db021a56fb511c873173417fd72e8840ce	1198	2	170830	130.171	170830	130.069	50187	31.6561	unclassified	chr6	68812439	68862290	9	50187	-	50243	49786	49662	392	65	124	60	0.999821	0.997509	0.988436	0
PBE25638_skip_873b4ebd_a0d787db_139.pod5	4be61fd3-6288-401c-ad93-533d9f2203c3	a0d787db021a56fb511c873173417fd72e8840ce	1279	1	170863	128.498	170863	128.496	29205	21.7725	unclassified	chr8	58126863	58156016	6	29200	-	29265	29082	29000	112	71	82	60	0.999623	0.99718	0.990945	0
PBE25638_skip_873b4ebd_a0d787db_139.pod5	a801282c-60f4-421b-b9f2-5b9aab73d71b	a0d787db021a56fb511c873173417fd72e8840ce	1072	3	170492	127.574	170492	127.442	50579	21.9252	unclassified	chr4	70860806	70911452	0	50572	+	50766	50452	50255	120	194	197	60	0.999862	0.996095	0.989934	0
PBE25638_skip_873b4ebd_a0d787db_139.pod5	807ec9b3-77c0-4aca-8261-d06249d5dcec	a0d787db021a56fb511c873173417fd72e8840ce	1124	4	170559	222.2	170559	222.062	93319	24.0205	unclassified	chr7	126411809	126468088	0	56282	+	56393	56168	56035	114	111	133	60	0.603114	0.997632	0.993652	0
PBE25638_skip_873b4ebd_a0d787db_139.pod5	2a1dbbf1-7a9b-45e4-a773-b5bcf7662190	a0d787db021a56fb511c873173417fd72e8840ce	1306	2	170682	159	170682	158.888	59966	23.4792	unclassified	chr5	33879799	33939781	0	59961	+	60101	59842	59701	119	140	141	60	0.999917	0.997644	0.993345	0
PBE25638_skip_873b4ebd_a0d787db_139.pod5	9c4af0a0-d8c2-4557-b4ae-110d7c657b64	a0d787db021a56fb511c873173417fd72e8840ce	1689	1	170743	134.301	170743	134.161	45602	25.9051	unclassified	chr7	149427411	149456705	6	29293	-	29355	29226	29145	61	68	81	60	0.642231	0.997229	0.992846	0
PBE25638_skip_873b4ebd_a0d787db_139.pod5	5201c20f-4d13-43cf-be86-1cb36b12f034	a0d787db021a56fb511c873173417fd72e8840ce	1815	1	170512	206.373	170512	206.371	52314	24.9344	unclassified	chr8	24416787	24469067	3	52284	-	52365	52196	52069	85	84	127	60	0.999369	0.997567	0.994347	0
PBE25638_skip_873b4ebd_a0d787db_139.pod5	11175b0a-515b-4059-ac57-cc6bcd97f0bb	a0d787db021a56fb511c873173417fd72e8840ce	1193	2	170667	144.38	170667	144.19	52572	24.1024	unclassified	chr8	141736053	141783487	0	52562	+	52694	47302	47145	5260	132	157	60	0.99981	0.996681	0.894694	0
PBE25638_skip_873b4ebd_a0d787db_139.pod5	e81428ad-4917-45ad-b516-b7d041148513	a0d787db021a56fb511c873173417fd72e8840ce	1772	3	170591	141.976	170591	141.844	54760	28.4028	unclassified	chr5	174121334	174176161	6	54760	-	54880	54701	54596	53	126	105	60	0.99989	0.99808	0.994825	0
PBE25638_skip_873b4ebd_a0d787db_139.pod5	33624d60-de93-4e62-835e-75d1367d653d	a0d787db021a56fb511c873173417fd72e8840ce	1413	2	170657	124.485	170657	124.348	44553	30.9665	unclassified	chr10	30856720	30901291	0	44548	+	44587	44532	44507	16	39	25	60	0.999888	0.999439	0.998206	0
PBE25638_skip_873b4ebd_a0d787db_139.pod5	3ba352c6-cb33-4b6c-aea5-c1530b28bc5a	a0d787db021a56fb511c873173417fd72e8840ce	1225	4	170269	247.728	170269	247.58	87837	26.8106	unclassified	chr6	27131033	27218894	7	87837	-	88010	87681	87556	149	180	125	60	0.99992	0.998574	0.994842	0
PBE25638_skip_873b4ebd_a0d787db_139.pod5	a1e7b9e7-d7d2-4f48-9944-e607df5d0972	a0d787db021a56fb511c873173417fd72e8840ce	1278	3	170886	139.42	170886	139.316	51184	28.4341	unclassified	chr16	5697145	5748437	0	51161	+	51353	51100	50884	61	192	216	60	0.999551	0.995773	0.990867	0
PBE25638_skip_873b4ebd_a0d787db_139.pod5	cfc106ec-e01f-4790-8261-dd07c5317e59	a0d787db021a56fb511c873173417fd72e8840ce	1810	3	170463	172.2	170463	172.096	65018	26.2725	unclassified	chr1	178895359	178960391	0	65014	+	65136	64910	64783	104	122	127	60	0.999938	0.998043	0.994581	0
PBE25638_skip_873b4ebd_a0d787db_139.pod5	84cbc22b-eb6c-429e-8c1b-2870a69000dd	a0d787db021a56fb511c873173417fd72e8840ce	1444	3	170771	142.731	170771	142.729	57040	23.7622	unclassified	chr10	84824981	84881742	6	57005	-	57071	56689	56628	310	72	61	60	0.999281	0.998924	0.992238	0
PBE25638_skip_873b4ebd_a0d787db_139.pod5	646dbeac-b87d-4f28-9305-206c6683ff7b	a0d787db021a56fb511c873173417fd72e8840ce	1110	4	170636	136.665	170636	136.528	54262	28.8575	unclassified	chr6	118759159	118813444	7	54262	-	54335	54205	54102	50	80	103	60	0.999871	0.9981	0.995712	0
PBE25638_skip_873b4ebd_a0d787db_139.pod5	f502e66c-7c95-428e-809b-30b1981a1632	a0d787db021a56fb511c873173417fd72e8840ce	1540	4	170858	136.363	170859	136.25	54239	29.7181	unclassified	chr21	16657920	16712165	8	54239	-	54282	54194	54110	37	51	84	60	0.999852	0.99845	0.996831	0
PBE25638_skip_873b4ebd_a0d787db_139.pod5	9cdaf844-7e4d-42c8-bdb0-8060343d5636	a0d787db021a56fb511c873173417fd72e8840ce	1953	3	170568	184.837	170568	184.748	73284	29.438	unclassified	chr16	24491209	24564520	1	73277	+	73380	73207	73153	69	104	54	60	0.999891	0.999262	0.996907	0
PBE25638_skip_873b4ebd_a0d787db_139.pod5	a90b0070-41a4-4fee-8b27-05059d3c9df7	a0d787db021a56fb511c873173417fd72e8840ce	1380	2	170564	326.918	170564	326.916	70060	26.0704	unclassified	chr8	58462506	58532429	64	70060	+	70045	69874	69809	122	49	65	60	0.999086	0.99907	0.996631	0
PBE25638_skip_873b4ebd_a0d787db_139.pod5	945f57ad-e054-4a18-ba25-7fcdd11be7d4	a0d787db021a56fb511c873173417fd72e8840ce	1158	2	171005	121.182	171005	121.085	47395	29.6713	unclassified	chr8	54013595	54061301	7	47395	-	47758	47336	47293	52	370	43	60	0.999852	0.999092	0.990263	0
PBE25638_skip_873b4ebd_a0d787db_139.pod5	f1be690e-8cb8-4fbf-8e67-38ab19080d80	a0d787db021a56fb511c873173417fd72e8840ce	1619	4	170907	138.833	170907	138.831	46984	27.6046	unclassified	chr3	63981193	64028159	0	46954	-	47016	46904	46860	50	62	44	60	0.999361	0.999062	0.996682	0
PBE25638_skip_873b4ebd_a0d787db_139.pod5	030eec24-fca3-43ff-9efd-257cb641075b	a0d787db021a56fb511c873173417fd72e8840ce	1524	1	171246	154.123	171246	153.978	66957	29.2399	unclassified	chr9	102045356	102112307	6	66957	-	67030	66872	66722	79	79	150	60	0.99991	0.997757	0.995405	0
PBE25638_skip_873b4ebd_a0d787db_139.pod5	0202232d-1065-43d0-a7bc-ae79f6fe965e	a0d787db021a56fb511c873173417fd72e8840ce	1124	4	171290	115.227	171290	115.225	34455	26.8442	unclassified	chr9	90983169	91017592	30	34455	+	34464	34384	34342	41	39	42	60	0.999129	0.998779	0.99646	0
PBE25638_skip_873b4ebd_a0d787db_139.pod5	29ead885-01a4-4ad0-ad77-d331ae3784d6	a0d787db021a56fb511c873173417fd72e8840ce	1602	1	171010	141.736	171011	141.587	55852	29.3131	unclassified	chr9	74569125	74624937	7	55852	-	55888	55769	55662	76	43	107	60	0.999875	0.998081	0.995956	0
PBE25638_skip_873b4ebd_a0d787db_139.pod5	736299c6-871a-48cf-a086-1cd0c21b560a	a0d787db021a56fb511c873173417fd72e8840ce	1037	3	170764	202.101	170764	202.099	81207	9.94506	unclassified	chr13	95109218	95192531	34	81199	+	85532	78946	74779	2219	4367	4167	60	0.999483	0.947217	0.874281	0
PBE25638_skip_873b4ebd_a0d787db_139.pod5	664c51f8-4b8a-4f11-8d3a-141612a3688a	a0d787db021a56fb511c873173417fd72e8840ce	1524	1	171021	121.71	171021	121.589	49898	27.8695	unclassified	chr9	30475643	30525821	0	49891	+	50247	49822	49709	69	356	113	60	0.99986	0.997732	0.989293	0
PBE25638_skip_873b4ebd_a0d787db_139.pod5	42f3d52b-a934-4668-abc7-ef8ab58e695b	a0d787db021a56fb511c873173417fd72e8840ce	1110	4	171356	60.0768	171356	59.9688	22506	28.8835	unclassified	chr17	82971560	82994078	356	22506	-	23172	21496	21329	654	1022	167	60	0.984182	0.992231	0.920464	0
PBE25638_skip_873b4ebd_a0d787db_139.pod5	976faadd-be57-4f18-b966-0b41a3b84aa7	a0d787db021a56fb511c873173417fd72e8840ce	1750	1	171177	129.219	171177	129.074	40806	29.7675	unclassified	chr17	18390559	18431359	0	40800	+	40832	40768	40734	32	32	34	60	0.999853	0.999166	0.9976	0
PBE25638_skip_873b4ebd_a0d787db_139.pod5	d11e1d77-8d6e-407d-868e-7f1db4b90b8b	a0d787db021a56fb511c873173417fd72e8840ce	1788	4	171083	150.23	171083	150.139	56919	27.1455	unclassified	chr6	38874390	38931323	0	56912	+	56993	56852	56803	60	81	49	60	0.999877	0.999138	0.996666	0
PBE25638_skip_873b4ebd_a0d787db_139.pod5	368b1a58-03e7-4441-b84e-0d784c840362	a0d787db021a56fb511c873173417fd72e8840ce	1225	4	170861	136.173	170861	136.171	48883	26.4443	unclassified	chr4	36656563	36705454	37	48875	+	48939	48790	48678	48	101	112	60	0.999079	0.997704	0.994667	0
PBE25638_skip_873b4ebd_a0d787db_139.pod5	e7ac3305-e79e-4a4d-bfa5-952fdf0743fc	a0d787db021a56fb511c873173417fd72e8840ce	1602	1	171152	128.133	171152	128.036	55677	27.1085	unclassified	chr9	74569125	74624874	0	55677	+	55826	55600	55464	77	149	136	60	1	0.997554	0.993516	0
PBE25638_skip_873b4ebd_a0d787db_139.pod5	066ab408-1ced-4c94-8666-d9ff6d48990c	a0d787db021a56fb511c873173417fd72e8840ce	1110	4	170976	188.982	170976	188.839	71935	20.5372	unclassified	chr5	73591258	73627651	35512	71935	-	36468	36348	36259	75	45	89	60	0.506332	0.997551	0.994269	0
PBE25638_skip_873b4ebd_a0d787db_139.pod5	7fcce63e-8b58-4eaf-9e0d-b8b037e2b680	a0d787db021a56fb511c873173417fd72e8840ce	1620	4	171273	133.126	171273	132.98	58248	28.2394	unclassified	chr6	160378625	160436857	7	58248	-	58325	58148	58042	93	84	106	60	0.99988	0.998177	0.995148	0
PBE25638_skip_873b4ebd_a0d787db_139.pod5	69c79617-3f17-44ab-87d7-67627170db79	a0d787db021a56fb511c873173417fd72e8840ce	1184	1	171035	137.938	171035	137.789	51259	21.6363	unclassified	chr16	25574502	25610613	14825	51259	-	36509	36036	35928	398	75	108	60	0.710782	0.997003	0.984086	0
PBE25638_skip_873b4ebd_a0d787db_139.pod5	422ef698-acdf-496c-82bc-7bda46a63048	a0d787db021a56fb511c873173417fd72e8840ce	1788	4	171262	148.918	171262	148.795	51110	28.5344	unclassified	chr1	202703254	202754376	0	51110	-	51179	51053	50973	57	69	80	60	1	0.998433	0.995975	0
PBE25638_skip_873b4ebd_a0d787db_139.pod5	2a4dfa17-e0be-40ee-95c5-694afd9aab4b	a0d787db021a56fb511c873173417fd72e8840ce	1193	2	171169	140.018	171169	140.016	51261	24.7901	unclassified	chr1	5186986	5238293	35	51261	+	51402	51131	51008	95	176	123	60	0.999317	0.997594	0.992335	0
PBE25638_skip_873b4ebd_a0d787db_139.pod5	17e602f6-369a-4acf-ab29-3bff47755c98	a0d787db021a56fb511c873173417fd72e8840ce	1158	2	171162	128.228	171162	128.131	54744	28.6001	unclassified	chr1	105515038	105569785	6	54744	-	54811	54674	54550	64	73	124	60	0.99989	0.997732	0.995238	0
PBE25638_skip_873b4ebd_a0d787db_139.pod5	c43997d3-0884-436b-92de-3dd82798e85c	a0d787db021a56fb511c873173417fd72e8840ce	1413	2	170787	185.986	170787	185.984	66976	24.6473	unclassified	chr21	8383687	8449936	0	66901	-	67443	65707	65377	1194	542	330	60	0.99888	0.994978	0.969367	0
PBE25638_skip_873b4ebd_a0d787db_139.pod5	5cede00e-9ee0-4119-827c-ee34251cb24b	a0d787db021a56fb511c873173417fd72e8840ce	1110	4	171416	52.6728	171417	52.5876	22409	25.077	unclassified	chr17	82971560	82994021	345	22409	+	23134	21391	21204	673	1070	187	60	0.984604	0.991258	0.916573	0
PBE25638_skip_873b4ebd_a0d787db_139.pod5	6eadd660-2f0b-4b87-a1db-c5dca901ca71	a0d787db021a56fb511c873173417fd72e8840ce	1380	2	171530	169.545	171530	169.422	42338	24.041	unclassified	chr1	7446235	7488562	0	42335	+	42434	42228	42102	107	99	126	60	0.999929	0.997016	0.992176	0
PBE25638_skip_873b4ebd_a0d787db_139.pod5	caadba3b-1a1f-4499-8f29-4a3548edb5e2	a0d787db021a56fb511c873173417fd72e8840ce	1905	1	171196	168.19	171196	168.188	60625	8.74473	unclassified	chr5	5534409	5596974	7	60586	-	64684	58460	54096	2119	4105	4364	60	0.999241	0.925351	0.836312	0
PBE25638_skip_873b4ebd_a0d787db_139.pod5	a4305e2b-dd6f-4ab6-919a-c4845c910b35	a0d787db021a56fb511c873173417fd72e8840ce	1225	4	171284	173.988	171284	173.82	61377	24.4792	unclassified	chr5	143808568	143870185	7	61374	-	61719	61265	61068	102	352	197	60	0.999837	0.996784	0.989452	0
PBE25638_skip_873b4ebd_a0d787db_139.pod5	f5764569-b139-4cf0-8e62-f2dc6652b0c5	a0d787db021a56fb511c873173417fd72e8840ce	1504	2	171585	142.526	171586	142.319	55926	27.3107	unclassified	chr8	39005828	39061475	0	55920	+	56114	55453	55370	467	194	83	60	0.999893	0.998503	0.986741	0
PBE25638_skip_873b4ebd_a0d787db_139.pod5	d50670ef-5d1b-418e-adb9-09d99fe6b40a	a0d787db021a56fb511c873173417fd72e8840ce	1225	4	171633	148.658	171633	148.513	53146	25.8268	unclassified	chr15	65612819	65666001	0	53141	+	53236	53087	53003	54	95	84	60	0.999906	0.998418	0.995623	0
PBE25638_skip_873b4ebd_a0d787db_139.pod5	3c56f83c-305e-4d2a-86e8-8a9b50e58d61	a0d787db021a56fb511c873173417fd72e8840ce	1328	1	171304	181.531	171304	181.405	68923	21.3265	unclassified	chr21	23875366	23943091	0	68923	+	69073	67575	67367	1348	150	208	60	1	0.996922	0.975302	0
PBE25638_skip_873b4ebd_a0d787db_139.pod5	69f962be-7db2-42ff-8a7f-748b773b1954	a0d787db021a56fb511c873173417fd72e8840ce	1158	2	171500	170.484	171500	170.482	67236	35.441	unclassified	chr2	92340248	92353131	19764	32483	+	12901	12701	12127	18	182	574	12	0.189169	0.954807	0.940005	0
PBE25638_skip_873b4ebd_a0d787db_139.pod5	600e5b06-a050-4642-ac1b-a7f1fc7e1280	a0d787db021a56fb511c873173417fd72e8840ce	1285	3	170764	373.418	170764	373.278	89889	23.1082	unclassified	chr9	35776026	35865588	7	89889	-	90012	89432	89305	450	130	127	60	0.999922	0.99858	0.992145	0
PBE25638_skip_873b4ebd_a0d787db_139.pod5	31a1e756-32a8-4fbf-9a98-fe3ea4ee7f68	a0d787db021a56fb511c873173417fd72e8840ce	1562	4	171602	176.845	171602	176.678	52612	26.3085	unclassified	chr16	9395042	9447664	0	52606	+	52700	52528	52454	78	94	74	60	0.999886	0.998591	0.995332	0
PBE25638_skip_873b4ebd_a0d787db_139.pod5	468e098f-977b-4d27-9a64-58f8f978e203	a0d787db021a56fb511c873173417fd72e8840ce	1236	4	171403	296.396	171403	296.281	79356	31.6237	unclassified	chr5	170985058	171064350	7	79356	-	79392	79249	79129	100	43	120	60	0.999912	0.998486	0.996687	0
PBE25638_skip_873b4ebd_a0d787db_139.pod5	a19aefa0-29f4-403e-9f40-2ebe22e1a5e1	a0d787db021a56fb511c873173417fd72e8840ce	1279	1	171672	122.076	171672	121.943	37414	29.0903	unclassified	chr3	120184385	120221620	0	37407	+	37441	37201	37123	206	34	78	60	0.999813	0.997903	0.991507	0
PBE25638_skip_873b4ebd_a0d787db_139.pod5	582ea1dc-2c37-4d1b-9194-3c893109d5bc	a0d787db021a56fb511c873173417fd72e8840ce	1988	3	171578	113.7	171578	113.698	38711	26.7327	unclassified	chr3	135221614	135260287	27	38711	+	38732	38625	38589	59	48	36	60	0.999303	0.999068	0.996308	0
PBE25638_skip_873b4ebd_a0d787db_139.pod5	9cb67edb-bfb4-4887-9e9c-c1d49e09bb46	a0d787db021a56fb511c873173417fd72e8840ce	1619	4	171655	145.878	171655	145.876	50086	27.186	unclassified	chr6	138156076	138206152	29	50079	+	50136	49990	49914	60	86	76	60	0.999281	0.99848	0.995572	0
PBE25638_skip_873b4ebd_a0d787db_139.pod5	9402827d-9a72-427f-af45-9f386bfc28b0	a0d787db021a56fb511c873173417fd72e8840ce	1193	2	171493	138.621	171493	138.419	49702	24.2203	unclassified	chr13	71072606	71121674	30	49702	-	49784	48956	48820	716	112	136	60	0.999396	0.997222	0.980636	0
PBE25638_skip_873b4ebd_a0d787db_139.pod5	1e333e2b-2c00-4135-a7cf-ca5aadb9446c	a0d787db021a56fb511c873173417fd72e8840ce	1620	4	171619	173.946	171619	173.944	64545	22.8473	unclassified	chr1	213989291	214053859	9	64517	-	64706	64370	64202	138	198	168	60	0.999427	0.99739	0.992211	0
PBE25638_skip_873b4ebd_a0d787db_139.pod5	07dcad11-8122-4e1f-b011-40116a37b895	a0d787db021a56fb511c873173417fd72e8840ce	1306	2	171413	153.89	171413	153.755	60025	23.0243	unclassified	chr9	135588353	135648347	107	60025	-	60138	59774	59534	144	220	240	60	0.998217	0.995985	0.989956	0
PBE25638_skip_873b4ebd_a0d787db_139.pod5	da3a6197-d02b-4965-b5f4-bd67d02a5360	a0d787db021a56fb511c873173417fd72e8840ce	1729	4	171563	196.041	171563	195.91	75296	27.6368	unclassified	chr6	71608335	71683716	0	75288	+	75463	75206	75081	82	175	125	60	0.999894	0.998338	0.994938	0
PBE25638_skip_873b4ebd_a0d787db_139.pod5	cadd4861-2613-46a1-9e51-63239cbe213b	a0d787db021a56fb511c873173417fd72e8840ce	1455	2	171730	128.439	171730	128.293	55034	21.3928	unclassified	chr4	73272328	73317223	0	44873	+	45086	44682	44498	191	213	184	60	0.815369	0.995882	0.986958	0
PBE25638_skip_873b4ebd_a0d787db_139.pod5	3cf80631-b7ba-4eeb-a9cf-c81dde36b725	a0d787db021a56fb511c873173417fd72e8840ce	1285	3	171906	111.902	171907	111.673	24721	22.3298	unclassified	chr6	104764227	104788848	0	24721	+	24742	24600	24575	121	21	25	60	1	0.998984	0.99325	0
PBE25638_skip_873b4ebd_a0d787db_139.pod5	71ba5efd-4336-4189-8946-adfac15f14de	a0d787db021a56fb511c873173417fd72e8840ce	1110	4	171847	151.076	171848	150.938	60188	28.3412	unclassified	chr10	76780232	76840409	6	60188	-	60265	60094	59945	88	83	149	60	0.9999	0.997521	0.99469	0
PBE25638_skip_873b4ebd_a0d787db_139.pod5	3769554a-e899-4229-99d5-3087751359bd	a0d787db021a56fb511c873173417fd72e8840ce	1445	1	171405	272.395	171405	272.393	78008	23.5984	unclassified	chr17	26823492	26831793	33	8173	+	8664	7777	6115	363	524	1662	19	0.104348	0.786293	0.705794	0
PBE25638_skip_873b4ebd_a0d787db_139.pod5	3a9d84f4-5dbf-435b-b03c-31431ba7efb1	a0d787db021a56fb511c873173417fd72e8840ce	1285	3	171432	215.876	171432	215.682	58931	17.4892	unclassified	chrX	42160058	42217430	1308	58931	-	57718	57277	57126	346	95	151	60	0.977805	0.997364	0.989743	0
PBE25638_skip_873b4ebd_a0d787db_139.pod5	b32d3b7b-bea9-43bf-a1c4-6f792b21a4bd	a0d787db021a56fb511c873173417fd72e8840ce	1772	3	171194	302.857	171194	302.717	117875	26.6452	unclassified	chr7	30546569	30664472	12	117875	-	118034	117732	117610	131	171	122	60	0.999898	0.998964	0.996408	0
PBE25638_skip_873b4ebd_a0d787db_139.pod5	21fe156b-7867-42b3-9f28-a794db7625ce	a0d787db021a56fb511c873173417fd72e8840ce	1524	1	171648	180.132	171648	180.024	71054	24.4375	unclassified	chr3	109755395	109826497	0	71054	+	71194	70962	70766	92	140	196	60	1	0.997238	0.993988	0
PBE25638_skip_873b4ebd_a0d787db_139.pod5	5e1a2c7a-3e26-44dd-8792-288c6a11a713	a0d787db021a56fb511c873173417fd72e8840ce	1131	2	171886	127.148	171886	127.03	46980	27.972	unclassified	chr11	116104517	116140790	10475	46974	+	36546	36226	36186	273	47	40	60	0.776905	0.998896	0.990149	0
PBE25638_skip_873b4ebd_a0d787db_139.pod5	6ac4570b-956c-48e2-8706-7ddefff676df	a0d787db021a56fb511c873173417fd72e8840ce	1193	2	171937	122.148	171937	121.976	44164	27.8385	unclassified	chr5	35201834	35246034	0	44158	+	44234	44124	44094	34	76	30	60	0.999864	0.99932	0.996835	0
PBE25638_skip_873b4ebd_a0d787db_139.pod5	e64c8719-0d60-4270-89e2-f7c8ddcbd0fc	a0d787db021a56fb511c873173417fd72e8840ce	1445	1	171737	138.547	171737	138.416	51436	25.1343	unclassified	chr3	42109432	42160904	0	51428	+	51587	51313	51240	115	159	73	60	0.999844	0.998577	0.993273	0
PBE25638_skip_873b4ebd_a0d787db_139.pod5	a5fe886e-7ef1-4004-aa6e-ff23cc631eef	a0d787db021a56fb511c873173417fd72e8840ce	1602	1	171628	175.274	171628	175.272	55580	24.7749	unclassified	chr3	72214501	72269988	6	55424	-	55582	55323	55222	95	164	101	60	0.997085	0.998174	0.993523	0
PBE25638_skip_873b4ebd_a0d787db_139.pod5	643e4446-0c15-40d1-b499-caa0207d38af	a0d787db021a56fb511c873173417fd72e8840ce	1144	2	171840	150.93	171840	150.764	41485	28.7849	unclassified	chr11	35829709	35871200	6	41485	-	41544	41426	41343	53	65	83	60	0.999855	0.997996	0.995162	0
PBE25638_skip_873b4ebd_a0d787db_139.pod5	948283a7-1f11-4d33-b920-9ec3940a9ce3	a0d787db021a56fb511c873173417fd72e8840ce	1810	3	171936	180.072	171937	179.897	43128	31.6035	unclassified	chr5	34409765	34452859	1	43121	+	43189	43025	42792	95	69	233	60	0.999815	0.994585	0.990808	0
PBE25638_skip_873b4ebd_a0d787db_139.pod5	8382c6bf-abb3-4e02-bf07-c2a519d70d88	a0d787db021a56fb511c873173417fd72e8840ce	1620	4	172019	150.444	172020	150.27	47817	31.5678	unclassified	chr15	73138516	73186325	0	47810	+	47842	47777	47752	33	32	25	60	0.999854	0.999477	0.998119	0
PBE25638_skip_873b4ebd_a0d787db_139.pod5	68535a60-0df3-4cef-8c36-00ad32e31896	a0d787db021a56fb511c873173417fd72e8840ce	1475	1	172013	136.645	172013	136.536	56396	25.3973	unclassified	chr13	20136746	20193159	0	56389	+	56502	56300	56153	89	113	147	60	0.999876	0.997389	0.993823	0
PBE25638_skip_873b4ebd_a0d787db_139.pod5	9527c729-8ba4-41e6-a496-95beacbe5f31	a0d787db021a56fb511c873173417fd72e8840ce	1131	2	171748	126.03	171748	126.028	52205	29.7305	unclassified	chr16	28749536	28801797	35	52198	+	52360	52064	51950	99	197	114	60	0.999195	0.99781	0.99217	0
PBE25638_skip_873b4ebd_a0d787db_139.pod5	36ae5b7a-fe9a-46a4-b8de-0a41a693cd87	a0d787db021a56fb511c873173417fd72e8840ce	1953	3	172255	151.102	172255	150.937	42610	15.8631	unclassified	chr4	87152992	87193033	2566	42610	-	40079	40006	39961	38	35	45	60	0.939779	0.998875	0.997056	0
PBE25638_skip_873b4ebd_a0d787db_139.pod5	d0fdfded-794a-4837-816d-3e91fec01188	a0d787db021a56fb511c873173417fd72e8840ce	1110	4	172016	141.063	172016	141.061	48742	28.898	unclassified	chr18	58824234	58872757	7	48706	-	48738	48484	48445	215	39	39	60	0.999118	0.999196	0.993988	0
PBE25638_skip_873b4ebd_a0d787db_139.pod5	b5d4bea4-88fc-43c0-b742-b21ce6243a1e	a0d787db021a56fb511c873173417fd72e8840ce	1729	4	171793	212.068	171793	211.943	81616	27.7742	unclassified	chr4	139149122	139230744	0	81609	+	81774	81457	81327	152	165	130	60	0.999914	0.998404	0.994534	0
PBE25638_skip_873b4ebd_a0d787db_139.pod5	259cbe35-2a5e-4651-82c0-bd1f04154505	a0d787db021a56fb511c873173417fd72e8840ce	1729	4	172116	177.708	172116	177.706	67826	26.4972	unclassified	chr17	53960755	54028583	33	67819	+	67890	67724	67632	62	104	92	60	0.99941	0.998642	0.9962	0
PBE25638_skip_873b4ebd_a0d787db_139.pod5	2e6eab8e-914c-49b4-8648-648a30ea5c5f	a0d787db021a56fb511c873173417fd72e8840ce	1524	1	172206	120.853	172207	120.746	59374	20.6248	unclassified	chr3	105607674	105667054	8	59374	-	59652	59094	58799	272	286	295	60	0.999865	0.995008	0.9857	0
PBE25638_skip_873b4ebd_a0d787db_139.pod5	2d97271f-d76e-48e9-ba46-8414589a62ad	a0d787db021a56fb511c873173417fd72e8840ce	1988	3	171956	143.289	171957	143.149	52284	28.7933	unclassified	chr4	143661817	143714088	0	52278	+	52346	52203	52106	75	68	97	60	0.999885	0.998142	0.995415	0
PBE25638_skip_873b4ebd_a0d787db_139.pod5	88afdfbf-0283-4c24-8420-37e03bc97f90	a0d787db021a56fb511c873173417fd72e8840ce	1614	1	172315	132.451	172315	132.286	49533	28.8673	unclassified	chr9	97560380	97609901	7	49533	-	49564	49483	49455	43	38	28	60	0.999859	0.999434	0.997801	0
PBE25638_skip_873b4ebd_a0d787db_139.pod5	787c4f2a-f417-479e-a9dd-8fe5a5322091	a0d787db021a56fb511c873173417fd72e8840ce	1223	1	171894	228.078	171894	228.076	74413	26.2	unclassified	chr18	8387924	8462302	7	74383	-	74471	74283	74084	93	95	199	60	0.999503	0.997321	0.994803	0
PBE25638_skip_873b4ebd_a0d787db_139.pod5	8589cf07-f0dc-4385-95e6-274f01c8d432	a0d787db021a56fb511c873173417fd72e8840ce	1936	4	170671	747.112	170671	747.11	181832	2.98048	unclassified	chr2	32916324	32916548	133281	133496	+	224	215	215	0	9	0	1	0.00118241	1	0.959821	0
PBE25638_skip_873b4ebd_a0d787db_139.pod5	3caaa276-3d90-4dd9-a200-fca13172e677	a0d787db021a56fb511c873173417fd72e8840ce	1619	4	172333	129.424	172333	129.284	47544	28.163	unclassified	chr6	49621786	49669325	18	47544	-	47587	47478	47412	48	61	66	60	0.999621	0.99861	0.996323	0
PBE25638_skip_873b4ebd_a0d787db_139.pod5	e31f53c7-f81d-4f4c-a2f3-4bdbecbc2639	a0d787db021a56fb511c873173417fd72e8840ce	1981	3	172160	163.279	172160	162.997	24779	21.4731	unclassified	chr2	235344388	235368952	0	24766	+	24777	24553	24464	213	11	89	60	0.999475	0.996375	0.987367	0
PBE25638_skip_873b4ebd_a0d787db_139.pod5	d01b9ba2-17b1-4f91-bbca-5ad0b57b7119	a0d787db021a56fb511c873173417fd72e8840ce	1263	1	172140	154.393	172140	154.291	66491	26.9929	unclassified	chr1	26082589	26149102	0	66484	+	66629	66368	66260	116	145	108	60	0.999895	0.998373	0.994462	0
PBE25638_skip_873b4ebd_a0d787db_139.pod5	de2cda76-a964-432e-8c99-55d856de5ec5	a0d787db021a56fb511c873173417fd72e8840ce	1810	3	172117	153.955	172118	153.616	63674	19.2185	unclassified	chr16	56004061	56067715	6	63674	-	64007	63315	62861	353	339	454	60	0.999906	0.99283	0.982096	0
PBE25638_skip_873b4ebd_a0d787db_139.pod5	ce6752fa-9616-4b1c-80b2-0fd3c385744a	a0d787db021a56fb511c873173417fd72e8840ce	1953	3	171647	297.21	171647	297.208	50454	7.42118	unclassified	chr9	129335161	129363537	19623	48112	-	30164	26701	24544	1788	1675	2157	60	0.564653	0.919217	0.813685	0
PBE25638_skip_873b4ebd_a0d787db_139.pod5	5d5dd7a0-c3e0-4a1c-9c2e-5833f5b62052	a0d787db021a56fb511c873173417fd72e8840ce	1158	2	172205	148.957	172205	148.841	57051	29.3489	unclassified	chr15	33616729	33673755	0	57049	+	57100	56975	56862	74	51	113	60	0.999965	0.998017	0.995832	0
PBE25638_skip_873b4ebd_a0d787db_139.pod5	d7f92a06-f8d2-48e6-a3d6-a625f8c7e668	a0d787db021a56fb511c873173417fd72e8840ce	1072	3	172252	159.331	172252	159.22	62235	23.0794	unclassified	chr8	35057306	35119647	6	62235	-	62505	62065	61824	164	276	241	60	0.999904	0.996117	0.989105	0
PBE25638_skip_873b4ebd_a0d787db_139.pod5	02ed6187-6369-4da5-9ffb-bcdc9eed2707	a0d787db021a56fb511c873173417fd72e8840ce	1184	1	172439	157.32	172439	157.318	57468	26.9153	unclassified	chr13	35217039	35274465	38	57461	+	57496	57353	57307	70	73	46	60	0.999217	0.999198	0.996713	0
PBE25638_skip_873b4ebd_a0d787db_139.pod5	b628ef66-eacf-44c3-ad72-c4293a23151a	a0d787db021a56fb511c873173417fd72e8840ce	1475	1	172179	175.051	172179	174.916	52642	25.6602	unclassified	chr14	31300687	31353489	0	52634	+	52908	52528	52445	106	274	83	60	0.999848	0.99842	0.991249	0
PBE25638_skip_873b4ebd_a0d787db_139.pod5	dda265ad-2f0c-416a-af5c-61e6635a4bac	a0d787db021a56fb511c873173417fd72e8840ce	1278	3	172325	125.371	172325	125.204	46899	28.4877	unclassified	chr3	11422300	11469203	0	46895	+	46967	46831	46748	64	72	83	60	0.999915	0.998228	0.995337	0
PBE25638_skip_873b4ebd_a0d787db_139.pod5	febc59b3-897a-49a8-b464-975d7ffa3af0	a0d787db021a56fb511c873173417fd72e8840ce	1750	1	172405	151.872	172405	151.583	46771	31.7461	unclassified	chr11	80033390	80080172	3	46771	-	46808	46742	46700	26	40	42	60	0.999936	0.999101	0.997693	0
PBE25638_skip_873b4ebd_a0d787db_139.pod5	e579465a-3471-44bc-a2fa-dfb40f8c8c09	a0d787db021a56fb511c873173417fd72e8840ce	1225	4	172132	163.983	172132	163.981	65238	35.8009	unclassified	chr1	124149520	124162210	26595	39291	+	12707	12679	11383	17	11	1296	1	0.194611	0.897784	0.895805	0
PBE25638_skip_873b4ebd_a0d787db_139.pod5	b23c4416-955c-446a-b1d2-f6d29ce324a6	a0d787db021a56fb511c873173417fd72e8840ce	1444	3	172473	142.814	172473	142.698	48613	29.8548	unclassified	chr6	139642112	139690751	0	48606	+	48690	48555	48494	51	84	61	60	0.999856	0.998744	0.995975	0
PBE25638_skip_873b4ebd_a0d787db_139.pod5	e17a20d8-fed8-49b5-ac26-dc50707fb2db	a0d787db021a56fb511c873173417fd72e8840ce	1661	4	172306	146.821	172306	146.652	45711	20.5983	unclassified	chr10	13754684	13800406	12	45711	-	45919	45502	45243	197	220	259	60	0.999738	0.994308	0.985278	0
PBE25638_skip_873b4ebd_a0d787db_139.pod5	c11f5af3-2832-4e97-801f-a2628025e4a6	a0d787db021a56fb511c873173417fd72e8840ce	1236	4	172183	192.068	172183	191.89	73227	29.9097	unclassified	chr8	42153001	42219719	9	66991	-	67091	66609	66554	373	109	55	60	0.914717	0.999174	0.991996	0
PBE25638_skip_873b4ebd_a0d787db_139.pod5	a051b24e-a56d-4cca-82b2-9abf37c458ea	a0d787db021a56fb511c873173417fd72e8840ce	1936	4	171427	643.253	171427	643.251	117362	3.23123	unclassified	chr16	32805621	32807578	69661	71619	+	2127	1788	1400	170	169	388	1	0.0166834	0.782998	0.658204	0
PBE25638_skip_873b4ebd_a0d787db_139.pod5	bfd5744e-a7af-4f06-be5a-944e0f532ecf	a0d787db021a56fb511c873173417fd72e8840ce	1815	1	172482	151.184	172482	151.114	50004	24.2233	unclassified	chr11	99264442	99314495	4	49996	+	50145	49900	49770	92	153	130	60	0.99976	0.997395	0.992522	0
PBE25638_skip_873b4ebd_a0d787db_139.pod5	c8a8f61c-e892-4ff5-a631-db5929a1c1c1	a0d787db021a56fb511c873173417fd72e8840ce	1445	1	172445	122.117	172445	122.115	49515	25.0662	unclassified	chr20	32982560	33032013	38	49508	+	49552	49371	49234	99	82	137	60	0.999091	0.997225	0.993582	0
PBE25638_skip_873b4ebd_a0d787db_139.pod5	5b3af9c2-c2d1-4feb-804e-a228dd971cf4	a0d787db021a56fb511c873173417fd72e8840ce	1905	1	172146	197.855	172146	197.853	62869	10.115	unclassified	chr22	19550446	19615598	39	62837	+	67133	60817	57376	1981	4335	3441	60	0.998871	0.94342	0.854662	0
PBE25638_skip_873b4ebd_a0d787db_139.pod5	0e58446e-a719-4048-a106-cba8072033cc	a0d787db021a56fb511c873173417fd72e8840ce	1131	2	172449	147.676	172449	147.545	48780	27.9346	unclassified	chr14	77653349	77702186	10	48780	-	48950	48657	48507	113	180	150	60	0.999795	0.996917	0.99095	0
PBE25638_skip_873b4ebd_a0d787db_139.pod5	e2e45498-03ea-42bd-ad12-fea988392dda	a0d787db021a56fb511c873173417fd72e8840ce	1274	3	172470	130.175	172470	130.173	51474	30.7302	unclassified	chr2	170420156	170471630	0	51441	-	51508	51407	51340	34	67	67	60	0.999359	0.998697	0.996738	0
PBE25638_skip_873b4ebd_a0d787db_139.pod5	eab08749-f18f-4e38-9429-fa25c6f0db63	a0d787db021a56fb511c873173417fd72e8840ce	1631	1	172226	285.46	172227	285.301	91669	27.1568	unclassified	chr12	6900489	6989435	1	91669	-	91854	88760	88538	2908	186	222	60	0.999989	0.997499	0.963899	0
PBE25638_skip_873b4ebd_a0d787db_139.pod5	c5d6d246-abc3-4aed-b5c1-5f6b43db86cd	a0d787db021a56fb511c873173417fd72e8840ce	1619	4	172732	124.174	172732	124.042	43407	28.0863	unclassified	chr4	110760743	110804104	0	43387	+	43436	43312	43230	75	49	82	60	0.999539	0.998107	0.995257	0
PBE25638_skip_873b4ebd_a0d787db_139.pod5	65fc25ae-3479-46d0-8cf0-8efdc9895ca2	a0d787db021a56fb511c873173417fd72e8840ce	1131	2	172699	135.712	172699	135.57	43273	30.9205	unclassified	chr1	102560990	102604602	4	43273	-	43660	43221	43158	48	391	63	60	0.999908	0.998542	0.988502	0
PBE25638_skip_873b4ebd_a0d787db_139.pod5	6fc8d52f-0288-43a1-97e8-1b94d80847b9	a0d787db021a56fb511c873173417fd72e8840ce	1380	2	172304	147.595	172304	147.444	71677	24.9749	unclassified	chr5	144802400	144874076	0	71670	+	71846	71500	71333	170	176	167	60	0.999902	0.997664	0.99286	0
PBE25638_skip_873b4ebd_a0d787db_139.pod5	57a8d8f7-4385-4a95-bd7f-0290cdbde075	a0d787db021a56fb511c873173417fd72e8840ce	1614	1	172672	168.895	172672	168.776	65652	29.3176	unclassified	chr8	106484573	106550313	0	65646	+	65799	65587	65511	59	153	76	60	0.999909	0.998841	0.995623	0
PBE25638_skip_873b4ebd_a0d787db_139.pod5	1020b149-d84d-4c03-8262-53e6f6587894	a0d787db021a56fb511c873173417fd72e8840ce	1306	2	172229	177.016	172230	176.812	65163	22.161	unclassified	chr11	45640476	45705668	3	65163	-	65402	64950	64736	210	242	214	60	0.999954	0.996705	0.989817	0
PBE25638_skip_873b4ebd_a0d787db_139.pod5	d5ae1527-2e25-44e6-955d-064e89df2970	a0d787db021a56fb511c873173417fd72e8840ce	1562	4	172464	263.382	172464	263.38	36281	6.96039	unclassified	chr7	73510623	73535731	0	36255	-	36728	24635	24107	11620	473	528	60	0.999283	0.978567	0.656366	0
PBE25638_skip_873b4ebd_a0d787db_139.pod5	3ece42f3-d99a-4f19-8e47-bed1c12310cb	a0d787db021a56fb511c873173417fd72e8840ce	1661	4	172581	132.894	172581	132.728	42774	19.2624	unclassified	chr11	131764107	131806857	0	42774	+	42991	42533	42241	241	217	292	60	1	0.993135	0.982554	0
PBE25638_skip_873b4ebd_a0d787db_139.pod5	7c68882c-8bb4-45da-9992-10cd0bc69b58	a0d787db021a56fb511c873173417fd72e8840ce	1815	1	172789	161.018	172790	160.799	38061	24.4095	unclassified	chr3	161062332	161100441	8	38061	-	38161	38001	37938	52	108	63	60	0.99979	0.998342	0.994156	0
PBE25638_skip_873b4ebd_a0d787db_139.pod5	52bbf960-21a3-4281-a3c8-faf5a57cff93	a0d787db021a56fb511c873173417fd72e8840ce	1198	2	173312	2.214	173312	2.214	581	2.0964	unclassified	*	-1	-1	-1	-1	*	0	0	0	0	0	0	0	0	0	0	0
PBE25638_skip_873b4ebd_a0d787db_139.pod5	4d4f78d1-71a0-4c75-859e-4280f5fbdaff	a0d787db021a56fb511c873173417fd72e8840ce	1504	2	172511	124.22	172511	124.072	45362	25.7575	unclassified	chr21	8427336	8472360	0	44551	+	45475	44100	43966	451	924	134	40	0.982122	0.996961	0.966817	0
PBE25638_skip_873b4ebd_a0d787db_139.pod5	5f008937-9cc5-442d-bb90-fdf3c65712f8	a0d787db021a56fb511c873173417fd72e8840ce	1772	3	172823	175.64	172823	175.448	41864	29.6537	unclassified	chr6	76984292	77026136	0	41851	+	41888	41807	41761	44	37	46	60	0.999689	0.9989	0.996968	0
PBE25638_skip_873b4ebd_a0d787db_139.pod5	9ccb56cb-f627-4a8c-a9e0-1bbd84d10882	a0d787db021a56fb511c873173417fd72e8840ce	1285	3	173020	148.073	173020	148.071	44726	10.3654	unclassified	chr16	32125377	32162455	34	37004	+	37206	36842	36560	128	236	282	1	0.826589	0.992346	0.982637	0
PBE25638_skip_873b4ebd_a0d787db_139.pod5	efcbb183-d27d-4dd7-9e8b-9b871616163e	a0d787db021a56fb511c873173417fd72e8840ce	1380	2	172761	142.047	172762	141.9	58643	25.7225	unclassified	chr10	88247766	88306421	7	58643	-	58719	58572	58468	64	83	104	60	0.999881	0.998224	0.995725	0
PBE25638_skip_873b4ebd_a0d787db_139.pod5	da31ed6e-7dc9-45ca-ae47-eacf893caa37	a0d787db021a56fb511c873173417fd72e8840ce	1155	4	172817	117.535	172817	117.45	54464	19.0644	unclassified	chr5	100750896	100805526	3	54464	-	54856	54235	53873	226	395	362	60	0.999945	0.993325	0.98208	0
PBE25638_skip_873b4ebd_a0d787db_139.pod5	a16debff-1912-4735-800a-dff56ac74043	a0d787db021a56fb511c873173417fd72e8840ce	1772	3	172503	124.67	172503	124.537	47674	27.3553	unclassified	chr13	106577786	106625475	7	47674	-	47739	47617	47524	50	72	93	60	0.999853	0.998047	0.995496	0
PBE25638_skip_873b4ebd_a0d787db_139.pod5	3685f806-f385-4b6c-8857-edf813823e3b	a0d787db021a56fb511c873173417fd72e8840ce	1198	2	172326	204.735	172327	204.569	77542	28.8521	unclassified	chr4	53210422	53287933	10	77542	-	77641	77402	77235	130	109	167	60	0.999871	0.997842	0.994771	0
PBE25638_skip_873b4ebd_a0d787db_139.pod5	1850b288-003b-47df-b27f-47f4f041a61a	a0d787db021a56fb511c873173417fd72e8840ce	1328	1	173230	180.542	173230	180.54	54836	25.2411	unclassified	chr4	64469234	64524093	37	54827	+	54977	54672	54405	118	187	267	60	0.999161	0.995116	0.989596	0
PBE25638_skip_873b4ebd_a0d787db_139.pod5	b2d9af16-b1f6-4ace-b2c8-2200ce499f3d	a0d787db021a56fb511c873173417fd72e8840ce	1936	4	172135	443.568	172135	443.566	104494	2.98603	unclassified	chr5	1781614	1781794	24350	24529	+	181	178	161	1	2	17	0	0.00171302	0.904494	0.889503	0
PBE25638_skip_873b4ebd_a0d787db_139.pod5	e6746e17-a4c2-448a-83ef-cff962a410bb	a0d787db021a56fb511c873173417fd72e8840ce	1373	2	172792	145.258	172792	145.157	53958	29.1242	unclassified	chr5	44580606	44634587	0	53958	-	54010	53929	53858	29	52	71	60	1	0.998683	0.997186	0
PBE25638_skip_873b4ebd_a0d787db_139.pod5	8555aed6-cf8b-462c-a38f-7c5616c87047	a0d787db021a56fb511c873173417fd72e8840ce	1647	3	172550	293.43	172550	293.238	84504	30.4984	unclassified	chr2	9788401	9873203	0	84501	+	84927	84376	84202	125	426	174	60	0.999964	0.997938	0.991463	0
PBE25638_skip_873b4ebd_a0d787db_139.pod5	04e0f95d-ec16-4d1d-90bb-c37f49890d8e	a0d787db021a56fb511c873173417fd72e8840ce	1631	1	173068	145.496	173068	145.494	52115	27.4122	unclassified	chr21	8397582	8449041	19	52103	+	52410	51133	50893	951	326	240	60	0.999405	0.995306	0.971055	0
PBE25638_skip_873b4ebd_a0d787db_139.pod5	e7b771ca-e96f-4358-a8c8-62fea04a715b	a0d787db021a56fb511c873173417fd72e8840ce	1278	3	173274	141.129	173274	141.001	56044	26.7441	unclassified	chr6	121679491	121735560	0	56037	+	56147	55959	55867	78	110	92	60	0.999875	0.998356	0.995013	0
PBE25638_skip_873b4ebd_a0d787db_139.pod5	e65bd843-95b0-48a6-b3bd-d480d03d9343	a0d787db021a56fb511c873173417fd72e8840ce	1602	1	172568	210.789	172568	210.685	83452	31.0432	unclassified	chr13	77132895	77216282	8	83452	-	83518	83313	83223	131	74	90	60	0.999904	0.99892	0.996468	0
PBE25638_skip_873b4ebd_a0d787db_139.pod5	5b701c8a-044d-4158-a58c-b39b8c22bd60	a0d787db021a56fb511c873173417fd72e8840ce	1562	4	172982	157.69	172982	157.688	63138	25.0753	unclassified	chr19	1838628	1901843	32	63132	+	63329	62986	62807	114	229	179	60	0.999398	0.997158	0.991757	0
PBE25638_skip_873b4ebd_a0d787db_139.pod5	a848af83-0e64-48a5-a29c-80985f18bf05	a0d787db021a56fb511c873173417fd72e8840ce	1198	2	173315	131.388	173315	131.293	54397	25.6259	unclassified	chr3	104045386	104099682	0	54389	+	54539	54146	53979	243	150	167	60	0.999853	0.996916	0.989732	0
PBE25638_skip_873b4ebd_a0d787db_139.pod5	c0e59880-7cdd-45dd-a2f5-2adee76b59a3	a0d787db021a56fb511c873173417fd72e8840ce	1524	1	173347	128.008	173347	127.871	35828	28.5983	unclassified	chr12	13038382	13074210	9	35828	-	35864	35783	35740	36	45	43	60	0.999749	0.998798	0.996543	0
PBE25638_skip_873b4ebd_a0d787db_139.pod5	1f40c81c-cfff-4d44-8463-13287407691f	a0d787db021a56fb511c873173417fd72e8840ce	1072	3	173243	162.025	173243	161.933	63876	23.2389	unclassified	chr8	26815829	26879716	8	63876	-	64060	63695	63446	173	192	249	60	0.999875	0.996091	0.990415	0
PBE25638_skip_873b4ebd_a0d787db_139.pod5	8fcd210a-1f92-46b5-abab-0047df13f769	a0d787db021a56fb511c873173417fd72e8840ce	1373	2	173078	185.019	173078	184.886	72652	26.7858	unclassified	chrY	11829784	11902508	1	72652	-	72774	72601	72531	50	123	70	60	0.999986	0.999036	0.996661	0
PBE25638_skip_873b4ebd_a0d787db_139.pod5	6d060705-3c60-4dcc-8a7a-2ca32055fdd3	a0d787db021a56fb511c873173417fd72e8840ce	1810	3	172799	167.83	172799	167.828	60470	28.2485	unclassified	chr20	24189957	24250449	36	60463	+	60559	60360	60110	67	132	250	60	0.999289	0.995858	0.992586	0
PBE25638_skip_873b4ebd_a0d787db_139.pod5	80ce8286-0c89-411d-b095-b94b86767a00	a0d787db021a56fb511c873173417fd72e8840ce	1750	1	173386	116.359	173386	116.239	37364	30.1484	unclassified	chr5	124833424	124870833	0	37364	-	37444	37329	37307	35	80	22	60	1	0.999411	0.996341	0
PBE25638_skip_873b4ebd_a0d787db_139.pod5	32d71324-5e08-4a49-b6a6-0f783cd0c990	a0d787db021a56fb511c873173417fd72e8840ce	1815	1	173110	222.769	173111	222.594	65956	21.9212	unclassified	chr1	86167515	86232883	6	65956	-	66124	65194	64992	756	174	202	60	0.999909	0.996902	0.982881	0
PBE25638_skip_873b4ebd_a0d787db_139.pod5	28d36e9d-13fe-4a09-90b7-3f1137e951d8	a0d787db021a56fb511c873173417fd72e8840ce	1285	3	173322	210.77	173323	210.565	52661	22.1216	unclassified	chr1	240688840	240741218	7	52661	-	52719	52313	52246	341	65	67	60	0.999867	0.998719	0.991028	0
PBE25638_skip_873b4ebd_a0d787db_139.pod5	49abe106-00d8-4491-ae29-27c3503b247a	a0d787db021a56fb511c873173417fd72e8840ce	1144	2	173415	138.105	173415	137.988	50553	27.2395	unclassified	chr10	49870227	49920786	1	50546	+	50614	50490	50392	55	69	98	60	0.999842	0.998059	0.995614	0
PBE25638_skip_873b4ebd_a0d787db_139.pod5	8d0dd4c1-4bce-4a14-86a7-82bc9b0c3a50	a0d787db021a56fb511c873173417fd72e8840ce	1373	2	173364	124.038	173364	123.919	46936	27.3618	unclassified	chr8	42653652	42700624	5	46936	-	47042	46861	46746	70	111	115	60	0.999893	0.997546	0.993708	0
PBE25638_skip_873b4ebd_a0d787db_139.pod5	1eb55f32-4b87-458b-83d2-6ade1f9a9b3a	a0d787db021a56fb511c873173417fd72e8840ce	1380	2	173725	121.684	173726	121.522	34747	30.6536	unclassified	chr6	49304205	49338931	0	34740	+	34785	34681	34586	59	45	95	60	0.999799	0.997261	0.994279	0
PBE25638_skip_873b4ebd_a0d787db_139.pod5	a898cf57-6090-422d-858f-72b305955e75	a0d787db021a56fb511c873173417fd72e8840ce	1614	1	173341	120.775	173342	120.674	47650	28.4309	unclassified	chr4	149013305	149061146	7	47650	-	47871	47613	47513	30	228	100	60	0.999853	0.9979	0.992522	0
PBE25638_skip_873b4ebd_a0d787db_139.pod5	badfb0ae-0243-4f5a-a22e-5127754d9919	a0d787db021a56fb511c873173417fd72e8840ce	1158	2	173406	169.284	173406	169.198	66751	26.6912	unclassified	chr13	98930882	98997652	1	66745	+	66837	66677	66597	67	93	80	60	0.999895	0.9988	0.996409	0
PBE25638_skip_873b4ebd_a0d787db_139.pod5	7eec4c11-2a0c-4f36-b57c-bf2b5e3408df	a0d787db021a56fb511c873173417fd72e8840ce	1285	3	172606	300.825	172606	300.644	76413	20.3544	unclassified	chr6	2754024	2814437	15676	76404	+	60861	60280	60070	448	133	210	60	0.794734	0.996516	0.987003	0
PBE25638_skip_873b4ebd_a0d787db_139.pod5	82f319c4-cc61-44c7-8991-79071edc1294	a0d787db021a56fb511c873173417fd72e8840ce	1810	3	173392	193.426	173392	193.424	63761	28.8865	unclassified	chr13	86294919	86358632	6	63738	-	63797	63648	63567	84	65	81	60	0.999545	0.998727	0.996395	0
PBE25638_skip_873b4ebd_a0d787db_139.pod5	0c416c29-9503-43b3-9b74-808f06c06910	a0d787db021a56fb511c873173417fd72e8840ce	1619	4	173494	138.478	173494	138.331	36806	27.508	unclassified	chr10	47728324	47765068	7	36806	-	36842	36701	36643	98	43	58	60	0.99981	0.99842	0.994599	0
PBE25638_skip_873b4ebd_a0d787db_139.pod5	68764457-39d8-4a88-a188-142aa5e7b449	a0d787db021a56fb511c873173417fd72e8840ce	1285	3	173550	136.671	173550	136.543	36652	26.8011	unclassified	chr4	73891754	73928390	0	36644	+	36717	36563	36510	81	73	53	60	0.999782	0.99855	0.994362	0
PBE25638_skip_873b4ebd_a0d787db_139.pod5	f7727e35-5467-4e63-8f98-c969cc07eed5	a0d787db021a56fb511c873173417fd72e8840ce	1614	1	173521	188.546	173521	188.394	57698	30.4219	unclassified	chr12	93058357	93116077	0	57692	+	57780	57632	57574	60	88	58	60	0.999896	0.998994	0.996435	0
PBE25638_skip_873b4ebd_a0d787db_139.pod5	2772ccb8-e2db-4ae0-b1a0-1b006a496575	a0d787db021a56fb511c873173417fd72e8840ce	1110	4	173309	160.029	173309	159.914	64357	29.6998	unclassified	chr13	45046627	45111033	1	64357	+	64460	64302	64253	54	104	49	60	0.999984	0.999238	0.996789	0
PBE25638_skip_873b4ebd_a0d787db_139.pod5	d63edfdd-06da-4ee1-9515-8727941002ca	a0d787db021a56fb511c873173417fd72e8840ce	1562	4	173596	147.925	173596	147.845	56508	27.6076	unclassified	chr8	21038715	21093994	8	56508	-	56601	55178	55072	1322	101	106	60	0.999858	0.998079	0.972986	0
PBE25638_skip_873b4ebd_a0d787db_139.pod5	c8d41475-5815-4069-9031-6eb0d97d81b0	a0d787db021a56fb511c873173417fd72e8840ce	1204	3	173548	143.601	173548	143.508	50925	30.4499	unclassified	chr14	71139913	71175117	0	35188	+	35227	35165	35145	23	39	20	60	0.690977	0.999431	0.997672	0
PBE25638_skip_873b4ebd_a0d787db_139.pod5	6fe42881-dd0b-46a6-abe4-3e35421e0e48	a0d787db021a56fb511c873173417fd72e8840ce	1729	4	173396	267.69	173396	267.54	76977	28.496	unclassified	chr5	106421844	106498801	1	76977	-	77068	76865	76764	111	92	101	60	0.999987	0.998686	0.996055	0
PBE25638_skip_873b4ebd_a0d787db_139.pod5	bae20688-6792-4840-86fa-b2df0e007a0b	a0d787db021a56fb511c873173417fd72e8840ce	1815	1	173524	187.579	173524	187.381	54156	24.4587	unclassified	chr1	47312412	47366580	0	54156	+	54270	54054	53898	102	114	156	60	1	0.997114	0.993145	0
PBE25638_skip_873b4ebd_a0d787db_139.pod5	8f177392-2efc-4e84-b1f7-68e88cb7a265	a0d787db021a56fb511c873173417fd72e8840ce	1729	4	173713	126.946	173713	126.846	57722	26.896	unclassified	chr16	47394676	47452439	0	57722	+	57817	57668	57613	54	95	55	60	1	0.999046	0.996472	0
PBE25638_skip_873b4ebd_a0d787db_139.pod5	2d7714af-5b6b-4066-aa77-f30fc7cd7057	a0d787db021a56fb511c873173417fd72e8840ce	1328	1	173658	150.996	173658	150.824	44183	23.326	unclassified	chr4	97456190	97500263	7	44183	-	44241	44008	43959	168	65	49	60	0.999842	0.998887	0.993626	0
PBE25638_skip_873b4ebd_a0d787db_139.pod5	12385dca-5e93-4aec-b1eb-0b9189b3f285	a0d787db021a56fb511c873173417fd72e8840ce	1184	1	173309	228.369	173309	228.239	84556	26.5707	unclassified	chr13	69767975	69811228	0	43239	+	43286	43206	43166	33	47	40	60	0.511365	0.999074	0.997228	0
PBE25638_skip_873b4ebd_a0d787db_139.pod5	341c3b97-489a-4f5b-b341-44fe6aa81a68	a0d787db021a56fb511c873173417fd72e8840ce	1306	2	173573	190.606	173573	190.471	74048	23.8553	unclassified	chr2	57921062	57995116	0	74040	+	74212	73882	73755	158	172	127	60	0.999892	0.998281	0.993842	0
PBE25638_skip_873b4ebd_a0d787db_139.pod5	cf40f238-38e9-4b32-aa69-af7a587a4f2f	a0d787db021a56fb511c873173417fd72e8840ce	1647	3	173633	168.364	173633	168.24	54980	14.9558	unclassified	chr6	37208898	37257536	0	48882	+	48998	48522	48434	360	116	88	60	0.889087	0.998186	0.988489	0
PBE25638_skip_873b4ebd_a0d787db_139.pod5	9c6ec927-01eb-4733-ae96-4ff56c9947d3	a0d787db021a56fb511c873173417fd72e8840ce	1380	2	173411	213.852	173411	213.76	88024	28.0837	unclassified	chr5	156483772	156571819	8	88024	-	88155	87908	87742	108	139	166	60	0.999909	0.998112	0.995315	0
PBE25638_skip_873b4ebd_a0d787db_139.pod5	7ff0add8-5347-4c03-aa55-8dd9f61c8d75	a0d787db021a56fb511c873173417fd72e8840ce	1750	1	174003	125.205	174003	125.017	39459	33.6005	unclassified	chrX	139061842	139101306	0	39454	+	39479	39439	39433	15	25	6	60	0.999873	0.999848	0.998835	0
PBE25638_skip_873b4ebd_a0d787db_139.pod5	1e0bd5d1-ee5d-411f-ba42-83b97b87a69d	a0d787db021a56fb511c873173417fd72e8840ce	1184	1	173683	197.328	173683	197.111	36327	22.1109	unclassified	chr7	38241429	38269517	0	30916	+	30982	28022	27873	2894	66	149	60	0.851047	0.994683	0.899651	0
PBE25638_skip_873b4ebd_a0d787db_139.pod5	c873603f-f477-4b02-b6a9-ecc9f440a28c	a0d787db021a56fb511c873173417fd72e8840ce	1810	3	173788	149.942	173789	149.804	49111	25.5524	unclassified	chr19	4943072	4992072	0	49104	+	49244	48860	48729	244	140	131	60	0.999857	0.997319	0.989542	0
PBE25638_skip_873b4ebd_a0d787db_139.pod5	643075f7-a049-4fc6-8edb-7b9e32073072	a0d787db021a56fb511c873173417fd72e8840ce	1274	3	173897	131.288	173897	131.176	52242	26.9071	unclassified	chr17	77768215	77820161	0	52242	-	52332	51856	51701	386	90	155	60	1	0.997011	0.987942	0
PBE25638_skip_873b4ebd_a0d787db_139.pod5	34abbc76-33ab-47b5-83c8-5e84d391e470	a0d787db021a56fb511c873173417fd72e8840ce	1619	4	173804	171.376	173804	171.265	50999	29.349	unclassified	chr11	25476972	25527953	0	50999	+	51049	50931	50786	68	50	145	60	1	0.997153	0.994848	0
PBE25638_skip_873b4ebd_a0d787db_139.pod5	cb3a11fc-d789-4df4-879e-8c4a6676a0e9	a0d787db021a56fb511c873173417fd72e8840ce	1198	2	174136	122.784	174136	122.692	45644	26.7853	unclassified	chr11	84945952	84991308	2	45644	-	45710	45288	45213	354	68	75	60	0.999956	0.998344	0.989127	0
PBE25638_skip_873b4ebd_a0d787db_139.pod5	26bd6b07-07f2-4d6e-9898-f6e3fa8e761c	a0d787db021a56fb511c873173417fd72e8840ce	1815	1	173954	147.882	173954	147.88	44249	22.4402	unclassified	chr18	50410099	50449915	8	39800	-	39905	39703	39521	89	113	182	60	0.899275	0.995416	0.990377	0
PBE25638_skip_873b4ebd_a0d787db_139.pod5	d5e3b27b-e625-436f-a726-8ba6169bffc2	a0d787db021a56fb511c873173417fd72e8840ce	1504	2	173959	125.654	173959	125.652	52908	20.9301	unclassified	chr12	130664307	130716732	500	52902	+	52572	52255	52086	147	170	169	60	0.990436	0.996766	0.990756	0
PBE25638_skip_873b4ebd_a0d787db_139.pod5	0ad18431-1102-4535-b743-bc262b183c54	a0d787db021a56fb511c873173417fd72e8840ce	1285	3	173892	309.536	173892	309.305	79037	21.4734	unclassified	chr4	36929089	37007765	0	79030	+	79236	78470	78198	560	206	272	60	0.999911	0.996534	0.9869	0
PBE25638_skip_873b4ebd_a0d787db_139.pod5	6a3348ac-ed9e-46d3-a885-97f17dbd32cd	a0d787db021a56fb511c873173417fd72e8840ce	1328	1	173996	138.697	173997	138.558	53698	25.4125	unclassified	chr3	105105191	105158913	0	53698	+	53824	53596	53445	102	126	151	60	1	0.997183	0.992959	0
PBE25638_skip_873b4ebd_a0d787db_139.pod5	b6013120-53a1-4b95-b6e8-9e94faf0d7fd	a0d787db021a56fb511c873173417fd72e8840ce	1110	4	173939	192.822	173939	192.732	76311	28.2121	unclassified	chrX	33733966	33810288	6	76311	-	76394	76233	76150	72	89	83	60	0.999921	0.998911	0.996806	0
PBE25638_skip_873b4ebd_a0d787db_139.pod5	63333101-fb7e-443a-b99b-6055ee05293e	a0d787db021a56fb511c873173417fd72e8840ce	1278	3	174022	132.124	174022	132.016	47424	27.084	unclassified	chr9	67682909	67730336	0	47417	+	47511	47333	47225	84	94	108	4	0.999852	0.997718	0.99398	0
PBE25638_skip_873b4ebd_a0d787db_139.pod5	8a54ce9a-041a-4dda-b48e-578b35f2636c	a0d787db021a56fb511c873173417fd72e8840ce	1455	2	174261	128.871	174261	128.77	46129	28.0323	unclassified	chr2	11926280	11972431	0	46129	+	46187	46093	46051	36	58	42	60	1	0.999089	0.997055	0
PBE25638_skip_873b4ebd_a0d787db_139.pod5	2f8e7c0b-694f-42a8-85fa-8043dc7be1ca	a0d787db021a56fb511c873173417fd72e8840ce	1278	3	174461	150.921	174461	150.793	53355	28.6568	unclassified	chr1	239174732	239228018	4	53355	-	53400	53237	53163	114	49	74	60	0.999925	0.99861	0.995562	0
PBE25638_skip_873b4ebd_a0d787db_139.pod5	7a274fe5-8483-4a55-8e91-ea4ede8f0991	a0d787db021a56fb511c873173417fd72e8840ce	1750	1	174142	165.853	174142	165.851	51987	33.2454	unclassified	chr4	121555408	121607388	38	51980	+	52016	51906	51835	36	74	71	60	0.999134	0.998632	0.99652	0
PBE25638_skip_873b4ebd_a0d787db_139.pod5	5a7781a6-4c57-4887-8bda-f1af9475e561	a0d787db021a56fb511c873173417fd72e8840ce	1123	3	174509	141.322	174510	141.218	40081	12.8559	unclassified	chr7	108532700	108570558	9	40081	-	40279	37651	37345	2421	207	306	60	0.999775	0.991873	0.927158	0
PBE25638_skip_873b4ebd_a0d787db_139.pod5	2dd5003c-8db1-4508-af07-e83c3b814ce8	a0d787db021a56fb511c873173417fd72e8840ce	1300	3	174231	145.097	174231	145.095	58015	27.7494	unclassified	chr18	46128277	46186573	8	57993	-	58396	57885	57790	100	411	95	60	0.999483	0.998359	0.989623	0
PBE25638_skip_873b4ebd_a0d787db_139.pod5	179f76a1-ee7c-473c-a27b-a24cb1430a1c	a0d787db021a56fb511c873173417fd72e8840ce	1750	1	174414	131.03	174415	130.907	41253	33.7503	unclassified	chr11	22927624	22968832	9	41253	-	41270	41182	41154	62	26	28	60	0.999782	0.99932	0.997189	0
PBE25638_skip_873b4ebd_a0d787db_139.pod5	2aae548a-c09a-4cf4-9bf8-9efa5fd6d332	a0d787db021a56fb511c873173417fd72e8840ce	1455	2	174502	126.954	174502	126.769	52990	27.3333	unclassified	chr4	85835872	85889142	5	52990	-	53374	52881	52727	104	389	154	60	0.999906	0.997088	0.987878	0
PBE25638_skip_873b4ebd_a0d787db_139.pod5	e2e817dc-c3ab-4c30-9343-9be9fac46636	a0d787db021a56fb511c873173417fd72e8840ce	1204	3	174125	169.367	174125	169.365	54023	32.7803	unclassified	chr4	164651273	164705266	22	54016	+	54032	53955	53839	39	38	116	60	0.999463	0.99785	0.996428	0
PBE25638_skip_873b4ebd_a0d787db_139.pod5	c79c1929-47a8-4c71-b5a7-fb1f6b703c22	a0d787db021a56fb511c873173417fd72e8840ce	1772	3	173836	229.141	173836	228.984	88912	29.3451	unclassified	chr13	54088893	54177604	145	88912	-	88831	88647	88470	120	64	177	60	0.998369	0.998003	0.995936	0
PBE25638_skip_873b4ebd_a0d787db_139.pod5	96c85b6d-282f-4fe7-b19c-6e3a0d79f064	a0d787db021a56fb511c873173417fd72e8840ce	1380	2	174146	168.69	174147	168.563	62491	27.752	unclassified	chr3	67707845	67770347	0	62484	+	62575	62411	62246	73	91	165	60	0.999888	0.997356	0.994742	0
PBE25638_skip_873b4ebd_a0d787db_139.pod5	7a8c280e-dae8-4baf-b41b-06029b443fd4	a0d787db021a56fb511c873173417fd72e8840ce	1619	4	174865	207.133	174865	206.968	43836	19.9619	unclassified	chr8	42021815	42064939	0	43140	+	43208	43056	43001	84	68	55	60	0.984123	0.998723	0.995209	0
PBE25638_skip_873b4ebd_a0d787db_139.pod5	52f8c797-59c0-45be-8185-5fe92556674f	a0d787db021a56fb511c873173417fd72e8840ce	1981	3	174573	192.578	174573	192.476	74163	29.5928	unclassified	chr3	144992920	145067014	7	74163	-	74245	74005	73831	151	89	174	60	0.999906	0.997649	0.994424	0
PBE25638_skip_873b4ebd_a0d787db_139.pod5	f190a7f4-b067-45db-8bf8-ccc8cefcd687	a0d787db021a56fb511c873173417fd72e8840ce	1380	2	174668	136.542	174668	136.363	45212	27.4424	unclassified	chr4	113099520	113144643	5	45212	-	45254	45076	44969	131	47	107	60	0.999889	0.997626	0.993702	0
PBE25638_skip_873b4ebd_a0d787db_139.pod5	681b0026-b22e-4f72-b8e3-f11a87f0766f	a0d787db021a56fb511c873173417fd72e8840ce	1278	3	174654	184.178	174654	183.929	44437	26.0924	unclassified	chr16	25816204	25860626	7	44437	-	44515	44337	44219	93	85	118	60	0.999842	0.997339	0.993351	0
PBE25638_skip_873b4ebd_a0d787db_139.pod5	d514b41a-2138-4bb3-a17e-9ec3b54c4dd5	a0d787db021a56fb511c873173417fd72e8840ce	1184	1	174831	111.24	174831	111.138	40905	25.184	unclassified	chr9	97210800	97251807	0	40903	+	41072	40838	40700	65	169	138	60	0.999951	0.996621	0.990943	0
PBE25638_skip_873b4ebd_a0d787db_139.pod5	ebfb0971-5469-49ec-8ba5-29165b2436b8	a0d787db021a56fb511c873173417fd72e8840ce	1619	4	175456	155.935	175456	155.802	51426	29.1403	unclassified	chr10	82848976	82900433	0	51426	+	51512	51371	51266	55	86	105	60	1	0.997956	0.995224	0
PBE25638_skip_873b4ebd_a0d787db_139.pod5	a274b97d-9216-40d1-be01-981d5d37c2a0	a0d787db021a56fb511c873173417fd72e8840ce	1120	3	175373	126.915	175373	126.787	50535	28.2663	unclassified	chr13	105720561	105771034	6	50535	-	50591	50411	50248	118	62	163	60	0.999881	0.996767	0.99322	0
PBE25638_skip_873b4ebd_a0d787db_139.pod5	b92d1eac-47fa-43d3-81bb-135b30f2b50b	a0d787db021a56fb511c873173417fd72e8840ce	1715	2	175481	22.8584	175481	22.7832	7144	14.7637	unclassified	chr4	136990056	136996769	0	6693	+	6726	6680	6661	13	33	19	60	0.93687	0.997156	0.990336	0
PBE25638_skip_873b4ebd_a0d787db_139.pod5	79c374ef-282b-4107-af16-3e3e6f214932	a0d787db021a56fb511c873173417fd72e8840ce	1306	4	175396	143.295	175396	143.293	55518	23.348	unclassified	chr22	34959810	35015316	36	55515	+	55648	55337	55147	142	169	190	60	0.999297	0.996566	0.990997	0
PBE25638_skip_873b4ebd_a0d787db_139.pod5	37a04ca3-2cf1-444e-8ae6-2d945cda2500	a0d787db021a56fb511c873173417fd72e8840ce	1135	3	175431	151.855	175431	151.751	39193	25.1734	unclassified	chr3	12727991	12767185	10	39193	-	39267	39110	39057	73	84	53	60	0.999745	0.998645	0.994652	0
PBE25638_skip_873b4ebd_a0d787db_139.pod5	d07ad553-768b-4539-86b1-b4010fb2dadc	a0d787db021a56fb511c873173417fd72e8840ce	1270	3	175552	139.634	175552	139.506	31188	25.2555	unclassified	chr11	92539580	92570769	9	31188	-	31283	31085	30970	94	104	115	60	0.999711	0.9963	0.989995	0
PBE25638_skip_873b4ebd_a0d787db_139.pod5	26b42357-9890-438c-9798-2b929d36a90d	a0d787db021a56fb511c873173417fd72e8840ce	1772	3	174104	167.706	174104	167.628	83010	24.9995	unclassified	chr4	35233125	35316145	0	83002	+	83183	82839	82665	163	181	174	60	0.999904	0.9979	0.993773	0
PBE25638_skip_873b4ebd_a0d787db_139.pod5	416ac7f0-ecdd-40be-87fe-140f0dc635ed	a0d787db021a56fb511c873173417fd72e8840ce	1174	4	175395	241.992	175395	241.99	56259	3.49239	unclassified	*	-1	-1	-1	-1	*	0	0	0	0	0	0	0	0	0	0	0
PBE25638_skip_873b4ebd_a0d787db_139.pod5	dca3b3fb-e6b6-4a35-94eb-0e31ee1e5b00	a0d787db021a56fb511c873173417fd72e8840ce	1981	3	174407	148.534	174407	148.532	65504	27.9692	unclassified	chr13	23262487	23328023	0	65467	-	65638	65365	65097	102	171	268	60	0.999435	0.9959	0.991758	0
PBE25638_skip_873b4ebd_a0d787db_139.pod5	7a18080e-31da-4e8d-9f60-18c226787935	a0d787db021a56fb511c873173417fd72e8840ce	1123	3	174922	149.483	174922	149.481	52744	11.3831	unclassified	chr22	11211331	11215343	13007	17150	+	4266	3889	3298	254	123	591	1	0.0785492	0.848033	0.77309	0
PBE25638_skip_873b4ebd_a0d787db_139.pod5	30b4a02f-8c8a-4bd6-8f79-b0fb534b3112	a0d787db021a56fb511c873173417fd72e8840ce	1570	1	175520	128.173	175521	128.016	35861	23.0445	unclassified	chr15	94989918	95025770	0	35856	+	35951	35757	35629	99	95	128	60	0.999861	0.99642	0.991043	0
PBE25638_skip_873b4ebd_a0d787db_139.pod5	f35b0042-29a0-4f2a-b811-9ddadf729dab	a0d787db021a56fb511c873173417fd72e8840ce	1274	3	174321	343.369	174321	343.238	94839	30.9368	unclassified	chr2	172442620	172537458	11	94839	-	94903	94763	94729	65	75	34	60	0.999884	0.999641	0.998167	0
PBE25638_skip_873b4ebd_a0d787db_139.pod5	cd1107e3-a213-4dfd-a11d-8e1e61ca04f8	a0d787db021a56fb511c873173417fd72e8840ce	1204	3	175641	129.21	175641	129.082	55014	26.355	unclassified	chr4	32970272	33025276	0	55009	+	55147	54866	54733	143	138	133	60	0.999909	0.997576	0.992493	0
PBE25638_skip_873b4ebd_a0d787db_139.pod5	cb59ddc7-5f86-431e-9ad8-fad09e9f422d	a0d787db021a56fb511c873173417fd72e8840ce	1144	2	174055	292.087	174055	291.985	110847	29.0046	unclassified	chr11	43352982	43463879	0	110841	+	110989	110749	110687	92	148	62	60	0.999946	0.99944	0.997279	0
PBE25638_skip_873b4ebd_a0d787db_139.pod5	a4b40d33-b9c2-4c4a-96ed-ff813605a53d	a0d787db021a56fb511c873173417fd72e8840ce	1538	2	175592	125.781	175592	125.779	39764	5.21977	unclassified	chr6	61670830	61676940	16292	22098	-	6465	5451	4674	355	659	777	12	0.146011	0.857457	0.72297	0
PBE25638_skip_873b4ebd_a0d787db_139.pod5	ff096d86-687b-4e0f-81c6-119b534ec09d	a0d787db021a56fb511c873173417fd72e8840ce	1339	3	175431	143.32	175431	143.185	55180	35.2466	unclassified	chr1	122599986	122606339	48828	55178	+	6357	6346	6080	4	7	266	1	0.115078	0.958084	0.956426	0
PBE25638_skip_873b4ebd_a0d787db_139.pod5	1960aa97-c375-422a-8c8a-458660e42b11	a0d787db021a56fb511c873173417fd72e8840ce	1172	1	175464	123.908	175464	123.778	44678	31.1166	unclassified	chr11	103886771	103931422	0	44671	+	44691	44631	44565	40	20	66	60	0.999843	0.998521	0.997181	0
PBE25638_skip_873b4ebd_a0d787db_139.pod5	27de1496-d0e3-403c-997d-d225d2cd0275	a0d787db021a56fb511c873173417fd72e8840ce	1423	3	175578	168.832	175578	168.83	66977	10.4725	unclassified	chr16	61519779	61582463	5262	66949	-	64218	60153	57165	1534	2531	2988	60	0.921018	0.950327	0.890171	0
PBE25638_skip_873b4ebd_a0d787db_139.pod5	b8610be4-aed4-410b-b37a-4091686328a7	a0d787db021a56fb511c873173417fd72e8840ce	1174	4	175714	156.678	175714	156.676	30728	3.8312	unclassified	chr5	121705250	121705643	29290	29743	+	462	384	347	69	9	37	1	0.0147423	0.903646	0.751082	0
PBE25638_skip_873b4ebd_a0d787db_139.pod5	1a07cf02-8c1c-40bf-9b39-0c4398ae75eb	a0d787db021a56fb511c873173417fd72e8840ce	1533	4	175633	127.093	175633	127.091	49592	24.3648	unclassified	chr12	116664084	116713648	36	49564	-	49658	49434	49324	94	130	110	60	0.998709	0.997775	0.993274	0
PBE25638_skip_873b4ebd_a0d787db_139.pod5	1d5ac397-09a3-4d20-b481-547529ec8f1e	a0d787db021a56fb511c873173417fd72e8840ce	1810	3	174738	142.459	174738	142.314	56510	20.8069	unclassified	chr11	57219740	57248257	0	28488	+	28556	28449	28384	39	68	65	60	0.504123	0.997715	0.993977	0
PBE25638_skip_873b4ebd_a0d787db_139.pod5	71d1f400-fcdd-45d9-984e-e28c25812250	a0d787db021a56fb511c873173417fd72e8840ce	1339	3	175577	130.746	175577	130.658	47476	25.5561	unclassified	chr12	131120739	131168266	0	47469	+	47626	47370	47196	99	157	174	60	0.999853	0.996327	0.990971	0
PBE25638_skip_873b4ebd_a0d787db_139.pod5	4eb9068d-07bb-4da3-a893-2ad8ef0cec34	a0d787db021a56fb511c873173417fd72e8840ce	1738	1	175629	148.455	175629	148.219	39642	24.5273	unclassified	chr6	70250788	70290422	10	39642	-	39734	39532	39484	100	102	48	60	0.999748	0.998786	0.993708	0
PBE25638_skip_873b4ebd_a0d787db_139.pod5	90fa97be-e33b-4a92-af52-37bb4b5c57af	a0d787db021a56fb511c873173417fd72e8840ce	1664	4	175420	169.958	175420	169.847	62695	28.1735	unclassified	chr5	116385736	116448436	6	62695	-	62777	62612	62518	77	88	94	60	0.999904	0.998499	0.995874	0
PBE25638_skip_873b4ebd_a0d787db_139.pod5	daa173bb-9463-4940-a5b3-b746018f6351	a0d787db021a56fb511c873173417fd72e8840ce	1788	4	174652	315.925	174652	315.636	79982	25.5594	unclassified	chr11	67875712	67955667	0	79973	+	80151	79777	79580	196	178	197	60	0.999887	0.997531	0.992876	0
PBE25638_skip_873b4ebd_a0d787db_139.pod5	25f4fd0c-abc9-4323-b741-e2aca857b8b5	a0d787db021a56fb511c873173417fd72e8840ce	1158	2	175618	169.719	175618	169.591	58758	31.8392	unclassified	chr2	40255480	40314207	0	58749	+	58819	58657	58548	92	70	109	60	0.999847	0.998142	0.995393	0
PBE25638_skip_873b4ebd_a0d787db_139.pod5	e8b6c6af-d4af-470c-929c-803d2ddfe6e2	a0d787db021a56fb511c873173417fd72e8840ce	1122	2	175428	157.639	175428	157.637	60260	28.9731	unclassified	chr17	82433932	82493586	26	60255	+	60326	59557	59432	672	97	125	60	0.999486	0.997901	0.98518	0
PBE25638_skip_873b4ebd_a0d787db_139.pod5	b8d77c05-cd28-448f-ac2a-1e9bd4ffa545	a0d787db021a56fb511c873173417fd72e8840ce	1104	2	175661	191.223	175661	191.221	75841	28.7991	unclassified	chr21	26841775	26917594	36	75833	+	75875	75741	75685	56	78	56	60	0.99942	0.999261	0.997496	0
PBE25638_skip_873b4ebd_a0d787db_139.pod5	f4c2ecc3-4cf4-49d2-8fc9-f789207d71f8	a0d787db021a56fb511c873173417fd72e8840ce	1620	4	174525	300.686	174525	300.544	114776	30.4015	unclassified	chr20	504371	599307	19846	114776	-	95055	94811	94693	119	125	118	60	0.827089	0.998755	0.996192	0
PBE25638_skip_873b4ebd_a0d787db_139.pod5	b3f6accf-b3b8-4753-9542-f01a317f1068	a0d787db021a56fb511c873173417fd72e8840ce	1124	4	173588	317.499	173588	317.497	139738	23.5778	unclassified	chr11	575518	641448	69708	139705	-	70167	65760	65634	4237	170	126	60	0.500916	0.998084	0.935397	0
PBE25638_skip_873b4ebd_a0d787db_139.pod5	978ec4f7-17d1-481c-8703-f9b9cb87c1f2	a0d787db021a56fb511c873173417fd72e8840ce	1664	4	175915	122.724	175915	122.515	30770	26.285	unclassified	chr20	33805287	33836017	0	30763	+	30802	30691	30649	72	39	42	60	0.999772	0.998632	0.995033	0
PBE25638_skip_873b4ebd_a0d787db_139.pod5	5a624dd6-d803-48e6-91d5-c13b70b83333	a0d787db021a56fb511c873173417fd72e8840ce	1274	3	175973	137.929	175974	137.669	54301	29.868	unclassified	chr3	173714152	173768480	0	54301	-	54367	54262	54188	39	66	74	60	1	0.998636	0.996708	0
PBE25638_skip_873b4ebd_a0d787db_139.pod5	57c8901e-4e36-40a9-99d7-4c0c1e838299	a0d787db021a56fb511c873173417fd72e8840ce	1212	2	175707	156.47	175707	156.34	59780	26.7166	unclassified	chr16	88999882	89057160	5	59780	-	59939	57114	57045	2661	164	69	60	0.999916	0.998792	0.951718	0
PBE25638_skip_873b4ebd_a0d787db_139.pod5	bee640ee-d6da-488b-9e81-25797f5be70d	a0d787db021a56fb511c873173417fd72e8840ce	1278	3	175745	143.155	175745	143.034	53421	27.9296	unclassified	chr5	170030531	170083970	0	53415	+	53471	53383	53315	32	56	68	60	0.999888	0.998726	0.997083	0
PBE25638_skip_873b4ebd_a0d787db_139.pod5	ba539d43-28e6-44e6-af3f-315619202a3e	a0d787db021a56fb511c873173417fd72e8840ce	1270	3	175844	139.879	175844	139.746	51790	30.9818	unclassified	chrX	11430353	11482170	0	51790	+	51845	51762	51690	28	55	72	60	1	0.998609	0.99701	0
PBE25638_skip_873b4ebd_a0d787db_139.pod5	2fd89e81-3d03-411b-924a-838793eafe9e	a0d787db021a56fb511c873173417fd72e8840ce	1601	1	175775	142.24	175775	142.084	48100	24.6752	unclassified	chr5	132634283	132682351	12	48100	-	48247	47909	47818	179	159	91	60	0.99975	0.998101	0.991108	0
PBE25638_skip_873b4ebd_a0d787db_139.pod5	4546d817-8990-4924-910e-92b19132bc31	a0d787db021a56fb511c873173417fd72e8840ce	1172	1	175970	131.273	175970	131.271	44120	14.5953	unclassified	chr3	10000	52249	2207	44067	-	42763	41346	40425	514	903	921	60	0.948776	0.977725	0.945327	0
PBE25638_skip_873b4ebd_a0d787db_139.pod5	23a16bc6-2295-411d-9b12-a4f702177763	a0d787db021a56fb511c873173417fd72e8840ce	1306	4	176065	127.626	176065	127.466	48611	22.9215	unclassified	chr18	56925019	56973654	9	48611	-	48725	48512	48388	90	123	124	60	0.999815	0.997444	0.993084	0
PBE25638_skip_873b4ebd_a0d787db_139.pod5	0b888e8f-e4fd-4538-a710-98cf54e64085	a0d787db021a56fb511c873173417fd72e8840ce	1221	2	175921	134.337	175921	134.335	33398	31.5332	unclassified	chr1	52757401	52790627	33	33395	+	33418	33170	33109	192	56	61	60	0.998922	0.998161	0.990753	0
PBE25638_skip_873b4ebd_a0d787db_139.pod5	7a594083-7ce5-42da-b437-6ee1babd0af7	a0d787db021a56fb511c873173417fd72e8840ce	1747	1	175626	165.313	175626	165.06	42688	27.6131	unclassified	chr10	129715573	129758279	0	42682	+	42753	42635	42530	47	71	105	60	0.999859	0.997537	0.994784	0
PBE25638_skip_873b4ebd_a0d787db_139.pod5	85206ab7-7f3c-477d-aa01-e5b342459574	a0d787db021a56fb511c873173417fd72e8840ce	1331	4	175861	134.349	175861	134.26	56851	27.2556	unclassified	chr4	80422023	80478892	0	56851	-	56919	56801	56731	50	68	70	60	1	0.998768	0.996697	0
PBE25638_skip_873b4ebd_a0d787db_139.pod5	d8e17047-e503-486d-991f-dee454c7b5bb	a0d787db021a56fb511c873173417fd72e8840ce	1212	2	176156	75.546	176156	75.45	29657	32.2866	unclassified	chr8	49502194	49531753	10	29657	-	29663	29543	29473	104	16	70	60	0.999663	0.997631	0.993595	0
PBE25638_skip_873b4ebd_a0d787db_139.pod5	d87b1ae3-8643-4630-9598-25de25601bd6	a0d787db021a56fb511c873173417fd72e8840ce	1620	4	175996	169.404	175996	169.201	45011	30.51	unclassified	chr5	155933016	155978008	0	45002	+	45029	44965	44937	37	27	28	60	0.9998	0.999377	0.997957	0
PBE25638_skip_873b4ebd_a0d787db_139.pod5	c04ae39e-d5e1-4aec-a2d5-1911c6057f08	a0d787db021a56fb511c873173417fd72e8840ce	1788	4	176112	124.602	176113	124.428	40076	27.3747	unclassified	chr9	120965130	121005199	0	40068	+	40112	40025	39989	43	44	36	60	0.9998	0.999101	0.996934	0
PBE25638_skip_873b4ebd_a0d787db_139.pod5	a6641051-27f9-4971-9de6-2bfb426fbe7b	a0d787db021a56fb511c873173417fd72e8840ce	1661	4	173079	408.115	173079	408.113	116179	19.3286	unclassified	chr1	149443747	149559712	4	116152	-	116757	115356	114670	792	609	686	60	0.999733	0.994053	0.982125	0
PBE25638_skip_873b4ebd_a0d787db_139.pod5	452d3a06-3fb1-49d5-91e1-ec3b71906487	a0d787db021a56fb511c873173417fd72e8840ce	1212	2	176231	71.898	176231	71.8032	29656	28.1215	unclassified	chr8	49502194	49531753	0	29648	+	29676	29531	29457	117	28	74	60	0.99973	0.997494	0.99262	0
PBE25638_skip_873b4ebd_a0d787db_139.pod5	b2357309-2135-479f-beff-2e6aa6faac18	a0d787db021a56fb511c873173417fd72e8840ce	1601	1	176131	123.632	176131	123.3	31173	26.5668	unclassified	chr6	139475303	139506453	10	31173	-	31206	31107	31014	56	43	93	60	0.999679	0.99701	0.993847	0
PBE25638_skip_873b4ebd_a0d787db_139.pod5	5d2a2b4c-6454-4449-af82-89111c9109a6	a0d787db021a56fb511c873173417fd72e8840ce	1562	4	175958	83.5148	175958	83.3916	32359	18.7709	unclassified	chr20	31495097	31527464	3	32359	-	32552	32171	31993	185	196	178	60	0.999907	0.994467	0.982827	0
PBE25638_skip_873b4ebd_a0d787db_139.pod5	14493c42-cf1a-49f9-bc54-ecace664b190	a0d787db021a56fb511c873173417fd72e8840ce	1339	3	175735	150.397	175736	150.043	56714	27.8302	unclassified	chr12	125049586	125106169	6	56714	-	56815	56476	56369	232	107	107	60	0.999894	0.998105	0.99215	0
PBE25638_skip_873b4ebd_a0d787db_139.pod5	9628bb1d-3469-406f-ab89-9661eb3db1bf	a0d787db021a56fb511c873173417fd72e8840ce	1072	3	175898	208.99	175899	208.877	84622	22.2472	unclassified	chr5	97489734	97574470	0	84615	+	84932	84419	84191	196	317	228	60	0.999917	0.997299	0.991275	0
PBE25638_skip_873b4ebd_a0d787db_139.pod5	3cd78226-0eb8-47d2-bdac-65aaed454a79	a0d787db021a56fb511c873173417fd72e8840ce	1573	2	175539	203.485	175539	203.483	77338	19.2469	unclassified	chr8	27148694	27225733	371	77304	-	77383	76589	76073	344	450	516	60	0.994763	0.993263	0.983071	0
PBE25638_skip_873b4ebd_a0d787db_139.pod5	10e55878-e2a1-46ae-b276-074cdb19f5e3	a0d787db021a56fb511c873173417fd72e8840ce	1533	4	176089	165.141	176089	165.04	60959	26.4602	unclassified	chr2	194092509	194153370	0	60959	-	61065	60755	60604	204	106	151	60	1	0.997515	0.992451	0
PBE25638_skip_873b4ebd_a0d787db_139.pod5	041aed80-9a4c-4776-9fa7-78944be5c1db	a0d787db021a56fb511c873173417fd72e8840ce	1807	4	176134	121.833	176134	121.72	44366	28.4153	unclassified	chr5	67994654	68039025	8	44366	-	44423	44306	44228	52	65	78	60	0.99982	0.99824	0.99561	0
PBE25638_skip_873b4ebd_a0d787db_139.pod5	4069c74c-bd57-4dd0-93e5-fc461a959065	a0d787db021a56fb511c873173417fd72e8840ce	1120	3	176037	123.831	176037	123.749	64105	28.3746	unclassified	chr16	46386177	46406615	49953	64079	+	20562	14002	13038	124	6436	964	60	0.220357	0.931153	0.634082	0
PBE25638_skip_873b4ebd_a0d787db_139.pod5	7956acec-2f60-4c1a-92c1-3fb44d4fbe56	a0d787db021a56fb511c873173417fd72e8840ce	1072	3	176128	132.169	176128	132.062	54915	24.5621	unclassified	chr3	51750348	51805288	0	54915	+	55034	54821	54711	94	119	110	60	1	0.997993	0.994131	0
PBE25638_skip_873b4ebd_a0d787db_139.pod5	f43dd4d2-0d04-48bb-9bf5-09552183df7d	a0d787db021a56fb511c873173417fd72e8840ce	1446	4	176085	130.099	176085	130.097	45798	19.8076	unclassified	chr1	10319	47891	9876	45781	-	37941	35536	35153	369	2036	383	1	0.783986	0.989222	0.926517	0
PBE25638_skip_873b4ebd_a0d787db_139.pod5	911648f9-a84c-47ec-916e-3c407d9ef203	a0d787db021a56fb511c873173417fd72e8840ce	1538	2	175748	187.318	175748	187.316	58140	7.95582	unclassified	chr12	37292602	37353575	22	58133	+	62805	56279	50568	1832	4694	5711	22	0.999501	0.898523	0.805159	0
PBE25638_skip_873b4ebd_a0d787db_139.pod5	2f623ecc-e5e4-43fb-b248-7b6c2c138909	a0d787db021a56fb511c873173417fd72e8840ce	1270	3	176234	121.111	176234	120.956	44945	28.5019	unclassified	chr10	38924326	38969251	0	44945	-	45021	44849	44686	96	76	163	60	1	0.996366	0.992559	0
PBE25638_skip_873b4ebd_a0d787db_139.pod5	5a9541af-841d-407a-a940-e6e6d55f9dbb	a0d787db021a56fb511c873173417fd72e8840ce	1664	4	176345	121.966	176345	121.828	45986	29.3944	unclassified	chr1	198449450	198495484	0	45980	+	46059	45955	45895	25	79	60	60	0.99987	0.998694	0.996439	0
PBE25638_skip_873b4ebd_a0d787db_139.pod5	b920a048-f47e-421a-855e-3d6cb346359a	a0d787db021a56fb511c873173417fd72e8840ce	1097	2	176015	125.932	176015	125.93	59630	25.6221	unclassified	chrY	56705345	56744033	22153	59623	+	38908	37250	36494	220	1438	756	1	0.628375	0.979705	0.937956	0
PBE25638_skip_873b4ebd_a0d787db_139.pod5	9c9bdf87-8efd-4764-aa65-ae586cd44bdd	a0d787db021a56fb511c873173417fd72e8840ce	1172	1	176102	132.589	176102	132.442	53961	29.5131	unclassified	chr10	12250177	12304203	9	53961	-	54100	53878	53794	74	148	84	60	0.999833	0.998441	0.994344	0
PBE25638_skip_873b4ebd_a0d787db_139.pod5	184dcf72-0fdb-4806-9d66-26c6f89fd731	a0d787db021a56fb511c873173417fd72e8840ce	1446	4	176302	136.204	176302	135.895	34557	19.6218	unclassified	chr2	157366260	157400762	2	34548	+	34681	34367	34193	179	135	174	60	0.999682	0.994937	0.985929	0
PBE25638_skip_873b4ebd_a0d787db_139.pod5	c6779030-d291-4c60-b7c1-0a8b2f3351d9	a0d787db021a56fb511c873173417fd72e8840ce	1120	3	176161	141.79	176161	141.788	64112	31.1198	unclassified	chr16	46386177	46406615	49938	64064	-	20562	14002	13042	124	6436	960	60	0.220333	0.931438	0.634277	0
PBE25638_skip_873b4ebd_a0d787db_139.pod5	795fa31f-9de8-4215-9196-989b22162da8	a0d787db021a56fb511c873173417fd72e8840ce	1645	1	176394	165.288	176394	165.176	62789	27.1861	unclassified	chr2	227281519	227344393	10	62789	-	62947	62706	62545	73	168	161	60	0.999841	0.997432	0.993614	0
PBE25638_skip_873b4ebd_a0d787db_139.pod5	c76b0b2f-a611-4d84-b9ae-c246312b6184	a0d787db021a56fb511c873173417fd72e8840ce	1204	3	176185	177.061	176185	176.894	64356	29.9473	unclassified	chr3	59405956	59468945	1372	64345	+	63068	62894	62687	79	95	207	60	0.97851	0.996709	0.993959	0
PBE25638_skip_873b4ebd_a0d787db_139.pod5	169f962e-d0ae-46d9-a919-01e430e93695	a0d787db021a56fb511c873173417fd72e8840ce	1300	3	176077	153.738	176077	153.62	56043	29.6837	unclassified	chr5	82264388	82305416	0	41017	+	41071	40974	40930	43	54	44	60	0.731884	0.998926	0.996567	0
PBE25638_skip_873b4ebd_a0d787db_139.pod5	6bfa6b8a-1345-47e1-bc6a-a398edc21576	a0d787db021a56fb511c873173417fd72e8840ce	1601	1	176279	145.674	176279	145.495	52323	26.4112	unclassified	chr11	102010660	102062960	6	52323	-	52453	52164	52054	153	136	110	60	0.999885	0.997891	0.992393	0
PBE25638_skip_873b4ebd_a0d787db_139.pod5	81a980b0-a086-42f2-ba94-d5e4a92a1746	a0d787db021a56fb511c873173417fd72e8840ce	1631	1	176202	198.22	176202	198.107	71279	29.8498	unclassified	chr8	40054984	40126308	6	71279	-	71455	71142	71020	131	182	122	60	0.999916	0.998285	0.993912	0
PBE25638_skip_873b4ebd_a0d787db_139.pod5	08b815a2-4ee8-4256-be37-9dfb0e8269fe	a0d787db021a56fb511c873173417fd72e8840ce	1097	2	176310	135.507	176310	135.418	53404	30.8727	unclassified	chr20	27244721	27293300	6028	53404	-	49279	46676	46350	700	1903	326	1	0.887125	0.993016	0.940563	0
PBE25638_skip_873b4ebd_a0d787db_139.pod5	31778851-ce1e-4d79-8f9a-be713b70a542	a0d787db021a56fb511c873173417fd72e8840ce	1562	4	176139	165.009	176139	165.007	65992	25.385	unclassified	chr7	116710161	116776052	7	65929	-	66077	65736	65631	186	155	105	60	0.998939	0.998403	0.99325	0
PBE25638_skip_873b4ebd_a0d787db_139.pod5	c7f2d07f-acbc-4488-b620-503e0efb5c44	a0d787db021a56fb511c873173417fd72e8840ce	1218	1	176025	147.823	176025	147.684	56849	22.2276	unclassified	chr21	8385102	8441545	5601	56849	-	56892	50799	50471	449	5644	328	60	0.901476	0.993543	0.887137	0
PBE25638_skip_873b4ebd_a0d787db_139.pod5	7f49aa47-8caa-4795-b7a3-8ecd1c198879	a0d787db021a56fb511c873173417fd72e8840ce	1738	1	176197	300.062	176197	299.886	56864	23.3414	unclassified	chr12	54033787	54090464	0	56852	+	56936	56593	56502	259	84	91	60	0.999789	0.998392	0.992377	0
PBE25638_skip_873b4ebd_a0d787db_139.pod5	ab9d77c5-ff2a-4d04-b942-3b7dd08b068d	a0d787db021a56fb511c873173417fd72e8840ce	1184	1	176413	169.576	176413	169.439	66726	25.875	unclassified	chr5	26498523	26565252	0	66726	-	66828	66627	66526	99	102	101	60	1	0.998484	0.995481	0
PBE25638_skip_873b4ebd_a0d787db_139.pod5	243ff83f-414b-4694-9cbe-bd79347ff1d8	a0d787db021a56fb511c873173417fd72e8840ce	1135	3	176377	155.151	176378	154.942	45809	27.4795	unclassified	chr17	61265953	61311721	0	45802	+	45864	45706	45644	96	62	62	60	0.999847	0.998644	0.995203	0
PBE25638_skip_873b4ebd_a0d787db_139.pod5	0d5b9de3-8299-4947-8e03-342586dd6349	a0d787db021a56fb511c873173417fd72e8840ce	1233	1	176371	136.005	176371	136.003	59682	27.4998	unclassified	chr13	29632845	29674026	24413	59682	+	41358	35092	34963	177	6089	129	60	0.590949	0.996324	0.845375	0
PBE25638_skip_873b4ebd_a0d787db_139.pod5	48ccb071-6f0d-499e-84d4-65c07288895f	a0d787db021a56fb511c873173417fd72e8840ce	1380	2	175918	161.175	175918	161.173	62959	23.7404	unclassified	chr1	5988131	6052059	35	62955	+	64037	62811	62603	109	1117	208	60	0.999381	0.996688	0.977607	0
PBE25638_skip_873b4ebd_a0d787db_139.pod5	7888170d-578f-48c7-b7d3-1738be0bcce9	a0d787db021a56fb511c873173417fd72e8840ce	1144	2	176221	222.734	176221	222.56	89314	27.5656	unclassified	chr8	102221570	102310900	7	89314	-	89420	89217	89143	90	113	74	60	0.999922	0.999171	0.996902	0
PBE25638_skip_873b4ebd_a0d787db_139.pod5	0ce90905-9bf2-4fc5-a7c5-1706d6cfe746	a0d787db021a56fb511c873173417fd72e8840ce	1144	2	176728	262.173	176728	261.947	47653	26.3495	unclassified	chr6	37235984	37283611	0	47647	+	47736	47538	47472	109	89	66	60	0.999874	0.998612	0.99447	0
PBE25638_skip_873b4ebd_a0d787db_139.pod5	289d52dc-7a1b-4a2d-8048-bffdd9ce2b33	a0d787db021a56fb511c873173417fd72e8840ce	1300	3	176964	173.185	176964	173.062	68222	27.698	unclassified	chr21	18811420	18879709	0	68211	+	68367	68133	67906	78	156	227	60	0.999839	0.996668	0.993257	0
PBE25638_skip_873b4ebd_a0d787db_139.pod5	f12e8860-1fa1-4f1d-8f35-4a84ceeda57d	a0d787db021a56fb511c873173417fd72e8840ce	1374	1	176246	265.918	176246	265.916	95354	27.9967	unclassified	chr6	154826071	154921455	33	95348	+	95487	95212	95088	103	172	124	60	0.999591	0.998698	0.995821	0
PBE25638_skip_873b4ebd_a0d787db_139.pod5	9177416e-9f26-4254-9002-9c96ec94a4ed	a0d787db021a56fb511c873173417fd72e8840ce	1562	4	176449	129.951	176449	129.949	51191	26.333	unclassified	chr8	144719343	144770198	35	51185	+	51276	50729	50648	421	126	81	60	0.999199	0.998403	0.987753	0
PBE25638_skip_873b4ebd_a0d787db_139.pod5	2db2860c-8809-4682-9de0-4384637a73fe	a0d787db021a56fb511c873173417fd72e8840ce	1274	3	176881	208.192	176881	208.034	64294	19.0061	unclassified	chr8	35166222	35230342	0	64288	+	64512	63896	63536	392	224	360	60	0.999907	0.994366	0.984871	0
PBE25638_skip_873b4ebd_a0d787db_139.pod5	b8e689d5-0859-40ea-b945-70d1be1b0958	a0d787db021a56fb511c873173417fd72e8840ce	1502	2	176986	137.823	176986	137.626	41555	32.6375	unclassified	chr3	101643554	101683475	1560	41549	+	40014	39896	39878	93	25	18	60	0.962315	0.999549	0.996601	0
PBE25638_skip_873b4ebd_a0d787db_139.pod5	cd3b6979-f366-49b9-a3b8-af0f8fa20c49	a0d787db021a56fb511c873173417fd72e8840ce	1807	4	176694	268.248	176694	268.109	102221	28.6525	unclassified	chr9	3094163	3196395	6	102221	-	102363	102084	101826	131	148	258	60	0.999941	0.997473	0.994754	0
PBE25638_skip_873b4ebd_a0d787db_139.pod5	8d064f9f-7a8c-4c86-92c3-818b1d39df15	a0d787db021a56fb511c873173417fd72e8840ce	1289	2	176565	174.249	176565	174.247	29649	3.19695	unclassified	*	-1	-1	-1	-1	*	0	0	0	0	0	0	0	0	0	0	0
PBE25638_skip_873b4ebd_a0d787db_139.pod5	16960719-5f53-4b27-bf0b-5ef875651f52	a0d787db021a56fb511c873173417fd72e8840ce	1274	3	176128	298.86	176128	298.724	117572	29.3253	unclassified	chr3	183946505	184064862	6	117572	-	118575	117348	117111	218	1009	237	60	0.999949	0.99798	0.987653	0
PBE25638_skip_873b4ebd_a0d787db_139.pod5	9dfdc8be-1583-487f-8b53-8349ef8aca5c	a0d787db021a56fb511c873173417fd72e8840ce	1235	3	177007	132.7	177007	132.554	49067	18.7647	unclassified	chr5	122266086	122315224	0	49057	+	49358	48837	48464	220	301	373	60	0.999796	0.992362	0.981887	0
PBE25638_skip_873b4ebd_a0d787db_139.pod5	1820b424-c0c5-47ba-ad17-a274f0a21074	a0d787db021a56fb511c873173417fd72e8840ce	1788	4	176848	157.987	176848	157.847	53146	30.124	unclassified	chr10	83629764	83682460	8	53146	-	53183	52651	52524	487	45	127	60	0.999849	0.997588	0.987609	0
PBE25638_skip_873b4ebd_a0d787db_139.pod5	2e27d642-fe4e-4844-801e-9dfc0680c5b4	a0d787db021a56fb511c873173417fd72e8840ce	1573	2	176584	135.613	176584	135.487	50041	20.7888	unclassified	chr15	36389048	36439080	6	50041	-	50217	49850	49604	185	182	246	60	0.99988	0.995065	0.987793	0
PBE25638_skip_873b4ebd_a0d787db_139.pod5	c64c8e5c-61d2-42ce-b676-1cc92a668465	a0d787db021a56fb511c873173417fd72e8840ce	1278	3	176862	168.246	176862	168.244	60855	29.9514	unclassified	chr4	144352600	144413430	32	60855	+	60915	60738	60618	85	92	120	60	0.999474	0.998024	0.995124	0
PBE25638_skip_873b4ebd_a0d787db_139.pod5	d2ecb92f-2c08-4e74-bb9c-66900d5e8144	a0d787db021a56fb511c873173417fd72e8840ce	1155	4	176654	120.66	176654	120.52	53609	25.6143	unclassified	chr3	33973684	34027345	0	53602	+	53749	53514	53367	88	147	147	60	0.999869	0.997253	0.992893	0
PBE25638_skip_873b4ebd_a0d787db_139.pod5	97d8bf82-3c15-4a0b-9973-1137cff5e18c	a0d787db021a56fb511c873173417fd72e8840ce	1949	1	176617	143.478	176617	143.476	52693	18.5993	unclassified	chr1	241909504	241962169	6	52654	-	53019	52294	51843	354	371	451	60	0.999146	0.991376	0.977819	0
PBE25638_skip_873b4ebd_a0d787db_139.pod5	9385e1b5-d6c5-48e9-b547-d61e86946fca	a0d787db021a56fb511c873173417fd72e8840ce	1380	2	176983	156.308	176983	156.149	56701	28.4401	unclassified	chr8	52625987	52682691	7	56701	-	56753	56645	56583	49	59	62	60	0.999877	0.998905	0.997005	0
PBE25638_skip_873b4ebd_a0d787db_139.pod5	9011df5f-9320-429d-aaf3-f55157a62b57	a0d787db021a56fb511c873173417fd72e8840ce	1661	4	176754	130.717	176755	130.478	40320	20.8524	unclassified	chr8	48895236	48935524	0	40313	+	40452	40149	39981	164	139	168	60	0.999826	0.995816	0.988357	0
PBE25638_skip_873b4ebd_a0d787db_139.pod5	40cf2912-10aa-44d6-a7cb-f1a61403b709	a0d787db021a56fb511c873173417fd72e8840ce	1444	3	176623	153.985	176623	153.852	58581	29.2298	unclassified	chr7	68743165	68799331	6	58581	-	58678	56063	55961	2512	103	102	60	0.999898	0.998181	0.953696	0
PBE25638_skip_873b4ebd_a0d787db_139.pod5	09757059-74de-47e4-986b-f5d0f4d99540	a0d787db021a56fb511c873173417fd72e8840ce	1620	4	176396	239.755	176397	239.624	92370	28.7734	unclassified	chr8	103147533	103239929	0	92363	+	92469	92290	92175	73	106	115	60	0.999924	0.998754	0.996821	0
PBE25638_skip_873b4ebd_a0d787db_139.pod5	925824b5-743a-42d0-a4b3-687aa76d90d8	a0d787db021a56fb511c873173417fd72e8840ce	1444	3	176821	124.143	176821	124.141	44658	26.7111	unclassified	chr2	62838391	62882997	32	44653	+	44677	44550	44514	71	56	36	60	0.999171	0.999192	0.996352	0
PBE25638_skip_873b4ebd_a0d787db_139.pod5	cbf44daf-c787-4daa-95ef-e2e41deb3da5	a0d787db021a56fb511c873173417fd72e8840ce	1306	4	176193	253.684	176193	253.682	98884	24.6193	unclassified	chr3	37111143	37210057	7	98856	-	99102	98661	98477	188	253	184	60	0.999646	0.998135	0.993693	0
PBE25638_skip_873b4ebd_a0d787db_139.pod5	6d59efd4-59ce-4250-b062-c6888ac2e325	a0d787db021a56fb511c873173417fd72e8840ce	1158	2	176819	142.969	176819	142.848	55812	30.3524	unclassified	chr16	64499579	64555440	0	55812	+	55894	55779	55727	33	82	52	60	1	0.999068	0.997012	0
PBE25638_skip_873b4ebd_a0d787db_139.pod5	868e0d7a-7720-4b7f-91a6-977b34c56f35	a0d787db021a56fb511c873173417fd72e8840ce	1022	3	176605	223.726	176605	223.607	84202	22.8587	unclassified	chr6	153708979	153793232	0	84199	-	84470	83982	83620	217	271	362	60	0.999964	0.99569	0.989937	0
PBE25638_skip_873b4ebd_a0d787db_139.pod5	6c14f375-d5d8-451b-87bb-737f303dcc81	a0d787db021a56fb511c873173417fd72e8840ce	1339	3	176437	193.734	176437	193.639	75359	26.097	unclassified	chr18	5028530	5094287	9605	75352	+	65867	65637	65430	110	120	207	60	0.872451	0.996846	0.993365	0
PBE25638_skip_873b4ebd_a0d787db_139.pod5	052ace6c-4526-4b71-acf3-62d4f05836ff	a0d787db021a56fb511c873173417fd72e8840ce	1386	1	177028	163.728	177028	163.614	51022	26.7805	unclassified	chr10	132626326	132677264	0	51012	+	51075	50875	50810	137	63	65	60	0.999804	0.998722	0.994812	0
PBE25638_skip_873b4ebd_a0d787db_139.pod5	00fc74de-56c1-47ee-9e59-49faafa9991b	a0d787db021a56fb511c873173417fd72e8840ce	1631	1	177049	150.615	177049	150.442	24566	22.5627	unclassified	chr8	31969403	31993834	0	24557	+	24585	24403	24377	154	28	26	60	0.999634	0.998935	0.99154	0
PBE25638_skip_873b4ebd_a0d787db_139.pod5	f4a6acf5-01d5-4f04-ac22-8583851e2a6e	a0d787db021a56fb511c873173417fd72e8840ce	1306	4	177074	121.43	177074	121.288	43544	23.2302	unclassified	chr4	128582862	128626399	8	43544	-	43659	43414	43236	122	123	178	60	0.999816	0.9959	0.990311	0
PBE25638_skip_873b4ebd_a0d787db_139.pod5	08d186d8-c5a0-45f3-9cc9-d90f8d70f7b9	a0d787db021a56fb511c873173417fd72e8840ce	1104	2	177047	160.425	177047	160.304	61560	29.4108	unclassified	chr10	82469894	82531906	6	61560	-	62100	61466	61393	88	546	73	60	0.999903	0.998812	0.988615	0
PBE25638_skip_873b4ebd_a0d787db_139.pod5	52a5baf3-fe2c-46a8-93ff-0321bc915406	a0d787db021a56fb511c873173417fd72e8840ce	1212	2	176968	193.728	176968	193.604	73884	41.8915	unclassified	chr22	11211034	11215486	68684	73031	-	4557	4242	3604	105	210	638	1	0.0588355	0.849599	0.790871	0
PBE25638_skip_873b4ebd_a0d787db_139.pod5	381d361d-57a4-48fa-b766-06fa3b403213	a0d787db021a56fb511c873173417fd72e8840ce	1601	1	177070	129.078	177070	128.923	41287	25.5934	unclassified	chr2	175044051	175085306	0	41287	-	41330	41212	41151	75	43	61	60	1	0.99852	0.995669	0
PBE25638_skip_873b4ebd_a0d787db_139.pod5	8b60b477-f47d-4bc8-b1fb-b10e054467a5	a0d787db021a56fb511c873173417fd72e8840ce	1300	3	176795	168.333	176795	168.331	66194	29.9642	unclassified	chr11	19398177	19464343	29	66185	+	66210	66112	65943	44	54	169	60	0.999426	0.997444	0.995967	0
PBE25638_skip_873b4ebd_a0d787db_139.pod5	54f6bca9-2549-4b09-829e-9e7bc2d5df77	a0d787db021a56fb511c873173417fd72e8840ce	1135	3	176533	207.603	176533	207.601	83463	30.1725	unclassified	chr10	85813585	85897033	9	83420	-	83512	83347	83317	64	101	30	60	0.999377	0.99964	0.997665	0
PBE25638_skip_873b4ebd_a0d787db_139.pod5	ce314e72-a409-45c9-80ea-83bc3161fd42	a0d787db021a56fb511c873173417fd72e8840ce	1949	1	176760	195.883	176760	195.748	76273	16.6371	unclassified	chr7	104536938	104613307	0	76264	+	77019	75614	74669	650	755	945	60	0.999882	0.987502	0.969488	0
PBE25638_skip_873b4ebd_a0d787db_139.pod5	0333ff7d-43b2-4f31-b110-17e380d216de	a0d787db021a56fb511c873173417fd72e8840ce	1104	2	177208	154.428	177208	154.086	44922	28.7734	unclassified	chr1	55393360	55438367	0	44922	+	45049	44880	44825	42	127	55	60	1	0.998775	0.995028	0
PBE25638_skip_873b4ebd_a0d787db_139.pod5	9236516d-387a-4121-afee-954c1e7df35b	a0d787db021a56fb511c873173417fd72e8840ce	1339	3	177123	153.224	177123	153.061	59689	27.5346	unclassified	chr10	111944148	112003822	10	59681	+	59756	59589	59536	82	85	53	60	0.999698	0.999111	0.996318	0
PBE25638_skip_873b4ebd_a0d787db_139.pod5	0db934bf-0306-4c35-a662-35c11670917b	a0d787db021a56fb511c873173417fd72e8840ce	1645	1	176841	255.136	176841	255.006	97253	23.0744	unclassified	chr20	19586729	19683191	0	97247	+	97396	96313	96106	934	149	207	60	0.999938	0.997851	0.986755	0
PBE25638_skip_873b4ebd_a0d787db_139.pod5	7f2bbda3-6807-4d6e-8b2e-f2c1ed688455	a0d787db021a56fb511c873173417fd72e8840ce	1122	2	177058	164.81	177058	164.808	64426	28.6529	unclassified	chr5	58318404	58382822	36	64418	+	64450	64350	64249	32	68	101	60	0.999317	0.99843	0.996881	0
PBE25638_skip_873b4ebd_a0d787db_139.pod5	6bbf2eff-6347-48a5-94dd-b03bff80ab68	a0d787db021a56fb511c873173417fd72e8840ce	1097	2	176990	177.182	176990	177.042	53903	29.0605	unclassified	chr7	12731982	12785904	5	53903	-	53972	53848	53752	50	74	96	60	0.999907	0.998217	0.995924	0
PBE25638_skip_873b4ebd_a0d787db_139.pod5	138419b9-8b0c-4d35-8e19-7209f4a682b9	a0d787db021a56fb511c873173417fd72e8840ce	1278	3	177227	124.496	177227	124.396	44544	27.2429	unclassified	chr6	114664132	114708684	0	44538	+	44603	44487	44399	51	65	88	60	0.999865	0.998022	0.995426	0
PBE25638_skip_873b4ebd_a0d787db_139.pod5	8d73c4b4-9e54-4aff-9bc9-eded7b5a3502	a0d787db021a56fb511c873173417fd72e8840ce	1647	3	177419	74.498	177419	74.3772	30669	30.2713	unclassified	chrX	41556730	41587391	0	30666	+	30685	30642	30630	24	19	12	60	0.999902	0.999608	0.998208	0
PBE25638_skip_873b4ebd_a0d787db_139.pod5	947e1533-9ea9-4715-a103-ce4e9552a9cd	a0d787db021a56fb511c873173417fd72e8840ce	1715	2	177157	125.262	177158	125.086	49583	17.4546	unclassified	chr2	1634055	1683513	4	49583	-	50188	48849	48270	730	609	579	60	0.999919	0.988147	0.961784	0
PBE25638_skip_873b4ebd_a0d787db_139.pod5	51b91ee9-0bfe-41e4-b9e1-76f177da6e9c	a0d787db021a56fb511c873173417fd72e8840ce	1664	4	177270	120.366	177270	120.257	43403	27.0655	unclassified	chr7	137850346	137893769	7	43403	-	43470	43349	43265	47	74	84	60	0.999839	0.998062	0.995284	0
PBE25638_skip_873b4ebd_a0d787db_139.pod5	a43e7fb5-6a20-4a7f-982f-e509f9df4b42	a0d787db021a56fb511c873173417fd72e8840ce	1342	4	177286	131.061	177286	130.916	41087	28.1528	unclassified	chr1	105314254	105355620	9	41087	-	41424	41020	40883	58	346	137	60	0.999781	0.99666	0.98694	0
PBE25638_skip_873b4ebd_a0d787db_139.pod5	6ffae826-c8b9-4085-84a1-69fd06bc10de	a0d787db021a56fb511c873173417fd72e8840ce	1218	1	177274	129.645	177274	129.643	51872	25.5889	unclassified	chr2	142573377	142625236	31	51866	+	51940	51754	51658	81	105	96	60	0.999287	0.998145	0.994571	0
PBE25638_skip_873b4ebd_a0d787db_139.pod5	7947412a-a837-4ed9-9682-62570a63924a	a0d787db021a56fb511c873173417fd72e8840ce	1204	3	177092	190.369	177092	190.255	72462	29.2372	unclassified	chr15	100304905	100377056	6	72462	-	72519	72088	71946	368	63	142	60	0.999917	0.99803	0.992099	0
PBE25638_skip_873b4ebd_a0d787db_139.pod5	09060a4b-e2f8-40d6-be50-996723b9e678	a0d787db021a56fb511c873173417fd72e8840ce	1342	4	177159	127.208	177159	127.039	44008	34.6024	unclassified	chr4	50202784	50248810	0	43998	+	46068	43956	43280	42	2070	676	1	0.999773	0.984621	0.939481	0
PBE25638_skip_873b4ebd_a0d787db_139.pod5	25933748-3a82-4929-8d2d-dbcf2d8cfa1a	a0d787db021a56fb511c873173417fd72e8840ce	1807	4	177436	123.852	177436	123.721	49070	28.0858	unclassified	chr3	16788814	16837880	0	49064	+	49140	48990	48862	74	76	128	60	0.999878	0.997387	0.994343	0
PBE25638_skip_873b4ebd_a0d787db_139.pod5	5d6e6ce6-6f2c-4dbc-827b-8c795f1a8e44	a0d787db021a56fb511c873173417fd72e8840ce	1715	2	177793	132.297	177793	132.174	54132	18.7125	unclassified	chrX	73679790	73733964	2	54132	-	54407	53897	53503	233	277	394	60	0.999963	0.99269	0.983384	0
PBE25638_skip_873b4ebd_a0d787db_139.pod5	4fa324be-608c-41fe-9ea8-f505f8bc0bb5	a0d787db021a56fb511c873173417fd72e8840ce	1184	1	177861	1.0812	177861	1.0812	275	2.7228	unclassified	*	-1	-1	-1	-1	*	0	0	0	0	0	0	0	0	0	0	0
PBE25638_skip_873b4ebd_a0d787db_139.pod5	a938c3b4-e500-42bd-b256-e3751983d859	a0d787db021a56fb511c873173417fd72e8840ce	1647	3	177253	162.455	177253	162.453	61073	28.0957	unclassified	chr13	28642103	28703183	9	61042	-	61116	60997	60901	36	83	96	60	0.999345	0.998426	0.996482	0
PBE25638_skip_873b4ebd_a0d787db_139.pod5	3b8eaf60-8a2c-40af-8164-f4e905e0bf55	a0d787db021a56fb511c873173417fd72e8840ce	1204	3	177807	126.484	177807	126.356	45315	32.569	unclassified	chr5	111271963	111317269	8	45315	-	45316	45297	45257	10	9	40	60	0.999823	0.999117	0.998698	0
PBE25638_skip_873b4ebd_a0d787db_139.pod5	a640ecaa-8d20-4120-bc3d-40c0a2143f86	a0d787db021a56fb511c873173417fd72e8840ce	1573	2	177028	277.797	177028	277.795	47371	3.75234	unclassified	chr2	32916431	32916561	23419	23543	-	130	124	107	0	6	17	1	0.00261764	0.862903	0.823077	0
PBE25638_skip_873b4ebd_a0d787db_139.pod5	c66f77ec-0191-4277-9d01-33366d1e7749	a0d787db021a56fb511c873173417fd72e8840ce	1172	1	176725	247.555	176726	247.412	82103	18.8923	unclassified	chr16	89359318	89440223	0	80029	+	81189	79745	79513	284	1160	232	60	0.974739	0.997091	0.979357	0
PBE25638_skip_873b4ebd_a0d787db_139.pod5	cb346c37-97a5-4aae-ad52-0d0a68019fa2	a0d787db021a56fb511c873173417fd72e8840ce	1233	1	177209	179.131	177209	179.015	69114	27.069	unclassified	chr6	5726640	5795738	5	69114	-	69191	69016	68934	93	82	82	60	0.999928	0.998812	0.996286	0
PBE25638_skip_873b4ebd_a0d787db_139.pod5	35212243-78fc-41b0-8c68-a984253013a8	a0d787db021a56fb511c873173417fd72e8840ce	1573	2	177387	147.608	177387	147.606	26864	4.31005	unclassified	chr4	87542649	87543176	317	887	-	580	517	439	53	10	78	1	0.021218	0.84913	0.756897	0
PBE25638_skip_873b4ebd_a0d787db_139.pod5	f43a938d-cb20-406d-a3d9-3bd5d93b5413	a0d787db021a56fb511c873173417fd72e8840ce	1870	1	177765	141.858	177765	141.754	69031	25.8862	unclassified	chr6	22365306	22434368	7	69031	-	69143	68943	68763	81	119	180	60	0.999899	0.997389	0.994504	0
PBE25638_skip_873b4ebd_a0d787db_139.pod5	658ca967-e63d-4ed0-a588-1c8aa131ce3a	a0d787db021a56fb511c873173417fd72e8840ce	1097	2	177955	130.562	177955	130.432	31934	23.6639	unclassified	chr2	5725912	5757921	7	31934	-	32081	31855	31795	72	154	60	60	0.999781	0.998116	0.991085	0
PBE25638_skip_873b4ebd_a0d787db_139.pod5	f753924b-25c5-4f54-b1e0-69b06b12ef6d	a0d787db021a56fb511c873173417fd72e8840ce	1664	4	177803	129.854	177803	129.715	43747	25.2825	unclassified	chr1	2525712	2569480	0	43746	-	43834	43680	43609	66	88	71	60	0.999977	0.998375	0.994867	0
PBE25638_skip_873b4ebd_a0d787db_139.pod5	e0d1b78a-c946-41ae-9e29-f9c67973657d	a0d787db021a56fb511c873173417fd72e8840ce	1620	4	177229	181.814	177229	181.712	68855	29.9181	unclassified	chr6	121945517	122014673	7	68855	-	69222	68782	68611	66	374	171	60	0.999898	0.997514	0.991173	0
PBE25638_skip_873b4ebd_a0d787db_139.pod5	f0231e6d-c757-4ec5-a25f-a312012dcc14	a0d787db021a56fb511c873173417fd72e8840ce	1444	3	177807	135.812	177807	135.658	46535	20.2952	unclassified	chr3	109014806	109060902	8	46535	-	46661	45962	45865	565	134	97	60	0.999828	0.99789	0.982941	0
PBE25638_skip_873b4ebd_a0d787db_139.pod5	8d1340cd-488e-4c39-bcaf-30fcae89e537	a0d787db021a56fb511c873173417fd72e8840ce	1331	4	176982	230.055	176982	229.954	94649	26.2824	unclassified	chr10	113836218	113930949	6	94649	-	94850	94524	94380	119	207	144	60	0.999937	0.998477	0.995045	0
PBE25638_skip_873b4ebd_a0d787db_139.pod5	6f059ca2-f812-4e05-8baa-fd6b08ded0f4	a0d787db021a56fb511c873173417fd72e8840ce	1135	3	177860	138.477	177860	138.282	38654	28.2136	unclassified	chr20	48009380	48047914	10	38654	-	38698	38480	38374	164	54	106	60	0.999741	0.997245	0.991627	0
PBE25638_skip_873b4ebd_a0d787db_139.pod5	56f35ce3-ef47-4228-9c11-819689e3d409	a0d787db021a56fb511c873173417fd72e8840ce	1445	1	177389	196.924	177389	196.788	77767	27.0608	unclassified	chr3	83175902	83253694	0	77761	+	77898	77655	77546	106	137	109	60	0.999923	0.998596	0.995481	0
PBE25638_skip_873b4ebd_a0d787db_139.pod5	71cf7320-91cf-4d34-9303-0367643602bb	a0d787db021a56fb511c873173417fd72e8840ce	1870	1	177113	231.687	177113	231.562	95256	32.6406	unclassified	chr4	49101717	49110057	27277	35793	-	8962	7894	6704	622	446	1190	22	0.0894012	0.849253	0.748047	0
PBE25638_skip_873b4ebd_a0d787db_139.pod5	acfa89ab-da6f-4b96-93a6-bf7e7210b868	a0d787db021a56fb511c873173417fd72e8840ce	1184	1	177863	160.248	177863	160.086	59928	26.398	unclassified	chr4	46258625	46318552	0	59920	+	60031	59816	59689	104	111	127	60	0.999866	0.997877	0.994303	0
PBE25638_skip_873b4ebd_a0d787db_139.pod5	87bcc18c-cc1a-4f98-92c2-60983a1dd19d	a0d787db021a56fb511c873173417fd72e8840ce	1144	2	177718	217.098	177718	216.937	79760	18.185	unclassified	chr2	146355652	146434253	0	79108	+	79507	78202	77944	906	399	258	60	0.991825	0.996701	0.980341	0
PBE25638_skip_873b4ebd_a0d787db_139.pod5	deba3356-ca77-4316-a9a5-6a18f215962d	a0d787db021a56fb511c873173417fd72e8840ce	1661	4	177431	151.358	177431	151.23	52998	21.0268	unclassified	chr11	56685963	56727928	5	52998	-	53201	41757	41518	11236	208	239	60	0.999906	0.994276	0.780399	0
PBE25638_skip_873b4ebd_a0d787db_139.pod5	3135036f-bd3f-4caf-913f-0ae45329c0a5	a0d787db021a56fb511c873173417fd72e8840ce	1158	2	177530	125.046	177530	124.915	41112	30.7497	unclassified	chr8	95620380	95661012	1	41112	-	41163	40580	40530	531	52	50	60	0.999976	0.998768	0.984622	0
PBE25638_skip_873b4ebd_a0d787db_139.pod5	0cf2723c-c252-4c2d-a5c6-c37fb7849500	a0d787db021a56fb511c873173417fd72e8840ce	1218	1	177737	256.636	177737	256.634	102773	25.0426	unclassified	chr2	79510237	79613010	1	102735	-	102924	102583	102416	151	190	167	60	0.99962	0.998372	0.995064	0
PBE25638_skip_873b4ebd_a0d787db_139.pod5	0e083940-8a57-4222-8192-413a0893d52d	a0d787db021a56fb511c873173417fd72e8840ce	1827	1	177849	140.594	177849	140.592	57586	21.859	unclassified	chr17	28237964	28295493	163	57577	+	57658	57285	57122	129	244	163	60	0.997013	0.997155	0.990704	0
PBE25638_skip_873b4ebd_a0d787db_139.pod5	417805f0-bfa8-40d9-8c70-25fc0eac2d53	a0d787db021a56fb511c873173417fd72e8840ce	1619	4	177560	254.637	177560	254.466	87021	29.2093	unclassified	chr17	65834830	65921882	0	87015	+	87161	86906	86806	109	146	100	60	0.999931	0.998849	0.995927	0
PBE25638_skip_873b4ebd_a0d787db_139.pod5	3dfb4c15-7460-4dc4-afd1-662aaa5c9d0c	a0d787db021a56fb511c873173417fd72e8840ce	1807	4	177810	132.039	177810	131.898	49768	31.4082	unclassified	chr11	85485760	85535522	0	49768	-	49807	49723	49673	45	39	50	60	1	0.998994	0.99731	0
PBE25638_skip_873b4ebd_a0d787db_139.pod5	fe625505-0345-4652-9617-44968597c8dc	a0d787db021a56fb511c873173417fd72e8840ce	1235	3	177598	103.696	177598	103.694	41701	18.7874	unclassified	chr7	16823565	16865297	36	41701	+	41985	41412	41019	253	320	393	60	0.999137	0.99051	0.976992	0
PBE25638_skip_873b4ebd_a0d787db_139.pod5	464c1834-c82c-4016-b34c-af3cbb603b8e	a0d787db021a56fb511c873173417fd72e8840ce	1306	4	177679	126.754	177679	126.475	43603	20.4885	unclassified	chr12	76635155	76678576	7	43603	-	43798	43219	43007	377	202	212	60	0.999839	0.995095	0.98194	0
PBE25638_skip_873b4ebd_a0d787db_139.pod5	c8c3421a-399a-49df-89ea-bef8a578a861	a0d787db021a56fb511c873173417fd72e8840ce	1788	4	177459	148.237	177459	148.235	48427	24.6467	unclassified	chr5	97826549	97874824	9	48393	-	48490	48169	48034	215	106	135	60	0.999112	0.997197	0.990596	0
PBE25638_skip_873b4ebd_a0d787db_139.pod5	8a09cccd-8ffa-4365-b1ba-0aa34db22dfa	a0d787db021a56fb511c873173417fd72e8840ce	1104	2	177613	121.866	177613	121.742	48442	26.66	unclassified	chr2	86822605	86870971	0	48436	+	48537	48265	48148	171	101	117	60	0.999876	0.997576	0.991985	0
PBE25638_skip_873b4ebd_a0d787db_139.pod5	000febf2-6831-4fce-a551-5f091ed5d50f	a0d787db021a56fb511c873173417fd72e8840ce	1446	4	177167	275.169	177167	275.08	84167	18.6769	unclassified	chr8	42612754	42697004	6	84167	-	84725	83686	82970	475	564	716	60	0.999929	0.991444	0.979286	0
PBE25638_skip_873b4ebd_a0d787db_139.pod5	27137a89-9cf6-43a4-b931-f4b892978ede	a0d787db021a56fb511c873173417fd72e8840ce	1026	2	177533	133.157	177533	133.155	45944	25.6166	unclassified	chr15	75271293	75317287	11	45911	-	46044	45850	45774	50	144	76	60	0.999042	0.998342	0.994136	0
PBE25638_skip_873b4ebd_a0d787db_139.pod5	d3d61a23-fa59-4667-9eec-58eee05c7c0e	a0d787db021a56fb511c873173417fd72e8840ce	1331	4	177966	120.706	177966	120.565	49088	26.1226	unclassified	chr19	35540113	35589203	6	49088	-	49165	49007	48919	75	83	88	60	0.999878	0.998204	0.994996	0
PBE25638_skip_873b4ebd_a0d787db_139.pod5	011f3db7-9f38-4ca2-9423-2d52debcb332	a0d787db021a56fb511c873173417fd72e8840ce	1122	2	177683	113.834	177683	113.682	38941	25.5545	unclassified	chr1	11685431	11724354	0	38941	+	39013	38851	38737	90	72	114	60	1	0.997066	0.992925	0
PBE25638_skip_873b4ebd_a0d787db_139.pod5	3e8bfadc-e2b6-43ff-998d-0cc8dee87bf9	a0d787db021a56fb511c873173417fd72e8840ce	1184	1	177705	122.634	177705	122.474	43754	26.5928	unclassified	chr4	45051096	45094833	0	43748	+	43822	43663	43508	85	74	155	60	0.999863	0.99645	0.992835	0
PBE25638_skip_873b4ebd_a0d787db_139.pod5	be2d6962-7bc4-43ed-a4e7-b391e4211c9f	a0d787db021a56fb511c873173417fd72e8840ce	1135	3	177697	130.74	177697	130.614	51139	14.9191	unclassified	chr15	85344878	85392610	3375	51139	-	47846	47650	47567	114	82	83	60	0.934003	0.998258	0.994169	0
PBE25638_skip_873b4ebd_a0d787db_139.pod5	48165d8a-0ced-4731-83a7-85e6c1cf4033	a0d787db021a56fb511c873173417fd72e8840ce	1122	2	177866	170.836	177866	170.509	28066	19.0456	unclassified	chr7	41698241	41726067	0	28066	+	28087	27805	27741	261	21	64	60	1	0.997698	0.987681	0
PBE25638_skip_873b4ebd_a0d787db_139.pod5	8b343c9e-d42f-4ee8-8d18-e06fd4d18ec0	a0d787db021a56fb511c873173417fd72e8840ce	1204	3	177540	127.205	177540	127.203	48768	30.1366	unclassified	chr3	171515406	171564201	6	48728	-	48826	48691	48658	31	104	33	60	0.999057	0.999322	0.996559	0
PBE25638_skip_873b4ebd_a0d787db_139.pod5	19c8d1c4-da06-4ae2-a44c-e821508da228	a0d787db021a56fb511c873173417fd72e8840ce	1601	1	177707	147.04	177707	146.891	53865	27.3913	unclassified	chr3	12373709	12406651	8	32932	-	32989	32877	32836	47	65	41	60	0.611232	0.998753	0.995362	0
PBE25638_skip_873b4ebd_a0d787db_139.pod5	9e05d33c-d099-4178-bb74-ba9689a99b91	a0d787db021a56fb511c873173417fd72e8840ce	1562	4	177954	155.725	177954	155.626	61985	24.0324	unclassified	chr7	26585761	26647201	557	61985	-	61540	61328	61194	100	112	134	60	0.991014	0.997815	0.994378	0
PBE25638_skip_873b4ebd_a0d787db_139.pod5	0ffb4d9f-c2fc-40d5-846a-578f2b11c0aa	a0d787db021a56fb511c873173417fd72e8840ce	1212	2	177571	155.358	177571	155.21	58858	30.1861	unclassified	chr20	24825764	24883659	7	58858	-	58891	57855	57828	996	40	27	60	0.999881	0.999533	0.98195	0
PBE25638_skip_873b4ebd_a0d787db_139.pod5	a67eb921-4ff6-496d-b8e5-058d1c6bf92e	a0d787db021a56fb511c873173417fd72e8840ce	1144	2	177509	208.807	177509	208.805	78531	21.2762	unclassified	chr2	146370762	146449278	0	78497	-	78804	78209	77837	288	307	372	60	0.999567	0.995243	0.987729	0
PBE25638_skip_873b4ebd_a0d787db_139.pod5	88d03c96-5202-4fe0-889a-c85165561de9	a0d787db021a56fb511c873173417fd72e8840ce	1155	4	177611	121.143	177611	121.044	53483	13.1808	unclassified	chr1	247678431	247740067	4	53476	+	62252	52856	51389	616	8780	1467	60	0.999794	0.972245	0.8255	0
PBE25638_skip_873b4ebd_a0d787db_139.pod5	13a87fd8-bd47-4d62-ae0c-1059cd4f67c3	a0d787db021a56fb511c873173417fd72e8840ce	1570	1	178038	125.262	178038	125.124	44337	21.9388	unclassified	chr10	82468729	82513545	0	44330	+	44956	44190	44008	140	626	182	60	0.999842	0.995881	0.978913	0
PBE25638_skip_873b4ebd_a0d787db_139.pod5	afaee781-e9a9-4fe2-934d-986290ae1365	a0d787db021a56fb511c873173417fd72e8840ce	1235	3	178002	177.451	178002	177.311	64690	20.5034	unclassified	chr5	138360322	138424473	8	64690	-	64845	63988	63754	694	163	234	60	0.999876	0.996343	0.983175	0
PBE25638_skip_873b4ebd_a0d787db_139.pod5	1e9d952c-c0c5-47ff-bea6-4483c4f134b3	a0d787db021a56fb511c873173417fd72e8840ce	1715	2	178185	119.557	178185	119.45	48517	15.0343	unclassified	chr10	58554470	58602637	0	47963	+	48579	47551	46778	412	616	773	60	0.988581	0.983744	0.962926	0
PBE25638_skip_873b4ebd_a0d787db_139.pod5	d0a776da-e25a-400f-9576-701df6155e6d	a0d787db021a56fb511c873173417fd72e8840ce	1233	1	177736	137.254	177736	137.129	53931	29.6668	unclassified	chr4	104430328	104484224	0	53900	+	53954	53842	53786	58	54	56	60	0.999425	0.99896	0.996886	0
PBE25638_skip_873b4ebd_a0d787db_139.pod5	05dc776a-5cb0-4b9d-a137-50c5d8cb4bb2	a0d787db021a56fb511c873173417fd72e8840ce	2127	2	178658	1.9608	178658	1.9588	506	2.82215	unclassified	*	-1	-1	-1	-1	*	0	0	0	0	0	0	0	0	0	0	0
PBE25638_skip_873b4ebd_a0d787db_139.pod5	1aca7fb3-c0ad-4040-8100-4a8f89718379	a0d787db021a56fb511c873173417fd72e8840ce	1788	4	177905	209.64	177905	209.542	72805	29.4532	unclassified	chr4	104403435	104476273	0	72798	+	72876	72760	72730	38	78	30	60	0.999904	0.999588	0.997997	0
PBE25638_skip_873b4ebd_a0d787db_139.pod5	d6724816-e0d7-4bf6-a4ba-708f2c93195c	a0d787db021a56fb511c873173417fd72e8840ce	1072	3	178650	9.9008	178650	9.804	3839	31.4837	unclassified	chr13	108172677	108176492	7	3839	-	3835	3812	3811	20	3	1	60	0.998177	0.999738	0.993742	0
PBE25638_skip_873b4ebd_a0d787db_139.pod5	e89cae6f-43d2-4195-a2bb-241490cc7ef3	a0d787db021a56fb511c873173417fd72e8840ce	1445	1	178421	142.36	178421	142.232	52297	24.4534	unclassified	chr7	142359775	142412060	0	52294	+	52419	52160	51893	134	125	267	60	0.999943	0.994881	0.989965	0
PBE25638_skip_873b4ebd_a0d787db_139.pod5	5161dabf-bfd5-40a8-b493-69017b0a36aa	a0d787db021a56fb511c873173417fd72e8840ce	915	2	178655	6.2648	178655	6.1392	2767	24.8326	unclassified	chr3	194878432	194881193	0	2760	+	2761	2760	2756	0	1	4	60	0.99747	0.998551	0.998189	0
PBE25638_skip_873b4ebd_a0d787db_139.pod5	9e3147f2-1f04-4253-80f6-826e01930e6e	a0d787db021a56fb511c873173417fd72e8840ce	673	1	178648	12.3226	178648	12.3206	4737	10.6777	unclassified	chr7	116558842	116563616	29	4727	+	4890	4582	4381	116	192	201	60	0.991767	0.956133	0.89591	0
PBE25638_skip_873b4ebd_a0d787db_139.pod5	5467bfc4-baa3-401f-a36b-7a249b503853	a0d787db021a56fb511c873173417fd72e8840ce	2449	4	178650	11.0444	178650	10.8828	4710	18.8461	unclassified	chr18	44094165	44098880	1	4710	-	4747	4677	4646	32	38	31	60	0.999788	0.993372	0.978723	0
PBE25638_skip_873b4ebd_a0d787db_139.pod5	7d4d6e80-7ffa-420e-b2b3-d513aa0e75cf	a0d787db021a56fb511c873173417fd72e8840ce	1446	4	178511	152.14	178511	151.948	47839	20.5305	unclassified	chr3	136065115	136112969	7	47839	-	48028	47658	47426	174	196	232	60	0.999854	0.995132	0.987466	0
PBE25638_skip_873b4ebd_a0d787db_139.pod5	1cf80cb9-64f2-4598-b25a-ef6070dfa119	a0d787db021a56fb511c873173417fd72e8840ce	1661	4	178640	20.5998	178640	20.5978	8457	23.293	unclassified	chr6	6280183	6288622	31	8454	+	8452	8410	8396	13	29	14	60	0.99598	0.998335	0.993374	0
PBE25638_skip_873b4ebd_a0d787db_139.pod5	e965b9ee-cc04-4619-850f-02b239cb5af9	a0d787db021a56fb511c873173417fd72e8840ce	1144	2	177981	173.596	177981	173.442	63536	28.0595	unclassified	chr8	28337173	28400707	6	63536	-	63601	63463	63387	67	71	76	60	0.999906	0.998802	0.996635	0
PBE25638_skip_873b4ebd_a0d787db_139.pod5	155c577d-7fea-4a73-b129-f3066728acc4	a0d787db021a56fb511c873173417fd72e8840ce	1155	4	178086	144.765	178086	144.763	44523	8.18484	unclassified	chr6	156785138	156820099	10115	44369	+	36158	33057	30941	1197	1904	2116	60	0.769355	0.935989	0.855717	0
PBE25638_skip_873b4ebd_a0d787db_139.pod5	0e7d339e-3131-497c-b223-38d6f73b5850	a0d787db021a56fb511c873173417fd72e8840ce	2560	1	178636	25.3256	178636	25.242	11570	25.643	unclassified	chr11	93751155	93762735	6	11569	-	11600	11543	11503	20	37	40	60	0.999395	0.996535	0.991638	0
PBE25638_skip_873b4ebd_a0d787db_139.pod5	b3ad539c-1064-4476-956b-87cd2ea4b0a6	a0d787db021a56fb511c873173417fd72e8840ce	1184	1	178454	126.807	178454	126.586	34237	24.7923	unclassified	chrX	8049448	8083654	0	34231	+	34301	34136	34045	95	70	91	60	0.999825	0.997334	0.992537	0
PBE25638_skip_873b4ebd_a0d787db_139.pod5	46764b2f-ab13-4fda-9d2b-c4f4eeb12388	a0d787db021a56fb511c873173417fd72e8840ce	2835	2	178656	6.79	178656	6.788	1595	3.13137	unclassified	*	-1	-1	-1	-1	*	0	0	0	0	0	0	0	0	0	0	0
PBE25638_skip_873b4ebd_a0d787db_139.pod5	faea6bef-b759-4a75-9560-758a0b091a0b	a0d787db021a56fb511c873173417fd72e8840ce	1306	4	178022	132.978	178022	132.794	50531	26.3169	unclassified	chr19	10630961	10681536	0	50531	+	50656	50450	50331	81	125	119	60	1	0.997641	0.993584	0
PBE25638_skip_873b4ebd_a0d787db_139.pod5	b093a76c-f88e-4d16-b526-d2ba747c075e	a0d787db021a56fb511c873173417fd72e8840ce	312	1	178627	35.2388	178627	35.094	11913	29.0512	unclassified	chr4	1345683	1357582	7	11913	-	11914	11891	11881	15	8	10	60	0.999412	0.999159	0.99723	0
PBE25638_skip_873b4ebd_a0d787db_139.pod5	7f23a43b-705e-4076-8334-8041012c0b12	a0d787db021a56fb511c873173417fd72e8840ce	2851	1	178651	9.4004	178651	9.1932	3090	29.5809	unclassified	chr4	15726629	15729711	0	3083	+	3086	3079	3056	4	3	23	60	0.997735	0.99253	0.990279	0
PBE25638_skip_873b4ebd_a0d787db_139.pod5	7de922b3-f72c-4185-8e0c-175ae338a29a	a0d787db021a56fb511c873173417fd72e8840ce	130	4	178621	41.4272	178621	41.3064	15949	25.6877	unclassified	chr4	31713771	31729704	0	15949	+	15966	15916	15891	33	17	25	60	1	0.998429	0.995302	0
PBE25638_skip_873b4ebd_a0d787db_139.pod5	7a707618-491c-4906-8a5e-c9d53129752e	a0d787db021a56fb511c873173417fd72e8840ce	2162	2	178622	39.7956	178622	39.7936	8753	2.53307	unclassified	chr16	88791239	88791350	3596	3702	-	115	102	95	4	9	7	1	0.0121101	0.931373	0.826087	0
PBE25638_skip_873b4ebd_a0d787db_139.pod5	6cbb15b2-d93f-445a-963e-6bccb7c7c20b	a0d787db021a56fb511c873173417fd72e8840ce	869	2	178646	16.6866	178646	16.6846	6154	24.2947	unclassified	chr8	45927913	45934023	7	6119	-	6114	6108	5972	4	2	136	1	0.993175	0.977734	0.976775	0
PBE25638_skip_873b4ebd_a0d787db_139.pod5	4dc1ae63-816d-4d73-ae9d-8694f131be37	a0d787db021a56fb511c873173417fd72e8840ce	845	3	178648	16.5932	178648	16.4772	6327	30.0082	unclassified	chr14	80215232	80221553	8	6327	-	6326	6314	6305	5	7	9	60	0.998736	0.998575	0.99668	0
PBE25638_skip_873b4ebd_a0d787db_139.pod5	0a43f1d0-8ccb-4f16-8e57-7da538c75d78	a0d787db021a56fb511c873173417fd72e8840ce	1870	1	178474	143.12	178474	143.045	48722	11.6819	unclassified	chr11	86838471	86880859	6315	48722	-	42551	42244	42106	163	144	138	60	0.870387	0.996733	0.989542	0
PBE25638_skip_873b4ebd_a0d787db_139.pod5	9290190c-2a4e-4181-96dd-b5f5765966d5	a0d787db021a56fb511c873173417fd72e8840ce	659	2	178637	29.5532	178637	29.4156	9155	25.6878	unclassified	chr4	94323606	94332745	0	9149	+	9158	9130	9120	19	9	10	60	0.999345	0.998905	0.995851	0
PBE25638_skip_873b4ebd_a0d787db_139.pod5	41168d64-1642-4884-b933-b0c56e5d4e06	a0d787db021a56fb511c873173417fd72e8840ce	912	3	178656	9.8828	178656	9.648	3602	32.2159	unclassified	chr9	22018387	22021985	5	3602	-	3600	3595	3591	2	3	4	60	0.998612	0.998887	0.9975	0
PBE25638_skip_873b4ebd_a0d787db_139.pod5	ca1c7e02-570a-41bb-9192-7a56bf69b4cb	a0d787db021a56fb511c873173417fd72e8840ce	1870	1	178659	7.1072	178659	6.9432	3445	27.665	unclassified	chr15	46679888	46683331	0	3440	+	3449	3434	3429	6	9	5	60	0.998549	0.998544	0.994201	0
PBE25638_skip_873b4ebd_a0d787db_139.pod5	2f876475-dc25-4831-8c9e-2b55bd502943	a0d787db021a56fb511c873173417fd72e8840ce	1149	3	178665	1.9094	178665	1.9074	427	2.87999	unclassified	*	-1	-1	-1	-1	*	0	0	0	0	0	0	0	0	0	0	0
PBE25638_skip_873b4ebd_a0d787db_139.pod5	9ff7e6db-0ff2-4f63-92c7-76d1cdb302f2	a0d787db021a56fb511c873173417fd72e8840ce	2351	1	178657	8.6756	178658	8.5356	2858	32.5599	unclassified	chr9	67835412	67838270	0	2858	+	2859	2857	2854	1	1	3	52	1	0.99895	0.998251	0
PBE25638_skip_873b4ebd_a0d787db_139.pod5	0d7f28b6-2914-4cf1-b4b2-464e76a3f4c6	a0d787db021a56fb511c873173417fd72e8840ce	678	1	178639	26.96	178639	26.8128	10176	33.0934	unclassified	chr6	9197046	9207210	0	10169	+	10172	10161	10155	8	3	6	60	0.999312	0.999409	0.998329	0
PBE25638_skip_873b4ebd_a0d787db_139.pod5	52e2c520-3f95-4108-b6c2-5b49e5aa7713	a0d787db021a56fb511c873173417fd72e8840ce	2688	1	178627	37.742	178627	37.6164	13329	25.325	unclassified	chr10	28856959	28870314	2	13329	-	13381	13301	13254	26	54	47	60	0.99985	0.996466	0.990509	0
PBE25638_skip_873b4ebd_a0d787db_139.pod5	65f279a5-f906-4383-ab55-190c465bace5	a0d787db021a56fb511c873173417fd72e8840ce	2851	1	178661	4.5668	178661	4.4148	1403	27.188	unclassified	chr4	10976840	10978235	8	1403	-	1396	1394	1390	1	1	4	60	0.994298	0.997131	0.995702	0
PBE25638_skip_873b4ebd_a0d787db_139.pod5	e0cbea33-71da-43d4-b79a-59c8504b6f35	a0d787db021a56fb511c873173417fd72e8840ce	1601	1	178077	146.014	178077	145.834	53187	24.7309	unclassified	chr20	34893480	34946717	0	53187	-	53324	53100	53026	87	137	74	60	1	0.998606	0.994412	0
PBE25638_skip_873b4ebd_a0d787db_139.pod5	cce15b1e-cc89-4467-84da-24de20f91531	a0d787db021a56fb511c873173417fd72e8840ce	2707	1	178612	50.822	178612	50.82	15633	15.2212	unclassified	chr8	143307324	143322922	38	15624	+	15945	15239	15016	347	359	223	60	0.996994	0.985367	0.941737	0
PBE25638_skip_873b4ebd_a0d787db_139.pod5	f84ab292-54fd-4d6f-a041-82fcc4adf9d1	a0d787db021a56fb511c873173417fd72e8840ce	2224	1	178659	7.1864	178659	7.0872	3038	23.1296	unclassified	chr20	46964014	46967050	0	3031	+	3041	3026	3015	5	10	11	60	0.997696	0.996365	0.99145	0
PBE25638_skip_873b4ebd_a0d787db_139.pod5	98724def-0a88-463c-99fe-e5f7ae659f6b	a0d787db021a56fb511c873173417fd72e8840ce	2873	1	178660	6.946	178660	6.944	1488	2.42082	unclassified	*	-1	-1	-1	-1	*	0	0	0	0	0	0	0	0	0	0	0
PBE25638_skip_873b4ebd_a0d787db_139.pod5	231768b5-3214-4639-ba06-d018f445ba77	a0d787db021a56fb511c873173417fd72e8840ce	2410	4	178657	10.4564	178657	10.338	4510	35.0127	unclassified	chr5	165433660	165438163	9	4510	-	4504	4500	4496	1	3	4	60	0.998004	0.999111	0.998224	0
PBE25638_skip_873b4ebd_a0d787db_139.pod5	ff331823-6a0b-4501-a551-560d880b16bd	a0d787db021a56fb511c873173417fd72e8840ce	1331	4	178655	12.1112	178655	12.0408	6024	22.9647	unclassified	chr19	32652886	32658907	7	6024	-	6038	6000	5971	17	21	29	60	0.998838	0.995167	0.988904	0
PBE25638_skip_873b4ebd_a0d787db_139.pod5	04654e0b-20a1-4ae8-ae1e-b2b7a50fb8d9	a0d787db021a56fb511c873173417fd72e8840ce	1008	2	178436	111.754	178437	111.65	35705	25.6735	unclassified	chr9	115753689	115789390	2	35705	-	35769	35635	35547	68	66	88	60	0.999944	0.997531	0.993793	0
PBE25638_skip_873b4ebd_a0d787db_139.pod5	561106c8-7dc8-49ed-b369-3040abad2544	a0d787db021a56fb511c873173417fd72e8840ce	2118	2	178656	11.7416	178656	11.6304	4892	20.5614	unclassified	chr5	162925199	162930092	0	4886	+	4904	4875	4859	11	18	16	60	0.998774	0.996718	0.990824	0
PBE25638_skip_873b4ebd_a0d787db_139.pod5	dbd6db6a-8693-4436-9a5f-c02b1e6f51ad	a0d787db021a56fb511c873173417fd72e8840ce	1601	1	178636	28.0328	178636	27.8976	9667	26.192	unclassified	chr11	115290965	115300644	0	9661	+	9693	9647	9626	14	32	21	60	0.999379	0.997823	0.993088	0
PBE25638_skip_873b4ebd_a0d787db_139.pod5	48c1730a-ee6e-43a2-9e23-8801f829d62f	a0d787db021a56fb511c873173417fd72e8840ce	2103	2	178657	9.4812	178657	9.4792	4102	25.9994	unclassified	chr1	51568854	51572944	20	4099	+	4091	4078	4069	1	12	9	60	0.994393	0.997793	0.994622	0
PBE25638_skip_873b4ebd_a0d787db_139.pod5	bb66b534-4add-4b20-b43e-e387f34c517a	a0d787db021a56fb511c873173417fd72e8840ce	1104	2	178666	2.5292	178666	2.5272	559	3.66848	unclassified	*	-1	-1	-1	-1	*	0	0	0	0	0	0	0	0	0	0	0
PBE25638_skip_873b4ebd_a0d787db_139.pod5	bd4615f8-2cb9-4a8c-b8c3-5d9e95c9bed4	a0d787db021a56fb511c873173417fd72e8840ce	2059	1	178605	57.6368	178605	57.4512	20598	22.697	unclassified	chrX	116296577	116317185	0	20593	+	20670	20531	20429	62	77	102	60	0.999757	0.995032	0.988341	0
PBE25638_skip_873b4ebd_a0d787db_139.pod5	dc42a5cb-adf2-4c9a-ba25-d279f1ac76df	a0d787db021a56fb511c873173417fd72e8840ce	804	2	178663	6.043	178663	6.041	2348	10.7525	unclassified	chr3	9547742	9550049	0	2316	-	2376	2247	2153	69	60	94	60	0.986371	0.958166	0.906145	0
PBE25638_skip_873b4ebd_a0d787db_139.pod5	c493b0a5-f12a-4035-9cc9-5051314de0e8	a0d787db021a56fb511c873173417fd72e8840ce	1149	3	178670	1.459	178670	1.457	339	3.12515	unclassified	*	-1	-1	-1	-1	*	0	0	0	0	0	0	0	0	0	0	0
PBE25638_skip_873b4ebd_a0d787db_139.pod5	bb72c617-e804-4be8-9e02-aaf1f8fa2130	a0d787db021a56fb511c873173417fd72e8840ce	1142	4	178663	5.2476	178663	5.2456	1146	2.75211	unclassified	*	-1	-1	-1	-1	*	0	0	0	0	0	0	0	0	0	0	0
PBE25638_skip_873b4ebd_a0d787db_139.pod5	87026239-9c2a-4c47-8dcd-bcfbacf8ecbd	a0d787db021a56fb511c873173417fd72e8840ce	1502	2	178494	170.583	178494	170.366	47376	29.8499	unclassified	chr5	113132189	113177458	0	47369	+	47466	45172	45080	2197	97	92	60	0.999852	0.997963	0.949732	0
PBE25638_skip_873b4ebd_a0d787db_139.pod5	edc34636-7b19-4d4a-8ed6-7a54333a77d3	a0d787db021a56fb511c873173417fd72e8840ce	130	4	178664	6.4964	178664	6.384	2516	33.4739	unclassified	chr1	159374209	159376719	6	2516	-	2511	2509	2509	1	1	0	60	0.997615	1	0.999204	0
PBE25638_skip_873b4ebd_a0d787db_139.pod5	ca7cb6dd-f83b-424f-9328-54e9f219babb	a0d787db021a56fb511c873173417fd72e8840ce	57	3	178649	20.5386	178649	20.5366	7771	34.3004	unclassified	chr9	12387008	12394722	6	7729	-	7725	7712	7699	11	2	13	60	0.993823	0.998314	0.996634	0
PBE25638_skip_873b4ebd_a0d787db_139.pod5	b7c21d59-6d9e-4935-9801-3a98ff3e3751	a0d787db021a56fb511c873173417fd72e8840ce	512	4	178613	49.7492	178613	49.596	18976	24.097	unclassified	chr13	72126820	72145825	0	18976	-	19037	18944	18892	32	61	52	60	1	0.997255	0.992383	0
PBE25638_skip_873b4ebd_a0d787db_139.pod5	c1d4a650-be1e-4800-bb72-7ae948f42692	a0d787db021a56fb511c873173417fd72e8840ce	2692	2	178669	3.0404	178669	2.9628	1098	39.6665	unclassified	chrY	56738756	56739859	0	1098	+	1103	1098	1094	0	5	4	1	1	0.996357	0.99184	0
PBE25638_skip_873b4ebd_a0d787db_139.pod5	8e99b253-d543-475c-b6b5-4edf53482633	a0d787db021a56fb511c873173417fd72e8840ce	647	3	178624	42.8024	178624	42.4992	15271	26.7009	unclassified	chrX	40441334	40453598	3001	15271	-	12278	12256	12245	14	8	11	60	0.803484	0.999102	0.997312	0
PBE25638_skip_873b4ebd_a0d787db_139.pod5	c1db9be6-dcf0-483f-b2c1-f3c44c64b932	a0d787db021a56fb511c873173417fd72e8840ce	1631	1	178638	28.2984	178638	28.2964	9319	28.7359	unclassified	chr2	87750508	87759785	9	9291	-	9287	9272	9267	10	5	5	44	0.99603	0.999461	0.997846	0
PBE25638_skip_873b4ebd_a0d787db_139.pod5	0c04b48e-caef-41b4-812a-08a7c7710eee	a0d787db021a56fb511c873173417fd72e8840ce	1897	3	178671	1.287	178671	1.285	289	2.96233	unclassified	*	-1	-1	-1	-1	*	0	0	0	0	0	0	0	0	0	0	0
PBE25638_skip_873b4ebd_a0d787db_139.pod5	2ab277ec-042e-4e9e-bd4e-30cee7508972	a0d787db021a56fb511c873173417fd72e8840ce	1661	4	178481	156.146	178481	155.992	53762	22.9237	unclassified	chr17	71052906	71106699	7	53762	-	53906	53642	53484	113	151	158	60	0.99987	0.997055	0.992172	0
PBE25638_skip_873b4ebd_a0d787db_139.pod5	a7dfa093-cadb-4156-8c2a-3c58b8acf5cd	a0d787db021a56fb511c873173417fd72e8840ce	2410	4	178672	1.7564	178672	1.6272	718	30.6422	unclassified	chr5	29665840	29666552	11	717	-	714	704	695	2	8	9	60	0.983287	0.987216	0.973389	0
PBE25638_skip_873b4ebd_a0d787db_139.pod5	23ffd3a2-a3ef-48b8-853f-f9a99cb607f8	a0d787db021a56fb511c873173417fd72e8840ce	1184	1	178646	23.7056	178647	23.5968	8731	23.6266	unclassified	chr4	10188393	10197075	2	8731	-	8748	8663	8607	66	19	56	60	0.999771	0.993536	0.983882	0
PBE25638_skip_873b4ebd_a0d787db_139.pod5	61d18668-eac7-4004-bf07-f2eb17793256	a0d787db021a56fb511c873173417fd72e8840ce	1870	1	178666	7.4564	178666	7.3764	3431	21.1163	unclassified	chr15	46679888	46683331	12	3431	-	3448	3414	3395	5	29	19	60	0.996502	0.994435	0.984629	0
PBE25638_skip_873b4ebd_a0d787db_139.pod5	ebc4c0ab-1475-4f07-98ff-ef6f413d887e	a0d787db021a56fb511c873173417fd72e8840ce	1182	3	178660	10.2736	178660	10.2716	2290	2.39292	unclassified	*	-1	-1	-1	-1	*	0	0	0	0	0	0	0	0	0	0	0
PBE25638_skip_873b4ebd_a0d787db_139.pod5	eb7da390-942d-47fc-8582-6a043a217dde	a0d787db021a56fb511c873173417fd72e8840ce	1445	1	178612	52.7252	178612	52.5732	20354	28.978	unclassified	chr3	116363074	116383416	0	20345	+	20362	20325	20293	20	17	32	60	0.999558	0.998426	0.996611	0
PBE25638_skip_873b4ebd_a0d787db_139.pod5	7ae7bc1f-07fc-485a-af1b-90d698276294	a0d787db021a56fb511c873173417fd72e8840ce	2408	2	178641	24.4772	178641	24.378	9069	23.4937	unclassified	chr21	8434976	8444042	0	9063	+	9096	9033	8996	30	33	37	48	0.999338	0.995904	0.989006	0
PBE25638_skip_873b4ebd_a0d787db_139.pod5	b7b36a2c-d039-419e-8d07-5a08c35fe900	a0d787db021a56fb511c873173417fd72e8840ce	1423	3	178600	67.2296	178600	67.2276	18068	10.5351	unclassified	chrX	89578035	89596258	37	18062	+	18765	17483	16581	542	740	902	57	0.99762	0.948407	0.883613	0
PBE25638_skip_873b4ebd_a0d787db_139.pod5	d1b143f8-3b92-4e1b-9107-056a6becd987	a0d787db021a56fb511c873173417fd72e8840ce	2162	2	178669	6.6996	178669	6.6976	1665	2.28279	unclassified	*	-1	-1	-1	-1	*	0	0	0	0	0	0	0	0	0	0	0
PBE25638_skip_873b4ebd_a0d787db_139.pod5	64898fac-2973-4e55-b7e2-20c5bb99f020	a0d787db021a56fb511c873173417fd72e8840ce	351	1	178674	2.2782	178674	2.2762	552	2.28512	unclassified	*	-1	-1	-1	-1	*	0	0	0	0	0	0	0	0	0	0	0
PBE25638_skip_873b4ebd_a0d787db_139.pod5	2227893d-9c51-49d0-b869-f41cabcbedfe	a0d787db021a56fb511c873173417fd72e8840ce	1142	4	178670	4.4072	178670	4.4052	896	2.5462	unclassified	*	-1	-1	-1	-1	*	0	0	0	0	0	0	0	0	0	0	0
PBE25638_skip_873b4ebd_a0d787db_139.pod5	d2c93bce-b206-4c2a-91a3-bd81ce309a7b	a0d787db021a56fb511c873173417fd72e8840ce	206	2	178669	6.3018	178669	6.2998	1345	2.61009	unclassified	*	-1	-1	-1	-1	*	0	0	0	0	0	0	0	0	0	0	0
PBE25638_skip_873b4ebd_a0d787db_139.pod5	ab8a58d8-1f98-44e1-83cf-4c8919309f4c	a0d787db021a56fb511c873173417fd72e8840ce	2033	3	178666	7.0176	178666	7.0156	2612	14.566	unclassified	chr2	190365546	190368120	5	2500	-	2611	2458	2406	37	116	52	60	0.955207	0.978845	0.921486	0
PBE25638_skip_873b4ebd_a0d787db_139.pod5	80e7ac57-a076-4e19-b1da-b03d749b813c	a0d787db021a56fb511c873173417fd72e8840ce	2588	1	178613	17.57	178613	17.334	6821	15.3343	unclassified	chr1	99141269	99147789	0	6821	-	6912	6429	6346	392	91	83	60	1	0.98709	0.918113	0
PBE25638_skip_873b4ebd_a0d787db_139.pod5	5e69e3e9-1787-4e31-a7d4-35e559645944	a0d787db021a56fb511c873173417fd72e8840ce	2873	1	178668	5.591	178668	5.589	993	2.2598	unclassified	*	-1	-1	-1	-1	*	0	0	0	0	0	0	0	0	0	0	0
PBE25638_skip_873b4ebd_a0d787db_139.pod5	76207acf-a021-4f7f-b0c3-eb664ff0dc51	a0d787db021a56fb511c873173417fd72e8840ce	587	2	178653	17.8244	178653	17.6724	5955	25.5048	unclassified	chrX	111410871	111416826	0	5948	+	5971	5932	5925	16	23	7	60	0.998825	0.99882	0.992296	0
PBE25638_skip_873b4ebd_a0d787db_139.pod5	8bb2190d-db76-4028-8035-d48690dba51b	a0d787db021a56fb511c873173417fd72e8840ce	1235	3	178180	155.263	178180	155.147	64077	21.1227	unclassified	chr5	138360323	138424471	0	64069	+	64376	63841	63500	228	307	341	60	0.999875	0.994659	0.986392	0
PBE25638_skip_873b4ebd_a0d787db_139.pod5	a070f5f5-3f2a-4c63-9f17-9b9ccb38224d	a0d787db021a56fb511c873173417fd72e8840ce	1807	4	178675	1.33	178675	1.328	345	2.31715	unclassified	*	-1	-1	-1	-1	*	0	0	0	0	0	0	0	0	0	0	0
PBE25638_skip_873b4ebd_a0d787db_139.pod5	9cfe6f2f-8cbb-4f6f-9af4-8bd7c2798754	a0d787db021a56fb511c873173417fd72e8840ce	2449	4	178665	9.2348	178665	9.2328	3341	19.9999	unclassified	chr11	14506710	14510011	34	3340	+	3324	3283	3264	23	18	19	60	0.989524	0.994213	0.981949	0
PBE25638_skip_873b4ebd_a0d787db_139.pod5	dbe7c959-63c7-44c9-b33d-1be8897f1f39	a0d787db021a56fb511c873173417fd72e8840ce	2641	2	178644	30.6692	178644	30.5496	12123	27.394	unclassified	chr2	22013866	22025989	1	12115	+	12135	12102	12074	12	21	28	60	0.999258	0.997686	0.994973	0
PBE25638_skip_873b4ebd_a0d787db_139.pod5	ff6b1301-ced3-4829-b26d-4786cf1be9e8	a0d787db021a56fb511c873173417fd72e8840ce	673	1	178668	7.5514	178668	7.5494	2831	11.2111	unclassified	chr2	145667830	145670620	38	2821	+	2858	2715	2611	68	75	104	60	0.983045	0.961694	0.913576	0
PBE25638_skip_873b4ebd_a0d787db_139.pod5	258f619a-b153-4aa1-a2b0-8683547e9e32	a0d787db021a56fb511c873173417fd72e8840ce	1104	2	178670	6.7548	178670	6.7528	1854	3.18974	unclassified	*	-1	-1	-1	-1	*	0	0	0	0	0	0	0	0	0	0	0
PBE25638_skip_873b4ebd_a0d787db_139.pod5	b662110c-80d1-4a42-aa38-8dae4348f237	a0d787db021a56fb511c873173417fd72e8840ce	1661	4	178668	8.7392	178668	8.58	2917	23.2047	unclassified	chrX	117122188	117125111	0	2917	+	2926	2914	2904	3	9	10	60	1	0.996568	0.992481	0
PBE25638_skip_873b4ebd_a0d787db_139.pod5	3a7eaa50-b571-4e9c-96bb-182ff527d2bb	a0d787db021a56fb511c873173417fd72e8840ce	301	2	178610	58.2068	178610	58.0812	20255	27.8706	unclassified	chr17	62578518	62598810	0	20249	+	20320	20221	20194	28	71	27	60	0.999704	0.998665	0.993799	0
PBE25638_skip_873b4ebd_a0d787db_139.pod5	8b0c0d07-2529-45c2-9e76-86e9e05cfa5b	a0d787db021a56fb511c873173417fd72e8840ce	1218	1	178643	32.3684	178643	32.3664	14113	24.7156	unclassified	chr4	107267367	107281459	3	14076	-	14111	14054	14015	19	38	39	60	0.997166	0.997225	0.993197	0
PBE25638_skip_873b4ebd_a0d787db_139.pod5	89bdd339-ff84-4b30-b759-7f621b147144	a0d787db021a56fb511c873173417fd72e8840ce	804	2	178669	9.3276	178669	9.3256	3603	10.7646	unclassified	chr3	9544120	9547738	7	3603	-	3732	3482	3309	114	136	173	60	0.998057	0.950316	0.886656	0
PBE25638_skip_873b4ebd_a0d787db_139.pod5	1c86a825-a93c-41d9-90d7-a2510a2e71c0	a0d787db021a56fb511c873173417fd72e8840ce	912	3	178666	12.3488	178666	12.2232	4760	25.4813	unclassified	chr6	57996497	58001248	0	4753	+	4757	4747	4733	6	4	14	60	0.998529	0.997051	0.994955	0
PBE25638_skip_873b4ebd_a0d787db_139.pod5	b80fc684-6715-41c8-8f37-7c5c02f32025	a0d787db021a56fb511c873173417fd72e8840ce	1639	3	178654	24.3508	178654	24.3488	5151	3.62357	unclassified	*	-1	-1	-1	-1	*	0	0	0	0	0	0	0	0	0	0	0
PBE25638_skip_873b4ebd_a0d787db_139.pod5	29c9eb6e-1d4e-4d71-bd3a-3de5e2128e13	a0d787db021a56fb511c873173417fd72e8840ce	2103	2	178668	10.5116	178668	10.4076	4312	25.0197	unclassified	chr6	152350080	152354389	0	4312	+	4321	4300	4279	12	9	21	60	1	0.995116	0.99028	0
PBE25638_skip_873b4ebd_a0d787db_139.pod5	04a35418-abd1-4b9b-ae0d-f12d4c7365be	a0d787db021a56fb511c873173417fd72e8840ce	2841	3	178624	44.1008	178624	44.0112	13408	37.5116	unclassified	chr17	26281060	26294976	5	13406	-	14054	13263	10944	138	653	2319	1	0.999478	0.825153	0.778711	0
PBE25638_skip_873b4ebd_a0d787db_139.pod5	73dc7eba-4f6c-493c-9221-2b7dc5bda2fa	a0d787db021a56fb511c873173417fd72e8840ce	1184	1	178670	8.3396	178670	8.2452	2990	24.4331	unclassified	chr4	2653436	2656438	0	2984	+	3003	2983	2978	1	19	5	60	0.997993	0.998324	0.991675	0
PBE25638_skip_873b4ebd_a0d787db_139.pod5	836c7759-96d6-4519-900a-d33aceafe420	a0d787db021a56fb511c873173417fd72e8840ce	451	1	178640	36.5284	178640	36.5264	12345	30.9758	unclassified	chr3	40266612	40278932	31	12345	+	12323	12311	12288	3	9	23	60	0.997489	0.998132	0.99716	0
PBE25638_skip_873b4ebd_a0d787db_139.pod5	f31ddacc-08d8-4234-9f45-b6850173f85b	a0d787db021a56fb511c873173417fd72e8840ce	544	2	178660	19.6484	178660	19.4772	5645	28.1211	unclassified	chr18	69867128	69872785	0	5645	+	5668	5634	5623	11	23	11	60	1	0.998048	0.992061	0
PBE25638_skip_873b4ebd_a0d787db_139.pod5	f3b75afb-d041-4339-ac97-a47960f5313b	a0d787db021a56fb511c873173417fd72e8840ce	2617	2	178621	46.25	178621	46.1184	22402	24.5598	unclassified	chr2	104201152	104223564	0	22396	+	22454	22354	22318	42	58	36	60	0.999732	0.99839	0.993943	0
PBE25638_skip_873b4ebd_a0d787db_139.pod5	6212d192-9318-4db3-9fbf-e797afb277fc	a0d787db021a56fb511c873173417fd72e8840ce	1423	3	178668	8.5792	178668	8.5772	3167	9.59599	unclassified	chr10	57071021	57074150	36	3159	+	3237	3015	2863	108	114	152	60	0.986107	0.949585	0.884461	0
PBE25638_skip_873b4ebd_a0d787db_139.pod5	95ce1adf-241d-4b6b-a5cd-186b9b91ede5	a0d787db021a56fb511c873173417fd72e8840ce	364	3	178648	30.7796	178648	30.6768	12510	23.5385	unclassified	chr4	66152046	66164564	0	12505	+	12547	12476	12426	29	42	50	60	0.9996	0.995992	0.990356	0
PBE25638_skip_873b4ebd_a0d787db_139.pod5	028409e9-d367-48d6-aa33-9b8ab7ed2ed1	a0d787db021a56fb511c873173417fd72e8840ce	1661	4	178677	2.8376	178677	2.6112	738	29.6411	unclassified	chr5	139297832	139298560	0	729	+	729	728	728	1	0	0	60	0.987805	1	0.998628	0
PBE25638_skip_873b4ebd_a0d787db_139.pod5	f6fa0399-b325-4ed7-a2ec-2d7178f3305e	a0d787db021a56fb511c873173417fd72e8840ce	1807	4	178676	4.898	178676	4.746	1912	25.6953	unclassified	chr6	123369898	123371805	0	1907	+	1912	1902	1897	5	5	5	60	0.997385	0.997371	0.992155	0
PBE25638_skip_873b4ebd_a0d787db_139.pod5	617d3266-7961-435e-a49f-b80f9ce1695d	a0d787db021a56fb511c873173417fd72e8840ce	869	2	178667	9.5428	178667	9.5408	3481	25.6884	unclassified	chr13	97991519	97994951	38	3471	+	3434	3431	3423	2	1	8	60	0.986211	0.997668	0.996797	0
PBE25638_skip_873b4ebd_a0d787db_139.pod5	fe555954-f4a7-4ae6-b9b2-91c72f28f0fa	a0d787db021a56fb511c873173417fd72e8840ce	267	2	178641	37.2764	178641	37.1568	14202	28.7951	unclassified	chr11	41645434	41659695	7	14202	-	14277	14179	14150	16	82	29	60	0.999507	0.997955	0.991105	0
PBE25638_skip_873b4ebd_a0d787db_139.pod5	7c9a16fd-2e5b-4525-a77d-19afb87292ff	a0d787db021a56fb511c873173417fd72e8840ce	1729	4	178654	23.1092	178654	23.0196	9407	21.9989	unclassified	chr22	50231951	50241230	1	9407	-	9462	9223	9172	183	56	51	60	0.999894	0.99447	0.969351	0
PBE25638_skip_873b4ebd_a0d787db_139.pod5	e027849d-15fa-4014-af02-acbbbc9b5275	a0d787db021a56fb511c873173417fd72e8840ce	1715	2	177958	227.372	177958	227.244	88864	16.4245	unclassified	chr11	44932209	45019898	1136	88864	-	88373	87044	86206	684	645	838	60	0.987216	0.990373	0.975479	0
PBE25638_skip_873b4ebd_a0d787db_139.pod5	9ac36f1a-45de-4185-8aec-771320b602d3	a0d787db021a56fb511c873173417fd72e8840ce	2851	1	178672	7.7456	178672	7.62	2620	27.1881	unclassified	chr9	73443191	73445798	0	2609	+	2610	2606	2600	3	1	6	60	0.995802	0.997698	0.996169	0
PBE25638_skip_873b4ebd_a0d787db_139.pod5	052a51f4-1eb0-47c5-ae2b-ca58b9d891b4	a0d787db021a56fb511c873173417fd72e8840ce	1235	3	178661	19.494	178661	19.492	6558	21.7131	unclassified	chr7	125475002	125481519	7	6523	-	6541	6492	6469	24	25	23	60	0.993596	0.996457	0.988993	0
PBE25638_skip_873b4ebd_a0d787db_139.pod5	4081b6e6-e93f-4d9a-bc24-b3b5cc1c3aca	a0d787db021a56fb511c873173417fd72e8840ce	1897	3	178681	1.3976	178681	1.3956	360	3.02754	unclassified	*	-1	-1	-1	-1	*	0	0	0	0	0	0	0	0	0	0	0
PBE25638_skip_873b4ebd_a0d787db_139.pod5	d86a6efc-95ed-4bab-821a-0a6a1868fd67	a0d787db021a56fb511c873173417fd72e8840ce	2973	1	178679	2.828	178679	2.4072	517	11.4641	unclassified	chr13	59263728	59264203	4	495	-	494	472	452	19	3	20	60	0.94971	0.957627	0.91498	0
PBE25638_skip_873b4ebd_a0d787db_139.pod5	24a5038c-18ff-4ccb-a8d1-b7b6e2998da5	a0d787db021a56fb511c873173417fd72e8840ce	784	4	178661	20.84	178661	20.5704	7416	26.9404	unclassified	chr17	8133072	8140474	0	7407	+	7414	7395	7389	12	7	6	60	0.998786	0.999189	0.996628	0
PBE25638_skip_873b4ebd_a0d787db_139.pod5	097f790e-57e5-4bb9-8c01-49c1d1281b2d	a0d787db021a56fb511c873173417fd72e8840ce	845	3	178665	16.5956	178665	16.5156	10013	21.7117	unclassified	chr15	43625466	43635500	7	10013	-	10048	9992	9955	14	42	37	60	0.999301	0.996297	0.990744	0
PBE25638_skip_873b4ebd_a0d787db_139.pod5	44a1e11e-5f1e-4ea3-95ad-36eca69a2641	a0d787db021a56fb511c873173417fd72e8840ce	2033	3	178681	1.3284	178681	1.3264	395	25.41	unclassified	chr4	140729058	140729450	0	393	+	393	392	391	1	0	1	60	0.994937	0.997449	0.994911	0
PBE25638_skip_873b4ebd_a0d787db_139.pod5	8b6c93e0-f0bc-4765-ba1c-03b9ce702eb8	a0d787db021a56fb511c873173417fd72e8840ce	219	3	178678	5.2272	178678	5.2252	1310	2.95093	unclassified	*	-1	-1	-1	-1	*	0	0	0	0	0	0	0	0	0	0	0
PBE25638_skip_873b4ebd_a0d787db_139.pod5	f162f0e2-6d24-45a1-897e-0d368076fe1c	a0d787db021a56fb511c873173417fd72e8840ce	398	3	178632	42.4232	178632	42.2736	16001	29.8341	unclassified	chr6	62923254	62939267	6	16001	-	16018	15990	15970	5	23	20	60	0.999625	0.998749	0.997003	0
PBE25638_skip_873b4ebd_a0d787db_139.pod5	b0100212-17bd-48ed-9ce2-90f5f59e077e	a0d787db021a56fb511c873173417fd72e8840ce	351	1	178684	2.408	178684	2.406	651	3.81552	unclassified	*	-1	-1	-1	-1	*	0	0	0	0	0	0	0	0	0	0	0
PBE25638_skip_873b4ebd_a0d787db_139.pod5	a2908ee0-cd50-4240-bcfc-44454825f68c	a0d787db021a56fb511c873173417fd72e8840ce	351	1	178681	2.9396	178681	2.9376	700	3.89236	unclassified	*	-1	-1	-1	-1	*	0	0	0	0	0	0	0	0	0	0	0
PBE25638_skip_873b4ebd_a0d787db_139.pod5	c86ee1ae-e211-4b22-95ca-43073a0fbbb6	a0d787db021a56fb511c873173417fd72e8840ce	2033	3	178673	8.3756	178673	8.2584	2686	27.2405	unclassified	chr4	140726369	140729052	0	2686	+	2686	2683	2679	3	0	4	60	1	0.998509	0.997394	0
PBE25638_skip_873b4ebd_a0d787db_139.pod5	e7514d0d-02e7-48ad-b7de-ed4794eae626	a0d787db021a56fb511c873173417fd72e8840ce	2935	1	178668	15.3136	178668	15.3116	4607	19.8128	unclassified	chr6	155564494	155569064	9	4586	-	4596	4551	4535	26	19	16	60	0.993488	0.996484	0.986728	0
PBE25638_skip_873b4ebd_a0d787db_139.pod5	7875b4cf-fd15-4f2a-928e-64db415eee60	a0d787db021a56fb511c873173417fd72e8840ce	873	1	178648	34.2778	178648	34.2758	14278	23.6055	unclassified	chr7	153713116	153727360	35	14272	+	14263	14218	14194	19	26	24	60	0.997128	0.998312	0.995162	0
PBE25638_skip_873b4ebd_a0d787db_139.pod5	5e147512-a22e-4fef-acc0-6b26d69c3bf4	a0d787db021a56fb511c873173417fd72e8840ce	2033	3	178682	2.8266	178682	2.8246	891	27.8985	unclassified	chr4	140729455	140730349	0	891	+	894	891	890	0	3	1	60	1	0.998878	0.995526	0
PBE25638_skip_873b4ebd_a0d787db_139.pod5	dc08a2f1-1b17-48d7-b20a-0a09008bca73	a0d787db021a56fb511c873173417fd72e8840ce	312	1	178668	16.7072	178668	16.512	5541	27.7569	unclassified	chr1	17523763	17529307	0	5530	+	5547	5527	5517	3	17	10	60	0.998015	0.998191	0.994592	0
PBE25638_skip_873b4ebd_a0d787db_139.pod5	28fb859c-627b-40f8-bf8e-60267d8641a7	a0d787db021a56fb511c873173417fd72e8840ce	1788	4	178625	50.7074	178625	50.7054	19400	26.4921	unclassified	chr14	20887956	20907338	36	19393	+	19412	19327	19305	30	55	22	60	0.997783	0.998862	0.994488	0
PBE25638_skip_873b4ebd_a0d787db_139.pod5	de1dc298-38c1-495b-93fb-270a04a623ae	a0d787db021a56fb511c873173417fd72e8840ce	2973	1	178644	34.5464	178645	34.3896	14333	25.3802	unclassified	chr9	137473332	137487669	9	14333	-	14346	14315	14289	9	22	26	60	0.999372	0.998184	0.996027	0
PBE25638_skip_873b4ebd_a0d787db_139.pod5	94de2d84-ec2d-4198-9dab-742b6eaf30f7	a0d787db021a56fb511c873173417fd72e8840ce	2103	2	178679	6.3272	178679	6.2592	2758	33.5342	unclassified	chr10	45659908	45662662	0	2752	+	2754	2752	2750	0	2	2	60	0.997824	0.999273	0.998548	0
PBE25638_skip_873b4ebd_a0d787db_139.pod5	2e4c57a3-89e4-4345-9e15-b77e41737d89	a0d787db021a56fb511c873173417fd72e8840ce	306	4	178619	55.1108	178619	54.9804	24120	27.0194	unclassified	chr5	114311870	114335987	0	24113	+	24178	24052	24010	61	65	42	60	0.99971	0.998254	0.993052	0
PBE25638_skip_873b4ebd_a0d787db_139.pod5	46775301-a3e4-4412-b4a9-22b462725088	a0d787db021a56fb511c873173417fd72e8840ce	440	3	178653	31.442	178653	31.2612	12092	26.9278	unclassified	chr8	61492483	61504561	8	12092	-	12094	12068	12052	16	10	16	60	0.999338	0.998674	0.996527	0
PBE25638_skip_873b4ebd_a0d787db_139.pod5	07495c97-aa53-4065-853e-933992c481bf	a0d787db021a56fb511c873173417fd72e8840ce	2004	3	178584	85.6146	178584	85.6126	27995	8.08931	unclassified	chr15	45631859	45660968	42	27952	+	30072	26947	24719	963	2162	2228	60	0.996964	0.917319	0.821994	0
PBE25638_skip_873b4ebd_a0d787db_139.pod5	9fc0ff48-f9d1-491b-8010-71798732831c	a0d787db021a56fb511c873173417fd72e8840ce	773	4	178631	49.946	178631	49.7796	17029	31.4753	unclassified	chr5	45117150	45134172	6	17029	-	17030	17015	17009	8	7	6	60	0.999648	0.999647	0.998767	0
PBE25638_skip_873b4ebd_a0d787db_139.pod5	d0fe2cc4-5c4c-401f-a870-bee5215fcd9f	a0d787db021a56fb511c873173417fd72e8840ce	1423	3	178676	8.64	178676	8.638	2554	10.1327	unclassified	chr10	57071607	57074115	3	2503	-	2600	2408	2301	92	100	107	60	0.978857	0.955565	0.885	0
PBE25638_skip_873b4ebd_a0d787db_139.pod5	38f479b8-1031-4b18-a1e5-70c8d9c2961a	a0d787db021a56fb511c873173417fd72e8840ce	2585	2	178685	1.5512	178685	1.5492	348	2.61896	unclassified	*	-1	-1	-1	-1	*	0	0	0	0	0	0	0	0	0	0	0
PBE25638_skip_873b4ebd_a0d787db_139.pod5	e7ca8507-615d-4fc7-bcaa-ccfbf713a3ff	a0d787db021a56fb511c873173417fd72e8840ce	915	2	178665	8.222	178665	8.0292	2763	29.5515	unclassified	chr2	107406575	107409339	0	2763	-	2764	2763	2758	0	1	5	60	1	0.99819	0.997829	0
PBE25638_skip_873b4ebd_a0d787db_139.pod5	02f5ac3e-435b-44ec-bc2c-d82ced70e55b	a0d787db021a56fb511c873173417fd72e8840ce	856	3	178641	42.3846	178641	42.3826	9284	2.55638	unclassified	*	-1	-1	-1	-1	*	0	0	0	0	0	0	0	0	0	0	0
PBE25638_skip_873b4ebd_a0d787db_139.pod5	97e01696-5f3c-44ca-bcdd-c5448159f023	a0d787db021a56fb511c873173417fd72e8840ce	1619	4	178087	123.535	178087	123.427	42380	29.9138	unclassified	chr7	84038628	84081301	0	42380	-	42727	42326	42243	54	347	83	60	1	0.998039	0.988672	0
PBE25638_skip_873b4ebd_a0d787db_139.pod5	c38c356b-5b1e-42a9-99f0-106b94beedf3	a0d787db021a56fb511c873173417fd72e8840ce	1807	4	178648	21.8384	178648	21.6792	7938	29.0583	unclassified	chr15	87501371	87509302	7	7938	-	7938	7924	7911	7	7	13	60	0.999118	0.998359	0.996599	0
PBE25638_skip_873b4ebd_a0d787db_139.pod5	c8fc100a-3b47-4603-bb55-25987f9b7c16	a0d787db021a56fb511c873173417fd72e8840ce	1204	3	178643	14.9396	178643	14.856	5933	33.1639	unclassified	chr6	133794521	133800431	0	5932	+	5932	5910	5894	22	0	16	60	0.999831	0.997293	0.993594	0
PBE25638_skip_873b4ebd_a0d787db_139.pod5	be03acbc-67ed-4db4-8caa-51270dfaea72	a0d787db021a56fb511c873173417fd72e8840ce	2059	1	178663	7.8512	178663	7.7292	2336	20.922	unclassified	chr1	105552569	105554888	0	2327	+	2337	2309	2300	18	10	9	60	0.996147	0.996102	0.984168	0
PBE25638_skip_873b4ebd_a0d787db_139.pod5	13d1edda-1ecc-4940-a2f6-909834076fdb	a0d787db021a56fb511c873173417fd72e8840ce	804	2	178679	6.9996	178679	6.9976	2525	8.97355	unclassified	chr4	129568455	129571004	0	2494	-	2631	2412	2241	82	137	171	60	0.987723	0.929105	0.851767	0
PBE25638_skip_873b4ebd_a0d787db_139.pod5	ce67ecce-5331-4ea3-9754-e79eb3fbd6b7	a0d787db021a56fb511c873173417fd72e8840ce	1303	1	178680	6.4172	178680	6.4152	1325	2.7307	unclassified	*	-1	-1	-1	-1	*	0	0	0	0	0	0	0	0	0	0	0
PBE25638_skip_873b4ebd_a0d787db_139.pod5	27681751-4a43-4ce7-a9fe-dc9e7b55d956	a0d787db021a56fb511c873173417fd72e8840ce	1664	4	178676	6.6248	178676	6.4944	2518	28.0725	unclassified	chr2	128981700	128984218	0	2512	+	2518	2512	2506	0	6	6	60	0.997617	0.997611	0.995234	0
PBE25638_skip_873b4ebd_a0d787db_139.pod5	012ed037-63bc-4e28-8696-c9516b06c382	a0d787db021a56fb511c873173417fd72e8840ce	2059	1	178675	11.4752	178675	11.3208	4357	19.802	unclassified	chr16	84031925	84036300	0	4352	+	4394	4333	4287	19	42	46	60	0.998852	0.989384	0.975649	0
PBE25638_skip_873b4ebd_a0d787db_139.pod5	881d7d4a-915f-4003-ae12-a795a3143e12	a0d787db021a56fb511c873173417fd72e8840ce	544	2	178679	8.5256	178680	8.3592	2218	33.6612	unclassified	chr15	34138147	34140361	0	2213	+	2214	2213	2211	0	1	2	60	0.997746	0.999096	0.998645	0
PBE25638_skip_873b4ebd_a0d787db_139.pod5	ea029e9d-ae13-440a-a6ea-a82cf50a1f40	a0d787db021a56fb511c873173417fd72e8840ce	1144	2	178642	40.1768	178642	40.02	12837	24.922	unclassified	chr2	214655299	214668158	0	12829	+	12875	12813	12764	16	46	49	60	0.999377	0.996176	0.991379	0
PBE25638_skip_873b4ebd_a0d787db_139.pod5	3577ea8c-62d9-4403-93fe-48b731578050	a0d787db021a56fb511c873173417fd72e8840ce	1339	3	178658	16.35	178658	16.348	6639	22.2285	unclassified	chr7	4113417	4120032	29	6633	+	6624	6595	6566	9	20	29	60	0.994728	0.995603	0.991244	0
PBE25638_skip_873b4ebd_a0d787db_139.pod5	201322ef-ec0c-4986-a333-bfed97704aac	a0d787db021a56fb511c873173417fd72e8840ce	2224	1	178669	16.6952	178669	16.5612	6553	25.5149	unclassified	chr4	183930191	183936809	7	6553	-	6627	6537	6519	9	81	18	60	0.998932	0.997246	0.983703	0
PBE25638_skip_873b4ebd_a0d787db_139.pod5	d08dd899-0739-4228-9ef5-b667f2513bc0	a0d787db021a56fb511c873173417fd72e8840ce	1738	1	178653	31.868	178653	31.6752	9463	30.4615	unclassified	chr18	105703	111670	1287	7639	+	6489	5830	4885	522	137	945	26	0.671246	0.837907	0.752812	0
PBE25638_skip_873b4ebd_a0d787db_139.pod5	f86e4f99-0f53-4abf-b0da-d53b9db4230d	a0d787db021a56fb511c873173417fd72e8840ce	1380	2	178420	282.609	178420	282.607	106151	26.4701	unclassified	chr4	170393764	170500041	47	106151	+	106450	105931	105667	173	346	264	60	0.999557	0.997508	0.992644	0
PBE25638_skip_873b4ebd_a0d787db_139.pod5	5c6ec784-b7c8-427d-9514-e49548c46e63	a0d787db021a56fb511c873173417fd72e8840ce	1870	1	178312	162.067	178312	161.953	54053	28.2367	unclassified	chr11	86826842	86880860	0	54047	+	54135	53930	53818	117	88	112	60	0.999889	0.997923	0.994144	0
PBE25638_skip_873b4ebd_a0d787db_139.pod5	fe2b9316-1fca-417e-a099-811898bc60a6	a0d787db021a56fb511c873173417fd72e8840ce	1278	3	178682	10.2284	178682	10.1028	3359	23.7519	unclassified	chr1	80693882	80697241	0	3349	+	3362	3346	3334	3	13	12	60	0.997023	0.996414	0.991672	0
PBE25638_skip_873b4ebd_a0d787db_139.pod5	8697703c-8a30-4658-9466-1d03013b4cf7	a0d787db021a56fb511c873173417fd72e8840ce	1289	2	178687	6.3336	178687	6.3316	928	3.04757	unclassified	*	-1	-1	-1	-1	*	0	0	0	0	0	0	0	0	0	0	0
PBE25638_skip_873b4ebd_a0d787db_139.pod5	0b2330c2-4b61-4f96-88e4-2df837fe9c42	a0d787db021a56fb511c873173417fd72e8840ce	398	3	178674	9.4832	178675	9.3768	6343	18.5455	unclassified	chr9	25469829	25476176	0	6336	+	6368	6315	6251	21	32	64	60	0.998896	0.989865	0.981627	0
PBE25638_skip_873b4ebd_a0d787db_139.pod5	ef14614f-4622-44ef-b844-464e4b6c6410	a0d787db021a56fb511c873173417fd72e8840ce	2677	4	178660	22.364	178660	22.2648	8060	30.5667	unclassified	chr1	110215011	110223068	0	8060	+	8063	8054	8049	6	3	5	60	1	0.999379	0.998264	0
PBE25638_skip_873b4ebd_a0d787db_139.pod5	e13b255d-e38a-4a58-94ad-145bdab8f440	a0d787db021a56fb511c873173417fd72e8840ce	2033	3	178691	3.1322	178691	3.1302	1181	38.6427	unclassified	chr4	140732231	140733412	0	1181	+	1181	1181	1181	0	0	0	60	1	1	1	0
PBE25638_skip_873b4ebd_a0d787db_139.pod5	641be45f-206d-4380-9293-537201af9428	a0d787db021a56fb511c873173417fd72e8840ce	1631	1	178667	19.358	178667	19.2276	8126	26.517	unclassified	chr1	108379477	108387602	6	8126	-	8126	8119	8112	1	6	7	60	0.999262	0.999138	0.998277	0
PBE25638_skip_873b4ebd_a0d787db_139.pod5	ae0be95c-0423-48ce-96cf-3bf7983f5a1a	a0d787db021a56fb511c873173417fd72e8840ce	2422	4	178694	1.909	178694	1.907	460	2.4095	unclassified	*	-1	-1	-1	-1	*	0	0	0	0	0	0	0	0	0	0	0
PBE25638_skip_873b4ebd_a0d787db_139.pod5	68d29275-a760-46d0-9c87-fb0df8bd4b86	a0d787db021a56fb511c873173417fd72e8840ce	1729	4	178678	15.3986	178678	15.3966	7502	18.0736	unclassified	chr5	53542430	53549902	7	7472	-	7524	7413	7338	52	59	75	60	0.995068	0.989883	0.975279	0
PBE25638_skip_873b4ebd_a0d787db_139.pod5	fe35b9f6-c2ba-4981-8fee-d3aed8029fec	a0d787db021a56fb511c873173417fd72e8840ce	312	1	178686	8.1656	178686	7.9656	2851	24.1768	unclassified	chr4	45353509	45356351	0	2843	+	2849	2836	2829	7	6	7	60	0.997194	0.997532	0.99298	0
PBE25638_skip_873b4ebd_a0d787db_139.pod5	50e08b15-efd4-4779-9607-20930cfca4c9	a0d787db021a56fb511c873173417fd72e8840ce	1788	4	178676	17.0324	178676	16.842	6397	30.2607	unclassified	chr1	163570968	163577372	0	6391	+	6408	6387	6381	4	17	6	60	0.999062	0.999061	0.995786	0
PBE25638_skip_873b4ebd_a0d787db_139.pod5	c4677e5f-a6a8-4010-89e7-27af3919b818	a0d787db021a56fb511c873173417fd72e8840ce	678	1	178666	26.2628	178666	26.1228	10180	28.2544	unclassified	chr6	9197046	9207210	7	10180	-	10179	10158	10144	15	6	14	60	0.999312	0.998622	0.996562	0
PBE25638_skip_873b4ebd_a0d787db_139.pod5	7e810437-0607-4016-a959-a2c48b3187a6	a0d787db021a56fb511c873173417fd72e8840ce	1664	4	178621	51.9992	178621	51.8736	19351	20.6612	unclassified	chr10	4487502	4506615	0	19344	+	19384	19073	18991	271	40	82	60	0.999638	0.995701	0.979726	0
PBE25638_skip_873b4ebd_a0d787db_139.pod5	e2925166-f0b7-4b7a-8b80-4c2a69933966	a0d787db021a56fb511c873173417fd72e8840ce	1204	3	178675	19.868	178675	19.7424	6626	34.6331	unclassified	chr17	32832074	32838695	7	6626	-	6626	6614	6608	5	7	6	60	0.998944	0.999093	0.997283	0
PBE25638_skip_873b4ebd_a0d787db_139.pod5	43d26f6a-e68d-44df-8e6c-9327c37dbd68	a0d787db021a56fb511c873173417fd72e8840ce	1331	4	178693	2.978	178693	2.892	1195	24.3868	unclassified	chr4	13195920	13197113	0	1195	-	1196	1192	1192	3	1	0	60	1	1	0.996656	0
PBE25638_skip_873b4ebd_a0d787db_139.pod5	ebe605aa-ac2c-46de-98e7-db47340ef4aa	a0d787db021a56fb511c873173417fd72e8840ce	1072	3	178660	29.4988	178660	29.4968	11134	28.9936	unclassified	chr5	51374934	51386021	12	11103	-	11098	11080	11066	11	7	14	60	0.996138	0.998736	0.997117	0
PBE25638_skip_873b4ebd_a0d787db_139.pod5	2273557b-5c56-4cf0-a2aa-c36512de834a	a0d787db021a56fb511c873173417fd72e8840ce	1530	3	178690	6.7998	178690	6.7978	1611	3.83967	unclassified	*	-1	-1	-1	-1	*	0	0	0	0	0	0	0	0	0	0	0
PBE25638_skip_873b4ebd_a0d787db_139.pod5	c89bcb29-b280-4d26-97b4-bb31614ef62c	a0d787db021a56fb511c873173417fd72e8840ce	2422	4	178696	2.874	178696	2.872	733	3.08614	unclassified	*	-1	-1	-1	-1	*	0	0	0	0	0	0	0	0	0	0	0
PBE25638_skip_873b4ebd_a0d787db_139.pod5	b492b0c8-685c-4c52-91d1-5b96a58e868d	a0d787db021a56fb511c873173417fd72e8840ce	306	4	178679	15.0116	178679	14.8248	5724	28.7656	unclassified	chr17	61066348	61072067	0	5714	+	5726	5707	5704	7	12	3	60	0.998253	0.999474	0.996158	0
PBE25638_skip_873b4ebd_a0d787db_139.pod5	cb88d712-e2ce-4f2f-ae7e-3cdc4791be93	a0d787db021a56fb511c873173417fd72e8840ce	2677	4	178683	11.811	178683	11.809	4165	32.2509	unclassified	chr10	94925311	94929434	38	4159	+	4125	4119	4112	2	4	7	60	0.989436	0.998301	0.996848	0
PBE25638_skip_873b4ebd_a0d787db_139.pod5	84b73eb4-74cc-4887-930c-60701908234f	a0d787db021a56fb511c873173417fd72e8840ce	2973	1	178683	10.7252	178683	10.5708	4104	28.3312	unclassified	chr15	24229129	24233226	0	4095	+	4098	4094	4092	1	3	2	60	0.997807	0.999511	0.998536	0
PBE25638_skip_873b4ebd_a0d787db_139.pod5	d518719f-53fc-4697-97a5-a91fd7243636	a0d787db021a56fb511c873173417fd72e8840ce	784	4	178682	10.208	178683	10.116	4150	26.8118	unclassified	chr3	55567403	55571551	0	4145	+	4153	4140	4138	5	8	2	60	0.998795	0.999517	0.996388	0
PBE25638_skip_873b4ebd_a0d787db_139.pod5	96e6e4af-80b8-4bb7-bc6e-f8e5c0e3a995	a0d787db021a56fb511c873173417fd72e8840ce	1661	4	178693	3.8206	178693	3.8186	1302	20.5177	unclassified	chr12	59446611	59447882	0	1272	-	1278	1265	1260	7	6	5	60	0.976959	0.996047	0.985915	0
PBE25638_skip_873b4ebd_a0d787db_139.pod5	5f68931e-b8c8-4bca-9825-93c8dc4daa7c	a0d787db021a56fb511c873173417fd72e8840ce	2271	3	178652	32.3144	178652	32.3124	7526	15.6657	unclassified	chr1	53172005	53179472	6	7503	-	7601	7363	7277	134	104	86	60	0.996147	0.98832	0.957374	0
PBE25638_skip_873b4ebd_a0d787db_139.pod5	6ebb8cc9-b51e-4ae0-bd8a-6e5b174b6790	a0d787db021a56fb511c873173417fd72e8840ce	2356	3	178627	50.6612	178627	50.5524	19922	23.8992	unclassified	chr3	186204354	186224296	0	19922	-	20000	19864	19814	58	78	50	60	1	0.997483	0.9907	0
PBE25638_skip_873b4ebd_a0d787db_139.pod5	0121fea4-26e3-408d-9bad-3d29ed0586e1	a0d787db021a56fb511c873173417fd72e8840ce	2648	3	178630	56.7824	178630	56.6952	34398	22.3242	unclassified	chr6	82177893	82212271	0	34389	+	34474	34293	34187	96	85	106	60	0.999738	0.996909	0.991675	0
PBE25638_skip_873b4ebd_a0d787db_139.pod5	c9cfa0fd-1bd1-46f5-acc8-47b027bbff68	a0d787db021a56fb511c873173417fd72e8840ce	2290	1	178613	63.4568	178613	63.288	21563	29.9913	unclassified	chr7	92343621	92365201	0	21563	-	21611	21532	21512	31	48	20	60	1	0.999071	0.995419	0
PBE25638_skip_873b4ebd_a0d787db_139.pod5	b0510b2d-5c3f-452a-b01a-67d8df1e509a	a0d787db021a56fb511c873173417fd72e8840ce	912	3	178679	16.6298	178679	16.6278	5946	29.7779	unclassified	chr6	114848750	114854663	0	5914	-	5915	5912	5903	2	1	9	60	0.994618	0.998478	0.997971	0
PBE25638_skip_873b4ebd_a0d787db_139.pod5	45146831-369a-46d3-8bcd-2ec52e4c8d1a	a0d787db021a56fb511c873173417fd72e8840ce	804	2	178686	14.1392	178686	14.1372	5502	10.4635	unclassified	chr4	129562859	129568447	0	5502	-	5703	5387	5138	115	201	249	60	1	0.953778	0.900929	0
PBE25638_skip_873b4ebd_a0d787db_139.pod5	b8fbbd9f-ed02-4d21-8d3e-689de6f92cad	a0d787db021a56fb511c873173417fd72e8840ce	1218	1	178679	17.9626	178679	17.9606	8170	21.6216	unclassified	chr11	75538539	75546720	34	8162	+	8210	8099	8070	29	82	29	60	0.994859	0.996419	0.982948	0
PBE25638_skip_873b4ebd_a0d787db_139.pod5	dbf701d9-e080-43fe-beaf-cf66aa32e04f	a0d787db021a56fb511c873173417fd72e8840ce	659	2	178667	29.7212	178667	29.574	9150	25.2695	unclassified	chr4	94323606	94332745	7	9150	-	9152	9130	9118	13	9	12	60	0.999235	0.998686	0.996285	0
PBE25638_skip_873b4ebd_a0d787db_139.pod5	df696474-90bb-40a3-8769-d2d09fd6296d	a0d787db021a56fb511c873173417fd72e8840ce	1289	2	178694	7.7546	178694	7.7526	1711	3.84535	unclassified	*	-1	-1	-1	-1	*	0	0	0	0	0	0	0	0	0	0	0
PBE25638_skip_873b4ebd_a0d787db_139.pod5	5a135159-bc89-4bb1-a3da-38f73bd1506c	a0d787db021a56fb511c873173417fd72e8840ce	869	2	178677	22.1156	178677	21.9876	8161	25.9362	unclassified	chrX	73151407	73159558	7	8161	-	8158	8147	8129	7	4	18	60	0.999142	0.997791	0.996445	0
PBE25638_skip_873b4ebd_a0d787db_139.pod5	ce1a566e-d88b-4c03-b8bb-260337f61997	a0d787db021a56fb511c873173417fd72e8840ce	2688	1	178666	22.5008	178666	22.4088	9172	29.0623	unclassified	chr22	18893218	18896990	4604	8580	-	4089	3659	3166	317	113	493	60	0.433493	0.865264	0.774272	0
PBE25638_skip_873b4ebd_a0d787db_139.pod5	74a2ef5c-9196-4ea8-9dc1-b6e3c2210171	a0d787db021a56fb511c873173417fd72e8840ce	1631	1	177845	276.978	177845	276.818	98865	29.8079	unclassified	chr8	134479877	134530809	0	50957	-	50988	50901	50787	56	31	114	60	0.51542	0.99776	0.996058	0
PBE25638_skip_873b4ebd_a0d787db_139.pod5	c5665200-2889-4b22-aeea-fcf2d09494df	a0d787db021a56fb511c873173417fd72e8840ce	1639	3	178687	14.3492	178687	14.3472	3080	3.23451	unclassified	*	-1	-1	-1	-1	*	0	0	0	0	0	0	0	0	0	0	0
PBE25638_skip_873b4ebd_a0d787db_139.pod5	f3c172e5-b6da-42d2-b199-56108dd73fb0	a0d787db021a56fb511c873173417fd72e8840ce	2118	2	178668	26.9372	178669	26.8356	10189	25.2009	unclassified	chr16	34159047	34169212	0	10184	+	10255	10094	9359	90	71	735	60	0.999509	0.927184	0.912628	0
PBE25638_skip_873b4ebd_a0d787db_139.pod5	8a056006-c2c5-4709-9186-f7148c652cdb	a0d787db021a56fb511c873173417fd72e8840ce	1026	2	178701	1.2448	178701	1.2428	415	25.2539	unclassified	chr2	95335824	95336199	11	385	-	375	374	374	0	1	0	60	0.901205	1	0.997333	0
PBE25638_skip_873b4ebd_a0d787db_139.pod5	5f8f5aac-5086-4edb-ac7f-c3ee0115e570	a0d787db021a56fb511c873173417fd72e8840ce	1072	3	178691	9.6944	178691	9.5808	3557	27.3376	unclassified	chr6	149889812	149893360	7	3557	-	3551	3547	3540	3	1	7	60	0.998032	0.998026	0.996902	0
PBE25638_skip_873b4ebd_a0d787db_139.pod5	7306adb3-3070-41c7-9f9f-e50729d504f0	a0d787db021a56fb511c873173417fd72e8840ce	2136	1	178692	10.9786	178692	10.9766	3849	25.3123	unclassified	chr5	114738825	114742637	6	3810	-	3814	3802	3795	2	10	7	60	0.988309	0.998159	0.995018	0
PBE25638_skip_873b4ebd_a0d787db_139.pod5	f15ff97f-0f5f-4011-b5c0-20b7fb038fdd	a0d787db021a56fb511c873173417fd72e8840ce	2033	3	178694	10.2146	178694	10.2126	3400	32.0716	unclassified	chr4	140733420	140736817	0	3400	+	3401	3396	3395	4	1	1	60	1	0.999706	0.998236	0
PBE25638_skip_873b4ebd_a0d787db_139.pod5	be7324d9-d61f-4d87-9c89-3ebbe9ff7043	a0d787db021a56fb511c873173417fd72e8840ce	1144	2	178682	19.6436	178682	19.554	6753	26.6078	unclassified	chr6	1147234	1153985	0	6746	+	6759	6738	6725	8	13	13	60	0.998963	0.998071	0.99497	0
PBE25638_skip_873b4ebd_a0d787db_139.pod5	90601a38-1812-4e3e-a538-9ee5a5cbb4b6	a0d787db021a56fb511c873173417fd72e8840ce	2677	4	178695	9.344	178695	9.2472	4125	29.3175	unclassified	chr10	94925310	94929433	8	4125	-	4125	4115	4112	2	8	3	60	0.998061	0.999271	0.996848	0
PBE25638_skip_873b4ebd_a0d787db_139.pod5	43bb512c-a66a-43bc-9dda-2c38249715c3	a0d787db021a56fb511c873173417fd72e8840ce	1182	3	178697	6.3072	178697	6.3052	1073	3.1475	unclassified	*	-1	-1	-1	-1	*	0	0	0	0	0	0	0	0	0	0	0
PBE25638_skip_873b4ebd_a0d787db_139.pod5	3408b19f-8651-408f-b8ba-8310fd001859	a0d787db021a56fb511c873173417fd72e8840ce	1870	1	178681	19.0064	178681	18.9096	8854	25.4664	unclassified	chr13	76772944	76781803	11	8854	-	8864	8838	8834	5	21	4	60	0.998758	0.999547	0.996616	0
PBE25638_skip_873b4ebd_a0d787db_139.pod5	2085af3e-1573-4e44-b793-8199d849f458	a0d787db021a56fb511c873173417fd72e8840ce	2617	2	178671	32.1572	178671	31.7628	9046	21.5804	unclassified	chr2	211901872	211910894	7	9046	-	9051	9010	8988	29	12	22	60	0.999226	0.997558	0.993039	0
PBE25638_skip_873b4ebd_a0d787db_139.pod5	aa5c6dbf-547b-4184-a9d3-403f8e33e975	a0d787db021a56fb511c873173417fd72e8840ce	1788	4	178693	6.6476	178693	6.558	1787	32.2537	unclassified	chr1	63935568	63937348	0	1780	+	1780	1780	1778	0	0	2	60	0.996083	0.998876	0.998876	0
PBE25638_skip_873b4ebd_a0d787db_139.pod5	3f746102-a8bd-4db8-895d-362103327e15	a0d787db021a56fb511c873173417fd72e8840ce	2841	3	178680	15.5924	178680	15.4956	5578	25.1979	unclassified	chr7	121262541	121268110	0	5571	+	5579	5561	5557	10	8	4	60	0.998745	0.999281	0.996057	0
PBE25638_skip_873b4ebd_a0d787db_139.pod5	fd37c269-6dbf-443c-bf55-6c4f6c813c6e	a0d787db021a56fb511c873173417fd72e8840ce	206	2	178696	5.3192	178696	5.3172	1024	4.36205	unclassified	*	-1	-1	-1	-1	*	0	0	0	0	0	0	0	0	0	0	0
PBE25638_skip_873b4ebd_a0d787db_139.pod5	891eb320-e894-4ace-b5d4-f26dd2af447b	a0d787db021a56fb511c873173417fd72e8840ce	1142	4	178700	5.104	178700	5.102	1084	3.51872	unclassified	*	-1	-1	-1	-1	*	0	0	0	0	0	0	0	0	0	0	0
PBE25638_skip_873b4ebd_a0d787db_139.pod5	ea68c2ab-c7cb-4f8a-8a35-0c10b9a45b1b	a0d787db021a56fb511c873173417fd72e8840ce	1184	1	178688	13.934	178688	13.8024	4701	21.3965	unclassified	chr12	112907913	112910728	1888	4700	-	2815	2812	2809	0	3	3	60	0.598171	0.998933	0.997869	0
PBE25638_skip_873b4ebd_a0d787db_139.pod5	1ef20b5e-cea5-4aa5-928f-e3ea03330e67	a0d787db021a56fb511c873173417fd72e8840ce	267	2	178678	22.5392	178678	22.302	7957	32.2741	unclassified	chr16	16095934	16103885	1	7950	+	7954	7946	7942	3	5	4	60	0.998995	0.999497	0.998491	0
PBE25638_skip_873b4ebd_a0d787db_139.pod5	170572d7-5fb1-4a2c-8ad4-679c05ae5606	a0d787db021a56fb511c873173417fd72e8840ce	784	4	178693	7.1708	178693	7.0884	3092	37.9584	unclassified	chr10	126028637	126031719	0	3084	+	3085	3081	3080	3	1	1	60	0.997413	0.999675	0.998379	0
PBE25638_skip_873b4ebd_a0d787db_139.pod5	3fc35423-5458-4132-ac04-d2c172bcaecd	a0d787db021a56fb511c873173417fd72e8840ce	2033	3	178704	2.7636	178704	2.7616	875	35.1753	unclassified	chr4	140736823	140737702	0	875	+	879	875	874	0	4	1	60	1	0.998857	0.994312	0
PBE25638_skip_873b4ebd_a0d787db_139.pod5	cdd6db57-1303-4e53-a2c4-4a7074fe58e6	a0d787db021a56fb511c873173417fd72e8840ce	587	2	178675	25.3304	178675	25.1592	8899	28.1081	unclassified	chr13	88912396	88921280	9	8899	-	8903	8871	8859	19	13	12	60	0.998989	0.998647	0.995058	0
PBE25638_skip_873b4ebd_a0d787db_139.pod5	8638bebf-cbae-4111-b92e-194cde6146dd	a0d787db021a56fb511c873173417fd72e8840ce	2526	4	178648	51.4892	178648	51.3504	17874	30.0814	unclassified	chr6	68200488	68218351	0	17868	+	17878	17853	17826	15	10	27	60	0.999664	0.998488	0.997091	0
PBE25638_skip_873b4ebd_a0d787db_139.pod5	8d4610d2-6a80-4e0b-b6bd-2c88d29edfc5	a0d787db021a56fb511c873173417fd72e8840ce	1446	4	178676	30.0968	178676	29.8896	5376	16.0789	unclassified	chr7	48545254	48550583	0	5376	+	5405	5300	5239	76	29	61	60	1	0.988491	0.969288	0
PBE25638_skip_873b4ebd_a0d787db_139.pod5	e8b50d14-7767-46ac-bfa4-cf5748070d01	a0d787db021a56fb511c873173417fd72e8840ce	2783	1	178692	12.5516	178692	12.3924	4585	29.5759	unclassified	chr8	92009101	92013678	10	4585	-	4581	4571	4570	4	6	1	60	0.997819	0.999781	0.997599	0
PBE25638_skip_873b4ebd_a0d787db_139.pod5	40e7904e-3a11-41b7-9343-4c880ade533f	a0d787db021a56fb511c873173417fd72e8840ce	2648	3	178700	6.9572	178700	6.8388	2519	23.3198	unclassified	chr13	105258983	105261494	6	2519	-	2521	2503	2486	10	8	17	60	0.997618	0.993208	0.986117	0
PBE25638_skip_873b4ebd_a0d787db_139.pod5	0a501767-c6b3-4d33-8903-37177dea0da1	a0d787db021a56fb511c873173417fd72e8840ce	512	4	178663	31.2092	178663	31.11	11359	24.9116	unclassified	chr2	178055483	178066840	0	11359	-	11377	11339	11313	20	18	26	60	1	0.997707	0.994375	0
PBE25638_skip_873b4ebd_a0d787db_139.pod5	5121a69e-4a27-4569-9085-e91952d622c5	a0d787db021a56fb511c873173417fd72e8840ce	2016	4	178617	69.7292	178617	69.5556	15022	16.0048	unclassified	chr2	193696971	193711606	18	15022	-	15052	14587	14528	417	48	59	60	0.998802	0.995955	0.965187	0
PBE25638_skip_873b4ebd_a0d787db_139.pod5	103730c9-90c5-4116-a776-7ade23675a21	a0d787db021a56fb511c873173417fd72e8840ce	630	3	178710	1.6218	178710	1.6198	440	3.46867	unclassified	*	-1	-1	-1	-1	*	0	0	0	0	0	0	0	0	0	0	0
PBE25638_skip_873b4ebd_a0d787db_139.pod5	40f83402-22e2-475a-9534-c4c10384ee47	a0d787db021a56fb511c873173417fd72e8840ce	869	2	178700	8.7042	178700	8.7022	3404	37.646	unclassified	chr14	55988594	55991390	11	2807	+	2796	2796	2794	0	0	2	36	0.821387	0.999285	0.999285	0
PBE25638_skip_873b4ebd_a0d787db_139.pod5	d197a829-daeb-441e-ad65-3099b13a4a03	a0d787db021a56fb511c873173417fd72e8840ce	219	3	178701	8.343	178701	8.341	2252	2.91229	unclassified	*	-1	-1	-1	-1	*	0	0	0	0	0	0	0	0	0	0	0
PBE25638_skip_873b4ebd_a0d787db_139.pod5	4acb93ea-883e-4a86-857a-736e08988203	a0d787db021a56fb511c873173417fd72e8840ce	2408	2	178671	33.9428	178671	33.8316	11934	23.8225	unclassified	chr1	33944207	33956157	0	11927	+	11977	11900	11880	27	50	20	60	0.999413	0.998319	0.991901	0
PBE25638_skip_873b4ebd_a0d787db_139.pod5	a2cbe142-c17e-4260-be45-8486ecca1f11	a0d787db021a56fb511c873173417fd72e8840ce	916	4	178702	4.2884	178702	4.2864	973	4.0395	unclassified	*	-1	-1	-1	-1	*	0	0	0	0	0	0	0	0	0	0	0
PBE25638_skip_873b4ebd_a0d787db_139.pod5	b276450b-645b-48ff-bafd-0f1412dd79a8	a0d787db021a56fb511c873173417fd72e8840ce	873	1	178683	21.3404	178683	21.1836	8025	22.9241	unclassified	chr16	82699443	82707480	0	8019	+	8053	8003	7982	16	34	21	60	0.999252	0.997376	0.991183	0
PBE25638_skip_873b4ebd_a0d787db_139.pod5	88184b95-81d3-4c7b-b61e-78a4369f399d	a0d787db021a56fb511c873173417fd72e8840ce	1562	4	178580	98.1092	178580	98.0172	35493	14.6374	unclassified	chr2	5948569	5981860	0	35493	+	35627	33157	33042	2336	134	115	60	1	0.996532	0.927443	0
PBE25638_skip_873b4ebd_a0d787db_139.pod5	c86afaef-7439-47af-9d7b-a8e560064c38	a0d787db021a56fb511c873173417fd72e8840ce	1444	3	178700	11.7296	178701	11.628	4219	29.7061	unclassified	chr10	91300644	91304848	0	4212	+	4219	4197	4186	15	7	11	60	0.998341	0.997379	0.992178	0
PBE25638_skip_873b4ebd_a0d787db_139.pod5	f4f7c1a0-f423-4efa-84d5-3c99dd6acc2a	a0d787db021a56fb511c873173417fd72e8840ce	2903	3	178638	53.9996	178638	53.8668	20165	19.0593	unclassified	chr17	70399449	70419636	0	20157	+	20307	20037	19889	120	150	148	60	0.999603	0.992614	0.979416	0
