filename	read_id	run_id	channel	mux	start_time	duration	template_start	template_duration	sequence_length_template	mean_qscore_template	barcode	alignment_genome	alignment_genome_start	alignment_genome_end	alignment_strand_start	alignment_strand_end	alignment_direction	alignment_length	alignment_num_aligned	alignment_num_correct	alignment_num_insertions	alignment_num_deletions	alignment_num_substitutions	alignment_mapq	alignment_strand_coverage	alignment_identity	alignment_accuracy	alignment_bed_hits
PBE28937_skip_2b89ea88_3b9ca4f8_8.pod5	5ff399e9-4ad8-41a1-a1aa-9ccbcda14eaa	3b9ca4f88a42f77bab4ca6ec1b82bfcac9de0ade	1772	1	7206.4	1.9988	7206.4	1.9968	425	2.77902	unclassified	*	-1	-1	-1	-1	*	0	0	0	0	0	0	0	0	0	0	0
PBE28937_skip_2b89ea88_3b9ca4f8_8.pod5	a8b242fb-0368-4c1e-a5c6-47ab39721333	3b9ca4f88a42f77bab4ca6ec1b82bfcac9de0ade	399	3	7199.42	2.0716	7199.42	2.0696	404	2.48192	unclassified	*	-1	-1	-1	-1	*	0	0	0	0	0	0	0	0	0	0	0
PBE28937_skip_2b89ea88_3b9ca4f8_8.pod5	25a519fb-52a6-4dc9-b506-a65860126359	3b9ca4f88a42f77bab4ca6ec1b82bfcac9de0ade	2615	1	7202.85	1.459	7202.85	1.457	366	18.7749	unclassified	chr9	92382776	92383137	6	366	-	361	360	360	0	1	0	60	0.983607	1	0.99723	0
PBE28937_skip_2b89ea88_3b9ca4f8_8.pod5	0e437f58-0a4e-4036-8415-e0c5840ab42c	3b9ca4f88a42f77bab4ca6ec1b82bfcac9de0ade	2189	3	7204.77	1.5224	7204.89	1.404	432	33.0266	unclassified	chr21	8996364	8996787	0	423	+	423	423	412	0	0	11	60	0.979167	0.973995	0.973995	0
PBE28937_skip_2b89ea88_3b9ca4f8_8.pod5	8e46b1da-fef4-4b10-b5db-86d6e27cbfee	3b9ca4f88a42f77bab4ca6ec1b82bfcac9de0ade	716	1	7209.33	2.762	7209.49	2.5956	987	40.8636	unclassified	chr4	47531697	47532678	6	987	-	981	981	981	0	0	0	60	0.993921	1	1	0
PBE28937_skip_2b89ea88_3b9ca4f8_8.pod5	36db3281-dbd2-42c7-9f34-354666a72ff9	3b9ca4f88a42f77bab4ca6ec1b82bfcac9de0ade	550	3	7207.35	3.254	7207.47	3.1404	1586	32.2775	unclassified	chr7	126591696	126593278	6	1586	-	1583	1579	1575	1	3	4	60	0.996217	0.997467	0.994946	0
PBE28937_skip_2b89ea88_3b9ca4f8_8.pod5	f5deb7a3-15d9-4d0e-85d0-4bb1d4791650	3b9ca4f88a42f77bab4ca6ec1b82bfcac9de0ade	898	2	7203.85	2.1988	7203.85	2.1968	494	2.67971	unclassified	*	-1	-1	-1	-1	*	0	0	0	0	0	0	0	0	0	0	0
PBE28937_skip_2b89ea88_3b9ca4f8_8.pod5	1a382d35-5605-43e4-bc0f-accd634c2647	3b9ca4f88a42f77bab4ca6ec1b82bfcac9de0ade	1772	1	7201.43	1.8356	7201.43	1.8336	379	2.86643	unclassified	*	-1	-1	-1	-1	*	0	0	0	0	0	0	0	0	0	0	0
PBE28937_skip_2b89ea88_3b9ca4f8_8.pod5	541a1b37-83c8-4897-8032-8517be54dcc5	3b9ca4f88a42f77bab4ca6ec1b82bfcac9de0ade	978	1	7203.85	6.7824	7203.85	6.7804	1372	2.88732	unclassified	*	-1	-1	-1	-1	*	0	0	0	0	0	0	0	0	0	0	0
PBE28937_skip_2b89ea88_3b9ca4f8_8.pod5	aedc6d1c-32a6-4575-b352-d90496070278	3b9ca4f88a42f77bab4ca6ec1b82bfcac9de0ade	1150	1	7204.75	4.8296	7204.85	4.7376	1961	30.9752	unclassified	chr9	132320686	132322641	9	1961	-	1959	1948	1947	4	7	1	60	0.995411	0.999487	0.993874	0
PBE28937_skip_2b89ea88_3b9ca4f8_8.pod5	61aa7ad8-beac-4cbd-a90a-8ce52beb87ed	3b9ca4f88a42f77bab4ca6ec1b82bfcac9de0ade	2615	1	7205.43	1.874	7205.44	1.872	579	32.5417	unclassified	chr9	92381878	92382450	6	579	-	573	572	572	1	0	0	60	0.989637	1	0.998255	0
PBE28937_skip_2b89ea88_3b9ca4f8_8.pod5	6560f812-d779-4a30-80b3-e39aceb67c7e	3b9ca4f88a42f77bab4ca6ec1b82bfcac9de0ade	891	4	7195.97	4.6016	7195.97	4.5996	953	2.75062	unclassified	*	-1	-1	-1	-1	*	0	0	0	0	0	0	0	0	0	0	0
PBE28937_skip_2b89ea88_3b9ca4f8_8.pod5	52c6a119-1805-465d-ba11-e0168f28e7d6	3b9ca4f88a42f77bab4ca6ec1b82bfcac9de0ade	2831	2	7198.64	3.8912	7198.65	3.8892	754	2.58189	unclassified	*	-1	-1	-1	-1	*	0	0	0	0	0	0	0	0	0	0	0
PBE28937_skip_2b89ea88_3b9ca4f8_8.pod5	cf94a177-9cc9-4ead-888d-b7bf36e2319b	3b9ca4f88a42f77bab4ca6ec1b82bfcac9de0ade	764	2	7196.8	4.777	7196.8	4.775	1094	2.41056	unclassified	*	-1	-1	-1	-1	*	0	0	0	0	0	0	0	0	0	0	0
PBE28937_skip_2b89ea88_3b9ca4f8_8.pod5	c12452d3-5928-4313-b1dc-bc3307d6bbdd	3b9ca4f88a42f77bab4ca6ec1b82bfcac9de0ade	1747	4	7201.18	1.3172	7201.18	1.3152	299	2.45251	unclassified	*	-1	-1	-1	-1	*	0	0	0	0	0	0	0	0	0	0	0
PBE28937_skip_2b89ea88_3b9ca4f8_8.pod5	179e42ca-30c7-4cab-b6c1-2c02c373080c	3b9ca4f88a42f77bab4ca6ec1b82bfcac9de0ade	661	3	7203.93	4.4694	7203.93	4.4674	1551	8.33389	unclassified	chr4	132649542	132651162	0	1551	-	1669	1502	1391	49	118	111	29	1	0.926099	0.833433	0
PBE28937_skip_2b89ea88_3b9ca4f8_8.pod5	7a875ee4-de63-4765-a585-e2b911c7d051	3b9ca4f88a42f77bab4ca6ec1b82bfcac9de0ade	399	3	7208.78	2.213	7208.78	2.211	445	2.61597	unclassified	*	-1	-1	-1	-1	*	0	0	0	0	0	0	0	0	0	0	0
PBE28937_skip_2b89ea88_3b9ca4f8_8.pod5	148cd32d-dee6-4bb7-8a6c-ec7efede4fcb	3b9ca4f88a42f77bab4ca6ec1b82bfcac9de0ade	1869	4	7208.35	3.0234	7208.35	3.0214	776	4.80736	unclassified	*	-1	-1	-1	-1	*	0	0	0	0	0	0	0	0	0	0	0
PBE28937_skip_2b89ea88_3b9ca4f8_8.pod5	70e66b69-e3f2-4a31-8caf-9d3ec90edf59	3b9ca4f88a42f77bab4ca6ec1b82bfcac9de0ade	716	1	7193.6	15.542	7193.71	15.4308	6124	28.7281	unclassified	chr2	106097027	106103145	4	6124	-	6123	6115	6089	5	3	26	60	0.999347	0.995748	0.994447	0
PBE28937_skip_2b89ea88_3b9ca4f8_8.pod5	225dc5f0-d099-4093-a989-f4e918601e87	3b9ca4f88a42f77bab4ca6ec1b82bfcac9de0ade	2159	4	7182.6	17.4824	7182.71	17.37	6606	34.0453	unclassified	chr5	146169258	146175857	8	6606	-	6614	6583	6572	15	16	11	60	0.998789	0.998329	0.99365	0
PBE28937_skip_2b89ea88_3b9ca4f8_8.pod5	4988599b-399a-497a-b3d3-dfdd447fd23c	3b9ca4f88a42f77bab4ca6ec1b82bfcac9de0ade	882	4	7201.12	8.1056	7201.26	7.974	3313	24.7001	unclassified	chr2	19264193	19267499	6	3313	-	3315	3298	3291	9	8	7	60	0.998189	0.997877	0.99276	0
PBE28937_skip_2b89ea88_3b9ca4f8_8.pod5	6e2098cf-62a7-454e-ab84-87eb25218ec2	3b9ca4f88a42f77bab4ca6ec1b82bfcac9de0ade	2688	2	7191.73	15.1982	7191.73	15.1962	5946	23.8367	unclassified	chr4	18510826	18516738	5	5908	-	5922	5893	5884	10	19	9	60	0.992768	0.998473	0.993583	0
PBE28937_skip_2b89ea88_3b9ca4f8_8.pod5	fc559f27-e4ab-42ab-993f-eda0b0d59ba9	3b9ca4f88a42f77bab4ca6ec1b82bfcac9de0ade	2702	3	7197.15	14.6336	7197.26	14.5296	5652	31.1739	unclassified	chr17	67856030	67861679	6	5652	-	5657	5638	5634	8	11	4	60	0.998938	0.999291	0.995934	0
PBE28937_skip_2b89ea88_3b9ca4f8_8.pod5	2a3fc19e-c321-45b7-82a0-2c8ac302fcc8	3b9ca4f88a42f77bab4ca6ec1b82bfcac9de0ade	1738	1	7177.11	23.1848	7177.24	23.0544	8805	19.5064	unclassified	chr1	103180650	103189440	7	8805	-	8873	8715	8653	83	75	62	60	0.999205	0.992886	0.975206	0
PBE28937_skip_2b89ea88_3b9ca4f8_8.pod5	8f9af4b4-521a-44ab-8e92-4c887dd2bb93	3b9ca4f88a42f77bab4ca6ec1b82bfcac9de0ade	2923	1	7203.65	7.994	7203.79	7.8516	1719	29.5069	unclassified	chr2	207212793	207214516	0	1719	+	1724	1718	1717	1	5	1	60	1	0.999418	0.99594	0
PBE28937_skip_2b89ea88_3b9ca4f8_8.pod5	4c26c847-911e-44b6-a871-00627459264d	3b9ca4f88a42f77bab4ca6ec1b82bfcac9de0ade	2476	3	7202.14	9.5036	7202.25	9.3948	3124	28.0455	unclassified	chr7	98687377	98690520	1	3124	-	3147	3119	3106	4	24	13	60	0.99968	0.995832	0.986972	0
PBE28937_skip_2b89ea88_3b9ca4f8_8.pod5	e02f79e1-91c1-40ac-9542-5a1b125b0ac7	3b9ca4f88a42f77bab4ca6ec1b82bfcac9de0ade	1972	1	7199.19	1.594	7199.19	1.592	316	3.30751	unclassified	*	-1	-1	-1	-1	*	0	0	0	0	0	0	0	0	0	0	0
PBE28937_skip_2b89ea88_3b9ca4f8_8.pod5	5c6d6933-c6ab-4b24-ac5c-7a19ede393c1	3b9ca4f88a42f77bab4ca6ec1b82bfcac9de0ade	1772	1	7197.85	2.397	7197.85	2.395	562	2.97956	unclassified	*	-1	-1	-1	-1	*	0	0	0	0	0	0	0	0	0	0	0
PBE28937_skip_2b89ea88_3b9ca4f8_8.pod5	867a4a96-5148-440d-a6bd-fc33654f3009	3b9ca4f88a42f77bab4ca6ec1b82bfcac9de0ade	836	4	7182.25	18.0228	7182.26	18.0208	3206	3.55158	unclassified	*	-1	-1	-1	-1	*	0	0	0	0	0	0	0	0	0	0	0
PBE28937_skip_2b89ea88_3b9ca4f8_8.pod5	a1fcbe6e-d4ff-4a5f-bcec-1e96e7887bd5	3b9ca4f88a42f77bab4ca6ec1b82bfcac9de0ade	1772	1	7203.32	1.6706	7203.33	1.6686	331	3.02039	unclassified	*	-1	-1	-1	-1	*	0	0	0	0	0	0	0	0	0	0	0
PBE28937_skip_2b89ea88_3b9ca4f8_8.pod5	65e9a78a-6a72-4d6d-be3d-17a4535a2fe8	3b9ca4f88a42f77bab4ca6ec1b82bfcac9de0ade	885	1	7207.38	1.9992	7207.38	1.9972	399	2.32144	unclassified	*	-1	-1	-1	-1	*	0	0	0	0	0	0	0	0	0	0	0
PBE28937_skip_2b89ea88_3b9ca4f8_8.pod5	eb1496ee-c63a-477d-93df-6703b570692d	3b9ca4f88a42f77bab4ca6ec1b82bfcac9de0ade	965	2	7198.63	2.0228	7198.74	1.9104	794	33.2484	unclassified	chr8	83855226	83856017	0	793	+	793	791	788	2	0	3	60	0.998741	0.996207	0.993695	0
PBE28937_skip_2b89ea88_3b9ca4f8_8.pod5	efec2f26-97ab-4a98-b24c-a2133f1a9395	3b9ca4f88a42f77bab4ca6ec1b82bfcac9de0ade	321	4	7198.13	9.0584	7198.26	8.9232	3547	27.5172	unclassified	chr18	24635307	24638849	6	3547	-	3547	3536	3530	5	6	6	60	0.998308	0.998303	0.995207	0
PBE28937_skip_2b89ea88_3b9ca4f8_8.pod5	e8ba8891-87c2-475e-98c5-a3198ece2439	3b9ca4f88a42f77bab4ca6ec1b82bfcac9de0ade	2146	3	7203.54	6.02	7203.63	5.9268	2341	31.2393	unclassified	chr10	24593304	24595636	0	2333	+	2333	2332	2332	1	0	0	60	0.996583	1	0.999571	0
PBE28937_skip_2b89ea88_3b9ca4f8_8.pod5	a6ad031a-abf3-4424-89b2-ded480b6acea	3b9ca4f88a42f77bab4ca6ec1b82bfcac9de0ade	2913	4	7196.1	13.3928	7196.1	13.3908	5375	23.3545	unclassified	chr15	79308098	79313422	38	5364	+	5342	5308	5289	18	16	19	60	0.990884	0.996421	0.990079	0
PBE28937_skip_2b89ea88_3b9ca4f8_8.pod5	0a4465ee-9e1b-4d0f-a207-b910a2e071e5	3b9ca4f88a42f77bab4ca6ec1b82bfcac9de0ade	2134	1	7185.81	14.552	7185.89	14.4672	7258	28.0522	unclassified	chr10	99093045	99100290	0	7253	+	7266	7232	7211	21	13	21	60	0.999311	0.997096	0.992431	0
PBE28937_skip_2b89ea88_3b9ca4f8_8.pod5	b04f2433-62ce-49d1-844d-0fe40b3d9546	3b9ca4f88a42f77bab4ca6ec1b82bfcac9de0ade	1354	4	7186.76	20.9864	7186.97	20.7696	7398	25.9778	unclassified	chr12	94591713	94599109	7	7398	-	7426	7361	7350	30	35	11	60	0.999054	0.998506	0.989766	0
PBE28937_skip_2b89ea88_3b9ca4f8_8.pod5	261489ed-92b1-464c-97d5-a09e861e178c	3b9ca4f88a42f77bab4ca6ec1b82bfcac9de0ade	284	2	7200.41	1.456	7200.41	1.454	329	2.57806	unclassified	*	-1	-1	-1	-1	*	0	0	0	0	0	0	0	0	0	0	0
PBE28937_skip_2b89ea88_3b9ca4f8_8.pod5	186611b8-6115-482b-aeeb-c67a69e32bf0	3b9ca4f88a42f77bab4ca6ec1b82bfcac9de0ade	697	2	7196.32	6.6104	7196.42	6.5052	2836	25.6501	unclassified	chr5	139878512	139881352	0	2836	-	2843	2833	2830	3	7	3	60	1	0.998941	0.995427	0
PBE28937_skip_2b89ea88_3b9ca4f8_8.pod5	e1c7e507-9593-4500-b070-00831cc7ce9d	3b9ca4f88a42f77bab4ca6ec1b82bfcac9de0ade	518	2	7203.27	7.1276	7203.41	6.9828	2849	28.7331	unclassified	chr5	14095581	14098427	0	2840	+	2850	2836	2832	4	10	4	60	0.996841	0.99859	0.993684	0
PBE28937_skip_2b89ea88_3b9ca4f8_8.pod5	dd4b0588-0418-475f-845d-5a3306e79669	3b9ca4f88a42f77bab4ca6ec1b82bfcac9de0ade	1228	2	7199.52	5.436	7199.52	5.434	2185	7.89213	unclassified	chr2	72003633	72005157	0	1513	-	1573	1464	1395	49	60	69	60	0.692448	0.952869	0.88684	0
PBE28937_skip_2b89ea88_3b9ca4f8_8.pod5	e1b147e1-82f0-4e58-a566-e1cebd8566fb	3b9ca4f88a42f77bab4ca6ec1b82bfcac9de0ade	120	3	7199.89	4.0232	7200.06	3.8448	1728	22.1901	unclassified	chr21	8436963	8438687	0	1716	+	1724	1716	1715	0	8	1	0	0.993056	0.999417	0.99478	0
PBE28937_skip_2b89ea88_3b9ca4f8_8.pod5	82185136-aaa6-4a6d-b8aa-a56cc42b9a97	3b9ca4f88a42f77bab4ca6ec1b82bfcac9de0ade	2601	1	7177.51	22.2956	7177.61	22.2024	8707	27.6867	unclassified	chr2	28563230	28571929	6	8707	-	8706	8694	8673	7	5	21	60	0.999311	0.997585	0.99621	0
PBE28937_skip_2b89ea88_3b9ca4f8_8.pod5	9a9121f3-c913-4290-a977-b982dc1d7d84	3b9ca4f88a42f77bab4ca6ec1b82bfcac9de0ade	2974	4	7161.01	48.819	7161.01	48.817	14465	5.64183	unclassified	chr13	77574842	77581012	21	6058	-	6616	5591	4815	446	579	776	6	0.417352	0.861206	0.727781	0
PBE28937_skip_2b89ea88_3b9ca4f8_8.pod5	e547025d-d384-4147-ba9e-24cc4b532cb0	3b9ca4f88a42f77bab4ca6ec1b82bfcac9de0ade	2613	1	7197.92	13.7156	7198.02	13.6116	5229	28.1054	unclassified	chr12	115395347	115400566	7	5229	-	5227	5214	5198	8	5	16	60	0.998661	0.996931	0.994452	0
PBE28937_skip_2b89ea88_3b9ca4f8_8.pod5	b5dda436-653b-4ffa-ba84-1e8e02c5aed9	3b9ca4f88a42f77bab4ca6ec1b82bfcac9de0ade	268	4	7160.46	39.8974	7160.46	39.8954	11199	30.1745	unclassified	chr6	20632713	20643882	11	11171	-	11178	11151	11151	9	18	0	60	0.996518	1	0.997585	0
PBE28937_skip_2b89ea88_3b9ca4f8_8.pod5	492cc085-4bcb-48d6-a88a-ed284854ab0a	3b9ca4f88a42f77bab4ca6ec1b82bfcac9de0ade	452	3	7174.68	25.9136	7174.83	25.7568	10004	32.3158	unclassified	chr9	23072997	23083301	0	9997	+	10319	9982	9964	15	322	18	60	0.9993	0.998197	0.965597	0
PBE28937_skip_2b89ea88_3b9ca4f8_8.pod5	8dcb6f6a-31bf-4544-9392-518308807e30	3b9ca4f88a42f77bab4ca6ec1b82bfcac9de0ade	586	1	7193.72	6.7868	7193.83	6.6756	2547	25.1242	unclassified	chr11	109915779	109918323	0	2546	+	2546	2544	2537	2	0	7	60	0.999607	0.997248	0.996465	0
PBE28937_skip_2b89ea88_3b9ca4f8_8.pod5	ed481b82-448d-4dd6-b085-cee03eeb6592	3b9ca4f88a42f77bab4ca6ec1b82bfcac9de0ade	571	4	7150.64	49.6856	7150.78	49.5408	20435	28.6713	unclassified	chr10	35559678	35580089	0	20429	+	20447	20393	20368	36	18	25	60	0.999706	0.998774	0.996136	0
PBE28937_skip_2b89ea88_3b9ca4f8_8.pod5	d5d44763-0830-4be4-b1cb-78363a7e36a4	3b9ca4f88a42f77bab4ca6ec1b82bfcac9de0ade	2286	1	7194.91	9.9692	7195.01	9.8748	4019	29.6286	unclassified	chr9	37194272	37198285	10	4019	-	4015	4007	4005	2	6	2	60	0.997512	0.999501	0.997509	0
PBE28937_skip_2b89ea88_3b9ca4f8_8.pod5	4dd615ad-d6c7-457e-b1e0-5534cf4508b5	3b9ca4f88a42f77bab4ca6ec1b82bfcac9de0ade	2429	2	7146.12	65.5218	7146.12	65.5198	13408	2.45953	unclassified	*	-1	-1	-1	-1	*	0	0	0	0	0	0	0	0	0	0	0
PBE28937_skip_2b89ea88_3b9ca4f8_8.pod5	56f1e05b-1a2a-4d19-9380-04514ff2d5aa	3b9ca4f88a42f77bab4ca6ec1b82bfcac9de0ade	1207	2	7189.92	14.9408	7190.16	14.7048	3871	28.2093	unclassified	chr6	28725894	28729753	7	3871	-	3864	3859	3851	5	0	8	60	0.998192	0.997927	0.996636	0
PBE28937_skip_2b89ea88_3b9ca4f8_8.pod5	3c939880-ffff-436a-83a6-9a40a7adc177	3b9ca4f88a42f77bab4ca6ec1b82bfcac9de0ade	1551	2	7198.28	3.3596	7198.28	3.3576	790	3.60552	unclassified	*	-1	-1	-1	-1	*	0	0	0	0	0	0	0	0	0	0	0
PBE28937_skip_2b89ea88_3b9ca4f8_8.pod5	dd6894d6-309b-4a9c-b618-c060dd8c70e0	3b9ca4f88a42f77bab4ca6ec1b82bfcac9de0ade	217	1	7140.8	57.8864	7140.95	57.7344	21504	20.1297	unclassified	chrX	54777439	54797102	0	19654	+	19676	19641	19631	13	22	10	60	0.91397	0.999491	0.997713	0
PBE28937_skip_2b89ea88_3b9ca4f8_8.pod5	5d83f681-6bd9-46fd-86b6-3df51bd7d305	3b9ca4f88a42f77bab4ca6ec1b82bfcac9de0ade	663	3	7200.13	5.0276	7200.28	4.8828	1995	19.912	unclassified	chr20	52269624	52271629	1	1995	+	2008	1991	1976	3	14	15	60	0.999499	0.992466	0.984064	0
PBE28937_skip_2b89ea88_3b9ca4f8_8.pod5	cf549c65-a373-4fad-b1f3-8eca587f10e2	3b9ca4f88a42f77bab4ca6ec1b82bfcac9de0ade	1869	4	7195.85	12.4976	7195.85	12.4956	2952	5.0501	unclassified	*	-1	-1	-1	-1	*	0	0	0	0	0	0	0	0	0	0	0
PBE28937_skip_2b89ea88_3b9ca4f8_8.pod5	07196f93-6e2c-4972-91d9-76133ab3099a	3b9ca4f88a42f77bab4ca6ec1b82bfcac9de0ade	2904	4	7181.84	18.3476	7181.99	18.198	7282	31.1733	unclassified	chr10	51095506	51102779	7	7282	-	7283	7265	7262	10	8	3	60	0.999039	0.999587	0.997117	0
PBE28937_skip_2b89ea88_3b9ca4f8_8.pod5	c33502c9-5f4f-45ba-a6f4-303924745e32	3b9ca4f88a42f77bab4ca6ec1b82bfcac9de0ade	1139	2	7203.34	5.29	7203.34	5.288	995	2.58364	unclassified	*	-1	-1	-1	-1	*	0	0	0	0	0	0	0	0	0	0	0
PBE28937_skip_2b89ea88_3b9ca4f8_8.pod5	92511795-b818-4fef-b8fb-d64bda5d5b03	3b9ca4f88a42f77bab4ca6ec1b82bfcac9de0ade	1898	4	7203.55	4.7444	7203.73	4.566	1692	35.6983	unclassified	chr12	79312440	79314128	4	1692	-	1688	1688	1688	0	0	0	60	0.997636	1	1	0
PBE28937_skip_2b89ea88_3b9ca4f8_8.pod5	1cff9736-8851-4b08-bcff-756a6a353836	3b9ca4f88a42f77bab4ca6ec1b82bfcac9de0ade	834	2	7193.62	16.9064	7193.78	16.7472	5059	31.127	unclassified	chr1	84273195	84278251	3	5059	-	5061	5051	5047	5	5	4	60	0.999407	0.999208	0.997234	0
PBE28937_skip_2b89ea88_3b9ca4f8_8.pod5	aac91226-7edb-4104-b211-c8acb15ab3d0	3b9ca4f88a42f77bab4ca6ec1b82bfcac9de0ade	1932	2	7196.86	9.7316	7196.98	9.6132	4369	23.9194	unclassified	chr5	172722723	172727090	0	4362	+	4371	4358	4344	4	9	14	60	0.998398	0.996787	0.993823	0
PBE28937_skip_2b89ea88_3b9ca4f8_8.pod5	6584cc13-09f1-45c6-8f82-a02724a014bd	3b9ca4f88a42f77bab4ca6ec1b82bfcac9de0ade	1365	4	7205.93	2.6448	7205.93	2.6428	484	2.4502	unclassified	*	-1	-1	-1	-1	*	0	0	0	0	0	0	0	0	0	0	0
PBE28937_skip_2b89ea88_3b9ca4f8_8.pod5	21f58de5-33a4-45e2-893c-de5c6e7a7419	3b9ca4f88a42f77bab4ca6ec1b82bfcac9de0ade	270	1	7172.8	35.8278	7172.8	35.8258	11159	31.0605	unclassified	chr17	54865184	54876285	9	11123	-	11127	11088	11050	26	13	38	60	0.995967	0.996573	0.99308	0
PBE28937_skip_2b89ea88_3b9ca4f8_8.pod5	f8429788-b677-4875-b038-22d616ea6b6f	3b9ca4f88a42f77bab4ca6ec1b82bfcac9de0ade	2923	1	7109.94	90.0308	7110.02	89.946	38840	26.6202	unclassified	chr13	48769262	48808122	7	38840	-	38908	38785	38741	48	75	44	60	0.99982	0.998866	0.995708	0
PBE28937_skip_2b89ea88_3b9ca4f8_8.pod5	bc560ad2-abe6-4553-9f5b-b1eb0242d78f	3b9ca4f88a42f77bab4ca6ec1b82bfcac9de0ade	1078	4	7203.52	5.7896	7203.63	5.6784	2184	23.2821	unclassified	chr5	95485544	95487725	0	2179	+	2181	2179	2177	0	2	2	60	0.997711	0.999082	0.998166	0
PBE28937_skip_2b89ea88_3b9ca4f8_8.pod5	7f32c146-8b58-4ba3-a095-64d5d82925af	3b9ca4f88a42f77bab4ca6ec1b82bfcac9de0ade	806	1	7192.74	13.0928	7192.87	12.96	5129	28.8872	unclassified	chr8	142305292	142310422	3	5129	-	5134	5122	5108	4	8	14	60	0.999415	0.997267	0.994936	0
PBE28937_skip_2b89ea88_3b9ca4f8_8.pod5	c815208f-65d4-45c5-a2ff-e25fe5f1451a	3b9ca4f88a42f77bab4ca6ec1b82bfcac9de0ade	404	1	7196.16	11.5728	7196.16	11.5708	4723	8.60622	unclassified	chr19	11442238	11446984	44	4664	-	4911	4455	4107	165	291	348	60	0.978192	0.921886	0.836286	0
PBE28937_skip_2b89ea88_3b9ca4f8_8.pod5	ccffe00e-89dc-4e6c-83de-bb655ef1c77a	3b9ca4f88a42f77bab4ca6ec1b82bfcac9de0ade	661	3	7208.4	2.203	7208.41	2.201	769	5.77552	unclassified	*	-1	-1	-1	-1	*	0	0	0	0	0	0	0	0	0	0	0
PBE28937_skip_2b89ea88_3b9ca4f8_8.pod5	6aae68ad-37e8-49f1-a7aa-d0b65ed83b7f	3b9ca4f88a42f77bab4ca6ec1b82bfcac9de0ade	651	1	7185.63	15.098	7186.04	14.6892	3953	30.8549	unclassified	chr1	112286537	112290480	0	3947	+	3947	3943	3933	4	0	10	60	0.998482	0.997464	0.996453	0
PBE28937_skip_2b89ea88_3b9ca4f8_8.pod5	b50c22ad-cca2-4903-8ac5-5df3f1fb9ef4	3b9ca4f88a42f77bab4ca6ec1b82bfcac9de0ade	2835	4	7179.7	20.0396	7179.83	19.9056	7952	30.9243	unclassified	chr19	34479456	34487404	1	7946	+	7960	7933	7916	12	15	17	60	0.99912	0.997857	0.994472	0
PBE28937_skip_2b89ea88_3b9ca4f8_8.pod5	4be216f3-c32b-4fc0-92b2-1c8df35bf389	3b9ca4f88a42f77bab4ca6ec1b82bfcac9de0ade	2553	3	7176.58	33.6386	7176.58	33.6366	12362	25.481	unclassified	chr14	61169945	61182302	33	12354	+	12372	12306	12279	15	51	27	60	0.996683	0.997806	0.992483	0
PBE28937_skip_2b89ea88_3b9ca4f8_8.pod5	0660aa3b-00cd-4917-9bf0-fab647c0772e	3b9ca4f88a42f77bab4ca6ec1b82bfcac9de0ade	2388	2	7205.94	5.1824	7206.05	5.0712	2099	29.8348	unclassified	chr11	37115020	37117119	6	2099	-	2100	2092	2090	1	7	2	60	0.997141	0.999044	0.995238	0
PBE28937_skip_2b89ea88_3b9ca4f8_8.pod5	e705842a-b730-4b68-bfe9-1e5c912397c6	3b9ca4f88a42f77bab4ca6ec1b82bfcac9de0ade	795	4	7181.55	27.0264	7181.55	27.0244	8485	7.12919	unclassified	chr3	188766237	188774959	38	8453	-	9129	8008	7159	407	714	849	60	0.99175	0.893981	0.784204	0
PBE28937_skip_2b89ea88_3b9ca4f8_8.pod5	bfde36b2-bd47-43d6-a6ec-3ce4074e0c06	3b9ca4f88a42f77bab4ca6ec1b82bfcac9de0ade	1652	3	7194.13	14.1272	7194.3	13.9608	5388	27.7247	unclassified	chr5	33711321	33716728	0	5380	+	5409	5378	5367	2	29	11	60	0.998515	0.997955	0.992235	0
PBE28937_skip_2b89ea88_3b9ca4f8_8.pod5	2a1880fe-1ad4-47c4-b10e-fc333e6d0ad0	3b9ca4f88a42f77bab4ca6ec1b82bfcac9de0ade	1228	2	7207.46	3.3216	7207.46	3.3196	1416	11.9672	unclassified	chr2	72001215	72002667	0	1416	-	1476	1392	1357	24	60	35	60	1	0.974856	0.919377	0
PBE28937_skip_2b89ea88_3b9ca4f8_8.pod5	ae172f66-3fed-4da7-98b8-fab1f608efa1	3b9ca4f88a42f77bab4ca6ec1b82bfcac9de0ade	2434	2	7122.55	87.314	7122.67	87.1956	35207	31.6629	unclassified	chr1	80835490	80870711	6	35207	-	35227	35195	35181	6	26	14	60	0.99983	0.999602	0.998694	0
PBE28937_skip_2b89ea88_3b9ca4f8_8.pod5	24365f7a-702a-4adf-9860-11b1b91196f8	3b9ca4f88a42f77bab4ca6ec1b82bfcac9de0ade	1211	3	7204.81	7.795	7204.81	7.793	1502	2.43732	unclassified	*	-1	-1	-1	-1	*	0	0	0	0	0	0	0	0	0	0	0
PBE28937_skip_2b89ea88_3b9ca4f8_8.pod5	ef30d619-037e-43a2-b401-29507c93c247	3b9ca4f88a42f77bab4ca6ec1b82bfcac9de0ade	1448	1	7180.6	26.7116	7180.71	26.6052	11903	20.6008	unclassified	chrX	125092793	125104692	9	11903	-	11936	11857	11818	37	42	39	60	0.999244	0.996711	0.990114	0
PBE28937_skip_2b89ea88_3b9ca4f8_8.pod5	8c77635e-499d-4d8c-bcd9-8e139c0e2973	3b9ca4f88a42f77bab4ca6ec1b82bfcac9de0ade	1132	2	7196.15	16.3388	7196.25	16.2396	7519	21.8392	unclassified	chr9	133521440	133528951	0	7510	+	7549	7472	7443	38	39	29	60	0.998803	0.996119	0.985958	0
PBE28937_skip_2b89ea88_3b9ca4f8_8.pod5	2a4492c1-1d39-42d8-83f2-349bee79f7b9	3b9ca4f88a42f77bab4ca6ec1b82bfcac9de0ade	880	2	7198.3	14.342	7198.44	14.2044	6372	27.655	unclassified	chr13	16158464	16164824	0	6357	+	6362	6355	6201	2	5	154	1	0.997646	0.975767	0.974693	0
PBE28937_skip_2b89ea88_3b9ca4f8_8.pod5	d6e94725-bb90-4d88-9073-65cd677fe4b4	3b9ca4f88a42f77bab4ca6ec1b82bfcac9de0ade	348	3	7126.51	78.398	7126.63	78.2748	31292	33.3641	unclassified	chr4	49709070	49711777	3423	6715	+	3305	2694	2457	598	13	237	60	0.105203	0.912027	0.743419	0
PBE28937_skip_2b89ea88_3b9ca4f8_8.pod5	a16d5ca8-fcf2-4ef1-9b1a-3563d50205eb	3b9ca4f88a42f77bab4ca6ec1b82bfcac9de0ade	2234	1	7188.07	12.5672	7188.21	12.4212	6005	31.4729	unclassified	chr17	21897783	21903802	11	5992	-	6334	5666	4790	315	353	876	1	0.996003	0.845394	0.756236	0
PBE28937_skip_2b89ea88_3b9ca4f8_8.pod5	0e98b03f-5f03-40cb-b06f-1d213dc75e2c	3b9ca4f88a42f77bab4ca6ec1b82bfcac9de0ade	1983	3	7175.6	34.8524	7175.73	34.7256	8982	19.4597	unclassified	chr10	119893461	119902382	0	8977	+	9038	8860	8830	117	61	30	60	0.999443	0.996614	0.976986	0
PBE28937_skip_2b89ea88_3b9ca4f8_8.pod5	f3acc78e-54e5-443d-8e06-c4bb1181accf	3b9ca4f88a42f77bab4ca6ec1b82bfcac9de0ade	2749	4	7191.31	19.0664	7191.52	18.8652	7355	28.3277	unclassified	chr2	108956104	108963437	0	7350	+	7356	7327	7315	23	6	12	60	0.99932	0.998362	0.994426	0
PBE28937_skip_2b89ea88_3b9ca4f8_8.pod5	e120ecd6-5559-4637-b6cf-eee72324e455	3b9ca4f88a42f77bab4ca6ec1b82bfcac9de0ade	675	4	7179.22	31.3856	7179.38	31.2288	12227	23.601	unclassified	chr11	133182613	133194847	0	12216	+	12250	12200	12159	16	34	41	60	0.9991	0.996639	0.992571	0
PBE28937_skip_2b89ea88_3b9ca4f8_8.pod5	84f7eecb-1e7d-4149-b7a2-a06e1aa9eab2	3b9ca4f88a42f77bab4ca6ec1b82bfcac9de0ade	352	4	7164.15	48.4832	7164.26	48.372	20572	31.3879	unclassified	chr1	121636522	121657078	0	20566	+	20583	20539	20050	27	17	489	5	0.999708	0.976192	0.974105	0
PBE28937_skip_2b89ea88_3b9ca4f8_8.pod5	8e327b0e-c2fd-494b-8dfb-ecd4d084969e	3b9ca4f88a42f77bab4ca6ec1b82bfcac9de0ade	1360	4	7156.75	51.6368	7156.89	51.498	21244	23.1042	unclassified	chr3	114985658	115006951	1	21235	+	21324	21203	21148	31	90	55	60	0.999529	0.997406	0.991746	0
PBE28937_skip_2b89ea88_3b9ca4f8_8.pod5	102560bb-e0fb-4fbb-b87d-48433af7017b	3b9ca4f88a42f77bab4ca6ec1b82bfcac9de0ade	289	4	7199.37	13.5112	7199.37	13.5092	5480	33.6526	unclassified	chr7	155562884	155568319	36	5474	+	5439	5434	5426	4	1	8	60	0.992336	0.998528	0.99761	0
PBE28937_skip_2b89ea88_3b9ca4f8_8.pod5	97565b4f-d09b-427a-a775-803ad3e3e8d1	3b9ca4f88a42f77bab4ca6ec1b82bfcac9de0ade	783	3	7191.4	9.5072	7191.67	9.2328	1651	16.3164	unclassified	chr8	86432577	86434215	0	1651	-	1662	1627	1608	24	11	19	60	1	0.988322	0.967509	0
PBE28937_skip_2b89ea88_3b9ca4f8_8.pod5	d46e51b2-3d25-4e44-8bb5-2845be9c550b	3b9ca4f88a42f77bab4ca6ec1b82bfcac9de0ade	1115	3	7196.36	16.1384	7196.5	16.0032	6055	28.5166	unclassified	chr18	76232693	76238747	0	6049	+	6060	6043	6026	6	11	17	60	0.999009	0.997187	0.994389	0
PBE28937_skip_2b89ea88_3b9ca4f8_8.pod5	16dd209e-971e-4f93-aa48-13d7eaea4853	3b9ca4f88a42f77bab4ca6ec1b82bfcac9de0ade	2599	2	7126.73	73.25	7126.9	73.0788	29749	23.7383	unclassified	chr4	131099791	131129584	0	29746	+	29879	29660	29587	86	133	73	60	0.999899	0.997539	0.990227	0
PBE28937_skip_2b89ea88_3b9ca4f8_8.pod5	5194fa10-26ab-4c4c-8bf3-344117bee0ad	3b9ca4f88a42f77bab4ca6ec1b82bfcac9de0ade	1538	1	7142.09	62.936	7142.25	62.7804	21250	26.9133	unclassified	chr10	119487154	119508371	0	21241	+	21265	21193	21142	48	24	51	60	0.999576	0.997594	0.994216	0
PBE28937_skip_2b89ea88_3b9ca4f8_8.pod5	bdb00def-889d-467c-b573-5b6e0b753242	3b9ca4f88a42f77bab4ca6ec1b82bfcac9de0ade	1487	1	7183.71	28.8452	7183.87	28.6836	10936	24.8042	unclassified	chr18	4113554	4124498	0	10936	-	10967	10913	10879	23	31	34	60	1	0.996884	0.991976	0
PBE28937_skip_2b89ea88_3b9ca4f8_8.pod5	fdb66774-ec5b-4420-a026-374858ff989f	3b9ca4f88a42f77bab4ca6ec1b82bfcac9de0ade	384	4	7172.31	28.442	7172.41	28.3488	11147	28.137	unclassified	chr8	132062932	132074064	5	11147	-	11149	11125	11113	17	7	12	60	0.999551	0.998921	0.996771	0
PBE28937_skip_2b89ea88_3b9ca4f8_8.pod5	7aef169a-8f03-44fe-839d-4a35159c5ff0	3b9ca4f88a42f77bab4ca6ec1b82bfcac9de0ade	1564	3	7149.43	53.3876	7149.55	53.2596	21652	27.3524	unclassified	chr6	36458841	36480491	0	21652	-	21688	21614	21588	38	36	26	60	1	0.998797	0.995389	0
PBE28937_skip_2b89ea88_3b9ca4f8_8.pod5	0bc207c2-f543-4475-b209-925599b83d29	3b9ca4f88a42f77bab4ca6ec1b82bfcac9de0ade	155	3	7173.02	30.4496	7173.17	30.3048	11788	20.0787	unclassified	chr9	98530542	98542256	0	11709	+	11761	11662	11610	47	52	52	60	0.993298	0.995541	0.987161	0
PBE28937_skip_2b89ea88_3b9ca4f8_8.pod5	d6f3c523-0611-45ab-a77c-45dbe48e0982	3b9ca4f88a42f77bab4ca6ec1b82bfcac9de0ade	891	4	7204.47	1.9886	7204.48	1.9866	489	2.82229	unclassified	*	-1	-1	-1	-1	*	0	0	0	0	0	0	0	0	0	0	0
PBE28937_skip_2b89ea88_3b9ca4f8_8.pod5	240d8407-13db-41b6-ba15-a32923c647c8	3b9ca4f88a42f77bab4ca6ec1b82bfcac9de0ade	399	3	7205.76	2.0698	7205.76	2.0678	505	2.4926	unclassified	*	-1	-1	-1	-1	*	0	0	0	0	0	0	0	0	0	0	0
PBE28937_skip_2b89ea88_3b9ca4f8_8.pod5	78f95219-2308-4216-9d60-6235632df9ba	3b9ca4f88a42f77bab4ca6ec1b82bfcac9de0ade	441	4	7193.07	8.8208	7193.32	8.5692	1993	35.4106	unclassified	chr8	88511435	88513428	0	1993	-	1993	1993	1992	0	0	1	60	1	0.999498	0.999498	0
PBE28937_skip_2b89ea88_3b9ca4f8_8.pod5	8033bd86-236a-4328-9eaa-43ed5229d4e7	3b9ca4f88a42f77bab4ca6ec1b82bfcac9de0ade	1274	2	7189.27	11.7752	7189.42	11.6304	4105	30.5068	unclassified	chr8	55080645	55084745	1	4098	+	4102	4095	4093	2	5	2	60	0.998051	0.999512	0.997806	0
PBE28937_skip_2b89ea88_3b9ca4f8_8.pod5	1f5deca5-c6a5-4998-9c94-a689d32a8a84	3b9ca4f88a42f77bab4ca6ec1b82bfcac9de0ade	885	1	7202.88	2.2904	7202.88	2.2884	463	2.42024	unclassified	*	-1	-1	-1	-1	*	0	0	0	0	0	0	0	0	0	0	0
PBE28937_skip_2b89ea88_3b9ca4f8_8.pod5	85a9ff96-ec69-4e81-9434-a5725de18301	3b9ca4f88a42f77bab4ca6ec1b82bfcac9de0ade	836	4	7200.31	5.5314	7200.31	5.5294	1086	3.74132	unclassified	*	-1	-1	-1	-1	*	0	0	0	0	0	0	0	0	0	0	0
PBE28937_skip_2b89ea88_3b9ca4f8_8.pod5	7b30ab4b-6c21-46e2-9371-35553edcc613	3b9ca4f88a42f77bab4ca6ec1b82bfcac9de0ade	2382	2	7118.69	93.5504	7118.87	93.3696	36213	26.3994	unclassified	chr21	8412539	8449182	12	36213	-	36854	35990	35770	211	653	220	60	0.999669	0.993887	0.970587	0
PBE28937_skip_2b89ea88_3b9ca4f8_8.pod5	b35c14d6-eef3-4fd3-87a9-0e1c3eb2da26	3b9ca4f88a42f77bab4ca6ec1b82bfcac9de0ade	809	1	7200.05	12.716	7200.14	12.6192	5551	24.737	unclassified	chr3	45310795	45316340	6	5551	-	5554	5536	5523	9	9	13	60	0.998919	0.997652	0.994418	0
PBE28937_skip_2b89ea88_3b9ca4f8_8.pod5	6c21aeb2-2e32-403b-9a80-5ccc2bd54d23	3b9ca4f88a42f77bab4ca6ec1b82bfcac9de0ade	1410	1	7194.76	8.5376	7194.85	8.4528	3544	27.6019	unclassified	chr11	92977625	92981170	0	3538	+	3545	3538	3533	0	7	5	60	0.998307	0.998587	0.996615	0
PBE28937_skip_2b89ea88_3b9ca4f8_8.pod5	6e69f36c-2a1a-4ab1-b1e5-8e813ac68faf	3b9ca4f88a42f77bab4ca6ec1b82bfcac9de0ade	522	4	7195.11	6.848	7195.27	6.6888	3076	20.3721	unclassified	chr6	30442328	30445409	0	3070	+	3087	3064	3054	6	17	10	60	0.998049	0.996736	0.98931	0
PBE28937_skip_2b89ea88_3b9ca4f8_8.pod5	35e9a6b2-6239-4ebb-bd1b-2e384890ee6e	3b9ca4f88a42f77bab4ca6ec1b82bfcac9de0ade	1286	1	7196.19	8.5766	7196.2	8.5746	2173	6.33927	unclassified	chr19	36285709	36288065	6	2092	-	2435	2007	1769	79	349	238	1	0.959963	0.881415	0.726489	0
PBE28937_skip_2b89ea88_3b9ca4f8_8.pod5	e974e6d2-b6bf-4b74-bac4-c8ba1e75a317	3b9ca4f88a42f77bab4ca6ec1b82bfcac9de0ade	2874	4	7176.97	26.8602	7176.98	26.8582	4364	10.1499	unclassified	chrX	151294621	151298757	19	4284	-	4364	4037	3906	228	99	131	60	0.977314	0.96755	0.89505	0
PBE28937_skip_2b89ea88_3b9ca4f8_8.pod5	c6d8363e-54ee-4b96-bc49-3861ee3bbc23	3b9ca4f88a42f77bab4ca6ec1b82bfcac9de0ade	575	3	7132.05	80.306	7132.15	80.202	34398	25.5036	unclassified	chr8	60776251	60810675	0	34392	+	34473	34343	34269	49	81	74	60	0.999826	0.997845	0.994082	0
PBE28937_skip_2b89ea88_3b9ca4f8_8.pod5	157b25ef-c3df-437d-bcbc-d56156007595	3b9ca4f88a42f77bab4ca6ec1b82bfcac9de0ade	1742	2	7193.77	12.9102	7193.77	12.9082	3335	33.094	unclassified	chr4	153624310	153627606	29	3330	+	3304	3293	3293	8	3	0	60	0.989805	1	0.996671	0
PBE28937_skip_2b89ea88_3b9ca4f8_8.pod5	b687c2ab-ca35-440b-aaeb-6742b6669b7a	3b9ca4f88a42f77bab4ca6ec1b82bfcac9de0ade	2431	4	7188.02	16.6652	7188.14	16.5396	4468	11.1716	unclassified	chr7	157024859	157028356	965	4468	-	3517	3483	3475	20	14	8	60	0.78402	0.997703	0.988058	0
PBE28937_skip_2b89ea88_3b9ca4f8_8.pod5	12c8e271-d852-4321-956f-f7bdfa3065e1	3b9ca4f88a42f77bab4ca6ec1b82bfcac9de0ade	891	4	7206.47	3.6294	7206.47	3.6274	859	2.38427	unclassified	*	-1	-1	-1	-1	*	0	0	0	0	0	0	0	0	0	0	0
PBE28937_skip_2b89ea88_3b9ca4f8_8.pod5	9a3f5042-0395-4ed3-8ddd-0e366589b14c	3b9ca4f88a42f77bab4ca6ec1b82bfcac9de0ade	2056	2	7146.76	43.6232	7146.76	43.6212	13070	11.8836	unclassified	chr14	61939628	61952572	0	13037	-	13457	12524	12136	513	420	388	60	0.997475	0.969019	0.901836	0
PBE28937_skip_2b89ea88_3b9ca4f8_8.pod5	a1c1c966-f22c-4ac8-9a65-9c69f67eee2a	3b9ca4f88a42f77bab4ca6ec1b82bfcac9de0ade	949	3	7161.84	39.1244	7162	38.9676	13841	26.7179	unclassified	chr11	133248568	133262464	0	13835	+	13905	13826	13812	9	70	14	60	0.999566	0.998987	0.993312	0
PBE28937_skip_2b89ea88_3b9ca4f8_8.pod5	7b7aa44a-c88e-4716-9de8-0669c2202820	3b9ca4f88a42f77bab4ca6ec1b82bfcac9de0ade	743	1	7209.84	1.2932	7209.97	1.1652	527	35.5412	unclassified	chr10	42072073	42072599	0	526	-	526	526	523	0	0	3	21	0.998102	0.994297	0.994297	0
PBE28937_skip_2b89ea88_3b9ca4f8_8.pod5	b721c20a-3880-442b-af9b-4a0db23e14c5	3b9ca4f88a42f77bab4ca6ec1b82bfcac9de0ade	2862	2	7182.27	20.7116	7182.41	20.5728	10769	23.9936	unclassified	chr10	33461581	33472376	1	10769	-	10812	10751	10718	17	44	33	60	0.999907	0.996931	0.991306	0
PBE28937_skip_2b89ea88_3b9ca4f8_8.pod5	7c55ed58-d261-4006-a18f-8262990ba653	3b9ca4f88a42f77bab4ca6ec1b82bfcac9de0ade	119	3	7199.35	5.2868	7199.36	5.2848	1435	4.53005	unclassified	*	-1	-1	-1	-1	*	0	0	0	0	0	0	0	0	0	0	0
PBE28937_skip_2b89ea88_3b9ca4f8_8.pod5	17f8caa7-4476-4d2c-b71e-7967ab083c14	3b9ca4f88a42f77bab4ca6ec1b82bfcac9de0ade	1374	1	7196.56	12.9728	7196.69	12.8376	5215	33.1314	unclassified	chr1	53832727	53837943	0	5215	+	5220	5211	5209	4	5	2	60	1	0.999616	0.997893	0
PBE28937_skip_2b89ea88_3b9ca4f8_8.pod5	5326a1f9-329e-4a83-a1d7-99cca6fe0759	3b9ca4f88a42f77bab4ca6ec1b82bfcac9de0ade	2444	2	7197.27	11.5148	7197.27	11.5128	5279	31.5738	unclassified	chrX	13873683	13878918	7	5246	-	5241	5233	5223	6	2	10	60	0.992423	0.998089	0.996566	0
PBE28937_skip_2b89ea88_3b9ca4f8_8.pod5	fd624fe0-87cb-4cca-95ac-526e908d0a22	3b9ca4f88a42f77bab4ca6ec1b82bfcac9de0ade	2733	4	7190.52	19.1228	7190.61	19.0308	7556	28.6464	unclassified	chr18	26635148	26642704	6	7556	-	7558	7548	7525	2	8	23	60	0.999206	0.996953	0.995634	0
PBE28937_skip_2b89ea88_3b9ca4f8_8.pod5	1e1b9dba-3717-40ed-a057-c81bed6e4156	3b9ca4f88a42f77bab4ca6ec1b82bfcac9de0ade	558	2	7192.99	17.0252	7193.11	16.9044	6699	28.1965	unclassified	chr2	216548187	216554873	6	6699	-	6693	6686	6677	7	0	9	60	0.999104	0.998654	0.997609	0
PBE28937_skip_2b89ea88_3b9ca4f8_8.pod5	32306dcd-6ec0-4bfa-bbf6-28e8d9592594	3b9ca4f88a42f77bab4ca6ec1b82bfcac9de0ade	931	1	7136.49	76.14	7136.49	76.138	31916	12.8716	unclassified	chr9	40922639	40931391	464	9300	-	9355	8233	6704	603	519	1529	20	0.276852	0.814284	0.716622	0
PBE28937_skip_2b89ea88_3b9ca4f8_8.pod5	9bac2e06-483e-4a97-b9fc-c15f1e2764e2	3b9ca4f88a42f77bab4ca6ec1b82bfcac9de0ade	801	3	7195.35	13.4516	7195.45	13.3428	5898	27.7093	unclassified	chr1	225081683	225087487	6	5898	-	5915	5781	5762	111	23	19	60	0.998983	0.996713	0.974134	0
PBE28937_skip_2b89ea88_3b9ca4f8_8.pod5	ec4fa27e-efe4-415e-a9b8-e728c9baf7be	3b9ca4f88a42f77bab4ca6ec1b82bfcac9de0ade	639	1	7145.51	63.6692	7145.66	63.5268	25113	28.408	unclassified	chr6	106204002	106229111	0	25113	-	25135	25087	25071	26	22	16	60	1	0.999362	0.997454	0
PBE28937_skip_2b89ea88_3b9ca4f8_8.pod5	4dca1ba8-b28d-42db-9a13-77f9f710a234	3b9ca4f88a42f77bab4ca6ec1b82bfcac9de0ade	1459	2	7120.8	89.544	7120.8	89.542	35117	26.5895	unclassified	chr2	122808240	122843327	6	35082	-	35139	35024	34922	52	63	102	60	0.998832	0.997088	0.993825	0
PBE28937_skip_2b89ea88_3b9ca4f8_8.pod5	635effae-2ae0-4900-b7cb-34d14a0f6405	3b9ca4f88a42f77bab4ca6ec1b82bfcac9de0ade	1976	1	7123.93	86.4824	7124.09	86.322	35560	28.7592	unclassified	chr9	32096358	32131947	0	35554	+	35650	35493	35380	61	96	113	60	0.999831	0.996816	0.992426	0
PBE28937_skip_2b89ea88_3b9ca4f8_8.pod5	893f262f-4aaa-413d-8699-eea66025817e	3b9ca4f88a42f77bab4ca6ec1b82bfcac9de0ade	345	3	7120.23	79.9796	7120.5	79.7148	39363	30.5074	unclassified	chrX	76270770	76310136	0	39358	+	39390	39334	39321	24	32	13	60	0.999873	0.999669	0.998248	0
PBE28937_skip_2b89ea88_3b9ca4f8_8.pod5	8dec9a42-0305-4971-82e6-b36027110241	3b9ca4f88a42f77bab4ca6ec1b82bfcac9de0ade	974	1	7160.86	39.8264	7160.98	39.7092	15889	30.3813	unclassified	chr5	40204668	40220551	1	15883	+	15893	15872	15842	10	11	30	60	0.999559	0.99811	0.996791	0
PBE28937_skip_2b89ea88_3b9ca4f8_8.pod5	bc37f74f-3b19-4ece-8a23-d6849a58125c	3b9ca4f88a42f77bab4ca6ec1b82bfcac9de0ade	765	2	7197.72	3.7814	7197.72	3.7794	1571	7.89603	unclassified	chr19	34681354	34682736	23	1337	-	1413	1283	1195	31	99	88	60	0.83641	0.931411	0.845718	0
PBE28937_skip_2b89ea88_3b9ca4f8_8.pod5	53f19f7e-03d3-45e2-ae22-4b9563c1a288	3b9ca4f88a42f77bab4ca6ec1b82bfcac9de0ade	2615	1	7199.18	2.3834	7199.18	2.3814	777	25.3559	unclassified	chr9	92383516	92384293	1	777	-	777	776	776	0	1	0	60	0.998713	1	0.998713	0
PBE28937_skip_2b89ea88_3b9ca4f8_8.pod5	a567b835-98b9-4383-89d0-4736a066303c	3b9ca4f88a42f77bab4ca6ec1b82bfcac9de0ade	2549	3	7152.91	50.7032	7153.04	50.58	21918	28.3398	unclassified	chr1	240396619	240418536	0	21909	+	21945	21881	21838	28	36	43	60	0.999589	0.998035	0.995124	0
PBE28937_skip_2b89ea88_3b9ca4f8_8.pod5	ebf827fe-df26-4507-84dc-58d3d8ab194b	3b9ca4f88a42f77bab4ca6ec1b82bfcac9de0ade	2619	1	7190.83	10.6008	7190.83	10.5988	4256	26.8081	unclassified	chr2	215166087	215170309	26	4250	+	4225	4221	4214	3	1	7	60	0.992481	0.998342	0.997396	0
PBE28937_skip_2b89ea88_3b9ca4f8_8.pod5	83f04a88-ed9e-4326-973c-4bb2191d387c	3b9ca4f88a42f77bab4ca6ec1b82bfcac9de0ade	432	4	7179.08	28.7888	7179.08	28.7868	12527	22.0262	unclassified	chr1	1098669	1111193	1	12497	-	12544	12476	12437	20	48	39	60	0.997525	0.996874	0.99147	0
PBE28937_skip_2b89ea88_3b9ca4f8_8.pod5	05520eff-0b25-4b4f-93e9-17d3d04ae44b	3b9ca4f88a42f77bab4ca6ec1b82bfcac9de0ade	264	4	7093.11	119.318	7093.24	119.192	48885	27.7765	unclassified	chr4	184829120	184878018	8	48885	-	48942	48833	48743	44	65	90	60	0.999836	0.998157	0.995934	0
PBE28937_skip_2b89ea88_3b9ca4f8_8.pod5	26d1647d-80d5-42f0-9164-250ccc43e32c	3b9ca4f88a42f77bab4ca6ec1b82bfcac9de0ade	1640	4	7167.43	33.8108	7167.56	33.6804	13613	31.138	unclassified	chr22	11121218	11134675	0	13605	+	13615	13447	13398	158	10	49	1	0.999412	0.996356	0.984062	0
PBE28937_skip_2b89ea88_3b9ca4f8_8.pod5	258525c2-6b4d-444c-9454-38933f16cb52	3b9ca4f88a42f77bab4ca6ec1b82bfcac9de0ade	2324	2	7199.2	8.7284	7199.34	8.5932	3312	18.921	unclassified	chr19	47391580	47394893	7	3312	-	3323	3295	3275	10	18	20	60	0.997886	0.99393	0.985555	0
PBE28937_skip_2b89ea88_3b9ca4f8_8.pod5	ea0748ad-f72f-4b33-83db-3dca6d33064a	3b9ca4f88a42f77bab4ca6ec1b82bfcac9de0ade	2405	2	7183.66	17.7416	7183.76	17.6424	7147	27.3255	unclassified	chr2	161095805	161102677	276	7147	-	6879	6864	6846	7	8	18	60	0.961382	0.997378	0.995203	0
PBE28937_skip_2b89ea88_3b9ca4f8_8.pod5	d543ed60-d5fb-493a-af42-f6e88ab55796	3b9ca4f88a42f77bab4ca6ec1b82bfcac9de0ade	1717	2	7177.59	30.9272	7177.59	30.9252	12640	28.3967	unclassified	chr6	150844974	150857588	34	12633	+	12616	12597	12588	2	17	9	60	0.996756	0.999286	0.997781	0
PBE28937_skip_2b89ea88_3b9ca4f8_8.pod5	bb032ef0-d700-4ace-b07a-428e4da8e360	3b9ca4f88a42f77bab4ca6ec1b82bfcac9de0ade	1365	4	7199.74	3.1194	7199.74	3.1174	641	2.34386	unclassified	*	-1	-1	-1	-1	*	0	0	0	0	0	0	0	0	0	0	0
PBE28937_skip_2b89ea88_3b9ca4f8_8.pod5	3d36cb88-87fa-4659-ad32-b6049020b50f	3b9ca4f88a42f77bab4ca6ec1b82bfcac9de0ade	577	3	7179.64	22.3592	7179.77	22.2288	9603	32.7851	unclassified	chr11	48790104	48799871	0	9596	+	9770	9593	9539	3	174	54	60	0.999271	0.994371	0.976356	0
PBE28937_skip_2b89ea88_3b9ca4f8_8.pod5	84761ee4-4602-4309-87c5-16dea00c484f	3b9ca4f88a42f77bab4ca6ec1b82bfcac9de0ade	753	3	7157.02	43.5248	7157.15	43.3896	17062	27.3158	unclassified	chr16	88649040	88666094	6	17062	-	17091	17019	16983	37	35	36	60	0.999648	0.997885	0.993681	0
PBE28937_skip_2b89ea88_3b9ca4f8_8.pod5	6fd7b47a-4bd3-4cac-98c7-2d56cdc260d7	3b9ca4f88a42f77bab4ca6ec1b82bfcac9de0ade	1173	3	7105.24	104.192	7105.34	104.088	40516	29.3312	unclassified	chr1	243838249	243874390	17	40516	-	40545	36095	36060	4404	46	35	60	0.99958	0.99903	0.889382	0
PBE28937_skip_2b89ea88_3b9ca4f8_8.pod5	c0075a8f-98e5-48e0-b73c-402b8f09da69	3b9ca4f88a42f77bab4ca6ec1b82bfcac9de0ade	2089	4	7177.16	24.6356	7177.32	24.48	9820	31.9605	unclassified	chr3	109043966	109053787	7	9820	-	9826	9808	9791	5	13	17	60	0.999287	0.998267	0.996438	0
PBE28937_skip_2b89ea88_3b9ca4f8_8.pod5	8104b199-10ad-4227-881a-0b79f787e560	3b9ca4f88a42f77bab4ca6ec1b82bfcac9de0ade	2090	1	7191.21	10.7898	7191.21	10.7878	3603	32.8133	unclassified	chr8	36469185	36472763	26	3603	+	3578	3577	3577	0	1	0	60	0.992784	1	0.999721	0
PBE28937_skip_2b89ea88_3b9ca4f8_8.pod5	064d7e43-8688-4f75-bd39-991c66d11edf	3b9ca4f88a42f77bab4ca6ec1b82bfcac9de0ade	2018	2	7181.02	21.0446	7181.02	21.0426	10477	21.3351	unclassified	chr2	206513218	206523681	0	10448	-	10489	10422	10385	26	41	37	60	0.997232	0.99645	0.990085	0
PBE28937_skip_2b89ea88_3b9ca4f8_8.pod5	fe2fce3e-51cb-44fe-8a40-69b956bec8c7	3b9ca4f88a42f77bab4ca6ec1b82bfcac9de0ade	2482	1	7138.5	73.3796	7138.66	73.2204	22656	30.5451	unclassified	chr4	67851477	67874154	5	22656	-	22697	22631	22603	20	46	28	60	0.999779	0.998763	0.995858	0
PBE28937_skip_2b89ea88_3b9ca4f8_8.pod5	df0dd672-98b1-422f-9fca-498cbc055fda	3b9ca4f88a42f77bab4ca6ec1b82bfcac9de0ade	1851	1	7199.05	3.5624	7199.16	3.4536	1370	25.8166	unclassified	chr12	95892899	95894270	0	1370	-	1374	1367	1366	3	4	1	60	1	0.999268	0.994178	0
PBE28937_skip_2b89ea88_3b9ca4f8_8.pod5	e391c313-7a16-433d-9d0f-28f5a536efb2	3b9ca4f88a42f77bab4ca6ec1b82bfcac9de0ade	2283	1	7125.53	82.6352	7125.64	82.53	32793	28.5869	unclassified	chr3	78085924	78118724	0	32786	+	32824	32762	32707	24	38	55	60	0.999787	0.998321	0.996436	0
PBE28937_skip_2b89ea88_3b9ca4f8_8.pod5	3405c712-2f01-4986-90e0-e10d4fb9c8ac	3b9ca4f88a42f77bab4ca6ec1b82bfcac9de0ade	518	2	7186.09	16.334	7186.18	16.2444	6919	31.691	unclassified	chr7	56389823	56396736	0	6911	+	6919	6905	6902	6	8	3	60	0.998844	0.999566	0.997543	0
PBE28937_skip_2b89ea88_3b9ca4f8_8.pod5	28d92fdc-e5c3-4aa8-9755-77d6852633fb	3b9ca4f88a42f77bab4ca6ec1b82bfcac9de0ade	1365	4	7202.87	2.5416	7202.88	2.5396	565	2.34405	unclassified	*	-1	-1	-1	-1	*	0	0	0	0	0	0	0	0	0	0	0
PBE28937_skip_2b89ea88_3b9ca4f8_8.pod5	69174563-7a80-4342-b2c9-35ff675d1253	3b9ca4f88a42f77bab4ca6ec1b82bfcac9de0ade	1097	1	7198.88	6.7118	7198.89	6.7098	1311	2.49925	unclassified	*	-1	-1	-1	-1	*	0	0	0	0	0	0	0	0	0	0	0
PBE28937_skip_2b89ea88_3b9ca4f8_8.pod5	409d24d2-1894-4e1d-ab9a-f1120b6376a1	3b9ca4f88a42f77bab4ca6ec1b82bfcac9de0ade	359	1	7193.21	8.5064	7193.33	8.388	3335	37.579	unclassified	chr11	15396616	15399953	0	3335	+	3339	3333	3331	2	4	2	60	1	0.9994	0.997604	0
PBE28937_skip_2b89ea88_3b9ca4f8_8.pod5	ae9bb7af-b064-4157-ae3a-2367617be47c	3b9ca4f88a42f77bab4ca6ec1b82bfcac9de0ade	1423	3	7151.8	50.9144	7151.94	50.778	20846	32.1052	unclassified	chr4	141475964	141496795	6	20846	-	20846	20825	20816	15	6	9	60	0.999712	0.999568	0.998561	0
PBE28937_skip_2b89ea88_3b9ca4f8_8.pod5	56380216-a2ce-4853-b540-0f664555b99e	3b9ca4f88a42f77bab4ca6ec1b82bfcac9de0ade	2764	3	7131.11	68.894	7131.11	68.892	27759	16.6081	unclassified	chr15	84440613	84468418	4	27727	-	28034	27494	27177	229	311	317	10	0.998703	0.98847	0.96943	0
PBE28937_skip_2b89ea88_3b9ca4f8_8.pod5	58234101-0b59-4e2b-be8a-95fcf9ef6c08	3b9ca4f88a42f77bab4ca6ec1b82bfcac9de0ade	2029	1	7133.45	68.857	7133.45	68.855	29782	22.4192	unclassified	chr20	22159858	22189671	8	29751	-	29853	29703	29559	40	110	144	60	0.99869	0.995152	0.990152	0
PBE28937_skip_2b89ea88_3b9ca4f8_8.pod5	97bb57b7-5707-450c-beee-929eebd3dd58	3b9ca4f88a42f77bab4ca6ec1b82bfcac9de0ade	1763	2	7195.28	9.2704	7195.29	9.2684	1884	2.56953	unclassified	*	-1	-1	-1	-1	*	0	0	0	0	0	0	0	0	0	0	0
PBE28937_skip_2b89ea88_3b9ca4f8_8.pod5	234b6825-9c4c-4a27-82d8-245045d2f250	3b9ca4f88a42f77bab4ca6ec1b82bfcac9de0ade	2456	3	7200.92	4.148	7201.07	4.0032	1656	30.2533	unclassified	chrX	1414616	1416242	0	1649	+	1657	1618	1593	31	8	25	60	0.995773	0.984549	0.961376	0
PBE28937_skip_2b89ea88_3b9ca4f8_8.pod5	dd25bbb8-c8f3-4db0-aa7c-189bede81547	3b9ca4f88a42f77bab4ca6ec1b82bfcac9de0ade	1720	4	7168.93	33.7592	7169.08	33.6048	13187	24.2218	unclassified	chr21	25040750	25053950	0	13181	+	13215	13166	13134	15	34	32	60	0.999545	0.99757	0.993871	0
PBE28937_skip_2b89ea88_3b9ca4f8_8.pod5	617e5e19-43ad-49c3-bd58-d1ec7da742e6	3b9ca4f88a42f77bab4ca6ec1b82bfcac9de0ade	2176	3	7191.28	13.3592	7191.46	13.1832	5349	25.6143	unclassified	chr4	26198940	26204290	0	5343	+	5357	5336	5330	7	14	6	60	0.998878	0.998876	0.99496	0
PBE28937_skip_2b89ea88_3b9ca4f8_8.pod5	11685bd1-6ba4-49ef-b329-accf56dfabbd	3b9ca4f88a42f77bab4ca6ec1b82bfcac9de0ade	1369	2	7196.31	8.7832	7196.32	8.7812	2038	2.75408	unclassified	*	-1	-1	-1	-1	*	0	0	0	0	0	0	0	0	0	0	0
PBE28937_skip_2b89ea88_3b9ca4f8_8.pod5	2a512bc5-fa03-4cc1-aaaf-d6772933986b	3b9ca4f88a42f77bab4ca6ec1b82bfcac9de0ade	1040	2	7193.76	11.6372	7193.9	11.49	3112	27.6744	unclassified	chr14	57542732	57545839	0	3105	+	3107	3105	3099	0	2	6	60	0.997751	0.998068	0.997425	0
PBE28937_skip_2b89ea88_3b9ca4f8_8.pod5	07525c6e-45b0-4956-b479-ec48b0212974	3b9ca4f88a42f77bab4ca6ec1b82bfcac9de0ade	2445	4	7178.19	25.97	7178.35	25.8108	8866	31.0172	unclassified	chr16	7102385	7111236	6	8866	-	8869	8842	8813	18	9	29	60	0.999323	0.99672	0.993686	0
PBE28937_skip_2b89ea88_3b9ca4f8_8.pod5	44bae01a-5a65-4a0e-8fdd-5de595f10057	3b9ca4f88a42f77bab4ca6ec1b82bfcac9de0ade	20	4	7170.31	31.5488	7170.42	31.4352	14219	30.0991	unclassified	chr8	45839070	45853268	12	14219	-	14215	14190	13941	17	8	249	4	0.999156	0.982452	0.980725	0
PBE28937_skip_2b89ea88_3b9ca4f8_8.pod5	23a90bc5-efd1-4050-96ef-32ae626c869d	3b9ca4f88a42f77bab4ca6ec1b82bfcac9de0ade	1251	2	7179.14	25.5248	7179.33	25.3344	10984	26.5208	unclassified	chr2	157387013	157397987	8	10984	-	10984	10966	10947	10	8	19	60	0.999272	0.998267	0.996631	0
PBE28937_skip_2b89ea88_3b9ca4f8_8.pod5	87218bab-ee94-4884-a21b-6251ca7db10a	3b9ca4f88a42f77bab4ca6ec1b82bfcac9de0ade	2173	3	7188.09	16.508	7188.09	16.506	6813	26.1963	unclassified	chr21	46559338	46566116	7	6785	-	6787	6769	6759	9	9	10	60	0.994863	0.998523	0.995874	0
PBE28937_skip_2b89ea88_3b9ca4f8_8.pod5	fed56ec3-d0eb-46c4-b7bc-95444b13b794	3b9ca4f88a42f77bab4ca6ec1b82bfcac9de0ade	2952	2	7139.18	61.6694	7139.18	61.6674	25771	28.3727	unclassified	chr10	41884052	41889858	20146	25766	-	6094	5332	4595	288	474	737	1	0.218075	0.861778	0.75402	0
PBE28937_skip_2b89ea88_3b9ca4f8_8.pod5	1f3c4a2d-c9a2-442a-b011-5bcf6f7ef288	3b9ca4f88a42f77bab4ca6ec1b82bfcac9de0ade	2361	1	7197.17	8.666	7197.25	8.586	3880	32.2153	unclassified	chr5	46431427	46435367	0	3860	+	3971	3829	3323	31	111	506	1	0.994845	0.867851	0.836817	0
PBE28937_skip_2b89ea88_3b9ca4f8_8.pod5	f9298c53-2361-441e-98c0-f9e91a19a1e3	3b9ca4f88a42f77bab4ca6ec1b82bfcac9de0ade	1228	2	7204.95	1.3926	7204.96	1.3906	588	11.5064	unclassified	chr2	72003031	72003626	0	588	-	608	575	552	13	20	23	60	1	0.96	0.907895	0
PBE28937_skip_2b89ea88_3b9ca4f8_8.pod5	148262fd-ffae-4b10-91f7-8f156fb14387	3b9ca4f88a42f77bab4ca6ec1b82bfcac9de0ade	671	1	7193.96	10.8548	7194.08	10.734	4421	28.7243	unclassified	chr21	22864934	22869349	6	4421	-	4417	4413	4408	2	2	5	60	0.998643	0.998867	0.997962	0
PBE28937_skip_2b89ea88_3b9ca4f8_8.pod5	cd878d7d-2f80-46d4-9f8a-40814b4cbe89	3b9ca4f88a42f77bab4ca6ec1b82bfcac9de0ade	2531	4	7190.76	14.4392	7190.97	14.2368	5991	25.608	unclassified	chrX	125855668	125861650	0	5985	+	5995	5972	5959	13	10	13	60	0.998999	0.997823	0.993995	0
PBE28937_skip_2b89ea88_3b9ca4f8_8.pod5	edef1c78-d93c-485b-8026-e4b16ccf61c8	3b9ca4f88a42f77bab4ca6ec1b82bfcac9de0ade	803	3	7151.2	49.8752	7151.32	49.7616	19748	24.7568	unclassified	chr12	129702360	129722128	0	19742	+	19790	19720	19647	22	48	73	60	0.999696	0.996298	0.992774	0
PBE28937_skip_2b89ea88_3b9ca4f8_8.pod5	c8a9db22-812c-486b-8092-8ed860788deb	3b9ca4f88a42f77bab4ca6ec1b82bfcac9de0ade	1291	4	7174.38	31.514	7174.51	31.3836	12329	14.6815	unclassified	chr4	16403399	16415842	6	12329	-	12580	12186	11938	137	257	248	60	0.999513	0.979649	0.948967	0
PBE28937_skip_2b89ea88_3b9ca4f8_8.pod5	8c70b7b4-4a9b-4184-94e8-33199ca7d42d	3b9ca4f88a42f77bab4ca6ec1b82bfcac9de0ade	2410	3	7136.1	75.7688	7136.19	75.6864	30217	29.5029	unclassified	chr6	170317316	170347536	0	30217	+	30246	30191	30147	26	29	44	60	1	0.998543	0.996727	0
PBE28937_skip_2b89ea88_3b9ca4f8_8.pod5	ead831ad-7377-41a2-a3f4-2300ef400d58	3b9ca4f88a42f77bab4ca6ec1b82bfcac9de0ade	1568	4	7160.04	44.1392	7160.18	44.004	20085	18.3805	unclassified	chr6	51357370	51377478	8	20085	-	20210	19975	19794	102	133	181	60	0.999602	0.990939	0.979416	0
PBE28937_skip_2b89ea88_3b9ca4f8_8.pod5	c337b180-24c2-45d5-9372-b11c9eb040e9	3b9ca4f88a42f77bab4ca6ec1b82bfcac9de0ade	312	4	7111.41	88.8008	7111.53	88.6752	31322	26.573	unclassified	chr6	107804248	107835559	4	31322	-	31394	31235	31148	83	76	87	60	0.999872	0.997215	0.992164	0
PBE28937_skip_2b89ea88_3b9ca4f8_8.pod5	29ede80e-8908-459d-b65b-de22d3a8ed68	3b9ca4f88a42f77bab4ca6ec1b82bfcac9de0ade	2739	3	7148.01	54.2588	7148.01	54.2568	13294	8.36587	unclassified	chr1	78049154	78062233	81	13237	-	13745	12490	11653	666	589	837	60	0.989619	0.932986	0.847799	0
PBE28937_skip_2b89ea88_3b9ca4f8_8.pod5	a33755a2-bf46-44ce-a8aa-4399bc1f04c0	3b9ca4f88a42f77bab4ca6ec1b82bfcac9de0ade	2694	3	7202.8	4.7628	7202.8	4.7608	1061	4.0742	unclassified	*	-1	-1	-1	-1	*	0	0	0	0	0	0	0	0	0	0	0
PBE28937_skip_2b89ea88_3b9ca4f8_8.pod5	caf0c35a-317a-444c-9ef0-874a1943dd4e	3b9ca4f88a42f77bab4ca6ec1b82bfcac9de0ade	2661	1	7198.1	8.7728	7198.1	8.7708	3025	20.2602	unclassified	chr18	40590721	40593740	43	3021	+	3030	2967	2940	11	52	27	60	0.984463	0.9909	0.970297	0
PBE28937_skip_2b89ea88_3b9ca4f8_8.pod5	41b46aaa-aa6c-4728-a09e-a9462e07663c	3b9ca4f88a42f77bab4ca6ec1b82bfcac9de0ade	479	2	7089.66	111.119	7089.66	111.117	47935	25.1961	unclassified	chr1	184026621	184074575	28	47931	+	48026	47831	47730	72	123	101	60	0.999332	0.997888	0.993837	0
PBE28937_skip_2b89ea88_3b9ca4f8_8.pod5	1167a81a-06b2-4837-b050-0b803f397dd5	3b9ca4f88a42f77bab4ca6ec1b82bfcac9de0ade	519	1	7100.39	100.624	7100.5	100.519	40086	19.5376	unclassified	chr16	67363318	67403392	104	40086	-	40209	39847	39636	135	227	211	60	0.997406	0.994705	0.985749	0
PBE28937_skip_2b89ea88_3b9ca4f8_8.pod5	b460f6b1-3f79-460e-9d39-067c81d10bed	3b9ca4f88a42f77bab4ca6ec1b82bfcac9de0ade	2741	2	7172.87	32.4092	7173.03	32.2476	13081	29.8773	unclassified	chr5	27074175	27087256	7	13081	-	13090	13065	13056	9	16	9	60	0.999465	0.999311	0.997403	0
PBE28937_skip_2b89ea88_3b9ca4f8_8.pod5	46ca9644-d24c-47d1-8cbe-97993146d813	3b9ca4f88a42f77bab4ca6ec1b82bfcac9de0ade	1739	2	7138.08	66.302	7138.2	66.1812	26961	29.3794	unclassified	chr10	50588596	50615547	8	26961	-	26967	26937	26903	16	14	34	60	0.999703	0.998738	0.997627	0
PBE28937_skip_2b89ea88_3b9ca4f8_8.pod5	6aac712f-2c07-4ce6-8880-db67fe07473b	3b9ca4f88a42f77bab4ca6ec1b82bfcac9de0ade	1661	3	7199.42	7.55	7199.64	7.3308	1656	20.7672	unclassified	chr20	61098974	61100624	0	1651	+	1657	1644	1636	7	6	8	60	0.996981	0.995134	0.987327	0
PBE28937_skip_2b89ea88_3b9ca4f8_8.pod5	2fd496ac-0833-4f23-8bb1-1bc8cc1b7fff	3b9ca4f88a42f77bab4ca6ec1b82bfcac9de0ade	788	1	7181.34	15.5252	7181.45	15.4164	7058	38.1535	unclassified	chr1	119496821	119503877	0	7058	-	7058	7056	7047	2	0	9	60	1	0.998724	0.998441	0
PBE28937_skip_2b89ea88_3b9ca4f8_8.pod5	81edb278-8ff7-4bf5-9374-44b9703a6c1b	3b9ca4f88a42f77bab4ca6ec1b82bfcac9de0ade	2064	4	7180.73	25.4348	7180.97	25.1964	9278	30.0979	unclassified	chr5	134807661	134816929	6	9278	-	9277	9263	9257	9	5	6	60	0.999353	0.999352	0.997844	0
PBE28937_skip_2b89ea88_3b9ca4f8_8.pod5	eaf468d9-b1b3-438c-8472-5e3f6471d30a	3b9ca4f88a42f77bab4ca6ec1b82bfcac9de0ade	2620	3	7192.44	14.054	7192.6	13.8936	5088	12.3031	unclassified	chrX	10186539	10191650	15	5087	-	5216	4967	4795	105	144	172	60	0.996855	0.965371	0.919287	0
PBE28937_skip_2b89ea88_3b9ca4f8_8.pod5	2fef2e70-5055-4877-bd69-501a15675dc1	3b9ca4f88a42f77bab4ca6ec1b82bfcac9de0ade	711	1	7189.7	17.8892	7189.89	17.7036	4735	22.9687	unclassified	chr17	26870528	26875371	3	4730	-	5156	4414	3753	313	429	661	1	0.99831	0.850249	0.72789	0
PBE28937_skip_2b89ea88_3b9ca4f8_8.pod5	a36c27ca-d63c-4991-9745-da8675a71048	3b9ca4f88a42f77bab4ca6ec1b82bfcac9de0ade	525	1	7161.26	34.3784	7161.38	34.2504	14728	27.267	unclassified	chr14	99679220	99693972	0	14728	+	14764	14716	14690	12	36	26	60	1	0.998233	0.994988	0
PBE28937_skip_2b89ea88_3b9ca4f8_8.pod5	e56997cb-286f-4c69-8d4a-c18c1d5f54b7	3b9ca4f88a42f77bab4ca6ec1b82bfcac9de0ade	720	1	7188.89	20.0024	7189.04	19.8432	7630	17.1303	unclassified	chr22	40477893	40485566	0	7621	+	7713	7581	7498	40	92	83	60	0.99882	0.989052	0.972125	0
PBE28937_skip_2b89ea88_3b9ca4f8_8.pod5	d7483fc1-386b-4c63-9b91-74a6aeb77814	3b9ca4f88a42f77bab4ca6ec1b82bfcac9de0ade	116	2	7202.83	6.2816	7202.84	6.2796	939	3.12003	unclassified	*	-1	-1	-1	-1	*	0	0	0	0	0	0	0	0	0	0	0
PBE28937_skip_2b89ea88_3b9ca4f8_8.pod5	f93c754d-f351-48da-b3f0-d575c262f6d9	3b9ca4f88a42f77bab4ca6ec1b82bfcac9de0ade	1120	3	7165.13	40.6872	7165.13	40.6852	14794	29.5534	unclassified	chr17	31675765	31690460	34	14785	+	14776	14670	14631	81	25	39	60	0.997093	0.997342	0.990187	0
PBE28937_skip_2b89ea88_3b9ca4f8_8.pod5	e000c3dc-16a5-45a0-a628-eaa06e74aa10	3b9ca4f88a42f77bab4ca6ec1b82bfcac9de0ade	863	2	7199.66	9.8192	7199.81	9.6696	3151	21.877	unclassified	chr17	76860872	76864028	0	3151	-	3163	3144	3136	7	12	8	60	1	0.997455	0.991464	0
PBE28937_skip_2b89ea88_3b9ca4f8_8.pod5	3e712a3f-6d54-402a-8072-0787b21fac5e	3b9ca4f88a42f77bab4ca6ec1b82bfcac9de0ade	2318	3	7191.19	14.6	7191.32	14.4672	5204	21.3006	unclassified	chr11	59919908	59923391	1720	5204	-	3484	3483	3483	1	0	0	60	0.669485	1	0.999713	0
PBE28937_skip_2b89ea88_3b9ca4f8_8.pod5	94b0b009-b139-41bc-8726-3f87f4c62f46	3b9ca4f88a42f77bab4ca6ec1b82bfcac9de0ade	932	2	7199.68	9.9752	7199.79	9.8688	3687	24.0744	unclassified	chr3	37098037	37101713	0	3680	+	3689	3667	3661	13	9	6	60	0.998101	0.998364	0.99241	0
PBE28937_skip_2b89ea88_3b9ca4f8_8.pod5	fd366bc1-196c-4e73-8eee-04a6279cd221	3b9ca4f88a42f77bab4ca6ec1b82bfcac9de0ade	1401	2	7119.03	82.4566	7119.04	82.4546	19788	20.5886	unclassified	chr5	19225792	19245583	30	19781	+	19873	19669	19554	82	122	115	60	0.99813	0.994153	0.983948	0
PBE28937_skip_2b89ea88_3b9ca4f8_8.pod5	30334890-acfc-431a-b552-742e28087769	3b9ca4f88a42f77bab4ca6ec1b82bfcac9de0ade	576	1	7192.02	17.87	7192.15	17.742	6898	30.9514	unclassified	chr17	26591446	26597887	0	6891	+	7131	6201	5775	690	240	426	1	0.998985	0.931301	0.809844	0
PBE28937_skip_2b89ea88_3b9ca4f8_8.pod5	75f060ad-5725-4117-abde-ef99eb9e4013	3b9ca4f88a42f77bab4ca6ec1b82bfcac9de0ade	2774	3	7193.15	13.4552	7193.25	13.3584	5798	25.9323	unclassified	chr3	167315079	167320868	6	5798	-	5798	5783	5774	9	6	9	60	0.998965	0.998444	0.995861	0
PBE28937_skip_2b89ea88_3b9ca4f8_8.pod5	8a33e1f7-f7e1-4235-9ac5-7f005cc69701	3b9ca4f88a42f77bab4ca6ec1b82bfcac9de0ade	2475	4	7177.52	31.2848	7177.62	31.1832	16028	20.9354	unclassified	chr10	15935080	15951130	0	16028	-	16110	15968	15879	60	82	89	60	1	0.994426	0.985661	0
PBE28937_skip_2b89ea88_3b9ca4f8_8.pod5	b5673c56-8733-4ace-b424-1f0d7fa630e4	3b9ca4f88a42f77bab4ca6ec1b82bfcac9de0ade	2735	1	7135.65	70.682	7135.75	70.5792	26207	27.25	unclassified	chr11	74116808	74143071	0	26201	+	26330	26134	26096	67	129	38	60	0.999771	0.998546	0.991113	0
PBE28937_skip_2b89ea88_3b9ca4f8_8.pod5	1b3cfe9a-57e2-4192-bcf3-babe731a9236	3b9ca4f88a42f77bab4ca6ec1b82bfcac9de0ade	1583	3	7178.25	28.8308	7178.25	28.8288	6253	2.60491	unclassified	*	-1	-1	-1	-1	*	0	0	0	0	0	0	0	0	0	0	0
PBE28937_skip_2b89ea88_3b9ca4f8_8.pod5	d88c2aef-aa7e-4830-8f53-a6d92d09ed02	3b9ca4f88a42f77bab4ca6ec1b82bfcac9de0ade	2364	2	7174.06	32.6396	7174.23	32.4648	13415	18.6772	unclassified	chr5	18168021	18181538	9	13415	-	13565	13358	13230	48	159	128	60	0.999329	0.990418	0.975304	0
PBE28937_skip_2b89ea88_3b9ca4f8_8.pod5	328139e8-c00e-46a2-b2a3-cfc4ee6d9c45	3b9ca4f88a42f77bab4ca6ec1b82bfcac9de0ade	1206	2	7193.02	18.0116	7193.17	17.8596	6696	29.3317	unclassified	chr9	62918224	62924910	9	6696	-	6697	6676	6657	11	10	19	60	0.998656	0.997154	0.994027	0
PBE28937_skip_2b89ea88_3b9ca4f8_8.pod5	3471d002-464c-4b41-9a32-d990a908a62d	3b9ca4f88a42f77bab4ca6ec1b82bfcac9de0ade	1222	1	7168.79	38.4128	7168.92	38.28	16805	28.1419	unclassified	chr13	112631847	112648534	0	16800	+	16843	16644	16604	156	43	40	60	0.999702	0.997597	0.98581	0
PBE28937_skip_2b89ea88_3b9ca4f8_8.pod5	7cec4b79-dd75-4f71-bb41-54d107628ed7	3b9ca4f88a42f77bab4ca6ec1b82bfcac9de0ade	1388	2	7173.69	35.9796	7173.7	35.9776	14592	11.2659	unclassified	chr12	89573451	89588185	39	14586	+	15085	14196	13653	351	538	543	60	0.996916	0.96175	0.905071	0
PBE28937_skip_2b89ea88_3b9ca4f8_8.pod5	09519da0-0578-4593-b2be-6b271b2456d3	3b9ca4f88a42f77bab4ca6ec1b82bfcac9de0ade	1670	2	7139.68	69.2206	7139.68	69.2186	26171	30.9114	unclassified	chr8	10757274	10783347	6	26144	-	26171	26040	25975	98	33	65	60	0.998739	0.997504	0.992511	0
PBE28937_skip_2b89ea88_3b9ca4f8_8.pod5	3381af78-24d0-4e79-8f12-ad7b7a287da0	3b9ca4f88a42f77bab4ca6ec1b82bfcac9de0ade	2334	3	7180.4	29.0312	7180.52	28.9056	11999	30.3256	unclassified	chr9	113880034	113892019	0	11992	+	12005	11972	11970	20	13	2	60	0.999417	0.999833	0.997085	0
PBE28937_skip_2b89ea88_3b9ca4f8_8.pod5	02e92c2f-c6c0-48ac-9a57-b00a558bec22	3b9ca4f88a42f77bab4ca6ec1b82bfcac9de0ade	2338	4	7184.8	24.982	7184.8	24.98	10365	13.1461	unclassified	chr19	21981088	21991529	31	10337	+	10561	10186	9923	120	255	263	60	0.994308	0.97418	0.939589	0
PBE28937_skip_2b89ea88_3b9ca4f8_8.pod5	4408cf9c-0a92-4240-ac20-302fa3c83dad	3b9ca4f88a42f77bab4ca6ec1b82bfcac9de0ade	772	4	7126.35	82.888	7126.35	82.886	27599	26.5898	unclassified	chr6	67254467	67282056	6	27559	-	27623	27519	27433	34	70	86	60	0.998333	0.996875	0.993122	0
PBE28937_skip_2b89ea88_3b9ca4f8_8.pod5	9579765a-a8fc-4726-ad74-9799482da091	3b9ca4f88a42f77bab4ca6ec1b82bfcac9de0ade	1823	1	7162.8	44.1152	7162.9	44.0196	21233	19.9653	unclassified	chr20	13249815	13271071	6	21233	-	21369	21114	21009	113	142	105	60	0.999717	0.995027	0.983153	0
PBE28937_skip_2b89ea88_3b9ca4f8_8.pod5	4b37c16c-04df-41c7-985b-63fcf9f5d36d	3b9ca4f88a42f77bab4ca6ec1b82bfcac9de0ade	2144	2	7157.55	51.7796	7157.71	51.624	18962	26.3352	unclassified	chr13	65576815	65595768	1	18957	+	18977	18932	18884	24	21	48	60	0.999684	0.997465	0.995099	0
PBE28937_skip_2b89ea88_3b9ca4f8_8.pod5	76c856c1-4ace-4ba6-9692-f7cbec3901fb	3b9ca4f88a42f77bab4ca6ec1b82bfcac9de0ade	2312	1	7182.08	28.9232	7182.21	28.7916	11146	24.8712	unclassified	chr1	13955539	13966702	7	11146	-	11173	11129	11093	10	34	36	60	0.999372	0.996765	0.99284	0
PBE28937_skip_2b89ea88_3b9ca4f8_8.pod5	a54a895b-6668-4cfa-b916-7b6bbaf447cc	3b9ca4f88a42f77bab4ca6ec1b82bfcac9de0ade	1077	3	7196.09	15.3704	7196.23	15.228	5790	24.6747	unclassified	chr7	138573576	138579362	0	5783	+	5796	5773	5755	10	13	18	60	0.998791	0.996882	0.992926	0
PBE28937_skip_2b89ea88_3b9ca4f8_8.pod5	c45414d3-4cb5-4ae0-a705-3f07a28357dd	3b9ca4f88a42f77bab4ca6ec1b82bfcac9de0ade	1738	1	7201.45	9.9414	7201.45	9.9394	3909	23.3983	unclassified	chr9	11848024	11850820	7	2806	-	2805	2790	2781	9	6	9	60	0.71604	0.996774	0.991444	0
PBE28937_skip_2b89ea88_3b9ca4f8_8.pod5	9d9a0c25-1014-42e4-8883-edb8fb6ee41c	3b9ca4f88a42f77bab4ca6ec1b82bfcac9de0ade	1538	1	7205.19	6.5772	7205.19	6.5752	2376	31.6045	unclassified	chr13	35602135	35604472	7	2344	-	2337	2337	2334	0	0	3	60	0.983586	0.998716	0.998716	0
PBE28937_skip_2b89ea88_3b9ca4f8_8.pod5	409a87ed-d748-4245-b1b0-38124a7d23af	3b9ca4f88a42f77bab4ca6ec1b82bfcac9de0ade	1197	4	7202.6	9.524	7202.73	9.3936	3664	23.5926	unclassified	chr1	183439207	183442864	0	3664	-	3674	3647	3639	17	10	8	60	1	0.997806	0.990474	0
PBE28937_skip_2b89ea88_3b9ca4f8_8.pod5	7a8677c9-ec7b-43a6-8543-784c35fd9d36	3b9ca4f88a42f77bab4ca6ec1b82bfcac9de0ade	1329	2	7182.64	29.258	7182.65	29.256	9410	21.0286	unclassified	chr17	63723358	63732755	5	9380	-	9437	9335	9283	40	62	52	60	0.996281	0.99443	0.983681	0
PBE28937_skip_2b89ea88_3b9ca4f8_8.pod5	4520f585-1f86-4774-b4ff-0a29017deff2	3b9ca4f88a42f77bab4ca6ec1b82bfcac9de0ade	368	1	7208.49	3.7844	7208.49	3.7824	1492	24.8666	unclassified	chr4	65569271	65570717	36	1487	+	1451	1446	1446	5	0	0	60	0.97252	1	0.996554	0
PBE28937_skip_2b89ea88_3b9ca4f8_8.pod5	2fa2a75c-63f7-4f73-9cc7-b448a4848f3d	3b9ca4f88a42f77bab4ca6ec1b82bfcac9de0ade	981	1	7206.72	5.5496	7206.88	5.3904	1916	23.9243	unclassified	chrM	7325	9243	7	1916	-	1921	1906	1898	3	12	8	60	0.996347	0.995803	0.988027	0
PBE28937_skip_2b89ea88_3b9ca4f8_8.pod5	29b8ef3d-d472-477d-899d-26485a4bba3d	3b9ca4f88a42f77bab4ca6ec1b82bfcac9de0ade	1219	1	7195.59	15.8072	7195.74	15.6612	6499	30.1783	unclassified	chr8	66899574	66906081	3	6499	-	6512	6491	6487	5	16	4	60	0.999538	0.999384	0.996161	0
PBE28937_skip_2b89ea88_3b9ca4f8_8.pod5	e73f288e-b05e-42d8-b609-4ff21013e974	3b9ca4f88a42f77bab4ca6ec1b82bfcac9de0ade	107	3	7184.1	26.276	7184.28	26.0952	11221	27.3531	unclassified	chr8	15194419	15205635	3	11214	+	11231	11196	11169	15	20	27	60	0.999109	0.997588	0.99448	0
PBE28937_skip_2b89ea88_3b9ca4f8_8.pod5	166e8795-9215-4521-9f6a-4b9fd6e9d180	3b9ca4f88a42f77bab4ca6ec1b82bfcac9de0ade	2518	2	7188.14	16.4304	7188.14	16.4284	6627	25.2887	unclassified	chr2	1433951	1440529	6	6595	-	6600	6567	6550	22	11	17	60	0.994266	0.997411	0.992424	0
PBE28937_skip_2b89ea88_3b9ca4f8_8.pod5	ac023be2-7b50-4371-824d-74001957899a	3b9ca4f88a42f77bab4ca6ec1b82bfcac9de0ade	1071	1	7164.59	47.5448	7164.71	47.4276	19645	22.2452	unclassified	chr14	43726965	43746619	1	19640	+	19701	19592	19521	47	62	71	60	0.999695	0.996376	0.990863	0
PBE28937_skip_2b89ea88_3b9ca4f8_8.pod5	6226c51e-5c58-4ea4-97ed-a5d20cdaad34	3b9ca4f88a42f77bab4ca6ec1b82bfcac9de0ade	2630	3	7189.25	10.8602	7189.25	10.8582	2532	3.06831	unclassified	*	-1	-1	-1	-1	*	0	0	0	0	0	0	0	0	0	0	0
PBE28937_skip_2b89ea88_3b9ca4f8_8.pod5	f9c82fb6-d4af-4761-bd59-537845cde5d8	3b9ca4f88a42f77bab4ca6ec1b82bfcac9de0ade	2651	3	7190.78	8.7596	7190.9	8.6388	2895	23.3046	unclassified	chr13	107012368	107015262	0	2888	+	2897	2885	2866	3	9	19	60	0.997582	0.993414	0.989299	0
PBE28937_skip_2b89ea88_3b9ca4f8_8.pod5	63dc0bb5-83b1-44a9-a8ba-16a871b960e1	3b9ca4f88a42f77bab4ca6ec1b82bfcac9de0ade	554	2	7207.46	4.5904	7207.47	4.5884	815	2.64491	unclassified	*	-1	-1	-1	-1	*	0	0	0	0	0	0	0	0	0	0	0
PBE28937_skip_2b89ea88_3b9ca4f8_8.pod5	fe1db05e-254c-44b4-991e-ea6ee365c647	3b9ca4f88a42f77bab4ca6ec1b82bfcac9de0ade	223	2	7176.85	35.3948	7177.01	35.2332	13923	33.2235	unclassified	chr6	55262787	55276616	0	13923	+	13931	13821	13809	102	8	12	60	1	0.999132	0.991243	0
PBE28937_skip_2b89ea88_3b9ca4f8_8.pod5	490927b7-c951-4e7b-bb35-e6e4e1d35c7d	3b9ca4f88a42f77bab4ca6ec1b82bfcac9de0ade	329	2	7205.6	4.8704	7205.61	4.8684	2045	26.2584	unclassified	chr9	106306276	106308280	34	2040	+	2006	2004	1999	2	0	5	60	0.980929	0.997505	0.99651	0
PBE28937_skip_2b89ea88_3b9ca4f8_8.pod5	d7eb1968-634a-4d11-9c24-28be548b7c0a	3b9ca4f88a42f77bab4ca6ec1b82bfcac9de0ade	2349	3	7180.31	30.6704	7180.45	30.534	13795	26.6169	unclassified	chr17	21018748	21032561	0	13787	+	13850	13750	13708	37	63	42	60	0.99942	0.996945	0.989747	0
PBE28937_skip_2b89ea88_3b9ca4f8_8.pod5	90c39485-0144-47ed-bc96-770712acefb9	3b9ca4f88a42f77bab4ca6ec1b82bfcac9de0ade	1302	1	7183.4	26.864	7183.54	26.7216	10540	31.898	unclassified	chr11	95092485	95102960	0	10540	+	10553	10462	10442	78	13	20	60	1	0.998088	0.989482	0
PBE28937_skip_2b89ea88_3b9ca4f8_8.pod5	b883d983-3027-4004-86fa-9a71659b1d33	3b9ca4f88a42f77bab4ca6ec1b82bfcac9de0ade	1011	3	7186.22	15.026	7186.36	14.8872	5352	30.5454	unclassified	chrX	20929125	20934477	7	5352	-	5352	5345	5345	0	7	0	60	0.998692	1	0.998692	0
PBE28937_skip_2b89ea88_3b9ca4f8_8.pod5	c61ab3f4-c250-4ab2-90cd-e219f77e8c94	3b9ca4f88a42f77bab4ca6ec1b82bfcac9de0ade	2407	2	7143.47	67.5212	7143.61	67.3788	26999	28.0094	unclassified	chr10	54034865	54061865	0	26999	-	27029	26970	26869	29	30	101	60	1	0.996255	0.99408	0
PBE28937_skip_2b89ea88_3b9ca4f8_8.pod5	d7c267e0-3d34-4e5f-b82b-481a85b5828d	3b9ca4f88a42f77bab4ca6ec1b82bfcac9de0ade	563	2	7181.6	28.7732	7181.75	28.6188	8193	25.0668	unclassified	chr18	16521678	16530517	0	8187	+	8886	8140	7634	47	699	506	1	0.999268	0.937838	0.859104	0
PBE28937_skip_2b89ea88_3b9ca4f8_8.pod5	b279d7f8-085f-4a29-b981-d0392d5aa2e3	3b9ca4f88a42f77bab4ca6ec1b82bfcac9de0ade	2697	1	7107.69	96.2468	7107.69	96.2448	39494	19.9066	unclassified	chr6	80057379	80096846	41	39485	+	39619	39292	39064	152	175	228	60	0.998734	0.994197	0.985992	0
PBE28937_skip_2b89ea88_3b9ca4f8_8.pod5	ed083fea-6fdd-43c5-832c-fb782d906694	3b9ca4f88a42f77bab4ca6ec1b82bfcac9de0ade	796	3	7192.5	8.9996	7192.64	8.8572	2104	26.8525	unclassified	chr18	11268940	11271045	0	2104	+	2105	2104	2097	0	1	7	60	1	0.996673	0.9962	0
PBE28937_skip_2b89ea88_3b9ca4f8_8.pod5	33afd350-e9d4-40c6-ba73-49b093c62cc1	3b9ca4f88a42f77bab4ca6ec1b82bfcac9de0ade	355	1	7166.63	44.7368	7166.74	44.6304	14098	21.7866	unclassified	chr4	90297882	90311959	0	14092	+	14116	14053	14012	39	24	41	60	0.999574	0.997082	0.992632	0
PBE28937_skip_2b89ea88_3b9ca4f8_8.pod5	af8f40a8-4428-4fd1-a4f5-b9199a62f94d	3b9ca4f88a42f77bab4ca6ec1b82bfcac9de0ade	1024	3	7180.19	28.8512	7180.39	28.6536	12136	30.6435	unclassified	chr22	35093763	35105904	0	12136	+	12152	12125	12110	11	16	15	60	1	0.998763	0.996544	0
PBE28937_skip_2b89ea88_3b9ca4f8_8.pod5	194d56a8-0608-4ffc-921c-d87569b6a4f1	3b9ca4f88a42f77bab4ca6ec1b82bfcac9de0ade	1203	4	7198.03	13.2272	7198.16	13.0992	5027	34.0354	unclassified	chr6	66362880	66367900	0	5021	+	5024	5017	5015	4	3	2	60	0.998806	0.999601	0.998209	0
PBE28937_skip_2b89ea88_3b9ca4f8_8.pod5	4569874e-60fd-48f0-9538-488828249a22	3b9ca4f88a42f77bab4ca6ec1b82bfcac9de0ade	1153	1	7130.94	80.083	7130.94	80.081	26261	21.4794	unclassified	chr4	170524430	170550681	35	26261	+	26331	26146	26021	80	105	125	60	0.998667	0.995219	0.988227	0
PBE28937_skip_2b89ea88_3b9ca4f8_8.pod5	b329cb0e-03ef-4b37-bda0-46c8195dda68	3b9ca4f88a42f77bab4ca6ec1b82bfcac9de0ade	1078	4	7182.38	18.8132	7182.52	18.6756	7337	30.2038	unclassified	chr2	223516146	223523488	0	7337	-	7346	7333	7333	4	9	0	60	1	1	0.99823	0
PBE28937_skip_2b89ea88_3b9ca4f8_8.pod5	36f160a0-5257-45ea-a603-b381ec70f272	3b9ca4f88a42f77bab4ca6ec1b82bfcac9de0ade	104	4	7181.45	19.7984	7181.55	19.692	7674	32.1857	unclassified	chr21	8240367	8247915	0	7656	+	7673	7531	7527	125	17	4	0	0.997654	0.999469	0.980972	0
PBE28937_skip_2b89ea88_3b9ca4f8_8.pod5	9bee0206-af9b-46d6-a610-36c76ab526e9	3b9ca4f88a42f77bab4ca6ec1b82bfcac9de0ade	305	1	7174.81	30.8156	7174.92	30.6996	12515	40.2007	unclassified	chr3	92678196	92690713	0	12515	+	12519	12513	12424	2	4	89	1	1	0.992887	0.992412	0
PBE28937_skip_2b89ea88_3b9ca4f8_8.pod5	107351e7-1f66-4af1-9523-ad0618d108ed	3b9ca4f88a42f77bab4ca6ec1b82bfcac9de0ade	200	4	7183.1	18.4316	7183.23	18.3012	6959	25.0337	unclassified	chr1	223783314	223790287	5	6959	-	6984	6943	6936	11	30	7	60	0.999282	0.998992	0.993127	0
PBE28937_skip_2b89ea88_3b9ca4f8_8.pod5	d5ac51ff-6b60-4f6d-8ca3-40e9e12e5074	3b9ca4f88a42f77bab4ca6ec1b82bfcac9de0ade	2947	1	7131.27	80.666	7131.42	80.514	34532	22.0383	unclassified	chr4	100059330	100093847	0	34526	+	34632	34411	34286	115	106	125	60	0.999826	0.996367	0.990009	0
PBE28937_skip_2b89ea88_3b9ca4f8_8.pod5	6c69601e-0223-4727-a627-c26bef11a3d9	3b9ca4f88a42f77bab4ca6ec1b82bfcac9de0ade	882	4	7151.85	48.9752	7151.99	48.8436	19466	27.8095	unclassified	chr2	236254212	236273690	0	19460	+	19489	19449	19430	11	29	19	60	0.999692	0.999023	0.996973	0
PBE28937_skip_2b89ea88_3b9ca4f8_8.pod5	c81a3726-0d5d-495a-9e9c-06415f4158a8	3b9ca4f88a42f77bab4ca6ec1b82bfcac9de0ade	1865	2	7170.3	39.656	7170.5	39.4536	10289	20.1506	unclassified	chr13	77458041	77468329	0	10286	+	10323	10251	10209	35	37	42	60	0.999708	0.995903	0.988957	0
PBE28937_skip_2b89ea88_3b9ca4f8_8.pod5	0974483c-f894-4eb6-8c71-c370aa86e0b8	3b9ca4f88a42f77bab4ca6ec1b82bfcac9de0ade	822	1	7149.97	51.3236	7150.08	51.2076	17085	20.0907	unclassified	chr14	93720871	93737898	0	17078	+	17250	16855	16790	223	172	65	60	0.99959	0.996144	0.973333	0
PBE28937_skip_2b89ea88_3b9ca4f8_8.pod5	c1b6a24f-56f1-4af7-bbe6-7180a8c62f04	3b9ca4f88a42f77bab4ca6ec1b82bfcac9de0ade	2359	4	7150.56	50.7824	7150.68	50.6616	17797	32.4227	unclassified	chr7	47028981	47046764	0	17792	+	17804	17771	17763	21	12	8	60	0.999719	0.99955	0.997697	0
PBE28937_skip_2b89ea88_3b9ca4f8_8.pod5	cf303748-3173-4f2e-a27d-d0b2bdddc073	3b9ca4f88a42f77bab4ca6ec1b82bfcac9de0ade	2801	2	7187.38	24.8136	7187.38	24.8116	10829	31.9147	unclassified	chr16	46385339	46401362	687	10797	-	16078	10055	9742	55	5968	313	60	0.933604	0.968871	0.605921	0
PBE28937_skip_2b89ea88_3b9ca4f8_8.pod5	b90c26b6-a140-41d2-8187-9c26cba08fd4	3b9ca4f88a42f77bab4ca6ec1b82bfcac9de0ade	1703	2	7186.23	23.4848	7186.37	23.3424	14286	19.9287	unclassified	chr10	94017944	94032260	8	14286	-	14353	14241	14159	37	75	82	60	0.99944	0.994242	0.986484	0
PBE28937_skip_2b89ea88_3b9ca4f8_8.pod5	351843d2-da06-4b53-88eb-982601f56803	3b9ca4f88a42f77bab4ca6ec1b82bfcac9de0ade	2685	2	7143.49	57.4496	7143.78	57.1536	23703	28.063	unclassified	chr6	140827046	140850766	0	23703	-	23735	23688	23660	15	32	28	60	1	0.998818	0.99684	0
PBE28937_skip_2b89ea88_3b9ca4f8_8.pod5	f4d36692-01bc-45b9-99fd-17ff8f8c8ba9	3b9ca4f88a42f77bab4ca6ec1b82bfcac9de0ade	2179	2	7114.38	95.2568	7114.49	95.1456	35908	31.1092	unclassified	chr5	29922637	29958558	0	35901	+	35950	35872	35830	29	49	42	60	0.999805	0.998829	0.996662	0
PBE28937_skip_2b89ea88_3b9ca4f8_8.pod5	a3fd1b29-babf-4509-9c80-4241983fca7f	3b9ca4f88a42f77bab4ca6ec1b82bfcac9de0ade	1781	2	7196.52	5.378	7196.64	5.2596	2237	31.964	unclassified	chr13	74853383	74855612	7	2237	-	2230	2229	2228	1	0	1	60	0.996871	0.999551	0.999103	0
PBE28937_skip_2b89ea88_3b9ca4f8_8.pod5	c34fbb06-dc99-4271-9812-13d0231e2a9c	3b9ca4f88a42f77bab4ca6ec1b82bfcac9de0ade	349	4	7141.43	70.6928	7141.55	70.572	28219	24.8958	unclassified	chr1	245919900	245948167	0	28213	+	28306	28174	28071	39	93	103	60	0.999787	0.996344	0.991698	0
PBE28937_skip_2b89ea88_3b9ca4f8_8.pod5	258a46b3-4247-4ea6-a3e9-cc50a2686f13	3b9ca4f88a42f77bab4ca6ec1b82bfcac9de0ade	1543	2	7168.68	32.8308	7168.69	32.8288	14675	21.922	unclassified	chr20	48862382	48877653	6	14641	-	15349	14557	14485	78	714	72	60	0.997274	0.995054	0.94371	0
PBE28937_skip_2b89ea88_3b9ca4f8_8.pod5	f443fb91-9f35-47af-b20b-eba49dc88d43	3b9ca4f88a42f77bab4ca6ec1b82bfcac9de0ade	1197	4	7177.76	24.164	7177.88	24.0456	9793	26.6172	unclassified	chr21	31548678	31558464	6	9793	-	9801	9772	9751	15	14	21	60	0.999387	0.997851	0.994898	0
PBE28937_skip_2b89ea88_3b9ca4f8_8.pod5	6fbd7499-6aa6-4788-93f9-825c7915f748	3b9ca4f88a42f77bab4ca6ec1b82bfcac9de0ade	363	2	7174.41	37.4948	7174.53	37.3812	14804	30.1918	unclassified	chr6	35930840	35945637	10	14804	-	14803	14788	14782	6	9	6	60	0.999325	0.999594	0.998581	0
PBE28937_skip_2b89ea88_3b9ca4f8_8.pod5	9111fc20-1101-42fb-ac1a-16315b171844	3b9ca4f88a42f77bab4ca6ec1b82bfcac9de0ade	922	2	7191.19	10.4564	7191.27	10.3788	4141	33.5268	unclassified	chr6	90101403	90105539	0	4135	+	4141	4130	4130	5	6	0	60	0.998551	1	0.997344	0
PBE28937_skip_2b89ea88_3b9ca4f8_8.pod5	a569efb5-3ce9-4598-808d-bf6bb3934640	3b9ca4f88a42f77bab4ca6ec1b82bfcac9de0ade	1299	3	7184.6	17.492	7184.7	17.3904	7639	23.2297	unclassified	chr6	91795571	91803204	6	7639	-	7651	7615	7594	18	18	21	60	0.999215	0.997242	0.99255	0
PBE28937_skip_2b89ea88_3b9ca4f8_8.pod5	78a58453-7de9-4a08-9dec-51974819c54f	3b9ca4f88a42f77bab4ca6ec1b82bfcac9de0ade	917	1	7122.18	79.3004	7122.31	79.1676	29519	32.6368	unclassified	chr9	133300786	133330303	9	29519	-	29530	29497	29471	13	20	26	60	0.999695	0.999119	0.998002	0
PBE28937_skip_2b89ea88_3b9ca4f8_8.pod5	4306d15d-bc26-449c-a76f-4119909c2848	3b9ca4f88a42f77bab4ca6ec1b82bfcac9de0ade	1838	1	7186.15	15.8768	7186.15	15.8748	6732	30.6601	unclassified	chr21	40934278	40940981	26	6725	+	6704	6698	6694	1	5	4	60	0.995098	0.999403	0.998508	0
PBE28937_skip_2b89ea88_3b9ca4f8_8.pod5	27beef10-184e-461f-9ef2-0683bea9f90c	3b9ca4f88a42f77bab4ca6ec1b82bfcac9de0ade	2306	1	7183.12	18.0188	7183.27	17.8704	7611	21.4258	unclassified	chr5	72591439	72599046	18	7611	-	7616	7584	7556	9	23	28	60	0.997635	0.996308	0.992122	0
PBE28937_skip_2b89ea88_3b9ca4f8_8.pod5	315ec257-0d08-4016-bb90-c13d008b99f5	3b9ca4f88a42f77bab4ca6ec1b82bfcac9de0ade	38	4	7109.22	102.388	7109.31	102.295	44436	24.9208	unclassified	chr2	211797758	211839237	0	41476	+	41523	41432	41388	44	47	44	60	0.933387	0.998938	0.996749	0
PBE28937_skip_2b89ea88_3b9ca4f8_8.pod5	ad78eafa-736f-4b18-b181-c1ba4aa060ff	3b9ca4f88a42f77bab4ca6ec1b82bfcac9de0ade	1539	1	7177.34	24.6272	7177.45	24.5208	10718	27.1636	unclassified	chr21	37538629	37549334	12	10718	-	10714	10697	10672	9	8	25	60	0.99888	0.997663	0.99608	0
PBE28937_skip_2b89ea88_3b9ca4f8_8.pod5	306c3339-bb3d-48a9-b4c7-27c615a3cec2	3b9ca4f88a42f77bab4ca6ec1b82bfcac9de0ade	560	4	7098.89	108.101	7098.9	108.099	45794	20.0862	unclassified	chr9	89659227	89704179	5	45763	-	46015	44695	44442	1063	257	253	60	0.999214	0.994339	0.965815	0
PBE28937_skip_2b89ea88_3b9ca4f8_8.pod5	1a777641-2b00-4ddf-a6cb-d3ceb6e2ec75	3b9ca4f88a42f77bab4ca6ec1b82bfcac9de0ade	1826	3	7153.12	47.8628	7153.2	47.7828	15751	28.5314	unclassified	chr7	148776681	148792438	0	15742	+	15765	15734	15702	8	23	32	60	0.999429	0.997966	0.996004	0
PBE28937_skip_2b89ea88_3b9ca4f8_8.pod5	7a94594e-7377-4ca1-8166-ea23ac1ca18d	3b9ca4f88a42f77bab4ca6ec1b82bfcac9de0ade	1261	2	7095.55	114.562	7095.66	114.456	48710	23.596	unclassified	chrX	116597905	116646691	6	48710	-	48859	48631	48510	73	155	121	60	0.999877	0.997512	0.992857	0
PBE28937_skip_2b89ea88_3b9ca4f8_8.pod5	f0acbbcc-3c11-45f0-9c71-391a14ad9cbe	3b9ca4f88a42f77bab4ca6ec1b82bfcac9de0ade	410	4	7121.68	79.7744	7121.81	79.6512	30401	22.8223	unclassified	chr8	64963359	64993804	0	30394	+	30504	30335	30249	59	110	86	60	0.99977	0.997165	0.99164	0
PBE28937_skip_2b89ea88_3b9ca4f8_8.pod5	7e9ca9e0-08fa-4610-8871-0a23767ce00f	3b9ca4f88a42f77bab4ca6ec1b82bfcac9de0ade	2120	4	7168.57	33.7856	7168.72	33.6432	12245	13.0767	unclassified	chr3	119988514	120000809	5	12243	+	12514	12019	11696	219	276	323	60	0.999428	0.973126	0.934633	0
PBE28937_skip_2b89ea88_3b9ca4f8_8.pod5	0eca3d09-03c4-4680-a7ad-53e91c211460	3b9ca4f88a42f77bab4ca6ec1b82bfcac9de0ade	1230	2	7155.2	46.5206	7155.2	46.5186	16087	8.71889	unclassified	chrX	76611118	76627539	33	16070	+	17040	15418	14381	619	1003	1037	60	0.996892	0.932741	0.843955	0
PBE28937_skip_2b89ea88_3b9ca4f8_8.pod5	2e3038e0-0969-4de9-a7a1-fb37235b94b0	3b9ca4f88a42f77bab4ca6ec1b82bfcac9de0ade	1641	2	7132.09	77.7572	7132.21	77.6388	29995	29.224	unclassified	chr6	107636803	107666798	0	29988	+	30041	29942	29905	46	53	37	60	0.999767	0.998764	0.995473	0
PBE28937_skip_2b89ea88_3b9ca4f8_8.pod5	4766d7fb-b526-4970-aeb0-bf85abfcfd01	3b9ca4f88a42f77bab4ca6ec1b82bfcac9de0ade	2882	4	7166.18	25.34	7166.18	25.338	9069	20.1969	unclassified	chr8	104019542	104028555	0	9022	-	9054	8981	8942	41	32	39	60	0.994817	0.995658	0.98763	0
PBE28937_skip_2b89ea88_3b9ca4f8_8.pod5	a71f4b15-c176-454e-862a-7cb2e27712e1	3b9ca4f88a42f77bab4ca6ec1b82bfcac9de0ade	2637	1	7178.49	23.5094	7178.49	23.5074	10202	27.7647	unclassified	chr12	17726890	17737093	0	10195	+	10210	10188	10174	7	15	14	60	0.999314	0.998626	0.996474	0
PBE28937_skip_2b89ea88_3b9ca4f8_8.pod5	915db5dd-e0ee-4f6a-ace7-7c40f5135ee3	3b9ca4f88a42f77bab4ca6ec1b82bfcac9de0ade	544	3	7173.26	29.0996	7173.39	28.9668	12057	27.6504	unclassified	chr14	51708254	51720314	8	12057	-	12063	12046	12013	3	14	33	60	0.999336	0.997261	0.995855	0
PBE28937_skip_2b89ea88_3b9ca4f8_8.pod5	ebcaaad8-46aa-4db3-9186-e52d58976fc5	3b9ca4f88a42f77bab4ca6ec1b82bfcac9de0ade	2181	2	7187.56	14.7728	7187.79	14.5368	4477	25.6503	unclassified	chr6	62639322	62643790	8	4477	-	4474	4463	4459	6	5	4	60	0.998213	0.999104	0.996647	0
PBE28937_skip_2b89ea88_3b9ca4f8_8.pod5	ed500268-8683-4c97-a42b-23bc81f1fa9b	3b9ca4f88a42f77bab4ca6ec1b82bfcac9de0ade	2476	3	7180.85	21.068	7180.92	21.0024	9405	26.5247	unclassified	chr19	44320360	44329764	10	9397	+	9413	9378	9351	9	26	27	60	0.998086	0.997121	0.993413	0
PBE28937_skip_2b89ea88_3b9ca4f8_8.pod5	8d7bdbc2-5909-4198-bfed-e4473f1bba8f	3b9ca4f88a42f77bab4ca6ec1b82bfcac9de0ade	1953	4	7149.59	51.5938	7149.59	51.5918	22028	30.4187	unclassified	chr20	26933347	26955354	7	22006	-	22011	21995	21837	4	12	158	5	0.998684	0.992817	0.992095	0
PBE28937_skip_2b89ea88_3b9ca4f8_8.pod5	879107f4-72c6-431a-803e-a3db232e616f	3b9ca4f88a42f77bab4ca6ec1b82bfcac9de0ade	1139	2	7196.27	6.7818	7196.27	6.7798	1186	2.39099	unclassified	*	-1	-1	-1	-1	*	0	0	0	0	0	0	0	0	0	0	0
PBE28937_skip_2b89ea88_3b9ca4f8_8.pod5	a468bee1-ac84-4742-8d1e-bbcf41c3b654	3b9ca4f88a42f77bab4ca6ec1b82bfcac9de0ade	2607	2	7185.31	16.8656	7185.32	16.8636	6369	30.6961	unclassified	chr17	26595749	26601587	36	6369	+	6348	5823	5386	510	15	437	1	0.994348	0.924953	0.848456	0
PBE28937_skip_2b89ea88_3b9ca4f8_8.pod5	9b5c226b-0562-45db-9cfc-b73b05d21e5a	3b9ca4f88a42f77bab4ca6ec1b82bfcac9de0ade	2094	2	7172.3	30.7914	7172.31	30.7894	11457	28.9036	unclassified	chr4	8000981	8012399	29	11448	+	11437	11400	11372	19	18	28	60	0.996683	0.997544	0.994317	0
PBE28937_skip_2b89ea88_3b9ca4f8_8.pod5	27995d9f-01e7-4fce-9f25-93defa2be014	3b9ca4f88a42f77bab4ca6ec1b82bfcac9de0ade	1352	4	7174.98	27.4376	7175.2	27.2232	5219	17.2721	unclassified	chr18	73402753	73407979	0	5214	+	5256	5184	5139	30	42	45	60	0.999042	0.991319	0.97774	0
PBE28937_skip_2b89ea88_3b9ca4f8_8.pod5	b59d8fa4-4c35-41cb-a099-146d6b668d77	3b9ca4f88a42f77bab4ca6ec1b82bfcac9de0ade	1954	4	7132.31	70.154	7132.42	70.0392	27761	15.9783	unclassified	chr12	84647754	84675607	6	27761	-	28070	27538	27087	217	315	451	60	0.999784	0.983623	0.96498	0
PBE28937_skip_2b89ea88_3b9ca4f8_8.pod5	b7d71cf3-e1e2-4086-b81e-9d4b074c53fd	3b9ca4f88a42f77bab4ca6ec1b82bfcac9de0ade	2995	4	7136.06	66.2912	7136.16	66.1884	22543	21.3245	unclassified	chr3	143908126	143930750	0	22536	+	22709	22451	22361	85	173	90	60	0.999689	0.995991	0.984676	0
PBE28937_skip_2b89ea88_3b9ca4f8_8.pod5	0952c2de-e37d-41a0-970f-488b9cbabede	3b9ca4f88a42f77bab4ca6ec1b82bfcac9de0ade	314	3	7130.94	70.1732	7131.07	70.0464	28976	23.0953	unclassified	chr21	7932272	7952737	31	20001	+	21312	19123	17810	847	1342	1313	60	0.689191	0.931339	0.835679	0
PBE28937_skip_2b89ea88_3b9ca4f8_8.pod5	441fe2df-2643-450b-8bfa-d4fc525506b0	3b9ca4f88a42f77bab4ca6ec1b82bfcac9de0ade	899	3	7110	91.769	7110.01	91.767	25336	11.6901	unclassified	chr22	22555223	22580445	45	25317	+	26001	24493	23658	779	729	835	60	0.997474	0.965909	0.909888	0
PBE28937_skip_2b89ea88_3b9ca4f8_8.pod5	d1851923-b14f-4ccc-bd9a-b58eeffc025d	3b9ca4f88a42f77bab4ca6ec1b82bfcac9de0ade	69	4	7154.27	48.89	7154.44	48.7212	13108	28.9183	unclassified	chr18	34844739	34857837	4	13108	-	13108	13094	13084	10	4	10	60	0.999695	0.999236	0.998169	0
PBE28937_skip_2b89ea88_3b9ca4f8_8.pod5	2bbabb11-b34d-482e-be91-5e351c1a0820	3b9ca4f88a42f77bab4ca6ec1b82bfcac9de0ade	2298	1	7170.42	32.7068	7170.53	32.5956	13749	25.1592	unclassified	chr7	10578682	10592435	5	13749	-	13779	13718	13701	26	35	17	60	0.999636	0.998761	0.994339	0
PBE28937_skip_2b89ea88_3b9ca4f8_8.pod5	79c2ab37-e767-4a4c-ba5b-498f3c807e7a	3b9ca4f88a42f77bab4ca6ec1b82bfcac9de0ade	2146	3	7197.7	5.8112	7197.83	5.6808	2337	28.1251	unclassified	chr10	24593304	24595636	7	2337	-	2332	2330	2327	0	2	3	60	0.997005	0.998712	0.997856	0
PBE28937_skip_2b89ea88_3b9ca4f8_8.pod5	e2b7e9c5-b101-45d0-ab2e-3dc7709348a5	3b9ca4f88a42f77bab4ca6ec1b82bfcac9de0ade	2049	3	7133.81	68.269	7133.81	68.267	27754	31.5379	unclassified	chr5	132848431	132876158	34	27745	+	27735	27703	27694	8	24	9	60	0.998451	0.999675	0.998522	0
PBE28937_skip_2b89ea88_3b9ca4f8_8.pod5	cefaae67-8709-4434-adcc-5ed733a16807	3b9ca4f88a42f77bab4ca6ec1b82bfcac9de0ade	1570	1	7112.39	89.99	7112.5	89.8788	33364	30.2588	unclassified	chr1	53874473	53907811	0	33358	+	33406	33290	33182	68	48	108	60	0.99982	0.996756	0.993295	0
PBE28937_skip_2b89ea88_3b9ca4f8_8.pod5	b16dc73a-b557-420a-bfb4-ad6de3dd0d7a	3b9ca4f88a42f77bab4ca6ec1b82bfcac9de0ade	109	4	7106.38	95.3288	7106.54	95.1648	37537	20.5212	unclassified	chr6	151565357	151602956	0	37529	+	37735	37393	37183	136	206	210	60	0.999787	0.994384	0.985372	0
PBE28937_skip_2b89ea88_3b9ca4f8_8.pod5	ca0e3b0e-1918-496e-8a18-7d4eea988d41	3b9ca4f88a42f77bab4ca6ec1b82bfcac9de0ade	2156	1	7167.63	35.1432	7167.63	35.1412	13735	8.43363	unclassified	chr12	32898898	32913068	6	13687	-	14568	13283	12078	398	887	1205	60	0.996068	0.909283	0.829077	0
PBE28937_skip_2b89ea88_3b9ca4f8_8.pod5	2d440eae-273a-4035-98cd-2560eec25075	3b9ca4f88a42f77bab4ca6ec1b82bfcac9de0ade	550	3	7165.83	37.3332	7165.83	37.3312	18713	21.6421	unclassified	chr11	75428904	75447578	5	18682	-	18729	18622	18521	55	52	101	60	0.998076	0.994576	0.988894	0
PBE28937_skip_2b89ea88_3b9ca4f8_8.pod5	8babb549-0f20-4327-bc38-7147218aad18	3b9ca4f88a42f77bab4ca6ec1b82bfcac9de0ade	714	2	7167.33	35.492	7167.43	35.3964	15279	18.7263	unclassified	chrX	144999335	145014640	11	15279	-	15363	15210	15070	58	95	140	60	0.99928	0.990796	0.980928	0
PBE28937_skip_2b89ea88_3b9ca4f8_8.pod5	3cec45db-5f8a-4b2c-99cb-9d314d64fabb	3b9ca4f88a42f77bab4ca6ec1b82bfcac9de0ade	1805	1	7197.38	5.6876	7197.38	5.6856	1344	4.52324	unclassified	*	-1	-1	-1	-1	*	0	0	0	0	0	0	0	0	0	0	0
PBE28937_skip_2b89ea88_3b9ca4f8_8.pod5	7d80e0a2-31e6-466d-a9ac-e803bee005ef	3b9ca4f88a42f77bab4ca6ec1b82bfcac9de0ade	1630	2	7147.64	55.6832	7147.64	55.6812	24114	28.2418	unclassified	chr15	94239663	94256030	7771	24107	+	16386	16317	16302	19	50	15	60	0.677449	0.999081	0.994874	0
PBE28937_skip_2b89ea88_3b9ca4f8_8.pod5	7d57aab0-01cc-443d-b8d5-a2841a0daddc	3b9ca4f88a42f77bab4ca6ec1b82bfcac9de0ade	1311	4	7094.77	107.156	7094.84	107.086	47712	26.9094	unclassified	chr1	91644555	91692762	0	47705	+	48259	47653	47545	52	554	108	60	0.999853	0.997734	0.985205	0
PBE28937_skip_2b89ea88_3b9ca4f8_8.pod5	8065c0d2-8bcd-48d8-8a20-a58bf46d5d7b	3b9ca4f88a42f77bab4ca6ec1b82bfcac9de0ade	1628	2	7172.96	30.3536	7173.08	30.2376	10189	31.7915	unclassified	chr4	27447865	27458050	6	10189	-	10188	10180	10174	3	5	6	60	0.999411	0.999411	0.998626	0
PBE28937_skip_2b89ea88_3b9ca4f8_8.pod5	d2055b98-8dc1-44a5-a624-28b0a6c4b66a	3b9ca4f88a42f77bab4ca6ec1b82bfcac9de0ade	676	4	7169.46	34.348	7169.46	34.346	13325	25.942	unclassified	chr22	11883903	11897186	38	13314	+	13321	13238	13028	38	45	210	60	0.996323	0.984137	0.978005	0
PBE28937_skip_2b89ea88_3b9ca4f8_8.pod5	82160441-85b6-4945-ad57-4e16731eda70	3b9ca4f88a42f77bab4ca6ec1b82bfcac9de0ade	817	1	7185.44	17.9444	7185.58	17.802	7288	36.0118	unclassified	chr17	21969926	21977572	15	7253	-	8051	6833	5894	405	813	939	1	0.993139	0.862579	0.732083	0
PBE28937_skip_2b89ea88_3b9ca4f8_8.pod5	377d4eb9-a193-4aa8-bcc8-b53a998a68a8	3b9ca4f88a42f77bab4ca6ec1b82bfcac9de0ade	2941	2	7157.95	44.9912	7158.06	44.8872	17527	32.0317	unclassified	chr10	4491141	4508416	7	17527	-	17549	17246	17170	274	29	76	60	0.999601	0.995593	0.978403	0
PBE28937_skip_2b89ea88_3b9ca4f8_8.pod5	40af59b8-bc75-4fea-9a6f-d5d0669e4eb5	3b9ca4f88a42f77bab4ca6ec1b82bfcac9de0ade	2319	4	7190.7	12.6032	7190.7	12.6012	5194	29.4008	unclassified	chr2	16242236	16247374	9	5147	-	5142	5134	5130	4	4	4	60	0.989218	0.999221	0.997666	0
PBE28937_skip_2b89ea88_3b9ca4f8_8.pod5	bf6f45c5-8608-469a-a408-13e739f03396	3b9ca4f88a42f77bab4ca6ec1b82bfcac9de0ade	2748	1	7100.68	100.694	7100.68	100.692	37506	9.69865	unclassified	chr6	8078558	8116773	13	37481	-	39289	36394	34157	1074	1821	2237	60	0.998987	0.938534	0.869378	0
PBE28937_skip_2b89ea88_3b9ca4f8_8.pod5	de10c06e-b9b8-4f2f-a9cb-b10402e9ae38	3b9ca4f88a42f77bab4ca6ec1b82bfcac9de0ade	2028	3	7126.61	76.502	7126.72	76.3884	29450	32.0138	unclassified	chr3	135439351	135468789	0	29445	+	29461	29422	29377	23	16	45	60	0.99983	0.998471	0.997149	0
PBE28937_skip_2b89ea88_3b9ca4f8_8.pod5	7e0a6056-3c69-43d1-af36-a8c0527f4a8e	3b9ca4f88a42f77bab4ca6ec1b82bfcac9de0ade	368	1	7139.13	63.7676	7139.23	63.666	23092	24.1874	unclassified	chr21	8442672	8465527	8	23092	-	23317	22622	22535	462	233	87	10	0.999654	0.996154	0.966462	0
PBE28937_skip_2b89ea88_3b9ca4f8_8.pod5	288ca49c-42ae-4ce6-a1a2-06520921fef5	3b9ca4f88a42f77bab4ca6ec1b82bfcac9de0ade	1884	3	7152.99	49.988	7153.1	49.8852	22792	21.1998	unclassified	chr2	58443859	58466634	0	22779	+	22887	22667	22567	112	108	100	60	0.99943	0.995588	0.986018	0
PBE28937_skip_2b89ea88_3b9ca4f8_8.pod5	bb4c2f2e-c7ea-4e97-84c2-6bdde195efb5	3b9ca4f88a42f77bab4ca6ec1b82bfcac9de0ade	2574	1	7164.97	37.8512	7165.07	37.746	16680	27.4075	unclassified	chr19	53850365	53867062	1	16675	+	16716	16655	16633	19	42	22	60	0.99964	0.998679	0.995035	0
PBE28937_skip_2b89ea88_3b9ca4f8_8.pod5	13e837e1-562a-48de-8143-dc493755cfa5	3b9ca4f88a42f77bab4ca6ec1b82bfcac9de0ade	1898	4	7141.95	61.0688	7142.09	60.9288	23332	29.2412	unclassified	chr12	125456312	125479648	7	23332	-	23341	23320	23304	5	16	16	60	0.9997	0.999314	0.998415	0
PBE28937_skip_2b89ea88_3b9ca4f8_8.pod5	884411b3-872c-4c36-aaaa-2ffac8ebb893	3b9ca4f88a42f77bab4ca6ec1b82bfcac9de0ade	1573	2	7178.65	25.4528	7178.76	25.3476	10421	34.2921	unclassified	chr22	12396539	12405209	1030	10419	-	9593	8466	7587	923	204	879	14	0.900969	0.896173	0.790889	0
PBE28937_skip_2b89ea88_3b9ca4f8_8.pod5	0bad4f49-a3dc-4ca5-bcab-a0c224742936	3b9ca4f88a42f77bab4ca6ec1b82bfcac9de0ade	866	4	7189.43	14.336	7189.5	14.268	6087	24.9798	unclassified	chr19	30870518	30876595	7	6087	-	6091	6066	6059	14	11	7	60	0.99885	0.998846	0.994746	0
PBE28937_skip_2b89ea88_3b9ca4f8_8.pod5	b5348d27-8d59-45cb-9b1b-536739625ca1	3b9ca4f88a42f77bab4ca6ec1b82bfcac9de0ade	1552	2	7177.33	26.762	7177.48	26.6148	11023	27.0332	unclassified	chr9	133346324	133357339	8	11023	-	11026	11004	10990	11	11	14	60	0.999274	0.998728	0.996735	0
PBE28937_skip_2b89ea88_3b9ca4f8_8.pod5	7b14fd25-d3c1-45a3-8c60-11e34d14ce64	3b9ca4f88a42f77bab4ca6ec1b82bfcac9de0ade	2603	3	7179.09	24.8996	7179.67	24.3108	5351	25.5411	unclassified	chr10	112666766	112672104	6	5351	-	5347	5336	5327	9	2	9	60	0.998879	0.998313	0.99626	0
PBE28937_skip_2b89ea88_3b9ca4f8_8.pod5	0fc8f988-f3af-48a7-9ae6-0954ade9410a	3b9ca4f88a42f77bab4ca6ec1b82bfcac9de0ade	1109	2	7103	99.404	7103.11	99.2928	41033	30.4034	unclassified	chr17	40547791	40588828	0	41033	-	41064	41006	40969	27	31	37	60	1	0.999098	0.997687	0
PBE28937_skip_2b89ea88_3b9ca4f8_8.pod5	d671a305-d882-4b9d-87de-57c081278529	3b9ca4f88a42f77bab4ca6ec1b82bfcac9de0ade	2138	2	7185.84	17.812	7185.84	17.81	6662	18.2991	unclassified	chr17	7533001	7539622	10	6628	-	6661	6578	6541	40	43	37	60	0.993395	0.994375	0.981985	0
PBE28937_skip_2b89ea88_3b9ca4f8_8.pod5	ce38ed02-b3d7-477e-9ff2-550555e380ef	3b9ca4f88a42f77bab4ca6ec1b82bfcac9de0ade	2911	4	7171.9	31.9724	7172.04	31.83	10846	28.8514	unclassified	chr13	105978629	105989467	7	10846	-	10844	10833	10785	6	5	48	60	0.999355	0.995569	0.994559	0
PBE28937_skip_2b89ea88_3b9ca4f8_8.pod5	17a7622c-bcc4-4a07-9b55-36edd308836b	3b9ca4f88a42f77bab4ca6ec1b82bfcac9de0ade	1277	2	7165.42	38.6648	7165.66	38.4276	14176	16.6883	unclassified	chr1	210236209	210250398	3	14176	-	14318	14044	13867	129	145	177	60	0.999788	0.987397	0.968501	0
PBE28937_skip_2b89ea88_3b9ca4f8_8.pod5	0dabb0d6-8698-4f5b-a253-3e1929d6b410	3b9ca4f88a42f77bab4ca6ec1b82bfcac9de0ade	1181	1	7150.44	53.0768	7150.6	52.9092	12690	22.9579	unclassified	chr7	86029187	86041875	7	12690	-	12727	12644	12618	39	44	26	60	0.999448	0.997944	0.991436	0
PBE28937_skip_2b89ea88_3b9ca4f8_8.pod5	4b8ba66a-effe-45d7-89c7-0940f5c1b95f	3b9ca4f88a42f77bab4ca6ec1b82bfcac9de0ade	2618	3	7111.68	91.6244	7111.81	91.5012	33513	26.3894	unclassified	chr6	52970647	53004186	7	33513	-	33594	33451	33368	55	88	83	60	0.999791	0.997519	0.993273	0
PBE28937_skip_2b89ea88_3b9ca4f8_8.pod5	bc3cf029-a53f-429b-b27a-fa24b3f9f926	3b9ca4f88a42f77bab4ca6ec1b82bfcac9de0ade	1743	1	7129.41	73.9388	7129.49	73.8612	36611	23.8928	unclassified	chr3	99460678	99497307	0	36594	+	36677	36546	36467	48	83	79	60	0.999536	0.997838	0.994274	0
PBE28937_skip_2b89ea88_3b9ca4f8_8.pod5	6dd91967-60c1-4be2-b69f-d95bcd8cb3a8	3b9ca4f88a42f77bab4ca6ec1b82bfcac9de0ade	360	3	7170.85	33.8012	7170.98	33.6684	11929	28.6777	unclassified	chr2	220601436	220613349	9	11929	-	11932	11901	11880	19	12	21	60	0.999246	0.998235	0.995642	0
PBE28937_skip_2b89ea88_3b9ca4f8_8.pod5	344c3352-751b-497b-a7a2-b0deff71a206	3b9ca4f88a42f77bab4ca6ec1b82bfcac9de0ade	2762	3	7164.6	39.4712	7164.7	39.372	15178	28.5727	unclassified	chr13	110193292	110208454	6	15178	-	15181	15153	15103	19	9	50	60	0.999605	0.9967	0.994862	0
PBE28937_skip_2b89ea88_3b9ca4f8_8.pod5	2e3da2c3-5587-40e4-933b-c3acc118aff6	3b9ca4f88a42f77bab4ca6ec1b82bfcac9de0ade	1663	3	7174.17	29.4464	7174.28	29.334	11932	27.3871	unclassified	chr14	54061022	54072910	7	11932	-	11935	11878	11846	47	10	32	60	0.999413	0.997306	0.992543	0
PBE28937_skip_2b89ea88_3b9ca4f8_8.pod5	0e52fe90-a151-4c26-87cd-079de76b4a67	3b9ca4f88a42f77bab4ca6ec1b82bfcac9de0ade	2934	1	7164.39	39.6116	7164.54	39.4668	15623	34.7782	unclassified	chr3	81097226	81112844	0	15623	-	15625	15616	15604	7	2	12	60	1	0.999232	0.998656	0
PBE28937_skip_2b89ea88_3b9ca4f8_8.pod5	2f6ec673-d148-4fd4-be5e-261e3c226497	3b9ca4f88a42f77bab4ca6ec1b82bfcac9de0ade	1627	4	7167.15	37.1334	7167.15	37.1314	15280	14.0913	unclassified	chr12	73904514	73912216	7557	15252	-	7708	7689	7677	6	13	12	60	0.503599	0.998439	0.995978	0
PBE28937_skip_2b89ea88_3b9ca4f8_8.pod5	e19213d7-d91c-4807-b1cc-3fca150ade5f	3b9ca4f88a42f77bab4ca6ec1b82bfcac9de0ade	475	3	7159.17	44.9684	7159.28	44.8572	19477	25.2677	unclassified	chr3	24484284	24503756	10	19477	-	19499	19440	19415	27	32	25	60	0.999487	0.998714	0.995692	0
PBE28937_skip_2b89ea88_3b9ca4f8_8.pod5	b2809e98-5749-4d6b-986f-93f3a0eae0b0	3b9ca4f88a42f77bab4ca6ec1b82bfcac9de0ade	74	3	7169.68	34.9464	7169.68	34.9444	15503	16.2244	unclassified	chr15	56473299	56488866	7	15498	-	15682	15376	15183	115	191	193	60	0.999226	0.987448	0.96818	0
PBE28937_skip_2b89ea88_3b9ca4f8_8.pod5	f37a9960-4259-441e-a35a-94e447821ed1	3b9ca4f88a42f77bab4ca6ec1b82bfcac9de0ade	489	4	7181.57	22.8416	7181.67	22.7448	8361	26.3425	unclassified	chr22	30257897	30266249	6	8361	-	8362	8345	8329	10	7	16	60	0.999282	0.998083	0.996054	0
PBE28937_skip_2b89ea88_3b9ca4f8_8.pod5	aa65f3c4-d92f-4cc9-bfdc-83439e79c07f	3b9ca4f88a42f77bab4ca6ec1b82bfcac9de0ade	1150	1	7168.55	35.3024	7168.68	35.1648	13854	31.9903	unclassified	chr1	99206151	99220009	0	13854	+	13862	13850	13840	4	8	10	60	1	0.999278	0.998413	0
PBE28937_skip_2b89ea88_3b9ca4f8_8.pod5	b67ad0c1-e4ae-4640-aaca-744b935a8826	3b9ca4f88a42f77bab4ca6ec1b82bfcac9de0ade	372	4	7173.77	30.6986	7173.77	30.6966	11917	19.8925	unclassified	chr1	202803450	202815356	25	11911	+	11958	11834	11755	52	72	79	60	0.997399	0.993324	0.983024	0
PBE28937_skip_2b89ea88_3b9ca4f8_8.pod5	fcd42eb6-7970-4682-86ae-a370055e7dad	3b9ca4f88a42f77bab4ca6ec1b82bfcac9de0ade	1349	3	7172.18	32.558	7172.36	32.3856	13147	30.1756	unclassified	chr13	25720056	25733190	5	13147	-	13151	13125	13101	17	9	24	60	0.99962	0.998171	0.996198	0
PBE28937_skip_2b89ea88_3b9ca4f8_8.pod5	d8efdbcd-99f6-4bd0-a179-be5b1e833b0d	3b9ca4f88a42f77bab4ca6ec1b82bfcac9de0ade	237	1	7170.62	34.4168	7170.75	34.2864	13676	31.8136	unclassified	chr13	101465181	101478855	7	13676	-	13693	13650	13631	19	24	19	60	0.999488	0.998608	0.995472	0
PBE28937_skip_2b89ea88_3b9ca4f8_8.pod5	6c965292-0bdb-4248-89b9-ac402a6ed898	3b9ca4f88a42f77bab4ca6ec1b82bfcac9de0ade	428	2	7203.71	1.88	7203.71	1.878	431	3.354	unclassified	*	-1	-1	-1	-1	*	0	0	0	0	0	0	0	0	0	0	0
PBE28937_skip_2b89ea88_3b9ca4f8_8.pod5	cb06698f-506e-4fbc-94d9-04a9aacae7a2	3b9ca4f88a42f77bab4ca6ec1b82bfcac9de0ade	2061	1	7093.24	108.718	7093.25	108.716	40670	16.2723	unclassified	chr13	16440201	16456353	24529	40649	-	16203	16069	15260	51	83	809	6	0.396361	0.949655	0.941801	0
PBE28937_skip_2b89ea88_3b9ca4f8_8.pod5	d68ea680-102c-4369-9c7a-df9fc2736849	3b9ca4f88a42f77bab4ca6ec1b82bfcac9de0ade	2140	3	7128.13	76.2488	7128.21	76.1628	25816	29.0564	unclassified	chr18	60685106	60710930	11	25815	-	25832	25796	25787	8	28	9	60	0.999535	0.999651	0.998258	0
PBE28937_skip_2b89ea88_3b9ca4f8_8.pod5	33ff38c4-ed8d-44d1-9da1-c9321180303a	3b9ca4f88a42f77bab4ca6ec1b82bfcac9de0ade	1118	4	7198.34	6.7624	7198.34	6.7604	1357	2.74338	unclassified	*	-1	-1	-1	-1	*	0	0	0	0	0	0	0	0	0	0	0
PBE28937_skip_2b89ea88_3b9ca4f8_8.pod5	39c47c32-311e-4dd1-b3a1-0cb1003a0db2	3b9ca4f88a42f77bab4ca6ec1b82bfcac9de0ade	1190	2	7182.96	21.5228	7183.07	21.42	7125	28.7901	unclassified	chr3	91431555	91438680	0	7125	-	7127	7123	7117	2	2	6	60	1	0.999158	0.998597	0
PBE28937_skip_2b89ea88_3b9ca4f8_8.pod5	51ba3f04-1c78-48d5-b404-db9d9f99a713	3b9ca4f88a42f77bab4ca6ec1b82bfcac9de0ade	1038	2	7195.16	10.3736	7195.29	10.248	4417	26.0209	unclassified	chrX	97015824	97020234	11	4417	-	4413	4403	4395	3	7	8	60	0.99751	0.998183	0.995921	0
PBE28937_skip_2b89ea88_3b9ca4f8_8.pod5	0b945ad9-c7ee-4f94-b136-da224681e07f	3b9ca4f88a42f77bab4ca6ec1b82bfcac9de0ade	556	4	7171.44	33.2648	7171.6	33.1008	10594	30.9468	unclassified	chr10	126992450	127003068	0	10586	+	10629	10575	10563	11	43	12	60	0.999245	0.998865	0.993791	0
PBE28937_skip_2b89ea88_3b9ca4f8_8.pod5	1ddf8a98-21b0-476c-bb16-6803428dd97d	3b9ca4f88a42f77bab4ca6ec1b82bfcac9de0ade	2082	4	7165.58	39.0224	7165.71	38.8896	15275	27.1	unclassified	chr15	50810396	50825651	0	15266	+	15283	15238	15220	28	17	18	60	0.999411	0.998819	0.995878	0
PBE28937_skip_2b89ea88_3b9ca4f8_8.pod5	dc9bcf2b-4537-44b9-ae7b-a4646d301f1e	3b9ca4f88a42f77bab4ca6ec1b82bfcac9de0ade	852	3	7185.69	19.8656	7185.89	19.6656	6140	18.5243	unclassified	chr10	131690418	131696581	5	6140	-	6180	6118	6085	17	45	33	60	0.999186	0.994606	0.984628	0
PBE28937_skip_2b89ea88_3b9ca4f8_8.pod5	25aac066-3ae3-462d-95fb-3ec6c216c5ef	3b9ca4f88a42f77bab4ca6ec1b82bfcac9de0ade	2330	2	7084.59	118.832	7084.7	118.726	44362	15.5889	unclassified	chr18	36381759	36426254	0	44362	+	44997	43860	43179	502	635	681	60	1	0.984473	0.959597	0
PBE28937_skip_2b89ea88_3b9ca4f8_8.pod5	fea01689-e65b-4163-80ea-a15bfcc06345	3b9ca4f88a42f77bab4ca6ec1b82bfcac9de0ade	2598	3	7199.49	5.6048	7199.77	5.3316	1872	15.3465	unclassified	chr15	67941868	67943774	0	1872	-	1917	1861	1818	11	45	43	60	1	0.976894	0.948357	0
PBE28937_skip_2b89ea88_3b9ca4f8_8.pod5	be7b07c4-3943-4d4d-b1fe-d90dc91c85da	3b9ca4f88a42f77bab4ca6ec1b82bfcac9de0ade	702	3	7190.4	14.7932	7190.53	14.6628	5758	25.4303	unclassified	chr15	20974027	20979775	13	5758	-	5757	5736	5716	9	12	20	43	0.997742	0.996513	0.992878	0
PBE28937_skip_2b89ea88_3b9ca4f8_8.pod5	628fd037-f3c1-4784-aedb-56f5582d1a34	3b9ca4f88a42f77bab4ca6ec1b82bfcac9de0ade	2345	1	7156.6	48.4172	7156.73	48.2916	14893	29.7627	unclassified	chr11	36980836	36995726	7	14893	-	14903	14873	14842	13	17	31	60	0.99953	0.997916	0.995907	0
PBE28937_skip_2b89ea88_3b9ca4f8_8.pod5	659e0f1c-f6b1-4ee7-b0a9-92fd3912d219	3b9ca4f88a42f77bab4ca6ec1b82bfcac9de0ade	664	4	7197.85	7.9538	7197.85	7.9518	1407	2.79973	unclassified	*	-1	-1	-1	-1	*	0	0	0	0	0	0	0	0	0	0	0
PBE28937_skip_2b89ea88_3b9ca4f8_8.pod5	1609662e-1473-4f74-bbc7-d5535ccfb3a2	3b9ca4f88a42f77bab4ca6ec1b82bfcac9de0ade	601	2	7198.21	7.7408	7198.31	7.6428	2726	26.2263	unclassified	chr8	4711584	4714311	0	2717	+	2728	2716	2710	1	11	6	60	0.996698	0.997791	0.993402	0
PBE28937_skip_2b89ea88_3b9ca4f8_8.pod5	a6f03496-a25d-4cd0-abe0-47ad0a5373ba	3b9ca4f88a42f77bab4ca6ec1b82bfcac9de0ade	2388	2	7194.23	11.3192	7194.34	11.208	4574	29.7729	unclassified	chr8	144481413	144485980	6	4574	-	4575	4560	4555	8	7	5	60	0.998688	0.998904	0.995628	0
PBE28937_skip_2b89ea88_3b9ca4f8_8.pod5	de503706-a587-41be-97c1-29f736cf12a7	3b9ca4f88a42f77bab4ca6ec1b82bfcac9de0ade	1615	4	7198.88	6.7118	7198.89	6.7098	1324	3.09548	unclassified	*	-1	-1	-1	-1	*	0	0	0	0	0	0	0	0	0	0	0
PBE28937_skip_2b89ea88_3b9ca4f8_8.pod5	edaf009f-24b5-45b5-ad0e-26e2966dbe0d	3b9ca4f88a42f77bab4ca6ec1b82bfcac9de0ade	456	1	7181.4	23.8412	7181.53	23.706	7924	27.6772	unclassified	chr1	158935183	158943116	6	7924	-	7941	7910	7902	8	23	8	60	0.999243	0.998989	0.995089	0
PBE28937_skip_2b89ea88_3b9ca4f8_8.pod5	1d5e43fe-0a6f-484c-80ce-04fc0575700d	3b9ca4f88a42f77bab4ca6ec1b82bfcac9de0ade	1096	3	7180.44	25.5032	7180.56	25.3872	11097	27.869	unclassified	chr11	85074998	85086098	7	11097	-	11101	11089	11078	1	11	11	60	0.999369	0.999008	0.997928	0
PBE28937_skip_2b89ea88_3b9ca4f8_8.pod5	c88fa203-4a7c-47d1-862f-db86f34ca960	3b9ca4f88a42f77bab4ca6ec1b82bfcac9de0ade	990	3	7159.03	45.0368	7159.29	44.7804	19311	23.1015	unclassified	chr21	26048362	26067677	0	19308	+	19407	19216	19148	92	99	68	60	0.999845	0.996461	0.986654	0
PBE28937_skip_2b89ea88_3b9ca4f8_8.pod5	1c5889ab-3116-4eb3-89fd-c0c396c739da	3b9ca4f88a42f77bab4ca6ec1b82bfcac9de0ade	2822	4	7132.56	71.564	7132.71	71.4084	25165	23.54	unclassified	chr1	100012430	100037604	7	25165	-	25219	25113	25038	45	61	75	60	0.999722	0.997014	0.992823	0
PBE28937_skip_2b89ea88_3b9ca4f8_8.pod5	9cc93961-d967-4003-8e10-abf4c4847261	3b9ca4f88a42f77bab4ca6ec1b82bfcac9de0ade	2356	4	7134.89	68.3852	7135.01	68.2668	29240	25.27	unclassified	chr7	11734440	11763690	7	29240	-	29290	29193	29112	40	57	81	60	0.999761	0.997225	0.993923	0
PBE28937_skip_2b89ea88_3b9ca4f8_8.pod5	1f878dda-5c46-4c02-af38-fe4d21dc54fc	3b9ca4f88a42f77bab4ca6ec1b82bfcac9de0ade	2991	4	7194.44	11.402	7194.59	11.2596	4417	27.998	unclassified	chr5	54388359	54392765	0	4406	+	4412	4400	4395	6	6	5	60	0.99751	0.998864	0.996147	0
PBE28937_skip_2b89ea88_3b9ca4f8_8.pod5	ce62f373-d967-41dc-8c0d-39cfbcea9cde	3b9ca4f88a42f77bab4ca6ec1b82bfcac9de0ade	2373	2	7183.44	22.363	7183.44	22.361	7215	5.5413	unclassified	*	-1	-1	-1	-1	*	0	0	0	0	0	0	0	0	0	0	0
PBE28937_skip_2b89ea88_3b9ca4f8_8.pod5	898b3c5b-94c1-44b0-8750-a30e3c95c796	3b9ca4f88a42f77bab4ca6ec1b82bfcac9de0ade	1313	2	7177.66	28.5152	7177.78	28.3896	11419	24.9785	unclassified	chr12	62340042	62351454	3	11419	-	11433	11395	11381	21	17	14	60	0.999737	0.998771	0.995452	0
PBE28937_skip_2b89ea88_3b9ca4f8_8.pod5	5770a5e9-abcd-4da1-9055-07dae43da3d4	3b9ca4f88a42f77bab4ca6ec1b82bfcac9de0ade	1613	2	7120.22	83.618	7120.29	83.5428	32470	27.9899	unclassified	chr17	71598362	71630503	0	32463	+	32545	32059	32014	404	82	45	60	0.999784	0.998596	0.983684	0
PBE28937_skip_2b89ea88_3b9ca4f8_8.pod5	22907777-226e-4b07-b0ce-b01420a8127d	3b9ca4f88a42f77bab4ca6ec1b82bfcac9de0ade	2071	4	7131.75	72.6548	7131.87	72.5316	29458	26.1736	unclassified	chr18	2391898	2421341	0	29451	+	29488	29406	29356	45	37	50	60	0.999762	0.9983	0.995524	0
PBE28937_skip_2b89ea88_3b9ca4f8_8.pod5	8e72c57c-a81d-4b5e-b763-256c9bb3e2b1	3b9ca4f88a42f77bab4ca6ec1b82bfcac9de0ade	1919	3	7176.95	29.2352	7177.1	29.0832	12536	27.6782	unclassified	chr10	111302833	111315353	11	12536	-	12532	12513	12488	12	7	25	60	0.999123	0.998002	0.996489	0
PBE28937_skip_2b89ea88_3b9ca4f8_8.pod5	0d27f1fe-9148-49e9-93af-0c267d6f7866	3b9ca4f88a42f77bab4ca6ec1b82bfcac9de0ade	2339	2	7156.63	48.5492	7156.72	48.4536	21303	23.712	unclassified	chr8	92646808	92668110	0	21303	-	21367	21238	21185	65	64	53	60	1	0.997504	0.991482	0
PBE28937_skip_2b89ea88_3b9ca4f8_8.pod5	59d12425-1482-49d0-974f-24b16ea92361	3b9ca4f88a42f77bab4ca6ec1b82bfcac9de0ade	706	4	7160.53	45.2358	7160.54	45.2338	13270	17.4367	unclassified	chr4	63235554	63248415	31	13264	+	13250	12844	12773	389	17	71	60	0.997212	0.994472	0.964	0
PBE28937_skip_2b89ea88_3b9ca4f8_8.pod5	c0c13172-dea0-49fe-a7e9-7f6869e61af7	3b9ca4f88a42f77bab4ca6ec1b82bfcac9de0ade	613	2	7124.16	81.2132	7124.26	81.114	32134	28.8262	unclassified	chr17	27126477	27158605	0	32124	+	32144	32108	32081	16	20	27	60	0.999689	0.999159	0.99804	0
PBE28937_skip_2b89ea88_3b9ca4f8_8.pod5	ba12fe01-5632-4483-8812-e5beab845b12	3b9ca4f88a42f77bab4ca6ec1b82bfcac9de0ade	329	2	7118.1	87.2612	7118.22	87.1428	35229	29.802	unclassified	chr13	24824028	24859240	0	35229	-	35268	35173	35104	56	39	69	60	1	0.998038	0.99535	0
PBE28937_skip_2b89ea88_3b9ca4f8_8.pod5	a30c2ae0-40d7-4132-a0f2-4c90b129a654	3b9ca4f88a42f77bab4ca6ec1b82bfcac9de0ade	1839	1	7149.21	55.5356	7149.31	55.4364	19663	28.1916	unclassified	chr7	73238681	73258326	0	19656	+	19668	19633	19615	23	12	18	60	0.999644	0.999083	0.997305	0
PBE28937_skip_2b89ea88_3b9ca4f8_8.pod5	1479c33d-ecf0-4595-ab66-b8cd4c86e19c	3b9ca4f88a42f77bab4ca6ec1b82bfcac9de0ade	564	4	7183.2	23.6708	7183.29	23.5788	10548	27.1788	unclassified	chr3	149067223	149077752	6	10548	-	10545	10526	10523	16	3	3	60	0.999431	0.999715	0.997914	0
PBE28937_skip_2b89ea88_3b9ca4f8_8.pod5	35b5dbca-202f-4db3-8ad7-bca739adbae9	3b9ca4f88a42f77bab4ca6ec1b82bfcac9de0ade	668	4	7090.96	112.634	7091.07	112.52	39967	31.6408	unclassified	chr1	243801847	243841827	8	39967	-	40015	39924	39885	35	56	39	60	0.9998	0.999023	0.996751	0
PBE28937_skip_2b89ea88_3b9ca4f8_8.pod5	5c4c042b-cf8c-448e-b3ff-68cee731fd53	3b9ca4f88a42f77bab4ca6ec1b82bfcac9de0ade	826	4	7096.1	107.613	7096.22	107.5	45370	27.7028	unclassified	chr2	98717978	98763384	8	45370	-	45433	45335	45304	27	71	31	60	0.999824	0.999316	0.997161	0
PBE28937_skip_2b89ea88_3b9ca4f8_8.pod5	ec90d745-4029-4eb1-9c28-1eb34f8eede9	3b9ca4f88a42f77bab4ca6ec1b82bfcac9de0ade	2285	4	7123.19	81.8972	7123.41	81.6732	22348	30.9625	unclassified	chr4	389085	411427	7	22348	-	22352	22331	22320	10	11	11	60	0.999687	0.999507	0.998568	0
PBE28937_skip_2b89ea88_3b9ca4f8_8.pod5	ac24c1b2-9324-4a4b-bfe6-025a4f961d7a	3b9ca4f88a42f77bab4ca6ec1b82bfcac9de0ade	827	3	7176.28	30.2336	7176.43	30.0888	12751	25.6165	unclassified	chr18	38249360	38262112	0	12742	+	12770	12724	12677	18	28	47	60	0.999294	0.996306	0.992717	0
PBE28937_skip_2b89ea88_3b9ca4f8_8.pod5	dcb76621-e183-4fb1-bdd1-9d58c1e1eff6	3b9ca4f88a42f77bab4ca6ec1b82bfcac9de0ade	2902	3	7178.5	27.2318	7178.5	27.2298	11529	13.7484	unclassified	chr18	75891763	75903254	6	11488	-	11657	11316	11068	166	175	248	60	0.995923	0.978084	0.949472	0
PBE28937_skip_2b89ea88_3b9ca4f8_8.pod5	d49ff275-8e9c-47f0-b77e-1ba72edc0215	3b9ca4f88a42f77bab4ca6ec1b82bfcac9de0ade	2019	2	7138.7	66.3284	7138.8	66.222	28626	27.7132	unclassified	chrX	125920836	125949474	8	28626	-	28663	28593	28553	25	45	40	60	0.999721	0.998601	0.996162	0
PBE28937_skip_2b89ea88_3b9ca4f8_8.pod5	00cbf001-cce2-488b-a097-ae82a3307597	3b9ca4f88a42f77bab4ca6ec1b82bfcac9de0ade	1049	4	7098.84	106.564	7098.98	106.424	42625	27.9039	unclassified	chr3	156364984	156407625	0	42616	+	42674	42583	42556	33	58	27	60	0.999789	0.999366	0.997235	0
PBE28937_skip_2b89ea88_3b9ca4f8_8.pod5	99882c58-7e80-4bdb-a806-77b8ff288ae3	3b9ca4f88a42f77bab4ca6ec1b82bfcac9de0ade	1675	1	7182.37	24.1316	7182.47	24.0324	10635	26.4817	unclassified	chr1	213015925	213026563	0	10629	+	10643	10624	10601	5	14	23	60	0.999436	0.997835	0.996054	0
PBE28937_skip_2b89ea88_3b9ca4f8_8.pod5	413ca069-3575-48c2-ba1c-6867ce6b4072	3b9ca4f88a42f77bab4ca6ec1b82bfcac9de0ade	765	2	7201.83	5.1896	7201.83	5.1876	2086	11.2314	unclassified	chr1	179886631	179888660	28	2061	-	2078	1984	1904	49	45	80	60	0.974593	0.959677	0.916266	0
PBE28937_skip_2b89ea88_3b9ca4f8_8.pod5	d8af98d0-c805-4d5e-b46c-c3a829b75327	3b9ca4f88a42f77bab4ca6ec1b82bfcac9de0ade	554	2	7205.28	1.635	7205.29	1.633	330	2.96577	unclassified	*	-1	-1	-1	-1	*	0	0	0	0	0	0	0	0	0	0	0
PBE28937_skip_2b89ea88_3b9ca4f8_8.pod5	54e3859c-0a7f-4d40-8740-5a471811d369	3b9ca4f88a42f77bab4ca6ec1b82bfcac9de0ade	175	2	7167.89	38.2328	7167.97	38.1504	14240	19.205	unclassified	chr10	50979735	50993980	0	14240	-	14340	14145	14022	95	100	123	60	1	0.991304	0.977824	0
PBE28937_skip_2b89ea88_3b9ca4f8_8.pod5	58975911-e949-4390-8dee-0e1c27bc2ffe	3b9ca4f88a42f77bab4ca6ec1b82bfcac9de0ade	2825	4	7180.15	25.7072	7180.27	25.5828	10840	25.5489	unclassified	chr22	12702071	12712895	8	10840	-	10895	10761	10351	71	63	410	22	0.999262	0.961899	0.950069	0
PBE28937_skip_2b89ea88_3b9ca4f8_8.pod5	83eecdee-72ca-4d17-a461-25d1f64436fc	3b9ca4f88a42f77bab4ca6ec1b82bfcac9de0ade	1509	2	7182.69	24.1088	7182.83	23.9736	9436	23.9875	unclassified	chr10	4738633	4748077	10	9436	-	9457	9413	9384	13	31	29	60	0.99894	0.996919	0.992281	0
PBE28937_skip_2b89ea88_3b9ca4f8_8.pod5	8e66f198-ad97-4be9-8399-699d4c090043	3b9ca4f88a42f77bab4ca6ec1b82bfcac9de0ade	1688	2	7087.99	116.972	7088.08	116.885	46571	14.8003	unclassified	chr1	63922966	63969663	0	46561	+	47193	46065	45148	496	632	917	60	0.999785	0.980093	0.956667	0
PBE28937_skip_2b89ea88_3b9ca4f8_8.pod5	e298336f-cce4-4280-8b1a-2261824cc220	3b9ca4f88a42f77bab4ca6ec1b82bfcac9de0ade	1951	4	7185.02	21.7352	7185.14	21.6096	9627	27.9341	unclassified	chr8	91283361	91292970	9	9627	-	9620	9607	9597	11	2	10	60	0.999065	0.998959	0.997609	0
PBE28937_skip_2b89ea88_3b9ca4f8_8.pod5	e28b2fd5-466f-4864-ad5a-0df3d313835d	3b9ca4f88a42f77bab4ca6ec1b82bfcac9de0ade	2534	3	7185.22	21.3512	7185.31	21.2568	10774	21.4381	unclassified	chr9	130278869	130289659	10	10774	-	10823	10731	10666	33	59	65	60	0.999072	0.993943	0.985494	0
PBE28937_skip_2b89ea88_3b9ca4f8_8.pod5	5447ed7f-2a56-43bf-aad9-a66107f7f2c1	3b9ca4f88a42f77bab4ca6ec1b82bfcac9de0ade	779	4	7086.2	117.022	7086.2	117.02	48144	30.1471	unclassified	chr2	41077510	41125616	37	48144	+	48143	48070	48037	37	36	33	60	0.999231	0.999313	0.997798	0
PBE28937_skip_2b89ea88_3b9ca4f8_8.pod5	b33417ec-4695-455e-a525-ac8bb42ba97b	3b9ca4f88a42f77bab4ca6ec1b82bfcac9de0ade	1174	3	7174.7	32.678	7174.81	32.5716	12731	28.2689	unclassified	chr4	167217042	167229757	0	12724	+	12736	12703	12693	21	12	10	60	0.99945	0.999213	0.996624	0
PBE28937_skip_2b89ea88_3b9ca4f8_8.pod5	803b374e-c751-452f-bd3c-0b5ddf017b0f	3b9ca4f88a42f77bab4ca6ec1b82bfcac9de0ade	2659	1	7173.22	33.8152	7173.22	33.8132	9755	19.3884	unclassified	chr2	220282366	220292091	32	9748	+	9776	9665	9597	51	60	68	60	0.996002	0.992964	0.98169	0
PBE28937_skip_2b89ea88_3b9ca4f8_8.pod5	bd15eb33-cc0b-4c88-9544-b05154babbca	3b9ca4f88a42f77bab4ca6ec1b82bfcac9de0ade	2134	1	7200.8	6.602	7200.91	6.486	2671	31.9691	unclassified	chr22	28667749	28670409	0	2658	+	2660	2658	2657	0	2	1	60	0.995133	0.999624	0.998872	0
PBE28937_skip_2b89ea88_3b9ca4f8_8.pod5	7bb1f9b8-ee8a-4642-a9d6-7e32f498e0bd	3b9ca4f88a42f77bab4ca6ec1b82bfcac9de0ade	2486	1	7188.86	17.1092	7189.03	16.9404	6808	31.0141	unclassified	chr18	37434155	37440962	6	6808	-	6809	6800	6790	2	7	10	60	0.999119	0.998529	0.99721	0
PBE28937_skip_2b89ea88_3b9ca4f8_8.pod5	c7ea0353-7bf3-4b26-96bb-dbdc27c49e49	3b9ca4f88a42f77bab4ca6ec1b82bfcac9de0ade	2953	2	7156.12	50.5016	7156.19	50.4288	24700	22.3178	unclassified	chr16	26131715	26156542	0	24694	+	24879	24642	24544	52	185	98	60	0.999757	0.996023	0.986535	0
PBE28937_skip_2b89ea88_3b9ca4f8_8.pod5	d5b0ee58-d5c9-463f-9882-39c7173b806b	3b9ca4f88a42f77bab4ca6ec1b82bfcac9de0ade	2040	2	7161.7	44.6372	7161.8	44.5332	15749	26.8665	unclassified	chr15	95284182	95299931	0	15743	+	15776	15716	15707	27	33	9	60	0.999619	0.999427	0.995626	0
PBE28937_skip_2b89ea88_3b9ca4f8_8.pod5	7c7bb016-bce1-44f2-a5af-c60f30541660	3b9ca4f88a42f77bab4ca6ec1b82bfcac9de0ade	1367	2	7142.77	63.0044	7142.89	62.8836	27307	26.8203	unclassified	chr10	112113980	112141294	0	27300	+	27335	27279	27260	21	35	19	60	0.999744	0.999304	0.997256	0
PBE28937_skip_2b89ea88_3b9ca4f8_8.pod5	8d3ec82e-2225-4f09-8eaf-9568efc13dcb	3b9ca4f88a42f77bab4ca6ec1b82bfcac9de0ade	594	4	7097.31	108.014	7097.41	107.91	40987	29.7603	unclassified	chr4	46779315	46820283	5	40987	-	41030	40920	40889	62	48	31	60	0.999878	0.999242	0.996563	0
PBE28937_skip_2b89ea88_3b9ca4f8_8.pod5	d2eae50d-17ce-421c-8a0b-48790711ef3b	3b9ca4f88a42f77bab4ca6ec1b82bfcac9de0ade	2589	3	7199.79	7.7778	7199.79	7.7758	1493	2.77698	unclassified	*	-1	-1	-1	-1	*	0	0	0	0	0	0	0	0	0	0	0
PBE28937_skip_2b89ea88_3b9ca4f8_8.pod5	17753c6a-e387-4ff9-99fc-2fa8e93a9dd3	3b9ca4f88a42f77bab4ca6ec1b82bfcac9de0ade	1918	3	7186.67	20.6252	7186.78	20.5188	9161	24.4124	unclassified	chr8	83699516	83708694	4	9161	-	9190	9145	9122	12	33	23	60	0.999563	0.997485	0.992601	0
PBE28937_skip_2b89ea88_3b9ca4f8_8.pod5	e4a2be0c-a927-4388-8c7d-4f5c5913e8bf	3b9ca4f88a42f77bab4ca6ec1b82bfcac9de0ade	2036	2	7178.06	28.0736	7178.14	27.996	13050	26.4246	unclassified	chr8	26517840	26530924	0	13041	+	13098	13027	12983	14	57	44	60	0.99931	0.996622	0.99122	0
PBE28937_skip_2b89ea88_3b9ca4f8_8.pod5	8f459ee2-a4c8-4c08-8c7c-e266ef407e7f	3b9ca4f88a42f77bab4ca6ec1b82bfcac9de0ade	2792	3	7177.8	29.6396	7177.87	29.5668	13207	25.5153	unclassified	chr16	75177243	75190485	0	13198	+	13263	13177	13142	21	65	35	60	0.999319	0.997344	0.990877	0
PBE28937_skip_2b89ea88_3b9ca4f8_8.pod5	f10bf5ae-47b8-4add-b7e0-c8059011ec75	3b9ca4f88a42f77bab4ca6ec1b82bfcac9de0ade	2058	1	7118.26	88.2068	7118.4	88.0668	36008	27.3986	unclassified	chr2	234807875	234843927	0	36008	-	36086	35974	35903	34	78	71	60	1	0.998026	0.994929	0
PBE28937_skip_2b89ea88_3b9ca4f8_8.pod5	b9733ee1-d9c2-46c6-af89-dcfaa7d1c68e	3b9ca4f88a42f77bab4ca6ec1b82bfcac9de0ade	1728	2	7158.06	48.7162	7158.06	48.7142	18455	28.2444	unclassified	chr9	127050682	127069105	26	18449	+	18440	18406	18396	17	17	10	60	0.998266	0.999457	0.997614	0
PBE28937_skip_2b89ea88_3b9ca4f8_8.pod5	a9f5f9a1-71e4-4ca5-8139-5c0cb415d278	3b9ca4f88a42f77bab4ca6ec1b82bfcac9de0ade	1105	3	7140.24	66.557	7140.24	66.555	24962	30.0635	unclassified	chr10	20543227	20568058	10	24929	-	24960	24790	24696	129	41	94	60	0.998277	0.996208	0.989423	0
PBE28937_skip_2b89ea88_3b9ca4f8_8.pod5	4b64ef7e-7c4c-44a9-a9fc-dfd56eed2cf2	3b9ca4f88a42f77bab4ca6ec1b82bfcac9de0ade	746	4	7115.45	90.8468	7115.56	90.7464	35997	16.6349	unclassified	chr4	37429882	37465937	0	35991	+	36335	35711	35286	280	344	425	60	0.999833	0.988099	0.97113	0
PBE28937_skip_2b89ea88_3b9ca4f8_8.pod5	411ea1cf-f2e0-4943-91d3-6d69d8218afa	3b9ca4f88a42f77bab4ca6ec1b82bfcac9de0ade	283	2	7148.01	59.3492	7148.1	59.2524	24569	23.9189	unclassified	chr6	133751224	133775796	12	24569	-	24611	24518	24458	39	54	60	60	0.999512	0.997553	0.993783	0
PBE28937_skip_2b89ea88_3b9ca4f8_8.pod5	8c36e356-eb9e-44c1-b2cb-1b26326bfb07	3b9ca4f88a42f77bab4ca6ec1b82bfcac9de0ade	2057	3	7196.23	11.4308	7196.42	11.2428	4073	32.3582	unclassified	chr4	180211998	180216063	7	4073	-	4066	4065	4063	1	0	2	60	0.998281	0.999508	0.999262	0
PBE28937_skip_2b89ea88_3b9ca4f8_8.pod5	2bcb6818-d9d3-4b3c-bca5-b1c02d47a42f	3b9ca4f88a42f77bab4ca6ec1b82bfcac9de0ade	1599	3	7186.96	21.0248	7187.11	20.8752	5417	26.2927	unclassified	chr2	141543087	141548453	0	5411	+	5415	5362	5348	49	4	14	60	0.998892	0.997389	0.987627	0
PBE28937_skip_2b89ea88_3b9ca4f8_8.pod5	14661ab0-16ff-43e0-917d-1a58387d8464	3b9ca4f88a42f77bab4ca6ec1b82bfcac9de0ade	60	4	7182.65	24.3424	7182.66	24.3404	11237	22.842	unclassified	chr11	72663	83860	8	11208	-	11219	11178	11155	22	19	23	5	0.996707	0.997942	0.994295	0
PBE28937_skip_2b89ea88_3b9ca4f8_8.pod5	5e49f168-e8f9-4a7c-a02b-0ef68caf58c9	3b9ca4f88a42f77bab4ca6ec1b82bfcac9de0ade	2183	1	7188.22	19.0124	7188.32	18.918	10893	24.2866	unclassified	chr3	192919158	192930061	0	10893	+	10925	10871	10856	22	32	15	60	1	0.99862	0.993684	0
PBE28937_skip_2b89ea88_3b9ca4f8_8.pod5	41de7aa4-f306-4d0b-adcb-2358d35fda3f	3b9ca4f88a42f77bab4ca6ec1b82bfcac9de0ade	1986	2	7184.73	23.1224	7184.89	22.9536	6402	21.498	unclassified	chr7	159252	165705	5	6402	-	6476	6374	6351	23	79	23	60	0.999219	0.996392	0.980698	0
PBE28937_skip_2b89ea88_3b9ca4f8_8.pod5	714240a7-e752-4284-8ec2-9eb441999a43	3b9ca4f88a42f77bab4ca6ec1b82bfcac9de0ade	1677	4	7188.62	19.3148	7188.71	19.218	9589	25.7586	unclassified	chr14	84934741	84944349	7	9589	-	9613	9577	9571	5	31	6	60	0.99927	0.999373	0.995631	0
PBE28937_skip_2b89ea88_3b9ca4f8_8.pod5	1b53fe3a-ec47-45a5-821e-12ce840fd0c2	3b9ca4f88a42f77bab4ca6ec1b82bfcac9de0ade	471	1	7183.2	24.6428	7183.33	24.5196	9322	19.6683	unclassified	chr4	143479794	143488963	0	9315	+	9324	9160	9152	155	9	8	60	0.999249	0.999127	0.981553	0
PBE28937_skip_2b89ea88_3b9ca4f8_8.pod5	d95e5765-26c8-4102-b801-a7c1a27766c3	3b9ca4f88a42f77bab4ca6ec1b82bfcac9de0ade	1443	1	7177.12	30.4844	7177.2	30.4008	12523	27.9472	unclassified	chr6	32604948	32617456	3	12523	-	12578	12450	12023	70	58	427	60	0.99976	0.965703	0.955875	0
PBE28937_skip_2b89ea88_3b9ca4f8_8.pod5	ff816e90-3c6f-4f68-b5d5-40d293687bdf	3b9ca4f88a42f77bab4ca6ec1b82bfcac9de0ade	2750	4	7165.71	41.5172	7165.89	41.3316	13085	28.8272	unclassified	chr3	5319910	5333027	0	13078	+	13130	13065	12972	13	52	93	60	0.999465	0.992882	0.987966	0
PBE28937_skip_2b89ea88_3b9ca4f8_8.pod5	8615b618-908f-4f60-a14f-8dc7408a3e3a	3b9ca4f88a42f77bab4ca6ec1b82bfcac9de0ade	2705	4	7158.11	48.8792	7158.22	48.7764	23075	24.6167	unclassified	chr2	4666443	4682640	6872	23075	-	16245	16155	16113	48	42	42	60	0.702188	0.9974	0.991874	0
PBE28937_skip_2b89ea88_3b9ca4f8_8.pod5	0b937fe3-0e3f-4a39-b8d9-049359fe2fbe	3b9ca4f88a42f77bab4ca6ec1b82bfcac9de0ade	2783	3	7188.8	19.0658	7188.8	19.0638	10035	19.8599	unclassified	chr3	32265007	32275063	23	10027	+	10079	9981	9921	23	75	60	60	0.996911	0.993989	0.984324	0
PBE28937_skip_2b89ea88_3b9ca4f8_8.pod5	ddc40552-225e-4219-944a-b3e58c8f66ba	3b9ca4f88a42f77bab4ca6ec1b82bfcac9de0ade	368	1	7204.12	4.19	7204.28	4.038	1448	28.3571	unclassified	chr4	65569271	65570716	6	1448	-	1450	1437	1437	5	8	0	60	0.995856	1	0.991035	0
PBE28937_skip_2b89ea88_3b9ca4f8_8.pod5	dda1bbb6-b0a6-47fd-81b6-ab70f685dcc4	3b9ca4f88a42f77bab4ca6ec1b82bfcac9de0ade	2709	2	7185.32	22.3592	7185.5	22.1856	7100	32.9378	unclassified	chr16	66950199	66957295	5	7100	-	7097	7094	7094	1	2	0	60	0.999296	1	0.999577	0
PBE28937_skip_2b89ea88_3b9ca4f8_8.pod5	30d4c6f0-ddaf-4522-a8ca-e6688055132a	3b9ca4f88a42f77bab4ca6ec1b82bfcac9de0ade	1232	4	7204.18	4.3832	7204.32	4.242	1636	24.5373	unclassified	chr12	102508040	102509671	5	1636	-	1631	1631	1625	0	0	6	60	0.996944	0.996321	0.996321	0
PBE28937_skip_2b89ea88_3b9ca4f8_8.pod5	38d5e5ba-8d30-47bf-ac71-3e8b116b9bc2	3b9ca4f88a42f77bab4ca6ec1b82bfcac9de0ade	199	3	7195.4	13.0808	7195.49	12.9888	5520	29.2248	unclassified	chr12	72322822	72328342	7	5520	-	5522	5511	5506	2	9	5	60	0.998732	0.999093	0.997102	0
PBE28937_skip_2b89ea88_3b9ca4f8_8.pod5	d2d9b15b-6f5b-4893-9cdb-b66631eb0fc8	3b9ca4f88a42f77bab4ca6ec1b82bfcac9de0ade	867	2	7186.22	22.3856	7186.41	22.188	8310	29.1491	unclassified	chr15	79860736	79869036	6	8310	-	8313	8291	8286	13	9	5	60	0.999278	0.999397	0.996752	0
PBE28937_skip_2b89ea88_3b9ca4f8_8.pod5	b64cb8e8-036a-4340-b80d-f23c09e42829	3b9ca4f88a42f77bab4ca6ec1b82bfcac9de0ade	2795	3	7143.16	63.698	7143.29	63.5724	24028	26.3695	unclassified	chr11	88717374	88741426	0	24021	+	24082	23991	23929	30	61	62	60	0.999709	0.997416	0.993647	0
PBE28937_skip_2b89ea88_3b9ca4f8_8.pod5	cc3302ab-5610-4f02-aa10-b7fc3ce3885b	3b9ca4f88a42f77bab4ca6ec1b82bfcac9de0ade	327	1	7190.97	16.874	7191.13	16.7112	6913	29.9736	unclassified	chr6	63110221	63117124	16	6913	-	6911	6889	6885	8	14	4	60	0.997685	0.999419	0.996238	0
PBE28937_skip_2b89ea88_3b9ca4f8_8.pod5	6e4ff2f6-6169-4a09-b658-e82b349d7031	3b9ca4f88a42f77bab4ca6ec1b82bfcac9de0ade	2500	2	7169.59	36.5588	7169.69	36.4596	10999	28.1648	unclassified	chr16	3901438	3912369	9	10999	-	11023	10898	10871	92	33	27	60	0.999182	0.997522	0.986211	0
PBE28937_skip_2b89ea88_3b9ca4f8_8.pod5	6700daaf-c288-4493-b9b7-e8eb3a713715	3b9ca4f88a42f77bab4ca6ec1b82bfcac9de0ade	1481	3	7151.66	55.88	7151.86	55.6776	18606	32.9408	unclassified	chr7	91070436	91089041	6	18606	-	18616	18589	18573	11	16	16	60	0.999678	0.999139	0.99769	0
PBE28937_skip_2b89ea88_3b9ca4f8_8.pod5	f099d498-3e38-4532-ba8f-795afa0f113c	3b9ca4f88a42f77bab4ca6ec1b82bfcac9de0ade	1626	4	7188.65	19.8196	7188.65	19.8176	8294	13.3602	unclassified	chrX	70598679	70606928	8	8204	-	8351	8094	7839	102	155	255	60	0.988184	0.968495	0.93869	0
PBE28937_skip_2b89ea88_3b9ca4f8_8.pod5	b51ed4e5-bd3c-4135-beac-aed20d28cbf0	3b9ca4f88a42f77bab4ca6ec1b82bfcac9de0ade	2630	3	7200.26	8.747	7200.26	8.745	2045	2.81819	unclassified	*	-1	-1	-1	-1	*	0	0	0	0	0	0	0	0	0	0	0
PBE28937_skip_2b89ea88_3b9ca4f8_8.pod5	bb7f2293-2a2f-45a7-815c-3a63d2ea30f0	3b9ca4f88a42f77bab4ca6ec1b82bfcac9de0ade	2478	3	7168.54	39.6044	7168.66	39.4836	15017	30.0745	unclassified	chr8	80405488	80420491	0	15011	+	15031	14983	14950	28	20	33	60	0.9996	0.997797	0.994611	0
PBE28937_skip_2b89ea88_3b9ca4f8_8.pod5	908f9e1e-47a4-46c0-b1f4-178d69e21d0a	3b9ca4f88a42f77bab4ca6ec1b82bfcac9de0ade	1722	4	7120.42	86.1956	7120.53	86.0856	37876	26.4422	unclassified	chr21	29097873	29132590	10	37876	-	37938	34645	34552	3221	72	93	60	0.999736	0.997316	0.910749	0
PBE28937_skip_2b89ea88_3b9ca4f8_8.pod5	f36828b6-78e2-4084-a1a7-56caacc71bf9	3b9ca4f88a42f77bab4ca6ec1b82bfcac9de0ade	308	4	7168.1	39.9944	7168.22	39.8736	11284	30.8139	unclassified	chr1	181953922	181965200	0	11277	+	11283	11272	11264	5	6	8	60	0.99938	0.99929	0.998316	0
PBE28937_skip_2b89ea88_3b9ca4f8_8.pod5	25f684d5-a19f-45e1-81cb-8943cba3d5c1	3b9ca4f88a42f77bab4ca6ec1b82bfcac9de0ade	2894	3	7195.34	13.322	7195.43	13.2384	4426	23.6786	unclassified	chr14	104242826	104247250	8	4426	-	4430	4412	4399	6	12	13	60	0.998192	0.997054	0.993002	0
PBE28937_skip_2b89ea88_3b9ca4f8_8.pod5	ee24c2af-3ba5-4167-a465-c1f6283d6512	3b9ca4f88a42f77bab4ca6ec1b82bfcac9de0ade	2377	4	7192.43	16.2596	7192.63	16.0596	6179	27.5274	unclassified	chr7	7154877	7161050	0	6171	+	6179	6165	6156	6	8	9	60	0.998705	0.99854	0.996278	0
PBE28937_skip_2b89ea88_3b9ca4f8_8.pod5	28f843e7-ed72-4865-a4b6-370e043079f0	3b9ca4f88a42f77bab4ca6ec1b82bfcac9de0ade	2332	2	7136.62	61.0928	7136.62	61.0908	16577	22.0465	unclassified	chr9	19213315	19229867	0	16537	-	16603	16486	16440	51	66	46	60	0.997587	0.99721	0.990183	0
PBE28937_skip_2b89ea88_3b9ca4f8_8.pod5	ab50700b-6272-418e-b94d-e8bbb5dab35f	3b9ca4f88a42f77bab4ca6ec1b82bfcac9de0ade	176	1	7161.3	46.9808	7161.49	46.7964	17717	30.2926	unclassified	chr11	41329726	41347431	1	17713	+	17723	17694	17674	18	11	20	60	0.999718	0.99887	0.997235	0
PBE28937_skip_2b89ea88_3b9ca4f8_8.pod5	6b91f0eb-d552-48bd-93ad-389824266ad9	3b9ca4f88a42f77bab4ca6ec1b82bfcac9de0ade	1290	2	7167.22	40.5828	7167.22	40.5808	19358	10.7786	unclassified	chr2	96706894	96726519	29	19353	+	20106	18843	18029	481	782	814	60	0.998244	0.956801	0.896698	0
PBE28937_skip_2b89ea88_3b9ca4f8_8.pod5	e3c022b4-7509-45a3-8ce9-9a293d3474d3	3b9ca4f88a42f77bab4ca6ec1b82bfcac9de0ade	1419	3	7117.05	90.3428	7117.17	90.2196	37701	29.5896	unclassified	chr7	15127096	15164782	12	37701	-	37730	37645	37586	44	41	59	60	0.999682	0.998433	0.996183	0
PBE28937_skip_2b89ea88_3b9ca4f8_8.pod5	534afb0c-2377-480b-9cd6-9b5532b3866b	3b9ca4f88a42f77bab4ca6ec1b82bfcac9de0ade	764	2	7201.86	8.2378	7201.86	8.2358	1770	3.00955	unclassified	*	-1	-1	-1	-1	*	0	0	0	0	0	0	0	0	0	0	0
PBE28937_skip_2b89ea88_3b9ca4f8_8.pod5	e931e67d-bfaf-4339-8522-d00a48bddee2	3b9ca4f88a42f77bab4ca6ec1b82bfcac9de0ade	2706	4	7187.61	20.2544	7187.74	20.124	7002	14.3349	unclassified	chr3	171155329	171162383	6	7002	-	7118	6932	6790	64	122	142	60	0.999143	0.979515	0.95392	0
PBE28937_skip_2b89ea88_3b9ca4f8_8.pod5	c906a308-6ee8-42ae-bf47-f4fb4e0f0665	3b9ca4f88a42f77bab4ca6ec1b82bfcac9de0ade	723	2	7181.41	27.14	7181.56	26.9952	9837	29.6342	unclassified	chr2	153262979	153272807	0	9829	+	9836	9821	9786	8	7	35	60	0.999187	0.996436	0.994917	0
PBE28937_skip_2b89ea88_3b9ca4f8_8.pod5	9ed819b5-e6ef-4384-bbf0-09996207a3d0	3b9ca4f88a42f77bab4ca6ec1b82bfcac9de0ade	1580	2	7191.54	16.9616	7191.66	16.8384	7627	24.6815	unclassified	chr11	1894042	1898788	2865	7623	+	4765	4739	4731	19	7	8	60	0.623836	0.998312	0.992865	0
PBE28937_skip_2b89ea88_3b9ca4f8_8.pod5	0b7ccd45-e05a-4af9-bdf3-155c5430f208	3b9ca4f88a42f77bab4ca6ec1b82bfcac9de0ade	425	2	7142.16	65.7866	7142.16	65.7846	28471	26.454	unclassified	chr12	24019231	24047688	7	28436	-	28492	28394	28349	35	63	45	60	0.998525	0.998415	0.994981	0
PBE28937_skip_2b89ea88_3b9ca4f8_8.pod5	2e9d0725-be91-4dc1-9566-8cab063119c0	3b9ca4f88a42f77bab4ca6ec1b82bfcac9de0ade	1335	3	7197.56	12.6166	7197.56	12.6146	6461	21.8101	unclassified	chr4	161448541	161454986	39	6451	+	6457	6400	6365	12	45	35	60	0.992416	0.994531	0.985752	0
PBE28937_skip_2b89ea88_3b9ca4f8_8.pod5	995f3e7c-7f41-4570-be5a-c63a1505d7fd	3b9ca4f88a42f77bab4ca6ec1b82bfcac9de0ade	446	4	7185.16	24.2204	7185.3	24.0852	8280	31.7875	unclassified	chr12	110405335	110413610	0	8273	+	8278	8270	8267	3	5	3	60	0.999155	0.999637	0.998671	0
PBE28937_skip_2b89ea88_3b9ca4f8_8.pod5	7a7d48cf-dac4-4f19-bc7f-a33cbe44c55b	3b9ca4f88a42f77bab4ca6ec1b82bfcac9de0ade	2131	4	7169.15	40.1348	7169.28	39.9972	16488	30.0832	unclassified	chr19	33703518	33720010	0	16484	+	16508	16468	16447	16	24	21	60	0.999757	0.998725	0.996305	0
PBE28937_skip_2b89ea88_3b9ca4f8_8.pod5	7690526b-43bd-4eb7-82ee-f7eb727904ce	3b9ca4f88a42f77bab4ca6ec1b82bfcac9de0ade	1466	2	7202.41	8.3588	7202.52	8.2476	2640	24.1622	unclassified	chr4	137526379	137529025	0	2640	+	2649	2637	2634	3	9	3	60	1	0.998862	0.994337	0
PBE28937_skip_2b89ea88_3b9ca4f8_8.pod5	7e638201-f4e7-4e83-b883-e2e82352f64f	3b9ca4f88a42f77bab4ca6ec1b82bfcac9de0ade	2305	2	7163.67	46.2788	7163.78	46.1628	16785	27.3475	unclassified	chr18	64982096	64998877	12	16785	-	16801	16753	16732	20	28	21	60	0.999285	0.998747	0.995893	0
PBE28937_skip_2b89ea88_3b9ca4f8_8.pod5	d902b49e-fe6a-47d3-a982-86add1b628a9	3b9ca4f88a42f77bab4ca6ec1b82bfcac9de0ade	2680	1	7118.12	89.186	7118.24	89.0604	35257	30.9241	unclassified	chr11	130035651	130070844	7	35257	-	35281	35162	35124	88	31	38	60	0.999801	0.998919	0.99555	0
PBE28937_skip_2b89ea88_3b9ca4f8_8.pod5	392a88aa-4bca-4cd4-9cb5-df444765045f	3b9ca4f88a42f77bab4ca6ec1b82bfcac9de0ade	1936	2	7192.42	17.853	7192.42	17.851	6111	18.5392	unclassified	chr10	28944071	28950027	9	6075	-	6076	5946	5930	120	10	16	60	0.992636	0.997309	0.975971	0
PBE28937_skip_2b89ea88_3b9ca4f8_8.pod5	e55a7caf-ac0d-4803-ba4e-ad3e470f6600	3b9ca4f88a42f77bab4ca6ec1b82bfcac9de0ade	2331	4	7174.78	34.3358	7174.78	34.3338	7535	5.84776	unclassified	*	-1	-1	-1	-1	*	0	0	0	0	0	0	0	0	0	0	0
PBE28937_skip_2b89ea88_3b9ca4f8_8.pod5	153d7df8-0e13-4cb3-9f25-9ff5fe33cc30	3b9ca4f88a42f77bab4ca6ec1b82bfcac9de0ade	219	2	7178.84	30.1658	7178.85	30.1638	12543	25.3845	unclassified	chr18	22389795	22402320	20	12535	+	12543	12497	12473	18	28	24	60	0.997768	0.99808	0.994419	0
PBE28937_skip_2b89ea88_3b9ca4f8_8.pod5	b8aa6622-e8fd-48f7-85e3-93a7b1f5e04e	3b9ca4f88a42f77bab4ca6ec1b82bfcac9de0ade	2225	4	7197.44	11.732	7197.55	11.6184	3843	23.3657	unclassified	chr22	44023756	44027592	11	3843	-	3841	3827	3808	5	9	19	60	0.997138	0.995035	0.991408	0
PBE28937_skip_2b89ea88_3b9ca4f8_8.pod5	21ab6e5f-040a-4da9-94bb-023bfbe62988	3b9ca4f88a42f77bab4ca6ec1b82bfcac9de0ade	369	2	7174.95	34.3496	7175.1	34.2048	14175	31.5641	unclassified	chr14	96988866	97003058	0	14175	+	14197	14170	14141	5	22	29	60	1	0.997953	0.996055	0
PBE28937_skip_2b89ea88_3b9ca4f8_8.pod5	6bbd9045-7175-45e4-abe6-a29450b514e5	3b9ca4f88a42f77bab4ca6ec1b82bfcac9de0ade	1980	3	7113.99	94.082	7114.13	93.9396	37597	28.9963	unclassified	chr17	80978401	81016052	4	37597	-	37687	37557	37508	36	94	49	60	0.999894	0.998695	0.99525	0
PBE28937_skip_2b89ea88_3b9ca4f8_8.pod5	e6c22f8f-1416-47ac-8709-2636a7e92f46	3b9ca4f88a42f77bab4ca6ec1b82bfcac9de0ade	238	4	7173.11	35.7452	7173.21	35.6532	14599	28.655	unclassified	chr17	13461870	13476054	7	14599	-	14606	14170	14153	422	14	17	60	0.999521	0.9988	0.968985	0
PBE28937_skip_2b89ea88_3b9ca4f8_8.pod5	a2361856-eac7-40da-9086-1bb107596e2d	3b9ca4f88a42f77bab4ca6ec1b82bfcac9de0ade	688	2	7165.53	43.3816	7165.53	43.3796	15148	30.8945	unclassified	chr7	108283710	108298822	37	15142	+	15125	15092	15074	13	20	18	60	0.997161	0.998807	0.996628	0
PBE28937_skip_2b89ea88_3b9ca4f8_8.pod5	50b5d353-8414-4d3d-b0c9-d394e706d5e1	3b9ca4f88a42f77bab4ca6ec1b82bfcac9de0ade	1157	2	7175.6	30.5816	7175.61	30.5796	9828	6.72632	unclassified	chr2	206955560	206964131	1558	9828	-	8877	7964	7228	306	607	736	60	0.841473	0.907584	0.814239	0
PBE28937_skip_2b89ea88_3b9ca4f8_8.pod5	876e1a23-e072-4c20-909a-027ecc5f3f70	3b9ca4f88a42f77bab4ca6ec1b82bfcac9de0ade	2841	4	7184.28	26.2892	7184.46	26.1024	10691	29.0804	unclassified	chr1	176481732	176492432	5	10691	-	10703	10683	10676	3	17	7	60	0.999532	0.999345	0.997477	0
PBE28937_skip_2b89ea88_3b9ca4f8_8.pod5	26796309-b859-44b5-909e-670efaab3e84	3b9ca4f88a42f77bab4ca6ec1b82bfcac9de0ade	1352	4	7202.49	8.6168	7202.6	8.5032	1859	26.078	unclassified	chr1	35365935	35367795	0	1859	+	1861	1858	1854	1	2	4	60	1	0.997847	0.996239	0
PBE28937_skip_2b89ea88_3b9ca4f8_8.pod5	b057eff9-4c7c-4caa-858e-ed355d44a027	3b9ca4f88a42f77bab4ca6ec1b82bfcac9de0ade	1108	3	7146.11	64.6352	7146.11	64.6332	14291	4.11769	unclassified	*	-1	-1	-1	-1	*	0	0	0	0	0	0	0	0	0	0	0
PBE28937_skip_2b89ea88_3b9ca4f8_8.pod5	fc3c4b0e-f276-476e-8eb3-aac106a3b0ba	3b9ca4f88a42f77bab4ca6ec1b82bfcac9de0ade	1485	4	7190.78	20.3206	7190.79	20.3186	4202	2.31272	unclassified	*	-1	-1	-1	-1	*	0	0	0	0	0	0	0	0	0	0	0
PBE28937_skip_2b89ea88_3b9ca4f8_8.pod5	b5523fd8-b0ba-4fd7-bcf4-636eef766dab	3b9ca4f88a42f77bab4ca6ec1b82bfcac9de0ade	2166	1	7177.96	33.0956	7178.07	32.9916	12366	27.0269	unclassified	chr21	23502720	23515049	0	12360	+	12371	12318	12295	42	11	23	60	0.999515	0.998133	0.993857	0
PBE28937_skip_2b89ea88_3b9ca4f8_8.pod5	8a4014d8-f959-4871-9a17-74f42d97920b	3b9ca4f88a42f77bab4ca6ec1b82bfcac9de0ade	924	1	7161.41	48.1296	7161.41	48.1276	9213	10.1142	unclassified	chr16	63440125	63449290	63	9147	-	9425	8824	8375	260	341	449	60	0.985998	0.949116	0.888594	0
PBE28937_skip_2b89ea88_3b9ca4f8_8.pod5	21cd74c9-cd20-48ee-a9f1-eff9e6079126	3b9ca4f88a42f77bab4ca6ec1b82bfcac9de0ade	1584	2	7175.29	35.302	7175.29	35.3	15287	22.3392	unclassified	chr9	114610211	114625525	34	15286	+	15344	15222	15159	30	92	63	60	0.99771	0.995861	0.987943	0
PBE28937_skip_2b89ea88_3b9ca4f8_8.pod5	52e81ae5-2397-4597-b46d-1eda09ec85ad	3b9ca4f88a42f77bab4ca6ec1b82bfcac9de0ade	2885	1	7201.64	9.1202	7201.64	9.1182	3482	39.1933	unclassified	chr20	41234668	41238117	0	3452	-	3452	3449	3449	3	0	0	60	0.991384	1	0.999131	0
PBE28937_skip_2b89ea88_3b9ca4f8_8.pod5	7db2a3ed-34dd-4d89-b5e0-c4c9914ec5b0	3b9ca4f88a42f77bab4ca6ec1b82bfcac9de0ade	2347	1	7194.22	16.478	7194.22	16.476	5800	18.8215	unclassified	chrY	11310065	11316481	1	5754	-	6483	5686	4931	67	730	755	23	0.991897	0.867218	0.760605	0
PBE28937_skip_2b89ea88_3b9ca4f8_8.pod5	d777d0a7-87b4-48ba-9ee3-2e466615ad4d	3b9ca4f88a42f77bab4ca6ec1b82bfcac9de0ade	37	4	7191.8	19.5896	7191.94	19.4508	6502	36.3324	unclassified	chr4	55326484	55332987	0	6502	+	6507	6498	6498	4	5	0	60	1	1	0.998617	0
PBE28937_skip_2b89ea88_3b9ca4f8_8.pod5	d5518fa7-d9e5-45cd-903d-0aafb248c171	3b9ca4f88a42f77bab4ca6ec1b82bfcac9de0ade	482	2	7103.2	104.205	7103.36	104.041	35572	28.922	unclassified	chr3	83571434	83607022	6	35572	-	35608	35546	35496	20	42	50	60	0.999831	0.998593	0.996855	0
PBE28937_skip_2b89ea88_3b9ca4f8_8.pod5	5b2e41a3-168c-4a0a-a4c4-c7a328834896	3b9ca4f88a42f77bab4ca6ec1b82bfcac9de0ade	2360	2	7187.12	23.9744	7187.26	23.8272	9844	27.3504	unclassified	chr22	27216998	27226850	8	9844	-	9874	9814	9789	22	38	25	60	0.999187	0.997453	0.991392	0
PBE28937_skip_2b89ea88_3b9ca4f8_8.pod5	a7536c42-7401-484a-9f47-72e5b9a08d08	3b9ca4f88a42f77bab4ca6ec1b82bfcac9de0ade	2467	3	7150.61	57.5464	7150.61	57.5444	22183	14.8662	unclassified	chr3	51245928	51268010	50	22175	+	22429	21778	21376	347	304	402	60	0.997385	0.981541	0.953052	0
PBE28937_skip_2b89ea88_3b9ca4f8_8.pod5	9727450b-acdd-4ecc-989f-54647a8d6bb9	3b9ca4f88a42f77bab4ca6ec1b82bfcac9de0ade	2104	2	7178.89	32.0322	7178.89	32.0302	10849	24.6208	unclassified	chrX	19442013	19452829	6	10816	-	10856	10770	10731	40	46	39	60	0.996405	0.996379	0.988486	0
PBE28937_skip_2b89ea88_3b9ca4f8_8.pod5	4c3223ce-52e3-4d86-b390-f7a038f2384b	3b9ca4f88a42f77bab4ca6ec1b82bfcac9de0ade	2526	3	7157.19	51.824	7157.31	51.7032	19964	24.5455	unclassified	chr2	234569448	234589405	7	19964	-	19997	19917	19855	40	40	62	60	0.999649	0.996887	0.992899	0
PBE28937_skip_2b89ea88_3b9ca4f8_8.pod5	5872688a-141d-4e7c-aa6e-ce1e9dbaa3c3	3b9ca4f88a42f77bab4ca6ec1b82bfcac9de0ade	2232	2	7186.14	23.5124	7186.28	23.3736	8983	32.6908	unclassified	chr12	35122668	35131652	0	8983	+	8987	8980	8911	3	4	69	1	1	0.992316	0.991543	0
PBE28937_skip_2b89ea88_3b9ca4f8_8.pod5	2d3afbfa-94ba-4f7b-be9c-3c3a32f5d7a2	3b9ca4f88a42f77bab4ca6ec1b82bfcac9de0ade	2172	3	7168.77	42.2624	7168.88	42.1512	16388	24.6705	unclassified	chr10	64489793	64506176	5	16388	-	16411	16355	16313	28	28	42	60	0.999695	0.997432	0.994028	0
PBE28937_skip_2b89ea88_3b9ca4f8_8.pod5	43d14e64-478e-43c2-8061-809ea4188809	3b9ca4f88a42f77bab4ca6ec1b82bfcac9de0ade	1140	3	7156.12	54.5276	7156.24	54.4164	20729	26.761	unclassified	chr18	47979240	48000037	0	20718	+	20831	20684	20648	34	113	36	60	0.999469	0.99826	0.991215	0
PBE28937_skip_2b89ea88_3b9ca4f8_8.pod5	52dfa5a1-51ec-4403-ba9d-523617943aa8	3b9ca4f88a42f77bab4ca6ec1b82bfcac9de0ade	552	2	7151.22	59.7596	7151.32	59.658	22706	30.2658	unclassified	chr11	17622582	17645292	0	22699	+	22716	22693	22683	6	17	10	60	0.999692	0.999559	0.998547	0
PBE28937_skip_2b89ea88_3b9ca4f8_8.pod5	eeca092d-c404-4108-947c-46204b751f3b	3b9ca4f88a42f77bab4ca6ec1b82bfcac9de0ade	2508	3	7189.33	21.8454	7189.33	21.8434	4715	2.56555	unclassified	*	-1	-1	-1	-1	*	0	0	0	0	0	0	0	0	0	0	0
PBE28937_skip_2b89ea88_3b9ca4f8_8.pod5	5ff27174-eae9-48be-9973-1c61c8b05b71	3b9ca4f88a42f77bab4ca6ec1b82bfcac9de0ade	2209	4	7111.41	89.4344	7111.51	89.3352	38069	24.3567	unclassified	chr2	183361446	183399881	0	38069	+	38510	37994	37895	75	441	99	60	1	0.997394	0.98403	0
PBE28937_skip_2b89ea88_3b9ca4f8_8.pod5	d798dd95-9e1f-4eaa-a260-a12d5f8b199d	3b9ca4f88a42f77bab4ca6ec1b82bfcac9de0ade	2559	2	7128.19	80.4872	7128.3	80.376	29921	28.9268	unclassified	chr1	33237374	33267266	0	29912	+	29973	29831	29790	81	61	41	60	0.999699	0.998626	0.993895	0
PBE28937_skip_2b89ea88_3b9ca4f8_8.pod5	837225c7-f3b7-4b89-92ba-d3eee1e58426	3b9ca4f88a42f77bab4ca6ec1b82bfcac9de0ade	1273	3	7155.73	54.692	7155.83	54.5928	23478	23.0018	unclassified	chr9	65719123	65738781	0	19636	+	19719	19575	19431	61	83	144	1	0.836357	0.992644	0.985395	0
PBE28937_skip_2b89ea88_3b9ca4f8_8.pod5	c44c3168-31c1-4bad-b955-2f0625d1dc51	3b9ca4f88a42f77bab4ca6ec1b82bfcac9de0ade	208	3	7155.93	55.832	7156.1	55.6524	13511	25.9956	unclassified	chrX	28803025	28816564	0	13511	+	13554	13496	13485	15	43	11	60	1	0.999185	0.994909	0
PBE28937_skip_2b89ea88_3b9ca4f8_8.pod5	ab1468c6-cf68-4f74-ba06-2f396488e08d	3b9ca4f88a42f77bab4ca6ec1b82bfcac9de0ade	1787	1	7199.02	12.4256	7199.12	12.3288	3687	28.3553	unclassified	chr9	15663752	15667410	0	3680	+	3684	3654	3651	26	4	3	60	0.998101	0.999179	0.991042	0
PBE28937_skip_2b89ea88_3b9ca4f8_8.pod5	30568869-9b8c-4376-b8f4-6dbf64c2159f	3b9ca4f88a42f77bab4ca6ec1b82bfcac9de0ade	465	3	7128.02	82.3844	7128.03	82.3824	35353	25.6776	unclassified	chr9	15099317	15132884	11	35313	-	35385	33484	33324	1818	83	160	60	0.998557	0.995222	0.941755	0
PBE28937_skip_2b89ea88_3b9ca4f8_8.pod5	34942813-0a26-4695-9993-3635fb615093	3b9ca4f88a42f77bab4ca6ec1b82bfcac9de0ade	468	3	7178.77	32.5688	7178.97	32.3724	12340	27.7708	unclassified	chr1	49141891	49154247	0	12333	+	12366	12323	12313	10	33	10	60	0.999433	0.999188	0.995714	0
PBE28937_skip_2b89ea88_3b9ca4f8_8.pod5	d9406c25-428d-4910-9965-55ac9f75d56d	3b9ca4f88a42f77bab4ca6ec1b82bfcac9de0ade	2028	3	7203.6	7.7996	7203.7	7.7004	2945	27.4976	unclassified	chr9	133719982	133722915	0	2935	+	2940	2928	2923	7	5	5	60	0.996604	0.998292	0.994218	0
PBE28937_skip_2b89ea88_3b9ca4f8_8.pod5	30e8ce0d-5aa7-4dea-b0e5-e64f2d8ca282	3b9ca4f88a42f77bab4ca6ec1b82bfcac9de0ade	1998	2	7175.78	35.4968	7175.95	35.3256	15168	25.6153	unclassified	chr2	26154974	26170145	6	15168	-	15197	15136	15093	26	35	43	60	0.999604	0.997159	0.993157	0
PBE28937_skip_2b89ea88_3b9ca4f8_8.pod5	8c913908-a02d-4540-9a1f-76b4b3d800c5	3b9ca4f88a42f77bab4ca6ec1b82bfcac9de0ade	1342	2	7188.93	22.3604	7189.06	22.2348	8128	27.8043	unclassified	chr2	107981923	107990051	6	8128	-	8135	8115	8110	7	13	5	60	0.999262	0.999384	0.996927	0
PBE28937_skip_2b89ea88_3b9ca4f8_8.pod5	522ed5ff-1349-4464-89c4-e7b17a9696ac	3b9ca4f88a42f77bab4ca6ec1b82bfcac9de0ade	2381	1	7119.8	90.4676	7119.94	90.3252	35669	29.3291	unclassified	chr7	23516104	23551761	6	35669	-	35695	35625	35609	38	32	16	60	0.999832	0.999551	0.997591	0
PBE28937_skip_2b89ea88_3b9ca4f8_8.pod5	d353216f-99b9-4cc7-b968-08f1021e3ff7	3b9ca4f88a42f77bab4ca6ec1b82bfcac9de0ade	1286	1	7204.77	8.455	7204.78	8.453	2172	5.91499	unclassified	*	-1	-1	-1	-1	*	0	0	0	0	0	0	0	0	0	0	0
PBE28937_skip_2b89ea88_3b9ca4f8_8.pod5	b17bc669-8607-4af6-abc3-434e150b4439	3b9ca4f88a42f77bab4ca6ec1b82bfcac9de0ade	1121	2	7200.83	6.3164	7200.95	6.192	2467	21.3588	unclassified	chr7	104101363	104103829	12	2467	-	2469	2452	2445	3	14	7	60	0.995136	0.997145	0.990279	0
PBE28937_skip_2b89ea88_3b9ca4f8_8.pod5	e47ee907-35e1-4067-8970-ff741c59d71c	3b9ca4f88a42f77bab4ca6ec1b82bfcac9de0ade	2942	3	7196.01	14.5532	7196.31	14.2572	4596	21.4411	unclassified	chr11	88085851	88090452	6	4596	-	4616	4575	4554	15	26	21	60	0.998695	0.99541	0.986568	0
PBE28937_skip_2b89ea88_3b9ca4f8_8.pod5	40b3e636-6c8a-45a8-8e09-740c3a60ece6	3b9ca4f88a42f77bab4ca6ec1b82bfcac9de0ade	1059	4	7153.48	57.9164	7153.62	57.7788	22730	25.8005	unclassified	chr2	151669711	151692438	7	22730	-	22775	22675	22625	48	52	50	60	0.999692	0.997795	0.993414	0
PBE28937_skip_2b89ea88_3b9ca4f8_8.pod5	cc125c3f-eea9-4b1a-acd9-db770d96b9fc	3b9ca4f88a42f77bab4ca6ec1b82bfcac9de0ade	764	2	7210.37	2.9522	7210.38	2.9502	636	2.74868	unclassified	*	-1	-1	-1	-1	*	0	0	0	0	0	0	0	0	0	0	0
PBE28937_skip_2b89ea88_3b9ca4f8_8.pod5	7e1c70a3-d19f-4f24-907a-1c2becc598da	3b9ca4f88a42f77bab4ca6ec1b82bfcac9de0ade	823	1	7160.42	50.9196	7160.42	50.9176	20411	26.5112	unclassified	chr17	21561295	21581674	39	20411	+	20396	20355	20328	17	24	27	60	0.998089	0.998674	0.996666	0
PBE28937_skip_2b89ea88_3b9ca4f8_8.pod5	e5eb1f3d-b1dc-45b4-8c4e-e811a6f0b9fd	3b9ca4f88a42f77bab4ca6ec1b82bfcac9de0ade	2102	3	7172.15	36.6358	7172.16	36.6338	16072	25.6802	unclassified	chr1	53362367	53378390	28	16064	+	16069	15990	15942	46	33	48	60	0.99776	0.996998	0.992097	0
PBE28937_skip_2b89ea88_3b9ca4f8_8.pod5	d8136179-f38a-4958-b1d6-8324cb24b4e0	3b9ca4f88a42f77bab4ca6ec1b82bfcac9de0ade	1734	3	7201.42	10.4588	7201.54	10.3428	4917	26.2634	unclassified	chr21	26111235	26116141	9	4917	-	4912	4902	4898	6	4	4	60	0.99817	0.999184	0.99715	0
PBE28937_skip_2b89ea88_3b9ca4f8_8.pod5	589d79d8-c781-4d0d-b9be-55531ad268b4	3b9ca4f88a42f77bab4ca6ec1b82bfcac9de0ade	1579	4	7170.84	42.1268	7170.95	42.0144	14394	29.5499	unclassified	chr1	240734168	240748564	7	14393	-	14417	14365	14335	21	31	30	60	0.999444	0.997912	0.994312	0
PBE28937_skip_2b89ea88_3b9ca4f8_8.pod5	a8f2bd72-0aef-48bf-968c-b56cb44f3c4a	3b9ca4f88a42f77bab4ca6ec1b82bfcac9de0ade	2244	2	7172.91	39.1856	7172.99	39.1116	19586	23.9859	unclassified	chr20	50338709	50358312	0	19579	+	19646	19536	19460	43	67	76	60	0.999643	0.99611	0.990532	0
PBE28937_skip_2b89ea88_3b9ca4f8_8.pod5	fd7eb742-afde-492c-8538-da23f9d1f4ff	3b9ca4f88a42f77bab4ca6ec1b82bfcac9de0ade	1484	3	7202.83	10.2676	7202.84	10.2656	1758	2.78173	unclassified	chr16	88791188	88791367	500	691	-	194	176	147	15	3	29	1	0.108646	0.835227	0.757732	0
PBE28937_skip_2b89ea88_3b9ca4f8_8.pod5	766f0435-4c10-448f-b828-3b5307e2419c	3b9ca4f88a42f77bab4ca6ec1b82bfcac9de0ade	819	1	7152.71	58.6784	7152.85	58.5384	20406	27.9192	unclassified	chr11	2393954	2410722	7	16730	-	16780	16711	16684	12	57	27	60	0.819514	0.998384	0.994279	0
PBE28937_skip_2b89ea88_3b9ca4f8_8.pod5	bbb54429-32cf-4148-81e8-7bc874018b4c	3b9ca4f88a42f77bab4ca6ec1b82bfcac9de0ade	150	4	7194.45	17.4322	7194.45	17.4302	9153	9.31813	unclassified	chr5	170284246	170293641	13	9121	-	9683	8820	8262	288	575	558	60	0.995084	0.936735	0.853248	0
PBE28937_skip_2b89ea88_3b9ca4f8_8.pod5	317bb5a0-91d7-4f25-8295-8ad2674e911b	3b9ca4f88a42f77bab4ca6ec1b82bfcac9de0ade	2425	1	7185.98	26.8672	7185.98	26.8652	10453	27.1047	unclassified	chr3	127400	138493	36	10448	+	11099	10406	10384	6	687	22	60	0.996078	0.997886	0.93558	0
PBE28937_skip_2b89ea88_3b9ca4f8_8.pod5	2ad7c06b-174f-4daf-81d4-a1fccbdac359	3b9ca4f88a42f77bab4ca6ec1b82bfcac9de0ade	1430	4	7193.27	18.1772	7193.4	18.042	7356	37.9148	unclassified	chr1	123087720	123095431	7	7355	-	7720	7339	6853	9	372	486	1	0.998912	0.933778	0.887694	0
PBE28937_skip_2b89ea88_3b9ca4f8_8.pod5	4664b420-8777-4c54-abf9-35e3ed306ae4	3b9ca4f88a42f77bab4ca6ec1b82bfcac9de0ade	230	1	7188.07	25.4036	7188.21	25.2672	9169	31.287	unclassified	chrX	27117023	27126187	7	9169	-	9171	9155	9139	7	9	16	60	0.999237	0.998252	0.996511	0
PBE28937_skip_2b89ea88_3b9ca4f8_8.pod5	16e727a0-8811-40d1-9e7c-2d61a873ad06	3b9ca4f88a42f77bab4ca6ec1b82bfcac9de0ade	562	3	7181.35	32.0814	7181.35	32.0794	13592	25.8242	unclassified	chr19	8860603	8874155	4	13563	-	13597	13514	13481	45	38	33	60	0.997572	0.997558	0.991469	0
PBE28937_skip_2b89ea88_3b9ca4f8_8.pod5	5c7183ae-8772-405a-83b4-564afc41cee3	3b9ca4f88a42f77bab4ca6ec1b82bfcac9de0ade	1659	2	7154.65	57.9544	7154.65	57.9524	12263	3.28682	unclassified	*	-1	-1	-1	-1	*	0	0	0	0	0	0	0	0	0	0	0
PBE28937_skip_2b89ea88_3b9ca4f8_8.pod5	d2f08c38-0b24-4c2a-af36-1b14bbe57d6f	3b9ca4f88a42f77bab4ca6ec1b82bfcac9de0ade	1691	4	7101.95	108.718	7101.95	108.716	43263	8.04213	unclassified	chr3	79717556	79762285	11	43226	-	46381	41563	37735	1652	3166	3828	60	0.998891	0.907899	0.813587	0
PBE28937_skip_2b89ea88_3b9ca4f8_8.pod5	f50ac4e2-1b9f-4151-89ff-cfc5b79bfa3e	3b9ca4f88a42f77bab4ca6ec1b82bfcac9de0ade	1974	3	7172.29	40.605	7172.29	40.603	10734	5.23676	unclassified	*	-1	-1	-1	-1	*	0	0	0	0	0	0	0	0	0	0	0
PBE28937_skip_2b89ea88_3b9ca4f8_8.pod5	1e2530f2-52d3-42f0-a586-142b434e5fc1	3b9ca4f88a42f77bab4ca6ec1b82bfcac9de0ade	2452	4	7138.84	71.9516	7138.94	71.8548	28625	25.3262	unclassified	chr5	31805888	31834421	0	28616	+	28658	28491	28472	125	42	19	60	0.999686	0.999333	0.99351	0
PBE28937_skip_2b89ea88_3b9ca4f8_8.pod5	81195f80-4352-4a86-941a-07cb6e8b295f	3b9ca4f88a42f77bab4ca6ec1b82bfcac9de0ade	1436	4	7185.6	27.644	7185.74	27.4992	10650	29.6582	unclassified	chr17	65271800	65282427	4	10650	-	10655	10618	10596	28	9	22	60	0.999624	0.997928	0.994463	0
PBE28937_skip_2b89ea88_3b9ca4f8_8.pod5	444a59aa-508e-44f9-88ec-4acd4560d09a	3b9ca4f88a42f77bab4ca6ec1b82bfcac9de0ade	1340	1	7197.69	15.9584	7197.79	15.8664	7696	26.0305	unclassified	chr4	64626954	64634639	0	7687	+	7699	7673	7634	14	12	39	60	0.998831	0.994917	0.991557	0
PBE28937_skip_2b89ea88_3b9ca4f8_8.pod5	16c87f09-0c48-4d1a-968a-3ef3e4ad5348	3b9ca4f88a42f77bab4ca6ec1b82bfcac9de0ade	180	2	7179.78	33.217	7179.78	33.215	12838	32.6957	unclassified	chr1	54440542	54453360	7	12833	-	12826	12818	12811	8	0	7	60	0.999065	0.999454	0.99883	0
PBE28937_skip_2b89ea88_3b9ca4f8_8.pod5	552c82e6-acd8-4bba-b925-f8ca0edd6cda	3b9ca4f88a42f77bab4ca6ec1b82bfcac9de0ade	293	1	7210.94	2.6492	7210.94	2.6472	500	2.81017	unclassified	*	-1	-1	-1	-1	*	0	0	0	0	0	0	0	0	0	0	0
PBE28937_skip_2b89ea88_3b9ca4f8_8.pod5	8c4486b0-c83f-42ab-9f60-4ac421c9ade6	3b9ca4f88a42f77bab4ca6ec1b82bfcac9de0ade	890	4	7149.48	62.2748	7149.59	62.1684	27400	24.2569	unclassified	chr4	16068129	16095537	2	27400	+	27491	27315	27218	83	93	97	60	0.999927	0.996449	0.990069	0
PBE28937_skip_2b89ea88_3b9ca4f8_8.pod5	eb9ae033-a24c-40fa-b250-323fea646961	3b9ca4f88a42f77bab4ca6ec1b82bfcac9de0ade	1886	2	7175.45	37.8264	7175.45	37.8244	10519	11.7209	unclassified	chr7	140466763	140477190	31	10489	+	10722	10163	9793	295	264	370	60	0.994201	0.963593	0.913356	0
PBE28937_skip_2b89ea88_3b9ca4f8_8.pod5	764bd81d-993f-42f0-9f67-9d144ffa0d47	3b9ca4f88a42f77bab4ca6ec1b82bfcac9de0ade	1489	2	7180.8	32.8304	7180.92	32.712	13223	30.8809	unclassified	chr1	243817323	243830542	7	13223	-	13226	13209	13190	7	10	19	60	0.999471	0.998562	0.997278	0
PBE28937_skip_2b89ea88_3b9ca4f8_8.pod5	7c2e38f0-c82e-4217-9fdf-403dea01d1a0	3b9ca4f88a42f77bab4ca6ec1b82bfcac9de0ade	2090	1	7205.22	8.138	7205.38	7.9764	3078	34.3955	unclassified	chr3	197840122	197843181	6	3078	-	3072	3059	3056	13	0	3	60	0.998051	0.999019	0.994792	0
PBE28937_skip_2b89ea88_3b9ca4f8_8.pod5	8fd17756-faae-4ccf-b502-8fbef8b55523	3b9ca4f88a42f77bab4ca6ec1b82bfcac9de0ade	932	2	7212.55	1.3292	7212.55	1.3272	248	14.7016	unclassified	chr16	73434954	73435155	35	237	+	202	201	201	1	0	0	60	0.814516	1	0.995049	0
PBE28937_skip_2b89ea88_3b9ca4f8_8.pod5	78cfee42-bcbf-4881-8b5c-47c278d25015	3b9ca4f88a42f77bab4ca6ec1b82bfcac9de0ade	1365	4	7211.73	2.009	7211.74	2.007	407	2.64116	unclassified	*	-1	-1	-1	-1	*	0	0	0	0	0	0	0	0	0	0	0
PBE28937_skip_2b89ea88_3b9ca4f8_8.pod5	bba367ab-fbc1-4d40-bd2f-32bdb587d8b8	3b9ca4f88a42f77bab4ca6ec1b82bfcac9de0ade	844	2	7180.84	32.6948	7180.96	32.5788	12142	28.4429	unclassified	chr9	88824698	88836836	0	12136	+	12144	12130	12114	6	8	16	60	0.999506	0.998681	0.99753	0
PBE28937_skip_2b89ea88_3b9ca4f8_8.pod5	69956699-c89e-4e93-beee-722e230fad3f	3b9ca4f88a42f77bab4ca6ec1b82bfcac9de0ade	313	4	7189.93	23.5064	7190.05	23.382	9699	29.4827	unclassified	chr17	59815306	59825026	0	9696	+	9733	9683	9682	13	37	1	60	0.999691	0.999897	0.99476	0
PBE28937_skip_2b89ea88_3b9ca4f8_8.pod5	ef936b03-9251-4f73-98a1-b8f205f08412	3b9ca4f88a42f77bab4ca6ec1b82bfcac9de0ade	918	4	7171.83	32.2364	7171.93	32.1312	12198	31.9336	unclassified	chr21	42881161	42893354	0	12198	+	12204	12187	12184	11	6	3	60	1	0.999754	0.998361	0
PBE28937_skip_2b89ea88_3b9ca4f8_8.pod5	021edf0d-7d50-40ff-9a51-ab21b1bc0e3d	3b9ca4f88a42f77bab4ca6ec1b82bfcac9de0ade	1625	3	7201.51	12.2816	7201.68	12.108	4459	30.9407	unclassified	chr2	172406848	172411305	0	4453	+	4458	4452	4440	1	5	12	60	0.998654	0.997305	0.995962	0
PBE28937_skip_2b89ea88_3b9ca4f8_8.pod5	f276b979-d475-404e-996b-565e92aea5e2	3b9ca4f88a42f77bab4ca6ec1b82bfcac9de0ade	1914	1	7142.3	70.2944	7142.55	70.0464	17848	30.6542	unclassified	chr1	242937848	242955054	9	17848	-	17871	17174	17144	665	32	30	60	0.999496	0.998253	0.95932	0
PBE28937_skip_2b89ea88_3b9ca4f8_8.pod5	0e3e83a0-9d46-4640-a857-340c2c6fac43	3b9ca4f88a42f77bab4ca6ec1b82bfcac9de0ade	2125	2	7193.14	19.963	7193.15	19.961	8207	27.3613	unclassified	chr2	6152921	6160977	130	8169	-	8062	8033	8022	6	23	11	60	0.97953	0.998631	0.995038	0
PBE28937_skip_2b89ea88_3b9ca4f8_8.pod5	0467e338-24f8-4b81-8293-3bcfbdc792f9	3b9ca4f88a42f77bab4ca6ec1b82bfcac9de0ade	2863	3	7167.18	39.65	7167.18	39.648	17805	27.3033	unclassified	chr3	165281105	165298901	2	17774	-	17810	17758	17717	14	38	41	60	0.998147	0.997691	0.994778	0
PBE28937_skip_2b89ea88_3b9ca4f8_8.pod5	e1ca78a2-42a5-46be-acc2-82db941b9589	3b9ca4f88a42f77bab4ca6ec1b82bfcac9de0ade	1446	1	7155.25	57.8348	7155.36	57.732	27479	23.2796	unclassified	chr12	77098538	77126016	0	27474	+	27537	27415	27329	59	63	86	60	0.999818	0.996863	0.992447	0
PBE28937_skip_2b89ea88_3b9ca4f8_8.pod5	9c927e62-8db1-46d2-90a5-475cefd6e4fa	3b9ca4f88a42f77bab4ca6ec1b82bfcac9de0ade	1633	3	7137.85	74.198	7137.98	74.0688	22822	32.882	unclassified	chr11	114935946	114958759	0	22817	+	22832	22798	22773	19	15	25	60	0.999781	0.998903	0.997416	0
PBE28937_skip_2b89ea88_3b9ca4f8_8.pod5	83a734af-46f9-4aa7-bb6b-7b0a0d669d57	3b9ca4f88a42f77bab4ca6ec1b82bfcac9de0ade	1735	1	7158.87	53.624	7158.97	53.5224	21640	27.8893	unclassified	chr3	176597052	176618704	6	21634	+	21689	21591	21554	37	61	37	60	0.999445	0.998286	0.993776	0
PBE28937_skip_2b89ea88_3b9ca4f8_8.pod5	bfb3f44f-46ad-4180-b778-7edc01ff19cf	3b9ca4f88a42f77bab4ca6ec1b82bfcac9de0ade	1118	4	7205.4	2.8856	7205.4	2.8836	679	3.69182	unclassified	*	-1	-1	-1	-1	*	0	0	0	0	0	0	0	0	0	0	0
PBE28937_skip_2b89ea88_3b9ca4f8_8.pod5	d96c7c56-cab1-4ce0-8af5-d26187b3ca92	3b9ca4f88a42f77bab4ca6ec1b82bfcac9de0ade	2085	2	7168.5	44.3916	7168.51	44.3896	9160	15.546	unclassified	chr11	61783561	61792670	9	9130	-	9231	8999	8894	122	110	105	60	0.995742	0.988332	0.963493	0
PBE28937_skip_2b89ea88_3b9ca4f8_8.pod5	0c7e3794-837e-4e4a-b8ea-15a4649494f4	3b9ca4f88a42f77bab4ca6ec1b82bfcac9de0ade	20	4	7202.89	11.216	7203.01	11.1	4718	40.0063	unclassified	chr13	47784549	47789261	0	4711	+	4712	4711	4711	0	1	0	60	0.998516	1	0.999788	0
PBE28937_skip_2b89ea88_3b9ca4f8_8.pod5	70b02cbf-852f-4790-a362-6fb6e3ce0fba	3b9ca4f88a42f77bab4ca6ec1b82bfcac9de0ade	856	3	7168.61	44.2352	7168.74	44.0976	18054	21.0589	unclassified	chr11	100334906	100353010	0	18049	+	18136	18017	17930	32	87	87	60	0.999723	0.995171	0.988641	0
PBE28937_skip_2b89ea88_3b9ca4f8_8.pod5	de4608c2-accd-41bf-8b4e-8e698a31cc0b	3b9ca4f88a42f77bab4ca6ec1b82bfcac9de0ade	309	4	7199.46	14.637	7199.46	14.635	2961	2.88416	unclassified	*	-1	-1	-1	-1	*	0	0	0	0	0	0	0	0	0	0	0
PBE28937_skip_2b89ea88_3b9ca4f8_8.pod5	d742a109-428e-48c1-a354-870e05247f39	3b9ca4f88a42f77bab4ca6ec1b82bfcac9de0ade	2548	3	7177.8	36.0992	7177.9	35.9976	13952	20.1339	unclassified	chr7	36996452	37010430	0	13943	+	14034	13887	13804	56	91	83	60	0.999355	0.994023	0.983611	0
PBE28937_skip_2b89ea88_3b9ca4f8_8.pod5	65604f5a-8c39-4633-b2be-9ecabfb141be	3b9ca4f88a42f77bab4ca6ec1b82bfcac9de0ade	2149	4	7207.43	6.2222	7207.43	6.2202	1174	3.02382	unclassified	*	-1	-1	-1	-1	*	0	0	0	0	0	0	0	0	0	0	0
PBE28937_skip_2b89ea88_3b9ca4f8_8.pod5	9b25182c-d637-45ad-8766-b84b351a1019	3b9ca4f88a42f77bab4ca6ec1b82bfcac9de0ade	1999	1	7118.42	93.1002	7118.42	93.0982	33505	26.481	unclassified	chrX	135007603	135040994	124	33505	+	33416	33356	33330	25	35	26	60	0.996299	0.999221	0.997426	0
PBE28937_skip_2b89ea88_3b9ca4f8_8.pod5	f3806902-17d5-40a3-b31a-89bf697b90ad	3b9ca4f88a42f77bab4ca6ec1b82bfcac9de0ade	1524	1	7127.03	85.7804	7127.17	85.6452	30560	30.1017	unclassified	chr3	105551860	105582428	0	30549	+	30583	30534	30494	15	34	40	60	0.99964	0.99869	0.99709	0
PBE28937_skip_2b89ea88_3b9ca4f8_8.pod5	28689c3e-ad80-4219-a7b1-b11384443d26	3b9ca4f88a42f77bab4ca6ec1b82bfcac9de0ade	1844	4	7198.59	15.392	7198.59	15.39	6856	18.8427	unclassified	chr15	34771408	34778242	0	6819	-	6885	6768	6709	51	66	59	60	0.994603	0.991283	0.974437	0
PBE28937_skip_2b89ea88_3b9ca4f8_8.pod5	c50d735c-e710-4281-b920-3c3b2b671e6b	3b9ca4f88a42f77bab4ca6ec1b82bfcac9de0ade	1831	3	7212.12	1.8896	7212.24	1.7736	685	7.78329	unclassified	chr1	238030971	238031681	3	685	-	740	652	602	30	58	50	48	0.99562	0.923313	0.813514	0
PBE28937_skip_2b89ea88_3b9ca4f8_8.pod5	1e10ed1e-95ca-410d-b8a5-d8ccf3cfe929	3b9ca4f88a42f77bab4ca6ec1b82bfcac9de0ade	139	3	7141.2	71.8952	7141.32	71.772	26416	28.1318	unclassified	chr8	107038206	107052992	11628	26410	+	14807	14761	14711	21	25	50	60	0.559585	0.996613	0.993517	0
PBE28937_skip_2b89ea88_3b9ca4f8_8.pod5	19ff6535-05ce-4edb-bccb-a9f600ac8513	3b9ca4f88a42f77bab4ca6ec1b82bfcac9de0ade	714	2	7207.49	6.9788	7207.63	6.8364	2780	29.0292	unclassified	chr14	101196986	101199759	0	2769	+	2777	2765	2758	4	8	7	60	0.996043	0.997468	0.993158	0
PBE28937_skip_2b89ea88_3b9ca4f8_8.pod5	7fb98b31-b15d-4d59-8eb9-8ad9949cc327	3b9ca4f88a42f77bab4ca6ec1b82bfcac9de0ade	1274	2	7202.04	11.7668	7202.19	11.61	3648	34.6529	unclassified	chr1	122627239	122630881	5	3648	-	3645	3640	3474	3	2	166	1	0.998629	0.954396	0.953086	0
PBE28937_skip_2b89ea88_3b9ca4f8_8.pod5	3faa14a9-0b26-4377-b74d-d10326361c29	3b9ca4f88a42f77bab4ca6ec1b82bfcac9de0ade	1443	1	7211.79	2.348	7211.93	2.214	1134	28.8171	unclassified	chrX	118192646	118193762	11	1134	-	1123	1116	1114	7	0	2	60	0.9903	0.998208	0.991986	0
PBE28937_skip_2b89ea88_3b9ca4f8_8.pod5	c8476447-c1fe-4ac9-980e-afbabccf95f8	3b9ca4f88a42f77bab4ca6ec1b82bfcac9de0ade	716	1	7212.09	2.3024	7212.17	2.2224	992	27.0947	unclassified	chr4	47531697	47532678	0	982	+	982	981	981	1	0	0	60	0.989919	1	0.998982	0
PBE28937_skip_2b89ea88_3b9ca4f8_8.pod5	ea53db2a-edb8-4954-9844-d32d75f8b02c	3b9ca4f88a42f77bab4ca6ec1b82bfcac9de0ade	2037	3	7188.36	26.1776	7188.46	26.0772	10327	27.0495	unclassified	chr7	117146019	117156355	7	10327	-	10347	10309	10278	11	27	31	60	0.999322	0.996993	0.993331	0
PBE28937_skip_2b89ea88_3b9ca4f8_8.pod5	095fda47-80ee-4f8b-b65f-7d84e54bbfbf	3b9ca4f88a42f77bab4ca6ec1b82bfcac9de0ade	2013	3	7179.24	35.3144	7179.32	35.232	16312	23.1838	unclassified	chr4	180164659	180180993	1	16304	+	16364	16273	16211	30	61	62	60	0.999448	0.99619	0.99065	0
PBE28937_skip_2b89ea88_3b9ca4f8_8.pod5	15c1e647-ddbd-49c9-9e81-b71104f52113	3b9ca4f88a42f77bab4ca6ec1b82bfcac9de0ade	157	2	7196.07	18.5828	7196.23	18.426	7256	24.7613	unclassified	chr7	100282279	100289552	6	7256	-	7294	7229	7221	21	44	8	60	0.999173	0.998893	0.989992	0
PBE28937_skip_2b89ea88_3b9ca4f8_8.pod5	9490e4f1-f691-464b-b736-1b5536ac792f	3b9ca4f88a42f77bab4ca6ec1b82bfcac9de0ade	1113	3	7162.11	51.4484	7162.23	51.3228	20687	28.0804	unclassified	chr11	62123804	62144493	6	20687	-	20711	20659	20643	22	30	16	60	0.99971	0.999225	0.996717	0
PBE28937_skip_2b89ea88_3b9ca4f8_8.pod5	7902be7f-0df8-42af-a4b6-1fde51524d01	3b9ca4f88a42f77bab4ca6ec1b82bfcac9de0ade	245	1	7194.32	20.5112	7194.43	20.4024	8167	30.9279	unclassified	chr20	10268788	10276946	6	8167	-	8165	8154	8142	7	4	12	60	0.999265	0.998528	0.997183	0
PBE28937_skip_2b89ea88_3b9ca4f8_8.pod5	f461dafb-8852-49f0-8ed9-02b730719a0c	3b9ca4f88a42f77bab4ca6ec1b82bfcac9de0ade	1078	4	7209.35	5.48	7209.47	5.3592	2184	29.2042	unclassified	chr5	95485543	95487724	6	2184	-	2181	2178	2176	0	3	2	60	0.997253	0.999082	0.997707	0
PBE28937_skip_2b89ea88_3b9ca4f8_8.pod5	3faca4d6-86e4-449f-87ea-811f7669e361	3b9ca4f88a42f77bab4ca6ec1b82bfcac9de0ade	913	1	7204.45	10.153	7204.45	10.151	2236	2.7754	unclassified	*	-1	-1	-1	-1	*	0	0	0	0	0	0	0	0	0	0	0
PBE28937_skip_2b89ea88_3b9ca4f8_8.pod5	b26e8d88-02ed-43ff-a7e7-5151a9b46d1d	3b9ca4f88a42f77bab4ca6ec1b82bfcac9de0ade	1664	3	7186.82	27.014	7186.93	26.91	11331	28.1452	unclassified	chr17	38831234	38842592	0	11325	+	11374	11309	11292	16	49	17	60	0.99947	0.998497	0.992791	0
PBE28937_skip_2b89ea88_3b9ca4f8_8.pod5	6afaf6a1-9b88-46e5-924b-d04d17d9f071	3b9ca4f88a42f77bab4ca6ec1b82bfcac9de0ade	348	3	7205.12	9.668	7205.41	9.3744	3474	34.2387	unclassified	chr18	73368378	73371845	10	3474	-	3467	3464	3458	0	3	6	60	0.997121	0.998268	0.997404	0
PBE28937_skip_2b89ea88_3b9ca4f8_8.pod5	aeaab60b-37e3-4dc7-9c1d-296e9dafb441	3b9ca4f88a42f77bab4ca6ec1b82bfcac9de0ade	1416	1	7188.56	26.1392	7188.64	26.0592	14563	21.478	unclassified	chr3	106545853	106560451	0	14551	+	14635	14514	14462	37	84	52	60	0.999176	0.996417	0.988179	0
PBE28937_skip_2b89ea88_3b9ca4f8_8.pod5	ce908f59-d5dc-4f53-8c38-b45fcba0e055	3b9ca4f88a42f77bab4ca6ec1b82bfcac9de0ade	829	2	7167.09	38.546	7167.09	38.544	12079	6.8842	unclassified	chr10	34384273	34392974	3684	12079	+	9102	7994	7001	401	707	993	60	0.695008	0.875782	0.769172	0
PBE28937_skip_2b89ea88_3b9ca4f8_8.pod5	e9b1e8e1-a11d-4b9b-a7bf-2bb71c276e5b	3b9ca4f88a42f77bab4ca6ec1b82bfcac9de0ade	1588	4	7208.86	5.3924	7208.86	5.3904	1145	11.4272	unclassified	chr15	69851905	69852974	33	1145	+	1134	1047	1031	65	22	16	60	0.971179	0.984718	0.909171	0
PBE28937_skip_2b89ea88_3b9ca4f8_8.pod5	5b351dbd-46a4-4d4f-9ff2-de486f709e23	3b9ca4f88a42f77bab4ca6ec1b82bfcac9de0ade	1672	2	7128.48	84.752	7128.75	84.4824	34654	28.0321	unclassified	chr13	57600850	57635546	0	34647	+	34714	34629	34577	18	67	52	60	0.999798	0.998498	0.996053	0
PBE28937_skip_2b89ea88_3b9ca4f8_8.pod5	2a4d2452-f883-4c14-9d2c-40136752487d	3b9ca4f88a42f77bab4ca6ec1b82bfcac9de0ade	1772	1	7211.3	3.3388	7211.3	3.3368	691	2.60022	unclassified	*	-1	-1	-1	-1	*	0	0	0	0	0	0	0	0	0	0	0
PBE28937_skip_2b89ea88_3b9ca4f8_8.pod5	3664d1e4-84fe-490f-ba18-580d3ee3c64a	3b9ca4f88a42f77bab4ca6ec1b82bfcac9de0ade	2024	3	7195.25	19.4186	7195.25	19.4166	8438	21.084	unclassified	chr11	127859333	127867726	25	8430	+	8430	8368	8324	37	25	44	60	0.996089	0.994742	0.987426	0
PBE28937_skip_2b89ea88_3b9ca4f8_8.pod5	d919c65d-e655-4e9a-96b9-b8a042a0f078	3b9ca4f88a42f77bab4ca6ec1b82bfcac9de0ade	532	2	7148.46	65.6168	7148.62	65.4564	27215	31.9202	unclassified	chr4	15961133	15988293	0	27207	+	27229	27138	27087	69	22	51	60	0.999706	0.998121	0.994785	0
PBE28937_skip_2b89ea88_3b9ca4f8_8.pod5	2d23b4aa-142b-425a-bad7-0675b2ea3d75	3b9ca4f88a42f77bab4ca6ec1b82bfcac9de0ade	2373	2	7205.82	8.78	7205.82	8.778	3227	4.57554	unclassified	*	-1	-1	-1	-1	*	0	0	0	0	0	0	0	0	0	0	0
PBE28937_skip_2b89ea88_3b9ca4f8_8.pod5	2b77e650-6ec7-4a12-9bea-ab610b3d3b9a	3b9ca4f88a42f77bab4ca6ec1b82bfcac9de0ade	2467	3	7208.53	6.195	7208.53	6.193	2445	11.8537	unclassified	chrX	143204056	143206488	17	2421	-	2480	2356	2262	48	76	94	60	0.983231	0.960102	0.912097	0
PBE28937_skip_2b89ea88_3b9ca4f8_8.pod5	062930d4-54fc-41e9-8ba2-f6a2e7626104	3b9ca4f88a42f77bab4ca6ec1b82bfcac9de0ade	2026	1	7144.1	69.8408	7144.22	69.7224	28743	25.2833	unclassified	chr2	68527877	68556638	6	28743	-	28808	28690	28657	47	71	33	60	0.999791	0.99885	0.994758	0
PBE28937_skip_2b89ea88_3b9ca4f8_8.pod5	1e9e9ff0-325c-435c-9c38-4733645d5dce	3b9ca4f88a42f77bab4ca6ec1b82bfcac9de0ade	2638	1	7173.02	41.3044	7173.03	41.3024	19231	23.3292	unclassified	chr5	55056746	55075964	7	19205	-	19246	19170	19122	28	48	48	60	0.998284	0.997496	0.993557	0
PBE28937_skip_2b89ea88_3b9ca4f8_8.pod5	a5b1e3d0-fa23-4dbf-8fed-33a85d2e8ee6	3b9ca4f88a42f77bab4ca6ec1b82bfcac9de0ade	1431	3	7117.49	95.3148	7117.49	95.3128	34317	28.2399	unclassified	chr3	122135772	122170456	10	34275	-	34704	34245	34170	20	439	75	60	0.998485	0.99781	0.984613	0
PBE28937_skip_2b89ea88_3b9ca4f8_8.pod5	50065836-bf95-478d-b901-34dda0d3e34f	3b9ca4f88a42f77bab4ca6ec1b82bfcac9de0ade	1480	3	7180.14	34.7144	7180.25	34.6056	14584	27.8376	unclassified	chrX	4584975	4599531	6	14584	-	14601	14533	14495	45	23	38	60	0.999589	0.997385	0.99274	0
PBE28937_skip_2b89ea88_3b9ca4f8_8.pod5	eb36d4d9-4839-4d00-b224-540c265e6b8c	3b9ca4f88a42f77bab4ca6ec1b82bfcac9de0ade	2406	3	7171.16	43.394	7171.38	43.1724	11760	30.3627	unclassified	chr10	126984490	126996249	0	11755	+	11772	11742	11720	13	17	22	60	0.999575	0.998126	0.995583	0
PBE28937_skip_2b89ea88_3b9ca4f8_8.pod5	51e54767-ad7e-46cc-a762-41011c89fc78	3b9ca4f88a42f77bab4ca6ec1b82bfcac9de0ade	2561	4	7195.01	19.8572	7195.13	19.734	9954	27.8513	unclassified	chr2	139929566	139939525	0	9948	+	9969	9938	9927	10	21	11	60	0.999397	0.998893	0.995787	0
PBE28937_skip_2b89ea88_3b9ca4f8_8.pod5	32f16ea7-89e3-4621-b391-8dc3f4b8e3f0	3b9ca4f88a42f77bab4ca6ec1b82bfcac9de0ade	1532	2	7168.56	42.7304	7168.65	42.642	17477	27.7405	unclassified	chr3	69397452	69414965	7	17477	-	17528	17455	17425	15	58	30	60	0.999599	0.998281	0.994124	0
PBE28937_skip_2b89ea88_3b9ca4f8_8.pod5	9b583ef1-37e1-4c8a-9384-4d30fb4930c4	3b9ca4f88a42f77bab4ca6ec1b82bfcac9de0ade	1696	4	7169.61	42.4028	7169.75	42.2652	17308	27.0982	unclassified	chr3	56654070	56671382	0	17302	+	17330	17284	17247	18	28	37	60	0.999653	0.997859	0.995211	0
PBE28937_skip_2b89ea88_3b9ca4f8_8.pod5	02271420-5f16-4a74-8326-09ba3e180f7b	3b9ca4f88a42f77bab4ca6ec1b82bfcac9de0ade	446	4	7209.6	5.3468	7209.69	5.2548	2136	29.524	unclassified	chr10	5072515	5074644	0	2128	+	2129	2128	2127	0	1	1	60	0.996255	0.99953	0.999061	0
PBE28937_skip_2b89ea88_3b9ca4f8_8.pod5	a32daa0a-ed81-4480-9174-13555b674190	3b9ca4f88a42f77bab4ca6ec1b82bfcac9de0ade	28	2	7182.08	32.6446	7182.08	32.6426	12800	30.5924	unclassified	chr11	48519477	48532247	6	12768	-	12771	12761	12753	1	9	8	60	0.997031	0.999373	0.998591	0
PBE28937_skip_2b89ea88_3b9ca4f8_8.pod5	ca6f0634-34db-4e44-a457-eedf87d9abbb	3b9ca4f88a42f77bab4ca6ec1b82bfcac9de0ade	1339	2	7205.92	8.6804	7205.92	8.6784	1829	2.65132	unclassified	*	-1	-1	-1	-1	*	0	0	0	0	0	0	0	0	0	0	0
PBE28937_skip_2b89ea88_3b9ca4f8_8.pod5	85ab1e8f-762c-45ba-9c29-336964c30613	3b9ca4f88a42f77bab4ca6ec1b82bfcac9de0ade	780	2	7177.42	37.2188	7177.55	37.092	12788	29.4807	unclassified	chr6	50358244	50371019	0	12781	+	12784	12772	12767	9	3	5	60	0.999453	0.999609	0.99867	0
PBE28937_skip_2b89ea88_3b9ca4f8_8.pod5	d942933c-1e17-4f15-b396-bc79738e42a7	3b9ca4f88a42f77bab4ca6ec1b82bfcac9de0ade	1451	2	7168.53	45.4672	7168.54	45.4652	16331	27.6834	unclassified	chr8	131640410	131656669	7	16294	-	16309	16237	16190	50	22	47	60	0.997306	0.997105	0.992703	0
PBE28937_skip_2b89ea88_3b9ca4f8_8.pod5	8927c9b8-21ca-4548-a901-085f6d62c290	3b9ca4f88a42f77bab4ca6ec1b82bfcac9de0ade	40	3	7185.76	28.6988	7185.84	28.6188	10949	24.9046	unclassified	chr17	29481919	29492871	7	10949	-	10967	10927	10909	15	25	18	60	0.999361	0.998353	0.994711	0
PBE28937_skip_2b89ea88_3b9ca4f8_8.pod5	379e2e92-04b3-4770-86fe-a1a35a76cfb9	3b9ca4f88a42f77bab4ca6ec1b82bfcac9de0ade	812	4	7212.9	2.2244	7212.9	2.2224	413	2.48437	unclassified	*	-1	-1	-1	-1	*	0	0	0	0	0	0	0	0	0	0	0
PBE28937_skip_2b89ea88_3b9ca4f8_8.pod5	cd74c51b-8a48-46f7-94e9-5b5b837d6e58	3b9ca4f88a42f77bab4ca6ec1b82bfcac9de0ade	781	1	7204.86	10.2538	7204.86	10.2518	1983	3.81926	unclassified	*	-1	-1	-1	-1	*	0	0	0	0	0	0	0	0	0	0	0
PBE28937_skip_2b89ea88_3b9ca4f8_8.pod5	0b0419df-98ea-4199-801d-3e1ad17dc009	3b9ca4f88a42f77bab4ca6ec1b82bfcac9de0ade	2164	1	7195.4	19.4504	7195.51	19.3464	8834	28.5228	unclassified	chr7	33244312	33253128	5	8826	+	8828	8809	8804	12	7	5	60	0.998528	0.999432	0.997281	0
PBE28937_skip_2b89ea88_3b9ca4f8_8.pod5	f724ae38-b599-44a4-88b9-e4a06c3d1463	3b9ca4f88a42f77bab4ca6ec1b82bfcac9de0ade	376	3	7174.85	39.5576	7175.01	39.4008	13237	17.9915	unclassified	chr1	233145354	233158641	7	13237	-	13366	13151	13042	79	136	109	60	0.999471	0.991712	0.975759	0
PBE28937_skip_2b89ea88_3b9ca4f8_8.pod5	5a0cc150-f887-4d7c-9433-991f126eefe6	3b9ca4f88a42f77bab4ca6ec1b82bfcac9de0ade	422	3	7191.46	23.582	7191.59	23.46	10076	24.7716	unclassified	chrX	84415808	84425890	1	10067	+	10099	10049	10036	17	33	13	60	0.999008	0.998706	0.993762	0
PBE28937_skip_2b89ea88_3b9ca4f8_8.pod5	23bfa1c2-1016-42d5-826a-55ee0c06baff	3b9ca4f88a42f77bab4ca6ec1b82bfcac9de0ade	1599	3	7208.78	6.1258	7208.79	6.1238	2469	23.4237	unclassified	chr22	46120195	46122636	28	2468	+	2445	2436	2432	4	5	4	60	0.988254	0.998358	0.994683	0
PBE28937_skip_2b89ea88_3b9ca4f8_8.pod5	e3da2c47-860c-49b6-93f3-2464ab1d224f	3b9ca4f88a42f77bab4ca6ec1b82bfcac9de0ade	1011	3	7201.25	13.892	7201.32	13.8192	5354	26.054	unclassified	chrX	20929125	20934475	0	5345	+	5353	5342	5332	3	8	10	60	0.998319	0.998128	0.996077	0
PBE28937_skip_2b89ea88_3b9ca4f8_8.pod5	b709c406-52eb-4383-a3db-00e525db517f	3b9ca4f88a42f77bab4ca6ec1b82bfcac9de0ade	1972	1	7211.39	3.782	7211.39	3.78	789	2.78895	unclassified	*	-1	-1	-1	-1	*	0	0	0	0	0	0	0	0	0	0	0
PBE28937_skip_2b89ea88_3b9ca4f8_8.pod5	953a283c-9782-4edd-8f71-bd2a8760bccf	3b9ca4f88a42f77bab4ca6ec1b82bfcac9de0ade	2695	1	7200.61	13.964	7200.77	13.8048	3859	32.0841	unclassified	chr10	42076914	42081376	0	3857	+	5090	3229	3138	628	1233	91	60	0.999482	0.971818	0.616503	0
PBE28937_skip_2b89ea88_3b9ca4f8_8.pod5	384d244e-2b28-47f5-bb14-9305b1515b43	3b9ca4f88a42f77bab4ca6ec1b82bfcac9de0ade	2618	3	7203.8	11.1452	7203.92	11.0196	4472	29.1474	unclassified	chr15	70325701	70330172	7	4472	-	4473	4463	4461	2	8	2	60	0.998435	0.999552	0.997317	0
PBE28937_skip_2b89ea88_3b9ca4f8_8.pod5	ab6af9a5-8c4d-4b83-9b17-2d0d6be8a1a9	3b9ca4f88a42f77bab4ca6ec1b82bfcac9de0ade	1080	2	7191.33	23.8352	7191.55	23.6184	5491	18.4734	unclassified	chr6	25929606	25935015	0	5484	+	5502	5391	5366	93	18	25	60	0.998725	0.995363	0.975282	0
PBE28937_skip_2b89ea88_3b9ca4f8_8.pod5	2c101f67-f14a-4113-aff9-3b46463bd126	3b9ca4f88a42f77bab4ca6ec1b82bfcac9de0ade	2173	3	7207.86	7.0334	7207.86	7.0314	3093	24.6443	unclassified	chr20	48771737	48774792	6	3054	-	3057	3046	3044	2	9	2	60	0.985451	0.999343	0.995747	0
PBE28937_skip_2b89ea88_3b9ca4f8_8.pod5	5e997200-9e69-441a-a49c-9a17e1073243	3b9ca4f88a42f77bab4ca6ec1b82bfcac9de0ade	175	2	7206.97	8.3138	7206.97	8.3118	3017	25.7935	unclassified	chr12	123203560	123206548	5	2985	-	2989	2979	2967	1	9	12	60	0.987736	0.995972	0.99264	0
PBE28937_skip_2b89ea88_3b9ca4f8_8.pod5	c19304bb-5999-4a05-af4c-c5c7be2ea5ae	3b9ca4f88a42f77bab4ca6ec1b82bfcac9de0ade	136	4	7128.23	85.892	7128.23	85.89	28723	29.1684	unclassified	chr17	2584350	2613009	2	28689	-	28732	28614	28575	73	45	39	60	0.998747	0.998637	0.994536	0
PBE28937_skip_2b89ea88_3b9ca4f8_8.pod5	df8313c7-df2c-4a7d-8b78-c460861b0397	3b9ca4f88a42f77bab4ca6ec1b82bfcac9de0ade	2322	3	7168.51	44.5556	7168.63	44.4408	16695	26.9126	unclassified	chr19	50124860	50140065	1	15314	+	15384	15134	14903	179	71	231	60	0.917221	0.984736	0.968734	0
PBE28937_skip_2b89ea88_3b9ca4f8_8.pod5	f97f1654-d7b9-4006-bce0-b9c2f925435a	3b9ca4f88a42f77bab4ca6ec1b82bfcac9de0ade	399	3	7212.86	2.5688	7212.86	2.5668	530	2.48858	unclassified	*	-1	-1	-1	-1	*	0	0	0	0	0	0	0	0	0	0	0
PBE28937_skip_2b89ea88_3b9ca4f8_8.pod5	a155519d-8635-4a60-a8b8-b1619e7aacd9	3b9ca4f88a42f77bab4ca6ec1b82bfcac9de0ade	2166	1	7213.42	2.0684	7213.51	1.98	753	31.045	unclassified	chr9	137622866	137623612	0	744	+	747	743	741	1	3	2	60	0.988048	0.997308	0.991968	0
PBE28937_skip_2b89ea88_3b9ca4f8_8.pod5	ff427536-369c-4ace-96e6-d5ffc4ea550c	3b9ca4f88a42f77bab4ca6ec1b82bfcac9de0ade	2156	1	7205.93	9.3262	7205.93	9.3242	3266	7.26715	unclassified	chr1	169059827	169063184	3	3165	-	3494	3025	2721	137	332	304	48	0.968157	0.899504	0.778764	0
PBE28937_skip_2b89ea88_3b9ca4f8_8.pod5	6c9873c9-863e-4be1-b990-fa08cdf13d5a	3b9ca4f88a42f77bab4ca6ec1b82bfcac9de0ade	1147	1	7150.43	64.1756	7150.54	64.062	26016	31.4343	unclassified	chr5	10486490	10512528	0	26009	+	26054	25993	25970	16	45	23	60	0.999731	0.999115	0.996776	0
PBE28937_skip_2b89ea88_3b9ca4f8_8.pod5	3f049049-1e08-4fce-b0b8-bda6687040bc	3b9ca4f88a42f77bab4ca6ec1b82bfcac9de0ade	315	1	7198.28	17.0474	7198.28	17.0454	6827	10.4216	unclassified	chr1	54158446	54165352	6	6773	+	7067	6606	6266	161	300	340	60	0.991211	0.948532	0.886656	0
PBE28937_skip_2b89ea88_3b9ca4f8_8.pod5	6b162151-16c8-44d0-8537-80de439bb4af	3b9ca4f88a42f77bab4ca6ec1b82bfcac9de0ade	2188	2	7197.05	18.3908	7197.17	18.2748	6691	25.4956	unclassified	chr1	16711723	16718398	6	6691	-	6699	6661	6630	24	14	31	60	0.999103	0.995346	0.9897	0
PBE28937_skip_2b89ea88_3b9ca4f8_8.pod5	e3a05f31-254a-4b93-8266-bd8f32e11eb8	3b9ca4f88a42f77bab4ca6ec1b82bfcac9de0ade	511	2	7130.32	83.9748	7130.32	83.9728	37904	10.9155	unclassified	chr9	109966129	110004718	10	37871	-	39360	37090	35474	771	1499	1616	60	0.998866	0.95643	0.90127	0
PBE28937_skip_2b89ea88_3b9ca4f8_8.pod5	48f8de16-438c-4e3b-8157-8c25117769ba	3b9ca4f88a42f77bab4ca6ec1b82bfcac9de0ade	554	2	7212.15	2.7944	7212.15	2.7924	654	2.98985	unclassified	*	-1	-1	-1	-1	*	0	0	0	0	0	0	0	0	0	0	0
PBE28937_skip_2b89ea88_3b9ca4f8_8.pod5	1ad508c5-1785-465a-9a13-2105edd6ad52	3b9ca4f88a42f77bab4ca6ec1b82bfcac9de0ade	725	4	7183.69	31.4196	7183.69	31.4176	13584	19.8978	unclassified	chr4	135463294	135476834	6	13548	-	13592	13490	13406	52	50	84	60	0.996908	0.993773	0.986315	0
PBE28937_skip_2b89ea88_3b9ca4f8_8.pod5	73948b99-506b-4aa0-bfc3-73e87ccafa06	3b9ca4f88a42f77bab4ca6ec1b82bfcac9de0ade	1881	2	7157.43	55.5922	7157.44	55.5902	22328	27.5999	unclassified	chr12	63968206	63990525	0	22296	-	22339	22276	22256	20	43	20	60	0.998567	0.999102	0.996285	0
PBE28937_skip_2b89ea88_3b9ca4f8_8.pod5	fe20200c-d17f-4f5e-9dc0-079a5db3752c	3b9ca4f88a42f77bab4ca6ec1b82bfcac9de0ade	1028	1	7213.69	2.082	7213.69	2.08	426	2.28425	unclassified	*	-1	-1	-1	-1	*	0	0	0	0	0	0	0	0	0	0	0
PBE28937_skip_2b89ea88_3b9ca4f8_8.pod5	58e6620d-9996-4d8b-bdb9-b5ad0dbff8a2	3b9ca4f88a42f77bab4ca6ec1b82bfcac9de0ade	646	4	7173.2	41.9144	7173.29	41.8224	15418	35.5929	unclassified	chr10	115620912	115636304	8	15418	-	15426	15376	15354	34	16	22	60	0.999481	0.998569	0.995333	0
PBE28937_skip_2b89ea88_3b9ca4f8_8.pod5	c1f8bb07-3425-42ba-800c-3a7c06d33035	3b9ca4f88a42f77bab4ca6ec1b82bfcac9de0ade	268	4	7203.8	11.9132	7203.9	11.8164	4234	26.8292	unclassified	chr22	47277964	47282193	0	4227	+	4231	4225	4221	2	4	4	60	0.998347	0.999053	0.997636	0
PBE28937_skip_2b89ea88_3b9ca4f8_8.pod5	e310b1fc-baa5-464e-9f9b-fc63ec4485bb	3b9ca4f88a42f77bab4ca6ec1b82bfcac9de0ade	176	1	7208.55	7.3616	7208.71	7.206	2569	34.1681	unclassified	chr10	109745655	109748202	7	2555	-	2549	2546	2545	2	1	1	60	0.991826	0.999607	0.998431	0
PBE28937_skip_2b89ea88_3b9ca4f8_8.pod5	4f4d1ce6-7857-40e6-be49-eafdca0f694e	3b9ca4f88a42f77bab4ca6ec1b82bfcac9de0ade	36	1	7195.61	19.7804	7195.77	19.626	7872	36.3948	unclassified	chr3	111469306	111477171	0	7865	+	7867	7863	7853	2	2	10	60	0.999111	0.998728	0.99822	0
PBE28937_skip_2b89ea88_3b9ca4f8_8.pod5	94741d64-c1b5-4bf6-91e0-cbaee4d18cf0	3b9ca4f88a42f77bab4ca6ec1b82bfcac9de0ade	749	2	7196.74	9.9488	7196.95	9.7368	3644	28.8149	unclassified	chr13	64756444	64760086	1	3642	+	3644	3639	3635	2	3	4	60	0.999177	0.998901	0.99753	0
PBE28937_skip_2b89ea88_3b9ca4f8_8.pod5	0d07fda7-5219-4c05-b1d2-e66cc6cec661	3b9ca4f88a42f77bab4ca6ec1b82bfcac9de0ade	1228	2	7210.78	5.1674	7210.78	5.1654	1953	10.6418	unclassified	chr2	71999230	72001209	12	1953	-	2031	1889	1814	52	90	75	60	0.993856	0.960296	0.893156	0
PBE28937_skip_2b89ea88_3b9ca4f8_8.pod5	420e74a9-c657-4cf2-9e87-8ab5b6c1e1fe	3b9ca4f88a42f77bab4ca6ec1b82bfcac9de0ade	2296	1	7156.36	58.904	7156.47	58.7988	28784	23.1243	unclassified	chr18	26888432	26917224	0	28782	+	28862	28712	28596	70	80	116	60	0.999931	0.99596	0.990784	0
PBE28937_skip_2b89ea88_3b9ca4f8_8.pod5	cde03a2a-312f-4cab-b041-fe04d934157b	3b9ca4f88a42f77bab4ca6ec1b82bfcac9de0ade	2380	4	7150.31	63.8	7150.31	63.798	26283	33.8393	unclassified	chr5	46856021	46886183	11	26255	-	30167	26239	25981	5	3923	258	8	0.998516	0.990167	0.861239	0
PBE28937_skip_2b89ea88_3b9ca4f8_8.pod5	145d64c6-3a5c-4603-b577-f1cec06e3e35	3b9ca4f88a42f77bab4ca6ec1b82bfcac9de0ade	1829	4	7165.53	49.7768	7165.63	49.68	19967	22.9978	unclassified	chr12	58367523	58387497	4	19967	-	20021	19916	19838	47	58	78	60	0.9998	0.996084	0.99086	0
PBE28937_skip_2b89ea88_3b9ca4f8_8.pod5	f7c075eb-d470-4805-81ef-bebdc6f04da7	3b9ca4f88a42f77bab4ca6ec1b82bfcac9de0ade	1477	1	7187.32	28.3748	7187.41	28.2888	12023	20.9406	unclassified	chr13	49853860	49865898	0	12007	+	12068	11977	11909	30	61	68	60	0.998669	0.994322	0.986825	0
PBE28937_skip_2b89ea88_3b9ca4f8_8.pod5	c6ac43e2-39cb-42a8-93d1-b0d6f6f2c229	3b9ca4f88a42f77bab4ca6ec1b82bfcac9de0ade	2239	4	7128.56	85.3352	7128.73	85.1652	35322	26.5713	unclassified	chr13	46756615	46791953	0	35311	+	35381	35268	35210	43	70	58	60	0.999689	0.998355	0.995167	0
PBE28937_skip_2b89ea88_3b9ca4f8_8.pod5	ba292203-12be-45e7-947f-56d4bba44c6c	3b9ca4f88a42f77bab4ca6ec1b82bfcac9de0ade	2595	3	7174.98	40.0928	7175.11	39.9648	13855	25.2862	unclassified	chr13	63858113	63871960	5	13855	-	13875	13822	13792	28	25	30	60	0.999639	0.99783	0.994018	0
PBE28937_skip_2b89ea88_3b9ca4f8_8.pod5	e5fd071b-a702-43d2-ad87-060b2f2fb554	3b9ca4f88a42f77bab4ca6ec1b82bfcac9de0ade	1828	3	7209.43	6.193	7209.43	6.191	1372	3.38374	unclassified	*	-1	-1	-1	-1	*	0	0	0	0	0	0	0	0	0	0	0
PBE28937_skip_2b89ea88_3b9ca4f8_8.pod5	1cf760c2-5aa0-4a67-b3eb-9757200192e8	3b9ca4f88a42f77bab4ca6ec1b82bfcac9de0ade	2892	2	7173.68	41.8124	7173.78	41.7132	16196	28.1478	unclassified	chr7	72763321	72779500	5	16196	-	16205	16165	16152	26	14	13	60	0.999691	0.999196	0.996729	0
PBE28937_skip_2b89ea88_3b9ca4f8_8.pod5	b8b90b54-bc64-4dad-9347-f15daafb2b3d	3b9ca4f88a42f77bab4ca6ec1b82bfcac9de0ade	2481	4	7185.87	29.4548	7186.01	29.31	11619	31.2187	unclassified	chr20	26940577	26952025	0	11612	+	11631	11429	11065	183	19	364	1	0.999398	0.968151	0.951337	0
PBE28937_skip_2b89ea88_3b9ca4f8_8.pod5	e6a025d9-ce9d-4e29-b069-ef98eb9d0b2e	3b9ca4f88a42f77bab4ca6ec1b82bfcac9de0ade	1674	4	7182.36	33.2024	7182.58	32.9808	9093	25.2043	unclassified	chr13	59730241	59739331	0	9088	+	9096	9082	9057	6	8	25	60	0.99945	0.997247	0.995712	0
PBE28937_skip_2b89ea88_3b9ca4f8_8.pod5	1ddb8ad4-4351-4222-8035-e7311ad3d783	3b9ca4f88a42f77bab4ca6ec1b82bfcac9de0ade	2562	2	7161.51	53.1698	7161.51	53.1678	12464	16.3286	unclassified	chr15	99286417	99298511	31	12457	+	12465	12055	11993	371	39	62	60	0.996951	0.994857	0.962134	0
PBE28937_skip_2b89ea88_3b9ca4f8_8.pod5	bddcf270-bdad-4ede-aedd-e586c8998904	3b9ca4f88a42f77bab4ca6ec1b82bfcac9de0ade	873	2	7176.84	38.7884	7176.96	38.6676	15712	22.4332	unclassified	chr13	99990013	100005724	16	15712	-	15744	15663	15587	33	48	76	60	0.998982	0.995148	0.990028	0
PBE28937_skip_2b89ea88_3b9ca4f8_8.pod5	431c6979-85ab-4dc3-a0b0-8699120dea11	3b9ca4f88a42f77bab4ca6ec1b82bfcac9de0ade	2231	3	7149.18	66.4446	7149.18	66.4426	13486	2.8451	unclassified	*	-1	-1	-1	-1	*	0	0	0	0	0	0	0	0	0	0	0
PBE28937_skip_2b89ea88_3b9ca4f8_8.pod5	55efc873-bb5f-4fcd-8e89-c859be366ad0	3b9ca4f88a42f77bab4ca6ec1b82bfcac9de0ade	327	1	7208.1	7.9016	7208.27	7.7328	2510	34.3177	unclassified	chr2	166314057	166316566	0	2510	+	2511	2508	2508	2	1	0	60	1	1	0.998805	0
PBE28937_skip_2b89ea88_3b9ca4f8_8.pod5	18f4a3a1-a993-4c75-a62c-a1cca30ef86c	3b9ca4f88a42f77bab4ca6ec1b82bfcac9de0ade	1763	2	7211.88	3.9594	7211.88	3.9574	967	2.56056	unclassified	*	-1	-1	-1	-1	*	0	0	0	0	0	0	0	0	0	0	0
PBE28937_skip_2b89ea88_3b9ca4f8_8.pod5	875c0abf-42d0-42ad-9173-60a1aea76ed4	3b9ca4f88a42f77bab4ca6ec1b82bfcac9de0ade	2388	2	7211.22	4.8368	7211.36	4.6992	2103	26.2038	unclassified	chr11	37115021	37117119	0	2096	+	2102	2092	2089	4	6	3	60	0.996671	0.998566	0.993815	0
PBE28937_skip_2b89ea88_3b9ca4f8_8.pod5	cded012e-1400-4886-8784-9f8c4248e9e2	3b9ca4f88a42f77bab4ca6ec1b82bfcac9de0ade	661	3	7210.61	5.4532	7210.61	5.4512	1677	5.69924	unclassified	*	-1	-1	-1	-1	*	0	0	0	0	0	0	0	0	0	0	0
PBE28937_skip_2b89ea88_3b9ca4f8_8.pod5	80ba4ef9-0028-41ec-9e13-9d691c2c04ae	3b9ca4f88a42f77bab4ca6ec1b82bfcac9de0ade	280	1	7126.39	84.3056	7126.53	84.1596	38542	25.8795	unclassified	chr4	100626367	100664838	0	38533	+	38578	38426	38330	107	45	96	60	0.999766	0.997502	0.993571	0
PBE28937_skip_2b89ea88_3b9ca4f8_8.pod5	788bf39f-fd09-42ee-adba-1ca7c903478d	3b9ca4f88a42f77bab4ca6ec1b82bfcac9de0ade	459	4	7116.01	87.734	7116.08	87.6612	39176	24.0989	unclassified	chr12	46824974	46864157	6	39176	-	39259	39094	38962	76	89	132	60	0.999847	0.996624	0.992435	0
PBE28937_skip_2b89ea88_3b9ca4f8_8.pod5	bbe6b298-1823-4301-950f-b3de090eb62e	3b9ca4f88a42f77bab4ca6ec1b82bfcac9de0ade	683	3	7124.53	90.0868	7124.53	90.0848	38435	19.6014	unclassified	chr5	116282567	116320928	53	38429	+	38570	38167	37891	209	194	276	60	0.998465	0.992769	0.982396	0
PBE28937_skip_2b89ea88_3b9ca4f8_8.pod5	a5eefc29-f505-442f-83c6-85b02952a7a3	3b9ca4f88a42f77bab4ca6ec1b82bfcac9de0ade	789	4	7179.4	36.404	7179.55	36.2544	15074	30.6998	unclassified	chr15	71035829	71050897	6	15074	-	15080	15056	15048	12	12	8	60	0.999602	0.999469	0.997878	0
PBE28937_skip_2b89ea88_3b9ca4f8_8.pod5	b5350b59-ed46-4f1d-ba69-5a6512c32c6e	3b9ca4f88a42f77bab4ca6ec1b82bfcac9de0ade	1173	3	7212.56	3.6932	7212.71	3.5412	1167	32.2895	unclassified	chr1	111631893	111633060	4	1167	+	1167	1163	1163	0	4	0	60	0.996572	1	0.996572	0
PBE28937_skip_2b89ea88_3b9ca4f8_8.pod5	f91ff8e3-70ff-4b8b-a512-2eee239352a5	3b9ca4f88a42f77bab4ca6ec1b82bfcac9de0ade	2633	1	7193.12	22.9036	7193.12	22.9016	9304	25.8347	unclassified	chr1	220183300	220192572	27	9297	+	9286	9256	9240	14	16	16	60	0.996346	0.998271	0.995046	0
PBE28937_skip_2b89ea88_3b9ca4f8_8.pod5	dd7db800-afab-44e5-9712-d45a8a26d9f2	3b9ca4f88a42f77bab4ca6ec1b82bfcac9de0ade	2053	4	7126.68	88.052	7126.84	87.8928	30453	21.686	unclassified	chr5	160719797	160750286	6	30453	-	30566	30370	30249	77	119	121	60	0.999803	0.996016	0.989629	0
PBE28937_skip_2b89ea88_3b9ca4f8_8.pod5	672c76ad-525e-428e-9d95-c369691efbb4	3b9ca4f88a42f77bab4ca6ec1b82bfcac9de0ade	2262	4	7184.43	31.1444	7184.59	30.9876	12809	27.2136	unclassified	chr21	8239298	8252087	5	12809	-	12860	12733	12699	71	56	34	1	0.99961	0.99733	0.987481	0
PBE28937_skip_2b89ea88_3b9ca4f8_8.pod5	d361f033-31c9-4206-bbc8-959105e9d8fe	3b9ca4f88a42f77bab4ca6ec1b82bfcac9de0ade	323	4	7179.78	36.3744	7179.78	36.3724	8712	12.7508	unclassified	chr9	136717205	136726011	7	8680	-	8986	8493	8233	180	313	260	60	0.995523	0.969387	0.916203	0
PBE28937_skip_2b89ea88_3b9ca4f8_8.pod5	59a491ab-541d-47ee-97ea-a65c58d7a55a	3b9ca4f88a42f77bab4ca6ec1b82bfcac9de0ade	973	1	7192.98	22.1312	7193.09	22.02	8785	25.3888	unclassified	chr1	20785893	20794657	0	8772	+	8787	8749	8739	23	15	10	60	0.99852	0.998857	0.994537	0
PBE28937_skip_2b89ea88_3b9ca4f8_8.pod5	7d8ea6b5-59fb-426c-86e9-5923d203dffa	3b9ca4f88a42f77bab4ca6ec1b82bfcac9de0ade	657	1	7182.77	33.584	7182.91	33.4416	12928	29.2197	unclassified	chr7	70277502	70290436	5	12928	-	12957	12900	12891	23	34	9	60	0.999613	0.999302	0.994906	0
PBE28937_skip_2b89ea88_3b9ca4f8_8.pod5	0506ea8a-e84d-41bd-a83b-8a2cadb96684	3b9ca4f88a42f77bab4ca6ec1b82bfcac9de0ade	870	4	7178.36	38.0068	7178.36	38.0048	14466	30.7496	unclassified	chrX	28691016	28705436	8	14433	-	14433	14412	14407	13	8	5	60	0.997166	0.999653	0.998199	0
PBE28937_skip_2b89ea88_3b9ca4f8_8.pod5	0126d6ba-da0a-4598-a4a7-cd655ebaab7b	3b9ca4f88a42f77bab4ca6ec1b82bfcac9de0ade	2377	4	7211.05	5.2988	7211.19	5.1636	1944	27.5244	unclassified	chr7	82129471	82131407	6	1944	-	1940	1934	1932	4	2	2	60	0.996914	0.998966	0.995876	0
PBE28937_skip_2b89ea88_3b9ca4f8_8.pod5	623a03ee-98fd-4720-90a5-c7fd9084d70b	3b9ca4f88a42f77bab4ca6ec1b82bfcac9de0ade	2120	4	7203.21	13.0376	7203.32	12.924	4704	20.3586	unclassified	chr14	50595753	50600443	0	4698	+	4729	4659	4631	39	31	28	60	0.998724	0.99399	0.979277	0
PBE28937_skip_2b89ea88_3b9ca4f8_8.pod5	bad02568-4860-47e3-be6c-3cdcb7406d0b	3b9ca4f88a42f77bab4ca6ec1b82bfcac9de0ade	2526	3	7209.66	6.7036	7209.67	6.7016	2641	24.0049	unclassified	chr14	21223075	21225684	0	2609	-	2612	2606	2603	3	3	3	60	0.987883	0.998849	0.996554	0
PBE28937_skip_2b89ea88_3b9ca4f8_8.pod5	e2acd1bd-73c0-483c-8395-41c69098e7d4	3b9ca4f88a42f77bab4ca6ec1b82bfcac9de0ade	2081	4	7136.18	78.344	7136.28	78.2424	28704	13.1406	unclassified	chr15	23314440	23340298	2842	28704	-	25982	25738	25617	124	120	121	60	0.900989	0.995299	0.985952	0
PBE28937_skip_2b89ea88_3b9ca4f8_8.pod5	3ba01c62-d91b-4d4b-a8e8-a21c8b2c7d66	3b9ca4f88a42f77bab4ca6ec1b82bfcac9de0ade	540	1	7156.49	59.6648	7156.6	59.5584	23594	27.0947	unclassified	chr21	34207665	34231118	0	23588	+	23627	23414	23351	174	39	63	60	0.999746	0.997309	0.988318	0
PBE28937_skip_2b89ea88_3b9ca4f8_8.pod5	8dc0d425-e090-4860-8a97-8de397833828	3b9ca4f88a42f77bab4ca6ec1b82bfcac9de0ade	1910	3	7104.27	102.913	7104.41	102.775	29913	10.1654	unclassified	chr12	109507041	109532519	4156	29913	-	26181	25054	24618	703	424	436	60	0.861064	0.982598	0.9403	0
PBE28937_skip_2b89ea88_3b9ca4f8_8.pod5	86c5baf5-e18b-455d-bc53-693039f2fcc5	3b9ca4f88a42f77bab4ca6ec1b82bfcac9de0ade	2654	2	7189.9	26.2676	7190.02	26.1444	9906	29.114	unclassified	chr4	130878388	130888309	0	9897	+	9936	9882	9854	15	39	28	60	0.999091	0.997167	0.991747	0
PBE28937_skip_2b89ea88_3b9ca4f8_8.pod5	611a8753-2ec9-497f-8581-4da912bb6d65	3b9ca4f88a42f77bab4ca6ec1b82bfcac9de0ade	1341	3	7178.29	37.8068	7178.3	37.8048	15347	22.0624	unclassified	chr5	100527714	100543043	32	15342	+	15350	15289	15234	21	40	55	60	0.997589	0.996403	0.992443	0
PBE28937_skip_2b89ea88_3b9ca4f8_8.pod5	0ce13d70-ea78-4189-bd3b-083da9c46f3a	3b9ca4f88a42f77bab4ca6ec1b82bfcac9de0ade	1654	1	7185.2	21.968	7185.3	21.8664	9070	29.3589	unclassified	chr18	27434012	27443081	0	9070	+	9076	9063	9055	7	6	8	60	1	0.999117	0.997686	0
PBE28937_skip_2b89ea88_3b9ca4f8_8.pod5	d8c364c1-3729-456f-adb3-ef7722921cf9	3b9ca4f88a42f77bab4ca6ec1b82bfcac9de0ade	1364	4	7211.96	4.6946	7211.96	4.6926	1065	2.5199	unclassified	*	-1	-1	-1	-1	*	0	0	0	0	0	0	0	0	0	0	0
PBE28937_skip_2b89ea88_3b9ca4f8_8.pod5	9d48cf58-be5a-4339-b423-9b4d3f00dc0b	3b9ca4f88a42f77bab4ca6ec1b82bfcac9de0ade	207	4	7170.91	45.4292	7171.01	45.3228	17182	32.3445	unclassified	chr4	114231106	114248235	7	17182	-	17184	17120	17088	55	9	32	60	0.999593	0.998131	0.994413	0
PBE28937_skip_2b89ea88_3b9ca4f8_8.pod5	fdfc928b-479b-42ab-b55b-e5f8c0e9f697	3b9ca4f88a42f77bab4ca6ec1b82bfcac9de0ade	536	1	7184.9	31.7732	7184.99	31.6812	14013	26.8945	unclassified	chr16	64303470	64317476	6	14013	-	14030	13983	13941	24	23	42	60	0.999572	0.996996	0.993656	0
PBE28937_skip_2b89ea88_3b9ca4f8_8.pod5	4bcf25e2-ca85-45e7-aca5-11b58acfa47f	3b9ca4f88a42f77bab4ca6ec1b82bfcac9de0ade	2331	4	7209.43	7.2108	7209.43	7.2088	1243	3.29408	unclassified	*	-1	-1	-1	-1	*	0	0	0	0	0	0	0	0	0	0	0
PBE28937_skip_2b89ea88_3b9ca4f8_8.pod5	379f09fc-9b61-47fc-bbb8-a64244680b3e	3b9ca4f88a42f77bab4ca6ec1b82bfcac9de0ade	903	4	7215.13	1.6614	7215.13	1.6594	430	3.69805	unclassified	*	-1	-1	-1	-1	*	0	0	0	0	0	0	0	0	0	0	0
PBE28937_skip_2b89ea88_3b9ca4f8_8.pod5	66011df1-14f4-47ad-b820-af1748772b5e	3b9ca4f88a42f77bab4ca6ec1b82bfcac9de0ade	1246	4	7184.01	31.9052	7184.15	31.764	13525	28.368	unclassified	chr14	35887040	35900579	7	13525	-	13549	13508	13489	10	31	19	60	0.999482	0.998593	0.995572	0
PBE28937_skip_2b89ea88_3b9ca4f8_8.pod5	5a2a783a-83e6-4e59-8ca6-324adfb6d117	3b9ca4f88a42f77bab4ca6ec1b82bfcac9de0ade	314	3	7201.52	15.074	7201.71	14.8836	5320	26.2051	unclassified	chr16	47390756	47396061	7	5320	-	5323	5295	5288	18	10	7	60	0.998684	0.998678	0.993425	0
PBE28937_skip_2b89ea88_3b9ca4f8_8.pod5	d6210a7e-b0a7-41cf-a976-77cb2e2bff92	3b9ca4f88a42f77bab4ca6ec1b82bfcac9de0ade	1914	1	7214.08	2.4156	7214.08	2.4136	846	25.2405	unclassified	chr14	90359128	90359934	0	807	-	807	806	804	1	0	2	60	0.953901	0.997519	0.996283	0
PBE28937_skip_2b89ea88_3b9ca4f8_8.pod5	20e599b3-c979-4627-8739-6e136970c614	3b9ca4f88a42f77bab4ca6ec1b82bfcac9de0ade	2891	1	7195.54	20.0588	7195.66	19.9368	8369	26.1541	unclassified	chr6	169594554	169602942	6	8369	-	8395	8356	8328	7	32	28	60	0.999283	0.996649	0.992019	0
PBE28937_skip_2b89ea88_3b9ca4f8_8.pod5	2e37f176-3e2d-42ee-a980-6f9a937ef8c0	3b9ca4f88a42f77bab4ca6ec1b82bfcac9de0ade	284	2	7215.37	1.4086	7215.37	1.4066	338	2.14373	unclassified	*	-1	-1	-1	-1	*	0	0	0	0	0	0	0	0	0	0	0
PBE28937_skip_2b89ea88_3b9ca4f8_8.pod5	b1e56842-e182-472c-8f23-182978a94fb9	3b9ca4f88a42f77bab4ca6ec1b82bfcac9de0ade	2053	4	7215.31	1.6688	7215.43	1.5432	574	19.6047	unclassified	chr6	958254	958814	12	574	-	564	558	557	4	2	1	60	0.979094	0.998208	0.987589	0
PBE28937_skip_2b89ea88_3b9ca4f8_8.pod5	df63a26b-eed6-480c-afe1-588974335b46	3b9ca4f88a42f77bab4ca6ec1b82bfcac9de0ade	2630	3	7209.01	7.5222	7209.01	7.5202	1758	3.00684	unclassified	*	-1	-1	-1	-1	*	0	0	0	0	0	0	0	0	0	0	0
PBE28937_skip_2b89ea88_3b9ca4f8_8.pod5	b51ef1ca-1c0e-4ce3-93ef-880c9876d3e3	3b9ca4f88a42f77bab4ca6ec1b82bfcac9de0ade	1394	2	7198.23	18.7184	7198.35	18.5904	6924	30.0436	unclassified	chrX	66805356	66812276	4	6924	-	6923	6917	6912	3	3	5	60	0.999422	0.999277	0.998411	0
PBE28937_skip_2b89ea88_3b9ca4f8_8.pod5	2df2c590-aa58-4cd9-bf56-37ed4a81dd4a	3b9ca4f88a42f77bab4ca6ec1b82bfcac9de0ade	2201	1	7207.14	9.8896	7207.14	9.8876	4074	7.08236	unclassified	chr3	78825685	78829795	31	3938	-	4257	3760	3331	147	350	429	60	0.959008	0.885904	0.782476	0
PBE28937_skip_2b89ea88_3b9ca4f8_8.pod5	35e34b0c-f4d3-4654-a66d-833462786cd7	3b9ca4f88a42f77bab4ca6ec1b82bfcac9de0ade	2934	1	7206.48	10.5152	7206.62	10.38	4127	30.815	unclassified	chr2	58363179	58367300	0	4119	+	4122	4118	4114	1	3	4	60	0.998062	0.999029	0.998059	0
PBE28937_skip_2b89ea88_3b9ca4f8_8.pod5	5be702f0-4e9b-41b2-96cf-cc8bdc2c6717	3b9ca4f88a42f77bab4ca6ec1b82bfcac9de0ade	2200	4	7195.89	20.2568	7195.98	20.1708	9513	22.7265	unclassified	chr22	50170279	50179817	9	9513	-	9553	9489	9471	15	49	18	60	0.999054	0.998103	0.991416	0
PBE28937_skip_2b89ea88_3b9ca4f8_8.pod5	f6082781-a781-410d-bbbc-8f1d296c8e9a	3b9ca4f88a42f77bab4ca6ec1b82bfcac9de0ade	2039	1	7188.3	27.7016	7188.43	27.5784	10826	16.6186	unclassified	chr3	184470428	184481294	0	10821	+	10940	10747	10632	74	119	115	60	0.999538	0.989299	0.971846	0
PBE28937_skip_2b89ea88_3b9ca4f8_8.pod5	135d2ed7-613b-479a-80a2-7ac470bda11f	3b9ca4f88a42f77bab4ca6ec1b82bfcac9de0ade	715	4	7200.04	17.2128	7200.04	17.2108	6566	13.6272	unclassified	chr8	63736323	63742860	0	6515	-	6655	6397	6236	118	140	161	60	0.992233	0.974832	0.93704	0
PBE28937_skip_2b89ea88_3b9ca4f8_8.pod5	851d4d2c-e222-4db2-a2ff-fce8ff710083	3b9ca4f88a42f77bab4ca6ec1b82bfcac9de0ade	1979	3	7124.07	90.1628	7124.24	89.9856	35560	28.4063	unclassified	chr1	230743336	230778969	0	35554	+	35660	35527	35450	27	106	77	60	0.999831	0.997833	0.994111	0
PBE28937_skip_2b89ea88_3b9ca4f8_8.pod5	c2ae0c91-480c-43d3-9b41-77b8e4d8dee0	3b9ca4f88a42f77bab4ca6ec1b82bfcac9de0ade	1989	1	7119.07	96.7448	7119.24	96.5736	37826	26.7599	unclassified	chr17	6095922	6133715	0	37817	+	37874	37736	37633	81	57	103	60	0.999762	0.997271	0.993637	0
PBE28937_skip_2b89ea88_3b9ca4f8_8.pod5	b46410a7-4ff2-401d-bacc-9ea9c510acd5	3b9ca4f88a42f77bab4ca6ec1b82bfcac9de0ade	1708	2	7191.06	25.885	7191.06	25.883	7114	7.02466	unclassified	chrX	55716001	55723382	1	7087	+	7715	6752	6078	334	629	674	60	0.996064	0.900178	0.787816	0
PBE28937_skip_2b89ea88_3b9ca4f8_8.pod5	c521e191-0bbc-4d5a-aee2-1d8dd8b36bb8	3b9ca4f88a42f77bab4ca6ec1b82bfcac9de0ade	2964	1	7184.21	32.1908	7184.35	32.0592	12900	28.9541	unclassified	chr2	22029970	22042887	0	12892	+	12919	12890	12874	2	27	16	60	0.99938	0.998759	0.996517	0
PBE28937_skip_2b89ea88_3b9ca4f8_8.pod5	57f47c04-d032-42af-81b4-86a5b2a17833	3b9ca4f88a42f77bab4ca6ec1b82bfcac9de0ade	1118	4	7214.38	2.7588	7214.38	2.7568	645	2.37716	unclassified	*	-1	-1	-1	-1	*	0	0	0	0	0	0	0	0	0	0	0
PBE28937_skip_2b89ea88_3b9ca4f8_8.pod5	f019a21f-43c6-49cd-8b19-e62219128b9c	3b9ca4f88a42f77bab4ca6ec1b82bfcac9de0ade	1484	3	7213.35	3.799	7213.35	3.797	738	2.31604	unclassified	*	-1	-1	-1	-1	*	0	0	0	0	0	0	0	0	0	0	0
PBE28937_skip_2b89ea88_3b9ca4f8_8.pod5	d0180e90-2753-4b7b-a451-369b27137db4	3b9ca4f88a42f77bab4ca6ec1b82bfcac9de0ade	1599	3	7215.33	1.9988	7215.46	1.866	750	27.5113	unclassified	chr6	5694733	5695436	10	713	-	704	702	702	1	1	0	60	0.937333	1	0.997159	0
PBE28937_skip_2b89ea88_3b9ca4f8_8.pod5	7dc82ce7-7591-458a-a610-93db53dbbfdf	3b9ca4f88a42f77bab4ca6ec1b82bfcac9de0ade	1719	3	7142.61	22.3604	7142.61	22.3584	9398	19.2213	unclassified	chr10	41857415	41860544	1975	5104	+	3310	2948	2500	181	181	448	1	0.332943	0.848033	0.755287	0
PBE28937_skip_2b89ea88_3b9ca4f8_8.pod5	8b72d595-961e-40ff-9894-24f1e9b90595	3b9ca4f88a42f77bab4ca6ec1b82bfcac9de0ade	1739	2	7205.14	12.1556	7205.24	12.0516	4865	34.5569	unclassified	chr19	34627777	34632631	6	4865	-	4859	4854	4848	5	0	6	60	0.998767	0.998764	0.997736	0
PBE28937_skip_2b89ea88_3b9ca4f8_8.pod5	e07e80f8-1973-4b5d-af9f-5465581be50b	3b9ca4f88a42f77bab4ca6ec1b82bfcac9de0ade	2187	3	7177.29	39.8572	7177.29	39.8552	8064	2.88703	unclassified	*	-1	-1	-1	-1	*	0	0	0	0	0	0	0	0	0	0	0
PBE28937_skip_2b89ea88_3b9ca4f8_8.pod5	9c792f9d-f47a-4fbb-96d9-e3cdca4e88f4	3b9ca4f88a42f77bab4ca6ec1b82bfcac9de0ade	48	2	7212.47	3.506	7212.47	3.504	686	5.75918	unclassified	*	-1	-1	-1	-1	*	0	0	0	0	0	0	0	0	0	0	0
PBE28937_skip_2b89ea88_3b9ca4f8_8.pod5	8f6c6767-3c3a-4f6d-9f63-9bddc1bf4b0f	3b9ca4f88a42f77bab4ca6ec1b82bfcac9de0ade	681	2	7192.73	23.914	7192.73	23.912	6539	16.1771	unclassified	chr14	72663127	72669636	46	6532	+	6552	6443	6345	43	66	98	60	0.991895	0.98479	0.968407	0
PBE28937_skip_2b89ea88_3b9ca4f8_8.pod5	7b0faadd-ce25-4236-a386-d5225bed2196	3b9ca4f88a42f77bab4ca6ec1b82bfcac9de0ade	1429	3	7120.55	94.7948	7120.63	94.7172	41495	24.5924	unclassified	chr14	26062242	26103759	0	41495	-	41585	41427	41304	68	90	123	60	1	0.997031	0.993243	0
PBE28937_skip_2b89ea88_3b9ca4f8_8.pod5	3ad9d9f1-d99e-4417-84a6-7b4af0952f6a	3b9ca4f88a42f77bab4ca6ec1b82bfcac9de0ade	665	3	7114.22	101.443	7114.22	101.441	38997	11.0968	unclassified	chr2	30103193	30142768	5	38967	-	40429	38108	36522	854	1467	1586	60	0.999102	0.958381	0.903361	0
PBE28937_skip_2b89ea88_3b9ca4f8_8.pod5	1cb64621-df27-45f1-9df0-f615ff1a74ea	3b9ca4f88a42f77bab4ca6ec1b82bfcac9de0ade	1825	3	7194.53	21.938	7194.65	21.8172	7992	24.6846	unclassified	chr1	209921053	209929064	0	7986	+	8025	7972	7947	14	39	25	60	0.999249	0.996864	0.99028	0
PBE28937_skip_2b89ea88_3b9ca4f8_8.pod5	0fb3d61e-2d43-4d5c-8e46-40ad895b7772	3b9ca4f88a42f77bab4ca6ec1b82bfcac9de0ade	765	2	7207.06	8.6092	7207.07	8.6072	3503	8.18452	unclassified	chr1	179882921	179886523	0	3466	-	3712	3356	3057	110	246	299	60	0.989438	0.910906	0.823545	0
PBE28937_skip_2b89ea88_3b9ca4f8_8.pod5	308c465f-ba39-48e1-a6a3-ba78d0de9d5a	3b9ca4f88a42f77bab4ca6ec1b82bfcac9de0ade	1438	4	7114.71	101.055	7114.82	100.949	38745	29.453	unclassified	chr7	73065161	73104012	0	38736	+	38918	38669	38611	67	182	58	6	0.999768	0.9985	0.992112	0
PBE28937_skip_2b89ea88_3b9ca4f8_8.pod5	f3167cf6-5aca-4d14-bc2f-792c642619a1	3b9ca4f88a42f77bab4ca6ec1b82bfcac9de0ade	2503	3	7171.79	44.6684	7171.9	44.562	20299	23.7264	unclassified	chr15	82147769	82168093	0	20290	+	20353	20261	20214	29	63	47	60	0.999557	0.99768	0.993171	0
PBE28937_skip_2b89ea88_3b9ca4f8_8.pod5	21ec0acc-8778-41f1-8d1e-89fbefadd5b8	3b9ca4f88a42f77bab4ca6ec1b82bfcac9de0ade	2464	2	7193.39	23.0024	7193.49	22.902	9513	25.892	unclassified	chr11	6886995	6896512	6	9512	-	9543	9480	9451	26	37	29	60	0.999264	0.996941	0.990359	0
PBE28937_skip_2b89ea88_3b9ca4f8_8.pod5	7ce26ffb-763e-4931-a10d-120f12ad63e8	3b9ca4f88a42f77bab4ca6ec1b82bfcac9de0ade	333	2	7165.01	52.1012	7165.16	51.9492	18713	27.9374	unclassified	chr5	180085673	180104563	0	18706	+	18912	18684	18637	22	206	47	60	0.999626	0.997485	0.985459	0
PBE28937_skip_2b89ea88_3b9ca4f8_8.pod5	d66f5156-d3a6-47b5-8bbf-8f3f7c3779f8	3b9ca4f88a42f77bab4ca6ec1b82bfcac9de0ade	1365	4	7214.59	2.9164	7214.59	2.9144	588	2.00849	unclassified	*	-1	-1	-1	-1	*	0	0	0	0	0	0	0	0	0	0	0
PBE28937_skip_2b89ea88_3b9ca4f8_8.pod5	ed6cb44e-b6dd-44d9-8908-0ff63248b4be	3b9ca4f88a42f77bab4ca6ec1b82bfcac9de0ade	882	4	7209.25	8.144	7209.34	8.052	3309	26.9452	unclassified	chr2	19264193	19267500	0	3301	+	3313	3295	3287	6	12	8	60	0.997582	0.997572	0.992152	0
PBE28937_skip_2b89ea88_3b9ca4f8_8.pod5	fb7b8cdd-53d2-4266-aa72-3e7e0d590f47	3b9ca4f88a42f77bab4ca6ec1b82bfcac9de0ade	160	2	7189.44	28.0756	7189.44	28.0736	10948	27.1519	unclassified	chr5	58440429	58451339	31	10942	+	10923	10898	10868	13	12	30	60	0.99662	0.997247	0.994965	0
PBE28937_skip_2b89ea88_3b9ca4f8_8.pod5	02679032-0e10-4aca-a2b0-4dc9fc876869	3b9ca4f88a42f77bab4ca6ec1b82bfcac9de0ade	2389	2	7182.93	34.1786	7182.93	34.1766	15424	26.4382	unclassified	chr1	167382623	167398014	10	15392	-	15404	15369	15338	13	22	31	60	0.997277	0.997983	0.995715	0
PBE28937_skip_2b89ea88_3b9ca4f8_8.pod5	c5a3f066-d4d2-4121-a7bf-76adafc3ee89	3b9ca4f88a42f77bab4ca6ec1b82bfcac9de0ade	542	1	7106.39	109.737	7106.39	109.735	39244	27.2758	unclassified	chr9	132364280	132403441	43	39235	+	39277	39076	38958	116	85	118	60	0.998675	0.99698	0.991878	0
PBE28937_skip_2b89ea88_3b9ca4f8_8.pod5	6ec06906-e2ac-4878-b4b6-4ebe84cb8853	3b9ca4f88a42f77bab4ca6ec1b82bfcac9de0ade	713	3	7138.69	69.296	7138.83	69.1536	21215	15.099	unclassified	chr11	43345942	43365423	0	20209	+	20253	19437	19415	772	44	22	60	0.952581	0.998868	0.958623	0
PBE28937_skip_2b89ea88_3b9ca4f8_8.pod5	4183fd96-0d80-4c56-a908-62d05070495f	3b9ca4f88a42f77bab4ca6ec1b82bfcac9de0ade	2379	4	7122.62	93.5844	7122.62	93.5824	38987	24.1339	unclassified	chr1	208535107	208574004	31	38977	+	39022	38821	38724	125	76	97	60	0.998948	0.997501	0.992363	0
PBE28937_skip_2b89ea88_3b9ca4f8_8.pod5	45d1e292-c999-4457-a5b0-1990ebaa2577	3b9ca4f88a42f77bab4ca6ec1b82bfcac9de0ade	1277	2	7204.08	13.523	7204.09	13.521	4951	17.4827	unclassified	chr1	210231254	210236202	9	4951	-	4988	4902	4847	40	46	55	60	0.998182	0.98878	0.971732	0
PBE28937_skip_2b89ea88_3b9ca4f8_8.pod5	c010642f-eecc-48e4-a80a-88e117e27898	3b9ca4f88a42f77bab4ca6ec1b82bfcac9de0ade	2337	2	7194.51	22.2764	7194.62	22.1724	10137	26.5177	unclassified	chr4	72973910	72984056	0	10130	+	10166	10110	10089	20	36	21	60	0.999309	0.997923	0.992426	0
PBE28937_skip_2b89ea88_3b9ca4f8_8.pod5	a0df1831-8abd-4fd2-9611-9fb17862d9c6	3b9ca4f88a42f77bab4ca6ec1b82bfcac9de0ade	1223	3	7155.29	61.8438	7155.29	61.8418	21830	11.9959	unclassified	chr3	21366841	21388749	28	21823	+	22321	21382	20699	413	526	683	60	0.998397	0.968057	0.927333	0
PBE28937_skip_2b89ea88_3b9ca4f8_8.pod5	23fb9142-a3f3-448f-b9b8-23180097e8db	3b9ca4f88a42f77bab4ca6ec1b82bfcac9de0ade	2019	2	7205.92	11.72	7206.16	11.4816	3852	25.6459	unclassified	chr17	349592	353430	0	3843	+	3847	3834	3823	9	4	11	60	0.997664	0.997131	0.993761	0
PBE28937_skip_2b89ea88_3b9ca4f8_8.pod5	5d53462f-7c12-4c16-bce0-dfa8f81ecfbe	3b9ca4f88a42f77bab4ca6ec1b82bfcac9de0ade	1943	2	7197.9	19.4648	7198.02	19.3488	7838	29.4532	unclassified	chr6	42937793	42945630	6	7838	-	7846	7823	7820	9	14	3	60	0.999234	0.999617	0.996686	0
PBE28937_skip_2b89ea88_3b9ca4f8_8.pod5	d93a0ae5-0df4-427f-bf21-a60a7c66a2cc	3b9ca4f88a42f77bab4ca6ec1b82bfcac9de0ade	1570	1	7203.17	14.246	7203.42	13.9956	2626	27.4109	unclassified	chr1	143217037	143219665	1	2626	+	2628	2625	2555	0	3	70	1	0.999619	0.973333	0.972222	0
PBE28937_skip_2b89ea88_3b9ca4f8_8.pod5	692a7705-6759-4844-b14f-551ba8cdb0fb	3b9ca4f88a42f77bab4ca6ec1b82bfcac9de0ade	586	1	7200.62	16.7936	7200.74	16.68	5697	26.8699	unclassified	chr7	156402907	156408587	0	5689	+	5693	5676	5672	13	4	4	60	0.998596	0.999295	0.996311	0
PBE28937_skip_2b89ea88_3b9ca4f8_8.pod5	0657092a-3596-4df1-baf5-9404c7adfd99	3b9ca4f88a42f77bab4ca6ec1b82bfcac9de0ade	638	3	7195.31	22.1852	7195.45	22.0452	8067	32.5579	unclassified	chr11	118016346	118024393	0	8055	+	8064	8038	7979	17	9	59	60	0.998512	0.99266	0.989459	0
PBE28937_skip_2b89ea88_3b9ca4f8_8.pod5	dc581629-6630-4d3c-8c44-997e9747a2ac	3b9ca4f88a42f77bab4ca6ec1b82bfcac9de0ade	1408	1	7189.22	28.1744	7189.37	28.0224	9832	30.5934	unclassified	chr10	122107639	122117509	0	9832	+	9892	9810	9773	22	60	37	60	1	0.996228	0.98797	0
PBE28937_skip_2b89ea88_3b9ca4f8_8.pod5	e99e5b40-d559-439c-ac08-fa7a3197b44a	3b9ca4f88a42f77bab4ca6ec1b82bfcac9de0ade	1994	1	7146.9	70.2668	7147.03	70.1316	27683	29.215	unclassified	chr2	225892512	225920198	0	27675	+	27714	27647	27588	28	39	59	60	0.999711	0.997866	0.995454	0
PBE28937_skip_2b89ea88_3b9ca4f8_8.pod5	11634ed8-3408-40c8-affe-bdb840c4dca4	3b9ca4f88a42f77bab4ca6ec1b82bfcac9de0ade	907	4	7184.3	33.4858	7184.3	33.4838	14150	10.7726	unclassified	chr2	121107418	121121690	7	14123	-	14688	13700	12883	416	572	817	60	0.997597	0.940365	0.877111	0
PBE28937_skip_2b89ea88_3b9ca4f8_8.pod5	bf45a330-7d6a-47bc-bafc-7ca4d01ce25b	3b9ca4f88a42f77bab4ca6ec1b82bfcac9de0ade	1276	4	7183.94	33.8832	7183.95	33.8812	14280	8.9549	unclassified	chr8	118706503	118721035	9	14248	-	14946	13825	12901	414	707	924	60	0.997129	0.933165	0.863174	0
PBE28937_skip_2b89ea88_3b9ca4f8_8.pod5	38b5582a-0e8c-47db-a061-bb3445bd796a	3b9ca4f88a42f77bab4ca6ec1b82bfcac9de0ade	2608	1	7182.49	34.2198	7182.49	34.2178	14393	21.5145	unclassified	chr13	16786323	16800695	24	14372	-	14386	14334	13956	14	38	378	1	0.996873	0.973629	0.97011	0
PBE28937_skip_2b89ea88_3b9ca4f8_8.pod5	adb47414-a82c-4bd5-9684-b6f83b07fef0	3b9ca4f88a42f77bab4ca6ec1b82bfcac9de0ade	1666	3	7212.03	5.906	7212.04	5.904	2390	45.2871	unclassified	chr1	122624266	122626647	0	2378	-	2383	2376	2279	2	5	97	1	0.994979	0.959175	0.956358	0
PBE28937_skip_2b89ea88_3b9ca4f8_8.pod5	c5c41685-ee6c-4df4-b99b-4fd53a1b8878	3b9ca4f88a42f77bab4ca6ec1b82bfcac9de0ade	2461	3	7199.48	17.9048	7199.64	17.748	6375	38.1446	unclassified	chr15	17078036	17083573	1	5572	+	5824	5284	4673	287	253	611	31	0.873882	0.884368	0.80237	0
PBE28937_skip_2b89ea88_3b9ca4f8_8.pod5	285c76f9-fc0c-4443-946d-382ee926ac61	3b9ca4f88a42f77bab4ca6ec1b82bfcac9de0ade	568	4	7135.71	81.4592	7135.83	81.3384	31282	28.3537	unclassified	chr11	8158730	8189811	80	31276	+	31271	31006	30903	190	75	103	60	0.997251	0.996678	0.988232	0
PBE28937_skip_2b89ea88_3b9ca4f8_8.pod5	855d0082-400f-4eb7-9f89-2dd7006344bc	3b9ca4f88a42f77bab4ca6ec1b82bfcac9de0ade	189	1	7141.34	75.9356	7141.52	75.7572	24920	31.4169	unclassified	chr1	92480200	92505113	0	24914	+	24943	24884	24860	30	29	24	60	0.999759	0.999036	0.996672	0
PBE28937_skip_2b89ea88_3b9ca4f8_8.pod5	ded01a2a-f3f5-4fa2-85dd-70a512463749	3b9ca4f88a42f77bab4ca6ec1b82bfcac9de0ade	1353	4	7195.26	22.9652	7195.44	22.782	6062	18.3379	unclassified	chr19	7003581	7009610	0	6054	+	6103	5980	5935	74	49	45	60	0.99868	0.992475	0.972473	0
PBE28937_skip_2b89ea88_3b9ca4f8_8.pod5	dce34aed-39d6-4aa7-9dae-f0f433e5ee88	3b9ca4f88a42f77bab4ca6ec1b82bfcac9de0ade	1831	3	7216.47	1.5228	7216.47	1.5208	577	6.6212	unclassified	*	-1	-1	-1	-1	*	0	0	0	0	0	0	0	0	0	0	0
PBE28937_skip_2b89ea88_3b9ca4f8_8.pod5	5ffa96af-f7be-49e6-8307-604603562bef	3b9ca4f88a42f77bab4ca6ec1b82bfcac9de0ade	2137	3	7186.95	30.674	7187.07	30.5532	10564	21.9424	unclassified	chr14	55386765	55397335	6	10564	-	10594	10534	10502	24	36	32	60	0.999432	0.996962	0.991316	0
PBE28937_skip_2b89ea88_3b9ca4f8_8.pod5	4e246717-724c-42b0-b59d-a16e38e58a7b	3b9ca4f88a42f77bab4ca6ec1b82bfcac9de0ade	2277	3	7151.52	64.5908	7151.66	64.4436	17941	25.5647	unclassified	chr10	30795117	30813051	0	17937	+	17968	17903	17856	34	31	47	60	0.999777	0.997375	0.993767	0
PBE28937_skip_2b89ea88_3b9ca4f8_8.pod5	03e7045e-bdb8-4ce9-9888-dfcc80a3718e	3b9ca4f88a42f77bab4ca6ec1b82bfcac9de0ade	1427	2	7128.38	89.1548	7128.54	88.9956	36155	24.9093	unclassified	chr8	121270326	121306532	0	36155	+	36262	36099	35998	56	107	101	60	1	0.997202	0.99272	0
PBE28937_skip_2b89ea88_3b9ca4f8_8.pod5	3c32efb1-d152-49fa-884d-53d5a29ae56d	3b9ca4f88a42f77bab4ca6ec1b82bfcac9de0ade	315	1	7215.33	2.889	7215.33	2.887	1092	10.1548	unclassified	chr1	54165447	54166530	15	1064	+	1103	1029	964	20	54	65	60	0.960623	0.936832	0.87398	0
PBE28937_skip_2b89ea88_3b9ca4f8_8.pod5	06a6a4dc-ab50-4425-99de-ff673d0f4039	3b9ca4f88a42f77bab4ca6ec1b82bfcac9de0ade	1621	1	7182.81	35.1894	7182.81	35.1874	14284	10.3054	unclassified	chr7	40912700	40927253	6	14256	-	14908	13895	13172	355	658	723	60	0.99762	0.947967	0.883552	0
PBE28937_skip_2b89ea88_3b9ca4f8_8.pod5	1f17fcbd-c7e9-4ced-a6a9-34ef87b855cf	3b9ca4f88a42f77bab4ca6ec1b82bfcac9de0ade	1460	1	7197.96	19.6044	7197.97	19.6024	8988	29.052	unclassified	chr20	26909015	26917958	7	8954	-	8948	8942	8884	5	1	58	1	0.995438	0.993514	0.992848	0
PBE28937_skip_2b89ea88_3b9ca4f8_8.pod5	8b813218-e6bd-45fb-aad4-9342abde0806	3b9ca4f88a42f77bab4ca6ec1b82bfcac9de0ade	1795	2	7113.86	102.932	7113.96	102.835	42458	28.9431	unclassified	chr4	87273264	87315720	7	42458	-	42508	42399	42349	52	57	50	60	0.999835	0.998821	0.99626	0
PBE28937_skip_2b89ea88_3b9ca4f8_8.pod5	3ed2ad79-a24a-4b18-b62e-2b8bf7cd85b8	3b9ca4f88a42f77bab4ca6ec1b82bfcac9de0ade	890	4	7212.65	5.822	7212.78	5.6868	2278	31.658	unclassified	chr2	199575901	199578172	0	2271	+	2272	2270	2269	1	1	1	60	0.996927	0.999559	0.99868	0
PBE28937_skip_2b89ea88_3b9ca4f8_8.pod5	11043cc9-54be-4459-8d0f-eb81b80c44b9	3b9ca4f88a42f77bab4ca6ec1b82bfcac9de0ade	1144	4	7136.18	81.0416	7136.31	80.9136	32095	27.7888	unclassified	chr4	134000672	134032764	5	32095	-	32130	32052	32012	38	40	40	60	0.999844	0.998752	0.996327	0
PBE28937_skip_2b89ea88_3b9ca4f8_8.pod5	a26232c0-275d-454a-b850-8effbe2dcde0	3b9ca4f88a42f77bab4ca6ec1b82bfcac9de0ade	1743	1	7206.93	11.132	7207.06	11.004	4294	24.2978	unclassified	chr16	52762551	52766841	17	4294	-	4293	4274	4262	3	16	12	60	0.996041	0.997192	0.992779	0
PBE28937_skip_2b89ea88_3b9ca4f8_8.pod5	c6e96e83-4bd6-4540-ac39-62dbe530fe6d	3b9ca4f88a42f77bab4ca6ec1b82bfcac9de0ade	2528	1	7183.67	33.8036	7183.83	33.6444	13721	30.4712	unclassified	chr5	181119738	181133452	0	13721	-	13726	13709	13698	12	5	11	60	1	0.999198	0.99796	0
PBE28937_skip_2b89ea88_3b9ca4f8_8.pod5	8e571049-27d4-4f9f-803e-aabb0bff6de0	3b9ca4f88a42f77bab4ca6ec1b82bfcac9de0ade	980	1	7191.79	26.2244	7191.91	26.106	10831	27.1539	unclassified	chr2	112501048	112511888	7	10831	-	10851	10813	10772	11	27	41	60	0.999354	0.996208	0.99272	0
PBE28937_skip_2b89ea88_3b9ca4f8_8.pod5	ee785248-e026-4172-92be-7bfb18ee0cf8	3b9ca4f88a42f77bab4ca6ec1b82bfcac9de0ade	2166	1	7215.9	1.8032	7216.06	1.6392	492	35.0264	unclassified	chr1	125182034	125182519	7	492	-	485	485	478	0	0	7	1	0.985772	0.985567	0.985567	0
PBE28937_skip_2b89ea88_3b9ca4f8_8.pod5	d07093d1-10af-4b0a-8d19-2c340262a8a9	3b9ca4f88a42f77bab4ca6ec1b82bfcac9de0ade	2676	1	7156.53	60.6716	7156.67	60.528	19461	29.2586	unclassified	chr11	129447994	129467453	0	19456	+	19473	19442	19428	14	17	14	60	0.999743	0.99928	0.997689	0
PBE28937_skip_2b89ea88_3b9ca4f8_8.pod5	12ba4418-a4e7-4e33-a58c-3a5f35420a15	3b9ca4f88a42f77bab4ca6ec1b82bfcac9de0ade	2690	1	7215.17	2.8868	7215.17	2.8848	681	2.22587	unclassified	*	-1	-1	-1	-1	*	0	0	0	0	0	0	0	0	0	0	0
PBE28937_skip_2b89ea88_3b9ca4f8_8.pod5	a303e674-904f-4224-8657-f506981d76d8	3b9ca4f88a42f77bab4ca6ec1b82bfcac9de0ade	2354	3	7199.59	18.4256	7199.71	18.2988	7113	25.5098	unclassified	chr4	134231312	134238413	9	7113	-	7122	7083	7058	21	18	25	60	0.998735	0.99647	0.991014	0
PBE28937_skip_2b89ea88_3b9ca4f8_8.pod5	a0d0e643-7a74-4dd6-aa70-b6d6f6eeaa7c	3b9ca4f88a42f77bab4ca6ec1b82bfcac9de0ade	1917	4	7124.34	93.0044	7124.46	92.8812	37759	24.818	unclassified	chr9	91703169	91740903	1	37749	+	37914	37568	37486	180	166	82	60	0.999709	0.997817	0.988711	0
PBE28937_skip_2b89ea88_3b9ca4f8_8.pod5	2f546d2f-c31f-4e0d-a8a3-b2578787d94f	3b9ca4f88a42f77bab4ca6ec1b82bfcac9de0ade	2203	2	7187.63	30.5948	7187.74	30.4812	12257	30.871	unclassified	chr1	43162719	43174974	6	12257	-	12263	12243	12236	8	12	7	60	0.99951	0.999428	0.997798	0
PBE28937_skip_2b89ea88_3b9ca4f8_8.pod5	f21de6f8-93ea-4ad4-9b52-a6d7b4eff213	3b9ca4f88a42f77bab4ca6ec1b82bfcac9de0ade	2407	2	7211.31	6.7304	7211.44	6.6072	2673	33.3775	unclassified	chr13	79605857	79608532	8	2673	-	2675	2665	2663	0	10	2	60	0.997007	0.99925	0.995514	0
PBE28937_skip_2b89ea88_3b9ca4f8_8.pod5	15b2998e-e160-4d70-8c1b-31073bade60e	3b9ca4f88a42f77bab4ca6ec1b82bfcac9de0ade	1136	1	7172.3	45.1732	7172.3	45.1712	11917	10.8243	unclassified	chrX	114002616	114014644	4	11917	-	12356	11585	11090	328	443	495	60	0.999664	0.957272	0.89754	0
PBE28937_skip_2b89ea88_3b9ca4f8_8.pod5	7a558879-5846-407f-93e3-afa39ed87e78	3b9ca4f88a42f77bab4ca6ec1b82bfcac9de0ade	2761	4	7194.85	23.0946	7194.85	23.0926	8801	19.7665	unclassified	chr14	67650600	67659392	34	8795	+	8833	8720	8674	41	72	46	60	0.995455	0.994725	0.981999	0
PBE28937_skip_2b89ea88_3b9ca4f8_8.pod5	9ce562c4-e5df-49c8-b00c-9f7f14d77bb5	3b9ca4f88a42f77bab4ca6ec1b82bfcac9de0ade	1456	2	7172.98	45.068	7173.11	44.9436	14823	28.9847	unclassified	chr6	14170285	14185100	0	14816	+	14827	14804	14796	12	11	8	60	0.999528	0.99946	0.997909	0
PBE28937_skip_2b89ea88_3b9ca4f8_8.pod5	1c4dd343-1644-4200-9fff-5b399bc18bc4	3b9ca4f88a42f77bab4ca6ec1b82bfcac9de0ade	1087	1	7194.82	23.726	7194.95	23.6028	9241	19.9365	unclassified	chr15	40906322	40915587	3	9241	-	9298	9205	9158	33	60	47	60	0.999675	0.994894	0.984943	0
PBE28937_skip_2b89ea88_3b9ca4f8_8.pod5	b6b26030-6be5-4d6f-ac62-8084d6b7b766	3b9ca4f88a42f77bab4ca6ec1b82bfcac9de0ade	2904	4	7200.81	17.3012	7200.9	17.2188	7279	27.5626	unclassified	chr10	51095506	51102780	0	7273	+	7282	7265	7259	8	9	6	60	0.999176	0.999174	0.996842	0
PBE28937_skip_2b89ea88_3b9ca4f8_8.pod5	5fd9d7fe-c128-48d9-85e3-146c87a46ed6	3b9ca4f88a42f77bab4ca6ec1b82bfcac9de0ade	89	3	7168.77	49.9244	7168.91	49.7868	13887	26.7676	unclassified	chr4	176969239	176983111	6	13887	-	13895	13858	13840	23	14	18	60	0.999568	0.998701	0.996042	0
PBE28937_skip_2b89ea88_3b9ca4f8_8.pod5	57523a7c-c92f-4b48-8ce6-6479a3a89343	3b9ca4f88a42f77bab4ca6ec1b82bfcac9de0ade	1414	2	7189.75	27.9524	7189.87	27.8328	11604	35.8148	unclassified	chr12	35132693	35144275	6	11603	-	11599	11580	11446	17	2	134	1	0.999397	0.988428	0.986809	0
PBE28937_skip_2b89ea88_3b9ca4f8_8.pod5	de4f31ba-89a4-48bf-83fd-62d81cb37177	3b9ca4f88a42f77bab4ca6ec1b82bfcac9de0ade	400	4	7194.65	23.6708	7194.72	23.6004	10502	17.8248	unclassified	chr4	139792729	139803266	9	10502	-	10597	10433	10344	60	104	89	60	0.999143	0.991469	0.976125	0
PBE28937_skip_2b89ea88_3b9ca4f8_8.pod5	a0bb8143-3155-4603-b604-b036edbb7b34	3b9ca4f88a42f77bab4ca6ec1b82bfcac9de0ade	811	1	7195.16	23.4296	7195.29	23.2956	10566	26.5899	unclassified	chr20	9708518	9719152	6	10566	-	10640	10554	10511	6	80	43	60	0.999432	0.995926	0.987876	0
PBE28937_skip_2b89ea88_3b9ca4f8_8.pod5	40dd6704-4273-4102-b15f-1cd2d28f7a18	3b9ca4f88a42f77bab4ca6ec1b82bfcac9de0ade	1645	1	7160.35	57.8192	7160.44	57.732	27400	26.0628	unclassified	chr4	131455971	131483398	9	27400	-	27448	27370	27337	21	57	33	60	0.999672	0.998794	0.995956	0
PBE28937_skip_2b89ea88_3b9ca4f8_8.pod5	6639f375-9531-461f-8096-f0ab6c2f6b1c	3b9ca4f88a42f77bab4ca6ec1b82bfcac9de0ade	577	3	7204.42	14.5472	7204.55	14.4132	5618	30.1725	unclassified	chr8	25415782	25421394	0	5611	+	5617	5606	5602	5	6	4	60	0.998754	0.999286	0.99733	0
PBE28937_skip_2b89ea88_3b9ca4f8_8.pod5	b9a2995b-ecad-46a4-b8ba-a4154d02a572	3b9ca4f88a42f77bab4ca6ec1b82bfcac9de0ade	1927	1	7188.37	27.1904	7188.52	27.0444	11097	34.3418	unclassified	chr14	40326260	40337357	0	11097	+	11103	11091	11070	6	6	21	60	1	0.998107	0.997028	0
PBE28937_skip_2b89ea88_3b9ca4f8_8.pod5	ba4b8511-ab5c-449f-a4cc-bd086aad30be	3b9ca4f88a42f77bab4ca6ec1b82bfcac9de0ade	2615	1	7210.69	6.8626	7210.69	6.8606	2153	24.4341	unclassified	chr9	92378717	92380865	0	2149	-	2150	2147	2145	2	1	2	60	0.998142	0.999068	0.997674	0
PBE28937_skip_2b89ea88_3b9ca4f8_8.pod5	3a4fa2c9-ba14-4efc-b36c-d3eb54b720a8	3b9ca4f88a42f77bab4ca6ec1b82bfcac9de0ade	2405	2	7201.41	16.1036	7201.52	15.9948	7141	28.0729	unclassified	chr2	161095805	161102677	268	7133	+	6874	6863	6852	2	9	11	60	0.96135	0.998397	0.9968	0
PBE28937_skip_2b89ea88_3b9ca4f8_8.pod5	2435c16e-074a-4381-910b-631a87c53611	3b9ca4f88a42f77bab4ca6ec1b82bfcac9de0ade	2294	1	7142.16	75.308	7142.28	75.1896	33105	21.8086	unclassified	chr10	71720320	71753452	8	33105	-	33238	32991	32884	106	141	107	60	0.999758	0.996757	0.98935	0
PBE28937_skip_2b89ea88_3b9ca4f8_8.pod5	57771653-ac48-4f1f-84b7-dd5ce6f340ea	3b9ca4f88a42f77bab4ca6ec1b82bfcac9de0ade	2012	3	7102.83	111.196	7102.95	111.077	42704	28.7278	unclassified	chr17	12055199	12097888	0	42697	+	42797	42589	42502	108	100	87	60	0.999836	0.997957	0.993107	0
PBE28937_skip_2b89ea88_3b9ca4f8_8.pod5	9d4795f1-05be-4930-ba83-5be22166a447	3b9ca4f88a42f77bab4ca6ec1b82bfcac9de0ade	1669	3	7162.44	55.0808	7162.53	54.984	23405	27.0473	unclassified	chr17	62410902	62434316	8	23405	-	23451	23360	23337	37	54	23	60	0.999658	0.999015	0.995139	0
PBE28937_skip_2b89ea88_3b9ca4f8_8.pod5	8bc36101-06c3-4b78-9ed5-807a57bbc4fb	3b9ca4f88a42f77bab4ca6ec1b82bfcac9de0ade	1925	3	7198.48	19.7168	7198.67	19.5192	8486	28.2614	unclassified	chr13	23626952	23635436	0	8473	+	8491	8466	8459	7	18	7	60	0.998468	0.999173	0.996231	0
PBE28937_skip_2b89ea88_3b9ca4f8_8.pod5	1b3794fb-e632-4db9-b144-e1faf7607095	3b9ca4f88a42f77bab4ca6ec1b82bfcac9de0ade	1179	2	7107.47	102.186	7107.47	102.184	42652	22.2363	unclassified	chr10	85202017	85244026	35	42056	+	42137	41893	41752	128	116	141	60	0.985206	0.996634	0.990863	0
PBE28937_skip_2b89ea88_3b9ca4f8_8.pod5	fa1bbbd7-0479-44d0-83be-8bb299d89aac	3b9ca4f88a42f77bab4ca6ec1b82bfcac9de0ade	276	3	7168.26	49.6112	7168.35	49.5156	17848	25.2903	unclassified	chr22	38865644	38883489	1	17841	+	17863	17822	17775	18	23	47	60	0.999552	0.997363	0.995074	0
PBE28937_skip_2b89ea88_3b9ca4f8_8.pod5	e11f24f1-42f7-4bae-b3c1-e169b1442f49	3b9ca4f88a42f77bab4ca6ec1b82bfcac9de0ade	1024	3	7209.2	9.332	7209.32	9.2112	3683	35.4623	unclassified	chr7	59592304	59595985	0	3676	+	3681	3676	3653	0	5	23	0	0.998099	0.993743	0.992393	0
PBE28937_skip_2b89ea88_3b9ca4f8_8.pod5	fa51dea9-ade6-435d-8f51-c3fcfb261555	3b9ca4f88a42f77bab4ca6ec1b82bfcac9de0ade	1897	4	7159.77	58.7204	7159.88	58.6188	23093	28.0566	unclassified	chr16	71851224	71874316	0	23083	+	23111	23064	23036	19	28	28	60	0.999567	0.998786	0.996755	0
PBE28937_skip_2b89ea88_3b9ca4f8_8.pod5	0031a5fe-11bc-4b95-834c-1a9828263ffc	3b9ca4f88a42f77bab4ca6ec1b82bfcac9de0ade	1306	2	7193.23	25.7466	7193.23	25.7446	11076	26.9944	unclassified	chrX	85093574	85104595	36	11070	+	11048	11007	10989	27	14	18	60	0.996208	0.998365	0.99466	0
PBE28937_skip_2b89ea88_3b9ca4f8_8.pod5	abd303e7-25f8-4af1-9701-e658b92c0aa3	3b9ca4f88a42f77bab4ca6ec1b82bfcac9de0ade	958	1	7199.93	19.1178	7199.93	19.1158	7193	10.0132	unclassified	chr11	17557681	17564920	39	7179	+	7447	6932	6570	208	307	362	60	0.992632	0.947778	0.882234	0
PBE28937_skip_2b89ea88_3b9ca4f8_8.pod5	b7182724-6bca-4824-89c1-f990799b167f	3b9ca4f88a42f77bab4ca6ec1b82bfcac9de0ade	2102	3	7210.25	8.623	7210.25	8.621	3020	38.3998	unclassified	chr4	168189654	168192636	8	2990	-	2982	2982	2982	0	0	0	60	0.987417	1	1	0
PBE28937_skip_2b89ea88_3b9ca4f8_8.pod5	966a429a-5dda-46a3-9337-88f62dfee42e	3b9ca4f88a42f77bab4ca6ec1b82bfcac9de0ade	2242	1	7117.08	86.264	7117.08	86.262	36912	25.3161	unclassified	chr10	38885399	38896357	34	10454	-	11548	9830	8217	590	1128	1613	15	0.282293	0.83591	0.711552	0
PBE28937_skip_2b89ea88_3b9ca4f8_8.pod5	a9cb54b5-78a6-4740-977c-2b51de54668c	3b9ca4f88a42f77bab4ca6ec1b82bfcac9de0ade	2358	3	7175.65	42.289	7175.66	42.287	15805	24.0163	unclassified	chr1	218875591	218891354	39	15798	+	15793	15729	15702	30	34	27	60	0.99709	0.998283	0.994238	0
PBE28937_skip_2b89ea88_3b9ca4f8_8.pod5	4c390093-4f47-44ff-9a76-d78d94679910	3b9ca4f88a42f77bab4ca6ec1b82bfcac9de0ade	680	2	7153.56	64.22	7153.69	64.0824	23578	31.9808	unclassified	chr4	3795237	3818227	8	23578	-	23592	22968	22957	602	22	11	60	0.999661	0.999521	0.973084	0
PBE28937_skip_2b89ea88_3b9ca4f8_8.pod5	c94de006-925c-491b-b08b-e94476b457c2	3b9ca4f88a42f77bab4ca6ec1b82bfcac9de0ade	2285	4	7210.76	8.2184	7210.87	8.112	3375	31.1262	unclassified	chr12	81494139	81497512	0	3375	-	3378	3370	3362	5	3	8	60	1	0.997626	0.995263	0
PBE28937_skip_2b89ea88_3b9ca4f8_8.pod5	577f561c-23a0-41f9-89ef-de2ede7e5e76	3b9ca4f88a42f77bab4ca6ec1b82bfcac9de0ade	519	1	7201.02	17.7226	7201.02	17.7206	7088	13.3883	unclassified	chr16	67356017	67363103	11	7009	-	7143	6941	6773	57	145	168	60	0.987302	0.975796	0.948201	0
PBE28937_skip_2b89ea88_3b9ca4f8_8.pod5	968d4d74-8032-454b-85bf-ddafb55e83e0	3b9ca4f88a42f77bab4ca6ec1b82bfcac9de0ade	972	2	7148.39	69.3912	7148.4	69.3892	26411	28.7918	unclassified	chr12	130907879	130934369	6	26379	-	26525	26338	26275	35	152	63	60	0.998561	0.997608	0.990575	0
PBE28937_skip_2b89ea88_3b9ca4f8_8.pod5	d80a0955-ddf6-4cf0-9dd3-38c41ad4d719	3b9ca4f88a42f77bab4ca6ec1b82bfcac9de0ade	1420	2	7167.48	51.4334	7167.48	51.4314	21110	10.8677	unclassified	chr8	71999365	72020689	9	21079	-	21857	20537	19606	533	787	931	60	0.998105	0.954667	0.897012	0
PBE28937_skip_2b89ea88_3b9ca4f8_8.pod5	5af0ebe9-3c78-4975-bbf1-a1223c5b5c4b	3b9ca4f88a42f77bab4ca6ec1b82bfcac9de0ade	2390	4	7194.93	23.1812	7195.07	23.0388	9271	11.3172	unclassified	chr5	155074526	155083932	0	9262	+	9585	9083	8761	179	323	322	60	0.999029	0.964549	0.914032	0
PBE28937_skip_2b89ea88_3b9ca4f8_8.pod5	7c630388-82cc-47a1-a3a4-b0be76c11b2c	3b9ca4f88a42f77bab4ca6ec1b82bfcac9de0ade	2911	4	7205.97	12.6248	7206.11	12.4776	4299	30.0282	unclassified	chr16	34718288	34722535	3	4299	-	4296	4247	4242	49	0	5	60	0.999302	0.998823	0.98743	0
PBE28937_skip_2b89ea88_3b9ca4f8_8.pod5	7146625f-4b7a-4046-973a-c29730f32c51	3b9ca4f88a42f77bab4ca6ec1b82bfcac9de0ade	2421	4	7185.24	33.626	7185.36	33.5124	13552	31.0344	unclassified	chr1	177251956	177265499	0	13540	+	13551	13532	13522	8	11	10	60	0.999115	0.999261	0.99786	0
PBE28937_skip_2b89ea88_3b9ca4f8_8.pod5	dba10481-bcd5-48b9-8963-a341104ad54d	3b9ca4f88a42f77bab4ca6ec1b82bfcac9de0ade	2444	2	7208.78	10.346	7208.91	10.2228	5238	26.895	unclassified	chrX	13873683	13878918	0	5230	+	5241	5224	5212	6	11	12	60	0.998473	0.997703	0.994467	0
PBE28937_skip_2b89ea88_3b9ca4f8_8.pod5	882be31c-add7-4ab3-abe7-c8dffdd90765	3b9ca4f88a42f77bab4ca6ec1b82bfcac9de0ade	2697	1	7204.02	14.5742	7204.02	14.5722	6681	20.9877	unclassified	chr18	29106883	29113524	12	6648	-	6664	6613	6569	23	28	44	60	0.993264	0.993346	0.985744	0
PBE28937_skip_2b89ea88_3b9ca4f8_8.pod5	9a7520b4-383d-4ed9-98a5-55145c8d441a	3b9ca4f88a42f77bab4ca6ec1b82bfcac9de0ade	384	4	7207.06	12.3308	7207.21	12.1836	5236	26.7875	unclassified	chr1	4783786	4789011	0	5228	+	5234	5219	5217	9	6	2	60	0.998472	0.999617	0.996752	0
PBE28937_skip_2b89ea88_3b9ca4f8_8.pod5	c53dc760-b24d-4f51-9eaa-70f7e3393b17	3b9ca4f88a42f77bab4ca6ec1b82bfcac9de0ade	2151	3	7206.7	12.0716	7206.7	12.0696	3109	5.59822	unclassified	chr10	77471560	77474070	172	2763	+	2853	2248	2012	343	262	236	31	0.833387	0.895018	0.705223	0
PBE28937_skip_2b89ea88_3b9ca4f8_8.pod5	7b71da31-5535-42dc-a6f3-646a2265d26e	3b9ca4f88a42f77bab4ca6ec1b82bfcac9de0ade	902	1	7195.64	22.9436	7195.76	22.8252	8713	31.4853	unclassified	chr4	69635234	69643950	9	8713	-	8721	8699	8688	5	17	11	60	0.998967	0.998735	0.996216	0
PBE28937_skip_2b89ea88_3b9ca4f8_8.pod5	8e77e97f-ce68-4bed-98c0-cc29b108b339	3b9ca4f88a42f77bab4ca6ec1b82bfcac9de0ade	906	3	7181.72	36.8588	7181.83	36.75	14867	28.387	unclassified	chr4	5681794	5692252	0	10491	+	10501	10448	10427	43	10	21	60	0.705657	0.99799	0.992953	0
PBE28937_skip_2b89ea88_3b9ca4f8_8.pod5	b6492584-4276-4715-872b-be8ecf58924c	3b9ca4f88a42f77bab4ca6ec1b82bfcac9de0ade	1379	4	7156.8	61.784	7157	61.5864	26113	30.8688	unclassified	chr12	84842330	84868424	0	26112	+	26130	26076	26051	36	18	25	60	0.999962	0.999041	0.996977	0
PBE28937_skip_2b89ea88_3b9ca4f8_8.pod5	f5a5624e-7272-4263-91a2-54e45c3012a7	3b9ca4f88a42f77bab4ca6ec1b82bfcac9de0ade	835	3	7112.84	105.145	7112.97	105.007	42750	29.5739	unclassified	chr6	144121564	144164336	8	42750	-	42842	42672	42626	70	100	46	60	0.999813	0.998922	0.994958	0
PBE28937_skip_2b89ea88_3b9ca4f8_8.pod5	27c417b8-af60-4c4e-ab63-99c29e70a5b8	3b9ca4f88a42f77bab4ca6ec1b82bfcac9de0ade	1085	2	7205.05	14.3288	7205.17	14.2056	4987	26.2692	unclassified	chr9	85004862	85009840	0	4978	+	4984	4972	4949	6	6	23	60	0.998195	0.995374	0.992977	0
PBE28937_skip_2b89ea88_3b9ca4f8_8.pod5	6dff2182-6ac4-4855-9e1a-0c00bf46f886	3b9ca4f88a42f77bab4ca6ec1b82bfcac9de0ade	909	2	7183.28	35.8328	7183.46	35.6544	10863	36.1017	unclassified	chr7	39576494	39587347	0	10854	+	10861	10846	10831	8	7	15	60	0.999171	0.998617	0.997238	0
PBE28937_skip_2b89ea88_3b9ca4f8_8.pod5	51fb8b8d-b4bd-42f0-9793-17e28fc372cd	3b9ca4f88a42f77bab4ca6ec1b82bfcac9de0ade	1805	1	7210.94	8.4858	7210.94	8.4838	1794	2.77387	unclassified	*	-1	-1	-1	-1	*	0	0	0	0	0	0	0	0	0	0	0
PBE28937_skip_2b89ea88_3b9ca4f8_8.pod5	97438671-31d9-4b90-ae2f-73f48b3895a5	3b9ca4f88a42f77bab4ca6ec1b82bfcac9de0ade	1538	1	7212.87	6.4472	7212.99	6.3192	2345	23.6175	unclassified	chr13	35602135	35604472	0	2338	+	2342	2333	2328	5	4	5	60	0.997015	0.997857	0.994022	0
PBE28937_skip_2b89ea88_3b9ca4f8_8.pod5	d300e5c2-f70c-471c-adb5-0b6d381bf9ce	3b9ca4f88a42f77bab4ca6ec1b82bfcac9de0ade	466	3	7152.39	66.7028	7152.5	66.5916	26619	31.6272	unclassified	chr10	960337	987015	6	26612	+	26692	26592	26555	14	86	37	60	0.999512	0.998609	0.994867	0
PBE28937_skip_2b89ea88_3b9ca4f8_8.pod5	28d24401-fcd4-41c6-b282-477b45b234ca	3b9ca4f88a42f77bab4ca6ec1b82bfcac9de0ade	567	3	7184.75	24.086	7184.75	24.084	9129	29.7965	unclassified	chr7	24732353	24741464	0	9093	-	9118	9086	9077	7	25	9	60	0.996056	0.999009	0.995503	0
PBE28937_skip_2b89ea88_3b9ca4f8_8.pod5	3bf4027c-073c-4bfd-89dd-52c10f261831	3b9ca4f88a42f77bab4ca6ec1b82bfcac9de0ade	431	1	7160.04	59.1992	7160.18	59.0592	23746	28.0591	unclassified	chr19	33293659	33317401	8	23746	-	23767	23713	23686	25	29	27	60	0.999663	0.998861	0.996592	0
PBE28937_skip_2b89ea88_3b9ca4f8_8.pod5	de335b31-1c81-478b-be47-5869ffa581b4	3b9ca4f88a42f77bab4ca6ec1b82bfcac9de0ade	469	1	7171.94	46.3298	7171.94	46.3278	18353	29.6113	unclassified	chr19	52582337	52600657	29	18346	+	18329	18308	18288	9	12	20	60	0.998038	0.998908	0.997763	0
PBE28937_skip_2b89ea88_3b9ca4f8_8.pod5	2c44c74a-4cb0-44ec-b5fa-9409fb1215f5	3b9ca4f88a42f77bab4ca6ec1b82bfcac9de0ade	1234	4	7142.16	76.964	7142.26	76.8684	29205	27.6017	unclassified	chr11	89127547	89156757	0	29198	+	29243	29165	29107	33	45	58	60	0.99976	0.998011	0.995349	0
PBE28937_skip_2b89ea88_3b9ca4f8_8.pod5	315a46cc-3ac1-489e-9baf-8d0968788cbe	3b9ca4f88a42f77bab4ca6ec1b82bfcac9de0ade	315	1	7218.22	1.3594	7218.22	1.3574	486	8.22843	unclassified	chr1	54166592	54166973	3	383	+	384	377	362	3	4	15	60	0.781893	0.960212	0.942708	0
PBE28937_skip_2b89ea88_3b9ca4f8_8.pod5	3d82d525-1f12-4e9a-91db-d58ba1183487	3b9ca4f88a42f77bab4ca6ec1b82bfcac9de0ade	1470	1	7195.62	23.6228	7195.75	23.4948	9436	28.2268	unclassified	chr8	87736104	87745530	0	9428	+	9442	9412	9409	16	14	3	60	0.999152	0.999681	0.996505	0
PBE28937_skip_2b89ea88_3b9ca4f8_8.pod5	1b1da630-e909-4561-88a5-105e051a6dfc	3b9ca4f88a42f77bab4ca6ec1b82bfcac9de0ade	879	4	7162.28	56.6984	7162.36	56.6136	24290	28.1192	unclassified	chr6	31422723	31446980	9	24290	-	24426	24112	24008	169	145	104	60	0.999629	0.995687	0.982887	0
PBE28937_skip_2b89ea88_3b9ca4f8_8.pod5	362fa5ee-90e3-4313-a099-c174878569b4	3b9ca4f88a42f77bab4ca6ec1b82bfcac9de0ade	1409	2	7160.05	58.2272	7160.15	58.1232	23968	26.2391	unclassified	chrX	37367767	37391707	0	23962	+	23998	23904	23880	58	36	24	60	0.99975	0.998996	0.995083	0
PBE28937_skip_2b89ea88_3b9ca4f8_8.pod5	6f755b87-9da9-4ff8-a14c-b2fdb7288ff0	3b9ca4f88a42f77bab4ca6ec1b82bfcac9de0ade	2184	4	7158.75	59.9708	7158.91	59.8092	16209	34.9602	unclassified	chr5	11314708	11330909	0	16200	+	16215	16186	16165	14	15	21	60	0.999445	0.998703	0.996916	0
PBE28937_skip_2b89ea88_3b9ca4f8_8.pod5	ffa5ad0d-ace2-44a6-9c23-8ad3133f621e	3b9ca4f88a42f77bab4ca6ec1b82bfcac9de0ade	1369	2	7210.94	8.8452	7210.94	8.8432	1997	3.14068	unclassified	*	-1	-1	-1	-1	*	0	0	0	0	0	0	0	0	0	0	0
PBE28937_skip_2b89ea88_3b9ca4f8_8.pod5	c1a04aeb-ecba-403d-9e9a-7aceb476ff92	3b9ca4f88a42f77bab4ca6ec1b82bfcac9de0ade	426	1	7152.33	67.0064	7152.47	66.8664	28082	29.1537	unclassified	chr7	145849537	145877628	0	28077	+	28110	28058	28043	19	33	15	60	0.999822	0.999465	0.997617	0
PBE28937_skip_2b89ea88_3b9ca4f8_8.pod5	4ceb8ba9-c27c-4943-853c-fd03ec9b8832	3b9ca4f88a42f77bab4ca6ec1b82bfcac9de0ade	1548	2	7173.46	35.204	7173.59	35.0724	14176	29.805	unclassified	chrX	120951159	120965318	0	14175	-	14180	14154	14147	21	5	7	60	0.999929	0.999505	0.997673	0
PBE28937_skip_2b89ea88_3b9ca4f8_8.pod5	f1f6f063-f0a9-4ac5-93bd-76df750afe2f	3b9ca4f88a42f77bab4ca6ec1b82bfcac9de0ade	393	4	7181.98	37.3796	7182.06	37.2912	14670	27.8771	unclassified	chr12	22594169	22608833	0	14666	+	14685	14645	14637	21	19	8	60	0.999727	0.999454	0.996731	0
PBE28937_skip_2b89ea88_3b9ca4f8_8.pod5	f5412f0c-b693-4bd7-9224-64aaf1d3d9c3	3b9ca4f88a42f77bab4ca6ec1b82bfcac9de0ade	301	1	7193.7	26.018	7193.8	25.9116	11129	27.5541	unclassified	chr7	140458468	140469607	7	11129	-	11150	11111	11092	11	28	19	60	0.999371	0.99829	0.994798	0
PBE28937_skip_2b89ea88_3b9ca4f8_8.pod5	a788e88e-efaf-4c87-9076-3304fc0e86f4	3b9ca4f88a42f77bab4ca6ec1b82bfcac9de0ade	467	3	7196.39	12.8948	7196.4	12.8928	4539	17.3179	unclassified	chr16	79074582	79079086	44	4539	+	4529	4470	4410	25	34	60	60	0.990306	0.986577	0.973725	0
PBE28937_skip_2b89ea88_3b9ca4f8_8.pod5	c343b5bd-2402-4022-990e-d3b040f4b564	3b9ca4f88a42f77bab4ca6ec1b82bfcac9de0ade	1931	1	7194.87	24.7052	7195.03	24.546	9142	23.9898	unclassified	chr14	65176420	65185565	0	9135	+	9162	9118	9101	17	27	17	60	0.999234	0.998136	0.993342	0
PBE28937_skip_2b89ea88_3b9ca4f8_8.pod5	4015bdd1-698c-44de-8f23-78c97cec6f15	3b9ca4f88a42f77bab4ca6ec1b82bfcac9de0ade	2620	3	7206.55	12.8456	7206.55	12.8436	5073	11.1434	unclassified	chrX	10186538	10191650	36	5066	+	5221	4921	4712	109	191	209	60	0.991524	0.957529	0.902509	0
PBE28937_skip_2b89ea88_3b9ca4f8_8.pod5	5c88d470-b03a-4756-bb79-84111332de50	3b9ca4f88a42f77bab4ca6ec1b82bfcac9de0ade	2319	4	7203.44	16.094	7203.55	15.9756	6273	24.763	unclassified	chr22	20213593	20219848	7	6273	-	6276	6245	6232	21	10	13	60	0.998884	0.997918	0.992989	0
PBE28937_skip_2b89ea88_3b9ca4f8_8.pod5	5dd48e8e-c980-4d8b-b7ba-3b6b3067a64e	3b9ca4f88a42f77bab4ca6ec1b82bfcac9de0ade	2581	2	7192.15	27.2852	7192.24	27.186	11584	27.229	unclassified	chrX	54912009	54923706	7	11584	-	11755	11519	11502	58	178	17	60	0.999396	0.998524	0.978477	0
PBE28937_skip_2b89ea88_3b9ca4f8_8.pod5	30d0374f-d7dc-474d-a96f-34ea07e28856	3b9ca4f88a42f77bab4ca6ec1b82bfcac9de0ade	1065	1	7160.1	58.9928	7160.23	58.8684	24814	26.3726	unclassified	chr1	7482531	7507265	0	24811	+	24896	24649	24554	162	85	95	60	0.999879	0.996146	0.986263	0
PBE28937_skip_2b89ea88_3b9ca4f8_8.pod5	b54e7d45-db17-4d0a-a2d3-7b86a1715d4c	3b9ca4f88a42f77bab4ca6ec1b82bfcac9de0ade	2556	2	7207.01	12.7364	7207.16	12.582	4187	31.6106	unclassified	chr1	220776669	220780849	0	4181	+	4183	4178	4174	3	2	4	60	0.998567	0.999043	0.997848	0
PBE28937_skip_2b89ea88_3b9ca4f8_8.pod5	b55975f0-071f-44e1-a3c1-8437d6718812	3b9ca4f88a42f77bab4ca6ec1b82bfcac9de0ade	1957	4	7128.2	90.8484	7128.21	90.8464	40753	25.1651	unclassified	chr16	61172273	61213011	26	40746	+	40799	40659	40603	61	79	56	60	0.99919	0.998623	0.995196	0
PBE28937_skip_2b89ea88_3b9ca4f8_8.pod5	1cfb5fa6-889f-4921-a048-fdbacbcb482a	3b9ca4f88a42f77bab4ca6ec1b82bfcac9de0ade	1930	3	7159.99	59.3576	7160.11	59.2428	24187	30.2016	unclassified	chr1	105287552	105311724	7	24187	-	24200	24152	24134	28	20	18	60	0.999711	0.999255	0.997273	0
PBE28937_skip_2b89ea88_3b9ca4f8_8.pod5	c471c6f9-790a-4d72-b076-794d762b9d27	3b9ca4f88a42f77bab4ca6ec1b82bfcac9de0ade	2604	4	7131.15	87.6498	7131.15	87.6478	30463	23.5961	unclassified	chr3	60168665	60199027	50	30463	+	30489	30286	30190	127	76	96	60	0.998359	0.99683	0.990193	0
PBE28937_skip_2b89ea88_3b9ca4f8_8.pod5	e8a77156-63c3-4b27-8492-86f72a12baef	3b9ca4f88a42f77bab4ca6ec1b82bfcac9de0ade	1385	1	7172.9	46.3016	7173.02	46.1832	20172	30.0634	unclassified	chr14	19723158	19743325	6	20172	-	20187	20146	20103	20	21	43	60	0.999703	0.997866	0.995839	0
PBE28937_skip_2b89ea88_3b9ca4f8_8.pod5	1a6c330d-d678-4226-992d-17ca52461a16	3b9ca4f88a42f77bab4ca6ec1b82bfcac9de0ade	2606	1	7171.9	47.5508	7172	47.4516	19313	30.2605	unclassified	chr14	103737312	103756619	0	19307	+	19321	19293	19267	14	14	26	60	0.999689	0.998652	0.997205	0
PBE28937_skip_2b89ea88_3b9ca4f8_8.pod5	44317012-0514-4f89-bc78-3ffbe8cd0a14	3b9ca4f88a42f77bab4ca6ec1b82bfcac9de0ade	527	1	7209.91	10.2536	7209.91	10.2516	2135	2.36036	unclassified	*	-1	-1	-1	-1	*	0	0	0	0	0	0	0	0	0	0	0
PBE28937_skip_2b89ea88_3b9ca4f8_8.pod5	c4e5c3d1-e2a1-4358-83aa-a7bb7a154b5e	3b9ca4f88a42f77bab4ca6ec1b82bfcac9de0ade	1474	4	7198.66	21.0356	7198.91	20.7924	4376	14.6459	unclassified	chr17	30235803	30240257	9	4376	-	4505	4316	4267	51	138	49	60	0.997943	0.988647	0.94717	0
PBE28937_skip_2b89ea88_3b9ca4f8_8.pod5	b6797c45-ae68-4a7c-ab48-e00245e6b2c2	3b9ca4f88a42f77bab4ca6ec1b82bfcac9de0ade	550	3	7210.78	9.5312	7210.87	9.438	4685	23.5967	unclassified	chr10	21031766	21036454	6	4685	-	4690	4677	4663	2	11	14	60	0.998719	0.997007	0.994243	0
PBE28937_skip_2b89ea88_3b9ca4f8_8.pod5	9f872568-316e-4388-bee6-b97ff1f549bc	3b9ca4f88a42f77bab4ca6ec1b82bfcac9de0ade	127	4	7168.71	51.1322	7168.71	51.1302	19708	28.3165	unclassified	chr13	104174518	104194229	31	19701	+	19728	19653	19600	17	58	53	60	0.998072	0.997303	0.993512	0
PBE28937_skip_2b89ea88_3b9ca4f8_8.pod5	2d2bd62f-3bec-4c6f-bae5-f6f88d11337c	3b9ca4f88a42f77bab4ca6ec1b82bfcac9de0ade	1165	1	7185.65	34.1972	7185.78	34.0644	13187	29.0549	unclassified	chr15	39622593	39635770	0	13181	+	13188	13170	13161	11	7	9	60	0.999545	0.999317	0.997953	0
PBE28937_skip_2b89ea88_3b9ca4f8_8.pod5	15219865-3672-4e38-aec1-6ae7821f73a7	3b9ca4f88a42f77bab4ca6ec1b82bfcac9de0ade	104	4	7202.73	16.9796	7202.84	16.8708	6651	25.0977	unclassified	chr20	2335974	2342613	0	6643	+	6652	6630	6625	13	9	5	60	0.998797	0.999246	0.995941	0
PBE28937_skip_2b89ea88_3b9ca4f8_8.pod5	4d546635-643e-478f-ae7e-713def625ba6	3b9ca4f88a42f77bab4ca6ec1b82bfcac9de0ade	2682	3	7201.54	18.0296	7201.66	17.9028	6790	13.4057	unclassified	chr11	41054955	41061764	0	6784	+	6893	6700	6521	84	109	179	60	0.999116	0.973284	0.946032	0
PBE28937_skip_2b89ea88_3b9ca4f8_8.pod5	bac339e1-ac8e-4e18-82bf-b3a4ff37ca2c	3b9ca4f88a42f77bab4ca6ec1b82bfcac9de0ade	668	4	7204.22	17.5928	7204.33	17.484	6280	30.6552	unclassified	chr18	50075273	50081557	0	6273	+	6287	6270	6265	3	14	5	60	0.998885	0.999203	0.996501	0
PBE28937_skip_2b89ea88_3b9ca4f8_8.pod5	a30eeffd-ec4b-4400-8147-170b72982eac	3b9ca4f88a42f77bab4ca6ec1b82bfcac9de0ade	602	2	7166.16	53.7044	7166.28	53.5872	12588	33.2369	unclassified	chr2	25318803	25331381	8	12588	-	12591	12567	12558	13	11	9	60	0.999364	0.999284	0.997379	0
PBE28937_skip_2b89ea88_3b9ca4f8_8.pod5	a223eacf-b5b3-4585-bfc7-8245b10b3f9c	3b9ca4f88a42f77bab4ca6ec1b82bfcac9de0ade	1688	2	7205.41	16.3016	7205.41	16.2996	6622	16.706	unclassified	chr1	41969139	41975715	34	6615	+	6624	6533	6465	48	43	68	60	0.993809	0.989591	0.975996	0
PBE28937_skip_2b89ea88_3b9ca4f8_8.pod5	b7d33069-7cf3-43d0-9340-14ce29f04db3	3b9ca4f88a42f77bab4ca6ec1b82bfcac9de0ade	661	3	7216.06	5.5856	7216.07	5.5836	1711	5.73644	unclassified	chr4	132645287	132646992	0	1686	-	1840	1551	1352	135	154	199	4	0.985389	0.871696	0.734783	0
PBE28937_skip_2b89ea88_3b9ca4f8_8.pod5	1eb50a21-81fc-4b84-a5b5-e809d2e04c19	3b9ca4f88a42f77bab4ca6ec1b82bfcac9de0ade	315	1	7219.89	2.3686	7219.89	2.3666	936	6.52014	unclassified	chr1	54167220	54168105	4	842	+	915	808	708	30	77	100	60	0.895299	0.876238	0.773771	0
PBE28937_skip_2b89ea88_3b9ca4f8_8.pod5	841ff5e6-552a-46c5-b79e-782131988034	3b9ca4f88a42f77bab4ca6ec1b82bfcac9de0ade	1628	2	7203.56	18.1724	7203.7	18.0264	6109	29.9585	unclassified	chr17	13654613	13660718	0	6109	+	6118	6096	6075	13	9	21	60	1	0.996555	0.992972	0
PBE28937_skip_2b89ea88_3b9ca4f8_8.pod5	11f69e3a-9e9a-4d92-9be4-2c132dd1d23a	3b9ca4f88a42f77bab4ca6ec1b82bfcac9de0ade	1493	2	7198.7	21.146	7198.88	20.9664	6602	32.6144	unclassified	chr2	60809908	60816511	0	6602	-	6605	6600	6600	2	3	0	60	1	1	0.999243	0
PBE28937_skip_2b89ea88_3b9ca4f8_8.pod5	344300d4-d820-4d33-928e-9fd32aa69c5d	3b9ca4f88a42f77bab4ca6ec1b82bfcac9de0ade	1248	4	7186.26	35.7524	7186.43	35.5848	12849	29.6681	unclassified	chr9	39927465	39940311	0	12849	+	12861	12834	12818	15	12	16	2	1	0.998753	0.996657	0
PBE28937_skip_2b89ea88_3b9ca4f8_8.pod5	9341fa9b-85ec-4fa0-9877-f0d3f24404ee	3b9ca4f88a42f77bab4ca6ec1b82bfcac9de0ade	2065	1	7201.89	17.84	7201.97	17.7624	7367	38.1553	unclassified	chr11	53866704	53873907	7	7367	-	7374	7189	6996	171	14	193	2	0.99905	0.973153	0.948739	0
PBE28937_skip_2b89ea88_3b9ca4f8_8.pod5	c64cea99-ef73-4aed-8f50-c954d097aec8	3b9ca4f88a42f77bab4ca6ec1b82bfcac9de0ade	1681	2	7196.52	25.6718	7196.53	25.6698	6021	6.24169	unclassified	chr21	9146309	9152009	472	6013	-	6086	5155	4568	386	545	587	17	0.920279	0.88613	0.750575	0
PBE28937_skip_2b89ea88_3b9ca4f8_8.pod5	a65ba528-53ba-4c97-b265-c0d0a47c9934	3b9ca4f88a42f77bab4ca6ec1b82bfcac9de0ade	2418	2	7152.59	52.226	7152.78	52.0404	20091	28.391	unclassified	chr5	31093153	31113237	4	20091	+	20101	20070	20026	17	14	44	60	0.999801	0.997808	0.996269	0
PBE28937_skip_2b89ea88_3b9ca4f8_8.pod5	675e6fb5-2391-45b3-88b9-d6b2a5a40d34	3b9ca4f88a42f77bab4ca6ec1b82bfcac9de0ade	1989	1	7216.61	5.444	7216.71	5.3484	2061	24.72	unclassified	chr7	152968765	152970823	1	2061	-	2061	2057	2051	3	1	6	60	0.999515	0.997083	0.995148	0
PBE28937_skip_2b89ea88_3b9ca4f8_8.pod5	fbb5b601-ad36-4f72-981e-6b34332867d7	3b9ca4f88a42f77bab4ca6ec1b82bfcac9de0ade	2222	4	7193.01	28.8608	7193.14	28.728	10957	27.3342	unclassified	chr6	92579428	92590346	0	10950	+	10966	10902	10883	48	16	19	60	0.999361	0.998257	0.992431	0
PBE28937_skip_2b89ea88_3b9ca4f8_8.pod5	bfbae128-83cd-4761-881a-6e0c880d0f37	3b9ca4f88a42f77bab4ca6ec1b82bfcac9de0ade	1937	1	7202.23	19.9112	7202.4	19.7352	7307	29.7101	unclassified	chr15	33973956	33981240	0	7299	+	7304	7279	7247	20	5	32	60	0.998905	0.995604	0.992196	0
PBE28937_skip_2b89ea88_3b9ca4f8_8.pod5	779bfa78-af36-445a-b48a-be9529719ff5	3b9ca4f88a42f77bab4ca6ec1b82bfcac9de0ade	2811	1	7182.34	38.7908	7182.51	38.6148	15832	29.0025	unclassified	chr10	85323294	85339116	10	15832	-	15836	15808	15799	14	14	9	60	0.999368	0.999431	0.997664	0
PBE28937_skip_2b89ea88_3b9ca4f8_8.pod5	4e54c2e0-7b55-47ca-8e78-391c7433300a	3b9ca4f88a42f77bab4ca6ec1b82bfcac9de0ade	2141	3	7204.88	17.1152	7205.01	16.9824	6527	11.2648	unclassified	chr6	107865048	107871683	3	6527	-	6770	6389	6140	135	246	249	60	0.99954	0.961027	0.906942	0
PBE28937_skip_2b89ea88_3b9ca4f8_8.pod5	8f5c2338-3ab5-4f2d-b7bf-ac5cfc828055	3b9ca4f88a42f77bab4ca6ec1b82bfcac9de0ade	588	2	7158.33	63.3364	7158.34	63.3344	12545	2.69356	unclassified	*	-1	-1	-1	-1	*	0	0	0	0	0	0	0	0	0	0	0
PBE28937_skip_2b89ea88_3b9ca4f8_8.pod5	f2aaab31-2dc0-4e9a-a7b2-863a4961b883	3b9ca4f88a42f77bab4ca6ec1b82bfcac9de0ade	399	3	7216.32	6.149	7216.32	6.147	1245	2.23063	unclassified	*	-1	-1	-1	-1	*	0	0	0	0	0	0	0	0	0	0	0
PBE28937_skip_2b89ea88_3b9ca4f8_8.pod5	883799da-46e6-4f8a-9aed-712ecb334565	3b9ca4f88a42f77bab4ca6ec1b82bfcac9de0ade	2088	3	7180.72	38.013	7180.72	38.011	14962	36.6126	unclassified	chr1	143214927	143241590	0	14962	+	26714	14911	14484	51	11752	427	14	1	0.971363	0.542188	0
PBE28937_skip_2b89ea88_3b9ca4f8_8.pod5	587d9c3a-84b5-4d18-8868-2a76f9fb1d22	3b9ca4f88a42f77bab4ca6ec1b82bfcac9de0ade	2466	4	7191.98	27.7436	7192.11	27.6204	12327	26.0255	unclassified	chr7	66437313	66449638	0	12323	+	12349	12299	12272	24	26	27	60	0.999676	0.997805	0.993765	0
PBE28937_skip_2b89ea88_3b9ca4f8_8.pod5	0c8c5687-c785-46bb-8dc6-2c33fbdc4828	3b9ca4f88a42f77bab4ca6ec1b82bfcac9de0ade	583	1	7177.35	44.4344	7177.49	44.2896	16629	37.2651	unclassified	chr4	50339259	50356036	2	16624	+	17155	16244	15646	378	533	598	1	0.999579	0.963186	0.912037	0
PBE28937_skip_2b89ea88_3b9ca4f8_8.pod5	cc99b08f-22a8-4714-9135-97e55260adc8	3b9ca4f88a42f77bab4ca6ec1b82bfcac9de0ade	834	2	7210.54	11.7584	7210.69	11.6088	5051	22.8327	unclassified	chr1	84273197	84278249	0	5044	+	5069	5027	5012	17	25	15	60	0.998614	0.997016	0.988755	0
PBE28937_skip_2b89ea88_3b9ca4f8_8.pod5	5b0663b7-6ba0-4d2c-9f1c-28944a94c9b0	3b9ca4f88a42f77bab4ca6ec1b82bfcac9de0ade	1455	3	7192.16	29.51	7192.31	29.3604	10056	26.4734	unclassified	chr2	214971675	214981723	7	10056	-	10058	10039	10029	10	9	10	60	0.999304	0.999004	0.997117	0
PBE28937_skip_2b89ea88_3b9ca4f8_8.pod5	bc5e313d-89f8-4d6c-8c55-10835406c29d	3b9ca4f88a42f77bab4ca6ec1b82bfcac9de0ade	1579	4	7214.62	7.5578	7214.62	7.5558	2246	22.9629	unclassified	chr10	42148675	42150892	31	2246	+	2219	2213	2204	2	4	9	60	0.986198	0.995933	0.99324	0
PBE28937_skip_2b89ea88_3b9ca4f8_8.pod5	cef407d4-48be-44e4-a534-f8346d02d424	3b9ca4f88a42f77bab4ca6ec1b82bfcac9de0ade	611	1	7175.61	43.6124	7175.75	43.4772	17294	31.5273	unclassified	chr4	65269204	65286502	4	17294	-	17307	17281	17262	9	17	19	60	0.999769	0.998901	0.9974	0
PBE28937_skip_2b89ea88_3b9ca4f8_8.pod5	90059bf0-b56b-4b81-ae4e-ebb2cd4ff509	3b9ca4f88a42f77bab4ca6ec1b82bfcac9de0ade	939	1	7196.23	26.0576	7196.35	25.9368	10157	29.7795	unclassified	chrX	95533190	95543340	8	10157	-	10159	10140	10117	9	10	23	60	0.999212	0.997732	0.995866	0
PBE28937_skip_2b89ea88_3b9ca4f8_8.pod5	b27d3d7a-4515-40f7-aa86-80723418fb4c	3b9ca4f88a42f77bab4ca6ec1b82bfcac9de0ade	1110	3	7154.1	65.3196	7154.1	65.3176	25548	12.6898	unclassified	chr11	49031652	49055041	4	25519	-	25557	23347	23268	2168	42	79	60	0.998708	0.996616	0.910435	0
PBE28937_skip_2b89ea88_3b9ca4f8_8.pod5	c4955de6-faa8-4d61-967c-775b21b8add0	3b9ca4f88a42f77bab4ca6ec1b82bfcac9de0ade	1780	1	7159.58	62.2856	7159.73	62.1312	26611	26.0267	unclassified	chr8	86373172	86399787	8	26611	-	26642	26576	26535	27	39	41	60	0.999699	0.998457	0.995984	0
PBE28937_skip_2b89ea88_3b9ca4f8_8.pod5	db640083-1e0b-4acb-8ade-3dfd5169d539	3b9ca4f88a42f77bab4ca6ec1b82bfcac9de0ade	537	1	7170.1	48.5772	7170.11	48.5752	18031	28.2374	unclassified	chr2	19482330	19500229	36	18022	+	18011	17874	17835	112	25	39	60	0.997504	0.997818	0.990228	0
PBE28937_skip_2b89ea88_3b9ca4f8_8.pod5	17e0c7b0-09c7-4d17-92a0-4c2e9e8241a2	3b9ca4f88a42f77bab4ca6ec1b82bfcac9de0ade	2925	1	7186.87	35.0456	7187.03	34.8864	13944	26.4187	unclassified	chr8	141814190	141828121	0	13944	+	13962	13913	13881	31	18	32	60	1	0.9977	0.994199	0
PBE28937_skip_2b89ea88_3b9ca4f8_8.pod5	83f87d27-3c0c-40a9-935b-0c995a627a8d	3b9ca4f88a42f77bab4ca6ec1b82bfcac9de0ade	2441	2	7196.45	23.2544	7196.54	23.16	9659	31.7427	unclassified	chr1	26486216	26495843	7	9659	-	9658	9621	9603	31	6	18	60	0.999275	0.998129	0.994305	0
PBE28937_skip_2b89ea88_3b9ca4f8_8.pod5	9fcacabf-ad2c-4242-ac57-e5f6b11f1e82	3b9ca4f88a42f77bab4ca6ec1b82bfcac9de0ade	2513	4	7177.25	42.506	7177.37	42.39	19313	26.0687	unclassified	chr11	15036251	15055637	0	19313	-	19409	19290	19242	23	96	48	60	1	0.997512	0.991396	0
PBE28937_skip_2b89ea88_3b9ca4f8_8.pod5	94e10285-03da-4c51-be78-ff2b1b75d9af	3b9ca4f88a42f77bab4ca6ec1b82bfcac9de0ade	134	1	7197.65	24.6644	7197.81	24.5076	8902	30.7601	unclassified	chr4	189903544	189912434	4	8902	-	8907	8881	8858	17	9	23	60	0.999551	0.99741	0.994499	0
PBE28937_skip_2b89ea88_3b9ca4f8_8.pod5	83a7c7dd-9b63-403f-9923-26da028cab0e	3b9ca4f88a42f77bab4ca6ec1b82bfcac9de0ade	885	1	7220.49	2.1106	7220.5	2.1086	458	2.26371	unclassified	*	-1	-1	-1	-1	*	0	0	0	0	0	0	0	0	0	0	0
PBE28937_skip_2b89ea88_3b9ca4f8_8.pod5	dfd60a93-346a-4b03-8c0f-9f823d7e1f76	3b9ca4f88a42f77bab4ca6ec1b82bfcac9de0ade	185	4	7180.84	41.972	7180.92	41.8908	15755	17.491	unclassified	chr20	30721805	30737114	0	15755	+	15790	15274	15227	481	35	47	60	1	0.996923	0.964345	0
PBE28937_skip_2b89ea88_3b9ca4f8_8.pod5	1e8542cb-513e-4954-85ee-8b113a481b8d	3b9ca4f88a42f77bab4ca6ec1b82bfcac9de0ade	2167	1	7148.48	63.1652	7148.82	62.826	19788	29.9359	unclassified	chr9	16802737	16822522	0	19788	+	19805	19768	19748	20	17	20	60	1	0.998988	0.997122	0
PBE28937_skip_2b89ea88_3b9ca4f8_8.pod5	92b25e78-8865-442c-9eaf-0cd6fb39024b	3b9ca4f88a42f77bab4ca6ec1b82bfcac9de0ade	2539	3	7174	45.5252	7174.1	45.4236	19065	30.9562	unclassified	chr2	208327612	208346675	5	19065	-	19074	19049	19005	11	14	44	60	0.999738	0.99769	0.996383	0
PBE28937_skip_2b89ea88_3b9ca4f8_8.pod5	308d5f61-343a-4f58-af12-ba13810dac45	3b9ca4f88a42f77bab4ca6ec1b82bfcac9de0ade	1703	2	7209.96	12.6402	7209.96	12.6382	7672	21.9005	unclassified	chr17	64676048	64683610	6	7643	-	7672	7527	7501	110	35	26	60	0.995438	0.996546	0.977711	0
PBE28937_skip_2b89ea88_3b9ca4f8_8.pod5	9c75d102-beb0-4215-831d-7ae8d477fc40	3b9ca4f88a42f77bab4ca6ec1b82bfcac9de0ade	2022	1	7158.78	63.248	7158.93	63.096	24434	28.7293	unclassified	chr12	6966390	6990793	0	24428	+	24437	24394	24380	34	9	14	60	0.999754	0.999426	0.997667	0
PBE28937_skip_2b89ea88_3b9ca4f8_8.pod5	41df0930-b625-4f43-9eec-dde978d1023b	3b9ca4f88a42f77bab4ca6ec1b82bfcac9de0ade	556	4	7206.42	16.3604	7206.56	16.2168	6266	35.0103	unclassified	chr2	127122668	127128925	0	6265	+	6267	6255	6243	10	2	12	60	0.99984	0.998082	0.99617	0
PBE28937_skip_2b89ea88_3b9ca4f8_8.pod5	35f1d5a2-dec2-4995-bc07-c9f2af176b05	3b9ca4f88a42f77bab4ca6ec1b82bfcac9de0ade	951	1	7202.83	19.7468	7202.84	19.7448	4161	2.62704	unclassified	*	-1	-1	-1	-1	*	0	0	0	0	0	0	0	0	0	0	0
PBE28937_skip_2b89ea88_3b9ca4f8_8.pod5	abe1d47a-1786-401a-8b3d-45cc4c040543	3b9ca4f88a42f77bab4ca6ec1b82bfcac9de0ade	2351	3	7166.97	45.332	7166.97	45.33	18826	13.0238	unclassified	chr9	36515108	36534096	0	18788	-	19222	18554	17987	234	434	567	60	0.997981	0.969441	0.935751	0
PBE28937_skip_2b89ea88_3b9ca4f8_8.pod5	a50fc5f8-e9d9-42f0-b64a-919069362bd4	3b9ca4f88a42f77bab4ca6ec1b82bfcac9de0ade	2892	2	7215.97	3.8046	7215.97	3.8026	1503	24.1493	unclassified	chr2	125238411	125239873	32	1495	+	1465	1460	1458	3	2	2	60	0.973387	0.99863	0.995222	0
PBE28937_skip_2b89ea88_3b9ca4f8_8.pod5	57d24105-2514-47d2-9c49-8336ec3b2ab3	3b9ca4f88a42f77bab4ca6ec1b82bfcac9de0ade	2499	4	7181.73	39.9688	7181.74	39.9668	17398	24.5558	unclassified	chr8	93318506	93335895	33	17389	+	17411	17334	17301	22	55	33	60	0.997586	0.998096	0.993682	0
PBE28937_skip_2b89ea88_3b9ca4f8_8.pod5	50153612-d4d9-4a0d-85ae-33f8061c012e	3b9ca4f88a42f77bab4ca6ec1b82bfcac9de0ade	1665	2	7172.82	49.7336	7172.97	49.5768	20997	25.6934	unclassified	chr18	28354683	28375687	0	20997	+	21040	20961	20912	36	43	49	60	1	0.997662	0.993916	0
PBE28937_skip_2b89ea88_3b9ca4f8_8.pod5	fe59e101-26ac-4dfc-ba67-07b6388b4365	3b9ca4f88a42f77bab4ca6ec1b82bfcac9de0ade	2070	1	7139.17	80.342	7139.26	80.2572	34302	27.0906	unclassified	chr9	122167890	122202200	11	34302	-	34334	34267	34193	24	43	74	60	0.999679	0.99784	0.995893	0
PBE28937_skip_2b89ea88_3b9ca4f8_8.pod5	6a0a33d3-51c1-449b-9ca2-97715ad2bbbc	3b9ca4f88a42f77bab4ca6ec1b82bfcac9de0ade	1482	1	7135.34	86.7932	7135.44	86.6964	35461	10.5678	unclassified	chrX	43459871	43496068	8	35461	-	37016	34634	32973	819	1563	1661	60	0.999774	0.952041	0.890777	0
PBE28937_skip_2b89ea88_3b9ca4f8_8.pod5	bc37eb0b-5fe4-4f5e-838b-2acfd3c3f48f	3b9ca4f88a42f77bab4ca6ec1b82bfcac9de0ade	2468	1	7195.67	26.9972	7195.82	26.8476	10439	31.2926	unclassified	chr4	73329902	73340339	6	10439	-	10442	10428	10418	5	9	10	60	0.999425	0.999041	0.997702	0
PBE28937_skip_2b89ea88_3b9ca4f8_8.pod5	e9de6497-4815-4dc0-acd6-37c99d91fe2a	3b9ca4f88a42f77bab4ca6ec1b82bfcac9de0ade	1865	2	7211.43	11.5028	7211.55	11.3844	4556	24.2719	unclassified	chr4	1262852	1267405	3	4556	-	4557	4549	4543	4	4	6	60	0.999342	0.998681	0.996928	0
PBE28937_skip_2b89ea88_3b9ca4f8_8.pod5	5d35c6c8-8aa5-4fcd-8fdc-cbbe7ef216fa	3b9ca4f88a42f77bab4ca6ec1b82bfcac9de0ade	1699	3	7140.62	78.662	7140.76	78.5316	28509	16.7391	unclassified	chr20	51816684	51845203	5	28509	-	28801	28222	27973	282	297	249	60	0.999825	0.991177	0.971251	0
PBE28937_skip_2b89ea88_3b9ca4f8_8.pod5	0b5c8285-5b84-4000-9e05-168780927b4a	3b9ca4f88a42f77bab4ca6ec1b82bfcac9de0ade	1057	2	7143.23	79.16	7143.33	79.056	29560	29.183	unclassified	chr9	81299184	81328756	0	29554	+	29599	29527	29504	27	45	23	60	0.999797	0.999221	0.99679	0
PBE28937_skip_2b89ea88_3b9ca4f8_8.pod5	520c0fe3-2f27-47cd-8377-b45cac61330e	3b9ca4f88a42f77bab4ca6ec1b82bfcac9de0ade	2075	1	7153.15	66.308	7153.32	66.1404	25775	20.7405	unclassified	chr21	15685435	15711269	7	25775	-	25909	25693	25569	75	141	124	60	0.999728	0.995174	0.986877	0
PBE28937_skip_2b89ea88_3b9ca4f8_8.pod5	b9c7fd19-78ee-456c-a33a-a0f9fa1d1014	3b9ca4f88a42f77bab4ca6ec1b82bfcac9de0ade	2801	2	7212.29	10.7696	7212.46	10.608	4274	31.1513	unclassified	chr20	50228286	50232554	9	4274	-	4271	4262	4262	3	6	0	60	0.997894	1	0.997893	0
PBE28937_skip_2b89ea88_3b9ca4f8_8.pod5	7cc5278a-cd12-421b-ae92-551df319a542	3b9ca4f88a42f77bab4ca6ec1b82bfcac9de0ade	2040	2	7210.94	12.2324	7210.94	12.2304	4908	23.7233	unclassified	chr2	40635960	40640833	30	4902	+	4884	4861	4846	11	12	15	60	0.992665	0.996914	0.99222	0
PBE28937_skip_2b89ea88_3b9ca4f8_8.pod5	23309004-4690-4e56-b321-c9cdc57c396c	3b9ca4f88a42f77bab4ca6ec1b82bfcac9de0ade	2431	4	7211.66	11.4644	7211.77	11.3592	4388	23.3394	unclassified	chr1	1998275	2002656	0	4381	+	4385	4377	4350	4	4	27	60	0.998405	0.993831	0.992018	0
PBE28937_skip_2b89ea88_3b9ca4f8_8.pod5	1e439bca-79e3-4cbc-ab3f-eb6b34a6617d	3b9ca4f88a42f77bab4ca6ec1b82bfcac9de0ade	2199	1	7163.51	58.7972	7163.64	58.6668	23089	29.9463	unclassified	chrX	16013616	16036707	7	23089	-	23104	23069	23050	13	22	19	60	0.999697	0.999176	0.997663	0
PBE28937_skip_2b89ea88_3b9ca4f8_8.pod5	2e90f02c-a5a4-41e6-961c-cf0881ab5856	3b9ca4f88a42f77bab4ca6ec1b82bfcac9de0ade	2803	2	7195.26	27.8036	7195.36	27.696	11280	26.0875	unclassified	chrX	40592065	40603374	0	11275	+	11319	11265	11259	10	44	6	60	0.999557	0.999467	0.994699	0
PBE28937_skip_2b89ea88_3b9ca4f8_8.pod5	ba8d2e2b-c98f-4bb6-8ff4-2139792c3674	3b9ca4f88a42f77bab4ca6ec1b82bfcac9de0ade	1132	2	7215.16	7.4864	7215.26	7.3884	2799	24.8972	unclassified	chr6	32791079	32793868	1	2792	+	2798	2782	2767	9	7	15	60	0.997142	0.994608	0.988921	0
PBE28937_skip_2b89ea88_3b9ca4f8_8.pod5	00627f52-92f2-4767-a2f6-551ce3745ce6	3b9ca4f88a42f77bab4ca6ec1b82bfcac9de0ade	833	1	7187.21	32.9836	7187.21	32.9816	5120	6.81647	unclassified	chr8	84433217	84437802	55	5029	+	5156	4403	4124	571	182	279	60	0.971484	0.936634	0.799845	0
PBE28937_skip_2b89ea88_3b9ca4f8_8.pod5	31582aad-86cc-4e91-a29c-ad5f62deec0f	3b9ca4f88a42f77bab4ca6ec1b82bfcac9de0ade	1595	2	7170.12	52.586	7170.23	52.4748	20963	28.9047	unclassified	chr20	20021415	20042377	0	20956	+	20979	20939	20905	17	23	34	60	0.999666	0.998376	0.996473	0
PBE28937_skip_2b89ea88_3b9ca4f8_8.pod5	26f89df0-7346-401c-b1b0-5303c0b968bb	3b9ca4f88a42f77bab4ca6ec1b82bfcac9de0ade	1206	2	7211.06	11.834	7211.19	11.7048	4593	24.7047	unclassified	chr6	114947261	114951857	0	4587	+	4601	4582	4565	5	14	17	60	0.998694	0.99629	0.992176	0
PBE28937_skip_2b89ea88_3b9ca4f8_8.pod5	611af76e-33c5-495d-913c-fdbdfb57426f	3b9ca4f88a42f77bab4ca6ec1b82bfcac9de0ade	2136	2	7153.69	68.2844	7153.83	68.1432	27310	31.5567	unclassified	chr8	129393472	129420788	0	27301	+	27337	27280	27239	21	36	41	60	0.99967	0.998497	0.996415	0
PBE28937_skip_2b89ea88_3b9ca4f8_8.pod5	81449364-b47c-49e4-9f91-0d864cd78f55	3b9ca4f88a42f77bab4ca6ec1b82bfcac9de0ade	574	1	7184.25	36.0848	7184.33	36.0036	13679	27.6495	unclassified	chr11	132273951	132287620	7	13679	-	13687	13654	13643	18	15	11	60	0.999488	0.999194	0.996785	0
PBE28937_skip_2b89ea88_3b9ca4f8_8.pod5	8cf414de-84dd-4fd4-b40d-42d56b3c3cd7	3b9ca4f88a42f77bab4ca6ec1b82bfcac9de0ade	1635	1	7174.69	45.5744	7174.78	45.4872	16055	26.7061	unclassified	chr16	49404475	49420535	6	16055	-	16076	16033	15990	16	27	43	60	0.999626	0.997318	0.99465	0
PBE28937_skip_2b89ea88_3b9ca4f8_8.pod5	efdd2647-d194-4a97-9c4c-95f7e6b0de5a	3b9ca4f88a42f77bab4ca6ec1b82bfcac9de0ade	949	3	7201.06	19.2706	7201.07	19.2686	8592	20.2254	unclassified	chr17	77046001	77054583	33	8579	+	8598	8530	8475	16	52	55	60	0.994646	0.993552	0.985694	0
PBE28937_skip_2b89ea88_3b9ca4f8_8.pod5	ef3c210c-f05e-48f8-8bb5-371b7afdcdf2	3b9ca4f88a42f77bab4ca6ec1b82bfcac9de0ade	837	1	7135.59	84.0248	7135.72	83.8944	34737	29.9372	unclassified	chr4	58390056	58424781	0	34735	+	34755	34705	34654	30	20	51	60	0.999942	0.99853	0.997094	0
PBE28937_skip_2b89ea88_3b9ca4f8_8.pod5	892ccfa4-dcf0-4afd-ae0a-67e01533b36e	3b9ca4f88a42f77bab4ca6ec1b82bfcac9de0ade	1972	1	7218.82	1.3598	7218.82	1.3578	291	2.8843	unclassified	*	-1	-1	-1	-1	*	0	0	0	0	0	0	0	0	0	0	0
PBE28937_skip_2b89ea88_3b9ca4f8_8.pod5	99981e26-534d-4807-a378-1b06b4c43fd9	3b9ca4f88a42f77bab4ca6ec1b82bfcac9de0ade	1289	1	7217.12	3.2122	7217.12	3.2102	637	2.69737	unclassified	*	-1	-1	-1	-1	*	0	0	0	0	0	0	0	0	0	0	0
PBE28937_skip_2b89ea88_3b9ca4f8_8.pod5	1bd4f697-89dd-4991-9925-11a44b31de84	3b9ca4f88a42f77bab4ca6ec1b82bfcac9de0ade	1177	3	7190.6	29.5964	7190.73	29.4612	11732	31.1696	unclassified	chr4	28265914	28277623	0	11731	+	11744	11696	11669	35	13	27	60	0.999915	0.997692	0.993614	0
PBE28937_skip_2b89ea88_3b9ca4f8_8.pod5	d7db5f19-cb6b-4a2f-aeda-45a615871469	3b9ca4f88a42f77bab4ca6ec1b82bfcac9de0ade	2568	2	7110.25	111.838	7110.36	111.727	41870	25.4859	unclassified	chr5	157207681	157249561	0	41864	+	41932	41812	41705	52	68	107	60	0.999857	0.997441	0.994586	0
PBE28937_skip_2b89ea88_3b9ca4f8_8.pod5	8d632061-fec3-461f-a7b4-6ccfdf05b375	3b9ca4f88a42f77bab4ca6ec1b82bfcac9de0ade	867	2	7213.56	6.8444	7213.71	6.6972	1553	23.8471	unclassified	chr18	24786123	24787677	0	1553	-	1554	1553	1549	0	1	4	60	1	0.997424	0.996782	0
PBE28937_skip_2b89ea88_3b9ca4f8_8.pod5	3700befe-836d-42ce-93ba-6f3d573074da	3b9ca4f88a42f77bab4ca6ec1b82bfcac9de0ade	1107	3	7153.96	68.8392	7153.96	68.8372	26658	27.2878	unclassified	chr7	40252851	40279440	31	26651	+	26667	26542	26484	78	47	58	60	0.998575	0.997815	0.993138	0
PBE28937_skip_2b89ea88_3b9ca4f8_8.pod5	1bce33f3-3d48-4f8b-8b9f-411fef8ef1bc	3b9ca4f88a42f77bab4ca6ec1b82bfcac9de0ade	2164	1	7215.87	4.514	7216.01	4.374	1935	27.5613	unclassified	chr1	161463878	161465802	0	1935	+	1941	1918	1917	17	6	1	0	1	0.999479	0.987635	0
PBE28937_skip_2b89ea88_3b9ca4f8_8.pod5	20d74dbd-1895-493b-bb12-34be5d9438dd	3b9ca4f88a42f77bab4ca6ec1b82bfcac9de0ade	2483	3	7163.32	56.5196	7163.43	56.4156	21990	31.651	unclassified	chr1	92154854	92176863	0	21990	+	22032	21967	21938	23	42	29	60	1	0.99868	0.995733	0
PBE28937_skip_2b89ea88_3b9ca4f8_8.pod5	d1aa61b3-82f1-4ab7-a719-d82091dae033	3b9ca4f88a42f77bab4ca6ec1b82bfcac9de0ade	2083	4	7147.35	75.5504	7147.48	75.4188	29746	27.113	unclassified	chr3	26985140	27014904	0	29739	+	29786	29717	29660	22	47	57	60	0.999765	0.998082	0.99577	0
PBE28937_skip_2b89ea88_3b9ca4f8_8.pod5	d25122bf-589c-4bb4-ae26-49616433f357	3b9ca4f88a42f77bab4ca6ec1b82bfcac9de0ade	2207	1	7160.5	62.1896	7160.64	62.0424	25369	29.4684	unclassified	chr14	28971006	28996334	6	25369	-	25384	25307	25265	56	21	42	60	0.999763	0.99834	0.995312	0
PBE28937_skip_2b89ea88_3b9ca4f8_8.pod5	9c32d685-25d2-4786-8c64-9e702ff01700	3b9ca4f88a42f77bab4ca6ec1b82bfcac9de0ade	69	4	7206.73	13.9196	7206.87	13.7784	5420	33.8672	unclassified	chr1	79708937	79714363	2	5420	-	5428	5416	5406	2	10	10	60	0.999631	0.998154	0.995947	0
PBE28937_skip_2b89ea88_3b9ca4f8_8.pod5	b7a05af2-d6fe-4018-83b8-eb202f5ffba5	3b9ca4f88a42f77bab4ca6ec1b82bfcac9de0ade	2749	4	7210.83	9.326	7210.97	9.1896	3525	27.0431	unclassified	chr5	12236052	12239570	0	3518	+	3521	3515	3508	3	3	7	60	0.998014	0.998009	0.996308	0
PBE28937_skip_2b89ea88_3b9ca4f8_8.pod5	9abeb884-b06c-49cd-919d-cf1d4a66439f	3b9ca4f88a42f77bab4ca6ec1b82bfcac9de0ade	440	4	7190.52	32.5592	7190.66	32.4264	11834	22.6458	unclassified	chr16	86996386	87008246	7	11834	-	11875	11812	11730	15	48	82	60	0.999408	0.993058	0.987789	0
PBE28937_skip_2b89ea88_3b9ca4f8_8.pod5	b5508c49-c6c4-41a7-b071-9e173b6c6b4a	3b9ca4f88a42f77bab4ca6ec1b82bfcac9de0ade	2195	2	7176.34	46.2512	7176.45	46.1448	19878	25.6635	unclassified	chr17	54768009	54787911	0	19872	+	19916	19858	19825	14	44	33	60	0.999698	0.998338	0.995431	0
PBE28937_skip_2b89ea88_3b9ca4f8_8.pod5	a906fb06-43b7-40c7-a7f6-71efd7712ad8	3b9ca4f88a42f77bab4ca6ec1b82bfcac9de0ade	1211	3	7212.9	7.7442	7212.9	7.7422	1623	2.39308	unclassified	*	-1	-1	-1	-1	*	0	0	0	0	0	0	0	0	0	0	0
PBE28937_skip_2b89ea88_3b9ca4f8_8.pod5	59f42cca-288b-45e6-a0bf-349d067ff100	3b9ca4f88a42f77bab4ca6ec1b82bfcac9de0ade	618	4	7153.79	68.8598	7153.79	68.8578	17698	10.6604	unclassified	chr9	94807666	94824950	33	17697	+	18158	16790	16180	874	494	610	60	0.998079	0.963669	0.891067	0
PBE28937_skip_2b89ea88_3b9ca4f8_8.pod5	2087117c-8ae4-4243-9d23-ccb894ef76a7	3b9ca4f88a42f77bab4ca6ec1b82bfcac9de0ade	1996	2	7213.27	7.286	7213.42	7.1436	2981	32.7206	unclassified	chr1	233402017	233404994	0	2976	+	2978	2975	2975	1	2	0	60	0.998323	1	0.998993	0
PBE28937_skip_2b89ea88_3b9ca4f8_8.pod5	e22229f2-77e9-48c1-a54e-92edd7710a1a	3b9ca4f88a42f77bab4ca6ec1b82bfcac9de0ade	614	1	7199.41	21.4172	7199.53	21.3	8301	29.4076	unclassified	chr7	130414059	130422354	7	8301	-	8302	8287	8283	7	8	4	60	0.999157	0.999517	0.997711	0
PBE28937_skip_2b89ea88_3b9ca4f8_8.pod5	11b786e2-5466-4f4f-b613-3f4cf7b67e5f	3b9ca4f88a42f77bab4ca6ec1b82bfcac9de0ade	497	1	7125.05	96.2072	7125.18	96.0744	39615	15.0566	unclassified	chr12	127604069	127639906	0	35796	+	36042	35591	35352	205	246	239	60	0.903597	0.993285	0.980856	0
PBE28937_skip_2b89ea88_3b9ca4f8_8.pod5	bafc61db-bd5c-4577-8bf0-e2d6a1df34ff	3b9ca4f88a42f77bab4ca6ec1b82bfcac9de0ade	1313	2	7209.57	11.4188	7209.76	11.226	4462	31.6502	unclassified	chr4	85190019	85194476	0	4455	+	4458	4454	4454	1	3	0	60	0.998431	1	0.999103	0
PBE28937_skip_2b89ea88_3b9ca4f8_8.pod5	9e859c52-701a-4c7a-9ba4-31925b97f6b1	3b9ca4f88a42f77bab4ca6ec1b82bfcac9de0ade	1016	3	7195.65	25.3424	7195.75	25.242	9976	27.3957	unclassified	chr1	115710217	115720181	7	9976	-	9973	9960	9922	9	4	38	60	0.999298	0.996185	0.994886	0
PBE28937_skip_2b89ea88_3b9ca4f8_8.pod5	c47cd037-cbfe-4249-9d02-35d800fbcf3f	3b9ca4f88a42f77bab4ca6ec1b82bfcac9de0ade	2349	3	7211.8	8.822	7211.8	8.82	3724	34.03	unclassified	chr10	19463016	19466728	9	3701	-	3712	3692	3673	0	20	19	60	0.991407	0.994854	0.989494	0
PBE28937_skip_2b89ea88_3b9ca4f8_8.pod5	6d0ba65a-1be2-4245-b0c6-5d5e2a7dde7c	3b9ca4f88a42f77bab4ca6ec1b82bfcac9de0ade	1344	2	7132.3	87.9008	7132.46	87.7428	25250	26.557	unclassified	chrX	150633081	150658324	2	25243	+	25273	25211	25172	30	32	39	60	0.999644	0.998453	0.996004	0
PBE28937_skip_2b89ea88_3b9ca4f8_8.pod5	a3c8610b-8c97-499f-9222-f2b91b2596ec	3b9ca4f88a42f77bab4ca6ec1b82bfcac9de0ade	1871	1	7194.48	26.0492	7194.6	25.9344	11496	25.3035	unclassified	chr2	81544180	81555690	1	11487	+	11515	11481	11460	5	29	21	60	0.99913	0.998171	0.995224	0
PBE28937_skip_2b89ea88_3b9ca4f8_8.pod5	b9e3b708-c992-4a9f-a9e0-61bd2c81f81a	3b9ca4f88a42f77bab4ca6ec1b82bfcac9de0ade	1200	2	7185.08	35.7032	7185.26	35.526	13402	24.894	unclassified	chr18	31772902	31786294	7	13402	-	13421	13366	13339	29	26	27	60	0.999478	0.99798	0.99389	0
PBE28937_skip_2b89ea88_3b9ca4f8_8.pod5	5def24a4-00e5-4156-afcc-dcae0c77cd37	3b9ca4f88a42f77bab4ca6ec1b82bfcac9de0ade	2615	1	7217.56	2.9422	7217.56	2.9402	951	21.4834	unclassified	chr9	92377759	92378712	0	951	-	953	951	946	0	2	5	60	1	0.994742	0.992655	0
PBE28937_skip_2b89ea88_3b9ca4f8_8.pod5	828478c4-0204-47e8-8a94-3bb746483620	3b9ca4f88a42f77bab4ca6ec1b82bfcac9de0ade	2358	3	7219.6	1.4156	7219.73	1.2828	472	25.3238	unclassified	chr17	32405341	32405813	0	471	+	472	471	470	0	1	1	60	0.997881	0.997877	0.995763	0
PBE28937_skip_2b89ea88_3b9ca4f8_8.pod5	581e4b54-90bb-4b4a-b578-5ff1cae156cf	3b9ca4f88a42f77bab4ca6ec1b82bfcac9de0ade	2540	4	7156.72	66.4184	7156.82	66.3228	28624	23.2503	unclassified	chr5	19585873	19614502	0	28617	+	28727	28519	28431	98	110	88	60	0.999755	0.996914	0.989696	0
PBE28937_skip_2b89ea88_3b9ca4f8_8.pod5	aacd4bb9-5225-4595-b8db-53fbd6d75e38	3b9ca4f88a42f77bab4ca6ec1b82bfcac9de0ade	2843	4	7212	8.7286	7212.01	8.7266	1801	3.61466	unclassified	*	-1	-1	-1	-1	*	0	0	0	0	0	0	0	0	0	0	0
PBE28937_skip_2b89ea88_3b9ca4f8_8.pod5	e952f8f5-35c4-432a-92b7-5dfba5358ffc	3b9ca4f88a42f77bab4ca6ec1b82bfcac9de0ade	1617	1	7139.19	80.8412	7139.33	80.706	32028	30.4489	unclassified	chr11	73548666	73580698	6	32028	-	32057	31997	31973	25	35	24	60	0.999813	0.99925	0.99738	0
PBE28937_skip_2b89ea88_3b9ca4f8_8.pod5	d7c411b4-4682-48f9-9b39-8a46bc85c133	3b9ca4f88a42f77bab4ca6ec1b82bfcac9de0ade	2486	1	7206.09	14.5448	7206.09	14.5428	6733	15.9735	unclassified	chr18	37434155	37440949	29	6712	+	6836	6641	6567	42	153	74	60	0.992574	0.988857	0.960649	0
PBE28937_skip_2b89ea88_3b9ca4f8_8.pod5	606dc3c2-fa79-4f2b-a183-2564eee03061	3b9ca4f88a42f77bab4ca6ec1b82bfcac9de0ade	2338	4	7210.28	6.8504	7210.29	6.8484	2388	11.0262	unclassified	chrX	26584578	26586973	22	2388	+	2457	2304	2213	62	91	91	60	0.990787	0.960503	0.900692	0
PBE28937_skip_2b89ea88_3b9ca4f8_8.pod5	04efc238-64f7-43e1-9ca7-21ac893cda4e	3b9ca4f88a42f77bab4ca6ec1b82bfcac9de0ade	2357	2	7211.98	8.6708	7211.98	8.6688	1931	18.171	unclassified	chr8	141388838	141390726	0	1893	-	1900	1881	1860	12	7	21	60	0.980321	0.988836	0.978947	0
PBE28937_skip_2b89ea88_3b9ca4f8_8.pod5	0eac9c38-3177-4127-a123-026c20fa4f69	3b9ca4f88a42f77bab4ca6ec1b82bfcac9de0ade	765	2	7216.88	4.3616	7216.88	4.3596	1574	9.55455	unclassified	chr1	179880830	179882328	18	1469	-	1534	1415	1333	36	83	82	60	0.921855	0.942049	0.86897	0
PBE28937_skip_2b89ea88_3b9ca4f8_8.pod5	829ae076-3a79-4d4f-8aab-b64ad6663d43	3b9ca4f88a42f77bab4ca6ec1b82bfcac9de0ade	2391	3	7175.76	44.1398	7175.76	44.1378	18363	31.09	unclassified	chr13	75329985	75348284	43	18353	+	18323	18286	18246	24	13	40	60	0.997114	0.997813	0.995798	0
PBE28937_skip_2b89ea88_3b9ca4f8_8.pod5	af72c7f8-12ff-4899-a1a8-4129222f7caf	3b9ca4f88a42f77bab4ca6ec1b82bfcac9de0ade	2122	1	7184.07	36.1352	7184.16	36.0456	16592	23.9325	unclassified	chr4	183428807	183445402	7	16592	-	16633	16547	16481	38	48	66	60	0.999578	0.996011	0.990862	0
PBE28937_skip_2b89ea88_3b9ca4f8_8.pod5	81709619-9937-4f9b-a7f5-63181cbc4848	3b9ca4f88a42f77bab4ca6ec1b82bfcac9de0ade	1166	4	7214.88	6.2612	7214.88	6.2592	1735	3.73566	unclassified	*	-1	-1	-1	-1	*	0	0	0	0	0	0	0	0	0	0	0
PBE28937_skip_2b89ea88_3b9ca4f8_8.pod5	e82545ff-63f0-46fe-9ee0-e9b66c20ba3f	3b9ca4f88a42f77bab4ca6ec1b82bfcac9de0ade	897	1	7186.51	34.4698	7186.51	34.4678	12633	9.24384	unclassified	chrX	7833321	7845736	36	12627	+	13323	11683	10824	908	732	859	60	0.996675	0.926474	0.81243	0
PBE28937_skip_2b89ea88_3b9ca4f8_8.pod5	5e811108-1883-4ff1-9f3a-cae665703929	3b9ca4f88a42f77bab4ca6ec1b82bfcac9de0ade	946	3	7201.48	19.7194	7201.48	19.7174	7856	12.4698	unclassified	chr5	80285735	80293586	14	7810	-	8007	7640	7350	156	211	290	60	0.992362	0.962042	0.917947	0
PBE28937_skip_2b89ea88_3b9ca4f8_8.pod5	0bf2f5ce-f38a-42c9-9d72-6cf48fba2a9e	3b9ca4f88a42f77bab4ca6ec1b82bfcac9de0ade	654	4	7187.35	33.6728	7187.5	33.516	12617	26.1477	unclassified	chr9	10877128	10889729	0	12610	+	12618	12593	12555	17	8	38	60	0.999445	0.996982	0.995007	0
PBE28937_skip_2b89ea88_3b9ca4f8_8.pod5	2ebb06f4-5873-4be6-9483-30ba855fa8dd	3b9ca4f88a42f77bab4ca6ec1b82bfcac9de0ade	580	3	7182.14	39.1892	7182.3	39.0204	14086	30.1709	unclassified	chr8	25742507	25756590	0	14076	+	14090	14069	14035	7	14	34	60	0.99929	0.997583	0.996097	0
PBE28937_skip_2b89ea88_3b9ca4f8_8.pod5	be29fd44-4ee8-4558-8171-fbb5bc09b94e	3b9ca4f88a42f77bab4ca6ec1b82bfcac9de0ade	1310	4	7154.78	64.5406	7154.78	64.5386	27592	17.9019	unclassified	chr3	130902716	130930378	35	27581	+	27872	27336	27108	210	326	228	60	0.998333	0.991659	0.972589	0
PBE28937_skip_2b89ea88_3b9ca4f8_8.pod5	560a5cee-9499-4f7d-a68f-38306f3e2f01	3b9ca4f88a42f77bab4ca6ec1b82bfcac9de0ade	2791	1	7160.76	59.09	7160.86	58.9836	23675	27.0278	unclassified	chr2	220983160	221006842	7	23675	-	23695	23655	23621	13	27	34	60	0.999704	0.998563	0.996877	0
PBE28937_skip_2b89ea88_3b9ca4f8_8.pod5	9d417d74-6a8c-49ab-ae81-827939ef0e56	3b9ca4f88a42f77bab4ca6ec1b82bfcac9de0ade	2395	3	7170.63	49.9628	7170.77	49.8156	14304	30.0494	unclassified	chrX	51084214	51098518	6	14304	-	14317	14285	14269	13	19	16	60	0.999581	0.99888	0.996647	0
PBE28937_skip_2b89ea88_3b9ca4f8_8.pod5	c4b44740-752a-4ec3-9917-d95fb6709c1c	3b9ca4f88a42f77bab4ca6ec1b82bfcac9de0ade	1639	4	7126.97	92.858	7127.07	92.754	36313	25.9075	unclassified	chr16	67600589	67636894	0	36313	+	36389	36229	36193	84	76	36	60	1	0.999006	0.994614	0
PBE28937_skip_2b89ea88_3b9ca4f8_8.pod5	c91bb3bf-3abe-4543-be1c-a06b4521a55d	3b9ca4f88a42f77bab4ca6ec1b82bfcac9de0ade	853	3	7109.45	110.986	7109.46	110.984	43900	28.6521	unclassified	chr20	109359	153150	0	43863	-	43910	43744	43706	119	47	38	60	0.999157	0.999131	0.995354	0
PBE28937_skip_2b89ea88_3b9ca4f8_8.pod5	9979ed44-413b-4ef1-935a-d8db5ae93842	3b9ca4f88a42f77bab4ca6ec1b82bfcac9de0ade	1439	3	7220	1.5668	7220.09	1.482	679	26.1201	unclassified	chr10	20912795	20913368	107	678	-	573	571	571	0	2	0	60	0.840943	1	0.99651	0
PBE28937_skip_2b89ea88_3b9ca4f8_8.pod5	63dbc68b-ad9e-413a-9f97-11fffab88163	3b9ca4f88a42f77bab4ca6ec1b82bfcac9de0ade	1410	1	7212.5	9.1354	7212.5	9.1334	3769	30.3604	unclassified	chrX	2835788	2839515	35	3765	+	3732	3725	3724	5	2	1	60	0.989652	0.999732	0.997856	0
PBE28937_skip_2b89ea88_3b9ca4f8_8.pod5	d1d050f0-b125-4ab8-8e39-5c9426af0f98	3b9ca4f88a42f77bab4ca6ec1b82bfcac9de0ade	2683	2	7148.32	71.6148	7148.32	71.6128	27590	19.0183	unclassified	chr2	234558041	234585720	25	27584	+	27773	27465	27270	94	214	195	60	0.998876	0.9929	0.981889	0
PBE28937_skip_2b89ea88_3b9ca4f8_8.pod5	18a139da-d2bb-4969-825e-ccc4274d9b62	3b9ca4f88a42f77bab4ca6ec1b82bfcac9de0ade	1624	4	7198.2	23.42	7198.37	23.244	8692	24.5997	unclassified	chr8	71764119	71772808	7	8692	-	8702	8672	8649	13	17	23	60	0.999195	0.997348	0.993909	0
PBE28937_skip_2b89ea88_3b9ca4f8_8.pod5	ecf156b9-833e-4e70-b197-b0617c9b4a31	3b9ca4f88a42f77bab4ca6ec1b82bfcac9de0ade	697	2	7206.76	14.636	7206.87	14.5308	5936	29.6943	unclassified	chr8	105593210	105599145	0	5931	+	5938	5928	5925	3	7	3	60	0.999158	0.999494	0.997811	0
PBE28937_skip_2b89ea88_3b9ca4f8_8.pod5	868308c6-deb7-474b-ba06-d14d943c29ac	3b9ca4f88a42f77bab4ca6ec1b82bfcac9de0ade	630	3	7188.76	32.5424	7188.86	32.4468	14149	23.6178	unclassified	chr6	92161765	92175933	0	14143	+	14196	14115	14085	28	53	30	60	0.999576	0.997875	0.992181	0
PBE28937_skip_2b89ea88_3b9ca4f8_8.pod5	65cd88fd-9a48-4c68-822c-d9b746bf47ae	3b9ca4f88a42f77bab4ca6ec1b82bfcac9de0ade	2292	2	7189.01	32.5868	7189.11	32.4792	11933	29.5495	unclassified	chr12	65592302	65604224	0	11927	+	11941	11908	11886	19	14	22	60	0.999497	0.998152	0.995394	0
PBE28937_skip_2b89ea88_3b9ca4f8_8.pod5	55899e7e-b7c6-40b3-931e-31ab4dec698b	3b9ca4f88a42f77bab4ca6ec1b82bfcac9de0ade	1440	2	7210.94	10.2074	7210.94	10.2054	2179	2.70361	unclassified	*	-1	-1	-1	-1	*	0	0	0	0	0	0	0	0	0	0	0
PBE28937_skip_2b89ea88_3b9ca4f8_8.pod5	f728a480-473c-4ff9-ab4a-d73648a1524d	3b9ca4f88a42f77bab4ca6ec1b82bfcac9de0ade	2661	1	7215.65	5.6588	7215.74	5.5644	2361	18.4681	unclassified	chr11	124896344	124898703	6	2361	-	2368	2346	2324	9	13	22	60	0.997459	0.990622	0.981419	0
PBE28937_skip_2b89ea88_3b9ca4f8_8.pod5	8e342d72-4b8f-4a69-814a-aa8c51cc565c	3b9ca4f88a42f77bab4ca6ec1b82bfcac9de0ade	984	2	7201.98	19.628	7202.07	19.536	7856	25.3618	unclassified	chr3	184366378	184374242	0	7856	+	7880	7840	7825	16	24	15	60	1	0.998087	0.99302	0
PBE28937_skip_2b89ea88_3b9ca4f8_8.pod5	b583b89d-dc7c-4581-90de-26fcf719dad3	3b9ca4f88a42f77bab4ca6ec1b82bfcac9de0ade	2381	1	7216.65	4.826	7216.77	4.7076	1530	29.4814	unclassified	chr8	38403511	38405030	10	1530	-	1521	1518	1516	2	1	2	60	0.993464	0.998682	0.996713	0
PBE28937_skip_2b89ea88_3b9ca4f8_8.pod5	f80509b5-71e4-4bd4-a870-90ffd4098ab9	3b9ca4f88a42f77bab4ca6ec1b82bfcac9de0ade	2426	1	7106.14	113.911	7106.26	113.796	46386	28.5914	unclassified	chr2	228165664	228212100	11	46386	-	46461	46350	46261	25	86	89	60	0.999763	0.99808	0.995695	0
PBE28937_skip_2b89ea88_3b9ca4f8_8.pod5	075f9a91-5188-446a-8168-c589f5464ebf	3b9ca4f88a42f77bab4ca6ec1b82bfcac9de0ade	661	3	7221.66	1.6396	7221.66	1.6376	563	5.92382	unclassified	*	-1	-1	-1	-1	*	0	0	0	0	0	0	0	0	0	0	0
PBE28937_skip_2b89ea88_3b9ca4f8_8.pod5	f59a64b1-81c8-4965-bb73-024935e0e9d4	3b9ca4f88a42f77bab4ca6ec1b82bfcac9de0ade	812	4	7221.48	1.7824	7221.48	1.7804	422	2.98472	unclassified	*	-1	-1	-1	-1	*	0	0	0	0	0	0	0	0	0	0	0
PBE28937_skip_2b89ea88_3b9ca4f8_8.pod5	116ed7bc-b339-4fe7-ac2c-3e7f7a464b78	3b9ca4f88a42f77bab4ca6ec1b82bfcac9de0ade	746	4	7215.46	7.7984	7215.67	7.5864	3234	17.8685	unclassified	chr21	45734087	45737336	8	3234	-	3261	3214	3180	12	35	34	60	0.997526	0.989421	0.975161	0
PBE28937_skip_2b89ea88_3b9ca4f8_8.pod5	c7db449a-5b1e-43f8-a6c1-55fea505ae38	3b9ca4f88a42f77bab4ca6ec1b82bfcac9de0ade	1517	2	7176.6	44.7152	7176.85	44.4624	12645	27.1971	unclassified	chr4	56767476	56780143	8	12645	-	12701	12603	12589	34	64	14	60	0.999367	0.998889	0.991182	0
PBE28937_skip_2b89ea88_3b9ca4f8_8.pod5	927b5cba-1b13-450d-be36-ab86aa020b24	3b9ca4f88a42f77bab4ca6ec1b82bfcac9de0ade	2123	4	7180	40.4264	7180.09	40.3392	16554	27.5032	unclassified	chr20	62117817	62134346	5	16554	-	16571	16507	16471	42	22	36	60	0.999698	0.997819	0.993965	0
PBE28937_skip_2b89ea88_3b9ca4f8_8.pod5	dd8052c0-5582-461b-bec3-8fa641a91086	3b9ca4f88a42f77bab4ca6ec1b82bfcac9de0ade	2612	2	7192.98	28.1312	7193.06	28.0512	10491	31.6505	unclassified	chr8	98365377	98375872	7	10491	-	10502	10477	10468	7	18	9	60	0.999333	0.999141	0.996763	0
PBE28937_skip_2b89ea88_3b9ca4f8_8.pod5	1c7c84ae-bee0-4283-9f54-116e88a7deac	3b9ca4f88a42f77bab4ca6ec1b82bfcac9de0ade	1185	2	7127.5	93.6442	7127.5	93.6422	19465	2.96273	unclassified	*	-1	-1	-1	-1	*	0	0	0	0	0	0	0	0	0	0	0
PBE28937_skip_2b89ea88_3b9ca4f8_8.pod5	7afdc889-7def-4fd4-8256-b8b3efbcaca9	3b9ca4f88a42f77bab4ca6ec1b82bfcac9de0ade	2942	3	7210.6	12.4376	7210.71	12.3276	4589	21.0069	unclassified	chr11	88085851	88090452	0	4582	+	4611	4572	4554	10	29	18	60	0.998475	0.996063	0.987638	0
PBE28937_skip_2b89ea88_3b9ca4f8_8.pod5	783ab19d-2ce9-42ae-9b65-9328a492066d	3b9ca4f88a42f77bab4ca6ec1b82bfcac9de0ade	1346	1	7180.26	41.3432	7180.36	41.2416	16787	27.3585	unclassified	chr4	17070593	17087371	0	16780	+	16806	16752	16706	28	26	46	60	0.999583	0.997254	0.99405	0
PBE28937_skip_2b89ea88_3b9ca4f8_8.pod5	ac81f56e-a4ad-462c-897c-fdde32139d2c	3b9ca4f88a42f77bab4ca6ec1b82bfcac9de0ade	2596	4	7194.7	26.4176	7194.87	26.2416	7909	34.7708	unclassified	chr4	104798283	104806189	7	7909	-	7908	7900	7884	2	6	16	60	0.999115	0.997975	0.996965	0
PBE28937_skip_2b89ea88_3b9ca4f8_8.pod5	cc62d3fc-9308-4a11-bdd7-85f00cf38af1	3b9ca4f88a42f77bab4ca6ec1b82bfcac9de0ade	418	2	7204.76	19.0112	7204.87	18.9	7248	25.7663	unclassified	chrX	140089790	140097054	0	7248	+	7280	7232	7209	16	32	23	60	1	0.99682	0.990247	0
PBE28937_skip_2b89ea88_3b9ca4f8_8.pod5	e1aef69e-6591-471b-884a-1190f9ea233a	3b9ca4f88a42f77bab4ca6ec1b82bfcac9de0ade	428	2	7217.3	6.3984	7217.3	6.3964	1344	2.41812	unclassified	*	-1	-1	-1	-1	*	0	0	0	0	0	0	0	0	0	0	0
PBE28937_skip_2b89ea88_3b9ca4f8_8.pod5	e1adde47-bbcc-430a-9b2f-528e1bef0972	3b9ca4f88a42f77bab4ca6ec1b82bfcac9de0ade	379	2	7181.52	39.9128	7181.61	39.8184	16598	30.6271	unclassified	chr18	4630538	4647133	0	16592	+	16600	16587	16579	5	8	8	60	0.999638	0.999518	0.998735	0
PBE28937_skip_2b89ea88_3b9ca4f8_8.pod5	8ee1f615-f46a-4d49-a112-40372644c1de	3b9ca4f88a42f77bab4ca6ec1b82bfcac9de0ade	2710	4	7166.65	55.7948	7166.76	55.6908	25147	30.8282	unclassified	chrY	11291408	11295981	0	4671	+	4996	4248	3813	423	325	435	38	0.185748	0.897599	0.763211	0
PBE28937_skip_2b89ea88_3b9ca4f8_8.pod5	8aeee683-ed40-450a-bec1-5a11f855411b	3b9ca4f88a42f77bab4ca6ec1b82bfcac9de0ade	1364	4	7216.65	6.9796	7216.66	6.9776	1347	2.22845	unclassified	*	-1	-1	-1	-1	*	0	0	0	0	0	0	0	0	0	0	0
PBE28937_skip_2b89ea88_3b9ca4f8_8.pod5	7011626b-ac11-4d42-a142-70a9947d45da	3b9ca4f88a42f77bab4ca6ec1b82bfcac9de0ade	2108	4	7177.15	43.4324	7177.22	43.3524	17519	20.5814	unclassified	chr7	3758523	3775863	0	17513	+	17542	17311	17287	202	29	24	60	0.999658	0.998614	0.985463	0
PBE28937_skip_2b89ea88_3b9ca4f8_8.pod5	1bd53efd-17db-4a41-868c-3d375faf765f	3b9ca4f88a42f77bab4ca6ec1b82bfcac9de0ade	662	3	7192.81	30.8504	7192.9	30.7512	11962	26.539	unclassified	chr6	25182879	25194824	6	11962	-	11970	11931	11905	25	14	26	60	0.999498	0.997821	0.99457	0
PBE28937_skip_2b89ea88_3b9ca4f8_8.pod5	c1f1fb2a-9b39-48e9-933c-fc838bca98e8	3b9ca4f88a42f77bab4ca6ec1b82bfcac9de0ade	797	3	7193.22	30.3668	7193.31	30.2676	11986	25.6825	unclassified	chr10	113569968	113581932	14	11986	-	11989	11947	11918	25	17	29	60	0.998832	0.997573	0.994078	0
PBE28937_skip_2b89ea88_3b9ca4f8_8.pod5	11771b3a-5651-4749-ae5c-829f51dc62b3	3b9ca4f88a42f77bab4ca6ec1b82bfcac9de0ade	1402	1	7189.49	33.8792	7189.64	33.7272	10376	29.762	unclassified	chr6	123703294	123713661	7	10376	-	10377	10359	10344	10	8	15	60	0.999325	0.998552	0.99682	0
PBE28937_skip_2b89ea88_3b9ca4f8_8.pod5	ace0fd8d-562e-441e-8637-928fc3ce1788	3b9ca4f88a42f77bab4ca6ec1b82bfcac9de0ade	1928	3	7169.67	51.2276	7169.76	51.132	22815	27.2133	unclassified	chr8	105077583	105100380	8	22815	-	22845	22759	22701	48	38	58	60	0.999649	0.997452	0.993697	0
PBE28937_skip_2b89ea88_3b9ca4f8_8.pod5	8f8736c2-4b55-4f4d-b230-1530f10cc9c2	3b9ca4f88a42f77bab4ca6ec1b82bfcac9de0ade	2398	1	7213.96	9.248	7213.96	9.246	2240	2.95112	unclassified	*	-1	-1	-1	-1	*	0	0	0	0	0	0	0	0	0	0	0
PBE28937_skip_2b89ea88_3b9ca4f8_8.pod5	6e75b8b4-9e59-42f9-9c6e-2d4c6313a85a	3b9ca4f88a42f77bab4ca6ec1b82bfcac9de0ade	2288	1	7193.33	28.0208	7193.5	27.8568	10798	26.2237	unclassified	chr19	48006788	48017591	0	10798	+	10828	10773	10750	25	30	23	60	1	0.997865	0.992796	0
PBE28937_skip_2b89ea88_3b9ca4f8_8.pod5	41cec61a-2fbd-4206-ba4f-1c072018e68c	3b9ca4f88a42f77bab4ca6ec1b82bfcac9de0ade	2156	1	7218.17	5.1968	7218.17	5.1948	1680	8.07447	unclassified	chr1	191998012	191999712	39	1670	+	1774	1557	1428	74	143	129	53	0.970833	0.917148	0.804961	0
PBE28937_skip_2b89ea88_3b9ca4f8_8.pod5	a81c6365-b23e-4218-ade9-66d49dc32be9	3b9ca4f88a42f77bab4ca6ec1b82bfcac9de0ade	2211	4	7164.89	56.375	7164.89	56.373	22763	14.358	unclassified	chr11	24463058	24485880	10	22740	-	23086	22466	22027	264	356	439	60	0.99855	0.980459	0.954128	0
PBE28937_skip_2b89ea88_3b9ca4f8_8.pod5	1608a264-1612-4e05-9fcc-928201228a1d	3b9ca4f88a42f77bab4ca6ec1b82bfcac9de0ade	1586	4	7178.17	45.1436	7178.26	45.0516	20433	28.3477	unclassified	chr6	149578231	149598667	0	20426	+	20463	20399	20365	27	37	34	60	0.999657	0.998333	0.995211	0
PBE28937_skip_2b89ea88_3b9ca4f8_8.pod5	4da09bdf-f5c8-499b-962d-5160fec364aa	3b9ca4f88a42f77bab4ca6ec1b82bfcac9de0ade	2099	2	7160.42	60.4384	7160.42	60.4364	24537	11.3399	unclassified	chr3	83105331	83130292	38	24537	+	25411	24049	23015	450	912	1034	60	0.998451	0.957004	0.90571	0
PBE28937_skip_2b89ea88_3b9ca4f8_8.pod5	e82878a8-dbe2-4691-8ddc-8658b5f94d68	3b9ca4f88a42f77bab4ca6ec1b82bfcac9de0ade	149	2	7215.19	8.9048	7215.28	8.8176	4976	22.0269	unclassified	chr12	7305407	7310390	7	4976	-	4990	4962	4945	7	21	17	60	0.998593	0.996574	0.990982	0
PBE28937_skip_2b89ea88_3b9ca4f8_8.pod5	90c07e80-7d20-4d2f-b908-8457d2e18622	3b9ca4f88a42f77bab4ca6ec1b82bfcac9de0ade	1091	4	7125.81	94.9232	7125.93	94.8	37390	28.0147	unclassified	chr11	44713184	44750577	0	37385	+	37468	37310	37239	75	83	71	60	0.999866	0.998097	0.993888	0
PBE28937_skip_2b89ea88_3b9ca4f8_8.pod5	adb40cea-3a45-4532-92f3-3c4b1807f714	3b9ca4f88a42f77bab4ca6ec1b82bfcac9de0ade	2098	1	7159.54	61.1238	7159.54	61.1218	24732	28.7511	unclassified	chr12	116202348	116227031	31	24726	+	24715	24663	24636	32	20	27	60	0.998504	0.998905	0.996804	0
PBE28937_skip_2b89ea88_3b9ca4f8_8.pod5	26e0a5e2-707f-4dc7-a6ae-c8de9436578f	3b9ca4f88a42f77bab4ca6ec1b82bfcac9de0ade	531	3	7200.03	23.7124	7200.03	23.7104	10876	23.8286	unclassified	chr8	60675053	60685921	28	10876	+	10896	10820	10792	28	48	28	60	0.997425	0.997412	0.990455	0
PBE28937_skip_2b89ea88_3b9ca4f8_8.pod5	4dff770a-011e-45ab-b460-5fba58da1f0e	3b9ca4f88a42f77bab4ca6ec1b82bfcac9de0ade	2119	2	7111.39	109.309	7111.47	109.226	47854	28.2885	unclassified	chr13	80325806	80373725	6	47854	-	47990	47777	47720	71	142	57	60	0.999875	0.998807	0.994374	0
PBE28937_skip_2b89ea88_3b9ca4f8_8.pod5	4fb2e428-c999-4a59-a501-38f874da1e11	3b9ca4f88a42f77bab4ca6ec1b82bfcac9de0ade	1042	1	7184.28	39.4328	7184.42	39.2916	14826	28.0657	unclassified	chr7	33259291	33274124	4	14826	-	14840	14815	14798	7	18	17	60	0.99973	0.998852	0.99717	0
PBE28937_skip_2b89ea88_3b9ca4f8_8.pod5	97e29027-2a39-4af1-83e9-eec835b430e2	3b9ca4f88a42f77bab4ca6ec1b82bfcac9de0ade	573	1	7164.41	58.898	7164.57	58.7364	23781	27.6673	unclassified	chr5	135647161	135670945	7	23781	-	23804	23754	23705	20	30	49	60	0.999706	0.997937	0.995841	0
PBE28937_skip_2b89ea88_3b9ca4f8_8.pod5	38d7da60-4f81-4e02-9405-375b10ebe8da	3b9ca4f88a42f77bab4ca6ec1b82bfcac9de0ade	359	1	7202.85	20.972	7202.97	20.8488	8637	31.5647	unclassified	chr2	51937394	51946022	7	8637	-	8635	8623	8604	7	5	19	60	0.99919	0.997797	0.99641	0
PBE28937_skip_2b89ea88_3b9ca4f8_8.pod5	45fc56e7-1e7d-41e2-a43b-91fee375834c	3b9ca4f88a42f77bab4ca6ec1b82bfcac9de0ade	487	1	7188.58	35.3828	7188.76	35.202	12489	33.2309	unclassified	chr4	137966223	137978712	0	12489	-	12495	12483	12478	6	6	5	60	1	0.999599	0.998639	0
PBE28937_skip_2b89ea88_3b9ca4f8_8.pod5	8f601bc5-7061-4ebe-87ab-9bbb5bfa4ba5	3b9ca4f88a42f77bab4ca6ec1b82bfcac9de0ade	2346	4	7217.42	6.2476	7217.42	6.2456	1610	3.14266	unclassified	*	-1	-1	-1	-1	*	0	0	0	0	0	0	0	0	0	0	0
PBE28937_skip_2b89ea88_3b9ca4f8_8.pod5	4c4d04d2-98fa-44c5-bcae-02545b7a7600	3b9ca4f88a42f77bab4ca6ec1b82bfcac9de0ade	1212	3	7187.85	35.9196	7187.85	35.9176	14099	22.2409	unclassified	chr19	14207814	14221913	15	14074	-	14184	13974	13882	85	125	92	60	0.997163	0.993416	0.978708	0
PBE28937_skip_2b89ea88_3b9ca4f8_8.pod5	3c44e41e-75a8-498d-b072-cc1111c62481	3b9ca4f88a42f77bab4ca6ec1b82bfcac9de0ade	722	3	7194.25	29.0746	7194.25	29.0726	12439	21.8564	unclassified	chr19	14691943	14704375	8	12407	-	12480	12351	12296	48	81	55	60	0.996784	0.995547	0.985256	0
PBE28937_skip_2b89ea88_3b9ca4f8_8.pod5	eb5ea62f-c33c-4134-8705-4a4ffc93c12f	3b9ca4f88a42f77bab4ca6ec1b82bfcac9de0ade	1843	3	7181.03	42.1732	7181.03	42.1712	18876	14.5995	unclassified	chr10	26676820	26695812	26	18871	+	19215	18622	18261	223	370	361	60	0.998358	0.980614	0.950351	0
PBE28937_skip_2b89ea88_3b9ca4f8_8.pod5	de33d95e-0437-4adf-b330-ba2b29bdc979	3b9ca4f88a42f77bab4ca6ec1b82bfcac9de0ade	2087	3	7190.32	33.3956	7190.41	33.3036	13864	28.8405	unclassified	chr7	158988518	159002328	0	13857	+	13886	13781	13716	76	29	65	60	0.999495	0.995283	0.987757	0
PBE28937_skip_2b89ea88_3b9ca4f8_8.pod5	89cbf210-6ebc-4b88-948c-9530a1e656a4	3b9ca4f88a42f77bab4ca6ec1b82bfcac9de0ade	2748	1	7216.48	7.0172	7216.48	7.0152	2713	8.71172	unclassified	chr16	61238262	61241013	37	2704	+	2844	2574	2392	93	177	182	60	0.983045	0.929293	0.841069	0
PBE28937_skip_2b89ea88_3b9ca4f8_8.pod5	e62f9790-5937-4aef-9097-6f23d7324323	3b9ca4f88a42f77bab4ca6ec1b82bfcac9de0ade	1050	1	7197.58	26.4272	7197.71	26.304	12073	21.4644	unclassified	chr5	59293102	59305200	0	12066	+	12122	12042	11990	24	56	52	60	0.99942	0.995682	0.989111	0
PBE28937_skip_2b89ea88_3b9ca4f8_8.pod5	631c7750-b2a2-4856-91f8-e7fe106af667	3b9ca4f88a42f77bab4ca6ec1b82bfcac9de0ade	1562	4	7151.77	71.5076	7151.89	71.3916	29357	26.7857	unclassified	chr1	25932448	25961811	10	29357	+	29393	29317	29249	30	46	68	60	0.999659	0.997681	0.995101	0
PBE28937_skip_2b89ea88_3b9ca4f8_8.pod5	c39a45b0-c33c-4d39-9f50-458b7f5c225a	3b9ca4f88a42f77bab4ca6ec1b82bfcac9de0ade	2695	1	7214.59	9.03	7214.59	9.028	3895	30.6213	unclassified	chr10	42076914	42081375	10	3867	-	5089	3229	3137	628	1232	92	60	0.990244	0.971508	0.616428	0
PBE28937_skip_2b89ea88_3b9ca4f8_8.pod5	505c3ca8-e50d-4beb-bb8c-b81c124618e1	3b9ca4f88a42f77bab4ca6ec1b82bfcac9de0ade	828	1	7205.84	17.984	7205.93	17.8896	7635	32.4466	unclassified	chr7	129178429	129186057	7	7635	-	7634	7622	7614	6	6	8	60	0.999083	0.99895	0.99738	0
PBE28937_skip_2b89ea88_3b9ca4f8_8.pod5	ab4676b1-92b0-4be6-a089-c817245b7a95	3b9ca4f88a42f77bab4ca6ec1b82bfcac9de0ade	246	4	7136.64	87.0816	7136.64	87.0796	32578	10.3562	unclassified	chr2	77213321	77246265	9	32534	-	33864	31605	30028	920	1339	1577	60	0.998373	0.950103	0.886723	0
PBE28937_skip_2b89ea88_3b9ca4f8_8.pod5	f68c8709-7872-4c51-84c1-16c1627656b3	3b9ca4f88a42f77bab4ca6ec1b82bfcac9de0ade	329	2	7212.49	11.666	7212.6	11.5656	4620	29.5345	unclassified	chr3	187761735	187766343	6	4620	-	4614	4608	4601	6	0	7	60	0.998701	0.998481	0.997182	0
PBE28937_skip_2b89ea88_3b9ca4f8_8.pod5	b1111488-58b7-4869-99b9-286bf46cf277	3b9ca4f88a42f77bab4ca6ec1b82bfcac9de0ade	2473	3	7185.35	38.3288	7185.64	38.0364	9536	27.2542	unclassified	chr11	111869044	111878593	4	9535	-	9559	9521	9510	10	28	11	60	0.999476	0.998845	0.994874	0
PBE28937_skip_2b89ea88_3b9ca4f8_8.pod5	2c2f191b-6414-4f09-9d0e-6cac91cb58fc	3b9ca4f88a42f77bab4ca6ec1b82bfcac9de0ade	1885	1	7184.6	39.0704	7184.71	38.9568	19654	26.6828	unclassified	chr12	7811831	7831405	3	19654	-	19692	19533	19449	118	41	84	60	0.999847	0.9957	0.98766	0
PBE28937_skip_2b89ea88_3b9ca4f8_8.pod5	8c71b3fc-ae34-4938-9ed6-b490f8b736db	3b9ca4f88a42f77bab4ca6ec1b82bfcac9de0ade	2716	3	7185.47	36.0812	7185.59	35.9616	13186	19.2193	unclassified	chr2	44198021	44211316	1	13186	-	13338	13142	13049	43	153	93	60	0.999924	0.992923	0.978333	0
PBE28937_skip_2b89ea88_3b9ca4f8_8.pod5	0abfa3f3-f288-4d73-937e-b6e6671b34b8	3b9ca4f88a42f77bab4ca6ec1b82bfcac9de0ade	2587	4	7135.85	87.1568	7135.93	87.0816	42549	25.9222	unclassified	chr1	233975143	234017720	0	42543	+	42629	42491	42349	52	86	142	60	0.999859	0.996658	0.993432	0
PBE28937_skip_2b89ea88_3b9ca4f8_8.pod5	de5bfe5b-641f-44cb-99c9-0c30fe39976a	3b9ca4f88a42f77bab4ca6ec1b82bfcac9de0ade	2595	3	7215.67	8.193	7215.67	8.191	2776	27.5286	unclassified	chr12	90663696	90666433	36	2771	+	2739	2733	2732	2	4	1	60	0.985231	0.999634	0.997444	0
PBE28937_skip_2b89ea88_3b9ca4f8_8.pod5	52c8d513-4568-46d6-9ef8-59bdba42ec71	3b9ca4f88a42f77bab4ca6ec1b82bfcac9de0ade	1720	4	7202.79	20.9642	7202.79	20.9622	8567	28.6337	unclassified	chr9	32605899	32614425	44	8561	+	8535	8508	8502	9	18	6	60	0.994164	0.999295	0.996134	0
PBE28937_skip_2b89ea88_3b9ca4f8_8.pod5	63e6b229-0970-4afb-b7a4-e806c6244cbd	3b9ca4f88a42f77bab4ca6ec1b82bfcac9de0ade	2668	1	7189.04	34.2944	7189.17	34.1664	13753	32.1899	unclassified	chr1	77086486	77100230	0	13750	+	13756	13738	13734	12	6	4	60	0.999782	0.999709	0.998401	0
PBE28937_skip_2b89ea88_3b9ca4f8_8.pod5	a776703d-73b7-4a58-a28a-de946ad5ba67	3b9ca4f88a42f77bab4ca6ec1b82bfcac9de0ade	2526	3	7218.59	5.3708	7218.73	5.2356	2869	27.0937	unclassified	chr17	44664095	44666969	0	2869	-	2874	2869	2864	0	5	5	60	1	0.998257	0.996521	0
PBE28937_skip_2b89ea88_3b9ca4f8_8.pod5	67130731-93e3-4633-a263-0ab9f9343274	3b9ca4f88a42f77bab4ca6ec1b82bfcac9de0ade	2054	4	7192.92	30.7272	7192.92	30.7252	12874	27.2215	unclassified	chr8	29555766	29568609	29	12866	+	12851	12829	12813	8	14	16	60	0.997126	0.998753	0.997043	0
PBE28937_skip_2b89ea88_3b9ca4f8_8.pod5	a69cf819-417c-4ceb-9cf4-dc697a341db7	3b9ca4f88a42f77bab4ca6ec1b82bfcac9de0ade	2379	4	7218.11	3.0596	7218.23	2.9424	1158	29.9315	unclassified	chr10	74950911	74952071	1	1158	+	1161	1156	1155	1	4	1	60	0.999136	0.999135	0.994832	0
PBE28937_skip_2b89ea88_3b9ca4f8_8.pod5	e8dc50cf-7b1a-4aa1-ace1-400adf98f9b3	3b9ca4f88a42f77bab4ca6ec1b82bfcac9de0ade	544	3	7206.67	17.492	7206.86	17.304	7441	23.7113	unclassified	chr7	110170575	110178013	0	7440	+	7460	7418	7403	22	20	15	60	0.999866	0.997978	0.992359	0
PBE28937_skip_2b89ea88_3b9ca4f8_8.pod5	d356dcc6-35ab-424c-bd21-927855d7f245	3b9ca4f88a42f77bab4ca6ec1b82bfcac9de0ade	1238	3	7212.98	11.1696	7212.98	11.1676	2189	2.71973	unclassified	*	-1	-1	-1	-1	*	0	0	0	0	0	0	0	0	0	0	0
PBE28937_skip_2b89ea88_3b9ca4f8_8.pod5	89625ff8-b11b-4977-805e-7681a081ceab	3b9ca4f88a42f77bab4ca6ec1b82bfcac9de0ade	2330	2	7203.7	20.3096	7203.7	20.3076	5748	12.8638	unclassified	chr13	17645997	17651765	8	5714	-	5827	5647	5348	59	121	299	1	0.992693	0.947052	0.917796	0
PBE28937_skip_2b89ea88_3b9ca4f8_8.pod5	611a8cd3-51c8-4d25-ad82-2fac1d7b1bbe	3b9ca4f88a42f77bab4ca6ec1b82bfcac9de0ade	553	3	7190	34.1036	7190.15	33.9528	14077	28.8456	unclassified	chr16	57614694	57628763	0	14071	+	14088	14052	14023	19	17	29	60	0.999574	0.997936	0.995386	0
PBE28937_skip_2b89ea88_3b9ca4f8_8.pod5	116c6e82-5093-4042-8df9-69e3f31757a0	3b9ca4f88a42f77bab4ca6ec1b82bfcac9de0ade	1577	3	7182.2	31.0412	7182.6	30.642	11226	30.9208	unclassified	chr3	139002002	139013207	0	11226	-	11235	11196	11173	30	9	23	60	1	0.997946	0.994482	0
PBE28937_skip_2b89ea88_3b9ca4f8_8.pod5	0098150e-7354-481e-b334-56823f5c6a74	3b9ca4f88a42f77bab4ca6ec1b82bfcac9de0ade	1981	4	7184.34	39.5312	7184.41	39.4632	17209	28.2212	unclassified	chr2	201049912	201067125	6	17209	-	17223	17193	17177	10	20	16	60	0.999651	0.999069	0.997329	0
PBE28937_skip_2b89ea88_3b9ca4f8_8.pod5	1857a70b-fddd-49eb-bb6a-420c04a548e2	3b9ca4f88a42f77bab4ca6ec1b82bfcac9de0ade	1844	4	7214.22	10.1816	7214.37	10.0368	3732	25.9619	unclassified	chr12	43209536	43213268	9	3732	-	3736	3719	3709	4	13	10	60	0.997588	0.997311	0.992773	0
PBE28937_skip_2b89ea88_3b9ca4f8_8.pod5	cbf2829d-770a-4ede-9a8a-9e542c49458b	3b9ca4f88a42f77bab4ca6ec1b82bfcac9de0ade	342	1	7200.3	24.2864	7200.43	24.1632	9916	29.8371	unclassified	chr9	87322368	87332280	0	9911	+	9926	9897	9879	14	15	18	60	0.999496	0.998181	0.995265	0
PBE28937_skip_2b89ea88_3b9ca4f8_8.pod5	b6517ab6-34fe-419d-b7be-70317b2e4669	3b9ca4f88a42f77bab4ca6ec1b82bfcac9de0ade	2051	3	7197.68	26.7212	7197.84	26.5644	10888	24.952	unclassified	chr10	37434179	37445071	7	10888	-	10910	10863	10845	18	29	18	60	0.999357	0.998343	0.994042	0
PBE28937_skip_2b89ea88_3b9ca4f8_8.pod5	8e981c58-4c3c-46bf-873f-2d704f90dfff	3b9ca4f88a42f77bab4ca6ec1b82bfcac9de0ade	2983	4	7190.56	33.0502	7190.56	33.0482	12899	27.6533	unclassified	chr2	73663280	73676141	32	12896	+	12877	12848	12812	16	13	36	60	0.997287	0.997198	0.994952	0
PBE28937_skip_2b89ea88_3b9ca4f8_8.pod5	41be3ec7-a9ab-43c0-b449-f93b1aa3a5ad	3b9ca4f88a42f77bab4ca6ec1b82bfcac9de0ade	226	3	7180.88	38.6336	7180.88	38.6316	16467	14.9016	unclassified	chr3	155330112	155345664	802	16437	-	15796	15391	15276	244	161	115	60	0.949475	0.992528	0.96708	0
PBE28937_skip_2b89ea88_3b9ca4f8_8.pod5	6445674d-0648-4b09-8158-ae6d2878fbb2	3b9ca4f88a42f77bab4ca6ec1b82bfcac9de0ade	278	2	7149.64	73.9448	7149.81	73.7748	30123	28.5609	unclassified	chr7	150048214	150078317	7	30123	-	30137	30082	30015	34	21	67	60	0.999768	0.997773	0.995952	0
PBE28937_skip_2b89ea88_3b9ca4f8_8.pod5	3611152f-632b-4130-8728-6447ed8c8f79	3b9ca4f88a42f77bab4ca6ec1b82bfcac9de0ade	2357	2	7222.99	1.4396	7223.25	1.1772	244	16.8352	unclassified	chrX	7311577	7311809	12	244	-	232	232	232	0	0	0	60	0.95082	1	1	0
PBE28937_skip_2b89ea88_3b9ca4f8_8.pod5	64830346-3427-4de5-99da-855e4fb16a42	3b9ca4f88a42f77bab4ca6ec1b82bfcac9de0ade	2615	1	7223.19	1.2894	7223.19	1.2874	351	22.7514	unclassified	chr9	92376665	92377013	3	351	-	348	348	348	0	0	0	60	0.991453	1	1	0
PBE28937_skip_2b89ea88_3b9ca4f8_8.pod5	96fee53c-2c72-40dd-98dd-d0e32b7dd08d	3b9ca4f88a42f77bab4ca6ec1b82bfcac9de0ade	1953	4	7211.25	13.2752	7211.37	13.1616	5041	33.1905	unclassified	chr5	4153937	4158977	6	5041	-	5043	5032	5029	3	8	3	60	0.99881	0.999404	0.997224	0
